dataset_id,subject,raw_file,window_seconds,window_index,start_seconds,task_condition,task_annotation,trained_on_dataset,assigned_state,posterior_confidence,log_likelihood,low_confidence_unknown
eegmmidb,S001,data/eegmmidb/S001/S001R01.edf,8,0,0.0,eyes_open_rest,T0,ds005284,0,1.0,-48.03500348835317,True
eegmmidb,S001,data/eegmmidb/S001/S001R01.edf,8,1,8.0,eyes_open_rest,T0,ds005284,0,1.0,-41.01038021781136,True
eegmmidb,S001,data/eegmmidb/S001/S001R01.edf,8,2,16.0,eyes_open_rest,T0,ds005284,0,1.0,-46.32259576954023,True
eegmmidb,S001,data/eegmmidb/S001/S001R01.edf,8,3,24.0,eyes_open_rest,T0,ds005284,0,1.0,-48.838395007981504,True
eegmmidb,S001,data/eegmmidb/S001/S001R01.edf,8,4,32.0,eyes_open_rest,T0,ds005284,0,0.9999999999999929,-44.4916838786827,True
eegmmidb,S001,data/eegmmidb/S001/S001R01.edf,8,5,40.0,eyes_open_rest,T0,ds005284,0,1.0,-42.082175122995324,True
eegmmidb,S001,data/eegmmidb/S001/S001R01.edf,8,6,48.0,eyes_open_rest,T0,ds005284,0,1.0,-43.90680619588914,True
eegmmidb,S001,data/eegmmidb/S001/S001R02.edf,8,0,0.0,eyes_closed_rest,T0,ds005284,0,0.999998838330178,-128.6059119587382,True
eegmmidb,S001,data/eegmmidb/S001/S001R02.edf,8,1,8.0,eyes_closed_rest,T0,ds005284,2,0.9999999999941167,-153.30651255573005,True
eegmmidb,S001,data/eegmmidb/S001/S001R02.edf,8,2,16.0,eyes_closed_rest,T0,ds005284,2,1.0,-158.46974504662904,True
eegmmidb,S001,data/eegmmidb/S001/S001R02.edf,8,3,24.0,eyes_closed_rest,T0,ds005284,2,1.0,-228.83108779948492,True
eegmmidb,S001,data/eegmmidb/S001/S001R02.edf,8,4,32.0,eyes_closed_rest,T0,ds005284,2,1.0,-165.28288197048727,True
eegmmidb,S001,data/eegmmidb/S001/S001R02.edf,8,5,40.0,eyes_closed_rest,T0,ds005284,2,1.0,-236.63185368817943,True
eegmmidb,S001,data/eegmmidb/S001/S001R02.edf,8,6,48.0,eyes_closed_rest,T0,ds005284,2,1.0,-216.85582962751795,True
eegmmidb,S001,data/eegmmidb/S001/S001R03.edf,8,0,0.0,motor_execution,T0,ds005284,0,1.0,-35.312692850111134,True
eegmmidb,S001,data/eegmmidb/S001/S001R03.edf,8,1,8.0,motor_execution,T0,ds005284,0,1.0,-48.44818971646596,True
eegmmidb,S001,data/eegmmidb/S001/S001R03.edf,8,2,16.0,motor_execution,T0,ds005284,0,1.0,-38.11964829990943,True
eegmmidb,S001,data/eegmmidb/S001/S001R03.edf,8,3,24.0,motor_execution,T0,ds005284,0,1.0,-43.59301035427385,True
eegmmidb,S001,data/eegmmidb/S001/S001R03.edf,8,4,32.0,motor_execution,T0,ds005284,0,1.0,-41.05702440375596,True
eegmmidb,S001,data/eegmmidb/S001/S001R03.edf,8,5,40.0,motor_execution,T0,ds005284,0,1.0,-45.149943106258085,True
eegmmidb,S001,data/eegmmidb/S001/S001R03.edf,8,6,48.0,motor_execution,T0,ds005284,0,1.0,-37.062278789981235,True
eegmmidb,S001,data/eegmmidb/S001/S001R03.edf,8,7,56.0,motor_execution,T0,ds005284,0,1.0,-45.445757866134244,True
eegmmidb,S001,data/eegmmidb/S001/S001R03.edf,8,8,64.0,motor_execution,T0,ds005284,0,1.0,-43.72029341770601,True
eegmmidb,S001,data/eegmmidb/S001/S001R03.edf,8,9,72.0,motor_execution,T0,ds005284,0,1.0,-45.35641367399792,True
eegmmidb,S001,data/eegmmidb/S001/S001R03.edf,8,10,80.0,motor_execution,T0,ds005284,0,1.0,-44.360853017064464,True
eegmmidb,S001,data/eegmmidb/S001/S001R03.edf,8,11,88.0,motor_execution,T0,ds005284,0,1.0,-68.7971786629219,True
eegmmidb,S001,data/eegmmidb/S001/S001R03.edf,8,12,96.0,motor_execution,T0,ds005284,0,1.0,-50.2704138424082,True
eegmmidb,S001,data/eegmmidb/S001/S001R03.edf,8,13,104.0,motor_execution,T0,ds005284,0,1.0,-54.0119701424201,True
eegmmidb,S001,data/eegmmidb/S001/S001R03.edf,8,14,112.0,motor_execution,T2,ds005284,0,1.0,-47.674746131530775,True
eegmmidb,S001,data/eegmmidb/S001/S001R04.edf,8,0,0.0,motor_imagery,T0,ds005284,0,1.0,-49.15594889135903,True
eegmmidb,S001,data/eegmmidb/S001/S001R04.edf,8,1,8.0,motor_imagery,T0,ds005284,0,1.0,-47.44003008885025,True
eegmmidb,S001,data/eegmmidb/S001/S001R04.edf,8,2,16.0,motor_imagery,T0,ds005284,0,1.0,-39.094107329647954,True
eegmmidb,S001,data/eegmmidb/S001/S001R04.edf,8,3,24.0,motor_imagery,T0,ds005284,0,1.0,-49.151963373982376,True
eegmmidb,S001,data/eegmmidb/S001/S001R04.edf,8,4,32.0,motor_imagery,T0,ds005284,0,1.0,-41.754282688396344,True
eegmmidb,S001,data/eegmmidb/S001/S001R04.edf,8,5,40.0,motor_imagery,T0,ds005284,0,1.0,-45.27600930772314,True
eegmmidb,S001,data/eegmmidb/S001/S001R04.edf,8,6,48.0,motor_imagery,T0,ds005284,0,1.0,-56.56299302833328,True
eegmmidb,S001,data/eegmmidb/S001/S001R04.edf,8,7,56.0,motor_imagery,T0,ds005284,0,1.0,-53.092802560957956,True
eegmmidb,S001,data/eegmmidb/S001/S001R04.edf,8,8,64.0,motor_imagery,T0,ds005284,0,1.0,-53.14477653588197,True
eegmmidb,S001,data/eegmmidb/S001/S001R04.edf,8,9,72.0,motor_imagery,T0,ds005284,0,1.0,-46.66791349146715,True
eegmmidb,S001,data/eegmmidb/S001/S001R04.edf,8,10,80.0,motor_imagery,T0,ds005284,0,1.0,-52.01262025276816,True
eegmmidb,S001,data/eegmmidb/S001/S001R04.edf,8,11,88.0,motor_imagery,T0,ds005284,0,1.0,-51.63289001983057,True
eegmmidb,S001,data/eegmmidb/S001/S001R04.edf,8,12,96.0,motor_imagery,T0,ds005284,0,1.0,-44.33047177581936,True
eegmmidb,S001,data/eegmmidb/S001/S001R04.edf,8,13,104.0,motor_imagery,T0,ds005284,0,1.0,-52.44805576956122,True
eegmmidb,S001,data/eegmmidb/S001/S001R04.edf,8,14,112.0,motor_imagery,T2,ds005284,0,1.0,-46.00102867875645,True
eegmmidb,S001,data/eegmmidb/S001/S001R07.edf,8,0,0.0,motor_execution,T0,ds005284,0,1.0,-39.500887166796076,True
eegmmidb,S001,data/eegmmidb/S001/S001R07.edf,8,1,8.0,motor_execution,T0,ds005284,0,1.0,-43.24595101284367,True
eegmmidb,S001,data/eegmmidb/S001/S001R07.edf,8,2,16.0,motor_execution,T0,ds005284,0,1.0,-54.52648087259956,True
eegmmidb,S001,data/eegmmidb/S001/S001R07.edf,8,3,24.0,motor_execution,T0,ds005284,0,1.0,-58.40667038183091,True
eegmmidb,S001,data/eegmmidb/S001/S001R07.edf,8,4,32.0,motor_execution,T0,ds005284,0,1.0,-61.02605246834658,True
eegmmidb,S001,data/eegmmidb/S001/S001R07.edf,8,5,40.0,motor_execution,T0,ds005284,0,1.0,-57.71515367364497,True
eegmmidb,S001,data/eegmmidb/S001/S001R07.edf,8,6,48.0,motor_execution,T0,ds005284,0,1.0,-47.393748718372464,True
eegmmidb,S001,data/eegmmidb/S001/S001R07.edf,8,7,56.0,motor_execution,T0,ds005284,0,1.0,-51.55702806828296,True
eegmmidb,S001,data/eegmmidb/S001/S001R07.edf,8,8,64.0,motor_execution,T0,ds005284,0,1.0,-45.47951034457249,True
eegmmidb,S001,data/eegmmidb/S001/S001R07.edf,8,9,72.0,motor_execution,T0,ds005284,0,1.0,-52.79547829627283,True
eegmmidb,S001,data/eegmmidb/S001/S001R07.edf,8,10,80.0,motor_execution,T0,ds005284,0,1.0,-57.05558526706465,True
eegmmidb,S001,data/eegmmidb/S001/S001R07.edf,8,11,88.0,motor_execution,T0,ds005284,0,1.0,-44.49233936604366,True
eegmmidb,S001,data/eegmmidb/S001/S001R07.edf,8,12,96.0,motor_execution,T0,ds005284,0,1.0,-50.377709497669336,True
eegmmidb,S001,data/eegmmidb/S001/S001R07.edf,8,13,104.0,motor_execution,T0,ds005284,0,1.0,-51.09928000639971,True
eegmmidb,S001,data/eegmmidb/S001/S001R07.edf,8,14,112.0,motor_execution,T1,ds005284,0,1.0,-45.4668958534202,True
eegmmidb,S001,data/eegmmidb/S001/S001R08.edf,8,0,0.0,motor_imagery,T0,ds005284,0,1.0,-44.60407088489927,True
eegmmidb,S001,data/eegmmidb/S001/S001R08.edf,8,1,8.0,motor_imagery,T0,ds005284,0,1.0,-43.91541017058909,True
eegmmidb,S001,data/eegmmidb/S001/S001R08.edf,8,2,16.0,motor_imagery,T0,ds005284,0,1.0,-47.52823064788977,True
eegmmidb,S001,data/eegmmidb/S001/S001R08.edf,8,3,24.0,motor_imagery,T0,ds005284,0,1.0,-40.57188083032934,True
eegmmidb,S001,data/eegmmidb/S001/S001R08.edf,8,4,32.0,motor_imagery,T0,ds005284,0,1.0,-44.87234968298011,True
eegmmidb,S001,data/eegmmidb/S001/S001R08.edf,8,5,40.0,motor_imagery,T0,ds005284,0,1.0,-45.96444231150855,True
eegmmidb,S001,data/eegmmidb/S001/S001R08.edf,8,6,48.0,motor_imagery,T0,ds005284,0,1.0,-43.77988164405333,True
eegmmidb,S001,data/eegmmidb/S001/S001R08.edf,8,7,56.0,motor_imagery,T0,ds005284,0,1.0,-56.17581901379044,True
eegmmidb,S001,data/eegmmidb/S001/S001R08.edf,8,8,64.0,motor_imagery,T0,ds005284,0,1.0,-42.23491358721831,True
eegmmidb,S001,data/eegmmidb/S001/S001R08.edf,8,9,72.0,motor_imagery,T0,ds005284,0,1.0,-47.68564579008515,True
eegmmidb,S001,data/eegmmidb/S001/S001R08.edf,8,10,80.0,motor_imagery,T0,ds005284,0,1.0,-48.8211593209473,True
eegmmidb,S001,data/eegmmidb/S001/S001R08.edf,8,11,88.0,motor_imagery,T0,ds005284,0,1.0,-56.00302780797088,True
eegmmidb,S001,data/eegmmidb/S001/S001R08.edf,8,12,96.0,motor_imagery,T0,ds005284,0,1.0,-46.808838625592216,True
eegmmidb,S001,data/eegmmidb/S001/S001R08.edf,8,13,104.0,motor_imagery,T0,ds005284,0,1.0,-55.11633770416261,True
eegmmidb,S001,data/eegmmidb/S001/S001R08.edf,8,14,112.0,motor_imagery,T1,ds005284,0,1.0,-48.57058078285939,True
eegmmidb,S001,data/eegmmidb/S001/S001R11.edf,8,0,0.0,motor_execution,T0,ds005284,0,1.0,-38.51924849130133,True
eegmmidb,S001,data/eegmmidb/S001/S001R11.edf,8,1,8.0,motor_execution,T0,ds005284,0,1.0,-40.403358063778015,True
eegmmidb,S001,data/eegmmidb/S001/S001R11.edf,8,2,16.0,motor_execution,T0,ds005284,0,1.0,-40.98703931091535,True
eegmmidb,S001,data/eegmmidb/S001/S001R11.edf,8,3,24.0,motor_execution,T0,ds005284,0,1.0,-55.74884551481395,True
eegmmidb,S001,data/eegmmidb/S001/S001R11.edf,8,4,32.0,motor_execution,T0,ds005284,0,1.0,-47.194790062345476,True
eegmmidb,S001,data/eegmmidb/S001/S001R11.edf,8,5,40.0,motor_execution,T0,ds005284,0,1.0,-48.78561918417394,True
eegmmidb,S001,data/eegmmidb/S001/S001R11.edf,8,6,48.0,motor_execution,T0,ds005284,0,1.0,-63.362350991432564,True
eegmmidb,S001,data/eegmmidb/S001/S001R11.edf,8,7,56.0,motor_execution,T0,ds005284,0,1.0,-45.33696701076833,True
eegmmidb,S001,data/eegmmidb/S001/S001R11.edf,8,8,64.0,motor_execution,T0,ds005284,0,1.0,-51.72084368623928,True
eegmmidb,S001,data/eegmmidb/S001/S001R11.edf,8,9,72.0,motor_execution,T0,ds005284,0,1.0,-48.11855960327136,True
eegmmidb,S001,data/eegmmidb/S001/S001R11.edf,8,10,80.0,motor_execution,T0,ds005284,0,1.0,-54.1033323449568,True
eegmmidb,S001,data/eegmmidb/S001/S001R11.edf,8,11,88.0,motor_execution,T0,ds005284,0,1.0,-63.45979255691128,True
eegmmidb,S001,data/eegmmidb/S001/S001R11.edf,8,12,96.0,motor_execution,T0,ds005284,0,1.0,-67.31420058734932,True
eegmmidb,S001,data/eegmmidb/S001/S001R11.edf,8,13,104.0,motor_execution,T0,ds005284,0,1.0,-63.31975619338398,True
eegmmidb,S001,data/eegmmidb/S001/S001R11.edf,8,14,112.0,motor_execution,T1,ds005284,0,1.0,-52.967267619245284,True
eegmmidb,S001,data/eegmmidb/S001/S001R12.edf,8,0,0.0,motor_imagery,T0,ds005284,0,0.9999999999993676,-49.95502168992582,True
eegmmidb,S001,data/eegmmidb/S001/S001R12.edf,8,1,8.0,motor_imagery,T0,ds005284,0,0.9999999999992681,-49.58818072158696,True
eegmmidb,S001,data/eegmmidb/S001/S001R12.edf,8,2,16.0,motor_imagery,T0,ds005284,0,1.0,-53.345472106944015,True
eegmmidb,S001,data/eegmmidb/S001/S001R12.edf,8,3,24.0,motor_imagery,T0,ds005284,0,1.0,-41.53178770971681,True
eegmmidb,S001,data/eegmmidb/S001/S001R12.edf,8,4,32.0,motor_imagery,T0,ds005284,0,1.0,-55.51530279288801,True
eegmmidb,S001,data/eegmmidb/S001/S001R12.edf,8,5,40.0,motor_imagery,T0,ds005284,0,1.0,-55.325978435296626,True
eegmmidb,S001,data/eegmmidb/S001/S001R12.edf,8,6,48.0,motor_imagery,T0,ds005284,0,1.0,-69.25367296409982,True
eegmmidb,S001,data/eegmmidb/S001/S001R12.edf,8,7,56.0,motor_imagery,T0,ds005284,0,1.0,-50.710147698628845,True
eegmmidb,S001,data/eegmmidb/S001/S001R12.edf,8,8,64.0,motor_imagery,T0,ds005284,0,0.9999999999998153,-66.91307454276688,True
eegmmidb,S001,data/eegmmidb/S001/S001R12.edf,8,9,72.0,motor_imagery,T0,ds005284,0,1.0,-47.99718159841894,True
eegmmidb,S001,data/eegmmidb/S001/S001R12.edf,8,10,80.0,motor_imagery,T0,ds005284,0,1.0,-53.027775347101525,True
eegmmidb,S001,data/eegmmidb/S001/S001R12.edf,8,11,88.0,motor_imagery,T0,ds005284,0,1.0,-45.03310773513716,True
eegmmidb,S001,data/eegmmidb/S001/S001R12.edf,8,12,96.0,motor_imagery,T0,ds005284,0,1.0,-56.01331295392774,True
eegmmidb,S001,data/eegmmidb/S001/S001R12.edf,8,13,104.0,motor_imagery,T0,ds005284,0,1.0,-62.433972199425256,True
eegmmidb,S001,data/eegmmidb/S001/S001R12.edf,8,14,112.0,motor_imagery,T1,ds005284,0,0.9999999999972644,-58.28739992213636,True
eegmmidb,S002,data/eegmmidb/S002/S002R01.edf,8,0,0.0,eyes_open_rest,T0,ds005284,0,1.0,-33.41302981516652,True
eegmmidb,S002,data/eegmmidb/S002/S002R01.edf,8,1,8.0,eyes_open_rest,T0,ds005284,0,1.0,-27.994835690909746,False
eegmmidb,S002,data/eegmmidb/S002/S002R01.edf,8,2,16.0,eyes_open_rest,T0,ds005284,0,1.0,-30.011184002335348,False
eegmmidb,S002,data/eegmmidb/S002/S002R01.edf,8,3,24.0,eyes_open_rest,T0,ds005284,0,1.0,-89.86717406545253,True
eegmmidb,S002,data/eegmmidb/S002/S002R01.edf,8,4,32.0,eyes_open_rest,T0,ds005284,1,0.9999998683514748,-67.5056846111369,True
eegmmidb,S002,data/eegmmidb/S002/S002R01.edf,8,5,40.0,eyes_open_rest,T0,ds005284,1,0.6453583215715888,-47.04292444524238,True
eegmmidb,S002,data/eegmmidb/S002/S002R01.edf,8,6,48.0,eyes_open_rest,T0,ds005284,0,0.9999999996563389,-62.139147924455315,True
eegmmidb,S002,data/eegmmidb/S002/S002R02.edf,8,0,0.0,eyes_closed_rest,T0,ds005284,1,1.0,-105.55294585158781,True
eegmmidb,S002,data/eegmmidb/S002/S002R02.edf,8,1,8.0,eyes_closed_rest,T0,ds005284,1,1.0,-135.66449590801085,True
eegmmidb,S002,data/eegmmidb/S002/S002R02.edf,8,2,16.0,eyes_closed_rest,T0,ds005284,1,1.0,-96.70306680686879,True
eegmmidb,S002,data/eegmmidb/S002/S002R02.edf,8,3,24.0,eyes_closed_rest,T0,ds005284,1,1.0,-106.7798124213915,True
eegmmidb,S002,data/eegmmidb/S002/S002R02.edf,8,4,32.0,eyes_closed_rest,T0,ds005284,1,1.0,-116.64852277289793,True
eegmmidb,S002,data/eegmmidb/S002/S002R02.edf,8,5,40.0,eyes_closed_rest,T0,ds005284,1,1.0,-96.90969996324812,True
eegmmidb,S002,data/eegmmidb/S002/S002R02.edf,8,6,48.0,eyes_closed_rest,T0,ds005284,1,1.0,-100.06380084059332,True
eegmmidb,S002,data/eegmmidb/S002/S002R03.edf,8,0,0.0,motor_execution,T0,ds005284,0,0.9999999975547809,-71.26730358498853,True
eegmmidb,S002,data/eegmmidb/S002/S002R03.edf,8,1,8.0,motor_execution,T0,ds005284,1,0.8726184934031855,-61.917357122011616,True
eegmmidb,S002,data/eegmmidb/S002/S002R03.edf,8,2,16.0,motor_execution,T0,ds005284,0,0.9999999993619326,-75.4171181231786,True
eegmmidb,S002,data/eegmmidb/S002/S002R03.edf,8,3,24.0,motor_execution,T0,ds005284,0,1.0,-65.99944701249193,True
eegmmidb,S002,data/eegmmidb/S002/S002R03.edf,8,4,32.0,motor_execution,T0,ds005284,0,0.887529037523673,-74.81480207643258,True
eegmmidb,S002,data/eegmmidb/S002/S002R03.edf,8,5,40.0,motor_execution,T0,ds005284,1,0.9999999973502298,-75.4100452151304,True
eegmmidb,S002,data/eegmmidb/S002/S002R03.edf,8,6,48.0,motor_execution,T0,ds005284,1,0.9999999999990621,-86.61196144957104,True
eegmmidb,S002,data/eegmmidb/S002/S002R03.edf,8,7,56.0,motor_execution,T0,ds005284,1,1.0,-66.50202955757844,True
eegmmidb,S002,data/eegmmidb/S002/S002R03.edf,8,8,64.0,motor_execution,T0,ds005284,1,0.7425469614415751,-100.31629601386558,True
eegmmidb,S002,data/eegmmidb/S002/S002R03.edf,8,9,72.0,motor_execution,T0,ds005284,0,0.9945145952285886,-56.19940948671882,True
eegmmidb,S002,data/eegmmidb/S002/S002R03.edf,8,10,80.0,motor_execution,T0,ds005284,1,0.999999999995218,-57.87705502141625,True
eegmmidb,S002,data/eegmmidb/S002/S002R03.edf,8,11,88.0,motor_execution,T0,ds005284,0,0.6485506220381556,-75.74278975653895,True
eegmmidb,S002,data/eegmmidb/S002/S002R03.edf,8,12,96.0,motor_execution,T0,ds005284,1,1.0,-88.89985084977201,True
eegmmidb,S002,data/eegmmidb/S002/S002R03.edf,8,13,104.0,motor_execution,T0,ds005284,1,0.9980834968524552,-84.97419307337277,True
eegmmidb,S002,data/eegmmidb/S002/S002R03.edf,8,14,112.0,motor_execution,T0,ds005284,0,1.0,-67.73712927420446,True
eegmmidb,S002,data/eegmmidb/S002/S002R04.edf,8,0,0.0,motor_imagery,T0,ds005284,1,0.9862364212462881,-53.05816794422883,True
eegmmidb,S002,data/eegmmidb/S002/S002R04.edf,8,1,8.0,motor_imagery,T0,ds005284,1,0.9963449304119593,-72.17343575616789,True
eegmmidb,S002,data/eegmmidb/S002/S002R04.edf,8,2,16.0,motor_imagery,T0,ds005284,1,0.9999845157020391,-72.40174740109745,True
eegmmidb,S002,data/eegmmidb/S002/S002R04.edf,8,3,24.0,motor_imagery,T0,ds005284,1,1.0,-70.07277287521671,True
eegmmidb,S002,data/eegmmidb/S002/S002R04.edf,8,4,32.0,motor_imagery,T0,ds005284,1,1.0,-43.51782690380679,True
eegmmidb,S002,data/eegmmidb/S002/S002R04.edf,8,5,40.0,motor_imagery,T0,ds005284,1,1.0,-56.13769863294286,True
eegmmidb,S002,data/eegmmidb/S002/S002R04.edf,8,6,48.0,motor_imagery,T0,ds005284,0,0.5330157292473136,-73.03299873267987,True
eegmmidb,S002,data/eegmmidb/S002/S002R04.edf,8,7,56.0,motor_imagery,T0,ds005284,1,0.9999999999976268,-68.79239975959892,True
eegmmidb,S002,data/eegmmidb/S002/S002R04.edf,8,8,64.0,motor_imagery,T0,ds005284,1,0.9999999999999858,-57.20436658783011,True
eegmmidb,S002,data/eegmmidb/S002/S002R04.edf,8,9,72.0,motor_imagery,T0,ds005284,1,1.0,-53.097162812439464,True
eegmmidb,S002,data/eegmmidb/S002/S002R04.edf,8,10,80.0,motor_imagery,T0,ds005284,1,0.9999999999999147,-57.90712407240807,True
eegmmidb,S002,data/eegmmidb/S002/S002R04.edf,8,11,88.0,motor_imagery,T0,ds005284,1,1.0,-53.630424212049775,True
eegmmidb,S002,data/eegmmidb/S002/S002R04.edf,8,12,96.0,motor_imagery,T0,ds005284,0,0.999989120156035,-53.69815074631772,True
eegmmidb,S002,data/eegmmidb/S002/S002R04.edf,8,13,104.0,motor_imagery,T0,ds005284,1,1.0,-51.51119270021721,True
eegmmidb,S002,data/eegmmidb/S002/S002R04.edf,8,14,112.0,motor_imagery,T0,ds005284,0,0.9340470767871181,-65.49686161584481,True
eegmmidb,S002,data/eegmmidb/S002/S002R07.edf,8,0,0.0,motor_execution,T0,ds005284,1,0.9927699089606671,-48.66250622359751,True
eegmmidb,S002,data/eegmmidb/S002/S002R07.edf,8,1,8.0,motor_execution,T0,ds005284,0,0.9999989457268883,-38.856245529254764,True
eegmmidb,S002,data/eegmmidb/S002/S002R07.edf,8,2,16.0,motor_execution,T0,ds005284,1,0.9999999847663831,-35.832356243819,True
eegmmidb,S002,data/eegmmidb/S002/S002R07.edf,8,3,24.0,motor_execution,T0,ds005284,1,0.9999984440069296,-41.08915866294909,True
eegmmidb,S002,data/eegmmidb/S002/S002R07.edf,8,4,32.0,motor_execution,T0,ds005284,1,0.9998488758981884,-38.4070751463709,True
eegmmidb,S002,data/eegmmidb/S002/S002R07.edf,8,5,40.0,motor_execution,T0,ds005284,0,0.999995560509251,-25.765709133268093,False
eegmmidb,S002,data/eegmmidb/S002/S002R07.edf,8,6,48.0,motor_execution,T0,ds005284,0,0.9996394401250528,-45.09444562328125,True
eegmmidb,S002,data/eegmmidb/S002/S002R07.edf,8,7,56.0,motor_execution,T0,ds005284,1,0.9999961187797981,-54.988275602868036,True
eegmmidb,S002,data/eegmmidb/S002/S002R07.edf,8,8,64.0,motor_execution,T0,ds005284,1,0.9999988359518308,-63.64571952752811,True
eegmmidb,S002,data/eegmmidb/S002/S002R07.edf,8,9,72.0,motor_execution,T0,ds005284,1,0.9999719581169536,-44.48092796098893,True
eegmmidb,S002,data/eegmmidb/S002/S002R07.edf,8,10,80.0,motor_execution,T0,ds005284,0,0.9999999854616278,-37.76209354393396,True
eegmmidb,S002,data/eegmmidb/S002/S002R07.edf,8,11,88.0,motor_execution,T0,ds005284,0,0.9993867251375942,-35.817443946609636,True
eegmmidb,S002,data/eegmmidb/S002/S002R07.edf,8,12,96.0,motor_execution,T0,ds005284,0,1.0,-59.09969318367071,True
eegmmidb,S002,data/eegmmidb/S002/S002R07.edf,8,13,104.0,motor_execution,T0,ds005284,1,1.0,-63.341043061311865,True
eegmmidb,S002,data/eegmmidb/S002/S002R07.edf,8,14,112.0,motor_execution,T0,ds005284,0,1.0,-33.34611083053616,True
eegmmidb,S002,data/eegmmidb/S002/S002R08.edf,8,0,0.0,motor_imagery,T0,ds005284,0,0.9880945435721357,-80.8813528446054,True
eegmmidb,S002,data/eegmmidb/S002/S002R08.edf,8,1,8.0,motor_imagery,T0,ds005284,1,0.9999999999999716,-63.18196986252276,True
eegmmidb,S002,data/eegmmidb/S002/S002R08.edf,8,2,16.0,motor_imagery,T0,ds005284,1,1.0,-60.21888850674378,True
eegmmidb,S002,data/eegmmidb/S002/S002R08.edf,8,3,24.0,motor_imagery,T0,ds005284,1,1.0,-51.94657000808732,True
eegmmidb,S002,data/eegmmidb/S002/S002R08.edf,8,4,32.0,motor_imagery,T0,ds005284,1,1.0,-42.57881933606108,True
eegmmidb,S002,data/eegmmidb/S002/S002R08.edf,8,5,40.0,motor_imagery,T0,ds005284,1,0.9976803793556034,-41.08496795689633,True
eegmmidb,S002,data/eegmmidb/S002/S002R08.edf,8,6,48.0,motor_imagery,T0,ds005284,1,1.0,-54.705229327898635,True
eegmmidb,S002,data/eegmmidb/S002/S002R08.edf,8,7,56.0,motor_imagery,T0,ds005284,1,1.0,-57.339296932490754,True
eegmmidb,S002,data/eegmmidb/S002/S002R08.edf,8,8,64.0,motor_imagery,T0,ds005284,1,1.0,-41.41914835933986,True
eegmmidb,S002,data/eegmmidb/S002/S002R08.edf,8,9,72.0,motor_imagery,T0,ds005284,1,1.0,-47.3020187016456,True
eegmmidb,S002,data/eegmmidb/S002/S002R08.edf,8,10,80.0,motor_imagery,T0,ds005284,1,0.9999999999999858,-84.96459692988996,True
eegmmidb,S002,data/eegmmidb/S002/S002R08.edf,8,11,88.0,motor_imagery,T0,ds005284,1,1.0,-45.27760896389703,True
eegmmidb,S002,data/eegmmidb/S002/S002R08.edf,8,12,96.0,motor_imagery,T0,ds005284,1,1.0,-36.95856440467592,True
eegmmidb,S002,data/eegmmidb/S002/S002R08.edf,8,13,104.0,motor_imagery,T0,ds005284,1,1.0,-45.27779680636586,True
eegmmidb,S002,data/eegmmidb/S002/S002R08.edf,8,14,112.0,motor_imagery,T0,ds005284,1,1.0,-42.16296468044089,True
eegmmidb,S002,data/eegmmidb/S002/S002R11.edf,8,0,0.0,motor_execution,T0,ds005284,1,0.9999999997279119,-36.44463804289503,True
eegmmidb,S002,data/eegmmidb/S002/S002R11.edf,8,1,8.0,motor_execution,T0,ds005284,1,0.9999999948614828,-50.12379158361611,True
eegmmidb,S002,data/eegmmidb/S002/S002R11.edf,8,2,16.0,motor_execution,T0,ds005284,1,1.0,-75.55115329590377,True
eegmmidb,S002,data/eegmmidb/S002/S002R11.edf,8,3,24.0,motor_execution,T0,ds005284,1,1.0,-53.85205262079481,True
eegmmidb,S002,data/eegmmidb/S002/S002R11.edf,8,4,32.0,motor_execution,T0,ds005284,1,0.9999999999955378,-39.23859171136759,True
eegmmidb,S002,data/eegmmidb/S002/S002R11.edf,8,5,40.0,motor_execution,T0,ds005284,0,0.9825064316130361,-37.841022002184644,True
eegmmidb,S002,data/eegmmidb/S002/S002R11.edf,8,6,48.0,motor_execution,T0,ds005284,1,0.9999999938171698,-53.73868581477092,True
eegmmidb,S002,data/eegmmidb/S002/S002R11.edf,8,7,56.0,motor_execution,T0,ds005284,1,1.0,-41.90642073928443,True
eegmmidb,S002,data/eegmmidb/S002/S002R11.edf,8,8,64.0,motor_execution,T0,ds005284,0,0.9999999891218181,-37.109473348953074,True
eegmmidb,S002,data/eegmmidb/S002/S002R11.edf,8,9,72.0,motor_execution,T0,ds005284,1,1.0,-61.15306035254166,True
eegmmidb,S002,data/eegmmidb/S002/S002R11.edf,8,10,80.0,motor_execution,T0,ds005284,0,0.9398260793533781,-65.78695252499622,True
eegmmidb,S002,data/eegmmidb/S002/S002R11.edf,8,11,88.0,motor_execution,T0,ds005284,0,1.0,-123.73242927937069,True
eegmmidb,S002,data/eegmmidb/S002/S002R11.edf,8,12,96.0,motor_execution,T0,ds005284,0,1.0,-67.29527928990912,True
eegmmidb,S002,data/eegmmidb/S002/S002R11.edf,8,13,104.0,motor_execution,T0,ds005284,1,1.0,-49.15945010374625,True
eegmmidb,S002,data/eegmmidb/S002/S002R11.edf,8,14,112.0,motor_execution,T0,ds005284,0,1.0,-108.32633692070056,True
eegmmidb,S002,data/eegmmidb/S002/S002R12.edf,8,0,0.0,motor_imagery,T0,ds005284,1,0.9994670796001279,-66.31033326001965,True
eegmmidb,S002,data/eegmmidb/S002/S002R12.edf,8,1,8.0,motor_imagery,T0,ds005284,1,1.0,-77.50232733900798,True
eegmmidb,S002,data/eegmmidb/S002/S002R12.edf,8,2,16.0,motor_imagery,T0,ds005284,1,0.9999999989311519,-40.6102893805657,True
eegmmidb,S002,data/eegmmidb/S002/S002R12.edf,8,3,24.0,motor_imagery,T0,ds005284,1,1.0,-50.532605149142555,True
eegmmidb,S002,data/eegmmidb/S002/S002R12.edf,8,4,32.0,motor_imagery,T0,ds005284,1,0.9999999980991845,-45.88352325708545,True
eegmmidb,S002,data/eegmmidb/S002/S002R12.edf,8,5,40.0,motor_imagery,T0,ds005284,1,1.0,-47.91011680766339,True
eegmmidb,S002,data/eegmmidb/S002/S002R12.edf,8,6,48.0,motor_imagery,T0,ds005284,1,0.9999999999999858,-68.61360379554559,True
eegmmidb,S002,data/eegmmidb/S002/S002R12.edf,8,7,56.0,motor_imagery,T0,ds005284,0,1.0,-70.45535525263683,True
eegmmidb,S002,data/eegmmidb/S002/S002R12.edf,8,8,64.0,motor_imagery,T0,ds005284,1,0.999997754119796,-89.75416422208482,True
eegmmidb,S002,data/eegmmidb/S002/S002R12.edf,8,9,72.0,motor_imagery,T0,ds005284,1,0.9998546023042247,-45.12970004022103,True
eegmmidb,S002,data/eegmmidb/S002/S002R12.edf,8,10,80.0,motor_imagery,T0,ds005284,1,0.9999992848601805,-79.14354009149268,True
eegmmidb,S002,data/eegmmidb/S002/S002R12.edf,8,11,88.0,motor_imagery,T0,ds005284,1,0.9979479242906437,-109.09338751035361,True
eegmmidb,S002,data/eegmmidb/S002/S002R12.edf,8,12,96.0,motor_imagery,T0,ds005284,1,0.9999999999988773,-44.695097538143145,True
eegmmidb,S002,data/eegmmidb/S002/S002R12.edf,8,13,104.0,motor_imagery,T0,ds005284,0,0.9999870704649456,-42.672287426536926,True
eegmmidb,S002,data/eegmmidb/S002/S002R12.edf,8,14,112.0,motor_imagery,T0,ds005284,1,0.9999999993426769,-67.37288261429866,True
eegmmidb,S003,data/eegmmidb/S003/S003R01.edf,8,0,0.0,eyes_open_rest,T0,ds005284,0,1.0,-58.818148790467255,True
eegmmidb,S003,data/eegmmidb/S003/S003R01.edf,8,1,8.0,eyes_open_rest,T0,ds005284,0,1.0,-68.70449302209217,True
eegmmidb,S003,data/eegmmidb/S003/S003R01.edf,8,2,16.0,eyes_open_rest,T0,ds005284,0,1.0,-64.48851293927494,True
eegmmidb,S003,data/eegmmidb/S003/S003R01.edf,8,3,24.0,eyes_open_rest,T0,ds005284,0,1.0,-50.85425767346471,True
eegmmidb,S003,data/eegmmidb/S003/S003R01.edf,8,4,32.0,eyes_open_rest,T0,ds005284,0,1.0,-58.22294294087749,True
eegmmidb,S003,data/eegmmidb/S003/S003R01.edf,8,5,40.0,eyes_open_rest,T0,ds005284,0,1.0,-56.15512706334122,True
eegmmidb,S003,data/eegmmidb/S003/S003R01.edf,8,6,48.0,eyes_open_rest,T0,ds005284,0,1.0,-57.36058653628516,True
eegmmidb,S003,data/eegmmidb/S003/S003R02.edf,8,0,0.0,eyes_closed_rest,T0,ds005284,2,1.0,-253.64241538921294,True
eegmmidb,S003,data/eegmmidb/S003/S003R02.edf,8,1,8.0,eyes_closed_rest,T0,ds005284,2,1.0,-205.99731475447402,True
eegmmidb,S003,data/eegmmidb/S003/S003R02.edf,8,2,16.0,eyes_closed_rest,T0,ds005284,2,0.9999999999879492,-182.044003536459,True
eegmmidb,S003,data/eegmmidb/S003/S003R02.edf,8,3,24.0,eyes_closed_rest,T0,ds005284,2,1.0,-290.9247260504076,True
eegmmidb,S003,data/eegmmidb/S003/S003R02.edf,8,4,32.0,eyes_closed_rest,T0,ds005284,2,1.0,-235.41754065741725,True
eegmmidb,S003,data/eegmmidb/S003/S003R02.edf,8,5,40.0,eyes_closed_rest,T0,ds005284,0,1.0,-52.10420074366726,True
eegmmidb,S003,data/eegmmidb/S003/S003R02.edf,8,6,48.0,eyes_closed_rest,T0,ds005284,2,1.0,-207.8904316347248,True
eegmmidb,S003,data/eegmmidb/S003/S003R03.edf,8,0,0.0,motor_execution,T0,ds005284,0,0.9999999998803943,-46.574040251842526,True
eegmmidb,S003,data/eegmmidb/S003/S003R03.edf,8,1,8.0,motor_execution,T0,ds005284,0,0.9999999993678443,-40.77338869234908,True
eegmmidb,S003,data/eegmmidb/S003/S003R03.edf,8,2,16.0,motor_execution,T0,ds005284,0,0.9999999999923759,-36.65679125382092,True
eegmmidb,S003,data/eegmmidb/S003/S003R03.edf,8,3,24.0,motor_execution,T0,ds005284,0,0.9999999999599396,-47.992520050053,True
eegmmidb,S003,data/eegmmidb/S003/S003R03.edf,8,4,32.0,motor_execution,T0,ds005284,0,0.9999999999999574,-37.7888368397179,True
eegmmidb,S003,data/eegmmidb/S003/S003R03.edf,8,5,40.0,motor_execution,T0,ds005284,0,1.0,-40.63885681634594,True
eegmmidb,S003,data/eegmmidb/S003/S003R03.edf,8,6,48.0,motor_execution,T0,ds005284,0,1.0,-43.62197450790805,True
eegmmidb,S003,data/eegmmidb/S003/S003R03.edf,8,7,56.0,motor_execution,T0,ds005284,0,1.0,-53.56157950636851,True
eegmmidb,S003,data/eegmmidb/S003/S003R03.edf,8,8,64.0,motor_execution,T0,ds005284,0,1.0,-48.438882365264675,True
eegmmidb,S003,data/eegmmidb/S003/S003R03.edf,8,9,72.0,motor_execution,T0,ds005284,0,1.0,-40.97748071867108,True
eegmmidb,S003,data/eegmmidb/S003/S003R03.edf,8,10,80.0,motor_execution,T0,ds005284,0,1.0,-40.961524074302325,True
eegmmidb,S003,data/eegmmidb/S003/S003R03.edf,8,11,88.0,motor_execution,T0,ds005284,0,1.0,-43.028424968624435,True
eegmmidb,S003,data/eegmmidb/S003/S003R03.edf,8,12,96.0,motor_execution,T0,ds005284,0,1.0,-43.54124722091465,True
eegmmidb,S003,data/eegmmidb/S003/S003R03.edf,8,13,104.0,motor_execution,T0,ds005284,0,1.0,-43.740583047215566,True
eegmmidb,S003,data/eegmmidb/S003/S003R03.edf,8,14,112.0,motor_execution,T1,ds005284,0,1.0,-54.75179322568599,True
eegmmidb,S003,data/eegmmidb/S003/S003R04.edf,8,0,0.0,motor_imagery,T0,ds005284,0,1.0,-51.84697208304124,True
eegmmidb,S003,data/eegmmidb/S003/S003R04.edf,8,1,8.0,motor_imagery,T0,ds005284,0,1.0,-46.82667192751635,True
eegmmidb,S003,data/eegmmidb/S003/S003R04.edf,8,2,16.0,motor_imagery,T0,ds005284,0,1.0,-53.359758696083105,True
eegmmidb,S003,data/eegmmidb/S003/S003R04.edf,8,3,24.0,motor_imagery,T0,ds005284,0,1.0,-67.82283271652703,True
eegmmidb,S003,data/eegmmidb/S003/S003R04.edf,8,4,32.0,motor_imagery,T0,ds005284,0,1.0,-51.13456881345964,True
eegmmidb,S003,data/eegmmidb/S003/S003R04.edf,8,5,40.0,motor_imagery,T0,ds005284,0,1.0,-45.690324189236584,True
eegmmidb,S003,data/eegmmidb/S003/S003R04.edf,8,6,48.0,motor_imagery,T0,ds005284,0,1.0,-56.13766311152095,True
eegmmidb,S003,data/eegmmidb/S003/S003R04.edf,8,7,56.0,motor_imagery,T0,ds005284,0,1.0,-47.073261114952984,True
eegmmidb,S003,data/eegmmidb/S003/S003R04.edf,8,8,64.0,motor_imagery,T0,ds005284,0,1.0,-42.08526123585476,True
eegmmidb,S003,data/eegmmidb/S003/S003R04.edf,8,9,72.0,motor_imagery,T0,ds005284,0,1.0,-38.59546814284712,True
eegmmidb,S003,data/eegmmidb/S003/S003R04.edf,8,10,80.0,motor_imagery,T0,ds005284,0,1.0,-59.769707166338875,True
eegmmidb,S003,data/eegmmidb/S003/S003R04.edf,8,11,88.0,motor_imagery,T0,ds005284,0,1.0,-44.26802864008963,True
eegmmidb,S003,data/eegmmidb/S003/S003R04.edf,8,12,96.0,motor_imagery,T0,ds005284,0,1.0,-45.08639910911476,True
eegmmidb,S003,data/eegmmidb/S003/S003R07.edf,8,0,0.0,motor_execution,T0,ds005284,0,1.0,-79.66277190018215,True
eegmmidb,S003,data/eegmmidb/S003/S003R07.edf,8,1,8.0,motor_execution,T0,ds005284,0,1.0,-74.4432647459117,True
eegmmidb,S003,data/eegmmidb/S003/S003R07.edf,8,2,16.0,motor_execution,T0,ds005284,0,1.0,-68.6845244402029,True
eegmmidb,S003,data/eegmmidb/S003/S003R07.edf,8,3,24.0,motor_execution,T0,ds005284,0,1.0,-65.4562977873108,True
eegmmidb,S003,data/eegmmidb/S003/S003R07.edf,8,4,32.0,motor_execution,T0,ds005284,0,1.0,-64.68600115530862,True
eegmmidb,S003,data/eegmmidb/S003/S003R07.edf,8,5,40.0,motor_execution,T0,ds005284,0,1.0,-59.94967314461375,True
eegmmidb,S003,data/eegmmidb/S003/S003R07.edf,8,6,48.0,motor_execution,T0,ds005284,0,1.0,-56.61814233722248,True
eegmmidb,S003,data/eegmmidb/S003/S003R07.edf,8,7,56.0,motor_execution,T0,ds005284,0,1.0,-63.279807718799645,True
eegmmidb,S003,data/eegmmidb/S003/S003R07.edf,8,8,64.0,motor_execution,T0,ds005284,0,1.0,-59.368790790816846,True
eegmmidb,S003,data/eegmmidb/S003/S003R07.edf,8,9,72.0,motor_execution,T0,ds005284,0,1.0,-55.244305478853036,True
eegmmidb,S003,data/eegmmidb/S003/S003R07.edf,8,10,80.0,motor_execution,T0,ds005284,0,1.0,-77.84431193564764,True
eegmmidb,S003,data/eegmmidb/S003/S003R07.edf,8,11,88.0,motor_execution,T0,ds005284,0,1.0,-56.25925233598205,True
eegmmidb,S003,data/eegmmidb/S003/S003R07.edf,8,12,96.0,motor_execution,T0,ds005284,0,1.0,-56.240004781298204,True
eegmmidb,S003,data/eegmmidb/S003/S003R07.edf,8,13,104.0,motor_execution,T0,ds005284,0,1.0,-39.852464475803856,True
eegmmidb,S003,data/eegmmidb/S003/S003R07.edf,8,14,112.0,motor_execution,T1,ds005284,0,1.0,-52.70464549357857,True
eegmmidb,S003,data/eegmmidb/S003/S003R08.edf,8,0,0.0,motor_imagery,T0,ds005284,0,1.0,-61.52111078378695,True
eegmmidb,S003,data/eegmmidb/S003/S003R08.edf,8,1,8.0,motor_imagery,T0,ds005284,0,1.0,-69.87541247325795,True
eegmmidb,S003,data/eegmmidb/S003/S003R08.edf,8,2,16.0,motor_imagery,T0,ds005284,0,1.0,-57.502204533610026,True
eegmmidb,S003,data/eegmmidb/S003/S003R08.edf,8,3,24.0,motor_imagery,T0,ds005284,0,1.0,-67.70710947085465,True
eegmmidb,S003,data/eegmmidb/S003/S003R08.edf,8,4,32.0,motor_imagery,T0,ds005284,0,1.0,-54.74411576586209,True
eegmmidb,S003,data/eegmmidb/S003/S003R08.edf,8,5,40.0,motor_imagery,T0,ds005284,0,1.0,-66.62340742053503,True
eegmmidb,S003,data/eegmmidb/S003/S003R08.edf,8,6,48.0,motor_imagery,T0,ds005284,0,1.0,-58.69954463111173,True
eegmmidb,S003,data/eegmmidb/S003/S003R08.edf,8,7,56.0,motor_imagery,T0,ds005284,0,1.0,-58.43615444853773,True
eegmmidb,S003,data/eegmmidb/S003/S003R08.edf,8,8,64.0,motor_imagery,T0,ds005284,0,1.0,-66.48354954389815,True
eegmmidb,S003,data/eegmmidb/S003/S003R08.edf,8,9,72.0,motor_imagery,T0,ds005284,0,1.0,-50.51657645635947,True
eegmmidb,S003,data/eegmmidb/S003/S003R08.edf,8,10,80.0,motor_imagery,T0,ds005284,0,1.0,-52.692590582531295,True
eegmmidb,S003,data/eegmmidb/S003/S003R08.edf,8,11,88.0,motor_imagery,T0,ds005284,0,0.9999999999998934,-45.247118913868334,True
eegmmidb,S003,data/eegmmidb/S003/S003R08.edf,8,12,96.0,motor_imagery,T0,ds005284,0,1.0,-68.36204205109364,True
eegmmidb,S003,data/eegmmidb/S003/S003R08.edf,8,13,104.0,motor_imagery,T0,ds005284,0,1.0,-65.97087602966396,True
eegmmidb,S003,data/eegmmidb/S003/S003R08.edf,8,14,112.0,motor_imagery,T1,ds005284,0,1.0,-47.23558518250747,True
eegmmidb,S003,data/eegmmidb/S003/S003R11.edf,8,0,0.0,motor_execution,T0,ds005284,0,1.0,-75.02551011007647,True
eegmmidb,S003,data/eegmmidb/S003/S003R11.edf,8,1,8.0,motor_execution,T0,ds005284,0,1.0,-68.56896185388287,True
eegmmidb,S003,data/eegmmidb/S003/S003R11.edf,8,2,16.0,motor_execution,T0,ds005284,0,1.0,-70.78594763123836,True
eegmmidb,S003,data/eegmmidb/S003/S003R11.edf,8,3,24.0,motor_execution,T0,ds005284,0,1.0,-63.25216589395119,True
eegmmidb,S003,data/eegmmidb/S003/S003R11.edf,8,4,32.0,motor_execution,T0,ds005284,0,1.0,-62.24078568846922,True
eegmmidb,S003,data/eegmmidb/S003/S003R11.edf,8,5,40.0,motor_execution,T0,ds005284,0,1.0,-54.26607864564485,True
eegmmidb,S003,data/eegmmidb/S003/S003R11.edf,8,6,48.0,motor_execution,T0,ds005284,0,1.0,-46.05233050854367,True
eegmmidb,S003,data/eegmmidb/S003/S003R11.edf,8,7,56.0,motor_execution,T0,ds005284,0,1.0,-63.66126604343387,True
eegmmidb,S003,data/eegmmidb/S003/S003R11.edf,8,8,64.0,motor_execution,T0,ds005284,0,1.0,-54.85315921524061,True
eegmmidb,S003,data/eegmmidb/S003/S003R11.edf,8,9,72.0,motor_execution,T0,ds005284,0,1.0,-50.60068562185684,True
eegmmidb,S003,data/eegmmidb/S003/S003R11.edf,8,10,80.0,motor_execution,T0,ds005284,0,1.0,-59.80973960925509,True
eegmmidb,S003,data/eegmmidb/S003/S003R11.edf,8,11,88.0,motor_execution,T0,ds005284,0,1.0,-73.04268371937577,True
eegmmidb,S003,data/eegmmidb/S003/S003R11.edf,8,12,96.0,motor_execution,T0,ds005284,0,1.0,-59.85506500916288,True
eegmmidb,S003,data/eegmmidb/S003/S003R11.edf,8,13,104.0,motor_execution,T0,ds005284,0,1.0,-52.95623393668745,True
eegmmidb,S003,data/eegmmidb/S003/S003R11.edf,8,14,112.0,motor_execution,T2,ds005284,0,1.0,-52.965407305572235,True
eegmmidb,S003,data/eegmmidb/S003/S003R12.edf,8,0,0.0,motor_imagery,T0,ds005284,0,1.0,-55.96016827362487,True
eegmmidb,S003,data/eegmmidb/S003/S003R12.edf,8,1,8.0,motor_imagery,T0,ds005284,0,1.0,-56.03892264926008,True
eegmmidb,S003,data/eegmmidb/S003/S003R12.edf,8,2,16.0,motor_imagery,T0,ds005284,0,0.9999999999999929,-50.40505015705322,True
eegmmidb,S003,data/eegmmidb/S003/S003R12.edf,8,3,24.0,motor_imagery,T0,ds005284,0,1.0,-49.18924551144728,True
eegmmidb,S003,data/eegmmidb/S003/S003R12.edf,8,4,32.0,motor_imagery,T0,ds005284,0,0.9999999999999929,-48.5227187370646,True
eegmmidb,S003,data/eegmmidb/S003/S003R12.edf,8,5,40.0,motor_imagery,T0,ds005284,0,1.0,-47.47990684985584,True
eegmmidb,S003,data/eegmmidb/S003/S003R12.edf,8,6,48.0,motor_imagery,T0,ds005284,0,1.0,-47.4832374102853,True
eegmmidb,S003,data/eegmmidb/S003/S003R12.edf,8,7,56.0,motor_imagery,T0,ds005284,0,1.0,-46.632035622806754,True
eegmmidb,S003,data/eegmmidb/S003/S003R12.edf,8,8,64.0,motor_imagery,T0,ds005284,0,1.0,-44.60763821940033,True
eegmmidb,S003,data/eegmmidb/S003/S003R12.edf,8,9,72.0,motor_imagery,T0,ds005284,0,1.0,-41.93519357672611,True
eegmmidb,S003,data/eegmmidb/S003/S003R12.edf,8,10,80.0,motor_imagery,T0,ds005284,0,1.0,-39.263325904194524,True
eegmmidb,S003,data/eegmmidb/S003/S003R12.edf,8,11,88.0,motor_imagery,T0,ds005284,0,1.0,-43.28393277498347,True
eegmmidb,S003,data/eegmmidb/S003/S003R12.edf,8,12,96.0,motor_imagery,T0,ds005284,0,1.0,-47.85963276648059,True
eegmmidb,S003,data/eegmmidb/S003/S003R12.edf,8,13,104.0,motor_imagery,T0,ds005284,0,1.0,-48.853596165383436,True
eegmmidb,S003,data/eegmmidb/S003/S003R12.edf,8,14,112.0,motor_imagery,T2,ds005284,0,1.0,-45.60789170265329,True
eegmmidb,S004,data/eegmmidb/S004/S004R01.edf,8,0,0.0,eyes_open_rest,T0,ds005284,0,1.0,-47.4094758253252,True
eegmmidb,S004,data/eegmmidb/S004/S004R01.edf,8,1,8.0,eyes_open_rest,T0,ds005284,0,1.0,-53.11439095515564,True
eegmmidb,S004,data/eegmmidb/S004/S004R01.edf,8,2,16.0,eyes_open_rest,T0,ds005284,0,1.0,-44.5072797628152,True
eegmmidb,S004,data/eegmmidb/S004/S004R01.edf,8,3,24.0,eyes_open_rest,T0,ds005284,0,0.9999999999715783,-39.33551711991078,True
eegmmidb,S004,data/eegmmidb/S004/S004R01.edf,8,4,32.0,eyes_open_rest,T0,ds005284,0,1.0,-36.050662182596525,True
eegmmidb,S004,data/eegmmidb/S004/S004R01.edf,8,5,40.0,eyes_open_rest,T0,ds005284,0,1.0,-39.20717486014904,True
eegmmidb,S004,data/eegmmidb/S004/S004R01.edf,8,6,48.0,eyes_open_rest,T0,ds005284,0,1.0,-43.764832559087495,True
eegmmidb,S004,data/eegmmidb/S004/S004R02.edf,8,0,0.0,eyes_closed_rest,T0,ds005284,1,1.0,-53.01793254102671,True
eegmmidb,S004,data/eegmmidb/S004/S004R02.edf,8,1,8.0,eyes_closed_rest,T0,ds005284,1,1.0,-53.672843662769225,True
eegmmidb,S004,data/eegmmidb/S004/S004R02.edf,8,2,16.0,eyes_closed_rest,T0,ds005284,1,1.0,-42.566420235416444,True
eegmmidb,S004,data/eegmmidb/S004/S004R02.edf,8,3,24.0,eyes_closed_rest,T0,ds005284,1,1.0,-39.73629403221023,True
eegmmidb,S004,data/eegmmidb/S004/S004R02.edf,8,4,32.0,eyes_closed_rest,T0,ds005284,1,1.0,-46.08280478743245,True
eegmmidb,S004,data/eegmmidb/S004/S004R02.edf,8,5,40.0,eyes_closed_rest,T0,ds005284,1,1.0,-47.031966206393825,True
eegmmidb,S004,data/eegmmidb/S004/S004R02.edf,8,6,48.0,eyes_closed_rest,T0,ds005284,1,1.0,-38.46028377540027,True
eegmmidb,S004,data/eegmmidb/S004/S004R03.edf,8,0,0.0,motor_execution,T0,ds005284,0,0.9999999995280362,-43.56783322698913,True
eegmmidb,S004,data/eegmmidb/S004/S004R03.edf,8,1,8.0,motor_execution,T0,ds005284,0,1.0,-45.09793572003707,True
eegmmidb,S004,data/eegmmidb/S004/S004R03.edf,8,2,16.0,motor_execution,T0,ds005284,0,1.0,-38.532976751443776,True
eegmmidb,S004,data/eegmmidb/S004/S004R03.edf,8,3,24.0,motor_execution,T0,ds005284,0,0.9999936915549017,-28.68163873048391,False
eegmmidb,S004,data/eegmmidb/S004/S004R03.edf,8,4,32.0,motor_execution,T0,ds005284,0,0.98281593661179,-31.590433429017878,False
eegmmidb,S004,data/eegmmidb/S004/S004R03.edf,8,5,40.0,motor_execution,T0,ds005284,2,0.5549979698083448,-27.20415912235967,True
eegmmidb,S004,data/eegmmidb/S004/S004R03.edf,8,6,48.0,motor_execution,T0,ds005284,0,0.9999999999976446,-26.134300658235627,False
eegmmidb,S004,data/eegmmidb/S004/S004R03.edf,8,7,56.0,motor_execution,T0,ds005284,0,0.9852982948390924,-27.629961906816387,False
eegmmidb,S004,data/eegmmidb/S004/S004R03.edf,8,8,64.0,motor_execution,T0,ds005284,2,0.9721028244779748,-24.85340350254752,False
eegmmidb,S004,data/eegmmidb/S004/S004R03.edf,8,9,72.0,motor_execution,T0,ds005284,0,0.9999999999975024,-21.81145811385017,False
eegmmidb,S004,data/eegmmidb/S004/S004R03.edf,8,10,80.0,motor_execution,T0,ds005284,2,0.9643607094072447,-26.69631837069983,False
eegmmidb,S004,data/eegmmidb/S004/S004R03.edf,8,11,88.0,motor_execution,T0,ds005284,0,0.9997344134358701,-34.22437496508834,True
eegmmidb,S004,data/eegmmidb/S004/S004R03.edf,8,12,96.0,motor_execution,T0,ds005284,0,0.9999761323785075,-32.27017516521974,False
eegmmidb,S004,data/eegmmidb/S004/S004R03.edf,8,13,104.0,motor_execution,T0,ds005284,2,0.9991015066949529,-21.392166149430196,False
eegmmidb,S004,data/eegmmidb/S004/S004R03.edf,8,14,112.0,motor_execution,T0,ds005284,0,0.9973737473944017,-23.064195300102472,False
eegmmidb,S004,data/eegmmidb/S004/S004R04.edf,8,0,0.0,motor_imagery,T0,ds005284,0,0.9999998290295555,-30.811875763342996,False
eegmmidb,S004,data/eegmmidb/S004/S004R04.edf,8,1,8.0,motor_imagery,T0,ds005284,0,1.0,-25.32756838070884,False
eegmmidb,S004,data/eegmmidb/S004/S004R04.edf,8,2,16.0,motor_imagery,T0,ds005284,0,0.9999961186956524,-29.59151170822776,False
eegmmidb,S004,data/eegmmidb/S004/S004R04.edf,8,3,24.0,motor_imagery,T0,ds005284,0,0.9992474080491912,-31.509127331327594,False
eegmmidb,S004,data/eegmmidb/S004/S004R04.edf,8,4,32.0,motor_imagery,T0,ds005284,0,1.0,-25.811512545207037,False
eegmmidb,S004,data/eegmmidb/S004/S004R04.edf,8,5,40.0,motor_imagery,T0,ds005284,0,0.9999999999987637,-26.4147689771662,False
eegmmidb,S004,data/eegmmidb/S004/S004R04.edf,8,6,48.0,motor_imagery,T0,ds005284,0,0.9999960790888154,-29.079671462614826,False
eegmmidb,S004,data/eegmmidb/S004/S004R04.edf,8,7,56.0,motor_imagery,T0,ds005284,0,0.9999981699633457,-29.49919414754055,False
eegmmidb,S004,data/eegmmidb/S004/S004R04.edf,8,8,64.0,motor_imagery,T0,ds005284,0,0.9999999990649897,-28.173425167447654,False
eegmmidb,S004,data/eegmmidb/S004/S004R04.edf,8,9,72.0,motor_imagery,T0,ds005284,0,1.0,-23.529272949999076,False
eegmmidb,S004,data/eegmmidb/S004/S004R04.edf,8,10,80.0,motor_imagery,T0,ds005284,0,0.9999999905028147,-35.55725430597302,True
eegmmidb,S004,data/eegmmidb/S004/S004R04.edf,8,11,88.0,motor_imagery,T0,ds005284,0,0.9999999999999041,-25.58032669619046,False
eegmmidb,S004,data/eegmmidb/S004/S004R04.edf,8,12,96.0,motor_imagery,T0,ds005284,0,0.9987484207036357,-33.00189115571669,True
eegmmidb,S004,data/eegmmidb/S004/S004R04.edf,8,13,104.0,motor_imagery,T0,ds005284,0,0.9222907679100467,-34.206909638264975,True
eegmmidb,S004,data/eegmmidb/S004/S004R04.edf,8,14,112.0,motor_imagery,T0,ds005284,0,0.99996368028872,-28.750788333577407,False
eegmmidb,S004,data/eegmmidb/S004/S004R07.edf,8,0,0.0,motor_execution,T0,ds005284,0,0.9995845838167406,-32.449547628753415,True
eegmmidb,S004,data/eegmmidb/S004/S004R07.edf,8,1,8.0,motor_execution,T0,ds005284,2,0.9980725932809096,-28.761071263758474,False
eegmmidb,S004,data/eegmmidb/S004/S004R07.edf,8,2,16.0,motor_execution,T0,ds005284,0,0.9999902657991897,-27.24460415613435,False
eegmmidb,S004,data/eegmmidb/S004/S004R07.edf,8,3,24.0,motor_execution,T0,ds005284,2,0.6988788131363795,-25.18314298032354,False
eegmmidb,S004,data/eegmmidb/S004/S004R07.edf,8,4,32.0,motor_execution,T0,ds005284,0,0.999997211929351,-25.517509076265096,False
eegmmidb,S004,data/eegmmidb/S004/S004R07.edf,8,5,40.0,motor_execution,T0,ds005284,2,0.9972772114123333,-24.11614535740115,False
eegmmidb,S004,data/eegmmidb/S004/S004R07.edf,8,6,48.0,motor_execution,T0,ds005284,0,0.9639103274758692,-26.720473699091542,False
eegmmidb,S004,data/eegmmidb/S004/S004R07.edf,8,7,56.0,motor_execution,T0,ds005284,2,0.9788131071432776,-29.380023179353223,False
eegmmidb,S004,data/eegmmidb/S004/S004R07.edf,8,8,64.0,motor_execution,T0,ds005284,2,0.9174085748938058,-27.079403028402286,False
eegmmidb,S004,data/eegmmidb/S004/S004R07.edf,8,9,72.0,motor_execution,T0,ds005284,0,0.9941084521215034,-25.42872876762108,False
eegmmidb,S004,data/eegmmidb/S004/S004R07.edf,8,10,80.0,motor_execution,T0,ds005284,0,0.9996140091802903,-23.83016307791667,False
eegmmidb,S004,data/eegmmidb/S004/S004R07.edf,8,11,88.0,motor_execution,T0,ds005284,0,0.9979059019920686,-26.96339281669084,False
eegmmidb,S004,data/eegmmidb/S004/S004R07.edf,8,12,96.0,motor_execution,T0,ds005284,2,0.9933135169241739,-26.217684930341232,False
eegmmidb,S004,data/eegmmidb/S004/S004R07.edf,8,13,104.0,motor_execution,T0,ds005284,0,0.9998198139159751,-27.231160876458706,False
eegmmidb,S004,data/eegmmidb/S004/S004R07.edf,8,14,112.0,motor_execution,T0,ds005284,0,0.9999999887359152,-28.07028932054637,False
eegmmidb,S004,data/eegmmidb/S004/S004R08.edf,8,0,0.0,motor_imagery,T0,ds005284,0,0.9999999999927383,-27.41678843444181,False
eegmmidb,S004,data/eegmmidb/S004/S004R08.edf,8,1,8.0,motor_imagery,T0,ds005284,0,0.9985413473492962,-26.24793592573165,False
eegmmidb,S004,data/eegmmidb/S004/S004R08.edf,8,2,16.0,motor_imagery,T0,ds005284,0,0.9751820486034108,-31.541362658696084,False
eegmmidb,S004,data/eegmmidb/S004/S004R08.edf,8,3,24.0,motor_imagery,T0,ds005284,0,0.9999969964119219,-27.02009798030749,False
eegmmidb,S004,data/eegmmidb/S004/S004R08.edf,8,4,32.0,motor_imagery,T0,ds005284,2,0.5219897181348365,-27.8393775863553,True
eegmmidb,S004,data/eegmmidb/S004/S004R08.edf,8,5,40.0,motor_imagery,T0,ds005284,0,0.9999999999999751,-21.729879897010793,False
eegmmidb,S004,data/eegmmidb/S004/S004R08.edf,8,6,48.0,motor_imagery,T0,ds005284,0,0.9999999999999929,-24.555467798281608,False
eegmmidb,S004,data/eegmmidb/S004/S004R08.edf,8,7,56.0,motor_imagery,T0,ds005284,0,0.9999998742155868,-24.895144337957618,False
eegmmidb,S004,data/eegmmidb/S004/S004R08.edf,8,8,64.0,motor_imagery,T0,ds005284,0,0.996391920375838,-26.86188044110427,False
eegmmidb,S004,data/eegmmidb/S004/S004R08.edf,8,9,72.0,motor_imagery,T0,ds005284,0,0.9973227058107578,-28.59675239487859,False
eegmmidb,S004,data/eegmmidb/S004/S004R08.edf,8,10,80.0,motor_imagery,T0,ds005284,0,0.9999999066684325,-24.67762510107537,False
eegmmidb,S004,data/eegmmidb/S004/S004R08.edf,8,11,88.0,motor_imagery,T0,ds005284,0,0.9999999999739018,-23.969298112191822,False
eegmmidb,S004,data/eegmmidb/S004/S004R08.edf,8,12,96.0,motor_imagery,T0,ds005284,0,1.0,-24.85698504587031,False
eegmmidb,S004,data/eegmmidb/S004/S004R08.edf,8,13,104.0,motor_imagery,T0,ds005284,0,1.0,-27.20193638536211,False
eegmmidb,S004,data/eegmmidb/S004/S004R08.edf,8,14,112.0,motor_imagery,T0,ds005284,0,0.999422236687085,-28.97573353077562,False
eegmmidb,S004,data/eegmmidb/S004/S004R11.edf,8,0,0.0,motor_execution,T0,ds005284,2,0.9937479590021961,-24.017059371043583,False
eegmmidb,S004,data/eegmmidb/S004/S004R11.edf,8,1,8.0,motor_execution,T0,ds005284,2,0.9998312705214366,-23.17758591437875,False
eegmmidb,S004,data/eegmmidb/S004/S004R11.edf,8,2,16.0,motor_execution,T0,ds005284,2,0.999671700769175,-35.1265954487492,True
eegmmidb,S004,data/eegmmidb/S004/S004R11.edf,8,3,24.0,motor_execution,T0,ds005284,0,0.9989289431155742,-23.725573977007514,False
eegmmidb,S004,data/eegmmidb/S004/S004R11.edf,8,4,32.0,motor_execution,T0,ds005284,2,0.9998621452288081,-20.80927689819657,False
eegmmidb,S004,data/eegmmidb/S004/S004R11.edf,8,5,40.0,motor_execution,T0,ds005284,0,0.9998174726347331,-40.96459432526859,True
eegmmidb,S004,data/eegmmidb/S004/S004R11.edf,8,6,48.0,motor_execution,T0,ds005284,0,0.9999987712951163,-24.685652310103773,False
eegmmidb,S004,data/eegmmidb/S004/S004R11.edf,8,7,56.0,motor_execution,T0,ds005284,2,0.9999662387823774,-19.181950961658533,False
eegmmidb,S004,data/eegmmidb/S004/S004R11.edf,8,8,64.0,motor_execution,T0,ds005284,1,0.9999957575157946,-34.52506457699859,True
eegmmidb,S004,data/eegmmidb/S004/S004R11.edf,8,9,72.0,motor_execution,T0,ds005284,0,0.9999938598570246,-22.65985645414153,False
eegmmidb,S004,data/eegmmidb/S004/S004R11.edf,8,10,80.0,motor_execution,T0,ds005284,0,0.999984232985396,-24.108679553428896,False
eegmmidb,S004,data/eegmmidb/S004/S004R11.edf,8,11,88.0,motor_execution,T0,ds005284,2,0.9999276794222637,-18.70186776874501,False
eegmmidb,S004,data/eegmmidb/S004/S004R11.edf,8,12,96.0,motor_execution,T0,ds005284,0,0.8996952227011342,-28.980565768857783,False
eegmmidb,S004,data/eegmmidb/S004/S004R11.edf,8,13,104.0,motor_execution,T0,ds005284,0,0.9612194232102814,-25.16501656168679,False
eegmmidb,S004,data/eegmmidb/S004/S004R11.edf,8,14,112.0,motor_execution,T0,ds005284,2,0.9986617803673052,-28.77809828065468,False
eegmmidb,S004,data/eegmmidb/S004/S004R12.edf,8,0,0.0,motor_imagery,T0,ds005284,0,0.999999990684806,-29.1310961871931,False
eegmmidb,S004,data/eegmmidb/S004/S004R12.edf,8,1,8.0,motor_imagery,T0,ds005284,0,0.9929203529080552,-34.71877502102199,True
eegmmidb,S004,data/eegmmidb/S004/S004R12.edf,8,2,16.0,motor_imagery,T0,ds005284,2,0.644039001818538,-26.133636492059566,False
eegmmidb,S004,data/eegmmidb/S004/S004R12.edf,8,3,24.0,motor_imagery,T0,ds005284,2,0.8263181861645712,-32.63278459700174,True
eegmmidb,S004,data/eegmmidb/S004/S004R12.edf,8,4,32.0,motor_imagery,T0,ds005284,0,0.9999999999996447,-33.632243874324445,True
eegmmidb,S004,data/eegmmidb/S004/S004R12.edf,8,5,40.0,motor_imagery,T0,ds005284,0,1.0,-28.506882929070095,False
eegmmidb,S004,data/eegmmidb/S004/S004R12.edf,8,6,48.0,motor_imagery,T0,ds005284,0,0.999999952022095,-38.67935791544863,True
eegmmidb,S004,data/eegmmidb/S004/S004R12.edf,8,7,56.0,motor_imagery,T0,ds005284,0,0.9999999998319282,-39.910967194263684,True
eegmmidb,S004,data/eegmmidb/S004/S004R12.edf,8,8,64.0,motor_imagery,T0,ds005284,0,0.9999999999982521,-33.79007271408099,True
eegmmidb,S004,data/eegmmidb/S004/S004R12.edf,8,9,72.0,motor_imagery,T0,ds005284,0,0.9939624195501492,-35.360337730773566,True
eegmmidb,S004,data/eegmmidb/S004/S004R12.edf,8,10,80.0,motor_imagery,T0,ds005284,0,0.9999999999999574,-35.571870976644384,True
eegmmidb,S004,data/eegmmidb/S004/S004R12.edf,8,11,88.0,motor_imagery,T0,ds005284,0,0.9999999999999929,-31.923618984234118,False
eegmmidb,S004,data/eegmmidb/S004/S004R12.edf,8,12,96.0,motor_imagery,T0,ds005284,0,0.9999999999895763,-33.22966376337619,True
eegmmidb,S004,data/eegmmidb/S004/S004R12.edf,8,13,104.0,motor_imagery,T0,ds005284,0,0.9999999999997939,-30.68610675607956,False
eegmmidb,S004,data/eegmmidb/S004/S004R12.edf,8,14,112.0,motor_imagery,T0,ds005284,0,0.9999999998594404,-42.91651189490389,True
eegmmidb,S005,data/eegmmidb/S005/S005R01.edf,8,0,0.0,eyes_open_rest,T0,ds005284,0,1.0,-37.89264400540836,True
eegmmidb,S005,data/eegmmidb/S005/S005R01.edf,8,1,8.0,eyes_open_rest,T0,ds005284,0,1.0,-44.99022143018688,True
eegmmidb,S005,data/eegmmidb/S005/S005R01.edf,8,2,16.0,eyes_open_rest,T0,ds005284,0,1.0,-47.20296370371811,True
eegmmidb,S005,data/eegmmidb/S005/S005R01.edf,8,3,24.0,eyes_open_rest,T0,ds005284,0,1.0,-52.837981133134804,True
eegmmidb,S005,data/eegmmidb/S005/S005R01.edf,8,4,32.0,eyes_open_rest,T0,ds005284,0,1.0,-43.840069456816565,True
eegmmidb,S005,data/eegmmidb/S005/S005R01.edf,8,5,40.0,eyes_open_rest,T0,ds005284,0,1.0,-45.05939586207748,True
eegmmidb,S005,data/eegmmidb/S005/S005R01.edf,8,6,48.0,eyes_open_rest,T0,ds005284,0,1.0,-46.00760606095766,True
eegmmidb,S005,data/eegmmidb/S005/S005R02.edf,8,0,0.0,eyes_closed_rest,T0,ds005284,0,0.999999999978364,-40.67083626164036,True
eegmmidb,S005,data/eegmmidb/S005/S005R02.edf,8,1,8.0,eyes_closed_rest,T0,ds005284,0,0.999999999999936,-49.400066985700526,True
eegmmidb,S005,data/eegmmidb/S005/S005R02.edf,8,2,16.0,eyes_closed_rest,T0,ds005284,0,1.0,-45.52398206995393,True
eegmmidb,S005,data/eegmmidb/S005/S005R02.edf,8,3,24.0,eyes_closed_rest,T0,ds005284,0,1.0,-38.373906380075965,True
eegmmidb,S005,data/eegmmidb/S005/S005R02.edf,8,4,32.0,eyes_closed_rest,T0,ds005284,0,0.9999999991898747,-52.92143713053793,True
eegmmidb,S005,data/eegmmidb/S005/S005R02.edf,8,5,40.0,eyes_closed_rest,T0,ds005284,0,0.9999999997747864,-46.72372975987415,True
eegmmidb,S005,data/eegmmidb/S005/S005R02.edf,8,6,48.0,eyes_closed_rest,T0,ds005284,0,0.9999999999948344,-46.252248602259094,True
eegmmidb,S005,data/eegmmidb/S005/S005R03.edf,8,0,0.0,motor_execution,T0,ds005284,0,1.0,-46.63358145664972,True
eegmmidb,S005,data/eegmmidb/S005/S005R03.edf,8,1,8.0,motor_execution,T0,ds005284,0,1.0,-39.27547831268295,True
eegmmidb,S005,data/eegmmidb/S005/S005R03.edf,8,2,16.0,motor_execution,T0,ds005284,0,1.0,-39.29921262073079,True
eegmmidb,S005,data/eegmmidb/S005/S005R03.edf,8,3,24.0,motor_execution,T0,ds005284,0,1.0,-36.49252905908811,True
eegmmidb,S005,data/eegmmidb/S005/S005R03.edf,8,4,32.0,motor_execution,T0,ds005284,0,1.0,-40.03133704060672,True
eegmmidb,S005,data/eegmmidb/S005/S005R03.edf,8,5,40.0,motor_execution,T0,ds005284,0,1.0,-54.100090628349065,True
eegmmidb,S005,data/eegmmidb/S005/S005R03.edf,8,6,48.0,motor_execution,T0,ds005284,0,1.0,-45.389068297880236,True
eegmmidb,S005,data/eegmmidb/S005/S005R03.edf,8,7,56.0,motor_execution,T0,ds005284,0,1.0,-51.58114870532169,True
eegmmidb,S005,data/eegmmidb/S005/S005R03.edf,8,8,64.0,motor_execution,T0,ds005284,0,1.0,-43.103088130732985,True
eegmmidb,S005,data/eegmmidb/S005/S005R03.edf,8,9,72.0,motor_execution,T0,ds005284,0,1.0,-50.33875922715357,True
eegmmidb,S005,data/eegmmidb/S005/S005R03.edf,8,10,80.0,motor_execution,T0,ds005284,0,1.0,-48.012475632456244,True
eegmmidb,S005,data/eegmmidb/S005/S005R03.edf,8,11,88.0,motor_execution,T0,ds005284,0,1.0,-46.854963394649154,True
eegmmidb,S005,data/eegmmidb/S005/S005R03.edf,8,12,96.0,motor_execution,T0,ds005284,0,1.0,-43.92437601556482,True
eegmmidb,S005,data/eegmmidb/S005/S005R03.edf,8,13,104.0,motor_execution,T0,ds005284,0,1.0,-51.81650862221088,True
eegmmidb,S005,data/eegmmidb/S005/S005R03.edf,8,14,112.0,motor_execution,T0,ds005284,0,1.0,-56.02701755071369,True
eegmmidb,S005,data/eegmmidb/S005/S005R04.edf,8,0,0.0,motor_imagery,T0,ds005284,0,0.9999999999999858,-34.70225202904153,True
eegmmidb,S005,data/eegmmidb/S005/S005R04.edf,8,1,8.0,motor_imagery,T0,ds005284,0,1.0,-27.963303823598086,False
eegmmidb,S005,data/eegmmidb/S005/S005R04.edf,8,2,16.0,motor_imagery,T0,ds005284,0,1.0,-41.63868707453026,True
eegmmidb,S005,data/eegmmidb/S005/S005R04.edf,8,3,24.0,motor_imagery,T0,ds005284,0,0.999999970503652,-32.358070434563366,True
eegmmidb,S005,data/eegmmidb/S005/S005R04.edf,8,4,32.0,motor_imagery,T0,ds005284,0,1.0,-39.73718419589887,True
eegmmidb,S005,data/eegmmidb/S005/S005R04.edf,8,5,40.0,motor_imagery,T0,ds005284,0,0.9999999999999929,-39.75135839657599,True
eegmmidb,S005,data/eegmmidb/S005/S005R04.edf,8,6,48.0,motor_imagery,T0,ds005284,0,0.9999999999998153,-42.48950171058392,True
eegmmidb,S005,data/eegmmidb/S005/S005R04.edf,8,7,56.0,motor_imagery,T0,ds005284,0,0.9999999999999929,-37.12562061175905,True
eegmmidb,S005,data/eegmmidb/S005/S005R04.edf,8,8,64.0,motor_imagery,T0,ds005284,0,0.9999999999995737,-43.78850751892594,True
eegmmidb,S005,data/eegmmidb/S005/S005R04.edf,8,9,72.0,motor_imagery,T0,ds005284,0,0.9999999999999787,-45.06357236023099,True
eegmmidb,S005,data/eegmmidb/S005/S005R04.edf,8,10,80.0,motor_imagery,T0,ds005284,0,1.0,-48.127879572647174,True
eegmmidb,S005,data/eegmmidb/S005/S005R04.edf,8,11,88.0,motor_imagery,T0,ds005284,0,1.0,-34.799095916135066,True
eegmmidb,S005,data/eegmmidb/S005/S005R04.edf,8,12,96.0,motor_imagery,T0,ds005284,0,0.9999999999990479,-35.812003151971055,True
eegmmidb,S005,data/eegmmidb/S005/S005R04.edf,8,13,104.0,motor_imagery,T0,ds005284,0,1.0,-36.82927329555378,True
eegmmidb,S005,data/eegmmidb/S005/S005R04.edf,8,14,112.0,motor_imagery,T0,ds005284,0,0.9999999991043751,-35.181929770867654,True
eegmmidb,S005,data/eegmmidb/S005/S005R07.edf,8,0,0.0,motor_execution,T0,ds005284,0,1.0,-39.89773215692426,True
eegmmidb,S005,data/eegmmidb/S005/S005R07.edf,8,1,8.0,motor_execution,T0,ds005284,0,1.0,-52.038928502208435,True
eegmmidb,S005,data/eegmmidb/S005/S005R07.edf,8,2,16.0,motor_execution,T0,ds005284,0,1.0,-54.56176721939579,True
eegmmidb,S005,data/eegmmidb/S005/S005R07.edf,8,3,24.0,motor_execution,T0,ds005284,0,1.0,-43.38593471734927,True
eegmmidb,S005,data/eegmmidb/S005/S005R07.edf,8,4,32.0,motor_execution,T0,ds005284,0,1.0,-43.37960015121627,True
eegmmidb,S005,data/eegmmidb/S005/S005R07.edf,8,5,40.0,motor_execution,T0,ds005284,0,1.0,-44.82109354240266,True
eegmmidb,S005,data/eegmmidb/S005/S005R07.edf,8,6,48.0,motor_execution,T0,ds005284,0,1.0,-35.16216567687155,True
eegmmidb,S005,data/eegmmidb/S005/S005R07.edf,8,7,56.0,motor_execution,T0,ds005284,0,1.0,-46.63511443621897,True
eegmmidb,S005,data/eegmmidb/S005/S005R07.edf,8,8,64.0,motor_execution,T0,ds005284,0,1.0,-49.05831964829672,True
eegmmidb,S005,data/eegmmidb/S005/S005R07.edf,8,9,72.0,motor_execution,T0,ds005284,0,1.0,-49.61326514752359,True
eegmmidb,S005,data/eegmmidb/S005/S005R07.edf,8,10,80.0,motor_execution,T0,ds005284,0,1.0,-35.96315333143983,True
eegmmidb,S005,data/eegmmidb/S005/S005R07.edf,8,11,88.0,motor_execution,T0,ds005284,0,1.0,-40.48601126560884,True
eegmmidb,S005,data/eegmmidb/S005/S005R07.edf,8,12,96.0,motor_execution,T0,ds005284,0,1.0,-54.629015078957124,True
eegmmidb,S005,data/eegmmidb/S005/S005R07.edf,8,13,104.0,motor_execution,T0,ds005284,0,1.0,-52.219472080928874,True
eegmmidb,S005,data/eegmmidb/S005/S005R07.edf,8,14,112.0,motor_execution,T0,ds005284,0,1.0,-42.04803753125832,True
eegmmidb,S005,data/eegmmidb/S005/S005R08.edf,8,0,0.0,motor_imagery,T0,ds005284,0,1.0,-48.2910765383097,True
eegmmidb,S005,data/eegmmidb/S005/S005R08.edf,8,1,8.0,motor_imagery,T0,ds005284,0,1.0,-32.14540987365395,False
eegmmidb,S005,data/eegmmidb/S005/S005R08.edf,8,2,16.0,motor_imagery,T0,ds005284,0,1.0,-49.981337741954924,True
eegmmidb,S005,data/eegmmidb/S005/S005R08.edf,8,3,24.0,motor_imagery,T0,ds005284,0,1.0,-48.132416852233675,True
eegmmidb,S005,data/eegmmidb/S005/S005R08.edf,8,4,32.0,motor_imagery,T0,ds005284,0,1.0,-40.459660935305195,True
eegmmidb,S005,data/eegmmidb/S005/S005R08.edf,8,5,40.0,motor_imagery,T0,ds005284,0,1.0,-36.60713169319828,True
eegmmidb,S005,data/eegmmidb/S005/S005R08.edf,8,6,48.0,motor_imagery,T0,ds005284,0,1.0,-30.650285948079684,False
eegmmidb,S005,data/eegmmidb/S005/S005R08.edf,8,7,56.0,motor_imagery,T0,ds005284,0,1.0,-33.240568935696466,True
eegmmidb,S005,data/eegmmidb/S005/S005R08.edf,8,8,64.0,motor_imagery,T0,ds005284,0,1.0,-37.20512904341905,True
eegmmidb,S005,data/eegmmidb/S005/S005R08.edf,8,9,72.0,motor_imagery,T0,ds005284,0,0.9999999996512656,-56.79465556782722,True
eegmmidb,S005,data/eegmmidb/S005/S005R08.edf,8,10,80.0,motor_imagery,T0,ds005284,0,0.9999999999979323,-48.01943855591442,True
eegmmidb,S005,data/eegmmidb/S005/S005R08.edf,8,11,88.0,motor_imagery,T0,ds005284,0,0.9999999999808296,-43.81334305821681,True
eegmmidb,S005,data/eegmmidb/S005/S005R08.edf,8,12,96.0,motor_imagery,T0,ds005284,0,0.9999999995197513,-46.871916564887236,True
eegmmidb,S005,data/eegmmidb/S005/S005R08.edf,8,13,104.0,motor_imagery,T0,ds005284,0,0.9999999999991616,-53.50992802205761,True
eegmmidb,S005,data/eegmmidb/S005/S005R08.edf,8,14,112.0,motor_imagery,T0,ds005284,0,0.9999999999965397,-52.771445993309165,True
eegmmidb,S005,data/eegmmidb/S005/S005R11.edf,8,0,0.0,motor_execution,T0,ds005284,0,1.0,-54.1069056962894,True
eegmmidb,S005,data/eegmmidb/S005/S005R11.edf,8,1,8.0,motor_execution,T0,ds005284,0,1.0,-58.098149134918025,True
eegmmidb,S005,data/eegmmidb/S005/S005R11.edf,8,2,16.0,motor_execution,T0,ds005284,0,1.0,-33.52353240090679,True
eegmmidb,S005,data/eegmmidb/S005/S005R11.edf,8,3,24.0,motor_execution,T0,ds005284,0,0.9999999999999858,-37.71493846239816,True
eegmmidb,S005,data/eegmmidb/S005/S005R11.edf,8,4,32.0,motor_execution,T0,ds005284,0,1.0,-31.569137550058592,False
eegmmidb,S005,data/eegmmidb/S005/S005R11.edf,8,5,40.0,motor_execution,T0,ds005284,0,0.99999999999784,-39.502403975957165,True
eegmmidb,S005,data/eegmmidb/S005/S005R11.edf,8,6,48.0,motor_execution,T0,ds005284,0,0.9999999999571401,-46.06813617921606,True
eegmmidb,S005,data/eegmmidb/S005/S005R11.edf,8,7,56.0,motor_execution,T0,ds005284,0,0.9999999998090416,-48.519061182423734,True
eegmmidb,S005,data/eegmmidb/S005/S005R11.edf,8,8,64.0,motor_execution,T0,ds005284,0,0.9999999999999929,-45.1513594163187,True
eegmmidb,S005,data/eegmmidb/S005/S005R11.edf,8,9,72.0,motor_execution,T0,ds005284,0,0.9999999999696598,-47.30270845109293,True
eegmmidb,S005,data/eegmmidb/S005/S005R11.edf,8,10,80.0,motor_execution,T0,ds005284,0,1.0,-33.03884544140031,True
eegmmidb,S005,data/eegmmidb/S005/S005R11.edf,8,11,88.0,motor_execution,T0,ds005284,0,1.0,-42.68467092551388,True
eegmmidb,S005,data/eegmmidb/S005/S005R11.edf,8,12,96.0,motor_execution,T0,ds005284,0,0.9999999999999787,-51.55468916632592,True
eegmmidb,S005,data/eegmmidb/S005/S005R11.edf,8,13,104.0,motor_execution,T0,ds005284,0,0.9999999999994458,-49.08815132726029,True
eegmmidb,S005,data/eegmmidb/S005/S005R11.edf,8,14,112.0,motor_execution,T0,ds005284,0,0.9999999999680682,-44.3190067253566,True
eegmmidb,S005,data/eegmmidb/S005/S005R12.edf,8,0,0.0,motor_imagery,T0,ds005284,0,0.9999999996554223,-44.96152934659519,True
eegmmidb,S005,data/eegmmidb/S005/S005R12.edf,8,1,8.0,motor_imagery,T0,ds005284,0,1.0,-29.641123568877198,False
eegmmidb,S005,data/eegmmidb/S005/S005R12.edf,8,2,16.0,motor_imagery,T0,ds005284,0,1.0,-33.26156526926913,True
eegmmidb,S005,data/eegmmidb/S005/S005R12.edf,8,3,24.0,motor_imagery,T0,ds005284,0,0.9999999999779448,-35.667102482612954,True
eegmmidb,S005,data/eegmmidb/S005/S005R12.edf,8,4,32.0,motor_imagery,T0,ds005284,0,1.0,-26.805113404369003,False
eegmmidb,S005,data/eegmmidb/S005/S005R12.edf,8,5,40.0,motor_imagery,T0,ds005284,0,0.9999999999999964,-28.793313985858564,False
eegmmidb,S005,data/eegmmidb/S005/S005R12.edf,8,6,48.0,motor_imagery,T0,ds005284,0,0.9999999620886733,-38.57231606569182,True
eegmmidb,S005,data/eegmmidb/S005/S005R12.edf,8,7,56.0,motor_imagery,T0,ds005284,0,0.9999999998503171,-44.695831715812695,True
eegmmidb,S005,data/eegmmidb/S005/S005R12.edf,8,8,64.0,motor_imagery,T0,ds005284,0,0.9999999998022133,-47.44569628706859,True
eegmmidb,S005,data/eegmmidb/S005/S005R12.edf,8,9,72.0,motor_imagery,T0,ds005284,0,0.9999999999997371,-39.83488492061925,True
eegmmidb,S005,data/eegmmidb/S005/S005R12.edf,8,10,80.0,motor_imagery,T0,ds005284,0,0.99999958920582,-39.18762895200975,True
eegmmidb,S005,data/eegmmidb/S005/S005R12.edf,8,11,88.0,motor_imagery,T0,ds005284,0,0.9999997263530337,-37.28328708859625,True
eegmmidb,S005,data/eegmmidb/S005/S005R12.edf,8,12,96.0,motor_imagery,T0,ds005284,0,0.999999996896392,-40.852560759506844,True
eegmmidb,S005,data/eegmmidb/S005/S005R12.edf,8,13,104.0,motor_imagery,T0,ds005284,0,0.9999999999999645,-30.156156947551487,False
eegmmidb,S005,data/eegmmidb/S005/S005R12.edf,8,14,112.0,motor_imagery,T0,ds005284,0,0.9999999981332195,-32.890880259773425,True
eegmmidb,S006,data/eegmmidb/S006/S006R01.edf,8,0,0.0,eyes_open_rest,T0,ds005284,0,1.0,-24.62680218323972,False
eegmmidb,S006,data/eegmmidb/S006/S006R01.edf,8,1,8.0,eyes_open_rest,T0,ds005284,0,0.9999999999999787,-23.26189733891109,False
eegmmidb,S006,data/eegmmidb/S006/S006R01.edf,8,2,16.0,eyes_open_rest,T0,ds005284,0,0.9999999999999716,-23.130646852786967,False
eegmmidb,S006,data/eegmmidb/S006/S006R01.edf,8,3,24.0,eyes_open_rest,T0,ds005284,0,0.9999999999920419,-27.591344003881716,False
eegmmidb,S006,data/eegmmidb/S006/S006R01.edf,8,4,32.0,eyes_open_rest,T0,ds005284,0,0.9999999999537437,-22.92258348556589,False
eegmmidb,S006,data/eegmmidb/S006/S006R01.edf,8,5,40.0,eyes_open_rest,T0,ds005284,0,1.0,-23.51981381840484,False
eegmmidb,S006,data/eegmmidb/S006/S006R01.edf,8,6,48.0,eyes_open_rest,T0,ds005284,0,0.9999999207364669,-28.076148918105748,False
eegmmidb,S006,data/eegmmidb/S006/S006R02.edf,8,0,0.0,eyes_closed_rest,T0,ds005284,0,1.0,-93.58474430299154,True
eegmmidb,S006,data/eegmmidb/S006/S006R02.edf,8,1,8.0,eyes_closed_rest,T0,ds005284,0,1.0,-73.94172648607714,True
eegmmidb,S006,data/eegmmidb/S006/S006R02.edf,8,2,16.0,eyes_closed_rest,T0,ds005284,0,1.0,-66.8762498523005,True
eegmmidb,S006,data/eegmmidb/S006/S006R02.edf,8,3,24.0,eyes_closed_rest,T0,ds005284,0,1.0,-68.61284180285104,True
eegmmidb,S006,data/eegmmidb/S006/S006R02.edf,8,4,32.0,eyes_closed_rest,T0,ds005284,0,1.0,-71.40599394770041,True
eegmmidb,S006,data/eegmmidb/S006/S006R02.edf,8,5,40.0,eyes_closed_rest,T0,ds005284,0,1.0,-67.86534745206338,True
eegmmidb,S006,data/eegmmidb/S006/S006R02.edf,8,6,48.0,eyes_closed_rest,T0,ds005284,0,0.9999999907494583,-64.40993988026779,True
eegmmidb,S006,data/eegmmidb/S006/S006R03.edf,8,0,0.0,motor_execution,T0,ds005284,0,1.0,-24.895061556199533,False
eegmmidb,S006,data/eegmmidb/S006/S006R03.edf,8,1,8.0,motor_execution,T0,ds005284,0,0.9999999999999929,-34.7285049029308,True
eegmmidb,S006,data/eegmmidb/S006/S006R03.edf,8,2,16.0,motor_execution,T0,ds005284,0,0.999999999963034,-22.911466928665313,False
eegmmidb,S006,data/eegmmidb/S006/S006R03.edf,8,3,24.0,motor_execution,T0,ds005284,0,0.9999999996855635,-26.67424696752602,False
eegmmidb,S006,data/eegmmidb/S006/S006R03.edf,8,4,32.0,motor_execution,T0,ds005284,0,0.9999999833467151,-26.266878730132007,False
eegmmidb,S006,data/eegmmidb/S006/S006R03.edf,8,5,40.0,motor_execution,T0,ds005284,0,0.9999999999999929,-35.37412542569364,True
eegmmidb,S006,data/eegmmidb/S006/S006R03.edf,8,6,48.0,motor_execution,T0,ds005284,0,0.9999999737054889,-27.680948789008905,False
eegmmidb,S006,data/eegmmidb/S006/S006R03.edf,8,7,56.0,motor_execution,T0,ds005284,0,0.9999999999821974,-31.08840663407901,False
eegmmidb,S006,data/eegmmidb/S006/S006R03.edf,8,8,64.0,motor_execution,T0,ds005284,0,0.9999999998672102,-29.262258302984723,False
eegmmidb,S006,data/eegmmidb/S006/S006R03.edf,8,9,72.0,motor_execution,T0,ds005284,0,0.9999999700396143,-30.148226186434737,False
eegmmidb,S006,data/eegmmidb/S006/S006R03.edf,8,10,80.0,motor_execution,T0,ds005284,0,0.9999998791237774,-36.470482250335515,True
eegmmidb,S006,data/eegmmidb/S006/S006R03.edf,8,11,88.0,motor_execution,T0,ds005284,0,1.0,-49.35927445922464,True
eegmmidb,S006,data/eegmmidb/S006/S006R04.edf,8,0,0.0,motor_imagery,T0,ds005284,0,0.9999999999946425,-22.166122905898845,False
eegmmidb,S006,data/eegmmidb/S006/S006R04.edf,8,1,8.0,motor_imagery,T0,ds005284,0,1.0,-60.617896067757414,True
eegmmidb,S006,data/eegmmidb/S006/S006R04.edf,8,2,16.0,motor_imagery,T0,ds005284,0,0.9999999947406444,-26.56827574666385,False
eegmmidb,S006,data/eegmmidb/S006/S006R04.edf,8,3,24.0,motor_imagery,T0,ds005284,0,0.9999999999773053,-32.26726155118709,False
eegmmidb,S006,data/eegmmidb/S006/S006R04.edf,8,4,32.0,motor_imagery,T0,ds005284,0,0.9999999999900879,-21.59303125324163,False
eegmmidb,S006,data/eegmmidb/S006/S006R04.edf,8,5,40.0,motor_imagery,T0,ds005284,0,0.999999999935504,-28.869222125304432,False
eegmmidb,S006,data/eegmmidb/S006/S006R04.edf,8,6,48.0,motor_imagery,T0,ds005284,0,0.9999999940713344,-26.067577687907626,False
eegmmidb,S006,data/eegmmidb/S006/S006R04.edf,8,7,56.0,motor_imagery,T0,ds005284,0,0.9999895056535583,-31.44360595849836,False
eegmmidb,S006,data/eegmmidb/S006/S006R04.edf,8,8,64.0,motor_imagery,T0,ds005284,0,0.9999999987655066,-25.520471262874697,False
eegmmidb,S006,data/eegmmidb/S006/S006R04.edf,8,9,72.0,motor_imagery,T0,ds005284,0,0.9999998677007599,-42.36082556787986,True
eegmmidb,S006,data/eegmmidb/S006/S006R04.edf,8,10,80.0,motor_imagery,T0,ds005284,0,0.9999999991567989,-24.544058701135725,False
eegmmidb,S006,data/eegmmidb/S006/S006R04.edf,8,11,88.0,motor_imagery,T0,ds005284,0,0.9999999999997158,-64.17973766908392,True
eegmmidb,S006,data/eegmmidb/S006/S006R07.edf,8,0,0.0,motor_execution,T0,ds005284,0,1.0,-32.48291690361445,True
eegmmidb,S006,data/eegmmidb/S006/S006R07.edf,8,1,8.0,motor_execution,T0,ds005284,0,1.0,-23.748991923056256,False
eegmmidb,S006,data/eegmmidb/S006/S006R07.edf,8,2,16.0,motor_execution,T0,ds005284,0,1.0,-38.36493854893085,True
eegmmidb,S006,data/eegmmidb/S006/S006R07.edf,8,3,24.0,motor_execution,T0,ds005284,0,1.0,-75.72551610614374,True
eegmmidb,S006,data/eegmmidb/S006/S006R07.edf,8,4,32.0,motor_execution,T0,ds005284,0,1.0,-36.50753459722685,True
eegmmidb,S006,data/eegmmidb/S006/S006R07.edf,8,5,40.0,motor_execution,T0,ds005284,0,1.0,-65.28164642931144,True
eegmmidb,S006,data/eegmmidb/S006/S006R08.edf,8,0,0.0,motor_imagery,T0,ds005284,0,1.0,-119.89901603510089,True
eegmmidb,S006,data/eegmmidb/S006/S006R08.edf,8,1,8.0,motor_imagery,T0,ds005284,0,0.9999999999999147,-39.69554560001379,True
eegmmidb,S006,data/eegmmidb/S006/S006R08.edf,8,2,16.0,motor_imagery,T0,ds005284,0,0.9999999999997158,-29.790964262172814,False
eegmmidb,S006,data/eegmmidb/S006/S006R08.edf,8,3,24.0,motor_imagery,T0,ds005284,0,1.0,-65.03012094758427,True
eegmmidb,S006,data/eegmmidb/S006/S006R08.edf,8,4,32.0,motor_imagery,T0,ds005284,0,0.9999999999999929,-42.234268333552855,True
eegmmidb,S006,data/eegmmidb/S006/S006R08.edf,8,5,40.0,motor_imagery,T0,ds005284,0,1.0,-65.34942517715045,True
eegmmidb,S006,data/eegmmidb/S006/S006R11.edf,8,0,0.0,motor_execution,T0,ds005284,0,1.0,-40.92212272696884,True
eegmmidb,S006,data/eegmmidb/S006/S006R11.edf,8,1,8.0,motor_execution,T0,ds005284,0,1.0,-91.73358715484943,True
eegmmidb,S006,data/eegmmidb/S006/S006R11.edf,8,2,16.0,motor_execution,T0,ds005284,0,1.0,-52.4445511770473,True
eegmmidb,S006,data/eegmmidb/S006/S006R11.edf,8,3,24.0,motor_execution,T0,ds005284,0,1.0,-63.09541651747877,True
eegmmidb,S006,data/eegmmidb/S006/S006R11.edf,8,4,32.0,motor_execution,T0,ds005284,0,1.0,-88.52735432689154,True
eegmmidb,S006,data/eegmmidb/S006/S006R12.edf,8,0,0.0,motor_imagery,T0,ds005284,0,1.0,-111.25731249946739,True
eegmmidb,S006,data/eegmmidb/S006/S006R12.edf,8,1,8.0,motor_imagery,T0,ds005284,0,1.0,-24.302149579686464,False
eegmmidb,S006,data/eegmmidb/S006/S006R12.edf,8,2,16.0,motor_imagery,T0,ds005284,0,1.0,-39.20391728729179,True
eegmmidb,S006,data/eegmmidb/S006/S006R12.edf,8,3,24.0,motor_imagery,T0,ds005284,0,1.0,-65.41131446081631,True
eegmmidb,S006,data/eegmmidb/S006/S006R12.edf,8,4,32.0,motor_imagery,T0,ds005284,0,1.0,-81.97961900258761,True
eegmmidb,S007,data/eegmmidb/S007/S007R01.edf,8,0,0.0,eyes_open_rest,T0,ds005284,0,0.9999999999999538,-28.988756437164863,False
eegmmidb,S007,data/eegmmidb/S007/S007R01.edf,8,1,8.0,eyes_open_rest,T0,ds005284,0,0.999999998668379,-44.666030361175224,True
eegmmidb,S007,data/eegmmidb/S007/S007R01.edf,8,2,16.0,eyes_open_rest,T0,ds005284,1,0.9999999984262189,-71.55710880052611,True
eegmmidb,S007,data/eegmmidb/S007/S007R01.edf,8,3,24.0,eyes_open_rest,T0,ds005284,1,0.9998946514625281,-53.254712052101986,True
eegmmidb,S007,data/eegmmidb/S007/S007R01.edf,8,4,32.0,eyes_open_rest,T0,ds005284,2,0.9999792953188543,-87.43189433893025,True
eegmmidb,S007,data/eegmmidb/S007/S007R02.edf,8,0,0.0,eyes_closed_rest,T0,ds005284,1,0.9999999999573959,-130.1678809181678,True
eegmmidb,S007,data/eegmmidb/S007/S007R02.edf,8,1,8.0,eyes_closed_rest,T0,ds005284,1,1.0,-106.73858304558436,True
eegmmidb,S007,data/eegmmidb/S007/S007R02.edf,8,2,16.0,eyes_closed_rest,T0,ds005284,1,0.9999999999997442,-121.17467411805546,True
eegmmidb,S007,data/eegmmidb/S007/S007R02.edf,8,3,24.0,eyes_closed_rest,T0,ds005284,1,1.0,-102.13769613204278,True
eegmmidb,S007,data/eegmmidb/S007/S007R03.edf,8,0,0.0,motor_execution,T0,ds005284,0,1.0,-29.584987999487623,False
eegmmidb,S007,data/eegmmidb/S007/S007R03.edf,8,1,8.0,motor_execution,T0,ds005284,0,0.9999999994506723,-32.81538213308912,True
eegmmidb,S007,data/eegmmidb/S007/S007R03.edf,8,2,16.0,motor_execution,T0,ds005284,0,1.0,-30.671362058109224,False
eegmmidb,S007,data/eegmmidb/S007/S007R03.edf,8,3,24.0,motor_execution,T0,ds005284,0,0.9999999999584475,-44.613419315784384,True
eegmmidb,S007,data/eegmmidb/S007/S007R04.edf,8,0,0.0,motor_imagery,T0,ds005284,0,0.9999999991887449,-38.79261279889061,True
eegmmidb,S007,data/eegmmidb/S007/S007R04.edf,8,1,8.0,motor_imagery,T0,ds005284,0,0.6994494796613477,-53.457772360475744,True
eegmmidb,S007,data/eegmmidb/S007/S007R07.edf,8,0,0.0,motor_execution,T0,ds005284,1,0.9999889292796987,-85.0426613016949,True
eegmmidb,S007,data/eegmmidb/S007/S007R07.edf,8,1,8.0,motor_execution,T0,ds005284,0,0.9999999999998437,-58.59109695596345,True
eegmmidb,S007,data/eegmmidb/S007/S007R07.edf,8,2,16.0,motor_execution,T0,ds005284,0,1.0,-48.055620268157725,True
eegmmidb,S007,data/eegmmidb/S007/S007R07.edf,8,3,24.0,motor_execution,T0,ds005284,2,0.9999999999996447,-107.2402263893676,True
eegmmidb,S007,data/eegmmidb/S007/S007R07.edf,8,4,32.0,motor_execution,T0,ds005284,0,0.9997378831450793,-64.92600263857605,True
eegmmidb,S007,data/eegmmidb/S007/S007R07.edf,8,5,40.0,motor_execution,T0,ds005284,2,0.9999999998385647,-100.72307216701887,True
eegmmidb,S007,data/eegmmidb/S007/S007R07.edf,8,6,48.0,motor_execution,T0,ds005284,2,0.9970450848603616,-109.5787746137919,True
eegmmidb,S007,data/eegmmidb/S007/S007R07.edf,8,7,56.0,motor_execution,T0,ds005284,1,0.9995245821324911,-64.92944625123867,True
eegmmidb,S007,data/eegmmidb/S007/S007R07.edf,8,8,64.0,motor_execution,T0,ds005284,1,0.9999929472178499,-97.39178987522207,True
eegmmidb,S007,data/eegmmidb/S007/S007R07.edf,8,9,72.0,motor_execution,T0,ds005284,1,0.9999999999982236,-64.30844023732789,True
eegmmidb,S007,data/eegmmidb/S007/S007R07.edf,8,10,80.0,motor_execution,T0,ds005284,0,0.9897749108754501,-83.76572872081063,True
eegmmidb,S007,data/eegmmidb/S007/S007R07.edf,8,11,88.0,motor_execution,T0,ds005284,1,1.0,-68.24447584964737,True
eegmmidb,S007,data/eegmmidb/S007/S007R07.edf,8,12,96.0,motor_execution,T0,ds005284,2,0.9392253339548329,-87.40431742630467,True
eegmmidb,S007,data/eegmmidb/S007/S007R07.edf,8,13,104.0,motor_execution,T0,ds005284,2,0.9999912620438267,-78.85222445241642,True
eegmmidb,S007,data/eegmmidb/S007/S007R07.edf,8,14,112.0,motor_execution,T1,ds005284,1,1.0,-79.37468434511672,True
eegmmidb,S007,data/eegmmidb/S007/S007R08.edf,8,0,0.0,motor_imagery,T0,ds005284,1,0.9999995543601157,-91.6195532595779,True
eegmmidb,S007,data/eegmmidb/S007/S007R08.edf,8,1,8.0,motor_imagery,T0,ds005284,2,0.9999999995694253,-73.67850403136576,True
eegmmidb,S007,data/eegmmidb/S007/S007R08.edf,8,2,16.0,motor_imagery,T0,ds005284,2,0.9999931931657671,-74.65902046805091,True
eegmmidb,S007,data/eegmmidb/S007/S007R08.edf,8,3,24.0,motor_imagery,T0,ds005284,2,0.9999999999868407,-73.93840337246186,True
eegmmidb,S007,data/eegmmidb/S007/S007R08.edf,8,4,32.0,motor_imagery,T0,ds005284,1,0.9999811875447648,-100.86492708633554,True
eegmmidb,S007,data/eegmmidb/S007/S007R08.edf,8,5,40.0,motor_imagery,T0,ds005284,2,0.8176603801917028,-106.0308193849833,True
eegmmidb,S007,data/eegmmidb/S007/S007R08.edf,8,6,48.0,motor_imagery,T0,ds005284,2,0.9999999999999147,-64.96190606855455,True
eegmmidb,S007,data/eegmmidb/S007/S007R08.edf,8,7,56.0,motor_imagery,T0,ds005284,2,0.9747723650381774,-84.80179491634382,True
eegmmidb,S007,data/eegmmidb/S007/S007R08.edf,8,8,64.0,motor_imagery,T0,ds005284,2,1.0,-94.84459655057415,True
eegmmidb,S007,data/eegmmidb/S007/S007R08.edf,8,9,72.0,motor_imagery,T0,ds005284,1,0.9862536199553653,-101.73657795560186,True
eegmmidb,S007,data/eegmmidb/S007/S007R08.edf,8,10,80.0,motor_imagery,T0,ds005284,1,0.9920669297108035,-92.90586811632444,True
eegmmidb,S007,data/eegmmidb/S007/S007R08.edf,8,11,88.0,motor_imagery,T0,ds005284,2,0.9932036444594653,-88.25706422911577,True
eegmmidb,S007,data/eegmmidb/S007/S007R08.edf,8,12,96.0,motor_imagery,T0,ds005284,2,0.9668564145415579,-83.55365740981085,True
eegmmidb,S007,data/eegmmidb/S007/S007R08.edf,8,13,104.0,motor_imagery,T0,ds005284,2,0.9998150409494505,-79.9497989635826,True
eegmmidb,S007,data/eegmmidb/S007/S007R08.edf,8,14,112.0,motor_imagery,T2,ds005284,1,0.9999986376429079,-71.8960418128997,True
eegmmidb,S007,data/eegmmidb/S007/S007R11.edf,8,0,0.0,motor_execution,T0,ds005284,0,0.9999999497066211,-69.1277729365172,True
eegmmidb,S007,data/eegmmidb/S007/S007R11.edf,8,1,8.0,motor_execution,T0,ds005284,0,1.0,-70.40169051502302,True
eegmmidb,S007,data/eegmmidb/S007/S007R11.edf,8,2,16.0,motor_execution,T0,ds005284,0,0.9999999987440873,-82.45613891999682,True
eegmmidb,S007,data/eegmmidb/S007/S007R11.edf,8,3,24.0,motor_execution,T0,ds005284,0,0.999999999999261,-90.28241855440254,True
eegmmidb,S007,data/eegmmidb/S007/S007R11.edf,8,4,32.0,motor_execution,T0,ds005284,2,0.9999979774373732,-78.26056461700031,True
eegmmidb,S007,data/eegmmidb/S007/S007R11.edf,8,5,40.0,motor_execution,T0,ds005284,2,0.9999999923964396,-74.58320495443324,True
eegmmidb,S007,data/eegmmidb/S007/S007R11.edf,8,6,48.0,motor_execution,T0,ds005284,2,0.9999978246539669,-65.65580625804184,True
eegmmidb,S007,data/eegmmidb/S007/S007R11.edf,8,7,56.0,motor_execution,T0,ds005284,2,0.9999999999998295,-78.89497718755294,True
eegmmidb,S007,data/eegmmidb/S007/S007R11.edf,8,8,64.0,motor_execution,T0,ds005284,2,0.9999997601463807,-71.34422142446127,True
eegmmidb,S007,data/eegmmidb/S007/S007R11.edf,8,9,72.0,motor_execution,T0,ds005284,1,0.99999999289318,-88.37604348767437,True
eegmmidb,S007,data/eegmmidb/S007/S007R11.edf,8,10,80.0,motor_execution,T0,ds005284,2,0.9999994340657177,-83.49274555171345,True
eegmmidb,S007,data/eegmmidb/S007/S007R11.edf,8,11,88.0,motor_execution,T0,ds005284,2,0.9991453176142449,-104.072097914361,True
eegmmidb,S007,data/eegmmidb/S007/S007R11.edf,8,12,96.0,motor_execution,T0,ds005284,1,0.9999999999889724,-100.19212772128081,True
eegmmidb,S007,data/eegmmidb/S007/S007R11.edf,8,13,104.0,motor_execution,T0,ds005284,2,0.9999999999999574,-103.61194865952886,True
eegmmidb,S007,data/eegmmidb/S007/S007R11.edf,8,14,112.0,motor_execution,T2,ds005284,0,0.9999996515994137,-97.08474969834465,True
eegmmidb,S007,data/eegmmidb/S007/S007R12.edf,8,0,0.0,motor_imagery,T0,ds005284,1,0.9999993197207186,-88.98827650329852,True
eegmmidb,S007,data/eegmmidb/S007/S007R12.edf,8,1,8.0,motor_imagery,T0,ds005284,2,0.9945474444858732,-100.35969271153301,True
eegmmidb,S007,data/eegmmidb/S007/S007R12.edf,8,2,16.0,motor_imagery,T0,ds005284,1,0.9999986216477885,-83.73622223194147,True
eegmmidb,S007,data/eegmmidb/S007/S007R12.edf,8,3,24.0,motor_imagery,T0,ds005284,1,0.7568674337163679,-81.19897310543033,True
eegmmidb,S007,data/eegmmidb/S007/S007R12.edf,8,4,32.0,motor_imagery,T0,ds005284,0,1.0,-53.567064088272176,True
eegmmidb,S007,data/eegmmidb/S007/S007R12.edf,8,5,40.0,motor_imagery,T0,ds005284,2,0.999677332077377,-84.08119755602422,True
eegmmidb,S007,data/eegmmidb/S007/S007R12.edf,8,6,48.0,motor_imagery,T0,ds005284,1,0.9999407525299129,-102.14611714802554,True
eegmmidb,S007,data/eegmmidb/S007/S007R12.edf,8,7,56.0,motor_imagery,T0,ds005284,1,0.9989557880741043,-114.79672500002354,True
eegmmidb,S007,data/eegmmidb/S007/S007R12.edf,8,8,64.0,motor_imagery,T0,ds005284,1,0.9990628146650071,-104.70240667611209,True
eegmmidb,S007,data/eegmmidb/S007/S007R12.edf,8,9,72.0,motor_imagery,T0,ds005284,1,0.9999979095669964,-85.72328933955892,True
eegmmidb,S007,data/eegmmidb/S007/S007R12.edf,8,10,80.0,motor_imagery,T0,ds005284,1,0.9998756147133915,-69.85791514740578,True
eegmmidb,S007,data/eegmmidb/S007/S007R12.edf,8,11,88.0,motor_imagery,T0,ds005284,1,0.7386435434287267,-68.8008821840598,True
eegmmidb,S007,data/eegmmidb/S007/S007R12.edf,8,12,96.0,motor_imagery,T0,ds005284,1,0.9887683803248536,-69.87779477309718,True
eegmmidb,S007,data/eegmmidb/S007/S007R12.edf,8,13,104.0,motor_imagery,T0,ds005284,2,0.9986216095971662,-73.83760494801294,True
eegmmidb,S007,data/eegmmidb/S007/S007R12.edf,8,14,112.0,motor_imagery,T2,ds005284,1,0.9999152898079708,-79.82189179565171,True
eegmmidb,S008,data/eegmmidb/S008/S008R01.edf,8,0,0.0,eyes_open_rest,T0,ds005284,0,0.999999931515911,-29.507535908311084,False
eegmmidb,S008,data/eegmmidb/S008/S008R01.edf,8,1,8.0,eyes_open_rest,T0,ds005284,0,0.9999999979645793,-34.40430226939317,True
eegmmidb,S008,data/eegmmidb/S008/S008R01.edf,8,2,16.0,eyes_open_rest,T0,ds005284,0,0.9986989024437413,-31.901631649956897,False
eegmmidb,S008,data/eegmmidb/S008/S008R01.edf,8,3,24.0,eyes_open_rest,T0,ds005284,0,0.9999732414096804,-27.888384407839464,False
eegmmidb,S008,data/eegmmidb/S008/S008R01.edf,8,4,32.0,eyes_open_rest,T0,ds005284,0,0.9911653018345177,-33.8185247804665,True
eegmmidb,S008,data/eegmmidb/S008/S008R01.edf,8,5,40.0,eyes_open_rest,T0,ds005284,0,0.9999289416172153,-39.557999222254956,True
eegmmidb,S008,data/eegmmidb/S008/S008R01.edf,8,6,48.0,eyes_open_rest,T0,ds005284,0,0.9999999994465583,-29.777555532181594,False
eegmmidb,S008,data/eegmmidb/S008/S008R02.edf,8,0,0.0,eyes_closed_rest,T0,ds005284,1,1.0,-54.828043176614585,True
eegmmidb,S008,data/eegmmidb/S008/S008R02.edf,8,1,8.0,eyes_closed_rest,T0,ds005284,1,1.0,-45.761241077279216,True
eegmmidb,S008,data/eegmmidb/S008/S008R02.edf,8,2,16.0,eyes_closed_rest,T0,ds005284,1,1.0,-35.92871088464443,True
eegmmidb,S008,data/eegmmidb/S008/S008R02.edf,8,3,24.0,eyes_closed_rest,T0,ds005284,1,1.0,-39.47303882741463,True
eegmmidb,S008,data/eegmmidb/S008/S008R02.edf,8,4,32.0,eyes_closed_rest,T0,ds005284,1,0.9999936800663437,-44.87918726001431,True
eegmmidb,S008,data/eegmmidb/S008/S008R02.edf,8,5,40.0,eyes_closed_rest,T0,ds005284,0,0.9999999118926798,-28.03321105230095,False
eegmmidb,S008,data/eegmmidb/S008/S008R02.edf,8,6,48.0,eyes_closed_rest,T0,ds005284,1,0.9999999999949623,-32.79067221044547,True
eegmmidb,S008,data/eegmmidb/S008/S008R03.edf,8,0,0.0,motor_execution,T0,ds005284,0,0.9999999999955129,-28.3892028610554,False
eegmmidb,S008,data/eegmmidb/S008/S008R03.edf,8,1,8.0,motor_execution,T0,ds005284,0,0.9999999999788116,-29.044358556855492,False
eegmmidb,S008,data/eegmmidb/S008/S008R03.edf,8,2,16.0,motor_execution,T0,ds005284,0,1.0,-28.505429747261303,False
eegmmidb,S008,data/eegmmidb/S008/S008R03.edf,8,3,24.0,motor_execution,T0,ds005284,0,0.9999999994562145,-29.52415590512762,False
eegmmidb,S008,data/eegmmidb/S008/S008R03.edf,8,4,32.0,motor_execution,T0,ds005284,0,0.9999999999923546,-30.147461489518577,False
eegmmidb,S008,data/eegmmidb/S008/S008R03.edf,8,5,40.0,motor_execution,T0,ds005284,0,1.0,-27.658764983238754,False
eegmmidb,S008,data/eegmmidb/S008/S008R03.edf,8,6,48.0,motor_execution,T0,ds005284,0,0.9999999999185789,-34.61070492042079,True
eegmmidb,S008,data/eegmmidb/S008/S008R03.edf,8,7,56.0,motor_execution,T0,ds005284,0,0.9999999992454107,-37.363691606492985,True
eegmmidb,S008,data/eegmmidb/S008/S008R03.edf,8,8,64.0,motor_execution,T0,ds005284,0,1.0,-28.669147265917786,False
eegmmidb,S008,data/eegmmidb/S008/S008R03.edf,8,9,72.0,motor_execution,T0,ds005284,0,0.9999999998816911,-30.26458742549549,False
eegmmidb,S008,data/eegmmidb/S008/S008R03.edf,8,10,80.0,motor_execution,T0,ds005284,0,0.9998551533413921,-44.253341396245304,True
eegmmidb,S008,data/eegmmidb/S008/S008R03.edf,8,11,88.0,motor_execution,T0,ds005284,0,1.0,-30.548135528755125,False
eegmmidb,S008,data/eegmmidb/S008/S008R03.edf,8,12,96.0,motor_execution,T0,ds005284,0,1.0,-23.753260549750962,False
eegmmidb,S008,data/eegmmidb/S008/S008R03.edf,8,13,104.0,motor_execution,T0,ds005284,0,0.9999999999996909,-27.27896408917989,False
eegmmidb,S008,data/eegmmidb/S008/S008R03.edf,8,14,112.0,motor_execution,T0,ds005284,0,1.0,-28.022368370834023,False
eegmmidb,S008,data/eegmmidb/S008/S008R04.edf,8,0,0.0,motor_imagery,T0,ds005284,0,0.8532637882493268,-30.486596040801835,False
eegmmidb,S008,data/eegmmidb/S008/S008R04.edf,8,1,8.0,motor_imagery,T0,ds005284,0,0.99999709760486,-24.974930475667346,False
eegmmidb,S008,data/eegmmidb/S008/S008R04.edf,8,2,16.0,motor_imagery,T0,ds005284,0,0.9998675601023644,-26.08714200169721,False
eegmmidb,S008,data/eegmmidb/S008/S008R04.edf,8,3,24.0,motor_imagery,T0,ds005284,0,0.9997361463702431,-29.371490143684323,False
eegmmidb,S008,data/eegmmidb/S008/S008R04.edf,8,4,32.0,motor_imagery,T0,ds005284,0,0.9999975937471031,-29.86495560504972,False
eegmmidb,S008,data/eegmmidb/S008/S008R04.edf,8,5,40.0,motor_imagery,T0,ds005284,0,0.9999990059176833,-23.58925760041579,False
eegmmidb,S008,data/eegmmidb/S008/S008R04.edf,8,6,48.0,motor_imagery,T0,ds005284,0,0.9999999851279143,-25.8281952579744,False
eegmmidb,S008,data/eegmmidb/S008/S008R04.edf,8,7,56.0,motor_imagery,T0,ds005284,0,0.8199330080070419,-36.00789251435763,True
eegmmidb,S008,data/eegmmidb/S008/S008R04.edf,8,8,64.0,motor_imagery,T0,ds005284,0,0.99999993706148,-26.663646521779256,False
eegmmidb,S008,data/eegmmidb/S008/S008R04.edf,8,9,72.0,motor_imagery,T0,ds005284,0,0.9999345763123243,-37.259407632394414,True
eegmmidb,S008,data/eegmmidb/S008/S008R04.edf,8,10,80.0,motor_imagery,T0,ds005284,0,0.9999992001533081,-29.133563470923708,False
eegmmidb,S008,data/eegmmidb/S008/S008R04.edf,8,11,88.0,motor_imagery,T0,ds005284,0,0.9999999999948948,-25.239813807015036,False
eegmmidb,S008,data/eegmmidb/S008/S008R04.edf,8,12,96.0,motor_imagery,T0,ds005284,0,0.9999999997299156,-29.39441044459989,False
eegmmidb,S008,data/eegmmidb/S008/S008R04.edf,8,13,104.0,motor_imagery,T0,ds005284,0,0.999892480857147,-29.387424245529708,False
eegmmidb,S008,data/eegmmidb/S008/S008R04.edf,8,14,112.0,motor_imagery,T0,ds005284,0,0.9999999999999574,-24.855201441498654,False
eegmmidb,S008,data/eegmmidb/S008/S008R07.edf,8,0,0.0,motor_execution,T0,ds005284,0,0.9998158659425754,-24.39028492500596,False
eegmmidb,S008,data/eegmmidb/S008/S008R07.edf,8,1,8.0,motor_execution,T0,ds005284,0,0.9999999999999858,-30.12727166287403,False
eegmmidb,S008,data/eegmmidb/S008/S008R07.edf,8,2,16.0,motor_execution,T0,ds005284,0,0.9999999999996838,-25.333245382326357,False
eegmmidb,S008,data/eegmmidb/S008/S008R07.edf,8,3,24.0,motor_execution,T0,ds005284,0,0.9999997726418687,-32.60244979194639,True
eegmmidb,S008,data/eegmmidb/S008/S008R07.edf,8,4,32.0,motor_execution,T0,ds005284,0,0.9944500536465848,-32.555413141382154,True
eegmmidb,S008,data/eegmmidb/S008/S008R07.edf,8,5,40.0,motor_execution,T0,ds005284,0,0.9999999513781906,-23.761290671557664,False
eegmmidb,S008,data/eegmmidb/S008/S008R07.edf,8,6,48.0,motor_execution,T0,ds005284,0,0.9947042584525314,-26.1856062360794,False
eegmmidb,S008,data/eegmmidb/S008/S008R07.edf,8,7,56.0,motor_execution,T0,ds005284,0,0.9998974709083577,-32.49988923794658,True
eegmmidb,S008,data/eegmmidb/S008/S008R07.edf,8,8,64.0,motor_execution,T0,ds005284,0,0.9999942099673339,-32.65018254411609,True
eegmmidb,S008,data/eegmmidb/S008/S008R07.edf,8,9,72.0,motor_execution,T0,ds005284,0,0.9999973335893223,-26.080438717310482,False
eegmmidb,S008,data/eegmmidb/S008/S008R07.edf,8,10,80.0,motor_execution,T0,ds005284,0,0.9999999999438849,-30.708609672035767,False
eegmmidb,S008,data/eegmmidb/S008/S008R07.edf,8,11,88.0,motor_execution,T0,ds005284,0,0.9999999917127624,-34.767209303677525,True
eegmmidb,S008,data/eegmmidb/S008/S008R07.edf,8,12,96.0,motor_execution,T0,ds005284,1,0.9999716959802477,-35.775268321592876,True
eegmmidb,S008,data/eegmmidb/S008/S008R07.edf,8,13,104.0,motor_execution,T0,ds005284,0,0.9999813990459505,-25.781773576257468,False
eegmmidb,S008,data/eegmmidb/S008/S008R07.edf,8,14,112.0,motor_execution,T0,ds005284,0,1.0,-22.717158041116225,False
eegmmidb,S008,data/eegmmidb/S008/S008R08.edf,8,0,0.0,motor_imagery,T0,ds005284,0,0.999908148680194,-29.51390440502914,False
eegmmidb,S008,data/eegmmidb/S008/S008R08.edf,8,1,8.0,motor_imagery,T0,ds005284,0,0.9637812092064787,-30.6136154512845,False
eegmmidb,S008,data/eegmmidb/S008/S008R08.edf,8,2,16.0,motor_imagery,T0,ds005284,0,0.9999999616076217,-26.4776087095253,False
eegmmidb,S008,data/eegmmidb/S008/S008R08.edf,8,3,24.0,motor_imagery,T0,ds005284,0,0.9930732761210068,-35.581334972467175,True
eegmmidb,S008,data/eegmmidb/S008/S008R08.edf,8,4,32.0,motor_imagery,T0,ds005284,0,1.0,-22.668404825665387,False
eegmmidb,S008,data/eegmmidb/S008/S008R08.edf,8,5,40.0,motor_imagery,T0,ds005284,1,1.0,-38.23154121234967,True
eegmmidb,S008,data/eegmmidb/S008/S008R08.edf,8,6,48.0,motor_imagery,T0,ds005284,0,0.99999784041252,-32.64617624949771,True
eegmmidb,S008,data/eegmmidb/S008/S008R08.edf,8,7,56.0,motor_imagery,T0,ds005284,0,0.9997526237097719,-31.22147641543321,False
eegmmidb,S008,data/eegmmidb/S008/S008R08.edf,8,8,64.0,motor_imagery,T0,ds005284,0,0.9999999632740113,-27.583281902445762,False
eegmmidb,S008,data/eegmmidb/S008/S008R08.edf,8,9,72.0,motor_imagery,T0,ds005284,1,0.9999920095453723,-41.184502739946076,True
eegmmidb,S008,data/eegmmidb/S008/S008R08.edf,8,10,80.0,motor_imagery,T0,ds005284,1,0.999936344686945,-39.78787392350736,True
eegmmidb,S008,data/eegmmidb/S008/S008R08.edf,8,11,88.0,motor_imagery,T0,ds005284,1,1.0,-48.12326104519937,True
eegmmidb,S008,data/eegmmidb/S008/S008R08.edf,8,12,96.0,motor_imagery,T0,ds005284,0,0.9999959097883907,-34.610697174779986,True
eegmmidb,S008,data/eegmmidb/S008/S008R08.edf,8,13,104.0,motor_imagery,T0,ds005284,1,0.9999999498683051,-47.063409926478954,True
eegmmidb,S008,data/eegmmidb/S008/S008R08.edf,8,14,112.0,motor_imagery,T0,ds005284,0,0.9999930111804934,-38.430969157204636,True
eegmmidb,S008,data/eegmmidb/S008/S008R11.edf,8,0,0.0,motor_execution,T0,ds005284,0,0.6893898730178567,-26.73090923337179,False
eegmmidb,S008,data/eegmmidb/S008/S008R11.edf,8,1,8.0,motor_execution,T0,ds005284,0,0.7475640740342023,-29.99530166327989,False
eegmmidb,S008,data/eegmmidb/S008/S008R11.edf,8,2,16.0,motor_execution,T0,ds005284,0,0.9175223354345677,-28.5881885840034,False
eegmmidb,S008,data/eegmmidb/S008/S008R11.edf,8,3,24.0,motor_execution,T0,ds005284,0,0.999473039832432,-32.50952888764184,True
eegmmidb,S008,data/eegmmidb/S008/S008R11.edf,8,4,32.0,motor_execution,T0,ds005284,0,0.9999624905980237,-26.39508944671987,False
eegmmidb,S008,data/eegmmidb/S008/S008R11.edf,8,5,40.0,motor_execution,T0,ds005284,0,0.9848069726834243,-31.576041528401213,False
eegmmidb,S008,data/eegmmidb/S008/S008R11.edf,8,6,48.0,motor_execution,T0,ds005284,2,0.9994119810791716,-23.760575499625105,False
eegmmidb,S008,data/eegmmidb/S008/S008R11.edf,8,7,56.0,motor_execution,T0,ds005284,0,0.9999999448792829,-25.4676923682559,False
eegmmidb,S008,data/eegmmidb/S008/S008R11.edf,8,8,64.0,motor_execution,T0,ds005284,1,0.9999985440389428,-29.740064166533283,False
eegmmidb,S008,data/eegmmidb/S008/S008R11.edf,8,9,72.0,motor_execution,T0,ds005284,0,0.9944230628652507,-32.69732256027701,True
eegmmidb,S008,data/eegmmidb/S008/S008R11.edf,8,10,80.0,motor_execution,T0,ds005284,0,0.9997661529205611,-32.07746462047709,False
eegmmidb,S008,data/eegmmidb/S008/S008R11.edf,8,11,88.0,motor_execution,T0,ds005284,2,0.9964464876334054,-22.53108374669037,False
eegmmidb,S008,data/eegmmidb/S008/S008R11.edf,8,12,96.0,motor_execution,T0,ds005284,0,0.8233892389515046,-28.18841754424381,False
eegmmidb,S008,data/eegmmidb/S008/S008R11.edf,8,13,104.0,motor_execution,T0,ds005284,2,0.999429610063437,-35.92904823578226,True
eegmmidb,S008,data/eegmmidb/S008/S008R11.edf,8,14,112.0,motor_execution,T0,ds005284,0,0.9999935951813843,-29.00969462381027,False
eegmmidb,S008,data/eegmmidb/S008/S008R12.edf,8,0,0.0,motor_imagery,T0,ds005284,0,0.9959966443532391,-27.38469149431676,False
eegmmidb,S008,data/eegmmidb/S008/S008R12.edf,8,1,8.0,motor_imagery,T0,ds005284,2,0.7720670025765768,-26.277686787050758,False
eegmmidb,S008,data/eegmmidb/S008/S008R12.edf,8,2,16.0,motor_imagery,T0,ds005284,0,0.9789779586489448,-28.35833130594152,False
eegmmidb,S008,data/eegmmidb/S008/S008R12.edf,8,3,24.0,motor_imagery,T0,ds005284,0,0.9998529463019211,-23.136911603382558,False
eegmmidb,S008,data/eegmmidb/S008/S008R12.edf,8,4,32.0,motor_imagery,T0,ds005284,0,0.9996022211327834,-23.733927689791713,False
eegmmidb,S008,data/eegmmidb/S008/S008R12.edf,8,5,40.0,motor_imagery,T0,ds005284,1,0.9959293414295075,-29.734733845392885,False
eegmmidb,S008,data/eegmmidb/S008/S008R12.edf,8,6,48.0,motor_imagery,T0,ds005284,2,0.9999999976458085,-42.43286662735972,True
eegmmidb,S008,data/eegmmidb/S008/S008R12.edf,8,7,56.0,motor_imagery,T0,ds005284,0,0.9998622500715197,-25.583517377682092,False
eegmmidb,S008,data/eegmmidb/S008/S008R12.edf,8,8,64.0,motor_imagery,T0,ds005284,1,1.0,-35.26105252692319,True
eegmmidb,S008,data/eegmmidb/S008/S008R12.edf,8,9,72.0,motor_imagery,T0,ds005284,2,0.955547698105589,-30.401503355159793,False
eegmmidb,S008,data/eegmmidb/S008/S008R12.edf,8,10,80.0,motor_imagery,T0,ds005284,1,0.9999999994972981,-36.15052444682275,True
eegmmidb,S008,data/eegmmidb/S008/S008R12.edf,8,11,88.0,motor_imagery,T0,ds005284,1,0.9999598984484906,-43.377502735099554,True
eegmmidb,S008,data/eegmmidb/S008/S008R12.edf,8,12,96.0,motor_imagery,T0,ds005284,0,0.9285941137336189,-28.73236231608993,False
eegmmidb,S008,data/eegmmidb/S008/S008R12.edf,8,13,104.0,motor_imagery,T0,ds005284,0,0.7168910974639268,-33.55243416952199,True
eegmmidb,S008,data/eegmmidb/S008/S008R12.edf,8,14,112.0,motor_imagery,T0,ds005284,0,0.5275708123283256,-41.083072169389276,True
eegmmidb,S009,data/eegmmidb/S009/S009R01.edf,8,0,0.0,eyes_open_rest,T0,ds005284,0,1.0,-109.6492321040518,True
eegmmidb,S009,data/eegmmidb/S009/S009R01.edf,8,1,8.0,eyes_open_rest,T0,ds005284,0,1.0,-118.16643185550502,True
eegmmidb,S009,data/eegmmidb/S009/S009R01.edf,8,2,16.0,eyes_open_rest,T0,ds005284,0,1.0,-140.2394238513893,True
eegmmidb,S009,data/eegmmidb/S009/S009R01.edf,8,3,24.0,eyes_open_rest,T0,ds005284,0,1.0,-106.09379921431002,True
eegmmidb,S009,data/eegmmidb/S009/S009R01.edf,8,4,32.0,eyes_open_rest,T0,ds005284,0,1.0,-141.7805410707699,True
eegmmidb,S009,data/eegmmidb/S009/S009R01.edf,8,5,40.0,eyes_open_rest,T0,ds005284,0,1.0,-111.27451128049144,True
eegmmidb,S009,data/eegmmidb/S009/S009R01.edf,8,6,48.0,eyes_open_rest,T0,ds005284,0,1.0,-118.35182481088465,True
eegmmidb,S009,data/eegmmidb/S009/S009R02.edf,8,0,0.0,eyes_closed_rest,T0,ds005284,0,1.0,-206.54019087532504,True
eegmmidb,S009,data/eegmmidb/S009/S009R02.edf,8,1,8.0,eyes_closed_rest,T0,ds005284,0,1.0,-207.77188282650326,True
eegmmidb,S009,data/eegmmidb/S009/S009R02.edf,8,2,16.0,eyes_closed_rest,T0,ds005284,0,1.0,-163.16391469379477,True
eegmmidb,S009,data/eegmmidb/S009/S009R02.edf,8,3,24.0,eyes_closed_rest,T0,ds005284,0,1.0,-188.97353484301107,True
eegmmidb,S009,data/eegmmidb/S009/S009R02.edf,8,4,32.0,eyes_closed_rest,T0,ds005284,0,1.0,-185.38690881970945,True
eegmmidb,S009,data/eegmmidb/S009/S009R02.edf,8,5,40.0,eyes_closed_rest,T0,ds005284,0,1.0,-163.53159750476715,True
eegmmidb,S009,data/eegmmidb/S009/S009R02.edf,8,6,48.0,eyes_closed_rest,T0,ds005284,0,1.0,-184.1917488781625,True
eegmmidb,S009,data/eegmmidb/S009/S009R03.edf,8,0,0.0,motor_execution,T0,ds005284,0,1.0,-129.59853732777106,True
eegmmidb,S009,data/eegmmidb/S009/S009R03.edf,8,1,8.0,motor_execution,T0,ds005284,0,1.0,-129.54558537367103,True
eegmmidb,S009,data/eegmmidb/S009/S009R03.edf,8,2,16.0,motor_execution,T0,ds005284,0,1.0,-167.5559327048192,True
eegmmidb,S009,data/eegmmidb/S009/S009R03.edf,8,3,24.0,motor_execution,T0,ds005284,0,1.0,-148.59222672900597,True
eegmmidb,S009,data/eegmmidb/S009/S009R03.edf,8,4,32.0,motor_execution,T0,ds005284,0,1.0,-150.11938195263298,True
eegmmidb,S009,data/eegmmidb/S009/S009R03.edf,8,5,40.0,motor_execution,T0,ds005284,0,1.0,-164.78184005677156,True
eegmmidb,S009,data/eegmmidb/S009/S009R03.edf,8,6,48.0,motor_execution,T0,ds005284,0,1.0,-164.7123951938077,True
eegmmidb,S009,data/eegmmidb/S009/S009R03.edf,8,7,56.0,motor_execution,T0,ds005284,0,1.0,-164.08778728861125,True
eegmmidb,S009,data/eegmmidb/S009/S009R03.edf,8,8,64.0,motor_execution,T0,ds005284,0,1.0,-145.75972583219215,True
eegmmidb,S009,data/eegmmidb/S009/S009R03.edf,8,9,72.0,motor_execution,T0,ds005284,0,1.0,-164.9447735218145,True
eegmmidb,S009,data/eegmmidb/S009/S009R03.edf,8,10,80.0,motor_execution,T0,ds005284,0,1.0,-173.35896268497237,True
eegmmidb,S009,data/eegmmidb/S009/S009R03.edf,8,11,88.0,motor_execution,T0,ds005284,0,1.0,-148.20314153484446,True
eegmmidb,S009,data/eegmmidb/S009/S009R03.edf,8,12,96.0,motor_execution,T0,ds005284,0,1.0,-158.46383631860925,True
eegmmidb,S009,data/eegmmidb/S009/S009R03.edf,8,13,104.0,motor_execution,T0,ds005284,0,1.0,-153.4825534046593,True
eegmmidb,S009,data/eegmmidb/S009/S009R03.edf,8,14,112.0,motor_execution,T0,ds005284,0,1.0,-196.33221630677173,True
eegmmidb,S009,data/eegmmidb/S009/S009R04.edf,8,0,0.0,motor_imagery,T0,ds005284,0,1.0,-109.97946480331788,True
eegmmidb,S009,data/eegmmidb/S009/S009R04.edf,8,1,8.0,motor_imagery,T0,ds005284,0,1.0,-101.29293414036269,True
eegmmidb,S009,data/eegmmidb/S009/S009R04.edf,8,2,16.0,motor_imagery,T0,ds005284,0,1.0,-94.92075496896041,True
eegmmidb,S009,data/eegmmidb/S009/S009R04.edf,8,3,24.0,motor_imagery,T0,ds005284,0,1.0,-96.38553938421344,True
eegmmidb,S009,data/eegmmidb/S009/S009R04.edf,8,4,32.0,motor_imagery,T0,ds005284,0,1.0,-103.30840388470028,True
eegmmidb,S009,data/eegmmidb/S009/S009R04.edf,8,5,40.0,motor_imagery,T0,ds005284,0,1.0,-100.1786597793192,True
eegmmidb,S009,data/eegmmidb/S009/S009R04.edf,8,6,48.0,motor_imagery,T0,ds005284,0,1.0,-105.49472437307728,True
eegmmidb,S009,data/eegmmidb/S009/S009R04.edf,8,7,56.0,motor_imagery,T0,ds005284,0,1.0,-96.029867267101,True
eegmmidb,S009,data/eegmmidb/S009/S009R04.edf,8,8,64.0,motor_imagery,T0,ds005284,0,1.0,-102.29787087673705,True
eegmmidb,S009,data/eegmmidb/S009/S009R04.edf,8,9,72.0,motor_imagery,T0,ds005284,0,1.0,-98.15370783107296,True
eegmmidb,S009,data/eegmmidb/S009/S009R04.edf,8,10,80.0,motor_imagery,T0,ds005284,0,1.0,-107.24677820246443,True
eegmmidb,S009,data/eegmmidb/S009/S009R04.edf,8,11,88.0,motor_imagery,T0,ds005284,0,1.0,-108.10396750706602,True
eegmmidb,S009,data/eegmmidb/S009/S009R04.edf,8,12,96.0,motor_imagery,T0,ds005284,0,1.0,-107.46159855169662,True
eegmmidb,S009,data/eegmmidb/S009/S009R04.edf,8,13,104.0,motor_imagery,T0,ds005284,0,1.0,-102.43733621485225,True
eegmmidb,S009,data/eegmmidb/S009/S009R04.edf,8,14,112.0,motor_imagery,T0,ds005284,0,1.0,-103.63302354014633,True
eegmmidb,S009,data/eegmmidb/S009/S009R07.edf,8,0,0.0,motor_execution,T0,ds005284,0,1.0,-167.56181072302252,True
eegmmidb,S009,data/eegmmidb/S009/S009R07.edf,8,1,8.0,motor_execution,T0,ds005284,0,1.0,-123.45101421447504,True
eegmmidb,S009,data/eegmmidb/S009/S009R07.edf,8,2,16.0,motor_execution,T0,ds005284,0,1.0,-120.05886427698267,True
eegmmidb,S009,data/eegmmidb/S009/S009R07.edf,8,3,24.0,motor_execution,T0,ds005284,0,1.0,-114.00607109258766,True
eegmmidb,S009,data/eegmmidb/S009/S009R07.edf,8,4,32.0,motor_execution,T0,ds005284,0,1.0,-121.8950808014518,True
eegmmidb,S009,data/eegmmidb/S009/S009R07.edf,8,5,40.0,motor_execution,T0,ds005284,0,1.0,-123.61741214134304,True
eegmmidb,S009,data/eegmmidb/S009/S009R07.edf,8,6,48.0,motor_execution,T0,ds005284,0,1.0,-102.25593786185252,True
eegmmidb,S009,data/eegmmidb/S009/S009R07.edf,8,7,56.0,motor_execution,T0,ds005284,0,1.0,-108.11933096350995,True
eegmmidb,S009,data/eegmmidb/S009/S009R07.edf,8,8,64.0,motor_execution,T0,ds005284,0,1.0,-117.07134268420609,True
eegmmidb,S009,data/eegmmidb/S009/S009R07.edf,8,9,72.0,motor_execution,T0,ds005284,0,1.0,-126.77008027579176,True
eegmmidb,S009,data/eegmmidb/S009/S009R07.edf,8,10,80.0,motor_execution,T0,ds005284,0,1.0,-103.67468258340702,True
eegmmidb,S009,data/eegmmidb/S009/S009R07.edf,8,11,88.0,motor_execution,T0,ds005284,0,1.0,-89.09824906386024,True
eegmmidb,S009,data/eegmmidb/S009/S009R07.edf,8,12,96.0,motor_execution,T0,ds005284,0,1.0,-102.65907765920042,True
eegmmidb,S009,data/eegmmidb/S009/S009R07.edf,8,13,104.0,motor_execution,T0,ds005284,0,1.0,-95.0740842792255,True
eegmmidb,S009,data/eegmmidb/S009/S009R07.edf,8,14,112.0,motor_execution,T0,ds005284,0,1.0,-117.9970459843958,True
eegmmidb,S009,data/eegmmidb/S009/S009R08.edf,8,0,0.0,motor_imagery,T0,ds005284,0,1.0,-116.97903681174478,True
eegmmidb,S009,data/eegmmidb/S009/S009R08.edf,8,1,8.0,motor_imagery,T0,ds005284,0,1.0,-120.81061744628862,True
eegmmidb,S009,data/eegmmidb/S009/S009R08.edf,8,2,16.0,motor_imagery,T0,ds005284,0,1.0,-101.790315981959,True
eegmmidb,S009,data/eegmmidb/S009/S009R08.edf,8,3,24.0,motor_imagery,T0,ds005284,0,1.0,-98.93186352283409,True
eegmmidb,S009,data/eegmmidb/S009/S009R08.edf,8,4,32.0,motor_imagery,T0,ds005284,0,1.0,-114.74644003511455,True
eegmmidb,S009,data/eegmmidb/S009/S009R08.edf,8,5,40.0,motor_imagery,T0,ds005284,0,1.0,-104.84869197971875,True
eegmmidb,S009,data/eegmmidb/S009/S009R08.edf,8,6,48.0,motor_imagery,T0,ds005284,0,1.0,-116.52280872646114,True
eegmmidb,S009,data/eegmmidb/S009/S009R08.edf,8,7,56.0,motor_imagery,T0,ds005284,0,1.0,-107.50910941010886,True
eegmmidb,S009,data/eegmmidb/S009/S009R08.edf,8,8,64.0,motor_imagery,T0,ds005284,0,1.0,-112.7444664115574,True
eegmmidb,S009,data/eegmmidb/S009/S009R08.edf,8,9,72.0,motor_imagery,T0,ds005284,0,1.0,-109.5165451405135,True
eegmmidb,S009,data/eegmmidb/S009/S009R08.edf,8,10,80.0,motor_imagery,T0,ds005284,0,1.0,-111.84279251006951,True
eegmmidb,S009,data/eegmmidb/S009/S009R08.edf,8,11,88.0,motor_imagery,T0,ds005284,0,1.0,-119.54864024296222,True
eegmmidb,S009,data/eegmmidb/S009/S009R08.edf,8,12,96.0,motor_imagery,T0,ds005284,0,1.0,-109.05093495021137,True
eegmmidb,S009,data/eegmmidb/S009/S009R08.edf,8,13,104.0,motor_imagery,T0,ds005284,0,1.0,-116.12218464350315,True
eegmmidb,S009,data/eegmmidb/S009/S009R08.edf,8,14,112.0,motor_imagery,T0,ds005284,0,1.0,-109.55172204178511,True
eegmmidb,S009,data/eegmmidb/S009/S009R11.edf,8,0,0.0,motor_execution,T0,ds005284,0,1.0,-104.20277469972321,True
eegmmidb,S009,data/eegmmidb/S009/S009R11.edf,8,1,8.0,motor_execution,T0,ds005284,0,1.0,-113.23896161053747,True
eegmmidb,S009,data/eegmmidb/S009/S009R11.edf,8,2,16.0,motor_execution,T0,ds005284,0,1.0,-88.10891286070799,True
eegmmidb,S009,data/eegmmidb/S009/S009R11.edf,8,3,24.0,motor_execution,T0,ds005284,0,1.0,-75.623081071562,True
eegmmidb,S009,data/eegmmidb/S009/S009R11.edf,8,4,32.0,motor_execution,T0,ds005284,0,1.0,-85.41562041105175,True
eegmmidb,S009,data/eegmmidb/S009/S009R11.edf,8,5,40.0,motor_execution,T0,ds005284,0,1.0,-81.9370565075734,True
eegmmidb,S009,data/eegmmidb/S009/S009R11.edf,8,6,48.0,motor_execution,T0,ds005284,0,1.0,-107.97770379820102,True
eegmmidb,S009,data/eegmmidb/S009/S009R11.edf,8,7,56.0,motor_execution,T0,ds005284,0,1.0,-82.53083516954803,True
eegmmidb,S009,data/eegmmidb/S009/S009R11.edf,8,8,64.0,motor_execution,T0,ds005284,0,1.0,-78.11395121578092,True
eegmmidb,S009,data/eegmmidb/S009/S009R11.edf,8,9,72.0,motor_execution,T0,ds005284,0,1.0,-70.43181455505776,True
eegmmidb,S009,data/eegmmidb/S009/S009R11.edf,8,10,80.0,motor_execution,T0,ds005284,0,1.0,-74.6513291007122,True
eegmmidb,S009,data/eegmmidb/S009/S009R11.edf,8,11,88.0,motor_execution,T0,ds005284,0,1.0,-77.56070924236582,True
eegmmidb,S009,data/eegmmidb/S009/S009R11.edf,8,12,96.0,motor_execution,T0,ds005284,0,1.0,-85.8688834606112,True
eegmmidb,S009,data/eegmmidb/S009/S009R11.edf,8,13,104.0,motor_execution,T0,ds005284,0,1.0,-77.13060552145481,True
eegmmidb,S009,data/eegmmidb/S009/S009R11.edf,8,14,112.0,motor_execution,T0,ds005284,0,1.0,-70.59148789408425,True
eegmmidb,S009,data/eegmmidb/S009/S009R12.edf,8,0,0.0,motor_imagery,T0,ds005284,0,1.0,-90.81245853749141,True
eegmmidb,S009,data/eegmmidb/S009/S009R12.edf,8,1,8.0,motor_imagery,T0,ds005284,0,1.0,-77.04794628272053,True
eegmmidb,S009,data/eegmmidb/S009/S009R12.edf,8,2,16.0,motor_imagery,T0,ds005284,0,1.0,-61.691446183892594,True
eegmmidb,S009,data/eegmmidb/S009/S009R12.edf,8,3,24.0,motor_imagery,T0,ds005284,0,1.0,-78.55637011212318,True
eegmmidb,S009,data/eegmmidb/S009/S009R12.edf,8,4,32.0,motor_imagery,T0,ds005284,0,1.0,-75.10815379014484,True
eegmmidb,S009,data/eegmmidb/S009/S009R12.edf,8,5,40.0,motor_imagery,T0,ds005284,0,1.0,-83.70330374122194,True
eegmmidb,S009,data/eegmmidb/S009/S009R12.edf,8,6,48.0,motor_imagery,T0,ds005284,0,1.0,-74.9025264639396,True
eegmmidb,S009,data/eegmmidb/S009/S009R12.edf,8,7,56.0,motor_imagery,T0,ds005284,0,1.0,-72.25421238940638,True
eegmmidb,S009,data/eegmmidb/S009/S009R12.edf,8,8,64.0,motor_imagery,T0,ds005284,0,1.0,-76.9211647395787,True
eegmmidb,S009,data/eegmmidb/S009/S009R12.edf,8,9,72.0,motor_imagery,T0,ds005284,0,1.0,-117.61906527247987,True
eegmmidb,S009,data/eegmmidb/S009/S009R12.edf,8,10,80.0,motor_imagery,T0,ds005284,0,1.0,-95.61205320402144,True
eegmmidb,S009,data/eegmmidb/S009/S009R12.edf,8,11,88.0,motor_imagery,T0,ds005284,0,1.0,-87.43282015481113,True
eegmmidb,S009,data/eegmmidb/S009/S009R12.edf,8,12,96.0,motor_imagery,T0,ds005284,0,1.0,-78.06277571583536,True
eegmmidb,S009,data/eegmmidb/S009/S009R12.edf,8,13,104.0,motor_imagery,T0,ds005284,0,1.0,-81.05032310057882,True
eegmmidb,S009,data/eegmmidb/S009/S009R12.edf,8,14,112.0,motor_imagery,T0,ds005284,0,1.0,-80.56015764945433,True
eegmmidb,S010,data/eegmmidb/S010/S010R01.edf,8,0,0.0,eyes_open_rest,T0,ds005284,0,1.0,-52.483693691090416,True
eegmmidb,S010,data/eegmmidb/S010/S010R01.edf,8,1,8.0,eyes_open_rest,T0,ds005284,0,1.0,-56.385420808236276,True
eegmmidb,S010,data/eegmmidb/S010/S010R01.edf,8,2,16.0,eyes_open_rest,T0,ds005284,0,1.0,-53.71484491949072,True
eegmmidb,S010,data/eegmmidb/S010/S010R01.edf,8,3,24.0,eyes_open_rest,T0,ds005284,0,1.0,-51.69831536586756,True
eegmmidb,S010,data/eegmmidb/S010/S010R01.edf,8,4,32.0,eyes_open_rest,T0,ds005284,0,1.0,-75.82774080881933,True
eegmmidb,S010,data/eegmmidb/S010/S010R01.edf,8,5,40.0,eyes_open_rest,T0,ds005284,0,1.0,-52.774254796426334,True
eegmmidb,S010,data/eegmmidb/S010/S010R01.edf,8,6,48.0,eyes_open_rest,T0,ds005284,0,1.0,-51.379127799355956,True
eegmmidb,S010,data/eegmmidb/S010/S010R02.edf,8,0,0.0,eyes_closed_rest,T0,ds005284,0,1.0,-65.60489346793314,True
eegmmidb,S010,data/eegmmidb/S010/S010R02.edf,8,1,8.0,eyes_closed_rest,T0,ds005284,0,0.9999999999926743,-51.442158788365944,True
eegmmidb,S010,data/eegmmidb/S010/S010R02.edf,8,2,16.0,eyes_closed_rest,T0,ds005284,2,1.0,-178.31399504468413,True
eegmmidb,S010,data/eegmmidb/S010/S010R02.edf,8,3,24.0,eyes_closed_rest,T0,ds005284,2,1.0,-222.51503984169744,True
eegmmidb,S010,data/eegmmidb/S010/S010R02.edf,8,4,32.0,eyes_closed_rest,T0,ds005284,2,1.0,-271.21709387348835,True
eegmmidb,S010,data/eegmmidb/S010/S010R02.edf,8,5,40.0,eyes_closed_rest,T0,ds005284,2,1.0,-269.9587852960147,True
eegmmidb,S010,data/eegmmidb/S010/S010R02.edf,8,6,48.0,eyes_closed_rest,T0,ds005284,2,0.9898623369516244,-187.0915008857833,True
eegmmidb,S010,data/eegmmidb/S010/S010R03.edf,8,0,0.0,motor_execution,T0,ds005284,0,1.0,-48.03762304710504,True
eegmmidb,S010,data/eegmmidb/S010/S010R03.edf,8,1,8.0,motor_execution,T0,ds005284,0,1.0,-46.628140147905896,True
eegmmidb,S010,data/eegmmidb/S010/S010R03.edf,8,2,16.0,motor_execution,T0,ds005284,0,1.0,-50.974840376101795,True
eegmmidb,S010,data/eegmmidb/S010/S010R03.edf,8,3,24.0,motor_execution,T0,ds005284,0,1.0,-47.51680091821615,True
eegmmidb,S010,data/eegmmidb/S010/S010R03.edf,8,4,32.0,motor_execution,T0,ds005284,0,0.9999999999984794,-45.36068729872248,True
eegmmidb,S010,data/eegmmidb/S010/S010R03.edf,8,5,40.0,motor_execution,T0,ds005284,0,1.0,-53.98939167548811,True
eegmmidb,S010,data/eegmmidb/S010/S010R03.edf,8,6,48.0,motor_execution,T0,ds005284,0,1.0,-42.73863886734277,True
eegmmidb,S010,data/eegmmidb/S010/S010R03.edf,8,7,56.0,motor_execution,T0,ds005284,0,1.0,-51.43967233866406,True
eegmmidb,S010,data/eegmmidb/S010/S010R03.edf,8,8,64.0,motor_execution,T0,ds005284,0,1.0,-47.89109454854997,True
eegmmidb,S010,data/eegmmidb/S010/S010R03.edf,8,9,72.0,motor_execution,T0,ds005284,0,0.9999999999999929,-52.49602548218637,True
eegmmidb,S010,data/eegmmidb/S010/S010R03.edf,8,10,80.0,motor_execution,T0,ds005284,0,0.9999999999999716,-49.85134829769673,True
eegmmidb,S010,data/eegmmidb/S010/S010R03.edf,8,11,88.0,motor_execution,T0,ds005284,0,1.0,-49.36652889464354,True
eegmmidb,S010,data/eegmmidb/S010/S010R03.edf,8,12,96.0,motor_execution,T0,ds005284,0,1.0,-59.137328825084836,True
eegmmidb,S010,data/eegmmidb/S010/S010R03.edf,8,13,104.0,motor_execution,T0,ds005284,0,0.9999999999995524,-59.74143128974712,True
eegmmidb,S010,data/eegmmidb/S010/S010R03.edf,8,14,112.0,motor_execution,T0,ds005284,0,1.0,-46.509160753981405,True
eegmmidb,S010,data/eegmmidb/S010/S010R04.edf,8,0,0.0,motor_imagery,T0,ds005284,0,1.0,-46.74633097221009,True
eegmmidb,S010,data/eegmmidb/S010/S010R04.edf,8,1,8.0,motor_imagery,T0,ds005284,0,1.0,-48.82168229576586,True
eegmmidb,S010,data/eegmmidb/S010/S010R04.edf,8,2,16.0,motor_imagery,T0,ds005284,0,1.0,-43.366900712336886,True
eegmmidb,S010,data/eegmmidb/S010/S010R04.edf,8,3,24.0,motor_imagery,T0,ds005284,0,0.9999999999997584,-49.38338151207221,True
eegmmidb,S010,data/eegmmidb/S010/S010R04.edf,8,4,32.0,motor_imagery,T0,ds005284,0,1.0,-44.77746127264138,True
eegmmidb,S010,data/eegmmidb/S010/S010R04.edf,8,5,40.0,motor_imagery,T0,ds005284,0,0.9999999999999787,-42.064802367022715,True
eegmmidb,S010,data/eegmmidb/S010/S010R04.edf,8,6,48.0,motor_imagery,T0,ds005284,0,1.0,-51.40954605983861,True
eegmmidb,S010,data/eegmmidb/S010/S010R04.edf,8,7,56.0,motor_imagery,T0,ds005284,0,1.0,-54.726500800248836,True
eegmmidb,S010,data/eegmmidb/S010/S010R04.edf,8,8,64.0,motor_imagery,T0,ds005284,0,1.0,-43.49442919021412,True
eegmmidb,S010,data/eegmmidb/S010/S010R04.edf,8,9,72.0,motor_imagery,T0,ds005284,0,0.999999999999936,-46.94176487057379,True
eegmmidb,S010,data/eegmmidb/S010/S010R04.edf,8,10,80.0,motor_imagery,T0,ds005284,0,0.9999999999999645,-54.3888408599172,True
eegmmidb,S010,data/eegmmidb/S010/S010R04.edf,8,11,88.0,motor_imagery,T0,ds005284,0,1.0,-46.67069496506518,True
eegmmidb,S010,data/eegmmidb/S010/S010R04.edf,8,12,96.0,motor_imagery,T0,ds005284,0,1.0,-54.95684914692361,True
eegmmidb,S010,data/eegmmidb/S010/S010R04.edf,8,13,104.0,motor_imagery,T0,ds005284,0,1.0,-51.008147982258734,True
eegmmidb,S010,data/eegmmidb/S010/S010R04.edf,8,14,112.0,motor_imagery,T0,ds005284,0,1.0,-52.27142511495749,True
eegmmidb,S010,data/eegmmidb/S010/S010R07.edf,8,0,0.0,motor_execution,T0,ds005284,0,1.0,-52.22763919398102,True
eegmmidb,S010,data/eegmmidb/S010/S010R07.edf,8,1,8.0,motor_execution,T0,ds005284,0,0.999999999995957,-53.62274470939804,True
eegmmidb,S010,data/eegmmidb/S010/S010R07.edf,8,2,16.0,motor_execution,T0,ds005284,0,0.9999999999999929,-46.63546525687021,True
eegmmidb,S010,data/eegmmidb/S010/S010R07.edf,8,3,24.0,motor_execution,T0,ds005284,0,1.0,-47.537690965429576,True
eegmmidb,S010,data/eegmmidb/S010/S010R07.edf,8,4,32.0,motor_execution,T0,ds005284,0,0.9999999999999574,-51.04649802526068,True
eegmmidb,S010,data/eegmmidb/S010/S010R07.edf,8,5,40.0,motor_execution,T0,ds005284,0,1.0,-72.32174626452857,True
eegmmidb,S010,data/eegmmidb/S010/S010R07.edf,8,6,48.0,motor_execution,T0,ds005284,0,1.0,-51.15775301495124,True
eegmmidb,S010,data/eegmmidb/S010/S010R07.edf,8,7,56.0,motor_execution,T0,ds005284,0,0.9999999999999929,-60.93922124119529,True
eegmmidb,S010,data/eegmmidb/S010/S010R07.edf,8,8,64.0,motor_execution,T0,ds005284,0,1.0,-59.471107068535666,True
eegmmidb,S010,data/eegmmidb/S010/S010R07.edf,8,9,72.0,motor_execution,T0,ds005284,0,1.0,-71.90065355107687,True
eegmmidb,S010,data/eegmmidb/S010/S010R07.edf,8,10,80.0,motor_execution,T0,ds005284,0,1.0,-62.284664128983124,True
eegmmidb,S010,data/eegmmidb/S010/S010R07.edf,8,11,88.0,motor_execution,T0,ds005284,0,1.0,-54.46784658497689,True
eegmmidb,S010,data/eegmmidb/S010/S010R07.edf,8,12,96.0,motor_execution,T0,ds005284,0,1.0,-70.17932941977072,True
eegmmidb,S010,data/eegmmidb/S010/S010R07.edf,8,13,104.0,motor_execution,T0,ds005284,0,1.0,-58.75201552480705,True
eegmmidb,S010,data/eegmmidb/S010/S010R07.edf,8,14,112.0,motor_execution,T0,ds005284,0,1.0,-56.79404464891885,True
eegmmidb,S010,data/eegmmidb/S010/S010R08.edf,8,0,0.0,motor_imagery,T0,ds005284,0,0.9999997904604363,-42.10674479346962,True
eegmmidb,S010,data/eegmmidb/S010/S010R08.edf,8,1,8.0,motor_imagery,T0,ds005284,0,0.9999998723599798,-48.76239945886702,True
eegmmidb,S010,data/eegmmidb/S010/S010R08.edf,8,2,16.0,motor_imagery,T0,ds005284,0,1.0,-56.68086964387054,True
eegmmidb,S010,data/eegmmidb/S010/S010R08.edf,8,3,24.0,motor_imagery,T0,ds005284,0,1.0,-53.37525086629544,True
eegmmidb,S010,data/eegmmidb/S010/S010R08.edf,8,4,32.0,motor_imagery,T0,ds005284,0,0.9999999999999858,-48.636516926429,True
eegmmidb,S010,data/eegmmidb/S010/S010R08.edf,8,5,40.0,motor_imagery,T0,ds005284,0,1.0,-67.74372035061437,True
eegmmidb,S010,data/eegmmidb/S010/S010R08.edf,8,6,48.0,motor_imagery,T0,ds005284,0,1.0,-51.91049380531965,True
eegmmidb,S010,data/eegmmidb/S010/S010R08.edf,8,7,56.0,motor_imagery,T0,ds005284,0,1.0,-52.207196237574394,True
eegmmidb,S010,data/eegmmidb/S010/S010R08.edf,8,8,64.0,motor_imagery,T0,ds005284,0,0.9999999999947846,-66.49323185802976,True
eegmmidb,S010,data/eegmmidb/S010/S010R08.edf,8,9,72.0,motor_imagery,T0,ds005284,0,0.9999999999999929,-48.57434325806125,True
eegmmidb,S010,data/eegmmidb/S010/S010R08.edf,8,10,80.0,motor_imagery,T0,ds005284,0,0.9999999987290735,-44.87677477393823,True
eegmmidb,S010,data/eegmmidb/S010/S010R08.edf,8,11,88.0,motor_imagery,T0,ds005284,0,1.0,-74.37508225521789,True
eegmmidb,S010,data/eegmmidb/S010/S010R08.edf,8,12,96.0,motor_imagery,T0,ds005284,0,1.0,-60.89159411898187,True
eegmmidb,S010,data/eegmmidb/S010/S010R08.edf,8,13,104.0,motor_imagery,T0,ds005284,0,1.0,-49.37356292903137,True
eegmmidb,S010,data/eegmmidb/S010/S010R08.edf,8,14,112.0,motor_imagery,T0,ds005284,0,0.9999999999881197,-52.243456379235596,True
eegmmidb,S010,data/eegmmidb/S010/S010R11.edf,8,0,0.0,motor_execution,T0,ds005284,0,0.9999999999932996,-50.58379860049686,True
eegmmidb,S010,data/eegmmidb/S010/S010R11.edf,8,1,8.0,motor_execution,T0,ds005284,0,0.9999999999998579,-45.409883432049284,True
eegmmidb,S010,data/eegmmidb/S010/S010R11.edf,8,2,16.0,motor_execution,T0,ds005284,0,1.0,-54.73000136733089,True
eegmmidb,S010,data/eegmmidb/S010/S010R11.edf,8,3,24.0,motor_execution,T0,ds005284,0,1.0,-53.83942054818849,True
eegmmidb,S010,data/eegmmidb/S010/S010R11.edf,8,4,32.0,motor_execution,T0,ds005284,0,1.0,-46.06252756597825,True
eegmmidb,S010,data/eegmmidb/S010/S010R11.edf,8,5,40.0,motor_execution,T0,ds005284,0,1.0,-54.23124038379719,True
eegmmidb,S010,data/eegmmidb/S010/S010R11.edf,8,6,48.0,motor_execution,T0,ds005284,0,1.0,-68.7794826370406,True
eegmmidb,S010,data/eegmmidb/S010/S010R11.edf,8,7,56.0,motor_execution,T0,ds005284,0,1.0,-65.7992016768521,True
eegmmidb,S010,data/eegmmidb/S010/S010R11.edf,8,8,64.0,motor_execution,T0,ds005284,0,1.0,-56.37628052733531,True
eegmmidb,S010,data/eegmmidb/S010/S010R11.edf,8,9,72.0,motor_execution,T0,ds005284,0,0.9999999997233715,-76.88636784612886,True
eegmmidb,S010,data/eegmmidb/S010/S010R11.edf,8,10,80.0,motor_execution,T0,ds005284,0,0.9999999999969162,-45.40906581280369,True
eegmmidb,S010,data/eegmmidb/S010/S010R11.edf,8,11,88.0,motor_execution,T0,ds005284,0,1.0,-66.81115589926485,True
eegmmidb,S010,data/eegmmidb/S010/S010R11.edf,8,12,96.0,motor_execution,T0,ds005284,0,0.9999999999998934,-51.6707901712295,True
eegmmidb,S010,data/eegmmidb/S010/S010R11.edf,8,13,104.0,motor_execution,T0,ds005284,0,0.9999999844523729,-84.8269178673848,True
eegmmidb,S010,data/eegmmidb/S010/S010R11.edf,8,14,112.0,motor_execution,T0,ds005284,0,0.9999999999997087,-47.45331656801735,True
eegmmidb,S010,data/eegmmidb/S010/S010R12.edf,8,0,0.0,motor_imagery,T0,ds005284,0,0.9999994075019935,-49.885592344431416,True
eegmmidb,S010,data/eegmmidb/S010/S010R12.edf,8,1,8.0,motor_imagery,T0,ds005284,0,1.0,-50.426556097393345,True
eegmmidb,S010,data/eegmmidb/S010/S010R12.edf,8,2,16.0,motor_imagery,T0,ds005284,0,1.0,-53.87354484670827,True
eegmmidb,S010,data/eegmmidb/S010/S010R12.edf,8,3,24.0,motor_imagery,T0,ds005284,0,0.999999985865273,-44.10901901859616,True
eegmmidb,S010,data/eegmmidb/S010/S010R12.edf,8,4,32.0,motor_imagery,T0,ds005284,0,1.0,-61.52441963379111,True
eegmmidb,S010,data/eegmmidb/S010/S010R12.edf,8,5,40.0,motor_imagery,T0,ds005284,0,0.9999999999998934,-54.82832512443725,True
eegmmidb,S010,data/eegmmidb/S010/S010R12.edf,8,6,48.0,motor_imagery,T0,ds005284,0,0.9999999999534026,-46.81823617516856,True
eegmmidb,S010,data/eegmmidb/S010/S010R12.edf,8,7,56.0,motor_imagery,T0,ds005284,0,0.9999999910714692,-39.06320625977377,True
eegmmidb,S010,data/eegmmidb/S010/S010R12.edf,8,8,64.0,motor_imagery,T0,ds005284,0,0.9999998683612661,-54.902810916122675,True
eegmmidb,S010,data/eegmmidb/S010/S010R12.edf,8,9,72.0,motor_imagery,T0,ds005284,0,0.9999999951750382,-42.56907463383835,True
eegmmidb,S010,data/eegmmidb/S010/S010R12.edf,8,10,80.0,motor_imagery,T0,ds005284,0,0.9999999563631343,-43.893523568274205,True
eegmmidb,S010,data/eegmmidb/S010/S010R12.edf,8,11,88.0,motor_imagery,T0,ds005284,0,1.0,-65.45081730992398,True
eegmmidb,S010,data/eegmmidb/S010/S010R12.edf,8,12,96.0,motor_imagery,T0,ds005284,0,0.9999999999936549,-48.364694133830184,True
eegmmidb,S010,data/eegmmidb/S010/S010R12.edf,8,13,104.0,motor_imagery,T0,ds005284,0,0.9999999999994174,-46.43673115278763,True
eegmmidb,S010,data/eegmmidb/S010/S010R12.edf,8,14,112.0,motor_imagery,T0,ds005284,0,1.0,-66.36537240242997,True
ds005284,sub-001,data/ds005284/sub-001/eeg/sub-001_task-26ByBiosemi_eeg.bdf,8,0,0.0,pain_protocol,unannotated,eegmmidb,1,0.9999999635682719,-35.51450228135628,False
ds005284,sub-001,data/ds005284/sub-001/eeg/sub-001_task-26ByBiosemi_eeg.bdf,8,1,8.0,pain_protocol,unannotated,eegmmidb,1,0.999995274773164,-61.128617372758974,True
ds005284,sub-001,data/ds005284/sub-001/eeg/sub-001_task-26ByBiosemi_eeg.bdf,8,2,16.0,pain_protocol,unannotated,eegmmidb,1,0.9999947496069185,-43.90847580213665,True
ds005284,sub-001,data/ds005284/sub-001/eeg/sub-001_task-26ByBiosemi_eeg.bdf,8,3,24.0,pain_protocol,unannotated,eegmmidb,1,0.9962434547408523,-44.34415199986542,True
ds005284,sub-001,data/ds005284/sub-001/eeg/sub-001_task-26ByBiosemi_eeg.bdf,8,4,32.0,pain_protocol,unannotated,eegmmidb,1,0.9984385314445836,-43.74349970709454,True
ds005284,sub-001,data/ds005284/sub-001/eeg/sub-001_task-26ByBiosemi_eeg.bdf,8,5,40.0,pain_protocol,unannotated,eegmmidb,0,0.9827555749166408,-52.645008493918745,True
ds005284,sub-001,data/ds005284/sub-001/eeg/sub-001_task-26ByBiosemi_eeg.bdf,8,6,48.0,pain_protocol,unannotated,eegmmidb,0,0.7068454743702732,-43.73443206344954,True
ds005284,sub-001,data/ds005284/sub-001/eeg/sub-001_task-26ByBiosemi_eeg.bdf,8,7,56.0,pain_protocol,unannotated,eegmmidb,1,0.9999999999917435,-29.981148267835685,False
ds005284,sub-001,data/ds005284/sub-001/eeg/sub-001_task-26ByBiosemi_eeg.bdf,8,8,64.0,pain_protocol,unannotated,eegmmidb,1,0.9999999977663485,-31.90507055583797,False
ds005284,sub-001,data/ds005284/sub-001/eeg/sub-001_task-26ByBiosemi_eeg.bdf,8,9,72.0,pain_protocol,unannotated,eegmmidb,1,0.9999979996986608,-31.69800957112914,False
ds005284,sub-001,data/ds005284/sub-001/eeg/sub-001_task-26ByBiosemi_eeg.bdf,8,10,80.0,pain_protocol,unannotated,eegmmidb,1,0.9999999711053538,-34.525949798294214,False
ds005284,sub-001,data/ds005284/sub-001/eeg/sub-001_task-26ByBiosemi_eeg.bdf,8,11,88.0,pain_protocol,unannotated,eegmmidb,1,0.9999999708813339,-37.26828784207704,False
ds005284,sub-001,data/ds005284/sub-001/eeg/sub-001_task-26ByBiosemi_eeg.bdf,8,12,96.0,pain_protocol,unannotated,eegmmidb,1,0.9999999998746425,-30.808259679573784,False
ds005284,sub-001,data/ds005284/sub-001/eeg/sub-001_task-26ByBiosemi_eeg.bdf,8,13,104.0,pain_protocol,unannotated,eegmmidb,1,0.9999999924886538,-33.82001474598098,False
ds005284,sub-001,data/ds005284/sub-001/eeg/sub-001_task-26ByBiosemi_eeg.bdf,8,14,112.0,pain_protocol,unannotated,eegmmidb,1,0.9999999998533866,-25.774704917225918,False
ds005284,sub-001,data/ds005284/sub-001/eeg/sub-001_task-26ByBiosemi_eeg.bdf,8,15,120.0,pain_protocol,unannotated,eegmmidb,1,0.9999999995024602,-30.5716347722168,False
ds005284,sub-001,data/ds005284/sub-001/eeg/sub-001_task-26ByBiosemi_eeg.bdf,8,16,128.0,pain_protocol,unannotated,eegmmidb,1,0.9999999980802556,-32.33334617517347,False
ds005284,sub-001,data/ds005284/sub-001/eeg/sub-001_task-26ByBiosemi_eeg.bdf,8,17,136.0,pain_protocol,unannotated,eegmmidb,1,0.9999999999999254,-31.49618495385253,False
ds005284,sub-001,data/ds005284/sub-001/eeg/sub-001_task-26ByBiosemi_eeg.bdf,8,18,144.0,pain_protocol,unannotated,eegmmidb,1,0.9999999998840288,-29.506102332675948,False
ds005284,sub-001,data/ds005284/sub-001/eeg/sub-001_task-26ByBiosemi_eeg.bdf,8,19,152.0,pain_protocol,unannotated,eegmmidb,1,0.9999999996824833,-31.370937151483094,False
ds005284,sub-001,data/ds005284/sub-001/eeg/sub-001_task-26ByBiosemi_eeg.bdf,8,20,160.0,pain_protocol,unannotated,eegmmidb,1,0.999999999945338,-34.56807861385927,False
ds005284,sub-001,data/ds005284/sub-001/eeg/sub-001_task-26ByBiosemi_eeg.bdf,8,21,168.0,pain_protocol,unannotated,eegmmidb,0,1.0,-47.05716659083809,True
ds005284,sub-001,data/ds005284/sub-001/eeg/sub-001_task-26ByBiosemi_eeg.bdf,8,22,176.0,pain_protocol,unannotated,eegmmidb,1,0.9999999999974527,-28.095760750949,False
ds005284,sub-001,data/ds005284/sub-001/eeg/sub-001_task-26ByBiosemi_eeg.bdf,8,23,184.0,pain_protocol,unannotated,eegmmidb,1,0.9999999999555094,-31.162264593139863,False
ds005284,sub-001,data/ds005284/sub-001/eeg/sub-001_task-26ByBiosemi_eeg.bdf,8,24,192.0,pain_protocol,unannotated,eegmmidb,1,0.9999999999353157,-29.891519765279295,False
ds005284,sub-001,data/ds005284/sub-001/eeg/sub-001_task-26ByBiosemi_eeg.bdf,8,25,200.0,pain_protocol,unannotated,eegmmidb,1,0.9999999999998472,-29.83342158943378,False
ds005284,sub-001,data/ds005284/sub-001/eeg/sub-001_task-26ByBiosemi_eeg.bdf,8,26,208.0,pain_protocol,unannotated,eegmmidb,1,0.9999997019287452,-39.22237032588412,False
ds005284,sub-001,data/ds005284/sub-001/eeg/sub-001_task-26ByBiosemi_eeg.bdf,8,27,216.0,pain_protocol,unannotated,eegmmidb,1,0.9999999984625987,-33.0331766372341,False
ds005284,sub-001,data/ds005284/sub-001/eeg/sub-001_task-26ByBiosemi_eeg.bdf,8,28,224.0,pain_protocol,unannotated,eegmmidb,1,1.0,-31.581438595181957,False
ds005284,sub-001,data/ds005284/sub-001/eeg/sub-001_task-26ByBiosemi_eeg.bdf,8,29,232.0,pain_protocol,unannotated,eegmmidb,1,0.9999999985220285,-40.594611558602914,True
ds005284,sub-001,data/ds005284/sub-001/eeg/sub-001_task-26ByBiosemi_eeg.bdf,8,30,240.0,pain_protocol,unannotated,eegmmidb,1,0.9999999728691978,-38.4842528170491,False
ds005284,sub-001,data/ds005284/sub-001/eeg/sub-001_task-26ByBiosemi_eeg.bdf,8,31,248.0,pain_protocol,unannotated,eegmmidb,0,0.9999405020629236,-38.47552247309424,False
ds005284,sub-001,data/ds005284/sub-001/eeg/sub-001_task-26ByBiosemi_eeg.bdf,8,32,256.0,pain_protocol,unannotated,eegmmidb,1,0.9999999999612861,-29.645395079852886,False
ds005284,sub-001,data/ds005284/sub-001/eeg/sub-001_task-26ByBiosemi_eeg.bdf,8,33,264.0,pain_protocol,unannotated,eegmmidb,1,0.9999999999996163,-33.73332707280741,False
ds005284,sub-001,data/ds005284/sub-001/eeg/sub-001_task-26ByBiosemi_eeg.bdf,8,34,272.0,pain_protocol,unannotated,eegmmidb,1,0.9999999999467768,-30.147862516030056,False
ds005284,sub-001,data/ds005284/sub-001/eeg/sub-001_task-26ByBiosemi_eeg.bdf,8,35,280.0,pain_protocol,unannotated,eegmmidb,1,0.9999999999734115,-31.69329675688025,False
ds005284,sub-001,data/ds005284/sub-001/eeg/sub-001_task-26ByBiosemi_eeg.bdf,8,36,288.0,pain_protocol,unannotated,eegmmidb,1,0.9999999999656879,-39.808852290800864,False
ds005284,sub-001,data/ds005284/sub-001/eeg/sub-001_task-26ByBiosemi_eeg.bdf,8,37,296.0,pain_protocol,unannotated,eegmmidb,0,1.0,-36.07577461714498,False
ds005284,sub-001,data/ds005284/sub-001/eeg/sub-001_task-26ByBiosemi_eeg.bdf,8,38,304.0,pain_protocol,unannotated,eegmmidb,1,0.9999999999979607,-29.110676657947565,False
ds005284,sub-001,data/ds005284/sub-001/eeg/sub-001_task-26ByBiosemi_eeg.bdf,8,39,312.0,pain_protocol,unannotated,eegmmidb,1,0.999999999942812,-31.429165171545097,False
ds005284,sub-001,data/ds005284/sub-001/eeg/sub-001_task-26ByBiosemi_eeg.bdf,8,40,320.0,pain_protocol,unannotated,eegmmidb,1,0.9999980461037242,-37.11160806221552,False
ds005284,sub-002,data/ds005284/sub-002/eeg/sub-002_task-26ByBiosemi_eeg.bdf,8,0,0.0,pain_protocol,unannotated,eegmmidb,1,0.9999999999978684,-27.709997486713824,False
ds005284,sub-002,data/ds005284/sub-002/eeg/sub-002_task-26ByBiosemi_eeg.bdf,8,1,8.0,pain_protocol,unannotated,eegmmidb,1,1.0,-30.02683901787931,False
ds005284,sub-002,data/ds005284/sub-002/eeg/sub-002_task-26ByBiosemi_eeg.bdf,8,2,16.0,pain_protocol,unannotated,eegmmidb,1,1.0,-27.563125722487868,False
ds005284,sub-002,data/ds005284/sub-002/eeg/sub-002_task-26ByBiosemi_eeg.bdf,8,3,24.0,pain_protocol,unannotated,eegmmidb,1,0.9999999999999432,-35.228201581463836,False
ds005284,sub-002,data/ds005284/sub-002/eeg/sub-002_task-26ByBiosemi_eeg.bdf,8,4,32.0,pain_protocol,unannotated,eegmmidb,1,0.9999999998396021,-29.32472956865481,False
ds005284,sub-002,data/ds005284/sub-002/eeg/sub-002_task-26ByBiosemi_eeg.bdf,8,5,40.0,pain_protocol,unannotated,eegmmidb,1,0.9999363736326992,-34.85350096333084,False
ds005284,sub-002,data/ds005284/sub-002/eeg/sub-002_task-26ByBiosemi_eeg.bdf,8,6,48.0,pain_protocol,unannotated,eegmmidb,1,0.9999999999999964,-26.592765548015468,False
ds005284,sub-002,data/ds005284/sub-002/eeg/sub-002_task-26ByBiosemi_eeg.bdf,8,7,56.0,pain_protocol,unannotated,eegmmidb,1,0.9999999999999325,-24.7582420603074,False
ds005284,sub-002,data/ds005284/sub-002/eeg/sub-002_task-26ByBiosemi_eeg.bdf,8,8,64.0,pain_protocol,unannotated,eegmmidb,1,0.9999999999796003,-23.608337747857433,False
ds005284,sub-002,data/ds005284/sub-002/eeg/sub-002_task-26ByBiosemi_eeg.bdf,8,9,72.0,pain_protocol,unannotated,eegmmidb,1,0.9999999999969447,-21.20816933123552,False
ds005284,sub-002,data/ds005284/sub-002/eeg/sub-002_task-26ByBiosemi_eeg.bdf,8,10,80.0,pain_protocol,unannotated,eegmmidb,1,1.0,-32.68262064972505,False
ds005284,sub-002,data/ds005284/sub-002/eeg/sub-002_task-26ByBiosemi_eeg.bdf,8,11,88.0,pain_protocol,unannotated,eegmmidb,1,1.0,-31.046452485586748,False
ds005284,sub-002,data/ds005284/sub-002/eeg/sub-002_task-26ByBiosemi_eeg.bdf,8,12,96.0,pain_protocol,unannotated,eegmmidb,1,0.9999999299797107,-35.70041104180021,False
ds005284,sub-002,data/ds005284/sub-002/eeg/sub-002_task-26ByBiosemi_eeg.bdf,8,13,104.0,pain_protocol,unannotated,eegmmidb,1,1.0,-28.502119625918674,False
ds005284,sub-002,data/ds005284/sub-002/eeg/sub-002_task-26ByBiosemi_eeg.bdf,8,14,112.0,pain_protocol,unannotated,eegmmidb,1,0.9999627326517414,-35.61868228075394,False
ds005284,sub-002,data/ds005284/sub-002/eeg/sub-002_task-26ByBiosemi_eeg.bdf,8,15,120.0,pain_protocol,unannotated,eegmmidb,1,0.9999999999970477,-24.702540119050543,False
ds005284,sub-002,data/ds005284/sub-002/eeg/sub-002_task-26ByBiosemi_eeg.bdf,8,16,128.0,pain_protocol,unannotated,eegmmidb,1,0.9999999999999787,-22.45683105569473,False
ds005284,sub-002,data/ds005284/sub-002/eeg/sub-002_task-26ByBiosemi_eeg.bdf,8,17,136.0,pain_protocol,unannotated,eegmmidb,1,0.9999999999999716,-26.032926577410628,False
ds005284,sub-002,data/ds005284/sub-002/eeg/sub-002_task-26ByBiosemi_eeg.bdf,8,18,144.0,pain_protocol,unannotated,eegmmidb,1,0.9999999999999076,-26.196782556778118,False
ds005284,sub-002,data/ds005284/sub-002/eeg/sub-002_task-26ByBiosemi_eeg.bdf,8,19,152.0,pain_protocol,unannotated,eegmmidb,1,0.999999999997133,-22.65890888246382,False
ds005284,sub-002,data/ds005284/sub-002/eeg/sub-002_task-26ByBiosemi_eeg.bdf,8,20,160.0,pain_protocol,unannotated,eegmmidb,1,0.9999999999999645,-22.50991296955085,False
ds005284,sub-002,data/ds005284/sub-002/eeg/sub-002_task-26ByBiosemi_eeg.bdf,8,21,168.0,pain_protocol,unannotated,eegmmidb,1,0.9999999999999254,-30.165962388213135,False
ds005284,sub-002,data/ds005284/sub-002/eeg/sub-002_task-26ByBiosemi_eeg.bdf,8,22,176.0,pain_protocol,unannotated,eegmmidb,1,0.9999999999996803,-23.691668094373505,False
ds005284,sub-002,data/ds005284/sub-002/eeg/sub-002_task-26ByBiosemi_eeg.bdf,8,23,184.0,pain_protocol,unannotated,eegmmidb,1,1.0,-28.239146169374926,False
ds005284,sub-002,data/ds005284/sub-002/eeg/sub-002_task-26ByBiosemi_eeg.bdf,8,24,192.0,pain_protocol,unannotated,eegmmidb,1,0.9999999999632898,-27.018848070934315,False
ds005284,sub-002,data/ds005284/sub-002/eeg/sub-002_task-26ByBiosemi_eeg.bdf,8,25,200.0,pain_protocol,unannotated,eegmmidb,1,1.0,-30.2665102988256,False
ds005284,sub-002,data/ds005284/sub-002/eeg/sub-002_task-26ByBiosemi_eeg.bdf,8,26,208.0,pain_protocol,unannotated,eegmmidb,1,0.9999999999976588,-23.82335344502058,False
ds005284,sub-002,data/ds005284/sub-002/eeg/sub-002_task-26ByBiosemi_eeg.bdf,8,27,216.0,pain_protocol,unannotated,eegmmidb,1,0.9999999999997584,-22.390077370550046,False
ds005284,sub-002,data/ds005284/sub-002/eeg/sub-002_task-26ByBiosemi_eeg.bdf,8,28,224.0,pain_protocol,unannotated,eegmmidb,1,0.999999999999929,-24.43137474201051,False
ds005284,sub-002,data/ds005284/sub-002/eeg/sub-002_task-26ByBiosemi_eeg.bdf,8,29,232.0,pain_protocol,unannotated,eegmmidb,1,0.9999999999999751,-23.598160969510364,False
ds005284,sub-002,data/ds005284/sub-002/eeg/sub-002_task-26ByBiosemi_eeg.bdf,8,30,240.0,pain_protocol,unannotated,eegmmidb,1,0.9999999313759235,-23.82240500286181,False
ds005284,sub-002,data/ds005284/sub-002/eeg/sub-002_task-26ByBiosemi_eeg.bdf,8,31,248.0,pain_protocol,unannotated,eegmmidb,1,0.9999999999998614,-20.9550199802282,False
ds005284,sub-002,data/ds005284/sub-002/eeg/sub-002_task-26ByBiosemi_eeg.bdf,8,32,256.0,pain_protocol,unannotated,eegmmidb,1,0.9999999999996732,-22.029578323432432,False
ds005284,sub-002,data/ds005284/sub-002/eeg/sub-002_task-26ByBiosemi_eeg.bdf,8,33,264.0,pain_protocol,unannotated,eegmmidb,1,0.9999999999992042,-20.82839738069825,False
ds005284,sub-002,data/ds005284/sub-002/eeg/sub-002_task-26ByBiosemi_eeg.bdf,8,34,272.0,pain_protocol,unannotated,eegmmidb,1,0.9999999999910685,-21.730937060632197,False
ds005284,sub-002,data/ds005284/sub-002/eeg/sub-002_task-26ByBiosemi_eeg.bdf,8,35,280.0,pain_protocol,unannotated,eegmmidb,1,0.9999999962470874,-27.963481425803135,False
ds005284,sub-002,data/ds005284/sub-002/eeg/sub-002_task-26ByBiosemi_eeg.bdf,8,36,288.0,pain_protocol,unannotated,eegmmidb,1,0.9999999999999893,-26.065597027203065,False
ds005284,sub-002,data/ds005284/sub-002/eeg/sub-002_task-26ByBiosemi_eeg.bdf,8,37,296.0,pain_protocol,unannotated,eegmmidb,1,0.9999999999982272,-24.45910928104028,False
ds005284,sub-002,data/ds005284/sub-002/eeg/sub-002_task-26ByBiosemi_eeg.bdf,8,38,304.0,pain_protocol,unannotated,eegmmidb,1,0.9999999999885105,-21.65063456398248,False
ds005284,sub-002,data/ds005284/sub-002/eeg/sub-002_task-26ByBiosemi_eeg.bdf,8,39,312.0,pain_protocol,unannotated,eegmmidb,1,0.9999999945704232,-24.876222359935355,False
ds005284,sub-002,data/ds005284/sub-002/eeg/sub-002_task-26ByBiosemi_eeg.bdf,8,40,320.0,pain_protocol,unannotated,eegmmidb,1,0.9999999999990159,-20.603678288601703,False
ds005284,sub-003,data/ds005284/sub-003/eeg/sub-003_task-26ByBiosemi_eeg.bdf,8,0,0.0,pain_protocol,unannotated,eegmmidb,1,1.0,-43.197309976066855,True
ds005284,sub-003,data/ds005284/sub-003/eeg/sub-003_task-26ByBiosemi_eeg.bdf,8,1,8.0,pain_protocol,unannotated,eegmmidb,1,1.0,-47.89917374947729,True
ds005284,sub-003,data/ds005284/sub-003/eeg/sub-003_task-26ByBiosemi_eeg.bdf,8,2,16.0,pain_protocol,unannotated,eegmmidb,1,1.0,-42.78658877741669,True
ds005284,sub-003,data/ds005284/sub-003/eeg/sub-003_task-26ByBiosemi_eeg.bdf,8,3,24.0,pain_protocol,unannotated,eegmmidb,1,1.0,-46.65376067405461,True
ds005284,sub-003,data/ds005284/sub-003/eeg/sub-003_task-26ByBiosemi_eeg.bdf,8,4,32.0,pain_protocol,unannotated,eegmmidb,1,1.0,-48.79015199410795,True
ds005284,sub-003,data/ds005284/sub-003/eeg/sub-003_task-26ByBiosemi_eeg.bdf,8,5,40.0,pain_protocol,unannotated,eegmmidb,1,1.0,-36.70201893049485,False
ds005284,sub-003,data/ds005284/sub-003/eeg/sub-003_task-26ByBiosemi_eeg.bdf,8,6,48.0,pain_protocol,unannotated,eegmmidb,1,1.0,-42.97946209331682,True
ds005284,sub-003,data/ds005284/sub-003/eeg/sub-003_task-26ByBiosemi_eeg.bdf,8,7,56.0,pain_protocol,unannotated,eegmmidb,1,1.0,-40.822896303671534,True
ds005284,sub-003,data/ds005284/sub-003/eeg/sub-003_task-26ByBiosemi_eeg.bdf,8,8,64.0,pain_protocol,unannotated,eegmmidb,1,1.0,-56.200448981032395,True
ds005284,sub-003,data/ds005284/sub-003/eeg/sub-003_task-26ByBiosemi_eeg.bdf,8,9,72.0,pain_protocol,unannotated,eegmmidb,1,1.0,-46.205930945775684,True
ds005284,sub-003,data/ds005284/sub-003/eeg/sub-003_task-26ByBiosemi_eeg.bdf,8,10,80.0,pain_protocol,unannotated,eegmmidb,1,1.0,-39.81819909700453,False
ds005284,sub-003,data/ds005284/sub-003/eeg/sub-003_task-26ByBiosemi_eeg.bdf,8,11,88.0,pain_protocol,unannotated,eegmmidb,1,0.9999997748584133,-46.52448410897141,True
ds005284,sub-003,data/ds005284/sub-003/eeg/sub-003_task-26ByBiosemi_eeg.bdf,8,12,96.0,pain_protocol,unannotated,eegmmidb,1,1.0,-50.84479030456695,True
ds005284,sub-003,data/ds005284/sub-003/eeg/sub-003_task-26ByBiosemi_eeg.bdf,8,13,104.0,pain_protocol,unannotated,eegmmidb,1,1.0,-46.57161992627468,True
ds005284,sub-003,data/ds005284/sub-003/eeg/sub-003_task-26ByBiosemi_eeg.bdf,8,14,112.0,pain_protocol,unannotated,eegmmidb,1,1.0,-33.84471373523264,False
ds005284,sub-003,data/ds005284/sub-003/eeg/sub-003_task-26ByBiosemi_eeg.bdf,8,15,120.0,pain_protocol,unannotated,eegmmidb,1,1.0,-40.92094656913065,True
ds005284,sub-003,data/ds005284/sub-003/eeg/sub-003_task-26ByBiosemi_eeg.bdf,8,16,128.0,pain_protocol,unannotated,eegmmidb,1,1.0,-28.59850628954151,False
ds005284,sub-003,data/ds005284/sub-003/eeg/sub-003_task-26ByBiosemi_eeg.bdf,8,17,136.0,pain_protocol,unannotated,eegmmidb,1,1.0,-42.357174290671715,True
ds005284,sub-003,data/ds005284/sub-003/eeg/sub-003_task-26ByBiosemi_eeg.bdf,8,18,144.0,pain_protocol,unannotated,eegmmidb,1,1.0,-39.15352720978126,False
ds005284,sub-003,data/ds005284/sub-003/eeg/sub-003_task-26ByBiosemi_eeg.bdf,8,19,152.0,pain_protocol,unannotated,eegmmidb,1,1.0,-39.59828506523815,False
ds005284,sub-003,data/ds005284/sub-003/eeg/sub-003_task-26ByBiosemi_eeg.bdf,8,20,160.0,pain_protocol,unannotated,eegmmidb,1,1.0,-41.73812448679474,True
ds005284,sub-003,data/ds005284/sub-003/eeg/sub-003_task-26ByBiosemi_eeg.bdf,8,21,168.0,pain_protocol,unannotated,eegmmidb,1,1.0,-35.349930138159834,False
ds005284,sub-003,data/ds005284/sub-003/eeg/sub-003_task-26ByBiosemi_eeg.bdf,8,22,176.0,pain_protocol,unannotated,eegmmidb,1,0.9999999997742108,-28.93202067710351,False
ds005284,sub-003,data/ds005284/sub-003/eeg/sub-003_task-26ByBiosemi_eeg.bdf,8,23,184.0,pain_protocol,unannotated,eegmmidb,1,1.0,-37.80066832507283,False
ds005284,sub-003,data/ds005284/sub-003/eeg/sub-003_task-26ByBiosemi_eeg.bdf,8,24,192.0,pain_protocol,unannotated,eegmmidb,1,1.0,-28.173182495829167,False
ds005284,sub-003,data/ds005284/sub-003/eeg/sub-003_task-26ByBiosemi_eeg.bdf,8,25,200.0,pain_protocol,unannotated,eegmmidb,1,0.9999999999958042,-30.779804632861097,False
ds005284,sub-003,data/ds005284/sub-003/eeg/sub-003_task-26ByBiosemi_eeg.bdf,8,26,208.0,pain_protocol,unannotated,eegmmidb,1,1.0,-39.55884853064186,False
ds005284,sub-003,data/ds005284/sub-003/eeg/sub-003_task-26ByBiosemi_eeg.bdf,8,27,216.0,pain_protocol,unannotated,eegmmidb,1,0.9999999999993854,-27.819852032401318,False
ds005284,sub-003,data/ds005284/sub-003/eeg/sub-003_task-26ByBiosemi_eeg.bdf,8,28,224.0,pain_protocol,unannotated,eegmmidb,1,1.0,-49.38420926521408,True
ds005284,sub-003,data/ds005284/sub-003/eeg/sub-003_task-26ByBiosemi_eeg.bdf,8,29,232.0,pain_protocol,unannotated,eegmmidb,1,1.0,-36.432382399206645,False
ds005284,sub-003,data/ds005284/sub-003/eeg/sub-003_task-26ByBiosemi_eeg.bdf,8,30,240.0,pain_protocol,unannotated,eegmmidb,1,0.9999999862804289,-28.258770952277978,False
ds005284,sub-003,data/ds005284/sub-003/eeg/sub-003_task-26ByBiosemi_eeg.bdf,8,31,248.0,pain_protocol,unannotated,eegmmidb,1,1.0,-42.22357805208996,True
ds005284,sub-003,data/ds005284/sub-003/eeg/sub-003_task-26ByBiosemi_eeg.bdf,8,32,256.0,pain_protocol,unannotated,eegmmidb,1,1.0,-30.003056253954945,False
ds005284,sub-003,data/ds005284/sub-003/eeg/sub-003_task-26ByBiosemi_eeg.bdf,8,33,264.0,pain_protocol,unannotated,eegmmidb,1,1.0,-40.49659764425757,True
ds005284,sub-003,data/ds005284/sub-003/eeg/sub-003_task-26ByBiosemi_eeg.bdf,8,34,272.0,pain_protocol,unannotated,eegmmidb,1,1.0,-37.01317983689755,False
ds005284,sub-003,data/ds005284/sub-003/eeg/sub-003_task-26ByBiosemi_eeg.bdf,8,35,280.0,pain_protocol,unannotated,eegmmidb,1,1.0,-41.05985555015018,True
ds005284,sub-003,data/ds005284/sub-003/eeg/sub-003_task-26ByBiosemi_eeg.bdf,8,36,288.0,pain_protocol,unannotated,eegmmidb,1,0.9999999999998863,-29.527640282858258,False
ds005284,sub-003,data/ds005284/sub-003/eeg/sub-003_task-26ByBiosemi_eeg.bdf,8,37,296.0,pain_protocol,unannotated,eegmmidb,1,1.0,-39.35626702795083,False
ds005284,sub-003,data/ds005284/sub-003/eeg/sub-003_task-26ByBiosemi_eeg.bdf,8,38,304.0,pain_protocol,unannotated,eegmmidb,1,0.9999999998912372,-34.81663296302701,False
ds005284,sub-003,data/ds005284/sub-003/eeg/sub-003_task-26ByBiosemi_eeg.bdf,8,39,312.0,pain_protocol,unannotated,eegmmidb,1,1.0,-33.454443788932544,False
ds005284,sub-003,data/ds005284/sub-003/eeg/sub-003_task-26ByBiosemi_eeg.bdf,8,40,320.0,pain_protocol,unannotated,eegmmidb,1,0.999999999999762,-25.803986529869302,False
ds005284,sub-004,data/ds005284/sub-004/eeg/sub-004_task-26ByBiosemi_eeg.bdf,8,0,0.0,pain_protocol,unannotated,eegmmidb,1,1.0,-26.618510451459947,False
ds005284,sub-004,data/ds005284/sub-004/eeg/sub-004_task-26ByBiosemi_eeg.bdf,8,1,8.0,pain_protocol,unannotated,eegmmidb,1,1.0,-41.410792403984395,True
ds005284,sub-004,data/ds005284/sub-004/eeg/sub-004_task-26ByBiosemi_eeg.bdf,8,2,16.0,pain_protocol,unannotated,eegmmidb,1,0.9999999999973745,-25.419010909708273,False
ds005284,sub-004,data/ds005284/sub-004/eeg/sub-004_task-26ByBiosemi_eeg.bdf,8,3,24.0,pain_protocol,unannotated,eegmmidb,1,0.999999999981771,-28.185768403461427,False
ds005284,sub-004,data/ds005284/sub-004/eeg/sub-004_task-26ByBiosemi_eeg.bdf,8,4,32.0,pain_protocol,unannotated,eegmmidb,1,1.0,-31.82910462160951,False
ds005284,sub-004,data/ds005284/sub-004/eeg/sub-004_task-26ByBiosemi_eeg.bdf,8,5,40.0,pain_protocol,unannotated,eegmmidb,1,1.0,-31.875959717312973,False
ds005284,sub-004,data/ds005284/sub-004/eeg/sub-004_task-26ByBiosemi_eeg.bdf,8,6,48.0,pain_protocol,unannotated,eegmmidb,1,0.9999999999959392,-26.073619196708943,False
ds005284,sub-004,data/ds005284/sub-004/eeg/sub-004_task-26ByBiosemi_eeg.bdf,8,7,56.0,pain_protocol,unannotated,eegmmidb,1,1.0,-26.482217364750554,False
ds005284,sub-004,data/ds005284/sub-004/eeg/sub-004_task-26ByBiosemi_eeg.bdf,8,8,64.0,pain_protocol,unannotated,eegmmidb,1,0.9999999999942304,-26.24641381046817,False
ds005284,sub-004,data/ds005284/sub-004/eeg/sub-004_task-26ByBiosemi_eeg.bdf,8,9,72.0,pain_protocol,unannotated,eegmmidb,1,0.9999999999996234,-28.703727981369163,False
ds005284,sub-004,data/ds005284/sub-004/eeg/sub-004_task-26ByBiosemi_eeg.bdf,8,10,80.0,pain_protocol,unannotated,eegmmidb,1,1.0,-28.67524949162003,False
ds005284,sub-004,data/ds005284/sub-004/eeg/sub-004_task-26ByBiosemi_eeg.bdf,8,11,88.0,pain_protocol,unannotated,eegmmidb,1,1.0,-27.9238031199533,False
ds005284,sub-004,data/ds005284/sub-004/eeg/sub-004_task-26ByBiosemi_eeg.bdf,8,12,96.0,pain_protocol,unannotated,eegmmidb,1,0.9999999999416538,-27.58108606929861,False
ds005284,sub-004,data/ds005284/sub-004/eeg/sub-004_task-26ByBiosemi_eeg.bdf,8,13,104.0,pain_protocol,unannotated,eegmmidb,1,0.9999999999999716,-25.84810934789933,False
ds005284,sub-004,data/ds005284/sub-004/eeg/sub-004_task-26ByBiosemi_eeg.bdf,8,14,112.0,pain_protocol,unannotated,eegmmidb,1,0.9999999997996838,-30.142099450015543,False
ds005284,sub-004,data/ds005284/sub-004/eeg/sub-004_task-26ByBiosemi_eeg.bdf,8,15,120.0,pain_protocol,unannotated,eegmmidb,1,1.0,-31.476515737389164,False
ds005284,sub-004,data/ds005284/sub-004/eeg/sub-004_task-26ByBiosemi_eeg.bdf,8,16,128.0,pain_protocol,unannotated,eegmmidb,1,1.0,-28.945870251528298,False
ds005284,sub-004,data/ds005284/sub-004/eeg/sub-004_task-26ByBiosemi_eeg.bdf,8,17,136.0,pain_protocol,unannotated,eegmmidb,1,1.0,-29.22046646378228,False
ds005284,sub-004,data/ds005284/sub-004/eeg/sub-004_task-26ByBiosemi_eeg.bdf,8,18,144.0,pain_protocol,unannotated,eegmmidb,1,1.0,-26.814318191290234,False
ds005284,sub-004,data/ds005284/sub-004/eeg/sub-004_task-26ByBiosemi_eeg.bdf,8,19,152.0,pain_protocol,unannotated,eegmmidb,1,1.0,-28.854278074997673,False
ds005284,sub-004,data/ds005284/sub-004/eeg/sub-004_task-26ByBiosemi_eeg.bdf,8,20,160.0,pain_protocol,unannotated,eegmmidb,1,1.0,-32.25507498902666,False
ds005284,sub-004,data/ds005284/sub-004/eeg/sub-004_task-26ByBiosemi_eeg.bdf,8,21,168.0,pain_protocol,unannotated,eegmmidb,1,1.0,-25.304974522063162,False
ds005284,sub-004,data/ds005284/sub-004/eeg/sub-004_task-26ByBiosemi_eeg.bdf,8,22,176.0,pain_protocol,unannotated,eegmmidb,1,1.0,-32.31973643973706,False
ds005284,sub-004,data/ds005284/sub-004/eeg/sub-004_task-26ByBiosemi_eeg.bdf,8,23,184.0,pain_protocol,unannotated,eegmmidb,1,1.0,-25.329345143309048,False
ds005284,sub-004,data/ds005284/sub-004/eeg/sub-004_task-26ByBiosemi_eeg.bdf,8,24,192.0,pain_protocol,unannotated,eegmmidb,1,1.0,-27.22534358329407,False
ds005284,sub-004,data/ds005284/sub-004/eeg/sub-004_task-26ByBiosemi_eeg.bdf,8,25,200.0,pain_protocol,unannotated,eegmmidb,1,1.0,-28.940478401051138,False
ds005284,sub-004,data/ds005284/sub-004/eeg/sub-004_task-26ByBiosemi_eeg.bdf,8,26,208.0,pain_protocol,unannotated,eegmmidb,1,1.0,-30.73960240097322,False
ds005284,sub-004,data/ds005284/sub-004/eeg/sub-004_task-26ByBiosemi_eeg.bdf,8,27,216.0,pain_protocol,unannotated,eegmmidb,1,1.0,-24.84677202536836,False
ds005284,sub-004,data/ds005284/sub-004/eeg/sub-004_task-26ByBiosemi_eeg.bdf,8,28,224.0,pain_protocol,unannotated,eegmmidb,1,1.0,-26.04719357179082,False
ds005284,sub-004,data/ds005284/sub-004/eeg/sub-004_task-26ByBiosemi_eeg.bdf,8,29,232.0,pain_protocol,unannotated,eegmmidb,1,0.9999999999999964,-28.769163780708798,False
ds005284,sub-004,data/ds005284/sub-004/eeg/sub-004_task-26ByBiosemi_eeg.bdf,8,30,240.0,pain_protocol,unannotated,eegmmidb,1,0.9999999999998543,-26.213768671324463,False
ds005284,sub-004,data/ds005284/sub-004/eeg/sub-004_task-26ByBiosemi_eeg.bdf,8,31,248.0,pain_protocol,unannotated,eegmmidb,1,1.0,-27.332291128889032,False
ds005284,sub-004,data/ds005284/sub-004/eeg/sub-004_task-26ByBiosemi_eeg.bdf,8,32,256.0,pain_protocol,unannotated,eegmmidb,1,1.0,-30.338738822604377,False
ds005284,sub-004,data/ds005284/sub-004/eeg/sub-004_task-26ByBiosemi_eeg.bdf,8,33,264.0,pain_protocol,unannotated,eegmmidb,1,0.9999999999913527,-28.97562865217691,False
ds005284,sub-004,data/ds005284/sub-004/eeg/sub-004_task-26ByBiosemi_eeg.bdf,8,34,272.0,pain_protocol,unannotated,eegmmidb,1,0.9999999117720971,-33.27608967547743,False
ds005284,sub-004,data/ds005284/sub-004/eeg/sub-004_task-26ByBiosemi_eeg.bdf,8,35,280.0,pain_protocol,unannotated,eegmmidb,1,0.9999998793836654,-31.885388307081186,False
ds005284,sub-004,data/ds005284/sub-004/eeg/sub-004_task-26ByBiosemi_eeg.bdf,8,36,288.0,pain_protocol,unannotated,eegmmidb,1,0.9999999999999183,-25.051955130532395,False
ds005284,sub-004,data/ds005284/sub-004/eeg/sub-004_task-26ByBiosemi_eeg.bdf,8,37,296.0,pain_protocol,unannotated,eegmmidb,1,0.9999999999997229,-26.964826095417408,False
ds005284,sub-004,data/ds005284/sub-004/eeg/sub-004_task-26ByBiosemi_eeg.bdf,8,38,304.0,pain_protocol,unannotated,eegmmidb,1,1.0,-29.585934798930047,False
ds005284,sub-004,data/ds005284/sub-004/eeg/sub-004_task-26ByBiosemi_eeg.bdf,8,39,312.0,pain_protocol,unannotated,eegmmidb,1,0.9999999999999893,-27.494209486426175,False
ds005284,sub-005,data/ds005284/sub-005/eeg/sub-005_task-26ByBiosemi_eeg.bdf,8,0,0.0,pain_protocol,unannotated,eegmmidb,1,1.0,-33.64641503892317,False
ds005284,sub-005,data/ds005284/sub-005/eeg/sub-005_task-26ByBiosemi_eeg.bdf,8,1,8.0,pain_protocol,unannotated,eegmmidb,1,0.9999999996047535,-33.29651203809207,False
ds005284,sub-005,data/ds005284/sub-005/eeg/sub-005_task-26ByBiosemi_eeg.bdf,8,2,16.0,pain_protocol,unannotated,eegmmidb,0,0.9999999999539639,-45.75729680412833,True
ds005284,sub-005,data/ds005284/sub-005/eeg/sub-005_task-26ByBiosemi_eeg.bdf,8,3,24.0,pain_protocol,unannotated,eegmmidb,0,0.9999999809928398,-56.52158789729934,True
ds005284,sub-005,data/ds005284/sub-005/eeg/sub-005_task-26ByBiosemi_eeg.bdf,8,4,32.0,pain_protocol,unannotated,eegmmidb,0,0.9999999999998082,-56.10587360260715,True
ds005284,sub-005,data/ds005284/sub-005/eeg/sub-005_task-26ByBiosemi_eeg.bdf,8,5,40.0,pain_protocol,unannotated,eegmmidb,0,0.9999264552189798,-58.55976858540199,True
ds005284,sub-005,data/ds005284/sub-005/eeg/sub-005_task-26ByBiosemi_eeg.bdf,8,6,48.0,pain_protocol,unannotated,eegmmidb,1,0.9899954960721953,-52.135666818515844,True
ds005284,sub-005,data/ds005284/sub-005/eeg/sub-005_task-26ByBiosemi_eeg.bdf,8,7,56.0,pain_protocol,unannotated,eegmmidb,1,0.9999991541339337,-42.258736900175904,True
ds005284,sub-005,data/ds005284/sub-005/eeg/sub-005_task-26ByBiosemi_eeg.bdf,8,8,64.0,pain_protocol,unannotated,eegmmidb,1,0.9887513522907143,-61.23113293232273,True
ds005284,sub-005,data/ds005284/sub-005/eeg/sub-005_task-26ByBiosemi_eeg.bdf,8,9,72.0,pain_protocol,unannotated,eegmmidb,1,0.9999998627738785,-40.76913599612798,True
ds005284,sub-005,data/ds005284/sub-005/eeg/sub-005_task-26ByBiosemi_eeg.bdf,8,10,80.0,pain_protocol,unannotated,eegmmidb,1,0.9999997229784541,-45.944356262908975,True
ds005284,sub-005,data/ds005284/sub-005/eeg/sub-005_task-26ByBiosemi_eeg.bdf,8,11,88.0,pain_protocol,unannotated,eegmmidb,1,0.9999999999416787,-44.0743743009657,True
ds005284,sub-005,data/ds005284/sub-005/eeg/sub-005_task-26ByBiosemi_eeg.bdf,8,12,96.0,pain_protocol,unannotated,eegmmidb,0,0.6508515650408384,-51.021293136329454,True
ds005284,sub-005,data/ds005284/sub-005/eeg/sub-005_task-26ByBiosemi_eeg.bdf,8,13,104.0,pain_protocol,unannotated,eegmmidb,0,0.9787152101822277,-48.34631839378458,True
ds005284,sub-005,data/ds005284/sub-005/eeg/sub-005_task-26ByBiosemi_eeg.bdf,8,14,112.0,pain_protocol,unannotated,eegmmidb,0,0.9999896903465844,-49.799821560931996,True
ds005284,sub-005,data/ds005284/sub-005/eeg/sub-005_task-26ByBiosemi_eeg.bdf,8,15,120.0,pain_protocol,unannotated,eegmmidb,0,0.9452111598954551,-51.939709010849484,True
ds005284,sub-005,data/ds005284/sub-005/eeg/sub-005_task-26ByBiosemi_eeg.bdf,8,16,128.0,pain_protocol,unannotated,eegmmidb,0,0.9964219711885,-47.20024130230229,True
ds005284,sub-005,data/ds005284/sub-005/eeg/sub-005_task-26ByBiosemi_eeg.bdf,8,17,136.0,pain_protocol,unannotated,eegmmidb,1,0.9579196432019408,-40.37280580439877,True
ds005284,sub-005,data/ds005284/sub-005/eeg/sub-005_task-26ByBiosemi_eeg.bdf,8,18,144.0,pain_protocol,unannotated,eegmmidb,1,0.9999999995648423,-34.62772626043416,False
ds005284,sub-005,data/ds005284/sub-005/eeg/sub-005_task-26ByBiosemi_eeg.bdf,8,19,152.0,pain_protocol,unannotated,eegmmidb,1,1.0,-54.105178939301645,True
ds005284,sub-005,data/ds005284/sub-005/eeg/sub-005_task-26ByBiosemi_eeg.bdf,8,20,160.0,pain_protocol,unannotated,eegmmidb,0,0.967474964045366,-36.22125588858954,False
ds005284,sub-005,data/ds005284/sub-005/eeg/sub-005_task-26ByBiosemi_eeg.bdf,8,21,168.0,pain_protocol,unannotated,eegmmidb,1,0.9999999999999929,-30.94123354782826,False
ds005284,sub-005,data/ds005284/sub-005/eeg/sub-005_task-26ByBiosemi_eeg.bdf,8,22,176.0,pain_protocol,unannotated,eegmmidb,1,0.8646358755175041,-45.09842175278852,True
ds005284,sub-005,data/ds005284/sub-005/eeg/sub-005_task-26ByBiosemi_eeg.bdf,8,23,184.0,pain_protocol,unannotated,eegmmidb,0,0.9168798919526183,-44.530492232493984,True
ds005284,sub-005,data/ds005284/sub-005/eeg/sub-005_task-26ByBiosemi_eeg.bdf,8,24,192.0,pain_protocol,unannotated,eegmmidb,1,0.9985193718907112,-36.73908853099616,False
ds005284,sub-005,data/ds005284/sub-005/eeg/sub-005_task-26ByBiosemi_eeg.bdf,8,25,200.0,pain_protocol,unannotated,eegmmidb,0,0.9999337289206384,-48.941269267875164,True
ds005284,sub-005,data/ds005284/sub-005/eeg/sub-005_task-26ByBiosemi_eeg.bdf,8,26,208.0,pain_protocol,unannotated,eegmmidb,1,0.9999999960797901,-30.815918038744304,False
ds005284,sub-005,data/ds005284/sub-005/eeg/sub-005_task-26ByBiosemi_eeg.bdf,8,27,216.0,pain_protocol,unannotated,eegmmidb,1,0.9534791642726341,-48.85648354532223,True
ds005284,sub-005,data/ds005284/sub-005/eeg/sub-005_task-26ByBiosemi_eeg.bdf,8,28,224.0,pain_protocol,unannotated,eegmmidb,0,0.9999996652446433,-45.19950127595593,True
ds005284,sub-005,data/ds005284/sub-005/eeg/sub-005_task-26ByBiosemi_eeg.bdf,8,29,232.0,pain_protocol,unannotated,eegmmidb,0,0.998266569909759,-42.849805154208205,True
ds005284,sub-005,data/ds005284/sub-005/eeg/sub-005_task-26ByBiosemi_eeg.bdf,8,30,240.0,pain_protocol,unannotated,eegmmidb,0,0.9999999994337898,-55.625293362646694,True
ds005284,sub-005,data/ds005284/sub-005/eeg/sub-005_task-26ByBiosemi_eeg.bdf,8,31,248.0,pain_protocol,unannotated,eegmmidb,1,0.9995170115099025,-46.013273899747254,True
ds005284,sub-005,data/ds005284/sub-005/eeg/sub-005_task-26ByBiosemi_eeg.bdf,8,32,256.0,pain_protocol,unannotated,eegmmidb,0,0.9365443908135141,-44.61675976707092,True
ds005284,sub-005,data/ds005284/sub-005/eeg/sub-005_task-26ByBiosemi_eeg.bdf,8,33,264.0,pain_protocol,unannotated,eegmmidb,1,0.9999999999624798,-27.924904811453775,False
ds005284,sub-005,data/ds005284/sub-005/eeg/sub-005_task-26ByBiosemi_eeg.bdf,8,34,272.0,pain_protocol,unannotated,eegmmidb,0,0.9999999999889013,-44.83890199167381,True
ds005284,sub-005,data/ds005284/sub-005/eeg/sub-005_task-26ByBiosemi_eeg.bdf,8,35,280.0,pain_protocol,unannotated,eegmmidb,0,0.8687626486960581,-46.794949152590206,True
ds005284,sub-005,data/ds005284/sub-005/eeg/sub-005_task-26ByBiosemi_eeg.bdf,8,36,288.0,pain_protocol,unannotated,eegmmidb,0,0.9994126418410799,-53.65590993360729,True
ds005284,sub-005,data/ds005284/sub-005/eeg/sub-005_task-26ByBiosemi_eeg.bdf,8,37,296.0,pain_protocol,unannotated,eegmmidb,0,0.7932735947987758,-49.967997879405516,True
ds005284,sub-005,data/ds005284/sub-005/eeg/sub-005_task-26ByBiosemi_eeg.bdf,8,38,304.0,pain_protocol,unannotated,eegmmidb,0,0.999987892492062,-48.691622550723324,True
ds005284,sub-005,data/ds005284/sub-005/eeg/sub-005_task-26ByBiosemi_eeg.bdf,8,39,312.0,pain_protocol,unannotated,eegmmidb,0,0.9999998752078916,-42.30187711563027,True
ds005284,sub-005,data/ds005284/sub-005/eeg/sub-005_task-26ByBiosemi_eeg.bdf,8,40,320.0,pain_protocol,unannotated,eegmmidb,1,0.9999999952030549,-49.18922986172311,True
ds005284,sub-005,data/ds005284/sub-005/eeg/sub-005_task-26ByBiosemi_eeg.bdf,8,41,328.0,pain_protocol,unannotated,eegmmidb,1,0.9999996606210012,-30.399494675392035,False
ds005284,sub-005,data/ds005284/sub-005/eeg/sub-005_task-26ByBiosemi_eeg.bdf,8,42,336.0,pain_protocol,unannotated,eegmmidb,1,0.9999999382132093,-32.82158480048523,False
ds005284,sub-006,data/ds005284/sub-006/eeg/sub-006_task-26ByBiosemi_eeg.bdf,8,0,0.0,pain_protocol,unannotated,eegmmidb,1,0.9999999723334344,-23.70507143494247,False
ds005284,sub-006,data/ds005284/sub-006/eeg/sub-006_task-26ByBiosemi_eeg.bdf,8,1,8.0,pain_protocol,unannotated,eegmmidb,1,0.9999997766806636,-25.74277909754216,False
ds005284,sub-006,data/ds005284/sub-006/eeg/sub-006_task-26ByBiosemi_eeg.bdf,8,2,16.0,pain_protocol,unannotated,eegmmidb,1,0.9999999999999432,-27.654802072368113,False
ds005284,sub-006,data/ds005284/sub-006/eeg/sub-006_task-26ByBiosemi_eeg.bdf,8,3,24.0,pain_protocol,unannotated,eegmmidb,1,0.9999999999991225,-31.71995745253518,False
ds005284,sub-006,data/ds005284/sub-006/eeg/sub-006_task-26ByBiosemi_eeg.bdf,8,4,32.0,pain_protocol,unannotated,eegmmidb,1,0.9999998854383415,-30.02248103126054,False
ds005284,sub-006,data/ds005284/sub-006/eeg/sub-006_task-26ByBiosemi_eeg.bdf,8,5,40.0,pain_protocol,unannotated,eegmmidb,1,1.0,-24.573869718108924,False
ds005284,sub-006,data/ds005284/sub-006/eeg/sub-006_task-26ByBiosemi_eeg.bdf,8,6,48.0,pain_protocol,unannotated,eegmmidb,1,0.9999999998199947,-24.707370463486225,False
ds005284,sub-006,data/ds005284/sub-006/eeg/sub-006_task-26ByBiosemi_eeg.bdf,8,7,56.0,pain_protocol,unannotated,eegmmidb,1,1.0,-29.067474056196623,False
ds005284,sub-006,data/ds005284/sub-006/eeg/sub-006_task-26ByBiosemi_eeg.bdf,8,8,64.0,pain_protocol,unannotated,eegmmidb,1,1.0,-25.528610555602405,False
ds005284,sub-006,data/ds005284/sub-006/eeg/sub-006_task-26ByBiosemi_eeg.bdf,8,9,72.0,pain_protocol,unannotated,eegmmidb,1,1.0,-31.17933438896688,False
ds005284,sub-006,data/ds005284/sub-006/eeg/sub-006_task-26ByBiosemi_eeg.bdf,8,10,80.0,pain_protocol,unannotated,eegmmidb,1,0.999999999045091,-28.262955010169083,False
ds005284,sub-006,data/ds005284/sub-006/eeg/sub-006_task-26ByBiosemi_eeg.bdf,8,11,88.0,pain_protocol,unannotated,eegmmidb,1,1.0,-26.422852146406086,False
ds005284,sub-006,data/ds005284/sub-006/eeg/sub-006_task-26ByBiosemi_eeg.bdf,8,12,96.0,pain_protocol,unannotated,eegmmidb,1,0.9999999998856453,-25.45130286111464,False
ds005284,sub-006,data/ds005284/sub-006/eeg/sub-006_task-26ByBiosemi_eeg.bdf,8,13,104.0,pain_protocol,unannotated,eegmmidb,1,1.0,-22.511110699859252,False
ds005284,sub-006,data/ds005284/sub-006/eeg/sub-006_task-26ByBiosemi_eeg.bdf,8,14,112.0,pain_protocol,unannotated,eegmmidb,1,1.0,-24.603550676574287,False
ds005284,sub-006,data/ds005284/sub-006/eeg/sub-006_task-26ByBiosemi_eeg.bdf,8,15,120.0,pain_protocol,unannotated,eegmmidb,1,0.9999999999769287,-20.55156096088576,False
ds005284,sub-006,data/ds005284/sub-006/eeg/sub-006_task-26ByBiosemi_eeg.bdf,8,16,128.0,pain_protocol,unannotated,eegmmidb,1,1.0,-26.940707203454856,False
ds005284,sub-006,data/ds005284/sub-006/eeg/sub-006_task-26ByBiosemi_eeg.bdf,8,17,136.0,pain_protocol,unannotated,eegmmidb,1,0.9999999999983054,-24.957795972880607,False
ds005284,sub-006,data/ds005284/sub-006/eeg/sub-006_task-26ByBiosemi_eeg.bdf,8,18,144.0,pain_protocol,unannotated,eegmmidb,1,0.9999336576671923,-36.99309565885579,False
ds005284,sub-006,data/ds005284/sub-006/eeg/sub-006_task-26ByBiosemi_eeg.bdf,8,19,152.0,pain_protocol,unannotated,eegmmidb,1,0.9999987026009368,-27.134605787865063,False
ds005284,sub-006,data/ds005284/sub-006/eeg/sub-006_task-26ByBiosemi_eeg.bdf,8,20,160.0,pain_protocol,unannotated,eegmmidb,1,0.9999998211158267,-31.54467006623818,False
ds005284,sub-006,data/ds005284/sub-006/eeg/sub-006_task-26ByBiosemi_eeg.bdf,8,21,168.0,pain_protocol,unannotated,eegmmidb,1,0.9999999998190177,-22.234211986094262,False
ds005284,sub-006,data/ds005284/sub-006/eeg/sub-006_task-26ByBiosemi_eeg.bdf,8,22,176.0,pain_protocol,unannotated,eegmmidb,1,0.9999999996248157,-23.100212654895234,False
ds005284,sub-006,data/ds005284/sub-006/eeg/sub-006_task-26ByBiosemi_eeg.bdf,8,23,184.0,pain_protocol,unannotated,eegmmidb,1,1.0,-25.390516074035602,False
ds005284,sub-006,data/ds005284/sub-006/eeg/sub-006_task-26ByBiosemi_eeg.bdf,8,24,192.0,pain_protocol,unannotated,eegmmidb,1,0.9999999992580157,-22.756169586688493,False
ds005284,sub-006,data/ds005284/sub-006/eeg/sub-006_task-26ByBiosemi_eeg.bdf,8,25,200.0,pain_protocol,unannotated,eegmmidb,1,0.9999999840453669,-23.26338528566461,False
ds005284,sub-006,data/ds005284/sub-006/eeg/sub-006_task-26ByBiosemi_eeg.bdf,8,26,208.0,pain_protocol,unannotated,eegmmidb,1,1.0,-28.85636805601589,False
ds005284,sub-006,data/ds005284/sub-006/eeg/sub-006_task-26ByBiosemi_eeg.bdf,8,27,216.0,pain_protocol,unannotated,eegmmidb,1,0.9999998624730703,-26.74255461614515,False
ds005284,sub-006,data/ds005284/sub-006/eeg/sub-006_task-26ByBiosemi_eeg.bdf,8,28,224.0,pain_protocol,unannotated,eegmmidb,1,1.0,-26.974673953670532,False
ds005284,sub-006,data/ds005284/sub-006/eeg/sub-006_task-26ByBiosemi_eeg.bdf,8,29,232.0,pain_protocol,unannotated,eegmmidb,1,0.9999999941210547,-24.21397353825846,False
ds005284,sub-006,data/ds005284/sub-006/eeg/sub-006_task-26ByBiosemi_eeg.bdf,8,30,240.0,pain_protocol,unannotated,eegmmidb,1,0.9996620805146528,-32.46548933118934,False
ds005284,sub-006,data/ds005284/sub-006/eeg/sub-006_task-26ByBiosemi_eeg.bdf,8,31,248.0,pain_protocol,unannotated,eegmmidb,1,0.9282030673051153,-34.96329840511904,False
ds005284,sub-006,data/ds005284/sub-006/eeg/sub-006_task-26ByBiosemi_eeg.bdf,8,32,256.0,pain_protocol,unannotated,eegmmidb,1,0.999999942979139,-27.36582704502395,False
ds005284,sub-006,data/ds005284/sub-006/eeg/sub-006_task-26ByBiosemi_eeg.bdf,8,33,264.0,pain_protocol,unannotated,eegmmidb,1,0.9999999937800901,-25.60794523170375,False
ds005284,sub-006,data/ds005284/sub-006/eeg/sub-006_task-26ByBiosemi_eeg.bdf,8,34,272.0,pain_protocol,unannotated,eegmmidb,1,0.9999998739645236,-25.417046980327992,False
ds005284,sub-006,data/ds005284/sub-006/eeg/sub-006_task-26ByBiosemi_eeg.bdf,8,35,280.0,pain_protocol,unannotated,eegmmidb,1,0.9999999987783852,-27.145130156816414,False
ds005284,sub-006,data/ds005284/sub-006/eeg/sub-006_task-26ByBiosemi_eeg.bdf,8,36,288.0,pain_protocol,unannotated,eegmmidb,1,0.9999802415617796,-29.99745812602812,False
ds005284,sub-006,data/ds005284/sub-006/eeg/sub-006_task-26ByBiosemi_eeg.bdf,8,37,296.0,pain_protocol,unannotated,eegmmidb,1,0.9999999999216094,-26.309227346608527,False
ds005284,sub-006,data/ds005284/sub-006/eeg/sub-006_task-26ByBiosemi_eeg.bdf,8,38,304.0,pain_protocol,unannotated,eegmmidb,1,0.9999999999966747,-24.807444200439583,False
ds005284,sub-006,data/ds005284/sub-006/eeg/sub-006_task-26ByBiosemi_eeg.bdf,8,39,312.0,pain_protocol,unannotated,eegmmidb,1,1.0,-23.42557189741234,False
ds005284,sub-006,data/ds005284/sub-006/eeg/sub-006_task-26ByBiosemi_eeg.bdf,8,40,320.0,pain_protocol,unannotated,eegmmidb,1,0.9999999999856257,-22.34090760554937,False
ds005284,sub-007,data/ds005284/sub-007/eeg/sub-007_task-26ByBiosemi_eeg.bdf,8,0,0.0,pain_protocol,unannotated,eegmmidb,1,0.999999999918245,-42.52074685792278,True
ds005284,sub-007,data/ds005284/sub-007/eeg/sub-007_task-26ByBiosemi_eeg.bdf,8,1,8.0,pain_protocol,unannotated,eegmmidb,1,0.9999999999300258,-37.92955907290966,False
ds005284,sub-007,data/ds005284/sub-007/eeg/sub-007_task-26ByBiosemi_eeg.bdf,8,2,16.0,pain_protocol,unannotated,eegmmidb,1,0.9999975137996484,-66.11428090548299,True
ds005284,sub-007,data/ds005284/sub-007/eeg/sub-007_task-26ByBiosemi_eeg.bdf,8,3,24.0,pain_protocol,unannotated,eegmmidb,1,0.999999995727471,-34.934923682972965,False
ds005284,sub-007,data/ds005284/sub-007/eeg/sub-007_task-26ByBiosemi_eeg.bdf,8,4,32.0,pain_protocol,unannotated,eegmmidb,1,0.9999999999997513,-30.53667531632607,False
ds005284,sub-007,data/ds005284/sub-007/eeg/sub-007_task-26ByBiosemi_eeg.bdf,8,5,40.0,pain_protocol,unannotated,eegmmidb,1,1.0,-30.852825203352943,False
ds005284,sub-007,data/ds005284/sub-007/eeg/sub-007_task-26ByBiosemi_eeg.bdf,8,6,48.0,pain_protocol,unannotated,eegmmidb,1,0.9999999999999503,-32.377974960936086,False
ds005284,sub-007,data/ds005284/sub-007/eeg/sub-007_task-26ByBiosemi_eeg.bdf,8,7,56.0,pain_protocol,unannotated,eegmmidb,1,1.0,-36.46356196241371,False
ds005284,sub-007,data/ds005284/sub-007/eeg/sub-007_task-26ByBiosemi_eeg.bdf,8,8,64.0,pain_protocol,unannotated,eegmmidb,1,1.0,-38.04321864553775,False
ds005284,sub-007,data/ds005284/sub-007/eeg/sub-007_task-26ByBiosemi_eeg.bdf,8,9,72.0,pain_protocol,unannotated,eegmmidb,1,1.0,-32.78146172787379,False
ds005284,sub-007,data/ds005284/sub-007/eeg/sub-007_task-26ByBiosemi_eeg.bdf,8,10,80.0,pain_protocol,unannotated,eegmmidb,1,1.0,-42.1559042604464,True
ds005284,sub-007,data/ds005284/sub-007/eeg/sub-007_task-26ByBiosemi_eeg.bdf,8,11,88.0,pain_protocol,unannotated,eegmmidb,1,1.0,-37.582396705431286,False
ds005284,sub-007,data/ds005284/sub-007/eeg/sub-007_task-26ByBiosemi_eeg.bdf,8,12,96.0,pain_protocol,unannotated,eegmmidb,1,1.0,-38.51430308264125,False
ds005284,sub-007,data/ds005284/sub-007/eeg/sub-007_task-26ByBiosemi_eeg.bdf,8,13,104.0,pain_protocol,unannotated,eegmmidb,1,0.9999999993359694,-32.17942917223538,False
ds005284,sub-007,data/ds005284/sub-007/eeg/sub-007_task-26ByBiosemi_eeg.bdf,8,14,112.0,pain_protocol,unannotated,eegmmidb,1,1.0,-32.37491112995803,False
ds005284,sub-007,data/ds005284/sub-007/eeg/sub-007_task-26ByBiosemi_eeg.bdf,8,15,120.0,pain_protocol,unannotated,eegmmidb,1,0.9999999999999929,-29.565649103249754,False
ds005284,sub-007,data/ds005284/sub-007/eeg/sub-007_task-26ByBiosemi_eeg.bdf,8,16,128.0,pain_protocol,unannotated,eegmmidb,1,0.999999999996291,-33.76257070808303,False
ds005284,sub-007,data/ds005284/sub-007/eeg/sub-007_task-26ByBiosemi_eeg.bdf,8,17,136.0,pain_protocol,unannotated,eegmmidb,1,1.0,-35.39673348705539,False
ds005284,sub-007,data/ds005284/sub-007/eeg/sub-007_task-26ByBiosemi_eeg.bdf,8,18,144.0,pain_protocol,unannotated,eegmmidb,1,0.9999999963893771,-36.5363974497001,False
ds005284,sub-007,data/ds005284/sub-007/eeg/sub-007_task-26ByBiosemi_eeg.bdf,8,19,152.0,pain_protocol,unannotated,eegmmidb,1,0.9999999999999396,-30.56250754333468,False
ds005284,sub-007,data/ds005284/sub-007/eeg/sub-007_task-26ByBiosemi_eeg.bdf,8,20,160.0,pain_protocol,unannotated,eegmmidb,1,0.9999999999965041,-36.282039330489376,False
ds005284,sub-007,data/ds005284/sub-007/eeg/sub-007_task-26ByBiosemi_eeg.bdf,8,21,168.0,pain_protocol,unannotated,eegmmidb,1,0.9999998320318965,-34.121985349993096,False
ds005284,sub-007,data/ds005284/sub-007/eeg/sub-007_task-26ByBiosemi_eeg.bdf,8,22,176.0,pain_protocol,unannotated,eegmmidb,1,0.9999999997420161,-36.627838356056095,False
ds005284,sub-007,data/ds005284/sub-007/eeg/sub-007_task-26ByBiosemi_eeg.bdf,8,23,184.0,pain_protocol,unannotated,eegmmidb,1,0.9999999999916263,-28.28863755673009,False
ds005284,sub-007,data/ds005284/sub-007/eeg/sub-007_task-26ByBiosemi_eeg.bdf,8,24,192.0,pain_protocol,unannotated,eegmmidb,1,0.999999233990055,-53.303216420102885,True
ds005284,sub-007,data/ds005284/sub-007/eeg/sub-007_task-26ByBiosemi_eeg.bdf,8,25,200.0,pain_protocol,unannotated,eegmmidb,1,0.9999999997332374,-30.637157387995206,False
ds005284,sub-007,data/ds005284/sub-007/eeg/sub-007_task-26ByBiosemi_eeg.bdf,8,26,208.0,pain_protocol,unannotated,eegmmidb,1,0.9999999997807762,-35.04089878746155,False
ds005284,sub-007,data/ds005284/sub-007/eeg/sub-007_task-26ByBiosemi_eeg.bdf,8,27,216.0,pain_protocol,unannotated,eegmmidb,1,0.9987889924885363,-43.49894012612611,True
ds005284,sub-007,data/ds005284/sub-007/eeg/sub-007_task-26ByBiosemi_eeg.bdf,8,28,224.0,pain_protocol,unannotated,eegmmidb,1,0.9999999999940314,-35.63058421820209,False
ds005284,sub-007,data/ds005284/sub-007/eeg/sub-007_task-26ByBiosemi_eeg.bdf,8,29,232.0,pain_protocol,unannotated,eegmmidb,1,0.9999999999880345,-33.36696244044722,False
ds005284,sub-007,data/ds005284/sub-007/eeg/sub-007_task-26ByBiosemi_eeg.bdf,8,30,240.0,pain_protocol,unannotated,eegmmidb,1,0.9999999999981313,-32.19180960280623,False
ds005284,sub-007,data/ds005284/sub-007/eeg/sub-007_task-26ByBiosemi_eeg.bdf,8,31,248.0,pain_protocol,unannotated,eegmmidb,1,0.9999999094318112,-44.34824088843291,True
ds005284,sub-007,data/ds005284/sub-007/eeg/sub-007_task-26ByBiosemi_eeg.bdf,8,32,256.0,pain_protocol,unannotated,eegmmidb,1,0.9999998515781922,-44.81748913927801,True
ds005284,sub-007,data/ds005284/sub-007/eeg/sub-007_task-26ByBiosemi_eeg.bdf,8,33,264.0,pain_protocol,unannotated,eegmmidb,1,0.9999999999954241,-33.75854285536477,False
ds005284,sub-007,data/ds005284/sub-007/eeg/sub-007_task-26ByBiosemi_eeg.bdf,8,34,272.0,pain_protocol,unannotated,eegmmidb,1,0.9999999999974278,-37.622307040037605,False
ds005284,sub-007,data/ds005284/sub-007/eeg/sub-007_task-26ByBiosemi_eeg.bdf,8,35,280.0,pain_protocol,unannotated,eegmmidb,1,0.9999999985072279,-35.888568849853776,False
ds005284,sub-007,data/ds005284/sub-007/eeg/sub-007_task-26ByBiosemi_eeg.bdf,8,36,288.0,pain_protocol,unannotated,eegmmidb,1,0.9995485583409369,-42.785803128409185,True
ds005284,sub-007,data/ds005284/sub-007/eeg/sub-007_task-26ByBiosemi_eeg.bdf,8,37,296.0,pain_protocol,unannotated,eegmmidb,1,0.999999999998245,-31.63617604493571,False
ds005284,sub-007,data/ds005284/sub-007/eeg/sub-007_task-26ByBiosemi_eeg.bdf,8,38,304.0,pain_protocol,unannotated,eegmmidb,1,1.0,-31.206460822719414,False
ds005284,sub-007,data/ds005284/sub-007/eeg/sub-007_task-26ByBiosemi_eeg.bdf,8,39,312.0,pain_protocol,unannotated,eegmmidb,1,0.9999999999982734,-34.3320067998368,False
ds005284,sub-008,data/ds005284/sub-008/eeg/sub-008_task-26ByBiosemi_eeg.bdf,8,0,0.0,pain_protocol,unannotated,eegmmidb,1,0.9999999999999218,-30.583809217914975,False
ds005284,sub-008,data/ds005284/sub-008/eeg/sub-008_task-26ByBiosemi_eeg.bdf,8,1,8.0,pain_protocol,unannotated,eegmmidb,1,0.9999999999999787,-37.15329928255212,False
ds005284,sub-008,data/ds005284/sub-008/eeg/sub-008_task-26ByBiosemi_eeg.bdf,8,2,16.0,pain_protocol,unannotated,eegmmidb,1,0.9999999999999716,-32.4950887705925,False
ds005284,sub-008,data/ds005284/sub-008/eeg/sub-008_task-26ByBiosemi_eeg.bdf,8,3,24.0,pain_protocol,unannotated,eegmmidb,1,1.0,-34.079766895490444,False
ds005284,sub-008,data/ds005284/sub-008/eeg/sub-008_task-26ByBiosemi_eeg.bdf,8,4,32.0,pain_protocol,unannotated,eegmmidb,1,1.0,-32.91892599416135,False
ds005284,sub-008,data/ds005284/sub-008/eeg/sub-008_task-26ByBiosemi_eeg.bdf,8,5,40.0,pain_protocol,unannotated,eegmmidb,1,1.0,-34.71645195396478,False
ds005284,sub-008,data/ds005284/sub-008/eeg/sub-008_task-26ByBiosemi_eeg.bdf,8,6,48.0,pain_protocol,unannotated,eegmmidb,1,1.0,-35.0520616655508,False
ds005284,sub-008,data/ds005284/sub-008/eeg/sub-008_task-26ByBiosemi_eeg.bdf,8,7,56.0,pain_protocol,unannotated,eegmmidb,1,0.9999997320054991,-31.962524264725666,False
ds005284,sub-008,data/ds005284/sub-008/eeg/sub-008_task-26ByBiosemi_eeg.bdf,8,8,64.0,pain_protocol,unannotated,eegmmidb,1,0.9999999999999716,-31.90272979231451,False
ds005284,sub-008,data/ds005284/sub-008/eeg/sub-008_task-26ByBiosemi_eeg.bdf,8,9,72.0,pain_protocol,unannotated,eegmmidb,1,1.0,-33.67902702927612,False
ds005284,sub-008,data/ds005284/sub-008/eeg/sub-008_task-26ByBiosemi_eeg.bdf,8,10,80.0,pain_protocol,unannotated,eegmmidb,1,1.0,-30.88684835065917,False
ds005284,sub-008,data/ds005284/sub-008/eeg/sub-008_task-26ByBiosemi_eeg.bdf,8,11,88.0,pain_protocol,unannotated,eegmmidb,1,1.0,-34.01147312108486,False
ds005284,sub-008,data/ds005284/sub-008/eeg/sub-008_task-26ByBiosemi_eeg.bdf,8,12,96.0,pain_protocol,unannotated,eegmmidb,1,1.0,-36.6105269315185,False
ds005284,sub-008,data/ds005284/sub-008/eeg/sub-008_task-26ByBiosemi_eeg.bdf,8,13,104.0,pain_protocol,unannotated,eegmmidb,1,1.0,-41.65889625407048,True
ds005284,sub-008,data/ds005284/sub-008/eeg/sub-008_task-26ByBiosemi_eeg.bdf,8,14,112.0,pain_protocol,unannotated,eegmmidb,1,0.9999999999999574,-33.35317884542345,False
ds005284,sub-008,data/ds005284/sub-008/eeg/sub-008_task-26ByBiosemi_eeg.bdf,8,15,120.0,pain_protocol,unannotated,eegmmidb,1,1.0,-30.799072769565193,False
ds005284,sub-008,data/ds005284/sub-008/eeg/sub-008_task-26ByBiosemi_eeg.bdf,8,16,128.0,pain_protocol,unannotated,eegmmidb,1,0.999999999975369,-29.628408376517644,False
ds005284,sub-008,data/ds005284/sub-008/eeg/sub-008_task-26ByBiosemi_eeg.bdf,8,17,136.0,pain_protocol,unannotated,eegmmidb,1,0.9999999999959925,-35.77431655330992,False
ds005284,sub-008,data/ds005284/sub-008/eeg/sub-008_task-26ByBiosemi_eeg.bdf,8,18,144.0,pain_protocol,unannotated,eegmmidb,1,0.9999999999969944,-30.205250986188503,False
ds005284,sub-008,data/ds005284/sub-008/eeg/sub-008_task-26ByBiosemi_eeg.bdf,8,19,152.0,pain_protocol,unannotated,eegmmidb,1,0.9999999999993001,-30.18519196905969,False
ds005284,sub-008,data/ds005284/sub-008/eeg/sub-008_task-26ByBiosemi_eeg.bdf,8,20,160.0,pain_protocol,unannotated,eegmmidb,1,0.9999952298060694,-44.51066848621771,True
ds005284,sub-008,data/ds005284/sub-008/eeg/sub-008_task-26ByBiosemi_eeg.bdf,8,21,168.0,pain_protocol,unannotated,eegmmidb,1,0.9999999999991687,-33.36570944905139,False
ds005284,sub-008,data/ds005284/sub-008/eeg/sub-008_task-26ByBiosemi_eeg.bdf,8,22,176.0,pain_protocol,unannotated,eegmmidb,1,0.9999999999534168,-31.761040294936613,False
ds005284,sub-008,data/ds005284/sub-008/eeg/sub-008_task-26ByBiosemi_eeg.bdf,8,23,184.0,pain_protocol,unannotated,eegmmidb,1,0.9999999999745981,-33.71134150753868,False
ds005284,sub-008,data/ds005284/sub-008/eeg/sub-008_task-26ByBiosemi_eeg.bdf,8,24,192.0,pain_protocol,unannotated,eegmmidb,1,0.9999995194047759,-43.8942412406196,True
ds005284,sub-008,data/ds005284/sub-008/eeg/sub-008_task-26ByBiosemi_eeg.bdf,8,25,200.0,pain_protocol,unannotated,eegmmidb,1,0.9999999986659347,-30.672631445268827,False
ds005284,sub-008,data/ds005284/sub-008/eeg/sub-008_task-26ByBiosemi_eeg.bdf,8,26,208.0,pain_protocol,unannotated,eegmmidb,1,0.9999999999050928,-37.86591248478558,False
ds005284,sub-008,data/ds005284/sub-008/eeg/sub-008_task-26ByBiosemi_eeg.bdf,8,27,216.0,pain_protocol,unannotated,eegmmidb,1,0.999999999981739,-28.80148792904103,False
ds005284,sub-008,data/ds005284/sub-008/eeg/sub-008_task-26ByBiosemi_eeg.bdf,8,28,224.0,pain_protocol,unannotated,eegmmidb,1,0.9999999999994031,-35.543826505714755,False
ds005284,sub-008,data/ds005284/sub-008/eeg/sub-008_task-26ByBiosemi_eeg.bdf,8,29,232.0,pain_protocol,unannotated,eegmmidb,1,1.0,-28.405504957547613,False
ds005284,sub-008,data/ds005284/sub-008/eeg/sub-008_task-26ByBiosemi_eeg.bdf,8,30,240.0,pain_protocol,unannotated,eegmmidb,1,0.9999999999913847,-29.394064526381005,False
ds005284,sub-008,data/ds005284/sub-008/eeg/sub-008_task-26ByBiosemi_eeg.bdf,8,31,248.0,pain_protocol,unannotated,eegmmidb,1,0.9999981138039498,-48.95257887894118,True
ds005284,sub-008,data/ds005284/sub-008/eeg/sub-008_task-26ByBiosemi_eeg.bdf,8,32,256.0,pain_protocol,unannotated,eegmmidb,1,1.0,-36.7473699597786,False
ds005284,sub-008,data/ds005284/sub-008/eeg/sub-008_task-26ByBiosemi_eeg.bdf,8,33,264.0,pain_protocol,unannotated,eegmmidb,1,0.9999999999952642,-29.836378300904432,False
ds005284,sub-008,data/ds005284/sub-008/eeg/sub-008_task-26ByBiosemi_eeg.bdf,8,34,272.0,pain_protocol,unannotated,eegmmidb,1,1.0,-31.084756000329456,False
ds005284,sub-008,data/ds005284/sub-008/eeg/sub-008_task-26ByBiosemi_eeg.bdf,8,35,280.0,pain_protocol,unannotated,eegmmidb,1,0.9999999739715658,-26.69582287098881,False
ds005284,sub-008,data/ds005284/sub-008/eeg/sub-008_task-26ByBiosemi_eeg.bdf,8,36,288.0,pain_protocol,unannotated,eegmmidb,1,1.0,-37.546501952159076,False
ds005284,sub-008,data/ds005284/sub-008/eeg/sub-008_task-26ByBiosemi_eeg.bdf,8,37,296.0,pain_protocol,unannotated,eegmmidb,1,0.9999999999408935,-30.432239476272986,False
ds005284,sub-008,data/ds005284/sub-008/eeg/sub-008_task-26ByBiosemi_eeg.bdf,8,38,304.0,pain_protocol,unannotated,eegmmidb,1,0.9999999928187293,-31.300258973014984,False
ds005284,sub-008,data/ds005284/sub-008/eeg/sub-008_task-26ByBiosemi_eeg.bdf,8,39,312.0,pain_protocol,unannotated,eegmmidb,1,1.0,-32.330360233169095,False
ds005284,sub-008,data/ds005284/sub-008/eeg/sub-008_task-26ByBiosemi_eeg.bdf,8,40,320.0,pain_protocol,unannotated,eegmmidb,1,0.9999966412474339,-64.12228142671698,True
ds005284,sub-009,data/ds005284/sub-009/eeg/sub-009_task-26ByBiosemi_eeg.bdf,8,0,0.0,pain_protocol,unannotated,eegmmidb,1,0.9999999988281587,-47.075558352469656,True
ds005284,sub-009,data/ds005284/sub-009/eeg/sub-009_task-26ByBiosemi_eeg.bdf,8,1,8.0,pain_protocol,unannotated,eegmmidb,1,0.9995624306004524,-71.84347675838106,True
ds005284,sub-009,data/ds005284/sub-009/eeg/sub-009_task-26ByBiosemi_eeg.bdf,8,2,16.0,pain_protocol,unannotated,eegmmidb,1,0.9999998962813503,-47.60728213944703,True
ds005284,sub-009,data/ds005284/sub-009/eeg/sub-009_task-26ByBiosemi_eeg.bdf,8,3,24.0,pain_protocol,unannotated,eegmmidb,1,0.9999997286506369,-43.86312369017446,True
ds005284,sub-009,data/ds005284/sub-009/eeg/sub-009_task-26ByBiosemi_eeg.bdf,8,4,32.0,pain_protocol,unannotated,eegmmidb,1,0.9999999995076365,-34.27122308869331,False
ds005284,sub-009,data/ds005284/sub-009/eeg/sub-009_task-26ByBiosemi_eeg.bdf,8,5,40.0,pain_protocol,unannotated,eegmmidb,1,0.9999999999841904,-32.23906249343858,False
ds005284,sub-009,data/ds005284/sub-009/eeg/sub-009_task-26ByBiosemi_eeg.bdf,8,6,48.0,pain_protocol,unannotated,eegmmidb,1,0.9999999999904965,-26.625994959368757,False
ds005284,sub-009,data/ds005284/sub-009/eeg/sub-009_task-26ByBiosemi_eeg.bdf,8,7,56.0,pain_protocol,unannotated,eegmmidb,1,0.9999999899055005,-30.716201648001604,False
ds005284,sub-009,data/ds005284/sub-009/eeg/sub-009_task-26ByBiosemi_eeg.bdf,8,8,64.0,pain_protocol,unannotated,eegmmidb,1,0.999999997564224,-32.330317982412595,False
ds005284,sub-009,data/ds005284/sub-009/eeg/sub-009_task-26ByBiosemi_eeg.bdf,8,9,72.0,pain_protocol,unannotated,eegmmidb,1,0.9998915934644801,-51.68141905942285,True
ds005284,sub-009,data/ds005284/sub-009/eeg/sub-009_task-26ByBiosemi_eeg.bdf,8,10,80.0,pain_protocol,unannotated,eegmmidb,1,0.9999999999960458,-26.091340060186614,False
ds005284,sub-009,data/ds005284/sub-009/eeg/sub-009_task-26ByBiosemi_eeg.bdf,8,11,88.0,pain_protocol,unannotated,eegmmidb,1,0.999999999997268,-31.086049631175417,False
ds005284,sub-009,data/ds005284/sub-009/eeg/sub-009_task-26ByBiosemi_eeg.bdf,8,12,96.0,pain_protocol,unannotated,eegmmidb,1,0.9999999415651021,-31.56299108525053,False
ds005284,sub-009,data/ds005284/sub-009/eeg/sub-009_task-26ByBiosemi_eeg.bdf,8,13,104.0,pain_protocol,unannotated,eegmmidb,1,0.9999999999979394,-27.198752320605102,False
ds005284,sub-009,data/ds005284/sub-009/eeg/sub-009_task-26ByBiosemi_eeg.bdf,8,14,112.0,pain_protocol,unannotated,eegmmidb,1,0.9999999987535624,-27.83010404888933,False
ds005284,sub-009,data/ds005284/sub-009/eeg/sub-009_task-26ByBiosemi_eeg.bdf,8,15,120.0,pain_protocol,unannotated,eegmmidb,1,0.9999999999993285,-26.11194220610089,False
ds005284,sub-009,data/ds005284/sub-009/eeg/sub-009_task-26ByBiosemi_eeg.bdf,8,16,128.0,pain_protocol,unannotated,eegmmidb,1,0.9999761708440646,-56.11329200537117,True
ds005284,sub-009,data/ds005284/sub-009/eeg/sub-009_task-26ByBiosemi_eeg.bdf,8,17,136.0,pain_protocol,unannotated,eegmmidb,1,0.9999999978717824,-39.9169536816582,False
ds005284,sub-009,data/ds005284/sub-009/eeg/sub-009_task-26ByBiosemi_eeg.bdf,8,18,144.0,pain_protocol,unannotated,eegmmidb,1,0.9999997735409253,-49.39769741112422,True
ds005284,sub-009,data/ds005284/sub-009/eeg/sub-009_task-26ByBiosemi_eeg.bdf,8,19,152.0,pain_protocol,unannotated,eegmmidb,1,0.9998900883294525,-54.73338284225919,True
ds005284,sub-009,data/ds005284/sub-009/eeg/sub-009_task-26ByBiosemi_eeg.bdf,8,20,160.0,pain_protocol,unannotated,eegmmidb,1,0.9999999988060821,-40.77706793340114,True
ds005284,sub-009,data/ds005284/sub-009/eeg/sub-009_task-26ByBiosemi_eeg.bdf,8,21,168.0,pain_protocol,unannotated,eegmmidb,1,0.9999894376276377,-48.69109192044817,True
ds005284,sub-009,data/ds005284/sub-009/eeg/sub-009_task-26ByBiosemi_eeg.bdf,8,22,176.0,pain_protocol,unannotated,eegmmidb,1,0.9999999643013247,-34.6217304544574,False
ds005284,sub-009,data/ds005284/sub-009/eeg/sub-009_task-26ByBiosemi_eeg.bdf,8,23,184.0,pain_protocol,unannotated,eegmmidb,1,0.999434586234238,-60.680283013541164,True
ds005284,sub-009,data/ds005284/sub-009/eeg/sub-009_task-26ByBiosemi_eeg.bdf,8,24,192.0,pain_protocol,unannotated,eegmmidb,1,0.9999992732326474,-49.383576728395255,True
ds005284,sub-009,data/ds005284/sub-009/eeg/sub-009_task-26ByBiosemi_eeg.bdf,8,25,200.0,pain_protocol,unannotated,eegmmidb,1,0.9989695602279727,-56.41710565172246,True
ds005284,sub-009,data/ds005284/sub-009/eeg/sub-009_task-26ByBiosemi_eeg.bdf,8,26,208.0,pain_protocol,unannotated,eegmmidb,0,0.6162342523473154,-59.27499436886645,True
ds005284,sub-009,data/ds005284/sub-009/eeg/sub-009_task-26ByBiosemi_eeg.bdf,8,27,216.0,pain_protocol,unannotated,eegmmidb,1,0.9996898931596743,-58.53650179253843,True
ds005284,sub-009,data/ds005284/sub-009/eeg/sub-009_task-26ByBiosemi_eeg.bdf,8,28,224.0,pain_protocol,unannotated,eegmmidb,1,0.999993353886561,-55.79515463696139,True
ds005284,sub-009,data/ds005284/sub-009/eeg/sub-009_task-26ByBiosemi_eeg.bdf,8,29,232.0,pain_protocol,unannotated,eegmmidb,1,0.9999999858117407,-49.31362441296348,True
ds005284,sub-009,data/ds005284/sub-009/eeg/sub-009_task-26ByBiosemi_eeg.bdf,8,30,240.0,pain_protocol,unannotated,eegmmidb,1,0.9998046521710686,-59.186849759310235,True
ds005284,sub-009,data/ds005284/sub-009/eeg/sub-009_task-26ByBiosemi_eeg.bdf,8,31,248.0,pain_protocol,unannotated,eegmmidb,1,0.9999996835174304,-42.57194146326709,True
ds005284,sub-009,data/ds005284/sub-009/eeg/sub-009_task-26ByBiosemi_eeg.bdf,8,32,256.0,pain_protocol,unannotated,eegmmidb,1,0.9999999255873916,-45.61556251283421,True
ds005284,sub-009,data/ds005284/sub-009/eeg/sub-009_task-26ByBiosemi_eeg.bdf,8,33,264.0,pain_protocol,unannotated,eegmmidb,1,0.9999999955315317,-44.337839451893586,True
ds005284,sub-009,data/ds005284/sub-009/eeg/sub-009_task-26ByBiosemi_eeg.bdf,8,34,272.0,pain_protocol,unannotated,eegmmidb,1,0.9999999999576161,-46.571434197248976,True
ds005284,sub-009,data/ds005284/sub-009/eeg/sub-009_task-26ByBiosemi_eeg.bdf,8,35,280.0,pain_protocol,unannotated,eegmmidb,1,0.999999999983828,-46.38080976494291,True
ds005284,sub-009,data/ds005284/sub-009/eeg/sub-009_task-26ByBiosemi_eeg.bdf,8,36,288.0,pain_protocol,unannotated,eegmmidb,1,0.9999999496874222,-39.70563551077,False
ds005284,sub-009,data/ds005284/sub-009/eeg/sub-009_task-26ByBiosemi_eeg.bdf,8,37,296.0,pain_protocol,unannotated,eegmmidb,1,0.9475927235286156,-79.06288773990244,True
ds005284,sub-009,data/ds005284/sub-009/eeg/sub-009_task-26ByBiosemi_eeg.bdf,8,38,304.0,pain_protocol,unannotated,eegmmidb,1,0.9997121847645637,-63.31980132354366,True
ds005284,sub-009,data/ds005284/sub-009/eeg/sub-009_task-26ByBiosemi_eeg.bdf,8,39,312.0,pain_protocol,unannotated,eegmmidb,0,0.9904905131183874,-83.99136083385655,True
ds005284,sub-009,data/ds005284/sub-009/eeg/sub-009_task-26ByBiosemi_eeg.bdf,8,40,320.0,pain_protocol,unannotated,eegmmidb,0,0.9844620256838784,-80.88754283468745,True
ds005284,sub-010,data/ds005284/sub-010/eeg/sub-010_task-26ByBiosemi_eeg.bdf,8,0,0.0,pain_protocol,unannotated,eegmmidb,0,0.9385929904189749,-34.022010865249165,False
ds005284,sub-010,data/ds005284/sub-010/eeg/sub-010_task-26ByBiosemi_eeg.bdf,8,1,8.0,pain_protocol,unannotated,eegmmidb,0,0.9999999999374225,-34.927889080788525,False
ds005284,sub-010,data/ds005284/sub-010/eeg/sub-010_task-26ByBiosemi_eeg.bdf,8,2,16.0,pain_protocol,unannotated,eegmmidb,1,0.9967376230136515,-30.50970635887901,False
ds005284,sub-010,data/ds005284/sub-010/eeg/sub-010_task-26ByBiosemi_eeg.bdf,8,3,24.0,pain_protocol,unannotated,eegmmidb,1,0.9999078788215511,-32.84346442945008,False
ds005284,sub-010,data/ds005284/sub-010/eeg/sub-010_task-26ByBiosemi_eeg.bdf,8,4,32.0,pain_protocol,unannotated,eegmmidb,1,0.9999993335736885,-25.945045197392492,False
ds005284,sub-010,data/ds005284/sub-010/eeg/sub-010_task-26ByBiosemi_eeg.bdf,8,5,40.0,pain_protocol,unannotated,eegmmidb,0,1.0,-124.19852532118568,True
ds005284,sub-010,data/ds005284/sub-010/eeg/sub-010_task-26ByBiosemi_eeg.bdf,8,6,48.0,pain_protocol,unannotated,eegmmidb,1,0.9766526954522711,-43.73183999325005,True
ds005284,sub-010,data/ds005284/sub-010/eeg/sub-010_task-26ByBiosemi_eeg.bdf,8,7,56.0,pain_protocol,unannotated,eegmmidb,1,0.9999997128506862,-34.78133394369809,False
ds005284,sub-010,data/ds005284/sub-010/eeg/sub-010_task-26ByBiosemi_eeg.bdf,8,8,64.0,pain_protocol,unannotated,eegmmidb,1,0.9999991469364901,-42.96686581948333,True
ds005284,sub-010,data/ds005284/sub-010/eeg/sub-010_task-26ByBiosemi_eeg.bdf,8,9,72.0,pain_protocol,unannotated,eegmmidb,1,0.9999993172033634,-28.048722440800642,False
ds005284,sub-010,data/ds005284/sub-010/eeg/sub-010_task-26ByBiosemi_eeg.bdf,8,10,80.0,pain_protocol,unannotated,eegmmidb,1,0.9999999493724848,-30.628247401242472,False
ds005284,sub-010,data/ds005284/sub-010/eeg/sub-010_task-26ByBiosemi_eeg.bdf,8,11,88.0,pain_protocol,unannotated,eegmmidb,1,0.9999611363615164,-30.40797444950855,False
ds005284,sub-010,data/ds005284/sub-010/eeg/sub-010_task-26ByBiosemi_eeg.bdf,8,12,96.0,pain_protocol,unannotated,eegmmidb,1,0.9963825373729412,-33.94926938023903,False
ds005284,sub-010,data/ds005284/sub-010/eeg/sub-010_task-26ByBiosemi_eeg.bdf,8,13,104.0,pain_protocol,unannotated,eegmmidb,1,0.9772682894057214,-40.04739947288694,False
ds005284,sub-010,data/ds005284/sub-010/eeg/sub-010_task-26ByBiosemi_eeg.bdf,8,14,112.0,pain_protocol,unannotated,eegmmidb,1,0.9557252892444179,-45.286789777575855,True
ds005284,sub-010,data/ds005284/sub-010/eeg/sub-010_task-26ByBiosemi_eeg.bdf,8,15,120.0,pain_protocol,unannotated,eegmmidb,0,0.8740594011449202,-37.17733467943939,False
ds005284,sub-010,data/ds005284/sub-010/eeg/sub-010_task-26ByBiosemi_eeg.bdf,8,16,128.0,pain_protocol,unannotated,eegmmidb,1,0.999136911779955,-32.8417639640115,False
ds005284,sub-010,data/ds005284/sub-010/eeg/sub-010_task-26ByBiosemi_eeg.bdf,8,17,136.0,pain_protocol,unannotated,eegmmidb,0,0.9999995474570043,-37.93499418895716,False
ds005284,sub-010,data/ds005284/sub-010/eeg/sub-010_task-26ByBiosemi_eeg.bdf,8,18,144.0,pain_protocol,unannotated,eegmmidb,1,0.9963705329543902,-35.52838775237891,False
ds005284,sub-010,data/ds005284/sub-010/eeg/sub-010_task-26ByBiosemi_eeg.bdf,8,19,152.0,pain_protocol,unannotated,eegmmidb,0,0.9999998820037986,-34.549382146517026,False
ds005284,sub-010,data/ds005284/sub-010/eeg/sub-010_task-26ByBiosemi_eeg.bdf,8,20,160.0,pain_protocol,unannotated,eegmmidb,1,0.9934059163947587,-37.9949363382575,False
ds005284,sub-010,data/ds005284/sub-010/eeg/sub-010_task-26ByBiosemi_eeg.bdf,8,21,168.0,pain_protocol,unannotated,eegmmidb,0,0.9999999269042545,-49.47049222800764,True
ds005284,sub-010,data/ds005284/sub-010/eeg/sub-010_task-26ByBiosemi_eeg.bdf,8,22,176.0,pain_protocol,unannotated,eegmmidb,0,0.8736134043630821,-34.578733738312046,False
ds005284,sub-010,data/ds005284/sub-010/eeg/sub-010_task-26ByBiosemi_eeg.bdf,8,23,184.0,pain_protocol,unannotated,eegmmidb,0,1.0,-36.538974752299715,False
ds005284,sub-010,data/ds005284/sub-010/eeg/sub-010_task-26ByBiosemi_eeg.bdf,8,24,192.0,pain_protocol,unannotated,eegmmidb,0,0.9999865139469316,-38.232003967353194,False
ds005284,sub-010,data/ds005284/sub-010/eeg/sub-010_task-26ByBiosemi_eeg.bdf,8,25,200.0,pain_protocol,unannotated,eegmmidb,0,0.9999999957202945,-35.18361826646573,False
ds005284,sub-010,data/ds005284/sub-010/eeg/sub-010_task-26ByBiosemi_eeg.bdf,8,26,208.0,pain_protocol,unannotated,eegmmidb,0,0.9591084684991656,-40.6755748054282,True
ds005284,sub-010,data/ds005284/sub-010/eeg/sub-010_task-26ByBiosemi_eeg.bdf,8,27,216.0,pain_protocol,unannotated,eegmmidb,0,0.9999960783461023,-33.846578874984644,False
ds005284,sub-010,data/ds005284/sub-010/eeg/sub-010_task-26ByBiosemi_eeg.bdf,8,28,224.0,pain_protocol,unannotated,eegmmidb,0,1.0,-34.83605090451531,False
ds005284,sub-010,data/ds005284/sub-010/eeg/sub-010_task-26ByBiosemi_eeg.bdf,8,29,232.0,pain_protocol,unannotated,eegmmidb,0,0.9997346239334028,-34.66091102079431,False
ds005284,sub-010,data/ds005284/sub-010/eeg/sub-010_task-26ByBiosemi_eeg.bdf,8,30,240.0,pain_protocol,unannotated,eegmmidb,0,0.9999998651275794,-34.484579852265846,False
ds005284,sub-010,data/ds005284/sub-010/eeg/sub-010_task-26ByBiosemi_eeg.bdf,8,31,248.0,pain_protocol,unannotated,eegmmidb,0,0.9999999478816348,-33.96522648484779,False
ds005284,sub-010,data/ds005284/sub-010/eeg/sub-010_task-26ByBiosemi_eeg.bdf,8,32,256.0,pain_protocol,unannotated,eegmmidb,0,0.9999998740348851,-33.50909182276551,False
ds005284,sub-010,data/ds005284/sub-010/eeg/sub-010_task-26ByBiosemi_eeg.bdf,8,33,264.0,pain_protocol,unannotated,eegmmidb,0,0.9999029373942417,-35.565328270143766,False
ds005284,sub-010,data/ds005284/sub-010/eeg/sub-010_task-26ByBiosemi_eeg.bdf,8,34,272.0,pain_protocol,unannotated,eegmmidb,1,0.7652265040851878,-38.227963658944326,False
ds005284,sub-010,data/ds005284/sub-010/eeg/sub-010_task-26ByBiosemi_eeg.bdf,8,35,280.0,pain_protocol,unannotated,eegmmidb,0,0.9992158538285967,-36.76123817514169,False
ds005284,sub-010,data/ds005284/sub-010/eeg/sub-010_task-26ByBiosemi_eeg.bdf,8,36,288.0,pain_protocol,unannotated,eegmmidb,1,0.9999487677766582,-34.143968079858034,False
ds005284,sub-010,data/ds005284/sub-010/eeg/sub-010_task-26ByBiosemi_eeg.bdf,8,37,296.0,pain_protocol,unannotated,eegmmidb,1,0.9327334763253964,-34.10877096945361,False
ds005284,sub-010,data/ds005284/sub-010/eeg/sub-010_task-26ByBiosemi_eeg.bdf,8,38,304.0,pain_protocol,unannotated,eegmmidb,0,0.9999999999998721,-31.249394768647434,False
ds005284,sub-010,data/ds005284/sub-010/eeg/sub-010_task-26ByBiosemi_eeg.bdf,8,39,312.0,pain_protocol,unannotated,eegmmidb,0,0.9949866898767253,-41.55977399940978,True
ds005284,sub-010,data/ds005284/sub-010/eeg/sub-010_task-26ByBiosemi_eeg.bdf,8,40,320.0,pain_protocol,unannotated,eegmmidb,0,0.998269834448807,-40.47221451883159,True
