dataset_id,subject,raw_file,window_seconds,window_index,start_seconds,task_condition,task_annotation,trained_on_dataset,assigned_state,posterior_confidence,log_likelihood,low_confidence_unknown
eegmmidb,S001,data/eegmmidb/S001/S001R01.edf,4,0,0.0,eyes_open_rest,T0,ds005284,2,0.9999996232841964,-58.109465907123656,True
eegmmidb,S001,data/eegmmidb/S001/S001R01.edf,4,1,4.0,eyes_open_rest,T0,ds005284,2,0.9999999999925393,-48.78930769414054,True
eegmmidb,S001,data/eegmmidb/S001/S001R01.edf,4,2,8.0,eyes_open_rest,T0,ds005284,0,0.9999990939399109,-55.257339811124304,True
eegmmidb,S001,data/eegmmidb/S001/S001R01.edf,4,3,12.0,eyes_open_rest,T0,ds005284,2,0.997308784411394,-65.65531439103577,True
eegmmidb,S001,data/eegmmidb/S001/S001R01.edf,4,4,16.0,eyes_open_rest,T0,ds005284,2,0.9999999999966676,-50.2869943903233,True
eegmmidb,S001,data/eegmmidb/S001/S001R01.edf,4,5,20.0,eyes_open_rest,T0,ds005284,2,0.9999999999999574,-56.50790110536585,True
eegmmidb,S001,data/eegmmidb/S001/S001R01.edf,4,6,24.0,eyes_open_rest,T0,ds005284,2,0.9980278555335182,-74.37182586844683,True
eegmmidb,S001,data/eegmmidb/S001/S001R01.edf,4,7,28.0,eyes_open_rest,T0,ds005284,2,0.9999999993255244,-64.33862242450519,True
eegmmidb,S001,data/eegmmidb/S001/S001R01.edf,4,8,32.0,eyes_open_rest,T0,ds005284,2,0.9994805532583896,-62.69966285358822,True
eegmmidb,S001,data/eegmmidb/S001/S001R01.edf,4,9,36.0,eyes_open_rest,T0,ds005284,0,1.0,-46.211010012469615,True
eegmmidb,S001,data/eegmmidb/S001/S001R01.edf,4,10,40.0,eyes_open_rest,T0,ds005284,0,0.999999999999929,-51.12083167363562,True
eegmmidb,S001,data/eegmmidb/S001/S001R01.edf,4,11,44.0,eyes_open_rest,T0,ds005284,2,0.9999999486964994,-64.27942148855777,True
eegmmidb,S001,data/eegmmidb/S001/S001R01.edf,4,12,48.0,eyes_open_rest,T0,ds005284,2,0.920328538888259,-55.0347591462364,True
eegmmidb,S001,data/eegmmidb/S001/S001R01.edf,4,13,52.0,eyes_open_rest,T0,ds005284,2,0.9999999998539764,-58.83185853208883,True
eegmmidb,S001,data/eegmmidb/S001/S001R01.edf,4,14,56.0,eyes_open_rest,T0,ds005284,2,0.9999974062736741,-64.67056668761444,True
eegmmidb,S001,data/eegmmidb/S001/S001R02.edf,4,0,0.0,eyes_closed_rest,T0,ds005284,0,1.0,-90.37384495003585,True
eegmmidb,S001,data/eegmmidb/S001/S001R02.edf,4,1,4.0,eyes_closed_rest,T0,ds005284,0,0.812407228554962,-101.37777069158433,True
eegmmidb,S001,data/eegmmidb/S001/S001R02.edf,4,2,8.0,eyes_closed_rest,T0,ds005284,0,1.0,-96.4174163287036,True
eegmmidb,S001,data/eegmmidb/S001/S001R02.edf,4,3,12.0,eyes_closed_rest,T0,ds005284,0,1.0,-96.53519454655681,True
eegmmidb,S001,data/eegmmidb/S001/S001R02.edf,4,4,16.0,eyes_closed_rest,T0,ds005284,0,1.0,-100.82242904256752,True
eegmmidb,S001,data/eegmmidb/S001/S001R02.edf,4,5,20.0,eyes_closed_rest,T0,ds005284,0,1.0,-112.787295202885,True
eegmmidb,S001,data/eegmmidb/S001/S001R02.edf,4,6,24.0,eyes_closed_rest,T0,ds005284,0,1.0,-150.29161425467763,True
eegmmidb,S001,data/eegmmidb/S001/S001R02.edf,4,7,28.0,eyes_closed_rest,T0,ds005284,0,1.0,-122.51827558332522,True
eegmmidb,S001,data/eegmmidb/S001/S001R02.edf,4,8,32.0,eyes_closed_rest,T0,ds005284,0,1.0,-108.71566466472795,True
eegmmidb,S001,data/eegmmidb/S001/S001R02.edf,4,9,36.0,eyes_closed_rest,T0,ds005284,0,1.0,-115.4849570226867,True
eegmmidb,S001,data/eegmmidb/S001/S001R02.edf,4,10,40.0,eyes_closed_rest,T0,ds005284,0,1.0,-137.95720185504652,True
eegmmidb,S001,data/eegmmidb/S001/S001R02.edf,4,11,44.0,eyes_closed_rest,T0,ds005284,0,1.0,-127.77693322106668,True
eegmmidb,S001,data/eegmmidb/S001/S001R02.edf,4,12,48.0,eyes_closed_rest,T0,ds005284,0,1.0,-141.38251186735383,True
eegmmidb,S001,data/eegmmidb/S001/S001R02.edf,4,13,52.0,eyes_closed_rest,T0,ds005284,0,1.0,-112.73319177373503,True
eegmmidb,S001,data/eegmmidb/S001/S001R02.edf,4,14,56.0,eyes_closed_rest,T0,ds005284,0,1.0,-123.43800438209996,True
eegmmidb,S001,data/eegmmidb/S001/S001R03.edf,4,0,0.0,motor_execution,T0,ds005284,0,0.9867084642801368,-48.588990040158095,True
eegmmidb,S001,data/eegmmidb/S001/S001R03.edf,4,1,4.0,motor_execution,T2,ds005284,0,0.8563790243901879,-45.03635827038707,True
eegmmidb,S001,data/eegmmidb/S001/S001R03.edf,4,2,8.0,motor_execution,T0,ds005284,2,0.9999988227173271,-62.49182610123277,True
eegmmidb,S001,data/eegmmidb/S001/S001R03.edf,4,3,12.0,motor_execution,T1,ds005284,2,0.9999999998715765,-55.25302716618088,True
eegmmidb,S001,data/eegmmidb/S001/S001R03.edf,4,4,16.0,motor_execution,T0,ds005284,2,0.9999999968782944,-52.264386711590426,True
eegmmidb,S001,data/eegmmidb/S001/S001R03.edf,4,5,20.0,motor_execution,T1,ds005284,2,0.9985745057012428,-54.679331887184055,True
eegmmidb,S001,data/eegmmidb/S001/S001R03.edf,4,6,24.0,motor_execution,T0,ds005284,2,0.9999999685260978,-60.33599806616319,True
eegmmidb,S001,data/eegmmidb/S001/S001R03.edf,4,7,28.0,motor_execution,T2,ds005284,2,0.9845062248820259,-67.6970553245336,True
eegmmidb,S001,data/eegmmidb/S001/S001R03.edf,4,8,32.0,motor_execution,T0,ds005284,2,0.7628283520732337,-63.42406918703682,True
eegmmidb,S001,data/eegmmidb/S001/S001R03.edf,4,9,36.0,motor_execution,T2,ds005284,0,0.9999999997364313,-48.9750507513137,True
eegmmidb,S001,data/eegmmidb/S001/S001R03.edf,4,10,40.0,motor_execution,T0,ds005284,2,0.9999999999999858,-61.11145211080861,True
eegmmidb,S001,data/eegmmidb/S001/S001R03.edf,4,11,44.0,motor_execution,T1,ds005284,0,0.9073410072337386,-57.241291463276404,True
eegmmidb,S001,data/eegmmidb/S001/S001R03.edf,4,12,48.0,motor_execution,T0,ds005284,2,0.9999999500403701,-46.38807267463671,True
eegmmidb,S001,data/eegmmidb/S001/S001R03.edf,4,13,52.0,motor_execution,T1,ds005284,0,0.9999972514341778,-51.75231147521211,True
eegmmidb,S001,data/eegmmidb/S001/S001R03.edf,4,14,56.0,motor_execution,T1,ds005284,2,0.9999996458923933,-66.04171566521165,True
eegmmidb,S001,data/eegmmidb/S001/S001R03.edf,4,15,60.0,motor_execution,T0,ds005284,0,0.9999999999989129,-48.14850438139634,True
eegmmidb,S001,data/eegmmidb/S001/S001R03.edf,4,16,64.0,motor_execution,T2,ds005284,2,0.9999999996816769,-49.06610022555077,True
eegmmidb,S001,data/eegmmidb/S001/S001R03.edf,4,17,68.0,motor_execution,T0,ds005284,0,0.9999999999998437,-66.95368433963965,True
eegmmidb,S001,data/eegmmidb/S001/S001R03.edf,4,18,72.0,motor_execution,T1,ds005284,0,1.0,-42.4473637384408,True
eegmmidb,S001,data/eegmmidb/S001/S001R03.edf,4,19,76.0,motor_execution,T0,ds005284,0,0.99751513994,-69.11759638810243,True
eegmmidb,S001,data/eegmmidb/S001/S001R03.edf,4,20,80.0,motor_execution,T2,ds005284,0,0.9849914925257564,-62.66385547459402,True
eegmmidb,S001,data/eegmmidb/S001/S001R03.edf,4,21,84.0,motor_execution,T0,ds005284,0,0.9964228934499711,-55.21815616680069,True
eegmmidb,S001,data/eegmmidb/S001/S001R03.edf,4,22,88.0,motor_execution,T2,ds005284,2,0.9999999999999858,-60.772662418047965,True
eegmmidb,S001,data/eegmmidb/S001/S001R03.edf,4,23,92.0,motor_execution,T0,ds005284,0,0.9999975256970743,-93.04143550400082,True
eegmmidb,S001,data/eegmmidb/S001/S001R03.edf,4,24,96.0,motor_execution,T1,ds005284,0,0.9999998648298407,-79.52121726148086,True
eegmmidb,S001,data/eegmmidb/S001/S001R03.edf,4,25,100.0,motor_execution,T0,ds005284,2,0.9999978913892482,-57.747044938747614,True
eegmmidb,S001,data/eegmmidb/S001/S001R03.edf,4,26,104.0,motor_execution,T1,ds005284,0,0.9375253556648211,-65.55287264912424,True
eegmmidb,S001,data/eegmmidb/S001/S001R03.edf,4,27,108.0,motor_execution,T0,ds005284,2,0.9999999999793232,-83.33471894380885,True
eegmmidb,S001,data/eegmmidb/S001/S001R03.edf,4,28,112.0,motor_execution,T2,ds005284,0,0.9990839513862722,-64.91773689531787,True
eegmmidb,S001,data/eegmmidb/S001/S001R03.edf,4,29,116.0,motor_execution,T0,ds005284,2,0.9999999998385789,-64.61234973499771,True
eegmmidb,S001,data/eegmmidb/S001/S001R03.edf,4,30,120.0,motor_execution,T1,ds005284,0,0.9957867456312229,-68.2818489171935,True
eegmmidb,S001,data/eegmmidb/S001/S001R04.edf,4,0,0.0,motor_imagery,T0,ds005284,2,0.9999994289013255,-65.70503059439052,True
eegmmidb,S001,data/eegmmidb/S001/S001R04.edf,4,1,4.0,motor_imagery,T2,ds005284,2,1.0,-55.957655853561015,True
eegmmidb,S001,data/eegmmidb/S001/S001R04.edf,4,2,8.0,motor_imagery,T0,ds005284,2,1.0,-61.721484898742254,True
eegmmidb,S001,data/eegmmidb/S001/S001R04.edf,4,3,12.0,motor_imagery,T1,ds005284,2,1.0,-56.588938171778956,True
eegmmidb,S001,data/eegmmidb/S001/S001R04.edf,4,4,16.0,motor_imagery,T0,ds005284,0,0.9950889531685368,-61.962489203884864,True
eegmmidb,S001,data/eegmmidb/S001/S001R04.edf,4,5,20.0,motor_imagery,T1,ds005284,2,0.9999999999999787,-60.176966285843875,True
eegmmidb,S001,data/eegmmidb/S001/S001R04.edf,4,6,24.0,motor_imagery,T0,ds005284,2,1.0,-60.19217599731359,True
eegmmidb,S001,data/eegmmidb/S001/S001R04.edf,4,7,28.0,motor_imagery,T2,ds005284,2,0.9999999999999147,-57.736917570438145,True
eegmmidb,S001,data/eegmmidb/S001/S001R04.edf,4,8,32.0,motor_imagery,T0,ds005284,2,0.9987855167384163,-61.44470089211758,True
eegmmidb,S001,data/eegmmidb/S001/S001R04.edf,4,9,36.0,motor_imagery,T2,ds005284,2,0.998905849472623,-49.65056891307785,True
eegmmidb,S001,data/eegmmidb/S001/S001R04.edf,4,10,40.0,motor_imagery,T0,ds005284,2,0.9999999999998863,-54.781937714298536,True
eegmmidb,S001,data/eegmmidb/S001/S001R04.edf,4,11,44.0,motor_imagery,T1,ds005284,2,1.0,-55.03858378389274,True
eegmmidb,S001,data/eegmmidb/S001/S001R04.edf,4,12,48.0,motor_imagery,T0,ds005284,2,1.0,-58.89641119999231,True
eegmmidb,S001,data/eegmmidb/S001/S001R04.edf,4,13,52.0,motor_imagery,T2,ds005284,2,0.9999999935984789,-75.60164238818454,True
eegmmidb,S001,data/eegmmidb/S001/S001R04.edf,4,14,56.0,motor_imagery,T2,ds005284,2,0.9999999994918625,-57.86697324638268,True
eegmmidb,S001,data/eegmmidb/S001/S001R04.edf,4,15,60.0,motor_imagery,T0,ds005284,2,0.9999999818397357,-65.2355036222533,True
eegmmidb,S001,data/eegmmidb/S001/S001R04.edf,4,16,64.0,motor_imagery,T1,ds005284,0,0.639783519781804,-67.02107590140892,True
eegmmidb,S001,data/eegmmidb/S001/S001R04.edf,4,17,68.0,motor_imagery,T0,ds005284,2,0.9999999999999858,-70.49487300591677,True
eegmmidb,S001,data/eegmmidb/S001/S001R04.edf,4,18,72.0,motor_imagery,T2,ds005284,2,0.999999993201719,-54.51208768853321,True
eegmmidb,S001,data/eegmmidb/S001/S001R04.edf,4,19,76.0,motor_imagery,T0,ds005284,2,0.9652258848165366,-70.12525992209459,True
eegmmidb,S001,data/eegmmidb/S001/S001R04.edf,4,20,80.0,motor_imagery,T1,ds005284,2,0.9999999999997584,-53.855469488985754,True
eegmmidb,S001,data/eegmmidb/S001/S001R04.edf,4,21,84.0,motor_imagery,T0,ds005284,2,0.9999999999988347,-68.13287379217887,True
eegmmidb,S001,data/eegmmidb/S001/S001R04.edf,4,22,88.0,motor_imagery,T1,ds005284,2,0.9999999615748798,-57.77015403774229,True
eegmmidb,S001,data/eegmmidb/S001/S001R04.edf,4,23,92.0,motor_imagery,T0,ds005284,2,0.9999999999999147,-63.750111466676465,True
eegmmidb,S001,data/eegmmidb/S001/S001R04.edf,4,24,96.0,motor_imagery,T2,ds005284,2,0.999997869230352,-54.43866047064954,True
eegmmidb,S001,data/eegmmidb/S001/S001R04.edf,4,25,100.0,motor_imagery,T0,ds005284,2,0.9999999999989555,-61.9279981814078,True
eegmmidb,S001,data/eegmmidb/S001/S001R04.edf,4,26,104.0,motor_imagery,T1,ds005284,2,1.0,-56.37028508407953,True
eegmmidb,S001,data/eegmmidb/S001/S001R04.edf,4,27,108.0,motor_imagery,T0,ds005284,2,0.9999999999999858,-67.54880558383654,True
eegmmidb,S001,data/eegmmidb/S001/S001R04.edf,4,28,112.0,motor_imagery,T2,ds005284,2,0.9999999919710802,-64.81569672692355,True
eegmmidb,S001,data/eegmmidb/S001/S001R04.edf,4,29,116.0,motor_imagery,T0,ds005284,2,0.9999999999791029,-55.07382690594012,True
eegmmidb,S001,data/eegmmidb/S001/S001R04.edf,4,30,120.0,motor_imagery,T1,ds005284,2,0.9999911092931719,-55.743313849244345,True
eegmmidb,S001,data/eegmmidb/S001/S001R07.edf,4,0,0.0,motor_execution,T0,ds005284,2,0.9999999999889084,-46.50331945189654,True
eegmmidb,S001,data/eegmmidb/S001/S001R07.edf,4,1,4.0,motor_execution,T1,ds005284,2,0.9999999999998934,-49.50766266746008,True
eegmmidb,S001,data/eegmmidb/S001/S001R07.edf,4,2,8.0,motor_execution,T0,ds005284,2,1.0,-49.5336360465633,True
eegmmidb,S001,data/eegmmidb/S001/S001R07.edf,4,3,12.0,motor_execution,T2,ds005284,2,0.7741632042018155,-52.52491073349705,True
eegmmidb,S001,data/eegmmidb/S001/S001R07.edf,4,4,16.0,motor_execution,T0,ds005284,2,0.9886999793714918,-65.29589018136545,True
eegmmidb,S001,data/eegmmidb/S001/S001R07.edf,4,5,20.0,motor_execution,T1,ds005284,0,0.9999999841857347,-67.65917418495519,True
eegmmidb,S001,data/eegmmidb/S001/S001R07.edf,4,6,24.0,motor_execution,T0,ds005284,2,0.9999999999340048,-71.46066867194246,True
eegmmidb,S001,data/eegmmidb/S001/S001R07.edf,4,7,28.0,motor_execution,T2,ds005284,2,0.9999999782016433,-70.23349146087229,True
eegmmidb,S001,data/eegmmidb/S001/S001R07.edf,4,8,32.0,motor_execution,T0,ds005284,2,0.9999951487897937,-68.03214822507093,True
eegmmidb,S001,data/eegmmidb/S001/S001R07.edf,4,9,36.0,motor_execution,T1,ds005284,2,0.9999359250944323,-81.84131906739097,True
eegmmidb,S001,data/eegmmidb/S001/S001R07.edf,4,10,40.0,motor_execution,T0,ds005284,0,0.9996243514116896,-60.606585480589736,True
eegmmidb,S001,data/eegmmidb/S001/S001R07.edf,4,11,44.0,motor_execution,T2,ds005284,0,0.9999997799403204,-66.7075563558807,True
eegmmidb,S001,data/eegmmidb/S001/S001R07.edf,4,12,48.0,motor_execution,T0,ds005284,0,0.9999999599623671,-64.56211134027104,True
eegmmidb,S001,data/eegmmidb/S001/S001R07.edf,4,13,52.0,motor_execution,T2,ds005284,2,0.9434046521804637,-57.34577136913146,True
eegmmidb,S001,data/eegmmidb/S001/S001R07.edf,4,14,56.0,motor_execution,T2,ds005284,2,1.0,-64.3059349845974,True
eegmmidb,S001,data/eegmmidb/S001/S001R07.edf,4,15,60.0,motor_execution,T0,ds005284,2,1.0,-65.95135240100132,True
eegmmidb,S001,data/eegmmidb/S001/S001R07.edf,4,16,64.0,motor_execution,T1,ds005284,2,0.9999998792492877,-58.39063921953952,True
eegmmidb,S001,data/eegmmidb/S001/S001R07.edf,4,17,68.0,motor_execution,T0,ds005284,2,0.9998019851610852,-55.763076365105114,True
eegmmidb,S001,data/eegmmidb/S001/S001R07.edf,4,18,72.0,motor_execution,T1,ds005284,2,0.9943301691729363,-78.95951256352808,True
eegmmidb,S001,data/eegmmidb/S001/S001R07.edf,4,19,76.0,motor_execution,T0,ds005284,0,0.9996154280511823,-63.91528784602252,True
eegmmidb,S001,data/eegmmidb/S001/S001R07.edf,4,20,80.0,motor_execution,T2,ds005284,2,0.9973502249196762,-71.22162556904811,True
eegmmidb,S001,data/eegmmidb/S001/S001R07.edf,4,21,84.0,motor_execution,T0,ds005284,2,0.999999999999929,-68.5450254476685,True
eegmmidb,S001,data/eegmmidb/S001/S001R07.edf,4,22,88.0,motor_execution,T2,ds005284,0,0.507598003190901,-47.91666368524882,True
eegmmidb,S001,data/eegmmidb/S001/S001R07.edf,4,23,92.0,motor_execution,T0,ds005284,2,0.9999999958155357,-54.1805881874708,True
eegmmidb,S001,data/eegmmidb/S001/S001R07.edf,4,24,96.0,motor_execution,T1,ds005284,2,0.9999999306704718,-54.22472111557759,True
eegmmidb,S001,data/eegmmidb/S001/S001R07.edf,4,25,100.0,motor_execution,T0,ds005284,2,1.0,-65.65584405834363,True
eegmmidb,S001,data/eegmmidb/S001/S001R07.edf,4,26,104.0,motor_execution,T2,ds005284,2,0.9999999999898463,-58.20134977747853,True
eegmmidb,S001,data/eegmmidb/S001/S001R07.edf,4,27,108.0,motor_execution,T0,ds005284,0,0.9999919325027515,-70.88273984537003,True
eegmmidb,S001,data/eegmmidb/S001/S001R07.edf,4,28,112.0,motor_execution,T1,ds005284,2,0.999999835738172,-49.303036915056936,True
eegmmidb,S001,data/eegmmidb/S001/S001R07.edf,4,29,116.0,motor_execution,T0,ds005284,0,0.9392307156632221,-66.76878577899008,True
eegmmidb,S001,data/eegmmidb/S001/S001R07.edf,4,30,120.0,motor_execution,T1,ds005284,2,0.9999993577609986,-55.82778293059128,True
eegmmidb,S001,data/eegmmidb/S001/S001R08.edf,4,0,0.0,motor_imagery,T0,ds005284,2,0.9999999999999645,-53.398172731680106,True
eegmmidb,S001,data/eegmmidb/S001/S001R08.edf,4,1,4.0,motor_imagery,T1,ds005284,2,0.9999999999995168,-47.56721582306795,True
eegmmidb,S001,data/eegmmidb/S001/S001R08.edf,4,2,8.0,motor_imagery,T0,ds005284,2,0.9999987391348517,-52.73088000646304,True
eegmmidb,S001,data/eegmmidb/S001/S001R08.edf,4,3,12.0,motor_imagery,T2,ds005284,2,0.9999769867881939,-52.91356935014624,True
eegmmidb,S001,data/eegmmidb/S001/S001R08.edf,4,4,16.0,motor_imagery,T0,ds005284,2,0.9999652158573773,-63.87132802552658,True
eegmmidb,S001,data/eegmmidb/S001/S001R08.edf,4,5,20.0,motor_imagery,T1,ds005284,2,0.9999989382304145,-57.16595140400565,True
eegmmidb,S001,data/eegmmidb/S001/S001R08.edf,4,6,24.0,motor_imagery,T0,ds005284,2,0.9999999993178079,-54.88280029746833,True
eegmmidb,S001,data/eegmmidb/S001/S001R08.edf,4,7,28.0,motor_imagery,T2,ds005284,2,0.9999999999997939,-51.93260144350986,True
eegmmidb,S001,data/eegmmidb/S001/S001R08.edf,4,8,32.0,motor_imagery,T0,ds005284,2,0.9999999999990763,-63.38530036711635,True
eegmmidb,S001,data/eegmmidb/S001/S001R08.edf,4,9,36.0,motor_imagery,T1,ds005284,2,0.9999999995406768,-68.21182636064644,True
eegmmidb,S001,data/eegmmidb/S001/S001R08.edf,4,10,40.0,motor_imagery,T0,ds005284,2,0.99999999997641,-49.62614222484356,True
eegmmidb,S001,data/eegmmidb/S001/S001R08.edf,4,11,44.0,motor_imagery,T2,ds005284,2,0.9999999999949267,-52.68017313459141,True
eegmmidb,S001,data/eegmmidb/S001/S001R08.edf,4,12,48.0,motor_imagery,T0,ds005284,2,0.9999738610164075,-60.85177424487968,True
eegmmidb,S001,data/eegmmidb/S001/S001R08.edf,4,13,52.0,motor_imagery,T1,ds005284,2,0.9999999961354291,-50.79239806262023,True
eegmmidb,S001,data/eegmmidb/S001/S001R08.edf,4,14,56.0,motor_imagery,T1,ds005284,2,0.9999999999974989,-60.879020057680016,True
eegmmidb,S001,data/eegmmidb/S001/S001R08.edf,4,15,60.0,motor_imagery,T0,ds005284,2,0.9999998416668899,-65.76419350638812,True
eegmmidb,S001,data/eegmmidb/S001/S001R08.edf,4,16,64.0,motor_imagery,T2,ds005284,2,0.9999999999996589,-50.24133382113825,True
eegmmidb,S001,data/eegmmidb/S001/S001R08.edf,4,17,68.0,motor_imagery,T0,ds005284,2,0.9999999969890112,-58.87197518680071,True
eegmmidb,S001,data/eegmmidb/S001/S001R08.edf,4,18,72.0,motor_imagery,T2,ds005284,2,0.9999999997988596,-66.019674111709,True
eegmmidb,S001,data/eegmmidb/S001/S001R08.edf,4,19,76.0,motor_imagery,T0,ds005284,0,0.999999797676927,-62.3427578146501,True
eegmmidb,S001,data/eegmmidb/S001/S001R08.edf,4,20,80.0,motor_imagery,T1,ds005284,2,0.9999320025516625,-52.40779308687272,True
eegmmidb,S001,data/eegmmidb/S001/S001R08.edf,4,21,84.0,motor_imagery,T0,ds005284,2,0.9999999999427445,-70.35897238617457,True
eegmmidb,S001,data/eegmmidb/S001/S001R08.edf,4,22,88.0,motor_imagery,T1,ds005284,2,0.9999505125191881,-79.94917754609209,True
eegmmidb,S001,data/eegmmidb/S001/S001R08.edf,4,23,92.0,motor_imagery,T0,ds005284,2,0.9999999999997797,-53.504909246542766,True
eegmmidb,S001,data/eegmmidb/S001/S001R08.edf,4,24,96.0,motor_imagery,T2,ds005284,0,0.7539641257345081,-55.65144315628269,True
eegmmidb,S001,data/eegmmidb/S001/S001R08.edf,4,25,100.0,motor_imagery,T0,ds005284,0,0.9896434509934066,-66.45201701058123,True
eegmmidb,S001,data/eegmmidb/S001/S001R08.edf,4,26,104.0,motor_imagery,T2,ds005284,2,0.9988312651545106,-56.131796068188414,True
eegmmidb,S001,data/eegmmidb/S001/S001R08.edf,4,27,108.0,motor_imagery,T0,ds005284,2,0.9999999999888161,-63.44844970811733,True
eegmmidb,S001,data/eegmmidb/S001/S001R08.edf,4,28,112.0,motor_imagery,T1,ds005284,2,0.999977558665209,-54.94250620114533,True
eegmmidb,S001,data/eegmmidb/S001/S001R08.edf,4,29,116.0,motor_imagery,T0,ds005284,2,0.9999999999692761,-54.401090140803916,True
eegmmidb,S001,data/eegmmidb/S001/S001R08.edf,4,30,120.0,motor_imagery,T1,ds005284,2,0.9999999855587306,-52.257937067727156,True
eegmmidb,S001,data/eegmmidb/S001/S001R11.edf,4,0,0.0,motor_execution,T0,ds005284,2,0.9999999996670041,-44.81812179995215,True
eegmmidb,S001,data/eegmmidb/S001/S001R11.edf,4,1,4.0,motor_execution,T1,ds005284,0,0.9999337495633649,-45.78231777394202,True
eegmmidb,S001,data/eegmmidb/S001/S001R11.edf,4,2,8.0,motor_execution,T0,ds005284,2,0.9999884447673533,-53.72136776324603,True
eegmmidb,S001,data/eegmmidb/S001/S001R11.edf,4,3,12.0,motor_execution,T2,ds005284,2,0.9940099054493792,-49.78800760440563,True
eegmmidb,S001,data/eegmmidb/S001/S001R11.edf,4,4,16.0,motor_execution,T0,ds005284,0,0.9998437569145212,-63.30793581263111,True
eegmmidb,S001,data/eegmmidb/S001/S001R11.edf,4,5,20.0,motor_execution,T2,ds005284,2,1.0,-63.305632338059944,True
eegmmidb,S001,data/eegmmidb/S001/S001R11.edf,4,6,24.0,motor_execution,T0,ds005284,2,0.9999999835084027,-65.9542636732364,True
eegmmidb,S001,data/eegmmidb/S001/S001R11.edf,4,7,28.0,motor_execution,T1,ds005284,2,0.6172281733912262,-86.42239248866261,True
eegmmidb,S001,data/eegmmidb/S001/S001R11.edf,4,8,32.0,motor_execution,T0,ds005284,0,0.981652901596418,-62.74784627652554,True
eegmmidb,S001,data/eegmmidb/S001/S001R11.edf,4,9,36.0,motor_execution,T2,ds005284,2,0.8957917846364513,-64.54757596078541,True
eegmmidb,S001,data/eegmmidb/S001/S001R11.edf,4,10,40.0,motor_execution,T0,ds005284,2,0.9999999999934133,-60.87495083408497,True
eegmmidb,S001,data/eegmmidb/S001/S001R11.edf,4,11,44.0,motor_execution,T1,ds005284,2,0.999999998215543,-65.50735011234956,True
eegmmidb,S001,data/eegmmidb/S001/S001R11.edf,4,12,48.0,motor_execution,T0,ds005284,2,0.9999978362027624,-73.62898384425087,True
eegmmidb,S001,data/eegmmidb/S001/S001R11.edf,4,13,52.0,motor_execution,T1,ds005284,2,1.0,-78.5092000463691,True
eegmmidb,S001,data/eegmmidb/S001/S001R11.edf,4,14,56.0,motor_execution,T1,ds005284,2,0.9999999950554894,-51.85603376646273,True
eegmmidb,S001,data/eegmmidb/S001/S001R11.edf,4,15,60.0,motor_execution,T0,ds005284,0,0.9991426878265742,-65.79318414831015,True
eegmmidb,S001,data/eegmmidb/S001/S001R11.edf,4,16,64.0,motor_execution,T2,ds005284,2,0.937423428404366,-73.81843558985133,True
eegmmidb,S001,data/eegmmidb/S001/S001R11.edf,4,17,68.0,motor_execution,T0,ds005284,2,0.8697679256781232,-63.297513804503645,True
eegmmidb,S001,data/eegmmidb/S001/S001R11.edf,4,18,72.0,motor_execution,T2,ds005284,2,0.9999999941152922,-57.182018854426616,True
eegmmidb,S001,data/eegmmidb/S001/S001R11.edf,4,19,76.0,motor_execution,T0,ds005284,2,0.9999999999999432,-65.54975768135483,True
eegmmidb,S001,data/eegmmidb/S001/S001R11.edf,4,20,80.0,motor_execution,T1,ds005284,2,0.9999999999289031,-69.21766079443134,True
eegmmidb,S001,data/eegmmidb/S001/S001R11.edf,4,21,84.0,motor_execution,T0,ds005284,2,1.0,-68.17231736796917,True
eegmmidb,S001,data/eegmmidb/S001/S001R11.edf,4,22,88.0,motor_execution,T1,ds005284,2,0.9999735179477753,-61.91365795448877,True
eegmmidb,S001,data/eegmmidb/S001/S001R11.edf,4,23,92.0,motor_execution,T0,ds005284,2,1.0,-89.2371366233116,True
eegmmidb,S001,data/eegmmidb/S001/S001R11.edf,4,24,96.0,motor_execution,T2,ds005284,3,0.9858369910535134,-91.3905794489122,True
eegmmidb,S001,data/eegmmidb/S001/S001R11.edf,4,25,100.0,motor_execution,T0,ds005284,2,0.9999999949653215,-73.84803272714538,True
eegmmidb,S001,data/eegmmidb/S001/S001R11.edf,4,26,104.0,motor_execution,T2,ds005284,2,0.9999999999414655,-67.9353828561422,True
eegmmidb,S001,data/eegmmidb/S001/S001R11.edf,4,27,108.0,motor_execution,T0,ds005284,2,0.9856758631444441,-74.96550603433927,True
eegmmidb,S001,data/eegmmidb/S001/S001R11.edf,4,28,112.0,motor_execution,T1,ds005284,2,0.9325561154256247,-65.9731607848757,True
eegmmidb,S001,data/eegmmidb/S001/S001R11.edf,4,29,116.0,motor_execution,T0,ds005284,0,0.9723818722149439,-93.42565263490829,True
eegmmidb,S001,data/eegmmidb/S001/S001R11.edf,4,30,120.0,motor_execution,T2,ds005284,2,0.9999172953039835,-63.352584341118835,True
eegmmidb,S001,data/eegmmidb/S001/S001R12.edf,4,0,0.0,motor_imagery,T0,ds005284,2,0.9999902528400467,-52.54185221873123,True
eegmmidb,S001,data/eegmmidb/S001/S001R12.edf,4,1,4.0,motor_imagery,T2,ds005284,2,0.9980621416362666,-48.79122331158063,True
eegmmidb,S001,data/eegmmidb/S001/S001R12.edf,4,2,8.0,motor_imagery,T0,ds005284,2,0.9999999958790156,-50.409101343518245,True
eegmmidb,S001,data/eegmmidb/S001/S001R12.edf,4,3,12.0,motor_imagery,T1,ds005284,2,0.9999999731353032,-59.76202656694573,True
eegmmidb,S001,data/eegmmidb/S001/S001R12.edf,4,4,16.0,motor_imagery,T0,ds005284,2,0.9234099633669361,-63.81326535907398,True
eegmmidb,S001,data/eegmmidb/S001/S001R12.edf,4,5,20.0,motor_imagery,T2,ds005284,2,0.9999981346815108,-49.239639382766235,True
eegmmidb,S001,data/eegmmidb/S001/S001R12.edf,4,6,24.0,motor_imagery,T0,ds005284,0,0.9967379026173125,-51.86455874892542,True
eegmmidb,S001,data/eegmmidb/S001/S001R12.edf,4,7,28.0,motor_imagery,T1,ds005284,0,1.0,-43.14451561316426,True
eegmmidb,S001,data/eegmmidb/S001/S001R12.edf,4,8,32.0,motor_imagery,T0,ds005284,2,0.9999988700501194,-56.110623563243145,True
eegmmidb,S001,data/eegmmidb/S001/S001R12.edf,4,9,36.0,motor_imagery,T1,ds005284,2,0.9999998649620017,-72.28852220154074,True
eegmmidb,S001,data/eegmmidb/S001/S001R12.edf,4,10,40.0,motor_imagery,T0,ds005284,2,0.9994448187218931,-67.10056308412135,True
eegmmidb,S001,data/eegmmidb/S001/S001R12.edf,4,11,44.0,motor_imagery,T2,ds005284,0,0.9999999944350932,-51.37999921722423,True
eegmmidb,S001,data/eegmmidb/S001/S001R12.edf,4,12,48.0,motor_imagery,T0,ds005284,0,0.9999999999859028,-82.67941078074024,True
eegmmidb,S001,data/eegmmidb/S001/S001R12.edf,4,13,52.0,motor_imagery,T2,ds005284,2,0.9301741157107762,-59.15781162057841,True
eegmmidb,S001,data/eegmmidb/S001/S001R12.edf,4,14,56.0,motor_imagery,T2,ds005284,2,0.9999999999965183,-56.568580541319854,True
eegmmidb,S001,data/eegmmidb/S001/S001R12.edf,4,15,60.0,motor_imagery,T0,ds005284,2,0.9999999362129393,-56.53664092531352,True
eegmmidb,S001,data/eegmmidb/S001/S001R12.edf,4,16,64.0,motor_imagery,T1,ds005284,0,0.9998577871203752,-86.81567785848662,True
eegmmidb,S001,data/eegmmidb/S001/S001R12.edf,4,17,68.0,motor_imagery,T0,ds005284,0,0.8440056323453914,-63.70863763099457,True
eegmmidb,S001,data/eegmmidb/S001/S001R12.edf,4,18,72.0,motor_imagery,T1,ds005284,0,0.9999999999211227,-52.25420688963445,True
eegmmidb,S001,data/eegmmidb/S001/S001R12.edf,4,19,76.0,motor_imagery,T0,ds005284,0,0.9999999999998579,-59.370586440985335,True
eegmmidb,S001,data/eegmmidb/S001/S001R12.edf,4,20,80.0,motor_imagery,T2,ds005284,2,0.8083642159121148,-76.31638091059526,True
eegmmidb,S001,data/eegmmidb/S001/S001R12.edf,4,21,84.0,motor_imagery,T0,ds005284,2,0.9585677887786223,-64.90484291619885,True
eegmmidb,S001,data/eegmmidb/S001/S001R12.edf,4,22,88.0,motor_imagery,T2,ds005284,0,0.999929981695255,-52.233232570085576,True
eegmmidb,S001,data/eegmmidb/S001/S001R12.edf,4,23,92.0,motor_imagery,T0,ds005284,2,0.9899843443862226,-61.36037959487304,True
eegmmidb,S001,data/eegmmidb/S001/S001R12.edf,4,24,96.0,motor_imagery,T1,ds005284,2,0.9999457640132485,-74.45569567019275,True
eegmmidb,S001,data/eegmmidb/S001/S001R12.edf,4,25,100.0,motor_imagery,T0,ds005284,2,0.9835669213259789,-74.15896965692092,True
eegmmidb,S001,data/eegmmidb/S001/S001R12.edf,4,26,104.0,motor_imagery,T2,ds005284,2,0.9999999999998721,-74.38275522891637,True
eegmmidb,S001,data/eegmmidb/S001/S001R12.edf,4,27,108.0,motor_imagery,T0,ds005284,2,0.999999999965091,-58.87737837448634,True
eegmmidb,S001,data/eegmmidb/S001/S001R12.edf,4,28,112.0,motor_imagery,T1,ds005284,2,0.9999996357756183,-56.30750498113634,True
eegmmidb,S001,data/eegmmidb/S001/S001R12.edf,4,29,116.0,motor_imagery,T0,ds005284,2,0.9999999859807788,-60.39491034388087,True
eegmmidb,S001,data/eegmmidb/S001/S001R12.edf,4,30,120.0,motor_imagery,T2,ds005284,2,0.5546922826797833,-51.96080487566114,True
eegmmidb,S002,data/eegmmidb/S002/S002R01.edf,4,0,0.0,eyes_open_rest,T0,ds005284,3,0.9999999499610096,-60.882220005690456,True
eegmmidb,S002,data/eegmmidb/S002/S002R01.edf,4,1,4.0,eyes_open_rest,T0,ds005284,2,0.9999999999992966,-41.4211718118102,True
eegmmidb,S002,data/eegmmidb/S002/S002R01.edf,4,2,8.0,eyes_open_rest,T0,ds005284,0,0.9999999963445916,-52.808257774301715,True
eegmmidb,S002,data/eegmmidb/S002/S002R01.edf,4,3,12.0,eyes_open_rest,T0,ds005284,2,1.0,-97.3469994828153,True
eegmmidb,S002,data/eegmmidb/S002/S002R01.edf,4,4,16.0,eyes_open_rest,T0,ds005284,2,0.9954340175628312,-62.3150869099351,True
eegmmidb,S002,data/eegmmidb/S002/S002R01.edf,4,5,20.0,eyes_open_rest,T0,ds005284,2,1.0,-40.86662171563051,True
eegmmidb,S002,data/eegmmidb/S002/S002R01.edf,4,6,24.0,eyes_open_rest,T0,ds005284,2,0.9999999999999716,-89.8622526669037,True
eegmmidb,S002,data/eegmmidb/S002/S002R01.edf,4,7,28.0,eyes_open_rest,T0,ds005284,3,0.9937911561465078,-82.33019921075137,True
eegmmidb,S002,data/eegmmidb/S002/S002R01.edf,4,8,32.0,eyes_open_rest,T0,ds005284,3,1.0,-85.20688487686533,True
eegmmidb,S002,data/eegmmidb/S002/S002R01.edf,4,9,36.0,eyes_open_rest,T0,ds005284,2,0.9999995930145336,-47.41130085133377,True
eegmmidb,S002,data/eegmmidb/S002/S002R01.edf,4,10,40.0,eyes_open_rest,T0,ds005284,2,0.9999999997615987,-33.25984995218122,False
eegmmidb,S002,data/eegmmidb/S002/S002R01.edf,4,11,44.0,eyes_open_rest,T0,ds005284,3,0.9999999999386802,-87.4805702484706,True
eegmmidb,S002,data/eegmmidb/S002/S002R01.edf,4,12,48.0,eyes_open_rest,T0,ds005284,3,0.9999999999312053,-69.00033354470791,True
eegmmidb,S002,data/eegmmidb/S002/S002R01.edf,4,13,52.0,eyes_open_rest,T0,ds005284,0,0.9999999532429069,-55.379647034565494,True
eegmmidb,S002,data/eegmmidb/S002/S002R01.edf,4,14,56.0,eyes_open_rest,T0,ds005284,2,0.9998459565115448,-46.45125662203407,True
eegmmidb,S002,data/eegmmidb/S002/S002R02.edf,4,0,0.0,eyes_closed_rest,T0,ds005284,3,1.0,-97.04345395601143,True
eegmmidb,S002,data/eegmmidb/S002/S002R02.edf,4,1,4.0,eyes_closed_rest,T0,ds005284,3,1.0,-101.4609802033796,True
eegmmidb,S002,data/eegmmidb/S002/S002R02.edf,4,2,8.0,eyes_closed_rest,T0,ds005284,0,0.9967126450346744,-153.5220202976776,True
eegmmidb,S002,data/eegmmidb/S002/S002R02.edf,4,3,12.0,eyes_closed_rest,T0,ds005284,3,1.0,-100.43097040497388,True
eegmmidb,S002,data/eegmmidb/S002/S002R02.edf,4,4,16.0,eyes_closed_rest,T0,ds005284,3,1.0,-81.53784230381825,True
eegmmidb,S002,data/eegmmidb/S002/S002R02.edf,4,5,20.0,eyes_closed_rest,T0,ds005284,3,1.0,-105.10848088549471,True
eegmmidb,S002,data/eegmmidb/S002/S002R02.edf,4,6,24.0,eyes_closed_rest,T0,ds005284,3,1.0,-77.37513145461438,True
eegmmidb,S002,data/eegmmidb/S002/S002R02.edf,4,7,28.0,eyes_closed_rest,T0,ds005284,3,0.9999999999863292,-136.90705470447952,True
eegmmidb,S002,data/eegmmidb/S002/S002R02.edf,4,8,32.0,eyes_closed_rest,T0,ds005284,3,0.999997682016059,-144.47988878047857,True
eegmmidb,S002,data/eegmmidb/S002/S002R02.edf,4,9,36.0,eyes_closed_rest,T0,ds005284,3,1.0,-88.49615479706985,True
eegmmidb,S002,data/eegmmidb/S002/S002R02.edf,4,10,40.0,eyes_closed_rest,T0,ds005284,3,1.0,-106.48953517062334,True
eegmmidb,S002,data/eegmmidb/S002/S002R02.edf,4,11,44.0,eyes_closed_rest,T0,ds005284,2,0.9953430442537742,-97.95131988451955,True
eegmmidb,S002,data/eegmmidb/S002/S002R02.edf,4,12,48.0,eyes_closed_rest,T0,ds005284,3,1.0,-112.17814765680849,True
eegmmidb,S002,data/eegmmidb/S002/S002R02.edf,4,13,52.0,eyes_closed_rest,T0,ds005284,3,1.0,-60.47213577644713,True
eegmmidb,S002,data/eegmmidb/S002/S002R02.edf,4,14,56.0,eyes_closed_rest,T0,ds005284,3,1.0,-92.45852982268438,True
eegmmidb,S002,data/eegmmidb/S002/S002R03.edf,4,0,0.0,motor_execution,T0,ds005284,3,0.9307946242031385,-60.28321746161022,True
eegmmidb,S002,data/eegmmidb/S002/S002R03.edf,4,1,4.0,motor_execution,T1,ds005284,2,0.9995670600451146,-72.22580482497162,True
eegmmidb,S002,data/eegmmidb/S002/S002R03.edf,4,2,8.0,motor_execution,T0,ds005284,2,0.9881972789462806,-66.4766153069462,True
eegmmidb,S002,data/eegmmidb/S002/S002R03.edf,4,3,12.0,motor_execution,T2,ds005284,3,0.7691000743838825,-61.0230167048968,True
eegmmidb,S002,data/eegmmidb/S002/S002R03.edf,4,4,16.0,motor_execution,T0,ds005284,3,0.9993439052159305,-65.34127152051445,True
eegmmidb,S002,data/eegmmidb/S002/S002R03.edf,4,5,20.0,motor_execution,T2,ds005284,3,0.6643188077105249,-71.51653944868478,True
eegmmidb,S002,data/eegmmidb/S002/S002R03.edf,4,6,24.0,motor_execution,T0,ds005284,2,1.0,-73.12298558855949,True
eegmmidb,S002,data/eegmmidb/S002/S002R03.edf,4,7,28.0,motor_execution,T1,ds005284,2,0.9999963713403557,-62.565956086382414,True
eegmmidb,S002,data/eegmmidb/S002/S002R03.edf,4,8,32.0,motor_execution,T0,ds005284,2,0.9999974429527761,-38.869498720570135,True
eegmmidb,S002,data/eegmmidb/S002/S002R03.edf,4,9,36.0,motor_execution,T1,ds005284,3,0.9999999996594227,-73.18066452661311,True
eegmmidb,S002,data/eegmmidb/S002/S002R03.edf,4,10,40.0,motor_execution,T0,ds005284,2,0.5655833131716802,-88.97852182525898,True
eegmmidb,S002,data/eegmmidb/S002/S002R03.edf,4,11,44.0,motor_execution,T2,ds005284,3,0.9999999881218075,-54.86479521008156,True
eegmmidb,S002,data/eegmmidb/S002/S002R03.edf,4,12,48.0,motor_execution,T0,ds005284,3,0.9999905057464115,-63.660575187382,True
eegmmidb,S002,data/eegmmidb/S002/S002R03.edf,4,13,52.0,motor_execution,T2,ds005284,3,1.0,-78.54696204336052,True
eegmmidb,S002,data/eegmmidb/S002/S002R03.edf,4,14,56.0,motor_execution,T0,ds005284,2,0.9999967466599656,-52.951943592752194,True
eegmmidb,S002,data/eegmmidb/S002/S002R03.edf,4,15,60.0,motor_execution,T1,ds005284,3,1.0,-71.23917298832787,True
eegmmidb,S002,data/eegmmidb/S002/S002R03.edf,4,16,64.0,motor_execution,T0,ds005284,3,0.8579299353681451,-78.90886941149151,True
eegmmidb,S002,data/eegmmidb/S002/S002R03.edf,4,17,68.0,motor_execution,T2,ds005284,3,1.0,-69.57564474875856,True
eegmmidb,S002,data/eegmmidb/S002/S002R03.edf,4,18,72.0,motor_execution,T0,ds005284,3,0.9966643494072038,-70.38391940339983,True
eegmmidb,S002,data/eegmmidb/S002/S002R03.edf,4,19,76.0,motor_execution,T1,ds005284,3,0.9923139040067483,-76.89057754160255,True
eegmmidb,S002,data/eegmmidb/S002/S002R03.edf,4,20,80.0,motor_execution,T0,ds005284,3,0.9999999961164932,-54.615404932036775,True
eegmmidb,S002,data/eegmmidb/S002/S002R03.edf,4,21,84.0,motor_execution,T0,ds005284,2,0.9997625318895761,-61.942138797099574,True
eegmmidb,S002,data/eegmmidb/S002/S002R03.edf,4,22,88.0,motor_execution,T1,ds005284,3,0.9587709620364835,-58.74537640202546,True
eegmmidb,S002,data/eegmmidb/S002/S002R03.edf,4,23,92.0,motor_execution,T0,ds005284,3,0.8133694866182456,-125.64547077486364,True
eegmmidb,S002,data/eegmmidb/S002/S002R03.edf,4,24,96.0,motor_execution,T2,ds005284,3,0.9999999998916991,-93.87759908643748,True
eegmmidb,S002,data/eegmmidb/S002/S002R03.edf,4,25,100.0,motor_execution,T0,ds005284,3,1.0,-83.50560564076076,True
eegmmidb,S002,data/eegmmidb/S002/S002R03.edf,4,26,104.0,motor_execution,T1,ds005284,2,0.9998593778210962,-85.31104346546134,True
eegmmidb,S002,data/eegmmidb/S002/S002R03.edf,4,27,108.0,motor_execution,T0,ds005284,3,0.9999999941000226,-77.75911300148705,True
eegmmidb,S002,data/eegmmidb/S002/S002R03.edf,4,28,112.0,motor_execution,T2,ds005284,2,0.6299152898596889,-76.34752058097057,True
eegmmidb,S002,data/eegmmidb/S002/S002R03.edf,4,29,116.0,motor_execution,T0,ds005284,2,1.0,-111.43158339723229,True
eegmmidb,S002,data/eegmmidb/S002/S002R04.edf,4,0,0.0,motor_imagery,T0,ds005284,3,0.9999999973547702,-55.4244892742447,True
eegmmidb,S002,data/eegmmidb/S002/S002R04.edf,4,1,4.0,motor_imagery,T1,ds005284,2,0.9995910009815888,-39.683896225262046,True
eegmmidb,S002,data/eegmmidb/S002/S002R04.edf,4,2,8.0,motor_imagery,T0,ds005284,3,0.9999430884884034,-50.894084914669456,True
eegmmidb,S002,data/eegmmidb/S002/S002R04.edf,4,3,12.0,motor_imagery,T2,ds005284,3,0.9999999953359335,-58.53865701398704,True
eegmmidb,S002,data/eegmmidb/S002/S002R04.edf,4,4,16.0,motor_imagery,T0,ds005284,3,0.9999999999999929,-56.16831265347687,True
eegmmidb,S002,data/eegmmidb/S002/S002R04.edf,4,5,20.0,motor_imagery,T1,ds005284,3,0.9999874903299728,-62.54935623357413,True
eegmmidb,S002,data/eegmmidb/S002/S002R04.edf,4,6,24.0,motor_imagery,T0,ds005284,3,0.999999999998856,-62.90921751322434,True
eegmmidb,S002,data/eegmmidb/S002/S002R04.edf,4,7,28.0,motor_imagery,T2,ds005284,3,1.0,-46.546011687307185,True
eegmmidb,S002,data/eegmmidb/S002/S002R04.edf,4,8,32.0,motor_imagery,T0,ds005284,2,0.9919697512111892,-35.36118632026642,True
eegmmidb,S002,data/eegmmidb/S002/S002R04.edf,4,9,36.0,motor_imagery,T1,ds005284,3,1.0,-43.13235851152651,True
eegmmidb,S002,data/eegmmidb/S002/S002R04.edf,4,10,40.0,motor_imagery,T0,ds005284,3,1.0,-50.336563461282225,True
eegmmidb,S002,data/eegmmidb/S002/S002R04.edf,4,11,44.0,motor_imagery,T2,ds005284,2,0.9848347302624173,-76.12568793020411,True
eegmmidb,S002,data/eegmmidb/S002/S002R04.edf,4,12,48.0,motor_imagery,T0,ds005284,3,0.9999999954362124,-68.30656825021674,True
eegmmidb,S002,data/eegmmidb/S002/S002R04.edf,4,13,52.0,motor_imagery,T2,ds005284,3,0.9999999999988702,-45.578795551648696,True
eegmmidb,S002,data/eegmmidb/S002/S002R04.edf,4,14,56.0,motor_imagery,T0,ds005284,2,0.8280584866646827,-85.40876406398026,True
eegmmidb,S002,data/eegmmidb/S002/S002R04.edf,4,15,60.0,motor_imagery,T1,ds005284,3,1.0,-55.891727304822666,True
eegmmidb,S002,data/eegmmidb/S002/S002R04.edf,4,16,64.0,motor_imagery,T0,ds005284,3,0.9999999999993321,-39.81877208857609,True
eegmmidb,S002,data/eegmmidb/S002/S002R04.edf,4,17,68.0,motor_imagery,T2,ds005284,3,0.987237568238763,-76.80994582941608,True
eegmmidb,S002,data/eegmmidb/S002/S002R04.edf,4,18,72.0,motor_imagery,T0,ds005284,3,1.0,-39.723472013794236,True
eegmmidb,S002,data/eegmmidb/S002/S002R04.edf,4,19,76.0,motor_imagery,T1,ds005284,2,0.9999999999999858,-37.459210505326595,True
eegmmidb,S002,data/eegmmidb/S002/S002R04.edf,4,20,80.0,motor_imagery,T0,ds005284,3,0.9999993299576004,-68.99329300863361,True
eegmmidb,S002,data/eegmmidb/S002/S002R04.edf,4,21,84.0,motor_imagery,T0,ds005284,3,1.0,-35.437450535422236,True
eegmmidb,S002,data/eegmmidb/S002/S002R04.edf,4,22,88.0,motor_imagery,T2,ds005284,3,1.0,-41.70631091247233,True
eegmmidb,S002,data/eegmmidb/S002/S002R04.edf,4,23,92.0,motor_imagery,T0,ds005284,3,1.0,-40.68733091671527,True
eegmmidb,S002,data/eegmmidb/S002/S002R04.edf,4,24,96.0,motor_imagery,T1,ds005284,3,1.0,-35.680222926871174,True
eegmmidb,S002,data/eegmmidb/S002/S002R04.edf,4,25,100.0,motor_imagery,T0,ds005284,2,1.0,-42.55596770397862,True
eegmmidb,S002,data/eegmmidb/S002/S002R04.edf,4,26,104.0,motor_imagery,T2,ds005284,3,1.0,-44.27308267375466,True
eegmmidb,S002,data/eegmmidb/S002/S002R04.edf,4,27,108.0,motor_imagery,T0,ds005284,3,1.0,-41.97751088162279,True
eegmmidb,S002,data/eegmmidb/S002/S002R04.edf,4,28,112.0,motor_imagery,T1,ds005284,3,0.5769898419400444,-42.50485369009155,True
eegmmidb,S002,data/eegmmidb/S002/S002R04.edf,4,29,116.0,motor_imagery,T0,ds005284,2,0.9999690654156457,-71.54929017398115,True
eegmmidb,S002,data/eegmmidb/S002/S002R07.edf,4,0,0.0,motor_execution,T0,ds005284,3,0.9999999999999432,-92.26309690758235,True
eegmmidb,S002,data/eegmmidb/S002/S002R07.edf,4,1,4.0,motor_execution,T2,ds005284,2,0.9931966462040297,-36.978696763197576,True
eegmmidb,S002,data/eegmmidb/S002/S002R07.edf,4,2,8.0,motor_execution,T0,ds005284,2,0.9809147413752058,-34.15146624460668,True
eegmmidb,S002,data/eegmmidb/S002/S002R07.edf,4,3,12.0,motor_execution,T1,ds005284,2,0.9999999999999858,-32.71826481064267,False
eegmmidb,S002,data/eegmmidb/S002/S002R07.edf,4,4,16.0,motor_execution,T0,ds005284,3,0.9999999826474381,-33.76668391695781,False
eegmmidb,S002,data/eegmmidb/S002/S002R07.edf,4,5,20.0,motor_execution,T2,ds005284,2,0.9881564914902549,-31.31124904333859,False
eegmmidb,S002,data/eegmmidb/S002/S002R07.edf,4,6,24.0,motor_execution,T0,ds005284,2,0.9998842437554091,-28.665922561902537,False
eegmmidb,S002,data/eegmmidb/S002/S002R07.edf,4,7,28.0,motor_execution,T1,ds005284,3,1.0,-52.655019870319734,True
eegmmidb,S002,data/eegmmidb/S002/S002R07.edf,4,8,32.0,motor_execution,T0,ds005284,3,0.9999988180923672,-39.2141311085131,True
eegmmidb,S002,data/eegmmidb/S002/S002R07.edf,4,9,36.0,motor_execution,T2,ds005284,2,0.5363393921424018,-30.539306526762797,True
eegmmidb,S002,data/eegmmidb/S002/S002R07.edf,4,10,40.0,motor_execution,T0,ds005284,3,0.9889815232791387,-59.16695876731262,True
eegmmidb,S002,data/eegmmidb/S002/S002R07.edf,4,11,44.0,motor_execution,T1,ds005284,0,0.9587779239219546,-28.3290506078242,False
eegmmidb,S002,data/eegmmidb/S002/S002R07.edf,4,12,48.0,motor_execution,T0,ds005284,2,0.9626851465188141,-32.87833891964094,False
eegmmidb,S002,data/eegmmidb/S002/S002R07.edf,4,13,52.0,motor_execution,T1,ds005284,3,0.9999598886938549,-52.343308544234816,True
eegmmidb,S002,data/eegmmidb/S002/S002R07.edf,4,14,56.0,motor_execution,T0,ds005284,3,0.9999999029961988,-43.36085187013629,True
eegmmidb,S002,data/eegmmidb/S002/S002R07.edf,4,15,60.0,motor_execution,T2,ds005284,3,0.9999999937861901,-40.0408776746291,True
eegmmidb,S002,data/eegmmidb/S002/S002R07.edf,4,16,64.0,motor_execution,T0,ds005284,3,0.999999999999929,-62.85336402057197,True
eegmmidb,S002,data/eegmmidb/S002/S002R07.edf,4,17,68.0,motor_execution,T1,ds005284,3,0.9999999999957723,-34.31961710995734,True
eegmmidb,S002,data/eegmmidb/S002/S002R07.edf,4,18,72.0,motor_execution,T0,ds005284,3,0.9999999999999503,-36.6611112715483,True
eegmmidb,S002,data/eegmmidb/S002/S002R07.edf,4,19,76.0,motor_execution,T2,ds005284,2,0.6062350911367792,-36.70888135412192,True
eegmmidb,S002,data/eegmmidb/S002/S002R07.edf,4,20,80.0,motor_execution,T0,ds005284,2,0.9999999999999005,-38.99244079080246,True
eegmmidb,S002,data/eegmmidb/S002/S002R07.edf,4,21,84.0,motor_execution,T0,ds005284,3,0.650377165846081,-32.20010305659881,False
eegmmidb,S002,data/eegmmidb/S002/S002R07.edf,4,22,88.0,motor_execution,T1,ds005284,2,0.9999999190657501,-26.92472865846189,False
eegmmidb,S002,data/eegmmidb/S002/S002R07.edf,4,23,92.0,motor_execution,T0,ds005284,3,0.9999992500694758,-37.47220029902151,True
eegmmidb,S002,data/eegmmidb/S002/S002R07.edf,4,24,96.0,motor_execution,T2,ds005284,2,1.0,-74.27555756511794,True
eegmmidb,S002,data/eegmmidb/S002/S002R07.edf,4,25,100.0,motor_execution,T0,ds005284,3,0.9999399528378635,-72.06824611128104,True
eegmmidb,S002,data/eegmmidb/S002/S002R07.edf,4,26,104.0,motor_execution,T2,ds005284,3,1.0,-71.0592579750525,True
eegmmidb,S002,data/eegmmidb/S002/S002R07.edf,4,27,108.0,motor_execution,T0,ds005284,3,0.9998666827866998,-47.33032915748938,True
eegmmidb,S002,data/eegmmidb/S002/S002R07.edf,4,28,112.0,motor_execution,T1,ds005284,2,0.9999998779144622,-36.58154703700068,True
eegmmidb,S002,data/eegmmidb/S002/S002R07.edf,4,29,116.0,motor_execution,T0,ds005284,2,1.0,-54.69713885134011,True
eegmmidb,S002,data/eegmmidb/S002/S002R08.edf,4,0,0.0,motor_imagery,T0,ds005284,2,0.9939914567881206,-97.47491498773233,True
eegmmidb,S002,data/eegmmidb/S002/S002R08.edf,4,1,4.0,motor_imagery,T1,ds005284,3,0.9999999970114786,-39.19744913920133,True
eegmmidb,S002,data/eegmmidb/S002/S002R08.edf,4,2,8.0,motor_imagery,T0,ds005284,3,0.9999999999997229,-53.245158378687,True
eegmmidb,S002,data/eegmmidb/S002/S002R08.edf,4,3,12.0,motor_imagery,T2,ds005284,3,0.9999999999998721,-44.57037782081621,True
eegmmidb,S002,data/eegmmidb/S002/S002R08.edf,4,4,16.0,motor_imagery,T0,ds005284,3,1.0,-48.226336107968386,True
eegmmidb,S002,data/eegmmidb/S002/S002R08.edf,4,5,20.0,motor_imagery,T2,ds005284,3,1.0,-38.35783801996787,True
eegmmidb,S002,data/eegmmidb/S002/S002R08.edf,4,6,24.0,motor_imagery,T0,ds005284,3,0.9999999999775682,-37.16930177763696,True
eegmmidb,S002,data/eegmmidb/S002/S002R08.edf,4,7,28.0,motor_imagery,T1,ds005284,3,1.0,-47.97750819366941,True
eegmmidb,S002,data/eegmmidb/S002/S002R08.edf,4,8,32.0,motor_imagery,T0,ds005284,3,0.9999999999879776,-32.50574957757114,False
eegmmidb,S002,data/eegmmidb/S002/S002R08.edf,4,9,36.0,motor_imagery,T2,ds005284,3,1.0,-49.57475477127174,True
eegmmidb,S002,data/eegmmidb/S002/S002R08.edf,4,10,40.0,motor_imagery,T0,ds005284,2,0.9999997143131675,-39.304504180810135,True
eegmmidb,S002,data/eegmmidb/S002/S002R08.edf,4,11,44.0,motor_imagery,T1,ds005284,3,0.9999999999999858,-46.55887201230011,True
eegmmidb,S002,data/eegmmidb/S002/S002R08.edf,4,12,48.0,motor_imagery,T0,ds005284,3,1.0,-62.33379284948353,True
eegmmidb,S002,data/eegmmidb/S002/S002R08.edf,4,13,52.0,motor_imagery,T2,ds005284,3,1.0,-45.97398192963743,True
eegmmidb,S002,data/eegmmidb/S002/S002R08.edf,4,14,56.0,motor_imagery,T0,ds005284,3,1.0,-46.56824415406023,True
eegmmidb,S002,data/eegmmidb/S002/S002R08.edf,4,15,60.0,motor_imagery,T1,ds005284,3,1.0,-46.904141683205005,True
eegmmidb,S002,data/eegmmidb/S002/S002R08.edf,4,16,64.0,motor_imagery,T0,ds005284,3,0.999999999688626,-51.00177585930327,True
eegmmidb,S002,data/eegmmidb/S002/S002R08.edf,4,17,68.0,motor_imagery,T2,ds005284,3,0.9999999999999645,-36.9900460578314,True
eegmmidb,S002,data/eegmmidb/S002/S002R08.edf,4,18,72.0,motor_imagery,T0,ds005284,3,0.9999999999940954,-45.60817382070156,True
eegmmidb,S002,data/eegmmidb/S002/S002R08.edf,4,19,76.0,motor_imagery,T1,ds005284,3,1.0,-42.26174149175029,True
eegmmidb,S002,data/eegmmidb/S002/S002R08.edf,4,20,80.0,motor_imagery,T0,ds005284,3,1.0,-48.80808130884105,True
eegmmidb,S002,data/eegmmidb/S002/S002R08.edf,4,21,84.0,motor_imagery,T0,ds005284,0,1.0,-68.08953088036569,True
eegmmidb,S002,data/eegmmidb/S002/S002R08.edf,4,22,88.0,motor_imagery,T2,ds005284,3,1.0,-25.071032483373806,False
eegmmidb,S002,data/eegmmidb/S002/S002R08.edf,4,23,92.0,motor_imagery,T0,ds005284,3,1.0,-58.91412015677909,True
eegmmidb,S002,data/eegmmidb/S002/S002R08.edf,4,24,96.0,motor_imagery,T1,ds005284,3,1.0,-36.52662111115439,True
eegmmidb,S002,data/eegmmidb/S002/S002R08.edf,4,25,100.0,motor_imagery,T0,ds005284,3,0.9999999221150832,-38.431624877962776,True
eegmmidb,S002,data/eegmmidb/S002/S002R08.edf,4,26,104.0,motor_imagery,T1,ds005284,3,1.0,-40.01090521398294,True
eegmmidb,S002,data/eegmmidb/S002/S002R08.edf,4,27,108.0,motor_imagery,T0,ds005284,3,1.0,-42.96920388074011,True
eegmmidb,S002,data/eegmmidb/S002/S002R08.edf,4,28,112.0,motor_imagery,T2,ds005284,3,1.0,-32.50508144695392,False
eegmmidb,S002,data/eegmmidb/S002/S002R08.edf,4,29,116.0,motor_imagery,T0,ds005284,3,0.9999999999755147,-62.4706279224154,True
eegmmidb,S002,data/eegmmidb/S002/S002R11.edf,4,0,0.0,motor_execution,T0,ds005284,3,1.0,-34.255566111521006,True
eegmmidb,S002,data/eegmmidb/S002/S002R11.edf,4,1,4.0,motor_execution,T2,ds005284,3,0.9761315098922179,-29.18268557800729,False
eegmmidb,S002,data/eegmmidb/S002/S002R11.edf,4,2,8.0,motor_execution,T0,ds005284,3,0.9999999999999929,-51.51466871625828,True
eegmmidb,S002,data/eegmmidb/S002/S002R11.edf,4,3,12.0,motor_execution,T1,ds005284,3,0.9999968296390469,-30.533177588733302,False
eegmmidb,S002,data/eegmmidb/S002/S002R11.edf,4,4,16.0,motor_execution,T0,ds005284,3,0.9999999999973568,-68.65792977391061,True
eegmmidb,S002,data/eegmmidb/S002/S002R11.edf,4,5,20.0,motor_execution,T1,ds005284,3,0.9999999999999503,-46.663778271573584,True
eegmmidb,S002,data/eegmmidb/S002/S002R11.edf,4,6,24.0,motor_execution,T0,ds005284,3,1.0,-49.90134592350033,True
eegmmidb,S002,data/eegmmidb/S002/S002R11.edf,4,7,28.0,motor_execution,T2,ds005284,3,1.0,-40.962933033280564,True
eegmmidb,S002,data/eegmmidb/S002/S002R11.edf,4,8,32.0,motor_execution,T0,ds005284,3,0.9968580667443061,-42.840120765170035,True
eegmmidb,S002,data/eegmmidb/S002/S002R11.edf,4,9,36.0,motor_execution,T1,ds005284,2,0.9992084101208609,-37.43159940905784,True
eegmmidb,S002,data/eegmmidb/S002/S002R11.edf,4,10,40.0,motor_execution,T0,ds005284,2,0.99999776036622,-33.887934122364754,False
eegmmidb,S002,data/eegmmidb/S002/S002R11.edf,4,11,44.0,motor_execution,T2,ds005284,2,0.8424141924931052,-33.04481520248705,False
eegmmidb,S002,data/eegmmidb/S002/S002R11.edf,4,12,48.0,motor_execution,T0,ds005284,3,1.0,-49.42093288582193,True
eegmmidb,S002,data/eegmmidb/S002/S002R11.edf,4,13,52.0,motor_execution,T2,ds005284,2,0.9999999999999503,-44.85693516573868,True
eegmmidb,S002,data/eegmmidb/S002/S002R11.edf,4,14,56.0,motor_execution,T0,ds005284,3,0.9999994076430503,-34.99390242181198,True
eegmmidb,S002,data/eegmmidb/S002/S002R11.edf,4,15,60.0,motor_execution,T1,ds005284,3,1.0,-38.82456405825974,True
eegmmidb,S002,data/eegmmidb/S002/S002R11.edf,4,16,64.0,motor_execution,T0,ds005284,3,0.9932787040220139,-42.048471756491566,True
eegmmidb,S002,data/eegmmidb/S002/S002R11.edf,4,17,68.0,motor_execution,T1,ds005284,2,0.9910893292041958,-41.164210270132855,True
eegmmidb,S002,data/eegmmidb/S002/S002R11.edf,4,18,72.0,motor_execution,T0,ds005284,3,0.9387089029551198,-54.769189443854444,True
eegmmidb,S002,data/eegmmidb/S002/S002R11.edf,4,19,76.0,motor_execution,T2,ds005284,3,1.0,-45.24806308057071,True
eegmmidb,S002,data/eegmmidb/S002/S002R11.edf,4,20,80.0,motor_execution,T0,ds005284,2,0.9995274346824082,-46.7773905983319,True
eegmmidb,S002,data/eegmmidb/S002/S002R11.edf,4,21,84.0,motor_execution,T0,ds005284,3,0.9999999861422567,-66.14263961058163,True
eegmmidb,S002,data/eegmmidb/S002/S002R11.edf,4,22,88.0,motor_execution,T1,ds005284,2,1.0,-169.41243047148086,True
eegmmidb,S002,data/eegmmidb/S002/S002R11.edf,4,23,92.0,motor_execution,T0,ds005284,3,0.9999999998551203,-73.15444084807136,True
eegmmidb,S002,data/eegmmidb/S002/S002R11.edf,4,24,96.0,motor_execution,T2,ds005284,2,1.0,-75.2902670043429,True
eegmmidb,S002,data/eegmmidb/S002/S002R11.edf,4,25,100.0,motor_execution,T0,ds005284,3,0.9999991213557374,-45.16268201916285,True
eegmmidb,S002,data/eegmmidb/S002/S002R11.edf,4,26,104.0,motor_execution,T2,ds005284,3,0.6706125481687066,-68.08587936242496,True
eegmmidb,S002,data/eegmmidb/S002/S002R11.edf,4,27,108.0,motor_execution,T0,ds005284,3,1.0,-42.53544983404956,True
eegmmidb,S002,data/eegmmidb/S002/S002R11.edf,4,28,112.0,motor_execution,T1,ds005284,2,1.0,-168.89616865131464,True
eegmmidb,S002,data/eegmmidb/S002/S002R11.edf,4,29,116.0,motor_execution,T0,ds005284,3,1.0,-48.51385901795628,True
eegmmidb,S002,data/eegmmidb/S002/S002R12.edf,4,0,0.0,motor_imagery,T0,ds005284,3,0.649713016172209,-65.52883280788544,True
eegmmidb,S002,data/eegmmidb/S002/S002R12.edf,4,1,4.0,motor_imagery,T1,ds005284,3,0.9999999999999716,-55.081939598691804,True
eegmmidb,S002,data/eegmmidb/S002/S002R12.edf,4,2,8.0,motor_imagery,T0,ds005284,3,1.0,-43.09664881577104,True
eegmmidb,S002,data/eegmmidb/S002/S002R12.edf,4,3,12.0,motor_imagery,T2,ds005284,3,0.999384429270702,-85.76630962441456,True
eegmmidb,S002,data/eegmmidb/S002/S002R12.edf,4,4,16.0,motor_imagery,T0,ds005284,3,1.0,-43.63126822524366,True
eegmmidb,S002,data/eegmmidb/S002/S002R12.edf,4,5,20.0,motor_imagery,T2,ds005284,3,0.9999999999999716,-40.33156824801824,True
eegmmidb,S002,data/eegmmidb/S002/S002R12.edf,4,6,24.0,motor_imagery,T0,ds005284,3,1.0,-44.984637602503184,True
eegmmidb,S002,data/eegmmidb/S002/S002R12.edf,4,7,28.0,motor_imagery,T1,ds005284,3,1.0,-40.94961064807056,True
eegmmidb,S002,data/eegmmidb/S002/S002R12.edf,4,8,32.0,motor_imagery,T0,ds005284,3,0.9999776933295914,-59.04384287712473,True
eegmmidb,S002,data/eegmmidb/S002/S002R12.edf,4,9,36.0,motor_imagery,T2,ds005284,3,0.9999999998605631,-43.70076304565547,True
eegmmidb,S002,data/eegmmidb/S002/S002R12.edf,4,10,40.0,motor_imagery,T0,ds005284,3,0.9999999999986571,-46.27209836015036,True
eegmmidb,S002,data/eegmmidb/S002/S002R12.edf,4,11,44.0,motor_imagery,T1,ds005284,3,1.0,-29.42260868979463,False
eegmmidb,S002,data/eegmmidb/S002/S002R12.edf,4,12,48.0,motor_imagery,T0,ds005284,3,0.9999999999986358,-73.20356870118944,True
eegmmidb,S002,data/eegmmidb/S002/S002R12.edf,4,13,52.0,motor_imagery,T1,ds005284,3,1.0,-43.06884832815851,True
eegmmidb,S002,data/eegmmidb/S002/S002R12.edf,4,14,56.0,motor_imagery,T0,ds005284,2,0.9999999999265938,-40.07577545527057,True
eegmmidb,S002,data/eegmmidb/S002/S002R12.edf,4,15,60.0,motor_imagery,T2,ds005284,2,1.0,-115.24493680044458,True
eegmmidb,S002,data/eegmmidb/S002/S002R12.edf,4,16,64.0,motor_imagery,T0,ds005284,3,1.0,-39.20281596381204,True
eegmmidb,S002,data/eegmmidb/S002/S002R12.edf,4,17,68.0,motor_imagery,T2,ds005284,3,0.9999984747350773,-86.62042704176643,True
eegmmidb,S002,data/eegmmidb/S002/S002R12.edf,4,18,72.0,motor_imagery,T0,ds005284,2,0.9999984734568698,-42.22814615554946,True
eegmmidb,S002,data/eegmmidb/S002/S002R12.edf,4,19,76.0,motor_imagery,T1,ds005284,3,0.9999999987053627,-57.7735850078417,True
eegmmidb,S002,data/eegmmidb/S002/S002R12.edf,4,20,80.0,motor_imagery,T0,ds005284,3,1.0,-50.31798698945008,True
eegmmidb,S002,data/eegmmidb/S002/S002R12.edf,4,21,84.0,motor_imagery,T0,ds005284,2,1.0,-127.72979845672606,True
eegmmidb,S002,data/eegmmidb/S002/S002R12.edf,4,22,88.0,motor_imagery,T2,ds005284,2,0.9999999999702425,-72.80101292101682,True
eegmmidb,S002,data/eegmmidb/S002/S002R12.edf,4,23,92.0,motor_imagery,T0,ds005284,3,1.0,-80.13126118169559,True
eegmmidb,S002,data/eegmmidb/S002/S002R12.edf,4,24,96.0,motor_imagery,T1,ds005284,3,0.9981309510585274,-41.50187274004096,True
eegmmidb,S002,data/eegmmidb/S002/S002R12.edf,4,25,100.0,motor_imagery,T0,ds005284,3,1.0,-38.47971551545075,True
eegmmidb,S002,data/eegmmidb/S002/S002R12.edf,4,26,104.0,motor_imagery,T1,ds005284,2,0.9999995273853821,-36.57750286837162,True
eegmmidb,S002,data/eegmmidb/S002/S002R12.edf,4,27,108.0,motor_imagery,T0,ds005284,3,0.9999999998853468,-51.85331325353104,True
eegmmidb,S002,data/eegmmidb/S002/S002R12.edf,4,28,112.0,motor_imagery,T2,ds005284,3,0.9999846990977995,-65.23826182578647,True
eegmmidb,S002,data/eegmmidb/S002/S002R12.edf,4,29,116.0,motor_imagery,T0,ds005284,3,0.9999999999975984,-67.72757079661487,True
eegmmidb,S003,data/eegmmidb/S003/S003R01.edf,4,0,0.0,eyes_open_rest,T0,ds005284,0,1.0,-56.854698813482926,True
eegmmidb,S003,data/eegmmidb/S003/S003R01.edf,4,1,4.0,eyes_open_rest,T0,ds005284,0,1.0,-55.178163144392954,True
eegmmidb,S003,data/eegmmidb/S003/S003R01.edf,4,2,8.0,eyes_open_rest,T0,ds005284,0,1.0,-58.41966735356942,True
eegmmidb,S003,data/eegmmidb/S003/S003R01.edf,4,3,12.0,eyes_open_rest,T0,ds005284,0,1.0,-64.73301335864959,True
eegmmidb,S003,data/eegmmidb/S003/S003R01.edf,4,4,16.0,eyes_open_rest,T0,ds005284,0,1.0,-64.04362641215695,True
eegmmidb,S003,data/eegmmidb/S003/S003R01.edf,4,5,20.0,eyes_open_rest,T0,ds005284,0,1.0,-52.655683359452894,True
eegmmidb,S003,data/eegmmidb/S003/S003R01.edf,4,6,24.0,eyes_open_rest,T0,ds005284,2,0.9219573729084016,-87.6252431430797,True
eegmmidb,S003,data/eegmmidb/S003/S003R01.edf,4,7,28.0,eyes_open_rest,T0,ds005284,0,1.0,-52.00856868220414,True
eegmmidb,S003,data/eegmmidb/S003/S003R01.edf,4,8,32.0,eyes_open_rest,T0,ds005284,0,1.0,-54.66464936512685,True
eegmmidb,S003,data/eegmmidb/S003/S003R01.edf,4,9,36.0,eyes_open_rest,T0,ds005284,0,1.0,-61.879759162558116,True
eegmmidb,S003,data/eegmmidb/S003/S003R01.edf,4,10,40.0,eyes_open_rest,T0,ds005284,0,1.0,-81.20176867619503,True
eegmmidb,S003,data/eegmmidb/S003/S003R01.edf,4,11,44.0,eyes_open_rest,T0,ds005284,0,0.9999999998386926,-55.40416418895158,True
eegmmidb,S003,data/eegmmidb/S003/S003R01.edf,4,12,48.0,eyes_open_rest,T0,ds005284,0,1.0,-51.84932816262693,True
eegmmidb,S003,data/eegmmidb/S003/S003R01.edf,4,13,52.0,eyes_open_rest,T0,ds005284,0,1.0,-53.682668114440304,True
eegmmidb,S003,data/eegmmidb/S003/S003R01.edf,4,14,56.0,eyes_open_rest,T0,ds005284,0,1.0,-44.98457479282163,True
eegmmidb,S003,data/eegmmidb/S003/S003R02.edf,4,0,0.0,eyes_closed_rest,T0,ds005284,0,1.0,-171.96008300277052,True
eegmmidb,S003,data/eegmmidb/S003/S003R02.edf,4,1,4.0,eyes_closed_rest,T0,ds005284,0,1.0,-119.43162381375933,True
eegmmidb,S003,data/eegmmidb/S003/S003R02.edf,4,2,8.0,eyes_closed_rest,T0,ds005284,0,1.0,-123.05667839037943,True
eegmmidb,S003,data/eegmmidb/S003/S003R02.edf,4,3,12.0,eyes_closed_rest,T0,ds005284,0,1.0,-132.14866447004854,True
eegmmidb,S003,data/eegmmidb/S003/S003R02.edf,4,4,16.0,eyes_closed_rest,T0,ds005284,0,1.0,-134.4176626937587,True
eegmmidb,S003,data/eegmmidb/S003/S003R02.edf,4,5,20.0,eyes_closed_rest,T0,ds005284,0,1.0,-97.04106772041429,True
eegmmidb,S003,data/eegmmidb/S003/S003R02.edf,4,6,24.0,eyes_closed_rest,T0,ds005284,0,1.0,-156.03537567934566,True
eegmmidb,S003,data/eegmmidb/S003/S003R02.edf,4,7,28.0,eyes_closed_rest,T0,ds005284,0,1.0,-170.914621775784,True
eegmmidb,S003,data/eegmmidb/S003/S003R02.edf,4,8,32.0,eyes_closed_rest,T0,ds005284,0,1.0,-168.94932558249744,True
eegmmidb,S003,data/eegmmidb/S003/S003R02.edf,4,9,36.0,eyes_closed_rest,T0,ds005284,0,1.0,-100.44918852275818,True
eegmmidb,S003,data/eegmmidb/S003/S003R02.edf,4,10,40.0,eyes_closed_rest,T0,ds005284,2,0.9999993144154763,-56.19098961509417,True
eegmmidb,S003,data/eegmmidb/S003/S003R02.edf,4,11,44.0,eyes_closed_rest,T0,ds005284,2,0.9993898617903249,-63.61217216637761,True
eegmmidb,S003,data/eegmmidb/S003/S003R02.edf,4,12,48.0,eyes_closed_rest,T0,ds005284,0,1.0,-117.28159503713466,True
eegmmidb,S003,data/eegmmidb/S003/S003R02.edf,4,13,52.0,eyes_closed_rest,T0,ds005284,0,1.0,-128.30867082399507,True
eegmmidb,S003,data/eegmmidb/S003/S003R02.edf,4,14,56.0,eyes_closed_rest,T0,ds005284,0,1.0,-168.16748706042446,True
eegmmidb,S003,data/eegmmidb/S003/S003R03.edf,4,0,0.0,motor_execution,T0,ds005284,0,0.9999999999964686,-43.328271881426936,True
eegmmidb,S003,data/eegmmidb/S003/S003R03.edf,4,1,4.0,motor_execution,T2,ds005284,0,0.5453427106324453,-58.7223018154891,True
eegmmidb,S003,data/eegmmidb/S003/S003R03.edf,4,2,8.0,motor_execution,T0,ds005284,0,1.0,-38.048139897604614,True
eegmmidb,S003,data/eegmmidb/S003/S003R03.edf,4,3,12.0,motor_execution,T1,ds005284,0,0.9999825424610778,-43.49705168710489,True
eegmmidb,S003,data/eegmmidb/S003/S003R03.edf,4,4,16.0,motor_execution,T0,ds005284,0,0.9999999999999645,-40.82558858056699,True
eegmmidb,S003,data/eegmmidb/S003/S003R03.edf,4,5,20.0,motor_execution,T2,ds005284,2,0.99999999999973,-57.93658400944174,True
eegmmidb,S003,data/eegmmidb/S003/S003R03.edf,4,6,24.0,motor_execution,T0,ds005284,0,0.9999999999994742,-45.09036474254823,True
eegmmidb,S003,data/eegmmidb/S003/S003R03.edf,4,7,28.0,motor_execution,T1,ds005284,0,0.9999778204160228,-45.760973262178204,True
eegmmidb,S003,data/eegmmidb/S003/S003R03.edf,4,8,32.0,motor_execution,T0,ds005284,0,0.99999999999892,-46.00792791834067,True
eegmmidb,S003,data/eegmmidb/S003/S003R03.edf,4,9,36.0,motor_execution,T1,ds005284,2,0.9999347373379426,-55.55031168422693,True
eegmmidb,S003,data/eegmmidb/S003/S003R03.edf,4,10,40.0,motor_execution,T0,ds005284,0,0.9999999996595363,-43.24833887975251,True
eegmmidb,S003,data/eegmmidb/S003/S003R03.edf,4,11,44.0,motor_execution,T2,ds005284,2,0.7536564757963863,-65.03225136402061,True
eegmmidb,S003,data/eegmmidb/S003/S003R03.edf,4,12,48.0,motor_execution,T0,ds005284,0,0.9999999999869047,-48.233208946025165,True
eegmmidb,S003,data/eegmmidb/S003/S003R03.edf,4,13,52.0,motor_execution,T2,ds005284,0,0.999999825710007,-51.90747995102328,True
eegmmidb,S003,data/eegmmidb/S003/S003R03.edf,4,14,56.0,motor_execution,T2,ds005284,0,1.0,-58.72040941098925,True
eegmmidb,S003,data/eegmmidb/S003/S003R03.edf,4,15,60.0,motor_execution,T0,ds005284,0,0.9999999654981556,-58.232791606346275,True
eegmmidb,S003,data/eegmmidb/S003/S003R03.edf,4,16,64.0,motor_execution,T1,ds005284,2,0.9998751596065523,-73.96815318473135,True
eegmmidb,S003,data/eegmmidb/S003/S003R03.edf,4,17,68.0,motor_execution,T0,ds005284,0,0.9999999999904645,-57.707028763497945,True
eegmmidb,S003,data/eegmmidb/S003/S003R03.edf,4,18,72.0,motor_execution,T1,ds005284,0,0.9999999999814193,-48.37512630216636,True
eegmmidb,S003,data/eegmmidb/S003/S003R03.edf,4,19,76.0,motor_execution,T0,ds005284,0,0.9999999230931452,-46.30433172256855,True
eegmmidb,S003,data/eegmmidb/S003/S003R03.edf,4,20,80.0,motor_execution,T2,ds005284,2,1.0,-69.97824621934367,True
eegmmidb,S003,data/eegmmidb/S003/S003R03.edf,4,21,84.0,motor_execution,T0,ds005284,2,0.9999999980298213,-67.43507856317275,True
eegmmidb,S003,data/eegmmidb/S003/S003R03.edf,4,22,88.0,motor_execution,T1,ds005284,2,0.9999999999999929,-63.484175423436156,True
eegmmidb,S003,data/eegmmidb/S003/S003R03.edf,4,23,92.0,motor_execution,T0,ds005284,2,1.0,-84.48833032808871,True
eegmmidb,S003,data/eegmmidb/S003/S003R03.edf,4,24,96.0,motor_execution,T2,ds005284,0,0.9999999983817247,-50.757286278999075,True
eegmmidb,S003,data/eegmmidb/S003/S003R03.edf,4,25,100.0,motor_execution,T0,ds005284,2,0.6442254009815379,-68.00009868751286,True
eegmmidb,S003,data/eegmmidb/S003/S003R03.edf,4,26,104.0,motor_execution,T2,ds005284,0,1.0,-50.05257953856491,True
eegmmidb,S003,data/eegmmidb/S003/S003R03.edf,4,27,108.0,motor_execution,T0,ds005284,0,0.7705572162749376,-51.13776868227537,True
eegmmidb,S003,data/eegmmidb/S003/S003R03.edf,4,28,112.0,motor_execution,T1,ds005284,2,0.9980154458666014,-70.5251741066348,True
eegmmidb,S003,data/eegmmidb/S003/S003R03.edf,4,29,116.0,motor_execution,T0,ds005284,0,0.9999999999945857,-57.475399155030445,True
eegmmidb,S003,data/eegmmidb/S003/S003R03.edf,4,30,120.0,motor_execution,T2,ds005284,0,0.9999997192687825,-90.24336849984543,True
eegmmidb,S003,data/eegmmidb/S003/S003R04.edf,4,0,0.0,motor_imagery,T0,ds005284,2,1.0,-66.1014863963375,True
eegmmidb,S003,data/eegmmidb/S003/S003R04.edf,4,1,4.0,motor_imagery,T2,ds005284,2,1.0,-74.02183821090654,True
eegmmidb,S003,data/eegmmidb/S003/S003R04.edf,4,2,8.0,motor_imagery,T0,ds005284,2,1.0,-58.122673697896396,True
eegmmidb,S003,data/eegmmidb/S003/S003R04.edf,4,3,12.0,motor_imagery,T1,ds005284,2,1.0,-68.36774253044258,True
eegmmidb,S003,data/eegmmidb/S003/S003R04.edf,4,4,16.0,motor_imagery,T0,ds005284,2,1.0,-74.04199142564336,True
eegmmidb,S003,data/eegmmidb/S003/S003R04.edf,4,5,20.0,motor_imagery,T2,ds005284,2,1.0,-75.17095408748368,True
eegmmidb,S003,data/eegmmidb/S003/S003R04.edf,4,6,24.0,motor_imagery,T0,ds005284,2,1.0,-72.57555446482154,True
eegmmidb,S003,data/eegmmidb/S003/S003R04.edf,4,7,28.0,motor_imagery,T1,ds005284,2,1.0,-97.0494412517216,True
eegmmidb,S003,data/eegmmidb/S003/S003R04.edf,4,8,32.0,motor_imagery,T0,ds005284,2,1.0,-66.78531732413629,True
eegmmidb,S003,data/eegmmidb/S003/S003R04.edf,4,9,36.0,motor_imagery,T2,ds005284,2,1.0,-64.94545525283803,True
eegmmidb,S003,data/eegmmidb/S003/S003R04.edf,4,10,40.0,motor_imagery,T0,ds005284,2,1.0,-65.4123224514421,True
eegmmidb,S003,data/eegmmidb/S003/S003R04.edf,4,11,44.0,motor_imagery,T1,ds005284,2,1.0,-60.66807906608992,True
eegmmidb,S003,data/eegmmidb/S003/S003R04.edf,4,12,48.0,motor_imagery,T0,ds005284,2,1.0,-65.80659347823854,True
eegmmidb,S003,data/eegmmidb/S003/S003R04.edf,4,13,52.0,motor_imagery,T1,ds005284,0,0.5292930046537198,-69.04351795720555,True
eegmmidb,S003,data/eegmmidb/S003/S003R04.edf,4,14,56.0,motor_imagery,T1,ds005284,2,1.0,-51.7963133869185,True
eegmmidb,S003,data/eegmmidb/S003/S003R04.edf,4,15,60.0,motor_imagery,T0,ds005284,2,1.0,-65.9367659100229,True
eegmmidb,S003,data/eegmmidb/S003/S003R04.edf,4,16,64.0,motor_imagery,T2,ds005284,2,0.999999981551973,-57.73307820043705,True
eegmmidb,S003,data/eegmmidb/S003/S003R04.edf,4,17,68.0,motor_imagery,T0,ds005284,2,0.9999963072842601,-66.54533096595019,True
eegmmidb,S003,data/eegmmidb/S003/S003R04.edf,4,18,72.0,motor_imagery,T1,ds005284,2,1.0,-64.58254059121415,True
eegmmidb,S003,data/eegmmidb/S003/S003R04.edf,4,19,76.0,motor_imagery,T0,ds005284,2,0.8997885807611453,-57.75020352069888,True
eegmmidb,S003,data/eegmmidb/S003/S003R04.edf,4,20,80.0,motor_imagery,T2,ds005284,0,0.6509817136908634,-70.7603432108814,True
eegmmidb,S003,data/eegmmidb/S003/S003R04.edf,4,21,84.0,motor_imagery,T0,ds005284,2,1.0,-79.10679032805231,True
eegmmidb,S003,data/eegmmidb/S003/S003R04.edf,4,22,88.0,motor_imagery,T1,ds005284,2,1.0,-63.97375082869251,True
eegmmidb,S003,data/eegmmidb/S003/S003R04.edf,4,23,92.0,motor_imagery,T0,ds005284,2,0.9999999991575663,-58.552582613610404,True
eegmmidb,S003,data/eegmmidb/S003/S003R04.edf,4,24,96.0,motor_imagery,T2,ds005284,2,0.9999999999859028,-115.2018406753367,True
eegmmidb,S003,data/eegmmidb/S003/S003R04.edf,4,25,100.0,motor_imagery,T0,ds005284,2,1.0,-60.760500205396475,True
eegmmidb,S003,data/eegmmidb/S003/S003R04.edf,4,26,104.0,motor_imagery,T2,ds005284,0,0.9999987321279854,-78.31133724133993,True
eegmmidb,S003,data/eegmmidb/S003/S003R07.edf,4,0,0.0,motor_execution,T0,ds005284,0,1.0,-80.96629438051875,True
eegmmidb,S003,data/eegmmidb/S003/S003R07.edf,4,1,4.0,motor_execution,T1,ds005284,0,1.0,-68.7955875252551,True
eegmmidb,S003,data/eegmmidb/S003/S003R07.edf,4,2,8.0,motor_execution,T0,ds005284,0,1.0,-73.40793356964053,True
eegmmidb,S003,data/eegmmidb/S003/S003R07.edf,4,3,12.0,motor_execution,T2,ds005284,0,1.0,-71.80337805336845,True
eegmmidb,S003,data/eegmmidb/S003/S003R07.edf,4,4,16.0,motor_execution,T0,ds005284,0,1.0,-70.25534449284683,True
eegmmidb,S003,data/eegmmidb/S003/S003R07.edf,4,5,20.0,motor_execution,T1,ds005284,0,1.0,-68.67681415701892,True
eegmmidb,S003,data/eegmmidb/S003/S003R07.edf,4,6,24.0,motor_execution,T0,ds005284,0,1.0,-53.111564377030504,True
eegmmidb,S003,data/eegmmidb/S003/S003R07.edf,4,7,28.0,motor_execution,T2,ds005284,0,1.0,-64.74243913444899,True
eegmmidb,S003,data/eegmmidb/S003/S003R07.edf,4,8,32.0,motor_execution,T0,ds005284,0,1.0,-64.32019019246337,True
eegmmidb,S003,data/eegmmidb/S003/S003R07.edf,4,9,36.0,motor_execution,T1,ds005284,0,1.0,-58.84315272137334,True
eegmmidb,S003,data/eegmmidb/S003/S003R07.edf,4,10,40.0,motor_execution,T0,ds005284,0,1.0,-57.13479279225129,True
eegmmidb,S003,data/eegmmidb/S003/S003R07.edf,4,11,44.0,motor_execution,T2,ds005284,0,1.0,-48.630185521951674,True
eegmmidb,S003,data/eegmmidb/S003/S003R07.edf,4,12,48.0,motor_execution,T0,ds005284,0,1.0,-58.2895843903561,True
eegmmidb,S003,data/eegmmidb/S003/S003R07.edf,4,13,52.0,motor_execution,T2,ds005284,0,1.0,-51.353440299995356,True
eegmmidb,S003,data/eegmmidb/S003/S003R07.edf,4,14,56.0,motor_execution,T2,ds005284,0,1.0,-59.65399813031773,True
eegmmidb,S003,data/eegmmidb/S003/S003R07.edf,4,15,60.0,motor_execution,T0,ds005284,0,1.0,-54.175197462103085,True
eegmmidb,S003,data/eegmmidb/S003/S003R07.edf,4,16,64.0,motor_execution,T1,ds005284,0,1.0,-60.666946948115594,True
eegmmidb,S003,data/eegmmidb/S003/S003R07.edf,4,17,68.0,motor_execution,T0,ds005284,0,1.0,-57.521798631993676,True
eegmmidb,S003,data/eegmmidb/S003/S003R07.edf,4,18,72.0,motor_execution,T1,ds005284,0,1.0,-42.53474613138741,True
eegmmidb,S003,data/eegmmidb/S003/S003R07.edf,4,19,76.0,motor_execution,T0,ds005284,0,1.0,-60.70931733780344,True
eegmmidb,S003,data/eegmmidb/S003/S003R07.edf,4,20,80.0,motor_execution,T2,ds005284,0,1.0,-57.145289927690925,True
eegmmidb,S003,data/eegmmidb/S003/S003R07.edf,4,21,84.0,motor_execution,T0,ds005284,0,1.0,-68.07343452893889,True
eegmmidb,S003,data/eegmmidb/S003/S003R07.edf,4,22,88.0,motor_execution,T2,ds005284,0,1.0,-49.636931697983925,True
eegmmidb,S003,data/eegmmidb/S003/S003R07.edf,4,23,92.0,motor_execution,T0,ds005284,0,1.0,-51.398583761544074,True
eegmmidb,S003,data/eegmmidb/S003/S003R07.edf,4,24,96.0,motor_execution,T1,ds005284,0,1.0,-43.88157800939611,True
eegmmidb,S003,data/eegmmidb/S003/S003R07.edf,4,25,100.0,motor_execution,T0,ds005284,0,1.0,-56.97981492804226,True
eegmmidb,S003,data/eegmmidb/S003/S003R07.edf,4,26,104.0,motor_execution,T2,ds005284,0,0.9999999999800053,-41.438160511658396,True
eegmmidb,S003,data/eegmmidb/S003/S003R07.edf,4,27,108.0,motor_execution,T0,ds005284,0,1.0,-48.58186418319984,True
eegmmidb,S003,data/eegmmidb/S003/S003R07.edf,4,28,112.0,motor_execution,T1,ds005284,0,1.0,-41.62559493471272,True
eegmmidb,S003,data/eegmmidb/S003/S003R07.edf,4,29,116.0,motor_execution,T0,ds005284,0,1.0,-54.31488949212168,True
eegmmidb,S003,data/eegmmidb/S003/S003R07.edf,4,30,120.0,motor_execution,T1,ds005284,0,1.0,-53.466575640061976,True
eegmmidb,S003,data/eegmmidb/S003/S003R08.edf,4,0,0.0,motor_imagery,T0,ds005284,0,1.0,-78.56602434091727,True
eegmmidb,S003,data/eegmmidb/S003/S003R08.edf,4,1,4.0,motor_imagery,T1,ds005284,0,0.9999999993255386,-44.680081980487415,True
eegmmidb,S003,data/eegmmidb/S003/S003R08.edf,4,2,8.0,motor_imagery,T0,ds005284,0,1.0,-61.76428324135105,True
eegmmidb,S003,data/eegmmidb/S003/S003R08.edf,4,3,12.0,motor_imagery,T2,ds005284,0,1.0,-65.80536605719738,True
eegmmidb,S003,data/eegmmidb/S003/S003R08.edf,4,4,16.0,motor_imagery,T0,ds005284,0,1.0,-54.355545295884525,True
eegmmidb,S003,data/eegmmidb/S003/S003R08.edf,4,5,20.0,motor_imagery,T1,ds005284,0,1.0,-53.20535823019519,True
eegmmidb,S003,data/eegmmidb/S003/S003R08.edf,4,6,24.0,motor_imagery,T0,ds005284,0,1.0,-60.957258305154724,True
eegmmidb,S003,data/eegmmidb/S003/S003R08.edf,4,7,28.0,motor_imagery,T2,ds005284,0,1.0,-62.44403447191037,True
eegmmidb,S003,data/eegmmidb/S003/S003R08.edf,4,8,32.0,motor_imagery,T0,ds005284,0,1.0,-49.33978462429019,True
eegmmidb,S003,data/eegmmidb/S003/S003R08.edf,4,9,36.0,motor_imagery,T2,ds005284,0,1.0,-49.24747147520041,True
eegmmidb,S003,data/eegmmidb/S003/S003R08.edf,4,10,40.0,motor_imagery,T0,ds005284,0,1.0,-71.70137424226581,True
eegmmidb,S003,data/eegmmidb/S003/S003R08.edf,4,11,44.0,motor_imagery,T1,ds005284,0,1.0,-53.14469837371723,True
eegmmidb,S003,data/eegmmidb/S003/S003R08.edf,4,12,48.0,motor_imagery,T0,ds005284,0,1.0,-45.928932475550454,True
eegmmidb,S003,data/eegmmidb/S003/S003R08.edf,4,13,52.0,motor_imagery,T1,ds005284,0,1.0,-61.20341834936124,True
eegmmidb,S003,data/eegmmidb/S003/S003R08.edf,4,14,56.0,motor_imagery,T1,ds005284,0,1.0,-57.18091636522824,True
eegmmidb,S003,data/eegmmidb/S003/S003R08.edf,4,15,60.0,motor_imagery,T0,ds005284,0,1.0,-45.60999650145682,True
eegmmidb,S003,data/eegmmidb/S003/S003R08.edf,4,16,64.0,motor_imagery,T2,ds005284,0,1.0,-61.58539310791504,True
eegmmidb,S003,data/eegmmidb/S003/S003R08.edf,4,17,68.0,motor_imagery,T0,ds005284,0,1.0,-60.182919686686645,True
eegmmidb,S003,data/eegmmidb/S003/S003R08.edf,4,18,72.0,motor_imagery,T2,ds005284,0,1.0,-41.96341732378828,True
eegmmidb,S003,data/eegmmidb/S003/S003R08.edf,4,19,76.0,motor_imagery,T0,ds005284,0,1.0,-50.390595780463585,True
eegmmidb,S003,data/eegmmidb/S003/S003R08.edf,4,20,80.0,motor_imagery,T1,ds005284,0,0.9999999999999929,-38.10668049435764,True
eegmmidb,S003,data/eegmmidb/S003/S003R08.edf,4,21,84.0,motor_imagery,T0,ds005284,0,1.0,-62.66235304210015,True
eegmmidb,S003,data/eegmmidb/S003/S003R08.edf,4,22,88.0,motor_imagery,T1,ds005284,0,1.0,-42.90566869806261,True
eegmmidb,S003,data/eegmmidb/S003/S003R08.edf,4,23,92.0,motor_imagery,T0,ds005284,0,1.0,-40.246109784815715,True
eegmmidb,S003,data/eegmmidb/S003/S003R08.edf,4,24,96.0,motor_imagery,T2,ds005284,0,1.0,-58.70307163456812,True
eegmmidb,S003,data/eegmmidb/S003/S003R08.edf,4,25,100.0,motor_imagery,T0,ds005284,0,1.0,-49.22949285696983,True
eegmmidb,S003,data/eegmmidb/S003/S003R08.edf,4,26,104.0,motor_imagery,T2,ds005284,0,1.0,-58.97977781975379,True
eegmmidb,S003,data/eegmmidb/S003/S003R08.edf,4,27,108.0,motor_imagery,T0,ds005284,0,1.0,-46.837518890807345,True
eegmmidb,S003,data/eegmmidb/S003/S003R08.edf,4,28,112.0,motor_imagery,T1,ds005284,0,1.0,-43.14048630302811,True
eegmmidb,S003,data/eegmmidb/S003/S003R08.edf,4,29,116.0,motor_imagery,T0,ds005284,0,1.0,-43.29954460025522,True
eegmmidb,S003,data/eegmmidb/S003/S003R08.edf,4,30,120.0,motor_imagery,T2,ds005284,0,0.9999999999991687,-42.452230057101836,True
eegmmidb,S003,data/eegmmidb/S003/S003R11.edf,4,0,0.0,motor_execution,T0,ds005284,0,1.0,-81.47169082940421,True
eegmmidb,S003,data/eegmmidb/S003/S003R11.edf,4,1,4.0,motor_execution,T1,ds005284,0,1.0,-60.14667664954909,True
eegmmidb,S003,data/eegmmidb/S003/S003R11.edf,4,2,8.0,motor_execution,T0,ds005284,0,1.0,-78.1217657801469,True
eegmmidb,S003,data/eegmmidb/S003/S003R11.edf,4,3,12.0,motor_execution,T2,ds005284,0,1.0,-56.188335390865234,True
eegmmidb,S003,data/eegmmidb/S003/S003R11.edf,4,4,16.0,motor_execution,T0,ds005284,0,1.0,-74.12405128666045,True
eegmmidb,S003,data/eegmmidb/S003/S003R11.edf,4,5,20.0,motor_execution,T1,ds005284,0,1.0,-57.611561612710574,True
eegmmidb,S003,data/eegmmidb/S003/S003R11.edf,4,6,24.0,motor_execution,T0,ds005284,0,1.0,-74.61204843971275,True
eegmmidb,S003,data/eegmmidb/S003/S003R11.edf,4,7,28.0,motor_execution,T2,ds005284,0,1.0,-49.39595581203932,True
eegmmidb,S003,data/eegmmidb/S003/S003R11.edf,4,8,32.0,motor_execution,T0,ds005284,0,1.0,-63.84790118550406,True
eegmmidb,S003,data/eegmmidb/S003/S003R11.edf,4,9,36.0,motor_execution,T2,ds005284,0,1.0,-47.76916711555367,True
eegmmidb,S003,data/eegmmidb/S003/S003R11.edf,4,10,40.0,motor_execution,T0,ds005284,0,1.0,-57.1754084844403,True
eegmmidb,S003,data/eegmmidb/S003/S003R11.edf,4,11,44.0,motor_execution,T1,ds005284,0,1.0,-38.666805824854166,True
eegmmidb,S003,data/eegmmidb/S003/S003R11.edf,4,12,48.0,motor_execution,T0,ds005284,0,1.0,-36.73734565484942,True
eegmmidb,S003,data/eegmmidb/S003/S003R11.edf,4,13,52.0,motor_execution,T2,ds005284,0,1.0,-45.85982340820193,True
eegmmidb,S003,data/eegmmidb/S003/S003R11.edf,4,14,56.0,motor_execution,T2,ds005284,0,1.0,-69.48559823026169,True
eegmmidb,S003,data/eegmmidb/S003/S003R11.edf,4,15,60.0,motor_execution,T0,ds005284,0,1.0,-51.158057093903125,True
eegmmidb,S003,data/eegmmidb/S003/S003R11.edf,4,16,64.0,motor_execution,T1,ds005284,0,1.0,-43.81549015913336,True
eegmmidb,S003,data/eegmmidb/S003/S003R11.edf,4,17,68.0,motor_execution,T0,ds005284,0,1.0,-54.52004609651958,True
eegmmidb,S003,data/eegmmidb/S003/S003R11.edf,4,18,72.0,motor_execution,T1,ds005284,0,1.0,-55.6142414469447,True
eegmmidb,S003,data/eegmmidb/S003/S003R11.edf,4,19,76.0,motor_execution,T0,ds005284,0,1.0,-51.04193104784473,True
eegmmidb,S003,data/eegmmidb/S003/S003R11.edf,4,20,80.0,motor_execution,T2,ds005284,0,0.9999999999999858,-59.10208027076406,True
eegmmidb,S003,data/eegmmidb/S003/S003R11.edf,4,21,84.0,motor_execution,T0,ds005284,0,1.0,-55.793765664378526,True
eegmmidb,S003,data/eegmmidb/S003/S003R11.edf,4,22,88.0,motor_execution,T1,ds005284,0,1.0,-60.203026595500305,True
eegmmidb,S003,data/eegmmidb/S003/S003R11.edf,4,23,92.0,motor_execution,T0,ds005284,0,1.0,-59.79295655871306,True
eegmmidb,S003,data/eegmmidb/S003/S003R11.edf,4,24,96.0,motor_execution,T2,ds005284,0,1.0,-52.97778911393044,True
eegmmidb,S003,data/eegmmidb/S003/S003R11.edf,4,25,100.0,motor_execution,T0,ds005284,0,1.0,-59.14321900819223,True
eegmmidb,S003,data/eegmmidb/S003/S003R11.edf,4,26,104.0,motor_execution,T1,ds005284,0,1.0,-48.745340356284984,True
eegmmidb,S003,data/eegmmidb/S003/S003R11.edf,4,27,108.0,motor_execution,T0,ds005284,0,1.0,-44.64064156601387,True
eegmmidb,S003,data/eegmmidb/S003/S003R11.edf,4,28,112.0,motor_execution,T2,ds005284,0,1.0,-48.23637263814909,True
eegmmidb,S003,data/eegmmidb/S003/S003R11.edf,4,29,116.0,motor_execution,T0,ds005284,0,1.0,-41.74667449091058,True
eegmmidb,S003,data/eegmmidb/S003/S003R11.edf,4,30,120.0,motor_execution,T2,ds005284,0,0.999999999974527,-36.53480995742212,True
eegmmidb,S003,data/eegmmidb/S003/S003R12.edf,4,0,0.0,motor_imagery,T0,ds005284,0,1.0,-57.28676806731971,True
eegmmidb,S003,data/eegmmidb/S003/S003R12.edf,4,1,4.0,motor_imagery,T2,ds005284,0,1.0,-42.35212118898143,True
eegmmidb,S003,data/eegmmidb/S003/S003R12.edf,4,2,8.0,motor_imagery,T0,ds005284,0,1.0,-52.0604802489721,True
eegmmidb,S003,data/eegmmidb/S003/S003R12.edf,4,3,12.0,motor_imagery,T1,ds005284,0,1.0,-49.43913976789773,True
eegmmidb,S003,data/eegmmidb/S003/S003R12.edf,4,4,16.0,motor_imagery,T0,ds005284,0,1.0,-45.514259752460916,True
eegmmidb,S003,data/eegmmidb/S003/S003R12.edf,4,5,20.0,motor_imagery,T2,ds005284,0,1.0,-49.65137431376901,True
eegmmidb,S003,data/eegmmidb/S003/S003R12.edf,4,6,24.0,motor_imagery,T0,ds005284,0,1.0,-43.34876305541914,True
eegmmidb,S003,data/eegmmidb/S003/S003R12.edf,4,7,28.0,motor_imagery,T1,ds005284,0,0.9999999999999929,-49.81158958340611,True
eegmmidb,S003,data/eegmmidb/S003/S003R12.edf,4,8,32.0,motor_imagery,T0,ds005284,0,0.9999998042925262,-54.08657368108063,True
eegmmidb,S003,data/eegmmidb/S003/S003R12.edf,4,9,36.0,motor_imagery,T1,ds005284,0,0.9999999999999858,-50.04357107667154,True
eegmmidb,S003,data/eegmmidb/S003/S003R12.edf,4,10,40.0,motor_imagery,T0,ds005284,0,1.0,-55.98870933906454,True
eegmmidb,S003,data/eegmmidb/S003/S003R12.edf,4,11,44.0,motor_imagery,T2,ds005284,0,0.9999999993389821,-45.83639221114376,True
eegmmidb,S003,data/eegmmidb/S003/S003R12.edf,4,12,48.0,motor_imagery,T0,ds005284,0,0.9999999998625242,-62.28468999652172,True
eegmmidb,S003,data/eegmmidb/S003/S003R12.edf,4,13,52.0,motor_imagery,T1,ds005284,0,0.9996641948563576,-66.88606802671629,True
eegmmidb,S003,data/eegmmidb/S003/S003R12.edf,4,14,56.0,motor_imagery,T1,ds005284,0,0.9999996320229949,-57.27782545357055,True
eegmmidb,S003,data/eegmmidb/S003/S003R12.edf,4,15,60.0,motor_imagery,T0,ds005284,0,0.9999999716653679,-59.16194208893044,True
eegmmidb,S003,data/eegmmidb/S003/S003R12.edf,4,16,64.0,motor_imagery,T2,ds005284,0,0.9999999336036489,-60.0233587489532,True
eegmmidb,S003,data/eegmmidb/S003/S003R12.edf,4,17,68.0,motor_imagery,T0,ds005284,0,0.9999999999349072,-51.99531692484202,True
eegmmidb,S003,data/eegmmidb/S003/S003R12.edf,4,18,72.0,motor_imagery,T2,ds005284,2,0.9957115292332425,-50.74556258626117,True
eegmmidb,S003,data/eegmmidb/S003/S003R12.edf,4,19,76.0,motor_imagery,T0,ds005284,0,0.9999999988228296,-74.26292943945522,True
eegmmidb,S003,data/eegmmidb/S003/S003R12.edf,4,20,80.0,motor_imagery,T1,ds005284,2,0.9957051417728366,-62.22654793235375,True
eegmmidb,S003,data/eegmmidb/S003/S003R12.edf,4,21,84.0,motor_imagery,T0,ds005284,2,0.9999959885259129,-77.97644530957842,True
eegmmidb,S003,data/eegmmidb/S003/S003R12.edf,4,22,88.0,motor_imagery,T1,ds005284,2,1.0,-78.07634836158354,True
eegmmidb,S003,data/eegmmidb/S003/S003R12.edf,4,23,92.0,motor_imagery,T0,ds005284,2,1.0,-60.26092375045214,True
eegmmidb,S003,data/eegmmidb/S003/S003R12.edf,4,24,96.0,motor_imagery,T2,ds005284,2,0.8772482249165388,-93.37898924506253,True
eegmmidb,S003,data/eegmmidb/S003/S003R12.edf,4,25,100.0,motor_imagery,T0,ds005284,0,0.9998190718068649,-73.12933904061126,True
eegmmidb,S003,data/eegmmidb/S003/S003R12.edf,4,26,104.0,motor_imagery,T1,ds005284,2,1.0,-66.29361537175754,True
eegmmidb,S003,data/eegmmidb/S003/S003R12.edf,4,27,108.0,motor_imagery,T0,ds005284,0,0.9999999998297682,-61.01197568586451,True
eegmmidb,S003,data/eegmmidb/S003/S003R12.edf,4,28,112.0,motor_imagery,T2,ds005284,2,0.9999999999904787,-76.16164796604782,True
eegmmidb,S003,data/eegmmidb/S003/S003R12.edf,4,29,116.0,motor_imagery,T0,ds005284,0,0.9999999753469669,-64.65345788528948,True
eegmmidb,S003,data/eegmmidb/S003/S003R12.edf,4,30,120.0,motor_imagery,T1,ds005284,0,1.0,-50.074458877398044,True
eegmmidb,S004,data/eegmmidb/S004/S004R01.edf,4,0,0.0,eyes_open_rest,T0,ds005284,2,1.0,-45.933917441242734,True
eegmmidb,S004,data/eegmmidb/S004/S004R01.edf,4,1,4.0,eyes_open_rest,T0,ds005284,2,1.0,-46.45190329146303,True
eegmmidb,S004,data/eegmmidb/S004/S004R01.edf,4,2,8.0,eyes_open_rest,T0,ds005284,2,1.0,-57.64015668553301,True
eegmmidb,S004,data/eegmmidb/S004/S004R01.edf,4,3,12.0,eyes_open_rest,T0,ds005284,2,1.0,-46.55498327222994,True
eegmmidb,S004,data/eegmmidb/S004/S004R01.edf,4,4,16.0,eyes_open_rest,T0,ds005284,2,1.0,-52.042499308338506,True
eegmmidb,S004,data/eegmmidb/S004/S004R01.edf,4,5,20.0,eyes_open_rest,T0,ds005284,2,0.9999997848932711,-71.02114373286965,True
eegmmidb,S004,data/eegmmidb/S004/S004R01.edf,4,6,24.0,eyes_open_rest,T0,ds005284,2,1.0,-56.30222982245258,True
eegmmidb,S004,data/eegmmidb/S004/S004R01.edf,4,7,28.0,eyes_open_rest,T0,ds005284,0,0.9999999999999964,-22.62706125160498,False
eegmmidb,S004,data/eegmmidb/S004/S004R01.edf,4,8,32.0,eyes_open_rest,T0,ds005284,0,0.9999999999790425,-31.386687728877153,False
eegmmidb,S004,data/eegmmidb/S004/S004R01.edf,4,9,36.0,eyes_open_rest,T0,ds005284,0,0.9999999992261195,-37.526583246327405,True
eegmmidb,S004,data/eegmmidb/S004/S004R01.edf,4,10,40.0,eyes_open_rest,T0,ds005284,2,0.9999999999999858,-65.7855448978636,True
eegmmidb,S004,data/eegmmidb/S004/S004R01.edf,4,11,44.0,eyes_open_rest,T0,ds005284,2,1.0,-66.37713913404046,True
eegmmidb,S004,data/eegmmidb/S004/S004R01.edf,4,12,48.0,eyes_open_rest,T0,ds005284,2,1.0,-74.73496731238785,True
eegmmidb,S004,data/eegmmidb/S004/S004R01.edf,4,13,52.0,eyes_open_rest,T0,ds005284,0,0.9999999999999964,-31.397309977221045,False
eegmmidb,S004,data/eegmmidb/S004/S004R01.edf,4,14,56.0,eyes_open_rest,T0,ds005284,2,1.0,-70.59402827232056,True
eegmmidb,S004,data/eegmmidb/S004/S004R02.edf,4,0,0.0,eyes_closed_rest,T0,ds005284,3,1.0,-58.43717364364689,True
eegmmidb,S004,data/eegmmidb/S004/S004R02.edf,4,1,4.0,eyes_closed_rest,T0,ds005284,3,1.0,-38.71066764459414,True
eegmmidb,S004,data/eegmmidb/S004/S004R02.edf,4,2,8.0,eyes_closed_rest,T0,ds005284,3,1.0,-43.441400808897285,True
eegmmidb,S004,data/eegmmidb/S004/S004R02.edf,4,3,12.0,eyes_closed_rest,T0,ds005284,3,1.0,-56.3746109278776,True
eegmmidb,S004,data/eegmmidb/S004/S004R02.edf,4,4,16.0,eyes_closed_rest,T0,ds005284,3,1.0,-38.96314195426042,True
eegmmidb,S004,data/eegmmidb/S004/S004R02.edf,4,5,20.0,eyes_closed_rest,T0,ds005284,3,1.0,-43.44079166511831,True
eegmmidb,S004,data/eegmmidb/S004/S004R02.edf,4,6,24.0,eyes_closed_rest,T0,ds005284,3,1.0,-42.22363309662194,True
eegmmidb,S004,data/eegmmidb/S004/S004R02.edf,4,7,28.0,eyes_closed_rest,T0,ds005284,3,1.0,-32.191516235555056,False
eegmmidb,S004,data/eegmmidb/S004/S004R02.edf,4,8,32.0,eyes_closed_rest,T0,ds005284,3,1.0,-45.97242989489453,True
eegmmidb,S004,data/eegmmidb/S004/S004R02.edf,4,9,36.0,eyes_closed_rest,T0,ds005284,3,1.0,-37.98712841787787,True
eegmmidb,S004,data/eegmmidb/S004/S004R02.edf,4,10,40.0,eyes_closed_rest,T0,ds005284,3,1.0,-43.37767276149481,True
eegmmidb,S004,data/eegmmidb/S004/S004R02.edf,4,11,44.0,eyes_closed_rest,T0,ds005284,3,1.0,-40.22712086676739,True
eegmmidb,S004,data/eegmmidb/S004/S004R02.edf,4,12,48.0,eyes_closed_rest,T0,ds005284,3,1.0,-31.311346072635956,False
eegmmidb,S004,data/eegmmidb/S004/S004R02.edf,4,13,52.0,eyes_closed_rest,T0,ds005284,3,1.0,-42.58282460738091,True
eegmmidb,S004,data/eegmmidb/S004/S004R02.edf,4,14,56.0,eyes_closed_rest,T0,ds005284,3,1.0,-46.372931438181965,True
eegmmidb,S004,data/eegmmidb/S004/S004R03.edf,4,0,0.0,motor_execution,T0,ds005284,0,1.0,-32.25425156587383,False
eegmmidb,S004,data/eegmmidb/S004/S004R03.edf,4,1,4.0,motor_execution,T2,ds005284,2,1.0,-49.22128048205418,True
eegmmidb,S004,data/eegmmidb/S004/S004R03.edf,4,2,8.0,motor_execution,T0,ds005284,0,0.9999999999945288,-38.37955115819909,True
eegmmidb,S004,data/eegmmidb/S004/S004R03.edf,4,3,12.0,motor_execution,T1,ds005284,2,1.0,-56.19680531568846,True
eegmmidb,S004,data/eegmmidb/S004/S004R03.edf,4,4,16.0,motor_execution,T0,ds005284,0,0.9999999999809432,-32.8887581734695,False
eegmmidb,S004,data/eegmmidb/S004/S004R03.edf,4,5,20.0,motor_execution,T2,ds005284,2,1.0,-45.62564091382047,True
eegmmidb,S004,data/eegmmidb/S004/S004R03.edf,4,6,24.0,motor_execution,T0,ds005284,0,0.9999999999999716,-26.749121888292606,False
eegmmidb,S004,data/eegmmidb/S004/S004R03.edf,4,7,28.0,motor_execution,T1,ds005284,2,0.9999980733210536,-32.998318055369396,False
eegmmidb,S004,data/eegmmidb/S004/S004R03.edf,4,8,32.0,motor_execution,T0,ds005284,0,1.0,-25.291218035051216,False
eegmmidb,S004,data/eegmmidb/S004/S004R03.edf,4,9,36.0,motor_execution,T1,ds005284,2,0.9999999997122799,-36.30269261805004,True
eegmmidb,S004,data/eegmmidb/S004/S004R03.edf,4,10,40.0,motor_execution,T0,ds005284,0,0.9999999999999858,-19.68981154082932,False
eegmmidb,S004,data/eegmmidb/S004/S004R03.edf,4,11,44.0,motor_execution,T2,ds005284,2,0.9896888799542012,-42.91550824518744,True
eegmmidb,S004,data/eegmmidb/S004/S004R03.edf,4,12,48.0,motor_execution,T0,ds005284,0,0.9980987917289309,-23.932590372480437,False
eegmmidb,S004,data/eegmmidb/S004/S004R03.edf,4,13,52.0,motor_execution,T1,ds005284,2,0.944880971376927,-39.32440767939818,True
eegmmidb,S004,data/eegmmidb/S004/S004R03.edf,4,14,56.0,motor_execution,T0,ds005284,2,1.0,-36.84465480002821,True
eegmmidb,S004,data/eegmmidb/S004/S004R03.edf,4,15,60.0,motor_execution,T2,ds005284,2,0.9999978762025236,-39.727485716429854,True
eegmmidb,S004,data/eegmmidb/S004/S004R03.edf,4,16,64.0,motor_execution,T0,ds005284,0,0.9999999999999893,-21.02545323138426,False
eegmmidb,S004,data/eegmmidb/S004/S004R03.edf,4,17,68.0,motor_execution,T2,ds005284,3,0.8891524473630391,-35.69610542091545,True
eegmmidb,S004,data/eegmmidb/S004/S004R03.edf,4,18,72.0,motor_execution,T0,ds005284,2,0.998408481269687,-23.867087199445702,False
eegmmidb,S004,data/eegmmidb/S004/S004R03.edf,4,19,76.0,motor_execution,T1,ds005284,0,0.8353477293711272,-26.238022468957457,False
eegmmidb,S004,data/eegmmidb/S004/S004R03.edf,4,20,80.0,motor_execution,T0,ds005284,0,0.999999999998959,-18.758826008736282,False
eegmmidb,S004,data/eegmmidb/S004/S004R03.edf,4,21,84.0,motor_execution,T0,ds005284,0,0.9999999999410427,-16.668596169274913,False
eegmmidb,S004,data/eegmmidb/S004/S004R03.edf,4,22,88.0,motor_execution,T2,ds005284,2,0.8118603115989087,-33.2930867216295,False
eegmmidb,S004,data/eegmmidb/S004/S004R03.edf,4,23,92.0,motor_execution,T0,ds005284,2,0.9956382542947951,-31.23911744717791,False
eegmmidb,S004,data/eegmmidb/S004/S004R03.edf,4,24,96.0,motor_execution,T1,ds005284,2,0.9999557035958703,-25.785570675658988,False
eegmmidb,S004,data/eegmmidb/S004/S004R03.edf,4,25,100.0,motor_execution,T0,ds005284,0,0.9999997226082151,-26.11915946693073,False
eegmmidb,S004,data/eegmmidb/S004/S004R03.edf,4,26,104.0,motor_execution,T2,ds005284,2,0.9999999999217692,-33.24268416503954,False
eegmmidb,S004,data/eegmmidb/S004/S004R03.edf,4,27,108.0,motor_execution,T0,ds005284,0,0.9997896489512194,-22.485479681847206,False
eegmmidb,S004,data/eegmmidb/S004/S004R03.edf,4,28,112.0,motor_execution,T1,ds005284,0,0.999999926824592,-23.84745202465631,False
eegmmidb,S004,data/eegmmidb/S004/S004R03.edf,4,29,116.0,motor_execution,T0,ds005284,2,0.9602174040602814,-25.9598738726523,False
eegmmidb,S004,data/eegmmidb/S004/S004R04.edf,4,0,0.0,motor_imagery,T0,ds005284,0,1.0,-22.438874077579527,False
eegmmidb,S004,data/eegmmidb/S004/S004R04.edf,4,1,4.0,motor_imagery,T1,ds005284,2,1.0,-46.30073696118664,True
eegmmidb,S004,data/eegmmidb/S004/S004R04.edf,4,2,8.0,motor_imagery,T0,ds005284,0,0.9988580562132393,-23.700349917727742,False
eegmmidb,S004,data/eegmmidb/S004/S004R04.edf,4,3,12.0,motor_imagery,T2,ds005284,2,1.0,-76.89182401340415,True
eegmmidb,S004,data/eegmmidb/S004/S004R04.edf,4,4,16.0,motor_imagery,T0,ds005284,0,0.9999740114998553,-28.924832229011937,False
eegmmidb,S004,data/eegmmidb/S004/S004R04.edf,4,5,20.0,motor_imagery,T1,ds005284,2,0.9999999995966888,-31.24437155604079,False
eegmmidb,S004,data/eegmmidb/S004/S004R04.edf,4,6,24.0,motor_imagery,T0,ds005284,0,1.0,-24.40038309658111,False
eegmmidb,S004,data/eegmmidb/S004/S004R04.edf,4,7,28.0,motor_imagery,T2,ds005284,2,1.0,-35.032403884500475,True
eegmmidb,S004,data/eegmmidb/S004/S004R04.edf,4,8,32.0,motor_imagery,T0,ds005284,0,0.9976503115353127,-29.967963160938297,False
eegmmidb,S004,data/eegmmidb/S004/S004R04.edf,4,9,36.0,motor_imagery,T1,ds005284,2,0.9999999999998153,-36.15930738894855,True
eegmmidb,S004,data/eegmmidb/S004/S004R04.edf,4,10,40.0,motor_imagery,T0,ds005284,0,0.9999999962595432,-23.040502519057693,False
eegmmidb,S004,data/eegmmidb/S004/S004R04.edf,4,11,44.0,motor_imagery,T2,ds005284,2,1.0,-40.15621750432246,True
eegmmidb,S004,data/eegmmidb/S004/S004R04.edf,4,12,48.0,motor_imagery,T0,ds005284,0,0.9999999822187499,-23.06137580622841,False
eegmmidb,S004,data/eegmmidb/S004/S004R04.edf,4,13,52.0,motor_imagery,T2,ds005284,0,0.9999999987357562,-21.446185793775424,False
eegmmidb,S004,data/eegmmidb/S004/S004R04.edf,4,14,56.0,motor_imagery,T0,ds005284,0,1.0,-27.385999140647314,False
eegmmidb,S004,data/eegmmidb/S004/S004R04.edf,4,15,60.0,motor_imagery,T1,ds005284,2,0.9999999999999929,-33.073406336144686,False
eegmmidb,S004,data/eegmmidb/S004/S004R04.edf,4,16,64.0,motor_imagery,T0,ds005284,0,0.9999999999877751,-24.88405829116145,False
eegmmidb,S004,data/eegmmidb/S004/S004R04.edf,4,17,68.0,motor_imagery,T2,ds005284,2,0.9999999999999574,-42.75775040673475,True
eegmmidb,S004,data/eegmmidb/S004/S004R04.edf,4,18,72.0,motor_imagery,T0,ds005284,2,0.9999914878424059,-32.88698415418842,False
eegmmidb,S004,data/eegmmidb/S004/S004R04.edf,4,19,76.0,motor_imagery,T1,ds005284,2,1.0,-38.85516855299051,True
eegmmidb,S004,data/eegmmidb/S004/S004R04.edf,4,20,80.0,motor_imagery,T0,ds005284,0,0.9961995388758659,-41.18298473287942,True
eegmmidb,S004,data/eegmmidb/S004/S004R04.edf,4,21,84.0,motor_imagery,T0,ds005284,0,0.9999999999997158,-26.59450093902607,False
eegmmidb,S004,data/eegmmidb/S004/S004R04.edf,4,22,88.0,motor_imagery,T1,ds005284,0,0.6630833276116983,-31.32397741105976,False
eegmmidb,S004,data/eegmmidb/S004/S004R04.edf,4,23,92.0,motor_imagery,T0,ds005284,2,1.0,-33.67259117042556,False
eegmmidb,S004,data/eegmmidb/S004/S004R04.edf,4,24,96.0,motor_imagery,T2,ds005284,0,0.9998484953504154,-36.13556063935296,True
eegmmidb,S004,data/eegmmidb/S004/S004R04.edf,4,25,100.0,motor_imagery,T0,ds005284,0,0.9999999999999929,-19.82808087797119,False
eegmmidb,S004,data/eegmmidb/S004/S004R04.edf,4,26,104.0,motor_imagery,T2,ds005284,2,0.9998073296537797,-32.365588774382495,False
eegmmidb,S004,data/eegmmidb/S004/S004R04.edf,4,27,108.0,motor_imagery,T0,ds005284,0,0.9999999999999964,-23.964888182471025,False
eegmmidb,S004,data/eegmmidb/S004/S004R04.edf,4,28,112.0,motor_imagery,T1,ds005284,2,1.0,-33.03834077454149,False
eegmmidb,S004,data/eegmmidb/S004/S004R04.edf,4,29,116.0,motor_imagery,T0,ds005284,0,0.9999999999704094,-23.321547668925117,False
eegmmidb,S004,data/eegmmidb/S004/S004R07.edf,4,0,0.0,motor_execution,T0,ds005284,0,1.0,-30.928553092210436,False
eegmmidb,S004,data/eegmmidb/S004/S004R07.edf,4,1,4.0,motor_execution,T2,ds005284,2,0.9999999979939815,-35.86566195039066,True
eegmmidb,S004,data/eegmmidb/S004/S004R07.edf,4,2,8.0,motor_execution,T0,ds005284,0,1.0,-29.943177503869705,False
eegmmidb,S004,data/eegmmidb/S004/S004R07.edf,4,3,12.0,motor_execution,T1,ds005284,2,0.9999999999999929,-37.0659167284799,True
eegmmidb,S004,data/eegmmidb/S004/S004R07.edf,4,4,16.0,motor_execution,T0,ds005284,0,0.9999999995807443,-22.76119136216949,False
eegmmidb,S004,data/eegmmidb/S004/S004R07.edf,4,5,20.0,motor_execution,T1,ds005284,2,0.9999999072281057,-36.031093263341496,True
eegmmidb,S004,data/eegmmidb/S004/S004R07.edf,4,6,24.0,motor_execution,T0,ds005284,0,0.9999999144976536,-23.315605620981906,False
eegmmidb,S004,data/eegmmidb/S004/S004R07.edf,4,7,28.0,motor_execution,T2,ds005284,2,0.9999999999998934,-26.30813122081898,False
eegmmidb,S004,data/eegmmidb/S004/S004R07.edf,4,8,32.0,motor_execution,T0,ds005284,0,0.9999997958444555,-18.689220425040094,False
eegmmidb,S004,data/eegmmidb/S004/S004R07.edf,4,9,36.0,motor_execution,T1,ds005284,2,0.9999947819413536,-44.51471675379547,True
eegmmidb,S004,data/eegmmidb/S004/S004R07.edf,4,10,40.0,motor_execution,T0,ds005284,0,1.0,-24.83332970604272,False
eegmmidb,S004,data/eegmmidb/S004/S004R07.edf,4,11,44.0,motor_execution,T2,ds005284,3,0.7319588592387923,-31.218573511745365,False
eegmmidb,S004,data/eegmmidb/S004/S004R07.edf,4,12,48.0,motor_execution,T0,ds005284,0,0.9999999999999929,-20.80610621585402,False
eegmmidb,S004,data/eegmmidb/S004/S004R07.edf,4,13,52.0,motor_execution,T2,ds005284,2,0.9988284868852425,-38.40268355766278,True
eegmmidb,S004,data/eegmmidb/S004/S004R07.edf,4,14,56.0,motor_execution,T0,ds005284,0,1.0,-27.738134907853023,False
eegmmidb,S004,data/eegmmidb/S004/S004R07.edf,4,15,60.0,motor_execution,T1,ds005284,2,0.9999999301506175,-38.098095769847866,True
eegmmidb,S004,data/eegmmidb/S004/S004R07.edf,4,16,64.0,motor_execution,T0,ds005284,0,1.0,-28.189980447228592,False
eegmmidb,S004,data/eegmmidb/S004/S004R07.edf,4,17,68.0,motor_execution,T2,ds005284,3,0.9999996544456693,-38.837093223378524,True
eegmmidb,S004,data/eegmmidb/S004/S004R07.edf,4,18,72.0,motor_execution,T0,ds005284,0,0.9999997416516968,-16.68576990496812,False
eegmmidb,S004,data/eegmmidb/S004/S004R07.edf,4,19,76.0,motor_execution,T1,ds005284,2,0.9999963693838194,-27.131026627143996,False
eegmmidb,S004,data/eegmmidb/S004/S004R07.edf,4,20,80.0,motor_execution,T0,ds005284,0,0.9999999953832841,-21.339896106527213,False
eegmmidb,S004,data/eegmmidb/S004/S004R07.edf,4,21,84.0,motor_execution,T0,ds005284,2,0.9961409872753177,-28.54544864901381,False
eegmmidb,S004,data/eegmmidb/S004/S004R07.edf,4,22,88.0,motor_execution,T1,ds005284,0,0.9999999999999432,-20.134974513903856,False
eegmmidb,S004,data/eegmmidb/S004/S004R07.edf,4,23,92.0,motor_execution,T0,ds005284,2,0.9988547675978543,-46.534042969284855,True
eegmmidb,S004,data/eegmmidb/S004/S004R07.edf,4,24,96.0,motor_execution,T2,ds005284,0,0.9999996663655205,-19.022234954645715,False
eegmmidb,S004,data/eegmmidb/S004/S004R07.edf,4,25,100.0,motor_execution,T0,ds005284,0,0.9999999999942197,-21.334610467592864,False
eegmmidb,S004,data/eegmmidb/S004/S004R07.edf,4,26,104.0,motor_execution,T2,ds005284,0,0.9999998506019563,-21.577687198257287,False
eegmmidb,S004,data/eegmmidb/S004/S004R07.edf,4,27,108.0,motor_execution,T0,ds005284,2,1.0,-36.650169790110034,True
eegmmidb,S004,data/eegmmidb/S004/S004R07.edf,4,28,112.0,motor_execution,T1,ds005284,0,0.9999976989662122,-17.40874759822677,False
eegmmidb,S004,data/eegmmidb/S004/S004R07.edf,4,29,116.0,motor_execution,T0,ds005284,2,0.9999999297402791,-43.45730076623216,True
eegmmidb,S004,data/eegmmidb/S004/S004R08.edf,4,0,0.0,motor_imagery,T0,ds005284,0,0.9999999999999787,-24.734542500664084,False
eegmmidb,S004,data/eegmmidb/S004/S004R08.edf,4,1,4.0,motor_imagery,T1,ds005284,2,1.0,-45.1881953925779,True
eegmmidb,S004,data/eegmmidb/S004/S004R08.edf,4,2,8.0,motor_imagery,T0,ds005284,0,1.0,-21.206791811822878,False
eegmmidb,S004,data/eegmmidb/S004/S004R08.edf,4,3,12.0,motor_imagery,T2,ds005284,2,1.0,-50.42297287617608,True
eegmmidb,S004,data/eegmmidb/S004/S004R08.edf,4,4,16.0,motor_imagery,T0,ds005284,0,1.0,-22.43423932895432,False
eegmmidb,S004,data/eegmmidb/S004/S004R08.edf,4,5,20.0,motor_imagery,T2,ds005284,2,0.9999999999999929,-35.48747332085765,True
eegmmidb,S004,data/eegmmidb/S004/S004R08.edf,4,6,24.0,motor_imagery,T0,ds005284,0,0.9999999998622897,-19.884988752036868,False
eegmmidb,S004,data/eegmmidb/S004/S004R08.edf,4,7,28.0,motor_imagery,T1,ds005284,2,1.0,-35.80310311351503,True
eegmmidb,S004,data/eegmmidb/S004/S004R08.edf,4,8,32.0,motor_imagery,T0,ds005284,0,0.9999999999983196,-20.622888761127786,False
eegmmidb,S004,data/eegmmidb/S004/S004R08.edf,4,9,36.0,motor_imagery,T2,ds005284,2,0.9998728001413045,-43.6568320863132,True
eegmmidb,S004,data/eegmmidb/S004/S004R08.edf,4,10,40.0,motor_imagery,T0,ds005284,0,0.9998762185495994,-22.57462807485008,False
eegmmidb,S004,data/eegmmidb/S004/S004R08.edf,4,11,44.0,motor_imagery,T1,ds005284,2,0.9999999999999929,-39.31196841691724,True
eegmmidb,S004,data/eegmmidb/S004/S004R08.edf,4,12,48.0,motor_imagery,T0,ds005284,0,0.9999961127793449,-21.87662973693522,False
eegmmidb,S004,data/eegmmidb/S004/S004R08.edf,4,13,52.0,motor_imagery,T1,ds005284,2,0.9666145802371403,-46.35074271938624,True
eegmmidb,S004,data/eegmmidb/S004/S004R08.edf,4,14,56.0,motor_imagery,T0,ds005284,0,0.9999999998258708,-17.23881893538188,False
eegmmidb,S004,data/eegmmidb/S004/S004R08.edf,4,15,60.0,motor_imagery,T2,ds005284,2,0.9999999999790532,-47.21104553605008,True
eegmmidb,S004,data/eegmmidb/S004/S004R08.edf,4,16,64.0,motor_imagery,T0,ds005284,0,0.9999999999999645,-19.629186248721034,False
eegmmidb,S004,data/eegmmidb/S004/S004R08.edf,4,17,68.0,motor_imagery,T1,ds005284,2,0.9999949562827419,-42.95114787270405,True
eegmmidb,S004,data/eegmmidb/S004/S004R08.edf,4,18,72.0,motor_imagery,T0,ds005284,2,0.9843261614596124,-29.218069557772587,False
eegmmidb,S004,data/eegmmidb/S004/S004R08.edf,4,19,76.0,motor_imagery,T2,ds005284,0,0.9999999999996696,-19.23087263056224,False
eegmmidb,S004,data/eegmmidb/S004/S004R08.edf,4,20,80.0,motor_imagery,T0,ds005284,0,0.9999109613317244,-21.36860967080603,False
eegmmidb,S004,data/eegmmidb/S004/S004R08.edf,4,21,84.0,motor_imagery,T0,ds005284,2,0.9999999983419094,-29.538085150942774,False
eegmmidb,S004,data/eegmmidb/S004/S004R08.edf,4,22,88.0,motor_imagery,T2,ds005284,2,0.7849866075088485,-34.57745336280089,True
eegmmidb,S004,data/eegmmidb/S004/S004R08.edf,4,23,92.0,motor_imagery,T0,ds005284,0,0.9999999563824185,-18.855852639260355,False
eegmmidb,S004,data/eegmmidb/S004/S004R08.edf,4,24,96.0,motor_imagery,T1,ds005284,2,0.9999999569218341,-30.392025514153275,False
eegmmidb,S004,data/eegmmidb/S004/S004R08.edf,4,25,100.0,motor_imagery,T0,ds005284,2,0.9999999999833662,-38.82410873042618,True
eegmmidb,S004,data/eegmmidb/S004/S004R08.edf,4,26,104.0,motor_imagery,T2,ds005284,0,0.9981798194183449,-31.00680670228603,False
eegmmidb,S004,data/eegmmidb/S004/S004R08.edf,4,27,108.0,motor_imagery,T0,ds005284,2,0.999999999999595,-52.108882728161085,True
eegmmidb,S004,data/eegmmidb/S004/S004R08.edf,4,28,112.0,motor_imagery,T1,ds005284,0,0.9999999593813812,-26.48945742616763,False
eegmmidb,S004,data/eegmmidb/S004/S004R08.edf,4,29,116.0,motor_imagery,T0,ds005284,0,0.9999898425759726,-20.723145523521836,False
eegmmidb,S004,data/eegmmidb/S004/S004R11.edf,4,0,0.0,motor_execution,T0,ds005284,0,0.9999999999941345,-21.80100377632507,False
eegmmidb,S004,data/eegmmidb/S004/S004R11.edf,4,1,4.0,motor_execution,T1,ds005284,2,0.9999955301326718,-34.947023613088504,True
eegmmidb,S004,data/eegmmidb/S004/S004R11.edf,4,2,8.0,motor_execution,T0,ds005284,0,1.0,-29.135466087077837,False
eegmmidb,S004,data/eegmmidb/S004/S004R11.edf,4,3,12.0,motor_execution,T2,ds005284,2,0.9999994653047971,-39.23989964902879,True
eegmmidb,S004,data/eegmmidb/S004/S004R11.edf,4,4,16.0,motor_execution,T0,ds005284,0,1.0,-36.20213603906197,True
eegmmidb,S004,data/eegmmidb/S004/S004R11.edf,4,5,20.0,motor_execution,T2,ds005284,2,0.9999767117139248,-26.933813187615016,False
eegmmidb,S004,data/eegmmidb/S004/S004R11.edf,4,6,24.0,motor_execution,T0,ds005284,0,0.9999999962814847,-17.34510360934113,False
eegmmidb,S004,data/eegmmidb/S004/S004R11.edf,4,7,28.0,motor_execution,T1,ds005284,3,0.8266964152960786,-26.289857705619948,False
eegmmidb,S004,data/eegmmidb/S004/S004R11.edf,4,8,32.0,motor_execution,T0,ds005284,0,0.9999999999895763,-18.3442078445494,False
eegmmidb,S004,data/eegmmidb/S004/S004R11.edf,4,9,36.0,motor_execution,T1,ds005284,2,0.9994480075851728,-18.256933952519617,False
eegmmidb,S004,data/eegmmidb/S004/S004R11.edf,4,10,40.0,motor_execution,T0,ds005284,0,1.0,-30.35575777549346,False
eegmmidb,S004,data/eegmmidb/S004/S004R11.edf,4,11,44.0,motor_execution,T2,ds005284,2,1.0,-37.352632537656824,True
eegmmidb,S004,data/eegmmidb/S004/S004R11.edf,4,12,48.0,motor_execution,T0,ds005284,0,0.9999999967132389,-17.196106429999624,False
eegmmidb,S004,data/eegmmidb/S004/S004R11.edf,4,13,52.0,motor_execution,T1,ds005284,2,0.9995416274819621,-45.637363935212115,True
eegmmidb,S004,data/eegmmidb/S004/S004R11.edf,4,14,56.0,motor_execution,T0,ds005284,0,0.9999999999999964,-22.431974312176916,False
eegmmidb,S004,data/eegmmidb/S004/S004R11.edf,4,15,60.0,motor_execution,T2,ds005284,3,0.9925026400522343,-25.430782899302372,False
eegmmidb,S004,data/eegmmidb/S004/S004R11.edf,4,16,64.0,motor_execution,T0,ds005284,3,0.9999723365195937,-24.97460144943388,False
eegmmidb,S004,data/eegmmidb/S004/S004R11.edf,4,17,68.0,motor_execution,T1,ds005284,3,0.9999999879943574,-21.614569985715647,False
eegmmidb,S004,data/eegmmidb/S004/S004R11.edf,4,18,72.0,motor_execution,T0,ds005284,0,0.9999999999634142,-19.01863129416701,False
eegmmidb,S004,data/eegmmidb/S004/S004R11.edf,4,19,76.0,motor_execution,T2,ds005284,3,0.9999982777659377,-31.240692301814647,False
eegmmidb,S004,data/eegmmidb/S004/S004R11.edf,4,20,80.0,motor_execution,T0,ds005284,0,0.9998730083274958,-21.92064066534347,False
eegmmidb,S004,data/eegmmidb/S004/S004R11.edf,4,21,84.0,motor_execution,T0,ds005284,3,0.9999999907333894,-28.888860140280787,False
eegmmidb,S004,data/eegmmidb/S004/S004R11.edf,4,22,88.0,motor_execution,T1,ds005284,0,0.99999995246196,-17.790127856221574,False
eegmmidb,S004,data/eegmmidb/S004/S004R11.edf,4,23,92.0,motor_execution,T0,ds005284,0,0.9999946711755585,-17.838877146010454,False
eegmmidb,S004,data/eegmmidb/S004/S004R11.edf,4,24,96.0,motor_execution,T2,ds005284,0,0.9999040551714918,-20.815872952480444,False
eegmmidb,S004,data/eegmmidb/S004/S004R11.edf,4,25,100.0,motor_execution,T0,ds005284,2,0.999998605050393,-29.334251585240864,False
eegmmidb,S004,data/eegmmidb/S004/S004R11.edf,4,26,104.0,motor_execution,T2,ds005284,0,0.9999999910418751,-21.255468710558613,False
eegmmidb,S004,data/eegmmidb/S004/S004R11.edf,4,27,108.0,motor_execution,T0,ds005284,3,0.9999999959254069,-33.38920090727509,False
eegmmidb,S004,data/eegmmidb/S004/S004R11.edf,4,28,112.0,motor_execution,T1,ds005284,0,0.999999999960739,-22.088916155474283,False
eegmmidb,S004,data/eegmmidb/S004/S004R11.edf,4,29,116.0,motor_execution,T0,ds005284,2,0.9999999982548573,-33.58366592967066,False
eegmmidb,S004,data/eegmmidb/S004/S004R12.edf,4,0,0.0,motor_imagery,T0,ds005284,0,0.9999999998790443,-17.988753675125714,False
eegmmidb,S004,data/eegmmidb/S004/S004R12.edf,4,1,4.0,motor_imagery,T1,ds005284,2,1.0,-37.366018697578674,True
eegmmidb,S004,data/eegmmidb/S004/S004R12.edf,4,2,8.0,motor_imagery,T0,ds005284,0,1.0,-26.044012748785406,False
eegmmidb,S004,data/eegmmidb/S004/S004R12.edf,4,3,12.0,motor_imagery,T2,ds005284,2,1.0,-43.43954188701053,True
eegmmidb,S004,data/eegmmidb/S004/S004R12.edf,4,4,16.0,motor_imagery,T0,ds005284,0,0.999999997879053,-15.455879286108036,False
eegmmidb,S004,data/eegmmidb/S004/S004R12.edf,4,5,20.0,motor_imagery,T2,ds005284,2,0.9999999999985292,-34.487996639989156,True
eegmmidb,S004,data/eegmmidb/S004/S004R12.edf,4,6,24.0,motor_imagery,T0,ds005284,0,0.9999999999939462,-20.949992666287272,False
eegmmidb,S004,data/eegmmidb/S004/S004R12.edf,4,7,28.0,motor_imagery,T1,ds005284,2,0.9999999997497611,-38.412542144488874,True
eegmmidb,S004,data/eegmmidb/S004/S004R12.edf,4,8,32.0,motor_imagery,T0,ds005284,0,0.9999999736817106,-23.606804393381097,False
eegmmidb,S004,data/eegmmidb/S004/S004R12.edf,4,9,36.0,motor_imagery,T2,ds005284,2,1.0,-44.73806897258945,True
eegmmidb,S004,data/eegmmidb/S004/S004R12.edf,4,10,40.0,motor_imagery,T0,ds005284,0,0.9924968525832997,-25.864049235033,False
eegmmidb,S004,data/eegmmidb/S004/S004R12.edf,4,11,44.0,motor_imagery,T1,ds005284,2,1.0,-46.589170075327644,True
eegmmidb,S004,data/eegmmidb/S004/S004R12.edf,4,12,48.0,motor_imagery,T0,ds005284,0,1.0,-26.192986214655434,False
eegmmidb,S004,data/eegmmidb/S004/S004R12.edf,4,13,52.0,motor_imagery,T1,ds005284,2,1.0,-47.07319005487831,True
eegmmidb,S004,data/eegmmidb/S004/S004R12.edf,4,14,56.0,motor_imagery,T0,ds005284,0,1.0,-26.9490601742757,False
eegmmidb,S004,data/eegmmidb/S004/S004R12.edf,4,15,60.0,motor_imagery,T2,ds005284,2,1.0,-53.72734712277395,True
eegmmidb,S004,data/eegmmidb/S004/S004R12.edf,4,16,64.0,motor_imagery,T0,ds005284,0,0.9999999999996412,-26.6519520386959,False
eegmmidb,S004,data/eegmmidb/S004/S004R12.edf,4,17,68.0,motor_imagery,T2,ds005284,2,1.0,-45.30199077379675,True
eegmmidb,S004,data/eegmmidb/S004/S004R12.edf,4,18,72.0,motor_imagery,T0,ds005284,0,0.9999932821606571,-28.05335008660539,False
eegmmidb,S004,data/eegmmidb/S004/S004R12.edf,4,19,76.0,motor_imagery,T1,ds005284,2,0.9999999968765749,-45.48414722730448,True
eegmmidb,S004,data/eegmmidb/S004/S004R12.edf,4,20,80.0,motor_imagery,T0,ds005284,0,0.9999999999988916,-22.139137831679264,False
eegmmidb,S004,data/eegmmidb/S004/S004R12.edf,4,21,84.0,motor_imagery,T0,ds005284,2,1.0,-51.2591256714994,True
eegmmidb,S004,data/eegmmidb/S004/S004R12.edf,4,22,88.0,motor_imagery,T1,ds005284,0,0.9999999233377779,-19.99577438100352,False
eegmmidb,S004,data/eegmmidb/S004/S004R12.edf,4,23,92.0,motor_imagery,T0,ds005284,2,0.999999999756298,-68.1545544055539,True
eegmmidb,S004,data/eegmmidb/S004/S004R12.edf,4,24,96.0,motor_imagery,T2,ds005284,0,0.9999999999999645,-23.09634587277541,False
eegmmidb,S004,data/eegmmidb/S004/S004R12.edf,4,25,100.0,motor_imagery,T0,ds005284,2,1.0,-40.03193773954229,True
eegmmidb,S004,data/eegmmidb/S004/S004R12.edf,4,26,104.0,motor_imagery,T2,ds005284,0,0.9999998190066733,-23.37137391680208,False
eegmmidb,S004,data/eegmmidb/S004/S004R12.edf,4,27,108.0,motor_imagery,T0,ds005284,2,1.0,-39.655558454404236,True
eegmmidb,S004,data/eegmmidb/S004/S004R12.edf,4,28,112.0,motor_imagery,T1,ds005284,0,0.9999999985500665,-34.586093512888496,True
eegmmidb,S004,data/eegmmidb/S004/S004R12.edf,4,29,116.0,motor_imagery,T0,ds005284,0,1.0,-25.576223637306313,False
eegmmidb,S005,data/eegmmidb/S005/S005R01.edf,4,0,0.0,eyes_open_rest,T0,ds005284,2,1.0,-47.63568207048777,True
eegmmidb,S005,data/eegmmidb/S005/S005R01.edf,4,1,4.0,eyes_open_rest,T0,ds005284,2,1.0,-40.347829652239874,True
eegmmidb,S005,data/eegmmidb/S005/S005R01.edf,4,2,8.0,eyes_open_rest,T0,ds005284,2,0.9999999999996518,-50.494970789125674,True
eegmmidb,S005,data/eegmmidb/S005/S005R01.edf,4,3,12.0,eyes_open_rest,T0,ds005284,2,1.0,-46.84285565988258,True
eegmmidb,S005,data/eegmmidb/S005/S005R01.edf,4,4,16.0,eyes_open_rest,T0,ds005284,2,1.0,-51.04662844422535,True
eegmmidb,S005,data/eegmmidb/S005/S005R01.edf,4,5,20.0,eyes_open_rest,T0,ds005284,2,1.0,-51.289126662963106,True
eegmmidb,S005,data/eegmmidb/S005/S005R01.edf,4,6,24.0,eyes_open_rest,T0,ds005284,2,1.0,-51.70740537512938,True
eegmmidb,S005,data/eegmmidb/S005/S005R01.edf,4,7,28.0,eyes_open_rest,T0,ds005284,2,1.0,-57.48268793046224,True
eegmmidb,S005,data/eegmmidb/S005/S005R01.edf,4,8,32.0,eyes_open_rest,T0,ds005284,2,1.0,-52.714483855820035,True
eegmmidb,S005,data/eegmmidb/S005/S005R01.edf,4,9,36.0,eyes_open_rest,T0,ds005284,2,0.9999999872643529,-47.11758530595635,True
eegmmidb,S005,data/eegmmidb/S005/S005R01.edf,4,10,40.0,eyes_open_rest,T0,ds005284,2,0.9999999999997016,-47.96712904259787,True
eegmmidb,S005,data/eegmmidb/S005/S005R01.edf,4,11,44.0,eyes_open_rest,T0,ds005284,2,1.0,-50.11694066901218,True
eegmmidb,S005,data/eegmmidb/S005/S005R01.edf,4,12,48.0,eyes_open_rest,T0,ds005284,2,1.0,-41.604516749168674,True
eegmmidb,S005,data/eegmmidb/S005/S005R01.edf,4,13,52.0,eyes_open_rest,T0,ds005284,2,1.0,-49.98985906133185,True
eegmmidb,S005,data/eegmmidb/S005/S005R01.edf,4,14,56.0,eyes_open_rest,T0,ds005284,2,0.9999999998149889,-49.089176227583735,True
eegmmidb,S005,data/eegmmidb/S005/S005R02.edf,4,0,0.0,eyes_closed_rest,T0,ds005284,2,0.9999999998671925,-37.46647528475907,True
eegmmidb,S005,data/eegmmidb/S005/S005R02.edf,4,1,4.0,eyes_closed_rest,T0,ds005284,2,0.9999999994753068,-40.70002378605478,True
eegmmidb,S005,data/eegmmidb/S005/S005R02.edf,4,2,8.0,eyes_closed_rest,T0,ds005284,2,1.0,-45.72406261464307,True
eegmmidb,S005,data/eegmmidb/S005/S005R02.edf,4,3,12.0,eyes_closed_rest,T0,ds005284,2,0.9998554566193718,-50.84002841096531,True
eegmmidb,S005,data/eegmmidb/S005/S005R02.edf,4,4,16.0,eyes_closed_rest,T0,ds005284,2,0.9999999999998153,-41.84421028827835,True
eegmmidb,S005,data/eegmmidb/S005/S005R02.edf,4,5,20.0,eyes_closed_rest,T0,ds005284,2,1.0,-43.181419969494534,True
eegmmidb,S005,data/eegmmidb/S005/S005R02.edf,4,6,24.0,eyes_closed_rest,T0,ds005284,2,0.9999999999999929,-35.98663216203256,True
eegmmidb,S005,data/eegmmidb/S005/S005R02.edf,4,7,28.0,eyes_closed_rest,T0,ds005284,2,0.9999999999998437,-38.476394011253916,True
eegmmidb,S005,data/eegmmidb/S005/S005R02.edf,4,8,32.0,eyes_closed_rest,T0,ds005284,2,0.9999999987579784,-43.820590239661655,True
eegmmidb,S005,data/eegmmidb/S005/S005R02.edf,4,9,36.0,eyes_closed_rest,T0,ds005284,2,0.9999999954766849,-47.804803854392766,True
eegmmidb,S005,data/eegmmidb/S005/S005R02.edf,4,10,40.0,eyes_closed_rest,T0,ds005284,2,0.9999999842893176,-47.928149674747914,True
eegmmidb,S005,data/eegmmidb/S005/S005R02.edf,4,11,44.0,eyes_closed_rest,T0,ds005284,2,0.9999999999629523,-46.525101457342465,True
eegmmidb,S005,data/eegmmidb/S005/S005R02.edf,4,12,48.0,eyes_closed_rest,T0,ds005284,2,0.9999999999865352,-38.937340990994024,True
eegmmidb,S005,data/eegmmidb/S005/S005R02.edf,4,13,52.0,eyes_closed_rest,T0,ds005284,2,0.9999999917699682,-43.09991693412629,True
eegmmidb,S005,data/eegmmidb/S005/S005R02.edf,4,14,56.0,eyes_closed_rest,T0,ds005284,2,0.9999999996217994,-44.644422224709174,True
eegmmidb,S005,data/eegmmidb/S005/S005R03.edf,4,0,0.0,motor_execution,T0,ds005284,2,1.0,-56.07455159879546,True
eegmmidb,S005,data/eegmmidb/S005/S005R03.edf,4,1,4.0,motor_execution,T1,ds005284,2,1.0,-46.05085470813832,True
eegmmidb,S005,data/eegmmidb/S005/S005R03.edf,4,2,8.0,motor_execution,T0,ds005284,2,1.0,-46.394175732234054,True
eegmmidb,S005,data/eegmmidb/S005/S005R03.edf,4,3,12.0,motor_execution,T2,ds005284,2,1.0,-63.26551374676759,True
eegmmidb,S005,data/eegmmidb/S005/S005R03.edf,4,4,16.0,motor_execution,T0,ds005284,2,1.0,-41.64091138104571,True
eegmmidb,S005,data/eegmmidb/S005/S005R03.edf,4,5,20.0,motor_execution,T2,ds005284,2,1.0,-59.82379663259234,True
eegmmidb,S005,data/eegmmidb/S005/S005R03.edf,4,6,24.0,motor_execution,T0,ds005284,2,1.0,-42.83039606912789,True
eegmmidb,S005,data/eegmmidb/S005/S005R03.edf,4,7,28.0,motor_execution,T1,ds005284,2,1.0,-47.045338080502525,True
eegmmidb,S005,data/eegmmidb/S005/S005R03.edf,4,8,32.0,motor_execution,T0,ds005284,2,1.0,-46.121529494057924,True
eegmmidb,S005,data/eegmmidb/S005/S005R03.edf,4,9,36.0,motor_execution,T2,ds005284,2,1.0,-54.31503934773891,True
eegmmidb,S005,data/eegmmidb/S005/S005R03.edf,4,10,40.0,motor_execution,T0,ds005284,2,1.0,-59.85651362433814,True
eegmmidb,S005,data/eegmmidb/S005/S005R03.edf,4,11,44.0,motor_execution,T1,ds005284,2,1.0,-57.23083991936691,True
eegmmidb,S005,data/eegmmidb/S005/S005R03.edf,4,12,48.0,motor_execution,T0,ds005284,2,1.0,-47.923927188304,True
eegmmidb,S005,data/eegmmidb/S005/S005R03.edf,4,13,52.0,motor_execution,T2,ds005284,2,1.0,-51.17865351901634,True
eegmmidb,S005,data/eegmmidb/S005/S005R03.edf,4,14,56.0,motor_execution,T0,ds005284,2,1.0,-51.106634521345036,True
eegmmidb,S005,data/eegmmidb/S005/S005R03.edf,4,15,60.0,motor_execution,T1,ds005284,2,1.0,-54.76291794800331,True
eegmmidb,S005,data/eegmmidb/S005/S005R03.edf,4,16,64.0,motor_execution,T0,ds005284,2,1.0,-59.0215216133982,True
eegmmidb,S005,data/eegmmidb/S005/S005R03.edf,4,17,68.0,motor_execution,T2,ds005284,2,1.0,-43.92264265350452,True
eegmmidb,S005,data/eegmmidb/S005/S005R03.edf,4,18,72.0,motor_execution,T0,ds005284,2,1.0,-51.4795659667811,True
eegmmidb,S005,data/eegmmidb/S005/S005R03.edf,4,19,76.0,motor_execution,T1,ds005284,2,1.0,-55.738995640476666,True
eegmmidb,S005,data/eegmmidb/S005/S005R03.edf,4,20,80.0,motor_execution,T0,ds005284,2,1.0,-61.90815858261441,True
eegmmidb,S005,data/eegmmidb/S005/S005R03.edf,4,21,84.0,motor_execution,T0,ds005284,2,1.0,-47.09220684135804,True
eegmmidb,S005,data/eegmmidb/S005/S005R03.edf,4,22,88.0,motor_execution,T1,ds005284,2,1.0,-54.21207667536602,True
eegmmidb,S005,data/eegmmidb/S005/S005R03.edf,4,23,92.0,motor_execution,T0,ds005284,2,1.0,-55.63457337290662,True
eegmmidb,S005,data/eegmmidb/S005/S005R03.edf,4,24,96.0,motor_execution,T2,ds005284,2,1.0,-50.90933425102004,True
eegmmidb,S005,data/eegmmidb/S005/S005R03.edf,4,25,100.0,motor_execution,T0,ds005284,2,1.0,-49.45875849511825,True
eegmmidb,S005,data/eegmmidb/S005/S005R03.edf,4,26,104.0,motor_execution,T1,ds005284,2,1.0,-66.62136019270247,True
eegmmidb,S005,data/eegmmidb/S005/S005R03.edf,4,27,108.0,motor_execution,T0,ds005284,2,1.0,-51.45625930991946,True
eegmmidb,S005,data/eegmmidb/S005/S005R03.edf,4,28,112.0,motor_execution,T2,ds005284,2,1.0,-58.11192308589039,True
eegmmidb,S005,data/eegmmidb/S005/S005R03.edf,4,29,116.0,motor_execution,T0,ds005284,2,0.9999999999999005,-61.893177111897764,True
eegmmidb,S005,data/eegmmidb/S005/S005R04.edf,4,0,0.0,motor_imagery,T0,ds005284,2,1.0,-44.49191300198636,True
eegmmidb,S005,data/eegmmidb/S005/S005R04.edf,4,1,4.0,motor_imagery,T2,ds005284,2,0.9999998214489895,-40.68048766814443,True
eegmmidb,S005,data/eegmmidb/S005/S005R04.edf,4,2,8.0,motor_imagery,T0,ds005284,0,0.9880844844223861,-38.90369267169094,True
eegmmidb,S005,data/eegmmidb/S005/S005R04.edf,4,3,12.0,motor_imagery,T1,ds005284,2,1.0,-37.01998305207861,True
eegmmidb,S005,data/eegmmidb/S005/S005R04.edf,4,4,16.0,motor_imagery,T0,ds005284,2,0.9999999999999645,-37.063113464245546,True
eegmmidb,S005,data/eegmmidb/S005/S005R04.edf,4,5,20.0,motor_imagery,T1,ds005284,2,0.9999999999999218,-39.39542115104827,True
eegmmidb,S005,data/eegmmidb/S005/S005R04.edf,4,6,24.0,motor_imagery,T0,ds005284,0,0.9999916800720288,-32.88781087815965,False
eegmmidb,S005,data/eegmmidb/S005/S005R04.edf,4,7,28.0,motor_imagery,T2,ds005284,0,0.9721909775245059,-38.047635020664494,True
eegmmidb,S005,data/eegmmidb/S005/S005R04.edf,4,8,32.0,motor_imagery,T0,ds005284,2,0.9999937311581163,-42.435203495220065,True
eegmmidb,S005,data/eegmmidb/S005/S005R04.edf,4,9,36.0,motor_imagery,T2,ds005284,2,0.9999999999999929,-40.28072674676497,True
eegmmidb,S005,data/eegmmidb/S005/S005R04.edf,4,10,40.0,motor_imagery,T0,ds005284,2,0.9999999999999929,-36.774356483571,True
eegmmidb,S005,data/eegmmidb/S005/S005R04.edf,4,11,44.0,motor_imagery,T1,ds005284,2,0.9999999999976126,-45.18734817595104,True
eegmmidb,S005,data/eegmmidb/S005/S005R04.edf,4,12,48.0,motor_imagery,T0,ds005284,2,0.9999999427153997,-38.49341511108932,True
eegmmidb,S005,data/eegmmidb/S005/S005R04.edf,4,13,52.0,motor_imagery,T1,ds005284,2,0.9999999999126601,-37.39799338066737,True
eegmmidb,S005,data/eegmmidb/S005/S005R04.edf,4,14,56.0,motor_imagery,T0,ds005284,2,0.9999999999873594,-35.50323210403694,True
eegmmidb,S005,data/eegmmidb/S005/S005R04.edf,4,15,60.0,motor_imagery,T2,ds005284,2,0.9999999987501269,-36.29585710418392,True
eegmmidb,S005,data/eegmmidb/S005/S005R04.edf,4,16,64.0,motor_imagery,T0,ds005284,2,0.99999999999946,-39.41297574140069,True
eegmmidb,S005,data/eegmmidb/S005/S005R04.edf,4,17,68.0,motor_imagery,T1,ds005284,2,0.9999999993551896,-47.8288870279741,True
eegmmidb,S005,data/eegmmidb/S005/S005R04.edf,4,18,72.0,motor_imagery,T0,ds005284,2,0.9999999999998295,-42.54828418809381,True
eegmmidb,S005,data/eegmmidb/S005/S005R04.edf,4,19,76.0,motor_imagery,T2,ds005284,2,0.9999999999651266,-42.7882610522079,True
eegmmidb,S005,data/eegmmidb/S005/S005R04.edf,4,20,80.0,motor_imagery,T0,ds005284,2,0.9999999990701056,-39.89208194761068,True
eegmmidb,S005,data/eegmmidb/S005/S005R04.edf,4,21,84.0,motor_imagery,T0,ds005284,2,0.9999999999895905,-44.37956510307883,True
eegmmidb,S005,data/eegmmidb/S005/S005R04.edf,4,22,88.0,motor_imagery,T2,ds005284,2,0.9999999999997513,-36.27336608307486,True
eegmmidb,S005,data/eegmmidb/S005/S005R04.edf,4,23,92.0,motor_imagery,T0,ds005284,2,0.9999999999963975,-43.71554268282214,True
eegmmidb,S005,data/eegmmidb/S005/S005R04.edf,4,24,96.0,motor_imagery,T1,ds005284,2,0.9959375404805995,-33.87857093567707,False
eegmmidb,S005,data/eegmmidb/S005/S005R04.edf,4,25,100.0,motor_imagery,T0,ds005284,2,0.9999999999763105,-44.67079754718838,True
eegmmidb,S005,data/eegmmidb/S005/S005R04.edf,4,26,104.0,motor_imagery,T1,ds005284,2,0.9999004823130668,-37.7520397991477,True
eegmmidb,S005,data/eegmmidb/S005/S005R04.edf,4,27,108.0,motor_imagery,T0,ds005284,2,0.9999999999969589,-50.82688603030761,True
eegmmidb,S005,data/eegmmidb/S005/S005R04.edf,4,28,112.0,motor_imagery,T2,ds005284,2,0.9999999904961214,-43.9667270582735,True
eegmmidb,S005,data/eegmmidb/S005/S005R04.edf,4,29,116.0,motor_imagery,T0,ds005284,2,0.9999999992535393,-52.300509408344475,True
eegmmidb,S005,data/eegmmidb/S005/S005R07.edf,4,0,0.0,motor_execution,T0,ds005284,2,1.0,-42.35161316809589,True
eegmmidb,S005,data/eegmmidb/S005/S005R07.edf,4,1,4.0,motor_execution,T2,ds005284,2,1.0,-55.15124216197929,True
eegmmidb,S005,data/eegmmidb/S005/S005R07.edf,4,2,8.0,motor_execution,T0,ds005284,2,1.0,-55.84266561963516,True
eegmmidb,S005,data/eegmmidb/S005/S005R07.edf,4,3,12.0,motor_execution,T1,ds005284,2,1.0,-54.16483648885591,True
eegmmidb,S005,data/eegmmidb/S005/S005R07.edf,4,4,16.0,motor_execution,T0,ds005284,2,0.9999999999999858,-63.96134559247836,True
eegmmidb,S005,data/eegmmidb/S005/S005R07.edf,4,5,20.0,motor_execution,T1,ds005284,2,0.9999999999940528,-44.785435194650724,True
eegmmidb,S005,data/eegmmidb/S005/S005R07.edf,4,6,24.0,motor_execution,T0,ds005284,2,1.0,-47.335488016153505,True
eegmmidb,S005,data/eegmmidb/S005/S005R07.edf,4,7,28.0,motor_execution,T2,ds005284,2,1.0,-39.96574458398628,True
eegmmidb,S005,data/eegmmidb/S005/S005R07.edf,4,8,32.0,motor_execution,T0,ds005284,2,1.0,-38.00352279045975,True
eegmmidb,S005,data/eegmmidb/S005/S005R07.edf,4,9,36.0,motor_execution,T1,ds005284,2,1.0,-62.745136795399155,True
eegmmidb,S005,data/eegmmidb/S005/S005R07.edf,4,10,40.0,motor_execution,T0,ds005284,2,1.0,-52.878404269863616,True
eegmmidb,S005,data/eegmmidb/S005/S005R07.edf,4,11,44.0,motor_execution,T2,ds005284,2,1.0,-45.53637340653791,True
eegmmidb,S005,data/eegmmidb/S005/S005R07.edf,4,12,48.0,motor_execution,T0,ds005284,2,0.9999999981152072,-40.523678556009585,True
eegmmidb,S005,data/eegmmidb/S005/S005R07.edf,4,13,52.0,motor_execution,T2,ds005284,2,1.0,-62.08646604994835,True
eegmmidb,S005,data/eegmmidb/S005/S005R07.edf,4,14,56.0,motor_execution,T0,ds005284,2,1.0,-50.97596801771947,True
eegmmidb,S005,data/eegmmidb/S005/S005R07.edf,4,15,60.0,motor_execution,T1,ds005284,2,0.9999999999999218,-45.45100903249611,True
eegmmidb,S005,data/eegmmidb/S005/S005R07.edf,4,16,64.0,motor_execution,T0,ds005284,2,0.9999999999999929,-46.133556467200016,True
eegmmidb,S005,data/eegmmidb/S005/S005R07.edf,4,17,68.0,motor_execution,T2,ds005284,2,0.999999999999929,-52.107958706465695,True
eegmmidb,S005,data/eegmmidb/S005/S005R07.edf,4,18,72.0,motor_execution,T0,ds005284,2,1.0,-44.93782272192653,True
eegmmidb,S005,data/eegmmidb/S005/S005R07.edf,4,19,76.0,motor_execution,T1,ds005284,2,1.0,-57.85023364718756,True
eegmmidb,S005,data/eegmmidb/S005/S005R07.edf,4,20,80.0,motor_execution,T0,ds005284,2,0.999999997421483,-38.11354206585222,True
eegmmidb,S005,data/eegmmidb/S005/S005R07.edf,4,21,84.0,motor_execution,T0,ds005284,2,0.9999999999999787,-51.07542339944646,True
eegmmidb,S005,data/eegmmidb/S005/S005R07.edf,4,22,88.0,motor_execution,T2,ds005284,2,1.0,-36.858619055156474,True
eegmmidb,S005,data/eegmmidb/S005/S005R07.edf,4,23,92.0,motor_execution,T0,ds005284,2,0.9999999997159179,-47.880893682310635,True
eegmmidb,S005,data/eegmmidb/S005/S005R07.edf,4,24,96.0,motor_execution,T1,ds005284,2,0.9999999999999858,-47.566800493750904,True
eegmmidb,S005,data/eegmmidb/S005/S005R07.edf,4,25,100.0,motor_execution,T0,ds005284,2,0.9999999999997797,-61.642790339830185,True
eegmmidb,S005,data/eegmmidb/S005/S005R07.edf,4,26,104.0,motor_execution,T1,ds005284,2,1.0,-42.95380511728924,True
eegmmidb,S005,data/eegmmidb/S005/S005R07.edf,4,27,108.0,motor_execution,T0,ds005284,2,0.9999999997459526,-66.11214233711173,True
eegmmidb,S005,data/eegmmidb/S005/S005R07.edf,4,28,112.0,motor_execution,T2,ds005284,2,1.0,-42.31159076661587,True
eegmmidb,S005,data/eegmmidb/S005/S005R07.edf,4,29,116.0,motor_execution,T0,ds005284,2,0.9999999999999574,-52.85145123799836,True
eegmmidb,S005,data/eegmmidb/S005/S005R08.edf,4,0,0.0,motor_imagery,T0,ds005284,2,0.9999999999832454,-44.005934885488145,True
eegmmidb,S005,data/eegmmidb/S005/S005R08.edf,4,1,4.0,motor_imagery,T2,ds005284,2,1.0,-60.11590374520326,True
eegmmidb,S005,data/eegmmidb/S005/S005R08.edf,4,2,8.0,motor_imagery,T0,ds005284,2,0.9999999999970797,-36.287527960782946,True
eegmmidb,S005,data/eegmmidb/S005/S005R08.edf,4,3,12.0,motor_imagery,T1,ds005284,2,0.9999999998458833,-53.784296920557885,True
eegmmidb,S005,data/eegmmidb/S005/S005R08.edf,4,4,16.0,motor_imagery,T0,ds005284,2,1.0,-40.912851798442794,True
eegmmidb,S005,data/eegmmidb/S005/S005R08.edf,4,5,20.0,motor_imagery,T2,ds005284,2,1.0,-57.01430387546366,True
eegmmidb,S005,data/eegmmidb/S005/S005R08.edf,4,6,24.0,motor_imagery,T0,ds005284,2,0.9999999999999929,-35.280985576509245,True
eegmmidb,S005,data/eegmmidb/S005/S005R08.edf,4,7,28.0,motor_imagery,T1,ds005284,2,0.9999999999966462,-60.765873944651354,True
eegmmidb,S005,data/eegmmidb/S005/S005R08.edf,4,8,32.0,motor_imagery,T0,ds005284,2,1.0,-37.562426407326726,True
eegmmidb,S005,data/eegmmidb/S005/S005R08.edf,4,9,36.0,motor_imagery,T1,ds005284,2,0.9999999912084405,-44.73218153037298,True
eegmmidb,S005,data/eegmmidb/S005/S005R08.edf,4,10,40.0,motor_imagery,T0,ds005284,2,0.9999999999971649,-52.33883083897872,True
eegmmidb,S005,data/eegmmidb/S005/S005R08.edf,4,11,44.0,motor_imagery,T2,ds005284,2,0.9999999999477964,-32.79673257144768,False
eegmmidb,S005,data/eegmmidb/S005/S005R08.edf,4,12,48.0,motor_imagery,T0,ds005284,2,1.0,-33.53925736268154,False
eegmmidb,S005,data/eegmmidb/S005/S005R08.edf,4,13,52.0,motor_imagery,T2,ds005284,2,1.0,-43.02663214345176,True
eegmmidb,S005,data/eegmmidb/S005/S005R08.edf,4,14,56.0,motor_imagery,T0,ds005284,2,1.0,-37.96292804165035,True
eegmmidb,S005,data/eegmmidb/S005/S005R08.edf,4,15,60.0,motor_imagery,T1,ds005284,2,0.9999999999999964,-29.8032463770049,False
eegmmidb,S005,data/eegmmidb/S005/S005R08.edf,4,16,64.0,motor_imagery,T0,ds005284,2,0.9999999999999503,-55.342403336319876,True
eegmmidb,S005,data/eegmmidb/S005/S005R08.edf,4,17,68.0,motor_imagery,T1,ds005284,2,0.9999999998553974,-34.04922112207582,True
eegmmidb,S005,data/eegmmidb/S005/S005R08.edf,4,18,72.0,motor_imagery,T0,ds005284,2,0.9999508139502594,-57.27693475024334,True
eegmmidb,S005,data/eegmmidb/S005/S005R08.edf,4,19,76.0,motor_imagery,T2,ds005284,2,0.9999999969385414,-46.747119356430595,True
eegmmidb,S005,data/eegmmidb/S005/S005R08.edf,4,20,80.0,motor_imagery,T0,ds005284,2,0.9999999999620357,-48.1147051826416,True
eegmmidb,S005,data/eegmmidb/S005/S005R08.edf,4,21,84.0,motor_imagery,T0,ds005284,2,0.999998543998886,-51.30030499820834,True
eegmmidb,S005,data/eegmmidb/S005/S005R08.edf,4,22,88.0,motor_imagery,T1,ds005284,2,0.9999999995643378,-36.799715763538906,True
eegmmidb,S005,data/eegmmidb/S005/S005R08.edf,4,23,92.0,motor_imagery,T0,ds005284,2,0.9999419721194035,-50.8477098425405,True
eegmmidb,S005,data/eegmmidb/S005/S005R08.edf,4,24,96.0,motor_imagery,T2,ds005284,2,0.999999986148879,-36.000952016568,True
eegmmidb,S005,data/eegmmidb/S005/S005R08.edf,4,25,100.0,motor_imagery,T0,ds005284,2,0.9999979559306952,-52.509028558950114,True
eegmmidb,S005,data/eegmmidb/S005/S005R08.edf,4,26,104.0,motor_imagery,T2,ds005284,2,0.9999999999458922,-51.11781461674914,True
eegmmidb,S005,data/eegmmidb/S005/S005R08.edf,4,27,108.0,motor_imagery,T0,ds005284,2,0.99999997576969,-52.99351663698673,True
eegmmidb,S005,data/eegmmidb/S005/S005R08.edf,4,28,112.0,motor_imagery,T1,ds005284,2,0.9999998835377749,-50.0654799610653,True
eegmmidb,S005,data/eegmmidb/S005/S005R08.edf,4,29,116.0,motor_imagery,T0,ds005284,2,0.9999906998721598,-49.81398776117479,True
eegmmidb,S005,data/eegmmidb/S005/S005R11.edf,4,0,0.0,motor_execution,T0,ds005284,2,1.0,-54.1850603619634,True
eegmmidb,S005,data/eegmmidb/S005/S005R11.edf,4,1,4.0,motor_execution,T1,ds005284,2,0.999999999999865,-48.62372842386487,True
eegmmidb,S005,data/eegmmidb/S005/S005R11.edf,4,2,8.0,motor_execution,T0,ds005284,2,0.999999995907757,-59.880098176287014,True
eegmmidb,S005,data/eegmmidb/S005/S005R11.edf,4,3,12.0,motor_execution,T2,ds005284,2,0.9999999985271302,-53.7808352587428,True
eegmmidb,S005,data/eegmmidb/S005/S005R11.edf,4,4,16.0,motor_execution,T0,ds005284,2,0.9999999997283311,-37.032852936519674,True
eegmmidb,S005,data/eegmmidb/S005/S005R11.edf,4,5,20.0,motor_execution,T1,ds005284,2,0.9989685844963361,-57.59992894700193,True
eegmmidb,S005,data/eegmmidb/S005/S005R11.edf,4,6,24.0,motor_execution,T0,ds005284,2,0.9999999999872458,-41.17792350796532,True
eegmmidb,S005,data/eegmmidb/S005/S005R11.edf,4,7,28.0,motor_execution,T2,ds005284,2,0.9999999579879537,-37.1487306172521,True
eegmmidb,S005,data/eegmmidb/S005/S005R11.edf,4,8,32.0,motor_execution,T0,ds005284,2,1.0,-44.58917898892087,True
eegmmidb,S005,data/eegmmidb/S005/S005R11.edf,4,9,36.0,motor_execution,T2,ds005284,2,0.9999999999871534,-46.761827478956405,True
eegmmidb,S005,data/eegmmidb/S005/S005R11.edf,4,10,40.0,motor_execution,T0,ds005284,2,0.9999999998596678,-40.09487403819305,True
eegmmidb,S005,data/eegmmidb/S005/S005R11.edf,4,11,44.0,motor_execution,T1,ds005284,2,0.9999999652912172,-44.69125860750833,True
eegmmidb,S005,data/eegmmidb/S005/S005R11.edf,4,12,48.0,motor_execution,T0,ds005284,2,0.9999994023433568,-46.60844834323471,True
eegmmidb,S005,data/eegmmidb/S005/S005R11.edf,4,13,52.0,motor_execution,T2,ds005284,2,0.9999999252069599,-42.71890559489101,True
eegmmidb,S005,data/eegmmidb/S005/S005R11.edf,4,14,56.0,motor_execution,T0,ds005284,2,0.9999991070951644,-45.19296654191448,True
eegmmidb,S005,data/eegmmidb/S005/S005R11.edf,4,15,60.0,motor_execution,T1,ds005284,2,0.9999991911057083,-57.14523566883129,True
eegmmidb,S005,data/eegmmidb/S005/S005R11.edf,4,16,64.0,motor_execution,T0,ds005284,2,0.9999999998754703,-50.17353505969404,True
eegmmidb,S005,data/eegmmidb/S005/S005R11.edf,4,17,68.0,motor_execution,T1,ds005284,2,0.9999999992057269,-39.36608745105518,True
eegmmidb,S005,data/eegmmidb/S005/S005R11.edf,4,18,72.0,motor_execution,T0,ds005284,2,0.9999995490521933,-46.65828282452848,True
eegmmidb,S005,data/eegmmidb/S005/S005R11.edf,4,19,76.0,motor_execution,T2,ds005284,2,0.9999991440630293,-45.725896860042056,True
eegmmidb,S005,data/eegmmidb/S005/S005R11.edf,4,20,80.0,motor_execution,T0,ds005284,2,0.9999999998978666,-35.75528909715333,True
eegmmidb,S005,data/eegmmidb/S005/S005R11.edf,4,21,84.0,motor_execution,T0,ds005284,2,0.9999999999961844,-42.737161008257345,True
eegmmidb,S005,data/eegmmidb/S005/S005R11.edf,4,22,88.0,motor_execution,T1,ds005284,2,0.9999999999994742,-32.40477114048081,False
eegmmidb,S005,data/eegmmidb/S005/S005R11.edf,4,23,92.0,motor_execution,T0,ds005284,2,0.999999995828162,-60.81622831395652,True
eegmmidb,S005,data/eegmmidb/S005/S005R11.edf,4,24,96.0,motor_execution,T2,ds005284,2,0.9999999999977973,-38.10902374654286,True
eegmmidb,S005,data/eegmmidb/S005/S005R11.edf,4,25,100.0,motor_execution,T0,ds005284,2,0.9999741375944917,-61.42069738657728,True
eegmmidb,S005,data/eegmmidb/S005/S005R11.edf,4,26,104.0,motor_execution,T2,ds005284,2,0.9999580726269102,-55.355489809464814,True
eegmmidb,S005,data/eegmmidb/S005/S005R11.edf,4,27,108.0,motor_execution,T0,ds005284,2,0.9999999995584332,-42.86463756983595,True
eegmmidb,S005,data/eegmmidb/S005/S005R11.edf,4,28,112.0,motor_execution,T1,ds005284,2,0.9999999977179144,-36.156683123841454,True
eegmmidb,S005,data/eegmmidb/S005/S005R11.edf,4,29,116.0,motor_execution,T0,ds005284,2,0.9999998030686309,-48.60081257531479,True
eegmmidb,S005,data/eegmmidb/S005/S005R12.edf,4,0,0.0,motor_imagery,T0,ds005284,2,0.9999992600188714,-39.159380640741745,True
eegmmidb,S005,data/eegmmidb/S005/S005R12.edf,4,1,4.0,motor_imagery,T1,ds005284,2,0.9999999996267945,-45.53967903594066,True
eegmmidb,S005,data/eegmmidb/S005/S005R12.edf,4,2,8.0,motor_imagery,T0,ds005284,2,1.0,-32.846084229289865,False
eegmmidb,S005,data/eegmmidb/S005/S005R12.edf,4,3,12.0,motor_imagery,T2,ds005284,2,0.9999999975042186,-34.70971816697054,True
eegmmidb,S005,data/eegmmidb/S005/S005R12.edf,4,4,16.0,motor_imagery,T0,ds005284,2,1.0,-30.92288213558937,False
eegmmidb,S005,data/eegmmidb/S005/S005R12.edf,4,5,20.0,motor_imagery,T1,ds005284,2,0.9999999999983444,-48.13038247219728,True
eegmmidb,S005,data/eegmmidb/S005/S005R12.edf,4,6,24.0,motor_imagery,T0,ds005284,2,0.9999999999993392,-32.64962258446721,False
eegmmidb,S005,data/eegmmidb/S005/S005R12.edf,4,7,28.0,motor_imagery,T2,ds005284,2,0.9999997098063952,-47.028662941182645,True
eegmmidb,S005,data/eegmmidb/S005/S005R12.edf,4,8,32.0,motor_imagery,T0,ds005284,2,0.9999999999501483,-32.06603162256379,False
eegmmidb,S005,data/eegmmidb/S005/S005R12.edf,4,9,36.0,motor_imagery,T1,ds005284,2,1.0,-34.43230193638347,True
eegmmidb,S005,data/eegmmidb/S005/S005R12.edf,4,10,40.0,motor_imagery,T0,ds005284,2,1.0,-32.3894825714252,False
eegmmidb,S005,data/eegmmidb/S005/S005R12.edf,4,11,44.0,motor_imagery,T2,ds005284,2,0.9999999915786333,-36.905383481606435,True
eegmmidb,S005,data/eegmmidb/S005/S005R12.edf,4,12,48.0,motor_imagery,T0,ds005284,2,0.999999982556112,-39.992558049339046,True
eegmmidb,S005,data/eegmmidb/S005/S005R12.edf,4,13,52.0,motor_imagery,T1,ds005284,2,0.9699480439688795,-47.38749328412847,True
eegmmidb,S005,data/eegmmidb/S005/S005R12.edf,4,14,56.0,motor_imagery,T0,ds005284,2,0.9999998625273984,-41.01394716205818,True
eegmmidb,S005,data/eegmmidb/S005/S005R12.edf,4,15,60.0,motor_imagery,T2,ds005284,2,0.9999999998626805,-44.5775819865215,True
eegmmidb,S005,data/eegmmidb/S005/S005R12.edf,4,16,64.0,motor_imagery,T0,ds005284,2,0.9999998789196598,-49.103204751225725,True
eegmmidb,S005,data/eegmmidb/S005/S005R12.edf,4,17,68.0,motor_imagery,T2,ds005284,2,0.9999997707435192,-41.56347314518514,True
eegmmidb,S005,data/eegmmidb/S005/S005R12.edf,4,18,72.0,motor_imagery,T0,ds005284,2,0.9613187580457888,-57.58371321443139,True
eegmmidb,S005,data/eegmmidb/S005/S005R12.edf,4,19,76.0,motor_imagery,T1,ds005284,2,0.9999981019327927,-35.23349345133364,True
eegmmidb,S005,data/eegmmidb/S005/S005R12.edf,4,20,80.0,motor_imagery,T0,ds005284,2,0.9999600649232347,-37.03095957888897,True
eegmmidb,S005,data/eegmmidb/S005/S005R12.edf,4,21,84.0,motor_imagery,T0,ds005284,2,0.9999545827099192,-38.903737165480514,True
eegmmidb,S005,data/eegmmidb/S005/S005R12.edf,4,22,88.0,motor_imagery,T2,ds005284,2,0.9999987406939368,-32.49227050487093,False
eegmmidb,S005,data/eegmmidb/S005/S005R12.edf,4,23,92.0,motor_imagery,T0,ds005284,2,0.9999970609700444,-37.736980528324615,True
eegmmidb,S005,data/eegmmidb/S005/S005R12.edf,4,24,96.0,motor_imagery,T1,ds005284,2,0.9999996676531905,-37.24697439791303,True
eegmmidb,S005,data/eegmmidb/S005/S005R12.edf,4,25,100.0,motor_imagery,T0,ds005284,2,0.999990570225025,-45.23241445140202,True
eegmmidb,S005,data/eegmmidb/S005/S005R12.edf,4,26,104.0,motor_imagery,T2,ds005284,2,0.999987552491064,-47.284832788357065,True
eegmmidb,S005,data/eegmmidb/S005/S005R12.edf,4,27,108.0,motor_imagery,T0,ds005284,2,0.874832699914965,-35.227167556857026,True
eegmmidb,S005,data/eegmmidb/S005/S005R12.edf,4,28,112.0,motor_imagery,T1,ds005284,2,0.9996944827134007,-43.82746519834543,True
eegmmidb,S005,data/eegmmidb/S005/S005R12.edf,4,29,116.0,motor_imagery,T0,ds005284,2,0.9999999999999929,-31.35529120071196,False
eegmmidb,S006,data/eegmmidb/S006/S006R01.edf,4,0,0.0,eyes_open_rest,T0,ds005284,2,0.9999999925442467,-26.595294013669466,False
eegmmidb,S006,data/eegmmidb/S006/S006R01.edf,4,1,4.0,eyes_open_rest,T0,ds005284,2,1.0,-32.72624542130114,False
eegmmidb,S006,data/eegmmidb/S006/S006R01.edf,4,2,8.0,eyes_open_rest,T0,ds005284,2,0.9999999999999822,-24.840638197450847,False
eegmmidb,S006,data/eegmmidb/S006/S006R01.edf,4,3,12.0,eyes_open_rest,T0,ds005284,2,0.9999999579286305,-26.494648190808007,False
eegmmidb,S006,data/eegmmidb/S006/S006R01.edf,4,4,16.0,eyes_open_rest,T0,ds005284,2,0.9999999941212785,-25.606345564105442,False
eegmmidb,S006,data/eegmmidb/S006/S006R01.edf,4,5,20.0,eyes_open_rest,T0,ds005284,2,0.9999999999945999,-24.068159713725983,False
eegmmidb,S006,data/eegmmidb/S006/S006R01.edf,4,6,24.0,eyes_open_rest,T0,ds005284,2,1.0,-64.67458492572783,True
eegmmidb,S006,data/eegmmidb/S006/S006R01.edf,4,7,28.0,eyes_open_rest,T0,ds005284,0,0.9957724459920984,-29.07769556554329,False
eegmmidb,S006,data/eegmmidb/S006/S006R01.edf,4,8,32.0,eyes_open_rest,T0,ds005284,2,0.9999999795137067,-28.900584184930256,False
eegmmidb,S006,data/eegmmidb/S006/S006R01.edf,4,9,36.0,eyes_open_rest,T0,ds005284,2,0.999999982108502,-23.068636045483746,False
eegmmidb,S006,data/eegmmidb/S006/S006R01.edf,4,10,40.0,eyes_open_rest,T0,ds005284,2,0.9999999999998757,-29.54368311033566,False
eegmmidb,S006,data/eegmmidb/S006/S006R01.edf,4,11,44.0,eyes_open_rest,T0,ds005284,2,0.9999884699764117,-26.39124615180705,False
eegmmidb,S006,data/eegmmidb/S006/S006R01.edf,4,12,48.0,eyes_open_rest,T0,ds005284,2,0.9999996167388071,-32.711497254606996,False
eegmmidb,S006,data/eegmmidb/S006/S006R01.edf,4,13,52.0,eyes_open_rest,T0,ds005284,2,0.9901005991625825,-33.3142650424695,False
eegmmidb,S006,data/eegmmidb/S006/S006R01.edf,4,14,56.0,eyes_open_rest,T0,ds005284,2,1.0,-29.708369890921695,False
eegmmidb,S006,data/eegmmidb/S006/S006R02.edf,4,0,0.0,eyes_closed_rest,T0,ds005284,2,1.0,-89.79593559311283,True
eegmmidb,S006,data/eegmmidb/S006/S006R02.edf,4,1,4.0,eyes_closed_rest,T0,ds005284,2,1.0,-92.46663909063822,True
eegmmidb,S006,data/eegmmidb/S006/S006R02.edf,4,2,8.0,eyes_closed_rest,T0,ds005284,2,1.0,-57.883296787203086,True
eegmmidb,S006,data/eegmmidb/S006/S006R02.edf,4,3,12.0,eyes_closed_rest,T0,ds005284,2,1.0,-73.57071159148614,True
eegmmidb,S006,data/eegmmidb/S006/S006R02.edf,4,4,16.0,eyes_closed_rest,T0,ds005284,2,0.999993010503287,-64.19655785759667,True
eegmmidb,S006,data/eegmmidb/S006/S006R02.edf,4,5,20.0,eyes_closed_rest,T0,ds005284,2,0.9999999998542393,-65.06597183791138,True
eegmmidb,S006,data/eegmmidb/S006/S006R02.edf,4,6,24.0,eyes_closed_rest,T0,ds005284,2,0.9999999818377036,-65.1804075378037,True
eegmmidb,S006,data/eegmmidb/S006/S006R02.edf,4,7,28.0,eyes_closed_rest,T0,ds005284,2,0.9926678134653526,-68.59993814073704,True
eegmmidb,S006,data/eegmmidb/S006/S006R02.edf,4,8,32.0,eyes_closed_rest,T0,ds005284,2,1.0,-75.64718755037678,True
eegmmidb,S006,data/eegmmidb/S006/S006R02.edf,4,9,36.0,eyes_closed_rest,T0,ds005284,2,0.9999999999999147,-64.24331151710969,True
eegmmidb,S006,data/eegmmidb/S006/S006R02.edf,4,10,40.0,eyes_closed_rest,T0,ds005284,2,0.9999999996888107,-57.37116286368225,True
eegmmidb,S006,data/eegmmidb/S006/S006R02.edf,4,11,44.0,eyes_closed_rest,T0,ds005284,2,0.9999999999974918,-57.635889222876955,True
eegmmidb,S006,data/eegmmidb/S006/S006R02.edf,4,12,48.0,eyes_closed_rest,T0,ds005284,3,0.9747929491612582,-51.2902571195661,True
eegmmidb,S006,data/eegmmidb/S006/S006R02.edf,4,13,52.0,eyes_closed_rest,T0,ds005284,2,0.999974667042249,-57.14765248616082,True
eegmmidb,S006,data/eegmmidb/S006/S006R02.edf,4,14,56.0,eyes_closed_rest,T0,ds005284,3,0.885728041938727,-38.88419316725059,True
eegmmidb,S006,data/eegmmidb/S006/S006R03.edf,4,0,0.0,motor_execution,T0,ds005284,2,1.0,-28.241525530070426,False
eegmmidb,S006,data/eegmmidb/S006/S006R03.edf,4,1,4.0,motor_execution,T2,ds005284,2,1.0,-59.23514222957399,True
eegmmidb,S006,data/eegmmidb/S006/S006R03.edf,4,2,8.0,motor_execution,T0,ds005284,2,1.0,-47.986878440796886,True
eegmmidb,S006,data/eegmmidb/S006/S006R03.edf,4,3,12.0,motor_execution,T1,ds005284,2,0.9999999999999929,-59.61726048486989,True
eegmmidb,S006,data/eegmmidb/S006/S006R03.edf,4,4,16.0,motor_execution,T0,ds005284,2,0.6482403201139355,-31.87695705648132,False
eegmmidb,S006,data/eegmmidb/S006/S006R03.edf,4,5,20.0,motor_execution,T1,ds005284,2,0.9999455897945079,-29.53384442512008,False
eegmmidb,S006,data/eegmmidb/S006/S006R03.edf,4,6,24.0,motor_execution,T0,ds005284,2,0.9999916773973266,-29.91705747563274,False
eegmmidb,S006,data/eegmmidb/S006/S006R03.edf,4,7,28.0,motor_execution,T2,ds005284,2,0.9999999144392114,-23.00810591813802,False
eegmmidb,S006,data/eegmmidb/S006/S006R03.edf,4,8,32.0,motor_execution,T0,ds005284,2,0.9177748710912902,-35.681253385381964,True
eegmmidb,S006,data/eegmmidb/S006/S006R03.edf,4,9,36.0,motor_execution,T1,ds005284,2,1.0,-43.28331470234571,True
eegmmidb,S006,data/eegmmidb/S006/S006R03.edf,4,10,40.0,motor_execution,T0,ds005284,2,0.9999999999999858,-33.78689560200142,False
eegmmidb,S006,data/eegmmidb/S006/S006R03.edf,4,11,44.0,motor_execution,T2,ds005284,2,1.0,-49.48874658963466,True
eegmmidb,S006,data/eegmmidb/S006/S006R03.edf,4,12,48.0,motor_execution,T0,ds005284,2,0.9999995738822831,-26.995142309860825,False
eegmmidb,S006,data/eegmmidb/S006/S006R03.edf,4,13,52.0,motor_execution,T1,ds005284,2,0.9999999813920121,-26.943662211609134,False
eegmmidb,S006,data/eegmmidb/S006/S006R03.edf,4,14,56.0,motor_execution,T0,ds005284,2,0.9999999108208724,-38.558567957661786,True
eegmmidb,S006,data/eegmmidb/S006/S006R03.edf,4,15,60.0,motor_execution,T2,ds005284,2,0.9999999999956515,-37.31610869484734,True
eegmmidb,S006,data/eegmmidb/S006/S006R03.edf,4,16,64.0,motor_execution,T0,ds005284,2,0.9999999793205918,-28.4737261744552,False
eegmmidb,S006,data/eegmmidb/S006/S006R03.edf,4,17,68.0,motor_execution,T2,ds005284,2,0.9991688523085536,-26.731145109104087,False
eegmmidb,S006,data/eegmmidb/S006/S006R03.edf,4,18,72.0,motor_execution,T0,ds005284,2,0.9999944187785346,-31.679501696442117,False
eegmmidb,S006,data/eegmmidb/S006/S006R03.edf,4,19,76.0,motor_execution,T1,ds005284,2,0.9994919551122764,-30.416775805095313,False
eegmmidb,S006,data/eegmmidb/S006/S006R03.edf,4,20,80.0,motor_execution,T0,ds005284,2,0.9999999999967315,-52.90599894167378,True
eegmmidb,S006,data/eegmmidb/S006/S006R03.edf,4,21,84.0,motor_execution,T0,ds005284,2,0.9999999999999574,-47.156870042341666,True
eegmmidb,S006,data/eegmmidb/S006/S006R03.edf,4,22,88.0,motor_execution,T1,ds005284,2,1.0,-47.986949997197925,True
eegmmidb,S006,data/eegmmidb/S006/S006R03.edf,4,23,92.0,motor_execution,T0,ds005284,2,1.0,-52.10200520070909,True
eegmmidb,S006,data/eegmmidb/S006/S006R03.edf,4,24,96.0,motor_execution,T2,ds005284,2,1.0,-60.88970825903173,True
eegmmidb,S006,data/eegmmidb/S006/S006R04.edf,4,0,0.0,motor_imagery,T0,ds005284,2,1.0,-27.0199842296985,False
eegmmidb,S006,data/eegmmidb/S006/S006R04.edf,4,1,4.0,motor_imagery,T1,ds005284,2,0.999999948734478,-32.93572293431923,False
eegmmidb,S006,data/eegmmidb/S006/S006R04.edf,4,2,8.0,motor_imagery,T0,ds005284,2,1.0,-50.78309050101951,True
eegmmidb,S006,data/eegmmidb/S006/S006R04.edf,4,3,12.0,motor_imagery,T2,ds005284,2,0.9999999999999218,-52.5433332080375,True
eegmmidb,S006,data/eegmmidb/S006/S006R04.edf,4,4,16.0,motor_imagery,T0,ds005284,2,0.9999999646156971,-29.61920153249512,False
eegmmidb,S006,data/eegmmidb/S006/S006R04.edf,4,5,20.0,motor_imagery,T2,ds005284,2,0.9999999760743494,-32.956514430781446,False
eegmmidb,S006,data/eegmmidb/S006/S006R04.edf,4,6,24.0,motor_imagery,T0,ds005284,2,0.9999829991477954,-27.076138865980262,False
eegmmidb,S006,data/eegmmidb/S006/S006R04.edf,4,7,28.0,motor_imagery,T1,ds005284,2,1.0,-43.75945355946568,True
eegmmidb,S006,data/eegmmidb/S006/S006R04.edf,4,8,32.0,motor_imagery,T0,ds005284,2,0.9999982960548075,-29.470027997737006,False
eegmmidb,S006,data/eegmmidb/S006/S006R04.edf,4,9,36.0,motor_imagery,T1,ds005284,2,0.9999999971126314,-47.09633210557454,True
eegmmidb,S006,data/eegmmidb/S006/S006R04.edf,4,10,40.0,motor_imagery,T0,ds005284,2,0.999999999993836,-26.30275115413807,False
eegmmidb,S006,data/eegmmidb/S006/S006R04.edf,4,11,44.0,motor_imagery,T2,ds005284,2,1.0,-59.331540424332665,True
eegmmidb,S006,data/eegmmidb/S006/S006R04.edf,4,12,48.0,motor_imagery,T0,ds005284,2,0.999999994745405,-29.00604771809329,False
eegmmidb,S006,data/eegmmidb/S006/S006R04.edf,4,13,52.0,motor_imagery,T2,ds005284,2,0.9999988063816421,-59.30683812602479,True
eegmmidb,S006,data/eegmmidb/S006/S006R04.edf,4,14,56.0,motor_imagery,T0,ds005284,2,0.9999980589712765,-22.591877836528244,False
eegmmidb,S006,data/eegmmidb/S006/S006R04.edf,4,15,60.0,motor_imagery,T1,ds005284,2,0.999999999999801,-54.30293379523663,True
eegmmidb,S006,data/eegmmidb/S006/S006R04.edf,4,16,64.0,motor_imagery,T0,ds005284,2,0.999999999999865,-23.431202479375152,False
eegmmidb,S006,data/eegmmidb/S006/S006R04.edf,4,17,68.0,motor_imagery,T1,ds005284,2,0.9999999999245794,-31.784344029621554,False
eegmmidb,S006,data/eegmmidb/S006/S006R04.edf,4,18,72.0,motor_imagery,T0,ds005284,2,0.9999999999998295,-56.55778961110297,True
eegmmidb,S006,data/eegmmidb/S006/S006R04.edf,4,19,76.0,motor_imagery,T2,ds005284,3,0.5777068041151839,-27.40409541107189,True
eegmmidb,S006,data/eegmmidb/S006/S006R04.edf,4,20,80.0,motor_imagery,T0,ds005284,2,0.9999999999735039,-26.69120697686111,False
eegmmidb,S006,data/eegmmidb/S006/S006R04.edf,4,21,84.0,motor_imagery,T0,ds005284,2,0.9999999986247161,-47.90889661033191,True
eegmmidb,S006,data/eegmmidb/S006/S006R04.edf,4,22,88.0,motor_imagery,T1,ds005284,2,0.9999999972551734,-70.82494515265033,True
eegmmidb,S006,data/eegmmidb/S006/S006R04.edf,4,23,92.0,motor_imagery,T0,ds005284,2,0.9998661855575549,-47.59209015090324,True
eegmmidb,S006,data/eegmmidb/S006/S006R07.edf,4,0,0.0,motor_execution,T0,ds005284,2,1.0,-33.04050435797234,False
eegmmidb,S006,data/eegmmidb/S006/S006R07.edf,4,1,4.0,motor_execution,T1,ds005284,2,1.0,-79.19414147805927,True
eegmmidb,S006,data/eegmmidb/S006/S006R07.edf,4,2,8.0,motor_execution,T0,ds005284,2,0.9999866172840012,-38.77216046364496,True
eegmmidb,S006,data/eegmmidb/S006/S006R07.edf,4,3,12.0,motor_execution,T2,ds005284,2,1.0,-63.03961819572945,True
eegmmidb,S006,data/eegmmidb/S006/S006R07.edf,4,4,16.0,motor_execution,T0,ds005284,2,1.0,-30.766840203752444,False
eegmmidb,S006,data/eegmmidb/S006/S006R07.edf,4,5,20.0,motor_execution,T1,ds005284,2,1.0,-93.76195449160146,True
eegmmidb,S006,data/eegmmidb/S006/S006R07.edf,4,6,24.0,motor_execution,T0,ds005284,2,1.0,-46.248461763295985,True
eegmmidb,S006,data/eegmmidb/S006/S006R07.edf,4,7,28.0,motor_execution,T2,ds005284,2,1.0,-149.53369983538707,True
eegmmidb,S006,data/eegmmidb/S006/S006R07.edf,4,8,32.0,motor_execution,T0,ds005284,2,1.0,-36.94529016653795,True
eegmmidb,S006,data/eegmmidb/S006/S006R07.edf,4,9,36.0,motor_execution,T1,ds005284,2,1.0,-47.211717754683505,True
eegmmidb,S006,data/eegmmidb/S006/S006R07.edf,4,10,40.0,motor_execution,T0,ds005284,2,1.0,-96.53765854595119,True
eegmmidb,S006,data/eegmmidb/S006/S006R07.edf,4,11,44.0,motor_execution,T2,ds005284,2,1.0,-47.189768122703306,True
eegmmidb,S006,data/eegmmidb/S006/S006R07.edf,4,12,48.0,motor_execution,T0,ds005284,2,1.0,-77.4988800321108,True
eegmmidb,S006,data/eegmmidb/S006/S006R08.edf,4,0,0.0,motor_imagery,T0,ds005284,2,1.0,-141.75597424799244,True
eegmmidb,S006,data/eegmmidb/S006/S006R08.edf,4,1,4.0,motor_imagery,T1,ds005284,2,1.0,-108.39125877072037,True
eegmmidb,S006,data/eegmmidb/S006/S006R08.edf,4,2,8.0,motor_imagery,T0,ds005284,2,0.9999868844542218,-27.99364927518365,False
eegmmidb,S006,data/eegmmidb/S006/S006R08.edf,4,3,12.0,motor_imagery,T2,ds005284,2,1.0,-62.59914576839622,True
eegmmidb,S006,data/eegmmidb/S006/S006R08.edf,4,4,16.0,motor_imagery,T0,ds005284,2,0.9999999996677573,-24.39502773304845,False
eegmmidb,S006,data/eegmmidb/S006/S006R08.edf,4,5,20.0,motor_imagery,T1,ds005284,2,0.9999999997403961,-64.45331881664853,True
eegmmidb,S006,data/eegmmidb/S006/S006R08.edf,4,6,24.0,motor_imagery,T0,ds005284,2,1.0,-68.58634978370267,True
eegmmidb,S006,data/eegmmidb/S006/S006R08.edf,4,7,28.0,motor_imagery,T2,ds005284,2,1.0,-64.0085208702564,True
eegmmidb,S006,data/eegmmidb/S006/S006R08.edf,4,8,32.0,motor_imagery,T0,ds005284,2,0.9999999996267341,-25.60552264341671,False
eegmmidb,S006,data/eegmmidb/S006/S006R08.edf,4,9,36.0,motor_imagery,T1,ds005284,2,1.0,-57.25413684046128,True
eegmmidb,S006,data/eegmmidb/S006/S006R08.edf,4,10,40.0,motor_imagery,T0,ds005284,2,1.0,-54.752008734953115,True
eegmmidb,S006,data/eegmmidb/S006/S006R08.edf,4,11,44.0,motor_imagery,T2,ds005284,2,1.0,-68.39704661674469,True
eegmmidb,S006,data/eegmmidb/S006/S006R08.edf,4,12,48.0,motor_imagery,T0,ds005284,2,1.0,-83.64168174497132,True
eegmmidb,S006,data/eegmmidb/S006/S006R11.edf,4,0,0.0,motor_execution,T0,ds005284,2,1.0,-97.76723334424014,True
eegmmidb,S006,data/eegmmidb/S006/S006R11.edf,4,1,4.0,motor_execution,T2,ds005284,2,1.0,-32.61095588257954,False
eegmmidb,S006,data/eegmmidb/S006/S006R11.edf,4,2,8.0,motor_execution,T0,ds005284,2,1.0,-101.49962247180154,True
eegmmidb,S006,data/eegmmidb/S006/S006R11.edf,4,3,12.0,motor_execution,T1,ds005284,2,1.0,-97.1175096600881,True
eegmmidb,S006,data/eegmmidb/S006/S006R11.edf,4,4,16.0,motor_execution,T0,ds005284,2,1.0,-45.585238803038514,True
eegmmidb,S006,data/eegmmidb/S006/S006R11.edf,4,5,20.0,motor_execution,T2,ds005284,2,1.0,-88.60802349159276,True
eegmmidb,S006,data/eegmmidb/S006/S006R11.edf,4,6,24.0,motor_execution,T0,ds005284,2,1.0,-98.47547211138765,True
eegmmidb,S006,data/eegmmidb/S006/S006R11.edf,4,7,28.0,motor_execution,T1,ds005284,2,1.0,-85.11785671140446,True
eegmmidb,S006,data/eegmmidb/S006/S006R11.edf,4,8,32.0,motor_execution,T0,ds005284,2,1.0,-88.87744257568455,True
eegmmidb,S006,data/eegmmidb/S006/S006R11.edf,4,9,36.0,motor_execution,T2,ds005284,2,1.0,-123.02577042707262,True
eegmmidb,S006,data/eegmmidb/S006/S006R12.edf,4,0,0.0,motor_imagery,T0,ds005284,2,1.0,-180.40382110594052,True
eegmmidb,S006,data/eegmmidb/S006/S006R12.edf,4,1,4.0,motor_imagery,T1,ds005284,2,1.0,-61.38639874864126,True
eegmmidb,S006,data/eegmmidb/S006/S006R12.edf,4,2,8.0,motor_imagery,T0,ds005284,2,1.0,-30.19250233980795,False
eegmmidb,S006,data/eegmmidb/S006/S006R12.edf,4,3,12.0,motor_imagery,T2,ds005284,2,1.0,-59.03976965250347,True
eegmmidb,S006,data/eegmmidb/S006/S006R12.edf,4,4,16.0,motor_imagery,T0,ds005284,2,1.0,-28.722161286395995,False
eegmmidb,S006,data/eegmmidb/S006/S006R12.edf,4,5,20.0,motor_imagery,T1,ds005284,2,1.0,-40.80623585838956,True
eegmmidb,S006,data/eegmmidb/S006/S006R12.edf,4,6,24.0,motor_imagery,T0,ds005284,2,1.0,-50.59328578849898,True
eegmmidb,S006,data/eegmmidb/S006/S006R12.edf,4,7,28.0,motor_imagery,T2,ds005284,2,1.0,-113.30916614552412,True
eegmmidb,S006,data/eegmmidb/S006/S006R12.edf,4,8,32.0,motor_imagery,T0,ds005284,2,1.0,-85.85014267151145,True
eegmmidb,S006,data/eegmmidb/S006/S006R12.edf,4,9,36.0,motor_imagery,T2,ds005284,2,1.0,-76.07216210979887,True
eegmmidb,S006,data/eegmmidb/S006/S006R12.edf,4,10,40.0,motor_imagery,T0,ds005284,2,1.0,-98.49225035274124,True
eegmmidb,S007,data/eegmmidb/S007/S007R01.edf,4,0,0.0,eyes_open_rest,T0,ds005284,0,0.9998894910295688,-32.233099497674,False
eegmmidb,S007,data/eegmmidb/S007/S007R01.edf,4,1,4.0,eyes_open_rest,T0,ds005284,3,0.8728236085932604,-45.494480872560224,True
eegmmidb,S007,data/eegmmidb/S007/S007R01.edf,4,2,8.0,eyes_open_rest,T0,ds005284,2,0.9999998950135504,-36.347548272715706,True
eegmmidb,S007,data/eegmmidb/S007/S007R01.edf,4,3,12.0,eyes_open_rest,T0,ds005284,0,0.999999434106112,-52.78176136100068,True
eegmmidb,S007,data/eegmmidb/S007/S007R01.edf,4,4,16.0,eyes_open_rest,T0,ds005284,2,0.745158593857225,-61.72406527622708,True
eegmmidb,S007,data/eegmmidb/S007/S007R01.edf,4,5,20.0,eyes_open_rest,T0,ds005284,0,0.9999835377904449,-68.60679983857129,True
eegmmidb,S007,data/eegmmidb/S007/S007R01.edf,4,6,24.0,eyes_open_rest,T0,ds005284,0,0.9955939476244252,-43.89265785785194,True
eegmmidb,S007,data/eegmmidb/S007/S007R01.edf,4,7,28.0,eyes_open_rest,T0,ds005284,0,0.9695092192459374,-49.31587802456937,True
eegmmidb,S007,data/eegmmidb/S007/S007R01.edf,4,8,32.0,eyes_open_rest,T0,ds005284,0,0.999999997687361,-55.74870594610437,True
eegmmidb,S007,data/eegmmidb/S007/S007R01.edf,4,9,36.0,eyes_open_rest,T0,ds005284,0,1.0,-60.0191114456302,True
eegmmidb,S007,data/eegmmidb/S007/S007R02.edf,4,0,0.0,eyes_closed_rest,T0,ds005284,0,0.9998572020915955,-119.50552167640616,True
eegmmidb,S007,data/eegmmidb/S007/S007R02.edf,4,1,4.0,eyes_closed_rest,T0,ds005284,0,0.9999415652886765,-117.62599047061346,True
eegmmidb,S007,data/eegmmidb/S007/S007R02.edf,4,2,8.0,eyes_closed_rest,T0,ds005284,0,0.9998273183460775,-116.17170089716276,True
eegmmidb,S007,data/eegmmidb/S007/S007R02.edf,4,3,12.0,eyes_closed_rest,T0,ds005284,3,0.9995716716817625,-83.97786952626826,True
eegmmidb,S007,data/eegmmidb/S007/S007R02.edf,4,4,16.0,eyes_closed_rest,T0,ds005284,3,0.7581193902960133,-107.73910067579664,True
eegmmidb,S007,data/eegmmidb/S007/S007R02.edf,4,5,20.0,eyes_closed_rest,T0,ds005284,0,0.9999999999787974,-110.87461182063691,True
eegmmidb,S007,data/eegmmidb/S007/S007R02.edf,4,6,24.0,eyes_closed_rest,T0,ds005284,3,0.9999999861796028,-81.56185036095407,True
eegmmidb,S007,data/eegmmidb/S007/S007R02.edf,4,7,28.0,eyes_closed_rest,T0,ds005284,3,0.8660606684495882,-114.79940332961054,True
eegmmidb,S007,data/eegmmidb/S007/S007R02.edf,4,8,32.0,eyes_closed_rest,T0,ds005284,0,1.0,-90.83123047741228,True
eegmmidb,S007,data/eegmmidb/S007/S007R03.edf,4,0,0.0,motor_execution,T0,ds005284,2,0.9999995543217606,-40.174039763346876,True
eegmmidb,S007,data/eegmmidb/S007/S007R03.edf,4,1,4.0,motor_execution,T2,ds005284,2,0.9995626627551133,-36.13834463837263,True
eegmmidb,S007,data/eegmmidb/S007/S007R03.edf,4,2,8.0,motor_execution,T0,ds005284,0,0.9999450974909241,-33.588116477102524,False
eegmmidb,S007,data/eegmmidb/S007/S007R03.edf,4,3,12.0,motor_execution,T1,ds005284,0,0.9999974526307129,-31.346688599409433,False
eegmmidb,S007,data/eegmmidb/S007/S007R03.edf,4,4,16.0,motor_execution,T0,ds005284,0,0.976769704689617,-43.42364608752141,True
eegmmidb,S007,data/eegmmidb/S007/S007R03.edf,4,5,20.0,motor_execution,T2,ds005284,2,0.9529602269783445,-37.60609771540815,True
eegmmidb,S007,data/eegmmidb/S007/S007R03.edf,4,6,24.0,motor_execution,T0,ds005284,2,0.9982102087935976,-45.83000423552879,True
eegmmidb,S007,data/eegmmidb/S007/S007R03.edf,4,7,28.0,motor_execution,T1,ds005284,0,0.9999832151920685,-48.51863700339085,True
eegmmidb,S007,data/eegmmidb/S007/S007R04.edf,4,0,0.0,motor_imagery,T0,ds005284,2,0.9999999999863007,-38.56954431466444,True
eegmmidb,S007,data/eegmmidb/S007/S007R04.edf,4,1,4.0,motor_imagery,T1,ds005284,2,0.9999999878080886,-61.4421761412967,True
eegmmidb,S007,data/eegmmidb/S007/S007R04.edf,4,2,8.0,motor_imagery,T0,ds005284,0,1.0,-43.33215856799379,True
eegmmidb,S007,data/eegmmidb/S007/S007R04.edf,4,3,12.0,motor_imagery,T2,ds005284,2,0.9369764777089937,-43.060256402548234,True
eegmmidb,S007,data/eegmmidb/S007/S007R07.edf,4,0,0.0,motor_execution,T0,ds005284,2,0.9999999999953246,-64.67601554791138,True
eegmmidb,S007,data/eegmmidb/S007/S007R07.edf,4,1,4.0,motor_execution,T2,ds005284,3,0.99989673394479,-73.05284452300789,True
eegmmidb,S007,data/eegmmidb/S007/S007R07.edf,4,2,8.0,motor_execution,T0,ds005284,0,1.0,-47.54520388149318,True
eegmmidb,S007,data/eegmmidb/S007/S007R07.edf,4,3,12.0,motor_execution,T1,ds005284,2,0.9999999444852621,-51.11626445713662,True
eegmmidb,S007,data/eegmmidb/S007/S007R07.edf,4,4,16.0,motor_execution,T0,ds005284,0,1.0,-48.39484127313882,True
eegmmidb,S007,data/eegmmidb/S007/S007R07.edf,4,5,20.0,motor_execution,T2,ds005284,2,0.9999999999794724,-46.53908179427053,True
eegmmidb,S007,data/eegmmidb/S007/S007R07.edf,4,6,24.0,motor_execution,T0,ds005284,0,1.0,-73.0866642609848,True
eegmmidb,S007,data/eegmmidb/S007/S007R07.edf,4,7,28.0,motor_execution,T1,ds005284,0,1.0,-74.5149564124037,True
eegmmidb,S007,data/eegmmidb/S007/S007R07.edf,4,8,32.0,motor_execution,T0,ds005284,0,1.0,-50.23272566760545,True
eegmmidb,S007,data/eegmmidb/S007/S007R07.edf,4,9,36.0,motor_execution,T2,ds005284,0,1.0,-42.269330826934606,True
eegmmidb,S007,data/eegmmidb/S007/S007R07.edf,4,10,40.0,motor_execution,T0,ds005284,0,1.0,-75.28999073645988,True
eegmmidb,S007,data/eegmmidb/S007/S007R07.edf,4,11,44.0,motor_execution,T1,ds005284,0,1.0,-70.28482409031352,True
eegmmidb,S007,data/eegmmidb/S007/S007R07.edf,4,12,48.0,motor_execution,T0,ds005284,0,1.0,-69.31380672635797,True
eegmmidb,S007,data/eegmmidb/S007/S007R07.edf,4,13,52.0,motor_execution,T2,ds005284,0,0.9999999999994884,-85.12722857619272,True
eegmmidb,S007,data/eegmmidb/S007/S007R07.edf,4,14,56.0,motor_execution,T2,ds005284,3,0.9999985222428455,-53.14569678530145,True
eegmmidb,S007,data/eegmmidb/S007/S007R07.edf,4,15,60.0,motor_execution,T0,ds005284,2,0.9953483709095344,-69.03201731584254,True
eegmmidb,S007,data/eegmmidb/S007/S007R07.edf,4,16,64.0,motor_execution,T1,ds005284,0,1.0,-87.3249599452011,True
eegmmidb,S007,data/eegmmidb/S007/S007R07.edf,4,17,68.0,motor_execution,T0,ds005284,3,1.0,-76.14724810527224,True
eegmmidb,S007,data/eegmmidb/S007/S007R07.edf,4,18,72.0,motor_execution,T2,ds005284,0,0.9999558191645409,-56.392473212353735,True
eegmmidb,S007,data/eegmmidb/S007/S007R07.edf,4,19,76.0,motor_execution,T0,ds005284,3,0.9999999601367059,-62.49622459822969,True
eegmmidb,S007,data/eegmmidb/S007/S007R07.edf,4,20,80.0,motor_execution,T1,ds005284,3,0.9995158709683528,-63.65410809165259,True
eegmmidb,S007,data/eegmmidb/S007/S007R07.edf,4,21,84.0,motor_execution,T0,ds005284,0,1.0,-61.413322029446036,True
eegmmidb,S007,data/eegmmidb/S007/S007R07.edf,4,22,88.0,motor_execution,T2,ds005284,3,0.999999302889607,-68.89402306043871,True
eegmmidb,S007,data/eegmmidb/S007/S007R07.edf,4,23,92.0,motor_execution,T0,ds005284,3,1.0,-71.56113130350703,True
eegmmidb,S007,data/eegmmidb/S007/S007R07.edf,4,24,96.0,motor_execution,T1,ds005284,0,0.999999999999929,-73.8139501492055,True
eegmmidb,S007,data/eegmmidb/S007/S007R07.edf,4,25,100.0,motor_execution,T0,ds005284,0,0.9981777936784817,-86.20933459953415,True
eegmmidb,S007,data/eegmmidb/S007/S007R07.edf,4,26,104.0,motor_execution,T2,ds005284,0,1.0,-55.30338246259619,True
eegmmidb,S007,data/eegmmidb/S007/S007R07.edf,4,27,108.0,motor_execution,T0,ds005284,0,1.0,-73.94857266163594,True
eegmmidb,S007,data/eegmmidb/S007/S007R07.edf,4,28,112.0,motor_execution,T1,ds005284,3,1.0,-74.20925241390873,True
eegmmidb,S007,data/eegmmidb/S007/S007R07.edf,4,29,116.0,motor_execution,T0,ds005284,0,0.9999999998109388,-63.38565886214897,True
eegmmidb,S007,data/eegmmidb/S007/S007R07.edf,4,30,120.0,motor_execution,T1,ds005284,0,0.9999999999990479,-64.14673581403056,True
eegmmidb,S007,data/eegmmidb/S007/S007R08.edf,4,0,0.0,motor_imagery,T0,ds005284,0,1.0,-87.70738722120154,True
eegmmidb,S007,data/eegmmidb/S007/S007R08.edf,4,1,4.0,motor_imagery,T1,ds005284,3,1.0,-62.72752413761219,True
eegmmidb,S007,data/eegmmidb/S007/S007R08.edf,4,2,8.0,motor_imagery,T0,ds005284,0,1.0,-49.732921835525005,True
eegmmidb,S007,data/eegmmidb/S007/S007R08.edf,4,3,12.0,motor_imagery,T2,ds005284,3,1.0,-49.04502205101413,True
eegmmidb,S007,data/eegmmidb/S007/S007R08.edf,4,4,16.0,motor_imagery,T0,ds005284,0,1.0,-66.0141067159432,True
eegmmidb,S007,data/eegmmidb/S007/S007R08.edf,4,5,20.0,motor_imagery,T1,ds005284,3,1.0,-40.8113123972171,True
eegmmidb,S007,data/eegmmidb/S007/S007R08.edf,4,6,24.0,motor_imagery,T0,ds005284,0,1.0,-56.53789835938258,True
eegmmidb,S007,data/eegmmidb/S007/S007R08.edf,4,7,28.0,motor_imagery,T2,ds005284,3,1.0,-58.795050526927895,True
eegmmidb,S007,data/eegmmidb/S007/S007R08.edf,4,8,32.0,motor_imagery,T0,ds005284,0,1.0,-92.04979572513999,True
eegmmidb,S007,data/eegmmidb/S007/S007R08.edf,4,9,36.0,motor_imagery,T2,ds005284,3,0.9999999999999858,-52.339338370735746,True
eegmmidb,S007,data/eegmmidb/S007/S007R08.edf,4,10,40.0,motor_imagery,T0,ds005284,0,1.0,-89.67077699915392,True
eegmmidb,S007,data/eegmmidb/S007/S007R08.edf,4,11,44.0,motor_imagery,T1,ds005284,3,0.9999999999997726,-64.28724308875874,True
eegmmidb,S007,data/eegmmidb/S007/S007R08.edf,4,12,48.0,motor_imagery,T0,ds005284,0,1.0,-38.81568632406071,True
eegmmidb,S007,data/eegmmidb/S007/S007R08.edf,4,13,52.0,motor_imagery,T1,ds005284,0,0.9999998679794346,-50.618606986828084,True
eegmmidb,S007,data/eegmmidb/S007/S007R08.edf,4,14,56.0,motor_imagery,T1,ds005284,0,0.9999999984121359,-80.97306744782425,True
eegmmidb,S007,data/eegmmidb/S007/S007R08.edf,4,15,60.0,motor_imagery,T0,ds005284,0,0.9999974215200413,-50.59444337844237,True
eegmmidb,S007,data/eegmmidb/S007/S007R08.edf,4,16,64.0,motor_imagery,T2,ds005284,0,1.0,-78.33457367497489,True
eegmmidb,S007,data/eegmmidb/S007/S007R08.edf,4,17,68.0,motor_imagery,T0,ds005284,0,1.0,-74.7504798977765,True
eegmmidb,S007,data/eegmmidb/S007/S007R08.edf,4,18,72.0,motor_imagery,T2,ds005284,0,1.0,-89.44689784334638,True
eegmmidb,S007,data/eegmmidb/S007/S007R08.edf,4,19,76.0,motor_imagery,T0,ds005284,3,0.9758333724540552,-72.13414434827061,True
eegmmidb,S007,data/eegmmidb/S007/S007R08.edf,4,20,80.0,motor_imagery,T1,ds005284,0,0.9685724263137583,-83.2655659446334,True
eegmmidb,S007,data/eegmmidb/S007/S007R08.edf,4,21,84.0,motor_imagery,T0,ds005284,0,0.9839195065037852,-64.74027665570992,True
eegmmidb,S007,data/eegmmidb/S007/S007R08.edf,4,22,88.0,motor_imagery,T2,ds005284,0,0.9018646444137132,-90.33454199282276,True
eegmmidb,S007,data/eegmmidb/S007/S007R08.edf,4,23,92.0,motor_imagery,T0,ds005284,0,0.9999999999989768,-50.399185786532,True
eegmmidb,S007,data/eegmmidb/S007/S007R08.edf,4,24,96.0,motor_imagery,T1,ds005284,0,0.9999125144713753,-53.664302936975574,True
eegmmidb,S007,data/eegmmidb/S007/S007R08.edf,4,25,100.0,motor_imagery,T0,ds005284,0,1.0,-85.96310838799806,True
eegmmidb,S007,data/eegmmidb/S007/S007R08.edf,4,26,104.0,motor_imagery,T1,ds005284,3,1.0,-55.63282779352285,True
eegmmidb,S007,data/eegmmidb/S007/S007R08.edf,4,27,108.0,motor_imagery,T0,ds005284,0,1.0,-52.916111187644674,True
eegmmidb,S007,data/eegmmidb/S007/S007R08.edf,4,28,112.0,motor_imagery,T2,ds005284,3,0.9999999999986926,-71.73448501578305,True
eegmmidb,S007,data/eegmmidb/S007/S007R08.edf,4,29,116.0,motor_imagery,T0,ds005284,0,0.9999999680348357,-47.35759468642161,True
eegmmidb,S007,data/eegmmidb/S007/S007R08.edf,4,30,120.0,motor_imagery,T1,ds005284,3,0.9999999999937472,-87.38477349814455,True
eegmmidb,S007,data/eegmmidb/S007/S007R11.edf,4,0,0.0,motor_execution,T0,ds005284,2,0.9999999028485338,-62.15465662143007,True
eegmmidb,S007,data/eegmmidb/S007/S007R11.edf,4,1,4.0,motor_execution,T1,ds005284,2,0.9999999933207633,-49.40323949680946,True
eegmmidb,S007,data/eegmmidb/S007/S007R11.edf,4,2,8.0,motor_execution,T0,ds005284,0,1.0,-64.8170359824767,True
eegmmidb,S007,data/eegmmidb/S007/S007R11.edf,4,3,12.0,motor_execution,T2,ds005284,0,0.6616801927126107,-54.81932686215754,True
eegmmidb,S007,data/eegmmidb/S007/S007R11.edf,4,4,16.0,motor_execution,T0,ds005284,0,0.9999999999872244,-64.9074475270819,True
eegmmidb,S007,data/eegmmidb/S007/S007R11.edf,4,5,20.0,motor_execution,T1,ds005284,2,1.0,-59.83785951365588,True
eegmmidb,S007,data/eegmmidb/S007/S007R11.edf,4,6,24.0,motor_execution,T0,ds005284,0,0.9993553558739491,-67.13840112022454,True
eegmmidb,S007,data/eegmmidb/S007/S007R11.edf,4,7,28.0,motor_execution,T2,ds005284,0,1.0,-67.97583731387002,True
eegmmidb,S007,data/eegmmidb/S007/S007R11.edf,4,8,32.0,motor_execution,T0,ds005284,0,1.0,-72.5838590910039,True
eegmmidb,S007,data/eegmmidb/S007/S007R11.edf,4,9,36.0,motor_execution,T1,ds005284,0,0.994612236568765,-56.73245311083155,True
eegmmidb,S007,data/eegmmidb/S007/S007R11.edf,4,10,40.0,motor_execution,T0,ds005284,0,1.0,-55.1381657967259,True
eegmmidb,S007,data/eegmmidb/S007/S007R11.edf,4,11,44.0,motor_execution,T2,ds005284,0,0.999999999980659,-53.151484998535494,True
eegmmidb,S007,data/eegmmidb/S007/S007R11.edf,4,12,48.0,motor_execution,T0,ds005284,0,0.9999999998915641,-38.95427620997568,True
eegmmidb,S007,data/eegmmidb/S007/S007R11.edf,4,13,52.0,motor_execution,T2,ds005284,0,0.9999999998918412,-58.58226080205952,True
eegmmidb,S007,data/eegmmidb/S007/S007R11.edf,4,14,56.0,motor_execution,T2,ds005284,0,1.0,-67.95249336201839,True
eegmmidb,S007,data/eegmmidb/S007/S007R11.edf,4,15,60.0,motor_execution,T0,ds005284,0,1.0,-50.55133032770887,True
eegmmidb,S007,data/eegmmidb/S007/S007R11.edf,4,16,64.0,motor_execution,T1,ds005284,0,1.0,-37.52072120758156,True
eegmmidb,S007,data/eegmmidb/S007/S007R11.edf,4,17,68.0,motor_execution,T0,ds005284,0,0.9999999988288337,-61.8404305349217,True
eegmmidb,S007,data/eegmmidb/S007/S007R11.edf,4,18,72.0,motor_execution,T2,ds005284,3,0.7162247048372614,-61.890171002550545,True
eegmmidb,S007,data/eegmmidb/S007/S007R11.edf,4,19,76.0,motor_execution,T0,ds005284,0,0.9999999999999858,-93.32774348049058,True
eegmmidb,S007,data/eegmmidb/S007/S007R11.edf,4,20,80.0,motor_execution,T1,ds005284,0,0.999673844257465,-49.3967274209402,True
eegmmidb,S007,data/eegmmidb/S007/S007R11.edf,4,21,84.0,motor_execution,T0,ds005284,0,1.0,-66.84335765420911,True
eegmmidb,S007,data/eegmmidb/S007/S007R11.edf,4,22,88.0,motor_execution,T2,ds005284,0,1.0,-74.23651192131632,True
eegmmidb,S007,data/eegmmidb/S007/S007R11.edf,4,23,92.0,motor_execution,T0,ds005284,0,0.9999998701215076,-86.84548402678234,True
eegmmidb,S007,data/eegmmidb/S007/S007R11.edf,4,24,96.0,motor_execution,T1,ds005284,3,0.9999999966243536,-76.40188245246361,True
eegmmidb,S007,data/eegmmidb/S007/S007R11.edf,4,25,100.0,motor_execution,T0,ds005284,0,0.999996337577314,-124.03554217952332,True
eegmmidb,S007,data/eegmmidb/S007/S007R11.edf,4,26,104.0,motor_execution,T1,ds005284,0,1.0,-46.06338082724194,True
eegmmidb,S007,data/eegmmidb/S007/S007R11.edf,4,27,108.0,motor_execution,T0,ds005284,0,1.0,-75.72014773493005,True
eegmmidb,S007,data/eegmmidb/S007/S007R11.edf,4,28,112.0,motor_execution,T2,ds005284,2,0.9999998922788422,-71.14982579927924,True
eegmmidb,S007,data/eegmmidb/S007/S007R11.edf,4,29,116.0,motor_execution,T0,ds005284,0,1.0,-64.742882767642,True
eegmmidb,S007,data/eegmmidb/S007/S007R11.edf,4,30,120.0,motor_execution,T1,ds005284,0,0.9999999535658699,-50.42748240549425,True
eegmmidb,S007,data/eegmmidb/S007/S007R12.edf,4,0,0.0,motor_imagery,T0,ds005284,0,0.9999999993166142,-64.81807880073022,True
eegmmidb,S007,data/eegmmidb/S007/S007R12.edf,4,1,4.0,motor_imagery,T1,ds005284,3,0.9999999567508704,-74.67312426691339,True
eegmmidb,S007,data/eegmmidb/S007/S007R12.edf,4,2,8.0,motor_imagery,T0,ds005284,0,1.0,-51.00803586532747,True
eegmmidb,S007,data/eegmmidb/S007/S007R12.edf,4,3,12.0,motor_imagery,T2,ds005284,3,1.0,-70.93363076214396,True
eegmmidb,S007,data/eegmmidb/S007/S007R12.edf,4,4,16.0,motor_imagery,T0,ds005284,0,0.9999999999997442,-77.38501386077392,True
eegmmidb,S007,data/eegmmidb/S007/S007R12.edf,4,5,20.0,motor_imagery,T1,ds005284,3,1.0,-60.16976283912953,True
eegmmidb,S007,data/eegmmidb/S007/S007R12.edf,4,6,24.0,motor_imagery,T0,ds005284,0,1.0,-61.386521397286344,True
eegmmidb,S007,data/eegmmidb/S007/S007R12.edf,4,7,28.0,motor_imagery,T2,ds005284,3,0.9999999999999574,-64.83942673878803,True
eegmmidb,S007,data/eegmmidb/S007/S007R12.edf,4,8,32.0,motor_imagery,T0,ds005284,3,0.9999356033301642,-54.651610011354734,True
eegmmidb,S007,data/eegmmidb/S007/S007R12.edf,4,9,36.0,motor_imagery,T2,ds005284,2,1.0,-76.37899229751922,True
eegmmidb,S007,data/eegmmidb/S007/S007R12.edf,4,10,40.0,motor_imagery,T0,ds005284,0,1.0,-52.09020396537392,True
eegmmidb,S007,data/eegmmidb/S007/S007R12.edf,4,11,44.0,motor_imagery,T1,ds005284,0,0.9999999692031456,-54.70007524350075,True
eegmmidb,S007,data/eegmmidb/S007/S007R12.edf,4,12,48.0,motor_imagery,T0,ds005284,0,0.9999999999987637,-71.86957123963717,True
eegmmidb,S007,data/eegmmidb/S007/S007R12.edf,4,13,52.0,motor_imagery,T2,ds005284,0,0.9999974001650545,-85.21709962321701,True
eegmmidb,S007,data/eegmmidb/S007/S007R12.edf,4,14,56.0,motor_imagery,T2,ds005284,0,0.9999999999999858,-99.60323055127043,True
eegmmidb,S007,data/eegmmidb/S007/S007R12.edf,4,15,60.0,motor_imagery,T0,ds005284,0,0.9999999999850075,-74.06618491345439,True
eegmmidb,S007,data/eegmmidb/S007/S007R12.edf,4,16,64.0,motor_imagery,T1,ds005284,0,1.0,-92.75829680581671,True
eegmmidb,S007,data/eegmmidb/S007/S007R12.edf,4,17,68.0,motor_imagery,T0,ds005284,0,0.999491474548801,-58.50731470645577,True
eegmmidb,S007,data/eegmmidb/S007/S007R12.edf,4,18,72.0,motor_imagery,T1,ds005284,0,0.9999999980319103,-93.10943035144687,True
eegmmidb,S007,data/eegmmidb/S007/S007R12.edf,4,19,76.0,motor_imagery,T0,ds005284,0,0.9509149853209506,-66.26544997205045,True
eegmmidb,S007,data/eegmmidb/S007/S007R12.edf,4,20,80.0,motor_imagery,T2,ds005284,0,0.9999923789435959,-54.25565907374525,True
eegmmidb,S007,data/eegmmidb/S007/S007R12.edf,4,21,84.0,motor_imagery,T0,ds005284,3,0.9668623613833728,-70.25693727073245,True
eegmmidb,S007,data/eegmmidb/S007/S007R12.edf,4,22,88.0,motor_imagery,T1,ds005284,3,0.9999999999999503,-60.79320097171415,True
eegmmidb,S007,data/eegmmidb/S007/S007R12.edf,4,23,92.0,motor_imagery,T0,ds005284,0,0.9999999999412026,-35.27756656343623,True
eegmmidb,S007,data/eegmmidb/S007/S007R12.edf,4,24,96.0,motor_imagery,T2,ds005284,3,1.0,-65.27651747548362,True
eegmmidb,S007,data/eegmmidb/S007/S007R12.edf,4,25,100.0,motor_imagery,T0,ds005284,0,0.9999999999995737,-35.916773125661095,True
eegmmidb,S007,data/eegmmidb/S007/S007R12.edf,4,26,104.0,motor_imagery,T1,ds005284,0,0.9999949841336246,-68.21396982736418,True
eegmmidb,S007,data/eegmmidb/S007/S007R12.edf,4,27,108.0,motor_imagery,T0,ds005284,0,0.9999999999880202,-54.35500882132108,True
eegmmidb,S007,data/eegmmidb/S007/S007R12.edf,4,28,112.0,motor_imagery,T2,ds005284,3,1.0,-51.189520511604144,True
eegmmidb,S007,data/eegmmidb/S007/S007R12.edf,4,29,116.0,motor_imagery,T0,ds005284,0,1.0,-51.951409443195104,True
eegmmidb,S007,data/eegmmidb/S007/S007R12.edf,4,30,120.0,motor_imagery,T2,ds005284,3,1.0,-60.507135910521896,True
eegmmidb,S008,data/eegmmidb/S008/S008R01.edf,4,0,0.0,eyes_open_rest,T0,ds005284,2,0.9997919108912554,-41.76580860841477,True
eegmmidb,S008,data/eegmmidb/S008/S008R01.edf,4,1,4.0,eyes_open_rest,T0,ds005284,2,0.9999918605482314,-30.11711502981085,False
eegmmidb,S008,data/eegmmidb/S008/S008R01.edf,4,2,8.0,eyes_open_rest,T0,ds005284,2,0.9999999999996803,-39.78591859505144,True
eegmmidb,S008,data/eegmmidb/S008/S008R01.edf,4,3,12.0,eyes_open_rest,T0,ds005284,2,0.9998504054287205,-33.68989490091426,False
eegmmidb,S008,data/eegmmidb/S008/S008R01.edf,4,4,16.0,eyes_open_rest,T0,ds005284,2,0.9995715785187248,-43.146022861594716,True
eegmmidb,S008,data/eegmmidb/S008/S008R01.edf,4,5,20.0,eyes_open_rest,T0,ds005284,2,0.9834416172219992,-46.49128792914854,True
eegmmidb,S008,data/eegmmidb/S008/S008R01.edf,4,6,24.0,eyes_open_rest,T0,ds005284,0,0.999999999754106,-24.248171440974968,False
eegmmidb,S008,data/eegmmidb/S008/S008R01.edf,4,7,28.0,eyes_open_rest,T0,ds005284,2,0.9999999917847084,-26.415902467501535,False
eegmmidb,S008,data/eegmmidb/S008/S008R01.edf,4,8,32.0,eyes_open_rest,T0,ds005284,0,1.0,-36.7380258520282,True
eegmmidb,S008,data/eegmmidb/S008/S008R01.edf,4,9,36.0,eyes_open_rest,T0,ds005284,2,0.8849970033740426,-32.5151866189996,False
eegmmidb,S008,data/eegmmidb/S008/S008R01.edf,4,10,40.0,eyes_open_rest,T0,ds005284,2,0.5318784147637143,-43.84924599972115,True
eegmmidb,S008,data/eegmmidb/S008/S008R01.edf,4,11,44.0,eyes_open_rest,T0,ds005284,2,0.9764348531082463,-31.68352901801097,False
eegmmidb,S008,data/eegmmidb/S008/S008R01.edf,4,12,48.0,eyes_open_rest,T0,ds005284,2,0.9999997454644824,-36.66065243999949,True
eegmmidb,S008,data/eegmmidb/S008/S008R01.edf,4,13,52.0,eyes_open_rest,T0,ds005284,2,0.9999999989949657,-40.76908982568812,True
eegmmidb,S008,data/eegmmidb/S008/S008R01.edf,4,14,56.0,eyes_open_rest,T0,ds005284,2,0.9999778054843198,-33.736698857533106,False
eegmmidb,S008,data/eegmmidb/S008/S008R02.edf,4,0,0.0,eyes_closed_rest,T0,ds005284,3,1.0,-52.35295001566391,True
eegmmidb,S008,data/eegmmidb/S008/S008R02.edf,4,1,4.0,eyes_closed_rest,T0,ds005284,3,1.0,-48.84979073071964,True
eegmmidb,S008,data/eegmmidb/S008/S008R02.edf,4,2,8.0,eyes_closed_rest,T0,ds005284,3,1.0,-40.3314906610581,True
eegmmidb,S008,data/eegmmidb/S008/S008R02.edf,4,3,12.0,eyes_closed_rest,T0,ds005284,3,1.0,-43.95319907906865,True
eegmmidb,S008,data/eegmmidb/S008/S008R02.edf,4,4,16.0,eyes_closed_rest,T0,ds005284,3,1.0,-32.64818288820665,False
eegmmidb,S008,data/eegmmidb/S008/S008R02.edf,4,5,20.0,eyes_closed_rest,T0,ds005284,3,1.0,-33.63463540903943,False
eegmmidb,S008,data/eegmmidb/S008/S008R02.edf,4,6,24.0,eyes_closed_rest,T0,ds005284,3,0.9999999999980957,-33.437330920426085,False
eegmmidb,S008,data/eegmmidb/S008/S008R02.edf,4,7,28.0,eyes_closed_rest,T0,ds005284,3,1.0,-46.949445899941786,True
eegmmidb,S008,data/eegmmidb/S008/S008R02.edf,4,8,32.0,eyes_closed_rest,T0,ds005284,3,1.0,-50.1054598693995,True
eegmmidb,S008,data/eegmmidb/S008/S008R02.edf,4,9,36.0,eyes_closed_rest,T0,ds005284,0,0.9990579851519704,-24.612987117460467,False
eegmmidb,S008,data/eegmmidb/S008/S008R02.edf,4,10,40.0,eyes_closed_rest,T0,ds005284,2,0.988266056607457,-30.01739289430216,False
eegmmidb,S008,data/eegmmidb/S008/S008R02.edf,4,11,44.0,eyes_closed_rest,T0,ds005284,2,0.9999982572050409,-29.03602239751917,False
eegmmidb,S008,data/eegmmidb/S008/S008R02.edf,4,12,48.0,eyes_closed_rest,T0,ds005284,2,0.9521814643312946,-27.70435051661579,False
eegmmidb,S008,data/eegmmidb/S008/S008R02.edf,4,13,52.0,eyes_closed_rest,T0,ds005284,3,0.9999999999992966,-40.43165025069427,True
eegmmidb,S008,data/eegmmidb/S008/S008R02.edf,4,14,56.0,eyes_closed_rest,T0,ds005284,3,1.0,-49.15009816939122,True
eegmmidb,S008,data/eegmmidb/S008/S008R03.edf,4,0,0.0,motor_execution,T0,ds005284,2,0.5655201608692324,-33.41407308516015,True
eegmmidb,S008,data/eegmmidb/S008/S008R03.edf,4,1,4.0,motor_execution,T1,ds005284,2,0.9999999998121751,-33.35179127578635,False
eegmmidb,S008,data/eegmmidb/S008/S008R03.edf,4,2,8.0,motor_execution,T0,ds005284,2,0.9999999999999929,-34.73234878902661,True
eegmmidb,S008,data/eegmmidb/S008/S008R03.edf,4,3,12.0,motor_execution,T2,ds005284,2,0.9999999945429181,-34.56816948812037,True
eegmmidb,S008,data/eegmmidb/S008/S008R03.edf,4,4,16.0,motor_execution,T0,ds005284,2,0.9999947979802162,-34.05621800855475,True
eegmmidb,S008,data/eegmmidb/S008/S008R03.edf,4,5,20.0,motor_execution,T1,ds005284,2,1.0,-42.92787887054973,True
eegmmidb,S008,data/eegmmidb/S008/S008R03.edf,4,6,24.0,motor_execution,T0,ds005284,2,0.9466467078837157,-31.994215826164336,False
eegmmidb,S008,data/eegmmidb/S008/S008R03.edf,4,7,28.0,motor_execution,T2,ds005284,2,0.9999999999999929,-50.40023014538553,True
eegmmidb,S008,data/eegmmidb/S008/S008R03.edf,4,8,32.0,motor_execution,T0,ds005284,2,0.9999999065363,-31.27845377329119,False
eegmmidb,S008,data/eegmmidb/S008/S008R03.edf,4,9,36.0,motor_execution,T2,ds005284,2,0.9999983439283041,-36.23781062102273,True
eegmmidb,S008,data/eegmmidb/S008/S008R03.edf,4,10,40.0,motor_execution,T0,ds005284,2,0.999999999986521,-33.562151337684185,False
eegmmidb,S008,data/eegmmidb/S008/S008R03.edf,4,11,44.0,motor_execution,T1,ds005284,2,0.9999999931207313,-27.03095869240684,False
eegmmidb,S008,data/eegmmidb/S008/S008R03.edf,4,12,48.0,motor_execution,T0,ds005284,2,0.9999999999509015,-53.8981725837943,True
eegmmidb,S008,data/eegmmidb/S008/S008R03.edf,4,13,52.0,motor_execution,T1,ds005284,2,0.9999999998529958,-37.53237903416418,True
eegmmidb,S008,data/eegmmidb/S008/S008R03.edf,4,14,56.0,motor_execution,T0,ds005284,2,0.9999999999817035,-32.513828416598486,False
eegmmidb,S008,data/eegmmidb/S008/S008R03.edf,4,15,60.0,motor_execution,T2,ds005284,2,0.9999988781664126,-40.85618254348339,True
eegmmidb,S008,data/eegmmidb/S008/S008R03.edf,4,16,64.0,motor_execution,T0,ds005284,0,0.9927870961027112,-30.19849972321227,False
eegmmidb,S008,data/eegmmidb/S008/S008R03.edf,4,17,68.0,motor_execution,T2,ds005284,2,1.0,-46.40916297969193,True
eegmmidb,S008,data/eegmmidb/S008/S008R03.edf,4,18,72.0,motor_execution,T0,ds005284,2,0.9999999999988916,-34.51127603552037,True
eegmmidb,S008,data/eegmmidb/S008/S008R03.edf,4,19,76.0,motor_execution,T1,ds005284,2,0.999983798714856,-32.03716104349582,False
eegmmidb,S008,data/eegmmidb/S008/S008R03.edf,4,20,80.0,motor_execution,T0,ds005284,2,0.9999998779342011,-31.94972429031327,False
eegmmidb,S008,data/eegmmidb/S008/S008R03.edf,4,21,84.0,motor_execution,T0,ds005284,3,1.0,-81.1461575180151,True
eegmmidb,S008,data/eegmmidb/S008/S008R03.edf,4,22,88.0,motor_execution,T1,ds005284,2,0.9999999999999964,-25.58040451741736,False
eegmmidb,S008,data/eegmmidb/S008/S008R03.edf,4,23,92.0,motor_execution,T0,ds005284,2,0.9999999996192059,-37.36885038461574,True
eegmmidb,S008,data/eegmmidb/S008/S008R03.edf,4,24,96.0,motor_execution,T2,ds005284,2,0.9999999999990408,-28.96105618894626,False
eegmmidb,S008,data/eegmmidb/S008/S008R03.edf,4,25,100.0,motor_execution,T0,ds005284,2,0.9999999998526476,-29.113903224065673,False
eegmmidb,S008,data/eegmmidb/S008/S008R03.edf,4,26,104.0,motor_execution,T2,ds005284,2,0.9999999999996092,-29.330996901418928,False
eegmmidb,S008,data/eegmmidb/S008/S008R03.edf,4,27,108.0,motor_execution,T0,ds005284,2,0.9999471602650665,-35.67044484799602,True
eegmmidb,S008,data/eegmmidb/S008/S008R03.edf,4,28,112.0,motor_execution,T1,ds005284,2,1.0,-35.017808672941705,True
eegmmidb,S008,data/eegmmidb/S008/S008R03.edf,4,29,116.0,motor_execution,T0,ds005284,2,1.0,-59.832678299450755,True
eegmmidb,S008,data/eegmmidb/S008/S008R04.edf,4,0,0.0,motor_imagery,T0,ds005284,2,0.9199242768839895,-32.98139126996792,False
eegmmidb,S008,data/eegmmidb/S008/S008R04.edf,4,1,4.0,motor_imagery,T1,ds005284,2,0.9998658591983596,-46.992848404568505,True
eegmmidb,S008,data/eegmmidb/S008/S008R04.edf,4,2,8.0,motor_imagery,T0,ds005284,2,0.9996369668654882,-26.43074988442131,False
eegmmidb,S008,data/eegmmidb/S008/S008R04.edf,4,3,12.0,motor_imagery,T2,ds005284,2,0.9996641199107118,-29.723471523817683,False
eegmmidb,S008,data/eegmmidb/S008/S008R04.edf,4,4,16.0,motor_imagery,T0,ds005284,2,0.8536463968823147,-28.03908011403311,False
eegmmidb,S008,data/eegmmidb/S008/S008R04.edf,4,5,20.0,motor_imagery,T1,ds005284,0,0.978594997057853,-27.185522944698015,False
eegmmidb,S008,data/eegmmidb/S008/S008R04.edf,4,6,24.0,motor_imagery,T0,ds005284,2,0.9999844675849449,-36.76229743015704,True
eegmmidb,S008,data/eegmmidb/S008/S008R04.edf,4,7,28.0,motor_imagery,T2,ds005284,2,0.9627189660878662,-27.674186175797082,False
eegmmidb,S008,data/eegmmidb/S008/S008R04.edf,4,8,32.0,motor_imagery,T0,ds005284,2,0.9999854795636651,-30.97011397711673,False
eegmmidb,S008,data/eegmmidb/S008/S008R04.edf,4,9,36.0,motor_imagery,T2,ds005284,2,0.9999634703653962,-32.76902547604998,False
eegmmidb,S008,data/eegmmidb/S008/S008R04.edf,4,10,40.0,motor_imagery,T0,ds005284,2,0.9999851577221321,-31.001006126879947,False
eegmmidb,S008,data/eegmmidb/S008/S008R04.edf,4,11,44.0,motor_imagery,T1,ds005284,0,0.9999981808353509,-22.59379770980676,False
eegmmidb,S008,data/eegmmidb/S008/S008R04.edf,4,12,48.0,motor_imagery,T0,ds005284,2,0.9918132454601547,-30.272423358851597,False
eegmmidb,S008,data/eegmmidb/S008/S008R04.edf,4,13,52.0,motor_imagery,T1,ds005284,2,0.9999733084020974,-27.62774002654538,False
eegmmidb,S008,data/eegmmidb/S008/S008R04.edf,4,14,56.0,motor_imagery,T0,ds005284,2,0.9999999324022348,-27.060941760008284,False
eegmmidb,S008,data/eegmmidb/S008/S008R04.edf,4,15,60.0,motor_imagery,T2,ds005284,3,0.9982927715001754,-43.38683540175483,True
eegmmidb,S008,data/eegmmidb/S008/S008R04.edf,4,16,64.0,motor_imagery,T0,ds005284,2,0.9999902678515227,-29.769973047049277,False
eegmmidb,S008,data/eegmmidb/S008/S008R04.edf,4,17,68.0,motor_imagery,T2,ds005284,2,0.8034085043794412,-38.23882249248794,True
eegmmidb,S008,data/eegmmidb/S008/S008R04.edf,4,18,72.0,motor_imagery,T0,ds005284,2,0.9999841594597697,-26.286979494049913,False
eegmmidb,S008,data/eegmmidb/S008/S008R04.edf,4,19,76.0,motor_imagery,T1,ds005284,2,0.8422332997925039,-40.42023872831177,True
eegmmidb,S008,data/eegmmidb/S008/S008R04.edf,4,20,80.0,motor_imagery,T0,ds005284,2,0.999999996174612,-25.602460156570462,False
eegmmidb,S008,data/eegmmidb/S008/S008R04.edf,4,21,84.0,motor_imagery,T0,ds005284,2,0.9999999999908127,-46.33877156305941,True
eegmmidb,S008,data/eegmmidb/S008/S008R04.edf,4,22,88.0,motor_imagery,T2,ds005284,2,0.969378259894315,-34.52977527273989,True
eegmmidb,S008,data/eegmmidb/S008/S008R04.edf,4,23,92.0,motor_imagery,T0,ds005284,2,0.7370644902979979,-48.65894496610931,True
eegmmidb,S008,data/eegmmidb/S008/S008R04.edf,4,24,96.0,motor_imagery,T1,ds005284,2,0.9999999972401667,-28.704313939853854,False
eegmmidb,S008,data/eegmmidb/S008/S008R04.edf,4,25,100.0,motor_imagery,T0,ds005284,2,0.9976734491635832,-38.99076539210143,True
eegmmidb,S008,data/eegmmidb/S008/S008R04.edf,4,26,104.0,motor_imagery,T2,ds005284,2,0.9999942173303047,-26.15161860130368,False
eegmmidb,S008,data/eegmmidb/S008/S008R04.edf,4,27,108.0,motor_imagery,T0,ds005284,2,0.9583295571087356,-44.77234452521587,True
eegmmidb,S008,data/eegmmidb/S008/S008R04.edf,4,28,112.0,motor_imagery,T1,ds005284,2,0.9999999834525682,-41.074042823998504,True
eegmmidb,S008,data/eegmmidb/S008/S008R04.edf,4,29,116.0,motor_imagery,T0,ds005284,2,0.9560482856958116,-38.10514491075071,True
eegmmidb,S008,data/eegmmidb/S008/S008R07.edf,4,0,0.0,motor_execution,T0,ds005284,0,0.9972239896234758,-23.764430517136187,False
eegmmidb,S008,data/eegmmidb/S008/S008R07.edf,4,1,4.0,motor_execution,T1,ds005284,2,0.9191995973159011,-31.445419584003858,False
eegmmidb,S008,data/eegmmidb/S008/S008R07.edf,4,2,8.0,motor_execution,T0,ds005284,2,0.9999999999999574,-31.88075146151234,False
eegmmidb,S008,data/eegmmidb/S008/S008R07.edf,4,3,12.0,motor_execution,T2,ds005284,2,0.9966763678914518,-35.35675654963223,True
eegmmidb,S008,data/eegmmidb/S008/S008R07.edf,4,4,16.0,motor_execution,T0,ds005284,0,1.0,-28.5334333453864,False
eegmmidb,S008,data/eegmmidb/S008/S008R07.edf,4,5,20.0,motor_execution,T1,ds005284,2,0.9999944729924595,-37.96223456015007,True
eegmmidb,S008,data/eegmmidb/S008/S008R07.edf,4,6,24.0,motor_execution,T0,ds005284,2,0.9999999997829363,-31.98375526595604,False
eegmmidb,S008,data/eegmmidb/S008/S008R07.edf,4,7,28.0,motor_execution,T2,ds005284,2,0.9999932405434832,-47.21515896001498,True
eegmmidb,S008,data/eegmmidb/S008/S008R07.edf,4,8,32.0,motor_execution,T0,ds005284,0,0.9999792241895732,-25.21088641550773,False
eegmmidb,S008,data/eegmmidb/S008/S008R07.edf,4,9,36.0,motor_execution,T1,ds005284,2,0.8683831752456518,-30.506981855023458,False
eegmmidb,S008,data/eegmmidb/S008/S008R07.edf,4,10,40.0,motor_execution,T0,ds005284,2,0.9994000363412963,-27.70386223255515,False
eegmmidb,S008,data/eegmmidb/S008/S008R07.edf,4,11,44.0,motor_execution,T2,ds005284,2,0.9999659547480192,-23.709024548353597,False
eegmmidb,S008,data/eegmmidb/S008/S008R07.edf,4,12,48.0,motor_execution,T0,ds005284,0,1.0,-24.254104404456257,False
eegmmidb,S008,data/eegmmidb/S008/S008R07.edf,4,13,52.0,motor_execution,T2,ds005284,2,0.9988335182337634,-31.989129069860148,False
eegmmidb,S008,data/eegmmidb/S008/S008R07.edf,4,14,56.0,motor_execution,T0,ds005284,0,0.9999921105342475,-24.30741215064661,False
eegmmidb,S008,data/eegmmidb/S008/S008R07.edf,4,15,60.0,motor_execution,T1,ds005284,3,0.9995837638583804,-35.2789914434578,True
eegmmidb,S008,data/eegmmidb/S008/S008R07.edf,4,16,64.0,motor_execution,T0,ds005284,0,0.9999999954670216,-21.1537085972554,False
eegmmidb,S008,data/eegmmidb/S008/S008R07.edf,4,17,68.0,motor_execution,T1,ds005284,3,0.9999999938412856,-44.00005798417615,True
eegmmidb,S008,data/eegmmidb/S008/S008R07.edf,4,18,72.0,motor_execution,T0,ds005284,0,0.9999724151884102,-26.70567222848325,False
eegmmidb,S008,data/eegmmidb/S008/S008R07.edf,4,19,76.0,motor_execution,T2,ds005284,2,0.9999915791406617,-27.365737785823924,False
eegmmidb,S008,data/eegmmidb/S008/S008R07.edf,4,20,80.0,motor_execution,T0,ds005284,0,0.9999999993469793,-26.290380383878837,False
eegmmidb,S008,data/eegmmidb/S008/S008R07.edf,4,21,84.0,motor_execution,T0,ds005284,3,0.9999999999999574,-48.578187880696674,True
eegmmidb,S008,data/eegmmidb/S008/S008R07.edf,4,22,88.0,motor_execution,T2,ds005284,2,0.9999999928408627,-30.054018655757787,False
eegmmidb,S008,data/eegmmidb/S008/S008R07.edf,4,23,92.0,motor_execution,T0,ds005284,3,0.6985533810043947,-32.87181629594202,False
eegmmidb,S008,data/eegmmidb/S008/S008R07.edf,4,24,96.0,motor_execution,T1,ds005284,2,0.9998822657759567,-28.60171193748374,False
eegmmidb,S008,data/eegmmidb/S008/S008R07.edf,4,25,100.0,motor_execution,T0,ds005284,3,1.0,-35.61250058410343,True
eegmmidb,S008,data/eegmmidb/S008/S008R07.edf,4,26,104.0,motor_execution,T1,ds005284,0,0.9828694468505876,-25.591798771889092,False
eegmmidb,S008,data/eegmmidb/S008/S008R07.edf,4,27,108.0,motor_execution,T0,ds005284,2,0.9999835392155357,-48.34263795222583,True
eegmmidb,S008,data/eegmmidb/S008/S008R07.edf,4,28,112.0,motor_execution,T2,ds005284,2,0.9612775520729475,-36.947083436126555,True
eegmmidb,S008,data/eegmmidb/S008/S008R07.edf,4,29,116.0,motor_execution,T0,ds005284,2,0.9342634376220228,-55.28866960153956,True
eegmmidb,S008,data/eegmmidb/S008/S008R08.edf,4,0,0.0,motor_imagery,T0,ds005284,2,0.9987613274477428,-36.44428514949758,True
eegmmidb,S008,data/eegmmidb/S008/S008R08.edf,4,1,4.0,motor_imagery,T1,ds005284,2,0.9999997843322977,-36.17236520313035,True
eegmmidb,S008,data/eegmmidb/S008/S008R08.edf,4,2,8.0,motor_imagery,T0,ds005284,3,0.5242977190863553,-28.536775136879655,True
eegmmidb,S008,data/eegmmidb/S008/S008R08.edf,4,3,12.0,motor_imagery,T2,ds005284,2,0.9994194441059796,-23.81295174976601,False
eegmmidb,S008,data/eegmmidb/S008/S008R08.edf,4,4,16.0,motor_imagery,T0,ds005284,2,0.8820557386896274,-31.272499451198293,False
eegmmidb,S008,data/eegmmidb/S008/S008R08.edf,4,5,20.0,motor_imagery,T2,ds005284,2,0.9999270975105793,-43.242215459099725,True
eegmmidb,S008,data/eegmmidb/S008/S008R08.edf,4,6,24.0,motor_imagery,T0,ds005284,2,0.9990563952054955,-34.78339295352633,True
eegmmidb,S008,data/eegmmidb/S008/S008R08.edf,4,7,28.0,motor_imagery,T1,ds005284,2,0.9999998473534336,-40.928581917047374,True
eegmmidb,S008,data/eegmmidb/S008/S008R08.edf,4,8,32.0,motor_imagery,T0,ds005284,2,0.9285237382934901,-36.00105180156413,True
eegmmidb,S008,data/eegmmidb/S008/S008R08.edf,4,9,36.0,motor_imagery,T2,ds005284,2,0.9999999999993001,-24.50214510007103,False
eegmmidb,S008,data/eegmmidb/S008/S008R08.edf,4,10,40.0,motor_imagery,T0,ds005284,3,0.8742619219774017,-38.86509204039653,True
eegmmidb,S008,data/eegmmidb/S008/S008R08.edf,4,11,44.0,motor_imagery,T1,ds005284,3,0.9999999999999076,-42.0094026208945,True
eegmmidb,S008,data/eegmmidb/S008/S008R08.edf,4,12,48.0,motor_imagery,T0,ds005284,2,0.9999999999997726,-26.66111907826493,False
eegmmidb,S008,data/eegmmidb/S008/S008R08.edf,4,13,52.0,motor_imagery,T1,ds005284,2,0.9544766748200824,-32.857601657168395,False
eegmmidb,S008,data/eegmmidb/S008/S008R08.edf,4,14,56.0,motor_imagery,T0,ds005284,2,0.9999330510985567,-47.01787698226838,True
eegmmidb,S008,data/eegmmidb/S008/S008R08.edf,4,15,60.0,motor_imagery,T2,ds005284,2,0.9999199277599954,-27.612963047782117,False
eegmmidb,S008,data/eegmmidb/S008/S008R08.edf,4,16,64.0,motor_imagery,T0,ds005284,2,0.9999999834457151,-25.118128790105413,False
eegmmidb,S008,data/eegmmidb/S008/S008R08.edf,4,17,68.0,motor_imagery,T1,ds005284,2,0.9992644887420341,-30.65416896170188,False
eegmmidb,S008,data/eegmmidb/S008/S008R08.edf,4,18,72.0,motor_imagery,T0,ds005284,2,0.9999548105144286,-26.934296413198396,False
eegmmidb,S008,data/eegmmidb/S008/S008R08.edf,4,19,76.0,motor_imagery,T2,ds005284,3,0.9999997185720956,-58.555097506488266,True
eegmmidb,S008,data/eegmmidb/S008/S008R08.edf,4,20,80.0,motor_imagery,T0,ds005284,2,0.9999999962711605,-26.786737895454973,False
eegmmidb,S008,data/eegmmidb/S008/S008R08.edf,4,21,84.0,motor_imagery,T0,ds005284,3,1.0,-48.31015680302028,True
eegmmidb,S008,data/eegmmidb/S008/S008R08.edf,4,22,88.0,motor_imagery,T1,ds005284,3,0.9943350040947195,-51.26529337152637,True
eegmmidb,S008,data/eegmmidb/S008/S008R08.edf,4,23,92.0,motor_imagery,T0,ds005284,3,0.9999999897259997,-44.93739011621879,True
eegmmidb,S008,data/eegmmidb/S008/S008R08.edf,4,24,96.0,motor_imagery,T2,ds005284,2,1.0,-23.173960132180277,False
eegmmidb,S008,data/eegmmidb/S008/S008R08.edf,4,25,100.0,motor_imagery,T0,ds005284,3,0.9999999999994742,-52.829371710221665,True
eegmmidb,S008,data/eegmmidb/S008/S008R08.edf,4,26,104.0,motor_imagery,T1,ds005284,3,0.9999979974580113,-48.14482117562106,True
eegmmidb,S008,data/eegmmidb/S008/S008R08.edf,4,27,108.0,motor_imagery,T0,ds005284,2,0.9999631830367363,-40.64174385205459,True
eegmmidb,S008,data/eegmmidb/S008/S008R08.edf,4,28,112.0,motor_imagery,T2,ds005284,2,1.0,-49.26836012041075,True
eegmmidb,S008,data/eegmmidb/S008/S008R08.edf,4,29,116.0,motor_imagery,T0,ds005284,2,0.9778694075223041,-48.226782760468154,True
eegmmidb,S008,data/eegmmidb/S008/S008R11.edf,4,0,0.0,motor_execution,T0,ds005284,0,0.9999999271252014,-21.6889913992888,False
eegmmidb,S008,data/eegmmidb/S008/S008R11.edf,4,1,4.0,motor_execution,T1,ds005284,2,0.992390549666298,-32.905600769794795,False
eegmmidb,S008,data/eegmmidb/S008/S008R11.edf,4,2,8.0,motor_execution,T0,ds005284,0,0.9188022526511137,-23.785343397960776,False
eegmmidb,S008,data/eegmmidb/S008/S008R11.edf,4,3,12.0,motor_execution,T2,ds005284,0,0.8479895438934907,-31.013996442235605,False
eegmmidb,S008,data/eegmmidb/S008/S008R11.edf,4,4,16.0,motor_execution,T0,ds005284,0,0.9999999999995559,-20.11347017021289,False
eegmmidb,S008,data/eegmmidb/S008/S008R11.edf,4,5,20.0,motor_execution,T2,ds005284,3,0.8985874728735279,-30.09515393901362,False
eegmmidb,S008,data/eegmmidb/S008/S008R11.edf,4,6,24.0,motor_execution,T0,ds005284,3,0.9999994910347086,-38.0724597728215,True
eegmmidb,S008,data/eegmmidb/S008/S008R11.edf,4,7,28.0,motor_execution,T1,ds005284,0,0.8500270583336721,-27.821902301698504,False
eegmmidb,S008,data/eegmmidb/S008/S008R11.edf,4,8,32.0,motor_execution,T0,ds005284,0,0.9999996816319809,-21.41978992686128,False
eegmmidb,S008,data/eegmmidb/S008/S008R11.edf,4,9,36.0,motor_execution,T1,ds005284,2,0.9987376391855557,-26.873246889526488,False
eegmmidb,S008,data/eegmmidb/S008/S008R11.edf,4,10,40.0,motor_execution,T0,ds005284,0,0.9999764053903476,-23.36687061719822,False
eegmmidb,S008,data/eegmmidb/S008/S008R11.edf,4,11,44.0,motor_execution,T2,ds005284,3,0.963314591506129,-31.218352131942456,False
eegmmidb,S008,data/eegmmidb/S008/S008R11.edf,4,12,48.0,motor_execution,T0,ds005284,0,0.9999999999992184,-20.497585380671143,False
eegmmidb,S008,data/eegmmidb/S008/S008R11.edf,4,13,52.0,motor_execution,T1,ds005284,3,0.6079088731254035,-29.252877969679723,False
eegmmidb,S008,data/eegmmidb/S008/S008R11.edf,4,14,56.0,motor_execution,T0,ds005284,2,0.9999999766432668,-25.382502026448087,False
eegmmidb,S008,data/eegmmidb/S008/S008R11.edf,4,15,60.0,motor_execution,T2,ds005284,2,0.9999339581685898,-29.256252392089305,False
eegmmidb,S008,data/eegmmidb/S008/S008R11.edf,4,16,64.0,motor_execution,T0,ds005284,2,0.9993419239588152,-25.285964198457815,False
eegmmidb,S008,data/eegmmidb/S008/S008R11.edf,4,17,68.0,motor_execution,T2,ds005284,3,1.0,-32.674097525226045,False
eegmmidb,S008,data/eegmmidb/S008/S008R11.edf,4,18,72.0,motor_execution,T0,ds005284,0,0.9962101390674789,-23.93287035123252,False
eegmmidb,S008,data/eegmmidb/S008/S008R11.edf,4,19,76.0,motor_execution,T1,ds005284,0,0.9990315885771999,-30.59337724358989,False
eegmmidb,S008,data/eegmmidb/S008/S008R11.edf,4,20,80.0,motor_execution,T0,ds005284,0,0.9999144319922676,-22.455178036699998,False
eegmmidb,S008,data/eegmmidb/S008/S008R11.edf,4,21,84.0,motor_execution,T0,ds005284,0,0.8476362447807089,-44.295951383021716,True
eegmmidb,S008,data/eegmmidb/S008/S008R11.edf,4,22,88.0,motor_execution,T2,ds005284,0,0.9999999992731752,-18.470252155471087,False
eegmmidb,S008,data/eegmmidb/S008/S008R11.edf,4,23,92.0,motor_execution,T0,ds005284,0,0.9937366431229441,-26.683315755456317,False
eegmmidb,S008,data/eegmmidb/S008/S008R11.edf,4,24,96.0,motor_execution,T1,ds005284,0,0.9904681581939737,-24.99895690614638,False
eegmmidb,S008,data/eegmmidb/S008/S008R11.edf,4,25,100.0,motor_execution,T0,ds005284,0,0.999388295182497,-24.08299643580671,False
eegmmidb,S008,data/eegmmidb/S008/S008R11.edf,4,26,104.0,motor_execution,T2,ds005284,0,0.9999989524673703,-24.73841175364161,False
eegmmidb,S008,data/eegmmidb/S008/S008R11.edf,4,27,108.0,motor_execution,T0,ds005284,3,0.9999999997919673,-51.4070455115815,True
eegmmidb,S008,data/eegmmidb/S008/S008R11.edf,4,28,112.0,motor_execution,T1,ds005284,0,0.9975796689661861,-26.798627983473402,False
eegmmidb,S008,data/eegmmidb/S008/S008R11.edf,4,29,116.0,motor_execution,T0,ds005284,3,0.9999999648466235,-37.445232600850176,True
eegmmidb,S008,data/eegmmidb/S008/S008R12.edf,4,0,0.0,motor_imagery,T0,ds005284,0,0.9955126179164148,-21.457307719023056,False
eegmmidb,S008,data/eegmmidb/S008/S008R12.edf,4,1,4.0,motor_imagery,T2,ds005284,3,0.6848745579919261,-31.742593803259975,False
eegmmidb,S008,data/eegmmidb/S008/S008R12.edf,4,2,8.0,motor_imagery,T0,ds005284,0,0.9999999999999432,-25.91336098705859,False
eegmmidb,S008,data/eegmmidb/S008/S008R12.edf,4,3,12.0,motor_imagery,T1,ds005284,2,0.9999986823745756,-37.68115083068235,True
eegmmidb,S008,data/eegmmidb/S008/S008R12.edf,4,4,16.0,motor_imagery,T0,ds005284,0,0.9997315280838236,-31.040150225543652,False
eegmmidb,S008,data/eegmmidb/S008/S008R12.edf,4,5,20.0,motor_imagery,T1,ds005284,2,0.9974909789103993,-35.780845678991255,True
eegmmidb,S008,data/eegmmidb/S008/S008R12.edf,4,6,24.0,motor_imagery,T0,ds005284,0,0.9999999999990941,-23.152100142414174,False
eegmmidb,S008,data/eegmmidb/S008/S008R12.edf,4,7,28.0,motor_imagery,T2,ds005284,3,0.7578641774554983,-31.12137565681923,False
eegmmidb,S008,data/eegmmidb/S008/S008R12.edf,4,8,32.0,motor_imagery,T0,ds005284,0,0.9999999954638525,-21.55204222217005,False
eegmmidb,S008,data/eegmmidb/S008/S008R12.edf,4,9,36.0,motor_imagery,T1,ds005284,2,0.999999988994901,-32.020637704178846,False
eegmmidb,S008,data/eegmmidb/S008/S008R12.edf,4,10,40.0,motor_imagery,T0,ds005284,2,0.884219379540879,-25.797044720046102,False
eegmmidb,S008,data/eegmmidb/S008/S008R12.edf,4,11,44.0,motor_imagery,T2,ds005284,3,0.9999999928110768,-33.4054555937963,False
eegmmidb,S008,data/eegmmidb/S008/S008R12.edf,4,12,48.0,motor_imagery,T0,ds005284,0,0.9989044950189462,-35.4514839748512,True
eegmmidb,S008,data/eegmmidb/S008/S008R12.edf,4,13,52.0,motor_imagery,T2,ds005284,3,1.0,-36.082826651361394,True
eegmmidb,S008,data/eegmmidb/S008/S008R12.edf,4,14,56.0,motor_imagery,T0,ds005284,0,0.9999999999828404,-21.98989532796177,False
eegmmidb,S008,data/eegmmidb/S008/S008R12.edf,4,15,60.0,motor_imagery,T1,ds005284,3,0.9941848347386216,-29.06450245463445,False
eegmmidb,S008,data/eegmmidb/S008/S008R12.edf,4,16,64.0,motor_imagery,T0,ds005284,2,0.8350978730844615,-38.31935515426724,True
eegmmidb,S008,data/eegmmidb/S008/S008R12.edf,4,17,68.0,motor_imagery,T2,ds005284,3,1.0,-28.12253662819593,False
eegmmidb,S008,data/eegmmidb/S008/S008R12.edf,4,18,72.0,motor_imagery,T0,ds005284,0,0.9999999999999964,-21.925633280573688,False
eegmmidb,S008,data/eegmmidb/S008/S008R12.edf,4,19,76.0,motor_imagery,T1,ds005284,3,1.0,-51.22238843187297,True
eegmmidb,S008,data/eegmmidb/S008/S008R12.edf,4,20,80.0,motor_imagery,T0,ds005284,2,0.9999999940244244,-23.76532108427458,False
eegmmidb,S008,data/eegmmidb/S008/S008R12.edf,4,21,84.0,motor_imagery,T0,ds005284,3,1.0,-29.807037222622817,False
eegmmidb,S008,data/eegmmidb/S008/S008R12.edf,4,22,88.0,motor_imagery,T1,ds005284,2,0.9999875887185801,-29.588242857236374,False
eegmmidb,S008,data/eegmmidb/S008/S008R12.edf,4,23,92.0,motor_imagery,T0,ds005284,3,1.0,-35.821624551211364,True
eegmmidb,S008,data/eegmmidb/S008/S008R12.edf,4,24,96.0,motor_imagery,T2,ds005284,0,1.0,-29.331076856385636,False
eegmmidb,S008,data/eegmmidb/S008/S008R12.edf,4,25,100.0,motor_imagery,T0,ds005284,2,0.8544956677184977,-34.09267533054013,True
eegmmidb,S008,data/eegmmidb/S008/S008R12.edf,4,26,104.0,motor_imagery,T1,ds005284,2,0.9999950271591385,-24.427679289606985,False
eegmmidb,S008,data/eegmmidb/S008/S008R12.edf,4,27,108.0,motor_imagery,T0,ds005284,2,0.7127501647390733,-48.03640793815192,True
eegmmidb,S008,data/eegmmidb/S008/S008R12.edf,4,28,112.0,motor_imagery,T2,ds005284,2,0.99990073099318,-23.247197560143068,False
eegmmidb,S008,data/eegmmidb/S008/S008R12.edf,4,29,116.0,motor_imagery,T0,ds005284,3,0.9999999999999929,-51.3457100153414,True
eegmmidb,S009,data/eegmmidb/S009/S009R01.edf,4,0,0.0,eyes_open_rest,T0,ds005284,2,1.0,-174.7611614437382,True
eegmmidb,S009,data/eegmmidb/S009/S009R01.edf,4,1,4.0,eyes_open_rest,T0,ds005284,2,1.0,-202.48276550785343,True
eegmmidb,S009,data/eegmmidb/S009/S009R01.edf,4,2,8.0,eyes_open_rest,T0,ds005284,2,1.0,-178.29240954204616,True
eegmmidb,S009,data/eegmmidb/S009/S009R01.edf,4,3,12.0,eyes_open_rest,T0,ds005284,2,1.0,-229.63616182333274,True
eegmmidb,S009,data/eegmmidb/S009/S009R01.edf,4,4,16.0,eyes_open_rest,T0,ds005284,2,1.0,-246.91600120291585,True
eegmmidb,S009,data/eegmmidb/S009/S009R01.edf,4,5,20.0,eyes_open_rest,T0,ds005284,2,1.0,-245.80764968671215,True
eegmmidb,S009,data/eegmmidb/S009/S009R01.edf,4,6,24.0,eyes_open_rest,T0,ds005284,2,1.0,-164.3143033576316,True
eegmmidb,S009,data/eegmmidb/S009/S009R01.edf,4,7,28.0,eyes_open_rest,T0,ds005284,2,1.0,-186.3571631857928,True
eegmmidb,S009,data/eegmmidb/S009/S009R01.edf,4,8,32.0,eyes_open_rest,T0,ds005284,2,1.0,-221.38026976542764,True
eegmmidb,S009,data/eegmmidb/S009/S009R01.edf,4,9,36.0,eyes_open_rest,T0,ds005284,0,0.9999999999901377,-239.5470098066777,True
eegmmidb,S009,data/eegmmidb/S009/S009R01.edf,4,10,40.0,eyes_open_rest,T0,ds005284,2,1.0,-179.757810169468,True
eegmmidb,S009,data/eegmmidb/S009/S009R01.edf,4,11,44.0,eyes_open_rest,T0,ds005284,2,1.0,-159.8528271474411,True
eegmmidb,S009,data/eegmmidb/S009/S009R01.edf,4,12,48.0,eyes_open_rest,T0,ds005284,2,1.0,-161.511025179467,True
eegmmidb,S009,data/eegmmidb/S009/S009R01.edf,4,13,52.0,eyes_open_rest,T0,ds005284,2,1.0,-189.198374963416,True
eegmmidb,S009,data/eegmmidb/S009/S009R01.edf,4,14,56.0,eyes_open_rest,T0,ds005284,2,1.0,-182.83004950476297,True
eegmmidb,S009,data/eegmmidb/S009/S009R02.edf,4,0,0.0,eyes_closed_rest,T0,ds005284,2,1.0,-280.18741185341463,True
eegmmidb,S009,data/eegmmidb/S009/S009R02.edf,4,1,4.0,eyes_closed_rest,T0,ds005284,2,1.0,-220.79004159038183,True
eegmmidb,S009,data/eegmmidb/S009/S009R02.edf,4,2,8.0,eyes_closed_rest,T0,ds005284,2,1.0,-233.12075432433252,True
eegmmidb,S009,data/eegmmidb/S009/S009R02.edf,4,3,12.0,eyes_closed_rest,T0,ds005284,2,1.0,-266.9329251414504,True
eegmmidb,S009,data/eegmmidb/S009/S009R02.edf,4,4,16.0,eyes_closed_rest,T0,ds005284,2,1.0,-193.2784451859391,True
eegmmidb,S009,data/eegmmidb/S009/S009R02.edf,4,5,20.0,eyes_closed_rest,T0,ds005284,2,1.0,-209.3698558969156,True
eegmmidb,S009,data/eegmmidb/S009/S009R02.edf,4,6,24.0,eyes_closed_rest,T0,ds005284,2,1.0,-216.95758671385468,True
eegmmidb,S009,data/eegmmidb/S009/S009R02.edf,4,7,28.0,eyes_closed_rest,T0,ds005284,2,1.0,-225.3017295202737,True
eegmmidb,S009,data/eegmmidb/S009/S009R02.edf,4,8,32.0,eyes_closed_rest,T0,ds005284,2,1.0,-213.76631132359498,True
eegmmidb,S009,data/eegmmidb/S009/S009R02.edf,4,9,36.0,eyes_closed_rest,T0,ds005284,2,1.0,-217.10686257434637,True
eegmmidb,S009,data/eegmmidb/S009/S009R02.edf,4,10,40.0,eyes_closed_rest,T0,ds005284,2,1.0,-188.69809322148276,True
eegmmidb,S009,data/eegmmidb/S009/S009R02.edf,4,11,44.0,eyes_closed_rest,T0,ds005284,2,1.0,-200.84725621972936,True
eegmmidb,S009,data/eegmmidb/S009/S009R02.edf,4,12,48.0,eyes_closed_rest,T0,ds005284,2,1.0,-214.71563720875812,True
eegmmidb,S009,data/eegmmidb/S009/S009R02.edf,4,13,52.0,eyes_closed_rest,T0,ds005284,2,1.0,-189.57972176203154,True
eegmmidb,S009,data/eegmmidb/S009/S009R02.edf,4,14,56.0,eyes_closed_rest,T0,ds005284,2,1.0,-183.33161971416044,True
eegmmidb,S009,data/eegmmidb/S009/S009R03.edf,4,0,0.0,motor_execution,T0,ds005284,2,1.0,-219.2115534630427,True
eegmmidb,S009,data/eegmmidb/S009/S009R03.edf,4,1,4.0,motor_execution,T2,ds005284,2,1.0,-226.01563564485534,True
eegmmidb,S009,data/eegmmidb/S009/S009R03.edf,4,2,8.0,motor_execution,T0,ds005284,2,1.0,-208.3170998379221,True
eegmmidb,S009,data/eegmmidb/S009/S009R03.edf,4,3,12.0,motor_execution,T1,ds005284,2,1.0,-219.58263627418378,True
eegmmidb,S009,data/eegmmidb/S009/S009R03.edf,4,4,16.0,motor_execution,T0,ds005284,2,1.0,-252.223754610864,True
eegmmidb,S009,data/eegmmidb/S009/S009R03.edf,4,5,20.0,motor_execution,T2,ds005284,2,1.0,-278.3697760595046,True
eegmmidb,S009,data/eegmmidb/S009/S009R03.edf,4,6,24.0,motor_execution,T0,ds005284,2,1.0,-217.36371901566164,True
eegmmidb,S009,data/eegmmidb/S009/S009R03.edf,4,7,28.0,motor_execution,T1,ds005284,2,1.0,-261.4088766057055,True
eegmmidb,S009,data/eegmmidb/S009/S009R03.edf,4,8,32.0,motor_execution,T0,ds005284,2,1.0,-223.09518815602516,True
eegmmidb,S009,data/eegmmidb/S009/S009R03.edf,4,9,36.0,motor_execution,T1,ds005284,2,1.0,-227.16815705492027,True
eegmmidb,S009,data/eegmmidb/S009/S009R03.edf,4,10,40.0,motor_execution,T0,ds005284,2,1.0,-234.97550849279614,True
eegmmidb,S009,data/eegmmidb/S009/S009R03.edf,4,11,44.0,motor_execution,T2,ds005284,2,1.0,-318.9705228953022,True
eegmmidb,S009,data/eegmmidb/S009/S009R03.edf,4,12,48.0,motor_execution,T0,ds005284,2,1.0,-225.38794350379882,True
eegmmidb,S009,data/eegmmidb/S009/S009R03.edf,4,13,52.0,motor_execution,T1,ds005284,2,1.0,-321.7687873065044,True
eegmmidb,S009,data/eegmmidb/S009/S009R03.edf,4,14,56.0,motor_execution,T0,ds005284,2,1.0,-302.8594665864348,True
eegmmidb,S009,data/eegmmidb/S009/S009R03.edf,4,15,60.0,motor_execution,T2,ds005284,2,1.0,-220.86106476797553,True
eegmmidb,S009,data/eegmmidb/S009/S009R03.edf,4,16,64.0,motor_execution,T0,ds005284,2,1.0,-215.9226106056868,True
eegmmidb,S009,data/eegmmidb/S009/S009R03.edf,4,17,68.0,motor_execution,T2,ds005284,2,1.0,-260.953324763984,True
eegmmidb,S009,data/eegmmidb/S009/S009R03.edf,4,18,72.0,motor_execution,T0,ds005284,2,1.0,-395.8137413386528,True
eegmmidb,S009,data/eegmmidb/S009/S009R03.edf,4,19,76.0,motor_execution,T1,ds005284,2,1.0,-216.9104276189377,True
eegmmidb,S009,data/eegmmidb/S009/S009R03.edf,4,20,80.0,motor_execution,T0,ds005284,2,1.0,-327.86956190079866,True
eegmmidb,S009,data/eegmmidb/S009/S009R03.edf,4,21,84.0,motor_execution,T0,ds005284,2,1.0,-225.11771627386733,True
eegmmidb,S009,data/eegmmidb/S009/S009R03.edf,4,22,88.0,motor_execution,T2,ds005284,2,1.0,-215.34133818196798,True
eegmmidb,S009,data/eegmmidb/S009/S009R03.edf,4,23,92.0,motor_execution,T0,ds005284,2,1.0,-202.5836751306194,True
eegmmidb,S009,data/eegmmidb/S009/S009R03.edf,4,24,96.0,motor_execution,T1,ds005284,2,1.0,-239.38559581899958,True
eegmmidb,S009,data/eegmmidb/S009/S009R03.edf,4,25,100.0,motor_execution,T0,ds005284,2,1.0,-243.5270897394217,True
eegmmidb,S009,data/eegmmidb/S009/S009R03.edf,4,26,104.0,motor_execution,T2,ds005284,2,1.0,-308.99844917867165,True
eegmmidb,S009,data/eegmmidb/S009/S009R03.edf,4,27,108.0,motor_execution,T0,ds005284,2,1.0,-206.67626028040158,True
eegmmidb,S009,data/eegmmidb/S009/S009R03.edf,4,28,112.0,motor_execution,T1,ds005284,2,1.0,-402.06084773659086,True
eegmmidb,S009,data/eegmmidb/S009/S009R03.edf,4,29,116.0,motor_execution,T0,ds005284,2,1.0,-260.30079670549725,True
eegmmidb,S009,data/eegmmidb/S009/S009R04.edf,4,0,0.0,motor_imagery,T0,ds005284,2,1.0,-184.62831850079627,True
eegmmidb,S009,data/eegmmidb/S009/S009R04.edf,4,1,4.0,motor_imagery,T2,ds005284,2,1.0,-151.59432067279366,True
eegmmidb,S009,data/eegmmidb/S009/S009R04.edf,4,2,8.0,motor_imagery,T0,ds005284,2,1.0,-159.99642126662806,True
eegmmidb,S009,data/eegmmidb/S009/S009R04.edf,4,3,12.0,motor_imagery,T1,ds005284,2,1.0,-196.65766157183114,True
eegmmidb,S009,data/eegmmidb/S009/S009R04.edf,4,4,16.0,motor_imagery,T0,ds005284,2,1.0,-140.92297435951562,True
eegmmidb,S009,data/eegmmidb/S009/S009R04.edf,4,5,20.0,motor_imagery,T1,ds005284,2,1.0,-181.4879823741032,True
eegmmidb,S009,data/eegmmidb/S009/S009R04.edf,4,6,24.0,motor_imagery,T0,ds005284,2,1.0,-182.65063688105332,True
eegmmidb,S009,data/eegmmidb/S009/S009R04.edf,4,7,28.0,motor_imagery,T2,ds005284,2,1.0,-144.77488641538307,True
eegmmidb,S009,data/eegmmidb/S009/S009R04.edf,4,8,32.0,motor_imagery,T0,ds005284,0,1.0,-256.04780259622584,True
eegmmidb,S009,data/eegmmidb/S009/S009R04.edf,4,9,36.0,motor_imagery,T1,ds005284,2,1.0,-203.24303554933428,True
eegmmidb,S009,data/eegmmidb/S009/S009R04.edf,4,10,40.0,motor_imagery,T0,ds005284,0,0.9999689917553222,-275.94958775175866,True
eegmmidb,S009,data/eegmmidb/S009/S009R04.edf,4,11,44.0,motor_imagery,T2,ds005284,2,1.0,-206.71202234627432,True
eegmmidb,S009,data/eegmmidb/S009/S009R04.edf,4,12,48.0,motor_imagery,T0,ds005284,2,1.0,-166.69145814088787,True
eegmmidb,S009,data/eegmmidb/S009/S009R04.edf,4,13,52.0,motor_imagery,T2,ds005284,2,1.0,-188.36434433939465,True
eegmmidb,S009,data/eegmmidb/S009/S009R04.edf,4,14,56.0,motor_imagery,T0,ds005284,2,1.0,-161.58460391665287,True
eegmmidb,S009,data/eegmmidb/S009/S009R04.edf,4,15,60.0,motor_imagery,T1,ds005284,2,1.0,-134.57373058152623,True
eegmmidb,S009,data/eegmmidb/S009/S009R04.edf,4,16,64.0,motor_imagery,T0,ds005284,2,1.0,-170.65076478213726,True
eegmmidb,S009,data/eegmmidb/S009/S009R04.edf,4,17,68.0,motor_imagery,T2,ds005284,2,1.0,-164.8456063149723,True
eegmmidb,S009,data/eegmmidb/S009/S009R04.edf,4,18,72.0,motor_imagery,T0,ds005284,2,1.0,-164.99706258449086,True
eegmmidb,S009,data/eegmmidb/S009/S009R04.edf,4,19,76.0,motor_imagery,T1,ds005284,2,1.0,-210.07419988023312,True
eegmmidb,S009,data/eegmmidb/S009/S009R04.edf,4,20,80.0,motor_imagery,T0,ds005284,2,1.0,-195.96724104776538,True
eegmmidb,S009,data/eegmmidb/S009/S009R04.edf,4,21,84.0,motor_imagery,T0,ds005284,2,1.0,-159.44759542865935,True
eegmmidb,S009,data/eegmmidb/S009/S009R04.edf,4,22,88.0,motor_imagery,T1,ds005284,2,1.0,-176.862929080697,True
eegmmidb,S009,data/eegmmidb/S009/S009R04.edf,4,23,92.0,motor_imagery,T0,ds005284,2,1.0,-179.00863038505324,True
eegmmidb,S009,data/eegmmidb/S009/S009R04.edf,4,24,96.0,motor_imagery,T2,ds005284,2,1.0,-161.59271843962497,True
eegmmidb,S009,data/eegmmidb/S009/S009R04.edf,4,25,100.0,motor_imagery,T0,ds005284,2,1.0,-177.00943164401073,True
eegmmidb,S009,data/eegmmidb/S009/S009R04.edf,4,26,104.0,motor_imagery,T1,ds005284,2,1.0,-153.31408232381787,True
eegmmidb,S009,data/eegmmidb/S009/S009R04.edf,4,27,108.0,motor_imagery,T0,ds005284,2,1.0,-143.08118946209876,True
eegmmidb,S009,data/eegmmidb/S009/S009R04.edf,4,28,112.0,motor_imagery,T2,ds005284,2,1.0,-150.6792249091483,True
eegmmidb,S009,data/eegmmidb/S009/S009R04.edf,4,29,116.0,motor_imagery,T0,ds005284,2,1.0,-145.20639708331052,True
eegmmidb,S009,data/eegmmidb/S009/S009R07.edf,4,0,0.0,motor_execution,T0,ds005284,2,1.0,-239.54866909315817,True
eegmmidb,S009,data/eegmmidb/S009/S009R07.edf,4,1,4.0,motor_execution,T2,ds005284,0,1.0,-219.02527087522103,True
eegmmidb,S009,data/eegmmidb/S009/S009R07.edf,4,2,8.0,motor_execution,T0,ds005284,2,1.0,-157.7419806328122,True
eegmmidb,S009,data/eegmmidb/S009/S009R07.edf,4,3,12.0,motor_execution,T1,ds005284,0,1.0,-209.63872557639561,True
eegmmidb,S009,data/eegmmidb/S009/S009R07.edf,4,4,16.0,motor_execution,T0,ds005284,2,1.0,-168.10866958582002,True
eegmmidb,S009,data/eegmmidb/S009/S009R07.edf,4,5,20.0,motor_execution,T2,ds005284,2,1.0,-239.0871515007469,True
eegmmidb,S009,data/eegmmidb/S009/S009R07.edf,4,6,24.0,motor_execution,T0,ds005284,2,1.0,-160.91890885654246,True
eegmmidb,S009,data/eegmmidb/S009/S009R07.edf,4,7,28.0,motor_execution,T1,ds005284,2,1.0,-220.86325876592812,True
eegmmidb,S009,data/eegmmidb/S009/S009R07.edf,4,8,32.0,motor_execution,T0,ds005284,0,1.0,-203.19177474487415,True
eegmmidb,S009,data/eegmmidb/S009/S009R07.edf,4,9,36.0,motor_execution,T1,ds005284,2,1.0,-196.85228471694276,True
eegmmidb,S009,data/eegmmidb/S009/S009R07.edf,4,10,40.0,motor_execution,T0,ds005284,2,1.0,-156.4128753632227,True
eegmmidb,S009,data/eegmmidb/S009/S009R07.edf,4,11,44.0,motor_execution,T2,ds005284,0,0.9999999999930083,-263.19569442013653,True
eegmmidb,S009,data/eegmmidb/S009/S009R07.edf,4,12,48.0,motor_execution,T0,ds005284,2,1.0,-167.56268604193272,True
eegmmidb,S009,data/eegmmidb/S009/S009R07.edf,4,13,52.0,motor_execution,T2,ds005284,2,1.0,-158.90369268986368,True
eegmmidb,S009,data/eegmmidb/S009/S009R07.edf,4,14,56.0,motor_execution,T0,ds005284,2,1.0,-173.4583155539785,True
eegmmidb,S009,data/eegmmidb/S009/S009R07.edf,4,15,60.0,motor_execution,T1,ds005284,2,0.999999999999801,-199.70881349990992,True
eegmmidb,S009,data/eegmmidb/S009/S009R07.edf,4,16,64.0,motor_execution,T0,ds005284,2,1.0,-180.19693375693507,True
eegmmidb,S009,data/eegmmidb/S009/S009R07.edf,4,17,68.0,motor_execution,T1,ds005284,0,1.0,-189.55978926519586,True
eegmmidb,S009,data/eegmmidb/S009/S009R07.edf,4,18,72.0,motor_execution,T0,ds005284,0,1.0,-185.37420202830393,True
eegmmidb,S009,data/eegmmidb/S009/S009R07.edf,4,19,76.0,motor_execution,T2,ds005284,2,1.0,-179.07615319108194,True
eegmmidb,S009,data/eegmmidb/S009/S009R07.edf,4,20,80.0,motor_execution,T0,ds005284,2,1.0,-162.6892082157281,True
eegmmidb,S009,data/eegmmidb/S009/S009R07.edf,4,21,84.0,motor_execution,T0,ds005284,2,1.0,-175.60266645335125,True
eegmmidb,S009,data/eegmmidb/S009/S009R07.edf,4,22,88.0,motor_execution,T2,ds005284,2,1.0,-118.85469809324182,True
eegmmidb,S009,data/eegmmidb/S009/S009R07.edf,4,23,92.0,motor_execution,T0,ds005284,2,1.0,-167.97391035029668,True
eegmmidb,S009,data/eegmmidb/S009/S009R07.edf,4,24,96.0,motor_execution,T1,ds005284,2,1.0,-205.48819832238777,True
eegmmidb,S009,data/eegmmidb/S009/S009R07.edf,4,25,100.0,motor_execution,T0,ds005284,2,1.0,-136.9101074756331,True
eegmmidb,S009,data/eegmmidb/S009/S009R07.edf,4,26,104.0,motor_execution,T1,ds005284,2,1.0,-161.88211790359546,True
eegmmidb,S009,data/eegmmidb/S009/S009R07.edf,4,27,108.0,motor_execution,T0,ds005284,2,1.0,-151.3140245613745,True
eegmmidb,S009,data/eegmmidb/S009/S009R07.edf,4,28,112.0,motor_execution,T2,ds005284,2,0.9863808557017453,-222.08616754937657,True
eegmmidb,S009,data/eegmmidb/S009/S009R07.edf,4,29,116.0,motor_execution,T0,ds005284,2,1.0,-187.0751131191635,True
eegmmidb,S009,data/eegmmidb/S009/S009R08.edf,4,0,0.0,motor_imagery,T0,ds005284,2,1.0,-159.28202370114784,True
eegmmidb,S009,data/eegmmidb/S009/S009R08.edf,4,1,4.0,motor_imagery,T2,ds005284,2,1.0,-155.59268720465522,True
eegmmidb,S009,data/eegmmidb/S009/S009R08.edf,4,2,8.0,motor_imagery,T0,ds005284,2,1.0,-187.99017098213014,True
eegmmidb,S009,data/eegmmidb/S009/S009R08.edf,4,3,12.0,motor_imagery,T1,ds005284,2,1.0,-164.65935446203073,True
eegmmidb,S009,data/eegmmidb/S009/S009R08.edf,4,4,16.0,motor_imagery,T0,ds005284,2,1.0,-139.34148899212963,True
eegmmidb,S009,data/eegmmidb/S009/S009R08.edf,4,5,20.0,motor_imagery,T1,ds005284,2,1.0,-164.0570842076847,True
eegmmidb,S009,data/eegmmidb/S009/S009R08.edf,4,6,24.0,motor_imagery,T0,ds005284,2,1.0,-140.9353652336139,True
eegmmidb,S009,data/eegmmidb/S009/S009R08.edf,4,7,28.0,motor_imagery,T2,ds005284,2,1.0,-142.16513752731007,True
eegmmidb,S009,data/eegmmidb/S009/S009R08.edf,4,8,32.0,motor_imagery,T0,ds005284,2,1.0,-162.86075623417193,True
eegmmidb,S009,data/eegmmidb/S009/S009R08.edf,4,9,36.0,motor_imagery,T2,ds005284,2,1.0,-152.04128004816434,True
eegmmidb,S009,data/eegmmidb/S009/S009R08.edf,4,10,40.0,motor_imagery,T0,ds005284,2,1.0,-144.84629024392828,True
eegmmidb,S009,data/eegmmidb/S009/S009R08.edf,4,11,44.0,motor_imagery,T1,ds005284,2,1.0,-153.61596643906742,True
eegmmidb,S009,data/eegmmidb/S009/S009R08.edf,4,12,48.0,motor_imagery,T0,ds005284,2,1.0,-159.37416403887087,True
eegmmidb,S009,data/eegmmidb/S009/S009R08.edf,4,13,52.0,motor_imagery,T2,ds005284,2,1.0,-146.909737775095,True
eegmmidb,S009,data/eegmmidb/S009/S009R08.edf,4,14,56.0,motor_imagery,T0,ds005284,2,1.0,-149.7979317260828,True
eegmmidb,S009,data/eegmmidb/S009/S009R08.edf,4,15,60.0,motor_imagery,T1,ds005284,2,1.0,-153.08364134765426,True
eegmmidb,S009,data/eegmmidb/S009/S009R08.edf,4,16,64.0,motor_imagery,T0,ds005284,2,1.0,-160.36334645778985,True
eegmmidb,S009,data/eegmmidb/S009/S009R08.edf,4,17,68.0,motor_imagery,T2,ds005284,2,1.0,-154.56263587646797,True
eegmmidb,S009,data/eegmmidb/S009/S009R08.edf,4,18,72.0,motor_imagery,T0,ds005284,2,1.0,-159.58820750622104,True
eegmmidb,S009,data/eegmmidb/S009/S009R08.edf,4,19,76.0,motor_imagery,T1,ds005284,2,1.0,-147.38138015342312,True
eegmmidb,S009,data/eegmmidb/S009/S009R08.edf,4,20,80.0,motor_imagery,T0,ds005284,2,1.0,-152.2109086806611,True
eegmmidb,S009,data/eegmmidb/S009/S009R08.edf,4,21,84.0,motor_imagery,T0,ds005284,2,1.0,-142.76743036120703,True
eegmmidb,S009,data/eegmmidb/S009/S009R08.edf,4,22,88.0,motor_imagery,T2,ds005284,2,1.0,-177.14358814850587,True
eegmmidb,S009,data/eegmmidb/S009/S009R08.edf,4,23,92.0,motor_imagery,T0,ds005284,2,1.0,-158.99797295093046,True
eegmmidb,S009,data/eegmmidb/S009/S009R08.edf,4,24,96.0,motor_imagery,T1,ds005284,2,1.0,-179.73951831271566,True
eegmmidb,S009,data/eegmmidb/S009/S009R08.edf,4,25,100.0,motor_imagery,T0,ds005284,2,1.0,-146.00300351810725,True
eegmmidb,S009,data/eegmmidb/S009/S009R08.edf,4,26,104.0,motor_imagery,T1,ds005284,2,1.0,-158.06822554464352,True
eegmmidb,S009,data/eegmmidb/S009/S009R08.edf,4,27,108.0,motor_imagery,T0,ds005284,2,1.0,-145.1021796515076,True
eegmmidb,S009,data/eegmmidb/S009/S009R08.edf,4,28,112.0,motor_imagery,T2,ds005284,2,1.0,-177.6907801728453,True
eegmmidb,S009,data/eegmmidb/S009/S009R08.edf,4,29,116.0,motor_imagery,T0,ds005284,2,1.0,-151.46471128295465,True
eegmmidb,S009,data/eegmmidb/S009/S009R11.edf,4,0,0.0,motor_execution,T0,ds005284,0,1.0,-135.22076893712628,True
eegmmidb,S009,data/eegmmidb/S009/S009R11.edf,4,1,4.0,motor_execution,T2,ds005284,0,1.0,-121.77602040931097,True
eegmmidb,S009,data/eegmmidb/S009/S009R11.edf,4,2,8.0,motor_execution,T0,ds005284,0,1.0,-139.55598864687497,True
eegmmidb,S009,data/eegmmidb/S009/S009R11.edf,4,3,12.0,motor_execution,T1,ds005284,0,1.0,-130.18123692683352,True
eegmmidb,S009,data/eegmmidb/S009/S009R11.edf,4,4,16.0,motor_execution,T0,ds005284,2,1.0,-99.93639155465489,True
eegmmidb,S009,data/eegmmidb/S009/S009R11.edf,4,5,20.0,motor_execution,T2,ds005284,0,1.0,-131.094920763777,True
eegmmidb,S009,data/eegmmidb/S009/S009R11.edf,4,6,24.0,motor_execution,T0,ds005284,2,0.9999999999994031,-124.09408171989787,True
eegmmidb,S009,data/eegmmidb/S009/S009R11.edf,4,7,28.0,motor_execution,T1,ds005284,0,1.0,-122.39666704440006,True
eegmmidb,S009,data/eegmmidb/S009/S009R11.edf,4,8,32.0,motor_execution,T0,ds005284,2,1.0,-106.6309298888824,True
eegmmidb,S009,data/eegmmidb/S009/S009R11.edf,4,9,36.0,motor_execution,T1,ds005284,0,1.0,-131.78638814706844,True
eegmmidb,S009,data/eegmmidb/S009/S009R11.edf,4,10,40.0,motor_execution,T0,ds005284,2,1.0,-119.47771647992872,True
eegmmidb,S009,data/eegmmidb/S009/S009R11.edf,4,11,44.0,motor_execution,T2,ds005284,0,0.999999990302257,-167.43034317513735,True
eegmmidb,S009,data/eegmmidb/S009/S009R11.edf,4,12,48.0,motor_execution,T0,ds005284,0,0.9982611066507368,-175.76693887801198,True
eegmmidb,S009,data/eegmmidb/S009/S009R11.edf,4,13,52.0,motor_execution,T1,ds005284,0,1.0,-135.50191311923797,True
eegmmidb,S009,data/eegmmidb/S009/S009R11.edf,4,14,56.0,motor_execution,T0,ds005284,2,1.0,-132.01799019794575,True
eegmmidb,S009,data/eegmmidb/S009/S009R11.edf,4,15,60.0,motor_execution,T2,ds005284,2,1.0,-139.10566985874405,True
eegmmidb,S009,data/eegmmidb/S009/S009R11.edf,4,16,64.0,motor_execution,T0,ds005284,2,1.0,-111.37102965503868,True
eegmmidb,S009,data/eegmmidb/S009/S009R11.edf,4,17,68.0,motor_execution,T1,ds005284,2,1.0,-139.44041699939416,True
eegmmidb,S009,data/eegmmidb/S009/S009R11.edf,4,18,72.0,motor_execution,T0,ds005284,2,1.0,-131.35844877616492,True
eegmmidb,S009,data/eegmmidb/S009/S009R11.edf,4,19,76.0,motor_execution,T2,ds005284,2,1.0,-128.37997160704245,True
eegmmidb,S009,data/eegmmidb/S009/S009R11.edf,4,20,80.0,motor_execution,T0,ds005284,2,1.0,-111.40102141328175,True
eegmmidb,S009,data/eegmmidb/S009/S009R11.edf,4,21,84.0,motor_execution,T0,ds005284,2,1.0,-131.82553834709088,True
eegmmidb,S009,data/eegmmidb/S009/S009R11.edf,4,22,88.0,motor_execution,T1,ds005284,2,1.0,-120.17948902497531,True
eegmmidb,S009,data/eegmmidb/S009/S009R11.edf,4,23,92.0,motor_execution,T0,ds005284,2,1.0,-127.45114445288547,True
eegmmidb,S009,data/eegmmidb/S009/S009R11.edf,4,24,96.0,motor_execution,T2,ds005284,2,1.0,-128.82812062166275,True
eegmmidb,S009,data/eegmmidb/S009/S009R11.edf,4,25,100.0,motor_execution,T0,ds005284,2,1.0,-106.60573002510966,True
eegmmidb,S009,data/eegmmidb/S009/S009R11.edf,4,26,104.0,motor_execution,T1,ds005284,2,1.0,-103.36509570148863,True
eegmmidb,S009,data/eegmmidb/S009/S009R11.edf,4,27,108.0,motor_execution,T0,ds005284,2,1.0,-108.14504164174656,True
eegmmidb,S009,data/eegmmidb/S009/S009R11.edf,4,28,112.0,motor_execution,T2,ds005284,2,1.0,-112.53010991647197,True
eegmmidb,S009,data/eegmmidb/S009/S009R11.edf,4,29,116.0,motor_execution,T0,ds005284,2,1.0,-136.587766198229,True
eegmmidb,S009,data/eegmmidb/S009/S009R12.edf,4,0,0.0,motor_imagery,T0,ds005284,2,1.0,-129.80179597266527,True
eegmmidb,S009,data/eegmmidb/S009/S009R12.edf,4,1,4.0,motor_imagery,T2,ds005284,2,1.0,-119.87531119572782,True
eegmmidb,S009,data/eegmmidb/S009/S009R12.edf,4,2,8.0,motor_imagery,T0,ds005284,2,1.0,-124.40629218343915,True
eegmmidb,S009,data/eegmmidb/S009/S009R12.edf,4,3,12.0,motor_imagery,T1,ds005284,2,1.0,-100.4537535472162,True
eegmmidb,S009,data/eegmmidb/S009/S009R12.edf,4,4,16.0,motor_imagery,T0,ds005284,2,1.0,-101.40602864972662,True
eegmmidb,S009,data/eegmmidb/S009/S009R12.edf,4,5,20.0,motor_imagery,T1,ds005284,2,1.0,-84.78972068350924,True
eegmmidb,S009,data/eegmmidb/S009/S009R12.edf,4,6,24.0,motor_imagery,T0,ds005284,2,1.0,-101.44387654912497,True
eegmmidb,S009,data/eegmmidb/S009/S009R12.edf,4,7,28.0,motor_imagery,T2,ds005284,2,1.0,-131.75851916686037,True
eegmmidb,S009,data/eegmmidb/S009/S009R12.edf,4,8,32.0,motor_imagery,T0,ds005284,2,1.0,-111.7461562714496,True
eegmmidb,S009,data/eegmmidb/S009/S009R12.edf,4,9,36.0,motor_imagery,T1,ds005284,2,1.0,-106.74870242860392,True
eegmmidb,S009,data/eegmmidb/S009/S009R12.edf,4,10,40.0,motor_imagery,T0,ds005284,2,1.0,-137.48498443452638,True
eegmmidb,S009,data/eegmmidb/S009/S009R12.edf,4,11,44.0,motor_imagery,T2,ds005284,2,1.0,-110.43929757136894,True
eegmmidb,S009,data/eegmmidb/S009/S009R12.edf,4,12,48.0,motor_imagery,T0,ds005284,2,1.0,-106.39962187876696,True
eegmmidb,S009,data/eegmmidb/S009/S009R12.edf,4,13,52.0,motor_imagery,T2,ds005284,2,1.0,-109.08373876160074,True
eegmmidb,S009,data/eegmmidb/S009/S009R12.edf,4,14,56.0,motor_imagery,T0,ds005284,2,1.0,-97.36281664102532,True
eegmmidb,S009,data/eegmmidb/S009/S009R12.edf,4,15,60.0,motor_imagery,T1,ds005284,2,1.0,-118.87151588461414,True
eegmmidb,S009,data/eegmmidb/S009/S009R12.edf,4,16,64.0,motor_imagery,T0,ds005284,2,1.0,-127.31786054497886,True
eegmmidb,S009,data/eegmmidb/S009/S009R12.edf,4,17,68.0,motor_imagery,T1,ds005284,2,1.0,-110.83310018761452,True
eegmmidb,S009,data/eegmmidb/S009/S009R12.edf,4,18,72.0,motor_imagery,T0,ds005284,2,0.7812383180158944,-214.82319192657803,True
eegmmidb,S009,data/eegmmidb/S009/S009R12.edf,4,19,76.0,motor_imagery,T2,ds005284,0,0.9981223455869556,-202.67105701790734,True
eegmmidb,S009,data/eegmmidb/S009/S009R12.edf,4,20,80.0,motor_imagery,T0,ds005284,2,1.0,-159.5407927064824,True
eegmmidb,S009,data/eegmmidb/S009/S009R12.edf,4,21,84.0,motor_imagery,T0,ds005284,2,1.0,-192.63630743538957,True
eegmmidb,S009,data/eegmmidb/S009/S009R12.edf,4,22,88.0,motor_imagery,T1,ds005284,2,1.0,-128.68744345733782,True
eegmmidb,S009,data/eegmmidb/S009/S009R12.edf,4,23,92.0,motor_imagery,T0,ds005284,2,1.0,-141.26609677178894,True
eegmmidb,S009,data/eegmmidb/S009/S009R12.edf,4,24,96.0,motor_imagery,T2,ds005284,2,1.0,-133.62700410292373,True
eegmmidb,S009,data/eegmmidb/S009/S009R12.edf,4,25,100.0,motor_imagery,T0,ds005284,2,1.0,-104.16298191408204,True
eegmmidb,S009,data/eegmmidb/S009/S009R12.edf,4,26,104.0,motor_imagery,T1,ds005284,2,1.0,-119.15965328955357,True
eegmmidb,S009,data/eegmmidb/S009/S009R12.edf,4,27,108.0,motor_imagery,T0,ds005284,2,1.0,-128.94888831061067,True
eegmmidb,S009,data/eegmmidb/S009/S009R12.edf,4,28,112.0,motor_imagery,T2,ds005284,2,1.0,-115.60175622110971,True
eegmmidb,S009,data/eegmmidb/S009/S009R12.edf,4,29,116.0,motor_imagery,T0,ds005284,2,1.0,-152.7469526331965,True
eegmmidb,S010,data/eegmmidb/S010/S010R01.edf,4,0,0.0,eyes_open_rest,T0,ds005284,0,0.9999999999999787,-50.12067701826641,True
eegmmidb,S010,data/eegmmidb/S010/S010R01.edf,4,1,4.0,eyes_open_rest,T0,ds005284,2,0.7301390350386616,-63.022258669303746,True
eegmmidb,S010,data/eegmmidb/S010/S010R01.edf,4,2,8.0,eyes_open_rest,T0,ds005284,0,0.9999999999999005,-53.429495462648845,True
eegmmidb,S010,data/eegmmidb/S010/S010R01.edf,4,3,12.0,eyes_open_rest,T0,ds005284,0,0.9950019189817613,-63.066748700445295,True
eegmmidb,S010,data/eegmmidb/S010/S010R01.edf,4,4,16.0,eyes_open_rest,T0,ds005284,0,0.7118510198062634,-64.04042619038643,True
eegmmidb,S010,data/eegmmidb/S010/S010R01.edf,4,5,20.0,eyes_open_rest,T0,ds005284,0,1.0,-47.69793959246425,True
eegmmidb,S010,data/eegmmidb/S010/S010R01.edf,4,6,24.0,eyes_open_rest,T0,ds005284,0,0.9998222260250478,-65.12041629787298,True
eegmmidb,S010,data/eegmmidb/S010/S010R01.edf,4,7,28.0,eyes_open_rest,T0,ds005284,0,0.999999998957378,-54.02001308530487,True
eegmmidb,S010,data/eegmmidb/S010/S010R01.edf,4,8,32.0,eyes_open_rest,T0,ds005284,0,1.0,-121.21488551657811,True
eegmmidb,S010,data/eegmmidb/S010/S010R01.edf,4,9,36.0,eyes_open_rest,T0,ds005284,0,0.9999999996416022,-53.90348664371655,True
eegmmidb,S010,data/eegmmidb/S010/S010R01.edf,4,10,40.0,eyes_open_rest,T0,ds005284,0,0.9999996423396524,-56.993640763118236,True
eegmmidb,S010,data/eegmmidb/S010/S010R01.edf,4,11,44.0,eyes_open_rest,T0,ds005284,0,0.8598717577116055,-66.0384143584825,True
eegmmidb,S010,data/eegmmidb/S010/S010R01.edf,4,12,48.0,eyes_open_rest,T0,ds005284,0,0.9999826055677336,-55.15127891669373,True
eegmmidb,S010,data/eegmmidb/S010/S010R01.edf,4,13,52.0,eyes_open_rest,T0,ds005284,0,0.999597716134853,-64.23227828516278,True
eegmmidb,S010,data/eegmmidb/S010/S010R01.edf,4,14,56.0,eyes_open_rest,T0,ds005284,0,0.9999999991755928,-62.74993863643174,True
eegmmidb,S010,data/eegmmidb/S010/S010R02.edf,4,0,0.0,eyes_closed_rest,T0,ds005284,0,0.9999999990582182,-59.767911675087575,True
eegmmidb,S010,data/eegmmidb/S010/S010R02.edf,4,1,4.0,eyes_closed_rest,T0,ds005284,0,0.9999999999870965,-73.63098893372597,True
eegmmidb,S010,data/eegmmidb/S010/S010R02.edf,4,2,8.0,eyes_closed_rest,T0,ds005284,0,0.9999982198769287,-51.64042715275743,True
eegmmidb,S010,data/eegmmidb/S010/S010R02.edf,4,3,12.0,eyes_closed_rest,T0,ds005284,0,0.9999985370906799,-45.617573026740985,True
eegmmidb,S010,data/eegmmidb/S010/S010R02.edf,4,4,16.0,eyes_closed_rest,T0,ds005284,0,1.0,-92.0790401629351,True
eegmmidb,S010,data/eegmmidb/S010/S010R02.edf,4,5,20.0,eyes_closed_rest,T0,ds005284,0,1.0,-116.21915270858545,True
eegmmidb,S010,data/eegmmidb/S010/S010R02.edf,4,6,24.0,eyes_closed_rest,T0,ds005284,0,1.0,-139.3523460131224,True
eegmmidb,S010,data/eegmmidb/S010/S010R02.edf,4,7,28.0,eyes_closed_rest,T0,ds005284,0,1.0,-111.97238616470206,True
eegmmidb,S010,data/eegmmidb/S010/S010R02.edf,4,8,32.0,eyes_closed_rest,T0,ds005284,0,1.0,-141.34086648882058,True
eegmmidb,S010,data/eegmmidb/S010/S010R02.edf,4,9,36.0,eyes_closed_rest,T0,ds005284,0,1.0,-141.83798088334035,True
eegmmidb,S010,data/eegmmidb/S010/S010R02.edf,4,10,40.0,eyes_closed_rest,T0,ds005284,0,1.0,-150.1986547181531,True
eegmmidb,S010,data/eegmmidb/S010/S010R02.edf,4,11,44.0,eyes_closed_rest,T0,ds005284,0,1.0,-126.11233565411297,True
eegmmidb,S010,data/eegmmidb/S010/S010R02.edf,4,12,48.0,eyes_closed_rest,T0,ds005284,0,1.0,-123.93340579628062,True
eegmmidb,S010,data/eegmmidb/S010/S010R02.edf,4,13,52.0,eyes_closed_rest,T0,ds005284,0,1.0,-97.54445416407461,True
eegmmidb,S010,data/eegmmidb/S010/S010R02.edf,4,14,56.0,eyes_closed_rest,T0,ds005284,0,0.9999999999999147,-102.1179602361356,True
eegmmidb,S010,data/eegmmidb/S010/S010R03.edf,4,0,0.0,motor_execution,T0,ds005284,2,0.9450872050654767,-60.10041911894965,True
eegmmidb,S010,data/eegmmidb/S010/S010R03.edf,4,1,4.0,motor_execution,T2,ds005284,2,0.9999885538134694,-59.023815275487294,True
eegmmidb,S010,data/eegmmidb/S010/S010R03.edf,4,2,8.0,motor_execution,T0,ds005284,0,0.9999966650984476,-54.93565330238092,True
eegmmidb,S010,data/eegmmidb/S010/S010R03.edf,4,3,12.0,motor_execution,T1,ds005284,2,0.9999991630610715,-56.325783101991725,True
eegmmidb,S010,data/eegmmidb/S010/S010R03.edf,4,4,16.0,motor_execution,T0,ds005284,0,0.9996304075276662,-52.455098060081866,True
eegmmidb,S010,data/eegmmidb/S010/S010R03.edf,4,5,20.0,motor_execution,T1,ds005284,2,0.9898503467852767,-58.42150774988431,True
eegmmidb,S010,data/eegmmidb/S010/S010R03.edf,4,6,24.0,motor_execution,T0,ds005284,0,0.534471218224669,-60.14972390827958,True
eegmmidb,S010,data/eegmmidb/S010/S010R03.edf,4,7,28.0,motor_execution,T2,ds005284,0,0.9628643730046804,-59.11928134489414,True
eegmmidb,S010,data/eegmmidb/S010/S010R03.edf,4,8,32.0,motor_execution,T0,ds005284,0,0.9999936909033097,-45.27687667110522,True
eegmmidb,S010,data/eegmmidb/S010/S010R03.edf,4,9,36.0,motor_execution,T2,ds005284,0,0.9999891580216967,-52.489538152761476,True
eegmmidb,S010,data/eegmmidb/S010/S010R03.edf,4,10,40.0,motor_execution,T0,ds005284,0,0.9995884747439445,-61.81252581200112,True
eegmmidb,S010,data/eegmmidb/S010/S010R03.edf,4,11,44.0,motor_execution,T1,ds005284,0,0.9997738897034509,-62.31624238023253,True
eegmmidb,S010,data/eegmmidb/S010/S010R03.edf,4,12,48.0,motor_execution,T0,ds005284,0,0.9999999934614721,-42.32487368430043,True
eegmmidb,S010,data/eegmmidb/S010/S010R03.edf,4,13,52.0,motor_execution,T2,ds005284,2,0.9784534231986394,-55.7985869776879,True
eegmmidb,S010,data/eegmmidb/S010/S010R03.edf,4,14,56.0,motor_execution,T0,ds005284,0,0.9999990759755525,-52.64391878655579,True
eegmmidb,S010,data/eegmmidb/S010/S010R03.edf,4,15,60.0,motor_execution,T1,ds005284,2,0.7153623681649449,-63.65337368815949,True
eegmmidb,S010,data/eegmmidb/S010/S010R03.edf,4,16,64.0,motor_execution,T0,ds005284,0,1.0,-49.86308030657254,True
eegmmidb,S010,data/eegmmidb/S010/S010R03.edf,4,17,68.0,motor_execution,T1,ds005284,0,0.9999999970464302,-54.610661891069554,True
eegmmidb,S010,data/eegmmidb/S010/S010R03.edf,4,18,72.0,motor_execution,T0,ds005284,0,0.999999999998991,-46.51787611945325,True
eegmmidb,S010,data/eegmmidb/S010/S010R03.edf,4,19,76.0,motor_execution,T2,ds005284,2,0.5075384012127593,-64.83789987305495,True
eegmmidb,S010,data/eegmmidb/S010/S010R03.edf,4,20,80.0,motor_execution,T0,ds005284,0,0.9999999999992184,-44.111375379108225,True
eegmmidb,S010,data/eegmmidb/S010/S010R03.edf,4,21,84.0,motor_execution,T0,ds005284,0,0.7958218467526958,-62.273040129925654,True
eegmmidb,S010,data/eegmmidb/S010/S010R03.edf,4,22,88.0,motor_execution,T1,ds005284,0,0.9999999999999858,-39.53430118766231,True
eegmmidb,S010,data/eegmmidb/S010/S010R03.edf,4,23,92.0,motor_execution,T0,ds005284,0,1.0,-50.153303622740225,True
eegmmidb,S010,data/eegmmidb/S010/S010R03.edf,4,24,96.0,motor_execution,T2,ds005284,0,0.9996212802799624,-74.51041842120911,True
eegmmidb,S010,data/eegmmidb/S010/S010R03.edf,4,25,100.0,motor_execution,T0,ds005284,0,0.9999999999753229,-54.355733492145355,True
eegmmidb,S010,data/eegmmidb/S010/S010R03.edf,4,26,104.0,motor_execution,T2,ds005284,2,0.9963141407636303,-62.770905190784255,True
eegmmidb,S010,data/eegmmidb/S010/S010R03.edf,4,27,108.0,motor_execution,T0,ds005284,0,1.0,-56.01357906254378,True
eegmmidb,S010,data/eegmmidb/S010/S010R03.edf,4,28,112.0,motor_execution,T1,ds005284,0,0.9495626112933061,-63.750698625543926,True
eegmmidb,S010,data/eegmmidb/S010/S010R03.edf,4,29,116.0,motor_execution,T0,ds005284,0,0.9996607808563511,-58.01340308793215,True
eegmmidb,S010,data/eegmmidb/S010/S010R04.edf,4,0,0.0,motor_imagery,T0,ds005284,0,0.9999999995325481,-50.30361042570415,True
eegmmidb,S010,data/eegmmidb/S010/S010R04.edf,4,1,4.0,motor_imagery,T1,ds005284,2,0.999999999999865,-57.9815790658775,True
eegmmidb,S010,data/eegmmidb/S010/S010R04.edf,4,2,8.0,motor_imagery,T0,ds005284,0,0.9999982295858243,-57.68245704629734,True
eegmmidb,S010,data/eegmmidb/S010/S010R04.edf,4,3,12.0,motor_imagery,T2,ds005284,2,0.9999999746802647,-56.05768964946973,True
eegmmidb,S010,data/eegmmidb/S010/S010R04.edf,4,4,16.0,motor_imagery,T0,ds005284,0,0.9999999999994813,-41.585652179899476,True
eegmmidb,S010,data/eegmmidb/S010/S010R04.edf,4,5,20.0,motor_imagery,T1,ds005284,0,0.9999994125881548,-50.80647216210944,True
eegmmidb,S010,data/eegmmidb/S010/S010R04.edf,4,6,24.0,motor_imagery,T0,ds005284,0,0.9999999848416864,-45.20027801994345,True
eegmmidb,S010,data/eegmmidb/S010/S010R04.edf,4,7,28.0,motor_imagery,T2,ds005284,0,0.9967164383060743,-58.16699736343788,True
eegmmidb,S010,data/eegmmidb/S010/S010R04.edf,4,8,32.0,motor_imagery,T0,ds005284,0,0.999999972253072,-39.350103447556684,True
eegmmidb,S010,data/eegmmidb/S010/S010R04.edf,4,9,36.0,motor_imagery,T1,ds005284,0,0.9999999999999929,-49.320890892308505,True
eegmmidb,S010,data/eegmmidb/S010/S010R04.edf,4,10,40.0,motor_imagery,T0,ds005284,0,0.9999999999990408,-39.754760654362606,True
eegmmidb,S010,data/eegmmidb/S010/S010R04.edf,4,11,44.0,motor_imagery,T2,ds005284,2,0.9989779664787878,-60.04433553550225,True
eegmmidb,S010,data/eegmmidb/S010/S010R04.edf,4,12,48.0,motor_imagery,T0,ds005284,0,1.0,-44.79732955736522,True
eegmmidb,S010,data/eegmmidb/S010/S010R04.edf,4,13,52.0,motor_imagery,T2,ds005284,0,1.0,-48.50561744297288,True
eegmmidb,S010,data/eegmmidb/S010/S010R04.edf,4,14,56.0,motor_imagery,T0,ds005284,0,0.9611378085567474,-62.60678684256989,True
eegmmidb,S010,data/eegmmidb/S010/S010R04.edf,4,15,60.0,motor_imagery,T1,ds005284,0,0.950083477755534,-61.42873378494553,True
eegmmidb,S010,data/eegmmidb/S010/S010R04.edf,4,16,64.0,motor_imagery,T0,ds005284,0,1.0,-43.92187538876918,True
eegmmidb,S010,data/eegmmidb/S010/S010R04.edf,4,17,68.0,motor_imagery,T2,ds005284,2,0.9999988089724767,-58.050347411873254,True
eegmmidb,S010,data/eegmmidb/S010/S010R04.edf,4,18,72.0,motor_imagery,T0,ds005284,0,1.0,-45.05608331390518,True
eegmmidb,S010,data/eegmmidb/S010/S010R04.edf,4,19,76.0,motor_imagery,T1,ds005284,2,0.9948778826680421,-59.42103368978541,True
eegmmidb,S010,data/eegmmidb/S010/S010R04.edf,4,20,80.0,motor_imagery,T0,ds005284,0,0.9999999999973923,-45.24895173045649,True
eegmmidb,S010,data/eegmmidb/S010/S010R04.edf,4,21,84.0,motor_imagery,T0,ds005284,0,0.9999999999864855,-42.63789673524454,True
eegmmidb,S010,data/eegmmidb/S010/S010R04.edf,4,22,88.0,motor_imagery,T2,ds005284,0,0.9998676734047683,-57.76298461579515,True
eegmmidb,S010,data/eegmmidb/S010/S010R04.edf,4,23,92.0,motor_imagery,T0,ds005284,0,0.5682487219344147,-64.36207156761704,True
eegmmidb,S010,data/eegmmidb/S010/S010R04.edf,4,24,96.0,motor_imagery,T1,ds005284,0,1.0,-70.47109070790376,True
eegmmidb,S010,data/eegmmidb/S010/S010R04.edf,4,25,100.0,motor_imagery,T0,ds005284,0,0.9999993639780589,-53.15951307250675,True
eegmmidb,S010,data/eegmmidb/S010/S010R04.edf,4,26,104.0,motor_imagery,T2,ds005284,0,0.9999999977553671,-55.871108868822944,True
eegmmidb,S010,data/eegmmidb/S010/S010R04.edf,4,27,108.0,motor_imagery,T0,ds005284,0,0.9999999999998863,-54.482110689920205,True
eegmmidb,S010,data/eegmmidb/S010/S010R04.edf,4,28,112.0,motor_imagery,T1,ds005284,2,0.9942593768293041,-59.64103782755511,True
eegmmidb,S010,data/eegmmidb/S010/S010R04.edf,4,29,116.0,motor_imagery,T0,ds005284,0,0.9673717662387292,-59.11473860848486,True
eegmmidb,S010,data/eegmmidb/S010/S010R07.edf,4,0,0.0,motor_execution,T0,ds005284,2,0.9931594213690466,-62.43093701646385,True
eegmmidb,S010,data/eegmmidb/S010/S010R07.edf,4,1,4.0,motor_execution,T2,ds005284,2,0.9999597109776558,-53.565788350805526,True
eegmmidb,S010,data/eegmmidb/S010/S010R07.edf,4,2,8.0,motor_execution,T0,ds005284,0,0.5003474251790466,-61.399482076074065,True
eegmmidb,S010,data/eegmmidb/S010/S010R07.edf,4,3,12.0,motor_execution,T1,ds005284,0,0.9998202049737616,-55.49826086057479,True
eegmmidb,S010,data/eegmmidb/S010/S010R07.edf,4,4,16.0,motor_execution,T0,ds005284,0,0.9999999999974634,-37.36993497745991,True
eegmmidb,S010,data/eegmmidb/S010/S010R07.edf,4,5,20.0,motor_execution,T1,ds005284,0,0.8571924751856782,-78.2942139023209,True
eegmmidb,S010,data/eegmmidb/S010/S010R07.edf,4,6,24.0,motor_execution,T0,ds005284,0,0.9999996503865958,-47.915575037271104,True
eegmmidb,S010,data/eegmmidb/S010/S010R07.edf,4,7,28.0,motor_execution,T2,ds005284,2,0.9919878094055283,-74.916573519363,True
eegmmidb,S010,data/eegmmidb/S010/S010R07.edf,4,8,32.0,motor_execution,T0,ds005284,2,0.9997207869638417,-62.41640934366344,True
eegmmidb,S010,data/eegmmidb/S010/S010R07.edf,4,9,36.0,motor_execution,T1,ds005284,0,0.9999560568950854,-49.91538785393105,True
eegmmidb,S010,data/eegmmidb/S010/S010R07.edf,4,10,40.0,motor_execution,T0,ds005284,0,1.0,-70.24671444065211,True
eegmmidb,S010,data/eegmmidb/S010/S010R07.edf,4,11,44.0,motor_execution,T2,ds005284,0,0.9999999999836007,-43.54142706439508,True
eegmmidb,S010,data/eegmmidb/S010/S010R07.edf,4,12,48.0,motor_execution,T0,ds005284,0,0.9999992820365425,-47.50097427211861,True
eegmmidb,S010,data/eegmmidb/S010/S010R07.edf,4,13,52.0,motor_execution,T2,ds005284,0,0.9999996965967843,-60.3148617383636,True
eegmmidb,S010,data/eegmmidb/S010/S010R07.edf,4,14,56.0,motor_execution,T0,ds005284,2,0.6727502093412396,-69.73865328109518,True
eegmmidb,S010,data/eegmmidb/S010/S010R07.edf,4,15,60.0,motor_execution,T1,ds005284,0,1.0,-58.99303283918323,True
eegmmidb,S010,data/eegmmidb/S010/S010R07.edf,4,16,64.0,motor_execution,T0,ds005284,0,1.0,-76.86718583630785,True
eegmmidb,S010,data/eegmmidb/S010/S010R07.edf,4,17,68.0,motor_execution,T1,ds005284,0,0.9999999997170193,-50.99270299958546,True
eegmmidb,S010,data/eegmmidb/S010/S010R07.edf,4,18,72.0,motor_execution,T0,ds005284,0,1.0,-101.64375418877101,True
eegmmidb,S010,data/eegmmidb/S010/S010R07.edf,4,19,76.0,motor_execution,T2,ds005284,0,0.9999999995668105,-51.72752513467907,True
eegmmidb,S010,data/eegmmidb/S010/S010R07.edf,4,20,80.0,motor_execution,T0,ds005284,0,0.9999999999841691,-72.69612559948986,True
eegmmidb,S010,data/eegmmidb/S010/S010R07.edf,4,21,84.0,motor_execution,T0,ds005284,0,0.9999999993293187,-64.65132991953622,True
eegmmidb,S010,data/eegmmidb/S010/S010R07.edf,4,22,88.0,motor_execution,T2,ds005284,0,1.0,-62.485009481463635,True
eegmmidb,S010,data/eegmmidb/S010/S010R07.edf,4,23,92.0,motor_execution,T0,ds005284,0,0.9999999783881182,-60.73396135147101,True
eegmmidb,S010,data/eegmmidb/S010/S010R07.edf,4,24,96.0,motor_execution,T1,ds005284,0,0.9999999999995026,-62.542023545425835,True
eegmmidb,S010,data/eegmmidb/S010/S010R07.edf,4,25,100.0,motor_execution,T0,ds005284,0,1.0,-79.55587533489411,True
eegmmidb,S010,data/eegmmidb/S010/S010R07.edf,4,26,104.0,motor_execution,T1,ds005284,0,0.9999999687048633,-52.01041418664071,True
eegmmidb,S010,data/eegmmidb/S010/S010R07.edf,4,27,108.0,motor_execution,T0,ds005284,0,1.0,-60.87320493106154,True
eegmmidb,S010,data/eegmmidb/S010/S010R07.edf,4,28,112.0,motor_execution,T2,ds005284,0,1.0,-56.322638325152724,True
eegmmidb,S010,data/eegmmidb/S010/S010R07.edf,4,29,116.0,motor_execution,T0,ds005284,0,0.9999743003189359,-89.73219055739077,True
eegmmidb,S010,data/eegmmidb/S010/S010R08.edf,4,0,0.0,motor_imagery,T0,ds005284,0,0.7120829855771261,-49.874191240346214,True
eegmmidb,S010,data/eegmmidb/S010/S010R08.edf,4,1,4.0,motor_imagery,T2,ds005284,0,0.9999999567776579,-37.2129731701625,True
eegmmidb,S010,data/eegmmidb/S010/S010R08.edf,4,2,8.0,motor_imagery,T0,ds005284,0,0.996837589882475,-45.430431163004805,True
eegmmidb,S010,data/eegmmidb/S010/S010R08.edf,4,3,12.0,motor_imagery,T1,ds005284,2,0.9211015407084555,-53.14354719706562,True
eegmmidb,S010,data/eegmmidb/S010/S010R08.edf,4,4,16.0,motor_imagery,T0,ds005284,0,1.0,-66.91785957187265,True
eegmmidb,S010,data/eegmmidb/S010/S010R08.edf,4,5,20.0,motor_imagery,T1,ds005284,0,0.9999934028750247,-49.49017502614561,True
eegmmidb,S010,data/eegmmidb/S010/S010R08.edf,4,6,24.0,motor_imagery,T0,ds005284,0,0.96841405358288,-81.402586304308,True
eegmmidb,S010,data/eegmmidb/S010/S010R08.edf,4,7,28.0,motor_imagery,T2,ds005284,0,0.9999999729339354,-45.84152194657658,True
eegmmidb,S010,data/eegmmidb/S010/S010R08.edf,4,8,32.0,motor_imagery,T0,ds005284,0,0.9999999976077589,-45.50695860960563,True
eegmmidb,S010,data/eegmmidb/S010/S010R08.edf,4,9,36.0,motor_imagery,T2,ds005284,0,0.9999999999953104,-48.1389436074284,True
eegmmidb,S010,data/eegmmidb/S010/S010R08.edf,4,10,40.0,motor_imagery,T0,ds005284,0,1.0,-44.91404658751485,True
eegmmidb,S010,data/eegmmidb/S010/S010R08.edf,4,11,44.0,motor_imagery,T1,ds005284,0,1.0,-64.23686554643966,True
eegmmidb,S010,data/eegmmidb/S010/S010R08.edf,4,12,48.0,motor_imagery,T0,ds005284,0,0.9999999999999929,-56.046034655660314,True
eegmmidb,S010,data/eegmmidb/S010/S010R08.edf,4,13,52.0,motor_imagery,T2,ds005284,0,0.9999999975351699,-61.08018014957608,True
eegmmidb,S010,data/eegmmidb/S010/S010R08.edf,4,14,56.0,motor_imagery,T0,ds005284,2,0.975917444452478,-62.00731685415646,True
eegmmidb,S010,data/eegmmidb/S010/S010R08.edf,4,15,60.0,motor_imagery,T1,ds005284,0,0.997815952028061,-61.744834273601334,True
eegmmidb,S010,data/eegmmidb/S010/S010R08.edf,4,16,64.0,motor_imagery,T0,ds005284,0,1.0,-63.327924030653406,True
eegmmidb,S010,data/eegmmidb/S010/S010R08.edf,4,17,68.0,motor_imagery,T2,ds005284,0,0.9999999995347153,-52.10885669499108,True
eegmmidb,S010,data/eegmmidb/S010/S010R08.edf,4,18,72.0,motor_imagery,T0,ds005284,0,0.9999999999933067,-41.83090036272776,True
eegmmidb,S010,data/eegmmidb/S010/S010R08.edf,4,19,76.0,motor_imagery,T1,ds005284,0,0.9999999999999858,-48.11593413926212,True
eegmmidb,S010,data/eegmmidb/S010/S010R08.edf,4,20,80.0,motor_imagery,T0,ds005284,0,0.9999986670926831,-40.51871167929138,True
eegmmidb,S010,data/eegmmidb/S010/S010R08.edf,4,21,84.0,motor_imagery,T0,ds005284,0,0.9741255809086703,-50.50980691100315,True
eegmmidb,S010,data/eegmmidb/S010/S010R08.edf,4,22,88.0,motor_imagery,T2,ds005284,2,0.9998872734128581,-49.91555233731142,True
eegmmidb,S010,data/eegmmidb/S010/S010R08.edf,4,23,92.0,motor_imagery,T0,ds005284,0,1.0,-90.86587765582077,True
eegmmidb,S010,data/eegmmidb/S010/S010R08.edf,4,24,96.0,motor_imagery,T1,ds005284,0,0.9999948183126818,-94.03049835662328,True
eegmmidb,S010,data/eegmmidb/S010/S010R08.edf,4,25,100.0,motor_imagery,T0,ds005284,0,1.0,-49.67363115611343,True
eegmmidb,S010,data/eegmmidb/S010/S010R08.edf,4,26,104.0,motor_imagery,T1,ds005284,0,0.8934127545646673,-61.90748255186944,True
eegmmidb,S010,data/eegmmidb/S010/S010R08.edf,4,27,108.0,motor_imagery,T0,ds005284,0,0.9999999999995097,-49.44621710793778,True
eegmmidb,S010,data/eegmmidb/S010/S010R08.edf,4,28,112.0,motor_imagery,T2,ds005284,0,0.9625292909483972,-63.68817097174547,True
eegmmidb,S010,data/eegmmidb/S010/S010R08.edf,4,29,116.0,motor_imagery,T0,ds005284,0,0.9999999999977334,-44.194387278550714,True
eegmmidb,S010,data/eegmmidb/S010/S010R11.edf,4,0,0.0,motor_execution,T0,ds005284,0,0.9998321404375918,-69.71385424505078,True
eegmmidb,S010,data/eegmmidb/S010/S010R11.edf,4,1,4.0,motor_execution,T1,ds005284,0,0.9999999999855333,-49.07344109238717,True
eegmmidb,S010,data/eegmmidb/S010/S010R11.edf,4,2,8.0,motor_execution,T0,ds005284,0,0.9999998983663667,-44.92690640989755,True
eegmmidb,S010,data/eegmmidb/S010/S010R11.edf,4,3,12.0,motor_execution,T2,ds005284,0,0.9999999999999076,-39.69547893960678,True
eegmmidb,S010,data/eegmmidb/S010/S010R11.edf,4,4,16.0,motor_execution,T0,ds005284,0,1.0,-78.9762665177234,True
eegmmidb,S010,data/eegmmidb/S010/S010R11.edf,4,5,20.0,motor_execution,T1,ds005284,0,0.9999999999568345,-50.93375267296481,True
eegmmidb,S010,data/eegmmidb/S010/S010R11.edf,4,6,24.0,motor_execution,T0,ds005284,0,0.9999999999999716,-65.06631962133362,True
eegmmidb,S010,data/eegmmidb/S010/S010R11.edf,4,7,28.0,motor_execution,T2,ds005284,0,0.9987745974232414,-52.893827096026406,True
eegmmidb,S010,data/eegmmidb/S010/S010R11.edf,4,8,32.0,motor_execution,T0,ds005284,0,0.9999998621804688,-64.14026533020228,True
eegmmidb,S010,data/eegmmidb/S010/S010R11.edf,4,9,36.0,motor_execution,T2,ds005284,0,0.999942113725049,-55.693473867636605,True
eegmmidb,S010,data/eegmmidb/S010/S010R11.edf,4,10,40.0,motor_execution,T0,ds005284,0,0.9999999999950973,-66.40646993888755,True
eegmmidb,S010,data/eegmmidb/S010/S010R11.edf,4,11,44.0,motor_execution,T1,ds005284,0,1.0,-49.9904853615657,True
eegmmidb,S010,data/eegmmidb/S010/S010R11.edf,4,12,48.0,motor_execution,T0,ds005284,0,1.0,-64.2099156281133,True
eegmmidb,S010,data/eegmmidb/S010/S010R11.edf,4,13,52.0,motor_execution,T2,ds005284,0,0.9999999992771222,-64.6680931041221,True
eegmmidb,S010,data/eegmmidb/S010/S010R11.edf,4,14,56.0,motor_execution,T0,ds005284,0,1.0,-88.0469750424479,True
eegmmidb,S010,data/eegmmidb/S010/S010R11.edf,4,15,60.0,motor_execution,T1,ds005284,0,1.0,-62.96511320501152,True
eegmmidb,S010,data/eegmmidb/S010/S010R11.edf,4,16,64.0,motor_execution,T0,ds005284,0,1.0,-75.48343497873081,True
eegmmidb,S010,data/eegmmidb/S010/S010R11.edf,4,17,68.0,motor_execution,T1,ds005284,0,0.9991556478557199,-62.26682778671163,True
eegmmidb,S010,data/eegmmidb/S010/S010R11.edf,4,18,72.0,motor_execution,T0,ds005284,2,0.9779949089602167,-65.69691707089282,True
eegmmidb,S010,data/eegmmidb/S010/S010R11.edf,4,19,76.0,motor_execution,T2,ds005284,0,0.9996858895013994,-85.67027468155135,True
eegmmidb,S010,data/eegmmidb/S010/S010R11.edf,4,20,80.0,motor_execution,T0,ds005284,0,0.9999999999999858,-40.61315489832246,True
eegmmidb,S010,data/eegmmidb/S010/S010R11.edf,4,21,84.0,motor_execution,T0,ds005284,0,0.5330803562774727,-82.32928860459495,True
eegmmidb,S010,data/eegmmidb/S010/S010R11.edf,4,22,88.0,motor_execution,T1,ds005284,0,1.0,-76.47032816920454,True
eegmmidb,S010,data/eegmmidb/S010/S010R11.edf,4,23,92.0,motor_execution,T0,ds005284,0,1.0,-61.06658279668105,True
eegmmidb,S010,data/eegmmidb/S010/S010R11.edf,4,24,96.0,motor_execution,T2,ds005284,0,0.9709282588491747,-51.427984633292255,True
eegmmidb,S010,data/eegmmidb/S010/S010R11.edf,4,25,100.0,motor_execution,T0,ds005284,0,0.9999999889527089,-84.33958094758755,True
eegmmidb,S010,data/eegmmidb/S010/S010R11.edf,4,26,104.0,motor_execution,T2,ds005284,0,0.9999999970959266,-64.32695090367754,True
eegmmidb,S010,data/eegmmidb/S010/S010R11.edf,4,27,108.0,motor_execution,T0,ds005284,0,1.0,-75.2444607740831,True
eegmmidb,S010,data/eegmmidb/S010/S010R11.edf,4,28,112.0,motor_execution,T1,ds005284,0,0.9999999985104395,-38.610807913412124,True
eegmmidb,S010,data/eegmmidb/S010/S010R11.edf,4,29,116.0,motor_execution,T0,ds005284,0,0.999999999592383,-55.60722123186104,True
eegmmidb,S010,data/eegmmidb/S010/S010R12.edf,4,0,0.0,motor_imagery,T0,ds005284,0,0.9991491715029098,-47.63158978160903,True
eegmmidb,S010,data/eegmmidb/S010/S010R12.edf,4,1,4.0,motor_imagery,T1,ds005284,2,0.9961237481215252,-45.61218695591953,True
eegmmidb,S010,data/eegmmidb/S010/S010R12.edf,4,2,8.0,motor_imagery,T0,ds005284,0,1.0,-57.299880907314346,True
eegmmidb,S010,data/eegmmidb/S010/S010R12.edf,4,3,12.0,motor_imagery,T2,ds005284,0,0.996404689336668,-87.95383416316992,True
eegmmidb,S010,data/eegmmidb/S010/S010R12.edf,4,4,16.0,motor_imagery,T0,ds005284,0,0.9995604907317006,-53.17381439532412,True
eegmmidb,S010,data/eegmmidb/S010/S010R12.edf,4,5,20.0,motor_imagery,T2,ds005284,0,0.9999149577121431,-57.78736938417225,True
eegmmidb,S010,data/eegmmidb/S010/S010R12.edf,4,6,24.0,motor_imagery,T0,ds005284,0,0.9999999586566739,-42.94713134952188,True
eegmmidb,S010,data/eegmmidb/S010/S010R12.edf,4,7,28.0,motor_imagery,T1,ds005284,2,0.7614112009921854,-50.41209303002834,True
eegmmidb,S010,data/eegmmidb/S010/S010R12.edf,4,8,32.0,motor_imagery,T0,ds005284,0,1.0,-90.9950625127053,True
eegmmidb,S010,data/eegmmidb/S010/S010R12.edf,4,9,36.0,motor_imagery,T2,ds005284,0,0.9999999962328445,-48.61406115910417,True
eegmmidb,S010,data/eegmmidb/S010/S010R12.edf,4,10,40.0,motor_imagery,T0,ds005284,0,0.9999999999999787,-46.33607386008264,True
eegmmidb,S010,data/eegmmidb/S010/S010R12.edf,4,11,44.0,motor_imagery,T1,ds005284,0,0.9999999999585896,-43.39793825383211,True
eegmmidb,S010,data/eegmmidb/S010/S010R12.edf,4,12,48.0,motor_imagery,T0,ds005284,0,0.9956298785566223,-49.58922866013467,True
eegmmidb,S010,data/eegmmidb/S010/S010R12.edf,4,13,52.0,motor_imagery,T1,ds005284,2,0.9937654589487583,-55.07772864096029,True
eegmmidb,S010,data/eegmmidb/S010/S010R12.edf,4,14,56.0,motor_imagery,T0,ds005284,2,0.9999999646552885,-46.965277103740554,True
eegmmidb,S010,data/eegmmidb/S010/S010R12.edf,4,15,60.0,motor_imagery,T2,ds005284,0,1.0,-36.722947356631835,True
eegmmidb,S010,data/eegmmidb/S010/S010R12.edf,4,16,64.0,motor_imagery,T0,ds005284,0,0.8732777237575428,-45.04627769160226,True
eegmmidb,S010,data/eegmmidb/S010/S010R12.edf,4,17,68.0,motor_imagery,T1,ds005284,0,0.9999954374602485,-54.69046999979338,True
eegmmidb,S010,data/eegmmidb/S010/S010R12.edf,4,18,72.0,motor_imagery,T0,ds005284,2,0.9999717792649351,-52.32217271540068,True
eegmmidb,S010,data/eegmmidb/S010/S010R12.edf,4,19,76.0,motor_imagery,T2,ds005284,0,0.9999999999490186,-38.97857213629897,True
eegmmidb,S010,data/eegmmidb/S010/S010R12.edf,4,20,80.0,motor_imagery,T0,ds005284,0,0.9999934259513041,-49.90461540569034,True
eegmmidb,S010,data/eegmmidb/S010/S010R12.edf,4,21,84.0,motor_imagery,T0,ds005284,0,0.9999989772517964,-59.38318807657803,True
eegmmidb,S010,data/eegmmidb/S010/S010R12.edf,4,22,88.0,motor_imagery,T1,ds005284,0,0.9999999995694253,-93.87225685637841,True
eegmmidb,S010,data/eegmmidb/S010/S010R12.edf,4,23,92.0,motor_imagery,T0,ds005284,0,0.9999972556621157,-53.331159272742305,True
eegmmidb,S010,data/eegmmidb/S010/S010R12.edf,4,24,96.0,motor_imagery,T2,ds005284,0,0.9990670738953075,-56.757221517957724,True
eegmmidb,S010,data/eegmmidb/S010/S010R12.edf,4,25,100.0,motor_imagery,T0,ds005284,0,0.99998887540463,-50.120793729849154,True
eegmmidb,S010,data/eegmmidb/S010/S010R12.edf,4,26,104.0,motor_imagery,T2,ds005284,0,0.999990064364515,-46.37641923484344,True
eegmmidb,S010,data/eegmmidb/S010/S010R12.edf,4,27,108.0,motor_imagery,T0,ds005284,0,0.9999603982983689,-68.88475207252046,True
eegmmidb,S010,data/eegmmidb/S010/S010R12.edf,4,28,112.0,motor_imagery,T1,ds005284,2,0.9480219867465335,-99.95044798473727,True
eegmmidb,S010,data/eegmmidb/S010/S010R12.edf,4,29,116.0,motor_imagery,T0,ds005284,0,0.999996272006264,-61.2429395237946,True
ds005284,sub-001,data/ds005284/sub-001/eeg/sub-001_task-26ByBiosemi_eeg.bdf,4,0,0.0,pain_protocol,unannotated,eegmmidb,2,0.9999999999999929,-36.512483903632365,True
ds005284,sub-001,data/ds005284/sub-001/eeg/sub-001_task-26ByBiosemi_eeg.bdf,4,1,4.0,pain_protocol,unannotated,eegmmidb,2,1.0,-19.3628537500007,False
ds005284,sub-001,data/ds005284/sub-001/eeg/sub-001_task-26ByBiosemi_eeg.bdf,4,2,12.0,pain_protocol,unannotated,eegmmidb,2,1.0,-64.42316858035139,True
ds005284,sub-001,data/ds005284/sub-001/eeg/sub-001_task-26ByBiosemi_eeg.bdf,4,3,20.0,pain_protocol,unannotated,eegmmidb,2,1.0,-29.165615067504344,False
ds005284,sub-001,data/ds005284/sub-001/eeg/sub-001_task-26ByBiosemi_eeg.bdf,4,4,24.0,pain_protocol,unannotated,eegmmidb,2,1.0,-35.71175070272789,True
ds005284,sub-001,data/ds005284/sub-001/eeg/sub-001_task-26ByBiosemi_eeg.bdf,4,5,32.0,pain_protocol,unannotated,eegmmidb,2,0.9999999999997087,-35.71402216342688,True
ds005284,sub-001,data/ds005284/sub-001/eeg/sub-001_task-26ByBiosemi_eeg.bdf,4,6,40.0,pain_protocol,unannotated,eegmmidb,2,1.0,-42.097193442790164,True
ds005284,sub-001,data/ds005284/sub-001/eeg/sub-001_task-26ByBiosemi_eeg.bdf,4,7,48.0,pain_protocol,unannotated,eegmmidb,2,0.999999999999929,-40.150624327871554,True
ds005284,sub-001,data/ds005284/sub-001/eeg/sub-001_task-26ByBiosemi_eeg.bdf,4,8,52.0,pain_protocol,unannotated,eegmmidb,2,0.9999982677189447,-35.65967434827467,True
ds005284,sub-001,data/ds005284/sub-001/eeg/sub-001_task-26ByBiosemi_eeg.bdf,4,9,60.0,pain_protocol,unannotated,eegmmidb,2,0.9999999999972502,-24.88557818561924,False
ds005284,sub-001,data/ds005284/sub-001/eeg/sub-001_task-26ByBiosemi_eeg.bdf,4,10,68.0,pain_protocol,unannotated,eegmmidb,1,1.0,-38.61509148436959,True
ds005284,sub-001,data/ds005284/sub-001/eeg/sub-001_task-26ByBiosemi_eeg.bdf,4,11,72.0,pain_protocol,unannotated,eegmmidb,1,1.0,-32.52236844725225,False
ds005284,sub-001,data/ds005284/sub-001/eeg/sub-001_task-26ByBiosemi_eeg.bdf,4,12,80.0,pain_protocol,unannotated,eegmmidb,2,0.9999999381354617,-36.933218782217516,True
ds005284,sub-001,data/ds005284/sub-001/eeg/sub-001_task-26ByBiosemi_eeg.bdf,4,13,88.0,pain_protocol,unannotated,eegmmidb,1,0.9999999999999822,-29.0480544413953,False
ds005284,sub-001,data/ds005284/sub-001/eeg/sub-001_task-26ByBiosemi_eeg.bdf,4,14,96.0,pain_protocol,unannotated,eegmmidb,1,0.9999999999716565,-33.98108089569128,False
ds005284,sub-001,data/ds005284/sub-001/eeg/sub-001_task-26ByBiosemi_eeg.bdf,4,15,100.0,pain_protocol,unannotated,eegmmidb,1,0.8280440890325298,-31.991020191371792,False
ds005284,sub-001,data/ds005284/sub-001/eeg/sub-001_task-26ByBiosemi_eeg.bdf,4,16,108.0,pain_protocol,unannotated,eegmmidb,1,0.9999259614872463,-39.94410675825351,True
ds005284,sub-001,data/ds005284/sub-001/eeg/sub-001_task-26ByBiosemi_eeg.bdf,4,17,116.0,pain_protocol,unannotated,eegmmidb,2,0.9999999885011306,-28.12996778772813,False
ds005284,sub-001,data/ds005284/sub-001/eeg/sub-001_task-26ByBiosemi_eeg.bdf,4,18,124.0,pain_protocol,unannotated,eegmmidb,2,0.9999999999999858,-22.043314388463113,False
ds005284,sub-001,data/ds005284/sub-001/eeg/sub-001_task-26ByBiosemi_eeg.bdf,4,19,128.0,pain_protocol,unannotated,eegmmidb,2,0.999999999982375,-24.32010922509925,False
ds005284,sub-001,data/ds005284/sub-001/eeg/sub-001_task-26ByBiosemi_eeg.bdf,4,20,136.0,pain_protocol,unannotated,eegmmidb,2,0.9955896742415941,-32.67636733767632,False
ds005284,sub-001,data/ds005284/sub-001/eeg/sub-001_task-26ByBiosemi_eeg.bdf,4,21,144.0,pain_protocol,unannotated,eegmmidb,2,0.9999991748417465,-24.113257333420915,False
ds005284,sub-001,data/ds005284/sub-001/eeg/sub-001_task-26ByBiosemi_eeg.bdf,4,22,148.0,pain_protocol,unannotated,eegmmidb,2,0.9827591722007437,-33.11841975840309,False
ds005284,sub-001,data/ds005284/sub-001/eeg/sub-001_task-26ByBiosemi_eeg.bdf,4,23,156.0,pain_protocol,unannotated,eegmmidb,2,0.999999999134932,-25.903729983023652,False
ds005284,sub-001,data/ds005284/sub-001/eeg/sub-001_task-26ByBiosemi_eeg.bdf,4,24,164.0,pain_protocol,unannotated,eegmmidb,2,0.9999995830453033,-24.761466180809958,False
ds005284,sub-001,data/ds005284/sub-001/eeg/sub-001_task-26ByBiosemi_eeg.bdf,4,25,172.0,pain_protocol,unannotated,eegmmidb,0,1.0,-97.57048480606694,True
ds005284,sub-001,data/ds005284/sub-001/eeg/sub-001_task-26ByBiosemi_eeg.bdf,4,26,176.0,pain_protocol,unannotated,eegmmidb,2,0.9999987232253545,-25.759064812040506,False
ds005284,sub-001,data/ds005284/sub-001/eeg/sub-001_task-26ByBiosemi_eeg.bdf,4,27,184.0,pain_protocol,unannotated,eegmmidb,1,0.9029779429848126,-45.95920380955728,True
ds005284,sub-001,data/ds005284/sub-001/eeg/sub-001_task-26ByBiosemi_eeg.bdf,4,28,192.0,pain_protocol,unannotated,eegmmidb,2,0.9999998604044213,-27.54772703711817,False
ds005284,sub-001,data/ds005284/sub-001/eeg/sub-001_task-26ByBiosemi_eeg.bdf,4,29,196.0,pain_protocol,unannotated,eegmmidb,1,0.9998807998367124,-45.003985068536906,True
ds005284,sub-001,data/ds005284/sub-001/eeg/sub-001_task-26ByBiosemi_eeg.bdf,4,30,204.0,pain_protocol,unannotated,eegmmidb,2,0.9999999441131864,-24.464936407450754,False
ds005284,sub-001,data/ds005284/sub-001/eeg/sub-001_task-26ByBiosemi_eeg.bdf,4,31,212.0,pain_protocol,unannotated,eegmmidb,2,1.0,-47.39019191171335,True
ds005284,sub-001,data/ds005284/sub-001/eeg/sub-001_task-26ByBiosemi_eeg.bdf,4,32,220.0,pain_protocol,unannotated,eegmmidb,2,0.9999999999847695,-22.991282819844095,False
ds005284,sub-001,data/ds005284/sub-001/eeg/sub-001_task-26ByBiosemi_eeg.bdf,4,33,224.0,pain_protocol,unannotated,eegmmidb,3,0.9818291599242487,-60.68893832485592,True
ds005284,sub-001,data/ds005284/sub-001/eeg/sub-001_task-26ByBiosemi_eeg.bdf,4,34,232.0,pain_protocol,unannotated,eegmmidb,2,1.0,-19.922354376889015,False
ds005284,sub-001,data/ds005284/sub-001/eeg/sub-001_task-26ByBiosemi_eeg.bdf,4,35,240.0,pain_protocol,unannotated,eegmmidb,2,0.9999999472190786,-27.144734733755392,False
ds005284,sub-001,data/ds005284/sub-001/eeg/sub-001_task-26ByBiosemi_eeg.bdf,4,36,248.0,pain_protocol,unannotated,eegmmidb,1,0.9998670594142928,-57.81333339197823,True
ds005284,sub-001,data/ds005284/sub-001/eeg/sub-001_task-26ByBiosemi_eeg.bdf,4,37,252.0,pain_protocol,unannotated,eegmmidb,2,0.9999999968500575,-26.514045013572346,False
ds005284,sub-001,data/ds005284/sub-001/eeg/sub-001_task-26ByBiosemi_eeg.bdf,4,38,260.0,pain_protocol,unannotated,eegmmidb,2,0.999999999999595,-26.149316506071496,False
ds005284,sub-001,data/ds005284/sub-001/eeg/sub-001_task-26ByBiosemi_eeg.bdf,4,39,268.0,pain_protocol,unannotated,eegmmidb,2,0.999208854139842,-37.425008652226595,True
ds005284,sub-001,data/ds005284/sub-001/eeg/sub-001_task-26ByBiosemi_eeg.bdf,4,40,272.0,pain_protocol,unannotated,eegmmidb,2,0.9999999999996128,-23.173155377627282,False
ds005284,sub-001,data/ds005284/sub-001/eeg/sub-001_task-26ByBiosemi_eeg.bdf,4,41,280.0,pain_protocol,unannotated,eegmmidb,2,0.9565848990719619,-35.229965222279255,True
ds005284,sub-001,data/ds005284/sub-001/eeg/sub-001_task-26ByBiosemi_eeg.bdf,4,42,288.0,pain_protocol,unannotated,eegmmidb,1,0.9999999737670396,-57.562049322662965,True
ds005284,sub-001,data/ds005284/sub-001/eeg/sub-001_task-26ByBiosemi_eeg.bdf,4,43,296.0,pain_protocol,unannotated,eegmmidb,0,0.9992079912231495,-69.86391778070943,True
ds005284,sub-001,data/ds005284/sub-001/eeg/sub-001_task-26ByBiosemi_eeg.bdf,4,44,300.0,pain_protocol,unannotated,eegmmidb,1,0.9999999999996589,-38.62697326202638,True
ds005284,sub-001,data/ds005284/sub-001/eeg/sub-001_task-26ByBiosemi_eeg.bdf,4,45,308.0,pain_protocol,unannotated,eegmmidb,2,0.9999994439750832,-28.888408244849185,False
ds005284,sub-001,data/ds005284/sub-001/eeg/sub-001_task-26ByBiosemi_eeg.bdf,4,46,316.0,pain_protocol,unannotated,eegmmidb,1,0.8891019820540379,-34.743729265052686,True
ds005284,sub-001,data/ds005284/sub-001/eeg/sub-001_task-26ByBiosemi_eeg.bdf,4,47,324.0,pain_protocol,unannotated,eegmmidb,2,0.9999999999142624,-30.810719487089095,False
ds005284,sub-002,data/ds005284/sub-002/eeg/sub-002_task-26ByBiosemi_eeg.bdf,4,0,0.0,pain_protocol,unannotated,eegmmidb,1,0.9999998043216869,-24.340303475342875,False
ds005284,sub-002,data/ds005284/sub-002/eeg/sub-002_task-26ByBiosemi_eeg.bdf,4,1,4.0,pain_protocol,unannotated,eegmmidb,1,0.9999999995627569,-21.5413908382002,False
ds005284,sub-002,data/ds005284/sub-002/eeg/sub-002_task-26ByBiosemi_eeg.bdf,4,2,12.0,pain_protocol,unannotated,eegmmidb,1,0.9999999999958398,-28.871618846329923,False
ds005284,sub-002,data/ds005284/sub-002/eeg/sub-002_task-26ByBiosemi_eeg.bdf,4,3,20.0,pain_protocol,unannotated,eegmmidb,1,0.9999999531143164,-24.39868603902014,False
ds005284,sub-002,data/ds005284/sub-002/eeg/sub-002_task-26ByBiosemi_eeg.bdf,4,4,24.0,pain_protocol,unannotated,eegmmidb,1,0.9999999996780993,-31.596643032733432,False
ds005284,sub-002,data/ds005284/sub-002/eeg/sub-002_task-26ByBiosemi_eeg.bdf,4,5,32.0,pain_protocol,unannotated,eegmmidb,1,0.9999645008474088,-29.505076616324857,False
ds005284,sub-002,data/ds005284/sub-002/eeg/sub-002_task-26ByBiosemi_eeg.bdf,4,6,40.0,pain_protocol,unannotated,eegmmidb,2,0.9301466925806283,-37.00326119565642,True
ds005284,sub-002,data/ds005284/sub-002/eeg/sub-002_task-26ByBiosemi_eeg.bdf,4,7,48.0,pain_protocol,unannotated,eegmmidb,2,1.0,-66.3774440816165,True
ds005284,sub-002,data/ds005284/sub-002/eeg/sub-002_task-26ByBiosemi_eeg.bdf,4,8,52.0,pain_protocol,unannotated,eegmmidb,2,0.9999999999965681,-16.912272370689386,False
ds005284,sub-002,data/ds005284/sub-002/eeg/sub-002_task-26ByBiosemi_eeg.bdf,4,9,60.0,pain_protocol,unannotated,eegmmidb,1,0.9999907706150151,-21.656387365292357,False
ds005284,sub-002,data/ds005284/sub-002/eeg/sub-002_task-26ByBiosemi_eeg.bdf,4,10,68.0,pain_protocol,unannotated,eegmmidb,1,0.9999999862674401,-22.60552058882006,False
ds005284,sub-002,data/ds005284/sub-002/eeg/sub-002_task-26ByBiosemi_eeg.bdf,4,11,72.0,pain_protocol,unannotated,eegmmidb,2,0.9999994218738487,-19.9814994383468,False
ds005284,sub-002,data/ds005284/sub-002/eeg/sub-002_task-26ByBiosemi_eeg.bdf,4,12,80.0,pain_protocol,unannotated,eegmmidb,1,1.0,-29.713178334001757,False
ds005284,sub-002,data/ds005284/sub-002/eeg/sub-002_task-26ByBiosemi_eeg.bdf,4,13,88.0,pain_protocol,unannotated,eegmmidb,3,0.9782571624922173,-33.13435386543541,False
ds005284,sub-002,data/ds005284/sub-002/eeg/sub-002_task-26ByBiosemi_eeg.bdf,4,14,96.0,pain_protocol,unannotated,eegmmidb,1,0.9998742642380744,-30.914680221540024,False
ds005284,sub-002,data/ds005284/sub-002/eeg/sub-002_task-26ByBiosemi_eeg.bdf,4,15,100.0,pain_protocol,unannotated,eegmmidb,1,0.9999640113030552,-28.33411217703917,False
ds005284,sub-002,data/ds005284/sub-002/eeg/sub-002_task-26ByBiosemi_eeg.bdf,4,16,108.0,pain_protocol,unannotated,eegmmidb,3,0.9881581852124943,-30.884145869778386,False
ds005284,sub-002,data/ds005284/sub-002/eeg/sub-002_task-26ByBiosemi_eeg.bdf,4,17,116.0,pain_protocol,unannotated,eegmmidb,1,0.9999997220504855,-39.45651632773635,True
ds005284,sub-002,data/ds005284/sub-002/eeg/sub-002_task-26ByBiosemi_eeg.bdf,4,18,124.0,pain_protocol,unannotated,eegmmidb,1,0.9998518686447483,-24.41433368948735,False
ds005284,sub-002,data/ds005284/sub-002/eeg/sub-002_task-26ByBiosemi_eeg.bdf,4,19,128.0,pain_protocol,unannotated,eegmmidb,1,0.9999843595067129,-20.362923380671862,False
ds005284,sub-002,data/ds005284/sub-002/eeg/sub-002_task-26ByBiosemi_eeg.bdf,4,20,136.0,pain_protocol,unannotated,eegmmidb,1,0.9999999954841599,-34.21138249634417,False
ds005284,sub-002,data/ds005284/sub-002/eeg/sub-002_task-26ByBiosemi_eeg.bdf,4,21,144.0,pain_protocol,unannotated,eegmmidb,1,0.9999999984882386,-21.76146426773296,False
ds005284,sub-002,data/ds005284/sub-002/eeg/sub-002_task-26ByBiosemi_eeg.bdf,4,22,148.0,pain_protocol,unannotated,eegmmidb,1,0.9999995652522514,-22.988409362347,False
ds005284,sub-002,data/ds005284/sub-002/eeg/sub-002_task-26ByBiosemi_eeg.bdf,4,23,156.0,pain_protocol,unannotated,eegmmidb,1,0.9957185115731544,-24.945373185518562,False
ds005284,sub-002,data/ds005284/sub-002/eeg/sub-002_task-26ByBiosemi_eeg.bdf,4,24,164.0,pain_protocol,unannotated,eegmmidb,1,0.9998434607436628,-22.816141866543006,False
ds005284,sub-002,data/ds005284/sub-002/eeg/sub-002_task-26ByBiosemi_eeg.bdf,4,25,172.0,pain_protocol,unannotated,eegmmidb,1,0.9999999999999503,-32.48519606794843,False
ds005284,sub-002,data/ds005284/sub-002/eeg/sub-002_task-26ByBiosemi_eeg.bdf,4,26,176.0,pain_protocol,unannotated,eegmmidb,1,0.9999705512528401,-24.713994563427825,False
ds005284,sub-002,data/ds005284/sub-002/eeg/sub-002_task-26ByBiosemi_eeg.bdf,4,27,184.0,pain_protocol,unannotated,eegmmidb,1,0.9999999999998082,-29.500355165541432,False
ds005284,sub-002,data/ds005284/sub-002/eeg/sub-002_task-26ByBiosemi_eeg.bdf,4,28,192.0,pain_protocol,unannotated,eegmmidb,1,0.9999999990874748,-19.884361659900904,False
ds005284,sub-002,data/ds005284/sub-002/eeg/sub-002_task-26ByBiosemi_eeg.bdf,4,29,196.0,pain_protocol,unannotated,eegmmidb,1,0.9999999999946354,-19.969972207565878,False
ds005284,sub-002,data/ds005284/sub-002/eeg/sub-002_task-26ByBiosemi_eeg.bdf,4,30,204.0,pain_protocol,unannotated,eegmmidb,1,0.9804624045186197,-29.17234428567752,False
ds005284,sub-002,data/ds005284/sub-002/eeg/sub-002_task-26ByBiosemi_eeg.bdf,4,31,212.0,pain_protocol,unannotated,eegmmidb,1,0.9999991494718927,-21.43769894143133,False
ds005284,sub-002,data/ds005284/sub-002/eeg/sub-002_task-26ByBiosemi_eeg.bdf,4,32,220.0,pain_protocol,unannotated,eegmmidb,1,0.9999998744358835,-19.81369082740845,False
ds005284,sub-002,data/ds005284/sub-002/eeg/sub-002_task-26ByBiosemi_eeg.bdf,4,33,224.0,pain_protocol,unannotated,eegmmidb,1,0.9999990999738273,-24.42403962664152,False
ds005284,sub-002,data/ds005284/sub-002/eeg/sub-002_task-26ByBiosemi_eeg.bdf,4,34,232.0,pain_protocol,unannotated,eegmmidb,1,0.9999998011414688,-20.78350801181666,False
ds005284,sub-002,data/ds005284/sub-002/eeg/sub-002_task-26ByBiosemi_eeg.bdf,4,35,240.0,pain_protocol,unannotated,eegmmidb,1,0.9999999993300186,-29.09819393082156,False
ds005284,sub-002,data/ds005284/sub-002/eeg/sub-002_task-26ByBiosemi_eeg.bdf,4,36,248.0,pain_protocol,unannotated,eegmmidb,1,0.9924537176435143,-24.874636021102294,False
ds005284,sub-002,data/ds005284/sub-002/eeg/sub-002_task-26ByBiosemi_eeg.bdf,4,37,252.0,pain_protocol,unannotated,eegmmidb,2,0.9900642439758216,-24.689386993253162,False
ds005284,sub-002,data/ds005284/sub-002/eeg/sub-002_task-26ByBiosemi_eeg.bdf,4,38,260.0,pain_protocol,unannotated,eegmmidb,2,0.9999990442377025,-21.8935050472896,False
ds005284,sub-002,data/ds005284/sub-002/eeg/sub-002_task-26ByBiosemi_eeg.bdf,4,39,268.0,pain_protocol,unannotated,eegmmidb,1,0.9998991653659494,-23.495628064437554,False
ds005284,sub-002,data/ds005284/sub-002/eeg/sub-002_task-26ByBiosemi_eeg.bdf,4,40,272.0,pain_protocol,unannotated,eegmmidb,1,0.9979652339836927,-22.89364662395076,False
ds005284,sub-002,data/ds005284/sub-002/eeg/sub-002_task-26ByBiosemi_eeg.bdf,4,41,280.0,pain_protocol,unannotated,eegmmidb,1,0.9999238051580003,-31.292056252983134,False
ds005284,sub-002,data/ds005284/sub-002/eeg/sub-002_task-26ByBiosemi_eeg.bdf,4,42,288.0,pain_protocol,unannotated,eegmmidb,1,0.9999999965539885,-33.5783315067179,False
ds005284,sub-002,data/ds005284/sub-002/eeg/sub-002_task-26ByBiosemi_eeg.bdf,4,43,296.0,pain_protocol,unannotated,eegmmidb,1,0.9999999400130957,-30.1899249694619,False
ds005284,sub-002,data/ds005284/sub-002/eeg/sub-002_task-26ByBiosemi_eeg.bdf,4,44,300.0,pain_protocol,unannotated,eegmmidb,2,0.9990974015870133,-24.6080415025572,False
ds005284,sub-002,data/ds005284/sub-002/eeg/sub-002_task-26ByBiosemi_eeg.bdf,4,45,308.0,pain_protocol,unannotated,eegmmidb,1,0.800718713640183,-29.34271715626357,False
ds005284,sub-002,data/ds005284/sub-002/eeg/sub-002_task-26ByBiosemi_eeg.bdf,4,46,316.0,pain_protocol,unannotated,eegmmidb,2,0.9998995357334952,-28.420098327715436,False
ds005284,sub-002,data/ds005284/sub-002/eeg/sub-002_task-26ByBiosemi_eeg.bdf,4,47,324.0,pain_protocol,unannotated,eegmmidb,2,0.5255839564795578,-24.6692024010947,True
ds005284,sub-003,data/ds005284/sub-003/eeg/sub-003_task-26ByBiosemi_eeg.bdf,4,0,0.0,pain_protocol,unannotated,eegmmidb,1,1.0,-30.353918651080864,False
ds005284,sub-003,data/ds005284/sub-003/eeg/sub-003_task-26ByBiosemi_eeg.bdf,4,1,4.0,pain_protocol,unannotated,eegmmidb,3,0.9999879368215414,-65.18039974138094,True
ds005284,sub-003,data/ds005284/sub-003/eeg/sub-003_task-26ByBiosemi_eeg.bdf,4,2,12.0,pain_protocol,unannotated,eegmmidb,3,0.9999999997611155,-67.11798520088333,True
ds005284,sub-003,data/ds005284/sub-003/eeg/sub-003_task-26ByBiosemi_eeg.bdf,4,3,20.0,pain_protocol,unannotated,eegmmidb,3,0.9998965118732289,-59.84328193041273,True
ds005284,sub-003,data/ds005284/sub-003/eeg/sub-003_task-26ByBiosemi_eeg.bdf,4,4,24.0,pain_protocol,unannotated,eegmmidb,1,0.9999998673417013,-47.54708745553211,True
ds005284,sub-003,data/ds005284/sub-003/eeg/sub-003_task-26ByBiosemi_eeg.bdf,4,5,32.0,pain_protocol,unannotated,eegmmidb,1,0.9999999999999929,-45.16534693778941,True
ds005284,sub-003,data/ds005284/sub-003/eeg/sub-003_task-26ByBiosemi_eeg.bdf,4,6,40.0,pain_protocol,unannotated,eegmmidb,1,0.9999999999921982,-34.24680922944516,True
ds005284,sub-003,data/ds005284/sub-003/eeg/sub-003_task-26ByBiosemi_eeg.bdf,4,7,48.0,pain_protocol,unannotated,eegmmidb,3,0.9998408115757897,-57.75299285673677,True
ds005284,sub-003,data/ds005284/sub-003/eeg/sub-003_task-26ByBiosemi_eeg.bdf,4,8,52.0,pain_protocol,unannotated,eegmmidb,1,0.9999997392611333,-49.04443377605491,True
ds005284,sub-003,data/ds005284/sub-003/eeg/sub-003_task-26ByBiosemi_eeg.bdf,4,9,60.0,pain_protocol,unannotated,eegmmidb,3,0.9924445105226379,-45.96899810178357,True
ds005284,sub-003,data/ds005284/sub-003/eeg/sub-003_task-26ByBiosemi_eeg.bdf,4,10,68.0,pain_protocol,unannotated,eegmmidb,3,0.9999999996731859,-62.595995415456656,True
ds005284,sub-003,data/ds005284/sub-003/eeg/sub-003_task-26ByBiosemi_eeg.bdf,4,11,72.0,pain_protocol,unannotated,eegmmidb,1,0.999999970680904,-52.54887943325856,True
ds005284,sub-003,data/ds005284/sub-003/eeg/sub-003_task-26ByBiosemi_eeg.bdf,4,12,80.0,pain_protocol,unannotated,eegmmidb,1,0.9995233314137836,-47.18694588789001,True
ds005284,sub-003,data/ds005284/sub-003/eeg/sub-003_task-26ByBiosemi_eeg.bdf,4,13,88.0,pain_protocol,unannotated,eegmmidb,1,0.9999999999886882,-47.047292275060684,True
ds005284,sub-003,data/ds005284/sub-003/eeg/sub-003_task-26ByBiosemi_eeg.bdf,4,14,96.0,pain_protocol,unannotated,eegmmidb,3,0.9999999945460871,-65.91779453132541,True
ds005284,sub-003,data/ds005284/sub-003/eeg/sub-003_task-26ByBiosemi_eeg.bdf,4,15,100.0,pain_protocol,unannotated,eegmmidb,3,0.9863751593493888,-66.48884904481686,True
ds005284,sub-003,data/ds005284/sub-003/eeg/sub-003_task-26ByBiosemi_eeg.bdf,4,16,108.0,pain_protocol,unannotated,eegmmidb,1,0.999999999929166,-43.17015848823714,True
ds005284,sub-003,data/ds005284/sub-003/eeg/sub-003_task-26ByBiosemi_eeg.bdf,4,17,116.0,pain_protocol,unannotated,eegmmidb,1,0.9999981621649686,-31.418335071303385,False
ds005284,sub-003,data/ds005284/sub-003/eeg/sub-003_task-26ByBiosemi_eeg.bdf,4,18,124.0,pain_protocol,unannotated,eegmmidb,1,0.9999999999998579,-39.675893092868534,True
ds005284,sub-003,data/ds005284/sub-003/eeg/sub-003_task-26ByBiosemi_eeg.bdf,4,19,128.0,pain_protocol,unannotated,eegmmidb,2,0.9999999785341631,-30.184887036963413,False
ds005284,sub-003,data/ds005284/sub-003/eeg/sub-003_task-26ByBiosemi_eeg.bdf,4,20,136.0,pain_protocol,unannotated,eegmmidb,3,0.9999999995937614,-57.045471494812446,True
ds005284,sub-003,data/ds005284/sub-003/eeg/sub-003_task-26ByBiosemi_eeg.bdf,4,21,144.0,pain_protocol,unannotated,eegmmidb,2,0.9664940090102279,-26.709725186537245,False
ds005284,sub-003,data/ds005284/sub-003/eeg/sub-003_task-26ByBiosemi_eeg.bdf,4,22,148.0,pain_protocol,unannotated,eegmmidb,3,0.9999999999998721,-59.6869468940503,True
ds005284,sub-003,data/ds005284/sub-003/eeg/sub-003_task-26ByBiosemi_eeg.bdf,4,23,156.0,pain_protocol,unannotated,eegmmidb,1,1.0,-33.8014055154695,False
ds005284,sub-003,data/ds005284/sub-003/eeg/sub-003_task-26ByBiosemi_eeg.bdf,4,24,164.0,pain_protocol,unannotated,eegmmidb,1,0.9999999999999005,-33.51192774915296,False
ds005284,sub-003,data/ds005284/sub-003/eeg/sub-003_task-26ByBiosemi_eeg.bdf,4,25,172.0,pain_protocol,unannotated,eegmmidb,3,0.9999999996951772,-52.226755830815556,True
ds005284,sub-003,data/ds005284/sub-003/eeg/sub-003_task-26ByBiosemi_eeg.bdf,4,26,176.0,pain_protocol,unannotated,eegmmidb,1,0.9999999999987352,-32.27617725973194,False
ds005284,sub-003,data/ds005284/sub-003/eeg/sub-003_task-26ByBiosemi_eeg.bdf,4,27,184.0,pain_protocol,unannotated,eegmmidb,3,0.999999858742622,-54.31347975725878,True
ds005284,sub-003,data/ds005284/sub-003/eeg/sub-003_task-26ByBiosemi_eeg.bdf,4,28,192.0,pain_protocol,unannotated,eegmmidb,1,0.9999999991615383,-29.109520659182206,False
ds005284,sub-003,data/ds005284/sub-003/eeg/sub-003_task-26ByBiosemi_eeg.bdf,4,29,196.0,pain_protocol,unannotated,eegmmidb,1,0.9963488070362971,-43.9687150771831,True
ds005284,sub-003,data/ds005284/sub-003/eeg/sub-003_task-26ByBiosemi_eeg.bdf,4,30,204.0,pain_protocol,unannotated,eegmmidb,1,0.9977002377728741,-35.4677608712807,True
ds005284,sub-003,data/ds005284/sub-003/eeg/sub-003_task-26ByBiosemi_eeg.bdf,4,31,212.0,pain_protocol,unannotated,eegmmidb,3,0.9999997990411902,-49.40810074141734,True
ds005284,sub-003,data/ds005284/sub-003/eeg/sub-003_task-26ByBiosemi_eeg.bdf,4,32,220.0,pain_protocol,unannotated,eegmmidb,1,0.9999999939796247,-26.894707318502242,False
ds005284,sub-003,data/ds005284/sub-003/eeg/sub-003_task-26ByBiosemi_eeg.bdf,4,33,224.0,pain_protocol,unannotated,eegmmidb,3,0.9999999999050857,-84.51039035917711,True
ds005284,sub-003,data/ds005284/sub-003/eeg/sub-003_task-26ByBiosemi_eeg.bdf,4,34,232.0,pain_protocol,unannotated,eegmmidb,1,0.9992639931659572,-29.85846821521608,False
ds005284,sub-003,data/ds005284/sub-003/eeg/sub-003_task-26ByBiosemi_eeg.bdf,4,35,240.0,pain_protocol,unannotated,eegmmidb,1,1.0,-27.529574358762677,False
ds005284,sub-003,data/ds005284/sub-003/eeg/sub-003_task-26ByBiosemi_eeg.bdf,4,36,248.0,pain_protocol,unannotated,eegmmidb,3,0.9999998892724581,-54.980556015982785,True
ds005284,sub-003,data/ds005284/sub-003/eeg/sub-003_task-26ByBiosemi_eeg.bdf,4,37,252.0,pain_protocol,unannotated,eegmmidb,1,1.0,-31.448125422163248,False
ds005284,sub-003,data/ds005284/sub-003/eeg/sub-003_task-26ByBiosemi_eeg.bdf,4,38,260.0,pain_protocol,unannotated,eegmmidb,1,0.7599707752376815,-41.56280663878859,True
ds005284,sub-003,data/ds005284/sub-003/eeg/sub-003_task-26ByBiosemi_eeg.bdf,4,39,268.0,pain_protocol,unannotated,eegmmidb,3,0.8640536808473472,-57.2415786577801,True
ds005284,sub-003,data/ds005284/sub-003/eeg/sub-003_task-26ByBiosemi_eeg.bdf,4,40,272.0,pain_protocol,unannotated,eegmmidb,1,0.9999999999994529,-32.07139100903074,False
ds005284,sub-003,data/ds005284/sub-003/eeg/sub-003_task-26ByBiosemi_eeg.bdf,4,41,280.0,pain_protocol,unannotated,eegmmidb,1,1.0,-31.891709010085894,False
ds005284,sub-003,data/ds005284/sub-003/eeg/sub-003_task-26ByBiosemi_eeg.bdf,4,42,288.0,pain_protocol,unannotated,eegmmidb,1,0.9999999934930983,-32.35973083985031,False
ds005284,sub-003,data/ds005284/sub-003/eeg/sub-003_task-26ByBiosemi_eeg.bdf,4,43,296.0,pain_protocol,unannotated,eegmmidb,2,0.9999927746714238,-28.677332611395894,False
ds005284,sub-003,data/ds005284/sub-003/eeg/sub-003_task-26ByBiosemi_eeg.bdf,4,44,300.0,pain_protocol,unannotated,eegmmidb,3,0.9999999999999858,-65.69421394851862,True
ds005284,sub-003,data/ds005284/sub-003/eeg/sub-003_task-26ByBiosemi_eeg.bdf,4,45,308.0,pain_protocol,unannotated,eegmmidb,1,1.0,-29.097371329120964,False
ds005284,sub-003,data/ds005284/sub-003/eeg/sub-003_task-26ByBiosemi_eeg.bdf,4,46,316.0,pain_protocol,unannotated,eegmmidb,1,0.866466096854649,-31.478222868998884,False
ds005284,sub-003,data/ds005284/sub-003/eeg/sub-003_task-26ByBiosemi_eeg.bdf,4,47,324.0,pain_protocol,unannotated,eegmmidb,1,0.9999982286307961,-28.017969544989946,False
ds005284,sub-004,data/ds005284/sub-004/eeg/sub-004_task-26ByBiosemi_eeg.bdf,4,0,0.0,pain_protocol,unannotated,eegmmidb,2,0.9995171763546785,-25.263591135804766,False
ds005284,sub-004,data/ds005284/sub-004/eeg/sub-004_task-26ByBiosemi_eeg.bdf,4,1,4.0,pain_protocol,unannotated,eegmmidb,2,0.9999951311751802,-27.010037279997277,False
ds005284,sub-004,data/ds005284/sub-004/eeg/sub-004_task-26ByBiosemi_eeg.bdf,4,2,12.0,pain_protocol,unannotated,eegmmidb,1,0.9999555418975351,-27.090090018173903,False
ds005284,sub-004,data/ds005284/sub-004/eeg/sub-004_task-26ByBiosemi_eeg.bdf,4,3,20.0,pain_protocol,unannotated,eegmmidb,1,0.9999469102316708,-25.826602763179014,False
ds005284,sub-004,data/ds005284/sub-004/eeg/sub-004_task-26ByBiosemi_eeg.bdf,4,4,24.0,pain_protocol,unannotated,eegmmidb,1,0.9999999839283832,-25.783042486820957,False
ds005284,sub-004,data/ds005284/sub-004/eeg/sub-004_task-26ByBiosemi_eeg.bdf,4,5,32.0,pain_protocol,unannotated,eegmmidb,1,0.999999999934964,-36.13611858261407,True
ds005284,sub-004,data/ds005284/sub-004/eeg/sub-004_task-26ByBiosemi_eeg.bdf,4,6,40.0,pain_protocol,unannotated,eegmmidb,1,0.9999999999999822,-28.925551298725026,False
ds005284,sub-004,data/ds005284/sub-004/eeg/sub-004_task-26ByBiosemi_eeg.bdf,4,7,44.0,pain_protocol,unannotated,eegmmidb,1,0.9997441265163826,-38.187995353657385,True
ds005284,sub-004,data/ds005284/sub-004/eeg/sub-004_task-26ByBiosemi_eeg.bdf,4,8,52.0,pain_protocol,unannotated,eegmmidb,1,0.9904669225818655,-29.174590471298323,False
ds005284,sub-004,data/ds005284/sub-004/eeg/sub-004_task-26ByBiosemi_eeg.bdf,4,9,60.0,pain_protocol,unannotated,eegmmidb,2,0.9969652678982484,-26.810863159857693,False
ds005284,sub-004,data/ds005284/sub-004/eeg/sub-004_task-26ByBiosemi_eeg.bdf,4,10,68.0,pain_protocol,unannotated,eegmmidb,1,0.850636049538346,-34.79080990738518,True
ds005284,sub-004,data/ds005284/sub-004/eeg/sub-004_task-26ByBiosemi_eeg.bdf,4,11,72.0,pain_protocol,unannotated,eegmmidb,1,0.9999999303453524,-26.468342727072418,False
ds005284,sub-004,data/ds005284/sub-004/eeg/sub-004_task-26ByBiosemi_eeg.bdf,4,12,80.0,pain_protocol,unannotated,eegmmidb,1,0.537909426364862,-38.05724095339757,True
ds005284,sub-004,data/ds005284/sub-004/eeg/sub-004_task-26ByBiosemi_eeg.bdf,4,13,88.0,pain_protocol,unannotated,eegmmidb,2,0.9999999848507849,-20.942609450106694,False
ds005284,sub-004,data/ds005284/sub-004/eeg/sub-004_task-26ByBiosemi_eeg.bdf,4,14,92.0,pain_protocol,unannotated,eegmmidb,2,0.999999999999563,-21.458340534015683,False
ds005284,sub-004,data/ds005284/sub-004/eeg/sub-004_task-26ByBiosemi_eeg.bdf,4,15,100.0,pain_protocol,unannotated,eegmmidb,2,0.9999996692013632,-23.146871771943335,False
ds005284,sub-004,data/ds005284/sub-004/eeg/sub-004_task-26ByBiosemi_eeg.bdf,4,16,108.0,pain_protocol,unannotated,eegmmidb,2,0.999999996788894,-19.564903030435854,False
ds005284,sub-004,data/ds005284/sub-004/eeg/sub-004_task-26ByBiosemi_eeg.bdf,4,17,112.0,pain_protocol,unannotated,eegmmidb,2,0.9999999999972147,-20.59435740973238,False
ds005284,sub-004,data/ds005284/sub-004/eeg/sub-004_task-26ByBiosemi_eeg.bdf,4,18,120.0,pain_protocol,unannotated,eegmmidb,2,0.9999981815801049,-25.910707224259774,False
ds005284,sub-004,data/ds005284/sub-004/eeg/sub-004_task-26ByBiosemi_eeg.bdf,4,19,128.0,pain_protocol,unannotated,eegmmidb,2,0.9999999944180757,-31.944287321640676,False
ds005284,sub-004,data/ds005284/sub-004/eeg/sub-004_task-26ByBiosemi_eeg.bdf,4,20,136.0,pain_protocol,unannotated,eegmmidb,2,0.9999999997899494,-28.01031423687481,False
ds005284,sub-004,data/ds005284/sub-004/eeg/sub-004_task-26ByBiosemi_eeg.bdf,4,21,140.0,pain_protocol,unannotated,eegmmidb,2,0.5337606643755954,-24.738999325479504,True
ds005284,sub-004,data/ds005284/sub-004/eeg/sub-004_task-26ByBiosemi_eeg.bdf,4,22,148.0,pain_protocol,unannotated,eegmmidb,2,0.9999999996053432,-19.06938320231284,False
ds005284,sub-004,data/ds005284/sub-004/eeg/sub-004_task-26ByBiosemi_eeg.bdf,4,23,156.0,pain_protocol,unannotated,eegmmidb,2,0.9999999999731735,-19.436193738393797,False
ds005284,sub-004,data/ds005284/sub-004/eeg/sub-004_task-26ByBiosemi_eeg.bdf,4,24,160.0,pain_protocol,unannotated,eegmmidb,2,0.9999999993950688,-24.17989606812322,False
ds005284,sub-004,data/ds005284/sub-004/eeg/sub-004_task-26ByBiosemi_eeg.bdf,4,25,168.0,pain_protocol,unannotated,eegmmidb,2,0.9999992909216386,-24.76310888160167,False
ds005284,sub-004,data/ds005284/sub-004/eeg/sub-004_task-26ByBiosemi_eeg.bdf,4,26,176.0,pain_protocol,unannotated,eegmmidb,2,0.9999999858606509,-31.66198883618663,False
ds005284,sub-004,data/ds005284/sub-004/eeg/sub-004_task-26ByBiosemi_eeg.bdf,4,27,180.0,pain_protocol,unannotated,eegmmidb,2,0.9999999747118625,-22.150911409019553,False
ds005284,sub-004,data/ds005284/sub-004/eeg/sub-004_task-26ByBiosemi_eeg.bdf,4,28,188.0,pain_protocol,unannotated,eegmmidb,2,0.9999999993049684,-18.633669867712637,False
ds005284,sub-004,data/ds005284/sub-004/eeg/sub-004_task-26ByBiosemi_eeg.bdf,4,29,196.0,pain_protocol,unannotated,eegmmidb,2,0.999999999965496,-19.837905663653384,False
ds005284,sub-004,data/ds005284/sub-004/eeg/sub-004_task-26ByBiosemi_eeg.bdf,4,30,204.0,pain_protocol,unannotated,eegmmidb,2,0.9999999999999929,-21.61262359577702,False
ds005284,sub-004,data/ds005284/sub-004/eeg/sub-004_task-26ByBiosemi_eeg.bdf,4,31,208.0,pain_protocol,unannotated,eegmmidb,2,0.9999999991568735,-24.063839739701933,False
ds005284,sub-004,data/ds005284/sub-004/eeg/sub-004_task-26ByBiosemi_eeg.bdf,4,32,216.0,pain_protocol,unannotated,eegmmidb,2,0.999999999979142,-19.96918633076686,False
ds005284,sub-004,data/ds005284/sub-004/eeg/sub-004_task-26ByBiosemi_eeg.bdf,4,33,224.0,pain_protocol,unannotated,eegmmidb,2,0.9998698726976898,-32.28718751985794,False
ds005284,sub-004,data/ds005284/sub-004/eeg/sub-004_task-26ByBiosemi_eeg.bdf,4,34,228.0,pain_protocol,unannotated,eegmmidb,2,0.9999999955768644,-20.836052558733915,False
ds005284,sub-004,data/ds005284/sub-004/eeg/sub-004_task-26ByBiosemi_eeg.bdf,4,35,236.0,pain_protocol,unannotated,eegmmidb,2,0.9999999999999929,-19.04111577569415,False
ds005284,sub-004,data/ds005284/sub-004/eeg/sub-004_task-26ByBiosemi_eeg.bdf,4,36,244.0,pain_protocol,unannotated,eegmmidb,2,0.9999999999994884,-19.788980874208352,False
ds005284,sub-004,data/ds005284/sub-004/eeg/sub-004_task-26ByBiosemi_eeg.bdf,4,37,248.0,pain_protocol,unannotated,eegmmidb,2,0.9999999833998922,-19.778082044121504,False
ds005284,sub-004,data/ds005284/sub-004/eeg/sub-004_task-26ByBiosemi_eeg.bdf,4,38,256.0,pain_protocol,unannotated,eegmmidb,2,0.9999999925292364,-23.975508653385965,False
ds005284,sub-004,data/ds005284/sub-004/eeg/sub-004_task-26ByBiosemi_eeg.bdf,4,39,264.0,pain_protocol,unannotated,eegmmidb,2,0.9842119741866006,-33.76602878717362,False
ds005284,sub-004,data/ds005284/sub-004/eeg/sub-004_task-26ByBiosemi_eeg.bdf,4,40,272.0,pain_protocol,unannotated,eegmmidb,2,0.9999642412152276,-25.77205746858771,False
ds005284,sub-004,data/ds005284/sub-004/eeg/sub-004_task-26ByBiosemi_eeg.bdf,4,41,276.0,pain_protocol,unannotated,eegmmidb,1,0.9999999996171454,-48.98669568808438,True
ds005284,sub-004,data/ds005284/sub-004/eeg/sub-004_task-26ByBiosemi_eeg.bdf,4,42,284.0,pain_protocol,unannotated,eegmmidb,2,1.0,-31.561433684152707,False
ds005284,sub-004,data/ds005284/sub-004/eeg/sub-004_task-26ByBiosemi_eeg.bdf,4,43,292.0,pain_protocol,unannotated,eegmmidb,2,0.999999999711978,-18.802919608777017,False
ds005284,sub-004,data/ds005284/sub-004/eeg/sub-004_task-26ByBiosemi_eeg.bdf,4,44,296.0,pain_protocol,unannotated,eegmmidb,2,0.9999999999968345,-21.37645110193111,False
ds005284,sub-004,data/ds005284/sub-004/eeg/sub-004_task-26ByBiosemi_eeg.bdf,4,45,304.0,pain_protocol,unannotated,eegmmidb,2,0.9999999999986038,-21.75109179409141,False
ds005284,sub-004,data/ds005284/sub-004/eeg/sub-004_task-26ByBiosemi_eeg.bdf,4,46,312.0,pain_protocol,unannotated,eegmmidb,2,0.9999999999911005,-18.41662359870272,False
ds005284,sub-004,data/ds005284/sub-004/eeg/sub-004_task-26ByBiosemi_eeg.bdf,4,47,320.0,pain_protocol,unannotated,eegmmidb,2,0.9999999918482594,-19.89635590133443,False
ds005284,sub-005,data/ds005284/sub-005/eeg/sub-005_task-26ByBiosemi_eeg.bdf,4,0,0.0,pain_protocol,unannotated,eegmmidb,1,1.0,-32.320970649240515,False
ds005284,sub-005,data/ds005284/sub-005/eeg/sub-005_task-26ByBiosemi_eeg.bdf,4,1,4.0,pain_protocol,unannotated,eegmmidb,2,0.9999999998785185,-33.74362005871523,False
ds005284,sub-005,data/ds005284/sub-005/eeg/sub-005_task-26ByBiosemi_eeg.bdf,4,2,12.0,pain_protocol,unannotated,eegmmidb,2,1.0,-34.68004452161944,True
ds005284,sub-005,data/ds005284/sub-005/eeg/sub-005_task-26ByBiosemi_eeg.bdf,4,3,20.0,pain_protocol,unannotated,eegmmidb,2,0.9999999999976765,-60.81652497193184,True
ds005284,sub-005,data/ds005284/sub-005/eeg/sub-005_task-26ByBiosemi_eeg.bdf,4,4,28.0,pain_protocol,unannotated,eegmmidb,2,1.0,-86.52389910558588,True
ds005284,sub-005,data/ds005284/sub-005/eeg/sub-005_task-26ByBiosemi_eeg.bdf,4,5,36.0,pain_protocol,unannotated,eegmmidb,2,1.0,-71.15701817812918,True
ds005284,sub-005,data/ds005284/sub-005/eeg/sub-005_task-26ByBiosemi_eeg.bdf,4,6,40.0,pain_protocol,unannotated,eegmmidb,2,1.0,-60.22005938359589,True
ds005284,sub-005,data/ds005284/sub-005/eeg/sub-005_task-26ByBiosemi_eeg.bdf,4,7,48.0,pain_protocol,unannotated,eegmmidb,2,0.9999999999999929,-39.28644818287144,True
ds005284,sub-005,data/ds005284/sub-005/eeg/sub-005_task-26ByBiosemi_eeg.bdf,4,8,56.0,pain_protocol,unannotated,eegmmidb,2,0.9999999976522247,-28.775499655369412,False
ds005284,sub-005,data/ds005284/sub-005/eeg/sub-005_task-26ByBiosemi_eeg.bdf,4,9,64.0,pain_protocol,unannotated,eegmmidb,2,1.0,-63.165388662799096,True
ds005284,sub-005,data/ds005284/sub-005/eeg/sub-005_task-26ByBiosemi_eeg.bdf,4,10,72.0,pain_protocol,unannotated,eegmmidb,2,1.0,-39.55100577400714,True
ds005284,sub-005,data/ds005284/sub-005/eeg/sub-005_task-26ByBiosemi_eeg.bdf,4,11,76.0,pain_protocol,unannotated,eegmmidb,1,0.5481223729706522,-36.47223351528948,True
ds005284,sub-005,data/ds005284/sub-005/eeg/sub-005_task-26ByBiosemi_eeg.bdf,4,12,84.0,pain_protocol,unannotated,eegmmidb,2,1.0,-31.950072908826396,False
ds005284,sub-005,data/ds005284/sub-005/eeg/sub-005_task-26ByBiosemi_eeg.bdf,4,13,92.0,pain_protocol,unannotated,eegmmidb,1,1.0,-36.82925573173597,True
ds005284,sub-005,data/ds005284/sub-005/eeg/sub-005_task-26ByBiosemi_eeg.bdf,4,14,100.0,pain_protocol,unannotated,eegmmidb,2,0.9861078893902121,-60.37294235103842,True
ds005284,sub-005,data/ds005284/sub-005/eeg/sub-005_task-26ByBiosemi_eeg.bdf,4,15,108.0,pain_protocol,unannotated,eegmmidb,1,0.7537753729724266,-55.09459286148557,True
ds005284,sub-005,data/ds005284/sub-005/eeg/sub-005_task-26ByBiosemi_eeg.bdf,4,16,112.0,pain_protocol,unannotated,eegmmidb,2,0.9999128109666429,-48.161676251062914,True
ds005284,sub-005,data/ds005284/sub-005/eeg/sub-005_task-26ByBiosemi_eeg.bdf,4,17,120.0,pain_protocol,unannotated,eegmmidb,2,0.9999016548967119,-61.047142257477105,True
ds005284,sub-005,data/ds005284/sub-005/eeg/sub-005_task-26ByBiosemi_eeg.bdf,4,18,128.0,pain_protocol,unannotated,eegmmidb,2,0.7261025149765965,-51.12440750880744,True
ds005284,sub-005,data/ds005284/sub-005/eeg/sub-005_task-26ByBiosemi_eeg.bdf,4,19,136.0,pain_protocol,unannotated,eegmmidb,1,1.0,-61.99051548922833,True
ds005284,sub-005,data/ds005284/sub-005/eeg/sub-005_task-26ByBiosemi_eeg.bdf,4,20,144.0,pain_protocol,unannotated,eegmmidb,1,0.9999998819386703,-35.56178305606655,True
ds005284,sub-005,data/ds005284/sub-005/eeg/sub-005_task-26ByBiosemi_eeg.bdf,4,21,148.0,pain_protocol,unannotated,eegmmidb,1,0.9999999988946833,-26.10092846013474,False
ds005284,sub-005,data/ds005284/sub-005/eeg/sub-005_task-26ByBiosemi_eeg.bdf,4,22,156.0,pain_protocol,unannotated,eegmmidb,1,0.999999993940115,-27.504353266568973,False
ds005284,sub-005,data/ds005284/sub-005/eeg/sub-005_task-26ByBiosemi_eeg.bdf,4,23,164.0,pain_protocol,unannotated,eegmmidb,1,1.0,-28.63714634639445,False
ds005284,sub-005,data/ds005284/sub-005/eeg/sub-005_task-26ByBiosemi_eeg.bdf,4,24,172.0,pain_protocol,unannotated,eegmmidb,2,0.9999743368992091,-32.236568712415796,False
ds005284,sub-005,data/ds005284/sub-005/eeg/sub-005_task-26ByBiosemi_eeg.bdf,4,25,180.0,pain_protocol,unannotated,eegmmidb,1,0.9985046166873215,-42.07252982966959,True
ds005284,sub-005,data/ds005284/sub-005/eeg/sub-005_task-26ByBiosemi_eeg.bdf,4,26,188.0,pain_protocol,unannotated,eegmmidb,2,0.999999999999929,-68.26966267201252,True
ds005284,sub-005,data/ds005284/sub-005/eeg/sub-005_task-26ByBiosemi_eeg.bdf,4,27,192.0,pain_protocol,unannotated,eegmmidb,2,0.9999999999493419,-25.92237433068118,False
ds005284,sub-005,data/ds005284/sub-005/eeg/sub-005_task-26ByBiosemi_eeg.bdf,4,28,200.0,pain_protocol,unannotated,eegmmidb,2,0.9057650809087635,-43.92767436999083,True
ds005284,sub-005,data/ds005284/sub-005/eeg/sub-005_task-26ByBiosemi_eeg.bdf,4,29,208.0,pain_protocol,unannotated,eegmmidb,2,0.9948476230202452,-28.666510379641476,False
ds005284,sub-005,data/ds005284/sub-005/eeg/sub-005_task-26ByBiosemi_eeg.bdf,4,30,216.0,pain_protocol,unannotated,eegmmidb,2,1.0,-39.99969803008286,True
ds005284,sub-005,data/ds005284/sub-005/eeg/sub-005_task-26ByBiosemi_eeg.bdf,4,31,224.0,pain_protocol,unannotated,eegmmidb,2,0.999999968429059,-43.78341862598539,True
ds005284,sub-005,data/ds005284/sub-005/eeg/sub-005_task-26ByBiosemi_eeg.bdf,4,32,228.0,pain_protocol,unannotated,eegmmidb,2,0.9999999993804849,-62.334085061761826,True
ds005284,sub-005,data/ds005284/sub-005/eeg/sub-005_task-26ByBiosemi_eeg.bdf,4,33,236.0,pain_protocol,unannotated,eegmmidb,2,0.9999783027588903,-29.88730496534347,False
ds005284,sub-005,data/ds005284/sub-005/eeg/sub-005_task-26ByBiosemi_eeg.bdf,4,34,244.0,pain_protocol,unannotated,eegmmidb,2,0.9999999999999929,-57.65594886535426,True
ds005284,sub-005,data/ds005284/sub-005/eeg/sub-005_task-26ByBiosemi_eeg.bdf,4,35,252.0,pain_protocol,unannotated,eegmmidb,2,0.9999999999987921,-77.71239762679406,True
ds005284,sub-005,data/ds005284/sub-005/eeg/sub-005_task-26ByBiosemi_eeg.bdf,4,36,260.0,pain_protocol,unannotated,eegmmidb,2,0.8865384985590234,-32.232227173180966,False
ds005284,sub-005,data/ds005284/sub-005/eeg/sub-005_task-26ByBiosemi_eeg.bdf,4,37,264.0,pain_protocol,unannotated,eegmmidb,1,0.9999999997503011,-30.159331300746548,False
ds005284,sub-005,data/ds005284/sub-005/eeg/sub-005_task-26ByBiosemi_eeg.bdf,4,38,272.0,pain_protocol,unannotated,eegmmidb,2,0.9999973506561725,-40.97740013920092,True
ds005284,sub-005,data/ds005284/sub-005/eeg/sub-005_task-26ByBiosemi_eeg.bdf,4,39,280.0,pain_protocol,unannotated,eegmmidb,2,0.9999378011622435,-34.14206665562415,False
ds005284,sub-005,data/ds005284/sub-005/eeg/sub-005_task-26ByBiosemi_eeg.bdf,4,40,288.0,pain_protocol,unannotated,eegmmidb,2,0.5700674213755651,-46.81415562688083,True
ds005284,sub-005,data/ds005284/sub-005/eeg/sub-005_task-26ByBiosemi_eeg.bdf,4,41,296.0,pain_protocol,unannotated,eegmmidb,2,1.0,-40.739954913928884,True
ds005284,sub-005,data/ds005284/sub-005/eeg/sub-005_task-26ByBiosemi_eeg.bdf,4,42,300.0,pain_protocol,unannotated,eegmmidb,1,0.9999999346910918,-45.30469873303216,True
ds005284,sub-005,data/ds005284/sub-005/eeg/sub-005_task-26ByBiosemi_eeg.bdf,4,43,308.0,pain_protocol,unannotated,eegmmidb,2,0.9999999946121534,-63.2618925199692,True
ds005284,sub-005,data/ds005284/sub-005/eeg/sub-005_task-26ByBiosemi_eeg.bdf,4,44,316.0,pain_protocol,unannotated,eegmmidb,1,0.8888844732845574,-92.157184052098,True
ds005284,sub-005,data/ds005284/sub-005/eeg/sub-005_task-26ByBiosemi_eeg.bdf,4,45,324.0,pain_protocol,unannotated,eegmmidb,1,0.995501360656085,-42.89711078135685,True
ds005284,sub-005,data/ds005284/sub-005/eeg/sub-005_task-26ByBiosemi_eeg.bdf,4,46,332.0,pain_protocol,unannotated,eegmmidb,2,0.9999947005207039,-35.2544351915323,True
ds005284,sub-005,data/ds005284/sub-005/eeg/sub-005_task-26ByBiosemi_eeg.bdf,4,47,340.0,pain_protocol,unannotated,eegmmidb,2,0.5001409411673852,-45.23241067192208,True
ds005284,sub-006,data/ds005284/sub-006/eeg/sub-006_task-26ByBiosemi_eeg.bdf,4,0,0.0,pain_protocol,unannotated,eegmmidb,1,0.9943015508557204,-22.67967710532912,False
ds005284,sub-006,data/ds005284/sub-006/eeg/sub-006_task-26ByBiosemi_eeg.bdf,4,1,4.0,pain_protocol,unannotated,eegmmidb,1,0.9999999999971045,-24.649948071641624,False
ds005284,sub-006,data/ds005284/sub-006/eeg/sub-006_task-26ByBiosemi_eeg.bdf,4,2,12.0,pain_protocol,unannotated,eegmmidb,2,0.9998518198224023,-25.43624612668658,False
ds005284,sub-006,data/ds005284/sub-006/eeg/sub-006_task-26ByBiosemi_eeg.bdf,4,3,20.0,pain_protocol,unannotated,eegmmidb,1,0.9996885631750679,-29.815866177164754,False
ds005284,sub-006,data/ds005284/sub-006/eeg/sub-006_task-26ByBiosemi_eeg.bdf,4,4,24.0,pain_protocol,unannotated,eegmmidb,1,0.9999999749695337,-24.99456477687433,False
ds005284,sub-006,data/ds005284/sub-006/eeg/sub-006_task-26ByBiosemi_eeg.bdf,4,5,32.0,pain_protocol,unannotated,eegmmidb,1,1.0,-24.258773057749483,False
ds005284,sub-006,data/ds005284/sub-006/eeg/sub-006_task-26ByBiosemi_eeg.bdf,4,6,40.0,pain_protocol,unannotated,eegmmidb,1,0.9999949010310023,-28.032398888634823,False
ds005284,sub-006,data/ds005284/sub-006/eeg/sub-006_task-26ByBiosemi_eeg.bdf,4,7,48.0,pain_protocol,unannotated,eegmmidb,1,0.7485652949880119,-26.051415619748553,False
ds005284,sub-006,data/ds005284/sub-006/eeg/sub-006_task-26ByBiosemi_eeg.bdf,4,8,52.0,pain_protocol,unannotated,eegmmidb,1,0.9999992134270779,-21.517646374354012,False
ds005284,sub-006,data/ds005284/sub-006/eeg/sub-006_task-26ByBiosemi_eeg.bdf,4,9,60.0,pain_protocol,unannotated,eegmmidb,1,1.0,-22.664485309170896,False
ds005284,sub-006,data/ds005284/sub-006/eeg/sub-006_task-26ByBiosemi_eeg.bdf,4,10,68.0,pain_protocol,unannotated,eegmmidb,1,0.999999868553912,-28.089987051688688,False
ds005284,sub-006,data/ds005284/sub-006/eeg/sub-006_task-26ByBiosemi_eeg.bdf,4,11,72.0,pain_protocol,unannotated,eegmmidb,3,0.9248715252273905,-41.996403913019876,True
ds005284,sub-006,data/ds005284/sub-006/eeg/sub-006_task-26ByBiosemi_eeg.bdf,4,12,80.0,pain_protocol,unannotated,eegmmidb,1,0.9999999999999964,-24.47716562598589,False
ds005284,sub-006,data/ds005284/sub-006/eeg/sub-006_task-26ByBiosemi_eeg.bdf,4,13,88.0,pain_protocol,unannotated,eegmmidb,1,0.9999999998280131,-26.55412311844996,False
ds005284,sub-006,data/ds005284/sub-006/eeg/sub-006_task-26ByBiosemi_eeg.bdf,4,14,96.0,pain_protocol,unannotated,eegmmidb,1,0.9943945976396141,-23.644050894459028,False
ds005284,sub-006,data/ds005284/sub-006/eeg/sub-006_task-26ByBiosemi_eeg.bdf,4,15,100.0,pain_protocol,unannotated,eegmmidb,1,0.9999890482870029,-23.713407418772988,False
ds005284,sub-006,data/ds005284/sub-006/eeg/sub-006_task-26ByBiosemi_eeg.bdf,4,16,108.0,pain_protocol,unannotated,eegmmidb,1,0.9805400468262857,-24.16050358534172,False
ds005284,sub-006,data/ds005284/sub-006/eeg/sub-006_task-26ByBiosemi_eeg.bdf,4,17,116.0,pain_protocol,unannotated,eegmmidb,1,0.9999661711555217,-23.443555788529846,False
ds005284,sub-006,data/ds005284/sub-006/eeg/sub-006_task-26ByBiosemi_eeg.bdf,4,18,124.0,pain_protocol,unannotated,eegmmidb,2,0.9999810380730468,-20.87060940053813,False
ds005284,sub-006,data/ds005284/sub-006/eeg/sub-006_task-26ByBiosemi_eeg.bdf,4,19,128.0,pain_protocol,unannotated,eegmmidb,1,0.999796092738581,-32.20850275953297,False
ds005284,sub-006,data/ds005284/sub-006/eeg/sub-006_task-26ByBiosemi_eeg.bdf,4,20,136.0,pain_protocol,unannotated,eegmmidb,1,0.7825567755751459,-32.83426964311159,False
ds005284,sub-006,data/ds005284/sub-006/eeg/sub-006_task-26ByBiosemi_eeg.bdf,4,21,144.0,pain_protocol,unannotated,eegmmidb,2,0.9953524556756645,-23.28480542012021,False
ds005284,sub-006,data/ds005284/sub-006/eeg/sub-006_task-26ByBiosemi_eeg.bdf,4,22,148.0,pain_protocol,unannotated,eegmmidb,2,0.9999999998022773,-52.45537933360373,True
ds005284,sub-006,data/ds005284/sub-006/eeg/sub-006_task-26ByBiosemi_eeg.bdf,4,23,156.0,pain_protocol,unannotated,eegmmidb,1,0.8325851832206379,-25.911212075902625,False
ds005284,sub-006,data/ds005284/sub-006/eeg/sub-006_task-26ByBiosemi_eeg.bdf,4,24,164.0,pain_protocol,unannotated,eegmmidb,1,0.9999999999999147,-21.69045944087046,False
ds005284,sub-006,data/ds005284/sub-006/eeg/sub-006_task-26ByBiosemi_eeg.bdf,4,25,172.0,pain_protocol,unannotated,eegmmidb,2,0.9999999999999076,-20.784831936494232,False
ds005284,sub-006,data/ds005284/sub-006/eeg/sub-006_task-26ByBiosemi_eeg.bdf,4,26,176.0,pain_protocol,unannotated,eegmmidb,1,0.9999999999927667,-18.78492286215877,False
ds005284,sub-006,data/ds005284/sub-006/eeg/sub-006_task-26ByBiosemi_eeg.bdf,4,27,184.0,pain_protocol,unannotated,eegmmidb,3,0.9902184058360824,-31.14207536925061,False
ds005284,sub-006,data/ds005284/sub-006/eeg/sub-006_task-26ByBiosemi_eeg.bdf,4,28,192.0,pain_protocol,unannotated,eegmmidb,1,0.9863652133560569,-32.40532404715016,False
ds005284,sub-006,data/ds005284/sub-006/eeg/sub-006_task-26ByBiosemi_eeg.bdf,4,29,196.0,pain_protocol,unannotated,eegmmidb,1,0.9999806349218585,-22.09486887338749,False
ds005284,sub-006,data/ds005284/sub-006/eeg/sub-006_task-26ByBiosemi_eeg.bdf,4,30,204.0,pain_protocol,unannotated,eegmmidb,1,0.9999999999795541,-25.04840381256445,False
ds005284,sub-006,data/ds005284/sub-006/eeg/sub-006_task-26ByBiosemi_eeg.bdf,4,31,212.0,pain_protocol,unannotated,eegmmidb,3,0.9722208085877111,-32.154909360190885,False
ds005284,sub-006,data/ds005284/sub-006/eeg/sub-006_task-26ByBiosemi_eeg.bdf,4,32,220.0,pain_protocol,unannotated,eegmmidb,1,0.9999999997836468,-20.36541184884459,False
ds005284,sub-006,data/ds005284/sub-006/eeg/sub-006_task-26ByBiosemi_eeg.bdf,4,33,224.0,pain_protocol,unannotated,eegmmidb,3,0.9846294190362698,-31.659480612957527,False
ds005284,sub-006,data/ds005284/sub-006/eeg/sub-006_task-26ByBiosemi_eeg.bdf,4,34,232.0,pain_protocol,unannotated,eegmmidb,1,0.9999999863203898,-20.016149810126098,False
ds005284,sub-006,data/ds005284/sub-006/eeg/sub-006_task-26ByBiosemi_eeg.bdf,4,35,240.0,pain_protocol,unannotated,eegmmidb,1,0.9999999999940563,-25.624712982895296,False
ds005284,sub-006,data/ds005284/sub-006/eeg/sub-006_task-26ByBiosemi_eeg.bdf,4,36,248.0,pain_protocol,unannotated,eegmmidb,1,0.9999999999601172,-24.373297971470198,False
ds005284,sub-006,data/ds005284/sub-006/eeg/sub-006_task-26ByBiosemi_eeg.bdf,4,37,252.0,pain_protocol,unannotated,eegmmidb,1,1.0,-25.81092903386551,False
ds005284,sub-006,data/ds005284/sub-006/eeg/sub-006_task-26ByBiosemi_eeg.bdf,4,38,260.0,pain_protocol,unannotated,eegmmidb,1,0.9999999685200547,-24.82091006540366,False
ds005284,sub-006,data/ds005284/sub-006/eeg/sub-006_task-26ByBiosemi_eeg.bdf,4,39,268.0,pain_protocol,unannotated,eegmmidb,1,0.9999999999997584,-19.761425917706656,False
ds005284,sub-006,data/ds005284/sub-006/eeg/sub-006_task-26ByBiosemi_eeg.bdf,4,40,272.0,pain_protocol,unannotated,eegmmidb,1,0.999999999997577,-19.730921097645545,False
ds005284,sub-006,data/ds005284/sub-006/eeg/sub-006_task-26ByBiosemi_eeg.bdf,4,41,280.0,pain_protocol,unannotated,eegmmidb,1,0.999987862753477,-28.894642213013405,False
ds005284,sub-006,data/ds005284/sub-006/eeg/sub-006_task-26ByBiosemi_eeg.bdf,4,42,288.0,pain_protocol,unannotated,eegmmidb,1,0.9999999999999893,-26.693084303537347,False
ds005284,sub-006,data/ds005284/sub-006/eeg/sub-006_task-26ByBiosemi_eeg.bdf,4,43,296.0,pain_protocol,unannotated,eegmmidb,1,0.999996999178998,-22.500779687288336,False
ds005284,sub-006,data/ds005284/sub-006/eeg/sub-006_task-26ByBiosemi_eeg.bdf,4,44,300.0,pain_protocol,unannotated,eegmmidb,1,0.9999999999776783,-23.05174178641586,False
ds005284,sub-006,data/ds005284/sub-006/eeg/sub-006_task-26ByBiosemi_eeg.bdf,4,45,308.0,pain_protocol,unannotated,eegmmidb,1,0.9994655220341198,-24.07861488355232,False
ds005284,sub-006,data/ds005284/sub-006/eeg/sub-006_task-26ByBiosemi_eeg.bdf,4,46,316.0,pain_protocol,unannotated,eegmmidb,1,0.999999833104663,-20.783939436339423,False
ds005284,sub-006,data/ds005284/sub-006/eeg/sub-006_task-26ByBiosemi_eeg.bdf,4,47,324.0,pain_protocol,unannotated,eegmmidb,1,0.9947314853450682,-24.80701302517729,False
ds005284,sub-007,data/ds005284/sub-007/eeg/sub-007_task-26ByBiosemi_eeg.bdf,4,0,0.0,pain_protocol,unannotated,eegmmidb,2,1.0,-25.601971230964264,False
ds005284,sub-007,data/ds005284/sub-007/eeg/sub-007_task-26ByBiosemi_eeg.bdf,4,1,4.0,pain_protocol,unannotated,eegmmidb,2,1.0,-36.84983204752915,True
ds005284,sub-007,data/ds005284/sub-007/eeg/sub-007_task-26ByBiosemi_eeg.bdf,4,2,12.0,pain_protocol,unannotated,eegmmidb,1,0.9999485289599481,-65.78201301435605,True
ds005284,sub-007,data/ds005284/sub-007/eeg/sub-007_task-26ByBiosemi_eeg.bdf,4,3,20.0,pain_protocol,unannotated,eegmmidb,2,1.0,-64.3479737327698,True
ds005284,sub-007,data/ds005284/sub-007/eeg/sub-007_task-26ByBiosemi_eeg.bdf,4,4,24.0,pain_protocol,unannotated,eegmmidb,2,0.9999999999999787,-23.471072674600382,False
ds005284,sub-007,data/ds005284/sub-007/eeg/sub-007_task-26ByBiosemi_eeg.bdf,4,5,32.0,pain_protocol,unannotated,eegmmidb,1,0.9999999999982521,-37.332721748381395,True
ds005284,sub-007,data/ds005284/sub-007/eeg/sub-007_task-26ByBiosemi_eeg.bdf,4,6,40.0,pain_protocol,unannotated,eegmmidb,1,0.9984819083558314,-36.1037392803991,True
ds005284,sub-007,data/ds005284/sub-007/eeg/sub-007_task-26ByBiosemi_eeg.bdf,4,7,44.0,pain_protocol,unannotated,eegmmidb,1,0.9999999999942943,-31.002879555303263,False
ds005284,sub-007,data/ds005284/sub-007/eeg/sub-007_task-26ByBiosemi_eeg.bdf,4,8,52.0,pain_protocol,unannotated,eegmmidb,1,0.9999999548715098,-28.64528801017171,False
ds005284,sub-007,data/ds005284/sub-007/eeg/sub-007_task-26ByBiosemi_eeg.bdf,4,9,60.0,pain_protocol,unannotated,eegmmidb,1,0.9999999999998934,-39.07743532474477,True
ds005284,sub-007,data/ds005284/sub-007/eeg/sub-007_task-26ByBiosemi_eeg.bdf,4,10,68.0,pain_protocol,unannotated,eegmmidb,1,0.9999172865209238,-46.83139697148853,True
ds005284,sub-007,data/ds005284/sub-007/eeg/sub-007_task-26ByBiosemi_eeg.bdf,4,11,72.0,pain_protocol,unannotated,eegmmidb,1,0.9999999643326454,-37.88687001633284,True
ds005284,sub-007,data/ds005284/sub-007/eeg/sub-007_task-26ByBiosemi_eeg.bdf,4,12,80.0,pain_protocol,unannotated,eegmmidb,3,0.9938849348907405,-62.44036819832233,True
ds005284,sub-007,data/ds005284/sub-007/eeg/sub-007_task-26ByBiosemi_eeg.bdf,4,13,88.0,pain_protocol,unannotated,eegmmidb,1,0.999999999710738,-34.076893598385155,False
ds005284,sub-007,data/ds005284/sub-007/eeg/sub-007_task-26ByBiosemi_eeg.bdf,4,14,92.0,pain_protocol,unannotated,eegmmidb,1,0.9999999999999858,-38.12534888324964,True
ds005284,sub-007,data/ds005284/sub-007/eeg/sub-007_task-26ByBiosemi_eeg.bdf,4,15,100.0,pain_protocol,unannotated,eegmmidb,1,0.9999999999981881,-36.689517255837636,True
ds005284,sub-007,data/ds005284/sub-007/eeg/sub-007_task-26ByBiosemi_eeg.bdf,4,16,108.0,pain_protocol,unannotated,eegmmidb,2,0.9850768283963957,-33.426277727956894,False
ds005284,sub-007,data/ds005284/sub-007/eeg/sub-007_task-26ByBiosemi_eeg.bdf,4,17,112.0,pain_protocol,unannotated,eegmmidb,1,0.9999756943495657,-30.82970410929656,False
ds005284,sub-007,data/ds005284/sub-007/eeg/sub-007_task-26ByBiosemi_eeg.bdf,4,18,120.0,pain_protocol,unannotated,eegmmidb,1,0.9999995794566376,-36.85522385486154,True
ds005284,sub-007,data/ds005284/sub-007/eeg/sub-007_task-26ByBiosemi_eeg.bdf,4,19,128.0,pain_protocol,unannotated,eegmmidb,2,0.9999999983147276,-39.728430269477315,True
ds005284,sub-007,data/ds005284/sub-007/eeg/sub-007_task-26ByBiosemi_eeg.bdf,4,20,136.0,pain_protocol,unannotated,eegmmidb,1,0.9645029847207862,-37.430234321288225,True
ds005284,sub-007,data/ds005284/sub-007/eeg/sub-007_task-26ByBiosemi_eeg.bdf,4,21,140.0,pain_protocol,unannotated,eegmmidb,1,0.9999431256328887,-41.915520810277194,True
ds005284,sub-007,data/ds005284/sub-007/eeg/sub-007_task-26ByBiosemi_eeg.bdf,4,22,148.0,pain_protocol,unannotated,eegmmidb,2,1.0,-33.402445390601926,False
ds005284,sub-007,data/ds005284/sub-007/eeg/sub-007_task-26ByBiosemi_eeg.bdf,4,23,156.0,pain_protocol,unannotated,eegmmidb,1,0.9999999803563002,-32.20545375552161,False
ds005284,sub-007,data/ds005284/sub-007/eeg/sub-007_task-26ByBiosemi_eeg.bdf,4,24,160.0,pain_protocol,unannotated,eegmmidb,2,1.0,-36.87617943138666,True
ds005284,sub-007,data/ds005284/sub-007/eeg/sub-007_task-26ByBiosemi_eeg.bdf,4,25,168.0,pain_protocol,unannotated,eegmmidb,1,0.9999999999999787,-34.40757678359369,True
ds005284,sub-007,data/ds005284/sub-007/eeg/sub-007_task-26ByBiosemi_eeg.bdf,4,26,176.0,pain_protocol,unannotated,eegmmidb,1,0.997595686610594,-31.947664713623013,False
ds005284,sub-007,data/ds005284/sub-007/eeg/sub-007_task-26ByBiosemi_eeg.bdf,4,27,180.0,pain_protocol,unannotated,eegmmidb,2,1.0,-29.862417271497154,False
ds005284,sub-007,data/ds005284/sub-007/eeg/sub-007_task-26ByBiosemi_eeg.bdf,4,28,188.0,pain_protocol,unannotated,eegmmidb,2,1.0,-24.72705551348385,False
ds005284,sub-007,data/ds005284/sub-007/eeg/sub-007_task-26ByBiosemi_eeg.bdf,4,29,196.0,pain_protocol,unannotated,eegmmidb,2,1.0,-50.41607715920825,True
ds005284,sub-007,data/ds005284/sub-007/eeg/sub-007_task-26ByBiosemi_eeg.bdf,4,30,204.0,pain_protocol,unannotated,eegmmidb,2,0.9999999999994991,-24.63173440534252,False
ds005284,sub-007,data/ds005284/sub-007/eeg/sub-007_task-26ByBiosemi_eeg.bdf,4,31,208.0,pain_protocol,unannotated,eegmmidb,2,1.0,-29.643648353751228,False
ds005284,sub-007,data/ds005284/sub-007/eeg/sub-007_task-26ByBiosemi_eeg.bdf,4,32,216.0,pain_protocol,unannotated,eegmmidb,2,1.0,-39.16007134773117,True
ds005284,sub-007,data/ds005284/sub-007/eeg/sub-007_task-26ByBiosemi_eeg.bdf,4,33,224.0,pain_protocol,unannotated,eegmmidb,2,0.9999999999951257,-40.19251694075762,True
ds005284,sub-007,data/ds005284/sub-007/eeg/sub-007_task-26ByBiosemi_eeg.bdf,4,34,228.0,pain_protocol,unannotated,eegmmidb,1,0.9998916059939088,-31.307200981905467,False
ds005284,sub-007,data/ds005284/sub-007/eeg/sub-007_task-26ByBiosemi_eeg.bdf,4,35,236.0,pain_protocol,unannotated,eegmmidb,2,0.9999999999999076,-32.297489692858385,False
ds005284,sub-007,data/ds005284/sub-007/eeg/sub-007_task-26ByBiosemi_eeg.bdf,4,36,244.0,pain_protocol,unannotated,eegmmidb,1,0.9999985105016131,-28.314820382020233,False
ds005284,sub-007,data/ds005284/sub-007/eeg/sub-007_task-26ByBiosemi_eeg.bdf,4,37,248.0,pain_protocol,unannotated,eegmmidb,2,0.9999999998407958,-51.62262525259437,True
ds005284,sub-007,data/ds005284/sub-007/eeg/sub-007_task-26ByBiosemi_eeg.bdf,4,38,256.0,pain_protocol,unannotated,eegmmidb,2,0.9999999999998934,-33.223023202129696,False
ds005284,sub-007,data/ds005284/sub-007/eeg/sub-007_task-26ByBiosemi_eeg.bdf,4,39,264.0,pain_protocol,unannotated,eegmmidb,2,0.9999999999949836,-24.4338666358983,False
ds005284,sub-007,data/ds005284/sub-007/eeg/sub-007_task-26ByBiosemi_eeg.bdf,4,40,272.0,pain_protocol,unannotated,eegmmidb,2,0.9999999691312884,-37.5160076859108,True
ds005284,sub-007,data/ds005284/sub-007/eeg/sub-007_task-26ByBiosemi_eeg.bdf,4,41,276.0,pain_protocol,unannotated,eegmmidb,2,0.9999999997073097,-31.272972707243923,False
ds005284,sub-007,data/ds005284/sub-007/eeg/sub-007_task-26ByBiosemi_eeg.bdf,4,42,284.0,pain_protocol,unannotated,eegmmidb,2,0.9999999999999893,-29.09167841729886,False
ds005284,sub-007,data/ds005284/sub-007/eeg/sub-007_task-26ByBiosemi_eeg.bdf,4,43,292.0,pain_protocol,unannotated,eegmmidb,2,1.0,-43.2076791796977,True
ds005284,sub-007,data/ds005284/sub-007/eeg/sub-007_task-26ByBiosemi_eeg.bdf,4,44,296.0,pain_protocol,unannotated,eegmmidb,2,0.9999999988693844,-29.00721317043072,False
ds005284,sub-007,data/ds005284/sub-007/eeg/sub-007_task-26ByBiosemi_eeg.bdf,4,45,304.0,pain_protocol,unannotated,eegmmidb,1,0.9998035033021125,-35.465260084618556,True
ds005284,sub-007,data/ds005284/sub-007/eeg/sub-007_task-26ByBiosemi_eeg.bdf,4,46,312.0,pain_protocol,unannotated,eegmmidb,2,0.9999199126610417,-37.38355138339045,True
ds005284,sub-007,data/ds005284/sub-007/eeg/sub-007_task-26ByBiosemi_eeg.bdf,4,47,320.0,pain_protocol,unannotated,eegmmidb,2,0.9999999999999964,-30.079619635757595,False
ds005284,sub-008,data/ds005284/sub-008/eeg/sub-008_task-26ByBiosemi_eeg.bdf,4,0,0.0,pain_protocol,unannotated,eegmmidb,1,0.9999999942186122,-32.13124662497389,False
ds005284,sub-008,data/ds005284/sub-008/eeg/sub-008_task-26ByBiosemi_eeg.bdf,4,1,4.0,pain_protocol,unannotated,eegmmidb,1,0.9999999999395826,-33.03542724571768,False
ds005284,sub-008,data/ds005284/sub-008/eeg/sub-008_task-26ByBiosemi_eeg.bdf,4,2,12.0,pain_protocol,unannotated,eegmmidb,1,0.988919018744609,-45.91277953394443,True
ds005284,sub-008,data/ds005284/sub-008/eeg/sub-008_task-26ByBiosemi_eeg.bdf,4,3,20.0,pain_protocol,unannotated,eegmmidb,1,0.9999999990986055,-30.169894202237618,False
ds005284,sub-008,data/ds005284/sub-008/eeg/sub-008_task-26ByBiosemi_eeg.bdf,4,4,24.0,pain_protocol,unannotated,eegmmidb,1,0.9999999999999858,-31.199489439102013,False
ds005284,sub-008,data/ds005284/sub-008/eeg/sub-008_task-26ByBiosemi_eeg.bdf,4,5,32.0,pain_protocol,unannotated,eegmmidb,1,0.9999999999304734,-35.877996475041506,True
ds005284,sub-008,data/ds005284/sub-008/eeg/sub-008_task-26ByBiosemi_eeg.bdf,4,6,40.0,pain_protocol,unannotated,eegmmidb,1,0.9998125994960753,-43.94757241038542,True
ds005284,sub-008,data/ds005284/sub-008/eeg/sub-008_task-26ByBiosemi_eeg.bdf,4,7,48.0,pain_protocol,unannotated,eegmmidb,1,0.9999999887591535,-30.186185444496616,False
ds005284,sub-008,data/ds005284/sub-008/eeg/sub-008_task-26ByBiosemi_eeg.bdf,4,8,52.0,pain_protocol,unannotated,eegmmidb,1,0.999999982344754,-37.06258804462572,True
ds005284,sub-008,data/ds005284/sub-008/eeg/sub-008_task-26ByBiosemi_eeg.bdf,4,9,60.0,pain_protocol,unannotated,eegmmidb,1,0.9999999999999218,-26.84647201289521,False
ds005284,sub-008,data/ds005284/sub-008/eeg/sub-008_task-26ByBiosemi_eeg.bdf,4,10,68.0,pain_protocol,unannotated,eegmmidb,1,0.9999999999968665,-28.390473669886358,False
ds005284,sub-008,data/ds005284/sub-008/eeg/sub-008_task-26ByBiosemi_eeg.bdf,4,11,72.0,pain_protocol,unannotated,eegmmidb,1,0.9999997681291346,-37.58611833875043,True
ds005284,sub-008,data/ds005284/sub-008/eeg/sub-008_task-26ByBiosemi_eeg.bdf,4,12,80.0,pain_protocol,unannotated,eegmmidb,1,0.999999533618466,-30.845974273363847,False
ds005284,sub-008,data/ds005284/sub-008/eeg/sub-008_task-26ByBiosemi_eeg.bdf,4,13,88.0,pain_protocol,unannotated,eegmmidb,1,0.9999968523527456,-31.47171176085396,False
ds005284,sub-008,data/ds005284/sub-008/eeg/sub-008_task-26ByBiosemi_eeg.bdf,4,14,96.0,pain_protocol,unannotated,eegmmidb,1,0.9999999978324823,-39.45865271062427,True
ds005284,sub-008,data/ds005284/sub-008/eeg/sub-008_task-26ByBiosemi_eeg.bdf,4,15,100.0,pain_protocol,unannotated,eegmmidb,1,0.9999999372114152,-37.698036687422686,True
ds005284,sub-008,data/ds005284/sub-008/eeg/sub-008_task-26ByBiosemi_eeg.bdf,4,16,108.0,pain_protocol,unannotated,eegmmidb,1,0.9999998467219104,-42.43130344288726,True
ds005284,sub-008,data/ds005284/sub-008/eeg/sub-008_task-26ByBiosemi_eeg.bdf,4,17,116.0,pain_protocol,unannotated,eegmmidb,1,0.9999999984526227,-40.20900057982603,True
ds005284,sub-008,data/ds005284/sub-008/eeg/sub-008_task-26ByBiosemi_eeg.bdf,4,18,124.0,pain_protocol,unannotated,eegmmidb,1,0.9999999995054445,-31.219854870036556,False
ds005284,sub-008,data/ds005284/sub-008/eeg/sub-008_task-26ByBiosemi_eeg.bdf,4,19,128.0,pain_protocol,unannotated,eegmmidb,1,0.9999999981324912,-30.573494759565833,False
ds005284,sub-008,data/ds005284/sub-008/eeg/sub-008_task-26ByBiosemi_eeg.bdf,4,20,136.0,pain_protocol,unannotated,eegmmidb,1,0.9999999977469969,-50.934649335704435,True
ds005284,sub-008,data/ds005284/sub-008/eeg/sub-008_task-26ByBiosemi_eeg.bdf,4,21,144.0,pain_protocol,unannotated,eegmmidb,1,0.890972734133671,-30.631268332687757,False
ds005284,sub-008,data/ds005284/sub-008/eeg/sub-008_task-26ByBiosemi_eeg.bdf,4,22,148.0,pain_protocol,unannotated,eegmmidb,1,0.9942782577163108,-46.42902861692786,True
ds005284,sub-008,data/ds005284/sub-008/eeg/sub-008_task-26ByBiosemi_eeg.bdf,4,23,156.0,pain_protocol,unannotated,eegmmidb,1,0.9894650320843525,-40.245293739412126,True
ds005284,sub-008,data/ds005284/sub-008/eeg/sub-008_task-26ByBiosemi_eeg.bdf,4,24,164.0,pain_protocol,unannotated,eegmmidb,2,0.8190839034785881,-35.95842038044853,True
ds005284,sub-008,data/ds005284/sub-008/eeg/sub-008_task-26ByBiosemi_eeg.bdf,4,25,172.0,pain_protocol,unannotated,eegmmidb,1,0.9999699914641353,-53.354842444500946,True
ds005284,sub-008,data/ds005284/sub-008/eeg/sub-008_task-26ByBiosemi_eeg.bdf,4,26,176.0,pain_protocol,unannotated,eegmmidb,1,0.9999999990892263,-33.84870842457587,False
ds005284,sub-008,data/ds005284/sub-008/eeg/sub-008_task-26ByBiosemi_eeg.bdf,4,27,184.0,pain_protocol,unannotated,eegmmidb,2,1.0,-41.50207314602289,True
ds005284,sub-008,data/ds005284/sub-008/eeg/sub-008_task-26ByBiosemi_eeg.bdf,4,28,192.0,pain_protocol,unannotated,eegmmidb,2,0.9013293377420527,-32.15217564518631,False
ds005284,sub-008,data/ds005284/sub-008/eeg/sub-008_task-26ByBiosemi_eeg.bdf,4,29,196.0,pain_protocol,unannotated,eegmmidb,2,0.9675591333045348,-64.23251843316336,True
ds005284,sub-008,data/ds005284/sub-008/eeg/sub-008_task-26ByBiosemi_eeg.bdf,4,30,204.0,pain_protocol,unannotated,eegmmidb,1,0.9916444802900263,-34.43996829488036,True
ds005284,sub-008,data/ds005284/sub-008/eeg/sub-008_task-26ByBiosemi_eeg.bdf,4,31,212.0,pain_protocol,unannotated,eegmmidb,1,0.9999828430368473,-38.83098694480978,True
ds005284,sub-008,data/ds005284/sub-008/eeg/sub-008_task-26ByBiosemi_eeg.bdf,4,32,220.0,pain_protocol,unannotated,eegmmidb,1,0.9999999999902087,-28.985006251411637,False
ds005284,sub-008,data/ds005284/sub-008/eeg/sub-008_task-26ByBiosemi_eeg.bdf,4,33,224.0,pain_protocol,unannotated,eegmmidb,1,0.999999998333216,-51.34225769325734,True
ds005284,sub-008,data/ds005284/sub-008/eeg/sub-008_task-26ByBiosemi_eeg.bdf,4,34,232.0,pain_protocol,unannotated,eegmmidb,1,0.5181996127179255,-33.10455944684328,True
ds005284,sub-008,data/ds005284/sub-008/eeg/sub-008_task-26ByBiosemi_eeg.bdf,4,35,240.0,pain_protocol,unannotated,eegmmidb,1,0.9999939925634291,-30.937354112687803,False
ds005284,sub-008,data/ds005284/sub-008/eeg/sub-008_task-26ByBiosemi_eeg.bdf,4,36,248.0,pain_protocol,unannotated,eegmmidb,2,0.9999884891027689,-63.18070399342916,True
ds005284,sub-008,data/ds005284/sub-008/eeg/sub-008_task-26ByBiosemi_eeg.bdf,4,37,252.0,pain_protocol,unannotated,eegmmidb,2,0.7833314609343911,-37.03735258971088,True
ds005284,sub-008,data/ds005284/sub-008/eeg/sub-008_task-26ByBiosemi_eeg.bdf,4,38,260.0,pain_protocol,unannotated,eegmmidb,1,0.9999999999648637,-46.61900478756615,True
ds005284,sub-008,data/ds005284/sub-008/eeg/sub-008_task-26ByBiosemi_eeg.bdf,4,39,268.0,pain_protocol,unannotated,eegmmidb,1,0.7018499418529961,-33.719320247346424,False
ds005284,sub-008,data/ds005284/sub-008/eeg/sub-008_task-26ByBiosemi_eeg.bdf,4,40,272.0,pain_protocol,unannotated,eegmmidb,1,0.9999987627508291,-31.446331991517653,False
ds005284,sub-008,data/ds005284/sub-008/eeg/sub-008_task-26ByBiosemi_eeg.bdf,4,41,280.0,pain_protocol,unannotated,eegmmidb,1,0.9918565632681217,-32.156316094934475,False
ds005284,sub-008,data/ds005284/sub-008/eeg/sub-008_task-26ByBiosemi_eeg.bdf,4,42,288.0,pain_protocol,unannotated,eegmmidb,1,0.9999999905947305,-44.22456461062611,True
ds005284,sub-008,data/ds005284/sub-008/eeg/sub-008_task-26ByBiosemi_eeg.bdf,4,43,296.0,pain_protocol,unannotated,eegmmidb,1,0.9999998123249653,-26.56348443625398,False
ds005284,sub-008,data/ds005284/sub-008/eeg/sub-008_task-26ByBiosemi_eeg.bdf,4,44,300.0,pain_protocol,unannotated,eegmmidb,1,0.995166982655482,-42.307803891353814,True
ds005284,sub-008,data/ds005284/sub-008/eeg/sub-008_task-26ByBiosemi_eeg.bdf,4,45,308.0,pain_protocol,unannotated,eegmmidb,1,0.9994366062408971,-32.19360588328766,False
ds005284,sub-008,data/ds005284/sub-008/eeg/sub-008_task-26ByBiosemi_eeg.bdf,4,46,316.0,pain_protocol,unannotated,eegmmidb,1,0.999998852332721,-30.786907592692696,False
ds005284,sub-008,data/ds005284/sub-008/eeg/sub-008_task-26ByBiosemi_eeg.bdf,4,47,324.0,pain_protocol,unannotated,eegmmidb,1,1.0,-112.1015200938692,True
ds005284,sub-009,data/ds005284/sub-009/eeg/sub-009_task-26ByBiosemi_eeg.bdf,4,0,0.0,pain_protocol,unannotated,eegmmidb,2,1.0,-32.05037749781767,False
ds005284,sub-009,data/ds005284/sub-009/eeg/sub-009_task-26ByBiosemi_eeg.bdf,4,1,4.0,pain_protocol,unannotated,eegmmidb,2,1.0,-35.718139155004955,True
ds005284,sub-009,data/ds005284/sub-009/eeg/sub-009_task-26ByBiosemi_eeg.bdf,4,2,12.0,pain_protocol,unannotated,eegmmidb,2,1.0,-44.35414376317589,True
ds005284,sub-009,data/ds005284/sub-009/eeg/sub-009_task-26ByBiosemi_eeg.bdf,4,3,20.0,pain_protocol,unannotated,eegmmidb,2,1.0,-35.782937582823145,True
ds005284,sub-009,data/ds005284/sub-009/eeg/sub-009_task-26ByBiosemi_eeg.bdf,4,4,24.0,pain_protocol,unannotated,eegmmidb,3,0.9950232073701365,-51.092869355801284,True
ds005284,sub-009,data/ds005284/sub-009/eeg/sub-009_task-26ByBiosemi_eeg.bdf,4,5,32.0,pain_protocol,unannotated,eegmmidb,1,0.999230771447318,-50.89361476514112,True
ds005284,sub-009,data/ds005284/sub-009/eeg/sub-009_task-26ByBiosemi_eeg.bdf,4,6,40.0,pain_protocol,unannotated,eegmmidb,1,0.9999974936156025,-47.06993997087017,True
ds005284,sub-009,data/ds005284/sub-009/eeg/sub-009_task-26ByBiosemi_eeg.bdf,4,7,48.0,pain_protocol,unannotated,eegmmidb,1,0.997911288883096,-41.91098111075403,True
ds005284,sub-009,data/ds005284/sub-009/eeg/sub-009_task-26ByBiosemi_eeg.bdf,4,8,52.0,pain_protocol,unannotated,eegmmidb,2,0.9999999961815043,-22.17965199757468,False
ds005284,sub-009,data/ds005284/sub-009/eeg/sub-009_task-26ByBiosemi_eeg.bdf,4,9,60.0,pain_protocol,unannotated,eegmmidb,1,1.0,-29.34101865276951,False
ds005284,sub-009,data/ds005284/sub-009/eeg/sub-009_task-26ByBiosemi_eeg.bdf,4,10,68.0,pain_protocol,unannotated,eegmmidb,2,0.999999999999968,-21.8297280740584,False
ds005284,sub-009,data/ds005284/sub-009/eeg/sub-009_task-26ByBiosemi_eeg.bdf,4,11,76.0,pain_protocol,unannotated,eegmmidb,2,1.0,-48.47945799321709,True
ds005284,sub-009,data/ds005284/sub-009/eeg/sub-009_task-26ByBiosemi_eeg.bdf,4,12,80.0,pain_protocol,unannotated,eegmmidb,2,1.0,-35.8176508563975,True
ds005284,sub-009,data/ds005284/sub-009/eeg/sub-009_task-26ByBiosemi_eeg.bdf,4,13,88.0,pain_protocol,unannotated,eegmmidb,2,0.9999999999999716,-23.79854007179478,False
ds005284,sub-009,data/ds005284/sub-009/eeg/sub-009_task-26ByBiosemi_eeg.bdf,4,14,96.0,pain_protocol,unannotated,eegmmidb,2,0.9999999999674323,-22.00329037996356,False
ds005284,sub-009,data/ds005284/sub-009/eeg/sub-009_task-26ByBiosemi_eeg.bdf,4,15,104.0,pain_protocol,unannotated,eegmmidb,1,0.9999999671978023,-35.40673908017719,True
ds005284,sub-009,data/ds005284/sub-009/eeg/sub-009_task-26ByBiosemi_eeg.bdf,4,16,108.0,pain_protocol,unannotated,eegmmidb,1,0.9783276909516422,-41.57280749022383,True
ds005284,sub-009,data/ds005284/sub-009/eeg/sub-009_task-26ByBiosemi_eeg.bdf,4,17,116.0,pain_protocol,unannotated,eegmmidb,1,0.9999999999999929,-36.45951824519856,True
ds005284,sub-009,data/ds005284/sub-009/eeg/sub-009_task-26ByBiosemi_eeg.bdf,4,18,124.0,pain_protocol,unannotated,eegmmidb,2,1.0,-20.653469174912356,False
ds005284,sub-009,data/ds005284/sub-009/eeg/sub-009_task-26ByBiosemi_eeg.bdf,4,19,132.0,pain_protocol,unannotated,eegmmidb,2,1.0,-50.97216194096357,True
ds005284,sub-009,data/ds005284/sub-009/eeg/sub-009_task-26ByBiosemi_eeg.bdf,4,20,136.0,pain_protocol,unannotated,eegmmidb,2,0.9999999999912355,-21.702308346352794,False
ds005284,sub-009,data/ds005284/sub-009/eeg/sub-009_task-26ByBiosemi_eeg.bdf,4,21,144.0,pain_protocol,unannotated,eegmmidb,2,0.9999999999999076,-22.964432380950417,False
ds005284,sub-009,data/ds005284/sub-009/eeg/sub-009_task-26ByBiosemi_eeg.bdf,4,22,152.0,pain_protocol,unannotated,eegmmidb,2,1.0,-54.939653722417,True
ds005284,sub-009,data/ds005284/sub-009/eeg/sub-009_task-26ByBiosemi_eeg.bdf,4,23,160.0,pain_protocol,unannotated,eegmmidb,2,1.0,-27.77137716534791,False
ds005284,sub-009,data/ds005284/sub-009/eeg/sub-009_task-26ByBiosemi_eeg.bdf,4,24,164.0,pain_protocol,unannotated,eegmmidb,2,1.0,-22.33611348487246,False
ds005284,sub-009,data/ds005284/sub-009/eeg/sub-009_task-26ByBiosemi_eeg.bdf,4,25,172.0,pain_protocol,unannotated,eegmmidb,2,1.0,-35.78476340489699,True
ds005284,sub-009,data/ds005284/sub-009/eeg/sub-009_task-26ByBiosemi_eeg.bdf,4,26,180.0,pain_protocol,unannotated,eegmmidb,2,0.9999999999999964,-23.96805937127835,False
ds005284,sub-009,data/ds005284/sub-009/eeg/sub-009_task-26ByBiosemi_eeg.bdf,4,27,188.0,pain_protocol,unannotated,eegmmidb,2,1.0,-63.372623620600244,True
ds005284,sub-009,data/ds005284/sub-009/eeg/sub-009_task-26ByBiosemi_eeg.bdf,4,28,192.0,pain_protocol,unannotated,eegmmidb,2,1.0,-44.63729653313981,True
ds005284,sub-009,data/ds005284/sub-009/eeg/sub-009_task-26ByBiosemi_eeg.bdf,4,29,200.0,pain_protocol,unannotated,eegmmidb,2,1.0,-39.768103919974365,True
ds005284,sub-009,data/ds005284/sub-009/eeg/sub-009_task-26ByBiosemi_eeg.bdf,4,30,208.0,pain_protocol,unannotated,eegmmidb,2,1.0,-36.243446867387576,True
ds005284,sub-009,data/ds005284/sub-009/eeg/sub-009_task-26ByBiosemi_eeg.bdf,4,31,216.0,pain_protocol,unannotated,eegmmidb,2,1.0,-52.28159896867246,True
ds005284,sub-009,data/ds005284/sub-009/eeg/sub-009_task-26ByBiosemi_eeg.bdf,4,32,220.0,pain_protocol,unannotated,eegmmidb,2,1.0,-26.89639015932516,False
ds005284,sub-009,data/ds005284/sub-009/eeg/sub-009_task-26ByBiosemi_eeg.bdf,4,33,228.0,pain_protocol,unannotated,eegmmidb,2,1.0,-59.30269339945348,True
ds005284,sub-009,data/ds005284/sub-009/eeg/sub-009_task-26ByBiosemi_eeg.bdf,4,34,236.0,pain_protocol,unannotated,eegmmidb,2,1.0,-48.380461696422024,True
ds005284,sub-009,data/ds005284/sub-009/eeg/sub-009_task-26ByBiosemi_eeg.bdf,4,35,244.0,pain_protocol,unannotated,eegmmidb,2,1.0,-65.86113518173721,True
ds005284,sub-009,data/ds005284/sub-009/eeg/sub-009_task-26ByBiosemi_eeg.bdf,4,36,248.0,pain_protocol,unannotated,eegmmidb,2,0.999999999999968,-21.25419629843872,False
ds005284,sub-009,data/ds005284/sub-009/eeg/sub-009_task-26ByBiosemi_eeg.bdf,4,37,256.0,pain_protocol,unannotated,eegmmidb,2,1.0,-40.36238857251161,True
ds005284,sub-009,data/ds005284/sub-009/eeg/sub-009_task-26ByBiosemi_eeg.bdf,4,38,264.0,pain_protocol,unannotated,eegmmidb,2,1.0,-41.23960527995271,True
ds005284,sub-009,data/ds005284/sub-009/eeg/sub-009_task-26ByBiosemi_eeg.bdf,4,39,272.0,pain_protocol,unannotated,eegmmidb,2,1.0,-31.759105839065715,False
ds005284,sub-009,data/ds005284/sub-009/eeg/sub-009_task-26ByBiosemi_eeg.bdf,4,40,276.0,pain_protocol,unannotated,eegmmidb,2,1.0,-38.03213959422559,True
ds005284,sub-009,data/ds005284/sub-009/eeg/sub-009_task-26ByBiosemi_eeg.bdf,4,41,284.0,pain_protocol,unannotated,eegmmidb,2,1.0,-43.419496658799765,True
ds005284,sub-009,data/ds005284/sub-009/eeg/sub-009_task-26ByBiosemi_eeg.bdf,4,42,292.0,pain_protocol,unannotated,eegmmidb,2,1.0,-28.35077657860514,False
ds005284,sub-009,data/ds005284/sub-009/eeg/sub-009_task-26ByBiosemi_eeg.bdf,4,43,300.0,pain_protocol,unannotated,eegmmidb,2,1.0,-77.93006766085706,True
ds005284,sub-009,data/ds005284/sub-009/eeg/sub-009_task-26ByBiosemi_eeg.bdf,4,44,304.0,pain_protocol,unannotated,eegmmidb,2,1.0,-67.10529498630159,True
ds005284,sub-009,data/ds005284/sub-009/eeg/sub-009_task-26ByBiosemi_eeg.bdf,4,45,312.0,pain_protocol,unannotated,eegmmidb,2,1.0,-91.74937227282881,True
ds005284,sub-009,data/ds005284/sub-009/eeg/sub-009_task-26ByBiosemi_eeg.bdf,4,46,320.0,pain_protocol,unannotated,eegmmidb,2,1.0,-86.9313119831483,True
ds005284,sub-009,data/ds005284/sub-009/eeg/sub-009_task-26ByBiosemi_eeg.bdf,4,47,328.0,pain_protocol,unannotated,eegmmidb,2,1.0,-36.235476032415654,True
ds005284,sub-010,data/ds005284/sub-010/eeg/sub-010_task-26ByBiosemi_eeg.bdf,4,0,0.0,pain_protocol,unannotated,eegmmidb,2,0.782083703321943,-39.50290726411094,True
ds005284,sub-010,data/ds005284/sub-010/eeg/sub-010_task-26ByBiosemi_eeg.bdf,4,1,4.0,pain_protocol,unannotated,eegmmidb,1,1.0,-25.756852919426084,False
ds005284,sub-010,data/ds005284/sub-010/eeg/sub-010_task-26ByBiosemi_eeg.bdf,4,2,12.0,pain_protocol,unannotated,eegmmidb,2,0.7287810315279305,-46.42106336778712,True
ds005284,sub-010,data/ds005284/sub-010/eeg/sub-010_task-26ByBiosemi_eeg.bdf,4,3,20.0,pain_protocol,unannotated,eegmmidb,1,1.0,-28.661464659358327,False
ds005284,sub-010,data/ds005284/sub-010/eeg/sub-010_task-26ByBiosemi_eeg.bdf,4,4,24.0,pain_protocol,unannotated,eegmmidb,1,1.0,-26.97016264218522,False
ds005284,sub-010,data/ds005284/sub-010/eeg/sub-010_task-26ByBiosemi_eeg.bdf,4,5,32.0,pain_protocol,unannotated,eegmmidb,2,0.9988232585224065,-24.707267301486596,False
ds005284,sub-010,data/ds005284/sub-010/eeg/sub-010_task-26ByBiosemi_eeg.bdf,4,6,40.0,pain_protocol,unannotated,eegmmidb,0,1.0,-1450.3854995547977,True
ds005284,sub-010,data/ds005284/sub-010/eeg/sub-010_task-26ByBiosemi_eeg.bdf,4,7,48.0,pain_protocol,unannotated,eegmmidb,1,1.0,-28.201129586533053,False
ds005284,sub-010,data/ds005284/sub-010/eeg/sub-010_task-26ByBiosemi_eeg.bdf,4,8,52.0,pain_protocol,unannotated,eegmmidb,1,1.0,-27.822466360770346,False
ds005284,sub-010,data/ds005284/sub-010/eeg/sub-010_task-26ByBiosemi_eeg.bdf,4,9,60.0,pain_protocol,unannotated,eegmmidb,1,1.0,-25.444897470542703,False
ds005284,sub-010,data/ds005284/sub-010/eeg/sub-010_task-26ByBiosemi_eeg.bdf,4,10,68.0,pain_protocol,unannotated,eegmmidb,1,1.0,-30.51563041223132,False
ds005284,sub-010,data/ds005284/sub-010/eeg/sub-010_task-26ByBiosemi_eeg.bdf,4,11,72.0,pain_protocol,unannotated,eegmmidb,1,1.0,-22.874444204260296,False
ds005284,sub-010,data/ds005284/sub-010/eeg/sub-010_task-26ByBiosemi_eeg.bdf,4,12,80.0,pain_protocol,unannotated,eegmmidb,1,0.9264413656506042,-32.27553317679856,False
ds005284,sub-010,data/ds005284/sub-010/eeg/sub-010_task-26ByBiosemi_eeg.bdf,4,13,88.0,pain_protocol,unannotated,eegmmidb,1,1.0,-28.733570326724244,False
ds005284,sub-010,data/ds005284/sub-010/eeg/sub-010_task-26ByBiosemi_eeg.bdf,4,14,96.0,pain_protocol,unannotated,eegmmidb,2,0.9961351886873411,-31.04788866014248,False
ds005284,sub-010,data/ds005284/sub-010/eeg/sub-010_task-26ByBiosemi_eeg.bdf,4,15,100.0,pain_protocol,unannotated,eegmmidb,1,1.0,-31.13768365574892,False
ds005284,sub-010,data/ds005284/sub-010/eeg/sub-010_task-26ByBiosemi_eeg.bdf,4,16,108.0,pain_protocol,unannotated,eegmmidb,1,0.9999999999974065,-25.1244529901611,False
ds005284,sub-010,data/ds005284/sub-010/eeg/sub-010_task-26ByBiosemi_eeg.bdf,4,17,116.0,pain_protocol,unannotated,eegmmidb,1,1.0,-31.4262850070342,False
ds005284,sub-010,data/ds005284/sub-010/eeg/sub-010_task-26ByBiosemi_eeg.bdf,4,18,124.0,pain_protocol,unannotated,eegmmidb,1,0.9833039819333071,-33.5945580950114,False
ds005284,sub-010,data/ds005284/sub-010/eeg/sub-010_task-26ByBiosemi_eeg.bdf,4,19,128.0,pain_protocol,unannotated,eegmmidb,2,0.9999967122664275,-36.75334307591506,True
ds005284,sub-010,data/ds005284/sub-010/eeg/sub-010_task-26ByBiosemi_eeg.bdf,4,20,136.0,pain_protocol,unannotated,eegmmidb,1,0.9576446354521125,-63.460336276931365,True
ds005284,sub-010,data/ds005284/sub-010/eeg/sub-010_task-26ByBiosemi_eeg.bdf,4,21,144.0,pain_protocol,unannotated,eegmmidb,1,0.5167578298305963,-36.533319236833464,True
ds005284,sub-010,data/ds005284/sub-010/eeg/sub-010_task-26ByBiosemi_eeg.bdf,4,22,148.0,pain_protocol,unannotated,eegmmidb,2,0.9999999996435065,-25.92089510546244,False
ds005284,sub-010,data/ds005284/sub-010/eeg/sub-010_task-26ByBiosemi_eeg.bdf,4,23,156.0,pain_protocol,unannotated,eegmmidb,1,0.9890102867412478,-45.71172134905354,True
ds005284,sub-010,data/ds005284/sub-010/eeg/sub-010_task-26ByBiosemi_eeg.bdf,4,24,164.0,pain_protocol,unannotated,eegmmidb,1,0.9999999999990621,-30.043096140508307,False
ds005284,sub-010,data/ds005284/sub-010/eeg/sub-010_task-26ByBiosemi_eeg.bdf,4,25,172.0,pain_protocol,unannotated,eegmmidb,0,0.8146553971024822,-90.87127508729617,True
ds005284,sub-010,data/ds005284/sub-010/eeg/sub-010_task-26ByBiosemi_eeg.bdf,4,26,176.0,pain_protocol,unannotated,eegmmidb,1,0.9999999999951186,-40.24412393237987,True
ds005284,sub-010,data/ds005284/sub-010/eeg/sub-010_task-26ByBiosemi_eeg.bdf,4,27,184.0,pain_protocol,unannotated,eegmmidb,2,0.9848199656955027,-62.842321101277186,True
ds005284,sub-010,data/ds005284/sub-010/eeg/sub-010_task-26ByBiosemi_eeg.bdf,4,28,192.0,pain_protocol,unannotated,eegmmidb,1,0.9999999023251979,-41.16199363492751,True
ds005284,sub-010,data/ds005284/sub-010/eeg/sub-010_task-26ByBiosemi_eeg.bdf,4,29,196.0,pain_protocol,unannotated,eegmmidb,2,1.0,-39.17673565010261,True
ds005284,sub-010,data/ds005284/sub-010/eeg/sub-010_task-26ByBiosemi_eeg.bdf,4,30,204.0,pain_protocol,unannotated,eegmmidb,1,1.0,-32.10242274366266,False
ds005284,sub-010,data/ds005284/sub-010/eeg/sub-010_task-26ByBiosemi_eeg.bdf,4,31,212.0,pain_protocol,unannotated,eegmmidb,2,0.9999996567606166,-43.64717941006208,True
ds005284,sub-010,data/ds005284/sub-010/eeg/sub-010_task-26ByBiosemi_eeg.bdf,4,32,220.0,pain_protocol,unannotated,eegmmidb,1,0.9999999939764805,-30.87886589766904,False
ds005284,sub-010,data/ds005284/sub-010/eeg/sub-010_task-26ByBiosemi_eeg.bdf,4,33,224.0,pain_protocol,unannotated,eegmmidb,1,0.7671021690161867,-77.69966159690227,True
ds005284,sub-010,data/ds005284/sub-010/eeg/sub-010_task-26ByBiosemi_eeg.bdf,4,34,232.0,pain_protocol,unannotated,eegmmidb,1,0.9999999998027889,-40.17838104940102,True
ds005284,sub-010,data/ds005284/sub-010/eeg/sub-010_task-26ByBiosemi_eeg.bdf,4,35,240.0,pain_protocol,unannotated,eegmmidb,1,0.9999999999999964,-31.458656128786792,False
ds005284,sub-010,data/ds005284/sub-010/eeg/sub-010_task-26ByBiosemi_eeg.bdf,4,36,248.0,pain_protocol,unannotated,eegmmidb,2,0.9999999758406165,-52.64129053922237,True
ds005284,sub-010,data/ds005284/sub-010/eeg/sub-010_task-26ByBiosemi_eeg.bdf,4,37,252.0,pain_protocol,unannotated,eegmmidb,1,0.5722862684699715,-34.56465263484756,True
ds005284,sub-010,data/ds005284/sub-010/eeg/sub-010_task-26ByBiosemi_eeg.bdf,4,38,260.0,pain_protocol,unannotated,eegmmidb,2,0.9999999969734787,-33.596213682110395,False
ds005284,sub-010,data/ds005284/sub-010/eeg/sub-010_task-26ByBiosemi_eeg.bdf,4,39,268.0,pain_protocol,unannotated,eegmmidb,1,0.9999999999291234,-51.04956927722444,True
ds005284,sub-010,data/ds005284/sub-010/eeg/sub-010_task-26ByBiosemi_eeg.bdf,4,40,272.0,pain_protocol,unannotated,eegmmidb,2,0.9999999999995879,-55.05752053673998,True
ds005284,sub-010,data/ds005284/sub-010/eeg/sub-010_task-26ByBiosemi_eeg.bdf,4,41,280.0,pain_protocol,unannotated,eegmmidb,2,0.9999670264015256,-27.99895934514107,False
ds005284,sub-010,data/ds005284/sub-010/eeg/sub-010_task-26ByBiosemi_eeg.bdf,4,42,288.0,pain_protocol,unannotated,eegmmidb,1,0.9999577690828381,-27.91806733744067,False
ds005284,sub-010,data/ds005284/sub-010/eeg/sub-010_task-26ByBiosemi_eeg.bdf,4,43,296.0,pain_protocol,unannotated,eegmmidb,1,0.5732536544404347,-36.44585575137857,True
ds005284,sub-010,data/ds005284/sub-010/eeg/sub-010_task-26ByBiosemi_eeg.bdf,4,44,300.0,pain_protocol,unannotated,eegmmidb,1,0.5369113348773524,-39.07615399831673,True
ds005284,sub-010,data/ds005284/sub-010/eeg/sub-010_task-26ByBiosemi_eeg.bdf,4,45,308.0,pain_protocol,unannotated,eegmmidb,1,0.9999999999997868,-39.041273251450605,True
ds005284,sub-010,data/ds005284/sub-010/eeg/sub-010_task-26ByBiosemi_eeg.bdf,4,46,316.0,pain_protocol,unannotated,eegmmidb,2,0.9993189405417372,-40.13750580505427,True
ds005284,sub-010,data/ds005284/sub-010/eeg/sub-010_task-26ByBiosemi_eeg.bdf,4,47,324.0,pain_protocol,unannotated,eegmmidb,2,0.999999999999126,-32.89374104202061,False
