dataset_id,subject,raw_file,window_seconds,window_index,start_seconds,task_condition,task_annotation,trained_on_dataset,assigned_state,posterior_confidence,log_likelihood,low_confidence_unknown
eegmmidb,S001,data/eegmmidb/S001/S001R01.edf,2,0,0.0,eyes_open_rest,T0,ds005284,1,0.999917697926677,-54.34538444117031,True
eegmmidb,S001,data/eegmmidb/S001/S001R01.edf,2,1,2.0,eyes_open_rest,T0,ds005284,0,0.9751145483492518,-46.88714827150539,True
eegmmidb,S001,data/eegmmidb/S001/S001R01.edf,2,2,4.0,eyes_open_rest,T0,ds005284,1,1.0,-32.065520777958085,False
eegmmidb,S001,data/eegmmidb/S001/S001R01.edf,2,3,6.0,eyes_open_rest,T0,ds005284,0,0.896622730598726,-55.085643122307665,True
eegmmidb,S001,data/eegmmidb/S001/S001R01.edf,2,4,8.0,eyes_open_rest,T0,ds005284,1,1.0,-46.83784711838478,True
eegmmidb,S001,data/eegmmidb/S001/S001R01.edf,2,5,10.0,eyes_open_rest,T0,ds005284,1,1.0,-52.07523894559093,True
eegmmidb,S001,data/eegmmidb/S001/S001R01.edf,2,6,12.0,eyes_open_rest,T0,ds005284,1,1.0,-46.42482027116527,True
eegmmidb,S001,data/eegmmidb/S001/S001R01.edf,2,7,14.0,eyes_open_rest,T0,ds005284,1,0.9999999999935554,-61.539816971860134,True
eegmmidb,S001,data/eegmmidb/S001/S001R01.edf,2,8,16.0,eyes_open_rest,T0,ds005284,1,1.0,-42.321750702559974,True
eegmmidb,S001,data/eegmmidb/S001/S001R01.edf,2,9,18.0,eyes_open_rest,T0,ds005284,0,0.9862682040129416,-50.960057504709056,True
eegmmidb,S001,data/eegmmidb/S001/S001R01.edf,2,10,20.0,eyes_open_rest,T0,ds005284,1,0.9999999297934206,-56.05862219221719,True
eegmmidb,S001,data/eegmmidb/S001/S001R01.edf,2,11,22.0,eyes_open_rest,T0,ds005284,1,0.9999868244224915,-49.06126476131109,True
eegmmidb,S001,data/eegmmidb/S001/S001R01.edf,2,12,24.0,eyes_open_rest,T0,ds005284,1,1.0,-62.558585887384744,True
eegmmidb,S001,data/eegmmidb/S001/S001R01.edf,2,13,26.0,eyes_open_rest,T0,ds005284,1,0.9999999971818241,-48.874456439235594,True
eegmmidb,S001,data/eegmmidb/S001/S001R01.edf,2,14,28.0,eyes_open_rest,T0,ds005284,1,0.9999907740532072,-44.64790151661921,True
eegmmidb,S001,data/eegmmidb/S001/S001R01.edf,2,15,30.0,eyes_open_rest,T0,ds005284,1,0.9999252918797755,-59.174729039279896,True
eegmmidb,S001,data/eegmmidb/S001/S001R01.edf,2,16,32.0,eyes_open_rest,T0,ds005284,1,0.9999999999992468,-42.18708895940746,True
eegmmidb,S001,data/eegmmidb/S001/S001R01.edf,2,17,34.0,eyes_open_rest,T0,ds005284,1,0.9999999999999787,-43.07336399186038,True
eegmmidb,S001,data/eegmmidb/S001/S001R01.edf,2,18,36.0,eyes_open_rest,T0,ds005284,1,1.0,-44.554435258536024,True
eegmmidb,S001,data/eegmmidb/S001/S001R01.edf,2,19,38.0,eyes_open_rest,T0,ds005284,1,1.0,-45.01523760850935,True
eegmmidb,S001,data/eegmmidb/S001/S001R01.edf,2,20,40.0,eyes_open_rest,T0,ds005284,1,1.0,-59.80658787844356,True
eegmmidb,S001,data/eegmmidb/S001/S001R01.edf,2,21,42.0,eyes_open_rest,T0,ds005284,1,1.0,-44.40010660479947,True
eegmmidb,S001,data/eegmmidb/S001/S001R01.edf,2,22,44.0,eyes_open_rest,T0,ds005284,1,0.9999999996503988,-47.72679996557427,True
eegmmidb,S001,data/eegmmidb/S001/S001R01.edf,2,23,46.0,eyes_open_rest,T0,ds005284,1,1.0,-50.00401516823609,True
eegmmidb,S001,data/eegmmidb/S001/S001R01.edf,2,24,48.0,eyes_open_rest,T0,ds005284,1,1.0,-35.28735456110819,True
eegmmidb,S001,data/eegmmidb/S001/S001R01.edf,2,25,50.0,eyes_open_rest,T0,ds005284,1,0.9163489629944942,-55.123529203426635,True
eegmmidb,S001,data/eegmmidb/S001/S001R01.edf,2,26,52.0,eyes_open_rest,T0,ds005284,1,0.5857679819235108,-56.65464745402651,True
eegmmidb,S001,data/eegmmidb/S001/S001R01.edf,2,27,54.0,eyes_open_rest,T0,ds005284,1,0.9999999999999858,-42.74205492836569,True
eegmmidb,S001,data/eegmmidb/S001/S001R01.edf,2,28,56.0,eyes_open_rest,T0,ds005284,1,1.0,-49.382429154023555,True
eegmmidb,S001,data/eegmmidb/S001/S001R01.edf,2,29,58.0,eyes_open_rest,T0,ds005284,1,0.9999980632924514,-50.892283186725955,True
eegmmidb,S001,data/eegmmidb/S001/S001R02.edf,2,0,0.0,eyes_closed_rest,T0,ds005284,1,1.0,-80.05027081149376,True
eegmmidb,S001,data/eegmmidb/S001/S001R02.edf,2,1,2.0,eyes_closed_rest,T0,ds005284,1,1.0,-57.32009529189009,True
eegmmidb,S001,data/eegmmidb/S001/S001R02.edf,2,2,4.0,eyes_closed_rest,T0,ds005284,1,0.9999999999991758,-63.581350517507,True
eegmmidb,S001,data/eegmmidb/S001/S001R02.edf,2,3,6.0,eyes_closed_rest,T0,ds005284,1,1.0,-75.55985177327989,True
eegmmidb,S001,data/eegmmidb/S001/S001R02.edf,2,4,8.0,eyes_closed_rest,T0,ds005284,1,1.0,-84.55492062628787,True
eegmmidb,S001,data/eegmmidb/S001/S001R02.edf,2,5,10.0,eyes_closed_rest,T0,ds005284,1,1.0,-108.1145146114217,True
eegmmidb,S001,data/eegmmidb/S001/S001R02.edf,2,6,12.0,eyes_closed_rest,T0,ds005284,1,1.0,-88.45292586214322,True
eegmmidb,S001,data/eegmmidb/S001/S001R02.edf,2,7,14.0,eyes_closed_rest,T0,ds005284,1,1.0,-94.27325076129898,True
eegmmidb,S001,data/eegmmidb/S001/S001R02.edf,2,8,16.0,eyes_closed_rest,T0,ds005284,1,1.0,-96.36233942362651,True
eegmmidb,S001,data/eegmmidb/S001/S001R02.edf,2,9,18.0,eyes_closed_rest,T0,ds005284,1,1.0,-90.03439485929948,True
eegmmidb,S001,data/eegmmidb/S001/S001R02.edf,2,10,20.0,eyes_closed_rest,T0,ds005284,1,1.0,-82.55618934147972,True
eegmmidb,S001,data/eegmmidb/S001/S001R02.edf,2,11,22.0,eyes_closed_rest,T0,ds005284,1,1.0,-174.56174267538432,True
eegmmidb,S001,data/eegmmidb/S001/S001R02.edf,2,12,24.0,eyes_closed_rest,T0,ds005284,1,1.0,-160.0833618547632,True
eegmmidb,S001,data/eegmmidb/S001/S001R02.edf,2,13,26.0,eyes_closed_rest,T0,ds005284,1,1.0,-157.17169256885785,True
eegmmidb,S001,data/eegmmidb/S001/S001R02.edf,2,14,28.0,eyes_closed_rest,T0,ds005284,1,1.0,-126.34031220043414,True
eegmmidb,S001,data/eegmmidb/S001/S001R02.edf,2,15,30.0,eyes_closed_rest,T0,ds005284,1,1.0,-142.26259757636552,True
eegmmidb,S001,data/eegmmidb/S001/S001R02.edf,2,16,32.0,eyes_closed_rest,T0,ds005284,1,1.0,-90.20896070173919,True
eegmmidb,S001,data/eegmmidb/S001/S001R02.edf,2,17,34.0,eyes_closed_rest,T0,ds005284,1,1.0,-108.69960722106345,True
eegmmidb,S001,data/eegmmidb/S001/S001R02.edf,2,18,36.0,eyes_closed_rest,T0,ds005284,1,0.999999999999261,-95.70592964530121,True
eegmmidb,S001,data/eegmmidb/S001/S001R02.edf,2,19,38.0,eyes_closed_rest,T0,ds005284,1,1.0,-112.8034983031184,True
eegmmidb,S001,data/eegmmidb/S001/S001R02.edf,2,20,40.0,eyes_closed_rest,T0,ds005284,1,1.0,-177.38291704157672,True
eegmmidb,S001,data/eegmmidb/S001/S001R02.edf,2,21,42.0,eyes_closed_rest,T0,ds005284,1,1.0,-130.14297885066088,True
eegmmidb,S001,data/eegmmidb/S001/S001R02.edf,2,22,44.0,eyes_closed_rest,T0,ds005284,1,1.0,-144.0785549002917,True
eegmmidb,S001,data/eegmmidb/S001/S001R02.edf,2,23,46.0,eyes_closed_rest,T0,ds005284,1,1.0,-114.52155480157873,True
eegmmidb,S001,data/eegmmidb/S001/S001R02.edf,2,24,48.0,eyes_closed_rest,T0,ds005284,1,1.0,-172.51281461071414,True
eegmmidb,S001,data/eegmmidb/S001/S001R02.edf,2,25,50.0,eyes_closed_rest,T0,ds005284,1,1.0,-183.0891037124008,True
eegmmidb,S001,data/eegmmidb/S001/S001R02.edf,2,26,52.0,eyes_closed_rest,T0,ds005284,1,1.0,-168.9289414613404,True
eegmmidb,S001,data/eegmmidb/S001/S001R02.edf,2,27,54.0,eyes_closed_rest,T0,ds005284,1,1.0,-87.40006753468981,True
eegmmidb,S001,data/eegmmidb/S001/S001R02.edf,2,28,56.0,eyes_closed_rest,T0,ds005284,1,1.0,-150.42169146758948,True
eegmmidb,S001,data/eegmmidb/S001/S001R02.edf,2,29,58.0,eyes_closed_rest,T0,ds005284,1,1.0,-141.01425999496234,True
eegmmidb,S001,data/eegmmidb/S001/S001R03.edf,2,0,0.0,motor_execution,T0,ds005284,1,0.619786145059183,-57.27698508243894,True
eegmmidb,S001,data/eegmmidb/S001/S001R03.edf,2,1,2.0,motor_execution,T0,ds005284,1,1.0,-37.98717914963343,True
eegmmidb,S001,data/eegmmidb/S001/S001R03.edf,2,2,4.0,motor_execution,T2,ds005284,1,0.999999999993463,-33.315997070303474,False
eegmmidb,S001,data/eegmmidb/S001/S001R03.edf,2,3,6.0,motor_execution,T2,ds005284,1,1.0,-32.07326712753159,False
eegmmidb,S001,data/eegmmidb/S001/S001R03.edf,2,4,10.0,motor_execution,T0,ds005284,1,1.0,-41.38768410391985,True
eegmmidb,S001,data/eegmmidb/S001/S001R03.edf,2,5,12.0,motor_execution,T1,ds005284,1,0.9999999324693669,-51.89288508418493,True
eegmmidb,S001,data/eegmmidb/S001/S001R03.edf,2,6,14.0,motor_execution,T1,ds005284,1,1.0,-37.5590125719639,True
eegmmidb,S001,data/eegmmidb/S001/S001R03.edf,2,7,18.0,motor_execution,T0,ds005284,1,0.999999999999531,-51.65821086801231,True
eegmmidb,S001,data/eegmmidb/S001/S001R03.edf,2,8,20.0,motor_execution,T1,ds005284,1,1.0,-40.51711346033592,True
eegmmidb,S001,data/eegmmidb/S001/S001R03.edf,2,9,22.0,motor_execution,T1,ds005284,1,1.0,-31.44357704876966,False
eegmmidb,S001,data/eegmmidb/S001/S001R03.edf,2,10,24.0,motor_execution,T0,ds005284,1,1.0,-37.838741974820785,True
eegmmidb,S001,data/eegmmidb/S001/S001R03.edf,2,11,28.0,motor_execution,T0,ds005284,1,1.0,-50.90887784953367,True
eegmmidb,S001,data/eegmmidb/S001/S001R03.edf,2,12,30.0,motor_execution,T2,ds005284,1,1.0,-34.089412475266506,False
eegmmidb,S001,data/eegmmidb/S001/S001R03.edf,2,13,32.0,motor_execution,T2,ds005284,1,1.0,-48.70258493677424,True
eegmmidb,S001,data/eegmmidb/S001/S001R03.edf,2,14,36.0,motor_execution,T0,ds005284,1,0.9999999999985363,-64.79231508154659,True
eegmmidb,S001,data/eegmmidb/S001/S001R03.edf,2,15,38.0,motor_execution,T2,ds005284,1,1.0,-57.141586977600504,True
eegmmidb,S001,data/eegmmidb/S001/S001R03.edf,2,16,40.0,motor_execution,T2,ds005284,1,0.9999999999999645,-47.67879350946849,True
eegmmidb,S001,data/eegmmidb/S001/S001R03.edf,2,17,44.0,motor_execution,T0,ds005284,1,1.0,-39.78019543675922,True
eegmmidb,S001,data/eegmmidb/S001/S001R03.edf,2,18,46.0,motor_execution,T1,ds005284,1,0.9999999999999716,-44.10719071019447,True
eegmmidb,S001,data/eegmmidb/S001/S001R03.edf,2,19,48.0,motor_execution,T1,ds005284,0,0.9999999951504606,-52.78929261203996,True
eegmmidb,S001,data/eegmmidb/S001/S001R03.edf,2,20,50.0,motor_execution,T0,ds005284,1,1.0,-44.04575399123539,True
eegmmidb,S001,data/eegmmidb/S001/S001R03.edf,2,21,54.0,motor_execution,T1,ds005284,1,1.0,-38.114849480163514,True
eegmmidb,S001,data/eegmmidb/S001/S001R03.edf,2,22,56.0,motor_execution,T1,ds005284,1,1.0,-43.338334037957495,True
eegmmidb,S001,data/eegmmidb/S001/S001R03.edf,2,23,58.0,motor_execution,T0,ds005284,1,0.9999999991164401,-65.86259839181038,True
eegmmidb,S001,data/eegmmidb/S001/S001R03.edf,2,24,62.0,motor_execution,T2,ds005284,1,1.0,-43.904758800190784,True
eegmmidb,S001,data/eegmmidb/S001/S001R03.edf,2,25,64.0,motor_execution,T2,ds005284,0,0.9932685575807754,-54.505842035968016,True
eegmmidb,S001,data/eegmmidb/S001/S001R03.edf,2,26,66.0,motor_execution,T0,ds005284,1,1.0,-41.94532279696815,True
eegmmidb,S001,data/eegmmidb/S001/S001R03.edf,2,27,70.0,motor_execution,T1,ds005284,1,1.0,-60.84081455271235,True
eegmmidb,S001,data/eegmmidb/S001/S001R03.edf,2,28,72.0,motor_execution,T1,ds005284,1,1.0,-45.7781863893879,True
eegmmidb,S001,data/eegmmidb/S001/S001R03.edf,2,29,74.0,motor_execution,T0,ds005284,1,1.0,-50.815671520290906,True
eegmmidb,S001,data/eegmmidb/S001/S001R03.edf,2,30,76.0,motor_execution,T0,ds005284,1,1.0,-53.251791110829764,True
eegmmidb,S001,data/eegmmidb/S001/S001R03.edf,2,31,80.0,motor_execution,T2,ds005284,1,1.0,-49.914741079056306,True
eegmmidb,S001,data/eegmmidb/S001/S001R03.edf,2,32,82.0,motor_execution,T0,ds005284,1,1.0,-38.780333282997226,True
eegmmidb,S001,data/eegmmidb/S001/S001R03.edf,2,33,84.0,motor_execution,T0,ds005284,1,1.0,-58.223316621112836,True
eegmmidb,S001,data/eegmmidb/S001/S001R03.edf,2,34,88.0,motor_execution,T2,ds005284,1,1.0,-42.99375611794849,True
eegmmidb,S001,data/eegmmidb/S001/S001R03.edf,2,35,90.0,motor_execution,T2,ds005284,1,0.9999412481629749,-49.295023242809485,True
eegmmidb,S001,data/eegmmidb/S001/S001R03.edf,2,36,92.0,motor_execution,T0,ds005284,1,1.0,-45.736930289625356,True
eegmmidb,S001,data/eegmmidb/S001/S001R03.edf,2,37,96.0,motor_execution,T1,ds005284,1,1.0,-50.156350561749186,True
eegmmidb,S001,data/eegmmidb/S001/S001R03.edf,2,38,98.0,motor_execution,T1,ds005284,1,1.0,-60.42323115626174,True
eegmmidb,S001,data/eegmmidb/S001/S001R03.edf,2,39,100.0,motor_execution,T0,ds005284,1,1.0,-42.22329723262329,True
eegmmidb,S001,data/eegmmidb/S001/S001R03.edf,2,40,102.0,motor_execution,T0,ds005284,1,1.0,-39.99545012263815,True
eegmmidb,S001,data/eegmmidb/S001/S001R03.edf,2,41,106.0,motor_execution,T1,ds005284,1,1.0,-35.50283217956674,True
eegmmidb,S001,data/eegmmidb/S001/S001R03.edf,2,42,108.0,motor_execution,T0,ds005284,1,1.0,-65.13405004071743,True
eegmmidb,S001,data/eegmmidb/S001/S001R03.edf,2,43,110.0,motor_execution,T0,ds005284,1,1.0,-45.146999425334634,True
eegmmidb,S001,data/eegmmidb/S001/S001R03.edf,2,44,114.0,motor_execution,T2,ds005284,1,1.0,-39.63471295373122,True
eegmmidb,S001,data/eegmmidb/S001/S001R03.edf,2,45,116.0,motor_execution,T0,ds005284,1,0.5467291769973917,-59.92219459123262,True
eegmmidb,S001,data/eegmmidb/S001/S001R03.edf,2,46,118.0,motor_execution,T0,ds005284,1,0.99997703580287,-57.77278374346674,True
eegmmidb,S001,data/eegmmidb/S001/S001R03.edf,2,47,122.0,motor_execution,T1,ds005284,1,0.9999999999997868,-47.62200293492727,True
eegmmidb,S001,data/eegmmidb/S001/S001R04.edf,2,0,0.0,motor_imagery,T0,ds005284,1,0.999999999999936,-50.58537316124333,True
eegmmidb,S001,data/eegmmidb/S001/S001R04.edf,2,1,2.0,motor_imagery,T0,ds005284,1,1.0,-41.18406657222159,True
eegmmidb,S001,data/eegmmidb/S001/S001R04.edf,2,2,4.0,motor_imagery,T2,ds005284,1,1.0,-37.514391130843116,True
eegmmidb,S001,data/eegmmidb/S001/S001R04.edf,2,3,6.0,motor_imagery,T2,ds005284,1,0.9999997711061304,-62.71306138273807,True
eegmmidb,S001,data/eegmmidb/S001/S001R04.edf,2,4,10.0,motor_imagery,T0,ds005284,1,1.0,-46.272545864847224,True
eegmmidb,S001,data/eegmmidb/S001/S001R04.edf,2,5,12.0,motor_imagery,T1,ds005284,1,0.9999999999366764,-51.8505040810962,True
eegmmidb,S001,data/eegmmidb/S001/S001R04.edf,2,6,14.0,motor_imagery,T1,ds005284,1,0.9999999999114735,-43.13354659356125,True
eegmmidb,S001,data/eegmmidb/S001/S001R04.edf,2,7,18.0,motor_imagery,T0,ds005284,1,1.0,-53.80289320114016,True
eegmmidb,S001,data/eegmmidb/S001/S001R04.edf,2,8,20.0,motor_imagery,T1,ds005284,1,1.0,-46.45734474269079,True
eegmmidb,S001,data/eegmmidb/S001/S001R04.edf,2,9,22.0,motor_imagery,T1,ds005284,1,1.0,-51.09161273231922,True
eegmmidb,S001,data/eegmmidb/S001/S001R04.edf,2,10,24.0,motor_imagery,T0,ds005284,1,0.9999999999812843,-48.94061349623727,True
eegmmidb,S001,data/eegmmidb/S001/S001R04.edf,2,11,28.0,motor_imagery,T0,ds005284,1,0.9999999999999503,-49.62672663307036,True
eegmmidb,S001,data/eegmmidb/S001/S001R04.edf,2,12,30.0,motor_imagery,T2,ds005284,1,0.9999502689843134,-45.76121137493165,True
eegmmidb,S001,data/eegmmidb/S001/S001R04.edf,2,13,32.0,motor_imagery,T2,ds005284,1,1.0,-46.49660304244154,True
eegmmidb,S001,data/eegmmidb/S001/S001R04.edf,2,14,36.0,motor_imagery,T0,ds005284,1,1.0,-42.46179090964932,True
eegmmidb,S001,data/eegmmidb/S001/S001R04.edf,2,15,38.0,motor_imagery,T2,ds005284,1,0.9999997783292077,-44.90591031318316,True
eegmmidb,S001,data/eegmmidb/S001/S001R04.edf,2,16,40.0,motor_imagery,T2,ds005284,1,0.9999355880592182,-50.994362640724674,True
eegmmidb,S001,data/eegmmidb/S001/S001R04.edf,2,17,44.0,motor_imagery,T0,ds005284,1,0.9999999901172387,-54.22241144466421,True
eegmmidb,S001,data/eegmmidb/S001/S001R04.edf,2,18,46.0,motor_imagery,T1,ds005284,1,0.9366817555229929,-65.66178619308718,True
eegmmidb,S001,data/eegmmidb/S001/S001R04.edf,2,19,48.0,motor_imagery,T1,ds005284,0,0.9999530149981853,-74.73945630849457,True
eegmmidb,S001,data/eegmmidb/S001/S001R04.edf,2,20,50.0,motor_imagery,T0,ds005284,1,1.0,-45.93546437302768,True
eegmmidb,S001,data/eegmmidb/S001/S001R04.edf,2,21,54.0,motor_imagery,T2,ds005284,1,1.0,-58.255241918970505,True
eegmmidb,S001,data/eegmmidb/S001/S001R04.edf,2,22,56.0,motor_imagery,T2,ds005284,1,1.0,-37.145195364317104,True
eegmmidb,S001,data/eegmmidb/S001/S001R04.edf,2,23,58.0,motor_imagery,T0,ds005284,1,0.999665619042287,-69.43513843409194,True
eegmmidb,S001,data/eegmmidb/S001/S001R04.edf,2,24,62.0,motor_imagery,T1,ds005284,1,0.9999999999985008,-63.133742319793825,True
eegmmidb,S001,data/eegmmidb/S001/S001R04.edf,2,25,64.0,motor_imagery,T1,ds005284,1,1.0,-55.684275831206385,True
eegmmidb,S001,data/eegmmidb/S001/S001R04.edf,2,26,66.0,motor_imagery,T0,ds005284,1,1.0,-47.86611089924677,True
eegmmidb,S001,data/eegmmidb/S001/S001R04.edf,2,27,70.0,motor_imagery,T2,ds005284,1,0.9999999999993179,-67.0788823013352,True
eegmmidb,S001,data/eegmmidb/S001/S001R04.edf,2,28,72.0,motor_imagery,T2,ds005284,1,1.0,-39.034332475822026,True
eegmmidb,S001,data/eegmmidb/S001/S001R04.edf,2,29,74.0,motor_imagery,T0,ds005284,1,0.9999999999125819,-54.53434123675677,True
eegmmidb,S001,data/eegmmidb/S001/S001R04.edf,2,30,76.0,motor_imagery,T0,ds005284,1,1.0,-48.86934848567329,True
eegmmidb,S001,data/eegmmidb/S001/S001R04.edf,2,31,80.0,motor_imagery,T1,ds005284,1,0.9999892991113051,-57.31096564409575,True
eegmmidb,S001,data/eegmmidb/S001/S001R04.edf,2,32,82.0,motor_imagery,T0,ds005284,1,0.9999999999494094,-37.11877547024836,True
eegmmidb,S001,data/eegmmidb/S001/S001R04.edf,2,33,84.0,motor_imagery,T0,ds005284,1,0.9891864216955187,-63.43798519356133,True
eegmmidb,S001,data/eegmmidb/S001/S001R04.edf,2,34,88.0,motor_imagery,T1,ds005284,1,1.0,-42.22225969553991,True
eegmmidb,S001,data/eegmmidb/S001/S001R04.edf,2,35,90.0,motor_imagery,T1,ds005284,1,0.9999999999975273,-45.43542857910726,True
eegmmidb,S001,data/eegmmidb/S001/S001R04.edf,2,36,92.0,motor_imagery,T0,ds005284,1,0.999989479063616,-63.593696281289795,True
eegmmidb,S001,data/eegmmidb/S001/S001R04.edf,2,37,96.0,motor_imagery,T2,ds005284,1,1.0,-45.36220785165592,True
eegmmidb,S001,data/eegmmidb/S001/S001R04.edf,2,38,98.0,motor_imagery,T2,ds005284,1,0.9999999999835012,-45.91815849017283,True
eegmmidb,S001,data/eegmmidb/S001/S001R04.edf,2,39,100.0,motor_imagery,T0,ds005284,1,0.9824067840610717,-78.40991411125587,True
eegmmidb,S001,data/eegmmidb/S001/S001R04.edf,2,40,102.0,motor_imagery,T0,ds005284,1,1.0,-51.47654032881214,True
eegmmidb,S001,data/eegmmidb/S001/S001R04.edf,2,41,106.0,motor_imagery,T1,ds005284,1,0.9999999966742052,-53.346873976766,True
eegmmidb,S001,data/eegmmidb/S001/S001R04.edf,2,42,108.0,motor_imagery,T0,ds005284,1,0.9999812927868174,-57.15291800407889,True
eegmmidb,S001,data/eegmmidb/S001/S001R04.edf,2,43,110.0,motor_imagery,T0,ds005284,1,0.999999999999929,-56.92304580108935,True
eegmmidb,S001,data/eegmmidb/S001/S001R04.edf,2,44,114.0,motor_imagery,T2,ds005284,1,1.0,-41.43446266448093,True
eegmmidb,S001,data/eegmmidb/S001/S001R04.edf,2,45,116.0,motor_imagery,T0,ds005284,1,0.9999767681624255,-54.05481417178109,True
eegmmidb,S001,data/eegmmidb/S001/S001R04.edf,2,46,118.0,motor_imagery,T0,ds005284,1,0.9999999999619931,-42.80239367468882,True
eegmmidb,S001,data/eegmmidb/S001/S001R04.edf,2,47,122.0,motor_imagery,T1,ds005284,1,1.0,-40.26969331907818,True
eegmmidb,S001,data/eegmmidb/S001/S001R07.edf,2,0,0.0,motor_execution,T0,ds005284,1,0.9999769206135913,-49.88684434214522,True
eegmmidb,S001,data/eegmmidb/S001/S001R07.edf,2,1,2.0,motor_execution,T0,ds005284,1,1.0,-37.59007512862633,True
eegmmidb,S001,data/eegmmidb/S001/S001R07.edf,2,2,4.0,motor_execution,T1,ds005284,1,0.99999996290449,-42.48291257098653,True
eegmmidb,S001,data/eegmmidb/S001/S001R07.edf,2,3,6.0,motor_execution,T1,ds005284,1,0.9999997691177622,-47.03224587545759,True
eegmmidb,S001,data/eegmmidb/S001/S001R07.edf,2,4,10.0,motor_execution,T0,ds005284,0,0.7352996943092277,-61.50851751806472,True
eegmmidb,S001,data/eegmmidb/S001/S001R07.edf,2,5,12.0,motor_execution,T2,ds005284,1,1.0,-37.2310520761985,True
eegmmidb,S001,data/eegmmidb/S001/S001R07.edf,2,6,14.0,motor_execution,T2,ds005284,1,1.0,-40.77794978339315,True
eegmmidb,S001,data/eegmmidb/S001/S001R07.edf,2,7,18.0,motor_execution,T0,ds005284,1,1.0,-44.87690441752787,True
eegmmidb,S001,data/eegmmidb/S001/S001R07.edf,2,8,20.0,motor_execution,T1,ds005284,1,1.0,-42.18981037412884,True
eegmmidb,S001,data/eegmmidb/S001/S001R07.edf,2,9,22.0,motor_execution,T1,ds005284,1,1.0,-54.78829343618233,True
eegmmidb,S001,data/eegmmidb/S001/S001R07.edf,2,10,24.0,motor_execution,T0,ds005284,1,0.9999999999999716,-44.36805916955755,True
eegmmidb,S001,data/eegmmidb/S001/S001R07.edf,2,11,28.0,motor_execution,T0,ds005284,1,1.0,-49.09326892745714,True
eegmmidb,S001,data/eegmmidb/S001/S001R07.edf,2,12,30.0,motor_execution,T2,ds005284,1,0.9999507021074943,-67.74071513536411,True
eegmmidb,S001,data/eegmmidb/S001/S001R07.edf,2,13,32.0,motor_execution,T2,ds005284,1,1.0,-35.407729259907,True
eegmmidb,S001,data/eegmmidb/S001/S001R07.edf,2,14,36.0,motor_execution,T0,ds005284,1,0.9999999993954702,-89.36338381321195,True
eegmmidb,S001,data/eegmmidb/S001/S001R07.edf,2,15,38.0,motor_execution,T1,ds005284,1,1.0,-39.57786594178893,True
eegmmidb,S001,data/eegmmidb/S001/S001R07.edf,2,16,40.0,motor_execution,T1,ds005284,1,0.9999999999999574,-57.89513581689523,True
eegmmidb,S001,data/eegmmidb/S001/S001R07.edf,2,17,44.0,motor_execution,T0,ds005284,1,1.0,-46.09233528562361,True
eegmmidb,S001,data/eegmmidb/S001/S001R07.edf,2,18,46.0,motor_execution,T2,ds005284,1,1.0,-38.083221755008786,True
eegmmidb,S001,data/eegmmidb/S001/S001R07.edf,2,19,48.0,motor_execution,T2,ds005284,1,1.0,-49.22047555083129,True
eegmmidb,S001,data/eegmmidb/S001/S001R07.edf,2,20,50.0,motor_execution,T0,ds005284,1,1.0,-39.009749669248976,True
eegmmidb,S001,data/eegmmidb/S001/S001R07.edf,2,21,54.0,motor_execution,T2,ds005284,1,1.0,-40.196790821735696,True
eegmmidb,S001,data/eegmmidb/S001/S001R07.edf,2,22,56.0,motor_execution,T2,ds005284,1,0.9999996895493466,-63.23244040714204,True
eegmmidb,S001,data/eegmmidb/S001/S001R07.edf,2,23,58.0,motor_execution,T0,ds005284,1,0.9999999999999716,-54.42879642987522,True
eegmmidb,S001,data/eegmmidb/S001/S001R07.edf,2,24,62.0,motor_execution,T1,ds005284,1,1.0,-47.101717864450194,True
eegmmidb,S001,data/eegmmidb/S001/S001R07.edf,2,25,64.0,motor_execution,T1,ds005284,1,0.9999990755901758,-37.72908324912095,True
eegmmidb,S001,data/eegmmidb/S001/S001R07.edf,2,26,66.0,motor_execution,T0,ds005284,1,1.0,-48.55163584786423,True
eegmmidb,S001,data/eegmmidb/S001/S001R07.edf,2,27,70.0,motor_execution,T1,ds005284,1,1.0,-41.63611649424629,True
eegmmidb,S001,data/eegmmidb/S001/S001R07.edf,2,28,72.0,motor_execution,T1,ds005284,1,1.0,-63.34194719495405,True
eegmmidb,S001,data/eegmmidb/S001/S001R07.edf,2,29,74.0,motor_execution,T0,ds005284,1,1.0,-45.74248217942446,True
eegmmidb,S001,data/eegmmidb/S001/S001R07.edf,2,30,76.0,motor_execution,T0,ds005284,1,0.9999999994548574,-48.63731019743906,True
eegmmidb,S001,data/eegmmidb/S001/S001R07.edf,2,31,80.0,motor_execution,T2,ds005284,1,1.0,-51.41476227722992,True
eegmmidb,S001,data/eegmmidb/S001/S001R07.edf,2,32,82.0,motor_execution,T0,ds005284,0,0.9640998253016809,-70.67826549303734,True
eegmmidb,S001,data/eegmmidb/S001/S001R07.edf,2,33,84.0,motor_execution,T0,ds005284,1,0.9999995760767365,-69.0661888948481,True
eegmmidb,S001,data/eegmmidb/S001/S001R07.edf,2,34,88.0,motor_execution,T2,ds005284,1,1.0,-39.68784737232847,True
eegmmidb,S001,data/eegmmidb/S001/S001R07.edf,2,35,90.0,motor_execution,T2,ds005284,1,0.999999999995687,-36.594786639917515,True
eegmmidb,S001,data/eegmmidb/S001/S001R07.edf,2,36,92.0,motor_execution,T0,ds005284,1,1.0,-45.05321541553596,True
eegmmidb,S001,data/eegmmidb/S001/S001R07.edf,2,37,96.0,motor_execution,T1,ds005284,1,0.9999952056366119,-41.39204501867427,True
eegmmidb,S001,data/eegmmidb/S001/S001R07.edf,2,38,98.0,motor_execution,T1,ds005284,0,0.9999006875739264,-57.015448089062396,True
eegmmidb,S001,data/eegmmidb/S001/S001R07.edf,2,39,100.0,motor_execution,T0,ds005284,1,1.0,-56.31621530254649,True
eegmmidb,S001,data/eegmmidb/S001/S001R07.edf,2,40,102.0,motor_execution,T0,ds005284,1,0.9995359576128109,-58.810416556242,True
eegmmidb,S001,data/eegmmidb/S001/S001R07.edf,2,41,106.0,motor_execution,T2,ds005284,1,0.927851947592816,-52.04216855124165,True
eegmmidb,S001,data/eegmmidb/S001/S001R07.edf,2,42,108.0,motor_execution,T0,ds005284,1,1.0,-41.38780931538687,True
eegmmidb,S001,data/eegmmidb/S001/S001R07.edf,2,43,110.0,motor_execution,T0,ds005284,1,1.0,-50.73006979815856,True
eegmmidb,S001,data/eegmmidb/S001/S001R07.edf,2,44,114.0,motor_execution,T1,ds005284,1,1.0,-38.00584630658576,True
eegmmidb,S001,data/eegmmidb/S001/S001R07.edf,2,45,116.0,motor_execution,T0,ds005284,1,1.0,-45.77869687046765,True
eegmmidb,S001,data/eegmmidb/S001/S001R07.edf,2,46,118.0,motor_execution,T0,ds005284,1,1.0,-37.16893739868153,True
eegmmidb,S001,data/eegmmidb/S001/S001R07.edf,2,47,122.0,motor_execution,T1,ds005284,1,0.9997864745343796,-58.135654083981876,True
eegmmidb,S001,data/eegmmidb/S001/S001R08.edf,2,0,0.0,motor_imagery,T0,ds005284,1,0.9946555511901347,-57.80576698144135,True
eegmmidb,S001,data/eegmmidb/S001/S001R08.edf,2,1,2.0,motor_imagery,T0,ds005284,1,0.9999999999917932,-42.54422200866592,True
eegmmidb,S001,data/eegmmidb/S001/S001R08.edf,2,2,4.0,motor_imagery,T1,ds005284,1,0.9999999999965539,-43.38605542336272,True
eegmmidb,S001,data/eegmmidb/S001/S001R08.edf,2,3,6.0,motor_imagery,T1,ds005284,0,0.9579024084840694,-50.99968802156035,True
eegmmidb,S001,data/eegmmidb/S001/S001R08.edf,2,4,10.0,motor_imagery,T0,ds005284,1,0.9999999999999929,-32.480855871974256,False
eegmmidb,S001,data/eegmmidb/S001/S001R08.edf,2,5,12.0,motor_imagery,T2,ds005284,1,0.9999999999958504,-37.54501104774157,True
eegmmidb,S001,data/eegmmidb/S001/S001R08.edf,2,6,14.0,motor_imagery,T2,ds005284,1,1.0,-39.040200377813754,True
eegmmidb,S001,data/eegmmidb/S001/S001R08.edf,2,7,18.0,motor_imagery,T0,ds005284,1,1.0,-43.23910371410547,True
eegmmidb,S001,data/eegmmidb/S001/S001R08.edf,2,8,20.0,motor_imagery,T1,ds005284,1,1.0,-48.891587633590795,True
eegmmidb,S001,data/eegmmidb/S001/S001R08.edf,2,9,22.0,motor_imagery,T1,ds005284,1,0.999999957001358,-42.42234881417062,True
eegmmidb,S001,data/eegmmidb/S001/S001R08.edf,2,10,24.0,motor_imagery,T0,ds005284,1,0.9985328248289562,-49.56050997638732,True
eegmmidb,S001,data/eegmmidb/S001/S001R08.edf,2,11,28.0,motor_imagery,T0,ds005284,1,0.9999997648960665,-42.01390570537659,True
eegmmidb,S001,data/eegmmidb/S001/S001R08.edf,2,12,30.0,motor_imagery,T2,ds005284,1,0.9999999999748397,-46.251593231824444,True
eegmmidb,S001,data/eegmmidb/S001/S001R08.edf,2,13,32.0,motor_imagery,T2,ds005284,1,1.0,-39.54965706141286,True
eegmmidb,S001,data/eegmmidb/S001/S001R08.edf,2,14,36.0,motor_imagery,T0,ds005284,1,1.0,-53.67424123267201,True
eegmmidb,S001,data/eegmmidb/S001/S001R08.edf,2,15,38.0,motor_imagery,T1,ds005284,1,0.9999999999985576,-49.79259375520379,True
eegmmidb,S001,data/eegmmidb/S001/S001R08.edf,2,16,40.0,motor_imagery,T1,ds005284,1,0.9140617732430188,-56.79536148979555,True
eegmmidb,S001,data/eegmmidb/S001/S001R08.edf,2,17,44.0,motor_imagery,T0,ds005284,1,0.999999043641611,-53.06562259938513,True
eegmmidb,S001,data/eegmmidb/S001/S001R08.edf,2,18,46.0,motor_imagery,T2,ds005284,1,0.9999999999999147,-37.97581775684913,True
eegmmidb,S001,data/eegmmidb/S001/S001R08.edf,2,19,48.0,motor_imagery,T2,ds005284,1,1.0,-47.61483740231848,True
eegmmidb,S001,data/eegmmidb/S001/S001R08.edf,2,20,50.0,motor_imagery,T0,ds005284,1,1.0,-49.64619796579406,True
eegmmidb,S001,data/eegmmidb/S001/S001R08.edf,2,21,54.0,motor_imagery,T1,ds005284,1,1.0,-53.34111101826297,True
eegmmidb,S001,data/eegmmidb/S001/S001R08.edf,2,22,56.0,motor_imagery,T1,ds005284,0,0.9999351991703058,-75.30858388276138,True
eegmmidb,S001,data/eegmmidb/S001/S001R08.edf,2,23,58.0,motor_imagery,T0,ds005284,1,0.9999999999871463,-42.36026778712708,True
eegmmidb,S001,data/eegmmidb/S001/S001R08.edf,2,24,62.0,motor_imagery,T2,ds005284,1,0.9999999999999858,-39.64927008192408,True
eegmmidb,S001,data/eegmmidb/S001/S001R08.edf,2,25,64.0,motor_imagery,T2,ds005284,1,0.9999914762370042,-48.555552959811926,True
eegmmidb,S001,data/eegmmidb/S001/S001R08.edf,2,26,66.0,motor_imagery,T0,ds005284,1,0.9999999999985008,-37.2219962139335,True
eegmmidb,S001,data/eegmmidb/S001/S001R08.edf,2,27,70.0,motor_imagery,T2,ds005284,1,1.0,-36.85814772420181,True
eegmmidb,S001,data/eegmmidb/S001/S001R08.edf,2,28,72.0,motor_imagery,T2,ds005284,1,0.9999992453895818,-53.93993493820983,True
eegmmidb,S001,data/eegmmidb/S001/S001R08.edf,2,29,74.0,motor_imagery,T0,ds005284,1,0.999286875236031,-67.88092849593187,True
eegmmidb,S001,data/eegmmidb/S001/S001R08.edf,2,30,76.0,motor_imagery,T0,ds005284,1,1.0,-49.08389569885236,True
eegmmidb,S001,data/eegmmidb/S001/S001R08.edf,2,31,80.0,motor_imagery,T1,ds005284,1,0.9999895722114961,-47.535065775206455,True
eegmmidb,S001,data/eegmmidb/S001/S001R08.edf,2,32,82.0,motor_imagery,T0,ds005284,1,1.0,-35.42560671769308,True
eegmmidb,S001,data/eegmmidb/S001/S001R08.edf,2,33,84.0,motor_imagery,T0,ds005284,1,0.9999999992640412,-55.460509048004575,True
eegmmidb,S001,data/eegmmidb/S001/S001R08.edf,2,34,88.0,motor_imagery,T1,ds005284,1,0.9969577650887804,-68.0962033313195,True
eegmmidb,S001,data/eegmmidb/S001/S001R08.edf,2,35,90.0,motor_imagery,T1,ds005284,0,0.7979085398848301,-67.72913903512628,True
eegmmidb,S001,data/eegmmidb/S001/S001R08.edf,2,36,92.0,motor_imagery,T0,ds005284,1,1.0,-46.05787589969058,True
eegmmidb,S001,data/eegmmidb/S001/S001R08.edf,2,37,96.0,motor_imagery,T2,ds005284,1,1.0,-37.66086403619333,True
eegmmidb,S001,data/eegmmidb/S001/S001R08.edf,2,38,98.0,motor_imagery,T2,ds005284,1,0.9999999999997016,-45.488877478180186,True
eegmmidb,S001,data/eegmmidb/S001/S001R08.edf,2,39,100.0,motor_imagery,T0,ds005284,0,0.999999913197261,-71.71890112017519,True
eegmmidb,S001,data/eegmmidb/S001/S001R08.edf,2,40,102.0,motor_imagery,T0,ds005284,1,1.0,-51.599388254947634,True
eegmmidb,S001,data/eegmmidb/S001/S001R08.edf,2,41,106.0,motor_imagery,T2,ds005284,1,0.999999999978975,-41.01907243320245,True
eegmmidb,S001,data/eegmmidb/S001/S001R08.edf,2,42,108.0,motor_imagery,T0,ds005284,0,0.5607956027009395,-67.062128070941,True
eegmmidb,S001,data/eegmmidb/S001/S001R08.edf,2,43,110.0,motor_imagery,T0,ds005284,1,0.9999999999984794,-46.03548976377035,True
eegmmidb,S001,data/eegmmidb/S001/S001R08.edf,2,44,114.0,motor_imagery,T1,ds005284,1,0.9999999416482214,-46.56719138219851,True
eegmmidb,S001,data/eegmmidb/S001/S001R08.edf,2,45,116.0,motor_imagery,T0,ds005284,1,0.9999999999994529,-41.15816246762067,True
eegmmidb,S001,data/eegmmidb/S001/S001R08.edf,2,46,118.0,motor_imagery,T0,ds005284,1,0.9979401044749125,-47.741653646674045,True
eegmmidb,S001,data/eegmmidb/S001/S001R08.edf,2,47,122.0,motor_imagery,T1,ds005284,1,0.9999999990407389,-48.95948256161924,True
eegmmidb,S001,data/eegmmidb/S001/S001R11.edf,2,0,0.0,motor_execution,T0,ds005284,1,0.9999999999999787,-34.951433081390064,False
eegmmidb,S001,data/eegmmidb/S001/S001R11.edf,2,1,2.0,motor_execution,T0,ds005284,1,0.999999999391747,-37.72562249192003,True
eegmmidb,S001,data/eegmmidb/S001/S001R11.edf,2,2,4.0,motor_execution,T1,ds005284,1,1.0,-35.197972441123056,True
eegmmidb,S001,data/eegmmidb/S001/S001R11.edf,2,3,6.0,motor_execution,T1,ds005284,1,1.0,-31.54325937843307,False
eegmmidb,S001,data/eegmmidb/S001/S001R11.edf,2,4,10.0,motor_execution,T0,ds005284,1,1.0,-37.330250694761084,True
eegmmidb,S001,data/eegmmidb/S001/S001R11.edf,2,5,12.0,motor_execution,T2,ds005284,1,1.0,-35.62027157486164,True
eegmmidb,S001,data/eegmmidb/S001/S001R11.edf,2,6,14.0,motor_execution,T2,ds005284,1,0.99999926671635,-57.8817859456917,True
eegmmidb,S001,data/eegmmidb/S001/S001R11.edf,2,7,18.0,motor_execution,T0,ds005284,1,1.0,-41.39216648451834,True
eegmmidb,S001,data/eegmmidb/S001/S001R11.edf,2,8,20.0,motor_execution,T2,ds005284,1,0.9999999999999005,-58.5807944391918,True
eegmmidb,S001,data/eegmmidb/S001/S001R11.edf,2,9,22.0,motor_execution,T2,ds005284,1,0.9999999963101942,-56.70859406782244,True
eegmmidb,S001,data/eegmmidb/S001/S001R11.edf,2,10,24.0,motor_execution,T0,ds005284,1,1.0,-41.17939480008849,True
eegmmidb,S001,data/eegmmidb/S001/S001R11.edf,2,11,28.0,motor_execution,T0,ds005284,1,1.0,-56.13590979790039,True
eegmmidb,S001,data/eegmmidb/S001/S001R11.edf,2,12,30.0,motor_execution,T1,ds005284,1,1.0,-57.371238842900134,True
eegmmidb,S001,data/eegmmidb/S001/S001R11.edf,2,13,32.0,motor_execution,T1,ds005284,1,1.0,-47.56569369102377,True
eegmmidb,S001,data/eegmmidb/S001/S001R11.edf,2,14,36.0,motor_execution,T0,ds005284,1,0.9999980940612945,-57.504193049443195,True
eegmmidb,S001,data/eegmmidb/S001/S001R11.edf,2,15,38.0,motor_execution,T2,ds005284,1,1.0,-49.07578990372652,True
eegmmidb,S001,data/eegmmidb/S001/S001R11.edf,2,16,40.0,motor_execution,T2,ds005284,1,0.999999999593534,-51.39046710330623,True
eegmmidb,S001,data/eegmmidb/S001/S001R11.edf,2,17,44.0,motor_execution,T0,ds005284,1,1.0,-43.0439663650284,True
eegmmidb,S001,data/eegmmidb/S001/S001R11.edf,2,18,46.0,motor_execution,T1,ds005284,1,1.0,-51.04587875789962,True
eegmmidb,S001,data/eegmmidb/S001/S001R11.edf,2,19,48.0,motor_execution,T1,ds005284,1,1.0,-42.69646176785185,True
eegmmidb,S001,data/eegmmidb/S001/S001R11.edf,2,20,50.0,motor_execution,T0,ds005284,1,0.9999999999969731,-60.389060101950285,True
eegmmidb,S001,data/eegmmidb/S001/S001R11.edf,2,21,54.0,motor_execution,T1,ds005284,1,0.9999999999999858,-78.3702500330884,True
eegmmidb,S001,data/eegmmidb/S001/S001R11.edf,2,22,56.0,motor_execution,T1,ds005284,1,0.9964878073777101,-53.62545234132198,True
eegmmidb,S001,data/eegmmidb/S001/S001R11.edf,2,23,58.0,motor_execution,T0,ds005284,1,1.0,-44.52312689101107,True
eegmmidb,S001,data/eegmmidb/S001/S001R11.edf,2,24,62.0,motor_execution,T2,ds005284,1,1.0,-39.023430552245664,True
eegmmidb,S001,data/eegmmidb/S001/S001R11.edf,2,25,64.0,motor_execution,T2,ds005284,1,1.0,-63.24979260514899,True
eegmmidb,S001,data/eegmmidb/S001/S001R11.edf,2,26,66.0,motor_execution,T0,ds005284,1,1.0,-36.8771074874417,True
eegmmidb,S001,data/eegmmidb/S001/S001R11.edf,2,27,70.0,motor_execution,T2,ds005284,1,1.0,-55.88203943966966,True
eegmmidb,S001,data/eegmmidb/S001/S001R11.edf,2,28,72.0,motor_execution,T2,ds005284,1,1.0,-47.71735724093082,True
eegmmidb,S001,data/eegmmidb/S001/S001R11.edf,2,29,74.0,motor_execution,T0,ds005284,1,0.9999870234322727,-48.40395776038447,True
eegmmidb,S001,data/eegmmidb/S001/S001R11.edf,2,30,76.0,motor_execution,T0,ds005284,1,0.9999998275395476,-60.506251525585625,True
eegmmidb,S001,data/eegmmidb/S001/S001R11.edf,2,31,80.0,motor_execution,T1,ds005284,0,0.9605818193816548,-57.42229999598281,True
eegmmidb,S001,data/eegmmidb/S001/S001R11.edf,2,32,82.0,motor_execution,T0,ds005284,1,1.0,-71.02359201818919,True
eegmmidb,S001,data/eegmmidb/S001/S001R11.edf,2,33,84.0,motor_execution,T0,ds005284,1,0.9997982913447575,-55.81286336799056,True
eegmmidb,S001,data/eegmmidb/S001/S001R11.edf,2,34,88.0,motor_execution,T1,ds005284,1,0.9999999999999929,-44.93160915014033,True
eegmmidb,S001,data/eegmmidb/S001/S001R11.edf,2,35,90.0,motor_execution,T1,ds005284,1,1.0,-40.257784391801,True
eegmmidb,S001,data/eegmmidb/S001/S001R11.edf,2,36,92.0,motor_execution,T0,ds005284,1,0.9999999999987921,-78.49527003785893,True
eegmmidb,S001,data/eegmmidb/S001/S001R11.edf,2,37,96.0,motor_execution,T2,ds005284,0,0.9030339139129592,-64.93749232463945,True
eegmmidb,S001,data/eegmmidb/S001/S001R11.edf,2,38,98.0,motor_execution,T2,ds005284,1,0.9999653516847504,-62.58027536656778,True
eegmmidb,S001,data/eegmmidb/S001/S001R11.edf,2,39,100.0,motor_execution,T0,ds005284,1,1.0,-52.53992018506656,True
eegmmidb,S001,data/eegmmidb/S001/S001R11.edf,2,40,102.0,motor_execution,T0,ds005284,1,0.9985856793985101,-71.18729903324376,True
eegmmidb,S001,data/eegmmidb/S001/S001R11.edf,2,41,106.0,motor_execution,T2,ds005284,1,0.9999999402894577,-50.26057411329916,True
eegmmidb,S001,data/eegmmidb/S001/S001R11.edf,2,42,108.0,motor_execution,T0,ds005284,1,0.999999999922565,-60.012820276008135,True
eegmmidb,S001,data/eegmmidb/S001/S001R11.edf,2,43,110.0,motor_execution,T0,ds005284,1,1.0,-48.65497299386262,True
eegmmidb,S001,data/eegmmidb/S001/S001R11.edf,2,44,114.0,motor_execution,T1,ds005284,1,1.0,-40.48518848220631,True
eegmmidb,S001,data/eegmmidb/S001/S001R11.edf,2,45,116.0,motor_execution,T0,ds005284,1,1.0,-59.068710632712545,True
eegmmidb,S001,data/eegmmidb/S001/S001R11.edf,2,46,118.0,motor_execution,T0,ds005284,1,1.0,-59.15249366155356,True
eegmmidb,S001,data/eegmmidb/S001/S001R11.edf,2,47,122.0,motor_execution,T2,ds005284,1,1.0,-45.26903983651565,True
eegmmidb,S001,data/eegmmidb/S001/S001R12.edf,2,0,0.0,motor_imagery,T0,ds005284,1,0.9906033068227396,-50.98295216988493,True
eegmmidb,S001,data/eegmmidb/S001/S001R12.edf,2,1,2.0,motor_imagery,T0,ds005284,1,0.9999994218938576,-37.06555804292139,True
eegmmidb,S001,data/eegmmidb/S001/S001R12.edf,2,2,4.0,motor_imagery,T2,ds005284,1,0.999999986449133,-40.20106926793627,True
eegmmidb,S001,data/eegmmidb/S001/S001R12.edf,2,3,6.0,motor_imagery,T2,ds005284,1,0.9999999999994102,-37.421907503098694,True
eegmmidb,S001,data/eegmmidb/S001/S001R12.edf,2,4,10.0,motor_imagery,T0,ds005284,1,0.9999999866131618,-38.340653046707,True
eegmmidb,S001,data/eegmmidb/S001/S001R12.edf,2,5,12.0,motor_imagery,T1,ds005284,1,0.9999999495936448,-40.98592938540471,True
eegmmidb,S001,data/eegmmidb/S001/S001R12.edf,2,6,14.0,motor_imagery,T1,ds005284,1,0.9999999977933882,-51.71549738366621,True
eegmmidb,S001,data/eegmmidb/S001/S001R12.edf,2,7,18.0,motor_imagery,T0,ds005284,1,1.0,-37.09027411248244,True
eegmmidb,S001,data/eegmmidb/S001/S001R12.edf,2,8,20.0,motor_imagery,T2,ds005284,1,0.9999999999999964,-30.639226560609753,False
eegmmidb,S001,data/eegmmidb/S001/S001R12.edf,2,9,22.0,motor_imagery,T2,ds005284,1,0.9999922438200832,-46.618854675525185,True
eegmmidb,S001,data/eegmmidb/S001/S001R12.edf,2,10,24.0,motor_imagery,T0,ds005284,1,1.0,-38.985529694397435,True
eegmmidb,S001,data/eegmmidb/S001/S001R12.edf,2,11,28.0,motor_imagery,T0,ds005284,1,1.0,-50.82952935304087,True
eegmmidb,S001,data/eegmmidb/S001/S001R12.edf,2,12,30.0,motor_imagery,T1,ds005284,1,0.9999994905218533,-45.17205037506271,True
eegmmidb,S001,data/eegmmidb/S001/S001R12.edf,2,13,32.0,motor_imagery,T1,ds005284,1,0.9999999675209216,-43.74688431706583,True
eegmmidb,S001,data/eegmmidb/S001/S001R12.edf,2,14,36.0,motor_imagery,T0,ds005284,1,0.9999194973896487,-61.90980002076871,True
eegmmidb,S001,data/eegmmidb/S001/S001R12.edf,2,15,38.0,motor_imagery,T1,ds005284,1,1.0,-58.3629566663523,True
eegmmidb,S001,data/eegmmidb/S001/S001R12.edf,2,16,40.0,motor_imagery,T1,ds005284,1,0.9999999999999147,-48.68150164641915,True
eegmmidb,S001,data/eegmmidb/S001/S001R12.edf,2,17,44.0,motor_imagery,T0,ds005284,1,1.0,-45.785296209076904,True
eegmmidb,S001,data/eegmmidb/S001/S001R12.edf,2,18,46.0,motor_imagery,T2,ds005284,1,1.0,-39.071007826204365,True
eegmmidb,S001,data/eegmmidb/S001/S001R12.edf,2,19,48.0,motor_imagery,T2,ds005284,1,1.0,-50.32197785696256,True
eegmmidb,S001,data/eegmmidb/S001/S001R12.edf,2,20,50.0,motor_imagery,T0,ds005284,1,0.9997727248529984,-81.23376671916051,True
eegmmidb,S001,data/eegmmidb/S001/S001R12.edf,2,21,54.0,motor_imagery,T2,ds005284,1,1.0,-39.82330193993922,True
eegmmidb,S001,data/eegmmidb/S001/S001R12.edf,2,22,56.0,motor_imagery,T2,ds005284,1,0.9999999995555484,-44.38175307512266,True
eegmmidb,S001,data/eegmmidb/S001/S001R12.edf,2,23,58.0,motor_imagery,T0,ds005284,1,0.9999999971486346,-50.77598390964868,True
eegmmidb,S001,data/eegmmidb/S001/S001R12.edf,2,24,62.0,motor_imagery,T1,ds005284,1,0.9987230160864317,-48.1304068433798,True
eegmmidb,S001,data/eegmmidb/S001/S001R12.edf,2,25,64.0,motor_imagery,T1,ds005284,0,0.9848552733755738,-72.24241156663444,True
eegmmidb,S001,data/eegmmidb/S001/S001R12.edf,2,26,66.0,motor_imagery,T0,ds005284,1,0.9999999999909406,-55.870165636336786,True
eegmmidb,S001,data/eegmmidb/S001/S001R12.edf,2,27,70.0,motor_imagery,T1,ds005284,1,0.9999999999967031,-44.31085629430981,True
eegmmidb,S001,data/eegmmidb/S001/S001R12.edf,2,28,72.0,motor_imagery,T1,ds005284,1,1.0,-44.969427791239845,True
eegmmidb,S001,data/eegmmidb/S001/S001R12.edf,2,29,74.0,motor_imagery,T0,ds005284,1,1.0,-43.65516009772606,True
eegmmidb,S001,data/eegmmidb/S001/S001R12.edf,2,30,76.0,motor_imagery,T0,ds005284,1,1.0,-44.733241059639944,True
eegmmidb,S001,data/eegmmidb/S001/S001R12.edf,2,31,80.0,motor_imagery,T2,ds005284,1,0.5753157299668787,-64.43800384233174,True
eegmmidb,S001,data/eegmmidb/S001/S001R12.edf,2,32,82.0,motor_imagery,T0,ds005284,1,0.9996184099403446,-51.94815170412166,True
eegmmidb,S001,data/eegmmidb/S001/S001R12.edf,2,33,84.0,motor_imagery,T0,ds005284,1,1.0,-49.41946365324032,True
eegmmidb,S001,data/eegmmidb/S001/S001R12.edf,2,34,88.0,motor_imagery,T2,ds005284,1,1.0,-42.72200859514929,True
eegmmidb,S001,data/eegmmidb/S001/S001R12.edf,2,35,90.0,motor_imagery,T2,ds005284,1,0.9999996126600519,-50.98694411904432,True
eegmmidb,S001,data/eegmmidb/S001/S001R12.edf,2,36,92.0,motor_imagery,T0,ds005284,1,1.0,-43.765006892393195,True
eegmmidb,S001,data/eegmmidb/S001/S001R12.edf,2,37,96.0,motor_imagery,T1,ds005284,1,0.9999989712765289,-52.5538513357884,True
eegmmidb,S001,data/eegmmidb/S001/S001R12.edf,2,38,98.0,motor_imagery,T1,ds005284,1,1.0,-61.25355550591005,True
eegmmidb,S001,data/eegmmidb/S001/S001R12.edf,2,39,100.0,motor_imagery,T0,ds005284,1,0.999999996209624,-57.61761805897584,True
eegmmidb,S001,data/eegmmidb/S001/S001R12.edf,2,40,102.0,motor_imagery,T0,ds005284,1,1.0,-53.53114075568875,True
eegmmidb,S001,data/eegmmidb/S001/S001R12.edf,2,41,106.0,motor_imagery,T2,ds005284,1,0.9991078708875578,-72.77985700113402,True
eegmmidb,S001,data/eegmmidb/S001/S001R12.edf,2,42,108.0,motor_imagery,T0,ds005284,1,0.9999997950465765,-46.81081048610886,True
eegmmidb,S001,data/eegmmidb/S001/S001R12.edf,2,43,110.0,motor_imagery,T0,ds005284,1,0.9999999998267839,-45.28196440004732,True
eegmmidb,S001,data/eegmmidb/S001/S001R12.edf,2,44,114.0,motor_imagery,T1,ds005284,1,0.999999962567302,-41.574361867034106,True
eegmmidb,S001,data/eegmmidb/S001/S001R12.edf,2,45,116.0,motor_imagery,T0,ds005284,0,0.9999797178450982,-50.909629756286144,True
eegmmidb,S001,data/eegmmidb/S001/S001R12.edf,2,46,118.0,motor_imagery,T0,ds005284,1,1.0,-43.46339638227927,True
eegmmidb,S001,data/eegmmidb/S001/S001R12.edf,2,47,122.0,motor_imagery,T2,ds005284,0,0.9950157949357717,-48.551097347403356,True
eegmmidb,S002,data/eegmmidb/S002/S002R01.edf,2,0,0.0,eyes_open_rest,T0,ds005284,0,0.9999999999953815,-40.8576797916357,True
eegmmidb,S002,data/eegmmidb/S002/S002R01.edf,2,1,2.0,eyes_open_rest,T0,ds005284,0,1.0,-35.32061022181856,True
eegmmidb,S002,data/eegmmidb/S002/S002R01.edf,2,2,4.0,eyes_open_rest,T0,ds005284,1,1.0,-27.28915846196319,False
eegmmidb,S002,data/eegmmidb/S002/S002R01.edf,2,3,6.0,eyes_open_rest,T0,ds005284,0,1.0,-68.70008541653863,True
eegmmidb,S002,data/eegmmidb/S002/S002R01.edf,2,4,8.0,eyes_open_rest,T0,ds005284,1,1.0,-68.63895701414117,True
eegmmidb,S002,data/eegmmidb/S002/S002R01.edf,2,5,10.0,eyes_open_rest,T0,ds005284,0,1.0,-52.22045925891171,True
eegmmidb,S002,data/eegmmidb/S002/S002R01.edf,2,6,12.0,eyes_open_rest,T0,ds005284,0,1.0,-53.68788496994605,True
eegmmidb,S002,data/eegmmidb/S002/S002R01.edf,2,7,14.0,eyes_open_rest,T0,ds005284,0,1.0,-60.77666995086408,True
eegmmidb,S002,data/eegmmidb/S002/S002R01.edf,2,8,16.0,eyes_open_rest,T0,ds005284,0,1.0,-37.678115399661614,True
eegmmidb,S002,data/eegmmidb/S002/S002R01.edf,2,9,18.0,eyes_open_rest,T0,ds005284,0,0.9995777970517453,-61.21167632442028,True
eegmmidb,S002,data/eegmmidb/S002/S002R01.edf,2,10,20.0,eyes_open_rest,T0,ds005284,1,1.0,-47.805953982050326,True
eegmmidb,S002,data/eegmmidb/S002/S002R01.edf,2,11,22.0,eyes_open_rest,T0,ds005284,0,0.9999999999997939,-31.247970897690347,False
eegmmidb,S002,data/eegmmidb/S002/S002R01.edf,2,12,24.0,eyes_open_rest,T0,ds005284,0,1.0,-58.21439691562275,True
eegmmidb,S002,data/eegmmidb/S002/S002R01.edf,2,13,26.0,eyes_open_rest,T0,ds005284,0,1.0,-44.35272343107903,True
eegmmidb,S002,data/eegmmidb/S002/S002R01.edf,2,14,28.0,eyes_open_rest,T0,ds005284,0,1.0,-42.13523711806649,True
eegmmidb,S002,data/eegmmidb/S002/S002R01.edf,2,15,30.0,eyes_open_rest,T0,ds005284,0,1.0,-59.526859238968434,True
eegmmidb,S002,data/eegmmidb/S002/S002R01.edf,2,16,32.0,eyes_open_rest,T0,ds005284,0,0.9999999999966818,-49.69486403693622,True
eegmmidb,S002,data/eegmmidb/S002/S002R01.edf,2,17,34.0,eyes_open_rest,T0,ds005284,0,1.0,-72.85407165382023,True
eegmmidb,S002,data/eegmmidb/S002/S002R01.edf,2,18,36.0,eyes_open_rest,T0,ds005284,1,1.0,-29.54505614603898,False
eegmmidb,S002,data/eegmmidb/S002/S002R01.edf,2,19,38.0,eyes_open_rest,T0,ds005284,0,1.0,-42.56085405709852,True
eegmmidb,S002,data/eegmmidb/S002/S002R01.edf,2,20,40.0,eyes_open_rest,T0,ds005284,1,1.0,-33.90276495632799,False
eegmmidb,S002,data/eegmmidb/S002/S002R01.edf,2,21,42.0,eyes_open_rest,T0,ds005284,0,1.0,-35.549992499890195,True
eegmmidb,S002,data/eegmmidb/S002/S002R01.edf,2,22,44.0,eyes_open_rest,T0,ds005284,0,1.0,-39.62600236790798,True
eegmmidb,S002,data/eegmmidb/S002/S002R01.edf,2,23,46.0,eyes_open_rest,T0,ds005284,0,1.0,-52.32617592428122,True
eegmmidb,S002,data/eegmmidb/S002/S002R01.edf,2,24,48.0,eyes_open_rest,T0,ds005284,0,1.0,-45.971909936822044,True
eegmmidb,S002,data/eegmmidb/S002/S002R01.edf,2,25,50.0,eyes_open_rest,T0,ds005284,1,1.0,-35.397631669410096,True
eegmmidb,S002,data/eegmmidb/S002/S002R01.edf,2,26,52.0,eyes_open_rest,T0,ds005284,1,1.0,-79.13059627776445,True
eegmmidb,S002,data/eegmmidb/S002/S002R01.edf,2,27,54.0,eyes_open_rest,T0,ds005284,0,1.0,-46.560544842469646,True
eegmmidb,S002,data/eegmmidb/S002/S002R01.edf,2,28,56.0,eyes_open_rest,T0,ds005284,0,1.0,-45.31071421577621,True
eegmmidb,S002,data/eegmmidb/S002/S002R01.edf,2,29,58.0,eyes_open_rest,T0,ds005284,1,1.0,-37.175253192892775,True
eegmmidb,S002,data/eegmmidb/S002/S002R02.edf,2,0,0.0,eyes_closed_rest,T0,ds005284,0,1.0,-59.360665439692745,True
eegmmidb,S002,data/eegmmidb/S002/S002R02.edf,2,1,2.0,eyes_closed_rest,T0,ds005284,0,1.0,-80.29522307752882,True
eegmmidb,S002,data/eegmmidb/S002/S002R02.edf,2,2,4.0,eyes_closed_rest,T0,ds005284,0,1.0,-113.81991437495304,True
eegmmidb,S002,data/eegmmidb/S002/S002R02.edf,2,3,6.0,eyes_closed_rest,T0,ds005284,0,1.0,-63.64559378437077,True
eegmmidb,S002,data/eegmmidb/S002/S002R02.edf,2,4,8.0,eyes_closed_rest,T0,ds005284,0,1.0,-134.03584826594079,True
eegmmidb,S002,data/eegmmidb/S002/S002R02.edf,2,5,10.0,eyes_closed_rest,T0,ds005284,0,1.0,-122.46217932451694,True
eegmmidb,S002,data/eegmmidb/S002/S002R02.edf,2,6,12.0,eyes_closed_rest,T0,ds005284,0,1.0,-65.14150015860247,True
eegmmidb,S002,data/eegmmidb/S002/S002R02.edf,2,7,14.0,eyes_closed_rest,T0,ds005284,0,0.9999999999999432,-87.39142022938265,True
eegmmidb,S002,data/eegmmidb/S002/S002R02.edf,2,8,16.0,eyes_closed_rest,T0,ds005284,0,1.0,-80.99634917816323,True
eegmmidb,S002,data/eegmmidb/S002/S002R02.edf,2,9,18.0,eyes_closed_rest,T0,ds005284,0,1.0,-47.567562340350435,True
eegmmidb,S002,data/eegmmidb/S002/S002R02.edf,2,10,20.0,eyes_closed_rest,T0,ds005284,0,1.0,-96.4515463470041,True
eegmmidb,S002,data/eegmmidb/S002/S002R02.edf,2,11,22.0,eyes_closed_rest,T0,ds005284,0,1.0,-75.00377703879414,True
eegmmidb,S002,data/eegmmidb/S002/S002R02.edf,2,12,24.0,eyes_closed_rest,T0,ds005284,0,1.0,-65.38195019623709,True
eegmmidb,S002,data/eegmmidb/S002/S002R02.edf,2,13,26.0,eyes_closed_rest,T0,ds005284,0,1.0,-58.01830149128262,True
eegmmidb,S002,data/eegmmidb/S002/S002R02.edf,2,14,28.0,eyes_closed_rest,T0,ds005284,0,1.0,-137.02311872973868,True
eegmmidb,S002,data/eegmmidb/S002/S002R02.edf,2,15,30.0,eyes_closed_rest,T0,ds005284,0,1.0,-90.69857471132698,True
eegmmidb,S002,data/eegmmidb/S002/S002R02.edf,2,16,32.0,eyes_closed_rest,T0,ds005284,0,1.0,-120.06020930579953,True
eegmmidb,S002,data/eegmmidb/S002/S002R02.edf,2,17,34.0,eyes_closed_rest,T0,ds005284,0,1.0,-106.82907175123844,True
eegmmidb,S002,data/eegmmidb/S002/S002R02.edf,2,18,36.0,eyes_closed_rest,T0,ds005284,0,1.0,-66.72541801736696,True
eegmmidb,S002,data/eegmmidb/S002/S002R02.edf,2,19,38.0,eyes_closed_rest,T0,ds005284,0,1.0,-66.63048882509867,True
eegmmidb,S002,data/eegmmidb/S002/S002R02.edf,2,20,40.0,eyes_closed_rest,T0,ds005284,0,1.0,-95.15407015754997,True
eegmmidb,S002,data/eegmmidb/S002/S002R02.edf,2,21,42.0,eyes_closed_rest,T0,ds005284,0,1.0,-63.066961613371056,True
eegmmidb,S002,data/eegmmidb/S002/S002R02.edf,2,22,44.0,eyes_closed_rest,T0,ds005284,0,1.0,-55.20099749022763,True
eegmmidb,S002,data/eegmmidb/S002/S002R02.edf,2,23,46.0,eyes_closed_rest,T0,ds005284,0,1.0,-42.330588403834135,True
eegmmidb,S002,data/eegmmidb/S002/S002R02.edf,2,24,48.0,eyes_closed_rest,T0,ds005284,0,1.0,-84.37973932537054,True
eegmmidb,S002,data/eegmmidb/S002/S002R02.edf,2,25,50.0,eyes_closed_rest,T0,ds005284,0,1.0,-100.13651041752996,True
eegmmidb,S002,data/eegmmidb/S002/S002R02.edf,2,26,52.0,eyes_closed_rest,T0,ds005284,0,1.0,-77.90884319763902,True
eegmmidb,S002,data/eegmmidb/S002/S002R02.edf,2,27,54.0,eyes_closed_rest,T0,ds005284,0,1.0,-52.18535505985646,True
eegmmidb,S002,data/eegmmidb/S002/S002R02.edf,2,28,56.0,eyes_closed_rest,T0,ds005284,0,1.0,-45.08682516830833,True
eegmmidb,S002,data/eegmmidb/S002/S002R02.edf,2,29,58.0,eyes_closed_rest,T0,ds005284,0,1.0,-119.75714963195051,True
eegmmidb,S002,data/eegmmidb/S002/S002R03.edf,2,0,0.0,motor_execution,T0,ds005284,0,1.0,-36.0999723441957,True
eegmmidb,S002,data/eegmmidb/S002/S002R03.edf,2,1,2.0,motor_execution,T0,ds005284,0,0.9999999999997087,-34.94696130049596,False
eegmmidb,S002,data/eegmmidb/S002/S002R03.edf,2,2,4.0,motor_execution,T1,ds005284,0,1.0,-31.893641766756364,False
eegmmidb,S002,data/eegmmidb/S002/S002R03.edf,2,3,6.0,motor_execution,T1,ds005284,0,1.0,-44.10490686422883,True
eegmmidb,S002,data/eegmmidb/S002/S002R03.edf,2,4,10.0,motor_execution,T0,ds005284,0,1.0,-47.33598884242571,True
eegmmidb,S002,data/eegmmidb/S002/S002R03.edf,2,5,12.0,motor_execution,T2,ds005284,0,0.9999999959634707,-41.54257869825412,True
eegmmidb,S002,data/eegmmidb/S002/S002R03.edf,2,6,14.0,motor_execution,T2,ds005284,0,1.0,-44.23571687045852,True
eegmmidb,S002,data/eegmmidb/S002/S002R03.edf,2,7,16.0,motor_execution,T0,ds005284,0,1.0,-37.45041633168032,True
eegmmidb,S002,data/eegmmidb/S002/S002R03.edf,2,8,20.0,motor_execution,T2,ds005284,0,1.0,-36.688158457336385,True
eegmmidb,S002,data/eegmmidb/S002/S002R03.edf,2,9,22.0,motor_execution,T2,ds005284,0,1.0,-38.810945346484296,True
eegmmidb,S002,data/eegmmidb/S002/S002R03.edf,2,10,24.0,motor_execution,T0,ds005284,0,1.0,-41.199073852284805,True
eegmmidb,S002,data/eegmmidb/S002/S002R03.edf,2,11,28.0,motor_execution,T1,ds005284,0,1.0,-36.8629440746437,True
eegmmidb,S002,data/eegmmidb/S002/S002R03.edf,2,12,30.0,motor_execution,T1,ds005284,0,1.0,-34.54275121651815,False
eegmmidb,S002,data/eegmmidb/S002/S002R03.edf,2,13,32.0,motor_execution,T0,ds005284,0,1.0,-37.68045996821504,True
eegmmidb,S002,data/eegmmidb/S002/S002R03.edf,2,14,34.0,motor_execution,T0,ds005284,0,1.0,-51.97312153778829,True
eegmmidb,S002,data/eegmmidb/S002/S002R03.edf,2,15,38.0,motor_execution,T1,ds005284,0,1.0,-40.45447616924209,True
eegmmidb,S002,data/eegmmidb/S002/S002R03.edf,2,16,40.0,motor_execution,T0,ds005284,0,1.0,-45.144349614387714,True
eegmmidb,S002,data/eegmmidb/S002/S002R03.edf,2,17,42.0,motor_execution,T0,ds005284,0,1.0,-44.2990747464532,True
eegmmidb,S002,data/eegmmidb/S002/S002R03.edf,2,18,44.0,motor_execution,T0,ds005284,0,1.0,-48.547786047745056,True
eegmmidb,S002,data/eegmmidb/S002/S002R03.edf,2,19,48.0,motor_execution,T2,ds005284,0,1.0,-46.25078677101054,True
eegmmidb,S002,data/eegmmidb/S002/S002R03.edf,2,20,50.0,motor_execution,T0,ds005284,0,0.9999999999997158,-39.561979406309256,True
eegmmidb,S002,data/eegmmidb/S002/S002R03.edf,2,21,52.0,motor_execution,T0,ds005284,0,1.0,-49.00378675643024,True
eegmmidb,S002,data/eegmmidb/S002/S002R03.edf,2,22,56.0,motor_execution,T2,ds005284,0,1.0,-38.23833076638081,True
eegmmidb,S002,data/eegmmidb/S002/S002R03.edf,2,23,58.0,motor_execution,T0,ds005284,0,0.9970327569400202,-57.14400329900624,True
eegmmidb,S002,data/eegmmidb/S002/S002R03.edf,2,24,60.0,motor_execution,T0,ds005284,0,1.0,-61.317473781449884,True
eegmmidb,S002,data/eegmmidb/S002/S002R03.edf,2,25,62.0,motor_execution,T1,ds005284,0,1.0,-44.98394809900507,True
eegmmidb,S002,data/eegmmidb/S002/S002R03.edf,2,26,66.0,motor_execution,T0,ds005284,0,1.0,-55.29798373348026,True
eegmmidb,S002,data/eegmmidb/S002/S002R03.edf,2,27,68.0,motor_execution,T0,ds005284,0,1.0,-53.110071690175566,True
eegmmidb,S002,data/eegmmidb/S002/S002R03.edf,2,28,70.0,motor_execution,T2,ds005284,0,1.0,-44.31897984318883,True
eegmmidb,S002,data/eegmmidb/S002/S002R03.edf,2,29,74.0,motor_execution,T0,ds005284,0,1.0,-57.02141958412479,True
eegmmidb,S002,data/eegmmidb/S002/S002R03.edf,2,30,76.0,motor_execution,T0,ds005284,0,1.0,-41.290721495479694,True
eegmmidb,S002,data/eegmmidb/S002/S002R03.edf,2,31,78.0,motor_execution,T1,ds005284,0,1.0,-45.588614238991916,True
eegmmidb,S002,data/eegmmidb/S002/S002R03.edf,2,32,80.0,motor_execution,T1,ds005284,0,0.9971305165178186,-36.71071994500708,True
eegmmidb,S002,data/eegmmidb/S002/S002R03.edf,2,33,84.0,motor_execution,T0,ds005284,0,1.0,-55.2045666033894,True
eegmmidb,S002,data/eegmmidb/S002/S002R03.edf,2,34,86.0,motor_execution,T1,ds005284,1,1.0,-28.2802768802892,False
eegmmidb,S002,data/eegmmidb/S002/S002R03.edf,2,35,88.0,motor_execution,T1,ds005284,0,1.0,-45.49534227205016,True
eegmmidb,S002,data/eegmmidb/S002/S002R03.edf,2,36,90.0,motor_execution,T0,ds005284,1,1.0,-33.17512474871371,False
eegmmidb,S002,data/eegmmidb/S002/S002R03.edf,2,37,94.0,motor_execution,T2,ds005284,0,1.0,-69.23522230414832,True
eegmmidb,S002,data/eegmmidb/S002/S002R03.edf,2,38,96.0,motor_execution,T2,ds005284,0,1.0,-58.66910341734789,True
eegmmidb,S002,data/eegmmidb/S002/S002R03.edf,2,39,98.0,motor_execution,T0,ds005284,1,1.0,-56.71305732069835,True
eegmmidb,S002,data/eegmmidb/S002/S002R03.edf,2,40,102.0,motor_execution,T1,ds005284,0,0.9999999999776463,-64.51007446287043,True
eegmmidb,S002,data/eegmmidb/S002/S002R03.edf,2,41,104.0,motor_execution,T1,ds005284,0,0.9999986918993031,-60.86541494914219,True
eegmmidb,S002,data/eegmmidb/S002/S002R03.edf,2,42,106.0,motor_execution,T0,ds005284,0,1.0,-50.62953486827073,True
eegmmidb,S002,data/eegmmidb/S002/S002R03.edf,2,43,108.0,motor_execution,T0,ds005284,1,0.9992625983629743,-75.1690102069019,True
eegmmidb,S002,data/eegmmidb/S002/S002R03.edf,2,44,112.0,motor_execution,T2,ds005284,0,1.0,-40.61357589405417,True
eegmmidb,S002,data/eegmmidb/S002/S002R03.edf,2,45,114.0,motor_execution,T0,ds005284,0,0.9999999999705622,-42.996206645028835,True
eegmmidb,S002,data/eegmmidb/S002/S002R03.edf,2,46,116.0,motor_execution,T0,ds005284,1,1.0,-130.4442120298242,True
eegmmidb,S002,data/eegmmidb/S002/S002R03.edf,2,47,120.0,motor_execution,T1,ds005284,1,1.0,-95.39529107174388,True
eegmmidb,S002,data/eegmmidb/S002/S002R04.edf,2,0,0.0,motor_imagery,T0,ds005284,0,1.0,-36.85974826659623,True
eegmmidb,S002,data/eegmmidb/S002/S002R04.edf,2,1,2.0,motor_imagery,T0,ds005284,0,1.0,-40.25454836376132,True
eegmmidb,S002,data/eegmmidb/S002/S002R04.edf,2,2,4.0,motor_imagery,T1,ds005284,0,1.0,-30.559094870111227,False
eegmmidb,S002,data/eegmmidb/S002/S002R04.edf,2,3,6.0,motor_imagery,T1,ds005284,1,0.999999572052615,-33.94275392153646,False
eegmmidb,S002,data/eegmmidb/S002/S002R04.edf,2,4,10.0,motor_imagery,T0,ds005284,0,0.9999999999988489,-34.65426085827641,False
eegmmidb,S002,data/eegmmidb/S002/S002R04.edf,2,5,12.0,motor_imagery,T2,ds005284,0,1.0,-34.42167210241824,False
eegmmidb,S002,data/eegmmidb/S002/S002R04.edf,2,6,14.0,motor_imagery,T2,ds005284,0,1.0,-36.19546147252492,True
eegmmidb,S002,data/eegmmidb/S002/S002R04.edf,2,7,16.0,motor_imagery,T0,ds005284,0,1.0,-34.933640364026,False
eegmmidb,S002,data/eegmmidb/S002/S002R04.edf,2,8,20.0,motor_imagery,T1,ds005284,0,0.9999999999999645,-28.327075106756165,False
eegmmidb,S002,data/eegmmidb/S002/S002R04.edf,2,9,22.0,motor_imagery,T1,ds005284,0,1.0,-50.221070334662606,True
eegmmidb,S002,data/eegmmidb/S002/S002R04.edf,2,10,24.0,motor_imagery,T0,ds005284,0,1.0,-39.86589017417584,True
eegmmidb,S002,data/eegmmidb/S002/S002R04.edf,2,11,28.0,motor_imagery,T2,ds005284,0,1.0,-35.52147058159628,True
eegmmidb,S002,data/eegmmidb/S002/S002R04.edf,2,12,30.0,motor_imagery,T2,ds005284,0,1.0,-36.81845498527232,True
eegmmidb,S002,data/eegmmidb/S002/S002R04.edf,2,13,32.0,motor_imagery,T0,ds005284,0,0.9930502350675006,-46.449058587922906,True
eegmmidb,S002,data/eegmmidb/S002/S002R04.edf,2,14,34.0,motor_imagery,T0,ds005284,0,1.0,-35.76776549714016,True
eegmmidb,S002,data/eegmmidb/S002/S002R04.edf,2,15,38.0,motor_imagery,T1,ds005284,0,1.0,-31.823958673872365,False
eegmmidb,S002,data/eegmmidb/S002/S002R04.edf,2,16,40.0,motor_imagery,T0,ds005284,0,1.0,-29.45296198397121,False
eegmmidb,S002,data/eegmmidb/S002/S002R04.edf,2,17,42.0,motor_imagery,T0,ds005284,0,1.0,-44.223097707638786,True
eegmmidb,S002,data/eegmmidb/S002/S002R04.edf,2,18,44.0,motor_imagery,T0,ds005284,1,1.0,-32.037588952010886,False
eegmmidb,S002,data/eegmmidb/S002/S002R04.edf,2,19,48.0,motor_imagery,T2,ds005284,0,1.0,-36.70020498019806,True
eegmmidb,S002,data/eegmmidb/S002/S002R04.edf,2,20,50.0,motor_imagery,T0,ds005284,1,1.0,-44.38650537838813,True
eegmmidb,S002,data/eegmmidb/S002/S002R04.edf,2,21,52.0,motor_imagery,T0,ds005284,0,1.0,-33.917435970254026,False
eegmmidb,S002,data/eegmmidb/S002/S002R04.edf,2,22,56.0,motor_imagery,T2,ds005284,0,1.0,-37.67517474907892,True
eegmmidb,S002,data/eegmmidb/S002/S002R04.edf,2,23,58.0,motor_imagery,T0,ds005284,1,1.0,-64.45623516658665,True
eegmmidb,S002,data/eegmmidb/S002/S002R04.edf,2,24,60.0,motor_imagery,T0,ds005284,0,1.0,-40.13823561889857,True
eegmmidb,S002,data/eegmmidb/S002/S002R04.edf,2,25,62.0,motor_imagery,T1,ds005284,0,1.0,-46.45458939365318,True
eegmmidb,S002,data/eegmmidb/S002/S002R04.edf,2,26,66.0,motor_imagery,T0,ds005284,0,1.0,-27.792484314766387,False
eegmmidb,S002,data/eegmmidb/S002/S002R04.edf,2,27,68.0,motor_imagery,T0,ds005284,1,1.0,-58.65163571978936,True
eegmmidb,S002,data/eegmmidb/S002/S002R04.edf,2,28,70.0,motor_imagery,T2,ds005284,0,1.0,-28.980961490602358,False
eegmmidb,S002,data/eegmmidb/S002/S002R04.edf,2,29,74.0,motor_imagery,T0,ds005284,0,1.0,-34.061541447334044,False
eegmmidb,S002,data/eegmmidb/S002/S002R04.edf,2,30,76.0,motor_imagery,T0,ds005284,1,1.0,-28.796912404889405,False
eegmmidb,S002,data/eegmmidb/S002/S002R04.edf,2,31,78.0,motor_imagery,T1,ds005284,0,1.0,-28.803099216766565,False
eegmmidb,S002,data/eegmmidb/S002/S002R04.edf,2,32,80.0,motor_imagery,T1,ds005284,0,1.0,-37.25274086354425,True
eegmmidb,S002,data/eegmmidb/S002/S002R04.edf,2,33,84.0,motor_imagery,T0,ds005284,0,1.0,-33.15572061276155,False
eegmmidb,S002,data/eegmmidb/S002/S002R04.edf,2,34,86.0,motor_imagery,T2,ds005284,0,0.9999999999999964,-28.59995233942694,False
eegmmidb,S002,data/eegmmidb/S002/S002R04.edf,2,35,88.0,motor_imagery,T2,ds005284,0,1.0,-32.0517023786631,False
eegmmidb,S002,data/eegmmidb/S002/S002R04.edf,2,36,90.0,motor_imagery,T0,ds005284,0,1.0,-33.74853442385899,False
eegmmidb,S002,data/eegmmidb/S002/S002R04.edf,2,37,94.0,motor_imagery,T1,ds005284,0,1.0,-31.59439175713563,False
eegmmidb,S002,data/eegmmidb/S002/S002R04.edf,2,38,96.0,motor_imagery,T1,ds005284,0,1.0,-31.355967515107427,False
eegmmidb,S002,data/eegmmidb/S002/S002R04.edf,2,39,98.0,motor_imagery,T0,ds005284,0,0.7554361969638883,-36.803643413653056,True
eegmmidb,S002,data/eegmmidb/S002/S002R04.edf,2,40,102.0,motor_imagery,T2,ds005284,0,1.0,-39.682245562056444,True
eegmmidb,S002,data/eegmmidb/S002/S002R04.edf,2,41,104.0,motor_imagery,T2,ds005284,0,1.0,-35.2354556267103,True
eegmmidb,S002,data/eegmmidb/S002/S002R04.edf,2,42,106.0,motor_imagery,T0,ds005284,0,1.0,-31.44828181608185,False
eegmmidb,S002,data/eegmmidb/S002/S002R04.edf,2,43,108.0,motor_imagery,T0,ds005284,0,0.9999999999999929,-32.13124233318945,False
eegmmidb,S002,data/eegmmidb/S002/S002R04.edf,2,44,112.0,motor_imagery,T1,ds005284,1,0.9999999999852349,-36.64902012141148,True
eegmmidb,S002,data/eegmmidb/S002/S002R04.edf,2,45,114.0,motor_imagery,T0,ds005284,0,0.9999999999962341,-26.625696548535192,False
eegmmidb,S002,data/eegmmidb/S002/S002R04.edf,2,46,116.0,motor_imagery,T0,ds005284,1,1.0,-40.21024387504615,True
eegmmidb,S002,data/eegmmidb/S002/S002R04.edf,2,47,120.0,motor_imagery,T2,ds005284,0,1.0,-28.345576253826597,False
eegmmidb,S002,data/eegmmidb/S002/S002R07.edf,2,0,0.0,motor_execution,T0,ds005284,0,1.0,-41.715924704931275,True
eegmmidb,S002,data/eegmmidb/S002/S002R07.edf,2,1,2.0,motor_execution,T0,ds005284,0,1.0,-52.20771948938256,True
eegmmidb,S002,data/eegmmidb/S002/S002R07.edf,2,2,4.0,motor_execution,T2,ds005284,1,0.9999999999999964,-24.690138947513685,False
eegmmidb,S002,data/eegmmidb/S002/S002R07.edf,2,3,6.0,motor_execution,T2,ds005284,1,0.999999999630127,-28.24807400474281,False
eegmmidb,S002,data/eegmmidb/S002/S002R07.edf,2,4,10.0,motor_execution,T0,ds005284,0,0.9999999997622027,-41.05776186450026,True
eegmmidb,S002,data/eegmmidb/S002/S002R07.edf,2,5,12.0,motor_execution,T1,ds005284,0,1.0,-42.65550305388326,True
eegmmidb,S002,data/eegmmidb/S002/S002R07.edf,2,6,14.0,motor_execution,T1,ds005284,1,1.0,-29.41298549080009,False
eegmmidb,S002,data/eegmmidb/S002/S002R07.edf,2,7,16.0,motor_execution,T0,ds005284,1,0.9999895596995517,-32.47105001298746,False
eegmmidb,S002,data/eegmmidb/S002/S002R07.edf,2,8,20.0,motor_execution,T2,ds005284,0,0.9995655358256396,-30.18733167638912,False
eegmmidb,S002,data/eegmmidb/S002/S002R07.edf,2,9,22.0,motor_execution,T2,ds005284,1,0.9999960966328356,-23.54238269611303,False
eegmmidb,S002,data/eegmmidb/S002/S002R07.edf,2,10,24.0,motor_execution,T0,ds005284,1,0.9999979734310145,-31.189699192437104,False
eegmmidb,S002,data/eegmmidb/S002/S002R07.edf,2,11,28.0,motor_execution,T1,ds005284,0,1.0,-39.505385329669956,True
eegmmidb,S002,data/eegmmidb/S002/S002R07.edf,2,12,30.0,motor_execution,T1,ds005284,0,1.0,-34.35871860134407,False
eegmmidb,S002,data/eegmmidb/S002/S002R07.edf,2,13,32.0,motor_execution,T0,ds005284,0,0.9999493484254591,-28.16347658616382,False
eegmmidb,S002,data/eegmmidb/S002/S002R07.edf,2,14,34.0,motor_execution,T0,ds005284,0,1.0,-40.94295533503776,True
eegmmidb,S002,data/eegmmidb/S002/S002R07.edf,2,15,38.0,motor_execution,T2,ds005284,0,0.969536933083668,-35.76352892712994,True
eegmmidb,S002,data/eegmmidb/S002/S002R07.edf,2,16,40.0,motor_execution,T0,ds005284,0,1.0,-29.64394241302337,False
eegmmidb,S002,data/eegmmidb/S002/S002R07.edf,2,17,42.0,motor_execution,T0,ds005284,0,1.0,-39.567366510791906,True
eegmmidb,S002,data/eegmmidb/S002/S002R07.edf,2,18,44.0,motor_execution,T0,ds005284,0,1.0,-29.34247228483977,False
eegmmidb,S002,data/eegmmidb/S002/S002R07.edf,2,19,48.0,motor_execution,T1,ds005284,0,1.0,-35.62556580444866,True
eegmmidb,S002,data/eegmmidb/S002/S002R07.edf,2,20,50.0,motor_execution,T0,ds005284,1,0.999999962707993,-23.71100847957698,False
eegmmidb,S002,data/eegmmidb/S002/S002R07.edf,2,21,52.0,motor_execution,T0,ds005284,0,1.0,-45.03080038295564,True
eegmmidb,S002,data/eegmmidb/S002/S002R07.edf,2,22,56.0,motor_execution,T1,ds005284,0,1.0,-29.600772150322516,False
eegmmidb,S002,data/eegmmidb/S002/S002R07.edf,2,23,58.0,motor_execution,T0,ds005284,0,1.0,-28.891987610132222,False
eegmmidb,S002,data/eegmmidb/S002/S002R07.edf,2,24,60.0,motor_execution,T0,ds005284,0,1.0,-47.8380198208909,True
eegmmidb,S002,data/eegmmidb/S002/S002R07.edf,2,25,62.0,motor_execution,T2,ds005284,1,0.7951907623135244,-29.420947232666947,False
eegmmidb,S002,data/eegmmidb/S002/S002R07.edf,2,26,66.0,motor_execution,T0,ds005284,0,1.0,-45.041442170778176,True
eegmmidb,S002,data/eegmmidb/S002/S002R07.edf,2,27,68.0,motor_execution,T0,ds005284,0,1.0,-33.99388222702527,False
eegmmidb,S002,data/eegmmidb/S002/S002R07.edf,2,28,70.0,motor_execution,T1,ds005284,0,0.9999716979085386,-26.35262453619729,False
eegmmidb,S002,data/eegmmidb/S002/S002R07.edf,2,29,74.0,motor_execution,T0,ds005284,0,1.0,-28.498628622227276,False
eegmmidb,S002,data/eegmmidb/S002/S002R07.edf,2,30,76.0,motor_execution,T0,ds005284,0,1.0,-36.058610701408135,True
eegmmidb,S002,data/eegmmidb/S002/S002R07.edf,2,31,78.0,motor_execution,T2,ds005284,1,0.9999999499405566,-31.75211707388002,False
eegmmidb,S002,data/eegmmidb/S002/S002R07.edf,2,32,80.0,motor_execution,T2,ds005284,1,1.0,-48.43356561499699,True
eegmmidb,S002,data/eegmmidb/S002/S002R07.edf,2,33,84.0,motor_execution,T0,ds005284,0,1.0,-39.43911741749317,True
eegmmidb,S002,data/eegmmidb/S002/S002R07.edf,2,34,86.0,motor_execution,T1,ds005284,1,0.9999999996278035,-21.458897116156756,False
eegmmidb,S002,data/eegmmidb/S002/S002R07.edf,2,35,88.0,motor_execution,T1,ds005284,1,0.9999647338621905,-24.727083935609237,False
eegmmidb,S002,data/eegmmidb/S002/S002R07.edf,2,36,90.0,motor_execution,T0,ds005284,1,0.9999999884345138,-23.157999747348153,False
eegmmidb,S002,data/eegmmidb/S002/S002R07.edf,2,37,94.0,motor_execution,T2,ds005284,1,0.9999999996231992,-28.26825855302109,False
eegmmidb,S002,data/eegmmidb/S002/S002R07.edf,2,38,96.0,motor_execution,T2,ds005284,1,0.9999999998548716,-31.085085767697905,False
eegmmidb,S002,data/eegmmidb/S002/S002R07.edf,2,39,98.0,motor_execution,T0,ds005284,0,1.0,-112.24672185211412,True
eegmmidb,S002,data/eegmmidb/S002/S002R07.edf,2,40,102.0,motor_execution,T2,ds005284,0,0.9999999995488835,-35.59558127653396,True
eegmmidb,S002,data/eegmmidb/S002/S002R07.edf,2,41,104.0,motor_execution,T2,ds005284,0,1.0,-60.91997080041015,True
eegmmidb,S002,data/eegmmidb/S002/S002R07.edf,2,42,106.0,motor_execution,T0,ds005284,1,0.9999980263866923,-50.98644194947097,True
eegmmidb,S002,data/eegmmidb/S002/S002R07.edf,2,43,108.0,motor_execution,T0,ds005284,0,1.0,-49.877079827888416,True
eegmmidb,S002,data/eegmmidb/S002/S002R07.edf,2,44,112.0,motor_execution,T1,ds005284,1,0.9999590870480746,-29.440727388527183,False
eegmmidb,S002,data/eegmmidb/S002/S002R07.edf,2,45,114.0,motor_execution,T0,ds005284,1,1.0,-25.31968939901744,False
eegmmidb,S002,data/eegmmidb/S002/S002R07.edf,2,46,116.0,motor_execution,T0,ds005284,1,0.999833021897208,-48.36516659547857,True
eegmmidb,S002,data/eegmmidb/S002/S002R07.edf,2,47,120.0,motor_execution,T2,ds005284,0,1.0,-229.94847853320616,True
eegmmidb,S002,data/eegmmidb/S002/S002R08.edf,2,0,0.0,motor_imagery,T0,ds005284,0,1.0,-36.34448524626068,True
eegmmidb,S002,data/eegmmidb/S002/S002R08.edf,2,1,2.0,motor_imagery,T0,ds005284,0,1.0,-50.43550117986899,True
eegmmidb,S002,data/eegmmidb/S002/S002R08.edf,2,2,4.0,motor_imagery,T1,ds005284,0,0.9999999991234674,-27.942638100574026,False
eegmmidb,S002,data/eegmmidb/S002/S002R08.edf,2,3,6.0,motor_imagery,T1,ds005284,0,1.0,-41.069367577303346,True
eegmmidb,S002,data/eegmmidb/S002/S002R08.edf,2,4,10.0,motor_imagery,T0,ds005284,0,1.0,-49.380041811833145,True
eegmmidb,S002,data/eegmmidb/S002/S002R08.edf,2,5,12.0,motor_imagery,T2,ds005284,0,1.0,-38.90436095880994,True
eegmmidb,S002,data/eegmmidb/S002/S002R08.edf,2,6,14.0,motor_imagery,T2,ds005284,0,1.0,-31.849220759082204,False
eegmmidb,S002,data/eegmmidb/S002/S002R08.edf,2,7,16.0,motor_imagery,T0,ds005284,0,1.0,-29.99583406458922,False
eegmmidb,S002,data/eegmmidb/S002/S002R08.edf,2,8,20.0,motor_imagery,T2,ds005284,0,0.9999999994262012,-32.71137372503051,False
eegmmidb,S002,data/eegmmidb/S002/S002R08.edf,2,9,22.0,motor_imagery,T2,ds005284,0,1.0,-30.18637097063608,False
eegmmidb,S002,data/eegmmidb/S002/S002R08.edf,2,10,24.0,motor_imagery,T0,ds005284,0,0.9999999999999929,-41.37847056707568,True
eegmmidb,S002,data/eegmmidb/S002/S002R08.edf,2,11,28.0,motor_imagery,T1,ds005284,0,1.0,-34.701068721899546,False
eegmmidb,S002,data/eegmmidb/S002/S002R08.edf,2,12,30.0,motor_imagery,T1,ds005284,0,1.0,-35.041438612299494,False
eegmmidb,S002,data/eegmmidb/S002/S002R08.edf,2,13,32.0,motor_imagery,T0,ds005284,0,1.0,-33.23100365582531,False
eegmmidb,S002,data/eegmmidb/S002/S002R08.edf,2,14,34.0,motor_imagery,T0,ds005284,0,1.0,-39.85082165490842,True
eegmmidb,S002,data/eegmmidb/S002/S002R08.edf,2,15,38.0,motor_imagery,T2,ds005284,0,1.0,-44.722466004587055,True
eegmmidb,S002,data/eegmmidb/S002/S002R08.edf,2,16,40.0,motor_imagery,T0,ds005284,1,0.9999999995894484,-37.794668355456444,True
eegmmidb,S002,data/eegmmidb/S002/S002R08.edf,2,17,42.0,motor_imagery,T0,ds005284,0,0.9999996386271248,-36.382376278824424,True
eegmmidb,S002,data/eegmmidb/S002/S002R08.edf,2,18,44.0,motor_imagery,T0,ds005284,0,1.0,-34.48475190376919,False
eegmmidb,S002,data/eegmmidb/S002/S002R08.edf,2,19,48.0,motor_imagery,T1,ds005284,0,1.0,-42.87477840240633,True
eegmmidb,S002,data/eegmmidb/S002/S002R08.edf,2,20,50.0,motor_imagery,T0,ds005284,0,1.0,-39.24685930984095,True
eegmmidb,S002,data/eegmmidb/S002/S002R08.edf,2,21,52.0,motor_imagery,T0,ds005284,0,1.0,-33.047214304429964,False
eegmmidb,S002,data/eegmmidb/S002/S002R08.edf,2,22,56.0,motor_imagery,T2,ds005284,0,1.0,-35.79968220799778,True
eegmmidb,S002,data/eegmmidb/S002/S002R08.edf,2,23,58.0,motor_imagery,T0,ds005284,0,1.0,-34.74495223526372,False
eegmmidb,S002,data/eegmmidb/S002/S002R08.edf,2,24,60.0,motor_imagery,T0,ds005284,0,1.0,-46.37987673464217,True
eegmmidb,S002,data/eegmmidb/S002/S002R08.edf,2,25,62.0,motor_imagery,T1,ds005284,0,1.0,-28.126382626470733,False
eegmmidb,S002,data/eegmmidb/S002/S002R08.edf,2,26,66.0,motor_imagery,T0,ds005284,1,0.9706034835338344,-41.22024451681789,True
eegmmidb,S002,data/eegmmidb/S002/S002R08.edf,2,27,68.0,motor_imagery,T0,ds005284,0,1.0,-43.39302938355059,True
eegmmidb,S002,data/eegmmidb/S002/S002R08.edf,2,28,70.0,motor_imagery,T2,ds005284,1,0.7262945027096146,-36.263643966770715,True
eegmmidb,S002,data/eegmmidb/S002/S002R08.edf,2,29,74.0,motor_imagery,T0,ds005284,0,1.0,-30.673630263175124,False
eegmmidb,S002,data/eegmmidb/S002/S002R08.edf,2,30,76.0,motor_imagery,T0,ds005284,0,1.0,-44.607927471431346,True
eegmmidb,S002,data/eegmmidb/S002/S002R08.edf,2,31,78.0,motor_imagery,T1,ds005284,0,1.0,-31.236677085517893,False
eegmmidb,S002,data/eegmmidb/S002/S002R08.edf,2,32,80.0,motor_imagery,T1,ds005284,0,1.0,-40.22678605975691,True
eegmmidb,S002,data/eegmmidb/S002/S002R08.edf,2,33,84.0,motor_imagery,T0,ds005284,1,1.0,-76.70971255757826,True
eegmmidb,S002,data/eegmmidb/S002/S002R08.edf,2,34,86.0,motor_imagery,T2,ds005284,1,0.9969315779834871,-61.366180055503655,True
eegmmidb,S002,data/eegmmidb/S002/S002R08.edf,2,35,88.0,motor_imagery,T2,ds005284,0,1.0,-31.90237306820085,False
eegmmidb,S002,data/eegmmidb/S002/S002R08.edf,2,36,90.0,motor_imagery,T0,ds005284,1,0.9939122244905176,-28.195506855270118,False
eegmmidb,S002,data/eegmmidb/S002/S002R08.edf,2,37,94.0,motor_imagery,T1,ds005284,1,0.9999999999999005,-36.81341408712084,True
eegmmidb,S002,data/eegmmidb/S002/S002R08.edf,2,38,96.0,motor_imagery,T1,ds005284,0,1.0,-34.39506167630615,False
eegmmidb,S002,data/eegmmidb/S002/S002R08.edf,2,39,98.0,motor_imagery,T0,ds005284,0,1.0,-35.95055777565103,True
eegmmidb,S002,data/eegmmidb/S002/S002R08.edf,2,40,102.0,motor_imagery,T1,ds005284,0,0.9999999999999964,-25.537306057724592,False
eegmmidb,S002,data/eegmmidb/S002/S002R08.edf,2,41,104.0,motor_imagery,T1,ds005284,0,1.0,-34.88250965762155,False
eegmmidb,S002,data/eegmmidb/S002/S002R08.edf,2,42,106.0,motor_imagery,T0,ds005284,0,0.9912608468008623,-42.534931830219826,True
eegmmidb,S002,data/eegmmidb/S002/S002R08.edf,2,43,108.0,motor_imagery,T0,ds005284,0,0.9999999999999929,-34.365503554531884,False
eegmmidb,S002,data/eegmmidb/S002/S002R08.edf,2,44,112.0,motor_imagery,T2,ds005284,0,1.0,-32.19493552584864,False
eegmmidb,S002,data/eegmmidb/S002/S002R08.edf,2,45,114.0,motor_imagery,T0,ds005284,0,0.9999999999999929,-32.22335536260992,False
eegmmidb,S002,data/eegmmidb/S002/S002R08.edf,2,46,116.0,motor_imagery,T0,ds005284,1,0.9999999999995808,-43.165050133697505,True
eegmmidb,S002,data/eegmmidb/S002/S002R08.edf,2,47,120.0,motor_imagery,T1,ds005284,0,1.0,-32.71720686617045,False
eegmmidb,S002,data/eegmmidb/S002/S002R11.edf,2,0,0.0,motor_execution,T0,ds005284,0,0.9999981223061816,-26.73512282706027,False
eegmmidb,S002,data/eegmmidb/S002/S002R11.edf,2,1,2.0,motor_execution,T0,ds005284,0,1.0,-34.63133539149591,False
eegmmidb,S002,data/eegmmidb/S002/S002R11.edf,2,2,4.0,motor_execution,T2,ds005284,1,0.9951260199629588,-26.975015730349888,False
eegmmidb,S002,data/eegmmidb/S002/S002R11.edf,2,3,6.0,motor_execution,T2,ds005284,0,0.9999999998892406,-24.203904504698503,False
eegmmidb,S002,data/eegmmidb/S002/S002R11.edf,2,4,10.0,motor_execution,T0,ds005284,0,1.0,-33.60428819941682,False
eegmmidb,S002,data/eegmmidb/S002/S002R11.edf,2,5,12.0,motor_execution,T1,ds005284,0,0.9999999982943706,-23.746306198063852,False
eegmmidb,S002,data/eegmmidb/S002/S002R11.edf,2,6,14.0,motor_execution,T1,ds005284,0,0.9999995051751699,-27.975359189689076,False
eegmmidb,S002,data/eegmmidb/S002/S002R11.edf,2,7,16.0,motor_execution,T0,ds005284,0,1.0,-46.66533051015725,True
eegmmidb,S002,data/eegmmidb/S002/S002R11.edf,2,8,20.0,motor_execution,T1,ds005284,0,0.9999999999999929,-41.70162125856105,True
eegmmidb,S002,data/eegmmidb/S002/S002R11.edf,2,9,22.0,motor_execution,T1,ds005284,0,1.0,-28.279333304576074,False
eegmmidb,S002,data/eegmmidb/S002/S002R11.edf,2,10,24.0,motor_execution,T0,ds005284,0,1.0,-45.781686436824344,True
eegmmidb,S002,data/eegmmidb/S002/S002R11.edf,2,11,28.0,motor_execution,T2,ds005284,0,1.0,-33.897851713342185,False
eegmmidb,S002,data/eegmmidb/S002/S002R11.edf,2,12,30.0,motor_execution,T2,ds005284,0,1.0,-29.790636396005826,False
eegmmidb,S002,data/eegmmidb/S002/S002R11.edf,2,13,32.0,motor_execution,T0,ds005284,0,1.0,-28.75841728132301,False
eegmmidb,S002,data/eegmmidb/S002/S002R11.edf,2,14,34.0,motor_execution,T0,ds005284,0,0.9999996902138886,-35.542371771106,True
eegmmidb,S002,data/eegmmidb/S002/S002R11.edf,2,15,38.0,motor_execution,T1,ds005284,1,0.9987791044547343,-38.71055046358027,True
eegmmidb,S002,data/eegmmidb/S002/S002R11.edf,2,16,40.0,motor_execution,T0,ds005284,1,0.9999817096022265,-33.892453119945564,False
eegmmidb,S002,data/eegmmidb/S002/S002R11.edf,2,17,42.0,motor_execution,T0,ds005284,0,1.0,-42.313025820313115,True
eegmmidb,S002,data/eegmmidb/S002/S002R11.edf,2,18,44.0,motor_execution,T0,ds005284,0,1.0,-36.277090679790305,True
eegmmidb,S002,data/eegmmidb/S002/S002R11.edf,2,19,48.0,motor_execution,T2,ds005284,0,1.0,-28.9583467024185,False
eegmmidb,S002,data/eegmmidb/S002/S002R11.edf,2,20,50.0,motor_execution,T0,ds005284,0,1.0,-39.549404118382014,True
eegmmidb,S002,data/eegmmidb/S002/S002R11.edf,2,21,52.0,motor_execution,T0,ds005284,1,1.0,-42.81369301199131,True
eegmmidb,S002,data/eegmmidb/S002/S002R11.edf,2,22,56.0,motor_execution,T2,ds005284,0,1.0,-33.93853897198469,False
eegmmidb,S002,data/eegmmidb/S002/S002R11.edf,2,23,58.0,motor_execution,T0,ds005284,0,1.0,-34.12768501819233,False
eegmmidb,S002,data/eegmmidb/S002/S002R11.edf,2,24,60.0,motor_execution,T0,ds005284,0,0.9999986824189844,-41.436294847991945,True
eegmmidb,S002,data/eegmmidb/S002/S002R11.edf,2,25,62.0,motor_execution,T1,ds005284,0,1.0,-40.51353240577779,True
eegmmidb,S002,data/eegmmidb/S002/S002R11.edf,2,26,66.0,motor_execution,T0,ds005284,0,1.0,-40.330956805546144,True
eegmmidb,S002,data/eegmmidb/S002/S002R11.edf,2,27,68.0,motor_execution,T0,ds005284,0,1.0,-36.67049579722436,True
eegmmidb,S002,data/eegmmidb/S002/S002R11.edf,2,28,70.0,motor_execution,T1,ds005284,1,1.0,-33.79882491001535,False
eegmmidb,S002,data/eegmmidb/S002/S002R11.edf,2,29,74.0,motor_execution,T0,ds005284,0,1.0,-43.05950297381478,True
eegmmidb,S002,data/eegmmidb/S002/S002R11.edf,2,30,76.0,motor_execution,T0,ds005284,0,1.0,-37.628574247928846,True
eegmmidb,S002,data/eegmmidb/S002/S002R11.edf,2,31,78.0,motor_execution,T2,ds005284,0,1.0,-30.99831804643995,False
eegmmidb,S002,data/eegmmidb/S002/S002R11.edf,2,32,80.0,motor_execution,T2,ds005284,0,1.0,-32.2180821287354,False
eegmmidb,S002,data/eegmmidb/S002/S002R11.edf,2,33,84.0,motor_execution,T0,ds005284,0,1.0,-39.07650827927637,True
eegmmidb,S002,data/eegmmidb/S002/S002R11.edf,2,34,86.0,motor_execution,T1,ds005284,0,1.0,-37.13007760536953,True
eegmmidb,S002,data/eegmmidb/S002/S002R11.edf,2,35,88.0,motor_execution,T1,ds005284,0,1.0,-203.3695208754722,True
eegmmidb,S002,data/eegmmidb/S002/S002R11.edf,2,36,90.0,motor_execution,T0,ds005284,1,1.0,-164.19177975404511,True
eegmmidb,S002,data/eegmmidb/S002/S002R11.edf,2,37,94.0,motor_execution,T2,ds005284,0,0.9999999999987921,-38.576233056890324,True
eegmmidb,S002,data/eegmmidb/S002/S002R11.edf,2,38,96.0,motor_execution,T2,ds005284,0,1.0,-41.12631056935845,True
eegmmidb,S002,data/eegmmidb/S002/S002R11.edf,2,39,98.0,motor_execution,T0,ds005284,0,1.0,-52.53658576763993,True
eegmmidb,S002,data/eegmmidb/S002/S002R11.edf,2,40,102.0,motor_execution,T2,ds005284,1,0.6938226515607104,-34.56588834909432,False
eegmmidb,S002,data/eegmmidb/S002/S002R11.edf,2,41,104.0,motor_execution,T2,ds005284,0,1.0,-22.838952551656742,False
eegmmidb,S002,data/eegmmidb/S002/S002R11.edf,2,42,106.0,motor_execution,T0,ds005284,0,1.0,-41.60762511791804,True
eegmmidb,S002,data/eegmmidb/S002/S002R11.edf,2,43,108.0,motor_execution,T0,ds005284,1,0.7646425259105276,-48.62552459295799,True
eegmmidb,S002,data/eegmmidb/S002/S002R11.edf,2,44,112.0,motor_execution,T1,ds005284,0,1.0,-244.379612504775,True
eegmmidb,S002,data/eegmmidb/S002/S002R11.edf,2,45,114.0,motor_execution,T0,ds005284,0,1.0,-78.85772168246382,True
eegmmidb,S002,data/eegmmidb/S002/S002R11.edf,2,46,116.0,motor_execution,T0,ds005284,0,1.0,-47.4998188051161,True
eegmmidb,S002,data/eegmmidb/S002/S002R11.edf,2,47,120.0,motor_execution,T1,ds005284,0,0.9989514935126335,-57.66894015389562,True
eegmmidb,S002,data/eegmmidb/S002/S002R12.edf,2,0,0.0,motor_imagery,T0,ds005284,0,0.9999999999964047,-61.971188260411274,True
eegmmidb,S002,data/eegmmidb/S002/S002R12.edf,2,1,2.0,motor_imagery,T0,ds005284,0,1.0,-47.706038477852644,True
eegmmidb,S002,data/eegmmidb/S002/S002R12.edf,2,2,4.0,motor_imagery,T1,ds005284,0,1.0,-38.46836733172792,True
eegmmidb,S002,data/eegmmidb/S002/S002R12.edf,2,3,6.0,motor_imagery,T1,ds005284,0,1.0,-38.38208095624628,True
eegmmidb,S002,data/eegmmidb/S002/S002R12.edf,2,4,10.0,motor_imagery,T0,ds005284,0,1.0,-39.97941146222788,True
eegmmidb,S002,data/eegmmidb/S002/S002R12.edf,2,5,12.0,motor_imagery,T2,ds005284,0,1.0,-41.62919274588997,True
eegmmidb,S002,data/eegmmidb/S002/S002R12.edf,2,6,14.0,motor_imagery,T2,ds005284,0,1.0,-38.3632417077298,True
eegmmidb,S002,data/eegmmidb/S002/S002R12.edf,2,7,16.0,motor_imagery,T0,ds005284,0,1.0,-34.7815450631612,False
eegmmidb,S002,data/eegmmidb/S002/S002R12.edf,2,8,20.0,motor_imagery,T2,ds005284,0,0.9999999999999645,-30.84945381238961,False
eegmmidb,S002,data/eegmmidb/S002/S002R12.edf,2,9,22.0,motor_imagery,T2,ds005284,0,1.0,-28.969931769341297,False
eegmmidb,S002,data/eegmmidb/S002/S002R12.edf,2,10,24.0,motor_imagery,T0,ds005284,0,1.0,-30.259519229932952,False
eegmmidb,S002,data/eegmmidb/S002/S002R12.edf,2,11,28.0,motor_imagery,T1,ds005284,0,1.0,-35.65689709178921,True
eegmmidb,S002,data/eegmmidb/S002/S002R12.edf,2,12,30.0,motor_imagery,T1,ds005284,0,1.0,-29.524377210011696,False
eegmmidb,S002,data/eegmmidb/S002/S002R12.edf,2,13,32.0,motor_imagery,T0,ds005284,0,1.0,-34.31993262336719,False
eegmmidb,S002,data/eegmmidb/S002/S002R12.edf,2,14,34.0,motor_imagery,T0,ds005284,1,0.9999999999987637,-50.23182669008426,True
eegmmidb,S002,data/eegmmidb/S002/S002R12.edf,2,15,38.0,motor_imagery,T2,ds005284,0,1.0,-28.263709026864387,False
eegmmidb,S002,data/eegmmidb/S002/S002R12.edf,2,16,40.0,motor_imagery,T0,ds005284,0,1.0,-29.202947292929128,False
eegmmidb,S002,data/eegmmidb/S002/S002R12.edf,2,17,42.0,motor_imagery,T0,ds005284,0,1.0,-30.51535412001905,False
eegmmidb,S002,data/eegmmidb/S002/S002R12.edf,2,18,44.0,motor_imagery,T0,ds005284,0,1.0,-34.862679047887006,False
eegmmidb,S002,data/eegmmidb/S002/S002R12.edf,2,19,48.0,motor_imagery,T1,ds005284,0,1.0,-36.063956257434285,True
eegmmidb,S002,data/eegmmidb/S002/S002R12.edf,2,20,50.0,motor_imagery,T0,ds005284,0,1.0,-42.31604029873864,True
eegmmidb,S002,data/eegmmidb/S002/S002R12.edf,2,21,52.0,motor_imagery,T0,ds005284,0,1.0,-36.32087167949787,True
eegmmidb,S002,data/eegmmidb/S002/S002R12.edf,2,22,56.0,motor_imagery,T1,ds005284,0,1.0,-37.983832145609064,True
eegmmidb,S002,data/eegmmidb/S002/S002R12.edf,2,23,58.0,motor_imagery,T0,ds005284,1,1.0,-30.88661546617891,False
eegmmidb,S002,data/eegmmidb/S002/S002R12.edf,2,24,60.0,motor_imagery,T0,ds005284,0,1.0,-108.74158655959681,True
eegmmidb,S002,data/eegmmidb/S002/S002R12.edf,2,25,62.0,motor_imagery,T2,ds005284,0,1.0,-52.961189036371316,True
eegmmidb,S002,data/eegmmidb/S002/S002R12.edf,2,26,66.0,motor_imagery,T0,ds005284,0,0.9999999999687788,-32.68353817819614,False
eegmmidb,S002,data/eegmmidb/S002/S002R12.edf,2,27,68.0,motor_imagery,T0,ds005284,1,1.0,-49.73094512078417,True
eegmmidb,S002,data/eegmmidb/S002/S002R12.edf,2,28,70.0,motor_imagery,T2,ds005284,0,1.0,-42.80948641182282,True
eegmmidb,S002,data/eegmmidb/S002/S002R12.edf,2,29,74.0,motor_imagery,T0,ds005284,1,1.0,-27.42242741077373,False
eegmmidb,S002,data/eegmmidb/S002/S002R12.edf,2,30,76.0,motor_imagery,T0,ds005284,0,1.0,-37.66455482277008,True
eegmmidb,S002,data/eegmmidb/S002/S002R12.edf,2,31,78.0,motor_imagery,T1,ds005284,0,1.0,-38.656364620323,True
eegmmidb,S002,data/eegmmidb/S002/S002R12.edf,2,32,80.0,motor_imagery,T1,ds005284,0,1.0,-35.669467619651535,True
eegmmidb,S002,data/eegmmidb/S002/S002R12.edf,2,33,84.0,motor_imagery,T0,ds005284,1,0.9999129231678634,-74.9092542700708,True
eegmmidb,S002,data/eegmmidb/S002/S002R12.edf,2,34,86.0,motor_imagery,T2,ds005284,0,1.0,-59.057841114220004,True
eegmmidb,S002,data/eegmmidb/S002/S002R12.edf,2,35,88.0,motor_imagery,T2,ds005284,0,1.0,-54.716264744712085,True
eegmmidb,S002,data/eegmmidb/S002/S002R12.edf,2,36,90.0,motor_imagery,T0,ds005284,0,1.0,-75.57957147077028,True
eegmmidb,S002,data/eegmmidb/S002/S002R12.edf,2,37,94.0,motor_imagery,T1,ds005284,0,1.0,-34.5235784328712,False
eegmmidb,S002,data/eegmmidb/S002/S002R12.edf,2,38,96.0,motor_imagery,T1,ds005284,1,0.9957797748747893,-50.0077491683827,True
eegmmidb,S002,data/eegmmidb/S002/S002R12.edf,2,39,98.0,motor_imagery,T0,ds005284,0,1.0,-34.0727943564437,False
eegmmidb,S002,data/eegmmidb/S002/S002R12.edf,2,40,102.0,motor_imagery,T1,ds005284,0,1.0,-27.522423111844684,False
eegmmidb,S002,data/eegmmidb/S002/S002R12.edf,2,41,104.0,motor_imagery,T1,ds005284,0,1.0,-42.0994148506501,True
eegmmidb,S002,data/eegmmidb/S002/S002R12.edf,2,42,106.0,motor_imagery,T0,ds005284,1,1.0,-27.95585579868689,False
eegmmidb,S002,data/eegmmidb/S002/S002R12.edf,2,43,108.0,motor_imagery,T0,ds005284,0,1.0,-38.57492400743548,True
eegmmidb,S002,data/eegmmidb/S002/S002R12.edf,2,44,112.0,motor_imagery,T2,ds005284,0,1.0,-33.22157937547312,False
eegmmidb,S002,data/eegmmidb/S002/S002R12.edf,2,45,114.0,motor_imagery,T0,ds005284,1,1.0,-40.5677941996245,True
eegmmidb,S002,data/eegmmidb/S002/S002R12.edf,2,46,116.0,motor_imagery,T0,ds005284,0,1.0,-45.1216770830251,True
eegmmidb,S002,data/eegmmidb/S002/S002R12.edf,2,47,120.0,motor_imagery,T1,ds005284,0,0.9999999999994458,-49.11835530649727,True
eegmmidb,S003,data/eegmmidb/S003/S003R01.edf,2,0,0.0,eyes_open_rest,T0,ds005284,1,1.0,-66.63586970695067,True
eegmmidb,S003,data/eegmmidb/S003/S003R01.edf,2,1,2.0,eyes_open_rest,T0,ds005284,1,1.0,-70.57971410476628,True
eegmmidb,S003,data/eegmmidb/S003/S003R01.edf,2,2,4.0,eyes_open_rest,T0,ds005284,1,1.0,-52.26357822204579,True
eegmmidb,S003,data/eegmmidb/S003/S003R01.edf,2,3,6.0,eyes_open_rest,T0,ds005284,1,1.0,-49.599918323268916,True
eegmmidb,S003,data/eegmmidb/S003/S003R01.edf,2,4,8.0,eyes_open_rest,T0,ds005284,1,1.0,-61.17297523594362,True
eegmmidb,S003,data/eegmmidb/S003/S003R01.edf,2,5,10.0,eyes_open_rest,T0,ds005284,1,1.0,-52.36633063425523,True
eegmmidb,S003,data/eegmmidb/S003/S003R01.edf,2,6,12.0,eyes_open_rest,T0,ds005284,1,1.0,-63.623588808327604,True
eegmmidb,S003,data/eegmmidb/S003/S003R01.edf,2,7,14.0,eyes_open_rest,T0,ds005284,1,1.0,-61.36168255624818,True
eegmmidb,S003,data/eegmmidb/S003/S003R01.edf,2,8,16.0,eyes_open_rest,T0,ds005284,1,1.0,-82.42506579778694,True
eegmmidb,S003,data/eegmmidb/S003/S003R01.edf,2,9,18.0,eyes_open_rest,T0,ds005284,1,1.0,-72.47241107159263,True
eegmmidb,S003,data/eegmmidb/S003/S003R01.edf,2,10,20.0,eyes_open_rest,T0,ds005284,1,1.0,-61.419799018278475,True
eegmmidb,S003,data/eegmmidb/S003/S003R01.edf,2,11,22.0,eyes_open_rest,T0,ds005284,1,1.0,-72.79835251847757,True
eegmmidb,S003,data/eegmmidb/S003/S003R01.edf,2,12,24.0,eyes_open_rest,T0,ds005284,1,1.0,-56.53731611217139,True
eegmmidb,S003,data/eegmmidb/S003/S003R01.edf,2,13,26.0,eyes_open_rest,T0,ds005284,1,0.9999999999995453,-73.38254130659564,True
eegmmidb,S003,data/eegmmidb/S003/S003R01.edf,2,14,28.0,eyes_open_rest,T0,ds005284,1,1.0,-63.07014866300866,True
eegmmidb,S003,data/eegmmidb/S003/S003R01.edf,2,15,30.0,eyes_open_rest,T0,ds005284,1,1.0,-52.24742931392528,True
eegmmidb,S003,data/eegmmidb/S003/S003R01.edf,2,16,32.0,eyes_open_rest,T0,ds005284,1,1.0,-55.15820302772348,True
eegmmidb,S003,data/eegmmidb/S003/S003R01.edf,2,17,34.0,eyes_open_rest,T0,ds005284,1,1.0,-60.90186905222294,True
eegmmidb,S003,data/eegmmidb/S003/S003R01.edf,2,18,36.0,eyes_open_rest,T0,ds005284,1,1.0,-46.19491572554484,True
eegmmidb,S003,data/eegmmidb/S003/S003R01.edf,2,19,38.0,eyes_open_rest,T0,ds005284,1,1.0,-55.30038169735838,True
eegmmidb,S003,data/eegmmidb/S003/S003R01.edf,2,20,40.0,eyes_open_rest,T0,ds005284,1,1.0,-53.45483052280958,True
eegmmidb,S003,data/eegmmidb/S003/S003R01.edf,2,21,42.0,eyes_open_rest,T0,ds005284,1,1.0,-65.76185188447326,True
eegmmidb,S003,data/eegmmidb/S003/S003R01.edf,2,22,44.0,eyes_open_rest,T0,ds005284,1,1.0,-57.23639353871378,True
eegmmidb,S003,data/eegmmidb/S003/S003R01.edf,2,23,46.0,eyes_open_rest,T0,ds005284,1,1.0,-48.11278572391351,True
eegmmidb,S003,data/eegmmidb/S003/S003R01.edf,2,24,48.0,eyes_open_rest,T0,ds005284,1,1.0,-49.61544713191574,True
eegmmidb,S003,data/eegmmidb/S003/S003R01.edf,2,25,50.0,eyes_open_rest,T0,ds005284,1,1.0,-53.902722692908135,True
eegmmidb,S003,data/eegmmidb/S003/S003R01.edf,2,26,52.0,eyes_open_rest,T0,ds005284,1,1.0,-55.60621290982138,True
eegmmidb,S003,data/eegmmidb/S003/S003R01.edf,2,27,54.0,eyes_open_rest,T0,ds005284,1,1.0,-53.344861687735104,True
eegmmidb,S003,data/eegmmidb/S003/S003R01.edf,2,28,56.0,eyes_open_rest,T0,ds005284,1,1.0,-48.68083721827065,True
eegmmidb,S003,data/eegmmidb/S003/S003R01.edf,2,29,58.0,eyes_open_rest,T0,ds005284,1,1.0,-44.05968500839764,True
eegmmidb,S003,data/eegmmidb/S003/S003R02.edf,2,0,0.0,eyes_closed_rest,T0,ds005284,1,1.0,-165.7813825370897,True
eegmmidb,S003,data/eegmmidb/S003/S003R02.edf,2,1,2.0,eyes_closed_rest,T0,ds005284,1,1.0,-165.04680997689326,True
eegmmidb,S003,data/eegmmidb/S003/S003R02.edf,2,2,4.0,eyes_closed_rest,T0,ds005284,1,1.0,-136.96737168629778,True
eegmmidb,S003,data/eegmmidb/S003/S003R02.edf,2,3,6.0,eyes_closed_rest,T0,ds005284,1,1.0,-118.29625012243588,True
eegmmidb,S003,data/eegmmidb/S003/S003R02.edf,2,4,8.0,eyes_closed_rest,T0,ds005284,1,1.0,-99.74411864594376,True
eegmmidb,S003,data/eegmmidb/S003/S003R02.edf,2,5,10.0,eyes_closed_rest,T0,ds005284,1,1.0,-152.19902213083088,True
eegmmidb,S003,data/eegmmidb/S003/S003R02.edf,2,6,12.0,eyes_closed_rest,T0,ds005284,1,0.7997178265296393,-157.17721579648494,True
eegmmidb,S003,data/eegmmidb/S003/S003R02.edf,2,7,14.0,eyes_closed_rest,T0,ds005284,1,0.9999999912840849,-175.97540996052317,True
eegmmidb,S003,data/eegmmidb/S003/S003R02.edf,2,8,16.0,eyes_closed_rest,T0,ds005284,1,1.0,-157.4333653443561,True
eegmmidb,S003,data/eegmmidb/S003/S003R02.edf,2,9,18.0,eyes_closed_rest,T0,ds005284,1,0.9999999999947704,-171.92715124340805,True
eegmmidb,S003,data/eegmmidb/S003/S003R02.edf,2,10,20.0,eyes_closed_rest,T0,ds005284,1,0.9999999491320479,-134.52252447068852,True
eegmmidb,S003,data/eegmmidb/S003/S003R02.edf,2,11,22.0,eyes_closed_rest,T0,ds005284,1,1.0,-43.25422774890259,True
eegmmidb,S003,data/eegmmidb/S003/S003R02.edf,2,12,24.0,eyes_closed_rest,T0,ds005284,1,1.0,-89.48852405794847,True
eegmmidb,S003,data/eegmmidb/S003/S003R02.edf,2,13,26.0,eyes_closed_rest,T0,ds005284,1,1.0,-196.29613624947154,True
eegmmidb,S003,data/eegmmidb/S003/S003R02.edf,2,14,28.0,eyes_closed_rest,T0,ds005284,1,1.0,-154.7131816247113,True
eegmmidb,S003,data/eegmmidb/S003/S003R02.edf,2,15,30.0,eyes_closed_rest,T0,ds005284,1,1.0,-189.6589505668254,True
eegmmidb,S003,data/eegmmidb/S003/S003R02.edf,2,16,32.0,eyes_closed_rest,T0,ds005284,1,1.0,-203.5172286671165,True
eegmmidb,S003,data/eegmmidb/S003/S003R02.edf,2,17,34.0,eyes_closed_rest,T0,ds005284,1,1.0,-195.08266376625141,True
eegmmidb,S003,data/eegmmidb/S003/S003R02.edf,2,18,36.0,eyes_closed_rest,T0,ds005284,1,0.9999999999997726,-98.47267361021719,True
eegmmidb,S003,data/eegmmidb/S003/S003R02.edf,2,19,38.0,eyes_closed_rest,T0,ds005284,1,1.0,-77.30659513683031,True
eegmmidb,S003,data/eegmmidb/S003/S003R02.edf,2,20,40.0,eyes_closed_rest,T0,ds005284,1,1.0,-42.370492170166834,True
eegmmidb,S003,data/eegmmidb/S003/S003R02.edf,2,21,42.0,eyes_closed_rest,T0,ds005284,1,0.9999999999999787,-44.44181761468446,True
eegmmidb,S003,data/eegmmidb/S003/S003R02.edf,2,22,44.0,eyes_closed_rest,T0,ds005284,1,1.0,-44.82926971136418,True
eegmmidb,S003,data/eegmmidb/S003/S003R02.edf,2,23,46.0,eyes_closed_rest,T0,ds005284,1,1.0,-40.02635013790931,True
eegmmidb,S003,data/eegmmidb/S003/S003R02.edf,2,24,48.0,eyes_closed_rest,T0,ds005284,1,1.0,-70.38228269549421,True
eegmmidb,S003,data/eegmmidb/S003/S003R02.edf,2,25,50.0,eyes_closed_rest,T0,ds005284,1,1.0,-140.37286997311332,True
eegmmidb,S003,data/eegmmidb/S003/S003R02.edf,2,26,52.0,eyes_closed_rest,T0,ds005284,1,1.0,-189.99912126938358,True
eegmmidb,S003,data/eegmmidb/S003/S003R02.edf,2,27,54.0,eyes_closed_rest,T0,ds005284,1,1.0,-99.99981676421405,True
eegmmidb,S003,data/eegmmidb/S003/S003R02.edf,2,28,56.0,eyes_closed_rest,T0,ds005284,1,0.9999999999999716,-240.08149833387043,True
eegmmidb,S003,data/eegmmidb/S003/S003R02.edf,2,29,58.0,eyes_closed_rest,T0,ds005284,1,1.0,-195.93753824772506,True
eegmmidb,S003,data/eegmmidb/S003/S003R03.edf,2,0,0.0,motor_execution,T0,ds005284,1,0.8862145162851911,-46.20704469534046,True
eegmmidb,S003,data/eegmmidb/S003/S003R03.edf,2,1,2.0,motor_execution,T0,ds005284,1,1.0,-53.10881182061352,True
eegmmidb,S003,data/eegmmidb/S003/S003R03.edf,2,2,4.0,motor_execution,T2,ds005284,1,0.9999992404076792,-48.158170045175744,True
eegmmidb,S003,data/eegmmidb/S003/S003R03.edf,2,3,6.0,motor_execution,T2,ds005284,1,1.0,-46.84569507561718,True
eegmmidb,S003,data/eegmmidb/S003/S003R03.edf,2,4,10.0,motor_execution,T0,ds005284,1,1.0,-45.872342278417825,True
eegmmidb,S003,data/eegmmidb/S003/S003R03.edf,2,5,12.0,motor_execution,T1,ds005284,1,1.0,-28.27866616402686,False
eegmmidb,S003,data/eegmmidb/S003/S003R03.edf,2,6,14.0,motor_execution,T1,ds005284,1,1.0,-35.874101038072084,True
eegmmidb,S003,data/eegmmidb/S003/S003R03.edf,2,7,18.0,motor_execution,T0,ds005284,1,1.0,-40.806150055642284,True
eegmmidb,S003,data/eegmmidb/S003/S003R03.edf,2,8,20.0,motor_execution,T2,ds005284,1,1.0,-65.8915618610458,True
eegmmidb,S003,data/eegmmidb/S003/S003R03.edf,2,9,22.0,motor_execution,T2,ds005284,0,0.9999990968163772,-42.72253791306887,True
eegmmidb,S003,data/eegmmidb/S003/S003R03.edf,2,10,24.0,motor_execution,T0,ds005284,1,1.0,-42.052355293344256,True
eegmmidb,S003,data/eegmmidb/S003/S003R03.edf,2,11,28.0,motor_execution,T0,ds005284,1,1.0,-49.14571241871828,True
eegmmidb,S003,data/eegmmidb/S003/S003R03.edf,2,12,30.0,motor_execution,T1,ds005284,1,0.9998775578152005,-59.84901518026796,True
eegmmidb,S003,data/eegmmidb/S003/S003R03.edf,2,13,32.0,motor_execution,T1,ds005284,1,1.0,-41.04894932581227,True
eegmmidb,S003,data/eegmmidb/S003/S003R03.edf,2,14,36.0,motor_execution,T0,ds005284,1,1.0,-49.895020689390215,True
eegmmidb,S003,data/eegmmidb/S003/S003R03.edf,2,15,38.0,motor_execution,T1,ds005284,1,0.9947073094338078,-61.84270150802543,True
eegmmidb,S003,data/eegmmidb/S003/S003R03.edf,2,16,40.0,motor_execution,T1,ds005284,1,1.0,-40.44429450717181,True
eegmmidb,S003,data/eegmmidb/S003/S003R03.edf,2,17,44.0,motor_execution,T0,ds005284,1,1.0,-44.863781822226294,True
eegmmidb,S003,data/eegmmidb/S003/S003R03.edf,2,18,46.0,motor_execution,T2,ds005284,1,1.0,-40.12992592392737,True
eegmmidb,S003,data/eegmmidb/S003/S003R03.edf,2,19,48.0,motor_execution,T2,ds005284,1,1.0,-39.355979577302016,True
eegmmidb,S003,data/eegmmidb/S003/S003R03.edf,2,20,50.0,motor_execution,T0,ds005284,1,1.0,-46.023286577579405,True
eegmmidb,S003,data/eegmmidb/S003/S003R03.edf,2,21,54.0,motor_execution,T2,ds005284,1,1.0,-43.432464337933375,True
eegmmidb,S003,data/eegmmidb/S003/S003R03.edf,2,22,56.0,motor_execution,T2,ds005284,0,1.0,-59.44467728477243,True
eegmmidb,S003,data/eegmmidb/S003/S003R03.edf,2,23,58.0,motor_execution,T0,ds005284,1,1.0,-64.81472437707501,True
eegmmidb,S003,data/eegmmidb/S003/S003R03.edf,2,24,62.0,motor_execution,T1,ds005284,1,1.0,-62.42164943383067,True
eegmmidb,S003,data/eegmmidb/S003/S003R03.edf,2,25,64.0,motor_execution,T1,ds005284,1,1.0,-59.97971526293497,True
eegmmidb,S003,data/eegmmidb/S003/S003R03.edf,2,26,66.0,motor_execution,T0,ds005284,1,1.0,-45.99318967229832,True
eegmmidb,S003,data/eegmmidb/S003/S003R03.edf,2,27,70.0,motor_execution,T1,ds005284,1,1.0,-47.36126347831736,True
eegmmidb,S003,data/eegmmidb/S003/S003R03.edf,2,28,72.0,motor_execution,T1,ds005284,1,1.0,-46.85784146463645,True
eegmmidb,S003,data/eegmmidb/S003/S003R03.edf,2,29,74.0,motor_execution,T0,ds005284,1,1.0,-43.23033120573468,True
eegmmidb,S003,data/eegmmidb/S003/S003R03.edf,2,30,76.0,motor_execution,T0,ds005284,1,1.0,-40.34001113691599,True
eegmmidb,S003,data/eegmmidb/S003/S003R03.edf,2,31,80.0,motor_execution,T2,ds005284,1,1.0,-38.29606207625457,True
eegmmidb,S003,data/eegmmidb/S003/S003R03.edf,2,32,82.0,motor_execution,T0,ds005284,1,1.0,-72.85738696709194,True
eegmmidb,S003,data/eegmmidb/S003/S003R03.edf,2,33,84.0,motor_execution,T0,ds005284,1,0.999999999995822,-89.50440883008073,True
eegmmidb,S003,data/eegmmidb/S003/S003R03.edf,2,34,88.0,motor_execution,T1,ds005284,1,0.9999992970284436,-58.403236768406636,True
eegmmidb,S003,data/eegmmidb/S003/S003R03.edf,2,35,90.0,motor_execution,T1,ds005284,1,1.0,-41.20828374413273,True
eegmmidb,S003,data/eegmmidb/S003/S003R03.edf,2,36,92.0,motor_execution,T0,ds005284,1,1.0,-43.92774996170903,True
eegmmidb,S003,data/eegmmidb/S003/S003R03.edf,2,37,96.0,motor_execution,T2,ds005284,1,1.0,-37.621480799969696,True
eegmmidb,S003,data/eegmmidb/S003/S003R03.edf,2,38,98.0,motor_execution,T2,ds005284,1,1.0,-42.61480922752553,True
eegmmidb,S003,data/eegmmidb/S003/S003R03.edf,2,39,100.0,motor_execution,T0,ds005284,1,1.0,-57.23827342426727,True
eegmmidb,S003,data/eegmmidb/S003/S003R03.edf,2,40,102.0,motor_execution,T0,ds005284,1,0.9999999999299334,-59.70742132287248,True
eegmmidb,S003,data/eegmmidb/S003/S003R03.edf,2,41,106.0,motor_execution,T2,ds005284,1,1.0,-48.998366849692175,True
eegmmidb,S003,data/eegmmidb/S003/S003R03.edf,2,42,108.0,motor_execution,T0,ds005284,0,0.9999682735728704,-55.014744788341545,True
eegmmidb,S003,data/eegmmidb/S003/S003R03.edf,2,43,110.0,motor_execution,T0,ds005284,1,1.0,-37.50333411516906,True
eegmmidb,S003,data/eegmmidb/S003/S003R03.edf,2,44,114.0,motor_execution,T1,ds005284,0,0.9994307951087138,-57.91655679836587,True
eegmmidb,S003,data/eegmmidb/S003/S003R03.edf,2,45,116.0,motor_execution,T0,ds005284,1,1.0,-56.33975027851486,True
eegmmidb,S003,data/eegmmidb/S003/S003R03.edf,2,46,118.0,motor_execution,T0,ds005284,1,0.999974423129596,-53.86384476296394,True
eegmmidb,S003,data/eegmmidb/S003/S003R03.edf,2,47,122.0,motor_execution,T2,ds005284,0,0.9999989655801279,-77.66902641487259,True
eegmmidb,S003,data/eegmmidb/S003/S003R04.edf,2,0,0.0,motor_imagery,T0,ds005284,0,1.0,-73.47515350119966,True
eegmmidb,S003,data/eegmmidb/S003/S003R04.edf,2,1,2.0,motor_imagery,T0,ds005284,1,1.0,-49.21054213972836,True
eegmmidb,S003,data/eegmmidb/S003/S003R04.edf,2,2,4.0,motor_imagery,T2,ds005284,0,1.0,-72.18293888688828,True
eegmmidb,S003,data/eegmmidb/S003/S003R04.edf,2,3,6.0,motor_imagery,T2,ds005284,0,1.0,-75.98907311634099,True
eegmmidb,S003,data/eegmmidb/S003/S003R04.edf,2,4,8.0,motor_imagery,T0,ds005284,0,1.0,-82.91413963141375,True
eegmmidb,S003,data/eegmmidb/S003/S003R04.edf,2,5,10.0,motor_imagery,T0,ds005284,1,1.0,-42.315807086450235,True
eegmmidb,S003,data/eegmmidb/S003/S003R04.edf,2,6,12.0,motor_imagery,T1,ds005284,0,1.0,-68.23833689176732,True
eegmmidb,S003,data/eegmmidb/S003/S003R04.edf,2,7,14.0,motor_imagery,T1,ds005284,1,0.8555633158621667,-83.46765475164715,True
eegmmidb,S003,data/eegmmidb/S003/S003R04.edf,2,8,18.0,motor_imagery,T0,ds005284,1,0.9999999153559465,-74.86980366859126,True
eegmmidb,S003,data/eegmmidb/S003/S003R04.edf,2,9,20.0,motor_imagery,T2,ds005284,1,0.9999999999999858,-65.17472811746997,True
eegmmidb,S003,data/eegmmidb/S003/S003R04.edf,2,10,22.0,motor_imagery,T2,ds005284,0,1.0,-90.19863147663895,True
eegmmidb,S003,data/eegmmidb/S003/S003R04.edf,2,11,24.0,motor_imagery,T0,ds005284,0,0.9999999999956231,-131.10358069415187,True
eegmmidb,S003,data/eegmmidb/S003/S003R04.edf,2,12,26.0,motor_imagery,T0,ds005284,0,1.0,-92.32592047483459,True
eegmmidb,S003,data/eegmmidb/S003/S003R04.edf,2,13,28.0,motor_imagery,T0,ds005284,0,0.9285271308087482,-108.95552072245978,True
eegmmidb,S003,data/eegmmidb/S003/S003R04.edf,2,14,30.0,motor_imagery,T1,ds005284,0,1.0,-79.84369113095596,True
eegmmidb,S003,data/eegmmidb/S003/S003R04.edf,2,15,32.0,motor_imagery,T1,ds005284,0,0.9999999965604047,-72.59237082192485,True
eegmmidb,S003,data/eegmmidb/S003/S003R04.edf,2,16,36.0,motor_imagery,T0,ds005284,1,1.0,-61.186355110145406,True
eegmmidb,S003,data/eegmmidb/S003/S003R04.edf,2,17,38.0,motor_imagery,T2,ds005284,0,1.0,-65.32328669625736,True
eegmmidb,S003,data/eegmmidb/S003/S003R04.edf,2,18,40.0,motor_imagery,T2,ds005284,0,1.0,-62.73019024759416,True
eegmmidb,S003,data/eegmmidb/S003/S003R04.edf,2,19,42.0,motor_imagery,T0,ds005284,0,0.9999998535382667,-58.83276146519159,True
eegmmidb,S003,data/eegmmidb/S003/S003R04.edf,2,20,44.0,motor_imagery,T0,ds005284,0,0.9999999985500381,-64.07955868363831,True
eegmmidb,S003,data/eegmmidb/S003/S003R04.edf,2,21,46.0,motor_imagery,T1,ds005284,1,0.9999999999994174,-68.83844533210014,True
eegmmidb,S003,data/eegmmidb/S003/S003R04.edf,2,22,48.0,motor_imagery,T1,ds005284,1,0.9999998618348183,-73.36146116855848,True
eegmmidb,S003,data/eegmmidb/S003/S003R04.edf,2,23,50.0,motor_imagery,T0,ds005284,1,0.9902746431408571,-73.24803502795432,True
eegmmidb,S003,data/eegmmidb/S003/S003R04.edf,2,24,54.0,motor_imagery,T1,ds005284,0,1.0,-62.66721007892682,True
eegmmidb,S003,data/eegmmidb/S003/S003R04.edf,2,25,56.0,motor_imagery,T1,ds005284,0,0.9999999999968452,-65.00422067163203,True
eegmmidb,S003,data/eegmmidb/S003/S003R04.edf,2,26,58.0,motor_imagery,T0,ds005284,1,0.9999999999876437,-50.26605709796845,True
eegmmidb,S003,data/eegmmidb/S003/S003R04.edf,2,27,60.0,motor_imagery,T0,ds005284,1,1.0,-56.04544031052257,True
eegmmidb,S003,data/eegmmidb/S003/S003R04.edf,2,28,62.0,motor_imagery,T2,ds005284,1,0.5701687510316,-63.64146099718952,True
eegmmidb,S003,data/eegmmidb/S003/S003R04.edf,2,29,64.0,motor_imagery,T2,ds005284,1,1.0,-41.45842865626009,True
eegmmidb,S003,data/eegmmidb/S003/S003R04.edf,2,30,66.0,motor_imagery,T0,ds005284,0,0.9999995653061425,-58.05152794741784,True
eegmmidb,S003,data/eegmmidb/S003/S003R04.edf,2,31,68.0,motor_imagery,T0,ds005284,1,1.0,-48.59458658632572,True
eegmmidb,S003,data/eegmmidb/S003/S003R04.edf,2,32,72.0,motor_imagery,T1,ds005284,0,1.0,-72.23135739568059,True
eegmmidb,S003,data/eegmmidb/S003/S003R04.edf,2,33,74.0,motor_imagery,T0,ds005284,1,1.0,-55.09476108790009,True
eegmmidb,S003,data/eegmmidb/S003/S003R04.edf,2,34,76.0,motor_imagery,T0,ds005284,1,1.0,-55.039952248788374,True
eegmmidb,S003,data/eegmmidb/S003/S003R04.edf,2,35,78.0,motor_imagery,T2,ds005284,1,0.9999999999998153,-71.34165616812074,True
eegmmidb,S003,data/eegmmidb/S003/S003R04.edf,2,36,80.0,motor_imagery,T2,ds005284,1,1.0,-75.12769273453759,True
eegmmidb,S003,data/eegmmidb/S003/S003R04.edf,2,37,82.0,motor_imagery,T0,ds005284,0,0.9999999999620997,-55.02957816393734,True
eegmmidb,S003,data/eegmmidb/S003/S003R04.edf,2,38,84.0,motor_imagery,T0,ds005284,1,0.9999994788672958,-54.98174784058083,True
eegmmidb,S003,data/eegmmidb/S003/S003R04.edf,2,39,86.0,motor_imagery,T0,ds005284,1,1.0,-72.70368653552202,True
eegmmidb,S003,data/eegmmidb/S003/S003R04.edf,2,40,90.0,motor_imagery,T1,ds005284,1,0.8426347327556072,-58.63348198193417,True
eegmmidb,S003,data/eegmmidb/S003/S003R04.edf,2,41,92.0,motor_imagery,T0,ds005284,1,1.0,-36.49508813013899,True
eegmmidb,S003,data/eegmmidb/S003/S003R04.edf,2,42,94.0,motor_imagery,T0,ds005284,1,1.0,-45.129457774700526,True
eegmmidb,S003,data/eegmmidb/S003/S003R04.edf,2,43,96.0,motor_imagery,T2,ds005284,0,0.9999999461385599,-65.59973890089739,True
eegmmidb,S003,data/eegmmidb/S003/S003R04.edf,2,44,98.0,motor_imagery,T2,ds005284,0,1.0,-57.026206963909324,True
eegmmidb,S003,data/eegmmidb/S003/S003R04.edf,2,45,100.0,motor_imagery,T0,ds005284,1,1.0,-65.09188910874707,True
eegmmidb,S003,data/eegmmidb/S003/S003R04.edf,2,46,102.0,motor_imagery,T0,ds005284,1,1.0,-59.43500923964226,True
eegmmidb,S003,data/eegmmidb/S003/S003R04.edf,2,47,106.0,motor_imagery,T2,ds005284,1,1.0,-75.73132343915958,True
eegmmidb,S003,data/eegmmidb/S003/S003R07.edf,2,0,0.0,motor_execution,T0,ds005284,1,1.0,-77.66860155989161,True
eegmmidb,S003,data/eegmmidb/S003/S003R07.edf,2,1,2.0,motor_execution,T0,ds005284,1,1.0,-70.28929116886175,True
eegmmidb,S003,data/eegmmidb/S003/S003R07.edf,2,2,4.0,motor_execution,T1,ds005284,1,1.0,-64.51501767503035,True
eegmmidb,S003,data/eegmmidb/S003/S003R07.edf,2,3,6.0,motor_execution,T1,ds005284,1,1.0,-61.53342846766129,True
eegmmidb,S003,data/eegmmidb/S003/S003R07.edf,2,4,10.0,motor_execution,T0,ds005284,1,1.0,-50.503231174133276,True
eegmmidb,S003,data/eegmmidb/S003/S003R07.edf,2,5,12.0,motor_execution,T2,ds005284,1,1.0,-64.4555883784331,True
eegmmidb,S003,data/eegmmidb/S003/S003R07.edf,2,6,14.0,motor_execution,T2,ds005284,1,1.0,-69.41914887870823,True
eegmmidb,S003,data/eegmmidb/S003/S003R07.edf,2,7,18.0,motor_execution,T0,ds005284,1,1.0,-58.432288273076416,True
eegmmidb,S003,data/eegmmidb/S003/S003R07.edf,2,8,20.0,motor_execution,T1,ds005284,1,1.0,-55.776596698319814,True
eegmmidb,S003,data/eegmmidb/S003/S003R07.edf,2,9,22.0,motor_execution,T1,ds005284,1,1.0,-72.5684278053806,True
eegmmidb,S003,data/eegmmidb/S003/S003R07.edf,2,10,24.0,motor_execution,T0,ds005284,1,1.0,-54.29010875945023,True
eegmmidb,S003,data/eegmmidb/S003/S003R07.edf,2,11,28.0,motor_execution,T0,ds005284,1,1.0,-66.38955833096657,True
eegmmidb,S003,data/eegmmidb/S003/S003R07.edf,2,12,30.0,motor_execution,T2,ds005284,1,1.0,-51.34647712169622,True
eegmmidb,S003,data/eegmmidb/S003/S003R07.edf,2,13,32.0,motor_execution,T2,ds005284,1,1.0,-70.83635415121384,True
eegmmidb,S003,data/eegmmidb/S003/S003R07.edf,2,14,36.0,motor_execution,T0,ds005284,1,1.0,-69.47957094383665,True
eegmmidb,S003,data/eegmmidb/S003/S003R07.edf,2,15,38.0,motor_execution,T1,ds005284,1,1.0,-45.493484399537,True
eegmmidb,S003,data/eegmmidb/S003/S003R07.edf,2,16,40.0,motor_execution,T1,ds005284,1,1.0,-54.21843924050119,True
eegmmidb,S003,data/eegmmidb/S003/S003R07.edf,2,17,44.0,motor_execution,T0,ds005284,1,1.0,-47.34388997698223,True
eegmmidb,S003,data/eegmmidb/S003/S003R07.edf,2,18,46.0,motor_execution,T2,ds005284,1,1.0,-56.67075491022829,True
eegmmidb,S003,data/eegmmidb/S003/S003R07.edf,2,19,48.0,motor_execution,T2,ds005284,1,1.0,-58.81986955496908,True
eegmmidb,S003,data/eegmmidb/S003/S003R07.edf,2,20,50.0,motor_execution,T0,ds005284,1,1.0,-66.6296133164087,True
eegmmidb,S003,data/eegmmidb/S003/S003R07.edf,2,21,54.0,motor_execution,T2,ds005284,1,1.0,-60.02991451524631,True
eegmmidb,S003,data/eegmmidb/S003/S003R07.edf,2,22,56.0,motor_execution,T2,ds005284,1,1.0,-58.9644845354595,True
eegmmidb,S003,data/eegmmidb/S003/S003R07.edf,2,23,58.0,motor_execution,T0,ds005284,1,1.0,-59.29832702279945,True
eegmmidb,S003,data/eegmmidb/S003/S003R07.edf,2,24,62.0,motor_execution,T1,ds005284,1,1.0,-51.71045962936952,True
eegmmidb,S003,data/eegmmidb/S003/S003R07.edf,2,25,64.0,motor_execution,T1,ds005284,1,1.0,-52.95246850035877,True
eegmmidb,S003,data/eegmmidb/S003/S003R07.edf,2,26,66.0,motor_execution,T0,ds005284,1,1.0,-67.71521690443137,True
eegmmidb,S003,data/eegmmidb/S003/S003R07.edf,2,27,70.0,motor_execution,T1,ds005284,1,1.0,-59.50267034022681,True
eegmmidb,S003,data/eegmmidb/S003/S003R07.edf,2,28,72.0,motor_execution,T1,ds005284,1,1.0,-50.06179401495653,True
eegmmidb,S003,data/eegmmidb/S003/S003R07.edf,2,29,74.0,motor_execution,T0,ds005284,1,1.0,-44.62300231930963,True
eegmmidb,S003,data/eegmmidb/S003/S003R07.edf,2,30,76.0,motor_execution,T0,ds005284,1,1.0,-58.07197561174039,True
eegmmidb,S003,data/eegmmidb/S003/S003R07.edf,2,31,80.0,motor_execution,T2,ds005284,1,1.0,-49.44436925093445,True
eegmmidb,S003,data/eegmmidb/S003/S003R07.edf,2,32,82.0,motor_execution,T0,ds005284,1,1.0,-60.15419551092541,True
eegmmidb,S003,data/eegmmidb/S003/S003R07.edf,2,33,84.0,motor_execution,T0,ds005284,1,1.0,-56.92324409058373,True
eegmmidb,S003,data/eegmmidb/S003/S003R07.edf,2,34,88.0,motor_execution,T2,ds005284,1,1.0,-46.10576165318523,True
eegmmidb,S003,data/eegmmidb/S003/S003R07.edf,2,35,90.0,motor_execution,T2,ds005284,1,1.0,-54.55710025571653,True
eegmmidb,S003,data/eegmmidb/S003/S003R07.edf,2,36,92.0,motor_execution,T0,ds005284,1,1.0,-59.03217854177782,True
eegmmidb,S003,data/eegmmidb/S003/S003R07.edf,2,37,96.0,motor_execution,T1,ds005284,1,1.0,-49.25451762470307,True
eegmmidb,S003,data/eegmmidb/S003/S003R07.edf,2,38,98.0,motor_execution,T1,ds005284,1,1.0,-44.810483800665544,True
eegmmidb,S003,data/eegmmidb/S003/S003R07.edf,2,39,100.0,motor_execution,T0,ds005284,1,1.0,-63.940153354363,True
eegmmidb,S003,data/eegmmidb/S003/S003R07.edf,2,40,102.0,motor_execution,T0,ds005284,1,1.0,-56.242696161554015,True
eegmmidb,S003,data/eegmmidb/S003/S003R07.edf,2,41,106.0,motor_execution,T2,ds005284,1,0.988177680192708,-49.493877310872946,True
eegmmidb,S003,data/eegmmidb/S003/S003R07.edf,2,42,108.0,motor_execution,T0,ds005284,1,1.0,-61.43522626770679,True
eegmmidb,S003,data/eegmmidb/S003/S003R07.edf,2,43,110.0,motor_execution,T0,ds005284,1,1.0,-39.44584147797288,True
eegmmidb,S003,data/eegmmidb/S003/S003R07.edf,2,44,114.0,motor_execution,T1,ds005284,1,1.0,-43.14309605066179,True
eegmmidb,S003,data/eegmmidb/S003/S003R07.edf,2,45,116.0,motor_execution,T0,ds005284,1,1.0,-52.9637584837134,True
eegmmidb,S003,data/eegmmidb/S003/S003R07.edf,2,46,118.0,motor_execution,T0,ds005284,1,1.0,-56.51310605757471,True
eegmmidb,S003,data/eegmmidb/S003/S003R07.edf,2,47,122.0,motor_execution,T1,ds005284,1,1.0,-48.98892763586162,True
eegmmidb,S003,data/eegmmidb/S003/S003R08.edf,2,0,0.0,motor_imagery,T0,ds005284,1,1.0,-84.91875464635481,True
eegmmidb,S003,data/eegmmidb/S003/S003R08.edf,2,1,2.0,motor_imagery,T0,ds005284,1,1.0,-59.30797539181359,True
eegmmidb,S003,data/eegmmidb/S003/S003R08.edf,2,2,4.0,motor_imagery,T1,ds005284,1,1.0,-39.77166495766929,True
eegmmidb,S003,data/eegmmidb/S003/S003R08.edf,2,3,6.0,motor_imagery,T1,ds005284,1,1.0,-41.922859571808765,True
eegmmidb,S003,data/eegmmidb/S003/S003R08.edf,2,4,10.0,motor_imagery,T0,ds005284,1,1.0,-62.51759974820883,True
eegmmidb,S003,data/eegmmidb/S003/S003R08.edf,2,5,12.0,motor_imagery,T2,ds005284,1,1.0,-72.24007316951517,True
eegmmidb,S003,data/eegmmidb/S003/S003R08.edf,2,6,14.0,motor_imagery,T2,ds005284,1,1.0,-61.307597843890754,True
eegmmidb,S003,data/eegmmidb/S003/S003R08.edf,2,7,18.0,motor_imagery,T0,ds005284,1,1.0,-58.065887034138875,True
eegmmidb,S003,data/eegmmidb/S003/S003R08.edf,2,8,20.0,motor_imagery,T1,ds005284,1,1.0,-56.657181483541585,True
eegmmidb,S003,data/eegmmidb/S003/S003R08.edf,2,9,22.0,motor_imagery,T1,ds005284,1,1.0,-52.157954406783084,True
eegmmidb,S003,data/eegmmidb/S003/S003R08.edf,2,10,24.0,motor_imagery,T0,ds005284,1,1.0,-66.26064918295762,True
eegmmidb,S003,data/eegmmidb/S003/S003R08.edf,2,11,28.0,motor_imagery,T0,ds005284,1,1.0,-69.77655777390316,True
eegmmidb,S003,data/eegmmidb/S003/S003R08.edf,2,12,30.0,motor_imagery,T2,ds005284,1,1.0,-50.44470206411431,True
eegmmidb,S003,data/eegmmidb/S003/S003R08.edf,2,13,32.0,motor_imagery,T2,ds005284,1,0.9999999999985789,-60.59884345531231,True
eegmmidb,S003,data/eegmmidb/S003/S003R08.edf,2,14,36.0,motor_imagery,T0,ds005284,1,1.0,-52.403785298640585,True
eegmmidb,S003,data/eegmmidb/S003/S003R08.edf,2,15,38.0,motor_imagery,T2,ds005284,1,1.0,-53.35414296086561,True
eegmmidb,S003,data/eegmmidb/S003/S003R08.edf,2,16,40.0,motor_imagery,T2,ds005284,1,1.0,-52.18754726460833,True
eegmmidb,S003,data/eegmmidb/S003/S003R08.edf,2,17,44.0,motor_imagery,T0,ds005284,1,1.0,-48.32791060291582,True
eegmmidb,S003,data/eegmmidb/S003/S003R08.edf,2,18,46.0,motor_imagery,T1,ds005284,1,1.0,-56.35484483062155,True
eegmmidb,S003,data/eegmmidb/S003/S003R08.edf,2,19,48.0,motor_imagery,T1,ds005284,1,1.0,-46.71841801816078,True
eegmmidb,S003,data/eegmmidb/S003/S003R08.edf,2,20,50.0,motor_imagery,T0,ds005284,1,1.0,-49.01174335622526,True
eegmmidb,S003,data/eegmmidb/S003/S003R08.edf,2,21,54.0,motor_imagery,T1,ds005284,1,1.0,-99.19124687553122,True
eegmmidb,S003,data/eegmmidb/S003/S003R08.edf,2,22,56.0,motor_imagery,T1,ds005284,1,1.0,-63.205434156537514,True
eegmmidb,S003,data/eegmmidb/S003/S003R08.edf,2,23,58.0,motor_imagery,T0,ds005284,1,1.0,-48.183225549992635,True
eegmmidb,S003,data/eegmmidb/S003/S003R08.edf,2,24,62.0,motor_imagery,T2,ds005284,1,1.0,-45.44068092871228,True
eegmmidb,S003,data/eegmmidb/S003/S003R08.edf,2,25,64.0,motor_imagery,T2,ds005284,1,1.0,-55.99058702966342,True
eegmmidb,S003,data/eegmmidb/S003/S003R08.edf,2,26,66.0,motor_imagery,T0,ds005284,1,1.0,-59.380209054128194,True
eegmmidb,S003,data/eegmmidb/S003/S003R08.edf,2,27,70.0,motor_imagery,T2,ds005284,1,1.0,-67.90494888706402,True
eegmmidb,S003,data/eegmmidb/S003/S003R08.edf,2,28,72.0,motor_imagery,T2,ds005284,1,1.0,-69.69140452063749,True
eegmmidb,S003,data/eegmmidb/S003/S003R08.edf,2,29,74.0,motor_imagery,T0,ds005284,1,1.0,-44.92733469155998,True
eegmmidb,S003,data/eegmmidb/S003/S003R08.edf,2,30,76.0,motor_imagery,T0,ds005284,1,1.0,-51.715924468759646,True
eegmmidb,S003,data/eegmmidb/S003/S003R08.edf,2,31,80.0,motor_imagery,T1,ds005284,1,1.0,-49.88044944157721,True
eegmmidb,S003,data/eegmmidb/S003/S003R08.edf,2,32,82.0,motor_imagery,T0,ds005284,1,0.9999999999999147,-45.47333088626708,True
eegmmidb,S003,data/eegmmidb/S003/S003R08.edf,2,33,84.0,motor_imagery,T0,ds005284,1,1.0,-61.655290341980965,True
eegmmidb,S003,data/eegmmidb/S003/S003R08.edf,2,34,88.0,motor_imagery,T1,ds005284,1,1.0,-44.46946789755354,True
eegmmidb,S003,data/eegmmidb/S003/S003R08.edf,2,35,90.0,motor_imagery,T1,ds005284,1,1.0,-57.7918412493002,True
eegmmidb,S003,data/eegmmidb/S003/S003R08.edf,2,36,92.0,motor_imagery,T0,ds005284,1,0.9999999999999929,-45.803923379487024,True
eegmmidb,S003,data/eegmmidb/S003/S003R08.edf,2,37,96.0,motor_imagery,T2,ds005284,1,1.0,-77.41298606401446,True
eegmmidb,S003,data/eegmmidb/S003/S003R08.edf,2,38,98.0,motor_imagery,T2,ds005284,1,1.0,-58.713911617019626,True
eegmmidb,S003,data/eegmmidb/S003/S003R08.edf,2,39,100.0,motor_imagery,T0,ds005284,1,1.0,-47.277204302999046,True
eegmmidb,S003,data/eegmmidb/S003/S003R08.edf,2,40,102.0,motor_imagery,T0,ds005284,1,1.0,-49.624002017985084,True
eegmmidb,S003,data/eegmmidb/S003/S003R08.edf,2,41,106.0,motor_imagery,T2,ds005284,1,1.0,-67.21561565793311,True
eegmmidb,S003,data/eegmmidb/S003/S003R08.edf,2,42,108.0,motor_imagery,T0,ds005284,1,1.0,-39.564327496059356,True
eegmmidb,S003,data/eegmmidb/S003/S003R08.edf,2,43,110.0,motor_imagery,T0,ds005284,1,1.0,-52.55708090565607,True
eegmmidb,S003,data/eegmmidb/S003/S003R08.edf,2,44,114.0,motor_imagery,T1,ds005284,1,1.0,-43.020445145648374,True
eegmmidb,S003,data/eegmmidb/S003/S003R08.edf,2,45,116.0,motor_imagery,T0,ds005284,1,1.0,-39.681160726634026,True
eegmmidb,S003,data/eegmmidb/S003/S003R08.edf,2,46,118.0,motor_imagery,T0,ds005284,1,1.0,-44.52145297759552,True
eegmmidb,S003,data/eegmmidb/S003/S003R08.edf,2,47,122.0,motor_imagery,T2,ds005284,1,1.0,-37.83923330265295,True
eegmmidb,S003,data/eegmmidb/S003/S003R11.edf,2,0,0.0,motor_execution,T0,ds005284,1,1.0,-79.45461414052292,True
eegmmidb,S003,data/eegmmidb/S003/S003R11.edf,2,1,2.0,motor_execution,T0,ds005284,1,1.0,-72.35581360336315,True
eegmmidb,S003,data/eegmmidb/S003/S003R11.edf,2,2,4.0,motor_execution,T1,ds005284,1,1.0,-60.31014375452006,True
eegmmidb,S003,data/eegmmidb/S003/S003R11.edf,2,3,6.0,motor_execution,T1,ds005284,1,1.0,-56.94285544501199,True
eegmmidb,S003,data/eegmmidb/S003/S003R11.edf,2,4,10.0,motor_execution,T0,ds005284,1,1.0,-59.4006443161751,True
eegmmidb,S003,data/eegmmidb/S003/S003R11.edf,2,5,12.0,motor_execution,T2,ds005284,1,1.0,-53.05900922577493,True
eegmmidb,S003,data/eegmmidb/S003/S003R11.edf,2,6,14.0,motor_execution,T2,ds005284,1,1.0,-59.38702460551551,True
eegmmidb,S003,data/eegmmidb/S003/S003R11.edf,2,7,18.0,motor_execution,T0,ds005284,1,1.0,-71.37215436341887,True
eegmmidb,S003,data/eegmmidb/S003/S003R11.edf,2,8,20.0,motor_execution,T1,ds005284,1,1.0,-60.37544694341948,True
eegmmidb,S003,data/eegmmidb/S003/S003R11.edf,2,9,22.0,motor_execution,T1,ds005284,1,1.0,-47.446348941399215,True
eegmmidb,S003,data/eegmmidb/S003/S003R11.edf,2,10,24.0,motor_execution,T0,ds005284,1,1.0,-65.83816029563772,True
eegmmidb,S003,data/eegmmidb/S003/S003R11.edf,2,11,28.0,motor_execution,T0,ds005284,1,1.0,-59.210131765083055,True
eegmmidb,S003,data/eegmmidb/S003/S003R11.edf,2,12,30.0,motor_execution,T2,ds005284,1,0.9999999999999858,-44.656216772606804,True
eegmmidb,S003,data/eegmmidb/S003/S003R11.edf,2,13,32.0,motor_execution,T2,ds005284,1,1.0,-57.66400117763991,True
eegmmidb,S003,data/eegmmidb/S003/S003R11.edf,2,14,36.0,motor_execution,T0,ds005284,1,1.0,-53.1669233726273,True
eegmmidb,S003,data/eegmmidb/S003/S003R11.edf,2,15,38.0,motor_execution,T2,ds005284,1,1.0,-44.45857182856678,True
eegmmidb,S003,data/eegmmidb/S003/S003R11.edf,2,16,40.0,motor_execution,T2,ds005284,1,1.0,-44.57394850062736,True
eegmmidb,S003,data/eegmmidb/S003/S003R11.edf,2,17,44.0,motor_execution,T0,ds005284,1,1.0,-40.45902435716985,True
eegmmidb,S003,data/eegmmidb/S003/S003R11.edf,2,18,46.0,motor_execution,T1,ds005284,1,1.0,-34.16856537153897,False
eegmmidb,S003,data/eegmmidb/S003/S003R11.edf,2,19,48.0,motor_execution,T1,ds005284,1,1.0,-35.81374323127398,True
eegmmidb,S003,data/eegmmidb/S003/S003R11.edf,2,20,50.0,motor_execution,T0,ds005284,1,1.0,-47.10703254024705,True
eegmmidb,S003,data/eegmmidb/S003/S003R11.edf,2,21,54.0,motor_execution,T2,ds005284,1,1.0,-47.957398019115296,True
eegmmidb,S003,data/eegmmidb/S003/S003R11.edf,2,22,56.0,motor_execution,T2,ds005284,1,1.0,-73.09698397163706,True
eegmmidb,S003,data/eegmmidb/S003/S003R11.edf,2,23,58.0,motor_execution,T0,ds005284,1,1.0,-68.41308253437995,True
eegmmidb,S003,data/eegmmidb/S003/S003R11.edf,2,24,62.0,motor_execution,T1,ds005284,1,1.0,-62.04014389885803,True
eegmmidb,S003,data/eegmmidb/S003/S003R11.edf,2,25,64.0,motor_execution,T1,ds005284,1,1.0,-53.745163350106715,True
eegmmidb,S003,data/eegmmidb/S003/S003R11.edf,2,26,66.0,motor_execution,T0,ds005284,1,1.0,-47.49668321241482,True
eegmmidb,S003,data/eegmmidb/S003/S003R11.edf,2,27,70.0,motor_execution,T1,ds005284,1,1.0,-50.563275338438196,True
eegmmidb,S003,data/eegmmidb/S003/S003R11.edf,2,28,72.0,motor_execution,T1,ds005284,1,0.9999999998155218,-46.93818691197538,True
eegmmidb,S003,data/eegmmidb/S003/S003R11.edf,2,29,74.0,motor_execution,T0,ds005284,1,1.0,-74.88434763804472,True
eegmmidb,S003,data/eegmmidb/S003/S003R11.edf,2,30,76.0,motor_execution,T0,ds005284,1,1.0,-44.05749684088425,True
eegmmidb,S003,data/eegmmidb/S003/S003R11.edf,2,31,80.0,motor_execution,T2,ds005284,1,1.0,-37.99757238752047,True
eegmmidb,S003,data/eegmmidb/S003/S003R11.edf,2,32,82.0,motor_execution,T0,ds005284,1,1.0,-61.89664069151241,True
eegmmidb,S003,data/eegmmidb/S003/S003R11.edf,2,33,84.0,motor_execution,T0,ds005284,1,1.0,-56.07707018265814,True
eegmmidb,S003,data/eegmmidb/S003/S003R11.edf,2,34,88.0,motor_execution,T1,ds005284,1,1.0,-52.45669100169431,True
eegmmidb,S003,data/eegmmidb/S003/S003R11.edf,2,35,90.0,motor_execution,T1,ds005284,1,1.0,-67.35511963949196,True
eegmmidb,S003,data/eegmmidb/S003/S003R11.edf,2,36,92.0,motor_execution,T0,ds005284,1,1.0,-60.417033341656285,True
eegmmidb,S003,data/eegmmidb/S003/S003R11.edf,2,37,96.0,motor_execution,T2,ds005284,1,1.0,-63.09273214362539,True
eegmmidb,S003,data/eegmmidb/S003/S003R11.edf,2,38,98.0,motor_execution,T2,ds005284,1,1.0,-44.12714204091282,True
eegmmidb,S003,data/eegmmidb/S003/S003R11.edf,2,39,100.0,motor_execution,T0,ds005284,1,1.0,-49.273749858118315,True
eegmmidb,S003,data/eegmmidb/S003/S003R11.edf,2,40,102.0,motor_execution,T0,ds005284,1,1.0,-79.57228421179107,True
eegmmidb,S003,data/eegmmidb/S003/S003R11.edf,2,41,106.0,motor_execution,T1,ds005284,1,1.0,-45.12845916838533,True
eegmmidb,S003,data/eegmmidb/S003/S003R11.edf,2,42,108.0,motor_execution,T0,ds005284,1,1.0,-49.30288248465028,True
eegmmidb,S003,data/eegmmidb/S003/S003R11.edf,2,43,110.0,motor_execution,T0,ds005284,1,1.0,-44.26886546220547,True
eegmmidb,S003,data/eegmmidb/S003/S003R11.edf,2,44,114.0,motor_execution,T2,ds005284,1,1.0,-54.28989118748867,True
eegmmidb,S003,data/eegmmidb/S003/S003R11.edf,2,45,116.0,motor_execution,T0,ds005284,1,1.0,-44.32220341452994,True
eegmmidb,S003,data/eegmmidb/S003/S003R11.edf,2,46,118.0,motor_execution,T0,ds005284,1,1.0,-53.00136388000825,True
eegmmidb,S003,data/eegmmidb/S003/S003R11.edf,2,47,122.0,motor_execution,T2,ds005284,0,0.5497861691793507,-47.25681627656579,True
eegmmidb,S003,data/eegmmidb/S003/S003R12.edf,2,0,0.0,motor_imagery,T0,ds005284,1,1.0,-62.16605067569987,True
eegmmidb,S003,data/eegmmidb/S003/S003R12.edf,2,1,2.0,motor_imagery,T0,ds005284,1,1.0,-47.711271112826616,True
eegmmidb,S003,data/eegmmidb/S003/S003R12.edf,2,2,4.0,motor_imagery,T2,ds005284,1,1.0,-46.43434219730663,True
eegmmidb,S003,data/eegmmidb/S003/S003R12.edf,2,3,6.0,motor_imagery,T2,ds005284,1,1.0,-43.877586081868195,True
eegmmidb,S003,data/eegmmidb/S003/S003R12.edf,2,4,10.0,motor_imagery,T0,ds005284,1,1.0,-51.21498347242477,True
eegmmidb,S003,data/eegmmidb/S003/S003R12.edf,2,5,12.0,motor_imagery,T1,ds005284,1,1.0,-44.38447173129237,True
eegmmidb,S003,data/eegmmidb/S003/S003R12.edf,2,6,14.0,motor_imagery,T1,ds005284,1,1.0,-54.725219986926994,True
eegmmidb,S003,data/eegmmidb/S003/S003R12.edf,2,7,18.0,motor_imagery,T0,ds005284,1,1.0,-56.871827432083485,True
eegmmidb,S003,data/eegmmidb/S003/S003R12.edf,2,8,20.0,motor_imagery,T2,ds005284,1,1.0,-43.41551544509277,True
eegmmidb,S003,data/eegmmidb/S003/S003R12.edf,2,9,22.0,motor_imagery,T2,ds005284,1,1.0,-49.24950048468826,True
eegmmidb,S003,data/eegmmidb/S003/S003R12.edf,2,10,24.0,motor_imagery,T0,ds005284,1,1.0,-45.575618638623126,True
eegmmidb,S003,data/eegmmidb/S003/S003R12.edf,2,11,28.0,motor_imagery,T0,ds005284,1,1.0,-53.978135748137326,True
eegmmidb,S003,data/eegmmidb/S003/S003R12.edf,2,12,30.0,motor_imagery,T1,ds005284,1,1.0,-50.93942691175577,True
eegmmidb,S003,data/eegmmidb/S003/S003R12.edf,2,13,32.0,motor_imagery,T1,ds005284,0,0.9999997952694099,-56.78078591773926,True
eegmmidb,S003,data/eegmmidb/S003/S003R12.edf,2,14,36.0,motor_imagery,T0,ds005284,1,1.0,-52.905786496586856,True
eegmmidb,S003,data/eegmmidb/S003/S003R12.edf,2,15,38.0,motor_imagery,T1,ds005284,1,1.0,-94.248893940735,True
eegmmidb,S003,data/eegmmidb/S003/S003R12.edf,2,16,40.0,motor_imagery,T1,ds005284,1,1.0,-61.564418938856825,True
eegmmidb,S003,data/eegmmidb/S003/S003R12.edf,2,17,44.0,motor_imagery,T0,ds005284,1,1.0,-61.25489430250122,True
eegmmidb,S003,data/eegmmidb/S003/S003R12.edf,2,18,46.0,motor_imagery,T2,ds005284,1,0.9043386965484682,-67.09232764027472,True
eegmmidb,S003,data/eegmmidb/S003/S003R12.edf,2,19,48.0,motor_imagery,T2,ds005284,1,1.0,-35.22973612313718,True
eegmmidb,S003,data/eegmmidb/S003/S003R12.edf,2,20,50.0,motor_imagery,T0,ds005284,1,1.0,-67.88621574583519,True
eegmmidb,S003,data/eegmmidb/S003/S003R12.edf,2,21,54.0,motor_imagery,T1,ds005284,1,1.0,-54.38107402678457,True
eegmmidb,S003,data/eegmmidb/S003/S003R12.edf,2,22,56.0,motor_imagery,T1,ds005284,1,0.6298341969765398,-96.78872797485273,True
eegmmidb,S003,data/eegmmidb/S003/S003R12.edf,2,23,58.0,motor_imagery,T0,ds005284,1,1.0,-49.55396363881251,True
eegmmidb,S003,data/eegmmidb/S003/S003R12.edf,2,24,62.0,motor_imagery,T2,ds005284,1,1.0,-49.21851005877465,True
eegmmidb,S003,data/eegmmidb/S003/S003R12.edf,2,25,64.0,motor_imagery,T2,ds005284,1,1.0,-74.93442638905339,True
eegmmidb,S003,data/eegmmidb/S003/S003R12.edf,2,26,66.0,motor_imagery,T0,ds005284,1,1.0,-63.31870588395791,True
eegmmidb,S003,data/eegmmidb/S003/S003R12.edf,2,27,70.0,motor_imagery,T2,ds005284,1,1.0,-38.65908081293168,True
eegmmidb,S003,data/eegmmidb/S003/S003R12.edf,2,28,72.0,motor_imagery,T2,ds005284,0,0.9999988429712531,-43.23514622249654,True
eegmmidb,S003,data/eegmmidb/S003/S003R12.edf,2,29,74.0,motor_imagery,T0,ds005284,1,1.0,-64.32717895523564,True
eegmmidb,S003,data/eegmmidb/S003/S003R12.edf,2,30,76.0,motor_imagery,T0,ds005284,1,1.0,-58.648362997333216,True
eegmmidb,S003,data/eegmmidb/S003/S003R12.edf,2,31,80.0,motor_imagery,T1,ds005284,1,1.0,-40.40267578983488,True
eegmmidb,S003,data/eegmmidb/S003/S003R12.edf,2,32,82.0,motor_imagery,T0,ds005284,1,1.0,-40.3474246750629,True
eegmmidb,S003,data/eegmmidb/S003/S003R12.edf,2,33,84.0,motor_imagery,T0,ds005284,1,1.0,-46.24882571971273,True
eegmmidb,S003,data/eegmmidb/S003/S003R12.edf,2,34,88.0,motor_imagery,T1,ds005284,1,0.999999999999801,-92.11929685799436,True
eegmmidb,S003,data/eegmmidb/S003/S003R12.edf,2,35,90.0,motor_imagery,T1,ds005284,1,1.0,-53.101563002806884,True
eegmmidb,S003,data/eegmmidb/S003/S003R12.edf,2,36,92.0,motor_imagery,T0,ds005284,0,0.9999999997342854,-183.32311011670765,True
eegmmidb,S003,data/eegmmidb/S003/S003R12.edf,2,37,96.0,motor_imagery,T2,ds005284,1,1.0,-68.73598684509383,True
eegmmidb,S003,data/eegmmidb/S003/S003R12.edf,2,38,98.0,motor_imagery,T2,ds005284,1,0.9999999999999858,-78.47142457528703,True
eegmmidb,S003,data/eegmmidb/S003/S003R12.edf,2,39,100.0,motor_imagery,T0,ds005284,1,1.0,-49.31418217125756,True
eegmmidb,S003,data/eegmmidb/S003/S003R12.edf,2,40,102.0,motor_imagery,T0,ds005284,1,1.0,-43.57553085886831,True
eegmmidb,S003,data/eegmmidb/S003/S003R12.edf,2,41,106.0,motor_imagery,T1,ds005284,1,0.9997482564147332,-85.3173475252662,True
eegmmidb,S003,data/eegmmidb/S003/S003R12.edf,2,42,108.0,motor_imagery,T0,ds005284,1,1.0,-52.55917744645319,True
eegmmidb,S003,data/eegmmidb/S003/S003R12.edf,2,43,110.0,motor_imagery,T0,ds005284,1,1.0,-60.537502987687056,True
eegmmidb,S003,data/eegmmidb/S003/S003R12.edf,2,44,114.0,motor_imagery,T2,ds005284,1,1.0,-71.68137648968599,True
eegmmidb,S003,data/eegmmidb/S003/S003R12.edf,2,45,116.0,motor_imagery,T0,ds005284,1,1.0,-71.08603912579579,True
eegmmidb,S003,data/eegmmidb/S003/S003R12.edf,2,46,118.0,motor_imagery,T0,ds005284,1,1.0,-47.061847660997394,True
eegmmidb,S003,data/eegmmidb/S003/S003R12.edf,2,47,122.0,motor_imagery,T1,ds005284,1,1.0,-43.21822036403142,True
eegmmidb,S004,data/eegmmidb/S004/S004R01.edf,2,0,0.0,eyes_open_rest,T0,ds005284,0,0.9217203627206082,-42.39226457775537,True
eegmmidb,S004,data/eegmmidb/S004/S004R01.edf,2,1,2.0,eyes_open_rest,T0,ds005284,1,1.0,-58.264909412066935,True
eegmmidb,S004,data/eegmmidb/S004/S004R01.edf,2,2,4.0,eyes_open_rest,T0,ds005284,0,0.9807554201214984,-55.597857865821815,True
eegmmidb,S004,data/eegmmidb/S004/S004R01.edf,2,3,6.0,eyes_open_rest,T0,ds005284,0,0.9394382116471001,-61.6367478182728,True
eegmmidb,S004,data/eegmmidb/S004/S004R01.edf,2,4,8.0,eyes_open_rest,T0,ds005284,1,1.0,-61.79209387978401,True
eegmmidb,S004,data/eegmmidb/S004/S004R01.edf,2,5,10.0,eyes_open_rest,T0,ds005284,1,0.9999999991732693,-56.71124528807784,True
eegmmidb,S004,data/eegmmidb/S004/S004R01.edf,2,6,12.0,eyes_open_rest,T0,ds005284,1,0.8732265797774865,-60.717691043955895,True
eegmmidb,S004,data/eegmmidb/S004/S004R01.edf,2,7,14.0,eyes_open_rest,T0,ds005284,1,0.9813927178340595,-51.09083570996405,True
eegmmidb,S004,data/eegmmidb/S004/S004R01.edf,2,8,16.0,eyes_open_rest,T0,ds005284,1,1.0,-48.97484861401988,True
eegmmidb,S004,data/eegmmidb/S004/S004R01.edf,2,9,18.0,eyes_open_rest,T0,ds005284,1,1.0,-57.08543620503534,True
eegmmidb,S004,data/eegmmidb/S004/S004R01.edf,2,10,20.0,eyes_open_rest,T0,ds005284,1,0.9999919422502606,-46.42175249491906,True
eegmmidb,S004,data/eegmmidb/S004/S004R01.edf,2,11,22.0,eyes_open_rest,T0,ds005284,1,1.0,-37.746260253644024,True
eegmmidb,S004,data/eegmmidb/S004/S004R01.edf,2,12,24.0,eyes_open_rest,T0,ds005284,1,1.0,-43.73689281088719,True
eegmmidb,S004,data/eegmmidb/S004/S004R01.edf,2,13,26.0,eyes_open_rest,T0,ds005284,1,0.999999999537998,-63.409371191542306,True
eegmmidb,S004,data/eegmmidb/S004/S004R01.edf,2,14,28.0,eyes_open_rest,T0,ds005284,1,0.9999999999697309,-43.23734465688159,True
eegmmidb,S004,data/eegmmidb/S004/S004R01.edf,2,15,30.0,eyes_open_rest,T0,ds005284,1,1.0,-58.25676870859656,True
eegmmidb,S004,data/eegmmidb/S004/S004R01.edf,2,16,32.0,eyes_open_rest,T0,ds005284,1,1.0,-47.124116999048496,True
eegmmidb,S004,data/eegmmidb/S004/S004R01.edf,2,17,34.0,eyes_open_rest,T0,ds005284,1,1.0,-27.51583098553249,False
eegmmidb,S004,data/eegmmidb/S004/S004R01.edf,2,18,36.0,eyes_open_rest,T0,ds005284,1,0.9999628188115894,-59.85633843696008,True
eegmmidb,S004,data/eegmmidb/S004/S004R01.edf,2,19,38.0,eyes_open_rest,T0,ds005284,1,1.0,-29.095695926328297,False
eegmmidb,S004,data/eegmmidb/S004/S004R01.edf,2,20,40.0,eyes_open_rest,T0,ds005284,0,0.9718438820586943,-64.6241674610844,True
eegmmidb,S004,data/eegmmidb/S004/S004R01.edf,2,21,42.0,eyes_open_rest,T0,ds005284,1,1.0,-40.36270354048808,True
eegmmidb,S004,data/eegmmidb/S004/S004R01.edf,2,22,44.0,eyes_open_rest,T0,ds005284,1,1.0,-52.07471916848829,True
eegmmidb,S004,data/eegmmidb/S004/S004R01.edf,2,23,46.0,eyes_open_rest,T0,ds005284,1,1.0,-50.712834925462026,True
eegmmidb,S004,data/eegmmidb/S004/S004R01.edf,2,24,48.0,eyes_open_rest,T0,ds005284,1,1.0,-44.59597779640962,True
eegmmidb,S004,data/eegmmidb/S004/S004R01.edf,2,25,50.0,eyes_open_rest,T0,ds005284,1,1.0,-60.826661068030155,True
eegmmidb,S004,data/eegmmidb/S004/S004R01.edf,2,26,52.0,eyes_open_rest,T0,ds005284,1,1.0,-59.28165130399022,True
eegmmidb,S004,data/eegmmidb/S004/S004R01.edf,2,27,54.0,eyes_open_rest,T0,ds005284,1,1.0,-47.542486613944504,True
eegmmidb,S004,data/eegmmidb/S004/S004R01.edf,2,28,56.0,eyes_open_rest,T0,ds005284,1,1.0,-60.71804266865947,True
eegmmidb,S004,data/eegmmidb/S004/S004R01.edf,2,29,58.0,eyes_open_rest,T0,ds005284,1,1.0,-58.877009644878804,True
eegmmidb,S004,data/eegmmidb/S004/S004R02.edf,2,0,0.0,eyes_closed_rest,T0,ds005284,0,1.0,-49.60208784837892,True
eegmmidb,S004,data/eegmmidb/S004/S004R02.edf,2,1,2.0,eyes_closed_rest,T0,ds005284,0,1.0,-46.76224193182401,True
eegmmidb,S004,data/eegmmidb/S004/S004R02.edf,2,2,4.0,eyes_closed_rest,T0,ds005284,0,1.0,-31.23212295192388,False
eegmmidb,S004,data/eegmmidb/S004/S004R02.edf,2,3,6.0,eyes_closed_rest,T0,ds005284,0,1.0,-33.21502777121716,False
eegmmidb,S004,data/eegmmidb/S004/S004R02.edf,2,4,8.0,eyes_closed_rest,T0,ds005284,0,1.0,-40.68047623286852,True
eegmmidb,S004,data/eegmmidb/S004/S004R02.edf,2,5,10.0,eyes_closed_rest,T0,ds005284,0,1.0,-39.02284717640128,True
eegmmidb,S004,data/eegmmidb/S004/S004R02.edf,2,6,12.0,eyes_closed_rest,T0,ds005284,0,1.0,-58.46634402856346,True
eegmmidb,S004,data/eegmmidb/S004/S004R02.edf,2,7,14.0,eyes_closed_rest,T0,ds005284,0,1.0,-39.50630761500031,True
eegmmidb,S004,data/eegmmidb/S004/S004R02.edf,2,8,16.0,eyes_closed_rest,T0,ds005284,0,1.0,-39.114465432047304,True
eegmmidb,S004,data/eegmmidb/S004/S004R02.edf,2,9,18.0,eyes_closed_rest,T0,ds005284,0,1.0,-38.15703887449589,True
eegmmidb,S004,data/eegmmidb/S004/S004R02.edf,2,10,20.0,eyes_closed_rest,T0,ds005284,0,1.0,-33.89569567551258,False
eegmmidb,S004,data/eegmmidb/S004/S004R02.edf,2,11,22.0,eyes_closed_rest,T0,ds005284,0,1.0,-48.56141794276534,True
eegmmidb,S004,data/eegmmidb/S004/S004R02.edf,2,12,24.0,eyes_closed_rest,T0,ds005284,0,1.0,-38.938631513321916,True
eegmmidb,S004,data/eegmmidb/S004/S004R02.edf,2,13,26.0,eyes_closed_rest,T0,ds005284,0,1.0,-41.89129430265471,True
eegmmidb,S004,data/eegmmidb/S004/S004R02.edf,2,14,28.0,eyes_closed_rest,T0,ds005284,0,1.0,-32.11376419367013,False
eegmmidb,S004,data/eegmmidb/S004/S004R02.edf,2,15,30.0,eyes_closed_rest,T0,ds005284,0,1.0,-29.268704186249888,False
eegmmidb,S004,data/eegmmidb/S004/S004R02.edf,2,16,32.0,eyes_closed_rest,T0,ds005284,0,1.0,-43.203682330620346,True
eegmmidb,S004,data/eegmmidb/S004/S004R02.edf,2,17,34.0,eyes_closed_rest,T0,ds005284,0,1.0,-50.41265594809246,True
eegmmidb,S004,data/eegmmidb/S004/S004R02.edf,2,18,36.0,eyes_closed_rest,T0,ds005284,0,1.0,-34.96296382062574,False
eegmmidb,S004,data/eegmmidb/S004/S004R02.edf,2,19,38.0,eyes_closed_rest,T0,ds005284,0,1.0,-31.83162547664293,False
eegmmidb,S004,data/eegmmidb/S004/S004R02.edf,2,20,40.0,eyes_closed_rest,T0,ds005284,0,1.0,-41.70194263415087,True
eegmmidb,S004,data/eegmmidb/S004/S004R02.edf,2,21,42.0,eyes_closed_rest,T0,ds005284,0,1.0,-40.96160710634292,True
eegmmidb,S004,data/eegmmidb/S004/S004R02.edf,2,22,44.0,eyes_closed_rest,T0,ds005284,0,1.0,-51.08796731145585,True
eegmmidb,S004,data/eegmmidb/S004/S004R02.edf,2,23,46.0,eyes_closed_rest,T0,ds005284,0,1.0,-27.089776470575703,False
eegmmidb,S004,data/eegmmidb/S004/S004R02.edf,2,24,48.0,eyes_closed_rest,T0,ds005284,0,1.0,-33.05849991833305,False
eegmmidb,S004,data/eegmmidb/S004/S004R02.edf,2,25,50.0,eyes_closed_rest,T0,ds005284,0,1.0,-31.072659406429953,False
eegmmidb,S004,data/eegmmidb/S004/S004R02.edf,2,26,52.0,eyes_closed_rest,T0,ds005284,0,1.0,-30.321679762757125,False
eegmmidb,S004,data/eegmmidb/S004/S004R02.edf,2,27,54.0,eyes_closed_rest,T0,ds005284,0,1.0,-45.74797909373209,True
eegmmidb,S004,data/eegmmidb/S004/S004R02.edf,2,28,56.0,eyes_closed_rest,T0,ds005284,0,1.0,-46.119460764064996,True
eegmmidb,S004,data/eegmmidb/S004/S004R02.edf,2,29,58.0,eyes_closed_rest,T0,ds005284,0,1.0,-33.477080317317956,False
eegmmidb,S004,data/eegmmidb/S004/S004R03.edf,2,0,0.0,motor_execution,T0,ds005284,1,1.0,-27.867760770077744,False
eegmmidb,S004,data/eegmmidb/S004/S004R03.edf,2,1,2.0,motor_execution,T0,ds005284,1,1.0,-41.27666897290708,True
eegmmidb,S004,data/eegmmidb/S004/S004R03.edf,2,2,4.0,motor_execution,T2,ds005284,1,1.0,-41.14850813583719,True
eegmmidb,S004,data/eegmmidb/S004/S004R03.edf,2,3,6.0,motor_execution,T2,ds005284,1,1.0,-47.72747150172257,True
eegmmidb,S004,data/eegmmidb/S004/S004R03.edf,2,4,10.0,motor_execution,T0,ds005284,1,1.0,-30.57836257173009,False
eegmmidb,S004,data/eegmmidb/S004/S004R03.edf,2,5,12.0,motor_execution,T1,ds005284,1,1.0,-40.05349055841891,True
eegmmidb,S004,data/eegmmidb/S004/S004R03.edf,2,6,14.0,motor_execution,T1,ds005284,1,0.9999999998265068,-50.04211666668591,True
eegmmidb,S004,data/eegmmidb/S004/S004R03.edf,2,7,16.0,motor_execution,T0,ds005284,1,1.0,-32.10854220732303,False
eegmmidb,S004,data/eegmmidb/S004/S004R03.edf,2,8,20.0,motor_execution,T2,ds005284,1,1.0,-44.270847512278515,True
eegmmidb,S004,data/eegmmidb/S004/S004R03.edf,2,9,22.0,motor_execution,T2,ds005284,1,0.7748751017348856,-44.37769787020997,True
eegmmidb,S004,data/eegmmidb/S004/S004R03.edf,2,10,24.0,motor_execution,T0,ds005284,1,1.0,-32.11476844147681,False
eegmmidb,S004,data/eegmmidb/S004/S004R03.edf,2,11,28.0,motor_execution,T1,ds005284,0,0.9991990520422379,-35.68463807127279,True
eegmmidb,S004,data/eegmmidb/S004/S004R03.edf,2,12,30.0,motor_execution,T1,ds005284,0,0.9999996787284237,-32.79943371258671,False
eegmmidb,S004,data/eegmmidb/S004/S004R03.edf,2,13,32.0,motor_execution,T0,ds005284,1,0.9999999999996376,-26.884975222012606,False
eegmmidb,S004,data/eegmmidb/S004/S004R03.edf,2,14,34.0,motor_execution,T0,ds005284,1,1.0,-33.88990082694503,False
eegmmidb,S004,data/eegmmidb/S004/S004R03.edf,2,15,38.0,motor_execution,T1,ds005284,0,0.9999713795870883,-39.30855558920013,True
eegmmidb,S004,data/eegmmidb/S004/S004R03.edf,2,16,40.0,motor_execution,T0,ds005284,1,0.9999999974065688,-40.2357930930978,True
eegmmidb,S004,data/eegmmidb/S004/S004R03.edf,2,17,42.0,motor_execution,T0,ds005284,1,1.0,-27.272027954217954,False
eegmmidb,S004,data/eegmmidb/S004/S004R03.edf,2,18,44.0,motor_execution,T0,ds005284,0,0.9999999999998721,-31.960609834633036,False
eegmmidb,S004,data/eegmmidb/S004/S004R03.edf,2,19,48.0,motor_execution,T2,ds005284,0,0.9999905349466203,-36.21945280721197,True
eegmmidb,S004,data/eegmmidb/S004/S004R03.edf,2,20,50.0,motor_execution,T0,ds005284,1,1.0,-32.89139131652086,False
eegmmidb,S004,data/eegmmidb/S004/S004R03.edf,2,21,52.0,motor_execution,T0,ds005284,0,0.9999999999998934,-33.91928613223392,False
eegmmidb,S004,data/eegmmidb/S004/S004R03.edf,2,22,56.0,motor_execution,T1,ds005284,0,0.9999999999999858,-29.94355672728489,False
eegmmidb,S004,data/eegmmidb/S004/S004R03.edf,2,23,58.0,motor_execution,T0,ds005284,1,0.9999999999999929,-46.210527535866206,True
eegmmidb,S004,data/eegmmidb/S004/S004R03.edf,2,24,60.0,motor_execution,T0,ds005284,0,0.9999999594942047,-37.842590090830825,True
eegmmidb,S004,data/eegmmidb/S004/S004R03.edf,2,25,62.0,motor_execution,T2,ds005284,0,1.0,-35.51773838282727,True
eegmmidb,S004,data/eegmmidb/S004/S004R03.edf,2,26,66.0,motor_execution,T0,ds005284,1,1.0,-32.95181937436005,False
eegmmidb,S004,data/eegmmidb/S004/S004R03.edf,2,27,68.0,motor_execution,T0,ds005284,0,1.0,-26.243684983749038,False
eegmmidb,S004,data/eegmmidb/S004/S004R03.edf,2,28,70.0,motor_execution,T2,ds005284,0,1.0,-24.39094119005404,False
eegmmidb,S004,data/eegmmidb/S004/S004R03.edf,2,29,74.0,motor_execution,T0,ds005284,1,0.9994367405454374,-27.42625092112993,False
eegmmidb,S004,data/eegmmidb/S004/S004R03.edf,2,30,76.0,motor_execution,T0,ds005284,1,1.0,-23.0643396159361,False
eegmmidb,S004,data/eegmmidb/S004/S004R03.edf,2,31,78.0,motor_execution,T1,ds005284,0,1.0,-22.046484751985957,False
eegmmidb,S004,data/eegmmidb/S004/S004R03.edf,2,32,80.0,motor_execution,T1,ds005284,0,1.0,-18.65596013471922,False
eegmmidb,S004,data/eegmmidb/S004/S004R03.edf,2,33,84.0,motor_execution,T0,ds005284,0,1.0,-26.0103084286153,False
eegmmidb,S004,data/eegmmidb/S004/S004R03.edf,2,34,86.0,motor_execution,T2,ds005284,1,1.0,-30.034573874881545,False
eegmmidb,S004,data/eegmmidb/S004/S004R03.edf,2,35,88.0,motor_execution,T2,ds005284,0,1.0,-23.682047707188676,False
eegmmidb,S004,data/eegmmidb/S004/S004R03.edf,2,36,90.0,motor_execution,T0,ds005284,0,0.9999999999999964,-19.05254533944183,False
eegmmidb,S004,data/eegmmidb/S004/S004R03.edf,2,37,94.0,motor_execution,T1,ds005284,1,1.0,-28.914353351019024,False
eegmmidb,S004,data/eegmmidb/S004/S004R03.edf,2,38,96.0,motor_execution,T1,ds005284,0,1.0,-19.615030742178096,False
eegmmidb,S004,data/eegmmidb/S004/S004R03.edf,2,39,98.0,motor_execution,T0,ds005284,0,1.0,-22.61720806253403,False
eegmmidb,S004,data/eegmmidb/S004/S004R03.edf,2,40,102.0,motor_execution,T2,ds005284,0,0.9992438073049995,-30.381367718198177,False
eegmmidb,S004,data/eegmmidb/S004/S004R03.edf,2,41,104.0,motor_execution,T2,ds005284,0,1.0,-17.96573412087647,False
eegmmidb,S004,data/eegmmidb/S004/S004R03.edf,2,42,106.0,motor_execution,T0,ds005284,1,1.0,-33.144224845386766,False
eegmmidb,S004,data/eegmmidb/S004/S004R03.edf,2,43,108.0,motor_execution,T0,ds005284,1,1.0,-25.98516574539328,False
eegmmidb,S004,data/eegmmidb/S004/S004R03.edf,2,44,112.0,motor_execution,T1,ds005284,0,1.0,-21.84028105407646,False
eegmmidb,S004,data/eegmmidb/S004/S004R03.edf,2,45,114.0,motor_execution,T0,ds005284,1,1.0,-32.82987614755323,False
eegmmidb,S004,data/eegmmidb/S004/S004R03.edf,2,46,116.0,motor_execution,T0,ds005284,0,0.9999999933611718,-24.319861452006,False
eegmmidb,S004,data/eegmmidb/S004/S004R03.edf,2,47,120.0,motor_execution,T2,ds005284,0,1.0,-25.34122687503204,False
eegmmidb,S004,data/eegmmidb/S004/S004R04.edf,2,0,0.0,motor_imagery,T0,ds005284,1,1.0,-30.952638109265358,False
eegmmidb,S004,data/eegmmidb/S004/S004R04.edf,2,1,2.0,motor_imagery,T0,ds005284,1,1.0,-25.530263213971644,False
eegmmidb,S004,data/eegmmidb/S004/S004R04.edf,2,2,4.0,motor_imagery,T1,ds005284,0,0.9999999996824087,-59.762940008816585,True
eegmmidb,S004,data/eegmmidb/S004/S004R04.edf,2,3,6.0,motor_imagery,T1,ds005284,0,1.0,-53.44865477838521,True
eegmmidb,S004,data/eegmmidb/S004/S004R04.edf,2,4,10.0,motor_imagery,T0,ds005284,0,0.9999999999999503,-48.22056313127051,True
eegmmidb,S004,data/eegmmidb/S004/S004R04.edf,2,5,12.0,motor_imagery,T2,ds005284,0,1.0,-83.24194231651569,True
eegmmidb,S004,data/eegmmidb/S004/S004R04.edf,2,6,14.0,motor_imagery,T2,ds005284,0,1.0,-58.76316647411475,True
eegmmidb,S004,data/eegmmidb/S004/S004R04.edf,2,7,16.0,motor_imagery,T0,ds005284,1,1.0,-21.59550742971075,False
eegmmidb,S004,data/eegmmidb/S004/S004R04.edf,2,8,20.0,motor_imagery,T1,ds005284,1,1.0,-21.564178729126397,False
eegmmidb,S004,data/eegmmidb/S004/S004R04.edf,2,9,22.0,motor_imagery,T1,ds005284,0,0.999999999992319,-43.99315744584012,True
eegmmidb,S004,data/eegmmidb/S004/S004R04.edf,2,10,24.0,motor_imagery,T0,ds005284,1,1.0,-29.424813925534018,False
eegmmidb,S004,data/eegmmidb/S004/S004R04.edf,2,11,28.0,motor_imagery,T2,ds005284,1,0.9999999999991012,-28.347387980501626,False
eegmmidb,S004,data/eegmmidb/S004/S004R04.edf,2,12,30.0,motor_imagery,T2,ds005284,0,1.0,-52.177866387774436,True
eegmmidb,S004,data/eegmmidb/S004/S004R04.edf,2,13,32.0,motor_imagery,T0,ds005284,0,0.999999999999929,-53.995750602788476,True
eegmmidb,S004,data/eegmmidb/S004/S004R04.edf,2,14,34.0,motor_imagery,T0,ds005284,1,1.0,-22.94506228708682,False
eegmmidb,S004,data/eegmmidb/S004/S004R04.edf,2,15,38.0,motor_imagery,T1,ds005284,0,1.0,-27.840316015986726,False
eegmmidb,S004,data/eegmmidb/S004/S004R04.edf,2,16,40.0,motor_imagery,T0,ds005284,1,0.9993820712868057,-48.30874699653176,True
eegmmidb,S004,data/eegmmidb/S004/S004R04.edf,2,17,42.0,motor_imagery,T0,ds005284,1,1.0,-25.40834067850141,False
eegmmidb,S004,data/eegmmidb/S004/S004R04.edf,2,18,44.0,motor_imagery,T0,ds005284,0,0.9999973105580792,-47.98626493161627,True
eegmmidb,S004,data/eegmmidb/S004/S004R04.edf,2,19,48.0,motor_imagery,T2,ds005284,0,0.999999978236801,-65.48572141734867,True
eegmmidb,S004,data/eegmmidb/S004/S004R04.edf,2,20,50.0,motor_imagery,T0,ds005284,1,1.0,-49.78183851550782,True
eegmmidb,S004,data/eegmmidb/S004/S004R04.edf,2,21,52.0,motor_imagery,T0,ds005284,1,1.0,-30.633250073078152,False
eegmmidb,S004,data/eegmmidb/S004/S004R04.edf,2,22,56.0,motor_imagery,T2,ds005284,0,0.9998415203961669,-59.89215944145739,True
eegmmidb,S004,data/eegmmidb/S004/S004R04.edf,2,23,58.0,motor_imagery,T0,ds005284,1,1.0,-47.40505775690755,True
eegmmidb,S004,data/eegmmidb/S004/S004R04.edf,2,24,60.0,motor_imagery,T0,ds005284,0,0.6422758398885505,-44.916041629732675,True
eegmmidb,S004,data/eegmmidb/S004/S004R04.edf,2,25,62.0,motor_imagery,T1,ds005284,0,1.0,-35.25250611780564,True
eegmmidb,S004,data/eegmmidb/S004/S004R04.edf,2,26,66.0,motor_imagery,T0,ds005284,1,1.0,-32.64807435562751,False
eegmmidb,S004,data/eegmmidb/S004/S004R04.edf,2,27,68.0,motor_imagery,T0,ds005284,0,0.9999999999895159,-23.66210900667575,False
eegmmidb,S004,data/eegmmidb/S004/S004R04.edf,2,28,70.0,motor_imagery,T2,ds005284,0,1.0,-70.36539238593352,True
eegmmidb,S004,data/eegmmidb/S004/S004R04.edf,2,29,74.0,motor_imagery,T0,ds005284,1,1.0,-34.503424192035084,False
eegmmidb,S004,data/eegmmidb/S004/S004R04.edf,2,30,76.0,motor_imagery,T0,ds005284,1,0.999999999913932,-63.2633891740449,True
eegmmidb,S004,data/eegmmidb/S004/S004R04.edf,2,31,78.0,motor_imagery,T1,ds005284,0,1.0,-49.401791846264636,True
eegmmidb,S004,data/eegmmidb/S004/S004R04.edf,2,32,80.0,motor_imagery,T1,ds005284,0,1.0,-60.25166095431846,True
eegmmidb,S004,data/eegmmidb/S004/S004R04.edf,2,33,84.0,motor_imagery,T0,ds005284,1,1.0,-32.84368544375131,False
eegmmidb,S004,data/eegmmidb/S004/S004R04.edf,2,34,86.0,motor_imagery,T1,ds005284,1,0.9997350241526651,-90.22180322124915,True
eegmmidb,S004,data/eegmmidb/S004/S004R04.edf,2,35,88.0,motor_imagery,T1,ds005284,0,1.0,-35.011975453363185,False
eegmmidb,S004,data/eegmmidb/S004/S004R04.edf,2,36,90.0,motor_imagery,T0,ds005284,1,1.0,-23.220295924715508,False
eegmmidb,S004,data/eegmmidb/S004/S004R04.edf,2,37,94.0,motor_imagery,T2,ds005284,0,0.9999999892856337,-27.628219022264606,False
eegmmidb,S004,data/eegmmidb/S004/S004R04.edf,2,38,96.0,motor_imagery,T2,ds005284,0,1.0,-44.04735340172218,True
eegmmidb,S004,data/eegmmidb/S004/S004R04.edf,2,39,98.0,motor_imagery,T0,ds005284,1,1.0,-30.769217000423147,False
eegmmidb,S004,data/eegmmidb/S004/S004R04.edf,2,40,102.0,motor_imagery,T2,ds005284,0,0.9945552112351987,-25.82074616617106,False
eegmmidb,S004,data/eegmmidb/S004/S004R04.edf,2,41,104.0,motor_imagery,T2,ds005284,0,0.9999997741696063,-77.79898473772779,True
eegmmidb,S004,data/eegmmidb/S004/S004R04.edf,2,42,106.0,motor_imagery,T0,ds005284,1,1.0,-23.45604344656428,False
eegmmidb,S004,data/eegmmidb/S004/S004R04.edf,2,43,108.0,motor_imagery,T0,ds005284,1,1.0,-44.15889814090651,True
eegmmidb,S004,data/eegmmidb/S004/S004R04.edf,2,44,112.0,motor_imagery,T1,ds005284,0,0.9999999994608757,-43.80766939303102,True
eegmmidb,S004,data/eegmmidb/S004/S004R04.edf,2,45,114.0,motor_imagery,T0,ds005284,1,1.0,-31.55008684940833,False
eegmmidb,S004,data/eegmmidb/S004/S004R04.edf,2,46,116.0,motor_imagery,T0,ds005284,1,1.0,-27.919881959826306,False
eegmmidb,S004,data/eegmmidb/S004/S004R04.edf,2,47,120.0,motor_imagery,T1,ds005284,0,1.0,-58.93453258181524,True
eegmmidb,S004,data/eegmmidb/S004/S004R07.edf,2,0,0.0,motor_execution,T0,ds005284,1,1.0,-31.30318558798362,False
eegmmidb,S004,data/eegmmidb/S004/S004R07.edf,2,1,2.0,motor_execution,T0,ds005284,1,1.0,-35.40356471139189,True
eegmmidb,S004,data/eegmmidb/S004/S004R07.edf,2,2,4.0,motor_execution,T2,ds005284,0,1.0,-25.54677398076824,False
eegmmidb,S004,data/eegmmidb/S004/S004R07.edf,2,3,6.0,motor_execution,T2,ds005284,0,1.0,-27.36596901862531,False
eegmmidb,S004,data/eegmmidb/S004/S004R07.edf,2,4,10.0,motor_execution,T0,ds005284,1,1.0,-27.70085890560013,False
eegmmidb,S004,data/eegmmidb/S004/S004R07.edf,2,5,12.0,motor_execution,T1,ds005284,0,1.0,-28.677232384642384,False
eegmmidb,S004,data/eegmmidb/S004/S004R07.edf,2,6,14.0,motor_execution,T1,ds005284,0,1.0,-24.082547443033167,False
eegmmidb,S004,data/eegmmidb/S004/S004R07.edf,2,7,16.0,motor_execution,T0,ds005284,1,1.0,-23.24159091080591,False
eegmmidb,S004,data/eegmmidb/S004/S004R07.edf,2,8,20.0,motor_execution,T1,ds005284,0,0.9999995310989467,-31.911180562539958,False
eegmmidb,S004,data/eegmmidb/S004/S004R07.edf,2,9,22.0,motor_execution,T1,ds005284,0,1.0,-23.848351168241226,False
eegmmidb,S004,data/eegmmidb/S004/S004R07.edf,2,10,24.0,motor_execution,T0,ds005284,1,1.0,-24.4737268199506,False
eegmmidb,S004,data/eegmmidb/S004/S004R07.edf,2,11,28.0,motor_execution,T2,ds005284,0,0.808508884881011,-36.80392709552437,True
eegmmidb,S004,data/eegmmidb/S004/S004R07.edf,2,12,30.0,motor_execution,T2,ds005284,0,1.0,-27.909853135047133,False
eegmmidb,S004,data/eegmmidb/S004/S004R07.edf,2,13,32.0,motor_execution,T0,ds005284,0,0.9999998744136008,-22.2556628977473,False
eegmmidb,S004,data/eegmmidb/S004/S004R07.edf,2,14,34.0,motor_execution,T0,ds005284,1,0.9999997548732666,-43.26512924605409,True
eegmmidb,S004,data/eegmmidb/S004/S004R07.edf,2,15,38.0,motor_execution,T1,ds005284,0,1.0,-24.88418103146172,False
eegmmidb,S004,data/eegmmidb/S004/S004R07.edf,2,16,40.0,motor_execution,T0,ds005284,1,1.0,-25.791442332841775,False
eegmmidb,S004,data/eegmmidb/S004/S004R07.edf,2,17,42.0,motor_execution,T0,ds005284,1,1.0,-30.697384402893547,False
eegmmidb,S004,data/eegmmidb/S004/S004R07.edf,2,18,44.0,motor_execution,T0,ds005284,0,0.9999999999999893,-20.64566352306727,False
eegmmidb,S004,data/eegmmidb/S004/S004R07.edf,2,19,48.0,motor_execution,T2,ds005284,1,0.9999991927600637,-37.68205231173931,True
eegmmidb,S004,data/eegmmidb/S004/S004R07.edf,2,20,50.0,motor_execution,T0,ds005284,1,1.0,-31.154788997504674,False
eegmmidb,S004,data/eegmmidb/S004/S004R07.edf,2,21,52.0,motor_execution,T0,ds005284,0,0.9999999999977511,-24.58943503918057,False
eegmmidb,S004,data/eegmmidb/S004/S004R07.edf,2,22,56.0,motor_execution,T2,ds005284,1,0.9978572073937478,-56.900462417174886,True
eegmmidb,S004,data/eegmmidb/S004/S004R07.edf,2,23,58.0,motor_execution,T0,ds005284,1,1.0,-37.405707059017736,True
eegmmidb,S004,data/eegmmidb/S004/S004R07.edf,2,24,60.0,motor_execution,T0,ds005284,1,0.9999984142982821,-46.62030412450074,True
eegmmidb,S004,data/eegmmidb/S004/S004R07.edf,2,25,62.0,motor_execution,T1,ds005284,0,1.0,-22.788127722720045,False
eegmmidb,S004,data/eegmmidb/S004/S004R07.edf,2,26,66.0,motor_execution,T0,ds005284,1,1.0,-46.296597262110154,True
eegmmidb,S004,data/eegmmidb/S004/S004R07.edf,2,27,68.0,motor_execution,T0,ds005284,0,1.0,-31.380958689836024,False
eegmmidb,S004,data/eegmmidb/S004/S004R07.edf,2,28,70.0,motor_execution,T2,ds005284,0,1.0,-30.002983529760176,False
eegmmidb,S004,data/eegmmidb/S004/S004R07.edf,2,29,74.0,motor_execution,T0,ds005284,1,0.9999999999999183,-27.663605967105514,False
eegmmidb,S004,data/eegmmidb/S004/S004R07.edf,2,30,76.0,motor_execution,T0,ds005284,1,1.0,-22.81638277024161,False
eegmmidb,S004,data/eegmmidb/S004/S004R07.edf,2,31,78.0,motor_execution,T1,ds005284,0,1.0,-48.85619635559649,True
eegmmidb,S004,data/eegmmidb/S004/S004R07.edf,2,32,80.0,motor_execution,T1,ds005284,0,1.0,-30.15523876386087,False
eegmmidb,S004,data/eegmmidb/S004/S004R07.edf,2,33,84.0,motor_execution,T0,ds005284,0,0.9999999999999609,-22.951525049149076,False
eegmmidb,S004,data/eegmmidb/S004/S004R07.edf,2,34,86.0,motor_execution,T1,ds005284,0,0.9999999840971584,-28.672407522223867,False
eegmmidb,S004,data/eegmmidb/S004/S004R07.edf,2,35,88.0,motor_execution,T1,ds005284,0,1.0,-36.389767559264804,True
eegmmidb,S004,data/eegmmidb/S004/S004R07.edf,2,36,90.0,motor_execution,T0,ds005284,1,1.0,-37.44652062057447,True
eegmmidb,S004,data/eegmmidb/S004/S004R07.edf,2,37,94.0,motor_execution,T2,ds005284,0,0.9999999992820179,-32.67421533791716,False
eegmmidb,S004,data/eegmmidb/S004/S004R07.edf,2,38,96.0,motor_execution,T2,ds005284,0,0.9999999997864677,-30.377759668251546,False
eegmmidb,S004,data/eegmmidb/S004/S004R07.edf,2,39,98.0,motor_execution,T0,ds005284,1,1.0,-22.99777516723799,False
eegmmidb,S004,data/eegmmidb/S004/S004R07.edf,2,40,102.0,motor_execution,T2,ds005284,0,0.9994482043281332,-34.91192422868013,False
eegmmidb,S004,data/eegmmidb/S004/S004R07.edf,2,41,104.0,motor_execution,T2,ds005284,0,1.0,-24.926471742182674,False
eegmmidb,S004,data/eegmmidb/S004/S004R07.edf,2,42,106.0,motor_execution,T0,ds005284,1,1.0,-30.522171056810528,False
eegmmidb,S004,data/eegmmidb/S004/S004R07.edf,2,43,108.0,motor_execution,T0,ds005284,1,1.0,-31.997354058269345,False
eegmmidb,S004,data/eegmmidb/S004/S004R07.edf,2,44,112.0,motor_execution,T1,ds005284,0,1.0,-28.768922073970405,False
eegmmidb,S004,data/eegmmidb/S004/S004R07.edf,2,45,114.0,motor_execution,T0,ds005284,1,1.0,-25.60251670902074,False
eegmmidb,S004,data/eegmmidb/S004/S004R07.edf,2,46,116.0,motor_execution,T0,ds005284,0,0.9999999999999503,-56.28456116477122,True
eegmmidb,S004,data/eegmmidb/S004/S004R07.edf,2,47,120.0,motor_execution,T2,ds005284,1,0.7305229760802266,-45.0576377644387,True
eegmmidb,S004,data/eegmmidb/S004/S004R08.edf,2,0,0.0,motor_imagery,T0,ds005284,1,1.0,-34.42076204438671,False
eegmmidb,S004,data/eegmmidb/S004/S004R08.edf,2,1,2.0,motor_imagery,T0,ds005284,1,1.0,-21.113175634094688,False
eegmmidb,S004,data/eegmmidb/S004/S004R08.edf,2,2,4.0,motor_imagery,T1,ds005284,0,0.9999999999964686,-39.75104110937461,True
eegmmidb,S004,data/eegmmidb/S004/S004R08.edf,2,3,6.0,motor_imagery,T1,ds005284,0,1.0,-56.24648929302641,True
eegmmidb,S004,data/eegmmidb/S004/S004R08.edf,2,4,10.0,motor_imagery,T0,ds005284,0,0.9999999999926246,-30.094011801189044,False
eegmmidb,S004,data/eegmmidb/S004/S004R08.edf,2,5,12.0,motor_imagery,T2,ds005284,0,1.0,-31.162365024053,False
eegmmidb,S004,data/eegmmidb/S004/S004R08.edf,2,6,14.0,motor_imagery,T2,ds005284,0,1.0,-39.73385365153367,True
eegmmidb,S004,data/eegmmidb/S004/S004R08.edf,2,7,16.0,motor_imagery,T0,ds005284,1,1.0,-25.26999355625741,False
eegmmidb,S004,data/eegmmidb/S004/S004R08.edf,2,8,20.0,motor_imagery,T2,ds005284,0,0.9999999999986997,-29.752002357564987,False
eegmmidb,S004,data/eegmmidb/S004/S004R08.edf,2,9,22.0,motor_imagery,T2,ds005284,0,1.0,-27.32343504438384,False
eegmmidb,S004,data/eegmmidb/S004/S004R08.edf,2,10,24.0,motor_imagery,T0,ds005284,1,1.0,-23.168601280238136,False
eegmmidb,S004,data/eegmmidb/S004/S004R08.edf,2,11,28.0,motor_imagery,T1,ds005284,1,0.897923435937607,-32.098546871371354,False
eegmmidb,S004,data/eegmmidb/S004/S004R08.edf,2,12,30.0,motor_imagery,T1,ds005284,0,1.0,-47.28682174060733,True
eegmmidb,S004,data/eegmmidb/S004/S004R08.edf,2,13,32.0,motor_imagery,T0,ds005284,0,1.0,-45.44860848255874,True
eegmmidb,S004,data/eegmmidb/S004/S004R08.edf,2,14,34.0,motor_imagery,T0,ds005284,1,1.0,-34.23890126393133,False
eegmmidb,S004,data/eegmmidb/S004/S004R08.edf,2,15,38.0,motor_imagery,T2,ds005284,0,0.9999999999998366,-47.368171130334446,True
eegmmidb,S004,data/eegmmidb/S004/S004R08.edf,2,16,40.0,motor_imagery,T0,ds005284,1,1.0,-23.67114160023641,False
eegmmidb,S004,data/eegmmidb/S004/S004R08.edf,2,17,42.0,motor_imagery,T0,ds005284,0,0.9999999999889653,-33.841402304732206,False
eegmmidb,S004,data/eegmmidb/S004/S004R08.edf,2,18,44.0,motor_imagery,T0,ds005284,1,0.8787222507823486,-48.82785356629096,True
eegmmidb,S004,data/eegmmidb/S004/S004R08.edf,2,19,48.0,motor_imagery,T1,ds005284,0,0.9994210659674945,-46.012943042390745,True
eegmmidb,S004,data/eegmmidb/S004/S004R08.edf,2,20,50.0,motor_imagery,T0,ds005284,1,1.0,-23.93145348273533,False
eegmmidb,S004,data/eegmmidb/S004/S004R08.edf,2,21,52.0,motor_imagery,T0,ds005284,0,0.9999999999997726,-32.1945156414236,False
eegmmidb,S004,data/eegmmidb/S004/S004R08.edf,2,22,56.0,motor_imagery,T1,ds005284,1,0.9999979956429691,-62.55991390757677,True
eegmmidb,S004,data/eegmmidb/S004/S004R08.edf,2,23,58.0,motor_imagery,T0,ds005284,1,0.9998429004719962,-37.475070969575874,True
eegmmidb,S004,data/eegmmidb/S004/S004R08.edf,2,24,60.0,motor_imagery,T0,ds005284,0,1.0,-48.29171191088719,True
eegmmidb,S004,data/eegmmidb/S004/S004R08.edf,2,25,62.0,motor_imagery,T2,ds005284,0,0.9999999546873052,-50.27075497829461,True
eegmmidb,S004,data/eegmmidb/S004/S004R08.edf,2,26,66.0,motor_imagery,T0,ds005284,1,1.0,-33.12913015544792,False
eegmmidb,S004,data/eegmmidb/S004/S004R08.edf,2,27,68.0,motor_imagery,T0,ds005284,0,1.0,-31.835965326610893,False
eegmmidb,S004,data/eegmmidb/S004/S004R08.edf,2,28,70.0,motor_imagery,T1,ds005284,0,0.9999999999988489,-44.95454506217205,True
eegmmidb,S004,data/eegmmidb/S004/S004R08.edf,2,29,74.0,motor_imagery,T0,ds005284,1,1.0,-44.20698639869828,True
eegmmidb,S004,data/eegmmidb/S004/S004R08.edf,2,30,76.0,motor_imagery,T0,ds005284,1,1.0,-32.78739653943105,False
eegmmidb,S004,data/eegmmidb/S004/S004R08.edf,2,31,78.0,motor_imagery,T2,ds005284,0,0.9257404255368581,-52.43999106893911,True
eegmmidb,S004,data/eegmmidb/S004/S004R08.edf,2,32,80.0,motor_imagery,T2,ds005284,0,1.0,-37.31348153734114,True
eegmmidb,S004,data/eegmmidb/S004/S004R08.edf,2,33,84.0,motor_imagery,T0,ds005284,0,0.6254552491116656,-29.286043142203148,False
eegmmidb,S004,data/eegmmidb/S004/S004R08.edf,2,34,86.0,motor_imagery,T2,ds005284,0,0.999999934937373,-40.17185552559912,True
eegmmidb,S004,data/eegmmidb/S004/S004R08.edf,2,35,88.0,motor_imagery,T2,ds005284,0,0.9999999999829612,-46.97961444939375,True
eegmmidb,S004,data/eegmmidb/S004/S004R08.edf,2,36,90.0,motor_imagery,T0,ds005284,1,1.0,-24.34772578321855,False
eegmmidb,S004,data/eegmmidb/S004/S004R08.edf,2,37,94.0,motor_imagery,T1,ds005284,0,0.9999999999501483,-43.87288171832011,True
eegmmidb,S004,data/eegmmidb/S004/S004R08.edf,2,38,96.0,motor_imagery,T1,ds005284,0,0.999999996382769,-50.27660520553021,True
eegmmidb,S004,data/eegmmidb/S004/S004R08.edf,2,39,98.0,motor_imagery,T0,ds005284,1,1.0,-21.211074177551865,False
eegmmidb,S004,data/eegmmidb/S004/S004R08.edf,2,40,102.0,motor_imagery,T2,ds005284,1,0.8302223362379529,-46.283991652208584,True
eegmmidb,S004,data/eegmmidb/S004/S004R08.edf,2,41,104.0,motor_imagery,T2,ds005284,0,0.9999999921510181,-57.689028996138056,True
eegmmidb,S004,data/eegmmidb/S004/S004R08.edf,2,42,106.0,motor_imagery,T0,ds005284,1,1.0,-24.26271827999686,False
eegmmidb,S004,data/eegmmidb/S004/S004R08.edf,2,43,108.0,motor_imagery,T0,ds005284,0,1.0,-43.13717867858914,True
eegmmidb,S004,data/eegmmidb/S004/S004R08.edf,2,44,112.0,motor_imagery,T1,ds005284,1,1.0,-22.016197540848538,False
eegmmidb,S004,data/eegmmidb/S004/S004R08.edf,2,45,114.0,motor_imagery,T0,ds005284,1,1.0,-26.18944078744829,False
eegmmidb,S004,data/eegmmidb/S004/S004R08.edf,2,46,116.0,motor_imagery,T0,ds005284,1,1.0,-26.586758149808865,False
eegmmidb,S004,data/eegmmidb/S004/S004R08.edf,2,47,120.0,motor_imagery,T2,ds005284,0,0.9999999999999858,-40.535976931774435,True
eegmmidb,S004,data/eegmmidb/S004/S004R11.edf,2,0,0.0,motor_execution,T0,ds005284,1,1.0,-29.954164482116845,False
eegmmidb,S004,data/eegmmidb/S004/S004R11.edf,2,1,2.0,motor_execution,T0,ds005284,0,1.0,-24.94563068455567,False
eegmmidb,S004,data/eegmmidb/S004/S004R11.edf,2,2,4.0,motor_execution,T1,ds005284,0,1.0,-17.893003467752454,False
eegmmidb,S004,data/eegmmidb/S004/S004R11.edf,2,3,6.0,motor_execution,T1,ds005284,0,1.0,-21.647019646016226,False
eegmmidb,S004,data/eegmmidb/S004/S004R11.edf,2,4,10.0,motor_execution,T0,ds005284,1,1.0,-31.169155493143755,False
eegmmidb,S004,data/eegmmidb/S004/S004R11.edf,2,5,12.0,motor_execution,T2,ds005284,0,1.0,-17.35055993647282,False
eegmmidb,S004,data/eegmmidb/S004/S004R11.edf,2,6,14.0,motor_execution,T2,ds005284,0,1.0,-29.618481859419663,False
eegmmidb,S004,data/eegmmidb/S004/S004R11.edf,2,7,16.0,motor_execution,T0,ds005284,1,1.0,-43.40083022629354,True
eegmmidb,S004,data/eegmmidb/S004/S004R11.edf,2,8,20.0,motor_execution,T2,ds005284,1,0.9999999999999964,-21.64696568930857,False
eegmmidb,S004,data/eegmmidb/S004/S004R11.edf,2,9,22.0,motor_execution,T2,ds005284,0,1.0,-25.564983130114246,False
eegmmidb,S004,data/eegmmidb/S004/S004R11.edf,2,10,24.0,motor_execution,T0,ds005284,1,0.9999999999999964,-25.029824194860485,False
eegmmidb,S004,data/eegmmidb/S004/S004R11.edf,2,11,28.0,motor_execution,T1,ds005284,0,0.9999999900203669,-18.093492582001982,False
eegmmidb,S004,data/eegmmidb/S004/S004R11.edf,2,12,30.0,motor_execution,T1,ds005284,0,1.0,-18.787576726695967,False
eegmmidb,S004,data/eegmmidb/S004/S004R11.edf,2,13,32.0,motor_execution,T0,ds005284,1,1.0,-26.42069876296646,False
eegmmidb,S004,data/eegmmidb/S004/S004R11.edf,2,14,34.0,motor_execution,T0,ds005284,1,0.9999999999999964,-23.054975565540733,False
eegmmidb,S004,data/eegmmidb/S004/S004R11.edf,2,15,38.0,motor_execution,T1,ds005284,0,0.9990324615526093,-17.739309458774695,False
eegmmidb,S004,data/eegmmidb/S004/S004R11.edf,2,16,40.0,motor_execution,T0,ds005284,1,1.0,-28.384133390734014,False
eegmmidb,S004,data/eegmmidb/S004/S004R11.edf,2,17,42.0,motor_execution,T0,ds005284,1,1.0,-37.03483406846445,True
eegmmidb,S004,data/eegmmidb/S004/S004R11.edf,2,18,44.0,motor_execution,T0,ds005284,1,1.0,-42.37736050063055,True
eegmmidb,S004,data/eegmmidb/S004/S004R11.edf,2,19,48.0,motor_execution,T2,ds005284,1,1.0,-36.127162762032505,True
eegmmidb,S004,data/eegmmidb/S004/S004R11.edf,2,20,50.0,motor_execution,T0,ds005284,0,0.9999999957698833,-34.00758417161533,False
eegmmidb,S004,data/eegmmidb/S004/S004R11.edf,2,21,52.0,motor_execution,T0,ds005284,0,1.0,-28.943047670421617,False
eegmmidb,S004,data/eegmmidb/S004/S004R11.edf,2,22,56.0,motor_execution,T1,ds005284,0,0.9999992273543583,-19.786183879220914,False
eegmmidb,S004,data/eegmmidb/S004/S004R11.edf,2,23,58.0,motor_execution,T0,ds005284,1,1.0,-33.66435570574101,False
eegmmidb,S004,data/eegmmidb/S004/S004R11.edf,2,24,60.0,motor_execution,T0,ds005284,0,1.0,-19.776174255310767,False
eegmmidb,S004,data/eegmmidb/S004/S004R11.edf,2,25,62.0,motor_execution,T2,ds005284,0,1.0,-22.130089303975623,False
eegmmidb,S004,data/eegmmidb/S004/S004R11.edf,2,26,66.0,motor_execution,T0,ds005284,0,1.0,-22.056292902563264,False
eegmmidb,S004,data/eegmmidb/S004/S004R11.edf,2,27,68.0,motor_execution,T0,ds005284,0,1.0,-19.182538048489533,False
eegmmidb,S004,data/eegmmidb/S004/S004R11.edf,2,28,70.0,motor_execution,T1,ds005284,0,1.0,-15.889690900917346,False
eegmmidb,S004,data/eegmmidb/S004/S004R11.edf,2,29,74.0,motor_execution,T0,ds005284,1,1.0,-32.32460623333841,False
eegmmidb,S004,data/eegmmidb/S004/S004R11.edf,2,30,76.0,motor_execution,T0,ds005284,0,1.0,-29.89999198750999,False
eegmmidb,S004,data/eegmmidb/S004/S004R11.edf,2,31,78.0,motor_execution,T2,ds005284,0,1.0,-17.856763513082633,False
eegmmidb,S004,data/eegmmidb/S004/S004R11.edf,2,32,80.0,motor_execution,T2,ds005284,0,1.0,-19.665102232785635,False
eegmmidb,S004,data/eegmmidb/S004/S004R11.edf,2,33,84.0,motor_execution,T0,ds005284,0,1.0,-20.434309728475018,False
eegmmidb,S004,data/eegmmidb/S004/S004R11.edf,2,34,86.0,motor_execution,T1,ds005284,0,1.0,-20.221628735073896,False
eegmmidb,S004,data/eegmmidb/S004/S004R11.edf,2,35,88.0,motor_execution,T1,ds005284,0,1.0,-21.0877761407555,False
eegmmidb,S004,data/eegmmidb/S004/S004R11.edf,2,36,90.0,motor_execution,T0,ds005284,1,1.0,-26.99017142899237,False
eegmmidb,S004,data/eegmmidb/S004/S004R11.edf,2,37,94.0,motor_execution,T2,ds005284,1,1.0,-26.28433743624641,False
eegmmidb,S004,data/eegmmidb/S004/S004R11.edf,2,38,96.0,motor_execution,T2,ds005284,0,1.0,-21.169082814778697,False
eegmmidb,S004,data/eegmmidb/S004/S004R11.edf,2,39,98.0,motor_execution,T0,ds005284,1,1.0,-26.93305683401187,False
eegmmidb,S004,data/eegmmidb/S004/S004R11.edf,2,40,102.0,motor_execution,T2,ds005284,0,0.9999999999968558,-17.973771527599748,False
eegmmidb,S004,data/eegmmidb/S004/S004R11.edf,2,41,104.0,motor_execution,T2,ds005284,0,1.0,-29.907822490917386,False
eegmmidb,S004,data/eegmmidb/S004/S004R11.edf,2,42,106.0,motor_execution,T0,ds005284,1,1.0,-37.144707888573684,True
eegmmidb,S004,data/eegmmidb/S004/S004R11.edf,2,43,108.0,motor_execution,T0,ds005284,0,1.0,-27.5523149392661,False
eegmmidb,S004,data/eegmmidb/S004/S004R11.edf,2,44,112.0,motor_execution,T1,ds005284,1,0.982138091098036,-42.35549088608149,True
eegmmidb,S004,data/eegmmidb/S004/S004R11.edf,2,45,114.0,motor_execution,T0,ds005284,1,1.0,-36.52224352187502,True
eegmmidb,S004,data/eegmmidb/S004/S004R11.edf,2,46,116.0,motor_execution,T0,ds005284,1,1.0,-29.084421025762452,False
eegmmidb,S004,data/eegmmidb/S004/S004R11.edf,2,47,120.0,motor_execution,T1,ds005284,0,0.9999818165847733,-27.66247758343659,False
eegmmidb,S004,data/eegmmidb/S004/S004R12.edf,2,0,0.0,motor_imagery,T0,ds005284,1,1.0,-30.34297433918689,False
eegmmidb,S004,data/eegmmidb/S004/S004R12.edf,2,1,2.0,motor_imagery,T0,ds005284,0,1.0,-30.109167331206496,False
eegmmidb,S004,data/eegmmidb/S004/S004R12.edf,2,2,4.0,motor_imagery,T1,ds005284,0,0.9999991799496777,-96.68561655799654,True
eegmmidb,S004,data/eegmmidb/S004/S004R12.edf,2,3,6.0,motor_imagery,T1,ds005284,1,1.0,-32.033759493347205,False
eegmmidb,S004,data/eegmmidb/S004/S004R12.edf,2,4,10.0,motor_imagery,T0,ds005284,1,1.0,-27.59005019586325,False
eegmmidb,S004,data/eegmmidb/S004/S004R12.edf,2,5,12.0,motor_imagery,T2,ds005284,0,0.999071893457226,-53.450608752396285,True
eegmmidb,S004,data/eegmmidb/S004/S004R12.edf,2,6,14.0,motor_imagery,T2,ds005284,0,0.9999999298857414,-55.79528463427842,True
eegmmidb,S004,data/eegmmidb/S004/S004R12.edf,2,7,16.0,motor_imagery,T0,ds005284,1,1.0,-27.59066019973924,False
eegmmidb,S004,data/eegmmidb/S004/S004R12.edf,2,8,20.0,motor_imagery,T2,ds005284,1,0.9999999992767314,-34.04644805011043,False
eegmmidb,S004,data/eegmmidb/S004/S004R12.edf,2,9,22.0,motor_imagery,T2,ds005284,0,1.0,-36.8526619774621,True
eegmmidb,S004,data/eegmmidb/S004/S004R12.edf,2,10,24.0,motor_imagery,T0,ds005284,1,0.9999999974409732,-52.90384401271537,True
eegmmidb,S004,data/eegmmidb/S004/S004R12.edf,2,11,28.0,motor_imagery,T1,ds005284,1,0.9990571473707416,-40.838991239143986,True
eegmmidb,S004,data/eegmmidb/S004/S004R12.edf,2,12,30.0,motor_imagery,T1,ds005284,0,1.0,-35.93645660052014,True
eegmmidb,S004,data/eegmmidb/S004/S004R12.edf,2,13,32.0,motor_imagery,T0,ds005284,1,1.0,-30.249593977102514,False
eegmmidb,S004,data/eegmmidb/S004/S004R12.edf,2,14,34.0,motor_imagery,T0,ds005284,0,0.9999999901022889,-59.565062055026104,True
eegmmidb,S004,data/eegmmidb/S004/S004R12.edf,2,15,38.0,motor_imagery,T2,ds005284,1,0.9003443585905445,-64.65335162525571,True
eegmmidb,S004,data/eegmmidb/S004/S004R12.edf,2,16,40.0,motor_imagery,T0,ds005284,1,1.0,-22.420148673696005,False
eegmmidb,S004,data/eegmmidb/S004/S004R12.edf,2,17,42.0,motor_imagery,T0,ds005284,0,0.9999879697070313,-40.805612740455224,True
eegmmidb,S004,data/eegmmidb/S004/S004R12.edf,2,18,44.0,motor_imagery,T0,ds005284,0,0.9999999417810502,-46.75508942278087,True
eegmmidb,S004,data/eegmmidb/S004/S004R12.edf,2,19,48.0,motor_imagery,T1,ds005284,1,1.0,-37.57431720392659,True
eegmmidb,S004,data/eegmmidb/S004/S004R12.edf,2,20,50.0,motor_imagery,T0,ds005284,1,0.9999998488512148,-71.6519934304519,True
eegmmidb,S004,data/eegmmidb/S004/S004R12.edf,2,21,52.0,motor_imagery,T0,ds005284,1,1.0,-50.56241088483942,True
eegmmidb,S004,data/eegmmidb/S004/S004R12.edf,2,22,56.0,motor_imagery,T1,ds005284,1,1.0,-48.540264793634115,True
eegmmidb,S004,data/eegmmidb/S004/S004R12.edf,2,23,58.0,motor_imagery,T0,ds005284,1,1.0,-46.15250172383457,True
eegmmidb,S004,data/eegmmidb/S004/S004R12.edf,2,24,60.0,motor_imagery,T0,ds005284,1,1.0,-58.33004224857965,True
eegmmidb,S004,data/eegmmidb/S004/S004R12.edf,2,25,62.0,motor_imagery,T2,ds005284,1,0.9999632462471135,-62.04340626540631,True
eegmmidb,S004,data/eegmmidb/S004/S004R12.edf,2,26,66.0,motor_imagery,T0,ds005284,1,1.0,-39.09594022001887,True
eegmmidb,S004,data/eegmmidb/S004/S004R12.edf,2,27,68.0,motor_imagery,T0,ds005284,1,0.7464877665870354,-58.701856658542795,True
eegmmidb,S004,data/eegmmidb/S004/S004R12.edf,2,28,70.0,motor_imagery,T2,ds005284,1,0.9999987134479829,-58.10705025088746,True
eegmmidb,S004,data/eegmmidb/S004/S004R12.edf,2,29,74.0,motor_imagery,T0,ds005284,1,1.0,-28.453547347681614,False
eegmmidb,S004,data/eegmmidb/S004/S004R12.edf,2,30,76.0,motor_imagery,T0,ds005284,1,1.0,-30.601475312565263,False
eegmmidb,S004,data/eegmmidb/S004/S004R12.edf,2,31,78.0,motor_imagery,T1,ds005284,1,0.9992350580717979,-49.641180137905195,True
eegmmidb,S004,data/eegmmidb/S004/S004R12.edf,2,32,80.0,motor_imagery,T1,ds005284,1,0.9999906038234824,-55.07591141579271,True
eegmmidb,S004,data/eegmmidb/S004/S004R12.edf,2,33,84.0,motor_imagery,T0,ds005284,1,0.9999927625370333,-67.1082972184469,True
eegmmidb,S004,data/eegmmidb/S004/S004R12.edf,2,34,86.0,motor_imagery,T1,ds005284,1,0.9999999998422453,-50.3354958378383,True
eegmmidb,S004,data/eegmmidb/S004/S004R12.edf,2,35,88.0,motor_imagery,T1,ds005284,0,0.9974559146102868,-55.46862922965317,True
eegmmidb,S004,data/eegmmidb/S004/S004R12.edf,2,36,90.0,motor_imagery,T0,ds005284,1,1.0,-25.625808589887576,False
eegmmidb,S004,data/eegmmidb/S004/S004R12.edf,2,37,94.0,motor_imagery,T2,ds005284,1,1.0,-33.042383064009535,False
eegmmidb,S004,data/eegmmidb/S004/S004R12.edf,2,38,96.0,motor_imagery,T2,ds005284,1,0.9999999999943228,-59.288813175663776,True
eegmmidb,S004,data/eegmmidb/S004/S004R12.edf,2,39,98.0,motor_imagery,T0,ds005284,1,1.0,-32.71552086354209,False
eegmmidb,S004,data/eegmmidb/S004/S004R12.edf,2,40,102.0,motor_imagery,T2,ds005284,1,0.9999997548456693,-44.544013060066376,True
eegmmidb,S004,data/eegmmidb/S004/S004R12.edf,2,41,104.0,motor_imagery,T2,ds005284,0,1.0,-58.77523488521465,True
eegmmidb,S004,data/eegmmidb/S004/S004R12.edf,2,42,106.0,motor_imagery,T0,ds005284,1,1.0,-26.571718658222245,False
eegmmidb,S004,data/eegmmidb/S004/S004R12.edf,2,43,108.0,motor_imagery,T0,ds005284,1,0.9999999999992681,-40.930530211909165,True
eegmmidb,S004,data/eegmmidb/S004/S004R12.edf,2,44,112.0,motor_imagery,T1,ds005284,1,1.0,-69.59768861683136,True
eegmmidb,S004,data/eegmmidb/S004/S004R12.edf,2,45,114.0,motor_imagery,T0,ds005284,1,1.0,-30.819416227825364,False
eegmmidb,S004,data/eegmmidb/S004/S004R12.edf,2,46,116.0,motor_imagery,T0,ds005284,1,1.0,-33.59274836193099,False
eegmmidb,S004,data/eegmmidb/S004/S004R12.edf,2,47,120.0,motor_imagery,T1,ds005284,1,0.9999999999571543,-46.52735534147367,True
eegmmidb,S005,data/eegmmidb/S005/S005R01.edf,2,0,0.0,eyes_open_rest,T0,ds005284,1,1.0,-38.99569203280917,True
eegmmidb,S005,data/eegmmidb/S005/S005R01.edf,2,1,2.0,eyes_open_rest,T0,ds005284,1,0.9999987495464071,-55.42405066230444,True
eegmmidb,S005,data/eegmmidb/S005/S005R01.edf,2,2,4.0,eyes_open_rest,T0,ds005284,1,1.0,-29.031064004470906,False
eegmmidb,S005,data/eegmmidb/S005/S005R01.edf,2,3,6.0,eyes_open_rest,T0,ds005284,1,0.999997724076028,-67.7048396319162,True
eegmmidb,S005,data/eegmmidb/S005/S005R01.edf,2,4,8.0,eyes_open_rest,T0,ds005284,1,0.9999999999786624,-49.327536946080635,True
eegmmidb,S005,data/eegmmidb/S005/S005R01.edf,2,5,10.0,eyes_open_rest,T0,ds005284,1,0.9999999999835012,-38.547944148001015,True
eegmmidb,S005,data/eegmmidb/S005/S005R01.edf,2,6,12.0,eyes_open_rest,T0,ds005284,1,0.9999999997173603,-49.330917392727784,True
eegmmidb,S005,data/eegmmidb/S005/S005R01.edf,2,7,14.0,eyes_open_rest,T0,ds005284,1,0.9999999999999503,-40.9592879516533,True
eegmmidb,S005,data/eegmmidb/S005/S005R01.edf,2,8,16.0,eyes_open_rest,T0,ds005284,1,0.9999999982923669,-48.35634897320458,True
eegmmidb,S005,data/eegmmidb/S005/S005R01.edf,2,9,18.0,eyes_open_rest,T0,ds005284,1,0.999997966246021,-54.48885790272341,True
eegmmidb,S005,data/eegmmidb/S005/S005R01.edf,2,10,20.0,eyes_open_rest,T0,ds005284,1,0.9915885863256148,-73.75666557335535,True
eegmmidb,S005,data/eegmmidb/S005/S005R01.edf,2,11,22.0,eyes_open_rest,T0,ds005284,1,0.9999997140174326,-52.80618196960756,True
eegmmidb,S005,data/eegmmidb/S005/S005R01.edf,2,12,24.0,eyes_open_rest,T0,ds005284,1,1.0,-43.18196238434579,True
eegmmidb,S005,data/eegmmidb/S005/S005R01.edf,2,13,26.0,eyes_open_rest,T0,ds005284,1,0.9999999850343074,-63.54408862922167,True
eegmmidb,S005,data/eegmmidb/S005/S005R01.edf,2,14,28.0,eyes_open_rest,T0,ds005284,1,0.999999999998721,-51.183539900317044,True
eegmmidb,S005,data/eegmmidb/S005/S005R01.edf,2,15,30.0,eyes_open_rest,T0,ds005284,1,0.9999999986815595,-64.67657492243809,True
eegmmidb,S005,data/eegmmidb/S005/S005R01.edf,2,16,32.0,eyes_open_rest,T0,ds005284,1,0.999999999999936,-44.27124268383287,True
eegmmidb,S005,data/eegmmidb/S005/S005R01.edf,2,17,34.0,eyes_open_rest,T0,ds005284,1,0.9999987179159552,-61.055630930124416,True
eegmmidb,S005,data/eegmmidb/S005/S005R01.edf,2,18,36.0,eyes_open_rest,T0,ds005284,1,0.9999999997533564,-47.54239261154084,True
eegmmidb,S005,data/eegmmidb/S005/S005R01.edf,2,19,38.0,eyes_open_rest,T0,ds005284,1,1.0,-31.998449739307823,False
eegmmidb,S005,data/eegmmidb/S005/S005R01.edf,2,20,40.0,eyes_open_rest,T0,ds005284,1,1.0,-48.25530122712348,True
eegmmidb,S005,data/eegmmidb/S005/S005R01.edf,2,21,42.0,eyes_open_rest,T0,ds005284,1,1.0,-35.20178846517029,True
eegmmidb,S005,data/eegmmidb/S005/S005R01.edf,2,22,44.0,eyes_open_rest,T0,ds005284,1,0.99992708758679,-46.151231116156026,True
eegmmidb,S005,data/eegmmidb/S005/S005R01.edf,2,23,46.0,eyes_open_rest,T0,ds005284,1,0.9999999999996589,-49.355207500944466,True
eegmmidb,S005,data/eegmmidb/S005/S005R01.edf,2,24,48.0,eyes_open_rest,T0,ds005284,1,0.9999999999994102,-35.09125550615477,True
eegmmidb,S005,data/eegmmidb/S005/S005R01.edf,2,25,50.0,eyes_open_rest,T0,ds005284,1,0.9999999981473948,-43.66494502657717,True
eegmmidb,S005,data/eegmmidb/S005/S005R01.edf,2,26,52.0,eyes_open_rest,T0,ds005284,1,1.0,-35.62542507986517,True
eegmmidb,S005,data/eegmmidb/S005/S005R01.edf,2,27,54.0,eyes_open_rest,T0,ds005284,1,0.9997245731973972,-54.405773282758155,True
eegmmidb,S005,data/eegmmidb/S005/S005R01.edf,2,28,56.0,eyes_open_rest,T0,ds005284,1,1.0,-33.013874127671166,False
eegmmidb,S005,data/eegmmidb/S005/S005R01.edf,2,29,58.0,eyes_open_rest,T0,ds005284,1,0.9999997836810429,-61.376636652656295,True
eegmmidb,S005,data/eegmmidb/S005/S005R02.edf,2,0,0.0,eyes_closed_rest,T0,ds005284,1,0.9367422506684148,-42.48087901709626,True
eegmmidb,S005,data/eegmmidb/S005/S005R02.edf,2,1,2.0,eyes_closed_rest,T0,ds005284,1,0.9998693944490511,-38.497578761206164,True
eegmmidb,S005,data/eegmmidb/S005/S005R02.edf,2,2,4.0,eyes_closed_rest,T0,ds005284,1,0.9999489827808783,-36.270257288805624,True
eegmmidb,S005,data/eegmmidb/S005/S005R02.edf,2,3,6.0,eyes_closed_rest,T0,ds005284,1,0.9988790215504957,-44.58000732144678,True
eegmmidb,S005,data/eegmmidb/S005/S005R02.edf,2,4,8.0,eyes_closed_rest,T0,ds005284,1,0.9945750315957057,-41.05308800373898,True
eegmmidb,S005,data/eegmmidb/S005/S005R02.edf,2,5,10.0,eyes_closed_rest,T0,ds005284,0,0.8021615610197129,-63.712448018409965,True
eegmmidb,S005,data/eegmmidb/S005/S005R02.edf,2,6,12.0,eyes_closed_rest,T0,ds005284,1,0.9997511023513892,-39.14824655851533,True
eegmmidb,S005,data/eegmmidb/S005/S005R02.edf,2,7,14.0,eyes_closed_rest,T0,ds005284,1,0.9999732534540096,-43.90983026542461,True
eegmmidb,S005,data/eegmmidb/S005/S005R02.edf,2,8,16.0,eyes_closed_rest,T0,ds005284,1,0.9999989452284501,-43.413542695409106,True
eegmmidb,S005,data/eegmmidb/S005/S005R02.edf,2,9,18.0,eyes_closed_rest,T0,ds005284,1,0.9999921488646534,-41.99521260874266,True
eegmmidb,S005,data/eegmmidb/S005/S005R02.edf,2,10,20.0,eyes_closed_rest,T0,ds005284,1,0.9999998609460005,-37.71188991047779,True
eegmmidb,S005,data/eegmmidb/S005/S005R02.edf,2,11,22.0,eyes_closed_rest,T0,ds005284,1,0.9999999998015952,-35.81447471659341,True
eegmmidb,S005,data/eegmmidb/S005/S005R02.edf,2,12,24.0,eyes_closed_rest,T0,ds005284,1,0.9999996748306006,-36.74257232239828,True
eegmmidb,S005,data/eegmmidb/S005/S005R02.edf,2,13,26.0,eyes_closed_rest,T0,ds005284,1,0.9999999290276403,-39.14560689352388,True
eegmmidb,S005,data/eegmmidb/S005/S005R02.edf,2,14,28.0,eyes_closed_rest,T0,ds005284,1,0.9999999979284695,-34.2489963617545,False
eegmmidb,S005,data/eegmmidb/S005/S005R02.edf,2,15,30.0,eyes_closed_rest,T0,ds005284,1,0.9997945115122407,-39.92853287340901,True
eegmmidb,S005,data/eegmmidb/S005/S005R02.edf,2,16,32.0,eyes_closed_rest,T0,ds005284,1,0.9999975441920227,-42.89318280357771,True
eegmmidb,S005,data/eegmmidb/S005/S005R02.edf,2,17,34.0,eyes_closed_rest,T0,ds005284,1,0.9999999846951867,-31.66345067748442,False
eegmmidb,S005,data/eegmmidb/S005/S005R02.edf,2,18,36.0,eyes_closed_rest,T0,ds005284,1,0.9999997803930426,-43.59435762412457,True
eegmmidb,S005,data/eegmmidb/S005/S005R02.edf,2,19,38.0,eyes_closed_rest,T0,ds005284,1,0.9998413558125872,-39.28819985533515,True
eegmmidb,S005,data/eegmmidb/S005/S005R02.edf,2,20,40.0,eyes_closed_rest,T0,ds005284,1,0.9984942018247975,-47.51299635485729,True
eegmmidb,S005,data/eegmmidb/S005/S005R02.edf,2,21,42.0,eyes_closed_rest,T0,ds005284,1,0.9999999858095948,-36.59174556708813,True
eegmmidb,S005,data/eegmmidb/S005/S005R02.edf,2,22,44.0,eyes_closed_rest,T0,ds005284,1,0.9999690208053239,-41.343722402228195,True
eegmmidb,S005,data/eegmmidb/S005/S005R02.edf,2,23,46.0,eyes_closed_rest,T0,ds005284,1,0.9999896091611528,-39.267078747839356,True
eegmmidb,S005,data/eegmmidb/S005/S005R02.edf,2,24,48.0,eyes_closed_rest,T0,ds005284,1,0.999993966729004,-38.774962990033835,True
eegmmidb,S005,data/eegmmidb/S005/S005R02.edf,2,25,50.0,eyes_closed_rest,T0,ds005284,1,0.9999986196091163,-43.92782163676705,True
eegmmidb,S005,data/eegmmidb/S005/S005R02.edf,2,26,52.0,eyes_closed_rest,T0,ds005284,1,0.9999963843319573,-41.98726809924277,True
eegmmidb,S005,data/eegmmidb/S005/S005R02.edf,2,27,54.0,eyes_closed_rest,T0,ds005284,1,0.9984750664290677,-41.57712540709193,True
eegmmidb,S005,data/eegmmidb/S005/S005R02.edf,2,28,56.0,eyes_closed_rest,T0,ds005284,1,0.9994835133884975,-43.78632989960857,True
eegmmidb,S005,data/eegmmidb/S005/S005R02.edf,2,29,58.0,eyes_closed_rest,T0,ds005284,1,0.9996882074670911,-41.87673091948692,True
eegmmidb,S005,data/eegmmidb/S005/S005R03.edf,2,0,0.0,motor_execution,T0,ds005284,0,0.9583103737855385,-73.21727784795787,True
eegmmidb,S005,data/eegmmidb/S005/S005R03.edf,2,1,2.0,motor_execution,T0,ds005284,1,0.9998587370379421,-69.38400018352398,True
eegmmidb,S005,data/eegmmidb/S005/S005R03.edf,2,2,4.0,motor_execution,T1,ds005284,0,0.7572987075974487,-77.93113043346,True
eegmmidb,S005,data/eegmmidb/S005/S005R03.edf,2,3,6.0,motor_execution,T1,ds005284,1,1.0,-35.739812657812,True
eegmmidb,S005,data/eegmmidb/S005/S005R03.edf,2,4,10.0,motor_execution,T0,ds005284,1,0.9999999893637224,-58.51775710851558,True
eegmmidb,S005,data/eegmmidb/S005/S005R03.edf,2,5,12.0,motor_execution,T2,ds005284,1,0.9999991706940846,-58.51664360668615,True
eegmmidb,S005,data/eegmmidb/S005/S005R03.edf,2,6,14.0,motor_execution,T2,ds005284,1,0.9233659001571967,-77.56467988314812,True
eegmmidb,S005,data/eegmmidb/S005/S005R03.edf,2,7,16.0,motor_execution,T0,ds005284,1,0.9999999290443523,-50.714827151744295,True
eegmmidb,S005,data/eegmmidb/S005/S005R03.edf,2,8,20.0,motor_execution,T2,ds005284,1,0.999665415628516,-66.41337175324742,True
eegmmidb,S005,data/eegmmidb/S005/S005R03.edf,2,9,22.0,motor_execution,T2,ds005284,1,0.9998896146704985,-63.537046541099166,True
eegmmidb,S005,data/eegmmidb/S005/S005R03.edf,2,10,24.0,motor_execution,T0,ds005284,1,1.0,-42.67337119303395,True
eegmmidb,S005,data/eegmmidb/S005/S005R03.edf,2,11,28.0,motor_execution,T1,ds005284,1,0.9999163198074811,-58.118170353709296,True
eegmmidb,S005,data/eegmmidb/S005/S005R03.edf,2,12,30.0,motor_execution,T1,ds005284,1,0.999999999998785,-40.32311858104123,True
eegmmidb,S005,data/eegmmidb/S005/S005R03.edf,2,13,32.0,motor_execution,T0,ds005284,1,0.9995321033422692,-75.63864161534912,True
eegmmidb,S005,data/eegmmidb/S005/S005R03.edf,2,14,34.0,motor_execution,T0,ds005284,1,0.5624112628673977,-76.01342122594706,True
eegmmidb,S005,data/eegmmidb/S005/S005R03.edf,2,15,38.0,motor_execution,T2,ds005284,1,0.9999999999998579,-64.49727731379045,True
eegmmidb,S005,data/eegmmidb/S005/S005R03.edf,2,16,40.0,motor_execution,T0,ds005284,1,0.9999999999995239,-60.65991433535592,True
eegmmidb,S005,data/eegmmidb/S005/S005R03.edf,2,17,42.0,motor_execution,T0,ds005284,0,0.7766788475757991,-76.71630676305281,True
eegmmidb,S005,data/eegmmidb/S005/S005R03.edf,2,18,44.0,motor_execution,T0,ds005284,1,0.999989940340961,-69.39490854249055,True
eegmmidb,S005,data/eegmmidb/S005/S005R03.edf,2,19,48.0,motor_execution,T1,ds005284,1,0.9992892645098519,-60.87796114319677,True
eegmmidb,S005,data/eegmmidb/S005/S005R03.edf,2,20,50.0,motor_execution,T0,ds005284,1,0.9723945600494225,-78.06455158954405,True
eegmmidb,S005,data/eegmmidb/S005/S005R03.edf,2,21,52.0,motor_execution,T0,ds005284,1,0.9992888031394496,-65.83113513568443,True
eegmmidb,S005,data/eegmmidb/S005/S005R03.edf,2,22,56.0,motor_execution,T2,ds005284,0,0.8902314799700954,-69.3835721336962,True
eegmmidb,S005,data/eegmmidb/S005/S005R03.edf,2,23,58.0,motor_execution,T0,ds005284,1,0.9998804797704509,-69.43115936141349,True
eegmmidb,S005,data/eegmmidb/S005/S005R03.edf,2,24,60.0,motor_execution,T0,ds005284,0,1.0,-94.75563604808966,True
eegmmidb,S005,data/eegmmidb/S005/S005R03.edf,2,25,62.0,motor_execution,T1,ds005284,1,0.9785055642415114,-72.81929712469339,True
eegmmidb,S005,data/eegmmidb/S005/S005R03.edf,2,26,66.0,motor_execution,T0,ds005284,1,0.9879672266881463,-66.02437822429687,True
eegmmidb,S005,data/eegmmidb/S005/S005R03.edf,2,27,68.0,motor_execution,T0,ds005284,1,0.9979774487818776,-64.97405455326137,True
eegmmidb,S005,data/eegmmidb/S005/S005R03.edf,2,28,70.0,motor_execution,T2,ds005284,1,0.9999997720818616,-52.31507114730449,True
eegmmidb,S005,data/eegmmidb/S005/S005R03.edf,2,29,74.0,motor_execution,T0,ds005284,1,1.0,-51.009915842343,True
eegmmidb,S005,data/eegmmidb/S005/S005R03.edf,2,30,76.0,motor_execution,T0,ds005284,0,0.9746709519510742,-85.15664410018887,True
eegmmidb,S005,data/eegmmidb/S005/S005R03.edf,2,31,78.0,motor_execution,T1,ds005284,1,0.9999638679551193,-77.04802957980317,True
eegmmidb,S005,data/eegmmidb/S005/S005R03.edf,2,32,80.0,motor_execution,T1,ds005284,0,0.979834369965797,-72.53572199370275,True
eegmmidb,S005,data/eegmmidb/S005/S005R03.edf,2,33,84.0,motor_execution,T0,ds005284,1,0.9999941686069527,-62.817244876230184,True
eegmmidb,S005,data/eegmmidb/S005/S005R03.edf,2,34,86.0,motor_execution,T1,ds005284,1,1.0,-37.84814632536338,True
eegmmidb,S005,data/eegmmidb/S005/S005R03.edf,2,35,88.0,motor_execution,T1,ds005284,0,0.8549007897505334,-79.46771438558689,True
eegmmidb,S005,data/eegmmidb/S005/S005R03.edf,2,36,90.0,motor_execution,T0,ds005284,1,0.9999999999999218,-45.58650521665216,True
eegmmidb,S005,data/eegmmidb/S005/S005R03.edf,2,37,94.0,motor_execution,T2,ds005284,1,0.999999999959968,-41.1677845373841,True
eegmmidb,S005,data/eegmmidb/S005/S005R03.edf,2,38,96.0,motor_execution,T2,ds005284,1,1.0,-47.12615419368998,True
eegmmidb,S005,data/eegmmidb/S005/S005R03.edf,2,39,98.0,motor_execution,T0,ds005284,1,0.9999999999996945,-44.26207487032832,True
eegmmidb,S005,data/eegmmidb/S005/S005R03.edf,2,40,102.0,motor_execution,T1,ds005284,1,1.0,-34.76049382514107,False
eegmmidb,S005,data/eegmmidb/S005/S005R03.edf,2,41,104.0,motor_execution,T1,ds005284,0,0.9969157623239353,-90.17099563508397,True
eegmmidb,S005,data/eegmmidb/S005/S005R03.edf,2,42,106.0,motor_execution,T0,ds005284,1,0.9452295675349998,-72.72812734105949,True
eegmmidb,S005,data/eegmmidb/S005/S005R03.edf,2,43,108.0,motor_execution,T0,ds005284,1,0.9996543238366081,-60.53560788092885,True
eegmmidb,S005,data/eegmmidb/S005/S005R03.edf,2,44,112.0,motor_execution,T2,ds005284,1,0.9999999999952465,-51.49228754869555,True
eegmmidb,S005,data/eegmmidb/S005/S005R03.edf,2,45,114.0,motor_execution,T0,ds005284,1,0.999999999830699,-49.96860666111403,True
eegmmidb,S005,data/eegmmidb/S005/S005R03.edf,2,46,116.0,motor_execution,T0,ds005284,0,0.9998159192253627,-71.87309338299433,True
eegmmidb,S005,data/eegmmidb/S005/S005R03.edf,2,47,120.0,motor_execution,T2,ds005284,1,0.9999851064602451,-54.46734897565769,True
eegmmidb,S005,data/eegmmidb/S005/S005R04.edf,2,0,0.0,motor_imagery,T0,ds005284,1,0.9999999999999858,-32.60810553325222,False
eegmmidb,S005,data/eegmmidb/S005/S005R04.edf,2,1,2.0,motor_imagery,T0,ds005284,1,0.9992401625793399,-53.95797902849143,True
eegmmidb,S005,data/eegmmidb/S005/S005R04.edf,2,2,4.0,motor_imagery,T2,ds005284,1,1.0,-29.499829470320684,False
eegmmidb,S005,data/eegmmidb/S005/S005R04.edf,2,3,6.0,motor_imagery,T2,ds005284,1,0.9999985881524883,-57.37017057127174,True
eegmmidb,S005,data/eegmmidb/S005/S005R04.edf,2,4,10.0,motor_imagery,T0,ds005284,1,1.0,-28.315365362911372,False
eegmmidb,S005,data/eegmmidb/S005/S005R04.edf,2,5,12.0,motor_imagery,T1,ds005284,1,0.9999999999994458,-32.88136001155018,False
eegmmidb,S005,data/eegmmidb/S005/S005R04.edf,2,6,14.0,motor_imagery,T1,ds005284,0,0.9952197744992334,-64.83002752953121,True
eegmmidb,S005,data/eegmmidb/S005/S005R04.edf,2,7,16.0,motor_imagery,T0,ds005284,1,0.9999982541495632,-43.023626439630746,True
eegmmidb,S005,data/eegmmidb/S005/S005R04.edf,2,8,20.0,motor_imagery,T1,ds005284,1,0.9999999999987068,-33.94814891031741,False
eegmmidb,S005,data/eegmmidb/S005/S005R04.edf,2,9,22.0,motor_imagery,T1,ds005284,1,0.9999024871502705,-60.868662098329686,True
eegmmidb,S005,data/eegmmidb/S005/S005R04.edf,2,10,24.0,motor_imagery,T0,ds005284,1,0.9999721198215351,-52.59828420928169,True
eegmmidb,S005,data/eegmmidb/S005/S005R04.edf,2,11,28.0,motor_imagery,T2,ds005284,1,1.0,-27.979363937578732,False
eegmmidb,S005,data/eegmmidb/S005/S005R04.edf,2,12,30.0,motor_imagery,T2,ds005284,1,0.9982085408454319,-47.72327783032198,True
eegmmidb,S005,data/eegmmidb/S005/S005R04.edf,2,13,32.0,motor_imagery,T0,ds005284,1,1.0,-31.81026640348655,False
eegmmidb,S005,data/eegmmidb/S005/S005R04.edf,2,14,34.0,motor_imagery,T0,ds005284,1,0.999988658320503,-51.293497181250345,True
eegmmidb,S005,data/eegmmidb/S005/S005R04.edf,2,15,38.0,motor_imagery,T2,ds005284,1,0.9920541252044262,-53.20534267661644,True
eegmmidb,S005,data/eegmmidb/S005/S005R04.edf,2,16,40.0,motor_imagery,T0,ds005284,1,0.8828256841762291,-48.908538499331236,True
eegmmidb,S005,data/eegmmidb/S005/S005R04.edf,2,17,42.0,motor_imagery,T0,ds005284,1,1.0,-24.650728358543525,False
eegmmidb,S005,data/eegmmidb/S005/S005R04.edf,2,18,44.0,motor_imagery,T0,ds005284,1,0.5043933871019093,-50.5263418142368,True
eegmmidb,S005,data/eegmmidb/S005/S005R04.edf,2,19,48.0,motor_imagery,T1,ds005284,1,0.9429206429758888,-48.20166897952832,True
eegmmidb,S005,data/eegmmidb/S005/S005R04.edf,2,20,50.0,motor_imagery,T0,ds005284,1,1.0,-28.356806192525276,False
eegmmidb,S005,data/eegmmidb/S005/S005R04.edf,2,21,52.0,motor_imagery,T0,ds005284,1,0.9985237236606467,-42.69560753690577,True
eegmmidb,S005,data/eegmmidb/S005/S005R04.edf,2,22,56.0,motor_imagery,T1,ds005284,0,0.6132622118677791,-41.752426600791836,True
eegmmidb,S005,data/eegmmidb/S005/S005R04.edf,2,23,58.0,motor_imagery,T0,ds005284,1,0.9999729880661767,-40.02071768851808,True
eegmmidb,S005,data/eegmmidb/S005/S005R04.edf,2,24,60.0,motor_imagery,T0,ds005284,1,1.0,-29.16496176664888,False
eegmmidb,S005,data/eegmmidb/S005/S005R04.edf,2,25,62.0,motor_imagery,T2,ds005284,1,0.9916356634313358,-44.80329020528828,True
eegmmidb,S005,data/eegmmidb/S005/S005R04.edf,2,26,66.0,motor_imagery,T0,ds005284,1,0.9999999999969695,-30.743890632234976,False
eegmmidb,S005,data/eegmmidb/S005/S005R04.edf,2,27,68.0,motor_imagery,T0,ds005284,1,0.9993754349910553,-46.851916846894675,True
eegmmidb,S005,data/eegmmidb/S005/S005R04.edf,2,28,70.0,motor_imagery,T1,ds005284,1,0.9854304066895847,-48.687014965395825,True
eegmmidb,S005,data/eegmmidb/S005/S005R04.edf,2,29,74.0,motor_imagery,T0,ds005284,0,0.507808886209888,-55.17751109527616,True
eegmmidb,S005,data/eegmmidb/S005/S005R04.edf,2,30,76.0,motor_imagery,T0,ds005284,1,0.9736714176060663,-43.89392524759819,True
eegmmidb,S005,data/eegmmidb/S005/S005R04.edf,2,31,78.0,motor_imagery,T2,ds005284,0,0.7605500155997181,-54.01371397458352,True
eegmmidb,S005,data/eegmmidb/S005/S005R04.edf,2,32,80.0,motor_imagery,T2,ds005284,1,1.0,-29.11753693418543,False
eegmmidb,S005,data/eegmmidb/S005/S005R04.edf,2,33,84.0,motor_imagery,T0,ds005284,1,0.9999534655420215,-38.30386355680632,True
eegmmidb,S005,data/eegmmidb/S005/S005R04.edf,2,34,86.0,motor_imagery,T2,ds005284,1,0.9999931053273421,-49.2158616450072,True
eegmmidb,S005,data/eegmmidb/S005/S005R04.edf,2,35,88.0,motor_imagery,T2,ds005284,0,0.9980997982947194,-53.20974660937165,True
eegmmidb,S005,data/eegmmidb/S005/S005R04.edf,2,36,90.0,motor_imagery,T0,ds005284,1,0.999999999999936,-26.09370256794074,False
eegmmidb,S005,data/eegmmidb/S005/S005R04.edf,2,37,94.0,motor_imagery,T1,ds005284,1,0.9999999995015116,-40.87744157928105,True
eegmmidb,S005,data/eegmmidb/S005/S005R04.edf,2,38,96.0,motor_imagery,T1,ds005284,1,0.9880739924721021,-47.40010428339068,True
eegmmidb,S005,data/eegmmidb/S005/S005R04.edf,2,39,98.0,motor_imagery,T0,ds005284,1,1.0,-26.384370019000606,False
eegmmidb,S005,data/eegmmidb/S005/S005R04.edf,2,40,102.0,motor_imagery,T1,ds005284,1,0.9999999913001503,-35.90107995144704,True
eegmmidb,S005,data/eegmmidb/S005/S005R04.edf,2,41,104.0,motor_imagery,T1,ds005284,1,0.9999999706967206,-33.50103376616473,False
eegmmidb,S005,data/eegmmidb/S005/S005R04.edf,2,42,106.0,motor_imagery,T0,ds005284,1,1.0,-26.864806131562823,False
eegmmidb,S005,data/eegmmidb/S005/S005R04.edf,2,43,108.0,motor_imagery,T0,ds005284,0,0.9959190797141958,-55.29437631160748,True
eegmmidb,S005,data/eegmmidb/S005/S005R04.edf,2,44,112.0,motor_imagery,T2,ds005284,0,0.5082483830769813,-53.965988829766374,True
eegmmidb,S005,data/eegmmidb/S005/S005R04.edf,2,45,114.0,motor_imagery,T0,ds005284,1,1.0,-27.708119499253947,False
eegmmidb,S005,data/eegmmidb/S005/S005R04.edf,2,46,116.0,motor_imagery,T0,ds005284,1,0.9999999999992255,-43.27687247050429,True
eegmmidb,S005,data/eegmmidb/S005/S005R04.edf,2,47,120.0,motor_imagery,T2,ds005284,1,0.9631872840378141,-50.91995561116053,True
eegmmidb,S005,data/eegmmidb/S005/S005R07.edf,2,0,0.0,motor_execution,T0,ds005284,1,1.0,-40.57382141780525,True
eegmmidb,S005,data/eegmmidb/S005/S005R07.edf,2,1,2.0,motor_execution,T0,ds005284,0,0.9999999999996163,-69.35572867083427,True
eegmmidb,S005,data/eegmmidb/S005/S005R07.edf,2,2,4.0,motor_execution,T2,ds005284,0,0.9999790440332891,-68.53786011293022,True
eegmmidb,S005,data/eegmmidb/S005/S005R07.edf,2,3,6.0,motor_execution,T2,ds005284,0,0.9996682783095621,-76.3065645456862,True
eegmmidb,S005,data/eegmmidb/S005/S005R07.edf,2,4,10.0,motor_execution,T0,ds005284,0,1.0,-72.96767217506584,True
eegmmidb,S005,data/eegmmidb/S005/S005R07.edf,2,5,12.0,motor_execution,T1,ds005284,1,0.9999538534500668,-53.98303323373375,True
eegmmidb,S005,data/eegmmidb/S005/S005R07.edf,2,6,14.0,motor_execution,T1,ds005284,0,0.9797742106954234,-67.4852552191673,True
eegmmidb,S005,data/eegmmidb/S005/S005R07.edf,2,7,16.0,motor_execution,T0,ds005284,0,0.9999999866020063,-61.2486445359526,True
eegmmidb,S005,data/eegmmidb/S005/S005R07.edf,2,8,20.0,motor_execution,T1,ds005284,1,0.9999999488320284,-32.99495272322444,False
eegmmidb,S005,data/eegmmidb/S005/S005R07.edf,2,9,22.0,motor_execution,T1,ds005284,0,0.9999921384654163,-60.98205894778833,True
eegmmidb,S005,data/eegmmidb/S005/S005R07.edf,2,10,24.0,motor_execution,T0,ds005284,1,0.999999996426979,-41.93289357291673,True
eegmmidb,S005,data/eegmmidb/S005/S005R07.edf,2,11,28.0,motor_execution,T2,ds005284,0,0.9999992551506696,-59.23119584346598,True
eegmmidb,S005,data/eegmmidb/S005/S005R07.edf,2,12,30.0,motor_execution,T2,ds005284,0,0.9999956976056663,-60.58090565960326,True
eegmmidb,S005,data/eegmmidb/S005/S005R07.edf,2,13,32.0,motor_execution,T0,ds005284,1,0.999999999986116,-32.13865831581682,False
eegmmidb,S005,data/eegmmidb/S005/S005R07.edf,2,14,34.0,motor_execution,T0,ds005284,0,0.9999999994562572,-61.56679088574043,True
eegmmidb,S005,data/eegmmidb/S005/S005R07.edf,2,15,38.0,motor_execution,T1,ds005284,0,0.9998972490168507,-70.48350929082214,True
eegmmidb,S005,data/eegmmidb/S005/S005R07.edf,2,16,40.0,motor_execution,T0,ds005284,0,0.9999603642692605,-60.74040685744845,True
eegmmidb,S005,data/eegmmidb/S005/S005R07.edf,2,17,42.0,motor_execution,T0,ds005284,0,1.0,-75.2953859601252,True
eegmmidb,S005,data/eegmmidb/S005/S005R07.edf,2,18,44.0,motor_execution,T0,ds005284,0,0.9998450598015816,-80.95553417590078,True
eegmmidb,S005,data/eegmmidb/S005/S005R07.edf,2,19,48.0,motor_execution,T2,ds005284,0,0.9998021652950324,-56.243410504792955,True
eegmmidb,S005,data/eegmmidb/S005/S005R07.edf,2,20,50.0,motor_execution,T0,ds005284,1,1.0,-30.17909006912462,False
eegmmidb,S005,data/eegmmidb/S005/S005R07.edf,2,21,52.0,motor_execution,T0,ds005284,0,0.9999999208199912,-69.98053992249339,True
eegmmidb,S005,data/eegmmidb/S005/S005R07.edf,2,22,56.0,motor_execution,T2,ds005284,0,1.0,-73.41929332047528,True
eegmmidb,S005,data/eegmmidb/S005/S005R07.edf,2,23,58.0,motor_execution,T0,ds005284,0,0.9999999998874927,-74.00559422152544,True
eegmmidb,S005,data/eegmmidb/S005/S005R07.edf,2,24,60.0,motor_execution,T0,ds005284,1,0.9999999937230086,-43.625267572011445,True
eegmmidb,S005,data/eegmmidb/S005/S005R07.edf,2,25,62.0,motor_execution,T1,ds005284,0,0.9999978836238781,-59.98820737592142,True
eegmmidb,S005,data/eegmmidb/S005/S005R07.edf,2,26,66.0,motor_execution,T0,ds005284,0,0.9999999987852703,-57.06707594125027,True
eegmmidb,S005,data/eegmmidb/S005/S005R07.edf,2,27,68.0,motor_execution,T0,ds005284,0,0.9915755101989885,-63.43824937697452,True
eegmmidb,S005,data/eegmmidb/S005/S005R07.edf,2,28,70.0,motor_execution,T2,ds005284,0,0.9999989373316287,-51.60927521111493,True
eegmmidb,S005,data/eegmmidb/S005/S005R07.edf,2,29,74.0,motor_execution,T0,ds005284,1,0.99999999999865,-42.802468207372776,True
eegmmidb,S005,data/eegmmidb/S005/S005R07.edf,2,30,76.0,motor_execution,T0,ds005284,0,0.9999994440741755,-61.00881661390704,True
eegmmidb,S005,data/eegmmidb/S005/S005R07.edf,2,31,78.0,motor_execution,T1,ds005284,0,0.9993774067570161,-58.3575531920586,True
eegmmidb,S005,data/eegmmidb/S005/S005R07.edf,2,32,80.0,motor_execution,T1,ds005284,1,1.0,-27.09248402648455,False
eegmmidb,S005,data/eegmmidb/S005/S005R07.edf,2,33,84.0,motor_execution,T0,ds005284,0,0.9999999999345448,-57.1566881030566,True
eegmmidb,S005,data/eegmmidb/S005/S005R07.edf,2,34,86.0,motor_execution,T2,ds005284,1,0.999999999912788,-39.732142184824106,True
eegmmidb,S005,data/eegmmidb/S005/S005R07.edf,2,35,88.0,motor_execution,T2,ds005284,0,0.9999690539799776,-52.14265163218248,True
eegmmidb,S005,data/eegmmidb/S005/S005R07.edf,2,36,90.0,motor_execution,T0,ds005284,1,1.0,-27.544687965833425,False
eegmmidb,S005,data/eegmmidb/S005/S005R07.edf,2,37,94.0,motor_execution,T1,ds005284,1,0.9999999733876738,-36.40307072004426,True
eegmmidb,S005,data/eegmmidb/S005/S005R07.edf,2,38,96.0,motor_execution,T1,ds005284,0,0.9999999999997513,-55.91159142831553,True
eegmmidb,S005,data/eegmmidb/S005/S005R07.edf,2,39,98.0,motor_execution,T0,ds005284,1,0.9999647819853763,-44.158164063409195,True
eegmmidb,S005,data/eegmmidb/S005/S005R07.edf,2,40,102.0,motor_execution,T1,ds005284,1,0.9793872189044085,-50.99150557192327,True
eegmmidb,S005,data/eegmmidb/S005/S005R07.edf,2,41,104.0,motor_execution,T1,ds005284,0,0.9999999982502956,-58.941328248335765,True
eegmmidb,S005,data/eegmmidb/S005/S005R07.edf,2,42,106.0,motor_execution,T0,ds005284,1,0.9999999621334374,-40.79004801411107,True
eegmmidb,S005,data/eegmmidb/S005/S005R07.edf,2,43,108.0,motor_execution,T0,ds005284,0,0.9999999999936051,-63.581854385329926,True
eegmmidb,S005,data/eegmmidb/S005/S005R07.edf,2,44,112.0,motor_execution,T2,ds005284,1,0.963710050119395,-50.62934459013901,True
eegmmidb,S005,data/eegmmidb/S005/S005R07.edf,2,45,114.0,motor_execution,T0,ds005284,1,0.999999999997371,-33.00499600787628,False
eegmmidb,S005,data/eegmmidb/S005/S005R07.edf,2,46,116.0,motor_execution,T0,ds005284,0,0.9999999974185982,-62.36058662709467,True
eegmmidb,S005,data/eegmmidb/S005/S005R07.edf,2,47,120.0,motor_execution,T1,ds005284,0,0.9999999999871605,-60.42405983912404,True
eegmmidb,S005,data/eegmmidb/S005/S005R08.edf,2,0,0.0,motor_imagery,T0,ds005284,1,0.9999999999995595,-34.5436270691527,False
eegmmidb,S005,data/eegmmidb/S005/S005R08.edf,2,1,2.0,motor_imagery,T0,ds005284,0,0.9999999990737507,-55.60787784058059,True
eegmmidb,S005,data/eegmmidb/S005/S005R08.edf,2,2,4.0,motor_imagery,T2,ds005284,0,0.9992034056863743,-59.424853288582064,True
eegmmidb,S005,data/eegmmidb/S005/S005R08.edf,2,3,6.0,motor_imagery,T2,ds005284,0,1.0,-68.29428683408867,True
eegmmidb,S005,data/eegmmidb/S005/S005R08.edf,2,4,10.0,motor_imagery,T0,ds005284,1,1.0,-26.313533273257598,False
eegmmidb,S005,data/eegmmidb/S005/S005R08.edf,2,5,12.0,motor_imagery,T1,ds005284,0,0.9999906239189771,-48.863350277163256,True
eegmmidb,S005,data/eegmmidb/S005/S005R08.edf,2,6,14.0,motor_imagery,T1,ds005284,0,0.999999999999666,-55.87162779408946,True
eegmmidb,S005,data/eegmmidb/S005/S005R08.edf,2,7,16.0,motor_imagery,T0,ds005284,1,0.9999939471823117,-39.08245249337915,True
eegmmidb,S005,data/eegmmidb/S005/S005R08.edf,2,8,20.0,motor_imagery,T2,ds005284,0,0.9999976285392601,-60.167121820246784,True
eegmmidb,S005,data/eegmmidb/S005/S005R08.edf,2,9,22.0,motor_imagery,T2,ds005284,0,0.9894268397755817,-62.94306771047812,True
eegmmidb,S005,data/eegmmidb/S005/S005R08.edf,2,10,24.0,motor_imagery,T0,ds005284,1,0.9999999994117275,-31.308406015615866,False
eegmmidb,S005,data/eegmmidb/S005/S005R08.edf,2,11,28.0,motor_imagery,T1,ds005284,0,0.9999998749776331,-41.79530990911932,True
eegmmidb,S005,data/eegmmidb/S005/S005R08.edf,2,12,30.0,motor_imagery,T1,ds005284,0,1.0,-66.74301073347954,True
eegmmidb,S005,data/eegmmidb/S005/S005R08.edf,2,13,32.0,motor_imagery,T0,ds005284,1,0.999999999720167,-36.13203055950229,True
eegmmidb,S005,data/eegmmidb/S005/S005R08.edf,2,14,34.0,motor_imagery,T0,ds005284,0,0.9999999999998366,-51.88314637591812,True
eegmmidb,S005,data/eegmmidb/S005/S005R08.edf,2,15,38.0,motor_imagery,T1,ds005284,0,0.9999999999999716,-48.78156083073909,True
eegmmidb,S005,data/eegmmidb/S005/S005R08.edf,2,16,40.0,motor_imagery,T0,ds005284,0,0.9999995058430229,-57.52975492789409,True
eegmmidb,S005,data/eegmmidb/S005/S005R08.edf,2,17,42.0,motor_imagery,T0,ds005284,1,0.9185510039259133,-54.86129393395768,True
eegmmidb,S005,data/eegmmidb/S005/S005R08.edf,2,18,44.0,motor_imagery,T0,ds005284,1,1.0,-22.74743465344958,False
eegmmidb,S005,data/eegmmidb/S005/S005R08.edf,2,19,48.0,motor_imagery,T2,ds005284,1,0.9342276381176978,-53.74601750054216,True
eegmmidb,S005,data/eegmmidb/S005/S005R08.edf,2,20,50.0,motor_imagery,T0,ds005284,0,0.9999999999959925,-61.79139707108855,True
eegmmidb,S005,data/eegmmidb/S005/S005R08.edf,2,21,52.0,motor_imagery,T0,ds005284,1,0.9999999996365219,-44.36093054563177,True
eegmmidb,S005,data/eegmmidb/S005/S005R08.edf,2,22,56.0,motor_imagery,T2,ds005284,0,0.9974862208176296,-56.89131909837173,True
eegmmidb,S005,data/eegmmidb/S005/S005R08.edf,2,23,58.0,motor_imagery,T0,ds005284,1,0.9999999854715044,-33.059168660611384,False
eegmmidb,S005,data/eegmmidb/S005/S005R08.edf,2,24,60.0,motor_imagery,T0,ds005284,1,1.0,-25.91795473797425,False
eegmmidb,S005,data/eegmmidb/S005/S005R08.edf,2,25,62.0,motor_imagery,T1,ds005284,0,0.9992945333820689,-47.465178933414144,True
eegmmidb,S005,data/eegmmidb/S005/S005R08.edf,2,26,66.0,motor_imagery,T0,ds005284,0,0.89652356568898,-46.15561107614318,True
eegmmidb,S005,data/eegmmidb/S005/S005R08.edf,2,27,68.0,motor_imagery,T0,ds005284,1,0.9999999995090292,-28.670308266511505,False
eegmmidb,S005,data/eegmmidb/S005/S005R08.edf,2,28,70.0,motor_imagery,T1,ds005284,0,0.9999967750044041,-45.69955262135955,True
eegmmidb,S005,data/eegmmidb/S005/S005R08.edf,2,29,74.0,motor_imagery,T0,ds005284,0,0.9999999623939864,-49.5757765852211,True
eegmmidb,S005,data/eegmmidb/S005/S005R08.edf,2,30,76.0,motor_imagery,T0,ds005284,0,0.9936985699388976,-51.19240557745472,True
eegmmidb,S005,data/eegmmidb/S005/S005R08.edf,2,31,78.0,motor_imagery,T2,ds005284,0,0.9933055974783251,-48.55555714997094,True
eegmmidb,S005,data/eegmmidb/S005/S005R08.edf,2,32,80.0,motor_imagery,T2,ds005284,0,0.9999999998663753,-47.739528962023826,True
eegmmidb,S005,data/eegmmidb/S005/S005R08.edf,2,33,84.0,motor_imagery,T0,ds005284,0,0.9999907215089657,-50.65402253967899,True
eegmmidb,S005,data/eegmmidb/S005/S005R08.edf,2,34,86.0,motor_imagery,T1,ds005284,0,0.9999781084751967,-48.94051040945635,True
eegmmidb,S005,data/eegmmidb/S005/S005R08.edf,2,35,88.0,motor_imagery,T1,ds005284,0,1.0,-52.97154844632328,True
eegmmidb,S005,data/eegmmidb/S005/S005R08.edf,2,36,90.0,motor_imagery,T0,ds005284,1,0.9999999894482698,-32.82198725602141,False
eegmmidb,S005,data/eegmmidb/S005/S005R08.edf,2,37,94.0,motor_imagery,T2,ds005284,0,0.9999550050263305,-43.692178067607564,True
eegmmidb,S005,data/eegmmidb/S005/S005R08.edf,2,38,96.0,motor_imagery,T2,ds005284,0,0.9999565495357104,-39.84765392096033,True
eegmmidb,S005,data/eegmmidb/S005/S005R08.edf,2,39,98.0,motor_imagery,T0,ds005284,1,0.9999977721976467,-31.506259740758466,False
eegmmidb,S005,data/eegmmidb/S005/S005R08.edf,2,40,102.0,motor_imagery,T2,ds005284,0,0.9999879081944756,-42.711133021906775,True
eegmmidb,S005,data/eegmmidb/S005/S005R08.edf,2,41,104.0,motor_imagery,T2,ds005284,0,0.9999965910308487,-49.91536114431854,True
eegmmidb,S005,data/eegmmidb/S005/S005R08.edf,2,42,106.0,motor_imagery,T0,ds005284,1,0.99810269956411,-46.447810066442415,True
eegmmidb,S005,data/eegmmidb/S005/S005R08.edf,2,43,108.0,motor_imagery,T0,ds005284,0,0.9999999952923346,-47.26413236100366,True
eegmmidb,S005,data/eegmmidb/S005/S005R08.edf,2,44,112.0,motor_imagery,T1,ds005284,0,0.9999999999736957,-42.272372166167465,True
eegmmidb,S005,data/eegmmidb/S005/S005R08.edf,2,45,114.0,motor_imagery,T0,ds005284,1,0.9300807622276538,-47.76330310215235,True
eegmmidb,S005,data/eegmmidb/S005/S005R08.edf,2,46,116.0,motor_imagery,T0,ds005284,0,0.9994208926644914,-45.42355750056094,True
eegmmidb,S005,data/eegmmidb/S005/S005R08.edf,2,47,120.0,motor_imagery,T2,ds005284,0,0.9999999999999716,-51.202105671971005,True
eegmmidb,S005,data/eegmmidb/S005/S005R11.edf,2,0,0.0,motor_execution,T0,ds005284,0,1.0,-61.14012203966903,True
eegmmidb,S005,data/eegmmidb/S005/S005R11.edf,2,1,2.0,motor_execution,T0,ds005284,1,0.999999952679006,-46.06929490549202,True
eegmmidb,S005,data/eegmmidb/S005/S005R11.edf,2,2,4.0,motor_execution,T1,ds005284,0,0.9999999993913278,-48.48373057246709,True
eegmmidb,S005,data/eegmmidb/S005/S005R11.edf,2,3,6.0,motor_execution,T1,ds005284,0,0.9999999999872671,-46.11758114700174,True
eegmmidb,S005,data/eegmmidb/S005/S005R11.edf,2,4,10.0,motor_execution,T0,ds005284,0,0.9999999999999929,-54.22797893300343,True
eegmmidb,S005,data/eegmmidb/S005/S005R11.edf,2,5,12.0,motor_execution,T2,ds005284,0,0.999813240539139,-52.57709507915754,True
eegmmidb,S005,data/eegmmidb/S005/S005R11.edf,2,6,14.0,motor_execution,T2,ds005284,0,0.9999999027365807,-53.25673733205945,True
eegmmidb,S005,data/eegmmidb/S005/S005R11.edf,2,7,16.0,motor_execution,T0,ds005284,1,1.0,-34.67020706473165,False
eegmmidb,S005,data/eegmmidb/S005/S005R11.edf,2,8,20.0,motor_execution,T1,ds005284,1,0.8052817161066332,-48.98199083670215,True
eegmmidb,S005,data/eegmmidb/S005/S005R11.edf,2,9,22.0,motor_execution,T1,ds005284,0,0.9999999661369975,-44.90196578347571,True
eegmmidb,S005,data/eegmmidb/S005/S005R11.edf,2,10,24.0,motor_execution,T0,ds005284,1,0.9999999838838322,-36.546769497851635,True
eegmmidb,S005,data/eegmmidb/S005/S005R11.edf,2,11,28.0,motor_execution,T2,ds005284,0,0.9999962288722894,-45.04525614169886,True
eegmmidb,S005,data/eegmmidb/S005/S005R11.edf,2,12,30.0,motor_execution,T2,ds005284,1,0.9999999900402727,-28.08974952878252,False
eegmmidb,S005,data/eegmmidb/S005/S005R11.edf,2,13,32.0,motor_execution,T0,ds005284,1,0.9999999574313927,-44.98219136658241,True
eegmmidb,S005,data/eegmmidb/S005/S005R11.edf,2,14,34.0,motor_execution,T0,ds005284,1,1.0,-51.6133165055167,True
eegmmidb,S005,data/eegmmidb/S005/S005R11.edf,2,15,38.0,motor_execution,T2,ds005284,0,0.9999999999849507,-55.33039166904093,True
eegmmidb,S005,data/eegmmidb/S005/S005R11.edf,2,16,40.0,motor_execution,T0,ds005284,1,0.97581892456043,-44.88294275843402,True
eegmmidb,S005,data/eegmmidb/S005/S005R11.edf,2,17,42.0,motor_execution,T0,ds005284,0,0.9999965717543591,-51.362052680874996,True
eegmmidb,S005,data/eegmmidb/S005/S005R11.edf,2,18,44.0,motor_execution,T0,ds005284,0,0.999984564000449,-37.07541624833474,True
eegmmidb,S005,data/eegmmidb/S005/S005R11.edf,2,19,48.0,motor_execution,T1,ds005284,1,0.9986090717139777,-37.17511027150343,True
eegmmidb,S005,data/eegmmidb/S005/S005R11.edf,2,20,50.0,motor_execution,T0,ds005284,0,1.0,-49.29811690065036,True
eegmmidb,S005,data/eegmmidb/S005/S005R11.edf,2,21,52.0,motor_execution,T0,ds005284,0,0.9981942312048881,-43.241008810241986,True
eegmmidb,S005,data/eegmmidb/S005/S005R11.edf,2,22,56.0,motor_execution,T2,ds005284,0,0.9999999999969944,-42.33282099227861,True
eegmmidb,S005,data/eegmmidb/S005/S005R11.edf,2,23,58.0,motor_execution,T0,ds005284,1,0.999999918637865,-45.05767596876686,True
eegmmidb,S005,data/eegmmidb/S005/S005R11.edf,2,24,60.0,motor_execution,T0,ds005284,0,0.9999999609273907,-49.49084058054153,True
eegmmidb,S005,data/eegmmidb/S005/S005R11.edf,2,25,62.0,motor_execution,T1,ds005284,0,0.9999999999998721,-45.0619356720886,True
eegmmidb,S005,data/eegmmidb/S005/S005R11.edf,2,26,66.0,motor_execution,T0,ds005284,1,0.9999999999993605,-51.88993220241704,True
eegmmidb,S005,data/eegmmidb/S005/S005R11.edf,2,27,68.0,motor_execution,T0,ds005284,0,0.9999999967287394,-58.8723816589675,True
eegmmidb,S005,data/eegmmidb/S005/S005R11.edf,2,28,70.0,motor_execution,T1,ds005284,0,0.8675763398165868,-37.67986824567083,True
eegmmidb,S005,data/eegmmidb/S005/S005R11.edf,2,29,74.0,motor_execution,T0,ds005284,0,0.9999991736995003,-40.70219304461288,True
eegmmidb,S005,data/eegmmidb/S005/S005R11.edf,2,30,76.0,motor_execution,T0,ds005284,0,0.9999999999979963,-43.41446594544874,True
eegmmidb,S005,data/eegmmidb/S005/S005R11.edf,2,31,78.0,motor_execution,T2,ds005284,0,0.7641731370934728,-41.20675899724365,True
eegmmidb,S005,data/eegmmidb/S005/S005R11.edf,2,32,80.0,motor_execution,T2,ds005284,0,0.9999999999999929,-45.471666631720566,True
eegmmidb,S005,data/eegmmidb/S005/S005R11.edf,2,33,84.0,motor_execution,T0,ds005284,1,0.999993197266729,-42.84954142650065,True
eegmmidb,S005,data/eegmmidb/S005/S005R11.edf,2,34,86.0,motor_execution,T1,ds005284,1,1.0,-29.88622368048261,False
eegmmidb,S005,data/eegmmidb/S005/S005R11.edf,2,35,88.0,motor_execution,T1,ds005284,0,0.9999999986627088,-39.76752820067533,True
eegmmidb,S005,data/eegmmidb/S005/S005R11.edf,2,36,90.0,motor_execution,T0,ds005284,1,0.9999999999999645,-31.000607589219825,False
eegmmidb,S005,data/eegmmidb/S005/S005R11.edf,2,37,94.0,motor_execution,T2,ds005284,0,0.9999999693682473,-54.04903533045062,True
eegmmidb,S005,data/eegmmidb/S005/S005R11.edf,2,38,96.0,motor_execution,T2,ds005284,0,0.9999999986615791,-51.96156987330844,True
eegmmidb,S005,data/eegmmidb/S005/S005R11.edf,2,39,98.0,motor_execution,T0,ds005284,1,0.9997835925972332,-35.081854033614114,True
eegmmidb,S005,data/eegmmidb/S005/S005R11.edf,2,40,102.0,motor_execution,T2,ds005284,0,0.9999999749801706,-47.07022218800868,True
eegmmidb,S005,data/eegmmidb/S005/S005R11.edf,2,41,104.0,motor_execution,T2,ds005284,0,0.9999999943877427,-52.31125756398149,True
eegmmidb,S005,data/eegmmidb/S005/S005R11.edf,2,42,106.0,motor_execution,T0,ds005284,0,0.9999996931583768,-47.582894751730656,True
eegmmidb,S005,data/eegmmidb/S005/S005R11.edf,2,43,108.0,motor_execution,T0,ds005284,1,0.9803755596485845,-40.00876857427989,True
eegmmidb,S005,data/eegmmidb/S005/S005R11.edf,2,44,112.0,motor_execution,T1,ds005284,1,0.9999999882144088,-31.519684185395004,False
eegmmidb,S005,data/eegmmidb/S005/S005R11.edf,2,45,114.0,motor_execution,T0,ds005284,0,0.9999999999972999,-42.67933218027927,True
eegmmidb,S005,data/eegmmidb/S005/S005R11.edf,2,46,116.0,motor_execution,T0,ds005284,0,0.9999999999691127,-48.81477033027605,True
eegmmidb,S005,data/eegmmidb/S005/S005R11.edf,2,47,120.0,motor_execution,T1,ds005284,0,0.9999999999999858,-46.29094854991087,True
eegmmidb,S005,data/eegmmidb/S005/S005R12.edf,2,0,0.0,motor_imagery,T0,ds005284,0,0.9999999086321806,-41.90346115638264,True
eegmmidb,S005,data/eegmmidb/S005/S005R12.edf,2,1,2.0,motor_imagery,T0,ds005284,1,0.6615505132237287,-36.19282833465337,True
eegmmidb,S005,data/eegmmidb/S005/S005R12.edf,2,2,4.0,motor_imagery,T1,ds005284,1,0.6697127916373709,-42.51861654260021,True
eegmmidb,S005,data/eegmmidb/S005/S005R12.edf,2,3,6.0,motor_imagery,T1,ds005284,0,0.9999999999998366,-46.28638786343011,True
eegmmidb,S005,data/eegmmidb/S005/S005R12.edf,2,4,10.0,motor_imagery,T0,ds005284,1,1.0,-24.301009723515378,False
eegmmidb,S005,data/eegmmidb/S005/S005R12.edf,2,5,12.0,motor_imagery,T2,ds005284,1,0.9999999999996767,-24.158114312945667,False
eegmmidb,S005,data/eegmmidb/S005/S005R12.edf,2,6,14.0,motor_imagery,T2,ds005284,0,0.9999999999956444,-42.75345120331828,True
eegmmidb,S005,data/eegmmidb/S005/S005R12.edf,2,7,16.0,motor_imagery,T0,ds005284,1,0.906020961350837,-39.123565414819495,True
eegmmidb,S005,data/eegmmidb/S005/S005R12.edf,2,8,20.0,motor_imagery,T1,ds005284,1,0.9999989922331982,-37.75501754290726,True
eegmmidb,S005,data/eegmmidb/S005/S005R12.edf,2,9,22.0,motor_imagery,T1,ds005284,0,0.9994594225116353,-39.84314213142069,True
eegmmidb,S005,data/eegmmidb/S005/S005R12.edf,2,10,24.0,motor_imagery,T0,ds005284,1,1.0,-25.516565142088595,False
eegmmidb,S005,data/eegmmidb/S005/S005R12.edf,2,11,28.0,motor_imagery,T2,ds005284,0,0.999960433664397,-39.896528176081006,True
eegmmidb,S005,data/eegmmidb/S005/S005R12.edf,2,12,30.0,motor_imagery,T2,ds005284,0,0.9999999998854605,-43.70891290295358,True
eegmmidb,S005,data/eegmmidb/S005/S005R12.edf,2,13,32.0,motor_imagery,T0,ds005284,1,0.9999999999992468,-31.699063298047058,False
eegmmidb,S005,data/eegmmidb/S005/S005R12.edf,2,14,34.0,motor_imagery,T0,ds005284,1,0.9999909912664788,-47.994796427905875,True
eegmmidb,S005,data/eegmmidb/S005/S005R12.edf,2,15,38.0,motor_imagery,T1,ds005284,0,0.9999999999904716,-37.00820015217471,True
eegmmidb,S005,data/eegmmidb/S005/S005R12.edf,2,16,40.0,motor_imagery,T0,ds005284,0,1.0,-40.121326755599675,True
eegmmidb,S005,data/eegmmidb/S005/S005R12.edf,2,17,42.0,motor_imagery,T0,ds005284,1,1.0,-33.40611368625841,False
eegmmidb,S005,data/eegmmidb/S005/S005R12.edf,2,18,44.0,motor_imagery,T0,ds005284,1,0.9999999998929283,-32.1340024395435,False
eegmmidb,S005,data/eegmmidb/S005/S005R12.edf,2,19,48.0,motor_imagery,T2,ds005284,0,0.9999999999998863,-43.7154990846239,True
eegmmidb,S005,data/eegmmidb/S005/S005R12.edf,2,20,50.0,motor_imagery,T0,ds005284,1,0.9999999998265992,-34.255560566889194,False
eegmmidb,S005,data/eegmmidb/S005/S005R12.edf,2,21,52.0,motor_imagery,T0,ds005284,0,0.9999999960438686,-45.34254028485297,True
eegmmidb,S005,data/eegmmidb/S005/S005R12.edf,2,22,56.0,motor_imagery,T1,ds005284,0,0.9999999999999645,-41.00176712650752,True
eegmmidb,S005,data/eegmmidb/S005/S005R12.edf,2,23,58.0,motor_imagery,T0,ds005284,1,0.5969647757755902,-47.775882310945946,True
eegmmidb,S005,data/eegmmidb/S005/S005R12.edf,2,24,60.0,motor_imagery,T0,ds005284,0,0.9121939595169991,-38.35794094819014,True
eegmmidb,S005,data/eegmmidb/S005/S005R12.edf,2,25,62.0,motor_imagery,T2,ds005284,0,0.9999373165893894,-47.0450681400541,True
eegmmidb,S005,data/eegmmidb/S005/S005R12.edf,2,26,66.0,motor_imagery,T0,ds005284,0,0.9999285293125185,-58.07424009830785,True
eegmmidb,S005,data/eegmmidb/S005/S005R12.edf,2,27,68.0,motor_imagery,T0,ds005284,1,0.9303036065192396,-44.20220033245696,True
eegmmidb,S005,data/eegmmidb/S005/S005R12.edf,2,28,70.0,motor_imagery,T2,ds005284,0,0.9999999999790816,-48.083596829029155,True
eegmmidb,S005,data/eegmmidb/S005/S005R12.edf,2,29,74.0,motor_imagery,T0,ds005284,1,0.8947683429015618,-50.329579061939576,True
eegmmidb,S005,data/eegmmidb/S005/S005R12.edf,2,30,76.0,motor_imagery,T0,ds005284,1,0.9995870743420355,-41.39168220175783,True
eegmmidb,S005,data/eegmmidb/S005/S005R12.edf,2,31,78.0,motor_imagery,T1,ds005284,1,1.0,-23.381601522015245,False
eegmmidb,S005,data/eegmmidb/S005/S005R12.edf,2,32,80.0,motor_imagery,T1,ds005284,0,1.0,-40.99183714518154,True
eegmmidb,S005,data/eegmmidb/S005/S005R12.edf,2,33,84.0,motor_imagery,T0,ds005284,0,0.9999999999998224,-35.35597698625621,True
eegmmidb,S005,data/eegmmidb/S005/S005R12.edf,2,34,86.0,motor_imagery,T2,ds005284,1,0.999889161724323,-36.12198226199067,True
eegmmidb,S005,data/eegmmidb/S005/S005R12.edf,2,35,88.0,motor_imagery,T2,ds005284,0,0.9999993458213873,-36.95031926320802,True
eegmmidb,S005,data/eegmmidb/S005/S005R12.edf,2,36,90.0,motor_imagery,T0,ds005284,1,0.9999999974881639,-22.90425687227849,False
eegmmidb,S005,data/eegmmidb/S005/S005R12.edf,2,37,94.0,motor_imagery,T1,ds005284,1,0.9999999998944098,-22.52665211223916,False
eegmmidb,S005,data/eegmmidb/S005/S005R12.edf,2,38,96.0,motor_imagery,T1,ds005284,0,0.9999999995668887,-35.90293629859971,True
eegmmidb,S005,data/eegmmidb/S005/S005R12.edf,2,39,98.0,motor_imagery,T0,ds005284,1,0.9999998287722822,-29.38562409104224,False
eegmmidb,S005,data/eegmmidb/S005/S005R12.edf,2,40,102.0,motor_imagery,T2,ds005284,0,0.9994933566096196,-36.02538073158837,True
eegmmidb,S005,data/eegmmidb/S005/S005R12.edf,2,41,104.0,motor_imagery,T2,ds005284,0,0.999999999999865,-43.07623682774606,True
eegmmidb,S005,data/eegmmidb/S005/S005R12.edf,2,42,106.0,motor_imagery,T0,ds005284,1,0.9999952449640692,-36.61363246051923,True
eegmmidb,S005,data/eegmmidb/S005/S005R12.edf,2,43,108.0,motor_imagery,T0,ds005284,1,1.0,-25.904807787890924,False
eegmmidb,S005,data/eegmmidb/S005/S005R12.edf,2,44,112.0,motor_imagery,T1,ds005284,0,1.0,-39.481630153623236,True
eegmmidb,S005,data/eegmmidb/S005/S005R12.edf,2,45,114.0,motor_imagery,T0,ds005284,0,0.9999994999886226,-30.74071136358165,False
eegmmidb,S005,data/eegmmidb/S005/S005R12.edf,2,46,116.0,motor_imagery,T0,ds005284,1,1.0,-33.66592981393218,False
eegmmidb,S005,data/eegmmidb/S005/S005R12.edf,2,47,120.0,motor_imagery,T2,ds005284,0,0.9999999999999929,-39.828956243381015,True
eegmmidb,S006,data/eegmmidb/S006/S006R01.edf,2,0,0.0,eyes_open_rest,T0,ds005284,1,0.9999999987445847,-24.030521306838466,False
eegmmidb,S006,data/eegmmidb/S006/S006R01.edf,2,1,2.0,eyes_open_rest,T0,ds005284,0,1.0,-58.6113837015889,True
eegmmidb,S006,data/eegmmidb/S006/S006R01.edf,2,2,4.0,eyes_open_rest,T0,ds005284,0,0.9999999999918501,-39.421193844242666,True
eegmmidb,S006,data/eegmmidb/S006/S006R01.edf,2,3,6.0,eyes_open_rest,T0,ds005284,0,1.0,-80.07852132464345,True
eegmmidb,S006,data/eegmmidb/S006/S006R01.edf,2,4,8.0,eyes_open_rest,T0,ds005284,1,0.9999999972786497,-24.353270084030605,False
eegmmidb,S006,data/eegmmidb/S006/S006R01.edf,2,5,10.0,eyes_open_rest,T0,ds005284,1,0.9999996668039537,-28.30733016578925,False
eegmmidb,S006,data/eegmmidb/S006/S006R01.edf,2,6,12.0,eyes_open_rest,T0,ds005284,0,1.0,-35.61508666053566,True
eegmmidb,S006,data/eegmmidb/S006/S006R01.edf,2,7,14.0,eyes_open_rest,T0,ds005284,1,0.9671449247544811,-27.845595575524214,False
eegmmidb,S006,data/eegmmidb/S006/S006R01.edf,2,8,16.0,eyes_open_rest,T0,ds005284,1,1.0,-24.423354841924706,False
eegmmidb,S006,data/eegmmidb/S006/S006R01.edf,2,9,18.0,eyes_open_rest,T0,ds005284,0,1.0,-37.04050270126561,True
eegmmidb,S006,data/eegmmidb/S006/S006R01.edf,2,10,20.0,eyes_open_rest,T0,ds005284,0,1.0,-36.41500894491303,True
eegmmidb,S006,data/eegmmidb/S006/S006R01.edf,2,11,22.0,eyes_open_rest,T0,ds005284,1,0.9999999999391527,-23.273674990660002,False
eegmmidb,S006,data/eegmmidb/S006/S006R01.edf,2,12,24.0,eyes_open_rest,T0,ds005284,0,1.0,-51.48055537072107,True
eegmmidb,S006,data/eegmmidb/S006/S006R01.edf,2,13,26.0,eyes_open_rest,T0,ds005284,0,1.0,-42.969419956331286,True
eegmmidb,S006,data/eegmmidb/S006/S006R01.edf,2,14,28.0,eyes_open_rest,T0,ds005284,1,1.0,-22.960287583774452,False
eegmmidb,S006,data/eegmmidb/S006/S006R01.edf,2,15,30.0,eyes_open_rest,T0,ds005284,1,0.9999999761385114,-23.76707950428557,False
eegmmidb,S006,data/eegmmidb/S006/S006R01.edf,2,16,32.0,eyes_open_rest,T0,ds005284,0,0.9999998829791961,-41.2507316714578,True
eegmmidb,S006,data/eegmmidb/S006/S006R01.edf,2,17,34.0,eyes_open_rest,T0,ds005284,1,0.9999976657057306,-37.85317647750604,True
eegmmidb,S006,data/eegmmidb/S006/S006R01.edf,2,18,36.0,eyes_open_rest,T0,ds005284,1,0.9996491598880517,-23.1473553272122,False
eegmmidb,S006,data/eegmmidb/S006/S006R01.edf,2,19,38.0,eyes_open_rest,T0,ds005284,0,0.9971750450840514,-27.28800250555533,False
eegmmidb,S006,data/eegmmidb/S006/S006R01.edf,2,20,40.0,eyes_open_rest,T0,ds005284,0,1.0,-40.58564577997438,True
eegmmidb,S006,data/eegmmidb/S006/S006R01.edf,2,21,42.0,eyes_open_rest,T0,ds005284,0,0.989987757953548,-30.055671158129034,False
eegmmidb,S006,data/eegmmidb/S006/S006R01.edf,2,22,44.0,eyes_open_rest,T0,ds005284,1,0.9999999999947597,-21.336750955006583,False
eegmmidb,S006,data/eegmmidb/S006/S006R01.edf,2,23,46.0,eyes_open_rest,T0,ds005284,1,0.9999999998535181,-23.073874825862557,False
eegmmidb,S006,data/eegmmidb/S006/S006R01.edf,2,24,48.0,eyes_open_rest,T0,ds005284,0,1.0,-40.939170080520064,True
eegmmidb,S006,data/eegmmidb/S006/S006R01.edf,2,25,50.0,eyes_open_rest,T0,ds005284,1,0.9997821218478765,-24.77596279546366,False
eegmmidb,S006,data/eegmmidb/S006/S006R01.edf,2,26,52.0,eyes_open_rest,T0,ds005284,1,0.9999999840295893,-23.747113840074658,False
eegmmidb,S006,data/eegmmidb/S006/S006R01.edf,2,27,54.0,eyes_open_rest,T0,ds005284,1,0.9999999999996518,-27.42421839085094,False
eegmmidb,S006,data/eegmmidb/S006/S006R01.edf,2,28,56.0,eyes_open_rest,T0,ds005284,1,1.0,-26.06182342375164,False
eegmmidb,S006,data/eegmmidb/S006/S006R01.edf,2,29,58.0,eyes_open_rest,T0,ds005284,0,1.0,-43.65365251054174,True
eegmmidb,S006,data/eegmmidb/S006/S006R02.edf,2,0,0.0,eyes_closed_rest,T0,ds005284,0,1.0,-60.576431604391864,True
eegmmidb,S006,data/eegmmidb/S006/S006R02.edf,2,1,2.0,eyes_closed_rest,T0,ds005284,0,1.0,-68.44437595138356,True
eegmmidb,S006,data/eegmmidb/S006/S006R02.edf,2,2,4.0,eyes_closed_rest,T0,ds005284,0,1.0,-61.37124025747584,True
eegmmidb,S006,data/eegmmidb/S006/S006R02.edf,2,3,6.0,eyes_closed_rest,T0,ds005284,0,1.0,-61.94181156586958,True
eegmmidb,S006,data/eegmmidb/S006/S006R02.edf,2,4,8.0,eyes_closed_rest,T0,ds005284,0,1.0,-33.00202760326885,False
eegmmidb,S006,data/eegmmidb/S006/S006R02.edf,2,5,10.0,eyes_closed_rest,T0,ds005284,0,1.0,-36.05098561683695,True
eegmmidb,S006,data/eegmmidb/S006/S006R02.edf,2,6,12.0,eyes_closed_rest,T0,ds005284,0,1.0,-35.17028290891886,True
eegmmidb,S006,data/eegmmidb/S006/S006R02.edf,2,7,14.0,eyes_closed_rest,T0,ds005284,0,1.0,-48.30661603363645,True
eegmmidb,S006,data/eegmmidb/S006/S006R02.edf,2,8,16.0,eyes_closed_rest,T0,ds005284,0,1.0,-36.2456809536372,True
eegmmidb,S006,data/eegmmidb/S006/S006R02.edf,2,9,18.0,eyes_closed_rest,T0,ds005284,0,1.0,-39.436314566389235,True
eegmmidb,S006,data/eegmmidb/S006/S006R02.edf,2,10,20.0,eyes_closed_rest,T0,ds005284,0,1.0,-29.6488458003768,False
eegmmidb,S006,data/eegmmidb/S006/S006R02.edf,2,11,22.0,eyes_closed_rest,T0,ds005284,0,1.0,-39.852697045485066,True
eegmmidb,S006,data/eegmmidb/S006/S006R02.edf,2,12,24.0,eyes_closed_rest,T0,ds005284,0,1.0,-30.103434467683872,False
eegmmidb,S006,data/eegmmidb/S006/S006R02.edf,2,13,26.0,eyes_closed_rest,T0,ds005284,0,1.0,-46.68652968187602,True
eegmmidb,S006,data/eegmmidb/S006/S006R02.edf,2,14,28.0,eyes_closed_rest,T0,ds005284,0,1.0,-35.09954197700389,True
eegmmidb,S006,data/eegmmidb/S006/S006R02.edf,2,15,30.0,eyes_closed_rest,T0,ds005284,0,1.0,-37.80235078509225,True
eegmmidb,S006,data/eegmmidb/S006/S006R02.edf,2,16,32.0,eyes_closed_rest,T0,ds005284,0,1.0,-46.883441432303364,True
eegmmidb,S006,data/eegmmidb/S006/S006R02.edf,2,17,34.0,eyes_closed_rest,T0,ds005284,0,1.0,-37.84053817715839,True
eegmmidb,S006,data/eegmmidb/S006/S006R02.edf,2,18,36.0,eyes_closed_rest,T0,ds005284,0,1.0,-32.2136090742085,False
eegmmidb,S006,data/eegmmidb/S006/S006R02.edf,2,19,38.0,eyes_closed_rest,T0,ds005284,0,1.0,-40.38415951301768,True
eegmmidb,S006,data/eegmmidb/S006/S006R02.edf,2,20,40.0,eyes_closed_rest,T0,ds005284,0,1.0,-32.11439634755152,False
eegmmidb,S006,data/eegmmidb/S006/S006R02.edf,2,21,42.0,eyes_closed_rest,T0,ds005284,0,1.0,-30.913974367906984,False
eegmmidb,S006,data/eegmmidb/S006/S006R02.edf,2,22,44.0,eyes_closed_rest,T0,ds005284,0,1.0,-35.69142090621664,True
eegmmidb,S006,data/eegmmidb/S006/S006R02.edf,2,23,46.0,eyes_closed_rest,T0,ds005284,0,1.0,-34.44523636623496,False
eegmmidb,S006,data/eegmmidb/S006/S006R02.edf,2,24,48.0,eyes_closed_rest,T0,ds005284,0,1.0,-32.57348421501334,False
eegmmidb,S006,data/eegmmidb/S006/S006R02.edf,2,25,50.0,eyes_closed_rest,T0,ds005284,0,1.0,-30.153456019649855,False
eegmmidb,S006,data/eegmmidb/S006/S006R02.edf,2,26,52.0,eyes_closed_rest,T0,ds005284,0,1.0,-30.431942407072857,False
eegmmidb,S006,data/eegmmidb/S006/S006R02.edf,2,27,54.0,eyes_closed_rest,T0,ds005284,0,1.0,-30.968327723332624,False
eegmmidb,S006,data/eegmmidb/S006/S006R02.edf,2,28,56.0,eyes_closed_rest,T0,ds005284,0,1.0,-26.201960888238677,False
eegmmidb,S006,data/eegmmidb/S006/S006R02.edf,2,29,58.0,eyes_closed_rest,T0,ds005284,0,1.0,-23.102207002952884,False
eegmmidb,S006,data/eegmmidb/S006/S006R03.edf,2,0,0.0,motor_execution,T0,ds005284,1,0.9999997581937671,-30.665510743128586,False
eegmmidb,S006,data/eegmmidb/S006/S006R03.edf,2,1,2.0,motor_execution,T0,ds005284,0,0.8660129429554458,-51.73736241004802,True
eegmmidb,S006,data/eegmmidb/S006/S006R03.edf,2,2,4.0,motor_execution,T2,ds005284,0,1.0,-40.19767990322363,True
eegmmidb,S006,data/eegmmidb/S006/S006R03.edf,2,3,6.0,motor_execution,T2,ds005284,0,1.0,-51.81629749318876,True
eegmmidb,S006,data/eegmmidb/S006/S006R03.edf,2,4,8.0,motor_execution,T0,ds005284,0,1.0,-49.14411826516027,True
eegmmidb,S006,data/eegmmidb/S006/S006R03.edf,2,5,10.0,motor_execution,T0,ds005284,0,0.9999999774665087,-38.46274449387081,True
eegmmidb,S006,data/eegmmidb/S006/S006R03.edf,2,6,12.0,motor_execution,T1,ds005284,0,1.0,-25.821910281823353,False
eegmmidb,S006,data/eegmmidb/S006/S006R03.edf,2,7,14.0,motor_execution,T1,ds005284,0,1.0,-44.74353543962271,True
eegmmidb,S006,data/eegmmidb/S006/S006R03.edf,2,8,16.0,motor_execution,T0,ds005284,0,1.0,-39.89252387044048,True
eegmmidb,S006,data/eegmmidb/S006/S006R03.edf,2,9,18.0,motor_execution,T0,ds005284,1,1.0,-21.40613105840586,False
eegmmidb,S006,data/eegmmidb/S006/S006R03.edf,2,10,20.0,motor_execution,T1,ds005284,1,0.9999999802100279,-24.645931860133018,False
eegmmidb,S006,data/eegmmidb/S006/S006R03.edf,2,11,22.0,motor_execution,T1,ds005284,0,1.0,-37.11065293003979,True
eegmmidb,S006,data/eegmmidb/S006/S006R03.edf,2,12,24.0,motor_execution,T0,ds005284,0,1.0,-33.47597689358836,False
eegmmidb,S006,data/eegmmidb/S006/S006R03.edf,2,13,26.0,motor_execution,T0,ds005284,1,0.9999999998313847,-28.05184113820292,False
eegmmidb,S006,data/eegmmidb/S006/S006R03.edf,2,14,28.0,motor_execution,T2,ds005284,0,1.0,-34.50245330239648,False
eegmmidb,S006,data/eegmmidb/S006/S006R03.edf,2,15,30.0,motor_execution,T2,ds005284,0,1.0,-41.05083312443756,True
eegmmidb,S006,data/eegmmidb/S006/S006R03.edf,2,16,34.0,motor_execution,T0,ds005284,1,1.0,-27.6373843741042,False
eegmmidb,S006,data/eegmmidb/S006/S006R03.edf,2,17,36.0,motor_execution,T1,ds005284,0,1.0,-27.787433534622398,False
eegmmidb,S006,data/eegmmidb/S006/S006R03.edf,2,18,38.0,motor_execution,T1,ds005284,0,1.0,-39.731679404330656,True
eegmmidb,S006,data/eegmmidb/S006/S006R03.edf,2,19,40.0,motor_execution,T0,ds005284,0,1.0,-45.489931010890764,True
eegmmidb,S006,data/eegmmidb/S006/S006R03.edf,2,20,42.0,motor_execution,T0,ds005284,1,0.9999943500870734,-39.13362384619617,True
eegmmidb,S006,data/eegmmidb/S006/S006R03.edf,2,21,44.0,motor_execution,T0,ds005284,0,1.0,-27.21923851150338,False
eegmmidb,S006,data/eegmmidb/S006/S006R03.edf,2,22,46.0,motor_execution,T2,ds005284,0,1.0,-43.58320046536403,True
eegmmidb,S006,data/eegmmidb/S006/S006R03.edf,2,23,48.0,motor_execution,T2,ds005284,0,1.0,-43.73956561406975,True
eegmmidb,S006,data/eegmmidb/S006/S006R03.edf,2,24,50.0,motor_execution,T0,ds005284,1,0.9999999999980638,-24.21246763936789,False
eegmmidb,S006,data/eegmmidb/S006/S006R03.edf,2,25,52.0,motor_execution,T0,ds005284,1,0.9999999983959,-24.171372171788768,False
eegmmidb,S006,data/eegmmidb/S006/S006R03.edf,2,26,54.0,motor_execution,T1,ds005284,0,1.0,-33.59487518253844,False
eegmmidb,S006,data/eegmmidb/S006/S006R03.edf,2,27,56.0,motor_execution,T1,ds005284,0,1.0,-35.17044587359266,True
eegmmidb,S006,data/eegmmidb/S006/S006R03.edf,2,28,58.0,motor_execution,T0,ds005284,0,1.0,-32.785085599296025,False
eegmmidb,S006,data/eegmmidb/S006/S006R03.edf,2,29,60.0,motor_execution,T0,ds005284,0,0.9999999997530793,-36.769481634120595,True
eegmmidb,S006,data/eegmmidb/S006/S006R03.edf,2,30,62.0,motor_execution,T2,ds005284,0,1.0,-32.93349624783669,False
eegmmidb,S006,data/eegmmidb/S006/S006R03.edf,2,31,64.0,motor_execution,T2,ds005284,0,1.0,-40.77411610546579,True
eegmmidb,S006,data/eegmmidb/S006/S006R03.edf,2,32,68.0,motor_execution,T0,ds005284,1,0.9999673183123966,-26.502018190977605,False
eegmmidb,S006,data/eegmmidb/S006/S006R03.edf,2,33,70.0,motor_execution,T2,ds005284,0,1.0,-30.076950913370656,False
eegmmidb,S006,data/eegmmidb/S006/S006R03.edf,2,34,72.0,motor_execution,T2,ds005284,0,0.931171720377103,-31.723099045805245,False
eegmmidb,S006,data/eegmmidb/S006/S006R03.edf,2,35,74.0,motor_execution,T0,ds005284,0,0.9981860516754185,-28.49849955835181,False
eegmmidb,S006,data/eegmmidb/S006/S006R03.edf,2,36,76.0,motor_execution,T0,ds005284,1,0.9983676397954284,-37.24021546263965,True
eegmmidb,S006,data/eegmmidb/S006/S006R03.edf,2,37,78.0,motor_execution,T1,ds005284,0,1.0,-33.703297086640426,False
eegmmidb,S006,data/eegmmidb/S006/S006R03.edf,2,38,80.0,motor_execution,T1,ds005284,0,1.0,-38.734826323141775,True
eegmmidb,S006,data/eegmmidb/S006/S006R03.edf,2,39,82.0,motor_execution,T0,ds005284,0,1.0,-29.102801291183656,False
eegmmidb,S006,data/eegmmidb/S006/S006R03.edf,2,40,84.0,motor_execution,T0,ds005284,0,1.0,-36.715379846549894,True
eegmmidb,S006,data/eegmmidb/S006/S006R03.edf,2,41,86.0,motor_execution,T1,ds005284,0,1.0,-30.830303100123974,False
eegmmidb,S006,data/eegmmidb/S006/S006R03.edf,2,42,88.0,motor_execution,T1,ds005284,0,1.0,-36.33913942589876,True
eegmmidb,S006,data/eegmmidb/S006/S006R03.edf,2,43,90.0,motor_execution,T0,ds005284,0,1.0,-27.75799854261503,False
eegmmidb,S006,data/eegmmidb/S006/S006R03.edf,2,44,92.0,motor_execution,T0,ds005284,0,1.0,-32.224835644088834,False
eegmmidb,S006,data/eegmmidb/S006/S006R03.edf,2,45,94.0,motor_execution,T2,ds005284,0,1.0,-32.737749279632105,False
eegmmidb,S006,data/eegmmidb/S006/S006R03.edf,2,46,96.0,motor_execution,T2,ds005284,0,1.0,-27.95554000620268,False
eegmmidb,S006,data/eegmmidb/S006/S006R03.edf,2,47,100.0,motor_execution,T0,ds005284,0,0.9999999999999964,-31.374329863578716,False
eegmmidb,S006,data/eegmmidb/S006/S006R04.edf,2,0,0.0,motor_imagery,T0,ds005284,0,1.0,-33.8203692503174,False
eegmmidb,S006,data/eegmmidb/S006/S006R04.edf,2,1,2.0,motor_imagery,T0,ds005284,0,0.9999900096341063,-58.123567941205195,True
eegmmidb,S006,data/eegmmidb/S006/S006R04.edf,2,2,4.0,motor_imagery,T1,ds005284,0,1.0,-50.948669405985726,True
eegmmidb,S006,data/eegmmidb/S006/S006R04.edf,2,3,6.0,motor_imagery,T1,ds005284,0,1.0,-32.98371761043408,False
eegmmidb,S006,data/eegmmidb/S006/S006R04.edf,2,4,8.0,motor_imagery,T0,ds005284,0,1.0,-34.03886704594132,False
eegmmidb,S006,data/eegmmidb/S006/S006R04.edf,2,5,10.0,motor_imagery,T0,ds005284,0,1.0,-40.99286863753326,True
eegmmidb,S006,data/eegmmidb/S006/S006R04.edf,2,6,12.0,motor_imagery,T2,ds005284,0,1.0,-28.232118215625167,False
eegmmidb,S006,data/eegmmidb/S006/S006R04.edf,2,7,14.0,motor_imagery,T2,ds005284,0,1.0,-32.35597387610102,False
eegmmidb,S006,data/eegmmidb/S006/S006R04.edf,2,8,16.0,motor_imagery,T0,ds005284,1,0.9999999989025383,-24.56899280833722,False
eegmmidb,S006,data/eegmmidb/S006/S006R04.edf,2,9,18.0,motor_imagery,T0,ds005284,0,1.0,-35.13035226288723,True
eegmmidb,S006,data/eegmmidb/S006/S006R04.edf,2,10,20.0,motor_imagery,T2,ds005284,1,0.9999998139447146,-25.195886644868345,False
eegmmidb,S006,data/eegmmidb/S006/S006R04.edf,2,11,22.0,motor_imagery,T2,ds005284,0,1.0,-47.916392104208164,True
eegmmidb,S006,data/eegmmidb/S006/S006R04.edf,2,12,24.0,motor_imagery,T0,ds005284,1,0.9999999999948024,-22.879963006695288,False
eegmmidb,S006,data/eegmmidb/S006/S006R04.edf,2,13,26.0,motor_imagery,T0,ds005284,0,1.0,-46.147551260556874,True
eegmmidb,S006,data/eegmmidb/S006/S006R04.edf,2,14,28.0,motor_imagery,T1,ds005284,0,1.0,-26.724166529699378,False
eegmmidb,S006,data/eegmmidb/S006/S006R04.edf,2,15,30.0,motor_imagery,T1,ds005284,0,1.0,-28.124427443327047,False
eegmmidb,S006,data/eegmmidb/S006/S006R04.edf,2,16,32.0,motor_imagery,T0,ds005284,0,1.0,-39.940514911340166,True
eegmmidb,S006,data/eegmmidb/S006/S006R04.edf,2,17,34.0,motor_imagery,T0,ds005284,1,1.0,-22.233374765819818,False
eegmmidb,S006,data/eegmmidb/S006/S006R04.edf,2,18,36.0,motor_imagery,T1,ds005284,0,1.0,-24.034958755205746,False
eegmmidb,S006,data/eegmmidb/S006/S006R04.edf,2,19,38.0,motor_imagery,T1,ds005284,0,1.0,-43.29396755126937,True
eegmmidb,S006,data/eegmmidb/S006/S006R04.edf,2,20,40.0,motor_imagery,T0,ds005284,0,1.0,-39.76787997095749,True
eegmmidb,S006,data/eegmmidb/S006/S006R04.edf,2,21,42.0,motor_imagery,T0,ds005284,1,0.99998176896421,-29.986891827520743,False
eegmmidb,S006,data/eegmmidb/S006/S006R04.edf,2,22,44.0,motor_imagery,T0,ds005284,0,1.0,-31.339303386087355,False
eegmmidb,S006,data/eegmmidb/S006/S006R04.edf,2,23,46.0,motor_imagery,T2,ds005284,0,1.0,-36.47175324631426,True
eegmmidb,S006,data/eegmmidb/S006/S006R04.edf,2,24,48.0,motor_imagery,T2,ds005284,1,1.0,-22.559600548867408,False
eegmmidb,S006,data/eegmmidb/S006/S006R04.edf,2,25,50.0,motor_imagery,T0,ds005284,0,0.9999783813605945,-37.66960114070741,True
eegmmidb,S006,data/eegmmidb/S006/S006R04.edf,2,26,52.0,motor_imagery,T0,ds005284,0,1.0,-36.54859179963535,True
eegmmidb,S006,data/eegmmidb/S006/S006R04.edf,2,27,54.0,motor_imagery,T2,ds005284,0,1.0,-31.042088135320387,False
eegmmidb,S006,data/eegmmidb/S006/S006R04.edf,2,28,56.0,motor_imagery,T2,ds005284,0,1.0,-46.8234675697477,True
eegmmidb,S006,data/eegmmidb/S006/S006R04.edf,2,29,58.0,motor_imagery,T0,ds005284,1,0.9999999975339229,-26.3613994521837,False
eegmmidb,S006,data/eegmmidb/S006/S006R04.edf,2,30,60.0,motor_imagery,T0,ds005284,0,1.0,-39.482963414021555,True
eegmmidb,S006,data/eegmmidb/S006/S006R04.edf,2,31,62.0,motor_imagery,T1,ds005284,0,1.0,-28.05133134835884,False
eegmmidb,S006,data/eegmmidb/S006/S006R04.edf,2,32,64.0,motor_imagery,T1,ds005284,0,1.0,-35.41344424238681,True
eegmmidb,S006,data/eegmmidb/S006/S006R04.edf,2,33,66.0,motor_imagery,T0,ds005284,0,0.9999999999633573,-38.509150475587475,True
eegmmidb,S006,data/eegmmidb/S006/S006R04.edf,2,34,68.0,motor_imagery,T0,ds005284,0,0.991050947013386,-35.14337498887074,True
eegmmidb,S006,data/eegmmidb/S006/S006R04.edf,2,35,70.0,motor_imagery,T1,ds005284,0,1.0,-26.560390934902305,False
eegmmidb,S006,data/eegmmidb/S006/S006R04.edf,2,36,72.0,motor_imagery,T1,ds005284,0,1.0,-44.73325239460578,True
eegmmidb,S006,data/eegmmidb/S006/S006R04.edf,2,37,74.0,motor_imagery,T0,ds005284,0,1.0,-30.173773191875274,False
eegmmidb,S006,data/eegmmidb/S006/S006R04.edf,2,38,76.0,motor_imagery,T0,ds005284,0,0.999999999999897,-29.834462245865737,False
eegmmidb,S006,data/eegmmidb/S006/S006R04.edf,2,39,78.0,motor_imagery,T2,ds005284,0,1.0,-26.973864116189947,False
eegmmidb,S006,data/eegmmidb/S006/S006R04.edf,2,40,80.0,motor_imagery,T2,ds005284,0,1.0,-28.132515644640424,False
eegmmidb,S006,data/eegmmidb/S006/S006R04.edf,2,41,82.0,motor_imagery,T0,ds005284,1,1.0,-25.249780811106582,False
eegmmidb,S006,data/eegmmidb/S006/S006R04.edf,2,42,84.0,motor_imagery,T0,ds005284,0,1.0,-41.95965370361015,True
eegmmidb,S006,data/eegmmidb/S006/S006R04.edf,2,43,86.0,motor_imagery,T1,ds005284,0,1.0,-23.424057435640822,False
eegmmidb,S006,data/eegmmidb/S006/S006R04.edf,2,44,88.0,motor_imagery,T1,ds005284,0,1.0,-38.98482378393321,True
eegmmidb,S006,data/eegmmidb/S006/S006R04.edf,2,45,90.0,motor_imagery,T0,ds005284,0,1.0,-47.90948183694278,True
eegmmidb,S006,data/eegmmidb/S006/S006R04.edf,2,46,92.0,motor_imagery,T0,ds005284,0,1.0,-24.53101010172723,False
eegmmidb,S006,data/eegmmidb/S006/S006R04.edf,2,47,96.0,motor_imagery,T2,ds005284,0,1.0,-39.15240447793425,True
eegmmidb,S006,data/eegmmidb/S006/S006R07.edf,2,0,0.0,motor_execution,T0,ds005284,1,0.9999926134893995,-34.44793901517758,False
eegmmidb,S006,data/eegmmidb/S006/S006R07.edf,2,1,2.0,motor_execution,T0,ds005284,0,0.9999999999071747,-54.462079681761715,True
eegmmidb,S006,data/eegmmidb/S006/S006R07.edf,2,2,4.0,motor_execution,T1,ds005284,0,1.0,-59.02609450699732,True
eegmmidb,S006,data/eegmmidb/S006/S006R07.edf,2,3,6.0,motor_execution,T1,ds005284,0,1.0,-54.22199544172759,True
eegmmidb,S006,data/eegmmidb/S006/S006R07.edf,2,4,8.0,motor_execution,T0,ds005284,1,0.9999999999999503,-28.323395661863536,False
eegmmidb,S006,data/eegmmidb/S006/S006R07.edf,2,5,10.0,motor_execution,T0,ds005284,1,1.0,-35.86097278589509,True
eegmmidb,S006,data/eegmmidb/S006/S006R07.edf,2,6,12.0,motor_execution,T2,ds005284,0,1.0,-41.06858469839599,True
eegmmidb,S006,data/eegmmidb/S006/S006R07.edf,2,7,14.0,motor_execution,T2,ds005284,0,1.0,-50.91704929568607,True
eegmmidb,S006,data/eegmmidb/S006/S006R07.edf,2,8,16.0,motor_execution,T0,ds005284,0,1.0,-39.422685847916235,True
eegmmidb,S006,data/eegmmidb/S006/S006R07.edf,2,9,18.0,motor_execution,T0,ds005284,1,0.9999999964571167,-31.58853206062682,False
eegmmidb,S006,data/eegmmidb/S006/S006R07.edf,2,10,20.0,motor_execution,T1,ds005284,0,1.0,-52.781899213848796,True
eegmmidb,S006,data/eegmmidb/S006/S006R07.edf,2,11,22.0,motor_execution,T1,ds005284,0,1.0,-66.45802158426153,True
eegmmidb,S006,data/eegmmidb/S006/S006R07.edf,2,12,24.0,motor_execution,T0,ds005284,0,0.9999998509637646,-36.78558653199718,True
eegmmidb,S006,data/eegmmidb/S006/S006R07.edf,2,13,26.0,motor_execution,T0,ds005284,0,1.0,-58.819798133854725,True
eegmmidb,S006,data/eegmmidb/S006/S006R07.edf,2,14,28.0,motor_execution,T2,ds005284,0,1.0,-143.8659308934139,True
eegmmidb,S006,data/eegmmidb/S006/S006R07.edf,2,15,30.0,motor_execution,T2,ds005284,0,1.0,-83.33789953491163,True
eegmmidb,S006,data/eegmmidb/S006/S006R07.edf,2,16,32.0,motor_execution,T0,ds005284,0,1.0,-52.14149470804829,True
eegmmidb,S006,data/eegmmidb/S006/S006R07.edf,2,17,34.0,motor_execution,T0,ds005284,0,1.0,-55.72390544906457,True
eegmmidb,S006,data/eegmmidb/S006/S006R07.edf,2,18,36.0,motor_execution,T1,ds005284,0,1.0,-60.90512028182959,True
eegmmidb,S006,data/eegmmidb/S006/S006R07.edf,2,19,38.0,motor_execution,T1,ds005284,0,0.9774019237819708,-42.646007309020625,True
eegmmidb,S006,data/eegmmidb/S006/S006R07.edf,2,20,40.0,motor_execution,T0,ds005284,0,1.0,-86.70519827141078,True
eegmmidb,S006,data/eegmmidb/S006/S006R07.edf,2,21,42.0,motor_execution,T0,ds005284,0,1.0,-53.74775051185956,True
eegmmidb,S006,data/eegmmidb/S006/S006R07.edf,2,22,44.0,motor_execution,T0,ds005284,0,1.0,-65.46670458111629,True
eegmmidb,S006,data/eegmmidb/S006/S006R07.edf,2,23,46.0,motor_execution,T2,ds005284,1,0.9999871353607549,-40.277080689677454,True
eegmmidb,S006,data/eegmmidb/S006/S006R07.edf,2,24,48.0,motor_execution,T2,ds005284,0,1.0,-77.36212868369188,True
eegmmidb,S006,data/eegmmidb/S006/S006R07.edf,2,25,50.0,motor_execution,T0,ds005284,0,1.0,-76.88528603018688,True
eegmmidb,S006,data/eegmmidb/S006/S006R08.edf,2,0,0.0,motor_imagery,T0,ds005284,0,1.0,-70.43158894695927,True
eegmmidb,S006,data/eegmmidb/S006/S006R08.edf,2,1,2.0,motor_imagery,T0,ds005284,0,1.0,-155.36252840346586,True
eegmmidb,S006,data/eegmmidb/S006/S006R08.edf,2,2,4.0,motor_imagery,T1,ds005284,0,1.0,-100.36584952674698,True
eegmmidb,S006,data/eegmmidb/S006/S006R08.edf,2,3,6.0,motor_imagery,T1,ds005284,0,1.0,-52.32732602755265,True
eegmmidb,S006,data/eegmmidb/S006/S006R08.edf,2,4,8.0,motor_imagery,T0,ds005284,0,1.0,-42.31725721062323,True
eegmmidb,S006,data/eegmmidb/S006/S006R08.edf,2,5,10.0,motor_imagery,T0,ds005284,0,1.0,-45.97079485157259,True
eegmmidb,S006,data/eegmmidb/S006/S006R08.edf,2,6,12.0,motor_imagery,T2,ds005284,0,1.0,-35.20435099632683,True
eegmmidb,S006,data/eegmmidb/S006/S006R08.edf,2,7,14.0,motor_imagery,T2,ds005284,0,1.0,-32.294148090484775,False
eegmmidb,S006,data/eegmmidb/S006/S006R08.edf,2,8,16.0,motor_imagery,T0,ds005284,1,0.9999999999999929,-21.970333220279954,False
eegmmidb,S006,data/eegmmidb/S006/S006R08.edf,2,9,18.0,motor_imagery,T0,ds005284,0,1.0,-37.84068638479031,True
eegmmidb,S006,data/eegmmidb/S006/S006R08.edf,2,10,20.0,motor_imagery,T1,ds005284,0,1.0,-39.26993463611364,True
eegmmidb,S006,data/eegmmidb/S006/S006R08.edf,2,11,22.0,motor_imagery,T1,ds005284,0,1.0,-36.28365389440935,True
eegmmidb,S006,data/eegmmidb/S006/S006R08.edf,2,12,24.0,motor_imagery,T0,ds005284,0,1.0,-42.34016484483368,True
eegmmidb,S006,data/eegmmidb/S006/S006R08.edf,2,13,26.0,motor_imagery,T0,ds005284,0,1.0,-51.34560508108316,True
eegmmidb,S006,data/eegmmidb/S006/S006R08.edf,2,14,28.0,motor_imagery,T2,ds005284,0,1.0,-34.660673554961654,False
eegmmidb,S006,data/eegmmidb/S006/S006R08.edf,2,15,30.0,motor_imagery,T2,ds005284,0,1.0,-49.05763007205103,True
eegmmidb,S006,data/eegmmidb/S006/S006R08.edf,2,16,32.0,motor_imagery,T0,ds005284,1,0.9999999557329186,-22.964877860416614,False
eegmmidb,S006,data/eegmmidb/S006/S006R08.edf,2,17,34.0,motor_imagery,T0,ds005284,0,1.0,-39.15506222748994,True
eegmmidb,S006,data/eegmmidb/S006/S006R08.edf,2,18,36.0,motor_imagery,T1,ds005284,0,1.0,-41.59119239990922,True
eegmmidb,S006,data/eegmmidb/S006/S006R08.edf,2,19,38.0,motor_imagery,T1,ds005284,0,1.0,-37.23681724527391,True
eegmmidb,S006,data/eegmmidb/S006/S006R08.edf,2,20,40.0,motor_imagery,T0,ds005284,0,1.0,-58.33080062919323,True
eegmmidb,S006,data/eegmmidb/S006/S006R08.edf,2,21,42.0,motor_imagery,T0,ds005284,0,1.0,-40.26828492855068,True
eegmmidb,S006,data/eegmmidb/S006/S006R08.edf,2,22,44.0,motor_imagery,T0,ds005284,0,1.0,-44.73250010148339,True
eegmmidb,S006,data/eegmmidb/S006/S006R08.edf,2,23,46.0,motor_imagery,T2,ds005284,0,1.0,-74.21237213019745,True
eegmmidb,S006,data/eegmmidb/S006/S006R08.edf,2,24,48.0,motor_imagery,T2,ds005284,0,1.0,-109.69982036113223,True
eegmmidb,S006,data/eegmmidb/S006/S006R08.edf,2,25,50.0,motor_imagery,T0,ds005284,0,1.0,-53.88262179164982,True
eegmmidb,S006,data/eegmmidb/S006/S006R11.edf,2,0,0.0,motor_execution,T0,ds005284,0,1.0,-84.11459309335177,True
eegmmidb,S006,data/eegmmidb/S006/S006R11.edf,2,1,2.0,motor_execution,T0,ds005284,0,1.0,-55.28283530148068,True
eegmmidb,S006,data/eegmmidb/S006/S006R11.edf,2,2,4.0,motor_execution,T2,ds005284,0,1.0,-93.81065701854678,True
eegmmidb,S006,data/eegmmidb/S006/S006R11.edf,2,3,6.0,motor_execution,T2,ds005284,1,1.0,-28.78770819910232,False
eegmmidb,S006,data/eegmmidb/S006/S006R11.edf,2,4,8.0,motor_execution,T0,ds005284,0,1.0,-53.71426300838499,True
eegmmidb,S006,data/eegmmidb/S006/S006R11.edf,2,5,10.0,motor_execution,T0,ds005284,0,1.0,-91.53783606519448,True
eegmmidb,S006,data/eegmmidb/S006/S006R11.edf,2,6,12.0,motor_execution,T1,ds005284,0,1.0,-64.05495425598326,True
eegmmidb,S006,data/eegmmidb/S006/S006R11.edf,2,7,14.0,motor_execution,T1,ds005284,0,1.0,-81.08284907841616,True
eegmmidb,S006,data/eegmmidb/S006/S006R11.edf,2,8,16.0,motor_execution,T0,ds005284,1,1.0,-47.53523685567443,True
eegmmidb,S006,data/eegmmidb/S006/S006R11.edf,2,9,18.0,motor_execution,T0,ds005284,0,1.0,-89.60163997964304,True
eegmmidb,S006,data/eegmmidb/S006/S006R11.edf,2,10,20.0,motor_execution,T2,ds005284,0,1.0,-67.15018716179824,True
eegmmidb,S006,data/eegmmidb/S006/S006R11.edf,2,11,22.0,motor_execution,T2,ds005284,0,1.0,-135.9232968541274,True
eegmmidb,S006,data/eegmmidb/S006/S006R11.edf,2,12,24.0,motor_execution,T0,ds005284,0,1.0,-73.78429746198086,True
eegmmidb,S006,data/eegmmidb/S006/S006R11.edf,2,13,26.0,motor_execution,T0,ds005284,0,1.0,-78.392702747832,True
eegmmidb,S006,data/eegmmidb/S006/S006R11.edf,2,14,28.0,motor_execution,T1,ds005284,0,1.0,-106.89738381764988,True
eegmmidb,S006,data/eegmmidb/S006/S006R11.edf,2,15,30.0,motor_execution,T1,ds005284,0,1.0,-75.59202668572044,True
eegmmidb,S006,data/eegmmidb/S006/S006R11.edf,2,16,32.0,motor_execution,T0,ds005284,0,1.0,-90.98303552578207,True
eegmmidb,S006,data/eegmmidb/S006/S006R11.edf,2,17,34.0,motor_execution,T0,ds005284,0,1.0,-97.36878204521946,True
eegmmidb,S006,data/eegmmidb/S006/S006R11.edf,2,18,36.0,motor_execution,T2,ds005284,0,1.0,-76.34204115695738,True
eegmmidb,S006,data/eegmmidb/S006/S006R11.edf,2,19,38.0,motor_execution,T2,ds005284,0,1.0,-212.75918815834396,True
eegmmidb,S006,data/eegmmidb/S006/S006R12.edf,2,0,0.0,motor_imagery,T0,ds005284,0,1.0,-216.12924898115236,True
eegmmidb,S006,data/eegmmidb/S006/S006R12.edf,2,1,2.0,motor_imagery,T0,ds005284,0,1.0,-56.39156131539277,True
eegmmidb,S006,data/eegmmidb/S006/S006R12.edf,2,2,4.0,motor_imagery,T1,ds005284,0,1.0,-46.306161431508706,True
eegmmidb,S006,data/eegmmidb/S006/S006R12.edf,2,3,6.0,motor_imagery,T1,ds005284,0,1.0,-39.55492751898276,True
eegmmidb,S006,data/eegmmidb/S006/S006R12.edf,2,4,8.0,motor_imagery,T0,ds005284,1,1.0,-26.515051004552582,False
eegmmidb,S006,data/eegmmidb/S006/S006R12.edf,2,5,10.0,motor_imagery,T0,ds005284,1,0.9999999677276966,-24.41812611913909,False
eegmmidb,S006,data/eegmmidb/S006/S006R12.edf,2,6,12.0,motor_imagery,T2,ds005284,0,1.0,-35.95817900297761,True
eegmmidb,S006,data/eegmmidb/S006/S006R12.edf,2,7,14.0,motor_imagery,T2,ds005284,0,1.0,-39.43177159383945,True
eegmmidb,S006,data/eegmmidb/S006/S006R12.edf,2,8,16.0,motor_imagery,T0,ds005284,0,0.9985634600320457,-37.235927877241046,True
eegmmidb,S006,data/eegmmidb/S006/S006R12.edf,2,9,18.0,motor_imagery,T0,ds005284,0,1.0,-39.59722834441906,True
eegmmidb,S006,data/eegmmidb/S006/S006R12.edf,2,10,20.0,motor_imagery,T1,ds005284,0,1.0,-32.71360482850208,False
eegmmidb,S006,data/eegmmidb/S006/S006R12.edf,2,11,22.0,motor_imagery,T1,ds005284,0,1.0,-64.45259231806943,True
eegmmidb,S006,data/eegmmidb/S006/S006R12.edf,2,12,24.0,motor_imagery,T0,ds005284,1,1.0,-38.70828862561452,True
eegmmidb,S006,data/eegmmidb/S006/S006R12.edf,2,13,26.0,motor_imagery,T0,ds005284,0,1.0,-84.62708678073892,True
eegmmidb,S006,data/eegmmidb/S006/S006R12.edf,2,14,28.0,motor_imagery,T2,ds005284,0,1.0,-46.446624908780976,True
eegmmidb,S006,data/eegmmidb/S006/S006R12.edf,2,15,30.0,motor_imagery,T2,ds005284,0,1.0,-94.67478056227637,True
eegmmidb,S006,data/eegmmidb/S006/S006R12.edf,2,16,32.0,motor_imagery,T0,ds005284,0,1.0,-55.31286199908377,True
eegmmidb,S006,data/eegmmidb/S006/S006R12.edf,2,17,34.0,motor_imagery,T0,ds005284,0,1.0,-67.32583449457661,True
eegmmidb,S006,data/eegmmidb/S006/S006R12.edf,2,18,36.0,motor_imagery,T2,ds005284,0,1.0,-58.23109139800287,True
eegmmidb,S006,data/eegmmidb/S006/S006R12.edf,2,19,38.0,motor_imagery,T2,ds005284,0,1.0,-81.4721976230301,True
eegmmidb,S006,data/eegmmidb/S006/S006R12.edf,2,20,40.0,motor_imagery,T0,ds005284,0,1.0,-105.44561216158965,True
eegmmidb,S006,data/eegmmidb/S006/S006R12.edf,2,21,42.0,motor_imagery,T0,ds005284,0,1.0,-72.16205730763801,True
eegmmidb,S006,data/eegmmidb/S006/S006R12.edf,2,22,44.0,motor_imagery,T0,ds005284,0,1.0,-54.57967062297099,True
eegmmidb,S007,data/eegmmidb/S007/S007R01.edf,2,0,0.0,eyes_open_rest,T0,ds005284,1,0.9999999999999893,-29.894228272851425,False
eegmmidb,S007,data/eegmmidb/S007/S007R01.edf,2,1,2.0,eyes_open_rest,T0,ds005284,1,1.0,-25.429960279903824,False
eegmmidb,S007,data/eegmmidb/S007/S007R01.edf,2,2,4.0,eyes_open_rest,T0,ds005284,0,1.0,-40.91138127840328,True
eegmmidb,S007,data/eegmmidb/S007/S007R01.edf,2,3,6.0,eyes_open_rest,T0,ds005284,1,0.999999999997776,-25.154585494009737,False
eegmmidb,S007,data/eegmmidb/S007/S007R01.edf,2,4,8.0,eyes_open_rest,T0,ds005284,0,1.0,-41.06553482037882,True
eegmmidb,S007,data/eegmmidb/S007/S007R01.edf,2,5,10.0,eyes_open_rest,T0,ds005284,1,0.6650528718654698,-55.841684646685664,True
eegmmidb,S007,data/eegmmidb/S007/S007R01.edf,2,6,12.0,eyes_open_rest,T0,ds005284,1,0.9999999999686011,-28.873369019781684,False
eegmmidb,S007,data/eegmmidb/S007/S007R01.edf,2,7,14.0,eyes_open_rest,T0,ds005284,1,0.9999999973550757,-61.44116289443421,True
eegmmidb,S007,data/eegmmidb/S007/S007R01.edf,2,8,16.0,eyes_open_rest,T0,ds005284,1,0.9999999999999929,-35.75835482170836,True
eegmmidb,S007,data/eegmmidb/S007/S007R01.edf,2,9,18.0,eyes_open_rest,T0,ds005284,0,0.9999999998511058,-40.23412496444243,True
eegmmidb,S007,data/eegmmidb/S007/S007R01.edf,2,10,20.0,eyes_open_rest,T0,ds005284,1,0.999999945816073,-78.45950747089348,True
eegmmidb,S007,data/eegmmidb/S007/S007R01.edf,2,11,22.0,eyes_open_rest,T0,ds005284,0,0.9999999973905318,-49.07272596956779,True
eegmmidb,S007,data/eegmmidb/S007/S007R01.edf,2,12,24.0,eyes_open_rest,T0,ds005284,1,1.0,-28.866272006707696,False
eegmmidb,S007,data/eegmmidb/S007/S007R01.edf,2,13,26.0,eyes_open_rest,T0,ds005284,0,1.0,-33.956079343593565,False
eegmmidb,S007,data/eegmmidb/S007/S007R01.edf,2,14,28.0,eyes_open_rest,T0,ds005284,1,0.9999999999999076,-26.756137184777103,False
eegmmidb,S007,data/eegmmidb/S007/S007R01.edf,2,15,30.0,eyes_open_rest,T0,ds005284,0,1.0,-42.80513094479355,True
eegmmidb,S007,data/eegmmidb/S007/S007R01.edf,2,16,32.0,eyes_open_rest,T0,ds005284,0,0.9999636460678912,-57.87605268031511,True
eegmmidb,S007,data/eegmmidb/S007/S007R01.edf,2,17,34.0,eyes_open_rest,T0,ds005284,1,0.9999999999973639,-50.329165686036326,True
eegmmidb,S007,data/eegmmidb/S007/S007R01.edf,2,18,36.0,eyes_open_rest,T0,ds005284,1,1.0,-49.842708004959384,True
eegmmidb,S007,data/eegmmidb/S007/S007R01.edf,2,19,38.0,eyes_open_rest,T0,ds005284,1,0.9999999999990266,-62.67281772030003,True
eegmmidb,S007,data/eegmmidb/S007/S007R01.edf,2,20,40.0,eyes_open_rest,T0,ds005284,0,1.0,-51.30729805060611,True
eegmmidb,S007,data/eegmmidb/S007/S007R02.edf,2,0,0.0,eyes_closed_rest,T0,ds005284,0,0.9999961657078454,-97.2569918542569,True
eegmmidb,S007,data/eegmmidb/S007/S007R02.edf,2,1,2.0,eyes_closed_rest,T0,ds005284,0,1.0,-105.86284514667472,True
eegmmidb,S007,data/eegmmidb/S007/S007R02.edf,2,2,4.0,eyes_closed_rest,T0,ds005284,0,1.0,-116.3579110909499,True
eegmmidb,S007,data/eegmmidb/S007/S007R02.edf,2,3,6.0,eyes_closed_rest,T0,ds005284,0,0.9999999999932072,-88.09701813324858,True
eegmmidb,S007,data/eegmmidb/S007/S007R02.edf,2,4,8.0,eyes_closed_rest,T0,ds005284,0,1.0,-86.24800250018271,True
eegmmidb,S007,data/eegmmidb/S007/S007R02.edf,2,5,10.0,eyes_closed_rest,T0,ds005284,0,0.9999999999997442,-104.11210645215792,True
eegmmidb,S007,data/eegmmidb/S007/S007R02.edf,2,6,12.0,eyes_closed_rest,T0,ds005284,0,0.9999999999999858,-68.71334678483869,True
eegmmidb,S007,data/eegmmidb/S007/S007R02.edf,2,7,14.0,eyes_closed_rest,T0,ds005284,0,0.9999999919929934,-66.02343389514273,True
eegmmidb,S007,data/eegmmidb/S007/S007R02.edf,2,8,16.0,eyes_closed_rest,T0,ds005284,0,0.9999999984308658,-75.37939367820223,True
eegmmidb,S007,data/eegmmidb/S007/S007R02.edf,2,9,18.0,eyes_closed_rest,T0,ds005284,0,0.9999999999997726,-96.54582619491563,True
eegmmidb,S007,data/eegmmidb/S007/S007R02.edf,2,10,20.0,eyes_closed_rest,T0,ds005284,0,0.9999999942893396,-110.46919129640989,True
eegmmidb,S007,data/eegmmidb/S007/S007R02.edf,2,11,22.0,eyes_closed_rest,T0,ds005284,0,0.9999999994743831,-105.06531167209609,True
eegmmidb,S007,data/eegmmidb/S007/S007R02.edf,2,12,24.0,eyes_closed_rest,T0,ds005284,0,1.0,-89.56152229608955,True
eegmmidb,S007,data/eegmmidb/S007/S007R02.edf,2,13,26.0,eyes_closed_rest,T0,ds005284,0,0.9999999999995381,-44.91116581626768,True
eegmmidb,S007,data/eegmmidb/S007/S007R02.edf,2,14,28.0,eyes_closed_rest,T0,ds005284,0,0.9999999999999858,-90.99990197975283,True
eegmmidb,S007,data/eegmmidb/S007/S007R02.edf,2,15,30.0,eyes_closed_rest,T0,ds005284,0,1.0,-89.08385756572,True
eegmmidb,S007,data/eegmmidb/S007/S007R02.edf,2,16,32.0,eyes_closed_rest,T0,ds005284,0,1.0,-109.50025935294295,True
eegmmidb,S007,data/eegmmidb/S007/S007R02.edf,2,17,34.0,eyes_closed_rest,T0,ds005284,0,0.7177153503379133,-90.12857935582635,True
eegmmidb,S007,data/eegmmidb/S007/S007R03.edf,2,0,0.0,motor_execution,T0,ds005284,0,0.9999999999821227,-44.76724309939298,True
eegmmidb,S007,data/eegmmidb/S007/S007R03.edf,2,1,2.0,motor_execution,T0,ds005284,1,1.0,-36.144962570298425,True
eegmmidb,S007,data/eegmmidb/S007/S007R03.edf,2,2,4.0,motor_execution,T2,ds005284,1,1.0,-28.975632468640406,False
eegmmidb,S007,data/eegmmidb/S007/S007R03.edf,2,3,6.0,motor_execution,T2,ds005284,0,1.0,-41.38191282134455,True
eegmmidb,S007,data/eegmmidb/S007/S007R03.edf,2,4,8.0,motor_execution,T0,ds005284,1,0.9999999985382786,-39.380307827910414,True
eegmmidb,S007,data/eegmmidb/S007/S007R03.edf,2,5,10.0,motor_execution,T0,ds005284,1,1.0,-27.401057644201323,False
eegmmidb,S007,data/eegmmidb/S007/S007R03.edf,2,6,12.0,motor_execution,T1,ds005284,1,1.0,-32.17414648441468,False
eegmmidb,S007,data/eegmmidb/S007/S007R03.edf,2,7,14.0,motor_execution,T1,ds005284,1,0.9999999999997371,-28.51891808626523,False
eegmmidb,S007,data/eegmmidb/S007/S007R03.edf,2,8,16.0,motor_execution,T0,ds005284,1,1.0,-28.999167967916854,False
eegmmidb,S007,data/eegmmidb/S007/S007R03.edf,2,9,18.0,motor_execution,T0,ds005284,1,1.0,-39.40220942450943,True
eegmmidb,S007,data/eegmmidb/S007/S007R03.edf,2,10,20.0,motor_execution,T2,ds005284,1,1.0,-27.942989339926683,False
eegmmidb,S007,data/eegmmidb/S007/S007R03.edf,2,11,22.0,motor_execution,T2,ds005284,1,0.9999999996473754,-27.830586383609454,False
eegmmidb,S007,data/eegmmidb/S007/S007R03.edf,2,12,24.0,motor_execution,T0,ds005284,1,0.9999937653780313,-33.50618910744066,False
eegmmidb,S007,data/eegmmidb/S007/S007R03.edf,2,13,26.0,motor_execution,T0,ds005284,1,1.0,-35.59920294096113,True
eegmmidb,S007,data/eegmmidb/S007/S007R03.edf,2,14,28.0,motor_execution,T0,ds005284,1,1.0,-57.45610641765766,True
eegmmidb,S007,data/eegmmidb/S007/S007R03.edf,2,15,30.0,motor_execution,T1,ds005284,0,1.0,-38.03236830359285,True
eegmmidb,S007,data/eegmmidb/S007/S007R04.edf,2,0,0.0,motor_imagery,T0,ds005284,1,0.9999999999999822,-31.372502604656194,False
eegmmidb,S007,data/eegmmidb/S007/S007R04.edf,2,1,2.0,motor_imagery,T0,ds005284,1,0.9999999904744747,-29.249462444814004,False
eegmmidb,S007,data/eegmmidb/S007/S007R04.edf,2,2,4.0,motor_imagery,T1,ds005284,0,1.0,-34.651985834348416,False
eegmmidb,S007,data/eegmmidb/S007/S007R04.edf,2,3,6.0,motor_imagery,T1,ds005284,0,1.0,-50.27672036996618,True
eegmmidb,S007,data/eegmmidb/S007/S007R04.edf,2,4,8.0,motor_imagery,T0,ds005284,1,1.0,-27.96442988166315,False
eegmmidb,S007,data/eegmmidb/S007/S007R04.edf,2,5,10.0,motor_imagery,T0,ds005284,1,0.9999999998916635,-37.26439817888929,True
eegmmidb,S007,data/eegmmidb/S007/S007R04.edf,2,6,12.0,motor_imagery,T2,ds005284,0,0.9999999999999858,-32.61786464189188,False
eegmmidb,S007,data/eegmmidb/S007/S007R04.edf,2,7,14.0,motor_imagery,T2,ds005284,1,0.9999999999064464,-29.648119936208186,False
eegmmidb,S007,data/eegmmidb/S007/S007R04.edf,2,8,16.0,motor_imagery,T0,ds005284,1,0.9999911488705698,-66.40966267492446,True
eegmmidb,S007,data/eegmmidb/S007/S007R07.edf,2,0,0.0,motor_execution,T0,ds005284,1,0.9999999999999787,-31.895104083277758,False
eegmmidb,S007,data/eegmmidb/S007/S007R07.edf,2,1,2.0,motor_execution,T0,ds005284,1,0.9999999677134005,-52.52405890082734,True
eegmmidb,S007,data/eegmmidb/S007/S007R07.edf,2,2,4.0,motor_execution,T2,ds005284,1,1.0,-30.79142213650138,False
eegmmidb,S007,data/eegmmidb/S007/S007R07.edf,2,3,6.0,motor_execution,T2,ds005284,0,1.0,-54.54576318859021,True
eegmmidb,S007,data/eegmmidb/S007/S007R07.edf,2,4,10.0,motor_execution,T0,ds005284,1,1.0,-57.29141071254882,True
eegmmidb,S007,data/eegmmidb/S007/S007R07.edf,2,5,12.0,motor_execution,T1,ds005284,1,0.9999999999977476,-31.366960261645566,False
eegmmidb,S007,data/eegmmidb/S007/S007R07.edf,2,6,14.0,motor_execution,T1,ds005284,0,1.0,-54.357293998269945,True
eegmmidb,S007,data/eegmmidb/S007/S007R07.edf,2,7,18.0,motor_execution,T0,ds005284,1,1.0,-55.03733102290439,True
eegmmidb,S007,data/eegmmidb/S007/S007R07.edf,2,8,20.0,motor_execution,T2,ds005284,1,0.9999999998534648,-36.390447315529954,True
eegmmidb,S007,data/eegmmidb/S007/S007R07.edf,2,9,22.0,motor_execution,T2,ds005284,1,0.9999999999671232,-35.10633831472402,True
eegmmidb,S007,data/eegmmidb/S007/S007R07.edf,2,10,24.0,motor_execution,T0,ds005284,1,0.9707337131224525,-65.87148511750878,True
eegmmidb,S007,data/eegmmidb/S007/S007R07.edf,2,11,28.0,motor_execution,T0,ds005284,1,0.9899348790452751,-124.80898794841387,True
eegmmidb,S007,data/eegmmidb/S007/S007R07.edf,2,12,30.0,motor_execution,T1,ds005284,0,0.9999999999377138,-54.71754302787446,True
eegmmidb,S007,data/eegmmidb/S007/S007R07.edf,2,13,32.0,motor_execution,T1,ds005284,0,0.999999979569566,-66.22606287153783,True
eegmmidb,S007,data/eegmmidb/S007/S007R07.edf,2,14,36.0,motor_execution,T0,ds005284,1,1.0,-65.21712852325439,True
eegmmidb,S007,data/eegmmidb/S007/S007R07.edf,2,15,38.0,motor_execution,T2,ds005284,0,0.9999999914602213,-47.9887897843216,True
eegmmidb,S007,data/eegmmidb/S007/S007R07.edf,2,16,40.0,motor_execution,T2,ds005284,1,0.9999992223059206,-52.58112076605415,True
eegmmidb,S007,data/eegmmidb/S007/S007R07.edf,2,17,44.0,motor_execution,T0,ds005284,1,0.999734487465311,-115.82470146107525,True
eegmmidb,S007,data/eegmmidb/S007/S007R07.edf,2,18,46.0,motor_execution,T1,ds005284,1,0.999998692241834,-71.06456375460402,True
eegmmidb,S007,data/eegmmidb/S007/S007R07.edf,2,19,48.0,motor_execution,T1,ds005284,0,1.0,-52.18163684038181,True
eegmmidb,S007,data/eegmmidb/S007/S007R07.edf,2,20,50.0,motor_execution,T0,ds005284,1,1.0,-77.36088712633463,True
eegmmidb,S007,data/eegmmidb/S007/S007R07.edf,2,21,54.0,motor_execution,T2,ds005284,1,0.9999998944122466,-75.16789277458227,True
eegmmidb,S007,data/eegmmidb/S007/S007R07.edf,2,22,56.0,motor_execution,T2,ds005284,0,1.0,-41.47718715020723,True
eegmmidb,S007,data/eegmmidb/S007/S007R07.edf,2,23,58.0,motor_execution,T0,ds005284,1,0.9999999999973319,-28.46198753694048,False
eegmmidb,S007,data/eegmmidb/S007/S007R07.edf,2,24,62.0,motor_execution,T1,ds005284,0,0.9999999973524538,-53.94582691264429,True
eegmmidb,S007,data/eegmmidb/S007/S007R07.edf,2,25,64.0,motor_execution,T1,ds005284,0,1.0,-101.19919932805777,True
eegmmidb,S007,data/eegmmidb/S007/S007R07.edf,2,26,66.0,motor_execution,T0,ds005284,0,0.9999999788437892,-100.73378887285574,True
eegmmidb,S007,data/eegmmidb/S007/S007R07.edf,2,27,70.0,motor_execution,T2,ds005284,0,0.999999999043709,-38.97582356770966,True
eegmmidb,S007,data/eegmmidb/S007/S007R07.edf,2,28,72.0,motor_execution,T2,ds005284,1,0.9970627675464517,-47.69945185416143,True
eegmmidb,S007,data/eegmmidb/S007/S007R07.edf,2,29,74.0,motor_execution,T0,ds005284,1,0.9999999999999822,-31.24230523160364,False
eegmmidb,S007,data/eegmmidb/S007/S007R07.edf,2,30,76.0,motor_execution,T0,ds005284,0,1.0,-48.514646507129555,True
eegmmidb,S007,data/eegmmidb/S007/S007R07.edf,2,31,80.0,motor_execution,T1,ds005284,0,1.0,-55.73214514284701,True
eegmmidb,S007,data/eegmmidb/S007/S007R07.edf,2,32,82.0,motor_execution,T0,ds005284,1,0.9999999999991083,-30.379118737290117,False
eegmmidb,S007,data/eegmmidb/S007/S007R07.edf,2,33,84.0,motor_execution,T0,ds005284,1,1.0,-75.10605397608961,True
eegmmidb,S007,data/eegmmidb/S007/S007R07.edf,2,34,88.0,motor_execution,T2,ds005284,0,1.0,-58.887642155426356,True
eegmmidb,S007,data/eegmmidb/S007/S007R07.edf,2,35,90.0,motor_execution,T2,ds005284,1,0.9999985583957968,-48.30029968241081,True
eegmmidb,S007,data/eegmmidb/S007/S007R07.edf,2,36,92.0,motor_execution,T0,ds005284,0,0.9980699137930483,-60.75369302383793,True
eegmmidb,S007,data/eegmmidb/S007/S007R07.edf,2,37,96.0,motor_execution,T1,ds005284,0,0.9999999968237532,-53.54761554571398,True
eegmmidb,S007,data/eegmmidb/S007/S007R07.edf,2,38,98.0,motor_execution,T1,ds005284,0,1.0,-106.9582076662453,True
eegmmidb,S007,data/eegmmidb/S007/S007R07.edf,2,39,100.0,motor_execution,T0,ds005284,1,0.9954920463906649,-86.39259900391197,True
eegmmidb,S007,data/eegmmidb/S007/S007R07.edf,2,40,102.0,motor_execution,T0,ds005284,1,0.9999999858012957,-65.51774081977108,True
eegmmidb,S007,data/eegmmidb/S007/S007R07.edf,2,41,106.0,motor_execution,T2,ds005284,1,1.0,-80.72840317160862,True
eegmmidb,S007,data/eegmmidb/S007/S007R07.edf,2,42,108.0,motor_execution,T0,ds005284,1,0.9999999999970584,-73.94439488029927,True
eegmmidb,S007,data/eegmmidb/S007/S007R07.edf,2,43,110.0,motor_execution,T0,ds005284,0,0.9999803724592854,-75.35593904310332,True
eegmmidb,S007,data/eegmmidb/S007/S007R07.edf,2,44,114.0,motor_execution,T1,ds005284,0,1.0,-82.64424177456556,True
eegmmidb,S007,data/eegmmidb/S007/S007R07.edf,2,45,116.0,motor_execution,T0,ds005284,1,0.99999999999077,-61.20849861018375,True
eegmmidb,S007,data/eegmmidb/S007/S007R07.edf,2,46,118.0,motor_execution,T0,ds005284,1,0.9999676946638434,-51.09906254947434,True
eegmmidb,S007,data/eegmmidb/S007/S007R07.edf,2,47,122.0,motor_execution,T1,ds005284,1,0.999999654384996,-96.02418521815522,True
eegmmidb,S007,data/eegmmidb/S007/S007R08.edf,2,0,0.0,motor_imagery,T0,ds005284,1,1.0,-93.21412158401785,True
eegmmidb,S007,data/eegmmidb/S007/S007R08.edf,2,1,2.0,motor_imagery,T0,ds005284,1,1.0,-58.69999074215304,True
eegmmidb,S007,data/eegmmidb/S007/S007R08.edf,2,2,4.0,motor_imagery,T1,ds005284,0,1.0,-38.14679493015824,True
eegmmidb,S007,data/eegmmidb/S007/S007R08.edf,2,3,6.0,motor_imagery,T1,ds005284,0,1.0,-48.158970269187144,True
eegmmidb,S007,data/eegmmidb/S007/S007R08.edf,2,4,10.0,motor_imagery,T0,ds005284,1,1.0,-55.78857367890017,True
eegmmidb,S007,data/eegmmidb/S007/S007R08.edf,2,5,12.0,motor_imagery,T2,ds005284,0,1.0,-39.2611569407945,True
eegmmidb,S007,data/eegmmidb/S007/S007R08.edf,2,6,14.0,motor_imagery,T2,ds005284,0,1.0,-50.640661867620864,True
eegmmidb,S007,data/eegmmidb/S007/S007R08.edf,2,7,18.0,motor_imagery,T0,ds005284,1,1.0,-90.90890060246545,True
eegmmidb,S007,data/eegmmidb/S007/S007R08.edf,2,8,20.0,motor_imagery,T1,ds005284,0,0.9999999999999858,-46.55687684650881,True
eegmmidb,S007,data/eegmmidb/S007/S007R08.edf,2,9,22.0,motor_imagery,T1,ds005284,0,1.0,-24.708362734869613,False
eegmmidb,S007,data/eegmmidb/S007/S007R08.edf,2,10,24.0,motor_imagery,T0,ds005284,1,0.999661212314768,-51.37555390450856,True
eegmmidb,S007,data/eegmmidb/S007/S007R08.edf,2,11,28.0,motor_imagery,T0,ds005284,0,1.0,-78.02503335229008,True
eegmmidb,S007,data/eegmmidb/S007/S007R08.edf,2,12,30.0,motor_imagery,T2,ds005284,0,1.0,-32.87170905327339,False
eegmmidb,S007,data/eegmmidb/S007/S007R08.edf,2,13,32.0,motor_imagery,T2,ds005284,0,1.0,-106.79591779978145,True
eegmmidb,S007,data/eegmmidb/S007/S007R08.edf,2,14,36.0,motor_imagery,T0,ds005284,0,0.999999999999929,-69.49816680749844,True
eegmmidb,S007,data/eegmmidb/S007/S007R08.edf,2,15,38.0,motor_imagery,T2,ds005284,0,1.0,-29.417767990614646,False
eegmmidb,S007,data/eegmmidb/S007/S007R08.edf,2,16,40.0,motor_imagery,T2,ds005284,0,1.0,-82.44166296662954,True
eegmmidb,S007,data/eegmmidb/S007/S007R08.edf,2,17,44.0,motor_imagery,T0,ds005284,0,1.0,-59.26507509285367,True
eegmmidb,S007,data/eegmmidb/S007/S007R08.edf,2,18,46.0,motor_imagery,T1,ds005284,0,1.0,-52.13317143653335,True
eegmmidb,S007,data/eegmmidb/S007/S007R08.edf,2,19,48.0,motor_imagery,T1,ds005284,0,0.9999999999999858,-41.043846230982595,True
eegmmidb,S007,data/eegmmidb/S007/S007R08.edf,2,20,50.0,motor_imagery,T0,ds005284,1,1.0,-48.2279195708854,True
eegmmidb,S007,data/eegmmidb/S007/S007R08.edf,2,21,54.0,motor_imagery,T1,ds005284,0,1.0,-36.77106106389438,True
eegmmidb,S007,data/eegmmidb/S007/S007R08.edf,2,22,56.0,motor_imagery,T1,ds005284,0,1.0,-90.12692182573187,True
eegmmidb,S007,data/eegmmidb/S007/S007R08.edf,2,23,58.0,motor_imagery,T0,ds005284,1,0.9507720411899354,-71.42902532520804,True
eegmmidb,S007,data/eegmmidb/S007/S007R08.edf,2,24,62.0,motor_imagery,T2,ds005284,1,0.9999989264477456,-46.9456706680752,True
eegmmidb,S007,data/eegmmidb/S007/S007R08.edf,2,25,64.0,motor_imagery,T2,ds005284,0,1.0,-65.64079685929767,True
eegmmidb,S007,data/eegmmidb/S007/S007R08.edf,2,26,66.0,motor_imagery,T0,ds005284,1,1.0,-61.96464055128185,True
eegmmidb,S007,data/eegmmidb/S007/S007R08.edf,2,27,70.0,motor_imagery,T2,ds005284,0,0.9999976327053612,-55.22334453008906,True
eegmmidb,S007,data/eegmmidb/S007/S007R08.edf,2,28,72.0,motor_imagery,T2,ds005284,0,0.9999961788448493,-88.57656263225316,True
eegmmidb,S007,data/eegmmidb/S007/S007R08.edf,2,29,74.0,motor_imagery,T0,ds005284,0,0.8992793479676671,-103.94442282017535,True
eegmmidb,S007,data/eegmmidb/S007/S007R08.edf,2,30,76.0,motor_imagery,T0,ds005284,0,1.0,-99.54441952680875,True
eegmmidb,S007,data/eegmmidb/S007/S007R08.edf,2,31,80.0,motor_imagery,T1,ds005284,0,1.0,-39.877353930319494,True
eegmmidb,S007,data/eegmmidb/S007/S007R08.edf,2,32,82.0,motor_imagery,T0,ds005284,1,0.9680041651297498,-98.88823693952367,True
eegmmidb,S007,data/eegmmidb/S007/S007R08.edf,2,33,84.0,motor_imagery,T0,ds005284,0,0.999999982979091,-49.200821159116714,True
eegmmidb,S007,data/eegmmidb/S007/S007R08.edf,2,34,88.0,motor_imagery,T2,ds005284,0,0.9999811497809539,-83.87115467544211,True
eegmmidb,S007,data/eegmmidb/S007/S007R08.edf,2,35,90.0,motor_imagery,T2,ds005284,0,0.9999999999994031,-52.749307366893184,True
eegmmidb,S007,data/eegmmidb/S007/S007R08.edf,2,36,92.0,motor_imagery,T0,ds005284,1,1.0,-38.9310529634327,True
eegmmidb,S007,data/eegmmidb/S007/S007R08.edf,2,37,96.0,motor_imagery,T1,ds005284,1,1.0,-34.24994181808358,False
eegmmidb,S007,data/eegmmidb/S007/S007R08.edf,2,38,98.0,motor_imagery,T1,ds005284,0,1.0,-40.97360874505504,True
eegmmidb,S007,data/eegmmidb/S007/S007R08.edf,2,39,100.0,motor_imagery,T0,ds005284,1,0.9999918650087017,-97.1976018173068,True
eegmmidb,S007,data/eegmmidb/S007/S007R08.edf,2,40,102.0,motor_imagery,T0,ds005284,0,1.0,-88.99070544580385,True
eegmmidb,S007,data/eegmmidb/S007/S007R08.edf,2,41,106.0,motor_imagery,T1,ds005284,0,0.9999999999409681,-49.7129266063343,True
eegmmidb,S007,data/eegmmidb/S007/S007R08.edf,2,42,108.0,motor_imagery,T0,ds005284,1,0.999999916219739,-93.95191938378036,True
eegmmidb,S007,data/eegmmidb/S007/S007R08.edf,2,43,110.0,motor_imagery,T0,ds005284,1,1.0,-32.09898860765845,False
eegmmidb,S007,data/eegmmidb/S007/S007R08.edf,2,44,114.0,motor_imagery,T2,ds005284,0,0.9999997882672116,-90.3924550353581,True
eegmmidb,S007,data/eegmmidb/S007/S007R08.edf,2,45,116.0,motor_imagery,T0,ds005284,1,0.9999999491267331,-46.12891594612642,True
eegmmidb,S007,data/eegmmidb/S007/S007R08.edf,2,46,118.0,motor_imagery,T0,ds005284,1,0.9999997747829394,-34.50733287341055,False
eegmmidb,S007,data/eegmmidb/S007/S007R08.edf,2,47,122.0,motor_imagery,T1,ds005284,0,1.0,-62.29419590634851,True
eegmmidb,S007,data/eegmmidb/S007/S007R11.edf,2,0,0.0,motor_execution,T0,ds005284,1,0.9999999999995026,-35.69066304870373,True
eegmmidb,S007,data/eegmmidb/S007/S007R11.edf,2,1,2.0,motor_execution,T0,ds005284,1,1.0,-43.78592858711936,True
eegmmidb,S007,data/eegmmidb/S007/S007R11.edf,2,2,4.0,motor_execution,T1,ds005284,1,1.0,-30.387186726553267,False
eegmmidb,S007,data/eegmmidb/S007/S007R11.edf,2,3,6.0,motor_execution,T1,ds005284,0,1.0,-55.80357935264443,True
eegmmidb,S007,data/eegmmidb/S007/S007R11.edf,2,4,10.0,motor_execution,T0,ds005284,1,1.0,-40.11373329760007,True
eegmmidb,S007,data/eegmmidb/S007/S007R11.edf,2,5,12.0,motor_execution,T2,ds005284,1,1.0,-31.101784282573,False
eegmmidb,S007,data/eegmmidb/S007/S007R11.edf,2,6,14.0,motor_execution,T2,ds005284,1,1.0,-37.12507522073723,True
eegmmidb,S007,data/eegmmidb/S007/S007R11.edf,2,7,18.0,motor_execution,T0,ds005284,1,0.999999999997911,-65.1840436129148,True
eegmmidb,S007,data/eegmmidb/S007/S007R11.edf,2,8,20.0,motor_execution,T1,ds005284,1,1.0,-34.87782587594395,False
eegmmidb,S007,data/eegmmidb/S007/S007R11.edf,2,9,22.0,motor_execution,T1,ds005284,0,1.0,-63.904438560026044,True
eegmmidb,S007,data/eegmmidb/S007/S007R11.edf,2,10,24.0,motor_execution,T0,ds005284,1,1.0,-52.14915564755186,True
eegmmidb,S007,data/eegmmidb/S007/S007R11.edf,2,11,28.0,motor_execution,T0,ds005284,0,0.9999999993348894,-113.962689652094,True
eegmmidb,S007,data/eegmmidb/S007/S007R11.edf,2,12,30.0,motor_execution,T2,ds005284,1,1.0,-46.84290335661975,True
eegmmidb,S007,data/eegmmidb/S007/S007R11.edf,2,13,32.0,motor_execution,T2,ds005284,0,0.9996650149953101,-58.37572735661475,True
eegmmidb,S007,data/eegmmidb/S007/S007R11.edf,2,14,36.0,motor_execution,T0,ds005284,0,0.9475116931945492,-82.65102793944929,True
eegmmidb,S007,data/eegmmidb/S007/S007R11.edf,2,15,38.0,motor_execution,T1,ds005284,0,1.0,-41.06047456441563,True
eegmmidb,S007,data/eegmmidb/S007/S007R11.edf,2,16,40.0,motor_execution,T1,ds005284,0,1.0,-86.49938564698067,True
eegmmidb,S007,data/eegmmidb/S007/S007R11.edf,2,17,44.0,motor_execution,T0,ds005284,1,0.9999999999999432,-51.47867461594011,True
eegmmidb,S007,data/eegmmidb/S007/S007R11.edf,2,18,46.0,motor_execution,T2,ds005284,0,0.8404190872788057,-39.053664536647545,True
eegmmidb,S007,data/eegmmidb/S007/S007R11.edf,2,19,48.0,motor_execution,T2,ds005284,1,0.9999999999999147,-33.783919626862506,False
eegmmidb,S007,data/eegmmidb/S007/S007R11.edf,2,20,50.0,motor_execution,T0,ds005284,1,1.0,-35.24705445792588,True
eegmmidb,S007,data/eegmmidb/S007/S007R11.edf,2,21,54.0,motor_execution,T2,ds005284,1,1.0,-36.22178238748558,True
eegmmidb,S007,data/eegmmidb/S007/S007R11.edf,2,22,56.0,motor_execution,T2,ds005284,0,1.0,-66.26451736183634,True
eegmmidb,S007,data/eegmmidb/S007/S007R11.edf,2,23,58.0,motor_execution,T0,ds005284,1,1.0,-49.855418628438805,True
eegmmidb,S007,data/eegmmidb/S007/S007R11.edf,2,24,62.0,motor_execution,T1,ds005284,1,1.0,-35.61469751178202,True
eegmmidb,S007,data/eegmmidb/S007/S007R11.edf,2,25,64.0,motor_execution,T1,ds005284,1,0.9999999999237197,-29.53090402611301,False
eegmmidb,S007,data/eegmmidb/S007/S007R11.edf,2,26,66.0,motor_execution,T0,ds005284,1,1.0,-42.00205955861713,True
eegmmidb,S007,data/eegmmidb/S007/S007R11.edf,2,27,70.0,motor_execution,T2,ds005284,0,0.9694430240733427,-65.81881918648317,True
eegmmidb,S007,data/eegmmidb/S007/S007R11.edf,2,28,72.0,motor_execution,T2,ds005284,0,1.0,-42.04026653207752,True
eegmmidb,S007,data/eegmmidb/S007/S007R11.edf,2,29,74.0,motor_execution,T0,ds005284,1,1.0,-33.119261162926854,False
eegmmidb,S007,data/eegmmidb/S007/S007R11.edf,2,30,76.0,motor_execution,T0,ds005284,1,1.0,-81.02974306191123,True
eegmmidb,S007,data/eegmmidb/S007/S007R11.edf,2,31,80.0,motor_execution,T1,ds005284,1,1.0,-29.305751142026537,False
eegmmidb,S007,data/eegmmidb/S007/S007R11.edf,2,32,82.0,motor_execution,T0,ds005284,0,1.0,-47.460517595030794,True
eegmmidb,S007,data/eegmmidb/S007/S007R11.edf,2,33,84.0,motor_execution,T0,ds005284,1,1.0,-74.01800318353864,True
eegmmidb,S007,data/eegmmidb/S007/S007R11.edf,2,34,88.0,motor_execution,T2,ds005284,1,1.0,-60.64696016840299,True
eegmmidb,S007,data/eegmmidb/S007/S007R11.edf,2,35,90.0,motor_execution,T2,ds005284,0,0.9999999999995453,-79.82933529029125,True
eegmmidb,S007,data/eegmmidb/S007/S007R11.edf,2,36,92.0,motor_execution,T0,ds005284,0,1.0,-65.55959877394324,True
eegmmidb,S007,data/eegmmidb/S007/S007R11.edf,2,37,96.0,motor_execution,T1,ds005284,0,0.9316717702899238,-60.27717883473351,True
eegmmidb,S007,data/eegmmidb/S007/S007R11.edf,2,38,98.0,motor_execution,T1,ds005284,0,1.0,-60.29256215404576,True
eegmmidb,S007,data/eegmmidb/S007/S007R11.edf,2,39,100.0,motor_execution,T0,ds005284,0,0.999977901705833,-118.92721084175626,True
eegmmidb,S007,data/eegmmidb/S007/S007R11.edf,2,40,102.0,motor_execution,T0,ds005284,0,0.795986029327592,-88.03702665271186,True
eegmmidb,S007,data/eegmmidb/S007/S007R11.edf,2,41,106.0,motor_execution,T1,ds005284,1,0.9952817034316367,-101.1726263176987,True
eegmmidb,S007,data/eegmmidb/S007/S007R11.edf,2,42,108.0,motor_execution,T0,ds005284,1,1.0,-112.75440838672495,True
eegmmidb,S007,data/eegmmidb/S007/S007R11.edf,2,43,110.0,motor_execution,T0,ds005284,0,0.9999979789961871,-57.45731766477227,True
eegmmidb,S007,data/eegmmidb/S007/S007R11.edf,2,44,114.0,motor_execution,T2,ds005284,1,0.9999999999992113,-47.22416554445772,True
eegmmidb,S007,data/eegmmidb/S007/S007R11.edf,2,45,116.0,motor_execution,T0,ds005284,1,1.0,-59.67958183177932,True
eegmmidb,S007,data/eegmmidb/S007/S007R11.edf,2,46,118.0,motor_execution,T0,ds005284,1,0.9998697073129005,-86.26034021835109,True
eegmmidb,S007,data/eegmmidb/S007/S007R11.edf,2,47,122.0,motor_execution,T1,ds005284,0,1.0,-42.37442309559449,True
eegmmidb,S007,data/eegmmidb/S007/S007R12.edf,2,0,0.0,motor_imagery,T0,ds005284,1,0.9988665279307334,-61.584017990099575,True
eegmmidb,S007,data/eegmmidb/S007/S007R12.edf,2,1,2.0,motor_imagery,T0,ds005284,1,1.0,-35.80235795214511,True
eegmmidb,S007,data/eegmmidb/S007/S007R12.edf,2,2,4.0,motor_imagery,T1,ds005284,0,0.9999999921121869,-45.882122713708156,True
eegmmidb,S007,data/eegmmidb/S007/S007R12.edf,2,3,6.0,motor_imagery,T1,ds005284,0,0.9999999999007514,-76.31257285428347,True
eegmmidb,S007,data/eegmmidb/S007/S007R12.edf,2,4,10.0,motor_imagery,T0,ds005284,1,1.0,-67.9415491402111,True
eegmmidb,S007,data/eegmmidb/S007/S007R12.edf,2,5,12.0,motor_imagery,T2,ds005284,0,1.0,-56.749173813216494,True
eegmmidb,S007,data/eegmmidb/S007/S007R12.edf,2,6,14.0,motor_imagery,T2,ds005284,0,1.0,-65.64774085491584,True
eegmmidb,S007,data/eegmmidb/S007/S007R12.edf,2,7,18.0,motor_imagery,T0,ds005284,0,0.7730959363996405,-88.90444780323554,True
eegmmidb,S007,data/eegmmidb/S007/S007R12.edf,2,8,20.0,motor_imagery,T1,ds005284,0,1.0,-38.85386788157178,True
eegmmidb,S007,data/eegmmidb/S007/S007R12.edf,2,9,22.0,motor_imagery,T1,ds005284,0,1.0,-68.47974341020023,True
eegmmidb,S007,data/eegmmidb/S007/S007R12.edf,2,10,24.0,motor_imagery,T0,ds005284,0,0.999999998016726,-50.617487624390755,True
eegmmidb,S007,data/eegmmidb/S007/S007R12.edf,2,11,28.0,motor_imagery,T0,ds005284,0,1.0,-57.715311867107964,True
eegmmidb,S007,data/eegmmidb/S007/S007R12.edf,2,12,30.0,motor_imagery,T2,ds005284,0,1.0,-49.38760258449759,True
eegmmidb,S007,data/eegmmidb/S007/S007R12.edf,2,13,32.0,motor_imagery,T2,ds005284,0,0.9999999904146506,-50.54062546587189,True
eegmmidb,S007,data/eegmmidb/S007/S007R12.edf,2,14,36.0,motor_imagery,T0,ds005284,1,1.0,-67.75673107592874,True
eegmmidb,S007,data/eegmmidb/S007/S007R12.edf,2,15,38.0,motor_imagery,T2,ds005284,0,1.0,-64.91305727181518,True
eegmmidb,S007,data/eegmmidb/S007/S007R12.edf,2,16,40.0,motor_imagery,T2,ds005284,1,1.0,-38.14912677756002,True
eegmmidb,S007,data/eegmmidb/S007/S007R12.edf,2,17,44.0,motor_imagery,T0,ds005284,1,1.0,-37.415877591435994,True
eegmmidb,S007,data/eegmmidb/S007/S007R12.edf,2,18,46.0,motor_imagery,T1,ds005284,0,1.0,-42.81346300234156,True
eegmmidb,S007,data/eegmmidb/S007/S007R12.edf,2,19,48.0,motor_imagery,T1,ds005284,0,1.0,-64.09978508251365,True
eegmmidb,S007,data/eegmmidb/S007/S007R12.edf,2,20,50.0,motor_imagery,T0,ds005284,1,1.0,-64.6617940367363,True
eegmmidb,S007,data/eegmmidb/S007/S007R12.edf,2,21,54.0,motor_imagery,T2,ds005284,0,1.0,-76.77010581566887,True
eegmmidb,S007,data/eegmmidb/S007/S007R12.edf,2,22,56.0,motor_imagery,T2,ds005284,0,1.0,-142.59796784968827,True
eegmmidb,S007,data/eegmmidb/S007/S007R12.edf,2,23,58.0,motor_imagery,T0,ds005284,1,0.9999999854442053,-48.41490828166332,True
eegmmidb,S007,data/eegmmidb/S007/S007R12.edf,2,24,62.0,motor_imagery,T1,ds005284,0,1.0,-67.33893678678805,True
eegmmidb,S007,data/eegmmidb/S007/S007R12.edf,2,25,64.0,motor_imagery,T1,ds005284,0,1.0,-86.67520877190188,True
eegmmidb,S007,data/eegmmidb/S007/S007R12.edf,2,26,66.0,motor_imagery,T0,ds005284,1,0.99999999999946,-99.27456765343433,True
eegmmidb,S007,data/eegmmidb/S007/S007R12.edf,2,27,70.0,motor_imagery,T1,ds005284,0,0.9983098366477541,-61.44045931066425,True
eegmmidb,S007,data/eegmmidb/S007/S007R12.edf,2,28,72.0,motor_imagery,T1,ds005284,0,1.0,-64.77818642230164,True
eegmmidb,S007,data/eegmmidb/S007/S007R12.edf,2,29,74.0,motor_imagery,T0,ds005284,1,1.0,-86.23780133251651,True
eegmmidb,S007,data/eegmmidb/S007/S007R12.edf,2,30,76.0,motor_imagery,T0,ds005284,1,1.0,-41.07433174388776,True
eegmmidb,S007,data/eegmmidb/S007/S007R12.edf,2,31,80.0,motor_imagery,T2,ds005284,1,0.9999999993032773,-42.72320212850151,True
eegmmidb,S007,data/eegmmidb/S007/S007R12.edf,2,32,82.0,motor_imagery,T0,ds005284,0,0.9999999541097263,-53.10093343182716,True
eegmmidb,S007,data/eegmmidb/S007/S007R12.edf,2,33,84.0,motor_imagery,T0,ds005284,1,0.9999999999989058,-71.04824057536793,True
eegmmidb,S007,data/eegmmidb/S007/S007R12.edf,2,34,88.0,motor_imagery,T1,ds005284,0,1.0,-36.535427184230606,True
eegmmidb,S007,data/eegmmidb/S007/S007R12.edf,2,35,90.0,motor_imagery,T1,ds005284,0,1.0,-69.94475252721361,True
eegmmidb,S007,data/eegmmidb/S007/S007R12.edf,2,36,92.0,motor_imagery,T0,ds005284,0,0.9999977623068429,-54.853799843362054,True
eegmmidb,S007,data/eegmmidb/S007/S007R12.edf,2,37,96.0,motor_imagery,T2,ds005284,0,1.0,-51.702684239374214,True
eegmmidb,S007,data/eegmmidb/S007/S007R12.edf,2,38,98.0,motor_imagery,T2,ds005284,0,0.9999999999992184,-59.41120458048291,True
eegmmidb,S007,data/eegmmidb/S007/S007R12.edf,2,39,100.0,motor_imagery,T0,ds005284,0,0.9990229934488197,-54.15059329065798,True
eegmmidb,S007,data/eegmmidb/S007/S007R12.edf,2,40,102.0,motor_imagery,T0,ds005284,1,1.0,-30.261817133113496,False
eegmmidb,S007,data/eegmmidb/S007/S007R12.edf,2,41,106.0,motor_imagery,T1,ds005284,0,0.9999999999999858,-71.17980317130018,True
eegmmidb,S007,data/eegmmidb/S007/S007R12.edf,2,42,108.0,motor_imagery,T0,ds005284,1,0.9999880339309041,-62.15140347958083,True
eegmmidb,S007,data/eegmmidb/S007/S007R12.edf,2,43,110.0,motor_imagery,T0,ds005284,1,0.6051781519484344,-46.893104956750896,True
eegmmidb,S007,data/eegmmidb/S007/S007R12.edf,2,44,114.0,motor_imagery,T2,ds005284,0,1.0,-52.712044199659395,True
eegmmidb,S007,data/eegmmidb/S007/S007R12.edf,2,45,116.0,motor_imagery,T0,ds005284,1,1.0,-45.10804404659247,True
eegmmidb,S007,data/eegmmidb/S007/S007R12.edf,2,46,118.0,motor_imagery,T0,ds005284,1,1.0,-42.356798448313455,True
eegmmidb,S007,data/eegmmidb/S007/S007R12.edf,2,47,122.0,motor_imagery,T2,ds005284,0,1.0,-43.0215422297174,True
eegmmidb,S008,data/eegmmidb/S008/S008R01.edf,2,0,0.0,eyes_open_rest,T0,ds005284,0,1.0,-27.704997647143426,False
eegmmidb,S008,data/eegmmidb/S008/S008R01.edf,2,1,2.0,eyes_open_rest,T0,ds005284,0,0.9999998140355717,-45.71956684749241,True
eegmmidb,S008,data/eegmmidb/S008/S008R01.edf,2,2,4.0,eyes_open_rest,T0,ds005284,1,1.0,-25.248596574326413,False
eegmmidb,S008,data/eegmmidb/S008/S008R01.edf,2,3,6.0,eyes_open_rest,T0,ds005284,0,0.9999999999872529,-20.999017732629408,False
eegmmidb,S008,data/eegmmidb/S008/S008R01.edf,2,4,8.0,eyes_open_rest,T0,ds005284,0,1.0,-25.17747378204452,False
eegmmidb,S008,data/eegmmidb/S008/S008R01.edf,2,5,10.0,eyes_open_rest,T0,ds005284,0,1.0,-28.819057956846567,False
eegmmidb,S008,data/eegmmidb/S008/S008R01.edf,2,6,12.0,eyes_open_rest,T0,ds005284,1,0.99999982173337,-33.408882131658785,False
eegmmidb,S008,data/eegmmidb/S008/S008R01.edf,2,7,14.0,eyes_open_rest,T0,ds005284,0,1.0,-26.265039350325996,False
eegmmidb,S008,data/eegmmidb/S008/S008R01.edf,2,8,16.0,eyes_open_rest,T0,ds005284,0,0.9999999999532356,-25.51412373779165,False
eegmmidb,S008,data/eegmmidb/S008/S008R01.edf,2,9,18.0,eyes_open_rest,T0,ds005284,0,0.9999942782566987,-40.749317124204616,True
eegmmidb,S008,data/eegmmidb/S008/S008R01.edf,2,10,20.0,eyes_open_rest,T0,ds005284,0,1.0,-27.01478454038288,False
eegmmidb,S008,data/eegmmidb/S008/S008R01.edf,2,11,22.0,eyes_open_rest,T0,ds005284,0,1.0,-28.144990212394607,False
eegmmidb,S008,data/eegmmidb/S008/S008R01.edf,2,12,24.0,eyes_open_rest,T0,ds005284,1,1.0,-28.787788211459436,False
eegmmidb,S008,data/eegmmidb/S008/S008R01.edf,2,13,26.0,eyes_open_rest,T0,ds005284,1,1.0,-27.17321277378354,False
eegmmidb,S008,data/eegmmidb/S008/S008R01.edf,2,14,28.0,eyes_open_rest,T0,ds005284,0,1.0,-27.961482641242366,False
eegmmidb,S008,data/eegmmidb/S008/S008R01.edf,2,15,30.0,eyes_open_rest,T0,ds005284,1,0.9999999999449116,-22.344092299786617,False
eegmmidb,S008,data/eegmmidb/S008/S008R01.edf,2,16,32.0,eyes_open_rest,T0,ds005284,1,1.0,-74.10788836164798,True
eegmmidb,S008,data/eegmmidb/S008/S008R01.edf,2,17,34.0,eyes_open_rest,T0,ds005284,0,1.0,-28.607632702414964,False
eegmmidb,S008,data/eegmmidb/S008/S008R01.edf,2,18,36.0,eyes_open_rest,T0,ds005284,0,0.9999922604090671,-42.29956658427266,True
eegmmidb,S008,data/eegmmidb/S008/S008R01.edf,2,19,38.0,eyes_open_rest,T0,ds005284,0,0.9999999999980389,-30.014839778194283,False
eegmmidb,S008,data/eegmmidb/S008/S008R01.edf,2,20,40.0,eyes_open_rest,T0,ds005284,0,0.9999928827824898,-37.25994576032464,True
eegmmidb,S008,data/eegmmidb/S008/S008R01.edf,2,21,42.0,eyes_open_rest,T0,ds005284,0,1.0,-25.602150166253825,False
eegmmidb,S008,data/eegmmidb/S008/S008R01.edf,2,22,44.0,eyes_open_rest,T0,ds005284,1,0.8177549550389274,-29.318919154091766,False
eegmmidb,S008,data/eegmmidb/S008/S008R01.edf,2,23,46.0,eyes_open_rest,T0,ds005284,0,1.0,-22.145363395095238,False
eegmmidb,S008,data/eegmmidb/S008/S008R01.edf,2,24,48.0,eyes_open_rest,T0,ds005284,0,0.9999035279956437,-41.294469256588606,True
eegmmidb,S008,data/eegmmidb/S008/S008R01.edf,2,25,50.0,eyes_open_rest,T0,ds005284,0,1.0,-24.236115589313417,False
eegmmidb,S008,data/eegmmidb/S008/S008R01.edf,2,26,52.0,eyes_open_rest,T0,ds005284,1,0.9999999999113953,-36.91899438485282,True
eegmmidb,S008,data/eegmmidb/S008/S008R01.edf,2,27,54.0,eyes_open_rest,T0,ds005284,0,1.0,-26.688181506197214,False
eegmmidb,S008,data/eegmmidb/S008/S008R01.edf,2,28,56.0,eyes_open_rest,T0,ds005284,0,0.990922807264396,-36.50260829486091,True
eegmmidb,S008,data/eegmmidb/S008/S008R01.edf,2,29,58.0,eyes_open_rest,T0,ds005284,1,0.9999999946049165,-25.95328000827551,False
eegmmidb,S008,data/eegmmidb/S008/S008R02.edf,2,0,0.0,eyes_closed_rest,T0,ds005284,0,1.0,-46.14584869382045,True
eegmmidb,S008,data/eegmmidb/S008/S008R02.edf,2,1,2.0,eyes_closed_rest,T0,ds005284,0,1.0,-45.24203208667549,True
eegmmidb,S008,data/eegmmidb/S008/S008R02.edf,2,2,4.0,eyes_closed_rest,T0,ds005284,0,1.0,-36.51067472750677,True
eegmmidb,S008,data/eegmmidb/S008/S008R02.edf,2,3,6.0,eyes_closed_rest,T0,ds005284,0,1.0,-50.43992817327818,True
eegmmidb,S008,data/eegmmidb/S008/S008R02.edf,2,4,8.0,eyes_closed_rest,T0,ds005284,0,1.0,-37.12420736600905,True
eegmmidb,S008,data/eegmmidb/S008/S008R02.edf,2,5,10.0,eyes_closed_rest,T0,ds005284,0,1.0,-40.3568245749831,True
eegmmidb,S008,data/eegmmidb/S008/S008R02.edf,2,6,12.0,eyes_closed_rest,T0,ds005284,0,0.9999999999999929,-36.999251330570985,True
eegmmidb,S008,data/eegmmidb/S008/S008R02.edf,2,7,14.0,eyes_closed_rest,T0,ds005284,0,1.0,-36.528036898537316,True
eegmmidb,S008,data/eegmmidb/S008/S008R02.edf,2,8,16.0,eyes_closed_rest,T0,ds005284,0,1.0,-33.23153718229676,False
eegmmidb,S008,data/eegmmidb/S008/S008R02.edf,2,9,18.0,eyes_closed_rest,T0,ds005284,0,1.0,-29.099971997455615,False
eegmmidb,S008,data/eegmmidb/S008/S008R02.edf,2,10,20.0,eyes_closed_rest,T0,ds005284,0,1.0,-30.078593527753203,False
eegmmidb,S008,data/eegmmidb/S008/S008R02.edf,2,11,22.0,eyes_closed_rest,T0,ds005284,0,1.0,-31.636927075553263,False
eegmmidb,S008,data/eegmmidb/S008/S008R02.edf,2,12,24.0,eyes_closed_rest,T0,ds005284,0,0.9999999999998721,-26.250811698629665,False
eegmmidb,S008,data/eegmmidb/S008/S008R02.edf,2,13,26.0,eyes_closed_rest,T0,ds005284,0,0.9999999899776242,-25.437584408225863,False
eegmmidb,S008,data/eegmmidb/S008/S008R02.edf,2,14,28.0,eyes_closed_rest,T0,ds005284,0,1.0,-34.6875063094733,False
eegmmidb,S008,data/eegmmidb/S008/S008R02.edf,2,15,30.0,eyes_closed_rest,T0,ds005284,1,0.999962842624004,-34.84604185007599,False
eegmmidb,S008,data/eegmmidb/S008/S008R02.edf,2,16,32.0,eyes_closed_rest,T0,ds005284,0,0.9999959665815709,-38.5684177535334,True
eegmmidb,S008,data/eegmmidb/S008/S008R02.edf,2,17,34.0,eyes_closed_rest,T0,ds005284,0,0.9999999999999716,-53.6206782193328,True
eegmmidb,S008,data/eegmmidb/S008/S008R02.edf,2,18,36.0,eyes_closed_rest,T0,ds005284,1,0.9835980839343574,-28.87579037371414,False
eegmmidb,S008,data/eegmmidb/S008/S008R02.edf,2,19,38.0,eyes_closed_rest,T0,ds005284,1,0.9999999999237197,-23.193297029847738,False
eegmmidb,S008,data/eegmmidb/S008/S008R02.edf,2,20,40.0,eyes_closed_rest,T0,ds005284,1,0.9999999953623444,-20.932481815464897,False
eegmmidb,S008,data/eegmmidb/S008/S008R02.edf,2,21,42.0,eyes_closed_rest,T0,ds005284,0,0.9138169551142455,-31.903423988442274,False
eegmmidb,S008,data/eegmmidb/S008/S008R02.edf,2,22,44.0,eyes_closed_rest,T0,ds005284,0,0.9997621588826131,-24.81486959788229,False
eegmmidb,S008,data/eegmmidb/S008/S008R02.edf,2,23,46.0,eyes_closed_rest,T0,ds005284,1,0.9966951532901924,-32.64435500715913,False
eegmmidb,S008,data/eegmmidb/S008/S008R02.edf,2,24,48.0,eyes_closed_rest,T0,ds005284,0,0.9999999999913811,-22.90768235405994,False
eegmmidb,S008,data/eegmmidb/S008/S008R02.edf,2,25,50.0,eyes_closed_rest,T0,ds005284,1,0.9999999956615966,-21.02691462894498,False
eegmmidb,S008,data/eegmmidb/S008/S008R02.edf,2,26,52.0,eyes_closed_rest,T0,ds005284,1,0.9999988395795274,-21.118763178425386,False
eegmmidb,S008,data/eegmmidb/S008/S008R02.edf,2,27,54.0,eyes_closed_rest,T0,ds005284,0,1.0,-50.36556912643215,True
eegmmidb,S008,data/eegmmidb/S008/S008R02.edf,2,28,56.0,eyes_closed_rest,T0,ds005284,0,1.0,-41.478021282174886,True
eegmmidb,S008,data/eegmmidb/S008/S008R02.edf,2,29,58.0,eyes_closed_rest,T0,ds005284,0,1.0,-33.22844240973338,False
eegmmidb,S008,data/eegmmidb/S008/S008R03.edf,2,0,0.0,motor_execution,T0,ds005284,1,0.9999999684410885,-31.160229657717366,False
eegmmidb,S008,data/eegmmidb/S008/S008R03.edf,2,1,2.0,motor_execution,T0,ds005284,1,0.9999999999999929,-27.900767956654114,False
eegmmidb,S008,data/eegmmidb/S008/S008R03.edf,2,2,4.0,motor_execution,T1,ds005284,1,0.9987808874379942,-29.37304527089945,False
eegmmidb,S008,data/eegmmidb/S008/S008R03.edf,2,3,6.0,motor_execution,T1,ds005284,0,1.0,-38.21136491380475,True
eegmmidb,S008,data/eegmmidb/S008/S008R03.edf,2,4,10.0,motor_execution,T0,ds005284,1,0.9999999999990052,-49.7400500809692,True
eegmmidb,S008,data/eegmmidb/S008/S008R03.edf,2,5,12.0,motor_execution,T2,ds005284,0,0.9996367680915579,-41.759619864483064,True
eegmmidb,S008,data/eegmmidb/S008/S008R03.edf,2,6,14.0,motor_execution,T2,ds005284,0,0.9976133970818539,-32.79047146244638,False
eegmmidb,S008,data/eegmmidb/S008/S008R03.edf,2,7,16.0,motor_execution,T0,ds005284,1,0.9999999999998366,-26.52698246323812,False
eegmmidb,S008,data/eegmmidb/S008/S008R03.edf,2,8,20.0,motor_execution,T1,ds005284,0,0.9999999999518607,-36.672259058809814,True
eegmmidb,S008,data/eegmmidb/S008/S008R03.edf,2,9,22.0,motor_execution,T1,ds005284,0,0.9999490979828258,-53.02324514966462,True
eegmmidb,S008,data/eegmmidb/S008/S008R03.edf,2,10,24.0,motor_execution,T0,ds005284,0,0.998109685825556,-33.25482433204079,False
eegmmidb,S008,data/eegmmidb/S008/S008R03.edf,2,11,28.0,motor_execution,T2,ds005284,0,0.9999999999999929,-32.25628803582225,False
eegmmidb,S008,data/eegmmidb/S008/S008R03.edf,2,12,30.0,motor_execution,T2,ds005284,0,1.0,-43.19719850298709,True
eegmmidb,S008,data/eegmmidb/S008/S008R03.edf,2,13,32.0,motor_execution,T0,ds005284,1,0.9999999999999076,-25.577671848435557,False
eegmmidb,S008,data/eegmmidb/S008/S008R03.edf,2,14,34.0,motor_execution,T0,ds005284,0,1.0,-38.3025792238759,True
eegmmidb,S008,data/eegmmidb/S008/S008R03.edf,2,15,38.0,motor_execution,T2,ds005284,1,0.9999997975221566,-29.5307359039557,False
eegmmidb,S008,data/eegmmidb/S008/S008R03.edf,2,16,40.0,motor_execution,T0,ds005284,1,0.9999999999999964,-28.300181007180978,False
eegmmidb,S008,data/eegmmidb/S008/S008R03.edf,2,17,42.0,motor_execution,T0,ds005284,0,1.0,-37.375907460731575,True
eegmmidb,S008,data/eegmmidb/S008/S008R03.edf,2,18,44.0,motor_execution,T0,ds005284,0,1.0,-33.57620638330583,False
eegmmidb,S008,data/eegmmidb/S008/S008R03.edf,2,19,48.0,motor_execution,T1,ds005284,0,1.0,-33.89862257079617,False
eegmmidb,S008,data/eegmmidb/S008/S008R03.edf,2,20,50.0,motor_execution,T0,ds005284,0,1.0,-40.37631061336942,True
eegmmidb,S008,data/eegmmidb/S008/S008R03.edf,2,21,52.0,motor_execution,T0,ds005284,1,0.9999991767865573,-40.93568978358188,True
eegmmidb,S008,data/eegmmidb/S008/S008R03.edf,2,22,56.0,motor_execution,T1,ds005284,1,0.9999999971386764,-27.522751275245273,False
eegmmidb,S008,data/eegmmidb/S008/S008R03.edf,2,23,58.0,motor_execution,T0,ds005284,1,0.999999994023959,-26.296055661870632,False
eegmmidb,S008,data/eegmmidb/S008/S008R03.edf,2,24,60.0,motor_execution,T0,ds005284,0,1.0,-44.28278527109443,True
eegmmidb,S008,data/eegmmidb/S008/S008R03.edf,2,25,62.0,motor_execution,T2,ds005284,1,0.9988366044644527,-34.57397823771335,False
eegmmidb,S008,data/eegmmidb/S008/S008R03.edf,2,26,66.0,motor_execution,T0,ds005284,1,1.0,-29.5870535839257,False
eegmmidb,S008,data/eegmmidb/S008/S008R03.edf,2,27,68.0,motor_execution,T0,ds005284,1,0.9999999999995879,-36.86987393041816,True
eegmmidb,S008,data/eegmmidb/S008/S008R03.edf,2,28,70.0,motor_execution,T2,ds005284,0,0.9999999999976765,-48.69786103845987,True
eegmmidb,S008,data/eegmmidb/S008/S008R03.edf,2,29,74.0,motor_execution,T0,ds005284,0,0.9999999958806427,-41.49542474920367,True
eegmmidb,S008,data/eegmmidb/S008/S008R03.edf,2,30,76.0,motor_execution,T0,ds005284,1,0.9999999999844356,-26.663877447901154,False
eegmmidb,S008,data/eegmmidb/S008/S008R03.edf,2,31,78.0,motor_execution,T1,ds005284,0,1.0,-39.07264961967308,True
eegmmidb,S008,data/eegmmidb/S008/S008R03.edf,2,32,80.0,motor_execution,T1,ds005284,0,1.0,-33.37748852738812,False
eegmmidb,S008,data/eegmmidb/S008/S008R03.edf,2,33,84.0,motor_execution,T0,ds005284,0,0.9999999999997584,-63.592450495761106,True
eegmmidb,S008,data/eegmmidb/S008/S008R03.edf,2,34,86.0,motor_execution,T1,ds005284,0,0.9999999736465245,-45.032050556676296,True
eegmmidb,S008,data/eegmmidb/S008/S008R03.edf,2,35,88.0,motor_execution,T1,ds005284,0,1.0,-51.65549671172119,True
eegmmidb,S008,data/eegmmidb/S008/S008R03.edf,2,36,90.0,motor_execution,T0,ds005284,1,0.999999999999929,-24.232667546722283,False
eegmmidb,S008,data/eegmmidb/S008/S008R03.edf,2,37,94.0,motor_execution,T2,ds005284,0,1.0,-40.00062400215031,True
eegmmidb,S008,data/eegmmidb/S008/S008R03.edf,2,38,96.0,motor_execution,T2,ds005284,1,0.9999999981264196,-26.00992226433018,False
eegmmidb,S008,data/eegmmidb/S008/S008R03.edf,2,39,98.0,motor_execution,T0,ds005284,1,0.9999999914995605,-25.26407509413659,False
eegmmidb,S008,data/eegmmidb/S008/S008R03.edf,2,40,102.0,motor_execution,T2,ds005284,1,1.0,-25.402014548717396,False
eegmmidb,S008,data/eegmmidb/S008/S008R03.edf,2,41,104.0,motor_execution,T2,ds005284,0,1.0,-36.92510360616298,True
eegmmidb,S008,data/eegmmidb/S008/S008R03.edf,2,42,106.0,motor_execution,T0,ds005284,1,1.0,-28.31706804317365,False
eegmmidb,S008,data/eegmmidb/S008/S008R03.edf,2,43,108.0,motor_execution,T0,ds005284,1,0.9999999384135468,-26.17842533838948,False
eegmmidb,S008,data/eegmmidb/S008/S008R03.edf,2,44,112.0,motor_execution,T1,ds005284,0,0.999995579305009,-42.666412490218676,True
eegmmidb,S008,data/eegmmidb/S008/S008R03.edf,2,45,114.0,motor_execution,T0,ds005284,1,0.9999999992194724,-30.839454013706696,False
eegmmidb,S008,data/eegmmidb/S008/S008R03.edf,2,46,116.0,motor_execution,T0,ds005284,0,1.0,-46.17269432153274,True
eegmmidb,S008,data/eegmmidb/S008/S008R03.edf,2,47,120.0,motor_execution,T2,ds005284,0,0.5915748893261727,-42.438053493325135,True
eegmmidb,S008,data/eegmmidb/S008/S008R04.edf,2,0,0.0,motor_imagery,T0,ds005284,1,0.876073714629753,-30.38953435316479,False
eegmmidb,S008,data/eegmmidb/S008/S008R04.edf,2,1,2.0,motor_imagery,T0,ds005284,0,1.0,-35.49472692494967,True
eegmmidb,S008,data/eegmmidb/S008/S008R04.edf,2,2,4.0,motor_imagery,T1,ds005284,0,1.0,-32.657398175813356,False
eegmmidb,S008,data/eegmmidb/S008/S008R04.edf,2,3,6.0,motor_imagery,T1,ds005284,0,1.0,-27.1374637990094,False
eegmmidb,S008,data/eegmmidb/S008/S008R04.edf,2,4,10.0,motor_imagery,T0,ds005284,0,0.9999999999850679,-19.534253402141097,False
eegmmidb,S008,data/eegmmidb/S008/S008R04.edf,2,5,12.0,motor_imagery,T2,ds005284,1,0.9999902177351943,-25.261650380323488,False
eegmmidb,S008,data/eegmmidb/S008/S008R04.edf,2,6,14.0,motor_imagery,T2,ds005284,0,1.0,-23.69506645193555,False
eegmmidb,S008,data/eegmmidb/S008/S008R04.edf,2,7,16.0,motor_imagery,T0,ds005284,1,1.0,-25.213451725454952,False
eegmmidb,S008,data/eegmmidb/S008/S008R04.edf,2,8,20.0,motor_imagery,T1,ds005284,1,0.9967327385709808,-44.835017296695696,True
eegmmidb,S008,data/eegmmidb/S008/S008R04.edf,2,9,22.0,motor_imagery,T1,ds005284,0,0.9999999996870272,-31.121537945054836,False
eegmmidb,S008,data/eegmmidb/S008/S008R04.edf,2,10,24.0,motor_imagery,T0,ds005284,0,0.9999999999999609,-28.6123746113878,False
eegmmidb,S008,data/eegmmidb/S008/S008R04.edf,2,11,28.0,motor_imagery,T2,ds005284,0,0.9999999999972573,-22.86302697279824,False
eegmmidb,S008,data/eegmmidb/S008/S008R04.edf,2,12,30.0,motor_imagery,T2,ds005284,1,0.9999999962525301,-22.4340297259311,False
eegmmidb,S008,data/eegmmidb/S008/S008R04.edf,2,13,32.0,motor_imagery,T0,ds005284,0,0.9999999999955378,-27.24428526153601,False
eegmmidb,S008,data/eegmmidb/S008/S008R04.edf,2,14,34.0,motor_imagery,T0,ds005284,1,0.9999999993751914,-27.203239729617778,False
eegmmidb,S008,data/eegmmidb/S008/S008R04.edf,2,15,38.0,motor_imagery,T2,ds005284,0,0.9999999995755466,-25.284667876875766,False
eegmmidb,S008,data/eegmmidb/S008/S008R04.edf,2,16,40.0,motor_imagery,T0,ds005284,1,1.0,-27.681365658548835,False
eegmmidb,S008,data/eegmmidb/S008/S008R04.edf,2,17,42.0,motor_imagery,T0,ds005284,0,1.0,-26.636893551548244,False
eegmmidb,S008,data/eegmmidb/S008/S008R04.edf,2,18,44.0,motor_imagery,T0,ds005284,1,1.0,-29.502962620430814,False
eegmmidb,S008,data/eegmmidb/S008/S008R04.edf,2,19,48.0,motor_imagery,T1,ds005284,1,0.9999999995133848,-20.978910950347725,False
eegmmidb,S008,data/eegmmidb/S008/S008R04.edf,2,20,50.0,motor_imagery,T0,ds005284,1,0.9994290234407995,-37.20439713916851,True
eegmmidb,S008,data/eegmmidb/S008/S008R04.edf,2,21,52.0,motor_imagery,T0,ds005284,0,0.9999999999999147,-28.82605935669915,False
eegmmidb,S008,data/eegmmidb/S008/S008R04.edf,2,22,56.0,motor_imagery,T1,ds005284,0,0.9999973286173768,-28.664862396519187,False
eegmmidb,S008,data/eegmmidb/S008/S008R04.edf,2,23,58.0,motor_imagery,T0,ds005284,0,0.9995305261458204,-48.89029052095019,True
eegmmidb,S008,data/eegmmidb/S008/S008R04.edf,2,24,60.0,motor_imagery,T0,ds005284,0,0.9999999999999787,-29.597629477724578,False
eegmmidb,S008,data/eegmmidb/S008/S008R04.edf,2,25,62.0,motor_imagery,T2,ds005284,0,1.0,-32.65608320600032,False
eegmmidb,S008,data/eegmmidb/S008/S008R04.edf,2,26,66.0,motor_imagery,T0,ds005284,0,0.9999999997060627,-34.37149383913264,False
eegmmidb,S008,data/eegmmidb/S008/S008R04.edf,2,27,68.0,motor_imagery,T0,ds005284,0,0.9999999221885426,-27.89583688674535,False
eegmmidb,S008,data/eegmmidb/S008/S008R04.edf,2,28,70.0,motor_imagery,T2,ds005284,0,0.9999999999999929,-25.395491640412448,False
eegmmidb,S008,data/eegmmidb/S008/S008R04.edf,2,29,74.0,motor_imagery,T0,ds005284,0,1.0,-27.46660085770576,False
eegmmidb,S008,data/eegmmidb/S008/S008R04.edf,2,30,76.0,motor_imagery,T0,ds005284,0,1.0,-25.650949469264507,False
eegmmidb,S008,data/eegmmidb/S008/S008R04.edf,2,31,78.0,motor_imagery,T1,ds005284,0,0.9999999999999964,-27.103515142285218,False
eegmmidb,S008,data/eegmmidb/S008/S008R04.edf,2,32,80.0,motor_imagery,T1,ds005284,0,0.9999866775245446,-48.18289178161222,True
eegmmidb,S008,data/eegmmidb/S008/S008R04.edf,2,33,84.0,motor_imagery,T0,ds005284,0,1.0,-31.756161230112074,False
eegmmidb,S008,data/eegmmidb/S008/S008R04.edf,2,34,86.0,motor_imagery,T2,ds005284,0,1.0,-28.405873211870738,False
eegmmidb,S008,data/eegmmidb/S008/S008R04.edf,2,35,88.0,motor_imagery,T2,ds005284,0,0.9999999999998863,-29.457247973379378,False
eegmmidb,S008,data/eegmmidb/S008/S008R04.edf,2,36,90.0,motor_imagery,T0,ds005284,1,1.0,-36.55652050926298,True
eegmmidb,S008,data/eegmmidb/S008/S008R04.edf,2,37,94.0,motor_imagery,T1,ds005284,0,0.9999999999805027,-29.302340222700412,False
eegmmidb,S008,data/eegmmidb/S008/S008R04.edf,2,38,96.0,motor_imagery,T1,ds005284,0,1.0,-35.86402044825973,True
eegmmidb,S008,data/eegmmidb/S008/S008R04.edf,2,39,98.0,motor_imagery,T0,ds005284,1,0.9999996198710027,-29.43687781383314,False
eegmmidb,S008,data/eegmmidb/S008/S008R04.edf,2,40,102.0,motor_imagery,T2,ds005284,0,0.9999996293793043,-27.71674427942174,False
eegmmidb,S008,data/eegmmidb/S008/S008R04.edf,2,41,104.0,motor_imagery,T2,ds005284,0,1.0,-28.56707810545652,False
eegmmidb,S008,data/eegmmidb/S008/S008R04.edf,2,42,106.0,motor_imagery,T0,ds005284,1,1.0,-21.55337612402775,False
eegmmidb,S008,data/eegmmidb/S008/S008R04.edf,2,43,108.0,motor_imagery,T0,ds005284,0,0.9999999999992504,-23.481277706465065,False
eegmmidb,S008,data/eegmmidb/S008/S008R04.edf,2,44,112.0,motor_imagery,T1,ds005284,0,0.9999999990368913,-24.59495489565689,False
eegmmidb,S008,data/eegmmidb/S008/S008R04.edf,2,45,114.0,motor_imagery,T0,ds005284,0,0.9977511189506437,-51.074774727887814,True
eegmmidb,S008,data/eegmmidb/S008/S008R04.edf,2,46,116.0,motor_imagery,T0,ds005284,1,1.0,-27.96005710696177,False
eegmmidb,S008,data/eegmmidb/S008/S008R04.edf,2,47,120.0,motor_imagery,T2,ds005284,0,1.0,-32.134916364742885,False
eegmmidb,S008,data/eegmmidb/S008/S008R07.edf,2,0,0.0,motor_execution,T0,ds005284,1,1.0,-24.554537287076293,False
eegmmidb,S008,data/eegmmidb/S008/S008R07.edf,2,1,2.0,motor_execution,T0,ds005284,0,0.9999999999999751,-22.483388581055948,False
eegmmidb,S008,data/eegmmidb/S008/S008R07.edf,2,2,4.0,motor_execution,T1,ds005284,0,1.0,-25.901916030031476,False
eegmmidb,S008,data/eegmmidb/S008/S008R07.edf,2,3,6.0,motor_execution,T1,ds005284,1,1.0,-25.559115323961443,False
eegmmidb,S008,data/eegmmidb/S008/S008R07.edf,2,4,10.0,motor_execution,T0,ds005284,0,0.9999999997683311,-24.504065516704003,False
eegmmidb,S008,data/eegmmidb/S008/S008R07.edf,2,5,12.0,motor_execution,T2,ds005284,0,0.9999999999996021,-23.13489979329201,False
eegmmidb,S008,data/eegmmidb/S008/S008R07.edf,2,6,14.0,motor_execution,T2,ds005284,0,1.0,-27.748068738891494,False
eegmmidb,S008,data/eegmmidb/S008/S008R07.edf,2,7,16.0,motor_execution,T0,ds005284,1,1.0,-43.7043810826539,True
eegmmidb,S008,data/eegmmidb/S008/S008R07.edf,2,8,20.0,motor_execution,T1,ds005284,0,0.9999999999983622,-28.2269393237095,False
eegmmidb,S008,data/eegmmidb/S008/S008R07.edf,2,9,22.0,motor_execution,T1,ds005284,0,0.9999999999999964,-24.708181672472023,False
eegmmidb,S008,data/eegmmidb/S008/S008R07.edf,2,10,24.0,motor_execution,T0,ds005284,1,1.0,-20.725485468491158,False
eegmmidb,S008,data/eegmmidb/S008/S008R07.edf,2,11,28.0,motor_execution,T2,ds005284,0,0.9999991248697447,-38.84932705211349,True
eegmmidb,S008,data/eegmmidb/S008/S008R07.edf,2,12,30.0,motor_execution,T2,ds005284,0,1.0,-27.816926322448378,False
eegmmidb,S008,data/eegmmidb/S008/S008R07.edf,2,13,32.0,motor_execution,T0,ds005284,1,0.9999999999994067,-25.9088980500466,False
eegmmidb,S008,data/eegmmidb/S008/S008R07.edf,2,14,34.0,motor_execution,T0,ds005284,1,1.0,-24.360799401575825,False
eegmmidb,S008,data/eegmmidb/S008/S008R07.edf,2,15,38.0,motor_execution,T1,ds005284,0,0.9999999999987743,-23.74037051031908,False
eegmmidb,S008,data/eegmmidb/S008/S008R07.edf,2,16,40.0,motor_execution,T0,ds005284,1,0.999999999988578,-21.362307788251645,False
eegmmidb,S008,data/eegmmidb/S008/S008R07.edf,2,17,42.0,motor_execution,T0,ds005284,0,1.0,-26.01381735842789,False
eegmmidb,S008,data/eegmmidb/S008/S008R07.edf,2,18,44.0,motor_execution,T0,ds005284,1,0.9998022518372937,-36.22293147205556,True
eegmmidb,S008,data/eegmmidb/S008/S008R07.edf,2,19,48.0,motor_execution,T2,ds005284,1,1.0,-27.728024249098596,False
eegmmidb,S008,data/eegmmidb/S008/S008R07.edf,2,20,50.0,motor_execution,T0,ds005284,1,1.0,-24.765657995703485,False
eegmmidb,S008,data/eegmmidb/S008/S008R07.edf,2,21,52.0,motor_execution,T0,ds005284,0,0.999994761854991,-23.137345807088263,False
eegmmidb,S008,data/eegmmidb/S008/S008R07.edf,2,22,56.0,motor_execution,T2,ds005284,1,1.0,-31.148956401109935,False
eegmmidb,S008,data/eegmmidb/S008/S008R07.edf,2,23,58.0,motor_execution,T0,ds005284,0,0.999999999919563,-31.224910823429695,False
eegmmidb,S008,data/eegmmidb/S008/S008R07.edf,2,24,60.0,motor_execution,T0,ds005284,0,1.0,-31.165820790521334,False
eegmmidb,S008,data/eegmmidb/S008/S008R07.edf,2,25,62.0,motor_execution,T1,ds005284,0,0.9999999999999964,-22.912840923771427,False
eegmmidb,S008,data/eegmmidb/S008/S008R07.edf,2,26,66.0,motor_execution,T0,ds005284,1,0.9987770777552977,-44.65870683296662,True
eegmmidb,S008,data/eegmmidb/S008/S008R07.edf,2,27,68.0,motor_execution,T0,ds005284,0,1.0,-34.83864834641873,False
eegmmidb,S008,data/eegmmidb/S008/S008R07.edf,2,28,70.0,motor_execution,T1,ds005284,0,1.0,-31.995408042457182,False
eegmmidb,S008,data/eegmmidb/S008/S008R07.edf,2,29,74.0,motor_execution,T0,ds005284,1,0.9999999978681231,-22.453530432230117,False
eegmmidb,S008,data/eegmmidb/S008/S008R07.edf,2,30,76.0,motor_execution,T0,ds005284,1,0.9999999999999254,-22.208437403786352,False
eegmmidb,S008,data/eegmmidb/S008/S008R07.edf,2,31,78.0,motor_execution,T2,ds005284,0,0.99999986413358,-25.76879853384172,False
eegmmidb,S008,data/eegmmidb/S008/S008R07.edf,2,32,80.0,motor_execution,T2,ds005284,1,0.9618611591636835,-40.70293714911359,True
eegmmidb,S008,data/eegmmidb/S008/S008R07.edf,2,33,84.0,motor_execution,T0,ds005284,0,1.0,-37.17559651653301,True
eegmmidb,S008,data/eegmmidb/S008/S008R07.edf,2,34,86.0,motor_execution,T2,ds005284,0,1.0,-37.438045365179086,True
eegmmidb,S008,data/eegmmidb/S008/S008R07.edf,2,35,88.0,motor_execution,T2,ds005284,1,0.999998990233733,-24.307588795154963,False
eegmmidb,S008,data/eegmmidb/S008/S008R07.edf,2,36,90.0,motor_execution,T0,ds005284,0,1.0,-34.974301082927745,False
eegmmidb,S008,data/eegmmidb/S008/S008R07.edf,2,37,94.0,motor_execution,T1,ds005284,0,0.9738630955314279,-30.068339101795964,False
eegmmidb,S008,data/eegmmidb/S008/S008R07.edf,2,38,96.0,motor_execution,T1,ds005284,0,0.999989737151642,-37.731873272452624,True
eegmmidb,S008,data/eegmmidb/S008/S008R07.edf,2,39,98.0,motor_execution,T0,ds005284,0,1.0,-27.11122045545122,False
eegmmidb,S008,data/eegmmidb/S008/S008R07.edf,2,40,102.0,motor_execution,T1,ds005284,0,0.9999999999999076,-23.71443012989884,False
eegmmidb,S008,data/eegmmidb/S008/S008R07.edf,2,41,104.0,motor_execution,T1,ds005284,1,1.0,-20.554772396851206,False
eegmmidb,S008,data/eegmmidb/S008/S008R07.edf,2,42,106.0,motor_execution,T0,ds005284,1,0.9999999998232454,-21.642148565946904,False
eegmmidb,S008,data/eegmmidb/S008/S008R07.edf,2,43,108.0,motor_execution,T0,ds005284,0,1.0,-29.134413102020208,False
eegmmidb,S008,data/eegmmidb/S008/S008R07.edf,2,44,112.0,motor_execution,T2,ds005284,1,0.9999627472041731,-35.30136148533133,True
eegmmidb,S008,data/eegmmidb/S008/S008R07.edf,2,45,114.0,motor_execution,T0,ds005284,1,1.0,-26.641625042410823,False
eegmmidb,S008,data/eegmmidb/S008/S008R07.edf,2,46,116.0,motor_execution,T0,ds005284,0,0.9999999996695692,-49.83537353281995,True
eegmmidb,S008,data/eegmmidb/S008/S008R07.edf,2,47,120.0,motor_execution,T2,ds005284,0,1.0,-30.21666769015069,False
eegmmidb,S008,data/eegmmidb/S008/S008R08.edf,2,0,0.0,motor_imagery,T0,ds005284,0,1.0,-26.01899681837831,False
eegmmidb,S008,data/eegmmidb/S008/S008R08.edf,2,1,2.0,motor_imagery,T0,ds005284,0,1.0,-22.957431831259722,False
eegmmidb,S008,data/eegmmidb/S008/S008R08.edf,2,2,4.0,motor_imagery,T1,ds005284,0,0.9999999890417257,-38.954196236521206,True
eegmmidb,S008,data/eegmmidb/S008/S008R08.edf,2,3,6.0,motor_imagery,T1,ds005284,0,0.9999999999998863,-21.641798176332752,False
eegmmidb,S008,data/eegmmidb/S008/S008R08.edf,2,4,10.0,motor_imagery,T0,ds005284,0,1.0,-25.14230934022724,False
eegmmidb,S008,data/eegmmidb/S008/S008R08.edf,2,5,12.0,motor_imagery,T2,ds005284,1,0.9997305595553933,-28.918188632412722,False
eegmmidb,S008,data/eegmmidb/S008/S008R08.edf,2,6,14.0,motor_imagery,T2,ds005284,0,1.0,-25.45875564662946,False
eegmmidb,S008,data/eegmmidb/S008/S008R08.edf,2,7,16.0,motor_imagery,T0,ds005284,0,0.9999999997689635,-29.4698195580335,False
eegmmidb,S008,data/eegmmidb/S008/S008R08.edf,2,8,20.0,motor_imagery,T2,ds005284,0,0.9999999999966107,-28.12106361266844,False
eegmmidb,S008,data/eegmmidb/S008/S008R08.edf,2,9,22.0,motor_imagery,T2,ds005284,0,1.0,-28.28333587425522,False
eegmmidb,S008,data/eegmmidb/S008/S008R08.edf,2,10,24.0,motor_imagery,T0,ds005284,1,0.9999999999986926,-20.135760419869968,False
eegmmidb,S008,data/eegmmidb/S008/S008R08.edf,2,11,28.0,motor_imagery,T1,ds005284,0,0.9999999999939035,-33.49287632936544,False
eegmmidb,S008,data/eegmmidb/S008/S008R08.edf,2,12,30.0,motor_imagery,T1,ds005284,0,1.0,-28.6481719977473,False
eegmmidb,S008,data/eegmmidb/S008/S008R08.edf,2,13,32.0,motor_imagery,T0,ds005284,1,1.0,-24.16132884580498,False
eegmmidb,S008,data/eegmmidb/S008/S008R08.edf,2,14,34.0,motor_imagery,T0,ds005284,0,0.9999999999488907,-46.221842133520795,True
eegmmidb,S008,data/eegmmidb/S008/S008R08.edf,2,15,38.0,motor_imagery,T2,ds005284,1,1.0,-24.368070572882196,False
eegmmidb,S008,data/eegmmidb/S008/S008R08.edf,2,16,40.0,motor_imagery,T0,ds005284,1,0.9977915386041598,-34.13574891823225,False
eegmmidb,S008,data/eegmmidb/S008/S008R08.edf,2,17,42.0,motor_imagery,T0,ds005284,0,1.0,-32.680451604835675,False
eegmmidb,S008,data/eegmmidb/S008/S008R08.edf,2,18,44.0,motor_imagery,T0,ds005284,0,0.9999999999998437,-37.56046316152736,True
eegmmidb,S008,data/eegmmidb/S008/S008R08.edf,2,19,48.0,motor_imagery,T1,ds005284,1,1.0,-23.182015733899966,False
eegmmidb,S008,data/eegmmidb/S008/S008R08.edf,2,20,50.0,motor_imagery,T0,ds005284,0,1.0,-33.08875667113702,False
eegmmidb,S008,data/eegmmidb/S008/S008R08.edf,2,21,52.0,motor_imagery,T0,ds005284,0,0.9999999999091429,-33.6769432025629,False
eegmmidb,S008,data/eegmmidb/S008/S008R08.edf,2,22,56.0,motor_imagery,T1,ds005284,0,1.0,-26.792619343948882,False
eegmmidb,S008,data/eegmmidb/S008/S008R08.edf,2,23,58.0,motor_imagery,T0,ds005284,0,1.0,-26.86631076742093,False
eegmmidb,S008,data/eegmmidb/S008/S008R08.edf,2,24,60.0,motor_imagery,T0,ds005284,1,0.9999999878681082,-22.187459461830727,False
eegmmidb,S008,data/eegmmidb/S008/S008R08.edf,2,25,62.0,motor_imagery,T2,ds005284,0,1.0,-28.957513879459466,False
eegmmidb,S008,data/eegmmidb/S008/S008R08.edf,2,26,66.0,motor_imagery,T0,ds005284,1,0.9999999999999964,-23.62908455146179,False
eegmmidb,S008,data/eegmmidb/S008/S008R08.edf,2,27,68.0,motor_imagery,T0,ds005284,0,0.9999999999999787,-32.46091001044975,False
eegmmidb,S008,data/eegmmidb/S008/S008R08.edf,2,28,70.0,motor_imagery,T1,ds005284,1,0.9999999995660751,-20.55652947792738,False
eegmmidb,S008,data/eegmmidb/S008/S008R08.edf,2,29,74.0,motor_imagery,T0,ds005284,0,0.9999990162509682,-41.76616021552139,True
eegmmidb,S008,data/eegmmidb/S008/S008R08.edf,2,30,76.0,motor_imagery,T0,ds005284,0,1.0,-40.44223511865239,True
eegmmidb,S008,data/eegmmidb/S008/S008R08.edf,2,31,78.0,motor_imagery,T2,ds005284,0,1.0,-37.69075791962322,True
eegmmidb,S008,data/eegmmidb/S008/S008R08.edf,2,32,80.0,motor_imagery,T2,ds005284,1,0.9967732066617445,-43.69404541372561,True
eegmmidb,S008,data/eegmmidb/S008/S008R08.edf,2,33,84.0,motor_imagery,T0,ds005284,0,1.0,-38.57916642580589,True
eegmmidb,S008,data/eegmmidb/S008/S008R08.edf,2,34,86.0,motor_imagery,T1,ds005284,0,1.0,-32.83411299287496,False
eegmmidb,S008,data/eegmmidb/S008/S008R08.edf,2,35,88.0,motor_imagery,T1,ds005284,1,0.9999868178664427,-40.612743728245185,True
eegmmidb,S008,data/eegmmidb/S008/S008R08.edf,2,36,90.0,motor_imagery,T0,ds005284,0,0.9999999999996092,-37.462702570402485,True
eegmmidb,S008,data/eegmmidb/S008/S008R08.edf,2,37,94.0,motor_imagery,T2,ds005284,1,0.5469451016315015,-40.65698432709147,True
eegmmidb,S008,data/eegmmidb/S008/S008R08.edf,2,38,96.0,motor_imagery,T2,ds005284,0,1.0,-33.21176413657654,False
eegmmidb,S008,data/eegmmidb/S008/S008R08.edf,2,39,98.0,motor_imagery,T0,ds005284,1,1.0,-22.929029183211284,False
eegmmidb,S008,data/eegmmidb/S008/S008R08.edf,2,40,102.0,motor_imagery,T1,ds005284,0,1.0,-29.534326264824816,False
eegmmidb,S008,data/eegmmidb/S008/S008R08.edf,2,41,104.0,motor_imagery,T1,ds005284,0,0.99999998590177,-27.187701844854807,False
eegmmidb,S008,data/eegmmidb/S008/S008R08.edf,2,42,106.0,motor_imagery,T0,ds005284,1,0.9999999996034106,-30.8000287604207,False
eegmmidb,S008,data/eegmmidb/S008/S008R08.edf,2,43,108.0,motor_imagery,T0,ds005284,0,1.0,-37.166237604044106,True
eegmmidb,S008,data/eegmmidb/S008/S008R08.edf,2,44,112.0,motor_imagery,T2,ds005284,0,1.0,-33.523020163310356,False
eegmmidb,S008,data/eegmmidb/S008/S008R08.edf,2,45,114.0,motor_imagery,T0,ds005284,0,1.0,-40.66614839559831,True
eegmmidb,S008,data/eegmmidb/S008/S008R08.edf,2,46,116.0,motor_imagery,T0,ds005284,0,0.9999999135332127,-35.93386958327714,True
eegmmidb,S008,data/eegmmidb/S008/S008R08.edf,2,47,120.0,motor_imagery,T2,ds005284,0,1.0,-34.91493900870609,False
eegmmidb,S008,data/eegmmidb/S008/S008R11.edf,2,0,0.0,motor_execution,T0,ds005284,1,1.0,-26.923660122976734,False
eegmmidb,S008,data/eegmmidb/S008/S008R11.edf,2,1,2.0,motor_execution,T0,ds005284,1,0.9999999999999964,-24.347643057729275,False
eegmmidb,S008,data/eegmmidb/S008/S008R11.edf,2,2,4.0,motor_execution,T1,ds005284,0,0.9999999999996838,-19.399742203769105,False
eegmmidb,S008,data/eegmmidb/S008/S008R11.edf,2,3,6.0,motor_execution,T1,ds005284,1,0.9999999960722761,-25.647713125683637,False
eegmmidb,S008,data/eegmmidb/S008/S008R11.edf,2,4,10.0,motor_execution,T0,ds005284,0,1.0,-22.880952989994565,False
eegmmidb,S008,data/eegmmidb/S008/S008R11.edf,2,5,12.0,motor_execution,T2,ds005284,0,1.0,-23.856073544914228,False
eegmmidb,S008,data/eegmmidb/S008/S008R11.edf,2,6,14.0,motor_execution,T2,ds005284,1,0.9999999999680824,-24.359104260633437,False
eegmmidb,S008,data/eegmmidb/S008/S008R11.edf,2,7,16.0,motor_execution,T0,ds005284,1,1.0,-41.19631331645865,True
eegmmidb,S008,data/eegmmidb/S008/S008R11.edf,2,8,20.0,motor_execution,T2,ds005284,0,0.9999998711815093,-25.941799678808795,False
eegmmidb,S008,data/eegmmidb/S008/S008R11.edf,2,9,22.0,motor_execution,T2,ds005284,0,0.999999999999936,-19.411486489746633,False
eegmmidb,S008,data/eegmmidb/S008/S008R11.edf,2,10,24.0,motor_execution,T0,ds005284,0,0.9850397716424854,-40.03382933061224,True
eegmmidb,S008,data/eegmmidb/S008/S008R11.edf,2,11,28.0,motor_execution,T1,ds005284,1,1.0,-24.983735619117247,False
eegmmidb,S008,data/eegmmidb/S008/S008R11.edf,2,12,30.0,motor_execution,T1,ds005284,0,0.9999999999869651,-20.211852589684593,False
eegmmidb,S008,data/eegmmidb/S008/S008R11.edf,2,13,32.0,motor_execution,T0,ds005284,1,1.0,-27.171426038058875,False
eegmmidb,S008,data/eegmmidb/S008/S008R11.edf,2,14,34.0,motor_execution,T0,ds005284,0,1.0,-23.516913179617863,False
eegmmidb,S008,data/eegmmidb/S008/S008R11.edf,2,15,38.0,motor_execution,T1,ds005284,1,0.9999999545557589,-22.461003065371234,False
eegmmidb,S008,data/eegmmidb/S008/S008R11.edf,2,16,40.0,motor_execution,T0,ds005284,0,0.9999999911833157,-36.94379976086879,True
eegmmidb,S008,data/eegmmidb/S008/S008R11.edf,2,17,42.0,motor_execution,T0,ds005284,0,0.9898513929537909,-25.088098281220557,False
eegmmidb,S008,data/eegmmidb/S008/S008R11.edf,2,18,44.0,motor_execution,T0,ds005284,0,0.9999999976352605,-22.678913128697104,False
eegmmidb,S008,data/eegmmidb/S008/S008R11.edf,2,19,48.0,motor_execution,T2,ds005284,1,1.0,-38.475811079965176,True
eegmmidb,S008,data/eegmmidb/S008/S008R11.edf,2,20,50.0,motor_execution,T0,ds005284,1,0.9982487001841783,-38.51479201697117,True
eegmmidb,S008,data/eegmmidb/S008/S008R11.edf,2,21,52.0,motor_execution,T0,ds005284,0,0.9999957845004984,-27.386213153094573,False
eegmmidb,S008,data/eegmmidb/S008/S008R11.edf,2,22,56.0,motor_execution,T1,ds005284,1,1.0,-22.85602278969234,False
eegmmidb,S008,data/eegmmidb/S008/S008R11.edf,2,23,58.0,motor_execution,T0,ds005284,0,1.0,-24.83242688012469,False
eegmmidb,S008,data/eegmmidb/S008/S008R11.edf,2,24,60.0,motor_execution,T0,ds005284,0,0.9935506590529168,-25.733347505488357,False
eegmmidb,S008,data/eegmmidb/S008/S008R11.edf,2,25,62.0,motor_execution,T2,ds005284,0,0.9999841955803096,-38.39030456509619,True
eegmmidb,S008,data/eegmmidb/S008/S008R11.edf,2,26,66.0,motor_execution,T0,ds005284,0,1.0,-22.341703529267907,False
eegmmidb,S008,data/eegmmidb/S008/S008R11.edf,2,27,68.0,motor_execution,T0,ds005284,0,1.0,-26.524702136520336,False
eegmmidb,S008,data/eegmmidb/S008/S008R11.edf,2,28,70.0,motor_execution,T2,ds005284,0,0.99999999999892,-17.580005653457995,False
eegmmidb,S008,data/eegmmidb/S008/S008R11.edf,2,29,74.0,motor_execution,T0,ds005284,0,1.0,-23.800364261156904,False
eegmmidb,S008,data/eegmmidb/S008/S008R11.edf,2,30,76.0,motor_execution,T0,ds005284,0,1.0,-30.8033560579364,False
eegmmidb,S008,data/eegmmidb/S008/S008R11.edf,2,31,78.0,motor_execution,T1,ds005284,1,0.9999999999999964,-23.065008644712645,False
eegmmidb,S008,data/eegmmidb/S008/S008R11.edf,2,32,80.0,motor_execution,T1,ds005284,1,0.9999999995990869,-21.74111685413288,False
eegmmidb,S008,data/eegmmidb/S008/S008R11.edf,2,33,84.0,motor_execution,T0,ds005284,1,1.0,-26.335528491981506,False
eegmmidb,S008,data/eegmmidb/S008/S008R11.edf,2,34,86.0,motor_execution,T2,ds005284,0,0.9999999999978115,-34.13861523997321,False
eegmmidb,S008,data/eegmmidb/S008/S008R11.edf,2,35,88.0,motor_execution,T2,ds005284,1,1.0,-25.07692003340572,False
eegmmidb,S008,data/eegmmidb/S008/S008R11.edf,2,36,90.0,motor_execution,T0,ds005284,1,0.7250029202134634,-27.93300545651475,False
eegmmidb,S008,data/eegmmidb/S008/S008R11.edf,2,37,94.0,motor_execution,T1,ds005284,1,0.9999999999999929,-24.13736172134493,False
eegmmidb,S008,data/eegmmidb/S008/S008R11.edf,2,38,96.0,motor_execution,T1,ds005284,0,0.9999999999999787,-20.658711030588773,False
eegmmidb,S008,data/eegmmidb/S008/S008R11.edf,2,39,98.0,motor_execution,T0,ds005284,1,0.9999999998358717,-32.47598394157127,False
eegmmidb,S008,data/eegmmidb/S008/S008R11.edf,2,40,102.0,motor_execution,T2,ds005284,1,1.0,-25.83532261727599,False
eegmmidb,S008,data/eegmmidb/S008/S008R11.edf,2,41,104.0,motor_execution,T2,ds005284,0,1.0,-21.215504239606016,False
eegmmidb,S008,data/eegmmidb/S008/S008R11.edf,2,42,106.0,motor_execution,T0,ds005284,1,1.0,-34.671580573799844,False
eegmmidb,S008,data/eegmmidb/S008/S008R11.edf,2,43,108.0,motor_execution,T0,ds005284,0,1.0,-42.987616182748425,True
eegmmidb,S008,data/eegmmidb/S008/S008R11.edf,2,44,112.0,motor_execution,T1,ds005284,0,0.9999999999720188,-21.974357214196907,False
eegmmidb,S008,data/eegmmidb/S008/S008R11.edf,2,45,114.0,motor_execution,T0,ds005284,1,1.0,-26.82958748575028,False
eegmmidb,S008,data/eegmmidb/S008/S008R11.edf,2,46,116.0,motor_execution,T0,ds005284,0,0.99999999999865,-25.369692133758992,False
eegmmidb,S008,data/eegmmidb/S008/S008R11.edf,2,47,120.0,motor_execution,T1,ds005284,1,1.0,-21.232735730434428,False
eegmmidb,S008,data/eegmmidb/S008/S008R12.edf,2,0,0.0,motor_imagery,T0,ds005284,0,0.8699673771276212,-35.08377163607509,True
eegmmidb,S008,data/eegmmidb/S008/S008R12.edf,2,1,2.0,motor_imagery,T0,ds005284,0,0.9999994928603726,-23.654276432770637,False
eegmmidb,S008,data/eegmmidb/S008/S008R12.edf,2,2,4.0,motor_imagery,T2,ds005284,0,0.9999999877896039,-19.82744559313643,False
eegmmidb,S008,data/eegmmidb/S008/S008R12.edf,2,3,6.0,motor_imagery,T2,ds005284,0,1.0,-20.11655740421049,False
eegmmidb,S008,data/eegmmidb/S008/S008R12.edf,2,4,10.0,motor_imagery,T0,ds005284,1,1.0,-26.452821348976606,False
eegmmidb,S008,data/eegmmidb/S008/S008R12.edf,2,5,12.0,motor_imagery,T1,ds005284,1,0.9999909336517252,-38.016291892176454,True
eegmmidb,S008,data/eegmmidb/S008/S008R12.edf,2,6,14.0,motor_imagery,T1,ds005284,0,0.9999999999999964,-19.63877398829686,False
eegmmidb,S008,data/eegmmidb/S008/S008R12.edf,2,7,16.0,motor_imagery,T0,ds005284,1,0.9999993877238103,-31.93800190655109,False
eegmmidb,S008,data/eegmmidb/S008/S008R12.edf,2,8,20.0,motor_imagery,T1,ds005284,1,0.9880673537641166,-30.0330207341111,False
eegmmidb,S008,data/eegmmidb/S008/S008R12.edf,2,9,22.0,motor_imagery,T1,ds005284,0,0.9999999999735678,-24.105736524066412,False
eegmmidb,S008,data/eegmmidb/S008/S008R12.edf,2,10,24.0,motor_imagery,T0,ds005284,1,1.0,-45.344153678340376,True
eegmmidb,S008,data/eegmmidb/S008/S008R12.edf,2,11,28.0,motor_imagery,T2,ds005284,0,0.999998734821472,-27.480444895184494,False
eegmmidb,S008,data/eegmmidb/S008/S008R12.edf,2,12,30.0,motor_imagery,T2,ds005284,0,0.9999999999999609,-18.706807974530673,False
eegmmidb,S008,data/eegmmidb/S008/S008R12.edf,2,13,32.0,motor_imagery,T0,ds005284,1,0.9999999999999964,-18.236943583854835,False
eegmmidb,S008,data/eegmmidb/S008/S008R12.edf,2,14,34.0,motor_imagery,T0,ds005284,1,1.0,-22.590613954332916,False
eegmmidb,S008,data/eegmmidb/S008/S008R12.edf,2,15,38.0,motor_imagery,T1,ds005284,0,1.0,-29.93042820205152,False
eegmmidb,S008,data/eegmmidb/S008/S008R12.edf,2,16,40.0,motor_imagery,T0,ds005284,0,0.9999999757838868,-34.28799859220225,False
eegmmidb,S008,data/eegmmidb/S008/S008R12.edf,2,17,42.0,motor_imagery,T0,ds005284,0,1.0,-24.535881312482953,False
eegmmidb,S008,data/eegmmidb/S008/S008R12.edf,2,18,44.0,motor_imagery,T0,ds005284,0,0.9999999999988418,-27.70738921656068,False
eegmmidb,S008,data/eegmmidb/S008/S008R12.edf,2,19,48.0,motor_imagery,T2,ds005284,1,1.0,-28.083715389001185,False
eegmmidb,S008,data/eegmmidb/S008/S008R12.edf,2,20,50.0,motor_imagery,T0,ds005284,1,0.9999999999999574,-43.2324786099768,True
eegmmidb,S008,data/eegmmidb/S008/S008R12.edf,2,21,52.0,motor_imagery,T0,ds005284,0,1.0,-47.95795479165764,True
eegmmidb,S008,data/eegmmidb/S008/S008R12.edf,2,22,56.0,motor_imagery,T2,ds005284,0,1.0,-23.663086363559973,False
eegmmidb,S008,data/eegmmidb/S008/S008R12.edf,2,23,58.0,motor_imagery,T0,ds005284,1,1.0,-37.637159224724876,True
eegmmidb,S008,data/eegmmidb/S008/S008R12.edf,2,24,60.0,motor_imagery,T0,ds005284,0,1.0,-26.069790965309938,False
eegmmidb,S008,data/eegmmidb/S008/S008R12.edf,2,25,62.0,motor_imagery,T1,ds005284,0,0.9999999912760096,-23.179473550314242,False
eegmmidb,S008,data/eegmmidb/S008/S008R12.edf,2,26,66.0,motor_imagery,T0,ds005284,1,0.9999999012184353,-39.290225286898014,True
eegmmidb,S008,data/eegmmidb/S008/S008R12.edf,2,27,68.0,motor_imagery,T0,ds005284,0,1.0,-32.77684313913069,False
eegmmidb,S008,data/eegmmidb/S008/S008R12.edf,2,28,70.0,motor_imagery,T2,ds005284,0,1.0,-23.416660063869774,False
eegmmidb,S008,data/eegmmidb/S008/S008R12.edf,2,29,74.0,motor_imagery,T0,ds005284,1,1.0,-36.62872895428979,True
eegmmidb,S008,data/eegmmidb/S008/S008R12.edf,2,30,76.0,motor_imagery,T0,ds005284,1,0.9999198066334565,-53.98215275830141,True
eegmmidb,S008,data/eegmmidb/S008/S008R12.edf,2,31,78.0,motor_imagery,T1,ds005284,0,1.0,-25.720992491741352,False
eegmmidb,S008,data/eegmmidb/S008/S008R12.edf,2,32,80.0,motor_imagery,T1,ds005284,0,1.0,-26.64083241870897,False
eegmmidb,S008,data/eegmmidb/S008/S008R12.edf,2,33,84.0,motor_imagery,T0,ds005284,0,1.0,-33.214890697344416,False
eegmmidb,S008,data/eegmmidb/S008/S008R12.edf,2,34,86.0,motor_imagery,T1,ds005284,0,0.9999999278348025,-24.11373505734159,False
eegmmidb,S008,data/eegmmidb/S008/S008R12.edf,2,35,88.0,motor_imagery,T1,ds005284,0,1.0,-31.630800081615977,False
eegmmidb,S008,data/eegmmidb/S008/S008R12.edf,2,36,90.0,motor_imagery,T0,ds005284,1,1.0,-27.908188921009007,False
eegmmidb,S008,data/eegmmidb/S008/S008R12.edf,2,37,94.0,motor_imagery,T2,ds005284,0,1.0,-22.474179206348527,False
eegmmidb,S008,data/eegmmidb/S008/S008R12.edf,2,38,96.0,motor_imagery,T2,ds005284,0,0.9999999999993427,-20.44879019440612,False
eegmmidb,S008,data/eegmmidb/S008/S008R12.edf,2,39,98.0,motor_imagery,T0,ds005284,1,1.0,-60.55832606520821,True
eegmmidb,S008,data/eegmmidb/S008/S008R12.edf,2,40,102.0,motor_imagery,T1,ds005284,0,0.999999999997776,-20.502003646272122,False
eegmmidb,S008,data/eegmmidb/S008/S008R12.edf,2,41,104.0,motor_imagery,T1,ds005284,0,1.0,-25.931932294579287,False
eegmmidb,S008,data/eegmmidb/S008/S008R12.edf,2,42,106.0,motor_imagery,T0,ds005284,1,1.0,-21.575785353517233,False
eegmmidb,S008,data/eegmmidb/S008/S008R12.edf,2,43,108.0,motor_imagery,T0,ds005284,0,0.9999999999999893,-22.12351161358165,False
eegmmidb,S008,data/eegmmidb/S008/S008R12.edf,2,44,112.0,motor_imagery,T2,ds005284,0,0.9999999997328501,-21.83490536469866,False
eegmmidb,S008,data/eegmmidb/S008/S008R12.edf,2,45,114.0,motor_imagery,T0,ds005284,1,0.9999999997717666,-18.71587888903533,False
eegmmidb,S008,data/eegmmidb/S008/S008R12.edf,2,46,116.0,motor_imagery,T0,ds005284,0,1.0,-26.379867937263445,False
eegmmidb,S008,data/eegmmidb/S008/S008R12.edf,2,47,120.0,motor_imagery,T1,ds005284,0,0.9999999999781011,-21.521272169856633,False
eegmmidb,S009,data/eegmmidb/S009/S009R01.edf,2,0,0.0,eyes_open_rest,T0,ds005284,1,1.0,-189.2828514544841,True
eegmmidb,S009,data/eegmmidb/S009/S009R01.edf,2,1,2.0,eyes_open_rest,T0,ds005284,0,0.9999999978306278,-293.41042056399897,True
eegmmidb,S009,data/eegmmidb/S009/S009R01.edf,2,2,4.0,eyes_open_rest,T0,ds005284,0,1.0,-295.72781308805384,True
eegmmidb,S009,data/eegmmidb/S009/S009R01.edf,2,3,6.0,eyes_open_rest,T0,ds005284,1,1.0,-242.04791169316297,True
eegmmidb,S009,data/eegmmidb/S009/S009R01.edf,2,4,8.0,eyes_open_rest,T0,ds005284,1,1.0,-106.47205483824831,True
eegmmidb,S009,data/eegmmidb/S009/S009R01.edf,2,5,10.0,eyes_open_rest,T0,ds005284,1,1.0,-123.18074155688944,True
eegmmidb,S009,data/eegmmidb/S009/S009R01.edf,2,6,12.0,eyes_open_rest,T0,ds005284,1,1.0,-121.16698751119145,True
eegmmidb,S009,data/eegmmidb/S009/S009R01.edf,2,7,14.0,eyes_open_rest,T0,ds005284,1,1.0,-109.36119411012012,True
eegmmidb,S009,data/eegmmidb/S009/S009R01.edf,2,8,16.0,eyes_open_rest,T0,ds005284,1,1.0,-116.39743967829929,True
eegmmidb,S009,data/eegmmidb/S009/S009R01.edf,2,9,18.0,eyes_open_rest,T0,ds005284,1,1.0,-151.62190608397833,True
eegmmidb,S009,data/eegmmidb/S009/S009R01.edf,2,10,20.0,eyes_open_rest,T0,ds005284,1,1.0,-147.3611240708825,True
eegmmidb,S009,data/eegmmidb/S009/S009R01.edf,2,11,22.0,eyes_open_rest,T0,ds005284,1,1.0,-152.26863154702846,True
eegmmidb,S009,data/eegmmidb/S009/S009R01.edf,2,12,24.0,eyes_open_rest,T0,ds005284,0,1.0,-267.18313434769425,True
eegmmidb,S009,data/eegmmidb/S009/S009R01.edf,2,13,26.0,eyes_open_rest,T0,ds005284,1,1.0,-122.3148136555061,True
eegmmidb,S009,data/eegmmidb/S009/S009R01.edf,2,14,28.0,eyes_open_rest,T0,ds005284,0,0.9992759586539539,-266.7491593439314,True
eegmmidb,S009,data/eegmmidb/S009/S009R01.edf,2,15,30.0,eyes_open_rest,T0,ds005284,1,1.0,-123.69747738690867,True
eegmmidb,S009,data/eegmmidb/S009/S009R01.edf,2,16,32.0,eyes_open_rest,T0,ds005284,1,1.0,-254.92509225165117,True
eegmmidb,S009,data/eegmmidb/S009/S009R01.edf,2,17,34.0,eyes_open_rest,T0,ds005284,1,1.0,-133.0541990869782,True
eegmmidb,S009,data/eegmmidb/S009/S009R01.edf,2,18,36.0,eyes_open_rest,T0,ds005284,1,1.0,-108.09927317836835,True
eegmmidb,S009,data/eegmmidb/S009/S009R01.edf,2,19,38.0,eyes_open_rest,T0,ds005284,1,1.0,-172.38445378701522,True
eegmmidb,S009,data/eegmmidb/S009/S009R01.edf,2,20,40.0,eyes_open_rest,T0,ds005284,1,1.0,-177.50794678441565,True
eegmmidb,S009,data/eegmmidb/S009/S009R01.edf,2,21,42.0,eyes_open_rest,T0,ds005284,1,1.0,-155.88432510773453,True
eegmmidb,S009,data/eegmmidb/S009/S009R01.edf,2,22,44.0,eyes_open_rest,T0,ds005284,1,1.0,-103.39572553522973,True
eegmmidb,S009,data/eegmmidb/S009/S009R01.edf,2,23,46.0,eyes_open_rest,T0,ds005284,1,1.0,-133.356735540704,True
eegmmidb,S009,data/eegmmidb/S009/S009R01.edf,2,24,48.0,eyes_open_rest,T0,ds005284,1,1.0,-113.91788976836793,True
eegmmidb,S009,data/eegmmidb/S009/S009R01.edf,2,25,50.0,eyes_open_rest,T0,ds005284,1,1.0,-237.94912546331284,True
eegmmidb,S009,data/eegmmidb/S009/S009R01.edf,2,26,52.0,eyes_open_rest,T0,ds005284,1,1.0,-183.34118664650788,True
eegmmidb,S009,data/eegmmidb/S009/S009R01.edf,2,27,54.0,eyes_open_rest,T0,ds005284,1,1.0,-114.95097777167476,True
eegmmidb,S009,data/eegmmidb/S009/S009R01.edf,2,28,56.0,eyes_open_rest,T0,ds005284,0,1.0,-283.98072720240685,True
eegmmidb,S009,data/eegmmidb/S009/S009R01.edf,2,29,58.0,eyes_open_rest,T0,ds005284,1,1.0,-185.72195594170387,True
eegmmidb,S009,data/eegmmidb/S009/S009R02.edf,2,0,0.0,eyes_closed_rest,T0,ds005284,0,0.9999999723324325,-314.3564146340998,True
eegmmidb,S009,data/eegmmidb/S009/S009R02.edf,2,1,2.0,eyes_closed_rest,T0,ds005284,1,1.0,-247.07684353196805,True
eegmmidb,S009,data/eegmmidb/S009/S009R02.edf,2,2,4.0,eyes_closed_rest,T0,ds005284,1,0.9999999899347358,-268.1645108289226,True
eegmmidb,S009,data/eegmmidb/S009/S009R02.edf,2,3,6.0,eyes_closed_rest,T0,ds005284,1,0.9999999913280533,-254.7543300118314,True
eegmmidb,S009,data/eegmmidb/S009/S009R02.edf,2,4,8.0,eyes_closed_rest,T0,ds005284,0,0.9989362961317042,-281.9382377891627,True
eegmmidb,S009,data/eegmmidb/S009/S009R02.edf,2,5,10.0,eyes_closed_rest,T0,ds005284,1,0.9999774405010653,-278.335653677569,True
eegmmidb,S009,data/eegmmidb/S009/S009R02.edf,2,6,12.0,eyes_closed_rest,T0,ds005284,1,0.6193195607606969,-249.16682106443307,True
eegmmidb,S009,data/eegmmidb/S009/S009R02.edf,2,7,14.0,eyes_closed_rest,T0,ds005284,1,1.0,-238.91453892725497,True
eegmmidb,S009,data/eegmmidb/S009/S009R02.edf,2,8,16.0,eyes_closed_rest,T0,ds005284,1,0.9986841295084619,-247.437016694526,True
eegmmidb,S009,data/eegmmidb/S009/S009R02.edf,2,9,18.0,eyes_closed_rest,T0,ds005284,0,1.0,-245.18107647441863,True
eegmmidb,S009,data/eegmmidb/S009/S009R02.edf,2,10,20.0,eyes_closed_rest,T0,ds005284,0,1.0,-265.38632620312853,True
eegmmidb,S009,data/eegmmidb/S009/S009R02.edf,2,11,22.0,eyes_closed_rest,T0,ds005284,0,1.0,-278.5368312429271,True
eegmmidb,S009,data/eegmmidb/S009/S009R02.edf,2,12,24.0,eyes_closed_rest,T0,ds005284,0,0.99999998988838,-249.8180517745826,True
eegmmidb,S009,data/eegmmidb/S009/S009R02.edf,2,13,26.0,eyes_closed_rest,T0,ds005284,1,0.9999999755066259,-244.51071052252757,True
eegmmidb,S009,data/eegmmidb/S009/S009R02.edf,2,14,28.0,eyes_closed_rest,T0,ds005284,1,1.0,-250.8178883759919,True
eegmmidb,S009,data/eegmmidb/S009/S009R02.edf,2,15,30.0,eyes_closed_rest,T0,ds005284,0,0.9999999999984652,-257.3064504936509,True
eegmmidb,S009,data/eegmmidb/S009/S009R02.edf,2,16,32.0,eyes_closed_rest,T0,ds005284,0,1.0,-236.4254672976531,True
eegmmidb,S009,data/eegmmidb/S009/S009R02.edf,2,17,34.0,eyes_closed_rest,T0,ds005284,0,1.0,-261.052092371533,True
eegmmidb,S009,data/eegmmidb/S009/S009R02.edf,2,18,36.0,eyes_closed_rest,T0,ds005284,0,1.0,-221.9276276295062,True
eegmmidb,S009,data/eegmmidb/S009/S009R02.edf,2,19,38.0,eyes_closed_rest,T0,ds005284,0,1.0,-247.19563990056574,True
eegmmidb,S009,data/eegmmidb/S009/S009R02.edf,2,20,40.0,eyes_closed_rest,T0,ds005284,0,0.9999491303405885,-243.4053154819446,True
eegmmidb,S009,data/eegmmidb/S009/S009R02.edf,2,21,42.0,eyes_closed_rest,T0,ds005284,0,1.0,-239.14443676662418,True
eegmmidb,S009,data/eegmmidb/S009/S009R02.edf,2,22,44.0,eyes_closed_rest,T0,ds005284,0,1.0,-237.82675761005467,True
eegmmidb,S009,data/eegmmidb/S009/S009R02.edf,2,23,46.0,eyes_closed_rest,T0,ds005284,0,1.0,-229.7418301987964,True
eegmmidb,S009,data/eegmmidb/S009/S009R02.edf,2,24,48.0,eyes_closed_rest,T0,ds005284,0,1.0,-243.21712595910364,True
eegmmidb,S009,data/eegmmidb/S009/S009R02.edf,2,25,50.0,eyes_closed_rest,T0,ds005284,0,1.0,-249.85484125697755,True
eegmmidb,S009,data/eegmmidb/S009/S009R02.edf,2,26,52.0,eyes_closed_rest,T0,ds005284,0,1.0,-247.43923753403047,True
eegmmidb,S009,data/eegmmidb/S009/S009R02.edf,2,27,54.0,eyes_closed_rest,T0,ds005284,0,0.9514587143298746,-234.05139584942518,True
eegmmidb,S009,data/eegmmidb/S009/S009R02.edf,2,28,56.0,eyes_closed_rest,T0,ds005284,0,1.0,-231.42099380556428,True
eegmmidb,S009,data/eegmmidb/S009/S009R02.edf,2,29,58.0,eyes_closed_rest,T0,ds005284,0,0.9998984483009695,-215.44183613172078,True
eegmmidb,S009,data/eegmmidb/S009/S009R03.edf,2,0,0.0,motor_execution,T0,ds005284,1,1.0,-99.84936644249635,True
eegmmidb,S009,data/eegmmidb/S009/S009R03.edf,2,1,2.0,motor_execution,T0,ds005284,1,1.0,-139.00213124213434,True
eegmmidb,S009,data/eegmmidb/S009/S009R03.edf,2,2,4.0,motor_execution,T2,ds005284,0,1.0,-331.3253702911034,True
eegmmidb,S009,data/eegmmidb/S009/S009R03.edf,2,3,6.0,motor_execution,T2,ds005284,1,1.0,-159.1313739924982,True
eegmmidb,S009,data/eegmmidb/S009/S009R03.edf,2,4,10.0,motor_execution,T0,ds005284,1,1.0,-151.64283662393007,True
eegmmidb,S009,data/eegmmidb/S009/S009R03.edf,2,5,12.0,motor_execution,T1,ds005284,0,1.0,-388.65024955715427,True
eegmmidb,S009,data/eegmmidb/S009/S009R03.edf,2,6,14.0,motor_execution,T1,ds005284,1,1.0,-170.99950332800444,True
eegmmidb,S009,data/eegmmidb/S009/S009R03.edf,2,7,16.0,motor_execution,T0,ds005284,1,1.0,-283.76769164134254,True
eegmmidb,S009,data/eegmmidb/S009/S009R03.edf,2,8,20.0,motor_execution,T2,ds005284,1,1.0,-246.39573363378702,True
eegmmidb,S009,data/eegmmidb/S009/S009R03.edf,2,9,22.0,motor_execution,T2,ds005284,1,1.0,-186.3145681984672,True
eegmmidb,S009,data/eegmmidb/S009/S009R03.edf,2,10,24.0,motor_execution,T0,ds005284,1,1.0,-338.435017142467,True
eegmmidb,S009,data/eegmmidb/S009/S009R03.edf,2,11,28.0,motor_execution,T1,ds005284,1,1.0,-173.35528615716805,True
eegmmidb,S009,data/eegmmidb/S009/S009R03.edf,2,12,30.0,motor_execution,T1,ds005284,1,1.0,-158.71437304516854,True
eegmmidb,S009,data/eegmmidb/S009/S009R03.edf,2,13,32.0,motor_execution,T0,ds005284,0,1.0,-382.40908314361417,True
eegmmidb,S009,data/eegmmidb/S009/S009R03.edf,2,14,34.0,motor_execution,T0,ds005284,1,1.0,-228.4677975715951,True
eegmmidb,S009,data/eegmmidb/S009/S009R03.edf,2,15,38.0,motor_execution,T1,ds005284,1,1.0,-202.5279423611879,True
eegmmidb,S009,data/eegmmidb/S009/S009R03.edf,2,16,40.0,motor_execution,T0,ds005284,0,1.0,-381.47649118721864,True
eegmmidb,S009,data/eegmmidb/S009/S009R03.edf,2,17,42.0,motor_execution,T0,ds005284,1,1.0,-196.9331964067331,True
eegmmidb,S009,data/eegmmidb/S009/S009R03.edf,2,18,44.0,motor_execution,T0,ds005284,1,1.0,-300.46478315550377,True
eegmmidb,S009,data/eegmmidb/S009/S009R03.edf,2,19,48.0,motor_execution,T2,ds005284,1,1.0,-144.63740845496102,True
eegmmidb,S009,data/eegmmidb/S009/S009R03.edf,2,20,50.0,motor_execution,T0,ds005284,1,1.0,-183.9271946727514,True
eegmmidb,S009,data/eegmmidb/S009/S009R03.edf,2,21,52.0,motor_execution,T0,ds005284,1,1.0,-166.4679022102115,True
eegmmidb,S009,data/eegmmidb/S009/S009R03.edf,2,22,56.0,motor_execution,T1,ds005284,1,1.0,-146.29352365160958,True
eegmmidb,S009,data/eegmmidb/S009/S009R03.edf,2,23,58.0,motor_execution,T0,ds005284,1,1.0,-158.77649978219608,True
eegmmidb,S009,data/eegmmidb/S009/S009R03.edf,2,24,60.0,motor_execution,T0,ds005284,1,1.0,-223.0327184465154,True
eegmmidb,S009,data/eegmmidb/S009/S009R03.edf,2,25,62.0,motor_execution,T2,ds005284,1,1.0,-146.8002371522445,True
eegmmidb,S009,data/eegmmidb/S009/S009R03.edf,2,26,66.0,motor_execution,T0,ds005284,1,1.0,-265.8209760471043,True
eegmmidb,S009,data/eegmmidb/S009/S009R03.edf,2,27,68.0,motor_execution,T0,ds005284,1,1.0,-163.56670482427626,True
eegmmidb,S009,data/eegmmidb/S009/S009R03.edf,2,28,70.0,motor_execution,T2,ds005284,1,1.0,-344.6099203302055,True
eegmmidb,S009,data/eegmmidb/S009/S009R03.edf,2,29,74.0,motor_execution,T0,ds005284,1,1.0,-222.1691141556962,True
eegmmidb,S009,data/eegmmidb/S009/S009R03.edf,2,30,76.0,motor_execution,T0,ds005284,1,1.0,-331.00060968365614,True
eegmmidb,S009,data/eegmmidb/S009/S009R03.edf,2,31,78.0,motor_execution,T1,ds005284,1,1.0,-157.31527740509546,True
eegmmidb,S009,data/eegmmidb/S009/S009R03.edf,2,32,80.0,motor_execution,T1,ds005284,1,1.0,-196.26519636201579,True
eegmmidb,S009,data/eegmmidb/S009/S009R03.edf,2,33,84.0,motor_execution,T0,ds005284,1,1.0,-184.97976825151062,True
eegmmidb,S009,data/eegmmidb/S009/S009R03.edf,2,34,86.0,motor_execution,T2,ds005284,1,1.0,-242.4092320266302,True
eegmmidb,S009,data/eegmmidb/S009/S009R03.edf,2,35,88.0,motor_execution,T2,ds005284,1,1.0,-157.06680851672263,True
eegmmidb,S009,data/eegmmidb/S009/S009R03.edf,2,36,90.0,motor_execution,T0,ds005284,1,1.0,-201.4960812312384,True
eegmmidb,S009,data/eegmmidb/S009/S009R03.edf,2,37,94.0,motor_execution,T1,ds005284,1,1.0,-155.39687925393133,True
eegmmidb,S009,data/eegmmidb/S009/S009R03.edf,2,38,96.0,motor_execution,T1,ds005284,1,1.0,-156.4760441064285,True
eegmmidb,S009,data/eegmmidb/S009/S009R03.edf,2,39,98.0,motor_execution,T0,ds005284,1,1.0,-188.90036797718614,True
eegmmidb,S009,data/eegmmidb/S009/S009R03.edf,2,40,102.0,motor_execution,T2,ds005284,1,1.0,-132.49489651969753,True
eegmmidb,S009,data/eegmmidb/S009/S009R03.edf,2,41,104.0,motor_execution,T2,ds005284,1,1.0,-161.20239856644696,True
eegmmidb,S009,data/eegmmidb/S009/S009R03.edf,2,42,106.0,motor_execution,T0,ds005284,1,1.0,-270.9294729938792,True
eegmmidb,S009,data/eegmmidb/S009/S009R03.edf,2,43,108.0,motor_execution,T0,ds005284,1,1.0,-264.55483006335584,True
eegmmidb,S009,data/eegmmidb/S009/S009R03.edf,2,44,112.0,motor_execution,T1,ds005284,1,1.0,-196.87688846368297,True
eegmmidb,S009,data/eegmmidb/S009/S009R03.edf,2,45,114.0,motor_execution,T0,ds005284,1,1.0,-161.32434331802142,True
eegmmidb,S009,data/eegmmidb/S009/S009R03.edf,2,46,116.0,motor_execution,T0,ds005284,1,1.0,-156.60719393704915,True
eegmmidb,S009,data/eegmmidb/S009/S009R03.edf,2,47,120.0,motor_execution,T1,ds005284,1,1.0,-156.67148856296984,True
eegmmidb,S009,data/eegmmidb/S009/S009R04.edf,2,0,0.0,motor_imagery,T0,ds005284,1,1.0,-107.0826346292288,True
eegmmidb,S009,data/eegmmidb/S009/S009R04.edf,2,1,2.0,motor_imagery,T0,ds005284,1,1.0,-126.86083064332968,True
eegmmidb,S009,data/eegmmidb/S009/S009R04.edf,2,2,4.0,motor_imagery,T2,ds005284,0,1.0,-289.20146394000966,True
eegmmidb,S009,data/eegmmidb/S009/S009R04.edf,2,3,6.0,motor_imagery,T2,ds005284,1,1.0,-112.73161167923766,True
eegmmidb,S009,data/eegmmidb/S009/S009R04.edf,2,4,10.0,motor_imagery,T0,ds005284,0,1.0,-280.1655048904019,True
eegmmidb,S009,data/eegmmidb/S009/S009R04.edf,2,5,12.0,motor_imagery,T1,ds005284,1,1.0,-129.78501451491496,True
eegmmidb,S009,data/eegmmidb/S009/S009R04.edf,2,6,14.0,motor_imagery,T1,ds005284,1,1.0,-114.21985227409749,True
eegmmidb,S009,data/eegmmidb/S009/S009R04.edf,2,7,16.0,motor_imagery,T0,ds005284,1,1.0,-98.37076214405195,True
eegmmidb,S009,data/eegmmidb/S009/S009R04.edf,2,8,20.0,motor_imagery,T1,ds005284,1,1.0,-187.11738585856125,True
eegmmidb,S009,data/eegmmidb/S009/S009R04.edf,2,9,22.0,motor_imagery,T1,ds005284,1,1.0,-197.3902229485538,True
eegmmidb,S009,data/eegmmidb/S009/S009R04.edf,2,10,24.0,motor_imagery,T0,ds005284,1,1.0,-138.63499266854797,True
eegmmidb,S009,data/eegmmidb/S009/S009R04.edf,2,11,28.0,motor_imagery,T2,ds005284,1,1.0,-101.84944113095082,True
eegmmidb,S009,data/eegmmidb/S009/S009R04.edf,2,12,30.0,motor_imagery,T2,ds005284,0,1.0,-246.53133135771,True
eegmmidb,S009,data/eegmmidb/S009/S009R04.edf,2,13,32.0,motor_imagery,T0,ds005284,1,1.0,-117.7705513090294,True
eegmmidb,S009,data/eegmmidb/S009/S009R04.edf,2,14,34.0,motor_imagery,T0,ds005284,1,1.0,-155.74613444594343,True
eegmmidb,S009,data/eegmmidb/S009/S009R04.edf,2,15,38.0,motor_imagery,T1,ds005284,0,1.0,-254.5467952797757,True
eegmmidb,S009,data/eegmmidb/S009/S009R04.edf,2,16,40.0,motor_imagery,T0,ds005284,1,1.0,-162.78614489431158,True
eegmmidb,S009,data/eegmmidb/S009/S009R04.edf,2,17,42.0,motor_imagery,T0,ds005284,1,1.0,-142.05875983365638,True
eegmmidb,S009,data/eegmmidb/S009/S009R04.edf,2,18,44.0,motor_imagery,T0,ds005284,0,1.0,-273.0950710862425,True
eegmmidb,S009,data/eegmmidb/S009/S009R04.edf,2,19,48.0,motor_imagery,T2,ds005284,1,1.0,-112.19832756391807,True
eegmmidb,S009,data/eegmmidb/S009/S009R04.edf,2,20,50.0,motor_imagery,T0,ds005284,1,1.0,-135.66105029793306,True
eegmmidb,S009,data/eegmmidb/S009/S009R04.edf,2,21,52.0,motor_imagery,T0,ds005284,0,0.9999999999995737,-248.43667902068438,True
eegmmidb,S009,data/eegmmidb/S009/S009R04.edf,2,22,56.0,motor_imagery,T2,ds005284,1,1.0,-106.35991874266071,True
eegmmidb,S009,data/eegmmidb/S009/S009R04.edf,2,23,58.0,motor_imagery,T0,ds005284,1,1.0,-157.3128680853727,True
eegmmidb,S009,data/eegmmidb/S009/S009R04.edf,2,24,60.0,motor_imagery,T0,ds005284,1,1.0,-105.12126934741895,True
eegmmidb,S009,data/eegmmidb/S009/S009R04.edf,2,25,62.0,motor_imagery,T1,ds005284,0,1.0,-232.9201515890601,True
eegmmidb,S009,data/eegmmidb/S009/S009R04.edf,2,26,66.0,motor_imagery,T0,ds005284,1,1.0,-141.69414881169092,True
eegmmidb,S009,data/eegmmidb/S009/S009R04.edf,2,27,68.0,motor_imagery,T0,ds005284,1,1.0,-114.53686767829723,True
eegmmidb,S009,data/eegmmidb/S009/S009R04.edf,2,28,70.0,motor_imagery,T2,ds005284,0,0.9999999999999432,-264.7316382156004,True
eegmmidb,S009,data/eegmmidb/S009/S009R04.edf,2,29,74.0,motor_imagery,T0,ds005284,1,1.0,-113.02392152975634,True
eegmmidb,S009,data/eegmmidb/S009/S009R04.edf,2,30,76.0,motor_imagery,T0,ds005284,0,1.0,-238.2808957747769,True
eegmmidb,S009,data/eegmmidb/S009/S009R04.edf,2,31,78.0,motor_imagery,T1,ds005284,0,0.9999999999758415,-272.1430314295339,True
eegmmidb,S009,data/eegmmidb/S009/S009R04.edf,2,32,80.0,motor_imagery,T1,ds005284,1,1.0,-152.10721878727543,True
eegmmidb,S009,data/eegmmidb/S009/S009R04.edf,2,33,84.0,motor_imagery,T0,ds005284,1,1.0,-108.21803503297312,True
eegmmidb,S009,data/eegmmidb/S009/S009R04.edf,2,34,86.0,motor_imagery,T1,ds005284,1,1.0,-126.75267476759893,True
eegmmidb,S009,data/eegmmidb/S009/S009R04.edf,2,35,88.0,motor_imagery,T1,ds005284,0,1.0,-267.4805711025345,True
eegmmidb,S009,data/eegmmidb/S009/S009R04.edf,2,36,90.0,motor_imagery,T0,ds005284,1,1.0,-163.9964828959187,True
eegmmidb,S009,data/eegmmidb/S009/S009R04.edf,2,37,94.0,motor_imagery,T2,ds005284,0,0.999999999370516,-294.94395788201683,True
eegmmidb,S009,data/eegmmidb/S009/S009R04.edf,2,38,96.0,motor_imagery,T2,ds005284,0,1.0,-266.01192661562106,True
eegmmidb,S009,data/eegmmidb/S009/S009R04.edf,2,39,98.0,motor_imagery,T0,ds005284,1,1.0,-109.60350366023548,True
eegmmidb,S009,data/eegmmidb/S009/S009R04.edf,2,40,102.0,motor_imagery,T1,ds005284,1,1.0,-119.71807022030472,True
eegmmidb,S009,data/eegmmidb/S009/S009R04.edf,2,41,104.0,motor_imagery,T1,ds005284,0,0.9999999999293436,-296.6463414115429,True
eegmmidb,S009,data/eegmmidb/S009/S009R04.edf,2,42,106.0,motor_imagery,T0,ds005284,1,1.0,-135.02016112407205,True
eegmmidb,S009,data/eegmmidb/S009/S009R04.edf,2,43,108.0,motor_imagery,T0,ds005284,1,1.0,-129.71417298577626,True
eegmmidb,S009,data/eegmmidb/S009/S009R04.edf,2,44,112.0,motor_imagery,T2,ds005284,0,1.0,-266.9132429648769,True
eegmmidb,S009,data/eegmmidb/S009/S009R04.edf,2,45,114.0,motor_imagery,T0,ds005284,1,1.0,-123.26556285676162,True
eegmmidb,S009,data/eegmmidb/S009/S009R04.edf,2,46,116.0,motor_imagery,T0,ds005284,1,0.9999999999999432,-239.9275406271115,True
eegmmidb,S009,data/eegmmidb/S009/S009R04.edf,2,47,120.0,motor_imagery,T1,ds005284,1,1.0,-190.603634943997,True
eegmmidb,S009,data/eegmmidb/S009/S009R07.edf,2,0,0.0,motor_execution,T0,ds005284,1,1.0,-133.8395734827638,True
eegmmidb,S009,data/eegmmidb/S009/S009R07.edf,2,1,2.0,motor_execution,T0,ds005284,1,1.0,-125.81212138248998,True
eegmmidb,S009,data/eegmmidb/S009/S009R07.edf,2,2,4.0,motor_execution,T2,ds005284,1,1.0,-144.67158781202204,True
eegmmidb,S009,data/eegmmidb/S009/S009R07.edf,2,3,6.0,motor_execution,T2,ds005284,1,1.0,-142.38704369526448,True
eegmmidb,S009,data/eegmmidb/S009/S009R07.edf,2,4,10.0,motor_execution,T0,ds005284,0,1.0,-260.3262086683261,True
eegmmidb,S009,data/eegmmidb/S009/S009R07.edf,2,5,12.0,motor_execution,T1,ds005284,1,1.0,-110.50789520143093,True
eegmmidb,S009,data/eegmmidb/S009/S009R07.edf,2,6,14.0,motor_execution,T1,ds005284,1,1.0,-138.13261654938,True
eegmmidb,S009,data/eegmmidb/S009/S009R07.edf,2,7,16.0,motor_execution,T0,ds005284,1,1.0,-89.92298926897999,True
eegmmidb,S009,data/eegmmidb/S009/S009R07.edf,2,8,20.0,motor_execution,T2,ds005284,1,1.0,-115.67364040179913,True
eegmmidb,S009,data/eegmmidb/S009/S009R07.edf,2,9,22.0,motor_execution,T2,ds005284,1,1.0,-113.4386464062604,True
eegmmidb,S009,data/eegmmidb/S009/S009R07.edf,2,10,24.0,motor_execution,T0,ds005284,1,1.0,-159.08314439398333,True
eegmmidb,S009,data/eegmmidb/S009/S009R07.edf,2,11,28.0,motor_execution,T1,ds005284,1,1.0,-88.45776909046603,True
eegmmidb,S009,data/eegmmidb/S009/S009R07.edf,2,12,30.0,motor_execution,T1,ds005284,1,1.0,-113.17101126068641,True
eegmmidb,S009,data/eegmmidb/S009/S009R07.edf,2,13,32.0,motor_execution,T0,ds005284,1,1.0,-171.89138398143922,True
eegmmidb,S009,data/eegmmidb/S009/S009R07.edf,2,14,34.0,motor_execution,T0,ds005284,0,0.9999999999999716,-251.07038382671328,True
eegmmidb,S009,data/eegmmidb/S009/S009R07.edf,2,15,38.0,motor_execution,T1,ds005284,1,1.0,-102.21209354251212,True
eegmmidb,S009,data/eegmmidb/S009/S009R07.edf,2,16,40.0,motor_execution,T0,ds005284,1,1.0,-133.18637362751818,True
eegmmidb,S009,data/eegmmidb/S009/S009R07.edf,2,17,42.0,motor_execution,T0,ds005284,1,0.9158565088981091,-273.8187170113384,True
eegmmidb,S009,data/eegmmidb/S009/S009R07.edf,2,18,44.0,motor_execution,T0,ds005284,1,1.0,-125.70736026029095,True
eegmmidb,S009,data/eegmmidb/S009/S009R07.edf,2,19,48.0,motor_execution,T2,ds005284,0,0.9999999999734541,-296.91942332549513,True
eegmmidb,S009,data/eegmmidb/S009/S009R07.edf,2,20,50.0,motor_execution,T0,ds005284,1,1.0,-173.55595952059053,True
eegmmidb,S009,data/eegmmidb/S009/S009R07.edf,2,21,52.0,motor_execution,T0,ds005284,1,1.0,-227.48551239368652,True
eegmmidb,S009,data/eegmmidb/S009/S009R07.edf,2,22,56.0,motor_execution,T2,ds005284,1,1.0,-118.48610222653875,True
eegmmidb,S009,data/eegmmidb/S009/S009R07.edf,2,23,58.0,motor_execution,T0,ds005284,1,1.0,-168.72592615730832,True
eegmmidb,S009,data/eegmmidb/S009/S009R07.edf,2,24,60.0,motor_execution,T0,ds005284,1,1.0,-214.44799315276913,True
eegmmidb,S009,data/eegmmidb/S009/S009R07.edf,2,25,62.0,motor_execution,T1,ds005284,1,1.0,-131.7319346948929,True
eegmmidb,S009,data/eegmmidb/S009/S009R07.edf,2,26,66.0,motor_execution,T0,ds005284,1,1.0,-158.50883126815364,True
eegmmidb,S009,data/eegmmidb/S009/S009R07.edf,2,27,68.0,motor_execution,T0,ds005284,1,1.0,-79.7241568695157,True
eegmmidb,S009,data/eegmmidb/S009/S009R07.edf,2,28,70.0,motor_execution,T1,ds005284,1,1.0,-181.15521939038007,True
eegmmidb,S009,data/eegmmidb/S009/S009R07.edf,2,29,74.0,motor_execution,T0,ds005284,1,1.0,-95.36880489216307,True
eegmmidb,S009,data/eegmmidb/S009/S009R07.edf,2,30,76.0,motor_execution,T0,ds005284,1,0.9999999999997442,-171.6629716308327,True
eegmmidb,S009,data/eegmmidb/S009/S009R07.edf,2,31,78.0,motor_execution,T2,ds005284,1,1.0,-139.84962708811747,True
eegmmidb,S009,data/eegmmidb/S009/S009R07.edf,2,32,80.0,motor_execution,T2,ds005284,1,1.0,-151.80671736485652,True
eegmmidb,S009,data/eegmmidb/S009/S009R07.edf,2,33,84.0,motor_execution,T0,ds005284,1,1.0,-134.38632577403547,True
eegmmidb,S009,data/eegmmidb/S009/S009R07.edf,2,34,86.0,motor_execution,T2,ds005284,1,1.0,-92.3509675270648,True
eegmmidb,S009,data/eegmmidb/S009/S009R07.edf,2,35,88.0,motor_execution,T2,ds005284,0,1.0,-199.64337061550262,True
eegmmidb,S009,data/eegmmidb/S009/S009R07.edf,2,36,90.0,motor_execution,T0,ds005284,1,1.0,-82.53493217240896,True
eegmmidb,S009,data/eegmmidb/S009/S009R07.edf,2,37,94.0,motor_execution,T1,ds005284,1,1.0,-118.6348175499983,True
eegmmidb,S009,data/eegmmidb/S009/S009R07.edf,2,38,96.0,motor_execution,T1,ds005284,1,1.0,-115.74027326561577,True
eegmmidb,S009,data/eegmmidb/S009/S009R07.edf,2,39,98.0,motor_execution,T0,ds005284,1,1.0,-82.81618938834515,True
eegmmidb,S009,data/eegmmidb/S009/S009R07.edf,2,40,102.0,motor_execution,T1,ds005284,1,1.0,-95.23294587259863,True
eegmmidb,S009,data/eegmmidb/S009/S009R07.edf,2,41,104.0,motor_execution,T1,ds005284,1,1.0,-95.95914873063987,True
eegmmidb,S009,data/eegmmidb/S009/S009R07.edf,2,42,106.0,motor_execution,T0,ds005284,1,1.0,-113.13618400785862,True
eegmmidb,S009,data/eegmmidb/S009/S009R07.edf,2,43,108.0,motor_execution,T0,ds005284,0,0.9999999975313187,-209.22261456642127,True
eegmmidb,S009,data/eegmmidb/S009/S009R07.edf,2,44,112.0,motor_execution,T2,ds005284,1,1.0,-96.70780924691002,True
eegmmidb,S009,data/eegmmidb/S009/S009R07.edf,2,45,114.0,motor_execution,T0,ds005284,1,1.0,-143.49589478480073,True
eegmmidb,S009,data/eegmmidb/S009/S009R07.edf,2,46,116.0,motor_execution,T0,ds005284,1,1.0,-91.4737678955438,True
eegmmidb,S009,data/eegmmidb/S009/S009R07.edf,2,47,120.0,motor_execution,T1,ds005284,1,1.0,-78.71249379503453,True
eegmmidb,S009,data/eegmmidb/S009/S009R08.edf,2,0,0.0,motor_imagery,T0,ds005284,1,1.0,-285.66724502227265,True
eegmmidb,S009,data/eegmmidb/S009/S009R08.edf,2,1,2.0,motor_imagery,T0,ds005284,0,0.999999999960238,-245.69550239414355,True
eegmmidb,S009,data/eegmmidb/S009/S009R08.edf,2,2,4.0,motor_imagery,T2,ds005284,1,1.0,-111.80228813025593,True
eegmmidb,S009,data/eegmmidb/S009/S009R08.edf,2,3,6.0,motor_imagery,T2,ds005284,0,1.0,-341.5570666974665,True
eegmmidb,S009,data/eegmmidb/S009/S009R08.edf,2,4,10.0,motor_imagery,T0,ds005284,1,1.0,-116.46995392062627,True
eegmmidb,S009,data/eegmmidb/S009/S009R08.edf,2,5,12.0,motor_imagery,T1,ds005284,1,1.0,-120.86647119394632,True
eegmmidb,S009,data/eegmmidb/S009/S009R08.edf,2,6,14.0,motor_imagery,T1,ds005284,1,1.0,-93.87338459775631,True
eegmmidb,S009,data/eegmmidb/S009/S009R08.edf,2,7,16.0,motor_imagery,T0,ds005284,1,1.0,-87.43826280329822,True
eegmmidb,S009,data/eegmmidb/S009/S009R08.edf,2,8,20.0,motor_imagery,T1,ds005284,1,1.0,-110.24253030152053,True
eegmmidb,S009,data/eegmmidb/S009/S009R08.edf,2,9,22.0,motor_imagery,T1,ds005284,0,1.0,-261.17420634610613,True
eegmmidb,S009,data/eegmmidb/S009/S009R08.edf,2,10,24.0,motor_imagery,T0,ds005284,1,1.0,-100.90544724905692,True
eegmmidb,S009,data/eegmmidb/S009/S009R08.edf,2,11,28.0,motor_imagery,T2,ds005284,1,1.0,-111.4578331926987,True
eegmmidb,S009,data/eegmmidb/S009/S009R08.edf,2,12,30.0,motor_imagery,T2,ds005284,0,1.0,-249.26965357196153,True
eegmmidb,S009,data/eegmmidb/S009/S009R08.edf,2,13,32.0,motor_imagery,T0,ds005284,1,1.0,-137.41883104681824,True
eegmmidb,S009,data/eegmmidb/S009/S009R08.edf,2,14,34.0,motor_imagery,T0,ds005284,1,1.0,-147.34433352163273,True
eegmmidb,S009,data/eegmmidb/S009/S009R08.edf,2,15,38.0,motor_imagery,T2,ds005284,0,1.0,-237.31438111886646,True
eegmmidb,S009,data/eegmmidb/S009/S009R08.edf,2,16,40.0,motor_imagery,T0,ds005284,1,1.0,-102.4634270379008,True
eegmmidb,S009,data/eegmmidb/S009/S009R08.edf,2,17,42.0,motor_imagery,T0,ds005284,1,0.9999984851386151,-235.83146493692126,True
eegmmidb,S009,data/eegmmidb/S009/S009R08.edf,2,18,44.0,motor_imagery,T0,ds005284,1,1.0,-148.72859720514708,True
eegmmidb,S009,data/eegmmidb/S009/S009R08.edf,2,19,48.0,motor_imagery,T1,ds005284,1,1.0,-266.4732503653729,True
eegmmidb,S009,data/eegmmidb/S009/S009R08.edf,2,20,50.0,motor_imagery,T0,ds005284,0,1.0,-275.32764450449,True
eegmmidb,S009,data/eegmmidb/S009/S009R08.edf,2,21,52.0,motor_imagery,T0,ds005284,1,1.0,-226.1848762176288,True
eegmmidb,S009,data/eegmmidb/S009/S009R08.edf,2,22,56.0,motor_imagery,T2,ds005284,1,1.0,-146.48587531589982,True
eegmmidb,S009,data/eegmmidb/S009/S009R08.edf,2,23,58.0,motor_imagery,T0,ds005284,0,0.9999986445176126,-241.77002529531887,True
eegmmidb,S009,data/eegmmidb/S009/S009R08.edf,2,24,60.0,motor_imagery,T0,ds005284,0,0.974836818813855,-300.9623356147134,True
eegmmidb,S009,data/eegmmidb/S009/S009R08.edf,2,25,62.0,motor_imagery,T1,ds005284,1,0.9986035106221262,-256.45832148736787,True
eegmmidb,S009,data/eegmmidb/S009/S009R08.edf,2,26,66.0,motor_imagery,T0,ds005284,1,1.0,-232.2041947812877,True
eegmmidb,S009,data/eegmmidb/S009/S009R08.edf,2,27,68.0,motor_imagery,T0,ds005284,0,0.9999999978460039,-229.11042177730337,True
eegmmidb,S009,data/eegmmidb/S009/S009R08.edf,2,28,70.0,motor_imagery,T2,ds005284,1,1.0,-233.45250706118247,True
eegmmidb,S009,data/eegmmidb/S009/S009R08.edf,2,29,74.0,motor_imagery,T0,ds005284,1,1.0,-107.02532474911376,True
eegmmidb,S009,data/eegmmidb/S009/S009R08.edf,2,30,76.0,motor_imagery,T0,ds005284,0,1.0,-240.03434149280255,True
eegmmidb,S009,data/eegmmidb/S009/S009R08.edf,2,31,78.0,motor_imagery,T1,ds005284,1,1.0,-228.14104067076903,True
eegmmidb,S009,data/eegmmidb/S009/S009R08.edf,2,32,80.0,motor_imagery,T1,ds005284,0,1.0,-260.5524674414432,True
eegmmidb,S009,data/eegmmidb/S009/S009R08.edf,2,33,84.0,motor_imagery,T0,ds005284,0,1.0,-234.96744607249346,True
eegmmidb,S009,data/eegmmidb/S009/S009R08.edf,2,34,86.0,motor_imagery,T2,ds005284,1,1.0,-129.77865543681355,True
eegmmidb,S009,data/eegmmidb/S009/S009R08.edf,2,35,88.0,motor_imagery,T2,ds005284,1,1.0,-205.71928557871763,True
eegmmidb,S009,data/eegmmidb/S009/S009R08.edf,2,36,90.0,motor_imagery,T0,ds005284,0,1.0,-264.72393440683084,True
eegmmidb,S009,data/eegmmidb/S009/S009R08.edf,2,37,94.0,motor_imagery,T1,ds005284,1,1.0,-128.2826941923787,True
eegmmidb,S009,data/eegmmidb/S009/S009R08.edf,2,38,96.0,motor_imagery,T1,ds005284,1,0.9987280483681659,-250.83164510812054,True
eegmmidb,S009,data/eegmmidb/S009/S009R08.edf,2,39,98.0,motor_imagery,T0,ds005284,1,0.9999998740567627,-227.05186402226173,True
eegmmidb,S009,data/eegmmidb/S009/S009R08.edf,2,40,102.0,motor_imagery,T1,ds005284,1,1.0,-116.53442327464572,True
eegmmidb,S009,data/eegmmidb/S009/S009R08.edf,2,41,104.0,motor_imagery,T1,ds005284,1,1.0,-187.6679586115544,True
eegmmidb,S009,data/eegmmidb/S009/S009R08.edf,2,42,106.0,motor_imagery,T0,ds005284,0,1.0,-249.9749395775144,True
eegmmidb,S009,data/eegmmidb/S009/S009R08.edf,2,43,108.0,motor_imagery,T0,ds005284,0,0.8861187324440738,-237.64930158438526,True
eegmmidb,S009,data/eegmmidb/S009/S009R08.edf,2,44,112.0,motor_imagery,T2,ds005284,0,1.0,-270.46256837511095,True
eegmmidb,S009,data/eegmmidb/S009/S009R08.edf,2,45,114.0,motor_imagery,T0,ds005284,1,1.0,-125.40198105811007,True
eegmmidb,S009,data/eegmmidb/S009/S009R08.edf,2,46,116.0,motor_imagery,T0,ds005284,1,1.0,-154.17141868565363,True
eegmmidb,S009,data/eegmmidb/S009/S009R08.edf,2,47,120.0,motor_imagery,T1,ds005284,1,1.0,-128.51989355883578,True
eegmmidb,S009,data/eegmmidb/S009/S009R11.edf,2,0,0.0,motor_execution,T0,ds005284,1,1.0,-98.33332967245892,True
eegmmidb,S009,data/eegmmidb/S009/S009R11.edf,2,1,2.0,motor_execution,T0,ds005284,1,1.0,-74.29081233471854,True
eegmmidb,S009,data/eegmmidb/S009/S009R11.edf,2,2,4.0,motor_execution,T2,ds005284,1,1.0,-95.15302666545537,True
eegmmidb,S009,data/eegmmidb/S009/S009R11.edf,2,3,6.0,motor_execution,T2,ds005284,1,1.0,-80.1410270140166,True
eegmmidb,S009,data/eegmmidb/S009/S009R11.edf,2,4,10.0,motor_execution,T0,ds005284,1,1.0,-67.33259035836869,True
eegmmidb,S009,data/eegmmidb/S009/S009R11.edf,2,5,12.0,motor_execution,T1,ds005284,1,1.0,-105.82159800373125,True
eegmmidb,S009,data/eegmmidb/S009/S009R11.edf,2,6,14.0,motor_execution,T1,ds005284,1,1.0,-105.65614076706106,True
eegmmidb,S009,data/eegmmidb/S009/S009R11.edf,2,7,16.0,motor_execution,T0,ds005284,1,1.0,-112.07829054143875,True
eegmmidb,S009,data/eegmmidb/S009/S009R11.edf,2,8,20.0,motor_execution,T2,ds005284,1,1.0,-98.05487683984683,True
eegmmidb,S009,data/eegmmidb/S009/S009R11.edf,2,9,22.0,motor_execution,T2,ds005284,1,1.0,-108.91763335424153,True
eegmmidb,S009,data/eegmmidb/S009/S009R11.edf,2,10,24.0,motor_execution,T0,ds005284,1,1.0,-79.61490470984725,True
eegmmidb,S009,data/eegmmidb/S009/S009R11.edf,2,11,28.0,motor_execution,T1,ds005284,1,1.0,-62.626591359344495,True
eegmmidb,S009,data/eegmmidb/S009/S009R11.edf,2,12,30.0,motor_execution,T1,ds005284,1,1.0,-83.33996621543147,True
eegmmidb,S009,data/eegmmidb/S009/S009R11.edf,2,13,32.0,motor_execution,T0,ds005284,1,1.0,-159.29664021007562,True
eegmmidb,S009,data/eegmmidb/S009/S009R11.edf,2,14,34.0,motor_execution,T0,ds005284,1,1.0,-146.95692981456438,True
eegmmidb,S009,data/eegmmidb/S009/S009R11.edf,2,15,38.0,motor_execution,T1,ds005284,1,1.0,-124.42236926781777,True
eegmmidb,S009,data/eegmmidb/S009/S009R11.edf,2,16,40.0,motor_execution,T0,ds005284,1,1.0,-64.75412917857128,True
eegmmidb,S009,data/eegmmidb/S009/S009R11.edf,2,17,42.0,motor_execution,T0,ds005284,1,1.0,-78.82940476858539,True
eegmmidb,S009,data/eegmmidb/S009/S009R11.edf,2,18,44.0,motor_execution,T0,ds005284,1,1.0,-123.2104571881477,True
eegmmidb,S009,data/eegmmidb/S009/S009R11.edf,2,19,48.0,motor_execution,T2,ds005284,1,1.0,-117.42189103918216,True
eegmmidb,S009,data/eegmmidb/S009/S009R11.edf,2,20,50.0,motor_execution,T0,ds005284,1,1.0,-80.62624098126372,True
eegmmidb,S009,data/eegmmidb/S009/S009R11.edf,2,21,52.0,motor_execution,T0,ds005284,1,1.0,-113.73411814120536,True
eegmmidb,S009,data/eegmmidb/S009/S009R11.edf,2,22,56.0,motor_execution,T1,ds005284,1,1.0,-66.6269082828677,True
eegmmidb,S009,data/eegmmidb/S009/S009R11.edf,2,23,58.0,motor_execution,T0,ds005284,1,1.0,-118.64323873548008,True
eegmmidb,S009,data/eegmmidb/S009/S009R11.edf,2,24,60.0,motor_execution,T0,ds005284,1,1.0,-85.02881924337132,True
eegmmidb,S009,data/eegmmidb/S009/S009R11.edf,2,25,62.0,motor_execution,T2,ds005284,1,1.0,-120.82785907028872,True
eegmmidb,S009,data/eegmmidb/S009/S009R11.edf,2,26,66.0,motor_execution,T0,ds005284,1,1.0,-71.59300321516218,True
eegmmidb,S009,data/eegmmidb/S009/S009R11.edf,2,27,68.0,motor_execution,T0,ds005284,1,0.9999999996086331,-156.39889487635384,True
eegmmidb,S009,data/eegmmidb/S009/S009R11.edf,2,28,70.0,motor_execution,T1,ds005284,1,1.0,-95.09715418778862,True
eegmmidb,S009,data/eegmmidb/S009/S009R11.edf,2,29,74.0,motor_execution,T0,ds005284,1,0.9999999999376428,-161.45549149640806,True
eegmmidb,S009,data/eegmmidb/S009/S009R11.edf,2,30,76.0,motor_execution,T0,ds005284,1,0.9999051862909143,-167.3612149693146,True
eegmmidb,S009,data/eegmmidb/S009/S009R11.edf,2,31,78.0,motor_execution,T2,ds005284,1,1.0,-107.4126716034896,True
eegmmidb,S009,data/eegmmidb/S009/S009R11.edf,2,32,80.0,motor_execution,T2,ds005284,1,1.0,-99.86444948048796,True
eegmmidb,S009,data/eegmmidb/S009/S009R11.edf,2,33,84.0,motor_execution,T0,ds005284,0,0.9999582499823464,-172.31046149665036,True
eegmmidb,S009,data/eegmmidb/S009/S009R11.edf,2,34,86.0,motor_execution,T1,ds005284,1,1.0,-93.29824361736047,True
eegmmidb,S009,data/eegmmidb/S009/S009R11.edf,2,35,88.0,motor_execution,T1,ds005284,0,0.9999999470469746,-165.83685205193052,True
eegmmidb,S009,data/eegmmidb/S009/S009R11.edf,2,36,90.0,motor_execution,T0,ds005284,1,1.0,-113.17983479260525,True
eegmmidb,S009,data/eegmmidb/S009/S009R11.edf,2,37,94.0,motor_execution,T2,ds005284,1,1.0,-94.82906239468718,True
eegmmidb,S009,data/eegmmidb/S009/S009R11.edf,2,38,96.0,motor_execution,T2,ds005284,0,0.9999999989880735,-158.98120021258282,True
eegmmidb,S009,data/eegmmidb/S009/S009R11.edf,2,39,98.0,motor_execution,T0,ds005284,0,0.9981483143743827,-158.85972964119523,True
eegmmidb,S009,data/eegmmidb/S009/S009R11.edf,2,40,102.0,motor_execution,T1,ds005284,0,0.5276178362404788,-141.87810214823494,True
eegmmidb,S009,data/eegmmidb/S009/S009R11.edf,2,41,104.0,motor_execution,T1,ds005284,0,0.9999510253182273,-156.57299763482865,True
eegmmidb,S009,data/eegmmidb/S009/S009R11.edf,2,42,106.0,motor_execution,T0,ds005284,1,1.0,-83.32360356375207,True
eegmmidb,S009,data/eegmmidb/S009/S009R11.edf,2,43,108.0,motor_execution,T0,ds005284,0,0.9999999959385093,-166.46408946758868,True
eegmmidb,S009,data/eegmmidb/S009/S009R11.edf,2,44,112.0,motor_execution,T2,ds005284,1,1.0,-69.27673882446945,True
eegmmidb,S009,data/eegmmidb/S009/S009R11.edf,2,45,114.0,motor_execution,T0,ds005284,1,1.0,-122.00366141814021,True
eegmmidb,S009,data/eegmmidb/S009/S009R11.edf,2,46,116.0,motor_execution,T0,ds005284,0,0.9954233457361172,-171.9315222329687,True
eegmmidb,S009,data/eegmmidb/S009/S009R11.edf,2,47,120.0,motor_execution,T2,ds005284,1,1.0,-113.16283330407987,True
eegmmidb,S009,data/eegmmidb/S009/S009R12.edf,2,0,0.0,motor_imagery,T0,ds005284,1,1.0,-92.09423773744038,True
eegmmidb,S009,data/eegmmidb/S009/S009R12.edf,2,1,2.0,motor_imagery,T0,ds005284,1,1.0,-122.32176219539502,True
eegmmidb,S009,data/eegmmidb/S009/S009R12.edf,2,2,4.0,motor_imagery,T2,ds005284,0,1.0,-252.1660568724317,True
eegmmidb,S009,data/eegmmidb/S009/S009R12.edf,2,3,6.0,motor_imagery,T2,ds005284,0,1.0,-193.85270495090086,True
eegmmidb,S009,data/eegmmidb/S009/S009R12.edf,2,4,10.0,motor_imagery,T0,ds005284,1,1.0,-132.67357414402053,True
eegmmidb,S009,data/eegmmidb/S009/S009R12.edf,2,5,12.0,motor_imagery,T1,ds005284,1,1.0,-69.74560962443505,True
eegmmidb,S009,data/eegmmidb/S009/S009R12.edf,2,6,14.0,motor_imagery,T1,ds005284,1,1.0,-102.14937219616837,True
eegmmidb,S009,data/eegmmidb/S009/S009R12.edf,2,7,16.0,motor_imagery,T0,ds005284,1,1.0,-69.49245494793726,True
eegmmidb,S009,data/eegmmidb/S009/S009R12.edf,2,8,20.0,motor_imagery,T1,ds005284,1,0.999997577250831,-124.14049976434673,True
eegmmidb,S009,data/eegmmidb/S009/S009R12.edf,2,9,22.0,motor_imagery,T1,ds005284,1,1.0,-67.7116085224111,True
eegmmidb,S009,data/eegmmidb/S009/S009R12.edf,2,10,24.0,motor_imagery,T0,ds005284,1,1.0,-88.08847047283976,True
eegmmidb,S009,data/eegmmidb/S009/S009R12.edf,2,11,28.0,motor_imagery,T2,ds005284,0,0.6352917106606066,-162.28243769470924,True
eegmmidb,S009,data/eegmmidb/S009/S009R12.edf,2,12,30.0,motor_imagery,T2,ds005284,1,1.0,-116.43693536191395,True
eegmmidb,S009,data/eegmmidb/S009/S009R12.edf,2,13,32.0,motor_imagery,T0,ds005284,1,1.0,-82.38864113583725,True
eegmmidb,S009,data/eegmmidb/S009/S009R12.edf,2,14,34.0,motor_imagery,T0,ds005284,1,1.0,-99.73733677049901,True
eegmmidb,S009,data/eegmmidb/S009/S009R12.edf,2,15,38.0,motor_imagery,T1,ds005284,0,0.9999667201894505,-213.2602830997662,True
eegmmidb,S009,data/eegmmidb/S009/S009R12.edf,2,16,40.0,motor_imagery,T0,ds005284,1,1.0,-117.41237099157175,True
eegmmidb,S009,data/eegmmidb/S009/S009R12.edf,2,17,42.0,motor_imagery,T0,ds005284,0,0.9891351820921481,-162.0550399397065,True
eegmmidb,S009,data/eegmmidb/S009/S009R12.edf,2,18,44.0,motor_imagery,T0,ds005284,1,1.0,-125.86216272397849,True
eegmmidb,S009,data/eegmmidb/S009/S009R12.edf,2,19,48.0,motor_imagery,T2,ds005284,1,0.9999999999241993,-132.36038951258863,True
eegmmidb,S009,data/eegmmidb/S009/S009R12.edf,2,20,50.0,motor_imagery,T0,ds005284,1,1.0,-144.16599215745993,True
eegmmidb,S009,data/eegmmidb/S009/S009R12.edf,2,21,52.0,motor_imagery,T0,ds005284,0,1.0,-151.47737812711173,True
eegmmidb,S009,data/eegmmidb/S009/S009R12.edf,2,22,56.0,motor_imagery,T2,ds005284,1,1.0,-77.01510862803627,True
eegmmidb,S009,data/eegmmidb/S009/S009R12.edf,2,23,58.0,motor_imagery,T0,ds005284,1,1.0,-140.51458092011126,True
eegmmidb,S009,data/eegmmidb/S009/S009R12.edf,2,24,60.0,motor_imagery,T0,ds005284,1,1.0,-123.21620655229145,True
eegmmidb,S009,data/eegmmidb/S009/S009R12.edf,2,25,62.0,motor_imagery,T1,ds005284,1,1.0,-145.71105660824844,True
eegmmidb,S009,data/eegmmidb/S009/S009R12.edf,2,26,66.0,motor_imagery,T0,ds005284,1,1.0,-140.82347017416078,True
eegmmidb,S009,data/eegmmidb/S009/S009R12.edf,2,27,68.0,motor_imagery,T0,ds005284,1,1.0,-78.10734973711178,True
eegmmidb,S009,data/eegmmidb/S009/S009R12.edf,2,28,70.0,motor_imagery,T1,ds005284,1,1.0,-94.13389603978061,True
eegmmidb,S009,data/eegmmidb/S009/S009R12.edf,2,29,74.0,motor_imagery,T0,ds005284,1,1.0,-112.22927955799344,True
eegmmidb,S009,data/eegmmidb/S009/S009R12.edf,2,30,76.0,motor_imagery,T0,ds005284,1,1.0,-106.84947824885978,True
eegmmidb,S009,data/eegmmidb/S009/S009R12.edf,2,31,78.0,motor_imagery,T2,ds005284,1,1.0,-107.63287492342076,True
eegmmidb,S009,data/eegmmidb/S009/S009R12.edf,2,32,80.0,motor_imagery,T2,ds005284,1,1.0,-82.86399762009123,True
eegmmidb,S009,data/eegmmidb/S009/S009R12.edf,2,33,84.0,motor_imagery,T0,ds005284,0,1.0,-181.93292897852862,True
eegmmidb,S009,data/eegmmidb/S009/S009R12.edf,2,34,86.0,motor_imagery,T1,ds005284,1,1.0,-144.1276613091067,True
eegmmidb,S009,data/eegmmidb/S009/S009R12.edf,2,35,88.0,motor_imagery,T1,ds005284,1,1.0,-102.02273732487453,True
eegmmidb,S009,data/eegmmidb/S009/S009R12.edf,2,36,90.0,motor_imagery,T0,ds005284,0,1.0,-183.09530170751472,True
eegmmidb,S009,data/eegmmidb/S009/S009R12.edf,2,37,94.0,motor_imagery,T2,ds005284,1,1.0,-85.51059655275591,True
eegmmidb,S009,data/eegmmidb/S009/S009R12.edf,2,38,96.0,motor_imagery,T2,ds005284,1,1.0,-166.405365112075,True
eegmmidb,S009,data/eegmmidb/S009/S009R12.edf,2,39,98.0,motor_imagery,T0,ds005284,1,1.0,-83.44089698513116,True
eegmmidb,S009,data/eegmmidb/S009/S009R12.edf,2,40,102.0,motor_imagery,T1,ds005284,1,0.999994275704593,-190.74238527673288,True
eegmmidb,S009,data/eegmmidb/S009/S009R12.edf,2,41,104.0,motor_imagery,T1,ds005284,1,1.0,-120.15680346272194,True
eegmmidb,S009,data/eegmmidb/S009/S009R12.edf,2,42,106.0,motor_imagery,T0,ds005284,0,1.0,-194.49700153639256,True
eegmmidb,S009,data/eegmmidb/S009/S009R12.edf,2,43,108.0,motor_imagery,T0,ds005284,1,1.0,-212.3510192836253,True
eegmmidb,S009,data/eegmmidb/S009/S009R12.edf,2,44,112.0,motor_imagery,T2,ds005284,1,1.0,-150.52957372719686,True
eegmmidb,S009,data/eegmmidb/S009/S009R12.edf,2,45,114.0,motor_imagery,T0,ds005284,1,1.0,-103.86047040860944,True
eegmmidb,S009,data/eegmmidb/S009/S009R12.edf,2,46,116.0,motor_imagery,T0,ds005284,1,1.0,-103.67970698648517,True
eegmmidb,S009,data/eegmmidb/S009/S009R12.edf,2,47,120.0,motor_imagery,T1,ds005284,1,1.0,-91.56459467351917,True
eegmmidb,S010,data/eegmmidb/S010/S010R01.edf,2,0,0.0,eyes_open_rest,T0,ds005284,1,1.0,-50.66197877090925,True
eegmmidb,S010,data/eegmmidb/S010/S010R01.edf,2,1,2.0,eyes_open_rest,T0,ds005284,1,1.0,-50.64648857426832,True
eegmmidb,S010,data/eegmmidb/S010/S010R01.edf,2,2,4.0,eyes_open_rest,T0,ds005284,1,1.0,-46.72729033376583,True
eegmmidb,S010,data/eegmmidb/S010/S010R01.edf,2,3,6.0,eyes_open_rest,T0,ds005284,1,1.0,-40.235045955256375,True
eegmmidb,S010,data/eegmmidb/S010/S010R01.edf,2,4,8.0,eyes_open_rest,T0,ds005284,1,1.0,-56.0209188412235,True
eegmmidb,S010,data/eegmmidb/S010/S010R01.edf,2,5,10.0,eyes_open_rest,T0,ds005284,1,1.0,-50.412340245468776,True
eegmmidb,S010,data/eegmmidb/S010/S010R01.edf,2,6,12.0,eyes_open_rest,T0,ds005284,1,1.0,-48.11119819902969,True
eegmmidb,S010,data/eegmmidb/S010/S010R01.edf,2,7,14.0,eyes_open_rest,T0,ds005284,1,1.0,-45.147226315576496,True
eegmmidb,S010,data/eegmmidb/S010/S010R01.edf,2,8,16.0,eyes_open_rest,T0,ds005284,1,1.0,-43.124678771936495,True
eegmmidb,S010,data/eegmmidb/S010/S010R01.edf,2,9,18.0,eyes_open_rest,T0,ds005284,1,1.0,-51.10802150252192,True
eegmmidb,S010,data/eegmmidb/S010/S010R01.edf,2,10,20.0,eyes_open_rest,T0,ds005284,1,1.0,-41.78553652604658,True
eegmmidb,S010,data/eegmmidb/S010/S010R01.edf,2,11,22.0,eyes_open_rest,T0,ds005284,1,1.0,-41.206408158639505,True
eegmmidb,S010,data/eegmmidb/S010/S010R01.edf,2,12,24.0,eyes_open_rest,T0,ds005284,1,1.0,-46.93893347328503,True
eegmmidb,S010,data/eegmmidb/S010/S010R01.edf,2,13,26.0,eyes_open_rest,T0,ds005284,1,1.0,-44.53507666505402,True
eegmmidb,S010,data/eegmmidb/S010/S010R01.edf,2,14,28.0,eyes_open_rest,T0,ds005284,1,1.0,-48.10149115613195,True
eegmmidb,S010,data/eegmmidb/S010/S010R01.edf,2,15,30.0,eyes_open_rest,T0,ds005284,1,1.0,-43.56941729430579,True
eegmmidb,S010,data/eegmmidb/S010/S010R01.edf,2,16,32.0,eyes_open_rest,T0,ds005284,1,1.0,-183.84545791638385,True
eegmmidb,S010,data/eegmmidb/S010/S010R01.edf,2,17,34.0,eyes_open_rest,T0,ds005284,1,1.0,-45.35433121598879,True
eegmmidb,S010,data/eegmmidb/S010/S010R01.edf,2,18,36.0,eyes_open_rest,T0,ds005284,1,1.0,-45.97114454241715,True
eegmmidb,S010,data/eegmmidb/S010/S010R01.edf,2,19,38.0,eyes_open_rest,T0,ds005284,1,1.0,-45.577683231894646,True
eegmmidb,S010,data/eegmmidb/S010/S010R01.edf,2,20,40.0,eyes_open_rest,T0,ds005284,1,1.0,-39.25000905941553,True
eegmmidb,S010,data/eegmmidb/S010/S010R01.edf,2,21,42.0,eyes_open_rest,T0,ds005284,1,1.0,-42.92389035567523,True
eegmmidb,S010,data/eegmmidb/S010/S010R01.edf,2,22,44.0,eyes_open_rest,T0,ds005284,1,1.0,-45.3045005718992,True
eegmmidb,S010,data/eegmmidb/S010/S010R01.edf,2,23,46.0,eyes_open_rest,T0,ds005284,1,1.0,-43.97659370053851,True
eegmmidb,S010,data/eegmmidb/S010/S010R01.edf,2,24,48.0,eyes_open_rest,T0,ds005284,1,1.0,-39.71521442788009,True
eegmmidb,S010,data/eegmmidb/S010/S010R01.edf,2,25,50.0,eyes_open_rest,T0,ds005284,1,1.0,-40.060589159220065,True
eegmmidb,S010,data/eegmmidb/S010/S010R01.edf,2,26,52.0,eyes_open_rest,T0,ds005284,1,1.0,-50.857673551873894,True
eegmmidb,S010,data/eegmmidb/S010/S010R01.edf,2,27,54.0,eyes_open_rest,T0,ds005284,1,1.0,-46.62974755535636,True
eegmmidb,S010,data/eegmmidb/S010/S010R01.edf,2,28,56.0,eyes_open_rest,T0,ds005284,1,1.0,-58.61482123184337,True
eegmmidb,S010,data/eegmmidb/S010/S010R01.edf,2,29,58.0,eyes_open_rest,T0,ds005284,1,1.0,-40.27160448281595,True
eegmmidb,S010,data/eegmmidb/S010/S010R02.edf,2,0,0.0,eyes_closed_rest,T0,ds005284,1,1.0,-51.73416813742188,True
eegmmidb,S010,data/eegmmidb/S010/S010R02.edf,2,1,2.0,eyes_closed_rest,T0,ds005284,1,1.0,-44.72483279986988,True
eegmmidb,S010,data/eegmmidb/S010/S010R02.edf,2,2,4.0,eyes_closed_rest,T0,ds005284,1,1.0,-89.46225520905264,True
eegmmidb,S010,data/eegmmidb/S010/S010R02.edf,2,3,6.0,eyes_closed_rest,T0,ds005284,1,1.0,-45.76457942504854,True
eegmmidb,S010,data/eegmmidb/S010/S010R02.edf,2,4,8.0,eyes_closed_rest,T0,ds005284,1,1.0,-44.7244932901112,True
eegmmidb,S010,data/eegmmidb/S010/S010R02.edf,2,5,10.0,eyes_closed_rest,T0,ds005284,1,1.0,-46.26414609732074,True
eegmmidb,S010,data/eegmmidb/S010/S010R02.edf,2,6,12.0,eyes_closed_rest,T0,ds005284,1,1.0,-33.01020903116963,False
eegmmidb,S010,data/eegmmidb/S010/S010R02.edf,2,7,14.0,eyes_closed_rest,T0,ds005284,1,1.0,-38.350840564856554,True
eegmmidb,S010,data/eegmmidb/S010/S010R02.edf,2,8,16.0,eyes_closed_rest,T0,ds005284,1,1.0,-46.30708608111354,True
eegmmidb,S010,data/eegmmidb/S010/S010R02.edf,2,9,18.0,eyes_closed_rest,T0,ds005284,1,1.0,-102.28325353989302,True
eegmmidb,S010,data/eegmmidb/S010/S010R02.edf,2,10,20.0,eyes_closed_rest,T0,ds005284,1,1.0,-83.04434892226624,True
eegmmidb,S010,data/eegmmidb/S010/S010R02.edf,2,11,22.0,eyes_closed_rest,T0,ds005284,1,1.0,-134.41154339469003,True
eegmmidb,S010,data/eegmmidb/S010/S010R02.edf,2,12,24.0,eyes_closed_rest,T0,ds005284,1,1.0,-148.6430959765393,True
eegmmidb,S010,data/eegmmidb/S010/S010R02.edf,2,13,26.0,eyes_closed_rest,T0,ds005284,1,1.0,-166.92108172323753,True
eegmmidb,S010,data/eegmmidb/S010/S010R02.edf,2,14,28.0,eyes_closed_rest,T0,ds005284,1,1.0,-86.79332030165358,True
eegmmidb,S010,data/eegmmidb/S010/S010R02.edf,2,15,30.0,eyes_closed_rest,T0,ds005284,1,1.0,-140.481131411366,True
eegmmidb,S010,data/eegmmidb/S010/S010R02.edf,2,16,32.0,eyes_closed_rest,T0,ds005284,1,1.0,-144.410896741018,True
eegmmidb,S010,data/eegmmidb/S010/S010R02.edf,2,17,34.0,eyes_closed_rest,T0,ds005284,1,1.0,-183.54237345555464,True
eegmmidb,S010,data/eegmmidb/S010/S010R02.edf,2,18,36.0,eyes_closed_rest,T0,ds005284,1,1.0,-125.48769591692738,True
eegmmidb,S010,data/eegmmidb/S010/S010R02.edf,2,19,38.0,eyes_closed_rest,T0,ds005284,1,1.0,-161.2088746682112,True
eegmmidb,S010,data/eegmmidb/S010/S010R02.edf,2,20,40.0,eyes_closed_rest,T0,ds005284,1,1.0,-163.7916778141377,True
eegmmidb,S010,data/eegmmidb/S010/S010R02.edf,2,21,42.0,eyes_closed_rest,T0,ds005284,1,1.0,-171.9801638381545,True
eegmmidb,S010,data/eegmmidb/S010/S010R02.edf,2,22,44.0,eyes_closed_rest,T0,ds005284,1,1.0,-146.96340975045212,True
eegmmidb,S010,data/eegmmidb/S010/S010R02.edf,2,23,46.0,eyes_closed_rest,T0,ds005284,1,1.0,-126.38924091254077,True
eegmmidb,S010,data/eegmmidb/S010/S010R02.edf,2,24,48.0,eyes_closed_rest,T0,ds005284,1,1.0,-104.09344566477759,True
eegmmidb,S010,data/eegmmidb/S010/S010R02.edf,2,25,50.0,eyes_closed_rest,T0,ds005284,1,1.0,-141.97948101579243,True
eegmmidb,S010,data/eegmmidb/S010/S010R02.edf,2,26,52.0,eyes_closed_rest,T0,ds005284,1,1.0,-74.24411708115696,True
eegmmidb,S010,data/eegmmidb/S010/S010R02.edf,2,27,54.0,eyes_closed_rest,T0,ds005284,1,1.0,-84.7789096796987,True
eegmmidb,S010,data/eegmmidb/S010/S010R02.edf,2,28,56.0,eyes_closed_rest,T0,ds005284,1,1.0,-91.99063891756151,True
eegmmidb,S010,data/eegmmidb/S010/S010R02.edf,2,29,58.0,eyes_closed_rest,T0,ds005284,1,1.0,-91.97437923992905,True
eegmmidb,S010,data/eegmmidb/S010/S010R03.edf,2,0,0.0,motor_execution,T0,ds005284,1,1.0,-42.01187184483533,True
eegmmidb,S010,data/eegmmidb/S010/S010R03.edf,2,1,2.0,motor_execution,T0,ds005284,1,1.0,-41.93489689098346,True
eegmmidb,S010,data/eegmmidb/S010/S010R03.edf,2,2,4.0,motor_execution,T2,ds005284,1,1.0,-38.863424649917505,True
eegmmidb,S010,data/eegmmidb/S010/S010R03.edf,2,3,6.0,motor_execution,T2,ds005284,1,0.9999999999999005,-52.05737979043168,True
eegmmidb,S010,data/eegmmidb/S010/S010R03.edf,2,4,10.0,motor_execution,T0,ds005284,1,1.0,-45.024104444540264,True
eegmmidb,S010,data/eegmmidb/S010/S010R03.edf,2,5,12.0,motor_execution,T1,ds005284,1,1.0,-40.31275664815738,True
eegmmidb,S010,data/eegmmidb/S010/S010R03.edf,2,6,14.0,motor_execution,T1,ds005284,1,1.0,-46.65983466977236,True
eegmmidb,S010,data/eegmmidb/S010/S010R03.edf,2,7,16.0,motor_execution,T0,ds005284,1,1.0,-37.82775252309906,True
eegmmidb,S010,data/eegmmidb/S010/S010R03.edf,2,8,20.0,motor_execution,T1,ds005284,1,1.0,-39.024135843217934,True
eegmmidb,S010,data/eegmmidb/S010/S010R03.edf,2,9,22.0,motor_execution,T1,ds005284,1,1.0,-43.83465467576247,True
eegmmidb,S010,data/eegmmidb/S010/S010R03.edf,2,10,24.0,motor_execution,T0,ds005284,1,1.0,-47.34380672193203,True
eegmmidb,S010,data/eegmmidb/S010/S010R03.edf,2,11,28.0,motor_execution,T2,ds005284,1,1.0,-45.42798074639051,True
eegmmidb,S010,data/eegmmidb/S010/S010R03.edf,2,12,30.0,motor_execution,T2,ds005284,1,0.9999999999997939,-43.09858751212132,True
eegmmidb,S010,data/eegmmidb/S010/S010R03.edf,2,13,32.0,motor_execution,T0,ds005284,1,1.0,-44.064765776050244,True
eegmmidb,S010,data/eegmmidb/S010/S010R03.edf,2,14,34.0,motor_execution,T0,ds005284,1,1.0,-39.34834226031795,True
eegmmidb,S010,data/eegmmidb/S010/S010R03.edf,2,15,38.0,motor_execution,T2,ds005284,1,1.0,-45.35485557235807,True
eegmmidb,S010,data/eegmmidb/S010/S010R03.edf,2,16,40.0,motor_execution,T0,ds005284,1,1.0,-46.763277258362685,True
eegmmidb,S010,data/eegmmidb/S010/S010R03.edf,2,17,42.0,motor_execution,T0,ds005284,1,1.0,-47.027384625895884,True
eegmmidb,S010,data/eegmmidb/S010/S010R03.edf,2,18,44.0,motor_execution,T0,ds005284,1,1.0,-49.55368789575443,True
eegmmidb,S010,data/eegmmidb/S010/S010R03.edf,2,19,48.0,motor_execution,T1,ds005284,1,1.0,-37.6095801938993,True
eegmmidb,S010,data/eegmmidb/S010/S010R03.edf,2,20,50.0,motor_execution,T0,ds005284,1,1.0,-45.22490484534245,True
eegmmidb,S010,data/eegmmidb/S010/S010R03.edf,2,21,52.0,motor_execution,T0,ds005284,1,1.0,-40.845333668923,True
eegmmidb,S010,data/eegmmidb/S010/S010R03.edf,2,22,56.0,motor_execution,T2,ds005284,1,1.0,-44.92013661448069,True
eegmmidb,S010,data/eegmmidb/S010/S010R03.edf,2,23,58.0,motor_execution,T0,ds005284,1,1.0,-41.10733414481488,True
eegmmidb,S010,data/eegmmidb/S010/S010R03.edf,2,24,60.0,motor_execution,T0,ds005284,1,1.0,-46.59395991738561,True
eegmmidb,S010,data/eegmmidb/S010/S010R03.edf,2,25,62.0,motor_execution,T1,ds005284,1,0.9999999999901092,-45.45734689902252,True
eegmmidb,S010,data/eegmmidb/S010/S010R03.edf,2,26,66.0,motor_execution,T0,ds005284,1,1.0,-64.3972069107682,True
eegmmidb,S010,data/eegmmidb/S010/S010R03.edf,2,27,68.0,motor_execution,T0,ds005284,1,1.0,-40.65233553356298,True
eegmmidb,S010,data/eegmmidb/S010/S010R03.edf,2,28,70.0,motor_execution,T1,ds005284,1,1.0,-44.18524242099061,True
eegmmidb,S010,data/eegmmidb/S010/S010R03.edf,2,29,74.0,motor_execution,T0,ds005284,1,1.0,-39.01811968861769,True
eegmmidb,S010,data/eegmmidb/S010/S010R03.edf,2,30,76.0,motor_execution,T0,ds005284,1,0.9999995898781494,-51.896440633834885,True
eegmmidb,S010,data/eegmmidb/S010/S010R03.edf,2,31,78.0,motor_execution,T2,ds005284,1,1.0,-48.086712686172135,True
eegmmidb,S010,data/eegmmidb/S010/S010R03.edf,2,32,80.0,motor_execution,T2,ds005284,1,1.0,-38.91967992355247,True
eegmmidb,S010,data/eegmmidb/S010/S010R03.edf,2,33,84.0,motor_execution,T0,ds005284,1,0.9999999999850928,-49.97065475721521,True
eegmmidb,S010,data/eegmmidb/S010/S010R03.edf,2,34,86.0,motor_execution,T1,ds005284,1,1.0,-41.229058450889326,True
eegmmidb,S010,data/eegmmidb/S010/S010R03.edf,2,35,88.0,motor_execution,T1,ds005284,1,1.0,-47.372906901039876,True
eegmmidb,S010,data/eegmmidb/S010/S010R03.edf,2,36,90.0,motor_execution,T0,ds005284,1,1.0,-39.51659083154324,True
eegmmidb,S010,data/eegmmidb/S010/S010R03.edf,2,37,94.0,motor_execution,T2,ds005284,1,1.0,-79.87715798740874,True
eegmmidb,S010,data/eegmmidb/S010/S010R03.edf,2,38,96.0,motor_execution,T2,ds005284,1,0.9999999999997016,-50.11827898629481,True
eegmmidb,S010,data/eegmmidb/S010/S010R03.edf,2,39,98.0,motor_execution,T0,ds005284,1,1.0,-58.59493932169132,True
eegmmidb,S010,data/eegmmidb/S010/S010R03.edf,2,40,102.0,motor_execution,T2,ds005284,1,1.0,-47.27136519828133,True
eegmmidb,S010,data/eegmmidb/S010/S010R03.edf,2,41,104.0,motor_execution,T2,ds005284,1,0.999999999999801,-47.44514581279963,True
eegmmidb,S010,data/eegmmidb/S010/S010R03.edf,2,42,106.0,motor_execution,T0,ds005284,1,1.0,-42.60696520812021,True
eegmmidb,S010,data/eegmmidb/S010/S010R03.edf,2,43,108.0,motor_execution,T0,ds005284,1,1.0,-54.084753210754734,True
eegmmidb,S010,data/eegmmidb/S010/S010R03.edf,2,44,112.0,motor_execution,T1,ds005284,1,1.0,-40.61964856004486,True
eegmmidb,S010,data/eegmmidb/S010/S010R03.edf,2,45,114.0,motor_execution,T0,ds005284,1,1.0,-42.92791826040795,True
eegmmidb,S010,data/eegmmidb/S010/S010R03.edf,2,46,116.0,motor_execution,T0,ds005284,1,1.0,-43.98664635696309,True
eegmmidb,S010,data/eegmmidb/S010/S010R03.edf,2,47,120.0,motor_execution,T1,ds005284,1,0.9999999999911964,-42.832928417685906,True
eegmmidb,S010,data/eegmmidb/S010/S010R04.edf,2,0,0.0,motor_imagery,T0,ds005284,1,1.0,-48.44024152427379,True
eegmmidb,S010,data/eegmmidb/S010/S010R04.edf,2,1,2.0,motor_imagery,T0,ds005284,1,1.0,-41.785260714481,True
eegmmidb,S010,data/eegmmidb/S010/S010R04.edf,2,2,4.0,motor_imagery,T1,ds005284,1,1.0,-47.5040648066274,True
eegmmidb,S010,data/eegmmidb/S010/S010R04.edf,2,3,6.0,motor_imagery,T1,ds005284,1,0.999999999999936,-45.41511843151514,True
eegmmidb,S010,data/eegmmidb/S010/S010R04.edf,2,4,10.0,motor_imagery,T0,ds005284,1,0.9999999999999787,-48.14282779868597,True
eegmmidb,S010,data/eegmmidb/S010/S010R04.edf,2,5,12.0,motor_imagery,T2,ds005284,1,1.0,-39.15125864933821,True
eegmmidb,S010,data/eegmmidb/S010/S010R04.edf,2,6,14.0,motor_imagery,T2,ds005284,1,0.9999999999735536,-48.648341491477986,True
eegmmidb,S010,data/eegmmidb/S010/S010R04.edf,2,7,16.0,motor_imagery,T0,ds005284,1,1.0,-46.68393010233063,True
eegmmidb,S010,data/eegmmidb/S010/S010R04.edf,2,8,20.0,motor_imagery,T1,ds005284,1,1.0,-42.66590979263076,True
eegmmidb,S010,data/eegmmidb/S010/S010R04.edf,2,9,22.0,motor_imagery,T1,ds005284,1,1.0,-43.88337191829373,True
eegmmidb,S010,data/eegmmidb/S010/S010R04.edf,2,10,24.0,motor_imagery,T0,ds005284,1,1.0,-40.721275198543346,True
eegmmidb,S010,data/eegmmidb/S010/S010R04.edf,2,11,28.0,motor_imagery,T2,ds005284,1,1.0,-43.711819889254095,True
eegmmidb,S010,data/eegmmidb/S010/S010R04.edf,2,12,30.0,motor_imagery,T2,ds005284,1,0.9999999999999929,-50.0668780392317,True
eegmmidb,S010,data/eegmmidb/S010/S010R04.edf,2,13,32.0,motor_imagery,T0,ds005284,1,0.9999999999998792,-44.688765201940555,True
eegmmidb,S010,data/eegmmidb/S010/S010R04.edf,2,14,34.0,motor_imagery,T0,ds005284,1,1.0,-37.57467568683241,True
eegmmidb,S010,data/eegmmidb/S010/S010R04.edf,2,15,38.0,motor_imagery,T1,ds005284,1,1.0,-51.3651308319511,True
eegmmidb,S010,data/eegmmidb/S010/S010R04.edf,2,16,40.0,motor_imagery,T0,ds005284,1,1.0,-45.47745436035206,True
eegmmidb,S010,data/eegmmidb/S010/S010R04.edf,2,17,42.0,motor_imagery,T0,ds005284,1,0.9999999999999716,-41.914946528312186,True
eegmmidb,S010,data/eegmmidb/S010/S010R04.edf,2,18,44.0,motor_imagery,T0,ds005284,1,0.9999999999999858,-45.51425445347192,True
eegmmidb,S010,data/eegmmidb/S010/S010R04.edf,2,19,48.0,motor_imagery,T2,ds005284,1,1.0,-40.08460521420072,True
eegmmidb,S010,data/eegmmidb/S010/S010R04.edf,2,20,50.0,motor_imagery,T0,ds005284,1,1.0,-43.90424164387439,True
eegmmidb,S010,data/eegmmidb/S010/S010R04.edf,2,21,52.0,motor_imagery,T0,ds005284,1,1.0,-41.12797723508517,True
eegmmidb,S010,data/eegmmidb/S010/S010R04.edf,2,22,56.0,motor_imagery,T2,ds005284,1,1.0,-42.54923957427975,True
eegmmidb,S010,data/eegmmidb/S010/S010R04.edf,2,23,58.0,motor_imagery,T0,ds005284,1,1.0,-45.93695450398432,True
eegmmidb,S010,data/eegmmidb/S010/S010R04.edf,2,24,60.0,motor_imagery,T0,ds005284,1,1.0,-46.34925224354599,True
eegmmidb,S010,data/eegmmidb/S010/S010R04.edf,2,25,62.0,motor_imagery,T1,ds005284,1,1.0,-45.579892203033125,True
eegmmidb,S010,data/eegmmidb/S010/S010R04.edf,2,26,66.0,motor_imagery,T0,ds005284,1,1.0,-55.81034031986327,True
eegmmidb,S010,data/eegmmidb/S010/S010R04.edf,2,27,68.0,motor_imagery,T0,ds005284,1,1.0,-43.551104746001876,True
eegmmidb,S010,data/eegmmidb/S010/S010R04.edf,2,28,70.0,motor_imagery,T2,ds005284,1,0.999999977622011,-51.02622703455733,True
eegmmidb,S010,data/eegmmidb/S010/S010R04.edf,2,29,74.0,motor_imagery,T0,ds005284,1,1.0,-69.35569312943497,True
eegmmidb,S010,data/eegmmidb/S010/S010R04.edf,2,30,76.0,motor_imagery,T0,ds005284,1,1.0,-42.98713652510397,True
eegmmidb,S010,data/eegmmidb/S010/S010R04.edf,2,31,78.0,motor_imagery,T1,ds005284,1,1.0,-42.09667518998711,True
eegmmidb,S010,data/eegmmidb/S010/S010R04.edf,2,32,80.0,motor_imagery,T1,ds005284,1,1.0,-55.90800787477179,True
eegmmidb,S010,data/eegmmidb/S010/S010R04.edf,2,33,84.0,motor_imagery,T0,ds005284,1,1.0,-42.70400721990373,True
eegmmidb,S010,data/eegmmidb/S010/S010R04.edf,2,34,86.0,motor_imagery,T2,ds005284,1,1.0,-40.36272811839694,True
eegmmidb,S010,data/eegmmidb/S010/S010R04.edf,2,35,88.0,motor_imagery,T2,ds005284,1,1.0,-47.30054454739607,True
eegmmidb,S010,data/eegmmidb/S010/S010R04.edf,2,36,90.0,motor_imagery,T0,ds005284,1,1.0,-40.92624857117719,True
eegmmidb,S010,data/eegmmidb/S010/S010R04.edf,2,37,94.0,motor_imagery,T1,ds005284,1,1.0,-39.77005456588111,True
eegmmidb,S010,data/eegmmidb/S010/S010R04.edf,2,38,96.0,motor_imagery,T1,ds005284,1,1.0,-46.93163019786788,True
eegmmidb,S010,data/eegmmidb/S010/S010R04.edf,2,39,98.0,motor_imagery,T0,ds005284,1,1.0,-87.68578212135307,True
eegmmidb,S010,data/eegmmidb/S010/S010R04.edf,2,40,102.0,motor_imagery,T2,ds005284,1,1.0,-46.29617018986762,True
eegmmidb,S010,data/eegmmidb/S010/S010R04.edf,2,41,104.0,motor_imagery,T2,ds005284,1,0.9999999999999432,-45.81164616488178,True
eegmmidb,S010,data/eegmmidb/S010/S010R04.edf,2,42,106.0,motor_imagery,T0,ds005284,1,1.0,-53.199385081294245,True
eegmmidb,S010,data/eegmmidb/S010/S010R04.edf,2,43,108.0,motor_imagery,T0,ds005284,1,1.0,-60.33282167409059,True
eegmmidb,S010,data/eegmmidb/S010/S010R04.edf,2,44,112.0,motor_imagery,T1,ds005284,1,0.9999999999999858,-39.77314617671787,True
eegmmidb,S010,data/eegmmidb/S010/S010R04.edf,2,45,114.0,motor_imagery,T0,ds005284,1,0.9999999999999005,-48.71479311978903,True
eegmmidb,S010,data/eegmmidb/S010/S010R04.edf,2,46,116.0,motor_imagery,T0,ds005284,1,1.0,-41.066157436618674,True
eegmmidb,S010,data/eegmmidb/S010/S010R04.edf,2,47,120.0,motor_imagery,T1,ds005284,1,1.0,-35.76747892167314,True
eegmmidb,S010,data/eegmmidb/S010/S010R07.edf,2,0,0.0,motor_execution,T0,ds005284,1,1.0,-47.26104853434399,True
eegmmidb,S010,data/eegmmidb/S010/S010R07.edf,2,1,2.0,motor_execution,T0,ds005284,1,0.9999999392644146,-59.211502590745546,True
eegmmidb,S010,data/eegmmidb/S010/S010R07.edf,2,2,4.0,motor_execution,T2,ds005284,1,0.9999999999883329,-44.640040238265875,True
eegmmidb,S010,data/eegmmidb/S010/S010R07.edf,2,3,6.0,motor_execution,T2,ds005284,1,0.9999999891627667,-38.24133524076389,True
eegmmidb,S010,data/eegmmidb/S010/S010R07.edf,2,4,10.0,motor_execution,T0,ds005284,1,0.9999999877670761,-41.55948404991153,True
eegmmidb,S010,data/eegmmidb/S010/S010R07.edf,2,5,12.0,motor_execution,T1,ds005284,1,1.0,-41.10950763668854,True
eegmmidb,S010,data/eegmmidb/S010/S010R07.edf,2,6,14.0,motor_execution,T1,ds005284,1,1.0,-42.33428866599813,True
eegmmidb,S010,data/eegmmidb/S010/S010R07.edf,2,7,16.0,motor_execution,T0,ds005284,1,1.0,-44.16765167115894,True
eegmmidb,S010,data/eegmmidb/S010/S010R07.edf,2,8,20.0,motor_execution,T1,ds005284,1,1.0,-45.13568132806824,True
eegmmidb,S010,data/eegmmidb/S010/S010R07.edf,2,9,22.0,motor_execution,T1,ds005284,1,1.0,-42.18366776337215,True
eegmmidb,S010,data/eegmmidb/S010/S010R07.edf,2,10,24.0,motor_execution,T0,ds005284,1,1.0,-37.65208752234504,True
eegmmidb,S010,data/eegmmidb/S010/S010R07.edf,2,11,28.0,motor_execution,T2,ds005284,1,1.0,-57.93370419521765,True
eegmmidb,S010,data/eegmmidb/S010/S010R07.edf,2,12,30.0,motor_execution,T2,ds005284,1,0.9999999999987494,-52.88014049497358,True
eegmmidb,S010,data/eegmmidb/S010/S010R07.edf,2,13,32.0,motor_execution,T0,ds005284,1,1.0,-38.658989745164725,True
eegmmidb,S010,data/eegmmidb/S010/S010R07.edf,2,14,34.0,motor_execution,T0,ds005284,1,0.999998149464268,-51.761477521827565,True
eegmmidb,S010,data/eegmmidb/S010/S010R07.edf,2,15,38.0,motor_execution,T1,ds005284,1,1.0,-35.85836036576057,True
eegmmidb,S010,data/eegmmidb/S010/S010R07.edf,2,16,40.0,motor_execution,T0,ds005284,1,1.0,-46.39853243044024,True
eegmmidb,S010,data/eegmmidb/S010/S010R07.edf,2,17,42.0,motor_execution,T0,ds005284,1,1.0,-95.12046275899871,True
eegmmidb,S010,data/eegmmidb/S010/S010R07.edf,2,18,44.0,motor_execution,T0,ds005284,1,0.9999999998570104,-52.2014194989501,True
eegmmidb,S010,data/eegmmidb/S010/S010R07.edf,2,19,48.0,motor_execution,T2,ds005284,1,1.0,-40.447146510435594,True
eegmmidb,S010,data/eegmmidb/S010/S010R07.edf,2,20,50.0,motor_execution,T0,ds005284,1,1.0,-36.30029990402216,True
eegmmidb,S010,data/eegmmidb/S010/S010R07.edf,2,21,52.0,motor_execution,T0,ds005284,1,1.0,-41.150140816964544,True
eegmmidb,S010,data/eegmmidb/S010/S010R07.edf,2,22,56.0,motor_execution,T2,ds005284,1,0.9999999954210637,-58.049641015172135,True
eegmmidb,S010,data/eegmmidb/S010/S010R07.edf,2,23,58.0,motor_execution,T0,ds005284,1,0.9999999993830073,-52.36953988185181,True
eegmmidb,S010,data/eegmmidb/S010/S010R07.edf,2,24,60.0,motor_execution,T0,ds005284,1,1.0,-63.458159140751214,True
eegmmidb,S010,data/eegmmidb/S010/S010R07.edf,2,25,62.0,motor_execution,T1,ds005284,1,1.0,-66.82207314945563,True
eegmmidb,S010,data/eegmmidb/S010/S010R07.edf,2,26,66.0,motor_execution,T0,ds005284,1,1.0,-89.52423557355769,True
eegmmidb,S010,data/eegmmidb/S010/S010R07.edf,2,27,68.0,motor_execution,T0,ds005284,1,0.9999999991894413,-47.5765509791825,True
eegmmidb,S010,data/eegmmidb/S010/S010R07.edf,2,28,70.0,motor_execution,T1,ds005284,1,1.0,-45.743119768459614,True
eegmmidb,S010,data/eegmmidb/S010/S010R07.edf,2,29,74.0,motor_execution,T0,ds005284,1,1.0,-84.36556199650283,True
eegmmidb,S010,data/eegmmidb/S010/S010R07.edf,2,30,76.0,motor_execution,T0,ds005284,1,1.0,-46.40188533662051,True
eegmmidb,S010,data/eegmmidb/S010/S010R07.edf,2,31,78.0,motor_execution,T2,ds005284,1,1.0,-49.97845566646285,True
eegmmidb,S010,data/eegmmidb/S010/S010R07.edf,2,32,80.0,motor_execution,T2,ds005284,1,1.0,-77.30621660954625,True
eegmmidb,S010,data/eegmmidb/S010/S010R07.edf,2,33,84.0,motor_execution,T0,ds005284,1,0.9999999999693614,-48.88800004155129,True
eegmmidb,S010,data/eegmmidb/S010/S010R07.edf,2,34,86.0,motor_execution,T2,ds005284,1,1.0,-64.35983611585246,True
eegmmidb,S010,data/eegmmidb/S010/S010R07.edf,2,35,88.0,motor_execution,T2,ds005284,1,1.0,-57.47571495559894,True
eegmmidb,S010,data/eegmmidb/S010/S010R07.edf,2,36,90.0,motor_execution,T0,ds005284,1,1.0,-48.2335234895939,True
eegmmidb,S010,data/eegmmidb/S010/S010R07.edf,2,37,94.0,motor_execution,T1,ds005284,1,1.0,-48.89162033938027,True
eegmmidb,S010,data/eegmmidb/S010/S010R07.edf,2,38,96.0,motor_execution,T1,ds005284,1,1.0,-65.27374947926566,True
eegmmidb,S010,data/eegmmidb/S010/S010R07.edf,2,39,98.0,motor_execution,T0,ds005284,1,1.0,-50.6142753285289,True
eegmmidb,S010,data/eegmmidb/S010/S010R07.edf,2,40,102.0,motor_execution,T1,ds005284,1,0.9999999995814974,-51.604651377636195,True
eegmmidb,S010,data/eegmmidb/S010/S010R07.edf,2,41,104.0,motor_execution,T1,ds005284,1,1.0,-42.427313141499944,True
eegmmidb,S010,data/eegmmidb/S010/S010R07.edf,2,42,106.0,motor_execution,T0,ds005284,1,1.0,-46.06993625534177,True
eegmmidb,S010,data/eegmmidb/S010/S010R07.edf,2,43,108.0,motor_execution,T0,ds005284,1,1.0,-82.52497123063566,True
eegmmidb,S010,data/eegmmidb/S010/S010R07.edf,2,44,112.0,motor_execution,T2,ds005284,1,1.0,-49.77259254330094,True
eegmmidb,S010,data/eegmmidb/S010/S010R07.edf,2,45,114.0,motor_execution,T0,ds005284,1,1.0,-49.47716487919197,True
eegmmidb,S010,data/eegmmidb/S010/S010R07.edf,2,46,116.0,motor_execution,T0,ds005284,1,1.0,-52.77340913584885,True
eegmmidb,S010,data/eegmmidb/S010/S010R07.edf,2,47,120.0,motor_execution,T1,ds005284,1,1.0,-51.484958246314164,True
eegmmidb,S010,data/eegmmidb/S010/S010R08.edf,2,0,0.0,motor_imagery,T0,ds005284,1,0.9999999998788311,-34.44728125103788,False
eegmmidb,S010,data/eegmmidb/S010/S010R08.edf,2,1,2.0,motor_imagery,T0,ds005284,1,0.9999999999999929,-39.13813860518161,True
eegmmidb,S010,data/eegmmidb/S010/S010R08.edf,2,2,4.0,motor_imagery,T2,ds005284,1,1.0,-39.267652134951256,True
eegmmidb,S010,data/eegmmidb/S010/S010R08.edf,2,3,6.0,motor_imagery,T2,ds005284,1,0.9999999881310871,-41.98162926812988,True
eegmmidb,S010,data/eegmmidb/S010/S010R08.edf,2,4,10.0,motor_imagery,T0,ds005284,1,0.9999999999985079,-41.18847511034025,True
eegmmidb,S010,data/eegmmidb/S010/S010R08.edf,2,5,12.0,motor_imagery,T1,ds005284,1,0.9999999999718838,-36.1362219710651,True
eegmmidb,S010,data/eegmmidb/S010/S010R08.edf,2,6,14.0,motor_imagery,T1,ds005284,1,0.9990242556582143,-41.563981942914126,True
eegmmidb,S010,data/eegmmidb/S010/S010R08.edf,2,7,16.0,motor_imagery,T0,ds005284,1,0.9999999999999218,-38.48130630185501,True
eegmmidb,S010,data/eegmmidb/S010/S010R08.edf,2,8,20.0,motor_imagery,T1,ds005284,1,1.0,-40.923397234486025,True
eegmmidb,S010,data/eegmmidb/S010/S010R08.edf,2,9,22.0,motor_imagery,T1,ds005284,1,0.9999999999877218,-43.49965976013426,True
eegmmidb,S010,data/eegmmidb/S010/S010R08.edf,2,10,24.0,motor_imagery,T0,ds005284,1,1.0,-70.19923074305615,True
eegmmidb,S010,data/eegmmidb/S010/S010R08.edf,2,11,28.0,motor_imagery,T2,ds005284,1,1.0,-48.22342727228301,True
eegmmidb,S010,data/eegmmidb/S010/S010R08.edf,2,12,30.0,motor_imagery,T2,ds005284,1,0.9999999996049382,-40.713348666338526,True
eegmmidb,S010,data/eegmmidb/S010/S010R08.edf,2,13,32.0,motor_imagery,T0,ds005284,1,1.0,-37.87463732141262,True
eegmmidb,S010,data/eegmmidb/S010/S010R08.edf,2,14,34.0,motor_imagery,T0,ds005284,1,1.0,-50.28311367158951,True
eegmmidb,S010,data/eegmmidb/S010/S010R08.edf,2,15,38.0,motor_imagery,T2,ds005284,1,1.0,-53.40226519165024,True
eegmmidb,S010,data/eegmmidb/S010/S010R08.edf,2,16,40.0,motor_imagery,T0,ds005284,1,1.0,-34.834665580606185,False
eegmmidb,S010,data/eegmmidb/S010/S010R08.edf,2,17,42.0,motor_imagery,T0,ds005284,1,1.0,-51.73914908523975,True
eegmmidb,S010,data/eegmmidb/S010/S010R08.edf,2,18,44.0,motor_imagery,T0,ds005284,1,1.0,-69.71871438008279,True
eegmmidb,S010,data/eegmmidb/S010/S010R08.edf,2,19,48.0,motor_imagery,T1,ds005284,1,1.0,-43.49705915181183,True
eegmmidb,S010,data/eegmmidb/S010/S010R08.edf,2,20,50.0,motor_imagery,T0,ds005284,1,1.0,-72.3472825009093,True
eegmmidb,S010,data/eegmmidb/S010/S010R08.edf,2,21,52.0,motor_imagery,T0,ds005284,1,1.0,-64.54664566249559,True
eegmmidb,S010,data/eegmmidb/S010/S010R08.edf,2,22,56.0,motor_imagery,T2,ds005284,1,1.0,-52.69528160285146,True
eegmmidb,S010,data/eegmmidb/S010/S010R08.edf,2,23,58.0,motor_imagery,T0,ds005284,1,0.9999999999999858,-43.50670771544849,True
eegmmidb,S010,data/eegmmidb/S010/S010R08.edf,2,24,60.0,motor_imagery,T0,ds005284,1,1.0,-46.39717004936535,True
eegmmidb,S010,data/eegmmidb/S010/S010R08.edf,2,25,62.0,motor_imagery,T1,ds005284,1,1.0,-41.856133979345856,True
eegmmidb,S010,data/eegmmidb/S010/S010R08.edf,2,26,66.0,motor_imagery,T0,ds005284,1,1.0,-46.0111676531151,True
eegmmidb,S010,data/eegmmidb/S010/S010R08.edf,2,27,68.0,motor_imagery,T0,ds005284,1,1.0,-46.85141219679881,True
eegmmidb,S010,data/eegmmidb/S010/S010R08.edf,2,28,70.0,motor_imagery,T2,ds005284,1,1.0,-46.152247885168364,True
eegmmidb,S010,data/eegmmidb/S010/S010R08.edf,2,29,74.0,motor_imagery,T0,ds005284,1,1.0,-42.44293384787786,True
eegmmidb,S010,data/eegmmidb/S010/S010R08.edf,2,30,76.0,motor_imagery,T0,ds005284,1,1.0,-43.438407526291364,True
eegmmidb,S010,data/eegmmidb/S010/S010R08.edf,2,31,78.0,motor_imagery,T1,ds005284,1,1.0,-39.2229358450354,True
eegmmidb,S010,data/eegmmidb/S010/S010R08.edf,2,32,80.0,motor_imagery,T1,ds005284,1,1.0,-36.29553275392925,True
eegmmidb,S010,data/eegmmidb/S010/S010R08.edf,2,33,84.0,motor_imagery,T0,ds005284,1,1.0,-34.48631050216223,False
eegmmidb,S010,data/eegmmidb/S010/S010R08.edf,2,34,86.0,motor_imagery,T2,ds005284,1,0.9999999999999787,-37.41414454728326,True
eegmmidb,S010,data/eegmmidb/S010/S010R08.edf,2,35,88.0,motor_imagery,T2,ds005284,1,0.9876635730702114,-46.48871625385462,True
eegmmidb,S010,data/eegmmidb/S010/S010R08.edf,2,36,90.0,motor_imagery,T0,ds005284,1,0.9999999999247038,-35.581413092777865,True
eegmmidb,S010,data/eegmmidb/S010/S010R08.edf,2,37,94.0,motor_imagery,T1,ds005284,1,1.0,-93.87993977065406,True
eegmmidb,S010,data/eegmmidb/S010/S010R08.edf,2,38,96.0,motor_imagery,T1,ds005284,1,1.0,-73.10498718179136,True
eegmmidb,S010,data/eegmmidb/S010/S010R08.edf,2,39,98.0,motor_imagery,T0,ds005284,1,1.0,-54.01030683802649,True
eegmmidb,S010,data/eegmmidb/S010/S010R08.edf,2,40,102.0,motor_imagery,T1,ds005284,1,1.0,-49.1966280880598,True
eegmmidb,S010,data/eegmmidb/S010/S010R08.edf,2,41,104.0,motor_imagery,T1,ds005284,1,1.0,-30.66456136216349,False
eegmmidb,S010,data/eegmmidb/S010/S010R08.edf,2,42,106.0,motor_imagery,T0,ds005284,1,1.0,-60.41591068125209,True
eegmmidb,S010,data/eegmmidb/S010/S010R08.edf,2,43,108.0,motor_imagery,T0,ds005284,1,1.0,-53.78986671626202,True
eegmmidb,S010,data/eegmmidb/S010/S010R08.edf,2,44,112.0,motor_imagery,T2,ds005284,1,1.0,-39.97780957475718,True
eegmmidb,S010,data/eegmmidb/S010/S010R08.edf,2,45,114.0,motor_imagery,T0,ds005284,1,0.9999999992911128,-49.35961536254708,True
eegmmidb,S010,data/eegmmidb/S010/S010R08.edf,2,46,116.0,motor_imagery,T0,ds005284,1,1.0,-39.923617280036915,True
eegmmidb,S010,data/eegmmidb/S010/S010R08.edf,2,47,120.0,motor_imagery,T1,ds005284,1,0.9999999999989768,-36.64093397347133,True
eegmmidb,S010,data/eegmmidb/S010/S010R11.edf,2,0,0.0,motor_execution,T0,ds005284,1,0.9944661548657657,-48.56558328001489,True
eegmmidb,S010,data/eegmmidb/S010/S010R11.edf,2,1,2.0,motor_execution,T0,ds005284,1,0.9999916635334104,-43.72947679711213,True
eegmmidb,S010,data/eegmmidb/S010/S010R11.edf,2,2,4.0,motor_execution,T1,ds005284,1,0.9998646156186074,-37.04305981575895,True
eegmmidb,S010,data/eegmmidb/S010/S010R11.edf,2,3,6.0,motor_execution,T1,ds005284,1,1.0,-64.31597929167702,True
eegmmidb,S010,data/eegmmidb/S010/S010R11.edf,2,4,10.0,motor_execution,T0,ds005284,1,0.9999981236660228,-47.48283807376707,True
eegmmidb,S010,data/eegmmidb/S010/S010R11.edf,2,5,12.0,motor_execution,T2,ds005284,1,0.9999679586685374,-48.67194040493076,True
eegmmidb,S010,data/eegmmidb/S010/S010R11.edf,2,6,14.0,motor_execution,T2,ds005284,1,1.0,-50.8576078628541,True
eegmmidb,S010,data/eegmmidb/S010/S010R11.edf,2,7,16.0,motor_execution,T0,ds005284,1,1.0,-134.04339743095449,True
eegmmidb,S010,data/eegmmidb/S010/S010R11.edf,2,8,20.0,motor_execution,T1,ds005284,1,1.0,-53.921410674120025,True
eegmmidb,S010,data/eegmmidb/S010/S010R11.edf,2,9,22.0,motor_execution,T1,ds005284,1,1.0,-42.671560726731514,True
eegmmidb,S010,data/eegmmidb/S010/S010R11.edf,2,10,24.0,motor_execution,T0,ds005284,1,1.0,-37.51619491308183,True
eegmmidb,S010,data/eegmmidb/S010/S010R11.edf,2,11,28.0,motor_execution,T2,ds005284,1,0.9999999712797067,-37.90506393007258,True
eegmmidb,S010,data/eegmmidb/S010/S010R11.edf,2,12,30.0,motor_execution,T2,ds005284,1,1.0,-42.2654865764229,True
eegmmidb,S010,data/eegmmidb/S010/S010R11.edf,2,13,32.0,motor_execution,T0,ds005284,1,1.0,-43.6927936147354,True
eegmmidb,S010,data/eegmmidb/S010/S010R11.edf,2,14,34.0,motor_execution,T0,ds005284,1,1.0,-60.773259637831906,True
eegmmidb,S010,data/eegmmidb/S010/S010R11.edf,2,15,38.0,motor_execution,T2,ds005284,1,1.0,-40.87632766139115,True
eegmmidb,S010,data/eegmmidb/S010/S010R11.edf,2,16,40.0,motor_execution,T0,ds005284,1,1.0,-86.64259940572984,True
eegmmidb,S010,data/eegmmidb/S010/S010R11.edf,2,17,42.0,motor_execution,T0,ds005284,1,1.0,-51.21045017177014,True
eegmmidb,S010,data/eegmmidb/S010/S010R11.edf,2,18,44.0,motor_execution,T0,ds005284,1,1.0,-47.118744600716205,True
eegmmidb,S010,data/eegmmidb/S010/S010R11.edf,2,19,48.0,motor_execution,T1,ds005284,1,1.0,-107.27940414474284,True
eegmmidb,S010,data/eegmmidb/S010/S010R11.edf,2,20,50.0,motor_execution,T0,ds005284,1,1.0,-71.13246043479649,True
eegmmidb,S010,data/eegmmidb/S010/S010R11.edf,2,21,52.0,motor_execution,T0,ds005284,1,1.0,-55.671399206658016,True
eegmmidb,S010,data/eegmmidb/S010/S010R11.edf,2,22,56.0,motor_execution,T2,ds005284,1,1.0,-73.87945201427888,True
eegmmidb,S010,data/eegmmidb/S010/S010R11.edf,2,23,58.0,motor_execution,T0,ds005284,1,1.0,-93.48592880909305,True
eegmmidb,S010,data/eegmmidb/S010/S010R11.edf,2,24,60.0,motor_execution,T0,ds005284,1,0.9999748048757086,-80.57018731353033,True
eegmmidb,S010,data/eegmmidb/S010/S010R11.edf,2,25,62.0,motor_execution,T1,ds005284,1,1.0,-51.330367547026775,True
eegmmidb,S010,data/eegmmidb/S010/S010R11.edf,2,26,66.0,motor_execution,T0,ds005284,1,1.0,-99.69172443052659,True
eegmmidb,S010,data/eegmmidb/S010/S010R11.edf,2,27,68.0,motor_execution,T0,ds005284,1,0.9998454829530082,-57.322745046334816,True
eegmmidb,S010,data/eegmmidb/S010/S010R11.edf,2,28,70.0,motor_execution,T1,ds005284,1,0.9999999942721374,-57.26338702999789,True
eegmmidb,S010,data/eegmmidb/S010/S010R11.edf,2,29,74.0,motor_execution,T0,ds005284,1,1.0,-46.72852043624954,True
eegmmidb,S010,data/eegmmidb/S010/S010R11.edf,2,30,76.0,motor_execution,T0,ds005284,1,0.9679339782687861,-70.12363896688868,True
eegmmidb,S010,data/eegmmidb/S010/S010R11.edf,2,31,78.0,motor_execution,T2,ds005284,0,0.7992427981329782,-79.16729810549424,True
eegmmidb,S010,data/eegmmidb/S010/S010R11.edf,2,32,80.0,motor_execution,T2,ds005284,1,1.0,-44.15393925121986,True
eegmmidb,S010,data/eegmmidb/S010/S010R11.edf,2,33,84.0,motor_execution,T0,ds005284,0,0.9772040662901524,-56.97097063261587,True
eegmmidb,S010,data/eegmmidb/S010/S010R11.edf,2,34,86.0,motor_execution,T1,ds005284,1,0.9999833061570406,-69.70034698291707,True
eegmmidb,S010,data/eegmmidb/S010/S010R11.edf,2,35,88.0,motor_execution,T1,ds005284,1,1.0,-61.9823389906045,True
eegmmidb,S010,data/eegmmidb/S010/S010R11.edf,2,36,90.0,motor_execution,T0,ds005284,1,1.0,-65.53625709843666,True
eegmmidb,S010,data/eegmmidb/S010/S010R11.edf,2,37,94.0,motor_execution,T2,ds005284,1,1.0,-61.79795511653712,True
eegmmidb,S010,data/eegmmidb/S010/S010R11.edf,2,38,96.0,motor_execution,T2,ds005284,1,0.9999999995194315,-38.87259087258235,True
eegmmidb,S010,data/eegmmidb/S010/S010R11.edf,2,39,98.0,motor_execution,T0,ds005284,1,1.0,-38.603823249044616,True
eegmmidb,S010,data/eegmmidb/S010/S010R11.edf,2,40,102.0,motor_execution,T2,ds005284,1,1.0,-60.24031720385113,True
eegmmidb,S010,data/eegmmidb/S010/S010R11.edf,2,41,104.0,motor_execution,T2,ds005284,1,1.0,-71.76597569049764,True
eegmmidb,S010,data/eegmmidb/S010/S010R11.edf,2,42,106.0,motor_execution,T0,ds005284,1,1.0,-65.69266053709225,True
eegmmidb,S010,data/eegmmidb/S010/S010R11.edf,2,43,108.0,motor_execution,T0,ds005284,1,1.0,-109.10711528899324,True
eegmmidb,S010,data/eegmmidb/S010/S010R11.edf,2,44,112.0,motor_execution,T1,ds005284,1,1.0,-34.77101454168326,False
eegmmidb,S010,data/eegmmidb/S010/S010R11.edf,2,45,114.0,motor_execution,T0,ds005284,1,1.0,-36.304524678537156,True
eegmmidb,S010,data/eegmmidb/S010/S010R11.edf,2,46,116.0,motor_execution,T0,ds005284,1,1.0,-46.42917541147742,True
eegmmidb,S010,data/eegmmidb/S010/S010R11.edf,2,47,120.0,motor_execution,T1,ds005284,1,0.9999999999997442,-39.47039442636102,True
eegmmidb,S010,data/eegmmidb/S010/S010R12.edf,2,0,0.0,motor_imagery,T0,ds005284,1,0.9999888110219555,-46.34070045390705,True
eegmmidb,S010,data/eegmmidb/S010/S010R12.edf,2,1,2.0,motor_imagery,T0,ds005284,1,0.9999999997449578,-36.60173116661344,True
eegmmidb,S010,data/eegmmidb/S010/S010R12.edf,2,2,4.0,motor_imagery,T1,ds005284,0,0.8731099681426974,-42.78679809429215,True
eegmmidb,S010,data/eegmmidb/S010/S010R12.edf,2,3,6.0,motor_imagery,T1,ds005284,1,0.9948684587024442,-38.13797118204501,True
eegmmidb,S010,data/eegmmidb/S010/S010R12.edf,2,4,10.0,motor_imagery,T0,ds005284,1,1.0,-29.623410946903938,False
eegmmidb,S010,data/eegmmidb/S010/S010R12.edf,2,5,12.0,motor_imagery,T2,ds005284,1,1.0,-54.473384441945555,True
eegmmidb,S010,data/eegmmidb/S010/S010R12.edf,2,6,14.0,motor_imagery,T2,ds005284,1,1.0,-56.55351439902157,True
eegmmidb,S010,data/eegmmidb/S010/S010R12.edf,2,7,16.0,motor_imagery,T0,ds005284,1,0.9999999999999929,-36.74763067382298,True
eegmmidb,S010,data/eegmmidb/S010/S010R12.edf,2,8,20.0,motor_imagery,T2,ds005284,1,1.0,-47.74522499737042,True
eegmmidb,S010,data/eegmmidb/S010/S010R12.edf,2,9,22.0,motor_imagery,T2,ds005284,1,0.9999999999998792,-37.838169519949076,True
eegmmidb,S010,data/eegmmidb/S010/S010R12.edf,2,10,24.0,motor_imagery,T0,ds005284,1,0.9999999999936193,-43.91186432316916,True
eegmmidb,S010,data/eegmmidb/S010/S010R12.edf,2,11,28.0,motor_imagery,T1,ds005284,1,0.9999999999917861,-33.888522620123474,False
eegmmidb,S010,data/eegmmidb/S010/S010R12.edf,2,12,30.0,motor_imagery,T1,ds005284,1,0.9999977611545228,-39.596112754877346,True
eegmmidb,S010,data/eegmmidb/S010/S010R12.edf,2,13,32.0,motor_imagery,T0,ds005284,1,1.0,-45.96289546397862,True
eegmmidb,S010,data/eegmmidb/S010/S010R12.edf,2,14,34.0,motor_imagery,T0,ds005284,1,1.0,-130.77748656834586,True
eegmmidb,S010,data/eegmmidb/S010/S010R12.edf,2,15,38.0,motor_imagery,T2,ds005284,0,0.9244173490113347,-57.79450786028952,True
eegmmidb,S010,data/eegmmidb/S010/S010R12.edf,2,16,40.0,motor_imagery,T0,ds005284,1,1.0,-53.14582754869015,True
eegmmidb,S010,data/eegmmidb/S010/S010R12.edf,2,17,42.0,motor_imagery,T0,ds005284,1,1.0,-51.523634811386565,True
eegmmidb,S010,data/eegmmidb/S010/S010R12.edf,2,18,44.0,motor_imagery,T0,ds005284,1,0.9999999999999929,-52.794500050702375,True
eegmmidb,S010,data/eegmmidb/S010/S010R12.edf,2,19,48.0,motor_imagery,T1,ds005284,1,1.0,-35.69163515936136,True
eegmmidb,S010,data/eegmmidb/S010/S010R12.edf,2,20,50.0,motor_imagery,T0,ds005284,1,0.9999987984371301,-47.54051732514882,True
eegmmidb,S010,data/eegmmidb/S010/S010R12.edf,2,21,52.0,motor_imagery,T0,ds005284,0,0.9912178440271665,-51.24492679220952,True
eegmmidb,S010,data/eegmmidb/S010/S010R12.edf,2,22,56.0,motor_imagery,T1,ds005284,0,0.9999840797221219,-42.377468447043505,True
eegmmidb,S010,data/eegmmidb/S010/S010R12.edf,2,23,58.0,motor_imagery,T0,ds005284,1,0.9999999999675282,-35.874206544943696,True
eegmmidb,S010,data/eegmmidb/S010/S010R12.edf,2,24,60.0,motor_imagery,T0,ds005284,1,1.0,-44.21575189826053,True
eegmmidb,S010,data/eegmmidb/S010/S010R12.edf,2,25,62.0,motor_imagery,T2,ds005284,1,1.0,-43.715661851004874,True
eegmmidb,S010,data/eegmmidb/S010/S010R12.edf,2,26,66.0,motor_imagery,T0,ds005284,1,0.9999999996827853,-40.52355363373858,True
eegmmidb,S010,data/eegmmidb/S010/S010R12.edf,2,27,68.0,motor_imagery,T0,ds005284,1,1.0,-45.10915275724274,True
eegmmidb,S010,data/eegmmidb/S010/S010R12.edf,2,28,70.0,motor_imagery,T1,ds005284,1,0.9999999999999929,-34.54057378000866,False
eegmmidb,S010,data/eegmmidb/S010/S010R12.edf,2,29,74.0,motor_imagery,T0,ds005284,1,0.9999956888569121,-45.148378808522196,True
eegmmidb,S010,data/eegmmidb/S010/S010R12.edf,2,30,76.0,motor_imagery,T0,ds005284,1,0.9999999999901235,-38.38736571439215,True
eegmmidb,S010,data/eegmmidb/S010/S010R12.edf,2,31,78.0,motor_imagery,T2,ds005284,1,1.0,-36.84207133470576,True
eegmmidb,S010,data/eegmmidb/S010/S010R12.edf,2,32,80.0,motor_imagery,T2,ds005284,1,0.9999996286288685,-41.505641310362115,True
eegmmidb,S010,data/eegmmidb/S010/S010R12.edf,2,33,84.0,motor_imagery,T0,ds005284,1,0.9999999999907772,-38.19351252529791,True
eegmmidb,S010,data/eegmmidb/S010/S010R12.edf,2,34,86.0,motor_imagery,T1,ds005284,1,0.9999999999988773,-44.82930457059052,True
eegmmidb,S010,data/eegmmidb/S010/S010R12.edf,2,35,88.0,motor_imagery,T1,ds005284,1,1.0,-50.08056257515191,True
eegmmidb,S010,data/eegmmidb/S010/S010R12.edf,2,36,90.0,motor_imagery,T0,ds005284,1,1.0,-57.02811240156124,True
eegmmidb,S010,data/eegmmidb/S010/S010R12.edf,2,37,94.0,motor_imagery,T2,ds005284,1,1.0,-37.547126277493255,True
eegmmidb,S010,data/eegmmidb/S010/S010R12.edf,2,38,96.0,motor_imagery,T2,ds005284,1,0.9999999997927418,-40.478262861040335,True
eegmmidb,S010,data/eegmmidb/S010/S010R12.edf,2,39,98.0,motor_imagery,T0,ds005284,1,1.0,-43.646901232628274,True
eegmmidb,S010,data/eegmmidb/S010/S010R12.edf,2,40,102.0,motor_imagery,T2,ds005284,1,1.0,-46.62780967933577,True
eegmmidb,S010,data/eegmmidb/S010/S010R12.edf,2,41,104.0,motor_imagery,T2,ds005284,1,1.0,-40.075988412237045,True
eegmmidb,S010,data/eegmmidb/S010/S010R12.edf,2,42,106.0,motor_imagery,T0,ds005284,1,0.9999999982779286,-39.54936190237791,True
eegmmidb,S010,data/eegmmidb/S010/S010R12.edf,2,43,108.0,motor_imagery,T0,ds005284,1,0.9367731533196914,-52.15856646447545,True
eegmmidb,S010,data/eegmmidb/S010/S010R12.edf,2,44,112.0,motor_imagery,T1,ds005284,1,0.9999999999999929,-45.23898608673003,True
eegmmidb,S010,data/eegmmidb/S010/S010R12.edf,2,45,114.0,motor_imagery,T0,ds005284,1,1.0,-70.04811306234689,True
eegmmidb,S010,data/eegmmidb/S010/S010R12.edf,2,46,116.0,motor_imagery,T0,ds005284,1,1.0,-39.919659496575214,True
eegmmidb,S010,data/eegmmidb/S010/S010R12.edf,2,47,120.0,motor_imagery,T1,ds005284,1,1.0,-46.45786082890353,True
ds005284,sub-001,data/ds005284/sub-001/eeg/sub-001_task-26ByBiosemi_eeg.bdf,2,0,0.0,pain_protocol,unannotated,eegmmidb,1,0.9984411709293278,-31.074741264675996,False
ds005284,sub-001,data/ds005284/sub-001/eeg/sub-001_task-26ByBiosemi_eeg.bdf,2,1,6.0,pain_protocol,unannotated,eegmmidb,0,0.9999993241637039,-32.062476345099924,False
ds005284,sub-001,data/ds005284/sub-001/eeg/sub-001_task-26ByBiosemi_eeg.bdf,2,2,12.0,pain_protocol,unannotated,eegmmidb,1,1.0,-44.25758017485562,True
ds005284,sub-001,data/ds005284/sub-001/eeg/sub-001_task-26ByBiosemi_eeg.bdf,2,3,20.0,pain_protocol,unannotated,eegmmidb,1,0.9978571316570294,-32.23670274908081,False
ds005284,sub-001,data/ds005284/sub-001/eeg/sub-001_task-26ByBiosemi_eeg.bdf,2,4,26.0,pain_protocol,unannotated,eegmmidb,1,1.0,-33.39044827989,False
ds005284,sub-001,data/ds005284/sub-001/eeg/sub-001_task-26ByBiosemi_eeg.bdf,2,5,34.0,pain_protocol,unannotated,eegmmidb,1,1.0,-33.22299845905403,False
ds005284,sub-001,data/ds005284/sub-001/eeg/sub-001_task-26ByBiosemi_eeg.bdf,2,6,40.0,pain_protocol,unannotated,eegmmidb,1,1.0,-36.44411199985585,True
ds005284,sub-001,data/ds005284/sub-001/eeg/sub-001_task-26ByBiosemi_eeg.bdf,2,7,48.0,pain_protocol,unannotated,eegmmidb,1,1.0,-33.408919658678265,False
ds005284,sub-001,data/ds005284/sub-001/eeg/sub-001_task-26ByBiosemi_eeg.bdf,2,8,54.0,pain_protocol,unannotated,eegmmidb,1,1.0,-28.273130618186364,False
ds005284,sub-001,data/ds005284/sub-001/eeg/sub-001_task-26ByBiosemi_eeg.bdf,2,9,62.0,pain_protocol,unannotated,eegmmidb,2,0.9997803820965241,-31.80204055124496,False
ds005284,sub-001,data/ds005284/sub-001/eeg/sub-001_task-26ByBiosemi_eeg.bdf,2,10,68.0,pain_protocol,unannotated,eegmmidb,0,0.9999999999993143,-31.219251712776234,False
ds005284,sub-001,data/ds005284/sub-001/eeg/sub-001_task-26ByBiosemi_eeg.bdf,2,11,76.0,pain_protocol,unannotated,eegmmidb,2,1.0,-71.38308565188942,True
ds005284,sub-001,data/ds005284/sub-001/eeg/sub-001_task-26ByBiosemi_eeg.bdf,2,12,82.0,pain_protocol,unannotated,eegmmidb,2,0.9999999999998579,-38.5606285790229,True
ds005284,sub-001,data/ds005284/sub-001/eeg/sub-001_task-26ByBiosemi_eeg.bdf,2,13,90.0,pain_protocol,unannotated,eegmmidb,0,0.9999993628210118,-37.897400948265,True
ds005284,sub-001,data/ds005284/sub-001/eeg/sub-001_task-26ByBiosemi_eeg.bdf,2,14,96.0,pain_protocol,unannotated,eegmmidb,2,0.9999998655338321,-33.836669075608405,False
ds005284,sub-001,data/ds005284/sub-001/eeg/sub-001_task-26ByBiosemi_eeg.bdf,2,15,104.0,pain_protocol,unannotated,eegmmidb,1,0.8711275510795949,-35.66704322466567,False
ds005284,sub-001,data/ds005284/sub-001/eeg/sub-001_task-26ByBiosemi_eeg.bdf,2,16,110.0,pain_protocol,unannotated,eegmmidb,2,0.9970616378699978,-39.14946204807701,True
ds005284,sub-001,data/ds005284/sub-001/eeg/sub-001_task-26ByBiosemi_eeg.bdf,2,17,116.0,pain_protocol,unannotated,eegmmidb,2,0.9999999895797984,-46.23434175528973,True
ds005284,sub-001,data/ds005284/sub-001/eeg/sub-001_task-26ByBiosemi_eeg.bdf,2,18,124.0,pain_protocol,unannotated,eegmmidb,1,0.9999999949847229,-28.532498256344415,False
ds005284,sub-001,data/ds005284/sub-001/eeg/sub-001_task-26ByBiosemi_eeg.bdf,2,19,130.0,pain_protocol,unannotated,eegmmidb,0,0.9660750721780771,-37.531719681517544,True
ds005284,sub-001,data/ds005284/sub-001/eeg/sub-001_task-26ByBiosemi_eeg.bdf,2,20,138.0,pain_protocol,unannotated,eegmmidb,1,0.999998800873763,-37.81739698202712,True
ds005284,sub-001,data/ds005284/sub-001/eeg/sub-001_task-26ByBiosemi_eeg.bdf,2,21,144.0,pain_protocol,unannotated,eegmmidb,1,0.999999957276942,-33.18237901342906,False
ds005284,sub-001,data/ds005284/sub-001/eeg/sub-001_task-26ByBiosemi_eeg.bdf,2,22,152.0,pain_protocol,unannotated,eegmmidb,1,0.7324953392313321,-40.25191679747465,True
ds005284,sub-001,data/ds005284/sub-001/eeg/sub-001_task-26ByBiosemi_eeg.bdf,2,23,158.0,pain_protocol,unannotated,eegmmidb,0,0.9999999907091173,-30.11587892746428,False
ds005284,sub-001,data/ds005284/sub-001/eeg/sub-001_task-26ByBiosemi_eeg.bdf,2,24,166.0,pain_protocol,unannotated,eegmmidb,1,0.9999999411556945,-32.719411290072834,False
ds005284,sub-001,data/ds005284/sub-001/eeg/sub-001_task-26ByBiosemi_eeg.bdf,2,25,172.0,pain_protocol,unannotated,eegmmidb,1,0.9999999999811564,-85.00971381830412,True
ds005284,sub-001,data/ds005284/sub-001/eeg/sub-001_task-26ByBiosemi_eeg.bdf,2,26,180.0,pain_protocol,unannotated,eegmmidb,1,0.9998891223114552,-36.19285332538057,False
ds005284,sub-001,data/ds005284/sub-001/eeg/sub-001_task-26ByBiosemi_eeg.bdf,2,27,186.0,pain_protocol,unannotated,eegmmidb,0,0.999999248076284,-31.34594149607504,False
ds005284,sub-001,data/ds005284/sub-001/eeg/sub-001_task-26ByBiosemi_eeg.bdf,2,28,194.0,pain_protocol,unannotated,eegmmidb,1,0.997140689719962,-36.57776326894337,True
ds005284,sub-001,data/ds005284/sub-001/eeg/sub-001_task-26ByBiosemi_eeg.bdf,2,29,200.0,pain_protocol,unannotated,eegmmidb,1,0.9998386308831092,-39.05660369668668,True
ds005284,sub-001,data/ds005284/sub-001/eeg/sub-001_task-26ByBiosemi_eeg.bdf,2,30,208.0,pain_protocol,unannotated,eegmmidb,2,0.5823054173285496,-37.99668743165911,True
ds005284,sub-001,data/ds005284/sub-001/eeg/sub-001_task-26ByBiosemi_eeg.bdf,2,31,214.0,pain_protocol,unannotated,eegmmidb,1,1.0,-34.282577749282666,False
ds005284,sub-001,data/ds005284/sub-001/eeg/sub-001_task-26ByBiosemi_eeg.bdf,2,32,220.0,pain_protocol,unannotated,eegmmidb,1,0.9998898112516849,-38.382729782044194,True
ds005284,sub-001,data/ds005284/sub-001/eeg/sub-001_task-26ByBiosemi_eeg.bdf,2,33,228.0,pain_protocol,unannotated,eegmmidb,1,1.0,-34.9378356734676,False
ds005284,sub-001,data/ds005284/sub-001/eeg/sub-001_task-26ByBiosemi_eeg.bdf,2,34,234.0,pain_protocol,unannotated,eegmmidb,1,0.9999999999999964,-29.01282907807195,False
ds005284,sub-001,data/ds005284/sub-001/eeg/sub-001_task-26ByBiosemi_eeg.bdf,2,35,242.0,pain_protocol,unannotated,eegmmidb,0,0.999988113064334,-33.019326883202304,False
ds005284,sub-001,data/ds005284/sub-001/eeg/sub-001_task-26ByBiosemi_eeg.bdf,2,36,248.0,pain_protocol,unannotated,eegmmidb,1,1.0,-30.733130016593435,False
ds005284,sub-001,data/ds005284/sub-001/eeg/sub-001_task-26ByBiosemi_eeg.bdf,2,37,256.0,pain_protocol,unannotated,eegmmidb,1,0.9868068435636974,-35.85151993826406,False
ds005284,sub-001,data/ds005284/sub-001/eeg/sub-001_task-26ByBiosemi_eeg.bdf,2,38,262.0,pain_protocol,unannotated,eegmmidb,1,0.9999997582783714,-30.583097716922644,False
ds005284,sub-001,data/ds005284/sub-001/eeg/sub-001_task-26ByBiosemi_eeg.bdf,2,39,270.0,pain_protocol,unannotated,eegmmidb,1,0.9999971554282424,-33.39968183173386,False
ds005284,sub-001,data/ds005284/sub-001/eeg/sub-001_task-26ByBiosemi_eeg.bdf,2,40,276.0,pain_protocol,unannotated,eegmmidb,2,0.9509620419576258,-45.0377483754234,True
ds005284,sub-001,data/ds005284/sub-001/eeg/sub-001_task-26ByBiosemi_eeg.bdf,2,41,284.0,pain_protocol,unannotated,eegmmidb,1,0.9631032867743412,-38.90839918521496,True
ds005284,sub-001,data/ds005284/sub-001/eeg/sub-001_task-26ByBiosemi_eeg.bdf,2,42,290.0,pain_protocol,unannotated,eegmmidb,2,0.9682379639517943,-43.3754139350248,True
ds005284,sub-001,data/ds005284/sub-001/eeg/sub-001_task-26ByBiosemi_eeg.bdf,2,43,298.0,pain_protocol,unannotated,eegmmidb,0,0.9999872344554058,-42.857704386227915,True
ds005284,sub-001,data/ds005284/sub-001/eeg/sub-001_task-26ByBiosemi_eeg.bdf,2,44,304.0,pain_protocol,unannotated,eegmmidb,1,0.9998125089270135,-34.269692672193514,False
ds005284,sub-001,data/ds005284/sub-001/eeg/sub-001_task-26ByBiosemi_eeg.bdf,2,45,312.0,pain_protocol,unannotated,eegmmidb,2,0.9999999999838565,-34.40760951082693,False
ds005284,sub-001,data/ds005284/sub-001/eeg/sub-001_task-26ByBiosemi_eeg.bdf,2,46,318.0,pain_protocol,unannotated,eegmmidb,1,0.9974508542829857,-39.4288086194279,True
ds005284,sub-001,data/ds005284/sub-001/eeg/sub-001_task-26ByBiosemi_eeg.bdf,2,47,326.0,pain_protocol,unannotated,eegmmidb,1,1.0,-36.52721220124499,True
ds005284,sub-002,data/ds005284/sub-002/eeg/sub-002_task-26ByBiosemi_eeg.bdf,2,0,0.0,pain_protocol,unannotated,eegmmidb,2,0.9956727113720296,-28.15120730061312,False
ds005284,sub-002,data/ds005284/sub-002/eeg/sub-002_task-26ByBiosemi_eeg.bdf,2,1,6.0,pain_protocol,unannotated,eegmmidb,0,0.9999993153806271,-20.684325707821582,False
ds005284,sub-002,data/ds005284/sub-002/eeg/sub-002_task-26ByBiosemi_eeg.bdf,2,2,12.0,pain_protocol,unannotated,eegmmidb,0,0.9999998077961691,-22.418886606467733,False
ds005284,sub-002,data/ds005284/sub-002/eeg/sub-002_task-26ByBiosemi_eeg.bdf,2,3,20.0,pain_protocol,unannotated,eegmmidb,0,0.9999999061876226,-25.362608886350532,False
ds005284,sub-002,data/ds005284/sub-002/eeg/sub-002_task-26ByBiosemi_eeg.bdf,2,4,26.0,pain_protocol,unannotated,eegmmidb,2,0.9959786396127296,-36.10374985147071,False
ds005284,sub-002,data/ds005284/sub-002/eeg/sub-002_task-26ByBiosemi_eeg.bdf,2,5,34.0,pain_protocol,unannotated,eegmmidb,0,0.9979012373985753,-29.1649039897354,False
ds005284,sub-002,data/ds005284/sub-002/eeg/sub-002_task-26ByBiosemi_eeg.bdf,2,6,40.0,pain_protocol,unannotated,eegmmidb,1,0.9999999999999964,-31.744902447472544,False
ds005284,sub-002,data/ds005284/sub-002/eeg/sub-002_task-26ByBiosemi_eeg.bdf,2,7,48.0,pain_protocol,unannotated,eegmmidb,1,1.0,-40.62152891728161,True
ds005284,sub-002,data/ds005284/sub-002/eeg/sub-002_task-26ByBiosemi_eeg.bdf,2,8,54.0,pain_protocol,unannotated,eegmmidb,1,0.9981579856255447,-28.413211788279884,False
ds005284,sub-002,data/ds005284/sub-002/eeg/sub-002_task-26ByBiosemi_eeg.bdf,2,9,62.0,pain_protocol,unannotated,eegmmidb,0,0.9999997378803253,-21.831838284413216,False
ds005284,sub-002,data/ds005284/sub-002/eeg/sub-002_task-26ByBiosemi_eeg.bdf,2,10,68.0,pain_protocol,unannotated,eegmmidb,0,0.9999999999999396,-23.397642314265084,False
ds005284,sub-002,data/ds005284/sub-002/eeg/sub-002_task-26ByBiosemi_eeg.bdf,2,11,76.0,pain_protocol,unannotated,eegmmidb,0,0.9906615806835739,-21.72941652514443,False
ds005284,sub-002,data/ds005284/sub-002/eeg/sub-002_task-26ByBiosemi_eeg.bdf,2,12,82.0,pain_protocol,unannotated,eegmmidb,0,0.9999999999961453,-23.665307818571662,False
ds005284,sub-002,data/ds005284/sub-002/eeg/sub-002_task-26ByBiosemi_eeg.bdf,2,13,90.0,pain_protocol,unannotated,eegmmidb,0,0.6161853899611266,-22.642706908734933,False
ds005284,sub-002,data/ds005284/sub-002/eeg/sub-002_task-26ByBiosemi_eeg.bdf,2,14,96.0,pain_protocol,unannotated,eegmmidb,2,0.9999999709576497,-30.211287386310737,False
ds005284,sub-002,data/ds005284/sub-002/eeg/sub-002_task-26ByBiosemi_eeg.bdf,2,15,104.0,pain_protocol,unannotated,eegmmidb,2,0.9843691117438207,-32.679858548352584,False
ds005284,sub-002,data/ds005284/sub-002/eeg/sub-002_task-26ByBiosemi_eeg.bdf,2,16,110.0,pain_protocol,unannotated,eegmmidb,2,0.9671138279500106,-31.590374650128425,False
ds005284,sub-002,data/ds005284/sub-002/eeg/sub-002_task-26ByBiosemi_eeg.bdf,2,17,116.0,pain_protocol,unannotated,eegmmidb,2,0.99937899723484,-30.848457023422977,False
ds005284,sub-002,data/ds005284/sub-002/eeg/sub-002_task-26ByBiosemi_eeg.bdf,2,18,124.0,pain_protocol,unannotated,eegmmidb,1,0.6218903773233542,-36.41427588338138,True
ds005284,sub-002,data/ds005284/sub-002/eeg/sub-002_task-26ByBiosemi_eeg.bdf,2,19,130.0,pain_protocol,unannotated,eegmmidb,0,0.9999473691840951,-17.588894313276853,False
ds005284,sub-002,data/ds005284/sub-002/eeg/sub-002_task-26ByBiosemi_eeg.bdf,2,20,138.0,pain_protocol,unannotated,eegmmidb,2,0.9999696290602601,-42.012946604230066,True
ds005284,sub-002,data/ds005284/sub-002/eeg/sub-002_task-26ByBiosemi_eeg.bdf,2,21,144.0,pain_protocol,unannotated,eegmmidb,0,0.6142986151862218,-25.19964127610606,False
ds005284,sub-002,data/ds005284/sub-002/eeg/sub-002_task-26ByBiosemi_eeg.bdf,2,22,152.0,pain_protocol,unannotated,eegmmidb,2,0.5837535892202224,-20.20138422396204,True
ds005284,sub-002,data/ds005284/sub-002/eeg/sub-002_task-26ByBiosemi_eeg.bdf,2,23,158.0,pain_protocol,unannotated,eegmmidb,0,0.9999950849502742,-21.63171622162725,False
ds005284,sub-002,data/ds005284/sub-002/eeg/sub-002_task-26ByBiosemi_eeg.bdf,2,24,166.0,pain_protocol,unannotated,eegmmidb,2,0.9690950747724355,-26.96592904685827,False
ds005284,sub-002,data/ds005284/sub-002/eeg/sub-002_task-26ByBiosemi_eeg.bdf,2,25,172.0,pain_protocol,unannotated,eegmmidb,0,0.9999999988762127,-23.831654071552673,False
ds005284,sub-002,data/ds005284/sub-002/eeg/sub-002_task-26ByBiosemi_eeg.bdf,2,26,180.0,pain_protocol,unannotated,eegmmidb,2,0.9346327356650329,-24.798021136619695,False
ds005284,sub-002,data/ds005284/sub-002/eeg/sub-002_task-26ByBiosemi_eeg.bdf,2,27,186.0,pain_protocol,unannotated,eegmmidb,0,0.9999999999992752,-18.04347084642259,False
ds005284,sub-002,data/ds005284/sub-002/eeg/sub-002_task-26ByBiosemi_eeg.bdf,2,28,194.0,pain_protocol,unannotated,eegmmidb,2,0.9969035074430058,-28.69033974727974,False
ds005284,sub-002,data/ds005284/sub-002/eeg/sub-002_task-26ByBiosemi_eeg.bdf,2,29,200.0,pain_protocol,unannotated,eegmmidb,0,0.9999999730145287,-22.836397872231153,False
ds005284,sub-002,data/ds005284/sub-002/eeg/sub-002_task-26ByBiosemi_eeg.bdf,2,30,208.0,pain_protocol,unannotated,eegmmidb,0,0.9999987000727384,-15.272830181783496,False
ds005284,sub-002,data/ds005284/sub-002/eeg/sub-002_task-26ByBiosemi_eeg.bdf,2,31,214.0,pain_protocol,unannotated,eegmmidb,0,0.999889480196954,-26.23934106048185,False
ds005284,sub-002,data/ds005284/sub-002/eeg/sub-002_task-26ByBiosemi_eeg.bdf,2,32,220.0,pain_protocol,unannotated,eegmmidb,2,0.9979898379052067,-25.298480668507764,False
ds005284,sub-002,data/ds005284/sub-002/eeg/sub-002_task-26ByBiosemi_eeg.bdf,2,33,228.0,pain_protocol,unannotated,eegmmidb,0,0.8096749130976258,-27.35539209163661,False
ds005284,sub-002,data/ds005284/sub-002/eeg/sub-002_task-26ByBiosemi_eeg.bdf,2,34,234.0,pain_protocol,unannotated,eegmmidb,0,0.999999999972438,-18.85872611867708,False
ds005284,sub-002,data/ds005284/sub-002/eeg/sub-002_task-26ByBiosemi_eeg.bdf,2,35,242.0,pain_protocol,unannotated,eegmmidb,0,0.9999999961926314,-24.313152910276905,False
ds005284,sub-002,data/ds005284/sub-002/eeg/sub-002_task-26ByBiosemi_eeg.bdf,2,36,248.0,pain_protocol,unannotated,eegmmidb,0,0.5518889147932687,-31.425160521271653,True
ds005284,sub-002,data/ds005284/sub-002/eeg/sub-002_task-26ByBiosemi_eeg.bdf,2,37,256.0,pain_protocol,unannotated,eegmmidb,2,0.9931980908516427,-27.988581551732832,False
ds005284,sub-002,data/ds005284/sub-002/eeg/sub-002_task-26ByBiosemi_eeg.bdf,2,38,262.0,pain_protocol,unannotated,eegmmidb,2,0.9962539682758499,-28.565933564199387,False
ds005284,sub-002,data/ds005284/sub-002/eeg/sub-002_task-26ByBiosemi_eeg.bdf,2,39,270.0,pain_protocol,unannotated,eegmmidb,2,0.9411191715888446,-24.37661149550986,False
ds005284,sub-002,data/ds005284/sub-002/eeg/sub-002_task-26ByBiosemi_eeg.bdf,2,40,276.0,pain_protocol,unannotated,eegmmidb,2,0.7411611809981233,-34.148586755293046,False
ds005284,sub-002,data/ds005284/sub-002/eeg/sub-002_task-26ByBiosemi_eeg.bdf,2,41,284.0,pain_protocol,unannotated,eegmmidb,0,0.999992875877275,-21.14779156689306,False
ds005284,sub-002,data/ds005284/sub-002/eeg/sub-002_task-26ByBiosemi_eeg.bdf,2,42,290.0,pain_protocol,unannotated,eegmmidb,0,0.9999998022245631,-22.249232097165606,False
ds005284,sub-002,data/ds005284/sub-002/eeg/sub-002_task-26ByBiosemi_eeg.bdf,2,43,298.0,pain_protocol,unannotated,eegmmidb,0,0.999999965047064,-29.622350795716187,False
ds005284,sub-002,data/ds005284/sub-002/eeg/sub-002_task-26ByBiosemi_eeg.bdf,2,44,304.0,pain_protocol,unannotated,eegmmidb,2,0.9999999584683517,-27.17416529826507,False
ds005284,sub-002,data/ds005284/sub-002/eeg/sub-002_task-26ByBiosemi_eeg.bdf,2,45,312.0,pain_protocol,unannotated,eegmmidb,2,0.7578662888863519,-37.20169461010475,True
ds005284,sub-002,data/ds005284/sub-002/eeg/sub-002_task-26ByBiosemi_eeg.bdf,2,46,318.0,pain_protocol,unannotated,eegmmidb,1,0.9657075105660304,-39.03436891728587,True
ds005284,sub-002,data/ds005284/sub-002/eeg/sub-002_task-26ByBiosemi_eeg.bdf,2,47,326.0,pain_protocol,unannotated,eegmmidb,1,0.9992450224969133,-30.44436776754915,False
ds005284,sub-003,data/ds005284/sub-003/eeg/sub-003_task-26ByBiosemi_eeg.bdf,2,0,0.0,pain_protocol,unannotated,eegmmidb,0,0.9999999999569482,-19.291570004401837,False
ds005284,sub-003,data/ds005284/sub-003/eeg/sub-003_task-26ByBiosemi_eeg.bdf,2,1,6.0,pain_protocol,unannotated,eegmmidb,2,1.0,-53.7056250201727,True
ds005284,sub-003,data/ds005284/sub-003/eeg/sub-003_task-26ByBiosemi_eeg.bdf,2,2,12.0,pain_protocol,unannotated,eegmmidb,2,1.0,-51.7522400972688,True
ds005284,sub-003,data/ds005284/sub-003/eeg/sub-003_task-26ByBiosemi_eeg.bdf,2,3,20.0,pain_protocol,unannotated,eegmmidb,2,0.9999999999999929,-47.72940460951968,True
ds005284,sub-003,data/ds005284/sub-003/eeg/sub-003_task-26ByBiosemi_eeg.bdf,2,4,26.0,pain_protocol,unannotated,eegmmidb,2,0.9942086531970457,-62.4170897050274,True
ds005284,sub-003,data/ds005284/sub-003/eeg/sub-003_task-26ByBiosemi_eeg.bdf,2,5,34.0,pain_protocol,unannotated,eegmmidb,0,0.9999995038188226,-35.06052151591055,False
ds005284,sub-003,data/ds005284/sub-003/eeg/sub-003_task-26ByBiosemi_eeg.bdf,2,6,40.0,pain_protocol,unannotated,eegmmidb,0,0.9999927879193549,-42.68014437844195,True
ds005284,sub-003,data/ds005284/sub-003/eeg/sub-003_task-26ByBiosemi_eeg.bdf,2,7,48.0,pain_protocol,unannotated,eegmmidb,2,0.9999894152222595,-40.006999844913324,True
ds005284,sub-003,data/ds005284/sub-003/eeg/sub-003_task-26ByBiosemi_eeg.bdf,2,8,54.0,pain_protocol,unannotated,eegmmidb,2,0.9999999999963194,-55.36971575265637,True
ds005284,sub-003,data/ds005284/sub-003/eeg/sub-003_task-26ByBiosemi_eeg.bdf,2,9,62.0,pain_protocol,unannotated,eegmmidb,2,0.9999999999983729,-47.48000802591238,True
ds005284,sub-003,data/ds005284/sub-003/eeg/sub-003_task-26ByBiosemi_eeg.bdf,2,10,68.0,pain_protocol,unannotated,eegmmidb,2,1.0,-49.45637400830948,True
ds005284,sub-003,data/ds005284/sub-003/eeg/sub-003_task-26ByBiosemi_eeg.bdf,2,11,76.0,pain_protocol,unannotated,eegmmidb,0,0.9999848201782556,-29.06134757162916,False
ds005284,sub-003,data/ds005284/sub-003/eeg/sub-003_task-26ByBiosemi_eeg.bdf,2,12,82.0,pain_protocol,unannotated,eegmmidb,2,0.9999999997692655,-54.85298323785237,True
ds005284,sub-003,data/ds005284/sub-003/eeg/sub-003_task-26ByBiosemi_eeg.bdf,2,13,90.0,pain_protocol,unannotated,eegmmidb,0,0.9999999970067286,-29.22757735057659,False
ds005284,sub-003,data/ds005284/sub-003/eeg/sub-003_task-26ByBiosemi_eeg.bdf,2,14,96.0,pain_protocol,unannotated,eegmmidb,2,1.0,-47.38540567774801,True
ds005284,sub-003,data/ds005284/sub-003/eeg/sub-003_task-26ByBiosemi_eeg.bdf,2,15,104.0,pain_protocol,unannotated,eegmmidb,2,1.0,-57.346343227221716,True
ds005284,sub-003,data/ds005284/sub-003/eeg/sub-003_task-26ByBiosemi_eeg.bdf,2,16,110.0,pain_protocol,unannotated,eegmmidb,0,0.9999341890776766,-38.700297161708306,True
ds005284,sub-003,data/ds005284/sub-003/eeg/sub-003_task-26ByBiosemi_eeg.bdf,2,17,118.0,pain_protocol,unannotated,eegmmidb,2,0.9999801697684563,-42.673310433540706,True
ds005284,sub-003,data/ds005284/sub-003/eeg/sub-003_task-26ByBiosemi_eeg.bdf,2,18,124.0,pain_protocol,unannotated,eegmmidb,0,1.0,-32.78203069227317,False
ds005284,sub-003,data/ds005284/sub-003/eeg/sub-003_task-26ByBiosemi_eeg.bdf,2,19,132.0,pain_protocol,unannotated,eegmmidb,1,0.9999999999999076,-36.21258676152248,False
ds005284,sub-003,data/ds005284/sub-003/eeg/sub-003_task-26ByBiosemi_eeg.bdf,2,20,138.0,pain_protocol,unannotated,eegmmidb,2,0.8454641722248621,-30.808469018692275,False
ds005284,sub-003,data/ds005284/sub-003/eeg/sub-003_task-26ByBiosemi_eeg.bdf,2,21,146.0,pain_protocol,unannotated,eegmmidb,0,0.5702770186949427,-25.02974507220352,True
ds005284,sub-003,data/ds005284/sub-003/eeg/sub-003_task-26ByBiosemi_eeg.bdf,2,22,152.0,pain_protocol,unannotated,eegmmidb,0,0.9999999881457349,-27.088057966544504,False
ds005284,sub-003,data/ds005284/sub-003/eeg/sub-003_task-26ByBiosemi_eeg.bdf,2,23,160.0,pain_protocol,unannotated,eegmmidb,2,0.9999998133277931,-35.06195991752815,False
ds005284,sub-003,data/ds005284/sub-003/eeg/sub-003_task-26ByBiosemi_eeg.bdf,2,24,166.0,pain_protocol,unannotated,eegmmidb,0,0.9999999999916973,-25.005842749605122,False
ds005284,sub-003,data/ds005284/sub-003/eeg/sub-003_task-26ByBiosemi_eeg.bdf,2,25,174.0,pain_protocol,unannotated,eegmmidb,2,1.0,-59.08747224437382,True
ds005284,sub-003,data/ds005284/sub-003/eeg/sub-003_task-26ByBiosemi_eeg.bdf,2,26,180.0,pain_protocol,unannotated,eegmmidb,0,0.9984793044109143,-34.1139647602149,False
ds005284,sub-003,data/ds005284/sub-003/eeg/sub-003_task-26ByBiosemi_eeg.bdf,2,27,188.0,pain_protocol,unannotated,eegmmidb,0,0.9999940839024178,-23.13813884196282,False
ds005284,sub-003,data/ds005284/sub-003/eeg/sub-003_task-26ByBiosemi_eeg.bdf,2,28,194.0,pain_protocol,unannotated,eegmmidb,1,0.9346271818027475,-36.27763116470135,False
ds005284,sub-003,data/ds005284/sub-003/eeg/sub-003_task-26ByBiosemi_eeg.bdf,2,29,202.0,pain_protocol,unannotated,eegmmidb,0,0.9999920234346382,-32.71275126387169,False
ds005284,sub-003,data/ds005284/sub-003/eeg/sub-003_task-26ByBiosemi_eeg.bdf,2,30,208.0,pain_protocol,unannotated,eegmmidb,0,0.9999999999999432,-26.288615431076327,False
ds005284,sub-003,data/ds005284/sub-003/eeg/sub-003_task-26ByBiosemi_eeg.bdf,2,31,216.0,pain_protocol,unannotated,eegmmidb,0,0.9546384578494296,-35.13543634255317,False
ds005284,sub-003,data/ds005284/sub-003/eeg/sub-003_task-26ByBiosemi_eeg.bdf,2,32,222.0,pain_protocol,unannotated,eegmmidb,0,0.9992415225869756,-41.04106324316496,True
ds005284,sub-003,data/ds005284/sub-003/eeg/sub-003_task-26ByBiosemi_eeg.bdf,2,33,230.0,pain_protocol,unannotated,eegmmidb,0,1.0,-27.951739225171362,False
ds005284,sub-003,data/ds005284/sub-003/eeg/sub-003_task-26ByBiosemi_eeg.bdf,2,34,236.0,pain_protocol,unannotated,eegmmidb,2,0.9999696076021661,-28.976555090382202,False
ds005284,sub-003,data/ds005284/sub-003/eeg/sub-003_task-26ByBiosemi_eeg.bdf,2,35,244.0,pain_protocol,unannotated,eegmmidb,0,0.9999999999999964,-23.749328130175392,False
ds005284,sub-003,data/ds005284/sub-003/eeg/sub-003_task-26ByBiosemi_eeg.bdf,2,36,250.0,pain_protocol,unannotated,eegmmidb,2,1.0,-49.03209219849986,True
ds005284,sub-003,data/ds005284/sub-003/eeg/sub-003_task-26ByBiosemi_eeg.bdf,2,37,258.0,pain_protocol,unannotated,eegmmidb,0,0.6620401238825044,-38.32159719142982,True
ds005284,sub-003,data/ds005284/sub-003/eeg/sub-003_task-26ByBiosemi_eeg.bdf,2,38,264.0,pain_protocol,unannotated,eegmmidb,0,0.9993183651877713,-40.762736325481974,True
ds005284,sub-003,data/ds005284/sub-003/eeg/sub-003_task-26ByBiosemi_eeg.bdf,2,39,272.0,pain_protocol,unannotated,eegmmidb,0,0.9999999999416147,-24.142844767054083,False
ds005284,sub-003,data/ds005284/sub-003/eeg/sub-003_task-26ByBiosemi_eeg.bdf,2,40,278.0,pain_protocol,unannotated,eegmmidb,0,0.9999884078538527,-24.68610221771609,False
ds005284,sub-003,data/ds005284/sub-003/eeg/sub-003_task-26ByBiosemi_eeg.bdf,2,41,286.0,pain_protocol,unannotated,eegmmidb,0,0.9996333976552931,-32.292494284044324,False
ds005284,sub-003,data/ds005284/sub-003/eeg/sub-003_task-26ByBiosemi_eeg.bdf,2,42,292.0,pain_protocol,unannotated,eegmmidb,0,0.9999999999994458,-25.915361273084063,False
ds005284,sub-003,data/ds005284/sub-003/eeg/sub-003_task-26ByBiosemi_eeg.bdf,2,43,300.0,pain_protocol,unannotated,eegmmidb,2,1.0,-51.008838721002384,True
ds005284,sub-003,data/ds005284/sub-003/eeg/sub-003_task-26ByBiosemi_eeg.bdf,2,44,306.0,pain_protocol,unannotated,eegmmidb,0,0.999999999999865,-25.737977773794373,False
ds005284,sub-003,data/ds005284/sub-003/eeg/sub-003_task-26ByBiosemi_eeg.bdf,2,45,314.0,pain_protocol,unannotated,eegmmidb,2,1.0,-52.97812261662727,True
ds005284,sub-003,data/ds005284/sub-003/eeg/sub-003_task-26ByBiosemi_eeg.bdf,2,46,320.0,pain_protocol,unannotated,eegmmidb,0,0.9999371877734956,-37.99805895216647,True
ds005284,sub-003,data/ds005284/sub-003/eeg/sub-003_task-26ByBiosemi_eeg.bdf,2,47,328.0,pain_protocol,unannotated,eegmmidb,0,0.9999999999229701,-22.33536611354823,False
ds005284,sub-004,data/ds005284/sub-004/eeg/sub-004_task-26ByBiosemi_eeg.bdf,2,0,0.0,pain_protocol,unannotated,eegmmidb,2,0.7511883242260367,-32.33984068666122,False
ds005284,sub-004,data/ds005284/sub-004/eeg/sub-004_task-26ByBiosemi_eeg.bdf,2,1,6.0,pain_protocol,unannotated,eegmmidb,2,0.999784658117625,-26.91988153033002,False
ds005284,sub-004,data/ds005284/sub-004/eeg/sub-004_task-26ByBiosemi_eeg.bdf,2,2,12.0,pain_protocol,unannotated,eegmmidb,1,0.7832128706458299,-36.528219640315214,True
ds005284,sub-004,data/ds005284/sub-004/eeg/sub-004_task-26ByBiosemi_eeg.bdf,2,3,20.0,pain_protocol,unannotated,eegmmidb,0,0.9999997843687628,-25.38062927754932,False
ds005284,sub-004,data/ds005284/sub-004/eeg/sub-004_task-26ByBiosemi_eeg.bdf,2,4,26.0,pain_protocol,unannotated,eegmmidb,0,0.9999740944364579,-29.427431186964952,False
ds005284,sub-004,data/ds005284/sub-004/eeg/sub-004_task-26ByBiosemi_eeg.bdf,2,5,34.0,pain_protocol,unannotated,eegmmidb,0,0.9512798736189638,-35.353242783050014,False
ds005284,sub-004,data/ds005284/sub-004/eeg/sub-004_task-26ByBiosemi_eeg.bdf,2,6,40.0,pain_protocol,unannotated,eegmmidb,0,0.9999999996709512,-23.599440472443185,False
ds005284,sub-004,data/ds005284/sub-004/eeg/sub-004_task-26ByBiosemi_eeg.bdf,2,7,48.0,pain_protocol,unannotated,eegmmidb,2,0.9999322866439271,-29.91494101874319,False
ds005284,sub-004,data/ds005284/sub-004/eeg/sub-004_task-26ByBiosemi_eeg.bdf,2,8,54.0,pain_protocol,unannotated,eegmmidb,2,0.9949771300086322,-32.19948221403867,False
ds005284,sub-004,data/ds005284/sub-004/eeg/sub-004_task-26ByBiosemi_eeg.bdf,2,9,62.0,pain_protocol,unannotated,eegmmidb,1,0.9968232683512807,-35.90569162059808,False
ds005284,sub-004,data/ds005284/sub-004/eeg/sub-004_task-26ByBiosemi_eeg.bdf,2,10,68.0,pain_protocol,unannotated,eegmmidb,1,0.999814942003808,-32.874554415277444,False
ds005284,sub-004,data/ds005284/sub-004/eeg/sub-004_task-26ByBiosemi_eeg.bdf,2,11,74.0,pain_protocol,unannotated,eegmmidb,0,0.9698700482190001,-29.355533426712626,False
ds005284,sub-004,data/ds005284/sub-004/eeg/sub-004_task-26ByBiosemi_eeg.bdf,2,12,82.0,pain_protocol,unannotated,eegmmidb,2,0.7853846209211147,-38.37588580440042,True
ds005284,sub-004,data/ds005284/sub-004/eeg/sub-004_task-26ByBiosemi_eeg.bdf,2,13,88.0,pain_protocol,unannotated,eegmmidb,1,0.9995699604515726,-29.712710766616755,False
ds005284,sub-004,data/ds005284/sub-004/eeg/sub-004_task-26ByBiosemi_eeg.bdf,2,14,96.0,pain_protocol,unannotated,eegmmidb,1,0.9999999272212454,-28.699139039646244,False
ds005284,sub-004,data/ds005284/sub-004/eeg/sub-004_task-26ByBiosemi_eeg.bdf,2,15,102.0,pain_protocol,unannotated,eegmmidb,1,0.9880471927333194,-36.721316468225616,True
ds005284,sub-004,data/ds005284/sub-004/eeg/sub-004_task-26ByBiosemi_eeg.bdf,2,16,110.0,pain_protocol,unannotated,eegmmidb,2,0.9998497457627028,-28.222782687142946,False
ds005284,sub-004,data/ds005284/sub-004/eeg/sub-004_task-26ByBiosemi_eeg.bdf,2,17,116.0,pain_protocol,unannotated,eegmmidb,1,0.9999883478333356,-29.339044614759192,False
ds005284,sub-004,data/ds005284/sub-004/eeg/sub-004_task-26ByBiosemi_eeg.bdf,2,18,124.0,pain_protocol,unannotated,eegmmidb,1,0.9997307117761275,-33.34736045501517,False
ds005284,sub-004,data/ds005284/sub-004/eeg/sub-004_task-26ByBiosemi_eeg.bdf,2,19,130.0,pain_protocol,unannotated,eegmmidb,1,0.99763239196672,-29.62770583081544,False
ds005284,sub-004,data/ds005284/sub-004/eeg/sub-004_task-26ByBiosemi_eeg.bdf,2,20,136.0,pain_protocol,unannotated,eegmmidb,1,0.999996645267586,-41.46314652915483,True
ds005284,sub-004,data/ds005284/sub-004/eeg/sub-004_task-26ByBiosemi_eeg.bdf,2,21,144.0,pain_protocol,unannotated,eegmmidb,1,0.7671357441079214,-31.94587987968086,False
ds005284,sub-004,data/ds005284/sub-004/eeg/sub-004_task-26ByBiosemi_eeg.bdf,2,22,150.0,pain_protocol,unannotated,eegmmidb,2,0.9418866152514515,-32.20226892620749,False
ds005284,sub-004,data/ds005284/sub-004/eeg/sub-004_task-26ByBiosemi_eeg.bdf,2,23,158.0,pain_protocol,unannotated,eegmmidb,1,0.9992681934383917,-35.53183089629356,False
ds005284,sub-004,data/ds005284/sub-004/eeg/sub-004_task-26ByBiosemi_eeg.bdf,2,24,164.0,pain_protocol,unannotated,eegmmidb,1,0.9865272140701885,-33.73102538939303,False
ds005284,sub-004,data/ds005284/sub-004/eeg/sub-004_task-26ByBiosemi_eeg.bdf,2,25,172.0,pain_protocol,unannotated,eegmmidb,2,0.9999999999151754,-24.610910926835142,False
ds005284,sub-004,data/ds005284/sub-004/eeg/sub-004_task-26ByBiosemi_eeg.bdf,2,26,178.0,pain_protocol,unannotated,eegmmidb,1,0.9999332387454276,-33.08507249719326,False
ds005284,sub-004,data/ds005284/sub-004/eeg/sub-004_task-26ByBiosemi_eeg.bdf,2,27,186.0,pain_protocol,unannotated,eegmmidb,1,0.9998608351408643,-28.668675908959507,False
ds005284,sub-004,data/ds005284/sub-004/eeg/sub-004_task-26ByBiosemi_eeg.bdf,2,28,192.0,pain_protocol,unannotated,eegmmidb,1,0.9998962371748465,-30.799984915760795,False
ds005284,sub-004,data/ds005284/sub-004/eeg/sub-004_task-26ByBiosemi_eeg.bdf,2,29,198.0,pain_protocol,unannotated,eegmmidb,1,0.9653577913154777,-26.994500121351972,False
ds005284,sub-004,data/ds005284/sub-004/eeg/sub-004_task-26ByBiosemi_eeg.bdf,2,30,206.0,pain_protocol,unannotated,eegmmidb,1,1.0,-31.43634515384914,False
ds005284,sub-004,data/ds005284/sub-004/eeg/sub-004_task-26ByBiosemi_eeg.bdf,2,31,212.0,pain_protocol,unannotated,eegmmidb,1,0.9999999972758005,-27.727329084720978,False
ds005284,sub-004,data/ds005284/sub-004/eeg/sub-004_task-26ByBiosemi_eeg.bdf,2,32,220.0,pain_protocol,unannotated,eegmmidb,1,0.9954631223599177,-29.428452389945623,False
ds005284,sub-004,data/ds005284/sub-004/eeg/sub-004_task-26ByBiosemi_eeg.bdf,2,33,226.0,pain_protocol,unannotated,eegmmidb,0,0.7429329714759615,-29.90639013449703,False
ds005284,sub-004,data/ds005284/sub-004/eeg/sub-004_task-26ByBiosemi_eeg.bdf,2,34,234.0,pain_protocol,unannotated,eegmmidb,2,0.983893669549723,-34.689889350033155,False
ds005284,sub-004,data/ds005284/sub-004/eeg/sub-004_task-26ByBiosemi_eeg.bdf,2,35,240.0,pain_protocol,unannotated,eegmmidb,1,0.9995804130044973,-28.30544190135104,False
ds005284,sub-004,data/ds005284/sub-004/eeg/sub-004_task-26ByBiosemi_eeg.bdf,2,36,248.0,pain_protocol,unannotated,eegmmidb,2,0.9999845704603765,-21.49772576221193,False
ds005284,sub-004,data/ds005284/sub-004/eeg/sub-004_task-26ByBiosemi_eeg.bdf,2,37,254.0,pain_protocol,unannotated,eegmmidb,1,0.9668952342788844,-33.11829724543357,False
ds005284,sub-004,data/ds005284/sub-004/eeg/sub-004_task-26ByBiosemi_eeg.bdf,2,38,260.0,pain_protocol,unannotated,eegmmidb,1,0.9918876778911473,-33.358603481974804,False
ds005284,sub-004,data/ds005284/sub-004/eeg/sub-004_task-26ByBiosemi_eeg.bdf,2,39,268.0,pain_protocol,unannotated,eegmmidb,1,0.7766114416740477,-35.47118795479627,False
ds005284,sub-004,data/ds005284/sub-004/eeg/sub-004_task-26ByBiosemi_eeg.bdf,2,40,274.0,pain_protocol,unannotated,eegmmidb,1,0.9999857909559101,-26.75342684096925,False
ds005284,sub-004,data/ds005284/sub-004/eeg/sub-004_task-26ByBiosemi_eeg.bdf,2,41,282.0,pain_protocol,unannotated,eegmmidb,1,1.0,-28.76811277602522,False
ds005284,sub-004,data/ds005284/sub-004/eeg/sub-004_task-26ByBiosemi_eeg.bdf,2,42,288.0,pain_protocol,unannotated,eegmmidb,1,0.9581348097845215,-31.9941262579254,False
ds005284,sub-004,data/ds005284/sub-004/eeg/sub-004_task-26ByBiosemi_eeg.bdf,2,43,296.0,pain_protocol,unannotated,eegmmidb,1,0.9999999999999929,-31.50121785352409,False
ds005284,sub-004,data/ds005284/sub-004/eeg/sub-004_task-26ByBiosemi_eeg.bdf,2,44,302.0,pain_protocol,unannotated,eegmmidb,1,0.9999999999636096,-28.72786533468827,False
ds005284,sub-004,data/ds005284/sub-004/eeg/sub-004_task-26ByBiosemi_eeg.bdf,2,45,310.0,pain_protocol,unannotated,eegmmidb,1,0.9999988994414951,-30.033803915919883,False
ds005284,sub-004,data/ds005284/sub-004/eeg/sub-004_task-26ByBiosemi_eeg.bdf,2,46,316.0,pain_protocol,unannotated,eegmmidb,1,0.9998073766993062,-38.85247170189063,True
ds005284,sub-004,data/ds005284/sub-004/eeg/sub-004_task-26ByBiosemi_eeg.bdf,2,47,324.0,pain_protocol,unannotated,eegmmidb,1,0.9999987321002566,-27.658805134835273,False
ds005284,sub-005,data/ds005284/sub-005/eeg/sub-005_task-26ByBiosemi_eeg.bdf,2,0,0.0,pain_protocol,unannotated,eegmmidb,0,0.999999999987601,-33.82229447453901,False
ds005284,sub-005,data/ds005284/sub-005/eeg/sub-005_task-26ByBiosemi_eeg.bdf,2,1,6.0,pain_protocol,unannotated,eegmmidb,0,0.9999723878161036,-35.32904608668291,False
ds005284,sub-005,data/ds005284/sub-005/eeg/sub-005_task-26ByBiosemi_eeg.bdf,2,2,14.0,pain_protocol,unannotated,eegmmidb,1,1.0,-41.5891538959369,True
ds005284,sub-005,data/ds005284/sub-005/eeg/sub-005_task-26ByBiosemi_eeg.bdf,2,3,20.0,pain_protocol,unannotated,eegmmidb,1,1.0,-36.311623438169235,True
ds005284,sub-005,data/ds005284/sub-005/eeg/sub-005_task-26ByBiosemi_eeg.bdf,2,4,28.0,pain_protocol,unannotated,eegmmidb,1,1.0,-44.030712285162735,True
ds005284,sub-005,data/ds005284/sub-005/eeg/sub-005_task-26ByBiosemi_eeg.bdf,2,5,36.0,pain_protocol,unannotated,eegmmidb,1,1.0,-40.03140318762178,True
ds005284,sub-005,data/ds005284/sub-005/eeg/sub-005_task-26ByBiosemi_eeg.bdf,2,6,42.0,pain_protocol,unannotated,eegmmidb,1,1.0,-37.45969146226339,True
ds005284,sub-005,data/ds005284/sub-005/eeg/sub-005_task-26ByBiosemi_eeg.bdf,2,7,50.0,pain_protocol,unannotated,eegmmidb,1,1.0,-37.126934196309065,True
ds005284,sub-005,data/ds005284/sub-005/eeg/sub-005_task-26ByBiosemi_eeg.bdf,2,8,58.0,pain_protocol,unannotated,eegmmidb,1,0.9999999322564316,-36.84194181418145,True
ds005284,sub-005,data/ds005284/sub-005/eeg/sub-005_task-26ByBiosemi_eeg.bdf,2,9,64.0,pain_protocol,unannotated,eegmmidb,1,1.0,-35.985798940175556,False
ds005284,sub-005,data/ds005284/sub-005/eeg/sub-005_task-26ByBiosemi_eeg.bdf,2,10,72.0,pain_protocol,unannotated,eegmmidb,1,1.0,-37.265818086175,True
ds005284,sub-005,data/ds005284/sub-005/eeg/sub-005_task-26ByBiosemi_eeg.bdf,2,11,80.0,pain_protocol,unannotated,eegmmidb,1,0.9999561224737654,-39.347838557396614,True
ds005284,sub-005,data/ds005284/sub-005/eeg/sub-005_task-26ByBiosemi_eeg.bdf,2,12,86.0,pain_protocol,unannotated,eegmmidb,1,1.0,-37.57745367343388,True
ds005284,sub-005,data/ds005284/sub-005/eeg/sub-005_task-26ByBiosemi_eeg.bdf,2,13,94.0,pain_protocol,unannotated,eegmmidb,0,1.0,-31.67799356808631,False
ds005284,sub-005,data/ds005284/sub-005/eeg/sub-005_task-26ByBiosemi_eeg.bdf,2,14,102.0,pain_protocol,unannotated,eegmmidb,1,1.0,-43.90567954872412,True
ds005284,sub-005,data/ds005284/sub-005/eeg/sub-005_task-26ByBiosemi_eeg.bdf,2,15,108.0,pain_protocol,unannotated,eegmmidb,0,0.9999999999997797,-33.06784850962995,False
ds005284,sub-005,data/ds005284/sub-005/eeg/sub-005_task-26ByBiosemi_eeg.bdf,2,16,116.0,pain_protocol,unannotated,eegmmidb,1,0.999999999983622,-40.897583466633996,True
ds005284,sub-005,data/ds005284/sub-005/eeg/sub-005_task-26ByBiosemi_eeg.bdf,2,17,124.0,pain_protocol,unannotated,eegmmidb,1,0.999999999945345,-36.04434360962152,False
ds005284,sub-005,data/ds005284/sub-005/eeg/sub-005_task-26ByBiosemi_eeg.bdf,2,18,130.0,pain_protocol,unannotated,eegmmidb,1,0.9668977751409025,-44.411855571719016,True
ds005284,sub-005,data/ds005284/sub-005/eeg/sub-005_task-26ByBiosemi_eeg.bdf,2,19,138.0,pain_protocol,unannotated,eegmmidb,1,0.778473490406011,-53.18551811785185,True
ds005284,sub-005,data/ds005284/sub-005/eeg/sub-005_task-26ByBiosemi_eeg.bdf,2,20,146.0,pain_protocol,unannotated,eegmmidb,0,0.9938738328347934,-33.40104502314076,False
ds005284,sub-005,data/ds005284/sub-005/eeg/sub-005_task-26ByBiosemi_eeg.bdf,2,21,152.0,pain_protocol,unannotated,eegmmidb,0,0.9999966308105377,-29.536495079918808,False
ds005284,sub-005,data/ds005284/sub-005/eeg/sub-005_task-26ByBiosemi_eeg.bdf,2,22,160.0,pain_protocol,unannotated,eegmmidb,1,0.9922725321652311,-31.395183998094076,False
ds005284,sub-005,data/ds005284/sub-005/eeg/sub-005_task-26ByBiosemi_eeg.bdf,2,23,168.0,pain_protocol,unannotated,eegmmidb,0,0.9999999999999929,-19.881277188314943,False
ds005284,sub-005,data/ds005284/sub-005/eeg/sub-005_task-26ByBiosemi_eeg.bdf,2,24,174.0,pain_protocol,unannotated,eegmmidb,1,0.9999999985396357,-34.130821752444504,False
ds005284,sub-005,data/ds005284/sub-005/eeg/sub-005_task-26ByBiosemi_eeg.bdf,2,25,182.0,pain_protocol,unannotated,eegmmidb,1,0.999999994636255,-39.519346190375416,True
ds005284,sub-005,data/ds005284/sub-005/eeg/sub-005_task-26ByBiosemi_eeg.bdf,2,26,190.0,pain_protocol,unannotated,eegmmidb,1,1.0,-39.87332126703822,True
ds005284,sub-005,data/ds005284/sub-005/eeg/sub-005_task-26ByBiosemi_eeg.bdf,2,27,196.0,pain_protocol,unannotated,eegmmidb,1,0.9999999999998366,-34.891025938566024,False
ds005284,sub-005,data/ds005284/sub-005/eeg/sub-005_task-26ByBiosemi_eeg.bdf,2,28,204.0,pain_protocol,unannotated,eegmmidb,1,1.0,-53.71276205641013,True
ds005284,sub-005,data/ds005284/sub-005/eeg/sub-005_task-26ByBiosemi_eeg.bdf,2,29,212.0,pain_protocol,unannotated,eegmmidb,0,0.9999999999999893,-25.802312691369686,False
ds005284,sub-005,data/ds005284/sub-005/eeg/sub-005_task-26ByBiosemi_eeg.bdf,2,30,218.0,pain_protocol,unannotated,eegmmidb,1,1.0,-34.75992746833846,False
ds005284,sub-005,data/ds005284/sub-005/eeg/sub-005_task-26ByBiosemi_eeg.bdf,2,31,226.0,pain_protocol,unannotated,eegmmidb,1,0.9999999988374029,-42.53379849848279,True
ds005284,sub-005,data/ds005284/sub-005/eeg/sub-005_task-26ByBiosemi_eeg.bdf,2,32,234.0,pain_protocol,unannotated,eegmmidb,1,1.0,-35.1278006399277,False
ds005284,sub-005,data/ds005284/sub-005/eeg/sub-005_task-26ByBiosemi_eeg.bdf,2,33,240.0,pain_protocol,unannotated,eegmmidb,1,1.0,-35.45942236325642,False
ds005284,sub-005,data/ds005284/sub-005/eeg/sub-005_task-26ByBiosemi_eeg.bdf,2,34,248.0,pain_protocol,unannotated,eegmmidb,0,0.9999999999999964,-22.613721321573507,False
ds005284,sub-005,data/ds005284/sub-005/eeg/sub-005_task-26ByBiosemi_eeg.bdf,2,35,256.0,pain_protocol,unannotated,eegmmidb,1,1.0,-62.45429714784824,True
ds005284,sub-005,data/ds005284/sub-005/eeg/sub-005_task-26ByBiosemi_eeg.bdf,2,36,262.0,pain_protocol,unannotated,eegmmidb,0,1.0,-26.770447688496244,False
ds005284,sub-005,data/ds005284/sub-005/eeg/sub-005_task-26ByBiosemi_eeg.bdf,2,37,270.0,pain_protocol,unannotated,eegmmidb,0,0.9999980317042345,-28.839464056554196,False
ds005284,sub-005,data/ds005284/sub-005/eeg/sub-005_task-26ByBiosemi_eeg.bdf,2,38,278.0,pain_protocol,unannotated,eegmmidb,1,1.0,-41.50911159216248,True
ds005284,sub-005,data/ds005284/sub-005/eeg/sub-005_task-26ByBiosemi_eeg.bdf,2,39,284.0,pain_protocol,unannotated,eegmmidb,1,0.9999999994023341,-39.71758492957761,True
ds005284,sub-005,data/ds005284/sub-005/eeg/sub-005_task-26ByBiosemi_eeg.bdf,2,40,292.0,pain_protocol,unannotated,eegmmidb,1,1.0,-37.758310839536264,True
ds005284,sub-005,data/ds005284/sub-005/eeg/sub-005_task-26ByBiosemi_eeg.bdf,2,41,300.0,pain_protocol,unannotated,eegmmidb,1,0.9999999989640358,-39.41521660494272,True
ds005284,sub-005,data/ds005284/sub-005/eeg/sub-005_task-26ByBiosemi_eeg.bdf,2,42,306.0,pain_protocol,unannotated,eegmmidb,1,1.0,-33.93389946328557,False
ds005284,sub-005,data/ds005284/sub-005/eeg/sub-005_task-26ByBiosemi_eeg.bdf,2,43,314.0,pain_protocol,unannotated,eegmmidb,1,0.9999999997835118,-32.473106220804105,False
ds005284,sub-005,data/ds005284/sub-005/eeg/sub-005_task-26ByBiosemi_eeg.bdf,2,44,322.0,pain_protocol,unannotated,eegmmidb,1,0.9998206127760503,-33.06947863122942,False
ds005284,sub-005,data/ds005284/sub-005/eeg/sub-005_task-26ByBiosemi_eeg.bdf,2,45,328.0,pain_protocol,unannotated,eegmmidb,1,0.9999996161816708,-29.64523076953798,False
ds005284,sub-005,data/ds005284/sub-005/eeg/sub-005_task-26ByBiosemi_eeg.bdf,2,46,336.0,pain_protocol,unannotated,eegmmidb,1,0.9801101990758687,-36.395914263808315,True
ds005284,sub-005,data/ds005284/sub-005/eeg/sub-005_task-26ByBiosemi_eeg.bdf,2,47,344.0,pain_protocol,unannotated,eegmmidb,1,1.0,-34.13139190250446,False
ds005284,sub-006,data/ds005284/sub-006/eeg/sub-006_task-26ByBiosemi_eeg.bdf,2,0,0.0,pain_protocol,unannotated,eegmmidb,0,0.8844974673586227,-29.184105222286917,False
ds005284,sub-006,data/ds005284/sub-006/eeg/sub-006_task-26ByBiosemi_eeg.bdf,2,1,6.0,pain_protocol,unannotated,eegmmidb,1,0.9842641212967415,-33.111231976304914,False
ds005284,sub-006,data/ds005284/sub-006/eeg/sub-006_task-26ByBiosemi_eeg.bdf,2,2,12.0,pain_protocol,unannotated,eegmmidb,1,0.5671413352233757,-29.50156005198998,True
ds005284,sub-006,data/ds005284/sub-006/eeg/sub-006_task-26ByBiosemi_eeg.bdf,2,3,20.0,pain_protocol,unannotated,eegmmidb,2,0.8573607908415066,-27.824341768556987,False
ds005284,sub-006,data/ds005284/sub-006/eeg/sub-006_task-26ByBiosemi_eeg.bdf,2,4,26.0,pain_protocol,unannotated,eegmmidb,0,0.9999397776050476,-23.024865081304235,False
ds005284,sub-006,data/ds005284/sub-006/eeg/sub-006_task-26ByBiosemi_eeg.bdf,2,5,34.0,pain_protocol,unannotated,eegmmidb,0,0.9999999999420659,-19.65225509770378,False
ds005284,sub-006,data/ds005284/sub-006/eeg/sub-006_task-26ByBiosemi_eeg.bdf,2,6,40.0,pain_protocol,unannotated,eegmmidb,2,0.9999908339418985,-20.00269212733594,False
ds005284,sub-006,data/ds005284/sub-006/eeg/sub-006_task-26ByBiosemi_eeg.bdf,2,7,48.0,pain_protocol,unannotated,eegmmidb,2,0.5051905647044542,-34.0458078567201,True
ds005284,sub-006,data/ds005284/sub-006/eeg/sub-006_task-26ByBiosemi_eeg.bdf,2,8,54.0,pain_protocol,unannotated,eegmmidb,0,0.9999993494981381,-17.523458715551907,False
ds005284,sub-006,data/ds005284/sub-006/eeg/sub-006_task-26ByBiosemi_eeg.bdf,2,9,62.0,pain_protocol,unannotated,eegmmidb,0,0.9999999999681357,-26.90237631749173,False
ds005284,sub-006,data/ds005284/sub-006/eeg/sub-006_task-26ByBiosemi_eeg.bdf,2,10,68.0,pain_protocol,unannotated,eegmmidb,0,0.9999998596724949,-28.443341201089456,False
ds005284,sub-006,data/ds005284/sub-006/eeg/sub-006_task-26ByBiosemi_eeg.bdf,2,11,76.0,pain_protocol,unannotated,eegmmidb,2,0.999999991008778,-23.553915362934507,False
ds005284,sub-006,data/ds005284/sub-006/eeg/sub-006_task-26ByBiosemi_eeg.bdf,2,12,82.0,pain_protocol,unannotated,eegmmidb,0,0.9999999999991012,-19.334504392685176,False
ds005284,sub-006,data/ds005284/sub-006/eeg/sub-006_task-26ByBiosemi_eeg.bdf,2,13,90.0,pain_protocol,unannotated,eegmmidb,0,0.9999993224790117,-24.10491604509373,False
ds005284,sub-006,data/ds005284/sub-006/eeg/sub-006_task-26ByBiosemi_eeg.bdf,2,14,96.0,pain_protocol,unannotated,eegmmidb,0,0.8776604797060172,-23.646992008101204,False
ds005284,sub-006,data/ds005284/sub-006/eeg/sub-006_task-26ByBiosemi_eeg.bdf,2,15,104.0,pain_protocol,unannotated,eegmmidb,2,0.9999996161474546,-18.860931843345384,False
ds005284,sub-006,data/ds005284/sub-006/eeg/sub-006_task-26ByBiosemi_eeg.bdf,2,16,110.0,pain_protocol,unannotated,eegmmidb,2,0.9999999889150146,-21.90946395711953,False
ds005284,sub-006,data/ds005284/sub-006/eeg/sub-006_task-26ByBiosemi_eeg.bdf,2,17,118.0,pain_protocol,unannotated,eegmmidb,2,0.8425559849097501,-28.18438876474797,False
ds005284,sub-006,data/ds005284/sub-006/eeg/sub-006_task-26ByBiosemi_eeg.bdf,2,18,124.0,pain_protocol,unannotated,eegmmidb,1,0.9992628485664704,-27.388079163066177,False
ds005284,sub-006,data/ds005284/sub-006/eeg/sub-006_task-26ByBiosemi_eeg.bdf,2,19,132.0,pain_protocol,unannotated,eegmmidb,1,0.7066338191507548,-34.315094202760946,False
ds005284,sub-006,data/ds005284/sub-006/eeg/sub-006_task-26ByBiosemi_eeg.bdf,2,20,138.0,pain_protocol,unannotated,eegmmidb,1,0.9999172151337072,-38.536838143156565,True
ds005284,sub-006,data/ds005284/sub-006/eeg/sub-006_task-26ByBiosemi_eeg.bdf,2,21,146.0,pain_protocol,unannotated,eegmmidb,0,0.9999900530753715,-23.109658612689167,False
ds005284,sub-006,data/ds005284/sub-006/eeg/sub-006_task-26ByBiosemi_eeg.bdf,2,22,152.0,pain_protocol,unannotated,eegmmidb,0,0.9980090759911442,-28.65216436504753,False
ds005284,sub-006,data/ds005284/sub-006/eeg/sub-006_task-26ByBiosemi_eeg.bdf,2,23,160.0,pain_protocol,unannotated,eegmmidb,1,0.9407052916201739,-34.80303525750604,False
ds005284,sub-006,data/ds005284/sub-006/eeg/sub-006_task-26ByBiosemi_eeg.bdf,2,24,166.0,pain_protocol,unannotated,eegmmidb,0,0.9999999070240378,-20.034916360257125,False
ds005284,sub-006,data/ds005284/sub-006/eeg/sub-006_task-26ByBiosemi_eeg.bdf,2,25,174.0,pain_protocol,unannotated,eegmmidb,1,0.9999999999998792,-30.185889120416086,False
ds005284,sub-006,data/ds005284/sub-006/eeg/sub-006_task-26ByBiosemi_eeg.bdf,2,26,180.0,pain_protocol,unannotated,eegmmidb,1,0.9996158749615405,-30.067726693939854,False
ds005284,sub-006,data/ds005284/sub-006/eeg/sub-006_task-26ByBiosemi_eeg.bdf,2,27,188.0,pain_protocol,unannotated,eegmmidb,2,0.9985477493607418,-24.424056707054625,False
ds005284,sub-006,data/ds005284/sub-006/eeg/sub-006_task-26ByBiosemi_eeg.bdf,2,28,194.0,pain_protocol,unannotated,eegmmidb,2,0.9850714573120337,-29.258782287225348,False
ds005284,sub-006,data/ds005284/sub-006/eeg/sub-006_task-26ByBiosemi_eeg.bdf,2,29,202.0,pain_protocol,unannotated,eegmmidb,0,0.9999462645867763,-25.04378646650199,False
ds005284,sub-006,data/ds005284/sub-006/eeg/sub-006_task-26ByBiosemi_eeg.bdf,2,30,208.0,pain_protocol,unannotated,eegmmidb,0,0.9996851955021467,-33.436835629293725,False
ds005284,sub-006,data/ds005284/sub-006/eeg/sub-006_task-26ByBiosemi_eeg.bdf,2,31,216.0,pain_protocol,unannotated,eegmmidb,0,0.6624064332447155,-33.55119455367511,False
ds005284,sub-006,data/ds005284/sub-006/eeg/sub-006_task-26ByBiosemi_eeg.bdf,2,32,222.0,pain_protocol,unannotated,eegmmidb,0,0.5406284985550777,-25.067933567018574,True
ds005284,sub-006,data/ds005284/sub-006/eeg/sub-006_task-26ByBiosemi_eeg.bdf,2,33,230.0,pain_protocol,unannotated,eegmmidb,0,0.9999972500293712,-22.932696869798647,False
ds005284,sub-006,data/ds005284/sub-006/eeg/sub-006_task-26ByBiosemi_eeg.bdf,2,34,236.0,pain_protocol,unannotated,eegmmidb,0,0.9953340133151142,-30.171130749302364,False
ds005284,sub-006,data/ds005284/sub-006/eeg/sub-006_task-26ByBiosemi_eeg.bdf,2,35,244.0,pain_protocol,unannotated,eegmmidb,0,0.9999999999574172,-23.29924171220264,False
ds005284,sub-006,data/ds005284/sub-006/eeg/sub-006_task-26ByBiosemi_eeg.bdf,2,36,250.0,pain_protocol,unannotated,eegmmidb,0,0.5988360283604036,-31.067189500892383,True
ds005284,sub-006,data/ds005284/sub-006/eeg/sub-006_task-26ByBiosemi_eeg.bdf,2,37,258.0,pain_protocol,unannotated,eegmmidb,0,1.0,-20.614851279402192,False
ds005284,sub-006,data/ds005284/sub-006/eeg/sub-006_task-26ByBiosemi_eeg.bdf,2,38,264.0,pain_protocol,unannotated,eegmmidb,0,0.9999999999356746,-20.474783349012004,False
ds005284,sub-006,data/ds005284/sub-006/eeg/sub-006_task-26ByBiosemi_eeg.bdf,2,39,272.0,pain_protocol,unannotated,eegmmidb,0,1.0,-23.325514786457415,False
ds005284,sub-006,data/ds005284/sub-006/eeg/sub-006_task-26ByBiosemi_eeg.bdf,2,40,278.0,pain_protocol,unannotated,eegmmidb,1,0.9793227903786074,-33.50994330572331,False
ds005284,sub-006,data/ds005284/sub-006/eeg/sub-006_task-26ByBiosemi_eeg.bdf,2,41,286.0,pain_protocol,unannotated,eegmmidb,2,0.9999038822900796,-36.180475655208745,False
ds005284,sub-006,data/ds005284/sub-006/eeg/sub-006_task-26ByBiosemi_eeg.bdf,2,42,292.0,pain_protocol,unannotated,eegmmidb,0,1.0,-20.293484388171752,False
ds005284,sub-006,data/ds005284/sub-006/eeg/sub-006_task-26ByBiosemi_eeg.bdf,2,43,300.0,pain_protocol,unannotated,eegmmidb,2,0.9671754065075171,-32.54230588172408,False
ds005284,sub-006,data/ds005284/sub-006/eeg/sub-006_task-26ByBiosemi_eeg.bdf,2,44,306.0,pain_protocol,unannotated,eegmmidb,1,0.6868696238645715,-31.26101023520468,False
ds005284,sub-006,data/ds005284/sub-006/eeg/sub-006_task-26ByBiosemi_eeg.bdf,2,45,314.0,pain_protocol,unannotated,eegmmidb,2,0.9927728261312745,-20.551742209605187,False
ds005284,sub-006,data/ds005284/sub-006/eeg/sub-006_task-26ByBiosemi_eeg.bdf,2,46,320.0,pain_protocol,unannotated,eegmmidb,0,0.9999929807316021,-22.580840862872208,False
ds005284,sub-006,data/ds005284/sub-006/eeg/sub-006_task-26ByBiosemi_eeg.bdf,2,47,328.0,pain_protocol,unannotated,eegmmidb,1,0.9999999498037949,-33.37616179162293,False
ds005284,sub-007,data/ds005284/sub-007/eeg/sub-007_task-26ByBiosemi_eeg.bdf,2,0,0.0,pain_protocol,unannotated,eegmmidb,1,1.0,-38.750965294773025,True
ds005284,sub-007,data/ds005284/sub-007/eeg/sub-007_task-26ByBiosemi_eeg.bdf,2,1,6.0,pain_protocol,unannotated,eegmmidb,1,1.0,-38.4234495886342,True
ds005284,sub-007,data/ds005284/sub-007/eeg/sub-007_task-26ByBiosemi_eeg.bdf,2,2,12.0,pain_protocol,unannotated,eegmmidb,1,1.0,-37.60426344212799,True
ds005284,sub-007,data/ds005284/sub-007/eeg/sub-007_task-26ByBiosemi_eeg.bdf,2,3,20.0,pain_protocol,unannotated,eegmmidb,1,0.999997492428381,-51.957400637746844,True
ds005284,sub-007,data/ds005284/sub-007/eeg/sub-007_task-26ByBiosemi_eeg.bdf,2,4,26.0,pain_protocol,unannotated,eegmmidb,0,0.9999990371561455,-29.696492220537795,False
ds005284,sub-007,data/ds005284/sub-007/eeg/sub-007_task-26ByBiosemi_eeg.bdf,2,5,34.0,pain_protocol,unannotated,eegmmidb,0,0.9995467147823323,-40.86723955940833,True
ds005284,sub-007,data/ds005284/sub-007/eeg/sub-007_task-26ByBiosemi_eeg.bdf,2,6,40.0,pain_protocol,unannotated,eegmmidb,2,0.9875535008524947,-30.545215201787098,False
ds005284,sub-007,data/ds005284/sub-007/eeg/sub-007_task-26ByBiosemi_eeg.bdf,2,7,48.0,pain_protocol,unannotated,eegmmidb,0,0.9999999999972609,-27.484983920907645,False
ds005284,sub-007,data/ds005284/sub-007/eeg/sub-007_task-26ByBiosemi_eeg.bdf,2,8,54.0,pain_protocol,unannotated,eegmmidb,0,0.6394373442808325,-30.70688701746704,False
ds005284,sub-007,data/ds005284/sub-007/eeg/sub-007_task-26ByBiosemi_eeg.bdf,2,9,62.0,pain_protocol,unannotated,eegmmidb,0,0.9999999825174052,-31.96823845484238,False
ds005284,sub-007,data/ds005284/sub-007/eeg/sub-007_task-26ByBiosemi_eeg.bdf,2,10,68.0,pain_protocol,unannotated,eegmmidb,0,0.9998491495183252,-32.985936857083956,False
ds005284,sub-007,data/ds005284/sub-007/eeg/sub-007_task-26ByBiosemi_eeg.bdf,2,11,74.0,pain_protocol,unannotated,eegmmidb,0,0.9999729093129085,-29.832079823844293,False
ds005284,sub-007,data/ds005284/sub-007/eeg/sub-007_task-26ByBiosemi_eeg.bdf,2,12,82.0,pain_protocol,unannotated,eegmmidb,0,0.7932479629132416,-43.570157896487075,True
ds005284,sub-007,data/ds005284/sub-007/eeg/sub-007_task-26ByBiosemi_eeg.bdf,2,13,88.0,pain_protocol,unannotated,eegmmidb,0,0.999997396699704,-34.361217217426784,False
ds005284,sub-007,data/ds005284/sub-007/eeg/sub-007_task-26ByBiosemi_eeg.bdf,2,14,96.0,pain_protocol,unannotated,eegmmidb,0,0.9999998814695629,-36.44103727119789,True
ds005284,sub-007,data/ds005284/sub-007/eeg/sub-007_task-26ByBiosemi_eeg.bdf,2,15,102.0,pain_protocol,unannotated,eegmmidb,0,0.9999869191462722,-33.032033325152824,False
ds005284,sub-007,data/ds005284/sub-007/eeg/sub-007_task-26ByBiosemi_eeg.bdf,2,16,110.0,pain_protocol,unannotated,eegmmidb,0,0.9999999991697486,-31.204112617735014,False
ds005284,sub-007,data/ds005284/sub-007/eeg/sub-007_task-26ByBiosemi_eeg.bdf,2,17,116.0,pain_protocol,unannotated,eegmmidb,2,0.9999900712732168,-50.08118368241554,True
ds005284,sub-007,data/ds005284/sub-007/eeg/sub-007_task-26ByBiosemi_eeg.bdf,2,18,124.0,pain_protocol,unannotated,eegmmidb,0,0.9999999956324785,-28.86402460108248,False
ds005284,sub-007,data/ds005284/sub-007/eeg/sub-007_task-26ByBiosemi_eeg.bdf,2,19,130.0,pain_protocol,unannotated,eegmmidb,1,0.9981082065483039,-40.93373808105085,True
ds005284,sub-007,data/ds005284/sub-007/eeg/sub-007_task-26ByBiosemi_eeg.bdf,2,20,136.0,pain_protocol,unannotated,eegmmidb,0,0.9989753495423462,-37.29305207872107,True
ds005284,sub-007,data/ds005284/sub-007/eeg/sub-007_task-26ByBiosemi_eeg.bdf,2,21,144.0,pain_protocol,unannotated,eegmmidb,0,0.9999991608279156,-33.364700648043986,False
ds005284,sub-007,data/ds005284/sub-007/eeg/sub-007_task-26ByBiosemi_eeg.bdf,2,22,150.0,pain_protocol,unannotated,eegmmidb,1,1.0,-42.1654894993965,True
ds005284,sub-007,data/ds005284/sub-007/eeg/sub-007_task-26ByBiosemi_eeg.bdf,2,23,158.0,pain_protocol,unannotated,eegmmidb,0,0.9996266991194477,-36.903982454256074,True
ds005284,sub-007,data/ds005284/sub-007/eeg/sub-007_task-26ByBiosemi_eeg.bdf,2,24,164.0,pain_protocol,unannotated,eegmmidb,0,0.999999497118543,-35.763311044232914,False
ds005284,sub-007,data/ds005284/sub-007/eeg/sub-007_task-26ByBiosemi_eeg.bdf,2,25,172.0,pain_protocol,unannotated,eegmmidb,1,0.9999999999988773,-36.379083837967016,True
ds005284,sub-007,data/ds005284/sub-007/eeg/sub-007_task-26ByBiosemi_eeg.bdf,2,26,178.0,pain_protocol,unannotated,eegmmidb,1,0.8048034330244545,-37.935657265967464,True
ds005284,sub-007,data/ds005284/sub-007/eeg/sub-007_task-26ByBiosemi_eeg.bdf,2,27,186.0,pain_protocol,unannotated,eegmmidb,0,0.9999999988989998,-26.277546642350796,False
ds005284,sub-007,data/ds005284/sub-007/eeg/sub-007_task-26ByBiosemi_eeg.bdf,2,28,192.0,pain_protocol,unannotated,eegmmidb,1,1.0,-43.59542138304704,True
ds005284,sub-007,data/ds005284/sub-007/eeg/sub-007_task-26ByBiosemi_eeg.bdf,2,29,198.0,pain_protocol,unannotated,eegmmidb,1,1.0,-45.273322380435786,True
ds005284,sub-007,data/ds005284/sub-007/eeg/sub-007_task-26ByBiosemi_eeg.bdf,2,30,206.0,pain_protocol,unannotated,eegmmidb,1,0.9999998489742489,-30.745224195548783,False
ds005284,sub-007,data/ds005284/sub-007/eeg/sub-007_task-26ByBiosemi_eeg.bdf,2,31,212.0,pain_protocol,unannotated,eegmmidb,2,0.9037091078358905,-35.974102169807566,False
ds005284,sub-007,data/ds005284/sub-007/eeg/sub-007_task-26ByBiosemi_eeg.bdf,2,32,220.0,pain_protocol,unannotated,eegmmidb,0,0.999999994733443,-25.950526293030567,False
ds005284,sub-007,data/ds005284/sub-007/eeg/sub-007_task-26ByBiosemi_eeg.bdf,2,33,226.0,pain_protocol,unannotated,eegmmidb,1,0.9999999916893287,-47.37375164516434,True
ds005284,sub-007,data/ds005284/sub-007/eeg/sub-007_task-26ByBiosemi_eeg.bdf,2,34,234.0,pain_protocol,unannotated,eegmmidb,1,0.9999999191558363,-33.70555465280203,False
ds005284,sub-007,data/ds005284/sub-007/eeg/sub-007_task-26ByBiosemi_eeg.bdf,2,35,240.0,pain_protocol,unannotated,eegmmidb,0,0.9999999996766675,-29.503462633065876,False
ds005284,sub-007,data/ds005284/sub-007/eeg/sub-007_task-26ByBiosemi_eeg.bdf,2,36,248.0,pain_protocol,unannotated,eegmmidb,0,0.729584700452278,-38.2960148508229,True
ds005284,sub-007,data/ds005284/sub-007/eeg/sub-007_task-26ByBiosemi_eeg.bdf,2,37,254.0,pain_protocol,unannotated,eegmmidb,1,0.9998351325238781,-45.542625167145204,True
ds005284,sub-007,data/ds005284/sub-007/eeg/sub-007_task-26ByBiosemi_eeg.bdf,2,38,260.0,pain_protocol,unannotated,eegmmidb,1,1.0,-38.501731736724395,True
ds005284,sub-007,data/ds005284/sub-007/eeg/sub-007_task-26ByBiosemi_eeg.bdf,2,39,268.0,pain_protocol,unannotated,eegmmidb,1,0.7413723655050157,-43.11940040957758,True
ds005284,sub-007,data/ds005284/sub-007/eeg/sub-007_task-26ByBiosemi_eeg.bdf,2,40,274.0,pain_protocol,unannotated,eegmmidb,1,0.999999999999666,-43.6620592403661,True
ds005284,sub-007,data/ds005284/sub-007/eeg/sub-007_task-26ByBiosemi_eeg.bdf,2,41,282.0,pain_protocol,unannotated,eegmmidb,0,0.999999997418282,-30.174779219555816,False
ds005284,sub-007,data/ds005284/sub-007/eeg/sub-007_task-26ByBiosemi_eeg.bdf,2,42,288.0,pain_protocol,unannotated,eegmmidb,0,0.7260760874693425,-47.81603897807019,True
ds005284,sub-007,data/ds005284/sub-007/eeg/sub-007_task-26ByBiosemi_eeg.bdf,2,43,296.0,pain_protocol,unannotated,eegmmidb,1,0.9999999995970654,-40.493933443416765,True
ds005284,sub-007,data/ds005284/sub-007/eeg/sub-007_task-26ByBiosemi_eeg.bdf,2,44,302.0,pain_protocol,unannotated,eegmmidb,1,0.9998267421397181,-36.0332008847626,False
ds005284,sub-007,data/ds005284/sub-007/eeg/sub-007_task-26ByBiosemi_eeg.bdf,2,45,310.0,pain_protocol,unannotated,eegmmidb,2,0.9999997928365617,-41.25155937942483,True
ds005284,sub-007,data/ds005284/sub-007/eeg/sub-007_task-26ByBiosemi_eeg.bdf,2,46,316.0,pain_protocol,unannotated,eegmmidb,0,0.9999999998709157,-32.513155277586925,False
ds005284,sub-007,data/ds005284/sub-007/eeg/sub-007_task-26ByBiosemi_eeg.bdf,2,47,324.0,pain_protocol,unannotated,eegmmidb,1,1.0,-36.58107416797148,True
ds005284,sub-008,data/ds005284/sub-008/eeg/sub-008_task-26ByBiosemi_eeg.bdf,2,0,0.0,pain_protocol,unannotated,eegmmidb,0,0.8246833726438578,-36.088219590082744,False
ds005284,sub-008,data/ds005284/sub-008/eeg/sub-008_task-26ByBiosemi_eeg.bdf,2,1,6.0,pain_protocol,unannotated,eegmmidb,0,0.8620379574579092,-33.94907059723541,False
ds005284,sub-008,data/ds005284/sub-008/eeg/sub-008_task-26ByBiosemi_eeg.bdf,2,2,12.0,pain_protocol,unannotated,eegmmidb,2,0.9983412330883017,-36.84406522810379,True
ds005284,sub-008,data/ds005284/sub-008/eeg/sub-008_task-26ByBiosemi_eeg.bdf,2,3,20.0,pain_protocol,unannotated,eegmmidb,0,0.8729886705754137,-50.08819406337793,True
ds005284,sub-008,data/ds005284/sub-008/eeg/sub-008_task-26ByBiosemi_eeg.bdf,2,4,26.0,pain_protocol,unannotated,eegmmidb,0,0.9999999804746127,-28.104344368051397,False
ds005284,sub-008,data/ds005284/sub-008/eeg/sub-008_task-26ByBiosemi_eeg.bdf,2,5,34.0,pain_protocol,unannotated,eegmmidb,0,0.9995449977261148,-39.40499543457801,True
ds005284,sub-008,data/ds005284/sub-008/eeg/sub-008_task-26ByBiosemi_eeg.bdf,2,6,40.0,pain_protocol,unannotated,eegmmidb,2,0.999999999999595,-42.98489310768114,True
ds005284,sub-008,data/ds005284/sub-008/eeg/sub-008_task-26ByBiosemi_eeg.bdf,2,7,48.0,pain_protocol,unannotated,eegmmidb,2,0.558452235368692,-42.415340987415945,True
ds005284,sub-008,data/ds005284/sub-008/eeg/sub-008_task-26ByBiosemi_eeg.bdf,2,8,54.0,pain_protocol,unannotated,eegmmidb,0,0.9976875475930794,-41.157397563766274,True
ds005284,sub-008,data/ds005284/sub-008/eeg/sub-008_task-26ByBiosemi_eeg.bdf,2,9,62.0,pain_protocol,unannotated,eegmmidb,0,0.9999999884701261,-24.07746921726403,False
ds005284,sub-008,data/ds005284/sub-008/eeg/sub-008_task-26ByBiosemi_eeg.bdf,2,10,68.0,pain_protocol,unannotated,eegmmidb,0,0.9999998921531614,-30.57386933530856,False
ds005284,sub-008,data/ds005284/sub-008/eeg/sub-008_task-26ByBiosemi_eeg.bdf,2,11,76.0,pain_protocol,unannotated,eegmmidb,0,0.9999890067656217,-29.0370996682016,False
ds005284,sub-008,data/ds005284/sub-008/eeg/sub-008_task-26ByBiosemi_eeg.bdf,2,12,82.0,pain_protocol,unannotated,eegmmidb,2,0.9999768572940334,-31.072853528499508,False
ds005284,sub-008,data/ds005284/sub-008/eeg/sub-008_task-26ByBiosemi_eeg.bdf,2,13,90.0,pain_protocol,unannotated,eegmmidb,2,0.9287085322723939,-33.15897647460178,False
ds005284,sub-008,data/ds005284/sub-008/eeg/sub-008_task-26ByBiosemi_eeg.bdf,2,14,96.0,pain_protocol,unannotated,eegmmidb,2,0.9999995235037316,-44.04127637301672,True
ds005284,sub-008,data/ds005284/sub-008/eeg/sub-008_task-26ByBiosemi_eeg.bdf,2,15,104.0,pain_protocol,unannotated,eegmmidb,2,0.9999999999999432,-46.52719532806541,True
ds005284,sub-008,data/ds005284/sub-008/eeg/sub-008_task-26ByBiosemi_eeg.bdf,2,16,110.0,pain_protocol,unannotated,eegmmidb,0,0.9999541726136228,-32.88024225150624,False
ds005284,sub-008,data/ds005284/sub-008/eeg/sub-008_task-26ByBiosemi_eeg.bdf,2,17,118.0,pain_protocol,unannotated,eegmmidb,2,0.9998591651586365,-45.92890839889368,True
ds005284,sub-008,data/ds005284/sub-008/eeg/sub-008_task-26ByBiosemi_eeg.bdf,2,18,124.0,pain_protocol,unannotated,eegmmidb,0,0.9867906824522006,-37.500074409535856,True
ds005284,sub-008,data/ds005284/sub-008/eeg/sub-008_task-26ByBiosemi_eeg.bdf,2,19,132.0,pain_protocol,unannotated,eegmmidb,1,1.0,-36.46304422873497,True
ds005284,sub-008,data/ds005284/sub-008/eeg/sub-008_task-26ByBiosemi_eeg.bdf,2,20,138.0,pain_protocol,unannotated,eegmmidb,1,0.9997240569900179,-36.17948554558363,False
ds005284,sub-008,data/ds005284/sub-008/eeg/sub-008_task-26ByBiosemi_eeg.bdf,2,21,146.0,pain_protocol,unannotated,eegmmidb,2,0.7502749382482992,-31.853584468945325,False
ds005284,sub-008,data/ds005284/sub-008/eeg/sub-008_task-26ByBiosemi_eeg.bdf,2,22,152.0,pain_protocol,unannotated,eegmmidb,1,0.8358078061370099,-39.77949651451762,True
ds005284,sub-008,data/ds005284/sub-008/eeg/sub-008_task-26ByBiosemi_eeg.bdf,2,23,160.0,pain_protocol,unannotated,eegmmidb,1,0.9999999999852918,-43.26697524209527,True
ds005284,sub-008,data/ds005284/sub-008/eeg/sub-008_task-26ByBiosemi_eeg.bdf,2,24,166.0,pain_protocol,unannotated,eegmmidb,2,0.9718325584225271,-44.394165721008264,True
ds005284,sub-008,data/ds005284/sub-008/eeg/sub-008_task-26ByBiosemi_eeg.bdf,2,25,174.0,pain_protocol,unannotated,eegmmidb,2,0.9999999999895195,-53.19388631617558,True
ds005284,sub-008,data/ds005284/sub-008/eeg/sub-008_task-26ByBiosemi_eeg.bdf,2,26,180.0,pain_protocol,unannotated,eegmmidb,2,0.9999270291798974,-39.68967825192364,True
ds005284,sub-008,data/ds005284/sub-008/eeg/sub-008_task-26ByBiosemi_eeg.bdf,2,27,188.0,pain_protocol,unannotated,eegmmidb,2,0.8723103925747251,-36.957557887237904,True
ds005284,sub-008,data/ds005284/sub-008/eeg/sub-008_task-26ByBiosemi_eeg.bdf,2,28,194.0,pain_protocol,unannotated,eegmmidb,0,0.8616458931226729,-36.2762846786857,False
ds005284,sub-008,data/ds005284/sub-008/eeg/sub-008_task-26ByBiosemi_eeg.bdf,2,29,202.0,pain_protocol,unannotated,eegmmidb,1,0.999993155684048,-35.99145832550821,False
ds005284,sub-008,data/ds005284/sub-008/eeg/sub-008_task-26ByBiosemi_eeg.bdf,2,30,208.0,pain_protocol,unannotated,eegmmidb,0,0.9626481896769875,-33.25449722072142,False
ds005284,sub-008,data/ds005284/sub-008/eeg/sub-008_task-26ByBiosemi_eeg.bdf,2,31,216.0,pain_protocol,unannotated,eegmmidb,2,0.5363852815116661,-38.042551143163756,True
ds005284,sub-008,data/ds005284/sub-008/eeg/sub-008_task-26ByBiosemi_eeg.bdf,2,32,222.0,pain_protocol,unannotated,eegmmidb,0,0.8877456331617717,-27.228991230699997,False
ds005284,sub-008,data/ds005284/sub-008/eeg/sub-008_task-26ByBiosemi_eeg.bdf,2,33,230.0,pain_protocol,unannotated,eegmmidb,0,0.9975026415608109,-32.015083939345004,False
ds005284,sub-008,data/ds005284/sub-008/eeg/sub-008_task-26ByBiosemi_eeg.bdf,2,34,236.0,pain_protocol,unannotated,eegmmidb,2,0.999580230316566,-29.172467337435826,False
ds005284,sub-008,data/ds005284/sub-008/eeg/sub-008_task-26ByBiosemi_eeg.bdf,2,35,244.0,pain_protocol,unannotated,eegmmidb,0,0.999955918963289,-29.80824962470869,False
ds005284,sub-008,data/ds005284/sub-008/eeg/sub-008_task-26ByBiosemi_eeg.bdf,2,36,250.0,pain_protocol,unannotated,eegmmidb,2,0.9999635200924135,-55.577504387497385,True
ds005284,sub-008,data/ds005284/sub-008/eeg/sub-008_task-26ByBiosemi_eeg.bdf,2,37,258.0,pain_protocol,unannotated,eegmmidb,2,0.9999999870417399,-35.80525973070521,False
ds005284,sub-008,data/ds005284/sub-008/eeg/sub-008_task-26ByBiosemi_eeg.bdf,2,38,264.0,pain_protocol,unannotated,eegmmidb,0,0.9999710953562989,-32.53889296211796,False
ds005284,sub-008,data/ds005284/sub-008/eeg/sub-008_task-26ByBiosemi_eeg.bdf,2,39,272.0,pain_protocol,unannotated,eegmmidb,1,0.9995462661525493,-43.35974518439857,True
ds005284,sub-008,data/ds005284/sub-008/eeg/sub-008_task-26ByBiosemi_eeg.bdf,2,40,278.0,pain_protocol,unannotated,eegmmidb,1,0.982610772576649,-39.423325116237564,True
ds005284,sub-008,data/ds005284/sub-008/eeg/sub-008_task-26ByBiosemi_eeg.bdf,2,41,286.0,pain_protocol,unannotated,eegmmidb,0,0.9964703714072107,-27.115642216673255,False
ds005284,sub-008,data/ds005284/sub-008/eeg/sub-008_task-26ByBiosemi_eeg.bdf,2,42,292.0,pain_protocol,unannotated,eegmmidb,0,0.9811002337081378,-36.8102457113713,True
ds005284,sub-008,data/ds005284/sub-008/eeg/sub-008_task-26ByBiosemi_eeg.bdf,2,43,300.0,pain_protocol,unannotated,eegmmidb,2,0.9999999999999076,-58.83770977748445,True
ds005284,sub-008,data/ds005284/sub-008/eeg/sub-008_task-26ByBiosemi_eeg.bdf,2,44,306.0,pain_protocol,unannotated,eegmmidb,1,0.9999392959521459,-34.03944387208287,False
ds005284,sub-008,data/ds005284/sub-008/eeg/sub-008_task-26ByBiosemi_eeg.bdf,2,45,314.0,pain_protocol,unannotated,eegmmidb,2,0.9999999980283221,-39.45226515896498,True
ds005284,sub-008,data/ds005284/sub-008/eeg/sub-008_task-26ByBiosemi_eeg.bdf,2,46,320.0,pain_protocol,unannotated,eegmmidb,2,0.9647526029325388,-37.315870176045145,True
ds005284,sub-008,data/ds005284/sub-008/eeg/sub-008_task-26ByBiosemi_eeg.bdf,2,47,328.0,pain_protocol,unannotated,eegmmidb,1,1.0,-102.98759870637468,True
ds005284,sub-009,data/ds005284/sub-009/eeg/sub-009_task-26ByBiosemi_eeg.bdf,2,0,0.0,pain_protocol,unannotated,eegmmidb,1,1.0,-34.58938449537237,False
ds005284,sub-009,data/ds005284/sub-009/eeg/sub-009_task-26ByBiosemi_eeg.bdf,2,1,6.0,pain_protocol,unannotated,eegmmidb,1,1.0,-35.19243372662187,False
ds005284,sub-009,data/ds005284/sub-009/eeg/sub-009_task-26ByBiosemi_eeg.bdf,2,2,14.0,pain_protocol,unannotated,eegmmidb,1,1.0,-33.72150083440778,False
ds005284,sub-009,data/ds005284/sub-009/eeg/sub-009_task-26ByBiosemi_eeg.bdf,2,3,20.0,pain_protocol,unannotated,eegmmidb,1,0.9999999983760652,-31.857576399439584,False
ds005284,sub-009,data/ds005284/sub-009/eeg/sub-009_task-26ByBiosemi_eeg.bdf,2,4,28.0,pain_protocol,unannotated,eegmmidb,1,1.0,-34.494848615233906,False
ds005284,sub-009,data/ds005284/sub-009/eeg/sub-009_task-26ByBiosemi_eeg.bdf,2,5,34.0,pain_protocol,unannotated,eegmmidb,2,1.0,-54.37825661964957,True
ds005284,sub-009,data/ds005284/sub-009/eeg/sub-009_task-26ByBiosemi_eeg.bdf,2,6,42.0,pain_protocol,unannotated,eegmmidb,2,0.9999999994172057,-39.95424665319277,True
ds005284,sub-009,data/ds005284/sub-009/eeg/sub-009_task-26ByBiosemi_eeg.bdf,2,7,48.0,pain_protocol,unannotated,eegmmidb,1,0.9999999999272262,-32.73657396019278,False
ds005284,sub-009,data/ds005284/sub-009/eeg/sub-009_task-26ByBiosemi_eeg.bdf,2,8,56.0,pain_protocol,unannotated,eegmmidb,0,0.9999999999999503,-23.973742768040847,False
ds005284,sub-009,data/ds005284/sub-009/eeg/sub-009_task-26ByBiosemi_eeg.bdf,2,9,62.0,pain_protocol,unannotated,eegmmidb,0,0.9999999968425044,-31.869959274452665,False
ds005284,sub-009,data/ds005284/sub-009/eeg/sub-009_task-26ByBiosemi_eeg.bdf,2,10,70.0,pain_protocol,unannotated,eegmmidb,1,0.9999999999998508,-29.8814886807927,False
ds005284,sub-009,data/ds005284/sub-009/eeg/sub-009_task-26ByBiosemi_eeg.bdf,2,11,76.0,pain_protocol,unannotated,eegmmidb,1,0.9999999986110524,-34.18774337331799,False
ds005284,sub-009,data/ds005284/sub-009/eeg/sub-009_task-26ByBiosemi_eeg.bdf,2,12,84.0,pain_protocol,unannotated,eegmmidb,0,0.999999999312827,-23.498804619932233,False
ds005284,sub-009,data/ds005284/sub-009/eeg/sub-009_task-26ByBiosemi_eeg.bdf,2,13,90.0,pain_protocol,unannotated,eegmmidb,0,0.9674397393979123,-27.87149620673264,False
ds005284,sub-009,data/ds005284/sub-009/eeg/sub-009_task-26ByBiosemi_eeg.bdf,2,14,98.0,pain_protocol,unannotated,eegmmidb,0,0.999990492196309,-27.915777814226317,False
ds005284,sub-009,data/ds005284/sub-009/eeg/sub-009_task-26ByBiosemi_eeg.bdf,2,15,104.0,pain_protocol,unannotated,eegmmidb,2,0.999977820356438,-38.42580428346872,True
ds005284,sub-009,data/ds005284/sub-009/eeg/sub-009_task-26ByBiosemi_eeg.bdf,2,16,112.0,pain_protocol,unannotated,eegmmidb,2,0.9999999437210307,-28.507160543277653,False
ds005284,sub-009,data/ds005284/sub-009/eeg/sub-009_task-26ByBiosemi_eeg.bdf,2,17,118.0,pain_protocol,unannotated,eegmmidb,0,0.9999948656947097,-35.34553780815043,False
ds005284,sub-009,data/ds005284/sub-009/eeg/sub-009_task-26ByBiosemi_eeg.bdf,2,18,126.0,pain_protocol,unannotated,eegmmidb,1,0.9999999999982663,-27.962305259013185,False
ds005284,sub-009,data/ds005284/sub-009/eeg/sub-009_task-26ByBiosemi_eeg.bdf,2,19,132.0,pain_protocol,unannotated,eegmmidb,1,1.0,-40.075282085015886,True
ds005284,sub-009,data/ds005284/sub-009/eeg/sub-009_task-26ByBiosemi_eeg.bdf,2,20,140.0,pain_protocol,unannotated,eegmmidb,0,0.9999546537914137,-33.62912228058103,False
ds005284,sub-009,data/ds005284/sub-009/eeg/sub-009_task-26ByBiosemi_eeg.bdf,2,21,146.0,pain_protocol,unannotated,eegmmidb,1,0.9999999999853699,-29.413473869451494,False
ds005284,sub-009,data/ds005284/sub-009/eeg/sub-009_task-26ByBiosemi_eeg.bdf,2,22,154.0,pain_protocol,unannotated,eegmmidb,1,0.9999541027892966,-32.62861666678029,False
ds005284,sub-009,data/ds005284/sub-009/eeg/sub-009_task-26ByBiosemi_eeg.bdf,2,23,160.0,pain_protocol,unannotated,eegmmidb,1,0.9999999999999964,-31.612570650650174,False
ds005284,sub-009,data/ds005284/sub-009/eeg/sub-009_task-26ByBiosemi_eeg.bdf,2,24,168.0,pain_protocol,unannotated,eegmmidb,1,1.0,-36.564918343560336,True
ds005284,sub-009,data/ds005284/sub-009/eeg/sub-009_task-26ByBiosemi_eeg.bdf,2,25,174.0,pain_protocol,unannotated,eegmmidb,1,0.9976934303811247,-38.717347884446305,True
ds005284,sub-009,data/ds005284/sub-009/eeg/sub-009_task-26ByBiosemi_eeg.bdf,2,26,182.0,pain_protocol,unannotated,eegmmidb,1,0.9946425006673338,-37.98047473266397,True
ds005284,sub-009,data/ds005284/sub-009/eeg/sub-009_task-26ByBiosemi_eeg.bdf,2,27,188.0,pain_protocol,unannotated,eegmmidb,1,1.0,-34.94724436959832,False
ds005284,sub-009,data/ds005284/sub-009/eeg/sub-009_task-26ByBiosemi_eeg.bdf,2,28,196.0,pain_protocol,unannotated,eegmmidb,1,1.0,-39.60650618369121,True
ds005284,sub-009,data/ds005284/sub-009/eeg/sub-009_task-26ByBiosemi_eeg.bdf,2,29,202.0,pain_protocol,unannotated,eegmmidb,1,1.0,-36.34159763713117,True
ds005284,sub-009,data/ds005284/sub-009/eeg/sub-009_task-26ByBiosemi_eeg.bdf,2,30,210.0,pain_protocol,unannotated,eegmmidb,1,0.999999999862716,-28.00271600180792,False
ds005284,sub-009,data/ds005284/sub-009/eeg/sub-009_task-26ByBiosemi_eeg.bdf,2,31,216.0,pain_protocol,unannotated,eegmmidb,2,0.4851052945212177,-42.27450814033419,True
ds005284,sub-009,data/ds005284/sub-009/eeg/sub-009_task-26ByBiosemi_eeg.bdf,2,32,224.0,pain_protocol,unannotated,eegmmidb,0,0.9999999999994849,-26.77774653250769,False
ds005284,sub-009,data/ds005284/sub-009/eeg/sub-009_task-26ByBiosemi_eeg.bdf,2,33,230.0,pain_protocol,unannotated,eegmmidb,1,1.0,-41.86643661481429,True
ds005284,sub-009,data/ds005284/sub-009/eeg/sub-009_task-26ByBiosemi_eeg.bdf,2,34,238.0,pain_protocol,unannotated,eegmmidb,1,0.9999530371916734,-29.979421452046477,False
ds005284,sub-009,data/ds005284/sub-009/eeg/sub-009_task-26ByBiosemi_eeg.bdf,2,35,244.0,pain_protocol,unannotated,eegmmidb,1,1.0,-46.894219703950824,True
ds005284,sub-009,data/ds005284/sub-009/eeg/sub-009_task-26ByBiosemi_eeg.bdf,2,36,252.0,pain_protocol,unannotated,eegmmidb,1,1.0,-42.856129514516766,True
ds005284,sub-009,data/ds005284/sub-009/eeg/sub-009_task-26ByBiosemi_eeg.bdf,2,37,258.0,pain_protocol,unannotated,eegmmidb,1,1.0,-32.769110670680874,False
ds005284,sub-009,data/ds005284/sub-009/eeg/sub-009_task-26ByBiosemi_eeg.bdf,2,38,266.0,pain_protocol,unannotated,eegmmidb,1,0.9999593495079385,-37.11039534458614,True
ds005284,sub-009,data/ds005284/sub-009/eeg/sub-009_task-26ByBiosemi_eeg.bdf,2,39,272.0,pain_protocol,unannotated,eegmmidb,1,1.0,-31.99507267290801,False
ds005284,sub-009,data/ds005284/sub-009/eeg/sub-009_task-26ByBiosemi_eeg.bdf,2,40,280.0,pain_protocol,unannotated,eegmmidb,1,0.9991620739397831,-39.50145159180653,True
ds005284,sub-009,data/ds005284/sub-009/eeg/sub-009_task-26ByBiosemi_eeg.bdf,2,41,286.0,pain_protocol,unannotated,eegmmidb,1,0.9999999999805205,-30.328022170025744,False
ds005284,sub-009,data/ds005284/sub-009/eeg/sub-009_task-26ByBiosemi_eeg.bdf,2,42,294.0,pain_protocol,unannotated,eegmmidb,1,1.0,-32.654510640031326,False
ds005284,sub-009,data/ds005284/sub-009/eeg/sub-009_task-26ByBiosemi_eeg.bdf,2,43,300.0,pain_protocol,unannotated,eegmmidb,1,1.0,-57.86714555478706,True
ds005284,sub-009,data/ds005284/sub-009/eeg/sub-009_task-26ByBiosemi_eeg.bdf,2,44,308.0,pain_protocol,unannotated,eegmmidb,1,1.0,-30.622574214353456,False
ds005284,sub-009,data/ds005284/sub-009/eeg/sub-009_task-26ByBiosemi_eeg.bdf,2,45,314.0,pain_protocol,unannotated,eegmmidb,1,0.9999357345194825,-31.60457261283922,False
ds005284,sub-009,data/ds005284/sub-009/eeg/sub-009_task-26ByBiosemi_eeg.bdf,2,46,322.0,pain_protocol,unannotated,eegmmidb,1,1.0,-35.47524569579221,False
ds005284,sub-009,data/ds005284/sub-009/eeg/sub-009_task-26ByBiosemi_eeg.bdf,2,47,330.0,pain_protocol,unannotated,eegmmidb,1,1.0,-38.231606016459594,True
ds005284,sub-010,data/ds005284/sub-010/eeg/sub-010_task-26ByBiosemi_eeg.bdf,2,0,0.0,pain_protocol,unannotated,eegmmidb,1,0.9999999088920545,-33.9213796785281,False
ds005284,sub-010,data/ds005284/sub-010/eeg/sub-010_task-26ByBiosemi_eeg.bdf,2,1,6.0,pain_protocol,unannotated,eegmmidb,1,0.9999999999999929,-32.77045203179529,False
ds005284,sub-010,data/ds005284/sub-010/eeg/sub-010_task-26ByBiosemi_eeg.bdf,2,2,12.0,pain_protocol,unannotated,eegmmidb,1,0.9999999835258607,-30.795640897900086,False
ds005284,sub-010,data/ds005284/sub-010/eeg/sub-010_task-26ByBiosemi_eeg.bdf,2,3,20.0,pain_protocol,unannotated,eegmmidb,0,0.9999999944059148,-23.25379782242753,False
ds005284,sub-010,data/ds005284/sub-010/eeg/sub-010_task-26ByBiosemi_eeg.bdf,2,4,26.0,pain_protocol,unannotated,eegmmidb,0,1.0,-21.430401742530552,False
ds005284,sub-010,data/ds005284/sub-010/eeg/sub-010_task-26ByBiosemi_eeg.bdf,2,5,34.0,pain_protocol,unannotated,eegmmidb,1,0.9997912823875208,-33.4172577372749,False
ds005284,sub-010,data/ds005284/sub-010/eeg/sub-010_task-26ByBiosemi_eeg.bdf,2,6,40.0,pain_protocol,unannotated,eegmmidb,1,0.9998246691668021,-52.79324625494922,True
ds005284,sub-010,data/ds005284/sub-010/eeg/sub-010_task-26ByBiosemi_eeg.bdf,2,7,48.0,pain_protocol,unannotated,eegmmidb,0,1.0,-25.02867669491373,False
ds005284,sub-010,data/ds005284/sub-010/eeg/sub-010_task-26ByBiosemi_eeg.bdf,2,8,54.0,pain_protocol,unannotated,eegmmidb,0,0.9999999960971273,-29.904824378839734,False
ds005284,sub-010,data/ds005284/sub-010/eeg/sub-010_task-26ByBiosemi_eeg.bdf,2,9,62.0,pain_protocol,unannotated,eegmmidb,0,0.9999994646853747,-33.76061327866995,False
ds005284,sub-010,data/ds005284/sub-010/eeg/sub-010_task-26ByBiosemi_eeg.bdf,2,10,68.0,pain_protocol,unannotated,eegmmidb,0,0.999999999944162,-19.22130768633579,False
ds005284,sub-010,data/ds005284/sub-010/eeg/sub-010_task-26ByBiosemi_eeg.bdf,2,11,76.0,pain_protocol,unannotated,eegmmidb,0,1.0,-22.255791416712984,False
ds005284,sub-010,data/ds005284/sub-010/eeg/sub-010_task-26ByBiosemi_eeg.bdf,2,12,82.0,pain_protocol,unannotated,eegmmidb,1,0.9997551721444671,-31.789387246801475,False
ds005284,sub-010,data/ds005284/sub-010/eeg/sub-010_task-26ByBiosemi_eeg.bdf,2,13,90.0,pain_protocol,unannotated,eegmmidb,0,0.9996928693424156,-38.690570034375746,True
ds005284,sub-010,data/ds005284/sub-010/eeg/sub-010_task-26ByBiosemi_eeg.bdf,2,14,96.0,pain_protocol,unannotated,eegmmidb,0,0.9742590163324092,-35.76812348349646,False
ds005284,sub-010,data/ds005284/sub-010/eeg/sub-010_task-26ByBiosemi_eeg.bdf,2,15,104.0,pain_protocol,unannotated,eegmmidb,1,0.9999999047346694,-42.523531876374676,True
ds005284,sub-010,data/ds005284/sub-010/eeg/sub-010_task-26ByBiosemi_eeg.bdf,2,16,110.0,pain_protocol,unannotated,eegmmidb,0,0.9986547173551862,-23.673011133730114,False
ds005284,sub-010,data/ds005284/sub-010/eeg/sub-010_task-26ByBiosemi_eeg.bdf,2,17,118.0,pain_protocol,unannotated,eegmmidb,0,1.0,-27.289507116606988,False
ds005284,sub-010,data/ds005284/sub-010/eeg/sub-010_task-26ByBiosemi_eeg.bdf,2,18,124.0,pain_protocol,unannotated,eegmmidb,1,0.9999999794977088,-31.192658704879136,False
ds005284,sub-010,data/ds005284/sub-010/eeg/sub-010_task-26ByBiosemi_eeg.bdf,2,19,132.0,pain_protocol,unannotated,eegmmidb,0,0.9986058098683447,-27.12414857102308,False
ds005284,sub-010,data/ds005284/sub-010/eeg/sub-010_task-26ByBiosemi_eeg.bdf,2,20,138.0,pain_protocol,unannotated,eegmmidb,1,0.9999999996269224,-30.11331491558599,False
ds005284,sub-010,data/ds005284/sub-010/eeg/sub-010_task-26ByBiosemi_eeg.bdf,2,21,146.0,pain_protocol,unannotated,eegmmidb,1,0.9999999999983586,-30.391835146350616,False
ds005284,sub-010,data/ds005284/sub-010/eeg/sub-010_task-26ByBiosemi_eeg.bdf,2,22,152.0,pain_protocol,unannotated,eegmmidb,1,0.9817872334220279,-33.443269533070634,False
ds005284,sub-010,data/ds005284/sub-010/eeg/sub-010_task-26ByBiosemi_eeg.bdf,2,23,160.0,pain_protocol,unannotated,eegmmidb,1,0.999999999997506,-34.749420715446654,False
ds005284,sub-010,data/ds005284/sub-010/eeg/sub-010_task-26ByBiosemi_eeg.bdf,2,24,166.0,pain_protocol,unannotated,eegmmidb,1,0.9999079522274376,-25.826337391645826,False
ds005284,sub-010,data/ds005284/sub-010/eeg/sub-010_task-26ByBiosemi_eeg.bdf,2,25,174.0,pain_protocol,unannotated,eegmmidb,1,1.0,-40.85407587737984,True
ds005284,sub-010,data/ds005284/sub-010/eeg/sub-010_task-26ByBiosemi_eeg.bdf,2,26,180.0,pain_protocol,unannotated,eegmmidb,1,0.999999996675708,-28.657008058427774,False
ds005284,sub-010,data/ds005284/sub-010/eeg/sub-010_task-26ByBiosemi_eeg.bdf,2,27,188.0,pain_protocol,unannotated,eegmmidb,1,1.0,-30.446239507911883,False
ds005284,sub-010,data/ds005284/sub-010/eeg/sub-010_task-26ByBiosemi_eeg.bdf,2,28,194.0,pain_protocol,unannotated,eegmmidb,0,0.9999999999915232,-19.04256076719562,False
ds005284,sub-010,data/ds005284/sub-010/eeg/sub-010_task-26ByBiosemi_eeg.bdf,2,29,202.0,pain_protocol,unannotated,eegmmidb,1,1.0,-25.79909442270349,False
ds005284,sub-010,data/ds005284/sub-010/eeg/sub-010_task-26ByBiosemi_eeg.bdf,2,30,208.0,pain_protocol,unannotated,eegmmidb,0,0.999998955394416,-29.45438934862751,False
ds005284,sub-010,data/ds005284/sub-010/eeg/sub-010_task-26ByBiosemi_eeg.bdf,2,31,216.0,pain_protocol,unannotated,eegmmidb,1,0.999999999993932,-34.22163823495491,False
ds005284,sub-010,data/ds005284/sub-010/eeg/sub-010_task-26ByBiosemi_eeg.bdf,2,32,222.0,pain_protocol,unannotated,eegmmidb,1,0.9999999999994884,-28.62212249519058,False
ds005284,sub-010,data/ds005284/sub-010/eeg/sub-010_task-26ByBiosemi_eeg.bdf,2,33,230.0,pain_protocol,unannotated,eegmmidb,1,0.9999999999999432,-26.28648926937131,False
ds005284,sub-010,data/ds005284/sub-010/eeg/sub-010_task-26ByBiosemi_eeg.bdf,2,34,236.0,pain_protocol,unannotated,eegmmidb,1,1.0,-27.447772919837732,False
ds005284,sub-010,data/ds005284/sub-010/eeg/sub-010_task-26ByBiosemi_eeg.bdf,2,35,244.0,pain_protocol,unannotated,eegmmidb,1,0.9999999999792735,-34.08756233584321,False
ds005284,sub-010,data/ds005284/sub-010/eeg/sub-010_task-26ByBiosemi_eeg.bdf,2,36,250.0,pain_protocol,unannotated,eegmmidb,1,0.9999999382260133,-34.012549606964015,False
ds005284,sub-010,data/ds005284/sub-010/eeg/sub-010_task-26ByBiosemi_eeg.bdf,2,37,258.0,pain_protocol,unannotated,eegmmidb,0,1.0,-20.328378382178677,False
ds005284,sub-010,data/ds005284/sub-010/eeg/sub-010_task-26ByBiosemi_eeg.bdf,2,38,264.0,pain_protocol,unannotated,eegmmidb,1,0.9999999989860981,-26.581085625785548,False
ds005284,sub-010,data/ds005284/sub-010/eeg/sub-010_task-26ByBiosemi_eeg.bdf,2,39,272.0,pain_protocol,unannotated,eegmmidb,1,1.0,-28.417949418221774,False
ds005284,sub-010,data/ds005284/sub-010/eeg/sub-010_task-26ByBiosemi_eeg.bdf,2,40,278.0,pain_protocol,unannotated,eegmmidb,0,0.9928375704472198,-35.835586794362314,False
ds005284,sub-010,data/ds005284/sub-010/eeg/sub-010_task-26ByBiosemi_eeg.bdf,2,41,286.0,pain_protocol,unannotated,eegmmidb,1,1.0,-27.370407724884927,False
ds005284,sub-010,data/ds005284/sub-010/eeg/sub-010_task-26ByBiosemi_eeg.bdf,2,42,292.0,pain_protocol,unannotated,eegmmidb,0,0.9713104249266569,-32.70669476549494,False
ds005284,sub-010,data/ds005284/sub-010/eeg/sub-010_task-26ByBiosemi_eeg.bdf,2,43,300.0,pain_protocol,unannotated,eegmmidb,1,0.9999999999999929,-30.409364946161226,False
ds005284,sub-010,data/ds005284/sub-010/eeg/sub-010_task-26ByBiosemi_eeg.bdf,2,44,306.0,pain_protocol,unannotated,eegmmidb,1,0.9999999999903295,-36.015269717480926,False
ds005284,sub-010,data/ds005284/sub-010/eeg/sub-010_task-26ByBiosemi_eeg.bdf,2,45,314.0,pain_protocol,unannotated,eegmmidb,1,0.9999999999994706,-29.0171151725098,False
ds005284,sub-010,data/ds005284/sub-010/eeg/sub-010_task-26ByBiosemi_eeg.bdf,2,46,320.0,pain_protocol,unannotated,eegmmidb,1,0.9999952118368634,-37.51162367529948,True
ds005284,sub-010,data/ds005284/sub-010/eeg/sub-010_task-26ByBiosemi_eeg.bdf,2,47,328.0,pain_protocol,unannotated,eegmmidb,1,0.9998876626644903,-28.601085865620316,False
