source_row,dataset,subject,subject_id,epoch,actual_laser_power,predicted_laser_power,expected_laser_power,attention_peak_lag,fold
8103,ds005293,sub-001,ds005293__sub-001,0,3.5,3.75,3.5637474,0,224
8104,ds005293,sub-001,ds005293__sub-001,1,3.5,3.75,3.611699,1,224
8105,ds005293,sub-001,ds005293__sub-001,2,2.5,2.25,2.994153,2,224
8106,ds005293,sub-001,ds005293__sub-001,3,2.5,2.25,3.0581365,3,224
8107,ds005293,sub-001,ds005293__sub-001,4,3.5,2.25,3.1046727,4,224
8108,ds005293,sub-001,ds005293__sub-001,5,4.0,4.0,3.1609607,4,224
8109,ds005293,sub-001,ds005293__sub-001,6,2.5,2.25,3.0871615,5,224
8110,ds005293,sub-001,ds005293__sub-001,7,2.5,2.25,3.0469065,7,224
8111,ds005293,sub-001,ds005293__sub-001,8,2.5,2.25,3.0452518,7,224
8112,ds005293,sub-001,ds005293__sub-001,9,3.0,2.25,3.01759,9,224
8113,ds005293,sub-001,ds005293__sub-001,10,3.0,2.25,3.0534391,10,224
8114,ds005293,sub-001,ds005293__sub-001,11,2.5,2.5,3.041765,11,224
8115,ds005293,sub-001,ds005293__sub-001,12,3.5,2.5,3.0443408,12,224
8116,ds005293,sub-001,ds005293__sub-001,13,3.0,2.5,3.0459576,13,224
8117,ds005293,sub-001,ds005293__sub-001,14,3.0,2.5,3.085372,14,224
8118,ds005293,sub-001,ds005293__sub-001,15,3.5,2.5,3.1308103,15,224
8119,ds005293,sub-001,ds005293__sub-001,16,3.5,2.5,3.1951892,15,224
8120,ds005293,sub-001,ds005293__sub-001,17,4.0,2.5,3.2250347,13,224
8121,ds005293,sub-001,ds005293__sub-001,18,3.5,4.5,3.2864056,14,224
8122,ds005293,sub-001,ds005293__sub-001,19,4.0,4.5,3.4152355,15,224
8123,ds005293,sub-001,ds005293__sub-001,20,2.5,4.5,3.3544145,15,224
8124,ds005293,sub-001,ds005293__sub-001,21,4.0,4.5,3.3805676,2,224
8125,ds005293,sub-001,ds005293__sub-001,22,3.0,4.5,3.4137764,14,224
8126,ds005293,sub-001,ds005293__sub-001,23,2.5,4.5,3.2598712,15,224
8127,ds005293,sub-001,ds005293__sub-001,24,2.5,4.5,3.3346925,7,224
8128,ds005293,sub-001,ds005293__sub-001,25,3.0,4.5,3.3878646,6,224
8129,ds005293,sub-001,ds005293__sub-001,26,2.5,4.5,3.425613,0,224
8130,ds005293,sub-001,ds005293__sub-001,27,3.5,4.5,3.4899547,0,224
8131,ds005293,sub-001,ds005293__sub-001,28,3.5,4.5,3.5570757,1,224
8132,ds005293,sub-001,ds005293__sub-001,29,4.0,4.5,3.630718,2,224
8133,ds005293,sub-001,ds005293__sub-001,30,3.0,3.75,3.5550115,3,224
8134,ds005293,sub-001,ds005293__sub-001,31,3.5,4.5,3.5905056,4,224
8135,ds005293,sub-001,ds005293__sub-001,32,4.0,4.5,3.6300073,0,224
8136,ds005293,sub-001,ds005293__sub-001,33,3.0,4.5,3.5406318,1,224
8137,ds005293,sub-001,ds005293__sub-001,34,3.0,4.5,3.4272504,15,224
8138,ds005293,sub-001,ds005293__sub-001,35,4.0,4.5,3.3048353,14,224
8139,ds005293,sub-001,ds005293__sub-001,36,3.0,4.5,3.243742,15,224
8140,ds005293,sub-001,ds005293__sub-001,37,4.0,4.5,3.3042316,0,224
8141,ds005293,sub-001,ds005293__sub-001,38,4.0,4.5,3.161178,14,224
8142,ds005293,sub-001,ds005293__sub-001,39,4.0,4.5,3.2541628,14,224
8143,ds005293,sub-001,ds005293__sub-001,40,3.5,4.5,3.328556,15,224
8144,ds005293,sub-001,ds005293__sub-001,41,3.5,4.5,3.3686044,2,224
8145,ds005293,sub-001,ds005293__sub-001,42,2.5,4.5,3.390249,15,224
8146,ds005293,sub-001,ds005293__sub-001,43,2.5,4.5,3.3822093,4,224
8147,ds005293,sub-001,ds005293__sub-001,44,3.5,4.5,3.4814615,5,224
8148,ds005293,sub-001,ds005293__sub-001,45,4.0,4.5,3.6156902,0,224
8149,ds005293,sub-001,ds005293__sub-001,46,2.5,4.5,3.704949,0,224
8150,ds005293,sub-001,ds005293__sub-001,47,2.5,4.5,3.7510436,1,224
8151,ds005293,sub-001,ds005293__sub-001,48,2.5,4.5,3.643196,2,224
8152,ds005293,sub-001,ds005293__sub-001,49,3.0,4.5,3.464497,3,224
8153,ds005293,sub-001,ds005293__sub-001,50,3.0,3.75,3.4296188,4,224
8154,ds005293,sub-001,ds005293__sub-001,51,2.5,3.75,3.4504046,5,224
8155,ds005293,sub-001,ds005293__sub-001,52,3.5,3.75,3.397376,6,224
8156,ds005293,sub-001,ds005293__sub-001,53,3.0,3.75,3.3443208,7,224
8157,ds005293,sub-001,ds005293__sub-001,54,3.0,3.75,3.312594,15,224
8158,ds005293,sub-001,ds005293__sub-001,55,3.5,3.75,3.2460823,15,224
8159,ds005293,sub-001,ds005293__sub-001,56,3.5,2.5,3.1556196,15,224
8160,ds005293,sub-001,ds005293__sub-001,57,4.0,2.5,3.148069,11,224
8161,ds005293,sub-001,ds005293__sub-001,58,3.5,2.5,3.1227598,14,224
8162,ds005293,sub-001,ds005293__sub-001,59,4.0,2.5,3.1563277,14,224
8163,ds005293,sub-001,ds005293__sub-001,60,2.5,2.5,3.146265,15,224
8164,ds005293,sub-001,ds005293__sub-001,61,4.0,2.5,3.1716807,15,224
8165,ds005293,sub-001,ds005293__sub-001,62,3.0,2.5,3.160159,15,224
8166,ds005293,sub-001,ds005293__sub-001,63,2.5,2.5,3.188847,15,224
8167,ds005293,sub-001,ds005293__sub-001,64,2.5,2.5,3.153594,14,224
8168,ds005293,sub-001,ds005293__sub-001,65,3.0,4.5,3.2424953,15,224
8169,ds005293,sub-001,ds005293__sub-001,66,2.5,4.5,3.2198484,5,224
8170,ds005293,sub-001,ds005293__sub-001,67,3.5,4.5,3.4387674,0,224
8171,ds005293,sub-001,ds005293__sub-001,68,3.5,4.5,3.4956927,1,224
8172,ds005293,sub-001,ds005293__sub-001,69,4.0,4.5,3.4820538,2,224
8173,ds005293,sub-001,ds005293__sub-001,70,3.0,4.5,3.4465084,3,224
8174,ds005293,sub-001,ds005293__sub-001,71,3.5,2.25,3.3043504,14,224
8175,ds005293,sub-001,ds005293__sub-001,72,4.0,4.5,3.4583478,0,224
8176,ds005293,sub-001,ds005293__sub-001,73,3.0,4.5,3.449092,1,224
8177,ds005293,sub-001,ds005293__sub-001,74,3.0,4.5,3.4269114,2,224
8178,ds005293,sub-001,ds005293__sub-001,75,4.0,4.5,3.4183466,3,224
8179,ds005293,sub-001,ds005293__sub-001,76,3.0,4.5,3.3774369,4,224
8180,ds005293,sub-001,ds005293__sub-001,77,4.0,4.5,3.4548364,5,224
8181,ds005293,sub-001,ds005293__sub-001,78,4.0,4.5,3.5193834,0,224
8182,ds005293,sub-001,ds005293__sub-001,79,4.0,4.5,3.5936303,1,224
8183,ds005293,sub-002,ds005293__sub-002,0,3.5,3.75,3.6117444,0,225
8184,ds005293,sub-002,ds005293__sub-002,1,3.5,4.0,3.4429135,1,225
8185,ds005293,sub-002,ds005293__sub-002,2,2.5,4.0,3.3834786,2,225
8186,ds005293,sub-002,ds005293__sub-002,3,2.5,4.0,3.287319,3,225
8187,ds005293,sub-002,ds005293__sub-002,4,3.5,2.5,2.844342,0,225
8188,ds005293,sub-002,ds005293__sub-002,5,4.0,2.5,3.0436332,1,225
8189,ds005293,sub-002,ds005293__sub-002,6,2.5,2.5,2.9608889,2,225
8190,ds005293,sub-002,ds005293__sub-002,7,2.5,2.5,2.720509,3,225
8191,ds005293,sub-002,ds005293__sub-002,8,2.5,2.5,2.6076882,4,225
8192,ds005293,sub-002,ds005293__sub-002,9,3.0,2.5,2.6385055,5,225
8193,ds005293,sub-002,ds005293__sub-002,10,3.0,2.5,2.7341895,2,225
8194,ds005293,sub-002,ds005293__sub-002,11,2.5,2.5,2.7194514,3,225
8195,ds005293,sub-002,ds005293__sub-002,12,3.5,2.5,2.8434353,12,225
8196,ds005293,sub-002,ds005293__sub-002,13,3.0,2.5,2.9583926,0,225
8197,ds005293,sub-002,ds005293__sub-002,14,3.0,2.5,2.995643,1,225
8198,ds005293,sub-002,ds005293__sub-002,15,3.5,2.5,3.069553,2,225
8199,ds005293,sub-002,ds005293__sub-002,16,3.5,2.5,2.9647908,3,225
8200,ds005293,sub-002,ds005293__sub-002,17,4.0,2.5,3.0620947,4,225
8201,ds005293,sub-002,ds005293__sub-002,18,3.5,2.5,3.1147456,5,225
8202,ds005293,sub-002,ds005293__sub-002,19,4.0,2.5,3.067996,0,225
8203,ds005293,sub-002,ds005293__sub-002,20,2.5,2.5,2.9230351,0,225
8204,ds005293,sub-002,ds005293__sub-002,21,4.0,4.0,3.318974,0,225
8205,ds005293,sub-002,ds005293__sub-002,22,3.0,4.0,3.4198208,0,225
8206,ds005293,sub-002,ds005293__sub-002,23,2.5,4.0,3.3314395,0,225
8207,ds005293,sub-002,ds005293__sub-002,24,3.0,4.0,3.402097,1,225
8208,ds005293,sub-002,ds005293__sub-002,25,2.5,4.0,3.2143607,0,225
8209,ds005293,sub-002,ds005293__sub-002,26,3.5,4.0,3.2887077,1,225
8210,ds005293,sub-002,ds005293__sub-002,27,4.0,4.0,3.2787113,2,225
8211,ds005293,sub-002,ds005293__sub-002,28,3.0,4.0,3.3568702,3,225
8212,ds005293,sub-002,ds005293__sub-002,29,3.5,4.0,3.540243,2,225
8213,ds005293,sub-002,ds005293__sub-002,30,4.0,3.5,3.513585,3,225
8214,ds005293,sub-002,ds005293__sub-002,31,3.0,3.5,3.5146632,15,225
8215,ds005293,sub-002,ds005293__sub-002,32,3.0,4.0,3.5121791,0,225
8216,ds005293,sub-002,ds005293__sub-002,33,4.0,4.0,3.495191,13,225
8217,ds005293,sub-002,ds005293__sub-002,34,3.0,4.0,3.519642,0,225
8218,ds005293,sub-002,ds005293__sub-002,35,4.0,4.0,3.4006844,1,225
8219,ds005293,sub-002,ds005293__sub-002,36,4.0,3.0,3.290056,0,225
8220,ds005293,sub-002,ds005293__sub-002,37,4.0,4.0,3.251583,0,225
8221,ds005293,sub-002,ds005293__sub-002,38,3.5,4.0,3.1972108,1,225
8222,ds005293,sub-002,ds005293__sub-002,39,3.5,2.5,2.9464962,2,225
8223,ds005293,sub-002,ds005293__sub-002,40,2.5,2.5,2.7062948,3,225
8224,ds005293,sub-002,ds005293__sub-002,41,2.5,2.5,2.6128013,0,225
8225,ds005293,sub-002,ds005293__sub-002,42,3.5,2.0,2.513844,1,225
8226,ds005293,sub-002,ds005293__sub-002,43,4.0,2.5,2.886814,0,225
8227,ds005293,sub-002,ds005293__sub-002,44,2.5,2.5,2.6495528,0,225
8228,ds005293,sub-002,ds005293__sub-002,45,2.5,2.0,2.4323874,1,225
8229,ds005293,sub-002,ds005293__sub-002,46,3.0,2.0,2.4432414,2,225
8230,ds005293,sub-002,ds005293__sub-002,47,3.0,2.0,2.5065784,3,225
8231,ds005293,sub-002,ds005293__sub-002,48,2.5,2.0,2.611796,0,225
8232,ds005293,sub-002,ds005293__sub-002,49,3.5,2.0,2.6756973,1,225
8233,ds005293,sub-002,ds005293__sub-002,50,3.0,2.0,2.4990735,0,225
8234,ds005293,sub-002,ds005293__sub-002,51,3.0,2.5,2.6140358,0,225
8235,ds005293,sub-002,ds005293__sub-002,52,3.5,2.5,2.651414,1,225
8236,ds005293,sub-002,ds005293__sub-002,53,3.5,2.5,2.8105698,2,225
8237,ds005293,sub-002,ds005293__sub-002,54,3.5,2.5,3.150992,3,225
8238,ds005293,sub-002,ds005293__sub-002,55,4.0,4.5,3.5907357,0,225
8239,ds005293,sub-002,ds005293__sub-002,56,3.0,4.5,3.512224,0,225
8240,ds005293,sub-002,ds005293__sub-002,57,2.5,4.5,3.3607178,1,225
8241,ds005293,sub-002,ds005293__sub-002,58,2.5,4.5,3.2473185,0,225
8242,ds005293,sub-002,ds005293__sub-002,59,2.5,2.5,2.9594793,1,225
8243,ds005293,sub-002,ds005293__sub-002,60,3.5,4.5,3.1561737,3,225
8244,ds005293,sub-002,ds005293__sub-002,61,3.5,4.5,3.2295027,0,225
8245,ds005293,sub-002,ds005293__sub-002,62,3.0,4.5,3.2968779,0,225
8246,ds005293,sub-002,ds005293__sub-002,63,4.0,4.5,3.7017765,1,225
8247,ds005293,sub-002,ds005293__sub-002,64,3.0,4.5,3.683587,1,225
8248,ds005293,sub-002,ds005293__sub-002,65,3.0,4.5,3.665936,0,225
8249,ds005293,sub-002,ds005293__sub-002,66,3.0,4.5,3.6547687,3,225
8250,ds005293,sub-002,ds005293__sub-002,67,4.0,3.75,3.5008883,4,225
8251,ds005293,sub-002,ds005293__sub-002,68,4.0,4.5,3.5360923,5,225
8252,ds005293,sub-003,ds005293__sub-003,0,3.5,3.5,3.5678308,0,226
8253,ds005293,sub-003,ds005293__sub-003,1,3.5,3.5,3.6359515,1,226
8254,ds005293,sub-003,ds005293__sub-003,2,2.5,3.5,3.4122012,2,226
8255,ds005293,sub-003,ds005293__sub-003,3,2.5,3.5,3.3024783,1,226
8256,ds005293,sub-003,ds005293__sub-003,4,3.5,3.5,3.3471007,2,226
8257,ds005293,sub-003,ds005293__sub-003,5,4.0,3.5,3.3456137,3,226
8258,ds005293,sub-003,ds005293__sub-003,6,2.5,3.5,3.0472744,4,226
8259,ds005293,sub-003,ds005293__sub-003,7,2.5,3.5,3.005495,5,226
8260,ds005293,sub-003,ds005293__sub-003,8,2.5,2.25,2.8851485,6,226
8261,ds005293,sub-003,ds005293__sub-003,9,3.0,3.0,3.0916667,7,226
8262,ds005293,sub-003,ds005293__sub-003,10,3.0,3.0,3.081407,4,226
8263,ds005293,sub-003,ds005293__sub-003,11,2.5,3.0,3.0469167,5,226
8264,ds005293,sub-003,ds005293__sub-003,12,3.5,3.0,3.3226619,0,226
8265,ds005293,sub-003,ds005293__sub-003,13,3.0,3.0,3.3126833,1,226
8266,ds005293,sub-003,ds005293__sub-003,14,3.0,3.75,3.247253,2,226
8267,ds005293,sub-003,ds005293__sub-003,15,3.5,3.75,3.2405555,3,226
8268,ds005293,sub-003,ds005293__sub-003,16,3.5,3.75,3.4747305,2,226
8269,ds005293,sub-003,ds005293__sub-003,17,4.0,4.5,3.5690205,3,226
8270,ds005293,sub-003,ds005293__sub-003,18,3.5,4.5,3.3088784,0,226
8271,ds005293,sub-003,ds005293__sub-003,19,4.0,4.5,3.4506114,1,226
8272,ds005293,sub-003,ds005293__sub-003,20,2.5,4.5,3.4193313,2,226
8273,ds005293,sub-003,ds005293__sub-003,21,4.0,4.5,3.5184357,3,226
8274,ds005293,sub-003,ds005293__sub-003,22,3.0,4.5,3.4999495,4,226
8275,ds005293,sub-003,ds005293__sub-003,23,2.5,4.5,3.476306,0,226
8276,ds005293,sub-003,ds005293__sub-003,24,2.5,4.5,3.5132794,0,226
8277,ds005293,sub-003,ds005293__sub-003,25,3.0,4.5,3.493635,0,226
8278,ds005293,sub-003,ds005293__sub-003,26,2.5,3.75,3.5684185,1,226
8279,ds005293,sub-003,ds005293__sub-003,27,3.5,3.75,3.5363867,3,226
8280,ds005293,sub-003,ds005293__sub-003,28,3.5,3.75,3.524343,3,226
8281,ds005293,sub-003,ds005293__sub-003,29,4.0,3.75,3.5772228,5,226
8282,ds005293,sub-003,ds005293__sub-003,30,3.0,3.75,3.5379539,3,226
8283,ds005293,sub-003,ds005293__sub-003,31,3.5,3.75,3.504354,5,226
8284,ds005293,sub-003,ds005293__sub-003,32,4.0,4.5,3.6118813,5,226
8285,ds005293,sub-003,ds005293__sub-003,33,3.0,4.0,3.5750146,4,226
8286,ds005293,sub-003,ds005293__sub-003,34,3.0,2.5,3.3656316,14,226
8287,ds005293,sub-003,ds005293__sub-003,35,4.0,4.0,3.396388,15,226
8288,ds005293,sub-003,ds005293__sub-003,36,3.0,4.0,3.37015,13,226
8289,ds005293,sub-003,ds005293__sub-003,37,4.0,4.5,3.3786862,0,226
8290,ds005293,sub-003,ds005293__sub-003,38,4.0,4.5,3.4361265,1,226
8291,ds005293,sub-003,ds005293__sub-003,39,4.0,4.5,3.3808556,2,226
8292,ds005293,sub-003,ds005293__sub-003,40,3.5,4.5,3.131851,0,226
8293,ds005293,sub-003,ds005293__sub-003,41,3.5,2.25,3.0909028,0,226
8294,ds005293,sub-003,ds005293__sub-003,42,2.5,2.25,3.0465515,1,226
8295,ds005293,sub-003,ds005293__sub-003,43,2.5,2.25,2.872401,0,226
8296,ds005293,sub-003,ds005293__sub-003,44,3.5,2.25,2.9458897,0,226
8297,ds005293,sub-003,ds005293__sub-003,45,4.0,2.25,3.0654016,0,226
8298,ds005293,sub-003,ds005293__sub-003,46,2.5,2.25,3.076329,0,226
8299,ds005293,sub-003,ds005293__sub-003,47,2.5,2.25,3.0361028,0,226
8300,ds005293,sub-003,ds005293__sub-003,48,2.5,3.75,3.1936402,1,226
8301,ds005293,sub-003,ds005293__sub-003,49,3.0,3.75,3.334683,2,226
8302,ds005293,sub-003,ds005293__sub-003,50,3.0,3.75,3.3740184,0,226
8303,ds005293,sub-003,ds005293__sub-003,51,2.5,3.75,3.3990993,1,226
8304,ds005293,sub-003,ds005293__sub-003,52,3.5,3.75,3.4387035,2,226
8305,ds005293,sub-003,ds005293__sub-003,53,3.0,3.75,3.4081469,0,226
8306,ds005293,sub-003,ds005293__sub-003,54,3.0,4.5,3.3357763,1,226
8307,ds005293,sub-003,ds005293__sub-003,55,3.5,4.5,3.4401906,0,226
8308,ds005293,sub-003,ds005293__sub-003,56,3.5,3.75,3.4808161,1,226
8309,ds005293,sub-003,ds005293__sub-003,57,4.0,4.5,3.5761914,0,226
8310,ds005293,sub-003,ds005293__sub-003,58,3.5,4.5,3.6174026,1,226
8311,ds005293,sub-003,ds005293__sub-003,59,4.0,4.5,3.5062327,4,226
8312,ds005293,sub-003,ds005293__sub-003,60,2.5,4.5,3.2696075,5,226
8313,ds005293,sub-003,ds005293__sub-003,61,4.0,2.0,2.7860742,0,226
8314,ds005293,sub-003,ds005293__sub-003,62,3.0,2.0,2.691791,1,226
8315,ds005293,sub-003,ds005293__sub-003,63,2.5,2.0,2.6146567,2,226
8316,ds005293,sub-003,ds005293__sub-003,64,2.5,2.0,2.5288382,3,226
8317,ds005293,sub-003,ds005293__sub-003,65,3.0,2.0,2.610225,0,226
8318,ds005293,sub-003,ds005293__sub-003,66,2.5,2.0,2.6903472,1,226
8319,ds005293,sub-003,ds005293__sub-003,67,3.5,2.0,2.8042092,0,226
8320,ds005293,sub-003,ds005293__sub-003,68,3.5,3.75,3.127529,1,226
8321,ds005293,sub-003,ds005293__sub-003,69,4.0,3.75,3.330062,0,226
8322,ds005293,sub-003,ds005293__sub-003,70,3.0,3.75,3.398528,1,226
8323,ds005293,sub-003,ds005293__sub-003,71,3.5,3.75,3.4204638,2,226
8324,ds005293,sub-003,ds005293__sub-003,72,4.0,3.75,3.4436774,3,226
8325,ds005293,sub-003,ds005293__sub-003,73,3.0,4.5,3.4851298,5,226
8326,ds005293,sub-003,ds005293__sub-003,74,3.0,4.5,3.4480953,5,226
8327,ds005293,sub-003,ds005293__sub-003,75,4.0,3.0,3.4091542,0,226
8328,ds005293,sub-003,ds005293__sub-003,76,3.0,3.5,3.3795125,1,226
8329,ds005293,sub-003,ds005293__sub-003,77,4.0,3.5,3.3636658,0,226
8330,ds005293,sub-004,ds005293__sub-004,0,3.5,4.0,3.5840025,0,227
8331,ds005293,sub-004,ds005293__sub-004,1,3.5,3.5,3.5676625,0,227
8332,ds005293,sub-004,ds005293__sub-004,2,2.5,3.5,3.544541,2,227
8333,ds005293,sub-004,ds005293__sub-004,3,2.5,3.5,3.386078,3,227
8334,ds005293,sub-004,ds005293__sub-004,4,3.5,3.5,3.3254485,3,227
8335,ds005293,sub-004,ds005293__sub-004,5,4.0,4.0,3.3039517,4,227
8336,ds005293,sub-004,ds005293__sub-004,6,2.5,4.0,3.22642,5,227
8337,ds005293,sub-004,ds005293__sub-004,7,2.5,4.0,3.1862648,6,227
8338,ds005293,sub-004,ds005293__sub-004,8,2.5,3.5,3.192513,7,227
8339,ds005293,sub-004,ds005293__sub-004,9,3.0,3.5,3.2022958,8,227
8340,ds005293,sub-004,ds005293__sub-004,10,3.0,4.0,3.2125316,8,227
8341,ds005293,sub-004,ds005293__sub-004,11,2.5,4.0,3.2069654,9,227
8342,ds005293,sub-004,ds005293__sub-004,12,3.5,4.0,3.2181187,10,227
8343,ds005293,sub-004,ds005293__sub-004,13,3.0,4.5,3.226499,11,227
8344,ds005293,sub-004,ds005293__sub-004,14,3.0,4.5,3.2174826,12,227
8345,ds005293,sub-004,ds005293__sub-004,15,3.5,4.5,3.2274725,13,227
8346,ds005293,sub-004,ds005293__sub-004,16,3.5,4.5,3.247554,14,227
8347,ds005293,sub-004,ds005293__sub-004,17,3.5,4.5,3.267005,14,227
8348,ds005293,sub-004,ds005293__sub-004,18,4.0,4.5,3.2680302,15,227
8349,ds005293,sub-004,ds005293__sub-004,19,2.5,4.5,3.2543426,15,227
8350,ds005293,sub-004,ds005293__sub-004,20,3.0,4.5,3.2333813,15,227
8351,ds005293,sub-004,ds005293__sub-004,21,2.5,4.5,3.2405038,15,227
8352,ds005293,sub-004,ds005293__sub-004,22,2.5,4.5,3.2239468,15,227
8353,ds005293,sub-004,ds005293__sub-004,23,3.0,4.5,3.2081816,14,227
8354,ds005293,sub-004,ds005293__sub-004,24,2.5,4.5,3.224676,15,227
8355,ds005293,sub-004,ds005293__sub-004,25,3.5,4.5,3.2143931,15,227
8356,ds005293,sub-004,ds005293__sub-004,26,4.0,4.5,3.204778,15,227
8357,ds005293,sub-004,ds005293__sub-004,27,3.0,4.5,3.2006788,15,227
8358,ds005293,sub-004,ds005293__sub-004,28,3.5,4.5,3.2006993,13,227
8359,ds005293,sub-004,ds005293__sub-004,29,4.0,4.5,3.2059724,15,227
8360,ds005293,sub-004,ds005293__sub-004,30,3.0,4.5,3.1998358,15,227
8361,ds005293,sub-004,ds005293__sub-004,31,3.0,4.5,3.2206054,14,227
8362,ds005293,sub-004,ds005293__sub-004,32,4.0,4.5,3.2150342,15,227
8363,ds005293,sub-004,ds005293__sub-004,33,3.0,4.5,3.2325907,15,227
8364,ds005293,sub-004,ds005293__sub-004,34,4.0,4.5,3.240664,15,227
8365,ds005293,sub-004,ds005293__sub-004,35,4.0,4.5,3.230155,15,227
8366,ds005293,sub-004,ds005293__sub-004,36,3.5,4.5,3.2216244,15,227
8367,ds005293,sub-004,ds005293__sub-004,37,3.5,4.5,3.2101412,15,227
8368,ds005293,sub-004,ds005293__sub-004,38,2.5,2.0,3.1587467,15,227
8369,ds005293,sub-004,ds005293__sub-004,39,2.5,2.0,3.1572607,13,227
8370,ds005293,sub-004,ds005293__sub-004,40,3.5,2.0,3.1593347,15,227
8371,ds005293,sub-004,ds005293__sub-004,41,4.0,2.0,3.1655118,15,227
8372,ds005293,sub-004,ds005293__sub-004,42,2.5,2.0,3.1599479,15,227
8373,ds005293,sub-004,ds005293__sub-004,43,2.5,2.0,3.1535356,15,227
8374,ds005293,sub-004,ds005293__sub-004,44,2.5,3.0,3.1577368,14,227
8375,ds005293,sub-004,ds005293__sub-004,45,3.0,3.0,3.1577787,14,227
8376,ds005293,sub-004,ds005293__sub-004,46,2.5,3.0,3.157133,15,227
8377,ds005293,sub-004,ds005293__sub-004,47,3.5,3.0,3.1484292,15,227
8378,ds005293,sub-004,ds005293__sub-004,48,3.0,4.5,3.1712613,15,227
8379,ds005293,sub-004,ds005293__sub-004,49,3.0,4.5,3.1936502,14,227
8380,ds005293,sub-004,ds005293__sub-004,50,3.5,4.5,3.200655,15,227
8381,ds005293,sub-004,ds005293__sub-004,51,3.5,4.5,3.220365,14,227
8382,ds005293,sub-004,ds005293__sub-004,52,4.0,4.5,3.2384377,14,227
8383,ds005293,sub-004,ds005293__sub-004,53,3.5,4.5,3.2237196,15,227
8384,ds005293,sub-004,ds005293__sub-004,54,4.0,4.5,3.2148397,14,227
8385,ds005293,sub-004,ds005293__sub-004,55,2.5,4.5,3.175071,15,227
8386,ds005293,sub-004,ds005293__sub-004,56,3.0,4.5,3.2311034,15,227
8387,ds005293,sub-004,ds005293__sub-004,57,2.5,4.5,3.230122,15,227
8388,ds005293,sub-004,ds005293__sub-004,58,2.5,2.25,3.213377,15,227
8389,ds005293,sub-004,ds005293__sub-004,59,3.0,4.5,3.2257602,15,227
8390,ds005293,sub-004,ds005293__sub-004,60,2.5,4.5,3.231567,15,227
8391,ds005293,sub-004,ds005293__sub-004,61,3.5,4.5,3.2493696,13,227
8392,ds005293,sub-004,ds005293__sub-004,62,3.5,4.5,3.2430258,14,227
8393,ds005293,sub-004,ds005293__sub-004,63,4.0,4.5,3.2318711,15,227
8394,ds005293,sub-004,ds005293__sub-004,64,3.0,4.5,3.2452786,15,227
8395,ds005293,sub-004,ds005293__sub-004,65,3.5,4.5,3.2433732,15,227
8396,ds005293,sub-004,ds005293__sub-004,66,4.0,4.5,3.2331748,15,227
8397,ds005293,sub-004,ds005293__sub-004,67,3.0,4.5,3.225544,15,227
8398,ds005293,sub-004,ds005293__sub-004,68,3.0,4.5,3.2122993,14,227
8399,ds005293,sub-004,ds005293__sub-004,69,4.0,4.5,3.2130623,15,227
8400,ds005293,sub-004,ds005293__sub-004,70,3.0,4.5,3.2208245,11,227
8401,ds005293,sub-004,ds005293__sub-004,71,4.0,4.5,3.2299538,15,227
8402,ds005293,sub-004,ds005293__sub-004,72,4.0,4.5,3.2302146,13,227
8403,ds005293,sub-004,ds005293__sub-004,73,4.0,4.5,3.21174,14,227
8404,ds005293,sub-005,ds005293__sub-005,0,3.0,3.75,3.488356,0,228
8405,ds005293,sub-005,ds005293__sub-005,1,3.0,4.0,3.5149918,0,228
8406,ds005293,sub-005,ds005293__sub-005,2,2.0,3.75,3.412938,1,228
8407,ds005293,sub-005,ds005293__sub-005,3,2.0,3.75,3.3244977,2,228
8408,ds005293,sub-005,ds005293__sub-005,4,3.0,3.75,3.2699594,3,228
8409,ds005293,sub-005,ds005293__sub-005,5,3.5,3.75,3.2528377,4,228
8410,ds005293,sub-005,ds005293__sub-005,6,2.0,4.0,3.255771,5,228
8411,ds005293,sub-005,ds005293__sub-005,7,2.0,4.0,3.2415984,6,228
8412,ds005293,sub-005,ds005293__sub-005,8,2.0,4.0,3.2280774,7,228
8413,ds005293,sub-005,ds005293__sub-005,9,2.5,4.0,3.2432833,8,228
8414,ds005293,sub-005,ds005293__sub-005,10,2.5,4.0,3.2479665,9,228
8415,ds005293,sub-005,ds005293__sub-005,11,2.0,4.0,3.2593377,10,228
8416,ds005293,sub-005,ds005293__sub-005,12,3.0,4.0,3.2604713,11,228
8417,ds005293,sub-005,ds005293__sub-005,13,2.5,4.0,3.2655177,12,228
8418,ds005293,sub-005,ds005293__sub-005,14,2.5,3.75,3.2779942,13,228
8419,ds005293,sub-005,ds005293__sub-005,15,3.0,3.75,3.2817078,14,228
8420,ds005293,sub-005,ds005293__sub-005,16,3.0,4.0,3.2764764,15,228
8421,ds005293,sub-005,ds005293__sub-005,17,3.5,4.0,3.2673278,15,228
8422,ds005293,sub-005,ds005293__sub-005,18,3.0,4.0,3.2564788,15,228
8423,ds005293,sub-005,ds005293__sub-005,19,3.5,4.0,3.2261238,15,228
8424,ds005293,sub-005,ds005293__sub-005,20,2.0,4.0,3.2063885,15,228
8425,ds005293,sub-005,ds005293__sub-005,21,3.5,4.0,3.188341,15,228
8426,ds005293,sub-005,ds005293__sub-005,22,2.5,4.0,3.1743255,14,228
8427,ds005293,sub-005,ds005293__sub-005,23,2.0,4.0,3.1679745,14,228
8428,ds005293,sub-005,ds005293__sub-005,24,2.0,4.0,3.185576,15,228
8429,ds005293,sub-005,ds005293__sub-005,25,2.5,4.0,3.1744912,15,228
8430,ds005293,sub-005,ds005293__sub-005,26,2.0,4.0,3.178137,15,228
8431,ds005293,sub-005,ds005293__sub-005,27,3.0,2.5,3.1767044,15,228
8432,ds005293,sub-005,ds005293__sub-005,28,3.0,2.5,3.1907444,15,228
8433,ds005293,sub-005,ds005293__sub-005,29,3.5,4.0,3.1877522,13,228
8434,ds005293,sub-005,ds005293__sub-005,30,2.5,4.0,3.1868901,15,228
8435,ds005293,sub-005,ds005293__sub-005,31,3.0,2.25,3.1808205,15,228
8436,ds005293,sub-005,ds005293__sub-005,32,3.5,2.25,3.179947,15,228
8437,ds005293,sub-005,ds005293__sub-005,33,2.5,2.25,3.1851916,15,228
8438,ds005293,sub-005,ds005293__sub-005,34,2.5,4.0,3.1927028,14,228
8439,ds005293,sub-005,ds005293__sub-005,35,3.5,4.0,3.1992679,15,228
8440,ds005293,sub-005,ds005293__sub-005,36,2.5,3.75,3.188149,14,228
8441,ds005293,sub-005,ds005293__sub-005,37,3.5,2.5,3.1905303,15,228
8442,ds005293,sub-005,ds005293__sub-005,38,3.5,3.75,3.1920443,15,228
8443,ds005293,sub-005,ds005293__sub-005,39,3.5,3.75,3.1676602,13,228
8444,ds005293,sub-005,ds005293__sub-005,40,3.0,3.75,3.1719618,14,228
8445,ds005293,sub-005,ds005293__sub-005,41,3.0,3.0,3.1537685,15,228
8446,ds005293,sub-005,ds005293__sub-005,42,2.0,3.0,3.153332,14,228
8447,ds005293,sub-005,ds005293__sub-005,43,2.0,4.0,3.1553116,15,228
8448,ds005293,sub-005,ds005293__sub-005,44,3.0,4.0,3.1590858,15,228
8449,ds005293,sub-005,ds005293__sub-005,45,3.5,4.0,3.1687834,15,228
8450,ds005293,sub-005,ds005293__sub-005,46,2.0,4.0,3.1682055,15,228
8451,ds005293,sub-005,ds005293__sub-005,47,2.0,4.0,3.1681342,15,228
8452,ds005293,sub-005,ds005293__sub-005,48,2.0,4.0,3.1746798,14,228
8453,ds005293,sub-005,ds005293__sub-005,49,2.5,4.0,3.1643372,15,228
8454,ds005293,sub-005,ds005293__sub-005,50,2.5,2.25,3.1634345,15,228
8455,ds005293,sub-005,ds005293__sub-005,51,2.0,4.0,3.1807222,15,228
8456,ds005293,sub-005,ds005293__sub-005,52,3.0,4.0,3.1814094,15,228
8457,ds005293,sub-005,ds005293__sub-005,53,2.5,4.0,3.1999092,15,228
8458,ds005293,sub-005,ds005293__sub-005,54,2.5,4.0,3.202941,15,228
8459,ds005293,sub-005,ds005293__sub-005,55,3.0,4.0,3.2185142,15,228
8460,ds005293,sub-005,ds005293__sub-005,56,3.0,4.0,3.2307978,15,228
8461,ds005293,sub-005,ds005293__sub-005,57,3.5,4.0,3.2525904,15,228
8462,ds005293,sub-005,ds005293__sub-005,58,3.0,4.0,3.2143977,15,228
8463,ds005293,sub-005,ds005293__sub-005,59,2.0,4.0,3.1945465,14,228
8464,ds005293,sub-005,ds005293__sub-005,60,3.5,4.0,3.2020254,15,228
8465,ds005293,sub-005,ds005293__sub-005,61,2.5,4.0,3.203961,14,228
8466,ds005293,sub-005,ds005293__sub-005,62,2.0,4.0,3.1979687,15,228
8467,ds005293,sub-005,ds005293__sub-005,63,2.0,4.0,3.218473,15,228
8468,ds005293,sub-005,ds005293__sub-005,64,2.5,4.0,3.1939936,15,228
8469,ds005293,sub-005,ds005293__sub-005,65,2.0,4.0,3.2037463,14,228
8470,ds005293,sub-005,ds005293__sub-005,66,3.0,4.0,3.2023103,15,228
8471,ds005293,sub-005,ds005293__sub-005,67,3.0,3.0,3.1949997,15,228
8472,ds005293,sub-005,ds005293__sub-005,68,3.5,3.0,3.199607,14,228
8473,ds005293,sub-005,ds005293__sub-005,69,2.5,3.0,3.1868858,15,228
8474,ds005293,sub-005,ds005293__sub-005,70,3.0,3.75,3.1890569,14,228
8475,ds005293,sub-005,ds005293__sub-005,71,2.5,3.75,3.2016397,15,228
8476,ds005293,sub-005,ds005293__sub-005,72,3.5,3.75,3.1964223,15,228
8477,ds005293,sub-005,ds005293__sub-005,73,2.5,3.75,3.2030244,15,228
8478,ds005293,sub-005,ds005293__sub-005,74,3.5,3.75,3.2280939,14,228
8479,ds005293,sub-005,ds005293__sub-005,75,3.5,3.75,3.224608,15,228
8480,ds005293,sub-005,ds005293__sub-005,76,3.5,3.75,3.234822,15,228
8481,ds005293,sub-006,ds005293__sub-006,0,3.0,3.5,3.4140368,0,229
8482,ds005293,sub-006,ds005293__sub-006,1,3.0,4.0,3.401212,1,229
8483,ds005293,sub-006,ds005293__sub-006,2,2.0,3.5,3.224416,2,229
8484,ds005293,sub-006,ds005293__sub-006,3,2.0,3.5,3.0815134,3,229
8485,ds005293,sub-006,ds005293__sub-006,4,3.0,2.25,3.0630004,4,229
8486,ds005293,sub-006,ds005293__sub-006,5,3.5,3.0,3.0883207,5,229
8487,ds005293,sub-006,ds005293__sub-006,6,2.0,2.25,3.0707726,6,229
8488,ds005293,sub-006,ds005293__sub-006,7,2.0,3.0,3.0757241,7,229
8489,ds005293,sub-006,ds005293__sub-006,8,2.0,3.0,3.068711,8,229
8490,ds005293,sub-006,ds005293__sub-006,9,2.5,3.0,3.0638647,9,229
8491,ds005293,sub-006,ds005293__sub-006,10,2.0,3.0,3.0727599,10,229
8492,ds005293,sub-006,ds005293__sub-006,11,3.0,3.0,3.0792205,11,229
8493,ds005293,sub-006,ds005293__sub-006,12,2.5,3.0,3.0806432,12,229
8494,ds005293,sub-006,ds005293__sub-006,13,2.5,3.0,3.0816631,13,229
8495,ds005293,sub-006,ds005293__sub-006,14,3.0,3.0,3.0844443,14,229
8496,ds005293,sub-006,ds005293__sub-006,15,3.0,3.0,3.0898726,15,229
8497,ds005293,sub-006,ds005293__sub-006,16,3.0,3.0,3.0845451,14,229
8498,ds005293,sub-006,ds005293__sub-006,17,3.5,3.0,3.099827,15,229
8499,ds005293,sub-006,ds005293__sub-006,18,2.0,3.0,3.0826032,15,229
8500,ds005293,sub-006,ds005293__sub-006,19,3.5,3.0,3.0772176,15,229
8501,ds005293,sub-006,ds005293__sub-006,20,2.5,3.0,3.067426,15,229
8502,ds005293,sub-006,ds005293__sub-006,21,2.0,3.0,3.083426,15,229
8503,ds005293,sub-006,ds005293__sub-006,22,2.0,3.0,3.0866797,15,229
8504,ds005293,sub-006,ds005293__sub-006,23,2.5,3.0,3.0821543,15,229
8505,ds005293,sub-006,ds005293__sub-006,24,2.0,3.0,3.0589285,14,229
8506,ds005293,sub-006,ds005293__sub-006,25,3.0,3.0,3.0668807,15,229
8507,ds005293,sub-006,ds005293__sub-006,26,3.0,3.0,3.080852,15,229
8508,ds005293,sub-006,ds005293__sub-006,27,3.5,3.0,3.0782075,15,229
8509,ds005293,sub-006,ds005293__sub-006,28,2.5,3.0,3.0794353,15,229
8510,ds005293,sub-006,ds005293__sub-006,29,3.0,3.0,3.0785775,14,229
8511,ds005293,sub-006,ds005293__sub-006,30,3.5,3.0,3.0752141,15,229
8512,ds005293,sub-006,ds005293__sub-006,31,2.5,3.0,3.0816689,15,229
8513,ds005293,sub-006,ds005293__sub-006,32,2.5,3.0,3.0964441,14,229
8514,ds005293,sub-006,ds005293__sub-006,33,3.5,3.0,3.0836926,15,229
8515,ds005293,sub-006,ds005293__sub-006,34,2.5,3.0,3.0737538,15,229
8516,ds005293,sub-006,ds005293__sub-006,35,3.5,3.0,3.0707996,12,229
8517,ds005293,sub-006,ds005293__sub-006,36,3.5,3.0,3.0962355,12,229
8518,ds005293,sub-006,ds005293__sub-006,37,3.5,3.0,3.0799294,13,229
8519,ds005293,sub-006,ds005293__sub-006,38,3.0,3.0,3.0772963,14,229
8520,ds005293,sub-006,ds005293__sub-006,39,3.0,3.0,3.066638,15,229
8521,ds005293,sub-006,ds005293__sub-006,40,2.0,3.0,3.0634184,15,229
8522,ds005293,sub-006,ds005293__sub-006,41,2.0,3.0,3.0659492,15,229
8523,ds005293,sub-006,ds005293__sub-006,42,3.0,3.0,3.0769527,15,229
8524,ds005293,sub-006,ds005293__sub-006,43,3.5,3.0,3.0952837,15,229
8525,ds005293,sub-006,ds005293__sub-006,44,2.0,3.0,3.095271,14,229
8526,ds005293,sub-006,ds005293__sub-006,45,2.0,3.0,3.104839,15,229
8527,ds005293,sub-006,ds005293__sub-006,46,2.5,3.0,3.1139305,14,229
8528,ds005293,sub-006,ds005293__sub-006,47,2.5,3.0,3.1261842,15,229
8529,ds005293,sub-006,ds005293__sub-006,48,2.0,3.0,3.146591,15,229
8530,ds005293,sub-006,ds005293__sub-006,49,2.5,3.0,3.165874,15,229
8531,ds005293,sub-006,ds005293__sub-006,50,3.0,3.0,3.1797075,14,229
8532,ds005293,sub-006,ds005293__sub-006,51,3.0,3.0,3.0730371,15,229
8533,ds005293,sub-006,ds005293__sub-006,52,3.0,3.0,3.0789587,15,229
8534,ds005293,sub-006,ds005293__sub-006,53,3.5,3.0,3.0837798,15,229
8535,ds005293,sub-006,ds005293__sub-006,54,2.5,3.0,3.0777287,15,229
8536,ds005293,sub-006,ds005293__sub-006,55,2.0,3.0,3.0589106,15,229
8537,ds005293,sub-006,ds005293__sub-006,56,2.0,3.0,3.0484552,15,229
8538,ds005293,sub-006,ds005293__sub-006,57,2.5,3.0,3.0430322,15,229
8539,ds005293,sub-006,ds005293__sub-006,58,2.0,3.0,3.0419657,15,229
8540,ds005293,sub-006,ds005293__sub-006,59,3.0,2.5,3.0864272,14,229
8541,ds005293,sub-006,ds005293__sub-006,60,3.0,2.5,3.074998,15,229
8542,ds005293,sub-006,ds005293__sub-006,61,3.5,2.5,3.0796833,15,229
8543,ds005293,sub-006,ds005293__sub-006,62,3.0,3.0,3.087754,13,229
8544,ds005293,sub-006,ds005293__sub-006,63,3.5,3.0,3.1104522,15,229
8545,ds005293,sub-006,ds005293__sub-006,64,2.5,3.0,3.0925364,15,229
8546,ds005293,sub-006,ds005293__sub-006,65,3.5,3.0,3.102748,14,229
8547,ds005293,sub-006,ds005293__sub-006,66,2.5,3.0,3.0901408,15,229
8548,ds005293,sub-006,ds005293__sub-006,67,3.5,3.0,3.0658948,15,229
8549,ds005293,sub-006,ds005293__sub-006,68,3.5,2.5,3.0812654,14,229
8550,ds005293,sub-007,ds005293__sub-007,0,3.0,3.5,3.4193063,0,230
8551,ds005293,sub-007,ds005293__sub-007,1,3.0,4.0,3.6867476,0,230
8552,ds005293,sub-007,ds005293__sub-007,2,2.0,4.0,3.3370194,1,230
8553,ds005293,sub-007,ds005293__sub-007,3,2.0,4.0,3.1908717,2,230
8554,ds005293,sub-007,ds005293__sub-007,4,3.0,2.5,3.0692344,3,230
8555,ds005293,sub-007,ds005293__sub-007,5,3.5,2.5,2.8907428,4,230
8556,ds005293,sub-007,ds005293__sub-007,6,2.0,2.5,2.8523111,5,230
8557,ds005293,sub-007,ds005293__sub-007,7,2.0,2.5,2.8349676,6,230
8558,ds005293,sub-007,ds005293__sub-007,8,2.0,2.5,2.8931954,7,230
8559,ds005293,sub-007,ds005293__sub-007,9,2.5,2.5,2.8976307,8,230
8560,ds005293,sub-007,ds005293__sub-007,10,2.5,2.5,2.988758,9,230
8561,ds005293,sub-007,ds005293__sub-007,11,2.0,2.5,2.9876242,10,230
8562,ds005293,sub-007,ds005293__sub-007,12,3.0,2.5,3.1332092,0,230
8563,ds005293,sub-007,ds005293__sub-007,13,2.5,2.5,3.0699825,1,230
8564,ds005293,sub-007,ds005293__sub-007,14,2.5,2.5,3.1601934,0,230
8565,ds005293,sub-007,ds005293__sub-007,15,3.0,2.5,3.2092729,1,230
8566,ds005293,sub-007,ds005293__sub-007,16,3.0,2.5,3.1405444,2,230
8567,ds005293,sub-007,ds005293__sub-007,17,3.5,2.5,3.134247,15,230
8568,ds005293,sub-007,ds005293__sub-007,18,3.0,2.5,3.1280735,0,230
8569,ds005293,sub-007,ds005293__sub-007,19,3.5,4.0,3.315569,0,230
8570,ds005293,sub-007,ds005293__sub-007,20,2.0,4.0,3.2631354,1,230
8571,ds005293,sub-007,ds005293__sub-007,21,3.5,4.0,3.274695,0,230
8572,ds005293,sub-007,ds005293__sub-007,22,2.5,2.5,3.1229136,1,230
8573,ds005293,sub-007,ds005293__sub-007,23,2.0,2.5,3.1150527,0,230
8574,ds005293,sub-007,ds005293__sub-007,24,2.0,2.5,3.164881,1,230
8575,ds005293,sub-007,ds005293__sub-007,25,2.5,4.0,3.3250198,0,230
8576,ds005293,sub-007,ds005293__sub-007,26,2.0,4.0,3.2565742,1,230
8577,ds005293,sub-007,ds005293__sub-007,27,3.0,4.0,3.302595,0,230
8578,ds005293,sub-007,ds005293__sub-007,28,3.0,4.0,3.3168273,0,230
8579,ds005293,sub-007,ds005293__sub-007,29,3.5,4.0,3.425141,0,230
8580,ds005293,sub-007,ds005293__sub-007,30,2.5,4.0,3.3556356,1,230
8581,ds005293,sub-007,ds005293__sub-007,31,3.0,4.0,3.3564517,2,230
8582,ds005293,sub-007,ds005293__sub-007,32,3.5,4.0,3.6091328,0,230
8583,ds005293,sub-007,ds005293__sub-007,33,2.5,4.0,3.622817,1,230
8584,ds005293,sub-007,ds005293__sub-007,34,2.5,4.0,3.3988917,0,230
8585,ds005293,sub-007,ds005293__sub-007,35,3.5,2.5,3.2096655,1,230
8586,ds005293,sub-007,ds005293__sub-007,36,2.5,2.5,2.9637375,0,230
8587,ds005293,sub-007,ds005293__sub-007,37,3.5,2.5,3.051983,0,230
8588,ds005293,sub-007,ds005293__sub-007,38,3.5,2.5,3.2340689,1,230
8589,ds005293,sub-007,ds005293__sub-007,39,3.5,2.5,3.2660246,1,230
8590,ds005293,sub-007,ds005293__sub-007,40,3.0,2.5,3.248239,0,230
8591,ds005293,sub-007,ds005293__sub-007,41,3.0,2.5,3.1371672,1,230
8592,ds005293,sub-007,ds005293__sub-007,42,2.0,2.5,3.1102462,2,230
8593,ds005293,sub-007,ds005293__sub-007,43,2.0,2.5,3.050259,3,230
8594,ds005293,sub-007,ds005293__sub-007,44,3.0,2.5,2.9773717,13,230
8595,ds005293,sub-007,ds005293__sub-007,45,3.5,2.5,2.9590669,0,230
8596,ds005293,sub-007,ds005293__sub-007,46,2.0,2.5,2.8890567,0,230
8597,ds005293,sub-007,ds005293__sub-007,47,2.0,2.5,2.7519133,1,230
8598,ds005293,sub-007,ds005293__sub-007,48,2.0,2.5,3.0267818,1,230
8599,ds005293,sub-007,ds005293__sub-007,49,2.5,2.5,3.1017923,1,230
8600,ds005293,sub-007,ds005293__sub-007,50,2.5,2.5,3.1661015,0,230
8601,ds005293,sub-007,ds005293__sub-007,51,2.0,4.5,3.4949374,0,230
8602,ds005293,sub-007,ds005293__sub-007,52,3.0,4.0,3.5896344,0,230
8603,ds005293,sub-007,ds005293__sub-007,53,2.5,4.5,4.0891786,0,230
8604,ds005293,sub-007,ds005293__sub-007,54,2.5,4.5,3.7017279,1,230
8605,ds005293,sub-007,ds005293__sub-007,55,3.0,4.5,3.4624183,2,230
8606,ds005293,sub-007,ds005293__sub-007,56,3.0,4.5,3.454702,3,230
8607,ds005293,sub-007,ds005293__sub-007,57,3.0,4.5,3.384675,0,230
8608,ds005293,sub-007,ds005293__sub-007,58,3.5,4.5,3.7890427,1,230
8609,ds005293,sub-007,ds005293__sub-007,59,2.0,4.5,3.5313063,0,230
8610,ds005293,sub-007,ds005293__sub-007,60,3.5,4.5,3.741331,1,230
8611,ds005293,sub-007,ds005293__sub-007,61,2.5,4.5,3.5974422,0,230
8612,ds005293,sub-007,ds005293__sub-007,62,2.0,4.5,3.3320615,1,230
8613,ds005293,sub-007,ds005293__sub-007,63,2.0,4.5,3.1719527,2,230
8614,ds005293,sub-007,ds005293__sub-007,64,2.5,4.5,3.3163455,0,230
8615,ds005293,sub-007,ds005293__sub-007,65,2.0,4.5,3.3301566,0,230
8616,ds005293,sub-007,ds005293__sub-007,66,3.0,4.0,3.506717,0,230
8617,ds005293,sub-007,ds005293__sub-007,67,3.0,4.0,3.507534,1,230
8618,ds005293,sub-007,ds005293__sub-007,68,3.5,4.5,3.7996297,0,230
8619,ds005293,sub-007,ds005293__sub-007,69,2.5,4.5,3.816218,1,230
8620,ds005293,sub-007,ds005293__sub-007,70,3.0,4.5,3.7810743,2,230
8621,ds005293,sub-007,ds005293__sub-007,71,3.5,4.5,3.86158,0,230
8622,ds005293,sub-007,ds005293__sub-007,72,2.5,4.5,3.7185102,0,230
8623,ds005293,sub-007,ds005293__sub-007,73,2.5,4.5,3.5963178,0,230
8624,ds005293,sub-007,ds005293__sub-007,74,3.5,4.5,3.5980768,0,230
8625,ds005293,sub-007,ds005293__sub-007,75,2.5,4.5,3.4804254,1,230
8626,ds005293,sub-007,ds005293__sub-007,76,3.5,4.5,3.8818822,0,230
8627,ds005293,sub-007,ds005293__sub-007,77,3.5,4.5,4.1680865,1,230
8628,ds005293,sub-007,ds005293__sub-007,78,3.5,4.5,4.259528,0,230
8629,ds005293,sub-008,ds005293__sub-008,0,3.75,4.0,3.5574696,0,231
8630,ds005293,sub-008,ds005293__sub-008,1,3.75,4.0,3.4934714,0,231
8631,ds005293,sub-008,ds005293__sub-008,2,2.25,4.0,3.433599,1,231
8632,ds005293,sub-008,ds005293__sub-008,3,2.25,4.0,3.393279,3,231
8633,ds005293,sub-008,ds005293__sub-008,4,3.75,4.0,3.238934,3,231
8634,ds005293,sub-008,ds005293__sub-008,5,4.5,4.0,3.1888444,4,231
8635,ds005293,sub-008,ds005293__sub-008,6,2.25,4.0,3.1490438,5,231
8636,ds005293,sub-008,ds005293__sub-008,7,2.25,4.0,3.1049125,6,231
8637,ds005293,sub-008,ds005293__sub-008,8,2.25,4.0,3.096925,7,231
8638,ds005293,sub-008,ds005293__sub-008,9,3.0,4.0,3.0940895,8,231
8639,ds005293,sub-008,ds005293__sub-008,10,3.0,4.0,3.1020694,9,231
8640,ds005293,sub-008,ds005293__sub-008,11,2.25,4.0,3.10457,10,231
8641,ds005293,sub-008,ds005293__sub-008,12,3.75,4.0,3.1278539,11,231
8642,ds005293,sub-008,ds005293__sub-008,13,3.0,4.0,3.1241472,12,231
8643,ds005293,sub-008,ds005293__sub-008,14,3.0,4.0,3.125313,13,231
8644,ds005293,sub-008,ds005293__sub-008,15,3.75,4.0,3.143102,14,231
8645,ds005293,sub-008,ds005293__sub-008,16,3.75,4.0,3.1438527,12,231
8646,ds005293,sub-008,ds005293__sub-008,17,4.5,2.0,3.1421113,12,231
8647,ds005293,sub-008,ds005293__sub-008,18,3.75,2.0,3.1341705,13,231
8648,ds005293,sub-008,ds005293__sub-008,19,4.5,4.0,3.148704,14,231
8649,ds005293,sub-008,ds005293__sub-008,20,2.25,4.0,3.1377516,12,231
8650,ds005293,sub-008,ds005293__sub-008,21,4.5,2.0,3.119031,12,231
8651,ds005293,sub-008,ds005293__sub-008,22,3.0,4.0,3.1175315,10,231
8652,ds005293,sub-008,ds005293__sub-008,23,2.25,4.0,3.1232905,11,231
8653,ds005293,sub-008,ds005293__sub-008,24,2.25,4.0,3.143539,12,231
8654,ds005293,sub-008,ds005293__sub-008,25,3.0,4.0,3.1319637,10,231
8655,ds005293,sub-008,ds005293__sub-008,26,2.25,4.0,3.1517234,11,231
8656,ds005293,sub-008,ds005293__sub-008,27,3.75,4.0,3.1575105,12,231
8657,ds005293,sub-008,ds005293__sub-008,28,3.75,4.0,3.1538858,15,231
8658,ds005293,sub-008,ds005293__sub-008,29,4.5,4.0,3.1684623,12,231
8659,ds005293,sub-008,ds005293__sub-008,30,3.0,3.5,3.1651978,13,231
8660,ds005293,sub-008,ds005293__sub-008,31,3.75,3.5,3.172316,14,231
8661,ds005293,sub-008,ds005293__sub-008,32,4.5,4.0,3.1542559,13,231
8662,ds005293,sub-008,ds005293__sub-008,33,3.0,3.5,3.144062,14,231
8663,ds005293,sub-008,ds005293__sub-008,34,3.0,2.0,3.1294074,10,231
8664,ds005293,sub-008,ds005293__sub-008,35,4.5,2.0,3.1334944,11,231
8665,ds005293,sub-008,ds005293__sub-008,36,3.0,2.0,3.1310124,9,231
8666,ds005293,sub-008,ds005293__sub-008,37,4.5,3.5,3.1294286,10,231
8667,ds005293,sub-008,ds005293__sub-008,38,4.5,3.5,3.1493375,11,231
8668,ds005293,sub-008,ds005293__sub-008,39,4.5,3.5,3.152668,12,231
8669,ds005293,sub-008,ds005293__sub-008,40,3.75,3.5,3.1626265,13,231
8670,ds005293,sub-008,ds005293__sub-008,41,2.25,3.5,3.186197,14,231
8671,ds005293,sub-008,ds005293__sub-008,42,2.25,4.0,3.144617,13,231
8672,ds005293,sub-008,ds005293__sub-008,43,3.75,2.25,3.1506162,14,231
8673,ds005293,sub-008,ds005293__sub-008,44,4.5,4.0,3.1434178,12,231
8674,ds005293,sub-008,ds005293__sub-008,45,2.25,4.0,3.1472366,13,231
8675,ds005293,sub-008,ds005293__sub-008,46,2.25,4.0,3.1498342,15,231
8676,ds005293,sub-008,ds005293__sub-008,47,2.25,4.0,3.1422615,15,231
8677,ds005293,sub-008,ds005293__sub-008,48,3.0,4.0,3.1261806,12,231
8678,ds005293,sub-008,ds005293__sub-008,49,3.0,4.0,3.1165307,13,231
8679,ds005293,sub-008,ds005293__sub-008,50,2.25,4.0,3.1032736,10,231
8680,ds005293,sub-008,ds005293__sub-008,51,3.75,4.0,3.099697,11,231
8681,ds005293,sub-008,ds005293__sub-008,52,3.0,2.0,3.0954714,12,231
8682,ds005293,sub-008,ds005293__sub-008,53,3.0,2.0,3.1088104,13,231
8683,ds005293,sub-008,ds005293__sub-008,54,3.75,2.0,3.102504,14,231
8684,ds005293,sub-008,ds005293__sub-008,55,3.75,2.0,3.1174102,15,231
8685,ds005293,sub-008,ds005293__sub-008,56,4.5,2.0,3.129887,13,231
8686,ds005293,sub-008,ds005293__sub-008,57,3.75,4.0,3.1489253,15,231
8687,ds005293,sub-008,ds005293__sub-008,58,4.5,4.0,3.1808136,13,231
8688,ds005293,sub-008,ds005293__sub-008,59,2.25,2.0,3.178895,14,231
8689,ds005293,sub-008,ds005293__sub-008,60,4.5,2.0,3.0985403,14,231
8690,ds005293,sub-008,ds005293__sub-008,61,3.0,2.0,3.1069279,15,231
8691,ds005293,sub-008,ds005293__sub-008,62,2.25,2.0,3.110962,14,231
8692,ds005293,sub-008,ds005293__sub-008,63,2.25,4.0,3.147356,13,231
8693,ds005293,sub-008,ds005293__sub-008,64,3.0,4.0,3.1453938,14,231
8694,ds005293,sub-008,ds005293__sub-008,65,2.25,4.0,3.1523023,12,231
8695,ds005293,sub-008,ds005293__sub-008,66,3.75,2.0,3.1356578,13,231
8696,ds005293,sub-008,ds005293__sub-008,67,3.75,2.0,3.143601,12,231
8697,ds005293,sub-008,ds005293__sub-008,68,4.5,4.0,3.147769,13,231
8698,ds005293,sub-008,ds005293__sub-008,69,3.0,2.0,3.1509168,12,231
8699,ds005293,sub-008,ds005293__sub-008,70,3.75,2.0,3.103324,12,231
8700,ds005293,sub-008,ds005293__sub-008,71,4.5,4.0,3.1108785,13,231
8701,ds005293,sub-008,ds005293__sub-008,72,3.0,2.0,3.1067576,14,231
8702,ds005293,sub-008,ds005293__sub-008,73,3.0,2.0,3.1119442,12,231
8703,ds005293,sub-008,ds005293__sub-008,74,3.0,4.0,3.1321263,15,231
8704,ds005293,sub-008,ds005293__sub-008,75,4.5,4.0,3.1231456,10,231
8705,ds005293,sub-008,ds005293__sub-008,76,4.5,4.0,3.1412368,9,231
8706,ds005293,sub-008,ds005293__sub-008,77,4.5,4.0,3.138105,10,231
8707,ds005293,sub-009,ds005293__sub-009,0,3.75,3.75,3.6670945,0,232
8708,ds005293,sub-009,ds005293__sub-009,1,3.75,4.0,3.730569,0,232
8709,ds005293,sub-009,ds005293__sub-009,2,2.25,4.0,3.7236972,1,232
8710,ds005293,sub-009,ds005293__sub-009,3,2.25,4.0,3.5890505,3,232
8711,ds005293,sub-009,ds005293__sub-009,4,3.75,4.0,3.5558956,0,232
8712,ds005293,sub-009,ds005293__sub-009,5,4.5,4.0,3.5464787,1,232
8713,ds005293,sub-009,ds005293__sub-009,6,2.25,3.0,3.3889089,2,232
8714,ds005293,sub-009,ds005293__sub-009,7,2.25,3.0,3.3522,0,232
8715,ds005293,sub-009,ds005293__sub-009,8,2.25,3.0,3.3128724,1,232
8716,ds005293,sub-009,ds005293__sub-009,9,3.0,3.0,3.309276,0,232
8717,ds005293,sub-009,ds005293__sub-009,10,3.0,3.0,3.322928,1,232
8718,ds005293,sub-009,ds005293__sub-009,11,2.25,3.0,3.361829,0,232
8719,ds005293,sub-009,ds005293__sub-009,12,3.75,3.5,3.4445784,0,232
8720,ds005293,sub-009,ds005293__sub-009,13,3.0,3.5,3.458249,0,232
8721,ds005293,sub-009,ds005293__sub-009,14,3.0,3.5,3.4365556,1,232
8722,ds005293,sub-009,ds005293__sub-009,15,3.75,3.5,3.4870458,0,232
8723,ds005293,sub-009,ds005293__sub-009,16,3.75,3.5,3.507722,1,232
8724,ds005293,sub-009,ds005293__sub-009,17,4.5,3.5,3.540766,2,232
8725,ds005293,sub-009,ds005293__sub-009,18,3.75,3.5,3.5667167,3,232
8726,ds005293,sub-009,ds005293__sub-009,19,4.5,3.5,3.5900784,4,232
8727,ds005293,sub-009,ds005293__sub-009,20,2.25,4.5,3.6689243,0,232
8728,ds005293,sub-009,ds005293__sub-009,21,4.5,4.5,3.4142942,1,232
8729,ds005293,sub-009,ds005293__sub-009,22,3.0,4.5,3.535645,2,232
8730,ds005293,sub-009,ds005293__sub-009,23,3.0,4.5,3.4500098,3,232
8731,ds005293,sub-009,ds005293__sub-009,24,2.25,3.0,3.2837424,4,232
8732,ds005293,sub-009,ds005293__sub-009,25,2.25,3.0,3.2676013,5,232
8733,ds005293,sub-009,ds005293__sub-009,26,2.25,3.0,3.2265463,6,232
8734,ds005293,sub-009,ds005293__sub-009,27,3.75,3.0,3.3889418,0,232
8735,ds005293,sub-009,ds005293__sub-009,28,3.75,3.0,3.3540134,1,232
8736,ds005293,sub-009,ds005293__sub-009,29,4.5,3.0,3.4539807,2,232
8737,ds005293,sub-009,ds005293__sub-009,30,3.0,3.0,3.4778745,3,232
8738,ds005293,sub-009,ds005293__sub-009,31,3.75,3.0,3.5542982,4,232
8739,ds005293,sub-009,ds005293__sub-009,32,4.5,3.75,3.5845847,5,232
8740,ds005293,sub-009,ds005293__sub-009,33,3.0,4.5,3.5945942,6,232
8741,ds005293,sub-009,ds005293__sub-009,34,3.0,4.5,3.5845802,7,232
8742,ds005293,sub-009,ds005293__sub-009,35,4.5,3.0,3.3134465,6,232
8743,ds005293,sub-009,ds005293__sub-009,36,3.0,3.0,3.227411,7,232
8744,ds005293,sub-009,ds005293__sub-009,37,4.5,3.0,3.2467198,0,232
8745,ds005293,sub-009,ds005293__sub-009,38,4.5,3.5,3.4151335,1,232
8746,ds005293,sub-009,ds005293__sub-009,39,4.5,3.5,3.5045857,0,232
8747,ds005293,sub-009,ds005293__sub-009,40,3.75,3.5,3.478951,1,232
8748,ds005293,sub-009,ds005293__sub-009,41,3.75,3.5,3.4447987,2,232
8749,ds005293,sub-009,ds005293__sub-009,42,2.25,3.5,3.4305615,3,232
8750,ds005293,sub-009,ds005293__sub-009,43,2.25,3.5,3.451489,0,232
8751,ds005293,sub-009,ds005293__sub-009,44,3.75,3.5,3.4655898,0,232
8752,ds005293,sub-009,ds005293__sub-009,45,4.5,3.5,3.5152888,0,232
8753,ds005293,sub-009,ds005293__sub-009,46,2.25,3.5,3.5604892,0,232
8754,ds005293,sub-009,ds005293__sub-009,47,2.25,3.5,3.5503206,1,232
8755,ds005293,sub-009,ds005293__sub-009,48,2.25,4.0,3.5749137,2,232
8756,ds005293,sub-009,ds005293__sub-009,49,3.0,4.0,3.5789347,3,232
8757,ds005293,sub-009,ds005293__sub-009,50,3.0,3.75,3.6231115,4,232
8758,ds005293,sub-009,ds005293__sub-009,51,2.25,3.75,3.6827202,5,232
8759,ds005293,sub-009,ds005293__sub-009,52,3.75,3.75,3.5925808,6,232
8760,ds005293,sub-009,ds005293__sub-009,53,3.0,3.75,3.6890485,7,232
8761,ds005293,sub-009,ds005293__sub-009,54,3.0,4.5,3.689747,1,232
8762,ds005293,sub-009,ds005293__sub-009,55,3.75,4.5,3.687173,2,232
8763,ds005293,sub-009,ds005293__sub-009,56,3.75,4.5,3.5748527,3,232
8764,ds005293,sub-009,ds005293__sub-009,57,4.5,4.5,3.692222,4,232
8765,ds005293,sub-009,ds005293__sub-009,58,3.75,4.5,3.4619117,0,232
8766,ds005293,sub-009,ds005293__sub-009,59,4.5,4.5,3.552474,0,232
8767,ds005293,sub-009,ds005293__sub-009,60,2.25,4.5,3.5247936,1,232
8768,ds005293,sub-009,ds005293__sub-009,61,4.5,4.5,3.4333572,0,232
8769,ds005293,sub-009,ds005293__sub-009,62,3.0,4.5,3.3876503,1,232
8770,ds005293,sub-009,ds005293__sub-009,63,2.25,2.25,3.202037,2,232
8771,ds005293,sub-009,ds005293__sub-009,64,2.25,2.25,3.0108027,3,232
8772,ds005293,sub-009,ds005293__sub-009,65,3.0,2.25,2.9431372,15,232
8773,ds005293,sub-009,ds005293__sub-009,66,2.25,2.25,2.8760552,0,232
8774,ds005293,sub-009,ds005293__sub-009,67,3.75,2.25,3.2763357,0,232
8775,ds005293,sub-009,ds005293__sub-009,68,3.75,3.75,3.4329143,0,232
8776,ds005293,sub-009,ds005293__sub-009,69,4.5,3.75,3.623763,0,232
8777,ds005293,sub-009,ds005293__sub-009,70,3.0,3.75,3.5899684,1,232
8778,ds005293,sub-009,ds005293__sub-009,71,3.75,3.75,3.6232033,2,232
8779,ds005293,sub-009,ds005293__sub-009,72,4.5,3.75,3.638176,3,232
8780,ds005293,sub-009,ds005293__sub-009,73,3.0,3.75,3.667984,4,232
8781,ds005293,sub-009,ds005293__sub-009,74,3.0,3.75,3.620097,5,232
8782,ds005293,sub-009,ds005293__sub-009,75,4.5,4.5,3.682841,6,232
8783,ds005293,sub-009,ds005293__sub-009,76,3.0,3.75,3.6313462,7,232
8784,ds005293,sub-009,ds005293__sub-009,77,4.5,2.25,3.176981,0,232
8785,ds005293,sub-009,ds005293__sub-009,78,4.5,4.5,3.5066295,0,232
8786,ds005293,sub-009,ds005293__sub-009,79,4.5,4.5,3.570003,1,232
8787,ds005293,sub-010,ds005293__sub-010,0,3.75,3.75,3.6375782,0,233
8788,ds005293,sub-010,ds005293__sub-010,1,3.75,3.75,3.5384166,1,233
8789,ds005293,sub-010,ds005293__sub-010,2,2.25,2.25,2.303502,0,233
8790,ds005293,sub-010,ds005293__sub-010,3,2.25,2.25,2.4882329,0,233
8791,ds005293,sub-010,ds005293__sub-010,4,3.75,2.25,3.421487,0,233
8792,ds005293,sub-010,ds005293__sub-010,5,4.5,2.25,3.2512908,0,233
8793,ds005293,sub-010,ds005293__sub-010,6,2.25,2.25,2.4325502,0,233
8794,ds005293,sub-010,ds005293__sub-010,7,2.25,2.25,2.395959,1,233
8795,ds005293,sub-010,ds005293__sub-010,8,2.25,2.25,2.5256429,2,233
8796,ds005293,sub-010,ds005293__sub-010,9,3.0,2.25,2.9265401,0,233
8797,ds005293,sub-010,ds005293__sub-010,10,3.0,3.75,3.5064619,0,233
8798,ds005293,sub-010,ds005293__sub-010,11,2.25,2.25,3.0075076,1,233
8799,ds005293,sub-010,ds005293__sub-010,12,3.75,2.25,3.100802,0,233
8800,ds005293,sub-010,ds005293__sub-010,13,3.0,2.25,3.0179565,1,233
8801,ds005293,sub-010,ds005293__sub-010,14,3.0,2.25,2.9420087,2,233
8802,ds005293,sub-010,ds005293__sub-010,15,3.75,2.25,3.2219365,3,233
8803,ds005293,sub-010,ds005293__sub-010,16,3.75,3.75,3.6021743,0,233
8804,ds005293,sub-010,ds005293__sub-010,17,4.5,3.75,3.644668,0,233
8805,ds005293,sub-010,ds005293__sub-010,18,3.75,2.25,3.3539627,0,233
8806,ds005293,sub-010,ds005293__sub-010,19,4.5,2.25,3.2186446,1,233
8807,ds005293,sub-010,ds005293__sub-010,20,2.25,2.25,3.1702192,2,233
8808,ds005293,sub-010,ds005293__sub-010,21,4.5,3.75,3.3219547,3,233
8809,ds005293,sub-010,ds005293__sub-010,22,3.0,3.75,3.3051996,5,233
8810,ds005293,sub-010,ds005293__sub-010,23,2.25,2.5,2.6107626,6,233
8811,ds005293,sub-010,ds005293__sub-010,24,2.25,2.0,2.3534102,1,233
8812,ds005293,sub-010,ds005293__sub-010,25,3.0,2.0,2.4684088,0,233
8813,ds005293,sub-010,ds005293__sub-010,26,2.25,2.0,2.442839,1,233
8814,ds005293,sub-010,ds005293__sub-010,27,3.75,3.75,3.4131904,0,233
8815,ds005293,sub-010,ds005293__sub-010,28,3.75,3.75,3.6413066,1,233
8816,ds005293,sub-010,ds005293__sub-010,29,4.5,3.75,3.4610777,2,233
8817,ds005293,sub-010,ds005293__sub-010,30,3.0,3.75,3.2309444,2,233
8818,ds005293,sub-010,ds005293__sub-010,31,3.75,3.75,3.1176112,3,233
8819,ds005293,sub-010,ds005293__sub-010,32,3.0,2.25,3.0485678,4,233
8820,ds005293,sub-010,ds005293__sub-010,33,3.0,2.25,3.0834825,0,233
8821,ds005293,sub-010,ds005293__sub-010,34,4.5,2.25,3.0310163,1,233
8822,ds005293,sub-010,ds005293__sub-010,35,3.0,2.25,3.1925097,0,233
8823,ds005293,sub-010,ds005293__sub-010,36,4.5,4.5,3.5939171,0,233
8824,ds005293,sub-010,ds005293__sub-010,37,4.5,4.5,3.7125723,0,233
8825,ds005293,sub-010,ds005293__sub-010,38,4.5,4.5,3.667553,1,233
8826,ds005293,sub-010,ds005293__sub-010,39,3.75,4.5,3.6749833,0,233
8827,ds005293,sub-010,ds005293__sub-010,40,3.75,3.75,3.2987227,1,233
8828,ds005293,sub-010,ds005293__sub-010,41,2.25,3.0,2.9709013,2,233
8829,ds005293,sub-010,ds005293__sub-010,42,2.25,2.0,2.466539,3,233
8830,ds005293,sub-010,ds005293__sub-010,43,3.75,2.0,2.4545689,4,233
8831,ds005293,sub-010,ds005293__sub-010,44,4.5,2.25,2.6735423,5,233
8832,ds005293,sub-010,ds005293__sub-010,45,2.25,2.0,2.3575058,0,233
8833,ds005293,sub-010,ds005293__sub-010,46,2.25,2.25,2.3724847,0,233
8834,ds005293,sub-010,ds005293__sub-010,47,2.25,2.25,2.4554322,1,233
8835,ds005293,sub-010,ds005293__sub-010,48,3.0,2.25,2.4985893,2,233
8836,ds005293,sub-010,ds005293__sub-010,49,3.0,2.25,2.5445485,3,233
8837,ds005293,sub-010,ds005293__sub-010,50,2.25,2.5,2.5222445,5,233
8838,ds005293,sub-010,ds005293__sub-010,51,3.75,3.75,3.0750377,0,233
8839,ds005293,sub-010,ds005293__sub-010,52,3.0,3.75,3.143824,1,233
8840,ds005293,sub-010,ds005293__sub-010,53,3.0,3.75,3.533955,0,233
8841,ds005293,sub-010,ds005293__sub-010,54,3.75,3.75,3.7497125,0,233
8842,ds005293,sub-010,ds005293__sub-010,55,3.75,3.75,3.7704613,2,233
8843,ds005293,sub-010,ds005293__sub-010,56,4.5,4.5,3.890436,0,233
8844,ds005293,sub-010,ds005293__sub-010,57,3.75,3.75,3.8112724,3,233
8845,ds005293,sub-010,ds005293__sub-010,58,4.5,3.75,3.5077736,0,233
8846,ds005293,sub-010,ds005293__sub-010,59,2.25,3.75,3.226027,1,233
8847,ds005293,sub-010,ds005293__sub-010,60,4.5,2.25,2.9914095,2,233
8848,ds005293,sub-010,ds005293__sub-010,61,3.0,3.75,3.2786603,0,233
8849,ds005293,sub-010,ds005293__sub-010,62,2.25,2.25,2.8162425,1,233
8850,ds005293,sub-010,ds005293__sub-010,63,2.25,2.25,2.6767209,9,233
8851,ds005293,sub-010,ds005293__sub-010,64,3.0,2.5,2.4715428,1,233
8852,ds005293,sub-010,ds005293__sub-010,65,2.25,2.5,2.409975,3,233
8853,ds005293,sub-010,ds005293__sub-010,66,3.75,3.75,3.1704485,0,233
8854,ds005293,sub-010,ds005293__sub-010,67,3.75,3.75,3.3343852,1,233
8855,ds005293,sub-010,ds005293__sub-010,68,3.0,3.75,3.3741274,0,233
8856,ds005293,sub-010,ds005293__sub-010,69,3.0,3.75,3.328509,3,233
8857,ds005293,sub-010,ds005293__sub-010,70,3.0,3.75,3.3833485,2,233
8858,ds005293,sub-010,ds005293__sub-010,71,3.0,3.75,3.513067,0,233
8859,ds005293,sub-010,ds005293__sub-010,72,4.5,4.5,3.5806255,0,233
8860,ds005293,sub-011,ds005293__sub-011,0,3.5,3.75,3.6837294,0,234
8861,ds005293,sub-011,ds005293__sub-011,1,3.5,3.75,3.4087856,1,234
8862,ds005293,sub-011,ds005293__sub-011,2,2.5,2.0,3.049727,2,234
8863,ds005293,sub-011,ds005293__sub-011,3,2.5,2.0,2.9573765,3,234
8864,ds005293,sub-011,ds005293__sub-011,4,3.5,2.0,2.9558146,4,234
8865,ds005293,sub-011,ds005293__sub-011,5,4.0,2.5,2.9755003,5,234
8866,ds005293,sub-011,ds005293__sub-011,6,2.5,2.5,2.9799006,6,234
8867,ds005293,sub-011,ds005293__sub-011,7,2.5,2.5,2.9903703,7,234
8868,ds005293,sub-011,ds005293__sub-011,8,2.5,2.5,3.007816,8,234
8869,ds005293,sub-011,ds005293__sub-011,9,3.0,2.5,3.0209641,9,234
8870,ds005293,sub-011,ds005293__sub-011,10,3.0,2.5,3.0540652,10,234
8871,ds005293,sub-011,ds005293__sub-011,11,2.5,2.5,3.0764344,11,234
8872,ds005293,sub-011,ds005293__sub-011,12,3.5,2.5,3.090488,12,234
8873,ds005293,sub-011,ds005293__sub-011,13,3.0,2.5,3.0957766,13,234
8874,ds005293,sub-011,ds005293__sub-011,14,3.0,2.5,3.112134,14,234
8875,ds005293,sub-011,ds005293__sub-011,15,3.5,2.5,3.1316657,15,234
8876,ds005293,sub-011,ds005293__sub-011,16,3.5,2.5,3.1489887,13,234
8877,ds005293,sub-011,ds005293__sub-011,17,4.0,2.5,3.1396923,14,234
8878,ds005293,sub-011,ds005293__sub-011,18,3.5,2.5,3.1221566,15,234
8879,ds005293,sub-011,ds005293__sub-011,19,4.0,2.5,3.0872335,15,234
8880,ds005293,sub-011,ds005293__sub-011,20,2.5,2.5,3.1300945,14,234
8881,ds005293,sub-011,ds005293__sub-011,21,4.0,4.5,3.1697426,15,234
8882,ds005293,sub-011,ds005293__sub-011,22,3.0,4.5,3.174109,15,234
8883,ds005293,sub-011,ds005293__sub-011,23,2.5,3.0,3.1539817,15,234
8884,ds005293,sub-011,ds005293__sub-011,24,2.5,4.5,3.1678514,15,234
8885,ds005293,sub-011,ds005293__sub-011,25,3.0,4.5,3.1882477,14,234
8886,ds005293,sub-011,ds005293__sub-011,26,2.5,2.5,3.1477618,15,234
8887,ds005293,sub-011,ds005293__sub-011,27,3.5,2.0,3.134962,15,234
8888,ds005293,sub-011,ds005293__sub-011,28,3.5,2.0,3.152811,15,234
8889,ds005293,sub-011,ds005293__sub-011,29,4.0,2.0,3.0944312,15,234
8890,ds005293,sub-011,ds005293__sub-011,30,3.0,2.0,3.0946424,14,234
8891,ds005293,sub-011,ds005293__sub-011,31,3.5,2.0,3.0984526,15,234
8892,ds005293,sub-011,ds005293__sub-011,32,4.0,2.0,3.094143,15,234
8893,ds005293,sub-011,ds005293__sub-011,33,3.0,2.0,3.107854,15,234
8894,ds005293,sub-011,ds005293__sub-011,34,3.0,2.5,3.1256628,15,234
8895,ds005293,sub-011,ds005293__sub-011,35,4.0,4.5,3.1637695,15,234
8896,ds005293,sub-011,ds005293__sub-011,36,3.0,4.5,3.1686745,15,234
8897,ds005293,sub-011,ds005293__sub-011,37,4.0,4.5,3.2227764,14,234
8898,ds005293,sub-011,ds005293__sub-011,38,4.0,2.0,3.175333,15,234
8899,ds005293,sub-011,ds005293__sub-011,39,4.0,3.5,3.168427,14,234
8900,ds005293,sub-011,ds005293__sub-011,40,3.5,2.0,3.097859,15,234
8901,ds005293,sub-011,ds005293__sub-011,41,3.5,2.0,3.0799751,15,234
8902,ds005293,sub-011,ds005293__sub-011,42,2.5,2.5,3.0738645,15,234
8903,ds005293,sub-011,ds005293__sub-011,43,2.5,2.5,3.0640032,15,234
8904,ds005293,sub-011,ds005293__sub-011,44,3.5,2.5,3.0750642,15,234
8905,ds005293,sub-011,ds005293__sub-011,45,4.0,2.5,3.0934587,14,234
8906,ds005293,sub-011,ds005293__sub-011,46,2.5,2.5,3.070142,15,234
8907,ds005293,sub-011,ds005293__sub-011,47,2.5,2.5,3.061676,15,234
8908,ds005293,sub-011,ds005293__sub-011,48,2.5,2.5,3.0940022,15,234
8909,ds005293,sub-011,ds005293__sub-011,49,3.0,2.5,3.0823607,15,234
8910,ds005293,sub-011,ds005293__sub-011,50,3.0,2.5,3.0895164,15,234
8911,ds005293,sub-011,ds005293__sub-011,51,2.5,2.5,3.1170673,15,234
8912,ds005293,sub-011,ds005293__sub-011,52,3.5,2.5,3.1022081,15,234
8913,ds005293,sub-011,ds005293__sub-011,53,3.0,2.5,3.1186657,15,234
8914,ds005293,sub-011,ds005293__sub-011,54,3.0,2.5,3.126061,15,234
8915,ds005293,sub-011,ds005293__sub-011,55,3.5,4.5,3.1782682,15,234
8916,ds005293,sub-011,ds005293__sub-011,56,3.5,4.5,3.227882,14,234
8917,ds005293,sub-011,ds005293__sub-011,57,4.0,4.5,3.190814,15,234
8918,ds005293,sub-011,ds005293__sub-011,58,3.5,4.5,3.194737,15,234
8919,ds005293,sub-011,ds005293__sub-011,59,4.0,2.5,3.1621335,15,234
8920,ds005293,sub-011,ds005293__sub-011,60,2.5,2.0,3.12425,15,234
8921,ds005293,sub-011,ds005293__sub-011,61,4.0,2.5,3.1217375,15,234
8922,ds005293,sub-011,ds005293__sub-011,62,3.0,2.5,3.108059,14,234
8923,ds005293,sub-011,ds005293__sub-011,63,2.5,2.5,3.0710669,15,234
8924,ds005293,sub-011,ds005293__sub-011,64,2.5,2.0,3.0612059,15,234
8925,ds005293,sub-011,ds005293__sub-011,65,3.0,2.0,3.0664663,15,234
8926,ds005293,sub-011,ds005293__sub-011,66,2.5,2.0,3.0802143,13,234
8927,ds005293,sub-011,ds005293__sub-011,67,3.5,2.0,3.0797138,15,234
8928,ds005293,sub-011,ds005293__sub-011,68,3.5,2.0,3.0953808,15,234
8929,ds005293,sub-011,ds005293__sub-011,69,4.0,2.0,3.0952833,13,234
8930,ds005293,sub-011,ds005293__sub-011,70,3.0,2.0,3.1110306,15,234
8931,ds005293,sub-011,ds005293__sub-011,71,3.5,2.0,3.1272705,15,234
8932,ds005293,sub-011,ds005293__sub-011,72,4.0,2.0,3.1303196,15,234
8933,ds005293,sub-011,ds005293__sub-011,73,3.0,2.0,3.1393924,14,234
8934,ds005293,sub-011,ds005293__sub-011,74,3.0,2.0,3.1371078,14,234
8935,ds005293,sub-011,ds005293__sub-011,75,4.0,2.0,3.1618114,15,234
8936,ds005293,sub-011,ds005293__sub-011,76,3.0,2.5,3.153539,14,234
8937,ds005293,sub-011,ds005293__sub-011,77,4.0,4.5,3.194992,15,234
8938,ds005293,sub-011,ds005293__sub-011,78,4.0,4.5,3.1811473,15,234
8939,ds005293,sub-011,ds005293__sub-011,79,4.0,2.5,3.1805108,15,234
8940,ds005293,sub-012,ds005293__sub-012,0,3.5,3.75,3.5947037,0,235
8941,ds005293,sub-012,ds005293__sub-012,1,3.5,3.5,3.5754178,1,235
8942,ds005293,sub-012,ds005293__sub-012,2,2.5,3.5,3.0951662,2,235
8943,ds005293,sub-012,ds005293__sub-012,3,2.5,2.0,2.3267453,0,235
8944,ds005293,sub-012,ds005293__sub-012,4,3.5,2.0,2.6527853,4,235
8945,ds005293,sub-012,ds005293__sub-012,5,4.0,2.0,2.748218,5,235
8946,ds005293,sub-012,ds005293__sub-012,6,2.5,2.0,2.602406,6,235
8947,ds005293,sub-012,ds005293__sub-012,7,2.5,2.0,2.2614613,0,235
8948,ds005293,sub-012,ds005293__sub-012,8,2.5,2.0,2.335819,1,235
8949,ds005293,sub-012,ds005293__sub-012,9,3.0,2.0,2.3555517,2,235
8950,ds005293,sub-012,ds005293__sub-012,10,3.0,2.0,2.5005553,0,235
8951,ds005293,sub-012,ds005293__sub-012,11,2.5,2.0,2.5166457,1,235
8952,ds005293,sub-012,ds005293__sub-012,12,3.5,2.0,2.8437064,0,235
8953,ds005293,sub-012,ds005293__sub-012,13,3.0,2.0,2.9215722,1,235
8954,ds005293,sub-012,ds005293__sub-012,14,3.0,2.0,2.9708714,2,235
8955,ds005293,sub-012,ds005293__sub-012,15,3.5,3.75,3.060809,0,235
8956,ds005293,sub-012,ds005293__sub-012,16,3.5,3.75,3.1103961,1,235
8957,ds005293,sub-012,ds005293__sub-012,17,4.0,3.75,3.193582,2,235
8958,ds005293,sub-012,ds005293__sub-012,18,3.5,2.0,3.069513,3,235
8959,ds005293,sub-012,ds005293__sub-012,19,4.0,2.0,2.9542158,4,235
8960,ds005293,sub-012,ds005293__sub-012,20,2.5,2.0,2.7390373,5,235
8961,ds005293,sub-012,ds005293__sub-012,21,4.0,2.0,2.7246857,9,235
8962,ds005293,sub-012,ds005293__sub-012,22,3.0,2.0,2.7253976,10,235
8963,ds005293,sub-012,ds005293__sub-012,23,2.5,2.0,2.7124746,8,235
8964,ds005293,sub-012,ds005293__sub-012,24,2.5,2.0,2.6839614,9,235
8965,ds005293,sub-012,ds005293__sub-012,25,3.0,3.0,2.9159856,0,235
8966,ds005293,sub-012,ds005293__sub-012,26,2.5,3.0,3.0192516,0,235
8967,ds005293,sub-012,ds005293__sub-012,27,3.5,3.0,3.3150563,0,235
8968,ds005293,sub-012,ds005293__sub-012,28,3.5,3.0,3.391796,1,235
8969,ds005293,sub-012,ds005293__sub-012,29,4.0,3.0,3.432363,2,235
8970,ds005293,sub-012,ds005293__sub-012,30,3.0,3.0,3.4468462,3,235
8971,ds005293,sub-012,ds005293__sub-012,31,3.5,3.75,3.4557471,4,235
8972,ds005293,sub-012,ds005293__sub-012,32,4.0,3.75,3.4469614,5,235
8973,ds005293,sub-012,ds005293__sub-012,33,3.0,3.0,3.4149957,4,235
8974,ds005293,sub-012,ds005293__sub-012,34,3.0,3.0,3.4000492,5,235
8975,ds005293,sub-012,ds005293__sub-012,35,4.0,3.5,3.449201,0,235
8976,ds005293,sub-012,ds005293__sub-012,36,3.0,3.5,3.4594648,1,235
8977,ds005293,sub-012,ds005293__sub-012,37,4.0,3.5,3.4104419,0,235
8978,ds005293,sub-012,ds005293__sub-012,38,4.0,3.5,3.4307055,1,235
8979,ds005293,sub-012,ds005293__sub-012,39,4.0,3.5,3.459294,0,235
8980,ds005293,sub-012,ds005293__sub-012,40,3.5,3.5,3.418468,1,235
8981,ds005293,sub-012,ds005293__sub-012,41,3.5,3.5,3.3884082,2,235
8982,ds005293,sub-012,ds005293__sub-012,42,2.5,3.5,3.2223454,3,235
8983,ds005293,sub-012,ds005293__sub-012,43,2.5,3.0,2.9592133,4,235
8984,ds005293,sub-012,ds005293__sub-012,44,3.5,2.0,2.906226,0,235
8985,ds005293,sub-012,ds005293__sub-012,45,4.0,2.0,2.9396894,1,235
8986,ds005293,sub-012,ds005293__sub-012,46,2.5,2.0,2.796436,2,235
8987,ds005293,sub-012,ds005293__sub-012,47,2.5,2.0,2.7261415,3,235
8988,ds005293,sub-012,ds005293__sub-012,48,2.5,2.0,2.7682228,4,235
8989,ds005293,sub-012,ds005293__sub-012,49,3.0,2.0,2.8819287,0,235
8990,ds005293,sub-012,ds005293__sub-012,50,3.0,3.0,2.93679,1,235
8991,ds005293,sub-012,ds005293__sub-012,51,2.5,3.75,3.1223054,0,235
8992,ds005293,sub-012,ds005293__sub-012,52,3.5,3.0,3.2465498,0,235
8993,ds005293,sub-012,ds005293__sub-012,53,3.0,3.75,3.3299446,0,235
8994,ds005293,sub-012,ds005293__sub-012,54,3.0,3.75,3.243143,1,235
8995,ds005293,sub-012,ds005293__sub-012,55,3.5,3.75,3.4114914,2,235
8996,ds005293,sub-012,ds005293__sub-012,56,3.5,3.75,3.4169488,3,235
8997,ds005293,sub-012,ds005293__sub-012,57,4.0,3.75,3.5128007,4,235
8998,ds005293,sub-012,ds005293__sub-012,58,3.5,4.5,3.3561676,5,235
8999,ds005293,sub-012,ds005293__sub-012,59,4.0,3.0,3.2592227,6,235
9000,ds005293,sub-012,ds005293__sub-012,60,2.5,2.5,3.066967,7,235
9001,ds005293,sub-012,ds005293__sub-012,61,4.0,2.0,2.8868766,8,235
9002,ds005293,sub-012,ds005293__sub-012,62,3.0,2.0,2.7782938,9,235
9003,ds005293,sub-012,ds005293__sub-012,63,2.5,2.0,2.8151512,8,235
9004,ds005293,sub-012,ds005293__sub-012,64,2.5,2.0,2.814951,9,235
9005,ds005293,sub-012,ds005293__sub-012,65,2.5,2.0,2.904688,0,235
9006,ds005293,sub-012,ds005293__sub-012,66,3.5,3.0,3.1273832,0,235
9007,ds005293,sub-012,ds005293__sub-012,67,3.5,3.0,3.345402,0,235
9008,ds005293,sub-012,ds005293__sub-012,68,4.0,3.5,3.4009342,1,235
9009,ds005293,sub-012,ds005293__sub-012,69,3.0,3.0,3.3316646,2,235
9010,ds005293,sub-012,ds005293__sub-012,70,3.5,3.5,3.3290362,3,235
9011,ds005293,sub-012,ds005293__sub-012,71,4.0,3.0,3.2262821,4,235
9012,ds005293,sub-012,ds005293__sub-012,72,3.0,2.0,2.9673407,5,235
9013,ds005293,sub-012,ds005293__sub-012,73,3.0,2.0,2.7473416,6,235
9014,ds005293,sub-012,ds005293__sub-012,74,4.0,2.0,2.9193678,0,235
9015,ds005293,sub-012,ds005293__sub-012,75,3.0,2.0,2.8434465,1,235
9016,ds005293,sub-012,ds005293__sub-012,76,4.0,2.5,3.0051918,0,235
9017,ds005293,sub-012,ds005293__sub-012,77,4.0,3.75,3.184136,0,235
9018,ds005293,sub-012,ds005293__sub-012,78,4.0,3.75,3.373353,0,235
9019,ds005293,sub-013,ds005293__sub-013,0,3.75,3.75,3.6091547,0,236
9020,ds005293,sub-013,ds005293__sub-013,1,2.25,4.0,3.2583785,1,236
9021,ds005293,sub-013,ds005293__sub-013,2,2.25,2.0,2.8198595,2,236
9022,ds005293,sub-013,ds005293__sub-013,3,3.75,2.0,2.7627425,3,236
9023,ds005293,sub-013,ds005293__sub-013,4,4.5,2.0,2.8029351,4,236
9024,ds005293,sub-013,ds005293__sub-013,5,2.25,2.0,2.8140574,5,236
9025,ds005293,sub-013,ds005293__sub-013,6,2.25,2.0,2.8909676,6,236
9026,ds005293,sub-013,ds005293__sub-013,7,2.25,2.0,2.9143867,7,236
9027,ds005293,sub-013,ds005293__sub-013,8,3.0,2.0,2.9757304,8,236
9028,ds005293,sub-013,ds005293__sub-013,9,3.0,2.0,3.03209,9,236
9029,ds005293,sub-013,ds005293__sub-013,10,2.25,2.0,3.1030335,10,236
9030,ds005293,sub-013,ds005293__sub-013,11,3.75,4.5,3.141531,11,236
9031,ds005293,sub-013,ds005293__sub-013,12,3.0,4.5,3.178275,12,236
9032,ds005293,sub-013,ds005293__sub-013,13,3.0,4.5,3.2028096,13,236
9033,ds005293,sub-013,ds005293__sub-013,14,3.75,4.5,3.2314234,14,236
9034,ds005293,sub-013,ds005293__sub-013,15,3.75,4.5,3.2489824,15,236
9035,ds005293,sub-013,ds005293__sub-013,16,4.5,4.5,3.264198,13,236
9036,ds005293,sub-013,ds005293__sub-013,17,3.75,4.5,3.2013235,15,236
9037,ds005293,sub-013,ds005293__sub-013,18,4.5,4.5,3.204534,15,236
9038,ds005293,sub-013,ds005293__sub-013,19,2.25,4.5,3.239646,14,236
9039,ds005293,sub-013,ds005293__sub-013,20,4.5,4.5,3.2580194,15,236
9040,ds005293,sub-013,ds005293__sub-013,21,3.0,4.5,3.2352118,12,236
9041,ds005293,sub-013,ds005293__sub-013,22,2.25,4.5,3.2001357,14,236
9042,ds005293,sub-013,ds005293__sub-013,23,2.25,4.5,3.154874,15,236
9043,ds005293,sub-013,ds005293__sub-013,24,3.0,4.5,3.1483936,15,236
9044,ds005293,sub-013,ds005293__sub-013,25,2.25,2.0,3.1381333,13,236
9045,ds005293,sub-013,ds005293__sub-013,26,3.75,3.0,3.1297874,15,236
9046,ds005293,sub-013,ds005293__sub-013,27,3.75,3.0,3.173326,13,236
9047,ds005293,sub-013,ds005293__sub-013,28,4.5,3.0,3.1878152,14,236
9048,ds005293,sub-013,ds005293__sub-013,29,3.0,3.0,3.1892886,15,236
9049,ds005293,sub-013,ds005293__sub-013,30,3.75,3.0,3.205564,15,236
9050,ds005293,sub-013,ds005293__sub-013,31,4.5,4.5,3.22625,15,236
9051,ds005293,sub-013,ds005293__sub-013,32,3.0,4.5,3.261479,15,236
9052,ds005293,sub-013,ds005293__sub-013,33,3.0,4.5,3.2892213,15,236
9053,ds005293,sub-013,ds005293__sub-013,34,3.0,4.5,3.3348274,10,236
9054,ds005293,sub-013,ds005293__sub-013,35,4.5,4.5,3.3047228,11,236
9055,ds005293,sub-013,ds005293__sub-013,36,4.5,4.5,3.3409271,14,236
9056,ds005293,sub-013,ds005293__sub-013,37,4.5,4.5,3.3157375,13,236
9057,ds005293,sub-013,ds005293__sub-013,38,2.25,4.5,3.2971044,14,236
9058,ds005293,sub-013,ds005293__sub-013,39,3.75,4.5,3.2292,14,236
9059,ds005293,sub-013,ds005293__sub-013,40,2.25,4.5,3.2138963,13,236
9060,ds005293,sub-013,ds005293__sub-013,41,2.25,2.0,3.1626115,14,236
9061,ds005293,sub-013,ds005293__sub-013,42,2.25,2.0,3.162234,15,236
9062,ds005293,sub-013,ds005293__sub-013,43,3.0,2.0,3.168601,15,236
9063,ds005293,sub-013,ds005293__sub-013,44,3.0,2.0,3.1671586,15,236
9064,ds005293,sub-013,ds005293__sub-013,45,2.25,2.0,3.170351,14,236
9065,ds005293,sub-013,ds005293__sub-013,46,3.75,4.5,3.2053683,14,236
9066,ds005293,sub-013,ds005293__sub-013,47,3.0,4.5,3.2380345,15,236
9067,ds005293,sub-013,ds005293__sub-013,48,3.0,4.5,3.2279313,15,236
9068,ds005293,sub-013,ds005293__sub-013,49,3.75,4.5,3.252448,15,236
9069,ds005293,sub-013,ds005293__sub-013,50,3.75,4.5,3.2831519,15,236
9070,ds005293,sub-013,ds005293__sub-013,51,4.5,4.5,3.2594614,15,236
9071,ds005293,sub-013,ds005293__sub-013,52,3.75,4.5,3.3351493,12,236
9072,ds005293,sub-013,ds005293__sub-013,53,4.5,4.5,3.3622048,13,236
9073,ds005293,sub-013,ds005293__sub-013,54,2.25,4.5,3.3185997,10,236
9074,ds005293,sub-013,ds005293__sub-013,55,4.5,4.5,3.2922504,11,236
9075,ds005293,sub-013,ds005293__sub-013,56,3.0,4.5,3.283524,12,236
9076,ds005293,sub-013,ds005293__sub-013,57,2.25,4.5,3.262629,15,236
9077,ds005293,sub-013,ds005293__sub-013,58,2.25,4.5,3.2503223,12,236
9078,ds005293,sub-013,ds005293__sub-013,59,3.0,4.5,3.2527251,13,236
9079,ds005293,sub-013,ds005293__sub-013,60,2.25,4.5,3.2466552,15,236
9080,ds005293,sub-013,ds005293__sub-013,61,3.75,4.5,3.2407658,15,236
9081,ds005293,sub-013,ds005293__sub-013,62,3.75,4.5,3.2175403,13,236
9082,ds005293,sub-013,ds005293__sub-013,63,4.5,4.5,3.2385273,15,236
9083,ds005293,sub-013,ds005293__sub-013,64,3.0,4.5,3.1923442,15,236
9084,ds005293,sub-013,ds005293__sub-013,65,3.75,4.5,3.1834419,15,236
9085,ds005293,sub-013,ds005293__sub-013,66,4.5,4.5,3.2006707,15,236
9086,ds005293,sub-013,ds005293__sub-013,67,3.0,4.5,3.1989179,14,236
9087,ds005293,sub-013,ds005293__sub-013,68,3.0,4.5,3.2036242,15,236
9088,ds005293,sub-013,ds005293__sub-013,69,4.5,4.5,3.1986127,15,236
9089,ds005293,sub-013,ds005293__sub-013,70,3.0,4.5,3.2160559,15,236
9090,ds005293,sub-013,ds005293__sub-013,71,4.5,4.5,3.2604098,15,236
9091,ds005293,sub-013,ds005293__sub-013,72,4.5,4.5,3.2317262,13,236
9092,ds005293,sub-014,ds005293__sub-014,0,3.5,3.75,3.6245809,0,237
9093,ds005293,sub-014,ds005293__sub-014,1,3.5,3.75,3.5294628,0,237
9094,ds005293,sub-014,ds005293__sub-014,2,2.5,3.5,3.275013,1,237
9095,ds005293,sub-014,ds005293__sub-014,3,2.5,4.0,3.151561,2,237
9096,ds005293,sub-014,ds005293__sub-014,4,3.5,4.0,3.0706563,3,237
9097,ds005293,sub-014,ds005293__sub-014,5,4.0,4.0,3.0798855,4,237
9098,ds005293,sub-014,ds005293__sub-014,6,2.5,3.5,3.0436249,5,237
9099,ds005293,sub-014,ds005293__sub-014,7,2.5,3.5,3.0149338,6,237
9100,ds005293,sub-014,ds005293__sub-014,8,2.5,3.5,3.0683584,7,237
9101,ds005293,sub-014,ds005293__sub-014,9,3.0,3.0,3.0823145,8,237
9102,ds005293,sub-014,ds005293__sub-014,10,3.0,2.5,3.1088166,9,237
9103,ds005293,sub-014,ds005293__sub-014,11,2.5,2.5,3.144659,10,237
9104,ds005293,sub-014,ds005293__sub-014,12,3.5,2.5,3.2007782,11,237
9105,ds005293,sub-014,ds005293__sub-014,13,3.0,2.5,3.2294538,12,237
9106,ds005293,sub-014,ds005293__sub-014,14,3.0,2.5,3.2507162,13,237
9107,ds005293,sub-014,ds005293__sub-014,15,3.5,2.5,3.28257,14,237
9108,ds005293,sub-014,ds005293__sub-014,16,3.5,4.5,3.302502,15,237
9109,ds005293,sub-014,ds005293__sub-014,17,4.0,4.5,3.340567,15,237
9110,ds005293,sub-014,ds005293__sub-014,18,3.5,4.5,3.3490977,15,237
9111,ds005293,sub-014,ds005293__sub-014,19,4.0,4.5,3.4050732,15,237
9112,ds005293,sub-014,ds005293__sub-014,20,2.5,4.5,3.3837297,14,237
9113,ds005293,sub-014,ds005293__sub-014,21,4.0,4.5,3.3854277,15,237
9114,ds005293,sub-014,ds005293__sub-014,22,3.0,4.5,3.3813267,15,237
9115,ds005293,sub-014,ds005293__sub-014,23,2.5,4.5,3.3317685,15,237
9116,ds005293,sub-014,ds005293__sub-014,24,2.5,4.5,3.2883992,14,237
9117,ds005293,sub-014,ds005293__sub-014,25,3.0,4.5,3.2742872,15,237
9118,ds005293,sub-014,ds005293__sub-014,26,2.5,4.5,3.2564168,14,237
9119,ds005293,sub-014,ds005293__sub-014,27,3.5,2.0,3.112226,14,237
9120,ds005293,sub-014,ds005293__sub-014,28,3.5,2.0,3.1120443,15,237
9121,ds005293,sub-014,ds005293__sub-014,29,4.0,2.0,3.1393466,14,237
9122,ds005293,sub-014,ds005293__sub-014,30,3.0,2.0,3.0930932,15,237
9123,ds005293,sub-014,ds005293__sub-014,31,3.5,2.0,3.1124692,15,237
9124,ds005293,sub-014,ds005293__sub-014,32,4.0,4.5,3.1469426,14,237
9125,ds005293,sub-014,ds005293__sub-014,33,3.0,4.5,3.1601336,15,237
9126,ds005293,sub-014,ds005293__sub-014,34,3.0,4.5,3.1775367,12,237
9127,ds005293,sub-014,ds005293__sub-014,35,4.0,2.5,3.11803,12,237
9128,ds005293,sub-014,ds005293__sub-014,36,3.0,2.5,3.1222181,13,237
9129,ds005293,sub-014,ds005293__sub-014,37,4.0,2.5,3.1203876,14,237
9130,ds005293,sub-014,ds005293__sub-014,38,4.0,2.5,3.1456904,15,237
9131,ds005293,sub-014,ds005293__sub-014,39,4.0,2.5,3.11341,15,237
9132,ds005293,sub-014,ds005293__sub-014,40,3.5,2.0,3.0521114,14,237
9133,ds005293,sub-014,ds005293__sub-014,41,3.5,2.0,3.0451126,10,237
9134,ds005293,sub-014,ds005293__sub-014,42,2.5,2.0,3.0397055,11,237
9135,ds005293,sub-014,ds005293__sub-014,43,2.5,2.0,3.0105476,12,237
9136,ds005293,sub-014,ds005293__sub-014,44,3.5,2.0,3.0259497,13,237
9137,ds005293,sub-014,ds005293__sub-014,45,4.0,2.0,3.0347724,14,237
9138,ds005293,sub-014,ds005293__sub-014,46,2.5,2.0,3.0303729,13,237
9139,ds005293,sub-014,ds005293__sub-014,47,2.5,2.0,3.0323129,13,237
9140,ds005293,sub-014,ds005293__sub-014,48,2.5,2.0,3.0616477,14,237
9141,ds005293,sub-014,ds005293__sub-014,49,3.0,2.0,3.0521784,15,237
9142,ds005293,sub-014,ds005293__sub-014,50,3.0,2.0,3.0425837,15,237
9143,ds005293,sub-014,ds005293__sub-014,51,2.5,2.0,3.0530202,15,237
9144,ds005293,sub-014,ds005293__sub-014,52,3.5,2.0,3.0463505,14,237
9145,ds005293,sub-014,ds005293__sub-014,53,3.0,2.5,3.0525436,15,237
9146,ds005293,sub-014,ds005293__sub-014,54,3.0,2.5,3.0478928,12,237
9147,ds005293,sub-014,ds005293__sub-014,55,3.5,2.5,3.1514258,15,237
9148,ds005293,sub-014,ds005293__sub-014,56,3.5,2.5,3.1421971,15,237
9149,ds005293,sub-014,ds005293__sub-014,57,4.0,2.5,3.1387515,13,237
9150,ds005293,sub-014,ds005293__sub-014,58,3.5,2.5,3.14628,14,237
9151,ds005293,sub-014,ds005293__sub-014,59,4.0,2.5,3.147831,15,237
9152,ds005293,sub-014,ds005293__sub-014,60,2.5,2.5,3.1435623,15,237
9153,ds005293,sub-014,ds005293__sub-014,61,4.0,2.5,3.1365032,15,237
9154,ds005293,sub-014,ds005293__sub-014,62,3.0,2.5,3.1285272,15,237
9155,ds005293,sub-014,ds005293__sub-014,63,2.5,2.5,3.1235359,14,237
9156,ds005293,sub-014,ds005293__sub-014,64,2.5,2.5,3.1341512,15,237
9157,ds005293,sub-014,ds005293__sub-014,65,3.0,2.5,3.1354542,15,237
9158,ds005293,sub-014,ds005293__sub-014,66,2.5,2.5,3.1316082,15,237
9159,ds005293,sub-014,ds005293__sub-014,67,3.5,2.25,3.1584973,14,237
9160,ds005293,sub-014,ds005293__sub-014,68,3.5,4.5,3.1998897,15,237
9161,ds005293,sub-014,ds005293__sub-014,69,4.0,4.5,3.206573,15,237
9162,ds005293,sub-014,ds005293__sub-014,70,3.0,4.5,3.2260003,15,237
9163,ds005293,sub-014,ds005293__sub-014,71,3.5,4.5,3.2281623,13,237
9164,ds005293,sub-014,ds005293__sub-014,72,4.0,4.5,3.232082,14,237
9165,ds005293,sub-014,ds005293__sub-014,73,3.0,3.0,3.2288322,15,237
9166,ds005293,sub-014,ds005293__sub-014,74,3.0,4.5,3.241825,15,237
9167,ds005293,sub-014,ds005293__sub-014,75,4.0,4.5,3.2401266,13,237
9168,ds005293,sub-014,ds005293__sub-014,76,3.0,4.5,3.270626,14,237
9169,ds005293,sub-014,ds005293__sub-014,77,4.0,4.5,3.243768,15,237
9170,ds005293,sub-014,ds005293__sub-014,78,4.0,4.5,3.229227,14,237
9171,ds005293,sub-014,ds005293__sub-014,79,4.0,2.5,3.198604,14,237
9172,ds005293,sub-015,ds005293__sub-015,0,3.5,3.75,3.4430075,0,238
9173,ds005293,sub-015,ds005293__sub-015,1,3.5,4.0,3.3564773,1,238
9174,ds005293,sub-015,ds005293__sub-015,2,2.5,4.0,3.0964367,2,238
9175,ds005293,sub-015,ds005293__sub-015,3,2.5,4.0,3.080944,3,238
9176,ds005293,sub-015,ds005293__sub-015,4,3.5,2.25,3.0572925,4,238
9177,ds005293,sub-015,ds005293__sub-015,5,4.0,2.25,3.1093197,5,238
9178,ds005293,sub-015,ds005293__sub-015,6,2.5,2.25,3.1290536,6,238
9179,ds005293,sub-015,ds005293__sub-015,7,2.5,2.25,3.1477318,7,238
9180,ds005293,sub-015,ds005293__sub-015,8,2.5,4.5,3.158193,8,238
9181,ds005293,sub-015,ds005293__sub-015,9,3.0,4.5,3.1619372,8,238
9182,ds005293,sub-015,ds005293__sub-015,10,3.0,2.5,3.1610227,9,238
9183,ds005293,sub-015,ds005293__sub-015,11,2.5,2.5,3.1716561,10,238
9184,ds005293,sub-015,ds005293__sub-015,12,3.5,2.5,3.177297,11,238
9185,ds005293,sub-015,ds005293__sub-015,13,3.0,2.5,3.1796293,12,238
9186,ds005293,sub-015,ds005293__sub-015,14,3.0,4.5,3.1845775,13,238
9187,ds005293,sub-015,ds005293__sub-015,15,3.5,4.5,3.1974602,14,238
9188,ds005293,sub-015,ds005293__sub-015,16,3.5,2.5,3.174532,14,238
9189,ds005293,sub-015,ds005293__sub-015,17,4.0,4.5,3.199359,15,238
9190,ds005293,sub-015,ds005293__sub-015,18,3.5,4.5,3.2165627,12,238
9191,ds005293,sub-015,ds005293__sub-015,19,4.0,4.5,3.2214656,15,238
9192,ds005293,sub-015,ds005293__sub-015,20,2.5,4.5,3.2491415,14,238
9193,ds005293,sub-015,ds005293__sub-015,21,4.0,4.5,3.2879243,15,238
9194,ds005293,sub-015,ds005293__sub-015,22,3.0,4.5,3.3257565,15,238
9195,ds005293,sub-015,ds005293__sub-015,23,2.5,4.5,3.3580534,13,238
9196,ds005293,sub-015,ds005293__sub-015,24,2.5,4.5,3.3099182,14,238
9197,ds005293,sub-015,ds005293__sub-015,25,3.0,4.5,3.2706547,15,238
9198,ds005293,sub-015,ds005293__sub-015,26,2.5,4.5,3.3140948,15,238
9199,ds005293,sub-015,ds005293__sub-015,27,3.5,4.5,3.3153062,13,238
9200,ds005293,sub-015,ds005293__sub-015,28,3.5,4.5,3.309554,14,238
9201,ds005293,sub-015,ds005293__sub-015,29,4.0,3.0,3.210011,15,238
9202,ds005293,sub-015,ds005293__sub-015,30,3.0,3.0,3.212357,15,238
9203,ds005293,sub-015,ds005293__sub-015,31,3.5,3.0,3.2319038,15,238
9204,ds005293,sub-015,ds005293__sub-015,32,4.0,3.0,3.2268267,15,238
9205,ds005293,sub-015,ds005293__sub-015,33,3.0,4.5,3.2393193,15,238
9206,ds005293,sub-015,ds005293__sub-015,34,3.0,4.5,3.2496486,15,238
9207,ds005293,sub-015,ds005293__sub-015,35,4.0,4.5,3.2349155,15,238
9208,ds005293,sub-015,ds005293__sub-015,36,3.0,4.5,3.2556887,15,238
9209,ds005293,sub-015,ds005293__sub-015,37,4.0,4.5,3.2818763,14,238
9210,ds005293,sub-015,ds005293__sub-015,38,4.0,4.5,3.2986453,15,238
9211,ds005293,sub-015,ds005293__sub-015,39,4.0,4.5,3.3220024,14,238
9212,ds005293,sub-015,ds005293__sub-015,40,3.5,4.5,3.2816224,15,238
9213,ds005293,sub-015,ds005293__sub-015,41,3.5,4.5,3.2623246,14,238
9214,ds005293,sub-015,ds005293__sub-015,42,2.5,3.0,3.201536,15,238
9215,ds005293,sub-015,ds005293__sub-015,43,2.5,3.0,3.196485,15,238
9216,ds005293,sub-015,ds005293__sub-015,44,3.5,3.0,3.1980128,15,238
9217,ds005293,sub-015,ds005293__sub-015,45,4.0,3.0,3.1967745,14,238
9218,ds005293,sub-015,ds005293__sub-015,46,2.5,3.0,3.1715074,15,238
9219,ds005293,sub-015,ds005293__sub-015,47,2.5,3.0,3.1652112,15,238
9220,ds005293,sub-015,ds005293__sub-015,48,2.5,3.0,3.1712365,14,238
9221,ds005293,sub-015,ds005293__sub-015,49,3.0,3.0,3.1556935,15,238
9222,ds005293,sub-015,ds005293__sub-015,50,3.0,3.0,3.183304,15,238
9223,ds005293,sub-015,ds005293__sub-015,51,2.5,3.0,3.210726,14,238
9224,ds005293,sub-015,ds005293__sub-015,52,3.5,3.0,3.1956153,15,238
9225,ds005293,sub-015,ds005293__sub-015,53,3.0,3.0,3.1914804,15,238
9226,ds005293,sub-015,ds005293__sub-015,54,3.0,3.0,3.2109537,15,238
9227,ds005293,sub-015,ds005293__sub-015,55,3.5,3.0,3.2110915,14,238
9228,ds005293,sub-015,ds005293__sub-015,56,3.5,3.0,3.2266157,15,238
9229,ds005293,sub-015,ds005293__sub-015,57,4.0,4.5,3.2735481,15,238
9230,ds005293,sub-015,ds005293__sub-015,58,3.5,4.5,3.2266533,14,238
9231,ds005293,sub-015,ds005293__sub-015,59,4.0,3.0,3.2148876,15,238
9232,ds005293,sub-015,ds005293__sub-015,60,2.5,4.5,3.2564023,15,238
9233,ds005293,sub-015,ds005293__sub-015,61,4.0,4.5,3.3117225,15,238
9234,ds005293,sub-015,ds005293__sub-015,62,3.0,4.5,3.3090625,15,238
9235,ds005293,sub-015,ds005293__sub-015,63,2.5,4.5,3.3034265,15,238
9236,ds005293,sub-015,ds005293__sub-015,64,2.5,4.5,3.327168,14,238
9237,ds005293,sub-015,ds005293__sub-015,65,3.0,4.5,3.2553031,15,238
9238,ds005293,sub-015,ds005293__sub-015,66,2.5,4.5,3.2853942,15,238
9239,ds005293,sub-015,ds005293__sub-015,67,3.5,4.5,3.2834077,14,238
9240,ds005293,sub-015,ds005293__sub-015,68,3.5,4.5,3.245055,15,238
9241,ds005293,sub-015,ds005293__sub-015,69,4.0,4.5,3.2526653,15,238
9242,ds005293,sub-015,ds005293__sub-015,70,3.0,4.5,3.2545934,15,238
9243,ds005293,sub-015,ds005293__sub-015,71,3.5,4.5,3.2630014,15,238
9244,ds005293,sub-015,ds005293__sub-015,72,4.0,4.5,3.291678,15,238
9245,ds005293,sub-015,ds005293__sub-015,73,3.0,4.5,3.3047018,14,238
9246,ds005293,sub-015,ds005293__sub-015,74,3.0,4.5,3.2763023,14,238
9247,ds005293,sub-015,ds005293__sub-015,75,4.0,4.5,3.3090553,15,238
9248,ds005293,sub-015,ds005293__sub-015,76,3.0,4.5,3.3222313,15,238
9249,ds005293,sub-015,ds005293__sub-015,77,4.0,4.5,3.2936068,14,238
9250,ds005293,sub-015,ds005293__sub-015,78,4.0,4.5,3.281913,15,238
9251,ds005293,sub-015,ds005293__sub-015,79,4.0,4.5,3.3048325,14,238
9252,ds005293,sub-016,ds005293__sub-016,0,3.75,3.75,3.598105,0,239
9253,ds005293,sub-016,ds005293__sub-016,1,3.75,3.5,3.46001,1,239
9254,ds005293,sub-016,ds005293__sub-016,2,2.25,2.25,2.77604,2,239
9255,ds005293,sub-016,ds005293__sub-016,3,2.25,2.25,2.6526856,3,239
9256,ds005293,sub-016,ds005293__sub-016,4,3.75,2.0,2.7932503,4,239
9257,ds005293,sub-016,ds005293__sub-016,5,4.5,2.0,2.8503246,5,239
9258,ds005293,sub-016,ds005293__sub-016,6,2.25,2.0,2.903016,6,239
9259,ds005293,sub-016,ds005293__sub-016,7,2.25,2.0,2.8916726,7,239
9260,ds005293,sub-016,ds005293__sub-016,8,2.25,2.0,2.9626455,7,239
9261,ds005293,sub-016,ds005293__sub-016,9,3.0,2.0,2.9904695,8,239
9262,ds005293,sub-016,ds005293__sub-016,10,3.0,2.0,3.02956,9,239
9263,ds005293,sub-016,ds005293__sub-016,11,2.25,2.0,3.0435205,10,239
9264,ds005293,sub-016,ds005293__sub-016,12,3.75,2.0,3.1192534,11,239
9265,ds005293,sub-016,ds005293__sub-016,13,3.0,4.5,3.156229,12,239
9266,ds005293,sub-016,ds005293__sub-016,14,3.0,4.5,3.1974921,13,239
9267,ds005293,sub-016,ds005293__sub-016,15,3.75,4.5,3.2204814,14,239
9268,ds005293,sub-016,ds005293__sub-016,16,3.75,4.5,3.2708893,15,239
9269,ds005293,sub-016,ds005293__sub-016,17,4.5,4.5,3.2827597,14,239
9270,ds005293,sub-016,ds005293__sub-016,18,3.75,4.5,3.3219137,15,239
9271,ds005293,sub-016,ds005293__sub-016,19,4.5,4.5,3.3345337,14,239
9272,ds005293,sub-016,ds005293__sub-016,20,2.25,4.5,3.188208,14,239
9273,ds005293,sub-016,ds005293__sub-016,21,4.5,4.5,3.1928048,15,239
9274,ds005293,sub-016,ds005293__sub-016,22,3.0,4.5,3.1810517,15,239
9275,ds005293,sub-016,ds005293__sub-016,23,2.25,4.5,3.1865325,14,239
9276,ds005293,sub-016,ds005293__sub-016,24,2.25,3.0,3.1307836,15,239
9277,ds005293,sub-016,ds005293__sub-016,25,3.0,3.0,3.132703,15,239
9278,ds005293,sub-016,ds005293__sub-016,26,2.25,4.5,3.1884859,14,239
9279,ds005293,sub-016,ds005293__sub-016,27,3.75,3.0,3.1320012,15,239
9280,ds005293,sub-016,ds005293__sub-016,28,3.75,3.0,3.1497047,14,239
9281,ds005293,sub-016,ds005293__sub-016,29,4.5,3.0,3.178535,15,239
9282,ds005293,sub-016,ds005293__sub-016,30,3.0,3.0,3.1887221,15,239
9283,ds005293,sub-016,ds005293__sub-016,31,3.75,3.0,3.1750507,14,239
9284,ds005293,sub-016,ds005293__sub-016,32,4.5,3.0,3.149813,15,239
9285,ds005293,sub-016,ds005293__sub-016,33,3.0,3.0,3.1660366,15,239
9286,ds005293,sub-016,ds005293__sub-016,34,3.0,3.0,3.1392176,15,239
9287,ds005293,sub-016,ds005293__sub-016,35,4.5,3.0,3.1346297,15,239
9288,ds005293,sub-016,ds005293__sub-016,36,3.0,3.0,3.1348548,15,239
9289,ds005293,sub-016,ds005293__sub-016,37,4.5,4.5,3.182869,15,239
9290,ds005293,sub-016,ds005293__sub-016,38,4.5,4.5,3.1793838,15,239
9291,ds005293,sub-016,ds005293__sub-016,39,4.5,4.5,3.200254,12,239
9292,ds005293,sub-016,ds005293__sub-016,40,3.75,3.0,3.1932013,14,239
9293,ds005293,sub-016,ds005293__sub-016,41,3.75,4.5,3.2004898,14,239
9294,ds005293,sub-016,ds005293__sub-016,42,2.25,4.5,3.2320294,15,239
9295,ds005293,sub-016,ds005293__sub-016,43,2.25,4.5,3.2672415,15,239
9296,ds005293,sub-016,ds005293__sub-016,44,3.75,4.5,3.2274914,15,239
9297,ds005293,sub-016,ds005293__sub-016,45,4.5,4.5,3.2389288,15,239
9298,ds005293,sub-016,ds005293__sub-016,46,2.25,4.5,3.220261,15,239
9299,ds005293,sub-016,ds005293__sub-016,47,2.25,4.5,3.201672,14,239
9300,ds005293,sub-016,ds005293__sub-016,48,2.25,4.5,3.20745,15,239
9301,ds005293,sub-016,ds005293__sub-016,49,3.0,4.5,3.242515,15,239
9302,ds005293,sub-016,ds005293__sub-016,50,3.0,4.5,3.1908956,15,239
9303,ds005293,sub-016,ds005293__sub-016,51,2.25,4.5,3.1794384,14,239
9304,ds005293,sub-016,ds005293__sub-016,52,3.75,2.25,3.1546779,15,239
9305,ds005293,sub-016,ds005293__sub-016,53,3.0,2.25,3.149024,14,239
9306,ds005293,sub-016,ds005293__sub-016,54,3.0,2.25,3.1242383,15,239
9307,ds005293,sub-016,ds005293__sub-016,55,3.75,2.25,3.1414833,14,239
9308,ds005293,sub-016,ds005293__sub-016,56,3.75,4.5,3.187858,15,239
9309,ds005293,sub-016,ds005293__sub-016,57,4.5,4.5,3.2200112,13,239
9310,ds005293,sub-016,ds005293__sub-016,58,3.75,4.5,3.2524529,14,239
9311,ds005293,sub-016,ds005293__sub-016,59,4.5,4.5,3.2669957,15,239
9312,ds005293,sub-016,ds005293__sub-016,60,2.25,4.5,3.2825227,15,239
9313,ds005293,sub-016,ds005293__sub-016,61,4.5,4.5,3.3145413,15,239
9314,ds005293,sub-016,ds005293__sub-016,62,3.0,4.5,3.307253,15,239
9315,ds005293,sub-016,ds005293__sub-016,63,2.25,4.5,3.3182247,15,239
9316,ds005293,sub-016,ds005293__sub-016,64,2.25,2.25,3.1656334,15,239
9317,ds005293,sub-016,ds005293__sub-016,65,3.0,2.25,3.1479704,14,239
9318,ds005293,sub-016,ds005293__sub-016,66,2.25,2.25,3.113265,15,239
9319,ds005293,sub-016,ds005293__sub-016,67,3.75,2.25,3.123043,14,239
9320,ds005293,sub-016,ds005293__sub-016,68,3.75,2.25,3.1528983,15,239
9321,ds005293,sub-016,ds005293__sub-016,69,4.5,3.0,3.1493053,15,239
9322,ds005293,sub-016,ds005293__sub-016,70,3.0,2.25,3.1631124,14,239
9323,ds005293,sub-016,ds005293__sub-016,71,3.75,3.0,3.133428,14,239
9324,ds005293,sub-016,ds005293__sub-016,72,4.5,3.0,3.119735,15,239
9325,ds005293,sub-016,ds005293__sub-016,73,3.0,3.0,3.1136713,12,239
9326,ds005293,sub-016,ds005293__sub-016,74,3.0,3.0,3.1044111,13,239
9327,ds005293,sub-016,ds005293__sub-016,75,4.5,3.0,3.1236463,14,239
9328,ds005293,sub-016,ds005293__sub-016,76,3.0,3.0,3.1119237,15,239
9329,ds005293,sub-016,ds005293__sub-016,77,4.5,3.0,3.129948,15,239
9330,ds005293,sub-016,ds005293__sub-016,78,4.5,3.0,3.1539009,14,239
9331,ds005293,sub-016,ds005293__sub-016,79,4.5,3.0,3.1706161,15,239
9332,ds005293,sub-017,ds005293__sub-017,0,3.5,3.5,3.5070667,0,240
9333,ds005293,sub-017,ds005293__sub-017,1,3.5,3.5,3.6278539,1,240
9334,ds005293,sub-017,ds005293__sub-017,2,2.5,4.0,3.6358743,2,240
9335,ds005293,sub-017,ds005293__sub-017,3,2.5,4.0,3.30721,3,240
9336,ds005293,sub-017,ds005293__sub-017,4,3.5,3.5,3.1321924,4,240
9337,ds005293,sub-017,ds005293__sub-017,5,4.0,2.0,2.913211,5,240
9338,ds005293,sub-017,ds005293__sub-017,6,2.5,2.0,2.4206927,6,240
9339,ds005293,sub-017,ds005293__sub-017,7,2.5,2.0,2.3623385,7,240
9340,ds005293,sub-017,ds005293__sub-017,8,2.5,2.0,2.5326638,8,240
9341,ds005293,sub-017,ds005293__sub-017,9,3.0,2.0,2.5828915,9,240
9342,ds005293,sub-017,ds005293__sub-017,10,3.0,2.0,2.591855,10,240
9343,ds005293,sub-017,ds005293__sub-017,11,2.5,2.0,2.6280985,11,240
9344,ds005293,sub-017,ds005293__sub-017,12,3.5,2.5,3.0285244,0,240
9345,ds005293,sub-017,ds005293__sub-017,13,3.0,3.75,3.2366118,1,240
9346,ds005293,sub-017,ds005293__sub-017,14,3.0,3.75,3.2951527,2,240
9347,ds005293,sub-017,ds005293__sub-017,15,3.5,3.75,3.370473,3,240
9348,ds005293,sub-017,ds005293__sub-017,16,3.5,4.5,3.5553308,4,240
9349,ds005293,sub-017,ds005293__sub-017,17,4.0,4.5,3.612873,5,240
9350,ds005293,sub-017,ds005293__sub-017,18,3.5,4.5,3.6751633,6,240
9351,ds005293,sub-017,ds005293__sub-017,19,2.5,4.5,3.6346846,7,240
9352,ds005293,sub-017,ds005293__sub-017,20,4.0,4.5,3.6227498,7,240
9353,ds005293,sub-017,ds005293__sub-017,21,3.0,4.5,3.4033527,3,240
9354,ds005293,sub-017,ds005293__sub-017,22,2.5,4.5,3.2979543,4,240
9355,ds005293,sub-017,ds005293__sub-017,23,2.5,4.5,3.2008245,5,240
9356,ds005293,sub-017,ds005293__sub-017,24,3.0,2.25,3.1902637,6,240
9357,ds005293,sub-017,ds005293__sub-017,25,2.5,3.75,3.17837,7,240
9358,ds005293,sub-017,ds005293__sub-017,26,3.5,3.75,3.2080257,0,240
9359,ds005293,sub-017,ds005293__sub-017,27,3.5,3.75,3.3271432,1,240
9360,ds005293,sub-017,ds005293__sub-017,28,4.0,3.75,3.5474832,0,240
9361,ds005293,sub-017,ds005293__sub-017,29,3.0,3.75,3.5051193,1,240
9362,ds005293,sub-017,ds005293__sub-017,30,3.5,3.75,3.415907,2,240
9363,ds005293,sub-017,ds005293__sub-017,31,4.0,4.5,3.38376,3,240
9364,ds005293,sub-017,ds005293__sub-017,32,3.0,4.5,3.2902937,4,240
9365,ds005293,sub-017,ds005293__sub-017,33,3.0,2.5,3.1347256,5,240
9366,ds005293,sub-017,ds005293__sub-017,34,4.0,2.5,2.942254,6,240
9367,ds005293,sub-017,ds005293__sub-017,35,3.0,2.0,2.7220387,7,240
9368,ds005293,sub-017,ds005293__sub-017,36,4.0,2.5,2.969474,0,240
9369,ds005293,sub-017,ds005293__sub-017,37,3.5,2.5,3.05014,1,240
9370,ds005293,sub-017,ds005293__sub-017,38,3.5,4.5,3.251789,2,240
9371,ds005293,sub-017,ds005293__sub-017,39,2.5,4.5,3.452568,3,240
9372,ds005293,sub-017,ds005293__sub-017,40,2.5,4.5,3.4208488,4,240
9373,ds005293,sub-017,ds005293__sub-017,41,3.5,4.5,3.3879762,5,240
9374,ds005293,sub-017,ds005293__sub-017,42,4.0,4.5,3.4178674,6,240
9375,ds005293,sub-017,ds005293__sub-017,43,2.5,4.5,3.267246,14,240
9376,ds005293,sub-017,ds005293__sub-017,44,2.5,4.5,3.2374794,0,240
9377,ds005293,sub-017,ds005293__sub-017,45,2.5,2.5,2.9071279,1,240
9378,ds005293,sub-017,ds005293__sub-017,46,3.0,2.5,3.0276566,2,240
9379,ds005293,sub-017,ds005293__sub-017,47,3.0,2.5,3.049273,3,240
9380,ds005293,sub-017,ds005293__sub-017,48,2.5,2.5,3.1879606,4,240
9381,ds005293,sub-017,ds005293__sub-017,49,3.5,2.5,3.0839307,5,240
9382,ds005293,sub-017,ds005293__sub-017,50,3.0,2.5,3.1116881,0,240
9383,ds005293,sub-017,ds005293__sub-017,51,3.0,2.5,2.9418743,1,240
9384,ds005293,sub-017,ds005293__sub-017,52,3.5,2.5,3.0317965,2,240
9385,ds005293,sub-017,ds005293__sub-017,53,3.5,2.5,3.0663953,3,240
9386,ds005293,sub-017,ds005293__sub-017,54,4.0,2.5,3.097492,0,240
9387,ds005293,sub-017,ds005293__sub-017,55,3.5,2.5,3.0867314,1,240
9388,ds005293,sub-017,ds005293__sub-017,56,4.0,2.5,3.276334,2,240
9389,ds005293,sub-017,ds005293__sub-017,57,2.5,2.5,3.3084283,3,240
9390,ds005293,sub-017,ds005293__sub-017,58,4.0,2.5,3.207837,3,240
9391,ds005293,sub-017,ds005293__sub-017,59,3.0,2.5,3.209352,15,240
9392,ds005293,sub-017,ds005293__sub-017,60,2.5,2.5,3.1398711,14,240
9393,ds005293,sub-017,ds005293__sub-017,61,2.5,2.5,3.1195612,15,240
9394,ds005293,sub-017,ds005293__sub-017,62,3.0,4.5,3.1200712,0,240
9395,ds005293,sub-017,ds005293__sub-017,63,2.5,2.5,3.0499249,9,240
9396,ds005293,sub-017,ds005293__sub-017,64,3.5,3.75,3.3329864,0,240
9397,ds005293,sub-017,ds005293__sub-017,65,3.5,3.75,3.4193034,0,240
9398,ds005293,sub-017,ds005293__sub-017,66,4.0,3.75,3.6032412,0,240
9399,ds005293,sub-017,ds005293__sub-017,67,3.0,3.75,3.5038471,1,240
9400,ds005293,sub-017,ds005293__sub-017,68,3.5,4.5,3.4821074,2,240
9401,ds005293,sub-017,ds005293__sub-017,69,4.0,4.5,3.3871853,3,240
9402,ds005293,sub-017,ds005293__sub-017,70,3.0,2.5,3.2094145,4,240
9403,ds005293,sub-017,ds005293__sub-017,71,3.0,2.5,3.041579,5,240
9404,ds005293,sub-017,ds005293__sub-017,72,4.0,2.0,2.837781,15,240
9405,ds005293,sub-017,ds005293__sub-017,73,3.0,2.0,2.8126638,15,240
9406,ds005293,sub-017,ds005293__sub-017,74,4.0,2.0,3.0100222,0,240
9407,ds005293,sub-017,ds005293__sub-017,75,4.0,4.5,3.1375568,1,240
9408,ds005293,sub-018,ds005293__sub-018,0,3.75,3.5,3.5339878,0,241
9409,ds005293,sub-018,ds005293__sub-018,1,3.75,3.5,3.500341,1,241
9410,ds005293,sub-018,ds005293__sub-018,2,2.25,3.5,3.2612157,2,241
9411,ds005293,sub-018,ds005293__sub-018,3,2.25,3.5,3.0114584,3,241
9412,ds005293,sub-018,ds005293__sub-018,4,3.75,3.5,3.019825,4,241
9413,ds005293,sub-018,ds005293__sub-018,5,4.5,3.5,3.0019069,5,241
9414,ds005293,sub-018,ds005293__sub-018,6,2.25,3.5,2.9973807,6,241
9415,ds005293,sub-018,ds005293__sub-018,7,2.25,3.5,3.00487,7,241
9416,ds005293,sub-018,ds005293__sub-018,8,2.25,3.5,3.019415,8,241
9417,ds005293,sub-018,ds005293__sub-018,9,3.0,3.5,3.0418127,9,241
9418,ds005293,sub-018,ds005293__sub-018,10,3.0,3.5,3.0636873,10,241
9419,ds005293,sub-018,ds005293__sub-018,11,2.25,3.0,3.0920203,11,241
9420,ds005293,sub-018,ds005293__sub-018,12,3.75,3.5,3.1010578,12,241
9421,ds005293,sub-018,ds005293__sub-018,13,3.0,3.0,3.1179028,13,241
9422,ds005293,sub-018,ds005293__sub-018,14,3.0,3.0,3.134455,14,241
9423,ds005293,sub-018,ds005293__sub-018,15,3.75,3.0,3.156425,15,241
9424,ds005293,sub-018,ds005293__sub-018,16,3.75,2.5,3.156282,15,241
9425,ds005293,sub-018,ds005293__sub-018,17,4.5,2.5,3.1571894,15,241
9426,ds005293,sub-018,ds005293__sub-018,18,3.75,2.5,3.165846,14,241
9427,ds005293,sub-018,ds005293__sub-018,19,4.5,3.5,3.1379824,15,241
9428,ds005293,sub-018,ds005293__sub-018,20,2.25,2.5,3.1497097,15,241
9429,ds005293,sub-018,ds005293__sub-018,21,4.5,2.5,3.1735084,15,241
9430,ds005293,sub-018,ds005293__sub-018,22,3.0,2.5,3.1535442,12,241
9431,ds005293,sub-018,ds005293__sub-018,23,2.25,2.5,3.1404157,14,241
9432,ds005293,sub-018,ds005293__sub-018,24,2.25,2.5,3.1411014,15,241
9433,ds005293,sub-018,ds005293__sub-018,25,3.0,2.5,3.1389952,15,241
9434,ds005293,sub-018,ds005293__sub-018,26,2.25,2.5,3.1572003,15,241
9435,ds005293,sub-018,ds005293__sub-018,27,3.75,2.5,3.156374,15,241
9436,ds005293,sub-018,ds005293__sub-018,28,3.75,2.5,3.1675334,15,241
9437,ds005293,sub-018,ds005293__sub-018,29,4.5,2.5,3.1626356,15,241
9438,ds005293,sub-018,ds005293__sub-018,30,3.0,2.5,3.1449466,15,241
9439,ds005293,sub-018,ds005293__sub-018,31,3.75,3.0,3.1345453,15,241
9440,ds005293,sub-018,ds005293__sub-018,32,4.5,3.5,3.124887,15,241
9441,ds005293,sub-018,ds005293__sub-018,33,3.0,3.0,3.1363096,15,241
9442,ds005293,sub-018,ds005293__sub-018,34,3.0,3.0,3.1362371,15,241
9443,ds005293,sub-018,ds005293__sub-018,35,4.5,3.0,3.1360965,15,241
9444,ds005293,sub-018,ds005293__sub-018,36,3.0,3.0,3.1274786,15,241
9445,ds005293,sub-018,ds005293__sub-018,37,4.5,2.5,3.14749,15,241
9446,ds005293,sub-018,ds005293__sub-018,38,4.5,2.5,3.162405,14,241
9447,ds005293,sub-018,ds005293__sub-018,39,4.5,3.0,3.1462898,15,241
9448,ds005293,sub-018,ds005293__sub-018,40,3.75,3.0,3.1325006,14,241
9449,ds005293,sub-018,ds005293__sub-018,41,3.75,3.0,3.1112766,15,241
9450,ds005293,sub-018,ds005293__sub-018,42,2.25,3.0,3.1060123,15,241
9451,ds005293,sub-018,ds005293__sub-018,43,2.25,3.0,3.1101227,15,241
9452,ds005293,sub-018,ds005293__sub-018,44,3.75,3.0,3.1352615,14,241
9453,ds005293,sub-018,ds005293__sub-018,45,4.5,3.0,3.1493597,15,241
9454,ds005293,sub-018,ds005293__sub-018,46,2.25,3.0,3.1451597,15,241
9455,ds005293,sub-018,ds005293__sub-018,47,2.25,3.0,3.136838,15,241
9456,ds005293,sub-018,ds005293__sub-018,48,2.25,3.0,3.1395802,14,241
9457,ds005293,sub-018,ds005293__sub-018,49,3.0,3.0,3.1202955,15,241
9458,ds005293,sub-018,ds005293__sub-018,50,3.0,3.5,3.1190836,15,241
9459,ds005293,sub-018,ds005293__sub-018,51,2.25,2.5,3.110547,14,241
9460,ds005293,sub-018,ds005293__sub-018,52,3.75,3.0,3.0953856,15,241
9461,ds005293,sub-018,ds005293__sub-018,53,3.0,2.5,3.1022,15,241
9462,ds005293,sub-018,ds005293__sub-018,54,3.0,2.5,3.1105423,14,241
9463,ds005293,sub-018,ds005293__sub-018,55,3.75,2.5,3.1246932,15,241
9464,ds005293,sub-018,ds005293__sub-018,56,3.75,2.5,3.1280327,15,241
9465,ds005293,sub-018,ds005293__sub-018,57,4.5,2.5,3.1214108,14,241
9466,ds005293,sub-018,ds005293__sub-018,58,3.75,2.5,3.111703,15,241
9467,ds005293,sub-018,ds005293__sub-018,59,4.5,3.0,3.1115544,15,241
9468,ds005293,sub-018,ds005293__sub-018,60,2.25,2.5,3.1166108,15,241
9469,ds005293,sub-018,ds005293__sub-018,61,4.5,2.5,3.1375353,14,241
9470,ds005293,sub-018,ds005293__sub-018,62,3.0,2.5,3.1243577,15,241
9471,ds005293,sub-018,ds005293__sub-018,63,2.25,2.5,3.133258,15,241
9472,ds005293,sub-018,ds005293__sub-018,64,2.25,2.5,3.1257896,14,241
9473,ds005293,sub-018,ds005293__sub-018,65,3.0,2.5,3.132131,15,241
9474,ds005293,sub-018,ds005293__sub-018,66,2.25,2.5,3.1430545,15,241
9475,ds005293,sub-018,ds005293__sub-018,67,3.75,3.0,3.1447973,14,241
9476,ds005293,sub-018,ds005293__sub-018,68,3.75,3.0,3.1402884,15,241
9477,ds005293,sub-018,ds005293__sub-018,69,4.5,3.0,3.1361942,15,241
9478,ds005293,sub-018,ds005293__sub-018,70,3.0,3.0,3.1364837,15,241
9479,ds005293,sub-018,ds005293__sub-018,71,3.75,3.0,3.140121,15,241
9480,ds005293,sub-018,ds005293__sub-018,72,4.5,2.5,3.1475985,14,241
9481,ds005293,sub-018,ds005293__sub-018,73,3.0,2.5,3.1383386,15,241
9482,ds005293,sub-018,ds005293__sub-018,74,3.0,2.5,3.132403,15,241
9483,ds005293,sub-018,ds005293__sub-018,75,4.5,2.5,3.1298575,14,241
9484,ds005293,sub-018,ds005293__sub-018,76,3.0,3.5,3.0945587,15,241
9485,ds005293,sub-018,ds005293__sub-018,77,4.5,3.5,3.102291,15,241
9486,ds005293,sub-018,ds005293__sub-018,78,4.5,3.5,3.1211853,14,241
9487,ds005293,sub-018,ds005293__sub-018,79,4.5,2.0,3.1148179,15,241
9488,ds005293,sub-019,ds005293__sub-019,0,3.0,3.75,3.651078,0,242
9489,ds005293,sub-019,ds005293__sub-019,1,3.0,3.75,3.624569,0,242
9490,ds005293,sub-019,ds005293__sub-019,2,2.0,2.25,3.1681995,1,242
9491,ds005293,sub-019,ds005293__sub-019,3,3.0,2.25,3.1682959,3,242
9492,ds005293,sub-019,ds005293__sub-019,4,3.5,2.25,3.2211213,0,242
9493,ds005293,sub-019,ds005293__sub-019,5,2.0,2.25,3.109324,1,242
9494,ds005293,sub-019,ds005293__sub-019,6,2.0,2.25,3.0883768,2,242
9495,ds005293,sub-019,ds005293__sub-019,7,2.0,2.25,3.0212588,3,242
9496,ds005293,sub-019,ds005293__sub-019,8,2.5,2.25,3.0802019,4,242
9497,ds005293,sub-019,ds005293__sub-019,9,2.5,2.25,3.1047163,5,242
9498,ds005293,sub-019,ds005293__sub-019,10,2.0,2.25,3.222499,5,242
9499,ds005293,sub-019,ds005293__sub-019,11,3.0,3.75,3.5196111,0,242
9500,ds005293,sub-019,ds005293__sub-019,12,2.5,3.75,3.5614276,1,242
9501,ds005293,sub-019,ds005293__sub-019,13,2.5,4.0,3.6218874,2,242
9502,ds005293,sub-019,ds005293__sub-019,14,3.0,4.0,3.6305833,3,242
9503,ds005293,sub-019,ds005293__sub-019,15,3.0,4.0,3.6478972,4,242
9504,ds005293,sub-019,ds005293__sub-019,16,3.5,4.0,3.6948893,0,242
9505,ds005293,sub-019,ds005293__sub-019,17,3.0,4.0,3.6026301,0,242
9506,ds005293,sub-019,ds005293__sub-019,18,3.5,4.0,3.495329,0,242
9507,ds005293,sub-019,ds005293__sub-019,19,2.0,4.0,3.5099983,1,242
9508,ds005293,sub-019,ds005293__sub-019,20,3.5,4.0,3.5257778,0,242
9509,ds005293,sub-019,ds005293__sub-019,21,2.5,4.0,3.5342042,1,242
9510,ds005293,sub-019,ds005293__sub-019,22,2.0,4.0,3.374126,2,242
9511,ds005293,sub-019,ds005293__sub-019,23,2.5,4.0,3.3964283,3,242
9512,ds005293,sub-019,ds005293__sub-019,24,2.0,4.0,3.4476995,4,242
9513,ds005293,sub-019,ds005293__sub-019,25,3.0,4.0,3.4844112,1,242
9514,ds005293,sub-019,ds005293__sub-019,26,3.0,4.0,3.5387807,0,242
9515,ds005293,sub-019,ds005293__sub-019,27,2.5,4.0,3.5516734,1,242
9516,ds005293,sub-019,ds005293__sub-019,28,3.0,4.0,3.5407152,2,242
9517,ds005293,sub-019,ds005293__sub-019,29,3.5,4.0,3.5206974,0,242
9518,ds005293,sub-019,ds005293__sub-019,30,2.5,4.0,3.4924207,1,242
9519,ds005293,sub-019,ds005293__sub-019,31,2.5,4.0,3.5052116,0,242
9520,ds005293,sub-019,ds005293__sub-019,32,3.5,4.0,3.4809394,1,242
9521,ds005293,sub-019,ds005293__sub-019,33,2.5,4.0,3.3831499,0,242
9522,ds005293,sub-019,ds005293__sub-019,34,3.5,4.0,3.3772345,0,242
9523,ds005293,sub-019,ds005293__sub-019,35,3.5,4.0,3.3558335,0,242
9524,ds005293,sub-019,ds005293__sub-019,36,3.5,2.5,3.3054779,1,242
9525,ds005293,sub-019,ds005293__sub-019,37,3.0,2.5,3.3041432,0,242
9526,ds005293,sub-019,ds005293__sub-019,38,3.0,2.5,3.3593316,1,242
9527,ds005293,sub-019,ds005293__sub-019,39,2.0,2.5,3.3012075,2,242
9528,ds005293,sub-019,ds005293__sub-019,40,2.0,2.5,3.23851,3,242
9529,ds005293,sub-019,ds005293__sub-019,41,3.0,4.5,3.5193968,0,242
9530,ds005293,sub-019,ds005293__sub-019,42,3.5,4.5,3.603264,0,242
9531,ds005293,sub-019,ds005293__sub-019,43,2.0,4.5,3.6037986,1,242
9532,ds005293,sub-019,ds005293__sub-019,44,2.0,4.5,3.524651,2,242
9533,ds005293,sub-019,ds005293__sub-019,45,2.0,4.5,3.4334416,3,242
9534,ds005293,sub-019,ds005293__sub-019,46,2.5,2.5,3.0465612,0,242
9535,ds005293,sub-019,ds005293__sub-019,47,2.5,2.5,2.9248867,0,242
9536,ds005293,sub-019,ds005293__sub-019,48,2.0,2.5,3.02063,1,242
9537,ds005293,sub-019,ds005293__sub-019,49,3.0,4.5,3.2002902,0,242
9538,ds005293,sub-019,ds005293__sub-019,50,2.5,2.5,3.0921397,1,242
9539,ds005293,sub-019,ds005293__sub-019,51,2.5,2.5,3.0127485,2,242
9540,ds005293,sub-019,ds005293__sub-019,52,3.0,2.5,3.268891,1,242
9541,ds005293,sub-019,ds005293__sub-019,53,3.0,4.5,3.3908708,0,242
9542,ds005293,sub-019,ds005293__sub-019,54,3.5,4.5,3.682144,1,242
9543,ds005293,sub-019,ds005293__sub-019,55,3.0,2.5,3.0831163,0,242
9544,ds005293,sub-019,ds005293__sub-019,56,3.5,2.5,2.888226,1,242
9545,ds005293,sub-019,ds005293__sub-019,57,2.0,2.5,2.8886423,2,242
9546,ds005293,sub-019,ds005293__sub-019,58,3.5,2.5,2.8587718,0,242
9547,ds005293,sub-019,ds005293__sub-019,59,2.5,2.5,2.7075455,0,242
9548,ds005293,sub-019,ds005293__sub-019,60,2.0,2.5,2.5585163,1,242
9549,ds005293,sub-019,ds005293__sub-019,61,2.0,2.5,2.5456305,2,242
9550,ds005293,sub-019,ds005293__sub-019,62,2.5,2.5,2.7349355,3,242
9551,ds005293,sub-019,ds005293__sub-019,63,2.0,2.5,2.8942356,5,242
9552,ds005293,sub-019,ds005293__sub-019,64,3.0,3.0,3.120234,5,242
9553,ds005293,sub-019,ds005293__sub-019,65,3.0,3.0,3.2763264,7,242
9554,ds005293,sub-019,ds005293__sub-019,66,3.5,3.0,3.3486652,0,242
9555,ds005293,sub-019,ds005293__sub-019,67,2.5,3.5,3.3746085,1,242
9556,ds005293,sub-019,ds005293__sub-019,68,3.0,3.0,3.373252,0,242
9557,ds005293,sub-019,ds005293__sub-019,69,3.5,3.0,3.4053273,0,242
9558,ds005293,sub-019,ds005293__sub-019,70,2.5,3.0,3.4238427,0,242
9559,ds005293,sub-019,ds005293__sub-019,71,2.5,3.0,3.3451896,0,242
9560,ds005293,sub-019,ds005293__sub-019,72,3.5,3.0,3.2857866,0,242
9561,ds005293,sub-019,ds005293__sub-019,73,2.5,2.25,3.1648164,0,242
9562,ds005293,sub-019,ds005293__sub-019,74,3.5,2.25,3.0230966,0,242
9563,ds005293,sub-019,ds005293__sub-019,75,3.5,2.25,2.9891164,2,242
9564,ds005293,sub-019,ds005293__sub-019,76,3.5,2.5,2.841649,0,242
9565,ds005293,sub-020,ds005293__sub-020,0,3.75,3.75,3.619307,0,243
9566,ds005293,sub-020,ds005293__sub-020,1,3.75,3.75,3.577479,1,243
9567,ds005293,sub-020,ds005293__sub-020,2,2.25,2.25,2.7828887,2,243
9568,ds005293,sub-020,ds005293__sub-020,3,2.25,2.0,2.6617594,3,243
9569,ds005293,sub-020,ds005293__sub-020,4,3.75,2.0,2.7194695,4,243
9570,ds005293,sub-020,ds005293__sub-020,5,4.5,2.0,2.784399,5,243
9571,ds005293,sub-020,ds005293__sub-020,6,2.25,2.0,2.7504787,6,243
9572,ds005293,sub-020,ds005293__sub-020,7,2.25,2.0,2.7054167,7,243
9573,ds005293,sub-020,ds005293__sub-020,8,2.25,2.0,2.7350624,8,243
9574,ds005293,sub-020,ds005293__sub-020,9,3.0,2.0,2.7755892,9,243
9575,ds005293,sub-020,ds005293__sub-020,10,3.0,2.5,2.837336,10,243
9576,ds005293,sub-020,ds005293__sub-020,11,2.25,2.5,2.9233456,11,243
9577,ds005293,sub-020,ds005293__sub-020,12,3.75,2.5,3.004391,12,243
9578,ds005293,sub-020,ds005293__sub-020,13,3.0,2.5,3.1213005,13,243
9579,ds005293,sub-020,ds005293__sub-020,14,3.0,2.5,3.154789,14,243
9580,ds005293,sub-020,ds005293__sub-020,15,3.75,2.5,3.1805964,15,243
9581,ds005293,sub-020,ds005293__sub-020,16,3.75,2.5,3.187952,14,243
9582,ds005293,sub-020,ds005293__sub-020,17,4.5,2.5,3.2074454,14,243
9583,ds005293,sub-020,ds005293__sub-020,18,3.75,3.0,3.174829,15,243
9584,ds005293,sub-020,ds005293__sub-020,19,4.5,3.0,3.146976,14,243
9585,ds005293,sub-020,ds005293__sub-020,20,2.25,3.0,3.0670552,14,243
9586,ds005293,sub-020,ds005293__sub-020,21,4.5,2.0,3.0631552,10,243
9587,ds005293,sub-020,ds005293__sub-020,22,3.0,3.5,3.0516098,11,243
9588,ds005293,sub-020,ds005293__sub-020,23,2.25,3.5,3.0628986,12,243
9589,ds005293,sub-020,ds005293__sub-020,24,2.25,3.5,3.104025,13,243
9590,ds005293,sub-020,ds005293__sub-020,25,3.0,3.5,3.1380165,14,243
9591,ds005293,sub-020,ds005293__sub-020,26,2.25,3.5,3.1788151,15,243
9592,ds005293,sub-020,ds005293__sub-020,27,3.75,3.5,3.2274435,15,243
9593,ds005293,sub-020,ds005293__sub-020,28,3.75,3.5,3.214572,14,243
9594,ds005293,sub-020,ds005293__sub-020,29,4.5,3.5,3.2308056,15,243
9595,ds005293,sub-020,ds005293__sub-020,30,3.0,3.5,3.2061644,15,243
9596,ds005293,sub-020,ds005293__sub-020,31,3.75,2.5,3.1563942,15,243
9597,ds005293,sub-020,ds005293__sub-020,32,3.0,2.5,3.1241302,4,243
9598,ds005293,sub-020,ds005293__sub-020,33,3.0,2.5,3.0721831,14,243
9599,ds005293,sub-020,ds005293__sub-020,34,4.5,3.5,3.0728912,14,243
9600,ds005293,sub-020,ds005293__sub-020,35,3.0,3.5,3.061401,15,243
9601,ds005293,sub-020,ds005293__sub-020,36,4.5,3.5,3.0798206,14,243
9602,ds005293,sub-020,ds005293__sub-020,37,4.5,3.5,3.1197753,12,243
9603,ds005293,sub-020,ds005293__sub-020,38,4.5,3.5,3.1297581,13,243
9604,ds005293,sub-020,ds005293__sub-020,39,3.75,3.5,3.1463666,15,243
9605,ds005293,sub-020,ds005293__sub-020,40,3.75,3.5,3.1378856,15,243
9606,ds005293,sub-020,ds005293__sub-020,41,2.25,3.5,3.1158307,15,243
9607,ds005293,sub-020,ds005293__sub-020,42,2.25,3.5,3.0533338,14,243
9608,ds005293,sub-020,ds005293__sub-020,43,3.75,3.5,3.0671983,15,243
9609,ds005293,sub-020,ds005293__sub-020,44,4.5,3.5,3.0722558,15,243
9610,ds005293,sub-020,ds005293__sub-020,45,2.25,3.5,3.096332,14,243
9611,ds005293,sub-020,ds005293__sub-020,46,2.25,3.5,3.1375024,15,243
9612,ds005293,sub-020,ds005293__sub-020,47,2.25,3.5,3.1104622,14,243
9613,ds005293,sub-020,ds005293__sub-020,48,3.0,3.5,3.1479309,14,243
9614,ds005293,sub-020,ds005293__sub-020,49,3.0,3.5,3.1653662,15,243
9615,ds005293,sub-020,ds005293__sub-020,50,2.25,3.0,3.1999984,15,243
9616,ds005293,sub-020,ds005293__sub-020,51,3.75,3.0,3.248584,15,243
9617,ds005293,sub-020,ds005293__sub-020,52,3.0,3.0,3.2586126,14,243
9618,ds005293,sub-020,ds005293__sub-020,53,3.0,2.5,3.2681818,14,243
9619,ds005293,sub-020,ds005293__sub-020,54,3.75,3.0,3.2754943,15,243
9620,ds005293,sub-020,ds005293__sub-020,55,3.75,3.0,3.3087142,14,243
9621,ds005293,sub-020,ds005293__sub-020,56,4.5,2.5,3.263438,15,243
9622,ds005293,sub-020,ds005293__sub-020,57,3.75,2.5,3.1675067,15,243
9623,ds005293,sub-020,ds005293__sub-020,58,4.5,2.5,3.176575,15,243
9624,ds005293,sub-020,ds005293__sub-020,59,2.25,2.5,3.1896741,14,243
9625,ds005293,sub-020,ds005293__sub-020,60,4.5,2.5,3.0141866,15,243
9626,ds005293,sub-020,ds005293__sub-020,61,3.0,2.5,3.0079746,15,243
9627,ds005293,sub-020,ds005293__sub-020,62,2.25,2.5,2.9880376,14,243
9628,ds005293,sub-020,ds005293__sub-020,63,2.25,2.5,3.0103424,15,243
9629,ds005293,sub-020,ds005293__sub-020,64,3.0,2.5,3.0334234,15,243
9630,ds005293,sub-020,ds005293__sub-020,65,2.25,2.5,3.1297386,14,243
9631,ds005293,sub-020,ds005293__sub-020,66,3.75,3.0,3.1738415,15,243
9632,ds005293,sub-020,ds005293__sub-020,67,3.75,3.0,3.24746,14,243
9633,ds005293,sub-020,ds005293__sub-020,68,4.5,3.0,3.306501,15,243
9634,ds005293,sub-020,ds005293__sub-020,69,3.0,4.5,3.3424075,14,243
9635,ds005293,sub-020,ds005293__sub-020,70,3.75,4.5,3.3401055,15,243
9636,ds005293,sub-020,ds005293__sub-020,71,4.5,4.5,3.3946736,15,243
9637,ds005293,sub-020,ds005293__sub-020,72,3.0,2.5,3.192792,14,243
9638,ds005293,sub-020,ds005293__sub-020,73,3.0,2.5,3.0837016,15,243
9639,ds005293,sub-020,ds005293__sub-020,74,4.5,2.5,2.9576538,14,243
9640,ds005293,sub-020,ds005293__sub-020,75,3.0,2.5,2.9639742,15,243
9641,ds005293,sub-020,ds005293__sub-020,76,4.5,2.5,2.9660294,14,243
9642,ds005293,sub-020,ds005293__sub-020,77,4.5,2.5,3.0407171,15,243
9643,ds005293,sub-020,ds005293__sub-020,78,4.5,2.5,3.0301583,14,243
9644,ds005293,sub-021,ds005293__sub-021,0,3.75,3.75,3.5339015,0,244
9645,ds005293,sub-021,ds005293__sub-021,1,3.75,3.75,3.6441371,0,244
9646,ds005293,sub-021,ds005293__sub-021,2,2.25,2.0,2.2736,1,244
9647,ds005293,sub-021,ds005293__sub-021,3,2.25,2.0,2.1954718,2,244
9648,ds005293,sub-021,ds005293__sub-021,4,3.75,2.0,2.2486544,3,244
9649,ds005293,sub-021,ds005293__sub-021,5,4.5,2.0,2.3894706,3,244
9650,ds005293,sub-021,ds005293__sub-021,6,2.25,2.0,2.1907513,0,244
9651,ds005293,sub-021,ds005293__sub-021,7,2.25,2.0,2.180901,1,244
9652,ds005293,sub-021,ds005293__sub-021,8,2.25,2.0,2.2075148,2,244
9653,ds005293,sub-021,ds005293__sub-021,9,3.0,2.0,2.6011941,0,244
9654,ds005293,sub-021,ds005293__sub-021,10,3.0,2.0,2.5229454,1,244
9655,ds005293,sub-021,ds005293__sub-021,11,2.25,2.0,2.4752479,2,244
9656,ds005293,sub-021,ds005293__sub-021,12,3.75,2.0,2.4933083,3,244
9657,ds005293,sub-021,ds005293__sub-021,13,3.0,2.5,2.5427787,4,244
9658,ds005293,sub-021,ds005293__sub-021,14,3.0,2.5,2.739499,0,244
9659,ds005293,sub-021,ds005293__sub-021,15,3.75,4.5,3.4701736,0,244
9660,ds005293,sub-021,ds005293__sub-021,16,3.75,4.5,3.4497037,1,244
9661,ds005293,sub-021,ds005293__sub-021,17,4.5,4.5,3.9911397,0,244
9662,ds005293,sub-021,ds005293__sub-021,18,3.75,4.5,4.012396,1,244
9663,ds005293,sub-021,ds005293__sub-021,19,4.5,4.5,3.9130282,2,244
9664,ds005293,sub-021,ds005293__sub-021,20,2.25,4.5,3.5917463,3,244
9665,ds005293,sub-021,ds005293__sub-021,21,4.5,4.5,3.4702208,4,244
9666,ds005293,sub-021,ds005293__sub-021,22,3.0,4.5,3.3415132,5,244
9667,ds005293,sub-021,ds005293__sub-021,23,2.25,2.0,2.774331,6,244
9668,ds005293,sub-021,ds005293__sub-021,24,2.25,2.0,2.6079051,7,244
9669,ds005293,sub-021,ds005293__sub-021,25,3.0,2.0,2.596067,0,244
9670,ds005293,sub-021,ds005293__sub-021,26,2.25,2.0,2.5433273,1,244
9671,ds005293,sub-021,ds005293__sub-021,27,3.75,2.5,2.9197721,0,244
9672,ds005293,sub-021,ds005293__sub-021,28,3.75,2.5,3.071397,1,244
9673,ds005293,sub-021,ds005293__sub-021,29,4.5,3.75,3.4665916,0,244
9674,ds005293,sub-021,ds005293__sub-021,30,3.0,3.75,3.269258,1,244
9675,ds005293,sub-021,ds005293__sub-021,31,3.75,3.75,3.4076495,2,244
9676,ds005293,sub-021,ds005293__sub-021,32,4.5,4.5,3.3846023,3,244
9677,ds005293,sub-021,ds005293__sub-021,33,3.0,2.5,3.062981,4,244
9678,ds005293,sub-021,ds005293__sub-021,34,3.0,2.5,3.0979156,5,244
9679,ds005293,sub-021,ds005293__sub-021,35,4.5,4.5,3.3186498,6,244
9680,ds005293,sub-021,ds005293__sub-021,36,3.0,2.0,2.6415732,7,244
9681,ds005293,sub-021,ds005293__sub-021,37,4.5,4.5,3.1103954,0,244
9682,ds005293,sub-021,ds005293__sub-021,38,4.5,4.5,3.219844,1,244
9683,ds005293,sub-021,ds005293__sub-021,39,4.5,4.5,3.1264286,2,244
9684,ds005293,sub-021,ds005293__sub-021,40,3.75,2.0,2.8563595,3,244
9685,ds005293,sub-021,ds005293__sub-021,41,3.75,2.0,2.500588,4,244
9686,ds005293,sub-021,ds005293__sub-021,42,2.25,2.0,2.2799392,0,244
9687,ds005293,sub-021,ds005293__sub-021,43,2.25,2.0,2.2124112,0,244
9688,ds005293,sub-021,ds005293__sub-021,44,3.75,2.0,2.2183099,1,244
9689,ds005293,sub-021,ds005293__sub-021,45,4.5,2.0,2.7041693,0,244
9690,ds005293,sub-021,ds005293__sub-021,46,2.25,2.0,2.6034997,1,244
9691,ds005293,sub-021,ds005293__sub-021,47,2.25,2.5,2.6345444,2,244
9692,ds005293,sub-021,ds005293__sub-021,48,2.25,2.5,2.598268,3,244
9693,ds005293,sub-021,ds005293__sub-021,49,3.0,2.5,2.5985525,4,244
9694,ds005293,sub-021,ds005293__sub-021,50,3.0,2.5,2.6716065,5,244
9695,ds005293,sub-021,ds005293__sub-021,51,2.25,2.5,3.070356,0,244
9696,ds005293,sub-021,ds005293__sub-021,52,3.75,3.75,3.2080011,1,244
9697,ds005293,sub-021,ds005293__sub-021,53,3.0,2.5,2.862739,2,244
9698,ds005293,sub-021,ds005293__sub-021,54,3.0,2.5,3.1296382,3,244
9699,ds005293,sub-021,ds005293__sub-021,55,3.75,4.5,3.7679856,0,244
9700,ds005293,sub-021,ds005293__sub-021,56,3.75,4.5,3.8879685,0,244
9701,ds005293,sub-021,ds005293__sub-021,57,4.5,4.5,4.016213,1,244
9702,ds005293,sub-021,ds005293__sub-021,58,3.75,4.5,3.9479482,2,244
9703,ds005293,sub-021,ds005293__sub-021,59,4.5,4.5,3.8734584,3,244
9704,ds005293,sub-021,ds005293__sub-021,60,2.25,4.5,3.2188847,4,244
9705,ds005293,sub-021,ds005293__sub-021,61,4.5,4.5,3.1801426,4,244
9706,ds005293,sub-021,ds005293__sub-021,62,3.0,2.0,2.699576,12,244
9707,ds005293,sub-021,ds005293__sub-021,63,2.25,2.0,2.559029,13,244
9708,ds005293,sub-021,ds005293__sub-021,64,2.25,2.0,2.4200218,14,244
9709,ds005293,sub-021,ds005293__sub-021,65,3.0,2.0,2.3344064,0,244
9710,ds005293,sub-021,ds005293__sub-021,66,2.25,2.0,2.293785,1,244
9711,ds005293,sub-021,ds005293__sub-021,67,3.75,2.0,2.7951324,0,244
9712,ds005293,sub-021,ds005293__sub-021,68,3.75,2.0,3.076817,1,244
9713,ds005293,sub-021,ds005293__sub-021,69,4.5,3.75,3.2062464,2,244
9714,ds005293,sub-021,ds005293__sub-021,70,3.0,2.0,3.087153,3,244
9715,ds005293,sub-021,ds005293__sub-021,71,3.75,2.0,3.017126,4,244
9716,ds005293,sub-021,ds005293__sub-021,72,4.5,4.5,3.1052327,5,244
9717,ds005293,sub-021,ds005293__sub-021,73,3.0,2.0,2.985269,6,244
9718,ds005293,sub-021,ds005293__sub-021,74,3.0,2.0,2.7326436,7,244
9719,ds005293,sub-021,ds005293__sub-021,75,4.5,2.0,2.4808087,0,244
9720,ds005293,sub-021,ds005293__sub-021,76,3.0,2.0,2.3572288,0,244
9721,ds005293,sub-021,ds005293__sub-021,77,4.5,2.0,2.6571112,0,244
9722,ds005293,sub-021,ds005293__sub-021,78,4.5,2.0,2.7680538,1,244
9723,ds005293,sub-021,ds005293__sub-021,79,4.5,2.0,2.6843152,2,244
9724,ds005293,sub-022,ds005293__sub-022,0,3.0,3.5,3.4608173,0,245
9725,ds005293,sub-022,ds005293__sub-022,1,3.0,4.0,3.5309672,1,245
9726,ds005293,sub-022,ds005293__sub-022,2,2.0,4.0,3.0920281,2,245
9727,ds005293,sub-022,ds005293__sub-022,3,2.0,2.25,2.732487,3,245
9728,ds005293,sub-022,ds005293__sub-022,4,3.0,2.0,2.758708,4,245
9729,ds005293,sub-022,ds005293__sub-022,5,3.5,2.0,2.8392196,5,245
9730,ds005293,sub-022,ds005293__sub-022,6,2.0,2.0,2.8254821,6,245
9731,ds005293,sub-022,ds005293__sub-022,7,2.0,2.0,2.819654,7,245
9732,ds005293,sub-022,ds005293__sub-022,8,2.0,2.0,2.867095,8,245
9733,ds005293,sub-022,ds005293__sub-022,9,2.5,2.0,2.9387379,9,245
9734,ds005293,sub-022,ds005293__sub-022,10,2.5,2.0,2.9897795,10,245
9735,ds005293,sub-022,ds005293__sub-022,11,2.0,2.0,3.0378013,11,245
9736,ds005293,sub-022,ds005293__sub-022,12,3.0,3.75,3.1223326,12,245
9737,ds005293,sub-022,ds005293__sub-022,13,2.5,3.75,3.1677792,13,245
9738,ds005293,sub-022,ds005293__sub-022,14,2.5,4.5,3.2289634,14,245
9739,ds005293,sub-022,ds005293__sub-022,15,3.0,4.5,3.2829108,15,245
9740,ds005293,sub-022,ds005293__sub-022,16,3.0,4.5,3.3867972,12,245
9741,ds005293,sub-022,ds005293__sub-022,17,3.5,4.5,3.2735796,13,245
9742,ds005293,sub-022,ds005293__sub-022,18,3.0,4.5,3.2747266,9,245
9743,ds005293,sub-022,ds005293__sub-022,19,3.5,4.5,3.2940378,10,245
9744,ds005293,sub-022,ds005293__sub-022,20,2.0,4.5,3.3209052,11,245
9745,ds005293,sub-022,ds005293__sub-022,21,3.5,4.5,3.2785544,12,245
9746,ds005293,sub-022,ds005293__sub-022,22,2.5,4.5,3.3337564,13,245
9747,ds005293,sub-022,ds005293__sub-022,23,2.0,4.5,3.2493854,14,245
9748,ds005293,sub-022,ds005293__sub-022,24,2.0,4.5,3.2289784,13,245
9749,ds005293,sub-022,ds005293__sub-022,25,2.5,4.5,3.2469974,13,245
9750,ds005293,sub-022,ds005293__sub-022,26,2.0,4.5,3.2877789,15,245
9751,ds005293,sub-022,ds005293__sub-022,27,3.0,4.5,3.1764688,12,245
9752,ds005293,sub-022,ds005293__sub-022,28,3.0,4.5,3.1914575,13,245
9753,ds005293,sub-022,ds005293__sub-022,29,3.5,4.5,3.1592436,14,245
9754,ds005293,sub-022,ds005293__sub-022,30,2.5,3.75,3.1305635,15,245
9755,ds005293,sub-022,ds005293__sub-022,31,3.0,4.5,3.2279062,12,245
9756,ds005293,sub-022,ds005293__sub-022,32,3.5,4.5,3.2631164,12,245
9757,ds005293,sub-022,ds005293__sub-022,33,2.5,4.5,3.3072898,13,245
9758,ds005293,sub-022,ds005293__sub-022,34,2.5,4.5,3.303215,14,245
9759,ds005293,sub-022,ds005293__sub-022,35,3.5,4.5,3.2673059,15,245
9760,ds005293,sub-022,ds005293__sub-022,36,2.5,4.5,3.2601502,10,245
9761,ds005293,sub-022,ds005293__sub-022,37,3.5,4.5,3.2721436,12,245
9762,ds005293,sub-022,ds005293__sub-022,38,3.5,4.5,3.3395486,13,245
9763,ds005293,sub-022,ds005293__sub-022,39,3.5,4.5,3.3930562,12,245
9764,ds005293,sub-022,ds005293__sub-022,40,3.0,4.5,3.3813112,13,245
9765,ds005293,sub-022,ds005293__sub-022,41,3.0,4.5,3.3009005,13,245
9766,ds005293,sub-022,ds005293__sub-022,42,2.0,4.5,3.2473881,11,245
9767,ds005293,sub-022,ds005293__sub-022,43,2.0,2.25,3.2388122,13,245
9768,ds005293,sub-022,ds005293__sub-022,44,3.0,4.5,3.3097336,14,245
9769,ds005293,sub-022,ds005293__sub-022,45,3.5,4.5,3.356369,15,245
9770,ds005293,sub-022,ds005293__sub-022,46,2.0,4.5,3.4174027,15,245
9771,ds005293,sub-022,ds005293__sub-022,47,2.0,4.5,3.4574008,14,245
9772,ds005293,sub-022,ds005293__sub-022,48,2.0,4.5,3.391296,14,245
9773,ds005293,sub-022,ds005293__sub-022,49,2.5,4.5,3.4531143,15,245
9774,ds005293,sub-022,ds005293__sub-022,50,2.5,4.5,3.4174566,14,245
9775,ds005293,sub-022,ds005293__sub-022,51,2.0,4.0,3.3093832,15,245
9776,ds005293,sub-022,ds005293__sub-022,52,3.0,3.75,3.3012714,14,245
9777,ds005293,sub-022,ds005293__sub-022,53,2.5,4.5,3.2676582,9,245
9778,ds005293,sub-022,ds005293__sub-022,54,2.5,2.5,3.1747465,10,245
9779,ds005293,sub-022,ds005293__sub-022,55,3.0,2.5,3.1353543,11,245
9780,ds005293,sub-022,ds005293__sub-022,56,3.0,2.5,3.1729429,10,245
9781,ds005293,sub-022,ds005293__sub-022,57,3.5,2.5,3.1836286,11,245
9782,ds005293,sub-022,ds005293__sub-022,58,3.0,2.5,3.1788023,12,245
9783,ds005293,sub-022,ds005293__sub-022,59,3.5,2.5,3.1968157,13,245
9784,ds005293,sub-022,ds005293__sub-022,60,2.0,2.5,3.1892257,14,245
9785,ds005293,sub-022,ds005293__sub-022,61,3.5,2.5,3.13948,15,245
9786,ds005293,sub-022,ds005293__sub-022,62,2.5,2.5,3.1905622,13,245
9787,ds005293,sub-022,ds005293__sub-022,63,2.0,4.5,3.2285042,14,245
9788,ds005293,sub-022,ds005293__sub-022,64,2.0,4.5,3.2642202,12,245
9789,ds005293,sub-022,ds005293__sub-022,65,2.5,4.5,3.228074,13,245
9790,ds005293,sub-022,ds005293__sub-022,66,2.0,4.5,3.2778912,13,245
9791,ds005293,sub-022,ds005293__sub-022,67,3.0,2.5,3.159153,12,245
9792,ds005293,sub-022,ds005293__sub-022,68,3.0,2.5,3.1706862,12,245
9793,ds005293,sub-022,ds005293__sub-022,69,3.5,2.5,3.1314545,13,245
9794,ds005293,sub-022,ds005293__sub-022,70,2.5,2.0,3.071838,14,245
9795,ds005293,sub-022,ds005293__sub-022,71,3.0,2.5,3.073175,15,245
9796,ds005293,sub-022,ds005293__sub-022,72,3.5,2.5,3.0975494,10,245
9797,ds005293,sub-022,ds005293__sub-022,73,2.5,2.5,3.1162832,11,245
9798,ds005293,sub-022,ds005293__sub-022,74,2.5,2.5,3.1260262,12,245
9799,ds005293,sub-022,ds005293__sub-022,75,3.5,2.5,3.0953276,14,245
9800,ds005293,sub-022,ds005293__sub-022,76,2.5,2.5,3.0963197,9,245
9801,ds005293,sub-022,ds005293__sub-022,77,3.5,2.5,3.1397943,13,245
9802,ds005293,sub-022,ds005293__sub-022,78,3.5,2.5,3.1875184,13,245
9803,ds005293,sub-023,ds005293__sub-023,0,3.5,3.75,3.5804105,0,246
9804,ds005293,sub-023,ds005293__sub-023,1,3.5,3.75,3.5269842,1,246
9805,ds005293,sub-023,ds005293__sub-023,2,2.5,4.0,3.29521,2,246
9806,ds005293,sub-023,ds005293__sub-023,3,2.5,2.25,2.93215,3,246
9807,ds005293,sub-023,ds005293__sub-023,4,3.5,2.25,2.7931075,4,246
9808,ds005293,sub-023,ds005293__sub-023,5,2.5,2.25,2.7137194,5,246
9809,ds005293,sub-023,ds005293__sub-023,6,2.5,2.25,2.7423959,6,246
9810,ds005293,sub-023,ds005293__sub-023,7,2.5,2.0,2.7832384,7,246
9811,ds005293,sub-023,ds005293__sub-023,8,3.0,2.0,2.8280046,8,246
9812,ds005293,sub-023,ds005293__sub-023,9,3.0,2.0,2.8808517,9,246
9813,ds005293,sub-023,ds005293__sub-023,10,2.5,2.0,2.918037,10,246
9814,ds005293,sub-023,ds005293__sub-023,11,3.5,2.0,2.9606352,11,246
9815,ds005293,sub-023,ds005293__sub-023,12,3.0,2.0,2.988952,12,246
9816,ds005293,sub-023,ds005293__sub-023,13,3.0,2.0,3.0184307,13,246
9817,ds005293,sub-023,ds005293__sub-023,14,3.0,2.0,3.0491338,14,246
9818,ds005293,sub-023,ds005293__sub-023,15,3.5,2.5,3.0719914,15,246
9819,ds005293,sub-023,ds005293__sub-023,16,2.5,2.5,3.0708418,14,246
9820,ds005293,sub-023,ds005293__sub-023,17,4.0,2.5,3.0610707,15,246
9821,ds005293,sub-023,ds005293__sub-023,18,3.0,2.5,3.0483365,15,246
9822,ds005293,sub-023,ds005293__sub-023,19,2.5,2.5,3.038954,14,246
9823,ds005293,sub-023,ds005293__sub-023,20,2.5,2.5,3.0544806,15,246
9824,ds005293,sub-023,ds005293__sub-023,21,3.0,2.5,3.0435407,14,246
9825,ds005293,sub-023,ds005293__sub-023,22,2.5,2.5,3.0185876,15,246
9826,ds005293,sub-023,ds005293__sub-023,23,3.5,2.5,2.9841585,12,246
9827,ds005293,sub-023,ds005293__sub-023,24,3.5,2.5,3.056754,10,246
9828,ds005293,sub-023,ds005293__sub-023,25,3.5,2.5,3.0828874,14,246
9829,ds005293,sub-023,ds005293__sub-023,26,4.0,2.5,3.0556407,12,246
9830,ds005293,sub-023,ds005293__sub-023,27,3.0,2.5,3.0301585,13,246
9831,ds005293,sub-023,ds005293__sub-023,28,3.0,2.5,3.0091333,14,246
9832,ds005293,sub-023,ds005293__sub-023,29,4.0,2.0,3.0121024,15,246
9833,ds005293,sub-023,ds005293__sub-023,30,3.0,2.0,2.9703643,14,246
9834,ds005293,sub-023,ds005293__sub-023,31,4.0,2.0,2.971397,13,246
9835,ds005293,sub-023,ds005293__sub-023,32,3.5,2.0,2.9622345,14,246
9836,ds005293,sub-023,ds005293__sub-023,33,3.5,2.5,2.9794738,15,246
9837,ds005293,sub-023,ds005293__sub-023,34,2.5,2.5,2.9765234,14,246
9838,ds005293,sub-023,ds005293__sub-023,35,2.5,2.5,2.99267,15,246
9839,ds005293,sub-023,ds005293__sub-023,36,3.5,2.5,2.9850054,14,246
9840,ds005293,sub-023,ds005293__sub-023,37,4.0,2.5,3.0170841,14,246
9841,ds005293,sub-023,ds005293__sub-023,38,2.5,2.5,2.99548,15,246
9842,ds005293,sub-023,ds005293__sub-023,39,2.5,2.5,2.9619298,14,246
9843,ds005293,sub-023,ds005293__sub-023,40,2.5,2.0,2.932998,15,246
9844,ds005293,sub-023,ds005293__sub-023,41,3.0,2.5,2.9298344,14,246
9845,ds005293,sub-023,ds005293__sub-023,42,3.0,2.5,2.9472642,15,246
9846,ds005293,sub-023,ds005293__sub-023,43,2.5,2.5,2.9620252,12,246
9847,ds005293,sub-023,ds005293__sub-023,44,3.5,2.5,2.9985428,13,246
9848,ds005293,sub-023,ds005293__sub-023,45,3.0,2.5,3.0139928,14,246
9849,ds005293,sub-023,ds005293__sub-023,46,3.0,2.5,3.0534258,15,246
9850,ds005293,sub-023,ds005293__sub-023,47,3.5,2.5,3.0203004,14,246
9851,ds005293,sub-023,ds005293__sub-023,48,3.5,2.5,3.0196128,15,246
9852,ds005293,sub-023,ds005293__sub-023,49,3.5,2.5,3.0136762,14,246
9853,ds005293,sub-023,ds005293__sub-023,50,4.0,2.5,3.0272639,14,246
9854,ds005293,sub-023,ds005293__sub-023,51,2.5,2.5,3.005585,13,246
9855,ds005293,sub-023,ds005293__sub-023,52,4.0,2.5,3.0122275,14,246
9856,ds005293,sub-023,ds005293__sub-023,53,3.0,2.5,2.998393,15,246
9857,ds005293,sub-023,ds005293__sub-023,54,2.5,2.5,2.9956613,14,246
9858,ds005293,sub-023,ds005293__sub-023,55,2.5,2.0,3.038993,13,246
9859,ds005293,sub-023,ds005293__sub-023,56,3.0,2.0,3.0200047,13,246
9860,ds005293,sub-023,ds005293__sub-023,57,2.5,2.0,3.0337996,15,246
9861,ds005293,sub-023,ds005293__sub-023,58,3.5,2.5,3.0375285,15,246
9862,ds005293,sub-023,ds005293__sub-023,59,3.5,2.5,3.0502987,14,246
9863,ds005293,sub-023,ds005293__sub-023,60,4.0,2.5,3.104994,15,246
9864,ds005293,sub-023,ds005293__sub-023,61,3.0,2.5,3.15685,15,246
9865,ds005293,sub-023,ds005293__sub-023,62,3.5,2.5,3.177484,13,246
9866,ds005293,sub-023,ds005293__sub-023,63,4.0,2.5,3.1627312,13,246
9867,ds005293,sub-023,ds005293__sub-023,64,3.0,2.5,3.2153988,15,246
9868,ds005293,sub-023,ds005293__sub-023,65,3.0,2.5,3.1448503,15,246
9869,ds005293,sub-023,ds005293__sub-023,66,4.0,2.5,3.0998282,15,246
9870,ds005293,sub-023,ds005293__sub-023,67,3.0,2.5,3.094031,14,246
9871,ds005293,sub-023,ds005293__sub-023,68,4.0,2.5,3.069365,14,246
9872,ds005293,sub-023,ds005293__sub-023,69,4.0,2.5,3.0699384,15,246
9873,ds005293,sub-024,ds005293__sub-024,0,3.0,3.75,3.7024312,0,247
9874,ds005293,sub-024,ds005293__sub-024,1,3.0,3.75,3.4096591,1,247
9875,ds005293,sub-024,ds005293__sub-024,2,2.0,2.25,2.6867929,2,247
9876,ds005293,sub-024,ds005293__sub-024,3,2.0,2.25,2.784418,3,247
9877,ds005293,sub-024,ds005293__sub-024,4,3.0,2.25,2.888964,3,247
9878,ds005293,sub-024,ds005293__sub-024,5,3.5,2.25,3.0791893,4,247
9879,ds005293,sub-024,ds005293__sub-024,6,2.0,3.5,3.129807,5,247
9880,ds005293,sub-024,ds005293__sub-024,7,2.0,2.25,2.9071054,6,247
9881,ds005293,sub-024,ds005293__sub-024,8,2.0,2.25,2.9975739,0,247
9882,ds005293,sub-024,ds005293__sub-024,9,2.5,2.25,2.927332,1,247
9883,ds005293,sub-024,ds005293__sub-024,10,2.5,2.25,3.019149,0,247
9884,ds005293,sub-024,ds005293__sub-024,11,2.0,2.25,3.0261014,0,247
9885,ds005293,sub-024,ds005293__sub-024,12,3.0,2.25,3.026711,0,247
9886,ds005293,sub-024,ds005293__sub-024,13,2.5,3.75,3.3265476,0,247
9887,ds005293,sub-024,ds005293__sub-024,14,2.5,3.75,3.4201448,1,247
9888,ds005293,sub-024,ds005293__sub-024,15,3.0,3.75,3.563665,0,247
9889,ds005293,sub-024,ds005293__sub-024,16,3.0,3.75,3.6582577,1,247
9890,ds005293,sub-024,ds005293__sub-024,17,3.5,4.5,3.7191024,2,247
9891,ds005293,sub-024,ds005293__sub-024,18,3.0,4.5,3.6790266,3,247
9892,ds005293,sub-024,ds005293__sub-024,19,3.5,4.5,3.6078289,4,247
9893,ds005293,sub-024,ds005293__sub-024,20,2.0,4.5,3.4343584,5,247
9894,ds005293,sub-024,ds005293__sub-024,21,3.5,2.25,3.1950004,5,247
9895,ds005293,sub-024,ds005293__sub-024,22,2.5,2.25,2.9808717,0,247
9896,ds005293,sub-024,ds005293__sub-024,23,2.0,2.0,2.8268406,1,247
9897,ds005293,sub-024,ds005293__sub-024,24,2.0,2.0,2.745555,0,247
9898,ds005293,sub-024,ds005293__sub-024,25,2.5,2.0,2.6368027,0,247
9899,ds005293,sub-024,ds005293__sub-024,26,2.0,2.0,2.7049897,0,247
9900,ds005293,sub-024,ds005293__sub-024,27,3.0,2.0,2.880162,0,247
9901,ds005293,sub-024,ds005293__sub-024,28,3.0,2.0,2.8972082,1,247
9902,ds005293,sub-024,ds005293__sub-024,29,3.5,3.75,3.2815914,0,247
9903,ds005293,sub-024,ds005293__sub-024,30,2.5,3.75,3.2446394,1,247
9904,ds005293,sub-024,ds005293__sub-024,31,3.0,3.75,3.3416114,2,247
9905,ds005293,sub-024,ds005293__sub-024,32,3.5,4.5,3.4319801,3,247
9906,ds005293,sub-024,ds005293__sub-024,33,2.5,4.0,3.3409352,4,247
9907,ds005293,sub-024,ds005293__sub-024,34,2.5,4.0,3.3061185,5,247
9908,ds005293,sub-024,ds005293__sub-024,35,2.5,2.25,3.2430801,0,247
9909,ds005293,sub-024,ds005293__sub-024,36,3.5,4.0,3.4702766,0,247
9910,ds005293,sub-024,ds005293__sub-024,37,3.5,4.5,3.678629,0,247
9911,ds005293,sub-024,ds005293__sub-024,38,3.5,4.5,3.6735444,1,247
9912,ds005293,sub-024,ds005293__sub-024,39,3.0,4.5,3.7374544,0,247
9913,ds005293,sub-024,ds005293__sub-024,40,3.0,4.5,3.6571288,3,247
9914,ds005293,sub-024,ds005293__sub-024,41,2.0,4.5,3.6356184,4,247
9915,ds005293,sub-024,ds005293__sub-024,42,2.0,4.5,3.4493546,5,247
9916,ds005293,sub-024,ds005293__sub-024,43,3.0,4.5,3.471445,6,247
9917,ds005293,sub-024,ds005293__sub-024,44,3.5,4.5,3.6589928,0,247
9918,ds005293,sub-024,ds005293__sub-024,45,2.0,3.75,3.4905663,1,247
9919,ds005293,sub-024,ds005293__sub-024,46,2.0,4.5,3.4807296,2,247
9920,ds005293,sub-024,ds005293__sub-024,47,2.0,3.75,3.490315,3,247
9921,ds005293,sub-024,ds005293__sub-024,48,2.5,4.5,3.4658246,4,247
9922,ds005293,sub-024,ds005293__sub-024,49,2.5,3.75,3.458562,0,247
9923,ds005293,sub-024,ds005293__sub-024,50,2.0,3.75,3.3843932,1,247
9924,ds005293,sub-024,ds005293__sub-024,51,3.0,3.75,3.270824,2,247
9925,ds005293,sub-024,ds005293__sub-024,52,2.5,2.5,3.1719499,0,247
9926,ds005293,sub-024,ds005293__sub-024,53,2.5,4.0,3.430737,1,247
9927,ds005293,sub-024,ds005293__sub-024,54,3.0,4.0,3.4390922,2,247
9928,ds005293,sub-024,ds005293__sub-024,55,3.0,4.0,3.4838386,3,247
9929,ds005293,sub-024,ds005293__sub-024,56,3.5,4.0,3.5602653,0,247
9930,ds005293,sub-024,ds005293__sub-024,57,3.0,4.5,3.597715,1,247
9931,ds005293,sub-024,ds005293__sub-024,58,3.5,4.0,3.634482,2,247
9932,ds005293,sub-024,ds005293__sub-024,59,2.0,4.0,3.557487,1,247
9933,ds005293,sub-024,ds005293__sub-024,60,3.5,4.5,3.3629417,2,247
9934,ds005293,sub-024,ds005293__sub-024,61,2.5,4.5,3.231595,3,247
9935,ds005293,sub-024,ds005293__sub-024,62,2.0,2.25,3.1356468,4,247
9936,ds005293,sub-024,ds005293__sub-024,63,2.0,2.25,3.1760387,5,247
9937,ds005293,sub-024,ds005293__sub-024,64,2.5,2.25,3.0782068,0,247
9938,ds005293,sub-024,ds005293__sub-024,65,2.0,4.5,3.231886,0,247
9939,ds005293,sub-024,ds005293__sub-024,66,3.0,3.75,3.3683362,0,247
9940,ds005293,sub-024,ds005293__sub-024,67,3.0,3.75,3.36589,1,247
9941,ds005293,sub-024,ds005293__sub-024,68,3.5,3.75,3.5277524,2,247
9942,ds005293,sub-024,ds005293__sub-024,69,2.5,3.75,3.5119767,3,247
9943,ds005293,sub-024,ds005293__sub-024,70,3.0,3.75,3.601369,4,247
9944,ds005293,sub-024,ds005293__sub-024,71,3.5,3.75,3.5579617,5,247
9945,ds005293,sub-024,ds005293__sub-024,72,2.5,3.75,3.525395,2,247
9946,ds005293,sub-024,ds005293__sub-024,73,2.5,3.75,3.5174572,3,247
9947,ds005293,sub-024,ds005293__sub-024,74,2.5,3.5,3.4125981,1,247
9948,ds005293,sub-024,ds005293__sub-024,75,3.5,4.0,3.481452,2,247
9949,ds005293,sub-024,ds005293__sub-024,76,3.5,4.0,3.5084238,3,247
9950,ds005293,sub-024,ds005293__sub-024,77,3.5,3.75,3.4568088,4,247
9951,ds005293,sub-025,ds005293__sub-025,0,3.0,3.75,3.5986395,0,248
9952,ds005293,sub-025,ds005293__sub-025,1,3.0,3.75,3.5402074,1,248
9953,ds005293,sub-025,ds005293__sub-025,2,2.0,2.0,2.3054452,1,248
9954,ds005293,sub-025,ds005293__sub-025,3,2.0,2.0,2.2547522,2,248
9955,ds005293,sub-025,ds005293__sub-025,4,3.0,2.0,2.371757,3,248
9956,ds005293,sub-025,ds005293__sub-025,5,3.5,2.0,2.5461729,4,248
9957,ds005293,sub-025,ds005293__sub-025,6,2.0,2.0,2.3806448,5,248
9958,ds005293,sub-025,ds005293__sub-025,7,2.0,2.0,2.3693492,6,248
9959,ds005293,sub-025,ds005293__sub-025,8,2.0,2.0,2.4135923,7,248
9960,ds005293,sub-025,ds005293__sub-025,9,2.5,2.0,2.6703238,8,248
9961,ds005293,sub-025,ds005293__sub-025,10,2.5,2.0,2.8423595,9,248
9962,ds005293,sub-025,ds005293__sub-025,11,2.0,3.75,3.1323857,10,248
9963,ds005293,sub-025,ds005293__sub-025,12,3.0,3.75,3.289202,11,248
9964,ds005293,sub-025,ds005293__sub-025,13,2.5,3.75,3.465269,0,248
9965,ds005293,sub-025,ds005293__sub-025,14,2.5,3.75,3.5541003,1,248
9966,ds005293,sub-025,ds005293__sub-025,15,3.0,3.75,3.616445,2,248
9967,ds005293,sub-025,ds005293__sub-025,16,3.0,3.75,3.6676793,12,248
9968,ds005293,sub-025,ds005293__sub-025,17,3.5,4.5,3.684423,12,248
9969,ds005293,sub-025,ds005293__sub-025,18,3.0,4.5,3.6706653,13,248
9970,ds005293,sub-025,ds005293__sub-025,19,3.5,4.5,3.6486764,8,248
9971,ds005293,sub-025,ds005293__sub-025,20,2.0,4.5,3.6436696,15,248
9972,ds005293,sub-025,ds005293__sub-025,21,3.5,4.5,3.5597808,10,248
9973,ds005293,sub-025,ds005293__sub-025,22,2.5,4.5,3.5377364,11,248
9974,ds005293,sub-025,ds005293__sub-025,23,2.0,4.5,3.5252206,12,248
9975,ds005293,sub-025,ds005293__sub-025,24,2.0,4.5,3.553748,11,248
9976,ds005293,sub-025,ds005293__sub-025,25,2.5,3.75,3.5374308,12,248
9977,ds005293,sub-025,ds005293__sub-025,26,2.0,3.5,3.5219507,12,248
9978,ds005293,sub-025,ds005293__sub-025,27,3.0,3.75,3.5376878,1,248
9979,ds005293,sub-025,ds005293__sub-025,28,3.0,3.75,3.543065,2,248
9980,ds005293,sub-025,ds005293__sub-025,29,3.5,3.5,3.4684694,3,248
9981,ds005293,sub-025,ds005293__sub-025,30,2.5,3.5,3.4744267,4,248
9982,ds005293,sub-025,ds005293__sub-025,31,3.0,3.5,3.5108936,4,248
9983,ds005293,sub-025,ds005293__sub-025,32,3.5,3.5,3.4773712,5,248
9984,ds005293,sub-025,ds005293__sub-025,33,2.5,3.75,3.4610157,8,248
9985,ds005293,sub-025,ds005293__sub-025,34,2.5,3.75,3.4743814,9,248
9986,ds005293,sub-025,ds005293__sub-025,35,3.5,4.5,3.5108027,13,248
9987,ds005293,sub-025,ds005293__sub-025,36,2.5,4.5,3.461316,14,248
9988,ds005293,sub-025,ds005293__sub-025,37,3.5,4.5,3.4248786,11,248
9989,ds005293,sub-025,ds005293__sub-025,38,3.5,4.5,3.5056338,12,248
9990,ds005293,sub-025,ds005293__sub-025,39,3.5,4.5,3.5217023,12,248
9991,ds005293,sub-025,ds005293__sub-025,40,3.0,4.5,3.569551,13,248
9992,ds005293,sub-025,ds005293__sub-025,41,3.0,4.5,3.4789908,14,248
9993,ds005293,sub-025,ds005293__sub-025,42,2.0,4.5,3.2622964,15,248
9994,ds005293,sub-025,ds005293__sub-025,43,2.0,2.25,3.1497707,15,248
9995,ds005293,sub-025,ds005293__sub-025,44,3.0,4.5,3.2066004,14,248
9996,ds005293,sub-025,ds005293__sub-025,45,3.5,4.5,3.1952748,15,248
9997,ds005293,sub-025,ds005293__sub-025,46,2.0,2.25,3.0630093,15,248
9998,ds005293,sub-025,ds005293__sub-025,47,2.0,2.25,2.981835,15,248
9999,ds005293,sub-025,ds005293__sub-025,48,2.0,2.25,3.0118008,14,248
10000,ds005293,sub-025,ds005293__sub-025,49,2.5,2.0,3.0117435,15,248
10001,ds005293,sub-025,ds005293__sub-025,50,2.5,3.75,3.0929399,14,248
10002,ds005293,sub-025,ds005293__sub-025,51,2.0,3.75,3.1176088,15,248
10003,ds005293,sub-025,ds005293__sub-025,52,3.0,3.75,3.2184892,15,248
10004,ds005293,sub-025,ds005293__sub-025,53,2.5,3.75,3.2827175,15,248
10005,ds005293,sub-025,ds005293__sub-025,54,2.5,3.75,3.3792267,14,248
10006,ds005293,sub-025,ds005293__sub-025,55,3.0,4.5,3.4746418,15,248
10007,ds005293,sub-025,ds005293__sub-025,56,3.0,4.5,3.4901958,12,248
10008,ds005293,sub-025,ds005293__sub-025,57,3.5,4.5,3.4901717,13,248
10009,ds005293,sub-025,ds005293__sub-025,58,3.0,4.5,3.4166927,14,248
10010,ds005293,sub-025,ds005293__sub-025,59,3.5,4.5,3.2255232,10,248
10011,ds005293,sub-025,ds005293__sub-025,60,2.0,4.5,3.1078277,15,248
10012,ds005293,sub-025,ds005293__sub-025,61,3.5,3.0,3.1160424,14,248
10013,ds005293,sub-025,ds005293__sub-025,62,2.5,3.0,3.1364462,10,248
10014,ds005293,sub-025,ds005293__sub-025,63,2.0,3.0,3.1265097,11,248
10015,ds005293,sub-025,ds005293__sub-025,64,2.0,3.0,3.1313846,12,248
10016,ds005293,sub-025,ds005293__sub-025,65,2.5,3.0,3.2313142,0,248
10017,ds005293,sub-025,ds005293__sub-025,66,2.0,3.0,3.2395134,1,248
10018,ds005293,sub-025,ds005293__sub-025,67,3.0,3.0,3.3633842,2,248
10019,ds005293,sub-025,ds005293__sub-025,68,3.0,3.0,3.3572688,3,248
10020,ds005293,sub-025,ds005293__sub-025,69,3.5,3.0,3.3949614,4,248
10021,ds005293,sub-025,ds005293__sub-025,70,2.5,3.0,3.3933015,5,248
10022,ds005293,sub-025,ds005293__sub-025,71,3.0,3.0,3.343803,4,248
10023,ds005293,sub-025,ds005293__sub-025,72,3.5,3.75,3.3355021,5,248
10024,ds005293,sub-025,ds005293__sub-025,73,2.5,4.5,3.2498972,6,248
10025,ds005293,sub-025,ds005293__sub-025,74,2.5,4.5,3.2606163,7,248
10026,ds005293,sub-025,ds005293__sub-025,75,3.5,4.5,3.2314453,8,248
10027,ds005293,sub-025,ds005293__sub-025,76,2.5,4.5,3.2115355,9,248
10028,ds005293,sub-025,ds005293__sub-025,77,3.5,4.5,3.2471113,10,248
10029,ds005293,sub-025,ds005293__sub-025,78,3.5,4.5,3.331759,11,248
10030,ds005293,sub-025,ds005293__sub-025,79,3.5,4.5,3.3742807,14,248
10031,ds005293,sub-026,ds005293__sub-026,0,3.5,3.5,3.4767385,0,249
10032,ds005293,sub-026,ds005293__sub-026,1,3.5,3.5,3.4362164,1,249
10033,ds005293,sub-026,ds005293__sub-026,2,2.5,4.0,3.1831644,2,249
10034,ds005293,sub-026,ds005293__sub-026,3,2.5,2.25,3.0205207,3,249
10035,ds005293,sub-026,ds005293__sub-026,4,3.5,2.25,2.9994373,4,249
10036,ds005293,sub-026,ds005293__sub-026,5,4.0,2.25,2.9766464,5,249
10037,ds005293,sub-026,ds005293__sub-026,6,2.5,2.25,2.9850655,6,249
10038,ds005293,sub-026,ds005293__sub-026,7,2.5,2.25,2.9814138,7,249
10039,ds005293,sub-026,ds005293__sub-026,8,2.5,2.25,3.0066223,8,249
10040,ds005293,sub-026,ds005293__sub-026,9,3.0,2.25,3.0201004,9,249
10041,ds005293,sub-026,ds005293__sub-026,10,3.0,2.25,3.0358431,10,249
10042,ds005293,sub-026,ds005293__sub-026,11,2.5,2.25,3.0523949,11,249
10043,ds005293,sub-026,ds005293__sub-026,12,3.5,2.25,3.0822074,12,249
10044,ds005293,sub-026,ds005293__sub-026,13,3.0,2.25,3.1032813,13,249
10045,ds005293,sub-026,ds005293__sub-026,14,3.0,2.25,3.1211765,14,249
10046,ds005293,sub-026,ds005293__sub-026,15,3.5,2.25,3.1446524,15,249
10047,ds005293,sub-026,ds005293__sub-026,16,3.5,2.25,3.1341324,15,249
10048,ds005293,sub-026,ds005293__sub-026,17,4.0,2.25,3.136498,15,249
10049,ds005293,sub-026,ds005293__sub-026,18,3.5,2.25,3.1484222,15,249
10050,ds005293,sub-026,ds005293__sub-026,19,4.0,2.25,3.1514726,15,249
10051,ds005293,sub-026,ds005293__sub-026,20,2.5,2.25,3.1771698,15,249
10052,ds005293,sub-026,ds005293__sub-026,21,4.0,2.25,3.1707506,15,249
10053,ds005293,sub-026,ds005293__sub-026,22,3.0,2.25,3.158353,15,249
10054,ds005293,sub-026,ds005293__sub-026,23,2.5,2.0,3.1371756,15,249
10055,ds005293,sub-026,ds005293__sub-026,24,2.5,2.25,3.1380172,15,249
10056,ds005293,sub-026,ds005293__sub-026,25,3.0,2.25,3.1700537,15,249
10057,ds005293,sub-026,ds005293__sub-026,26,2.5,3.75,3.1337233,15,249
10058,ds005293,sub-026,ds005293__sub-026,27,3.5,3.75,3.1290936,15,249
10059,ds005293,sub-026,ds005293__sub-026,28,3.5,2.0,3.122378,15,249
10060,ds005293,sub-026,ds005293__sub-026,29,4.0,2.25,3.1004965,14,249
10061,ds005293,sub-026,ds005293__sub-026,30,3.0,2.25,3.0337424,15,249
10062,ds005293,sub-026,ds005293__sub-026,31,3.5,2.25,3.0442553,14,249
10063,ds005293,sub-026,ds005293__sub-026,32,4.0,2.25,3.0888565,15,249
10064,ds005293,sub-026,ds005293__sub-026,33,3.0,2.25,3.106579,14,249
10065,ds005293,sub-026,ds005293__sub-026,34,3.0,2.0,3.127164,14,249
10066,ds005293,sub-026,ds005293__sub-026,35,4.0,2.0,3.1266427,15,249
10067,ds005293,sub-026,ds005293__sub-026,36,3.0,3.5,3.1329045,12,249
10068,ds005293,sub-026,ds005293__sub-026,37,4.0,3.5,3.1361318,13,249
10069,ds005293,sub-026,ds005293__sub-026,38,4.0,3.5,3.1413243,15,249
10070,ds005293,sub-026,ds005293__sub-026,39,4.0,3.5,3.1458716,15,249
10071,ds005293,sub-026,ds005293__sub-026,40,3.5,3.75,3.1930232,13,249
10072,ds005293,sub-026,ds005293__sub-026,41,3.5,3.75,3.216039,14,249
10073,ds005293,sub-026,ds005293__sub-026,42,2.5,3.75,3.2754657,15,249
10074,ds005293,sub-026,ds005293__sub-026,43,2.5,3.75,3.3243532,15,249
10075,ds005293,sub-026,ds005293__sub-026,44,3.5,3.75,3.3897626,15,249
10076,ds005293,sub-026,ds005293__sub-026,45,4.0,3.75,3.426044,15,249
10077,ds005293,sub-026,ds005293__sub-026,46,2.5,3.75,3.4806466,15,249
10078,ds005293,sub-026,ds005293__sub-026,47,2.5,3.75,3.5211735,2,249
10079,ds005293,sub-026,ds005293__sub-026,48,2.5,3.0,3.0763044,15,249
10080,ds005293,sub-026,ds005293__sub-026,49,3.0,3.0,3.069845,15,249
10081,ds005293,sub-026,ds005293__sub-026,50,3.0,2.0,3.084054,15,249
10082,ds005293,sub-026,ds005293__sub-026,51,2.5,2.0,3.0531836,14,249
10083,ds005293,sub-026,ds005293__sub-026,52,3.5,2.0,3.0061438,15,249
10084,ds005293,sub-026,ds005293__sub-026,53,3.0,2.0,3.028576,14,249
10085,ds005293,sub-026,ds005293__sub-026,54,3.0,2.5,3.0446894,15,249
10086,ds005293,sub-026,ds005293__sub-026,55,3.5,2.5,3.0600066,14,249
10087,ds005293,sub-026,ds005293__sub-026,56,3.5,2.5,3.0845346,15,249
10088,ds005293,sub-026,ds005293__sub-026,57,4.0,2.5,3.112212,14,249
10089,ds005293,sub-026,ds005293__sub-026,58,3.5,2.5,3.1121335,14,249
10090,ds005293,sub-026,ds005293__sub-026,59,4.0,4.5,3.171945,15,249
10091,ds005293,sub-026,ds005293__sub-026,60,2.5,4.5,3.2155857,15,249
10092,ds005293,sub-026,ds005293__sub-026,61,4.0,4.5,3.2706928,15,249
10093,ds005293,sub-026,ds005293__sub-026,62,3.0,4.5,3.30812,14,249
10094,ds005293,sub-026,ds005293__sub-026,63,2.5,4.5,3.2588413,14,249
10095,ds005293,sub-026,ds005293__sub-026,64,2.5,4.5,3.2488155,15,249
10096,ds005293,sub-026,ds005293__sub-026,65,3.0,4.5,3.220286,15,249
10097,ds005293,sub-026,ds005293__sub-026,66,2.5,4.5,3.2177637,15,249
10098,ds005293,sub-026,ds005293__sub-026,67,3.5,4.5,3.2419553,14,249
10099,ds005293,sub-026,ds005293__sub-026,68,3.5,4.5,3.2422874,15,249
10100,ds005293,sub-026,ds005293__sub-026,69,4.0,4.5,3.1831388,15,249
10101,ds005293,sub-026,ds005293__sub-026,70,3.0,2.5,3.1155477,15,249
10102,ds005293,sub-026,ds005293__sub-026,71,3.5,2.5,3.1097953,15,249
10103,ds005293,sub-026,ds005293__sub-026,72,4.0,2.5,3.117501,15,249
10104,ds005293,sub-026,ds005293__sub-026,73,3.0,2.5,3.1296587,15,249
10105,ds005293,sub-026,ds005293__sub-026,74,3.0,2.5,3.1545296,15,249
10106,ds005293,sub-026,ds005293__sub-026,75,4.0,4.5,3.1855545,15,249
10107,ds005293,sub-026,ds005293__sub-026,76,3.0,2.5,3.171836,15,249
10108,ds005293,sub-026,ds005293__sub-026,77,4.0,2.5,3.1814942,15,249
10109,ds005293,sub-026,ds005293__sub-026,78,4.0,2.5,3.1664042,15,249
10110,ds005293,sub-026,ds005293__sub-026,79,4.0,2.0,3.1496248,14,249
10111,ds005293,sub-027,ds005293__sub-027,0,3.0,3.75,3.6834645,0,250
10112,ds005293,sub-027,ds005293__sub-027,1,3.0,3.5,3.5140777,1,250
10113,ds005293,sub-027,ds005293__sub-027,2,2.0,2.0,2.987208,2,250
10114,ds005293,sub-027,ds005293__sub-027,3,2.0,2.0,2.9162927,3,250
10115,ds005293,sub-027,ds005293__sub-027,4,3.0,2.0,2.9654608,4,250
10116,ds005293,sub-027,ds005293__sub-027,5,3.5,2.0,2.996584,5,250
10117,ds005293,sub-027,ds005293__sub-027,6,2.0,2.0,3.0080843,6,250
10118,ds005293,sub-027,ds005293__sub-027,7,2.0,2.0,3.00211,7,250
10119,ds005293,sub-027,ds005293__sub-027,8,2.0,2.0,3.052041,7,250
10120,ds005293,sub-027,ds005293__sub-027,9,2.5,3.5,3.0754058,8,250
10121,ds005293,sub-027,ds005293__sub-027,10,2.5,3.0,3.121934,9,250
10122,ds005293,sub-027,ds005293__sub-027,11,2.0,3.0,3.1399257,10,250
10123,ds005293,sub-027,ds005293__sub-027,12,3.0,3.0,3.1724682,11,250
10124,ds005293,sub-027,ds005293__sub-027,13,2.5,3.0,3.1908853,12,250
10125,ds005293,sub-027,ds005293__sub-027,14,2.5,3.0,3.2182133,13,250
10126,ds005293,sub-027,ds005293__sub-027,15,3.0,3.0,3.238233,14,250
10127,ds005293,sub-027,ds005293__sub-027,16,3.0,3.0,3.2165883,14,250
10128,ds005293,sub-027,ds005293__sub-027,17,3.5,3.0,3.208373,15,250
10129,ds005293,sub-027,ds005293__sub-027,18,3.0,3.0,3.215047,15,250
10130,ds005293,sub-027,ds005293__sub-027,19,3.5,3.0,3.2216773,15,250
10131,ds005293,sub-027,ds005293__sub-027,20,2.0,3.0,3.1631422,15,250
10132,ds005293,sub-027,ds005293__sub-027,21,3.5,3.0,3.1268291,15,250
10133,ds005293,sub-027,ds005293__sub-027,22,2.5,3.0,3.1378272,15,250
10134,ds005293,sub-027,ds005293__sub-027,23,2.0,3.0,3.163433,15,250
10135,ds005293,sub-027,ds005293__sub-027,24,2.0,3.0,3.1614876,15,250
10136,ds005293,sub-027,ds005293__sub-027,25,2.5,3.0,3.1772218,14,250
10137,ds005293,sub-027,ds005293__sub-027,26,2.0,3.0,3.1785512,15,250
10138,ds005293,sub-027,ds005293__sub-027,27,3.0,3.0,3.1873837,14,250
10139,ds005293,sub-027,ds005293__sub-027,28,3.0,3.0,3.1973677,15,250
10140,ds005293,sub-027,ds005293__sub-027,29,3.5,3.0,3.2246583,14,250
10141,ds005293,sub-027,ds005293__sub-027,30,2.5,3.0,3.2143145,14,250
10142,ds005293,sub-027,ds005293__sub-027,31,3.0,3.0,3.2280812,15,250
10143,ds005293,sub-027,ds005293__sub-027,32,3.5,4.5,3.2515702,15,250
10144,ds005293,sub-027,ds005293__sub-027,33,2.5,4.5,3.254709,15,250
10145,ds005293,sub-027,ds005293__sub-027,34,2.5,4.5,3.2842588,15,250
10146,ds005293,sub-027,ds005293__sub-027,35,3.5,4.5,3.2845604,15,250
10147,ds005293,sub-027,ds005293__sub-027,36,2.5,4.5,3.2194355,14,250
10148,ds005293,sub-027,ds005293__sub-027,37,3.5,3.0,3.2212064,15,250
10149,ds005293,sub-027,ds005293__sub-027,38,3.5,3.0,3.204886,15,250
10150,ds005293,sub-027,ds005293__sub-027,39,3.5,3.0,3.1769004,15,250
10151,ds005293,sub-027,ds005293__sub-027,40,3.0,3.0,3.1843653,15,250
10152,ds005293,sub-027,ds005293__sub-027,41,3.0,3.0,3.1678362,15,250
10153,ds005293,sub-027,ds005293__sub-027,42,2.0,3.0,3.1361947,15,250
10154,ds005293,sub-027,ds005293__sub-027,43,2.0,3.0,3.125517,13,250
10155,ds005293,sub-027,ds005293__sub-027,44,3.0,3.0,3.1261945,15,250
10156,ds005293,sub-027,ds005293__sub-027,45,3.5,3.0,3.1326401,15,250
10157,ds005293,sub-027,ds005293__sub-027,46,2.0,3.0,3.114183,15,250
10158,ds005293,sub-027,ds005293__sub-027,47,2.0,3.0,3.1088243,15,250
10159,ds005293,sub-027,ds005293__sub-027,48,2.0,3.0,3.1123245,15,250
10160,ds005293,sub-027,ds005293__sub-027,49,2.5,3.0,3.1252065,15,250
10161,ds005293,sub-027,ds005293__sub-027,50,2.5,3.0,3.1328113,15,250
10162,ds005293,sub-027,ds005293__sub-027,51,2.0,3.0,3.156888,15,250
10163,ds005293,sub-027,ds005293__sub-027,52,3.0,3.0,3.1556127,15,250
10164,ds005293,sub-027,ds005293__sub-027,53,2.5,3.0,3.165976,14,250
10165,ds005293,sub-027,ds005293__sub-027,54,2.5,3.0,3.16756,14,250
10166,ds005293,sub-027,ds005293__sub-027,55,3.0,3.0,3.1689506,14,250
10167,ds005293,sub-027,ds005293__sub-027,56,3.0,3.0,3.1478207,15,250
10168,ds005293,sub-027,ds005293__sub-027,57,3.5,3.0,3.1401505,15,250
10169,ds005293,sub-027,ds005293__sub-027,58,3.0,3.0,3.1537864,15,250
10170,ds005293,sub-027,ds005293__sub-027,59,3.5,3.0,3.166644,14,250
10171,ds005293,sub-027,ds005293__sub-027,60,2.0,3.0,3.1580405,15,250
10172,ds005293,sub-027,ds005293__sub-027,61,3.5,3.0,3.1530795,15,250
10173,ds005293,sub-027,ds005293__sub-027,62,2.5,3.0,3.1322112,14,250
10174,ds005293,sub-027,ds005293__sub-027,63,2.0,3.0,3.1273293,15,250
10175,ds005293,sub-027,ds005293__sub-027,64,2.0,3.0,3.1254406,14,250
10176,ds005293,sub-027,ds005293__sub-027,65,2.5,3.0,3.1403887,14,250
10177,ds005293,sub-027,ds005293__sub-027,66,2.0,3.0,3.149673,15,250
10178,ds005293,sub-027,ds005293__sub-027,67,3.0,3.0,3.151937,15,250
10179,ds005293,sub-027,ds005293__sub-027,68,3.0,3.0,3.1667764,15,250
10180,ds005293,sub-027,ds005293__sub-027,69,3.5,3.0,3.179645,15,250
10181,ds005293,sub-027,ds005293__sub-027,70,2.5,3.0,3.181533,14,250
10182,ds005293,sub-027,ds005293__sub-027,71,3.0,3.0,3.2059493,15,250
10183,ds005293,sub-027,ds005293__sub-027,72,3.5,3.0,3.2021585,14,250
10184,ds005293,sub-027,ds005293__sub-027,73,2.5,3.0,3.1745281,14,250
10185,ds005293,sub-027,ds005293__sub-027,74,2.5,2.0,3.1555195,14,250
10186,ds005293,sub-027,ds005293__sub-027,75,3.5,2.0,3.1499577,15,250
10187,ds005293,sub-027,ds005293__sub-027,76,2.5,2.0,3.1552978,14,250
10188,ds005293,sub-027,ds005293__sub-027,77,3.5,2.0,3.1564012,15,250
10189,ds005293,sub-027,ds005293__sub-027,78,3.5,2.0,3.165989,15,250
10190,ds005293,sub-027,ds005293__sub-027,79,3.5,3.0,3.1791809,15,250
10191,ds005293,sub-028,ds005293__sub-028,0,3.75,3.75,3.648847,0,251
10192,ds005293,sub-028,ds005293__sub-028,1,3.75,3.5,3.5386388,1,251
10193,ds005293,sub-028,ds005293__sub-028,2,2.25,4.0,3.3037298,2,251
10194,ds005293,sub-028,ds005293__sub-028,3,2.25,4.0,3.0913396,3,251
10195,ds005293,sub-028,ds005293__sub-028,4,3.75,4.0,3.0760942,4,251
10196,ds005293,sub-028,ds005293__sub-028,5,4.5,2.25,3.0847788,4,251
10197,ds005293,sub-028,ds005293__sub-028,6,2.25,2.25,3.111538,6,251
10198,ds005293,sub-028,ds005293__sub-028,7,2.25,4.0,3.1173959,6,251
10199,ds005293,sub-028,ds005293__sub-028,8,2.25,4.0,3.1243882,8,251
10200,ds005293,sub-028,ds005293__sub-028,9,3.0,4.0,3.1338148,8,251
10201,ds005293,sub-028,ds005293__sub-028,10,3.0,4.0,3.1465335,9,251
10202,ds005293,sub-028,ds005293__sub-028,11,2.25,4.0,3.1587934,10,251
10203,ds005293,sub-028,ds005293__sub-028,12,3.75,3.0,3.178879,12,251
10204,ds005293,sub-028,ds005293__sub-028,13,3.0,3.0,3.2008834,12,251
10205,ds005293,sub-028,ds005293__sub-028,14,3.0,3.0,3.2250004,13,251
10206,ds005293,sub-028,ds005293__sub-028,15,3.75,3.0,3.2430346,14,251
10207,ds005293,sub-028,ds005293__sub-028,16,3.75,3.0,3.2483788,14,251
10208,ds005293,sub-028,ds005293__sub-028,17,4.5,3.0,3.2449293,15,251
10209,ds005293,sub-028,ds005293__sub-028,18,3.75,3.0,3.251499,15,251
10210,ds005293,sub-028,ds005293__sub-028,19,4.5,3.0,3.2351055,15,251
10211,ds005293,sub-028,ds005293__sub-028,20,2.25,3.0,3.1926818,10,251
10212,ds005293,sub-028,ds005293__sub-028,21,4.5,2.5,3.1793237,13,251
10213,ds005293,sub-028,ds005293__sub-028,22,3.0,2.5,3.1780531,14,251
10214,ds005293,sub-028,ds005293__sub-028,23,2.25,2.5,3.172825,13,251
10215,ds005293,sub-028,ds005293__sub-028,24,2.25,2.5,3.1832254,14,251
10216,ds005293,sub-028,ds005293__sub-028,25,3.0,4.5,3.1972132,15,251
10217,ds005293,sub-028,ds005293__sub-028,26,2.25,3.75,3.2097602,15,251
10218,ds005293,sub-028,ds005293__sub-028,27,3.75,3.75,3.221706,14,251
10219,ds005293,sub-028,ds005293__sub-028,28,3.75,3.75,3.2352707,15,251
10220,ds005293,sub-028,ds005293__sub-028,29,4.5,3.75,3.2434797,14,251
10221,ds005293,sub-028,ds005293__sub-028,30,3.0,3.75,3.229649,14,251
10222,ds005293,sub-028,ds005293__sub-028,31,3.75,3.75,3.2332048,15,251
10223,ds005293,sub-028,ds005293__sub-028,32,4.5,3.75,3.2403774,14,251
10224,ds005293,sub-028,ds005293__sub-028,33,3.0,3.0,3.238007,15,251
10225,ds005293,sub-028,ds005293__sub-028,34,3.0,3.0,3.2317934,14,251
10226,ds005293,sub-028,ds005293__sub-028,35,4.5,4.5,3.2462783,15,251
10227,ds005293,sub-028,ds005293__sub-028,36,3.0,2.5,3.2339177,15,251
10228,ds005293,sub-028,ds005293__sub-028,37,4.5,2.5,3.2425456,15,251
10229,ds005293,sub-028,ds005293__sub-028,38,4.5,4.0,3.2381773,13,251
10230,ds005293,sub-028,ds005293__sub-028,39,4.5,3.5,3.1673589,14,251
10231,ds005293,sub-028,ds005293__sub-028,40,3.75,3.5,3.1719255,15,251
10232,ds005293,sub-028,ds005293__sub-028,41,3.75,3.5,3.177776,14,251
10233,ds005293,sub-028,ds005293__sub-028,42,2.25,3.5,3.1629138,15,251
10234,ds005293,sub-028,ds005293__sub-028,43,2.25,3.5,3.1635833,15,251
10235,ds005293,sub-028,ds005293__sub-028,44,3.75,3.0,3.156206,14,251
10236,ds005293,sub-028,ds005293__sub-028,45,4.5,3.0,3.139696,15,251
10237,ds005293,sub-028,ds005293__sub-028,46,2.25,3.0,3.1368334,15,251
10238,ds005293,sub-028,ds005293__sub-028,47,2.25,3.0,3.133337,14,251
10239,ds005293,sub-028,ds005293__sub-028,48,2.25,4.0,3.1607633,15,251
10240,ds005293,sub-028,ds005293__sub-028,49,3.0,3.0,3.1709938,15,251
10241,ds005293,sub-028,ds005293__sub-028,50,3.0,3.0,3.174631,14,251
10242,ds005293,sub-028,ds005293__sub-028,51,2.25,3.0,3.1876898,15,251
10243,ds005293,sub-028,ds005293__sub-028,52,3.75,3.0,3.2055323,15,251
10244,ds005293,sub-028,ds005293__sub-028,53,3.0,3.0,3.233104,14,251
10245,ds005293,sub-028,ds005293__sub-028,54,3.0,3.0,3.2304423,15,251
10246,ds005293,sub-028,ds005293__sub-028,55,3.75,3.75,3.234747,15,251
10247,ds005293,sub-028,ds005293__sub-028,56,3.75,3.75,3.2684705,14,251
10248,ds005293,sub-028,ds005293__sub-028,57,4.5,3.75,3.2810884,14,251
10249,ds005293,sub-028,ds005293__sub-028,58,3.75,3.0,3.2750444,15,251
10250,ds005293,sub-028,ds005293__sub-028,59,4.5,3.0,3.2810528,15,251
10251,ds005293,sub-028,ds005293__sub-028,60,2.25,3.75,3.271599,14,251
10252,ds005293,sub-028,ds005293__sub-028,61,4.5,4.5,3.2719674,15,251
10253,ds005293,sub-028,ds005293__sub-028,62,3.0,4.5,3.2670124,14,251
10254,ds005293,sub-028,ds005293__sub-028,63,2.25,4.5,3.2534466,14,251
10255,ds005293,sub-028,ds005293__sub-028,64,2.25,4.5,3.236631,15,251
10256,ds005293,sub-028,ds005293__sub-028,65,3.0,4.5,3.242432,14,251
10257,ds005293,sub-028,ds005293__sub-028,66,2.25,4.5,3.2471433,12,251
10258,ds005293,sub-028,ds005293__sub-028,67,3.75,4.5,3.2583735,13,251
10259,ds005293,sub-028,ds005293__sub-028,68,3.75,4.5,3.2694092,14,251
10260,ds005293,sub-028,ds005293__sub-028,69,4.5,4.5,3.2705202,15,251
10261,ds005293,sub-028,ds005293__sub-028,70,3.0,4.5,3.2654693,15,251
10262,ds005293,sub-028,ds005293__sub-028,71,3.75,4.5,3.269408,15,251
10263,ds005293,sub-028,ds005293__sub-028,72,4.5,3.75,3.255973,15,251
10264,ds005293,sub-028,ds005293__sub-028,73,3.0,4.5,3.265963,14,251
10265,ds005293,sub-028,ds005293__sub-028,74,3.0,3.75,3.2623198,15,251
10266,ds005293,sub-028,ds005293__sub-028,75,4.5,3.75,3.2619064,14,251
10267,ds005293,sub-028,ds005293__sub-028,76,3.0,3.75,3.2568812,15,251
10268,ds005293,sub-028,ds005293__sub-028,77,4.5,4.5,3.2629929,15,251
10269,ds005293,sub-028,ds005293__sub-028,78,4.5,4.5,3.2550337,13,251
10270,ds005293,sub-028,ds005293__sub-028,79,4.5,4.5,3.2411242,14,251
10271,ds005293,sub-029,ds005293__sub-029,0,3.5,3.75,3.7045507,0,252
10272,ds005293,sub-029,ds005293__sub-029,1,2.5,3.75,3.6386967,1,252
10273,ds005293,sub-029,ds005293__sub-029,2,2.5,2.0,2.2762082,2,252
10274,ds005293,sub-029,ds005293__sub-029,3,3.5,2.0,2.361234,2,252
10275,ds005293,sub-029,ds005293__sub-029,4,2.5,2.0,2.5707097,3,252
10276,ds005293,sub-029,ds005293__sub-029,5,2.5,2.0,2.6210976,4,252
10277,ds005293,sub-029,ds005293__sub-029,6,2.5,2.0,2.5975578,5,252
10278,ds005293,sub-029,ds005293__sub-029,7,3.0,3.5,3.038494,0,252
10279,ds005293,sub-029,ds005293__sub-029,8,2.5,3.5,3.1874561,0,252
10280,ds005293,sub-029,ds005293__sub-029,9,3.0,3.5,3.2658563,1,252
10281,ds005293,sub-029,ds005293__sub-029,10,3.0,3.5,3.3715308,0,252
10282,ds005293,sub-029,ds005293__sub-029,11,3.5,3.5,3.3442292,1,252
10283,ds005293,sub-029,ds005293__sub-029,12,2.5,3.0,3.2993126,2,252
10284,ds005293,sub-029,ds005293__sub-029,13,4.0,3.0,3.2516065,3,252
10285,ds005293,sub-029,ds005293__sub-029,14,3.0,2.25,3.2151718,4,252
10286,ds005293,sub-029,ds005293__sub-029,15,2.5,2.25,3.1127477,7,252
10287,ds005293,sub-029,ds005293__sub-029,16,2.5,2.25,3.0738773,15,252
10288,ds005293,sub-029,ds005293__sub-029,17,3.0,2.25,3.1421766,13,252
10289,ds005293,sub-029,ds005293__sub-029,18,2.5,2.25,3.1841316,14,252
10290,ds005293,sub-029,ds005293__sub-029,19,3.5,3.75,3.5096664,0,252
10291,ds005293,sub-029,ds005293__sub-029,20,3.0,3.75,3.5304403,1,252
10292,ds005293,sub-029,ds005293__sub-029,21,3.5,3.75,3.6854725,2,252
10293,ds005293,sub-029,ds005293__sub-029,22,4.0,3.75,3.6067076,1,252
10294,ds005293,sub-029,ds005293__sub-029,23,3.0,3.75,3.5482748,2,252
10295,ds005293,sub-029,ds005293__sub-029,24,3.0,4.5,3.3962965,3,252
10296,ds005293,sub-029,ds005293__sub-029,25,4.0,4.5,3.3699992,4,252
10297,ds005293,sub-029,ds005293__sub-029,26,3.0,4.5,3.2940443,5,252
10298,ds005293,sub-029,ds005293__sub-029,27,4.0,2.25,3.0793087,6,252
10299,ds005293,sub-029,ds005293__sub-029,28,3.5,2.25,3.0166945,7,252
10300,ds005293,sub-029,ds005293__sub-029,29,3.5,2.25,2.9706147,15,252
10301,ds005293,sub-029,ds005293__sub-029,30,2.5,2.25,3.142048,0,252
10302,ds005293,sub-029,ds005293__sub-029,31,2.5,2.25,3.0743895,1,252
10303,ds005293,sub-029,ds005293__sub-029,32,3.5,3.75,3.1791925,2,252
10304,ds005293,sub-029,ds005293__sub-029,33,4.0,3.75,3.2813928,3,252
10305,ds005293,sub-029,ds005293__sub-029,34,2.5,3.75,3.2543259,4,252
10306,ds005293,sub-029,ds005293__sub-029,35,2.5,2.0,3.0803704,5,252
10307,ds005293,sub-029,ds005293__sub-029,36,2.5,2.0,3.0747094,6,252
10308,ds005293,sub-029,ds005293__sub-029,37,3.0,2.0,2.9623284,7,252
10309,ds005293,sub-029,ds005293__sub-029,38,3.0,2.0,2.7358184,15,252
10310,ds005293,sub-029,ds005293__sub-029,39,2.5,2.0,2.673615,15,252
10311,ds005293,sub-029,ds005293__sub-029,40,3.5,2.0,2.8174725,0,252
10312,ds005293,sub-029,ds005293__sub-029,41,3.5,3.75,3.232797,0,252
10313,ds005293,sub-029,ds005293__sub-029,42,3.5,3.75,3.1973863,1,252
10314,ds005293,sub-029,ds005293__sub-029,43,3.5,4.5,3.231327,2,252
10315,ds005293,sub-029,ds005293__sub-029,44,4.0,4.5,3.2262778,3,252
10316,ds005293,sub-029,ds005293__sub-029,45,2.5,4.5,3.1991193,4,252
10317,ds005293,sub-029,ds005293__sub-029,46,4.0,4.5,3.1746266,5,252
10318,ds005293,sub-029,ds005293__sub-029,47,3.0,3.0,3.1861055,6,252
10319,ds005293,sub-029,ds005293__sub-029,48,2.5,2.25,3.1359377,7,252
10320,ds005293,sub-029,ds005293__sub-029,49,2.5,3.0,3.0913823,13,252
10321,ds005293,sub-029,ds005293__sub-029,50,3.5,3.0,3.1798766,14,252
10322,ds005293,sub-029,ds005293__sub-029,51,3.5,3.5,3.275058,15,252
10323,ds005293,sub-029,ds005293__sub-029,52,4.0,3.5,3.3838987,0,252
10324,ds005293,sub-029,ds005293__sub-029,53,3.0,3.5,3.4266894,1,252
10325,ds005293,sub-029,ds005293__sub-029,54,3.5,3.5,3.4707146,2,252
10326,ds005293,sub-029,ds005293__sub-029,55,3.0,3.5,3.4949312,3,252
10327,ds005293,sub-029,ds005293__sub-029,56,4.0,3.5,3.500208,1,252
10328,ds005293,sub-029,ds005293__sub-029,57,4.0,3.5,3.5026426,2,252
10329,ds005293,sub-030,ds005293__sub-030,0,3.75,3.75,3.6569583,0,253
10330,ds005293,sub-030,ds005293__sub-030,1,3.75,3.75,3.583026,1,253
10331,ds005293,sub-030,ds005293__sub-030,2,2.25,2.25,2.1925566,2,253
10332,ds005293,sub-030,ds005293__sub-030,3,2.25,2.25,2.1933432,1,253
10333,ds005293,sub-030,ds005293__sub-030,4,3.75,2.25,2.5156717,0,253
10334,ds005293,sub-030,ds005293__sub-030,5,4.5,2.25,2.6393065,1,253
10335,ds005293,sub-030,ds005293__sub-030,6,2.25,2.25,2.2927084,0,253
10336,ds005293,sub-030,ds005293__sub-030,7,2.25,2.0,2.2465405,1,253
10337,ds005293,sub-030,ds005293__sub-030,8,2.25,2.0,2.273692,0,253
10338,ds005293,sub-030,ds005293__sub-030,9,3.0,2.5,2.4277372,0,253
10339,ds005293,sub-030,ds005293__sub-030,10,3.0,3.75,3.0082183,0,253
10340,ds005293,sub-030,ds005293__sub-030,11,2.25,3.75,2.8849835,1,253
10341,ds005293,sub-030,ds005293__sub-030,12,3.75,3.75,2.855842,2,253
10342,ds005293,sub-030,ds005293__sub-030,13,3.0,3.75,2.9642236,3,253
10343,ds005293,sub-030,ds005293__sub-030,14,3.0,3.75,3.1492136,0,253
10344,ds005293,sub-030,ds005293__sub-030,15,3.75,3.75,3.3947861,0,253
10345,ds005293,sub-030,ds005293__sub-030,16,3.75,3.75,3.7326798,1,253
10346,ds005293,sub-030,ds005293__sub-030,17,4.5,4.5,3.8890784,2,253
10347,ds005293,sub-030,ds005293__sub-030,18,3.75,4.5,3.8275454,3,253
10348,ds005293,sub-030,ds005293__sub-030,19,2.25,2.25,3.135582,4,253
10349,ds005293,sub-030,ds005293__sub-030,20,4.5,2.25,2.8700545,3,253
10350,ds005293,sub-030,ds005293__sub-030,21,3.0,2.25,2.59102,4,253
10351,ds005293,sub-030,ds005293__sub-030,22,2.25,2.25,2.5055,0,253
10352,ds005293,sub-030,ds005293__sub-030,23,2.25,2.25,2.4764068,0,253
10353,ds005293,sub-030,ds005293__sub-030,24,3.0,2.25,2.8108726,0,253
10354,ds005293,sub-030,ds005293__sub-030,25,2.25,2.25,2.8376284,1,253
10355,ds005293,sub-030,ds005293__sub-030,26,3.75,3.75,3.396294,0,253
10356,ds005293,sub-030,ds005293__sub-030,27,3.75,3.75,3.5992696,1,253
10357,ds005293,sub-030,ds005293__sub-030,28,4.5,3.75,3.6906075,0,253
10358,ds005293,sub-030,ds005293__sub-030,29,3.0,3.75,3.6478477,1,253
10359,ds005293,sub-030,ds005293__sub-030,30,3.75,3.75,3.5654504,2,253
10360,ds005293,sub-030,ds005293__sub-030,31,4.5,4.5,3.47079,3,253
10361,ds005293,sub-030,ds005293__sub-030,32,3.0,4.5,3.2626097,4,253
10362,ds005293,sub-030,ds005293__sub-030,33,3.0,4.5,3.3037329,5,253
10363,ds005293,sub-030,ds005293__sub-030,34,4.5,4.5,3.6928203,0,253
10364,ds005293,sub-030,ds005293__sub-030,35,3.0,2.25,3.3151553,1,253
10365,ds005293,sub-030,ds005293__sub-030,36,4.5,4.5,3.9258952,0,253
10366,ds005293,sub-030,ds005293__sub-030,37,4.5,4.5,3.8930547,1,253
10367,ds005293,sub-030,ds005293__sub-030,38,3.75,4.5,3.876495,2,253
10368,ds005293,sub-030,ds005293__sub-030,39,3.75,4.5,3.6638892,3,253
10369,ds005293,sub-030,ds005293__sub-030,40,2.25,3.0,3.2120697,4,253
10370,ds005293,sub-030,ds005293__sub-030,41,2.25,3.0,3.0576277,5,253
10371,ds005293,sub-030,ds005293__sub-030,42,3.75,3.5,3.3300004,0,253
10372,ds005293,sub-030,ds005293__sub-030,43,4.5,3.5,3.2183695,0,253
10373,ds005293,sub-030,ds005293__sub-030,44,2.25,3.0,2.9895642,1,253
10374,ds005293,sub-030,ds005293__sub-030,45,2.25,2.0,2.5669892,0,253
10375,ds005293,sub-030,ds005293__sub-030,46,2.25,2.0,2.6093874,0,253
10376,ds005293,sub-030,ds005293__sub-030,47,3.0,2.5,2.7429118,1,253
10377,ds005293,sub-030,ds005293__sub-030,48,3.0,3.75,3.1819491,0,253
10378,ds005293,sub-030,ds005293__sub-030,49,2.25,3.75,3.347777,1,253
10379,ds005293,sub-030,ds005293__sub-030,50,3.75,3.75,3.6435056,0,253
10380,ds005293,sub-030,ds005293__sub-030,51,3.0,3.75,3.541955,1,253
10381,ds005293,sub-030,ds005293__sub-030,52,3.0,3.75,3.265997,2,253
10382,ds005293,sub-030,ds005293__sub-030,53,3.75,3.75,3.6136947,0,253
10383,ds005293,sub-030,ds005293__sub-030,54,3.75,3.75,3.6663158,1,253
10384,ds005293,sub-030,ds005293__sub-030,55,4.5,4.5,4.0287714,0,253
10385,ds005293,sub-030,ds005293__sub-030,56,3.75,4.5,3.7684915,1,253
10386,ds005293,sub-030,ds005293__sub-030,57,4.5,4.5,3.5213475,2,253
10387,ds005293,sub-030,ds005293__sub-030,58,2.25,2.25,3.1979654,3,253
10388,ds005293,sub-030,ds005293__sub-030,59,4.5,2.25,3.0476713,0,253
10389,ds005293,sub-030,ds005293__sub-030,60,3.0,3.75,3.3078768,0,253
10390,ds005293,sub-030,ds005293__sub-030,61,2.25,2.25,2.7816298,1,253
10391,ds005293,sub-030,ds005293__sub-030,62,2.25,2.25,2.556469,3,253
10392,ds005293,sub-030,ds005293__sub-030,63,3.0,2.25,2.735069,0,253
10393,ds005293,sub-030,ds005293__sub-030,64,2.25,2.25,2.7172604,1,253
10394,ds005293,sub-030,ds005293__sub-030,65,3.75,3.75,3.328804,0,253
10395,ds005293,sub-030,ds005293__sub-030,66,3.75,3.75,3.7330809,1,253
10396,ds005293,sub-030,ds005293__sub-030,67,4.5,3.75,3.789431,2,253
10397,ds005293,sub-030,ds005293__sub-030,68,3.0,3.75,3.6731234,3,253
10398,ds005293,sub-030,ds005293__sub-030,69,3.75,4.5,3.7682042,0,253
10399,ds005293,sub-030,ds005293__sub-030,70,4.5,4.5,3.7578099,1,253
10400,ds005293,sub-030,ds005293__sub-030,71,3.0,4.5,3.662238,0,253
10401,ds005293,sub-030,ds005293__sub-030,72,3.0,2.25,3.2389457,1,253
10402,ds005293,sub-030,ds005293__sub-030,73,4.5,4.5,3.4389591,0,253
10403,ds005293,sub-030,ds005293__sub-030,74,3.0,2.25,3.3492453,0,253
10404,ds005293,sub-030,ds005293__sub-030,75,4.5,4.5,3.589153,1,253
10405,ds005293,sub-030,ds005293__sub-030,76,4.5,3.75,3.754405,0,253
10406,ds005293,sub-030,ds005293__sub-030,77,4.5,4.5,3.8335147,1,253
10407,ds005293,sub-031,ds005293__sub-031,0,3.5,3.75,3.6936893,0,254
10408,ds005293,sub-031,ds005293__sub-031,1,3.5,3.75,3.600002,1,254
10409,ds005293,sub-031,ds005293__sub-031,2,2.5,2.25,2.7100976,2,254
10410,ds005293,sub-031,ds005293__sub-031,3,2.5,2.0,2.7090807,3,254
10411,ds005293,sub-031,ds005293__sub-031,4,3.5,3.5,2.912767,4,254
10412,ds005293,sub-031,ds005293__sub-031,5,2.5,2.0,2.8521512,5,254
10413,ds005293,sub-031,ds005293__sub-031,6,2.5,2.0,2.699484,6,254
10414,ds005293,sub-031,ds005293__sub-031,7,3.0,2.0,2.756154,7,254
10415,ds005293,sub-031,ds005293__sub-031,8,3.0,2.0,2.7819772,8,254
10416,ds005293,sub-031,ds005293__sub-031,9,2.5,2.0,2.806769,9,254
10417,ds005293,sub-031,ds005293__sub-031,10,3.5,2.0,2.815275,10,254
10418,ds005293,sub-031,ds005293__sub-031,11,3.0,2.5,2.961546,0,254
10419,ds005293,sub-031,ds005293__sub-031,12,3.0,2.5,3.0333872,12,254
10420,ds005293,sub-031,ds005293__sub-031,13,3.5,2.5,3.0711813,13,254
10421,ds005293,sub-031,ds005293__sub-031,14,3.5,2.5,3.0979943,14,254
10422,ds005293,sub-031,ds005293__sub-031,15,4.0,2.5,3.1947925,15,254
10423,ds005293,sub-031,ds005293__sub-031,16,3.5,2.5,3.2308197,1,254
10424,ds005293,sub-031,ds005293__sub-031,17,4.0,2.5,3.2148693,14,254
10425,ds005293,sub-031,ds005293__sub-031,18,2.5,2.5,3.120027,14,254
10426,ds005293,sub-031,ds005293__sub-031,19,4.0,2.5,3.0842972,15,254
10427,ds005293,sub-031,ds005293__sub-031,20,3.0,4.5,3.3601494,0,254
10428,ds005293,sub-031,ds005293__sub-031,21,2.5,4.5,3.4029524,0,254
10429,ds005293,sub-031,ds005293__sub-031,22,2.5,4.5,3.2834604,1,254
10430,ds005293,sub-031,ds005293__sub-031,23,3.0,4.5,3.3863833,0,254
10431,ds005293,sub-031,ds005293__sub-031,24,2.5,4.5,3.476865,0,254
10432,ds005293,sub-031,ds005293__sub-031,25,3.5,4.5,3.306037,1,254
10433,ds005293,sub-031,ds005293__sub-031,26,3.5,4.5,3.2324507,2,254
10434,ds005293,sub-031,ds005293__sub-031,27,3.0,2.25,3.1168294,3,254
10435,ds005293,sub-031,ds005293__sub-031,28,3.5,2.25,3.010119,13,254
10436,ds005293,sub-031,ds005293__sub-031,29,4.0,2.25,2.9716897,15,254
10437,ds005293,sub-031,ds005293__sub-031,30,3.0,2.25,2.9362798,15,254
10438,ds005293,sub-031,ds005293__sub-031,31,3.0,2.25,2.9761553,12,254
10439,ds005293,sub-031,ds005293__sub-031,32,4.0,2.25,3.0268514,12,254
10440,ds005293,sub-031,ds005293__sub-031,33,4.0,2.25,3.0381835,14,254
10441,ds005293,sub-031,ds005293__sub-031,34,4.0,2.5,3.1109245,0,254
10442,ds005293,sub-031,ds005293__sub-031,35,3.5,4.5,3.160724,1,254
10443,ds005293,sub-031,ds005293__sub-031,36,2.5,4.5,3.2083502,2,254
10444,ds005293,sub-031,ds005293__sub-031,37,2.5,4.5,3.29789,3,254
10445,ds005293,sub-031,ds005293__sub-031,38,3.5,4.5,3.2825534,4,254
10446,ds005293,sub-031,ds005293__sub-031,39,2.5,4.5,3.1930954,5,254
10447,ds005293,sub-031,ds005293__sub-031,40,2.5,2.5,3.1541662,5,254
10448,ds005293,sub-031,ds005293__sub-031,41,2.5,3.5,3.3229759,3,254
10449,ds005293,sub-031,ds005293__sub-031,42,3.0,3.5,3.1687927,0,254
10450,ds005293,sub-031,ds005293__sub-031,43,3.0,2.5,3.1591442,0,254
10451,ds005293,sub-031,ds005293__sub-031,44,2.5,4.0,3.1649532,1,254
10452,ds005293,sub-031,ds005293__sub-031,45,3.5,4.0,3.3923278,2,254
10453,ds005293,sub-031,ds005293__sub-031,46,3.0,4.0,3.3565195,3,254
10454,ds005293,sub-031,ds005293__sub-031,47,3.0,4.0,3.4078531,0,254
10455,ds005293,sub-031,ds005293__sub-031,48,3.5,3.5,3.4608598,0,254
10456,ds005293,sub-031,ds005293__sub-031,49,3.5,3.5,3.4972434,0,254
10457,ds005293,sub-031,ds005293__sub-031,50,4.0,3.5,3.5104213,1,254
10458,ds005293,sub-031,ds005293__sub-031,51,2.5,3.5,3.47258,2,254
10459,ds005293,sub-031,ds005293__sub-031,52,4.0,3.5,3.399539,3,254
10460,ds005293,sub-031,ds005293__sub-031,53,3.0,3.5,3.2841654,4,254
10461,ds005293,sub-031,ds005293__sub-031,54,2.5,2.5,3.194705,5,254
10462,ds005293,sub-031,ds005293__sub-031,55,2.5,2.5,3.0850406,6,254
10463,ds005293,sub-031,ds005293__sub-031,56,3.0,2.5,3.0373583,8,254
10464,ds005293,sub-031,ds005293__sub-031,57,2.5,2.0,2.9868197,9,254
10465,ds005293,sub-031,ds005293__sub-031,58,3.5,2.5,3.0412292,10,254
10466,ds005293,sub-031,ds005293__sub-031,59,3.5,2.5,3.0049553,11,254
10467,ds005293,sub-031,ds005293__sub-031,60,3.0,2.5,3.1672826,0,254
10468,ds005293,sub-031,ds005293__sub-031,61,3.0,2.5,3.1575646,1,254
10469,ds005293,sub-031,ds005293__sub-031,62,3.0,4.5,3.214809,2,254
10470,ds005293,sub-031,ds005293__sub-031,63,3.0,2.5,3.1764011,3,254
10471,ds005293,sub-031,ds005293__sub-031,64,4.0,4.5,3.1815093,0,254
10472,ds005293,sub-031,ds005293__sub-031,65,4.0,4.5,3.2639985,1,254
10473,ds005293,sub-031,ds005293__sub-031,66,4.0,4.5,3.3394885,2,254
10474,ds005293,sub-032,ds005293__sub-032,0,3.5,3.75,3.6705544,0,255
10475,ds005293,sub-032,ds005293__sub-032,1,3.5,3.5,3.525396,1,255
10476,ds005293,sub-032,ds005293__sub-032,2,2.5,2.0,2.98248,2,255
10477,ds005293,sub-032,ds005293__sub-032,3,2.5,2.0,2.8048377,3,255
10478,ds005293,sub-032,ds005293__sub-032,4,3.5,2.0,2.7607818,4,255
10479,ds005293,sub-032,ds005293__sub-032,5,4.0,2.0,2.8013952,5,255
10480,ds005293,sub-032,ds005293__sub-032,6,2.5,2.0,2.816107,6,255
10481,ds005293,sub-032,ds005293__sub-032,7,2.5,2.0,2.8279274,7,255
10482,ds005293,sub-032,ds005293__sub-032,8,2.5,2.0,2.8440704,8,255
10483,ds005293,sub-032,ds005293__sub-032,9,3.0,2.0,2.8657866,9,255
10484,ds005293,sub-032,ds005293__sub-032,10,3.0,2.0,2.8945158,10,255
10485,ds005293,sub-032,ds005293__sub-032,11,2.5,2.0,2.9282212,11,255
10486,ds005293,sub-032,ds005293__sub-032,12,3.5,2.0,2.9596276,12,255
10487,ds005293,sub-032,ds005293__sub-032,13,3.0,2.0,2.9810474,13,255
10488,ds005293,sub-032,ds005293__sub-032,14,3.0,2.0,2.9965034,14,255
10489,ds005293,sub-032,ds005293__sub-032,15,3.5,2.0,3.0184727,15,255
10490,ds005293,sub-032,ds005293__sub-032,16,3.5,2.0,3.0633657,15,255
10491,ds005293,sub-032,ds005293__sub-032,17,4.0,3.0,3.1079957,15,255
10492,ds005293,sub-032,ds005293__sub-032,18,3.5,3.0,3.1015131,15,255
10493,ds005293,sub-032,ds005293__sub-032,19,4.0,2.0,3.0814567,15,255
10494,ds005293,sub-032,ds005293__sub-032,20,2.5,2.0,3.0881305,14,255
10495,ds005293,sub-032,ds005293__sub-032,21,4.0,2.0,3.132327,15,255
10496,ds005293,sub-032,ds005293__sub-032,22,3.0,2.0,3.1288614,14,255
10497,ds005293,sub-032,ds005293__sub-032,23,2.5,2.0,3.1139445,15,255
10498,ds005293,sub-032,ds005293__sub-032,24,2.5,2.0,3.0772586,15,255
10499,ds005293,sub-032,ds005293__sub-032,25,3.0,2.0,3.050148,15,255
10500,ds005293,sub-032,ds005293__sub-032,26,2.5,2.0,3.0433214,15,255
10501,ds005293,sub-032,ds005293__sub-032,27,3.5,2.0,3.0415883,14,255
10502,ds005293,sub-032,ds005293__sub-032,28,3.5,2.0,3.0764844,15,255
10503,ds005293,sub-032,ds005293__sub-032,29,4.0,2.0,3.0741053,15,255
10504,ds005293,sub-032,ds005293__sub-032,30,3.0,2.0,3.0676208,14,255
10505,ds005293,sub-032,ds005293__sub-032,31,3.5,3.0,3.0864978,15,255
10506,ds005293,sub-032,ds005293__sub-032,32,4.0,3.0,3.071712,14,255
10507,ds005293,sub-032,ds005293__sub-032,33,3.0,2.0,3.0750036,15,255
10508,ds005293,sub-032,ds005293__sub-032,34,3.0,2.0,3.074688,15,255
10509,ds005293,sub-032,ds005293__sub-032,35,4.0,2.0,3.0804043,15,255
10510,ds005293,sub-032,ds005293__sub-032,36,3.0,2.0,3.0719948,15,255
10511,ds005293,sub-032,ds005293__sub-032,37,4.0,2.0,3.141894,15,255
10512,ds005293,sub-032,ds005293__sub-032,38,4.0,2.0,3.1254683,15,255
10513,ds005293,sub-032,ds005293__sub-032,39,4.0,2.0,3.1231146,15,255
10514,ds005293,sub-032,ds005293__sub-032,40,3.5,2.0,3.0968225,15,255
10515,ds005293,sub-032,ds005293__sub-032,41,3.5,2.0,3.0685117,15,255
10516,ds005293,sub-032,ds005293__sub-032,42,2.5,2.0,3.0532117,14,255
10517,ds005293,sub-032,ds005293__sub-032,43,2.5,2.0,3.0386844,15,255
10518,ds005293,sub-032,ds005293__sub-032,44,3.5,2.0,3.0412924,12,255
10519,ds005293,sub-032,ds005293__sub-032,45,4.0,2.0,3.0635097,14,255
10520,ds005293,sub-032,ds005293__sub-032,46,2.5,2.0,3.0512009,15,255
10521,ds005293,sub-032,ds005293__sub-032,47,2.5,2.0,3.0347357,15,255
10522,ds005293,sub-032,ds005293__sub-032,48,2.5,2.0,3.0551162,15,255
10523,ds005293,sub-032,ds005293__sub-032,49,3.0,2.0,3.0509012,15,255
10524,ds005293,sub-032,ds005293__sub-032,50,3.0,2.0,3.0348678,14,255
10525,ds005293,sub-032,ds005293__sub-032,51,2.5,2.0,3.0520978,15,255
10526,ds005293,sub-032,ds005293__sub-032,52,3.5,2.0,3.0454857,15,255
10527,ds005293,sub-032,ds005293__sub-032,53,3.0,3.0,3.0606909,15,255
10528,ds005293,sub-032,ds005293__sub-032,54,3.0,3.0,3.078989,15,255
10529,ds005293,sub-032,ds005293__sub-032,55,3.5,2.25,3.0755434,15,255
10530,ds005293,sub-032,ds005293__sub-032,56,3.5,3.0,3.0694523,14,255
10531,ds005293,sub-032,ds005293__sub-032,57,4.0,3.0,3.0826793,15,255
10532,ds005293,sub-032,ds005293__sub-032,58,3.5,2.0,3.072045,15,255
10533,ds005293,sub-032,ds005293__sub-032,59,4.0,2.0,3.05479,15,255
10534,ds005293,sub-032,ds005293__sub-032,60,2.5,2.0,3.070372,14,255
10535,ds005293,sub-032,ds005293__sub-032,61,4.0,2.0,3.109278,15,255
10536,ds005293,sub-032,ds005293__sub-032,62,3.0,2.0,3.1034799,15,255
10537,ds005293,sub-032,ds005293__sub-032,63,2.5,2.0,3.085435,15,255
10538,ds005293,sub-032,ds005293__sub-032,64,2.5,2.0,3.08279,15,255
10539,ds005293,sub-032,ds005293__sub-032,65,3.0,2.0,3.0783863,15,255
10540,ds005293,sub-032,ds005293__sub-032,66,2.5,2.0,3.0723977,14,255
10541,ds005293,sub-032,ds005293__sub-032,67,3.5,2.0,3.067551,15,255
10542,ds005293,sub-032,ds005293__sub-032,68,3.5,2.0,3.0911903,15,255
10543,ds005293,sub-032,ds005293__sub-032,69,4.0,3.0,3.1176612,15,255
10544,ds005293,sub-032,ds005293__sub-032,70,3.0,3.0,3.1107507,15,255
10545,ds005293,sub-032,ds005293__sub-032,71,3.5,3.0,3.1189837,15,255
10546,ds005293,sub-032,ds005293__sub-032,72,4.0,3.0,3.1324272,15,255
10547,ds005293,sub-032,ds005293__sub-032,73,3.0,3.0,3.1250854,15,255
10548,ds005293,sub-032,ds005293__sub-032,74,3.0,4.5,3.162794,14,255
10549,ds005293,sub-032,ds005293__sub-032,75,4.0,4.5,3.183609,15,255
10550,ds005293,sub-032,ds005293__sub-032,76,3.0,4.5,3.181672,14,255
10551,ds005293,sub-032,ds005293__sub-032,77,4.0,2.0,3.1078238,15,255
10552,ds005293,sub-032,ds005293__sub-032,78,4.0,2.0,3.0966806,15,255
10553,ds005293,sub-032,ds005293__sub-032,79,4.0,2.0,3.1145847,14,255
10554,ds005293,sub-033,ds005293__sub-033,0,3.0,3.75,3.4729214,0,256
10555,ds005293,sub-033,ds005293__sub-033,1,3.0,3.0,3.2808006,1,256
10556,ds005293,sub-033,ds005293__sub-033,2,2.0,4.0,3.2407064,2,256
10557,ds005293,sub-033,ds005293__sub-033,3,2.0,4.0,3.1465614,3,256
10558,ds005293,sub-033,ds005293__sub-033,4,3.0,3.5,3.0871382,4,256
10559,ds005293,sub-033,ds005293__sub-033,5,3.5,3.5,3.0970316,5,256
10560,ds005293,sub-033,ds005293__sub-033,6,2.0,3.5,3.1007166,6,256
10561,ds005293,sub-033,ds005293__sub-033,7,2.0,3.0,3.0818841,7,256
10562,ds005293,sub-033,ds005293__sub-033,8,2.0,2.0,3.0850778,8,256
10563,ds005293,sub-033,ds005293__sub-033,9,2.5,3.0,3.0936863,9,256
10564,ds005293,sub-033,ds005293__sub-033,10,2.5,3.0,3.1033804,10,256
10565,ds005293,sub-033,ds005293__sub-033,11,2.0,3.0,3.1058807,11,256
10566,ds005293,sub-033,ds005293__sub-033,12,3.0,3.0,3.121954,12,256
10567,ds005293,sub-033,ds005293__sub-033,13,2.5,3.0,3.1316361,13,256
10568,ds005293,sub-033,ds005293__sub-033,14,2.5,3.0,3.140491,14,256
10569,ds005293,sub-033,ds005293__sub-033,15,3.0,3.0,3.145526,15,256
10570,ds005293,sub-033,ds005293__sub-033,16,3.0,3.0,3.1529343,15,256
10571,ds005293,sub-033,ds005293__sub-033,17,3.5,3.0,3.1685295,15,256
10572,ds005293,sub-033,ds005293__sub-033,18,3.0,3.0,3.158494,15,256
10573,ds005293,sub-033,ds005293__sub-033,19,3.5,3.0,3.148775,15,256
10574,ds005293,sub-033,ds005293__sub-033,20,2.0,3.0,3.1460748,15,256
10575,ds005293,sub-033,ds005293__sub-033,21,3.5,2.0,3.1318393,15,256
10576,ds005293,sub-033,ds005293__sub-033,22,2.5,2.0,3.1241932,15,256
10577,ds005293,sub-033,ds005293__sub-033,23,2.0,3.0,3.1277795,15,256
10578,ds005293,sub-033,ds005293__sub-033,24,2.0,3.0,3.1275048,15,256
10579,ds005293,sub-033,ds005293__sub-033,25,2.5,3.0,3.1356494,15,256
10580,ds005293,sub-033,ds005293__sub-033,26,2.0,2.0,3.1398745,15,256
10581,ds005293,sub-033,ds005293__sub-033,27,3.0,3.0,3.1561494,13,256
10582,ds005293,sub-033,ds005293__sub-033,28,3.0,3.0,3.1566868,14,256
10583,ds005293,sub-033,ds005293__sub-033,29,3.5,3.0,3.1606805,15,256
10584,ds005293,sub-033,ds005293__sub-033,30,2.5,3.0,3.171573,15,256
10585,ds005293,sub-033,ds005293__sub-033,31,3.0,3.0,3.181766,15,256
10586,ds005293,sub-033,ds005293__sub-033,32,3.5,3.0,3.1920748,15,256
10587,ds005293,sub-033,ds005293__sub-033,33,2.5,3.0,3.1803946,15,256
10588,ds005293,sub-033,ds005293__sub-033,34,2.5,3.0,3.1661086,14,256
10589,ds005293,sub-033,ds005293__sub-033,35,3.5,2.0,3.1161199,15,256
10590,ds005293,sub-033,ds005293__sub-033,36,2.5,2.0,3.1092396,14,256
10591,ds005293,sub-033,ds005293__sub-033,37,3.5,2.0,3.1280017,15,256
10592,ds005293,sub-033,ds005293__sub-033,38,3.5,2.0,3.1227064,15,256
10593,ds005293,sub-033,ds005293__sub-033,39,3.5,2.0,3.1197557,15,256
10594,ds005293,sub-033,ds005293__sub-033,40,3.0,2.0,3.1224918,15,256
10595,ds005293,sub-033,ds005293__sub-033,41,3.0,2.0,3.1304297,15,256
10596,ds005293,sub-033,ds005293__sub-033,42,2.0,3.0,3.1334054,15,256
10597,ds005293,sub-033,ds005293__sub-033,43,2.0,3.0,3.12904,14,256
10598,ds005293,sub-033,ds005293__sub-033,44,3.0,2.0,3.120846,15,256
10599,ds005293,sub-033,ds005293__sub-033,45,3.5,2.0,3.1192374,15,256
10600,ds005293,sub-033,ds005293__sub-033,46,2.0,2.0,3.1234186,15,256
10601,ds005293,sub-033,ds005293__sub-033,47,2.0,2.0,3.1215441,14,256
10602,ds005293,sub-033,ds005293__sub-033,48,2.0,2.0,3.131689,14,256
10603,ds005293,sub-033,ds005293__sub-033,49,2.5,3.0,3.1327856,15,256
10604,ds005293,sub-033,ds005293__sub-033,50,2.5,3.0,3.1256218,14,256
10605,ds005293,sub-033,ds005293__sub-033,51,2.0,3.0,3.133729,15,256
10606,ds005293,sub-033,ds005293__sub-033,52,3.0,3.0,3.138507,14,256
10607,ds005293,sub-033,ds005293__sub-033,53,2.5,3.0,3.1543136,15,256
10608,ds005293,sub-033,ds005293__sub-033,54,2.5,3.0,3.1608713,14,256
10609,ds005293,sub-033,ds005293__sub-033,55,3.0,3.0,3.1674695,15,256
10610,ds005293,sub-033,ds005293__sub-033,56,3.0,2.0,3.1681595,14,256
10611,ds005293,sub-033,ds005293__sub-033,57,3.5,3.0,3.1757865,15,256
10612,ds005293,sub-033,ds005293__sub-033,58,3.0,3.0,3.1643653,15,256
10613,ds005293,sub-033,ds005293__sub-033,59,3.5,3.0,3.1519766,14,256
10614,ds005293,sub-033,ds005293__sub-033,60,2.0,2.0,3.1165686,15,256
10615,ds005293,sub-033,ds005293__sub-033,61,3.5,3.0,3.1487105,15,256
10616,ds005293,sub-033,ds005293__sub-033,62,2.5,3.0,3.151651,15,256
10617,ds005293,sub-033,ds005293__sub-033,63,2.0,3.0,3.1493008,15,256
10618,ds005293,sub-033,ds005293__sub-033,64,2.0,3.0,3.1487217,12,256
10619,ds005293,sub-033,ds005293__sub-033,65,2.5,3.0,3.1484604,13,256
10620,ds005293,sub-033,ds005293__sub-033,66,2.0,2.0,3.1462197,14,256
10621,ds005293,sub-033,ds005293__sub-033,67,3.0,3.0,3.147316,15,256
10622,ds005293,sub-033,ds005293__sub-033,68,3.5,3.0,3.135765,15,256
10623,ds005293,sub-033,ds005293__sub-033,69,2.5,3.0,3.126715,15,256
10624,ds005293,sub-033,ds005293__sub-033,70,3.0,3.0,3.1256337,15,256
10625,ds005293,sub-033,ds005293__sub-033,71,3.5,2.0,3.1159163,15,256
10626,ds005293,sub-033,ds005293__sub-033,72,2.5,2.0,3.1022444,15,256
10627,ds005293,sub-033,ds005293__sub-033,73,2.5,2.0,3.1060002,15,256
10628,ds005293,sub-033,ds005293__sub-033,74,3.5,2.0,3.1081955,15,256
10629,ds005293,sub-033,ds005293__sub-033,75,2.5,2.0,3.132253,14,256
10630,ds005293,sub-033,ds005293__sub-033,76,3.5,2.0,3.1371307,15,256
10631,ds005293,sub-033,ds005293__sub-033,77,3.5,2.0,3.1362953,15,256
10632,ds005293,sub-033,ds005293__sub-033,78,3.5,2.0,3.1266708,14,256
10633,ds005293,sub-034,ds005293__sub-034,0,3.5,3.75,3.5311515,0,257
10634,ds005293,sub-034,ds005293__sub-034,1,3.5,3.5,3.3739052,1,257
10635,ds005293,sub-034,ds005293__sub-034,2,2.5,2.0,2.9717917,2,257
10636,ds005293,sub-034,ds005293__sub-034,3,2.5,2.0,2.7813954,3,257
10637,ds005293,sub-034,ds005293__sub-034,4,3.5,2.0,2.7624938,4,257
10638,ds005293,sub-034,ds005293__sub-034,5,4.0,2.0,2.8366654,5,257
10639,ds005293,sub-034,ds005293__sub-034,6,2.5,2.0,2.8937626,6,257
10640,ds005293,sub-034,ds005293__sub-034,7,2.5,2.0,2.910658,7,257
10641,ds005293,sub-034,ds005293__sub-034,8,2.5,2.0,2.9496953,8,257
10642,ds005293,sub-034,ds005293__sub-034,9,3.0,2.0,2.965823,9,257
10643,ds005293,sub-034,ds005293__sub-034,10,3.0,2.0,3.0078788,10,257
10644,ds005293,sub-034,ds005293__sub-034,11,2.5,2.0,3.042674,11,257
10645,ds005293,sub-034,ds005293__sub-034,12,3.5,2.0,3.0648823,12,257
10646,ds005293,sub-034,ds005293__sub-034,13,3.0,3.0,3.0962577,13,257
10647,ds005293,sub-034,ds005293__sub-034,14,3.0,3.0,3.1130576,14,257
10648,ds005293,sub-034,ds005293__sub-034,15,3.5,3.0,3.1348643,15,257
10649,ds005293,sub-034,ds005293__sub-034,16,3.5,3.0,3.1619692,15,257
10650,ds005293,sub-034,ds005293__sub-034,17,4.0,3.0,3.1745028,15,257
10651,ds005293,sub-034,ds005293__sub-034,18,4.0,3.5,3.183578,14,257
10652,ds005293,sub-034,ds005293__sub-034,19,2.5,3.5,3.157834,15,257
10653,ds005293,sub-034,ds005293__sub-034,20,4.0,3.5,3.1417618,12,257
10654,ds005293,sub-034,ds005293__sub-034,21,3.0,3.5,3.1251488,11,257
10655,ds005293,sub-034,ds005293__sub-034,22,2.5,3.5,3.1131153,14,257
10656,ds005293,sub-034,ds005293__sub-034,23,2.5,3.5,3.1076632,15,257
10657,ds005293,sub-034,ds005293__sub-034,24,3.0,3.5,3.1226718,15,257
10658,ds005293,sub-034,ds005293__sub-034,25,2.5,3.5,3.11971,14,257
10659,ds005293,sub-034,ds005293__sub-034,26,3.5,3.5,3.1053567,14,257
10660,ds005293,sub-034,ds005293__sub-034,27,3.5,3.5,3.1106315,15,257
10661,ds005293,sub-034,ds005293__sub-034,28,4.0,3.5,3.1409657,15,257
10662,ds005293,sub-034,ds005293__sub-034,29,3.0,3.5,3.128871,15,257
10663,ds005293,sub-034,ds005293__sub-034,30,3.5,2.0,3.1141474,14,257
10664,ds005293,sub-034,ds005293__sub-034,31,4.0,2.0,3.1163723,15,257
10665,ds005293,sub-034,ds005293__sub-034,32,3.0,2.0,3.1143935,14,257
10666,ds005293,sub-034,ds005293__sub-034,33,3.0,2.0,3.1035001,15,257
10667,ds005293,sub-034,ds005293__sub-034,34,4.0,2.25,3.152388,15,257
10668,ds005293,sub-034,ds005293__sub-034,35,3.0,4.5,3.1581228,14,257
10669,ds005293,sub-034,ds005293__sub-034,36,4.0,4.5,3.1598947,15,257
10670,ds005293,sub-034,ds005293__sub-034,37,4.0,2.0,3.1354694,15,257
10671,ds005293,sub-034,ds005293__sub-034,38,3.5,2.0,3.112494,14,257
10672,ds005293,sub-034,ds005293__sub-034,39,3.5,2.0,3.090753,15,257
10673,ds005293,sub-034,ds005293__sub-034,40,2.5,2.0,3.0620203,14,257
10674,ds005293,sub-034,ds005293__sub-034,41,2.5,2.0,3.0412817,15,257
10675,ds005293,sub-034,ds005293__sub-034,42,3.5,2.0,3.0483906,14,257
10676,ds005293,sub-034,ds005293__sub-034,43,4.0,2.0,3.042563,14,257
10677,ds005293,sub-034,ds005293__sub-034,44,2.5,2.0,3.0540626,15,257
10678,ds005293,sub-034,ds005293__sub-034,45,2.5,3.5,3.0616064,15,257
10679,ds005293,sub-034,ds005293__sub-034,46,2.5,3.5,3.0785217,15,257
10680,ds005293,sub-034,ds005293__sub-034,47,3.0,2.0,3.064281,15,257
10681,ds005293,sub-034,ds005293__sub-034,48,3.0,2.0,3.079465,15,257
10682,ds005293,sub-034,ds005293__sub-034,49,3.5,3.5,3.0817275,15,257
10683,ds005293,sub-034,ds005293__sub-034,50,3.0,3.0,3.0920177,15,257
10684,ds005293,sub-034,ds005293__sub-034,51,3.0,3.5,3.091451,15,257
10685,ds005293,sub-034,ds005293__sub-034,52,3.5,3.0,3.0879393,15,257
10686,ds005293,sub-034,ds005293__sub-034,53,3.5,3.5,3.0812588,14,257
10687,ds005293,sub-034,ds005293__sub-034,54,4.0,3.5,3.1115656,15,257
10688,ds005293,sub-034,ds005293__sub-034,55,3.5,3.5,3.14673,15,257
10689,ds005293,sub-034,ds005293__sub-034,56,4.0,3.5,3.126183,13,257
10690,ds005293,sub-034,ds005293__sub-034,57,2.5,3.5,3.1307306,14,257
10691,ds005293,sub-034,ds005293__sub-034,58,4.0,3.5,3.1489878,15,257
10692,ds005293,sub-034,ds005293__sub-034,59,3.0,3.5,3.1396024,15,257
10693,ds005293,sub-034,ds005293__sub-034,60,2.5,3.5,3.118908,15,257
10694,ds005293,sub-034,ds005293__sub-034,61,2.5,3.5,3.1047878,15,257
10695,ds005293,sub-034,ds005293__sub-034,62,3.0,3.5,3.1110678,15,257
10696,ds005293,sub-034,ds005293__sub-034,63,2.5,3.5,3.1066413,14,257
10697,ds005293,sub-034,ds005293__sub-034,64,3.5,3.5,3.105076,15,257
10698,ds005293,sub-034,ds005293__sub-034,65,3.5,3.5,3.1013517,11,257
10699,ds005293,sub-034,ds005293__sub-034,66,4.0,2.0,3.097951,12,257
10700,ds005293,sub-034,ds005293__sub-034,67,3.0,3.5,3.1083138,13,257
10701,ds005293,sub-034,ds005293__sub-034,68,3.5,3.5,3.1187224,14,257
10702,ds005293,sub-034,ds005293__sub-034,69,4.0,3.5,3.1340427,15,257
10703,ds005293,sub-034,ds005293__sub-034,70,3.0,3.5,3.1780157,15,257
10704,ds005293,sub-034,ds005293__sub-034,71,3.0,3.5,3.1683676,14,257
10705,ds005293,sub-034,ds005293__sub-034,72,3.0,4.5,3.1998649,15,257
10706,ds005293,sub-034,ds005293__sub-034,73,4.0,4.5,3.2334442,15,257
10707,ds005293,sub-035,ds005293__sub-035,0,3.5,3.75,3.6617403,0,258
10708,ds005293,sub-035,ds005293__sub-035,1,3.5,3.75,3.6950102,1,258
10709,ds005293,sub-035,ds005293__sub-035,2,2.5,3.75,3.3054278,2,258
10710,ds005293,sub-035,ds005293__sub-035,3,2.5,2.25,2.5543613,3,258
10711,ds005293,sub-035,ds005293__sub-035,4,3.5,2.25,2.5962594,3,258
10712,ds005293,sub-035,ds005293__sub-035,5,4.0,2.25,2.7715135,4,258
10713,ds005293,sub-035,ds005293__sub-035,6,2.5,2.25,2.7885003,5,258
10714,ds005293,sub-035,ds005293__sub-035,7,2.5,2.25,2.728858,6,258
10715,ds005293,sub-035,ds005293__sub-035,8,2.5,2.25,2.8304057,0,258
10716,ds005293,sub-035,ds005293__sub-035,9,3.0,2.25,2.925424,1,258
10717,ds005293,sub-035,ds005293__sub-035,10,3.0,2.25,2.9750028,2,258
10718,ds005293,sub-035,ds005293__sub-035,11,2.5,3.75,3.1597047,0,258
10719,ds005293,sub-035,ds005293__sub-035,12,3.5,3.75,3.3977969,0,258
10720,ds005293,sub-035,ds005293__sub-035,13,3.0,3.75,3.4780846,0,258
10721,ds005293,sub-035,ds005293__sub-035,14,3.0,3.75,3.4386973,1,258
10722,ds005293,sub-035,ds005293__sub-035,15,3.5,3.75,3.5550957,0,258
10723,ds005293,sub-035,ds005293__sub-035,16,3.5,3.75,3.5997372,1,258
10724,ds005293,sub-035,ds005293__sub-035,17,4.0,4.0,3.6796994,0,258
10725,ds005293,sub-035,ds005293__sub-035,18,3.5,4.5,3.8177755,0,258
10726,ds005293,sub-035,ds005293__sub-035,19,4.0,4.5,4.191679,0,258
10727,ds005293,sub-035,ds005293__sub-035,20,2.5,4.5,3.9845037,1,258
10728,ds005293,sub-035,ds005293__sub-035,21,4.0,4.5,4.1183047,3,258
10729,ds005293,sub-035,ds005293__sub-035,22,3.0,4.5,3.8980951,1,258
10730,ds005293,sub-035,ds005293__sub-035,23,2.5,4.5,3.7871008,2,258
10731,ds005293,sub-035,ds005293__sub-035,24,2.5,4.5,3.6180754,3,258
10732,ds005293,sub-035,ds005293__sub-035,25,3.0,4.5,3.4074035,4,258
10733,ds005293,sub-035,ds005293__sub-035,26,2.5,4.0,3.566025,5,258
10734,ds005293,sub-035,ds005293__sub-035,27,3.5,4.0,3.8243818,0,258
10735,ds005293,sub-035,ds005293__sub-035,28,3.5,4.0,3.7868872,1,258
10736,ds005293,sub-035,ds005293__sub-035,29,4.0,4.0,3.6899652,0,258
10737,ds005293,sub-035,ds005293__sub-035,30,3.0,4.0,3.6597943,1,258
10738,ds005293,sub-035,ds005293__sub-035,31,3.5,4.0,3.623439,2,258
10739,ds005293,sub-035,ds005293__sub-035,32,4.0,4.5,3.8659544,0,258
10740,ds005293,sub-035,ds005293__sub-035,33,3.0,4.5,3.8260958,1,258
10741,ds005293,sub-035,ds005293__sub-035,34,3.0,4.5,3.8338609,2,258
10742,ds005293,sub-035,ds005293__sub-035,35,4.0,4.5,3.9006467,0,258
10743,ds005293,sub-035,ds005293__sub-035,36,3.0,4.5,3.8071773,1,258
10744,ds005293,sub-035,ds005293__sub-035,37,4.0,4.5,3.7659938,2,258
10745,ds005293,sub-035,ds005293__sub-035,38,4.0,4.5,3.8390462,0,258
10746,ds005293,sub-035,ds005293__sub-035,39,4.0,4.5,3.805907,1,258
10747,ds005293,sub-035,ds005293__sub-035,40,3.5,3.75,3.6971087,0,258
10748,ds005293,sub-035,ds005293__sub-035,41,3.5,3.75,3.660087,1,258
10749,ds005293,sub-035,ds005293__sub-035,42,2.5,3.75,3.6034794,2,258
10750,ds005293,sub-035,ds005293__sub-035,43,2.5,4.0,3.5922055,3,258
10751,ds005293,sub-035,ds005293__sub-035,44,3.5,3.75,3.762801,0,258
10752,ds005293,sub-035,ds005293__sub-035,45,4.0,4.0,3.837642,1,258
10753,ds005293,sub-035,ds005293__sub-035,46,2.5,4.0,3.787051,2,258
10754,ds005293,sub-035,ds005293__sub-035,47,2.5,4.0,3.6996653,3,258
10755,ds005293,sub-035,ds005293__sub-035,48,2.5,4.0,3.6436634,4,258
10756,ds005293,sub-035,ds005293__sub-035,49,3.0,2.25,3.371027,5,258
10757,ds005293,sub-035,ds005293__sub-035,50,3.0,2.25,3.2646165,5,258
10758,ds005293,sub-035,ds005293__sub-035,51,2.5,2.25,3.166024,6,258
10759,ds005293,sub-035,ds005293__sub-035,52,3.5,3.75,3.2867427,0,258
10760,ds005293,sub-035,ds005293__sub-035,53,3.0,3.75,3.5876377,0,258
10761,ds005293,sub-035,ds005293__sub-035,54,3.0,3.75,3.5331223,1,258
10762,ds005293,sub-035,ds005293__sub-035,55,3.5,3.75,3.6410325,2,258
10763,ds005293,sub-035,ds005293__sub-035,56,3.5,3.75,3.651708,3,258
10764,ds005293,sub-035,ds005293__sub-035,57,4.0,3.75,3.8431902,0,258
10765,ds005293,sub-035,ds005293__sub-035,58,3.5,3.75,3.8186033,1,258
10766,ds005293,sub-035,ds005293__sub-035,59,4.0,4.5,3.822808,2,258
10767,ds005293,sub-035,ds005293__sub-035,60,2.5,4.5,3.83671,3,258
10768,ds005293,sub-035,ds005293__sub-035,61,4.0,4.5,4.0313993,0,258
10769,ds005293,sub-035,ds005293__sub-035,62,3.0,4.5,3.7119975,1,258
10770,ds005293,sub-035,ds005293__sub-035,63,2.5,4.5,3.5095544,0,258
10771,ds005293,sub-035,ds005293__sub-035,64,2.5,4.5,3.4103293,1,258
10772,ds005293,sub-035,ds005293__sub-035,65,3.0,4.5,3.4020138,0,258
10773,ds005293,sub-035,ds005293__sub-035,66,2.5,4.0,3.482635,0,258
10774,ds005293,sub-035,ds005293__sub-035,67,3.5,4.0,3.6807823,0,258
10775,ds005293,sub-035,ds005293__sub-035,68,3.5,4.0,3.648062,0,258
10776,ds005293,sub-035,ds005293__sub-035,69,4.0,4.0,3.7687547,0,258
10777,ds005293,sub-035,ds005293__sub-035,70,3.0,4.0,3.623241,1,258
10778,ds005293,sub-035,ds005293__sub-035,71,3.5,4.0,3.6012468,2,258
10779,ds005293,sub-035,ds005293__sub-035,72,4.0,4.5,3.768249,0,258
10780,ds005293,sub-035,ds005293__sub-035,73,3.0,4.5,3.656815,1,258
10781,ds005293,sub-035,ds005293__sub-035,74,3.0,4.0,3.556679,2,258
10782,ds005293,sub-035,ds005293__sub-035,75,4.0,4.5,4.0163574,0,258
10783,ds005293,sub-035,ds005293__sub-035,76,3.0,4.5,4.0248337,1,258
10784,ds005293,sub-035,ds005293__sub-035,77,4.0,4.5,4.150853,0,258
10785,ds005293,sub-035,ds005293__sub-035,78,4.0,4.5,4.1733027,1,258
10786,ds005293,sub-035,ds005293__sub-035,79,4.0,4.5,4.2213984,2,258
10787,ds005293,sub-036,ds005293__sub-036,0,3.0,3.75,3.5325117,0,259
10788,ds005293,sub-036,ds005293__sub-036,1,3.0,3.75,3.4108536,1,259
10789,ds005293,sub-036,ds005293__sub-036,2,2.0,3.5,3.2986255,2,259
10790,ds005293,sub-036,ds005293__sub-036,3,2.0,2.0,3.0839078,3,259
10791,ds005293,sub-036,ds005293__sub-036,4,3.0,2.0,3.0817378,4,259
10792,ds005293,sub-036,ds005293__sub-036,5,3.5,3.5,3.11304,5,259
10793,ds005293,sub-036,ds005293__sub-036,6,2.0,2.25,3.1285524,6,259
10794,ds005293,sub-036,ds005293__sub-036,7,2.0,2.25,3.14159,7,259
10795,ds005293,sub-036,ds005293__sub-036,8,2.0,2.25,3.164165,6,259
10796,ds005293,sub-036,ds005293__sub-036,9,2.5,2.25,3.1861904,7,259
10797,ds005293,sub-036,ds005293__sub-036,10,2.5,2.25,3.1830573,8,259
10798,ds005293,sub-036,ds005293__sub-036,11,2.0,2.25,3.1991498,9,259
10799,ds005293,sub-036,ds005293__sub-036,12,3.0,4.5,3.2174094,10,259
10800,ds005293,sub-036,ds005293__sub-036,13,2.5,3.75,3.2344217,11,259
10801,ds005293,sub-036,ds005293__sub-036,14,2.5,4.5,3.238184,12,259
10802,ds005293,sub-036,ds005293__sub-036,15,3.0,4.5,3.2547174,13,259
10803,ds005293,sub-036,ds005293__sub-036,16,3.0,4.5,3.2778533,14,259
10804,ds005293,sub-036,ds005293__sub-036,17,3.5,3.75,3.2742686,15,259
10805,ds005293,sub-036,ds005293__sub-036,18,3.0,3.75,3.2887392,15,259
10806,ds005293,sub-036,ds005293__sub-036,19,3.5,3.75,3.2909384,14,259
10807,ds005293,sub-036,ds005293__sub-036,20,2.0,4.5,3.2451913,15,259
10808,ds005293,sub-036,ds005293__sub-036,21,3.5,4.5,3.2365675,12,259
10809,ds005293,sub-036,ds005293__sub-036,22,2.5,4.5,3.2164326,13,259
10810,ds005293,sub-036,ds005293__sub-036,23,2.0,4.5,3.219131,14,259
10811,ds005293,sub-036,ds005293__sub-036,24,2.0,4.5,3.221049,14,259
10812,ds005293,sub-036,ds005293__sub-036,25,2.5,3.5,3.2157183,15,259
10813,ds005293,sub-036,ds005293__sub-036,26,2.0,3.5,3.2156897,14,259
10814,ds005293,sub-036,ds005293__sub-036,27,3.0,3.5,3.2063396,15,259
10815,ds005293,sub-036,ds005293__sub-036,28,3.0,3.5,3.1925116,15,259
10816,ds005293,sub-036,ds005293__sub-036,29,3.5,3.5,3.1843894,14,259
10817,ds005293,sub-036,ds005293__sub-036,30,2.5,2.0,3.1882987,15,259
10818,ds005293,sub-036,ds005293__sub-036,31,3.0,2.0,3.1822548,15,259
10819,ds005293,sub-036,ds005293__sub-036,32,3.5,2.0,3.195201,15,259
10820,ds005293,sub-036,ds005293__sub-036,33,2.5,4.5,3.198655,13,259
10821,ds005293,sub-036,ds005293__sub-036,34,2.5,4.5,3.1966658,14,259
10822,ds005293,sub-036,ds005293__sub-036,35,3.5,4.5,3.1985803,12,259
10823,ds005293,sub-036,ds005293__sub-036,36,2.5,4.5,3.2047548,13,259
10824,ds005293,sub-036,ds005293__sub-036,37,3.5,2.0,3.1899028,14,259
10825,ds005293,sub-036,ds005293__sub-036,38,3.5,2.0,3.178205,15,259
10826,ds005293,sub-036,ds005293__sub-036,39,3.5,2.0,3.16949,15,259
10827,ds005293,sub-036,ds005293__sub-036,40,3.0,2.0,3.1705425,12,259
10828,ds005293,sub-036,ds005293__sub-036,41,3.0,2.0,3.1781304,12,259
10829,ds005293,sub-036,ds005293__sub-036,42,2.0,2.0,3.1566608,13,259
10830,ds005293,sub-036,ds005293__sub-036,43,2.0,2.0,3.1385238,13,259
10831,ds005293,sub-036,ds005293__sub-036,44,3.0,2.0,3.1364841,14,259
10832,ds005293,sub-036,ds005293__sub-036,45,3.5,2.0,3.1368551,12,259
10833,ds005293,sub-036,ds005293__sub-036,46,2.0,2.0,3.1437767,13,259
10834,ds005293,sub-036,ds005293__sub-036,47,2.0,2.0,3.146402,14,259
10835,ds005293,sub-036,ds005293__sub-036,48,2.0,2.0,3.1536374,15,259
10836,ds005293,sub-036,ds005293__sub-036,49,2.5,2.0,3.1532016,15,259
10837,ds005293,sub-036,ds005293__sub-036,50,2.5,2.0,3.133068,14,259
10838,ds005293,sub-036,ds005293__sub-036,51,2.0,2.0,3.160448,15,259
10839,ds005293,sub-036,ds005293__sub-036,52,3.0,2.0,3.1461506,13,259
10840,ds005293,sub-036,ds005293__sub-036,53,2.5,2.0,3.1656222,14,259
10841,ds005293,sub-036,ds005293__sub-036,54,2.5,3.75,3.1826806,15,259
10842,ds005293,sub-036,ds005293__sub-036,55,3.0,3.75,3.1687772,15,259
10843,ds005293,sub-036,ds005293__sub-036,56,3.0,4.5,3.1923032,15,259
10844,ds005293,sub-036,ds005293__sub-036,57,3.5,4.5,3.2155256,13,259
10845,ds005293,sub-036,ds005293__sub-036,58,3.0,4.5,3.2136106,14,259
10846,ds005293,sub-036,ds005293__sub-036,59,3.5,3.75,3.2060795,13,259
10847,ds005293,sub-036,ds005293__sub-036,60,2.0,4.5,3.2020874,15,259
10848,ds005293,sub-036,ds005293__sub-036,61,3.5,4.5,3.2084394,13,259
10849,ds005293,sub-036,ds005293__sub-036,62,2.5,3.75,3.1895869,14,259
10850,ds005293,sub-036,ds005293__sub-036,63,2.0,3.75,3.1892889,15,259
10851,ds005293,sub-036,ds005293__sub-036,64,2.0,3.75,3.1935842,15,259
10852,ds005293,sub-036,ds005293__sub-036,65,2.5,3.75,3.1970444,15,259
10853,ds005293,sub-036,ds005293__sub-036,66,2.0,3.75,3.1828365,15,259
10854,ds005293,sub-036,ds005293__sub-036,67,3.0,3.75,3.1829734,15,259
10855,ds005293,sub-036,ds005293__sub-036,68,3.0,2.0,3.1826167,14,259
10856,ds005293,sub-036,ds005293__sub-036,69,3.5,2.0,3.176176,12,259
10857,ds005293,sub-036,ds005293__sub-036,70,2.5,2.0,3.1776767,13,259
10858,ds005293,sub-036,ds005293__sub-036,71,3.0,3.75,3.1873522,13,259
10859,ds005293,sub-036,ds005293__sub-036,72,3.5,3.75,3.2101827,14,259
10860,ds005293,sub-036,ds005293__sub-036,73,2.5,3.75,3.2246418,15,259
10861,ds005293,sub-036,ds005293__sub-036,74,2.5,3.75,3.2276125,12,259
10862,ds005293,sub-036,ds005293__sub-036,75,3.5,4.5,3.237709,13,259
10863,ds005293,sub-036,ds005293__sub-036,76,2.5,4.5,3.2252173,12,259
10864,ds005293,sub-036,ds005293__sub-036,77,3.5,4.5,3.2323685,14,259
10865,ds005293,sub-036,ds005293__sub-036,78,3.5,4.5,3.239779,15,259
10866,ds005293,sub-036,ds005293__sub-036,79,3.5,4.5,3.2433925,13,259
10867,ds005293,sub-037,ds005293__sub-037,0,3.0,3.75,3.5698924,0,260
10868,ds005293,sub-037,ds005293__sub-037,1,3.0,4.0,3.429672,1,260
10869,ds005293,sub-037,ds005293__sub-037,2,2.0,4.0,3.0720131,2,260
10870,ds005293,sub-037,ds005293__sub-037,3,2.0,3.0,3.0054636,3,260
10871,ds005293,sub-037,ds005293__sub-037,4,3.0,3.0,3.0731606,4,260
10872,ds005293,sub-037,ds005293__sub-037,5,3.5,3.5,3.1437886,5,260
10873,ds005293,sub-037,ds005293__sub-037,6,2.0,3.0,3.1229477,6,260
10874,ds005293,sub-037,ds005293__sub-037,7,2.0,3.0,2.9571073,7,260
10875,ds005293,sub-037,ds005293__sub-037,8,2.0,2.5,2.9854407,8,260
10876,ds005293,sub-037,ds005293__sub-037,9,2.5,2.5,3.063311,9,260
10877,ds005293,sub-037,ds005293__sub-037,10,2.5,2.5,3.1269035,10,260
10878,ds005293,sub-037,ds005293__sub-037,11,2.0,2.5,3.1784809,11,260
10879,ds005293,sub-037,ds005293__sub-037,12,3.0,2.5,3.258586,12,260
10880,ds005293,sub-037,ds005293__sub-037,13,2.5,3.75,3.3240783,13,260
10881,ds005293,sub-037,ds005293__sub-037,14,2.5,4.5,3.3466203,14,260
10882,ds005293,sub-037,ds005293__sub-037,15,3.0,4.5,3.3849962,15,260
10883,ds005293,sub-037,ds005293__sub-037,16,3.0,4.5,3.4110625,12,260
10884,ds005293,sub-037,ds005293__sub-037,17,3.5,4.5,3.3075647,14,260
10885,ds005293,sub-037,ds005293__sub-037,18,3.0,4.5,3.222614,15,260
10886,ds005293,sub-037,ds005293__sub-037,19,3.5,4.5,3.241785,15,260
10887,ds005293,sub-037,ds005293__sub-037,20,2.0,4.5,3.2924418,14,260
10888,ds005293,sub-037,ds005293__sub-037,21,3.5,4.5,3.351737,15,260
10889,ds005293,sub-037,ds005293__sub-037,22,2.5,4.5,3.2499526,15,260
10890,ds005293,sub-037,ds005293__sub-037,23,2.0,4.5,3.2205853,15,260
10891,ds005293,sub-037,ds005293__sub-037,24,2.0,3.0,3.185927,14,260
10892,ds005293,sub-037,ds005293__sub-037,25,2.5,3.0,3.2269297,15,260
10893,ds005293,sub-037,ds005293__sub-037,26,2.0,3.0,3.2112932,15,260
10894,ds005293,sub-037,ds005293__sub-037,27,3.0,3.0,3.2362032,14,260
10895,ds005293,sub-037,ds005293__sub-037,28,3.0,3.0,3.3020635,14,260
10896,ds005293,sub-037,ds005293__sub-037,29,3.5,3.0,3.332306,15,260
10897,ds005293,sub-037,ds005293__sub-037,30,2.5,3.0,3.347198,15,260
10898,ds005293,sub-037,ds005293__sub-037,31,3.0,3.0,3.3492064,12,260
10899,ds005293,sub-037,ds005293__sub-037,32,3.5,4.5,3.3461168,13,260
10900,ds005293,sub-037,ds005293__sub-037,33,2.5,4.5,3.3628035,14,260
10901,ds005293,sub-037,ds005293__sub-037,34,2.5,4.5,3.3913429,15,260
10902,ds005293,sub-037,ds005293__sub-037,35,2.5,4.5,3.3817546,13,260
10903,ds005293,sub-037,ds005293__sub-037,36,3.5,4.5,3.3823638,14,260
10904,ds005293,sub-037,ds005293__sub-037,37,3.5,3.0,3.3224673,15,260
10905,ds005293,sub-037,ds005293__sub-037,38,3.0,4.5,3.3307862,15,260
10906,ds005293,sub-037,ds005293__sub-037,39,3.0,3.75,3.1425664,12,260
10907,ds005293,sub-037,ds005293__sub-037,40,2.0,3.75,3.0369248,14,260
10908,ds005293,sub-037,ds005293__sub-037,41,2.0,3.75,3.0350232,15,260
10909,ds005293,sub-037,ds005293__sub-037,42,3.0,3.75,3.0814433,15,260
10910,ds005293,sub-037,ds005293__sub-037,43,3.5,3.75,3.1222377,13,260
10911,ds005293,sub-037,ds005293__sub-037,44,2.0,3.75,3.108221,13,260
10912,ds005293,sub-037,ds005293__sub-037,45,2.0,3.75,3.1130772,14,260
10913,ds005293,sub-037,ds005293__sub-037,46,2.0,3.75,3.1013224,15,260
10914,ds005293,sub-037,ds005293__sub-037,47,2.5,2.5,3.143911,9,260
10915,ds005293,sub-037,ds005293__sub-037,48,2.5,2.5,3.2128773,10,260
10916,ds005293,sub-037,ds005293__sub-037,49,2.0,2.5,3.2072895,11,260
10917,ds005293,sub-037,ds005293__sub-037,50,3.0,3.75,3.1986992,12,260
10918,ds005293,sub-037,ds005293__sub-037,51,2.5,3.75,3.1808963,13,260
10919,ds005293,sub-037,ds005293__sub-037,52,2.5,3.75,3.2072551,14,260
10920,ds005293,sub-037,ds005293__sub-037,53,3.0,2.5,3.217803,14,260
10921,ds005293,sub-037,ds005293__sub-037,54,3.0,4.5,3.2374322,15,260
10922,ds005293,sub-037,ds005293__sub-037,55,3.5,4.5,3.2661853,15,260
10923,ds005293,sub-037,ds005293__sub-037,56,3.0,4.5,3.267451,15,260
10924,ds005293,sub-037,ds005293__sub-037,57,3.5,4.5,3.2948167,14,260
10925,ds005293,sub-037,ds005293__sub-037,58,2.0,4.5,3.3009553,15,260
10926,ds005293,sub-037,ds005293__sub-037,59,3.5,4.5,3.3583837,14,260
10927,ds005293,sub-037,ds005293__sub-037,60,2.5,4.5,3.3729484,15,260
10928,ds005293,sub-037,ds005293__sub-037,61,2.0,4.5,3.4251547,15,260
10929,ds005293,sub-037,ds005293__sub-037,62,2.0,4.5,3.4202955,14,260
10930,ds005293,sub-037,ds005293__sub-037,63,2.5,4.5,3.3262517,15,260
10931,ds005293,sub-037,ds005293__sub-037,64,2.0,4.5,3.3840873,14,260
10932,ds005293,sub-037,ds005293__sub-037,65,3.0,3.75,3.336074,15,260
10933,ds005293,sub-037,ds005293__sub-037,66,3.0,4.5,3.4124305,14,260
10934,ds005293,sub-037,ds005293__sub-037,67,3.5,3.75,3.2695007,15,260
10935,ds005293,sub-037,ds005293__sub-037,68,2.5,3.75,3.3104408,15,260
10936,ds005293,sub-037,ds005293__sub-037,69,3.0,4.5,3.3200512,14,260
10937,ds005293,sub-037,ds005293__sub-037,70,2.5,4.5,3.3168497,15,260
10938,ds005293,sub-037,ds005293__sub-037,71,2.5,4.5,3.330966,15,260
10939,ds005293,sub-037,ds005293__sub-037,72,3.5,4.5,3.3753614,14,260
10940,ds005293,sub-037,ds005293__sub-037,73,2.5,4.5,3.290488,13,260
10941,ds005293,sub-037,ds005293__sub-037,74,3.5,4.5,3.2160678,14,260
10942,ds005293,sub-037,ds005293__sub-037,75,3.5,4.5,3.2281218,15,260
10943,ds005293,sub-037,ds005293__sub-037,76,3.5,3.0,3.2295132,12,260
10944,ds005293,sub-038,ds005293__sub-038,0,3.5,3.5,3.5159605,0,261
10945,ds005293,sub-038,ds005293__sub-038,1,3.5,4.0,3.6990352,0,261
10946,ds005293,sub-038,ds005293__sub-038,2,2.5,4.0,3.2723317,1,261
10947,ds005293,sub-038,ds005293__sub-038,3,2.5,4.0,3.0866203,2,261
10948,ds005293,sub-038,ds005293__sub-038,4,3.5,2.25,2.895948,3,261
10949,ds005293,sub-038,ds005293__sub-038,5,4.0,2.25,3.01013,4,261
10950,ds005293,sub-038,ds005293__sub-038,6,2.5,2.25,2.992322,5,261
10951,ds005293,sub-038,ds005293__sub-038,7,2.5,2.25,3.0457287,6,261
10952,ds005293,sub-038,ds005293__sub-038,8,2.5,2.25,3.0701783,7,261
10953,ds005293,sub-038,ds005293__sub-038,9,3.0,2.25,3.1177704,8,261
10954,ds005293,sub-038,ds005293__sub-038,10,3.0,4.5,3.1713276,9,261
10955,ds005293,sub-038,ds005293__sub-038,11,2.5,4.5,3.2309163,10,261
10956,ds005293,sub-038,ds005293__sub-038,12,3.5,4.5,3.282889,11,261
10957,ds005293,sub-038,ds005293__sub-038,13,3.0,4.5,3.3156526,12,261
10958,ds005293,sub-038,ds005293__sub-038,14,3.0,4.5,3.403848,13,261
10959,ds005293,sub-038,ds005293__sub-038,15,3.5,4.5,3.4366865,14,261
10960,ds005293,sub-038,ds005293__sub-038,16,3.5,4.5,3.4546766,15,261
10961,ds005293,sub-038,ds005293__sub-038,17,4.0,4.5,3.4143085,14,261
10962,ds005293,sub-038,ds005293__sub-038,18,3.5,4.5,3.4234972,13,261
10963,ds005293,sub-038,ds005293__sub-038,19,4.0,4.0,3.4025602,14,261
10964,ds005293,sub-038,ds005293__sub-038,20,2.5,4.0,3.3456995,15,261
10965,ds005293,sub-038,ds005293__sub-038,21,4.0,4.0,3.3566642,14,261
10966,ds005293,sub-038,ds005293__sub-038,22,3.0,4.0,3.3580675,15,261
10967,ds005293,sub-038,ds005293__sub-038,23,2.5,4.5,3.3103824,12,261
10968,ds005293,sub-038,ds005293__sub-038,24,2.5,3.5,3.3213515,13,261
10969,ds005293,sub-038,ds005293__sub-038,25,3.0,2.25,3.270667,14,261
10970,ds005293,sub-038,ds005293__sub-038,26,2.5,3.5,3.2794304,13,261
10971,ds005293,sub-038,ds005293__sub-038,27,3.5,3.5,3.3139882,12,261
10972,ds005293,sub-038,ds005293__sub-038,28,3.5,3.75,3.3622932,13,261
10973,ds005293,sub-038,ds005293__sub-038,29,4.0,3.75,3.3968759,14,261
10974,ds005293,sub-038,ds005293__sub-038,30,3.0,3.75,3.4343877,15,261
10975,ds005293,sub-038,ds005293__sub-038,31,3.5,4.5,3.536757,15,261
10976,ds005293,sub-038,ds005293__sub-038,32,4.0,4.5,3.5227919,15,261
10977,ds005293,sub-038,ds005293__sub-038,33,3.0,4.5,3.4941235,15,261
10978,ds005293,sub-038,ds005293__sub-038,34,3.0,4.5,3.4825363,15,261
10979,ds005293,sub-038,ds005293__sub-038,35,4.0,4.5,3.449728,14,261
10980,ds005293,sub-038,ds005293__sub-038,36,3.0,4.5,3.3663719,15,261
10981,ds005293,sub-038,ds005293__sub-038,37,4.0,3.5,3.2956927,12,261
10982,ds005293,sub-038,ds005293__sub-038,38,4.0,2.25,3.2827327,13,261
10983,ds005293,sub-038,ds005293__sub-038,39,4.0,2.25,3.2508492,15,261
10984,ds005293,sub-038,ds005293__sub-038,40,3.5,2.25,3.268506,12,261
10985,ds005293,sub-038,ds005293__sub-038,41,3.5,4.5,3.2936082,14,261
10986,ds005293,sub-038,ds005293__sub-038,42,2.5,2.25,3.208503,13,261
10987,ds005293,sub-038,ds005293__sub-038,43,2.5,2.25,3.1967425,14,261
10988,ds005293,sub-038,ds005293__sub-038,44,3.5,4.5,3.2303278,15,261
10989,ds005293,sub-038,ds005293__sub-038,45,4.0,4.5,3.2459586,15,261
10990,ds005293,sub-038,ds005293__sub-038,46,2.5,4.5,3.2615612,15,261
10991,ds005293,sub-038,ds005293__sub-038,47,2.5,4.5,3.2283163,15,261
10992,ds005293,sub-038,ds005293__sub-038,48,2.5,4.5,3.1882029,13,261
10993,ds005293,sub-038,ds005293__sub-038,49,3.0,4.5,3.1700647,14,261
10994,ds005293,sub-038,ds005293__sub-038,50,3.0,4.5,3.2652678,15,261
10995,ds005293,sub-038,ds005293__sub-038,51,2.5,4.5,3.337602,15,261
10996,ds005293,sub-038,ds005293__sub-038,52,3.5,4.5,3.4220147,11,261
10997,ds005293,sub-038,ds005293__sub-038,53,3.0,4.5,3.3989415,12,261
10998,ds005293,sub-038,ds005293__sub-038,54,3.0,4.5,3.4272656,13,261
10999,ds005293,sub-038,ds005293__sub-038,55,3.5,4.5,3.4985232,14,261
11000,ds005293,sub-038,ds005293__sub-038,56,3.5,4.5,3.4684868,15,261
11001,ds005293,sub-038,ds005293__sub-038,57,4.0,4.5,3.4482079,14,261
11002,ds005293,sub-038,ds005293__sub-038,58,3.5,4.5,3.3840954,14,261
11003,ds005293,sub-038,ds005293__sub-038,59,4.0,4.5,3.4453554,15,261
11004,ds005293,sub-038,ds005293__sub-038,60,2.5,4.5,3.4129562,15,261
11005,ds005293,sub-038,ds005293__sub-038,61,4.0,4.5,3.2411118,10,261
11006,ds005293,sub-038,ds005293__sub-038,62,3.0,2.25,3.1090097,11,261
11007,ds005293,sub-038,ds005293__sub-038,63,2.5,2.25,3.0982642,12,261
11008,ds005293,sub-038,ds005293__sub-038,64,2.5,2.25,3.0825381,13,261
11009,ds005293,sub-038,ds005293__sub-038,65,3.0,2.25,3.1104803,14,261
11010,ds005293,sub-038,ds005293__sub-038,66,2.5,2.25,3.1510067,15,261
11011,ds005293,sub-038,ds005293__sub-038,67,3.5,4.5,3.220236,15,261
11012,ds005293,sub-038,ds005293__sub-038,68,3.5,4.5,3.294334,14,261
11013,ds005293,sub-038,ds005293__sub-038,69,4.0,4.5,3.410769,12,261
11014,ds005293,sub-038,ds005293__sub-038,70,3.0,4.5,3.4366415,15,261
11015,ds005293,sub-038,ds005293__sub-038,71,3.5,4.5,3.512864,14,261
11016,ds005293,sub-038,ds005293__sub-038,72,4.0,4.5,3.615984,15,261
11017,ds005293,sub-038,ds005293__sub-038,73,3.0,4.5,3.6594841,15,261
11018,ds005293,sub-038,ds005293__sub-038,74,3.0,4.5,3.6038997,15,261
11019,ds005293,sub-038,ds005293__sub-038,75,4.0,2.5,3.2700677,15,261
11020,ds005293,sub-038,ds005293__sub-038,76,3.0,2.5,3.3389611,15,261
11021,ds005293,sub-038,ds005293__sub-038,77,4.0,4.0,3.343792,14,261
11022,ds005293,sub-038,ds005293__sub-038,78,4.0,4.0,3.4192655,15,261
11023,ds005293,sub-038,ds005293__sub-038,79,4.0,4.0,3.3975122,14,261
11024,ds005293,sub-039,ds005293__sub-039,0,3.0,3.75,3.6893225,0,262
11025,ds005293,sub-039,ds005293__sub-039,1,3.0,3.75,3.7294216,1,262
11026,ds005293,sub-039,ds005293__sub-039,2,2.0,4.0,3.236288,2,262
11027,ds005293,sub-039,ds005293__sub-039,3,2.0,2.25,2.9824958,3,262
11028,ds005293,sub-039,ds005293__sub-039,4,3.0,2.25,3.002456,4,262
11029,ds005293,sub-039,ds005293__sub-039,5,3.5,2.25,2.992062,5,262
11030,ds005293,sub-039,ds005293__sub-039,6,2.0,2.25,2.9701772,6,262
11031,ds005293,sub-039,ds005293__sub-039,7,2.0,2.25,2.9602861,7,262
11032,ds005293,sub-039,ds005293__sub-039,8,2.0,2.25,2.9852915,8,262
11033,ds005293,sub-039,ds005293__sub-039,9,2.5,2.25,2.9979873,9,262
11034,ds005293,sub-039,ds005293__sub-039,10,2.5,2.25,3.0246935,10,262
11035,ds005293,sub-039,ds005293__sub-039,11,2.0,2.0,3.0565739,11,262
11036,ds005293,sub-039,ds005293__sub-039,12,3.0,2.5,3.0829494,12,262
11037,ds005293,sub-039,ds005293__sub-039,13,2.5,2.5,3.0799081,13,262
11038,ds005293,sub-039,ds005293__sub-039,14,2.5,2.5,3.0910015,14,262
11039,ds005293,sub-039,ds005293__sub-039,15,3.0,2.5,3.1228843,15,262
11040,ds005293,sub-039,ds005293__sub-039,16,3.0,2.5,3.1169,15,262
11041,ds005293,sub-039,ds005293__sub-039,17,3.5,2.5,3.134052,12,262
11042,ds005293,sub-039,ds005293__sub-039,18,3.0,2.5,3.1172974,13,262
11043,ds005293,sub-039,ds005293__sub-039,19,3.5,2.5,3.1149049,15,262
11044,ds005293,sub-039,ds005293__sub-039,20,2.0,2.5,3.0895214,15,262
11045,ds005293,sub-039,ds005293__sub-039,21,3.5,2.0,3.0630815,15,262
11046,ds005293,sub-039,ds005293__sub-039,22,2.5,2.0,3.0677607,13,262
11047,ds005293,sub-039,ds005293__sub-039,23,2.0,2.0,3.083218,14,262
11048,ds005293,sub-039,ds005293__sub-039,24,2.0,2.0,3.0682535,15,262
11049,ds005293,sub-039,ds005293__sub-039,25,2.5,2.0,3.096423,13,262
11050,ds005293,sub-039,ds005293__sub-039,26,2.0,2.25,3.1439853,14,262
11051,ds005293,sub-039,ds005293__sub-039,27,3.0,3.75,3.2191825,15,262
11052,ds005293,sub-039,ds005293__sub-039,28,3.0,3.75,3.2249875,14,262
11053,ds005293,sub-039,ds005293__sub-039,29,3.5,3.75,3.2488532,14,262
11054,ds005293,sub-039,ds005293__sub-039,30,2.5,3.75,3.25605,15,262
11055,ds005293,sub-039,ds005293__sub-039,31,3.0,3.75,3.27682,15,262
11056,ds005293,sub-039,ds005293__sub-039,32,3.5,3.75,3.316976,14,262
11057,ds005293,sub-039,ds005293__sub-039,33,2.5,4.5,3.298428,15,262
11058,ds005293,sub-039,ds005293__sub-039,34,2.5,4.5,3.2859254,15,262
11059,ds005293,sub-039,ds005293__sub-039,35,3.5,4.5,3.209826,15,262
11060,ds005293,sub-039,ds005293__sub-039,36,2.5,3.75,3.2049913,15,262
11061,ds005293,sub-039,ds005293__sub-039,37,3.5,3.75,3.2139323,13,262
11062,ds005293,sub-039,ds005293__sub-039,38,3.5,3.75,3.2266746,14,262
11063,ds005293,sub-039,ds005293__sub-039,39,3.5,3.75,3.247828,14,262
11064,ds005293,sub-039,ds005293__sub-039,40,3.0,3.75,3.2184126,15,262
11065,ds005293,sub-039,ds005293__sub-039,41,3.0,3.75,3.240613,15,262
11066,ds005293,sub-039,ds005293__sub-039,42,2.0,2.25,3.127295,15,262
11067,ds005293,sub-039,ds005293__sub-039,43,2.0,2.25,3.1451964,15,262
11068,ds005293,sub-039,ds005293__sub-039,44,3.0,2.25,3.1402209,14,262
11069,ds005293,sub-039,ds005293__sub-039,45,3.5,3.75,3.1805556,15,262
11070,ds005293,sub-039,ds005293__sub-039,46,2.0,3.75,3.1948268,14,262
11071,ds005293,sub-039,ds005293__sub-039,47,2.0,3.75,3.1877172,14,262
11072,ds005293,sub-039,ds005293__sub-039,48,2.0,3.75,3.2161283,15,262
11073,ds005293,sub-039,ds005293__sub-039,49,2.5,3.75,3.2074618,15,262
11074,ds005293,sub-039,ds005293__sub-039,50,2.5,3.75,3.2051735,15,262
11075,ds005293,sub-039,ds005293__sub-039,51,2.0,3.75,3.2202744,14,262
11076,ds005293,sub-039,ds005293__sub-039,52,3.0,3.75,3.2548618,15,262
11077,ds005293,sub-039,ds005293__sub-039,53,2.5,3.75,3.2700608,15,262
11078,ds005293,sub-039,ds005293__sub-039,54,2.5,3.75,3.2748656,15,262
11079,ds005293,sub-039,ds005293__sub-039,55,3.0,3.75,3.2851913,14,262
11080,ds005293,sub-039,ds005293__sub-039,56,3.0,3.75,3.2655592,15,262
11081,ds005293,sub-039,ds005293__sub-039,57,3.5,3.75,3.231659,13,262
11082,ds005293,sub-039,ds005293__sub-039,58,3.0,3.75,3.216878,14,262
11083,ds005293,sub-039,ds005293__sub-039,59,3.5,3.75,3.2408175,15,262
11084,ds005293,sub-039,ds005293__sub-039,60,2.0,3.75,3.232811,15,262
11085,ds005293,sub-039,ds005293__sub-039,61,3.5,2.25,3.1758392,15,262
11086,ds005293,sub-039,ds005293__sub-039,62,2.5,3.75,3.2115624,15,262
11087,ds005293,sub-039,ds005293__sub-039,63,2.0,3.75,3.2382817,15,262
11088,ds005293,sub-039,ds005293__sub-039,64,2.0,3.75,3.2256932,14,262
11089,ds005293,sub-039,ds005293__sub-039,65,2.5,3.75,3.217117,15,262
11090,ds005293,sub-039,ds005293__sub-039,66,2.0,3.75,3.2812946,14,262
11091,ds005293,sub-039,ds005293__sub-039,67,3.0,3.75,3.248238,15,262
11092,ds005293,sub-039,ds005293__sub-039,68,3.0,3.75,3.2374315,15,262
11093,ds005293,sub-039,ds005293__sub-039,69,3.5,3.75,3.275855,15,262
11094,ds005293,sub-039,ds005293__sub-039,70,2.5,3.75,3.2459679,15,262
11095,ds005293,sub-039,ds005293__sub-039,71,3.0,3.75,3.2042623,15,262
11096,ds005293,sub-039,ds005293__sub-039,72,3.5,3.75,3.2330976,15,262
11097,ds005293,sub-039,ds005293__sub-039,73,2.5,3.75,3.191817,15,262
11098,ds005293,sub-039,ds005293__sub-039,74,2.5,2.25,3.1585507,15,262
11099,ds005293,sub-039,ds005293__sub-039,75,3.5,2.25,3.1212978,14,262
11100,ds005293,sub-039,ds005293__sub-039,76,2.5,2.0,3.121047,15,262
11101,ds005293,sub-039,ds005293__sub-039,77,3.5,3.5,3.1479597,14,262
11102,ds005293,sub-039,ds005293__sub-039,78,3.5,3.5,3.1511238,15,262
11103,ds005293,sub-039,ds005293__sub-039,79,3.5,3.5,3.1541133,14,262
11104,ds005293,sub-040,ds005293__sub-040,0,3.0,3.75,3.685585,0,263
11105,ds005293,sub-040,ds005293__sub-040,1,3.0,4.0,3.6571362,1,263
11106,ds005293,sub-040,ds005293__sub-040,2,2.0,4.0,3.4113472,2,263
11107,ds005293,sub-040,ds005293__sub-040,3,2.0,4.0,3.0938785,3,263
11108,ds005293,sub-040,ds005293__sub-040,4,3.0,4.0,3.0412505,4,263
11109,ds005293,sub-040,ds005293__sub-040,5,3.5,4.0,3.0387886,5,263
11110,ds005293,sub-040,ds005293__sub-040,6,2.0,4.0,3.0249147,6,263
11111,ds005293,sub-040,ds005293__sub-040,7,2.0,3.5,3.0323782,7,263
11112,ds005293,sub-040,ds005293__sub-040,8,2.0,4.0,3.0424695,8,263
11113,ds005293,sub-040,ds005293__sub-040,9,2.5,3.0,3.049787,9,263
11114,ds005293,sub-040,ds005293__sub-040,10,2.5,3.0,3.0577738,10,263
11115,ds005293,sub-040,ds005293__sub-040,11,2.0,3.0,3.0735962,11,263
11116,ds005293,sub-040,ds005293__sub-040,12,3.0,3.0,3.0915048,12,263
11117,ds005293,sub-040,ds005293__sub-040,13,2.5,3.0,3.1088371,12,263
11118,ds005293,sub-040,ds005293__sub-040,14,2.5,3.0,3.1236668,13,263
11119,ds005293,sub-040,ds005293__sub-040,15,3.0,3.0,3.1471148,14,263
11120,ds005293,sub-040,ds005293__sub-040,16,3.0,3.0,3.1427813,15,263
11121,ds005293,sub-040,ds005293__sub-040,17,3.5,3.0,3.1706204,14,263
11122,ds005293,sub-040,ds005293__sub-040,18,3.0,3.0,3.1395988,15,263
11123,ds005293,sub-040,ds005293__sub-040,19,3.5,3.0,3.1498787,15,263
11124,ds005293,sub-040,ds005293__sub-040,20,2.0,3.0,3.1636455,15,263
11125,ds005293,sub-040,ds005293__sub-040,21,3.5,3.0,3.1559806,15,263
11126,ds005293,sub-040,ds005293__sub-040,22,2.5,3.0,3.1655736,15,263
11127,ds005293,sub-040,ds005293__sub-040,23,2.0,3.0,3.1551964,15,263
11128,ds005293,sub-040,ds005293__sub-040,24,2.0,3.0,3.1679955,15,263
11129,ds005293,sub-040,ds005293__sub-040,25,2.5,3.0,3.1395187,14,263
11130,ds005293,sub-040,ds005293__sub-040,26,2.0,3.0,3.1323242,15,263
11131,ds005293,sub-040,ds005293__sub-040,27,3.0,3.0,3.1277428,15,263
11132,ds005293,sub-040,ds005293__sub-040,28,3.0,3.0,3.1486697,15,263
11133,ds005293,sub-040,ds005293__sub-040,29,3.5,3.0,3.1760416,15,263
11134,ds005293,sub-040,ds005293__sub-040,30,2.5,3.0,3.1645799,14,263
11135,ds005293,sub-040,ds005293__sub-040,31,3.0,3.0,3.2052934,14,263
11136,ds005293,sub-040,ds005293__sub-040,32,3.5,3.0,3.1819108,15,263
11137,ds005293,sub-040,ds005293__sub-040,33,2.5,3.0,3.1853876,15,263
11138,ds005293,sub-040,ds005293__sub-040,34,2.5,3.0,3.1525943,15,263
11139,ds005293,sub-040,ds005293__sub-040,35,3.5,3.0,3.1852884,14,263
11140,ds005293,sub-040,ds005293__sub-040,36,2.5,3.0,3.2025971,15,263
11141,ds005293,sub-040,ds005293__sub-040,37,3.5,3.0,3.1990232,15,263
11142,ds005293,sub-040,ds005293__sub-040,38,3.5,4.5,3.2186716,14,263
11143,ds005293,sub-040,ds005293__sub-040,39,3.5,3.0,3.1620688,14,263
11144,ds005293,sub-040,ds005293__sub-040,40,3.0,3.0,3.1524565,15,263
11145,ds005293,sub-040,ds005293__sub-040,41,3.0,3.0,3.1492426,15,263
11146,ds005293,sub-040,ds005293__sub-040,42,2.0,3.0,3.1303205,14,263
11147,ds005293,sub-040,ds005293__sub-040,43,2.0,3.0,3.1377285,15,263
11148,ds005293,sub-040,ds005293__sub-040,44,3.0,3.0,3.1279726,15,263
11149,ds005293,sub-040,ds005293__sub-040,45,3.5,3.0,3.1329517,15,263
11150,ds005293,sub-040,ds005293__sub-040,46,2.0,3.0,3.1353843,14,263
11151,ds005293,sub-040,ds005293__sub-040,47,2.0,3.0,3.1497848,15,263
11152,ds005293,sub-040,ds005293__sub-040,48,2.0,3.0,3.1470485,15,263
11153,ds005293,sub-040,ds005293__sub-040,49,2.5,3.0,3.1576333,15,263
11154,ds005293,sub-040,ds005293__sub-040,50,2.5,3.0,3.128692,14,263
11155,ds005293,sub-040,ds005293__sub-040,51,2.0,3.0,3.092699,14,263
11156,ds005293,sub-040,ds005293__sub-040,52,3.0,3.0,3.1019073,15,263
11157,ds005293,sub-040,ds005293__sub-040,53,2.5,3.0,3.1419358,14,263
11158,ds005293,sub-040,ds005293__sub-040,54,2.5,3.0,3.1950393,15,263
11159,ds005293,sub-040,ds005293__sub-040,55,3.0,3.0,3.1732235,14,263
11160,ds005293,sub-040,ds005293__sub-040,56,3.0,3.0,3.1789541,15,263
11161,ds005293,sub-040,ds005293__sub-040,57,3.5,3.0,3.1921153,15,263
11162,ds005293,sub-040,ds005293__sub-040,58,3.0,3.0,3.2020998,14,263
11163,ds005293,sub-040,ds005293__sub-040,59,3.5,3.0,3.184277,14,263
11164,ds005293,sub-040,ds005293__sub-040,60,2.0,3.0,3.1966066,15,263
11165,ds005293,sub-040,ds005293__sub-040,61,3.5,3.0,3.1742978,13,263
11166,ds005293,sub-040,ds005293__sub-040,62,2.5,3.0,3.1443539,14,263
11167,ds005293,sub-040,ds005293__sub-040,63,2.0,3.0,3.1796525,15,263
11168,ds005293,sub-040,ds005293__sub-040,64,2.0,4.5,3.2029524,13,263
11169,ds005293,sub-040,ds005293__sub-040,65,2.5,4.5,3.2267597,15,263
11170,ds005293,sub-040,ds005293__sub-040,66,2.0,4.5,3.222684,15,263
11171,ds005293,sub-040,ds005293__sub-040,67,3.0,4.5,3.205206,15,263
11172,ds005293,sub-040,ds005293__sub-040,68,3.0,4.5,3.2134023,13,263
11173,ds005293,sub-040,ds005293__sub-040,69,3.5,3.0,3.2023864,14,263
11174,ds005293,sub-040,ds005293__sub-040,70,2.5,4.5,3.2193816,15,263
11175,ds005293,sub-040,ds005293__sub-040,71,3.0,3.0,3.196406,14,263
11176,ds005293,sub-040,ds005293__sub-040,72,3.5,4.5,3.2057586,15,263
11177,ds005293,sub-040,ds005293__sub-040,73,2.5,4.5,3.245499,14,263
11178,ds005293,sub-040,ds005293__sub-040,74,2.5,4.5,3.2092066,15,263
11179,ds005293,sub-040,ds005293__sub-040,75,3.5,4.5,3.229714,15,263
11180,ds005293,sub-040,ds005293__sub-040,76,2.5,4.5,3.2265286,15,263
11181,ds005293,sub-040,ds005293__sub-040,77,3.5,4.5,3.2522874,15,263
11182,ds005293,sub-040,ds005293__sub-040,78,3.5,4.5,3.2809966,15,263
11183,ds005293,sub-040,ds005293__sub-040,79,3.5,4.5,3.2274523,14,263
11184,ds005293,sub-041,ds005293__sub-041,0,3.0,3.75,3.69503,0,264
11185,ds005293,sub-041,ds005293__sub-041,1,3.0,3.75,3.546085,1,264
11186,ds005293,sub-041,ds005293__sub-041,2,2.0,2.0,2.795453,2,264
11187,ds005293,sub-041,ds005293__sub-041,3,2.0,2.0,2.8016062,3,264
11188,ds005293,sub-041,ds005293__sub-041,4,3.0,2.25,2.9055958,4,264
11189,ds005293,sub-041,ds005293__sub-041,5,3.5,2.25,2.9403584,5,264
11190,ds005293,sub-041,ds005293__sub-041,6,2.0,2.25,2.9418182,6,264
11191,ds005293,sub-041,ds005293__sub-041,7,2.0,2.25,2.9448357,7,264
11192,ds005293,sub-041,ds005293__sub-041,8,2.0,2.25,2.9893212,7,264
11193,ds005293,sub-041,ds005293__sub-041,9,2.5,2.25,3.020866,8,264
11194,ds005293,sub-041,ds005293__sub-041,10,2.5,2.25,3.0424185,9,264
11195,ds005293,sub-041,ds005293__sub-041,11,2.0,2.25,3.067057,10,264
11196,ds005293,sub-041,ds005293__sub-041,12,3.0,2.25,3.0934389,11,264
11197,ds005293,sub-041,ds005293__sub-041,13,2.5,2.25,3.1179414,12,264
11198,ds005293,sub-041,ds005293__sub-041,14,2.5,2.25,3.1329923,13,264
11199,ds005293,sub-041,ds005293__sub-041,15,3.0,2.25,3.1511712,14,264
11200,ds005293,sub-041,ds005293__sub-041,16,3.0,4.5,3.1882768,13,264
11201,ds005293,sub-041,ds005293__sub-041,17,3.5,4.5,3.1808054,15,264
11202,ds005293,sub-041,ds005293__sub-041,18,3.0,4.5,3.162331,15,264
11203,ds005293,sub-041,ds005293__sub-041,19,3.5,2.0,3.1447701,15,264
11204,ds005293,sub-041,ds005293__sub-041,20,2.0,4.5,3.1805737,14,264
11205,ds005293,sub-041,ds005293__sub-041,21,3.5,4.5,3.2014263,15,264
11206,ds005293,sub-041,ds005293__sub-041,22,2.5,2.5,3.1961188,15,264
11207,ds005293,sub-041,ds005293__sub-041,23,2.0,2.5,3.1886926,14,264
11208,ds005293,sub-041,ds005293__sub-041,24,2.0,4.5,3.2224464,15,264
11209,ds005293,sub-041,ds005293__sub-041,25,2.5,4.5,3.2289495,15,264
11210,ds005293,sub-041,ds005293__sub-041,26,2.0,3.0,3.1989498,15,264
11211,ds005293,sub-041,ds005293__sub-041,27,3.0,3.0,3.1885982,15,264
11212,ds005293,sub-041,ds005293__sub-041,28,3.5,3.0,3.185257,14,264
11213,ds005293,sub-041,ds005293__sub-041,29,2.5,3.0,3.1955514,15,264
11214,ds005293,sub-041,ds005293__sub-041,30,3.0,3.0,3.1821315,14,264
11215,ds005293,sub-041,ds005293__sub-041,31,3.5,3.0,3.1866539,15,264
11216,ds005293,sub-041,ds005293__sub-041,32,2.5,3.0,3.1880105,14,264
11217,ds005293,sub-041,ds005293__sub-041,33,2.5,3.0,3.1918314,15,264
11218,ds005293,sub-041,ds005293__sub-041,34,3.5,3.75,3.200631,14,264
11219,ds005293,sub-041,ds005293__sub-041,35,2.5,3.75,3.1915503,15,264
11220,ds005293,sub-041,ds005293__sub-041,36,3.5,3.75,3.1782014,14,264
11221,ds005293,sub-041,ds005293__sub-041,37,3.5,4.5,3.2162397,15,264
11222,ds005293,sub-041,ds005293__sub-041,38,3.5,3.75,3.2108502,14,264
11223,ds005293,sub-041,ds005293__sub-041,39,3.0,3.75,3.197902,15,264
11224,ds005293,sub-041,ds005293__sub-041,40,3.0,3.75,3.1897738,14,264
11225,ds005293,sub-041,ds005293__sub-041,41,2.0,3.75,3.2158403,15,264
11226,ds005293,sub-041,ds005293__sub-041,42,2.0,3.75,3.2038994,13,264
11227,ds005293,sub-041,ds005293__sub-041,43,3.0,3.75,3.213618,15,264
11228,ds005293,sub-041,ds005293__sub-041,44,3.5,4.5,3.2315226,15,264
11229,ds005293,sub-041,ds005293__sub-041,45,2.0,4.5,3.2057335,12,264
11230,ds005293,sub-041,ds005293__sub-041,46,2.0,4.5,3.239103,13,264
11231,ds005293,sub-041,ds005293__sub-041,47,2.0,4.5,3.2779007,14,264
11232,ds005293,sub-041,ds005293__sub-041,48,2.5,4.5,3.2672486,15,264
11233,ds005293,sub-041,ds005293__sub-041,49,2.5,4.5,3.264362,14,264
11234,ds005293,sub-041,ds005293__sub-041,50,2.0,4.5,3.282698,15,264
11235,ds005293,sub-041,ds005293__sub-041,51,3.0,4.5,3.2967825,14,264
11236,ds005293,sub-041,ds005293__sub-041,52,2.5,4.5,3.310528,15,264
11237,ds005293,sub-041,ds005293__sub-041,53,2.5,4.5,3.3322344,15,264
11238,ds005293,sub-041,ds005293__sub-041,54,3.0,4.5,3.3310664,14,264
11239,ds005293,sub-041,ds005293__sub-041,55,3.0,4.5,3.3086717,15,264
11240,ds005293,sub-041,ds005293__sub-041,56,3.5,4.5,3.3063211,15,264
11241,ds005293,sub-041,ds005293__sub-041,57,3.0,4.5,3.281776,12,264
11242,ds005293,sub-041,ds005293__sub-041,58,3.5,4.5,3.2654364,13,264
11243,ds005293,sub-041,ds005293__sub-041,59,2.0,4.5,3.2582376,14,264
11244,ds005293,sub-041,ds005293__sub-041,60,3.5,4.5,3.2728388,15,264
11245,ds005293,sub-041,ds005293__sub-041,61,2.0,4.5,3.2764082,14,264
11246,ds005293,sub-041,ds005293__sub-041,62,2.0,4.5,3.2873793,15,264
11247,ds005293,sub-041,ds005293__sub-041,63,2.5,4.5,3.2965393,15,264
11248,ds005293,sub-041,ds005293__sub-041,64,2.0,4.5,3.2838137,14,264
11249,ds005293,sub-041,ds005293__sub-041,65,3.0,4.5,3.2602353,15,264
11250,ds005293,sub-041,ds005293__sub-041,66,3.0,4.5,3.2655973,15,264
11251,ds005293,sub-041,ds005293__sub-041,67,3.5,3.75,3.2912202,15,264
11252,ds005293,sub-041,ds005293__sub-041,68,2.5,3.75,3.270601,15,264
11253,ds005293,sub-041,ds005293__sub-041,69,3.0,3.75,3.243663,12,264
11254,ds005293,sub-041,ds005293__sub-041,70,3.5,3.75,3.2331145,13,264
11255,ds005293,sub-041,ds005293__sub-041,71,2.5,3.75,3.2279792,14,264
11256,ds005293,sub-041,ds005293__sub-041,72,2.5,3.75,3.2304094,15,264
11257,ds005293,sub-041,ds005293__sub-041,73,3.5,3.75,3.258189,14,264
11258,ds005293,sub-041,ds005293__sub-041,74,2.5,4.5,3.2713456,15,264
11259,ds005293,sub-041,ds005293__sub-041,75,3.5,4.5,3.2469249,14,264
11260,ds005293,sub-041,ds005293__sub-041,76,3.5,4.5,3.2803442,15,264
11261,ds005293,sub-041,ds005293__sub-041,77,3.5,4.5,3.2855525,15,264
11262,ds005293,sub-042,ds005293__sub-042,0,3.5,3.75,3.6027145,0,265
11263,ds005293,sub-042,ds005293__sub-042,1,3.5,3.75,3.601307,1,265
11264,ds005293,sub-042,ds005293__sub-042,2,2.5,2.25,3.0197182,2,265
11265,ds005293,sub-042,ds005293__sub-042,3,2.5,2.25,2.5577111,3,265
11266,ds005293,sub-042,ds005293__sub-042,4,3.5,2.25,2.6134722,4,265
11267,ds005293,sub-042,ds005293__sub-042,5,4.0,2.0,2.6909943,5,265
11268,ds005293,sub-042,ds005293__sub-042,6,2.5,2.0,2.5381742,6,265
11269,ds005293,sub-042,ds005293__sub-042,7,2.5,2.0,2.4047465,7,265
11270,ds005293,sub-042,ds005293__sub-042,8,2.5,2.0,2.4501429,8,265
11271,ds005293,sub-042,ds005293__sub-042,9,3.0,2.0,2.5768082,9,265
11272,ds005293,sub-042,ds005293__sub-042,10,3.0,2.0,2.6515045,10,265
11273,ds005293,sub-042,ds005293__sub-042,11,2.5,2.0,2.7257185,11,265
11274,ds005293,sub-042,ds005293__sub-042,12,3.5,2.0,2.8130627,12,265
11275,ds005293,sub-042,ds005293__sub-042,13,3.0,2.0,2.888279,13,265
11276,ds005293,sub-042,ds005293__sub-042,14,3.0,2.0,2.9227395,14,265
11277,ds005293,sub-042,ds005293__sub-042,15,3.5,2.0,3.0204732,15,265
11278,ds005293,sub-042,ds005293__sub-042,16,3.5,3.0,3.0777733,15,265
11279,ds005293,sub-042,ds005293__sub-042,17,4.0,3.0,3.1791582,15,265
11280,ds005293,sub-042,ds005293__sub-042,18,3.5,3.5,3.240623,14,265
11281,ds005293,sub-042,ds005293__sub-042,19,4.0,3.0,3.2776752,15,265
11282,ds005293,sub-042,ds005293__sub-042,20,2.5,3.0,3.2754025,15,265
11283,ds005293,sub-042,ds005293__sub-042,21,4.0,3.0,3.2029645,15,265
11284,ds005293,sub-042,ds005293__sub-042,22,3.0,3.0,3.1375742,15,265
11285,ds005293,sub-042,ds005293__sub-042,23,2.5,2.0,2.9715195,15,265
11286,ds005293,sub-042,ds005293__sub-042,24,2.5,2.0,2.8575568,15,265
11287,ds005293,sub-042,ds005293__sub-042,25,3.0,2.0,2.8181758,15,265
11288,ds005293,sub-042,ds005293__sub-042,26,2.5,2.0,2.8436825,15,265
11289,ds005293,sub-042,ds005293__sub-042,27,3.5,2.0,2.8898833,15,265
11290,ds005293,sub-042,ds005293__sub-042,28,3.5,2.0,2.9132323,14,265
11291,ds005293,sub-042,ds005293__sub-042,29,4.0,2.0,2.9906027,15,265
11292,ds005293,sub-042,ds005293__sub-042,30,3.0,2.0,2.9782302,15,265
11293,ds005293,sub-042,ds005293__sub-042,31,3.5,2.0,3.0028093,15,265
11294,ds005293,sub-042,ds005293__sub-042,32,4.0,2.0,2.9848766,15,265
11295,ds005293,sub-042,ds005293__sub-042,33,3.0,2.0,2.9594064,15,265
11296,ds005293,sub-042,ds005293__sub-042,34,3.0,2.0,2.9466877,14,265
11297,ds005293,sub-042,ds005293__sub-042,35,4.0,2.0,3.0265965,15,265
11298,ds005293,sub-042,ds005293__sub-042,36,3.0,2.0,3.0080774,14,265
11299,ds005293,sub-042,ds005293__sub-042,37,4.0,4.5,3.1735406,15,265
11300,ds005293,sub-042,ds005293__sub-042,38,4.0,4.5,3.2003706,12,265
11301,ds005293,sub-042,ds005293__sub-042,39,4.0,3.75,3.2973728,13,265
11302,ds005293,sub-042,ds005293__sub-042,40,3.5,3.75,3.2752247,14,265
11303,ds005293,sub-042,ds005293__sub-042,41,3.5,3.75,3.2244425,15,265
11304,ds005293,sub-042,ds005293__sub-042,42,2.5,2.0,3.122059,14,265
11305,ds005293,sub-042,ds005293__sub-042,43,2.5,2.0,3.0664458,15,265
11306,ds005293,sub-042,ds005293__sub-042,44,3.5,2.0,2.989653,14,265
11307,ds005293,sub-042,ds005293__sub-042,45,4.0,2.0,2.9592035,14,265
11308,ds005293,sub-042,ds005293__sub-042,46,2.5,2.0,2.955306,15,265
11309,ds005293,sub-042,ds005293__sub-042,47,2.5,2.0,2.9320388,14,265
11310,ds005293,sub-042,ds005293__sub-042,48,2.5,2.0,2.974986,15,265
11311,ds005293,sub-042,ds005293__sub-042,49,3.0,2.0,2.937791,15,265
11312,ds005293,sub-042,ds005293__sub-042,50,3.0,2.0,2.9248319,14,265
11313,ds005293,sub-042,ds005293__sub-042,51,2.5,2.0,2.9340134,15,265
11314,ds005293,sub-042,ds005293__sub-042,52,3.5,2.0,2.9156463,15,265
11315,ds005293,sub-042,ds005293__sub-042,53,3.0,2.0,2.9869425,13,265
11316,ds005293,sub-042,ds005293__sub-042,54,3.0,3.5,3.0745811,14,265
11317,ds005293,sub-042,ds005293__sub-042,55,3.5,3.5,3.2715764,14,265
11318,ds005293,sub-042,ds005293__sub-042,56,3.5,3.5,3.2913709,15,265
11319,ds005293,sub-042,ds005293__sub-042,57,4.0,3.5,3.281044,15,265
11320,ds005293,sub-042,ds005293__sub-042,58,3.5,3.5,3.272797,15,265
11321,ds005293,sub-042,ds005293__sub-042,59,4.0,4.0,3.269176,15,265
11322,ds005293,sub-042,ds005293__sub-042,60,2.5,2.5,3.194698,15,265
11323,ds005293,sub-042,ds005293__sub-042,61,4.0,2.25,3.127325,14,265
11324,ds005293,sub-042,ds005293__sub-042,62,3.0,2.25,3.114402,15,265
11325,ds005293,sub-042,ds005293__sub-042,63,2.5,2.25,3.0558846,14,265
11326,ds005293,sub-042,ds005293__sub-042,64,2.5,2.0,2.9598994,15,265
11327,ds005293,sub-042,ds005293__sub-042,65,3.0,2.0,2.9750547,14,265
11328,ds005293,sub-042,ds005293__sub-042,66,2.5,2.0,3.0420609,15,265
11329,ds005293,sub-042,ds005293__sub-042,67,3.5,2.0,3.0563438,15,265
11330,ds005293,sub-042,ds005293__sub-042,68,3.5,3.75,3.1206312,15,265
11331,ds005293,sub-042,ds005293__sub-042,69,4.0,3.75,3.1932175,15,265
11332,ds005293,sub-042,ds005293__sub-042,70,3.0,3.75,3.208027,15,265
11333,ds005293,sub-042,ds005293__sub-042,71,3.5,3.75,3.184967,14,265
11334,ds005293,sub-042,ds005293__sub-042,72,4.0,3.75,3.2721834,15,265
11335,ds005293,sub-042,ds005293__sub-042,73,3.0,3.75,3.3077211,14,265
11336,ds005293,sub-042,ds005293__sub-042,74,3.0,3.75,3.3055854,15,265
11337,ds005293,sub-042,ds005293__sub-042,75,3.0,3.75,3.18078,14,265
11338,ds005293,sub-042,ds005293__sub-042,76,4.0,2.25,3.1696458,15,265
11339,ds005293,sub-042,ds005293__sub-042,77,4.0,3.0,3.1547904,15,265
11340,ds005293,sub-043,ds005293__sub-043,0,3.0,3.75,3.61835,0,266
11341,ds005293,sub-043,ds005293__sub-043,1,3.0,3.75,3.0368946,1,266
11342,ds005293,sub-043,ds005293__sub-043,2,2.0,2.0,2.1271675,0,266
11343,ds005293,sub-043,ds005293__sub-043,3,2.0,2.0,2.1771312,1,266
11344,ds005293,sub-043,ds005293__sub-043,4,3.0,2.0,2.4211068,4,266
11345,ds005293,sub-043,ds005293__sub-043,5,3.5,2.25,3.1149602,0,266
11346,ds005293,sub-043,ds005293__sub-043,6,2.0,2.25,2.8983614,1,266
11347,ds005293,sub-043,ds005293__sub-043,7,2.0,2.25,2.7962527,2,266
11348,ds005293,sub-043,ds005293__sub-043,8,2.0,2.25,2.947445,3,266
11349,ds005293,sub-043,ds005293__sub-043,9,2.5,2.25,2.9226096,4,266
11350,ds005293,sub-043,ds005293__sub-043,10,2.5,2.25,2.9590113,5,266
11351,ds005293,sub-043,ds005293__sub-043,11,2.0,2.25,2.9523296,6,266
11352,ds005293,sub-043,ds005293__sub-043,12,3.0,2.25,3.010653,7,266
11353,ds005293,sub-043,ds005293__sub-043,13,2.5,2.25,3.0835018,8,266
11354,ds005293,sub-043,ds005293__sub-043,14,2.5,2.25,3.1922464,9,266
11355,ds005293,sub-043,ds005293__sub-043,15,3.0,3.0,3.3035307,10,266
11356,ds005293,sub-043,ds005293__sub-043,16,3.0,4.0,3.5338564,0,266
11357,ds005293,sub-043,ds005293__sub-043,17,3.5,4.0,3.698513,0,266
11358,ds005293,sub-043,ds005293__sub-043,18,3.0,3.75,3.7259254,1,266
11359,ds005293,sub-043,ds005293__sub-043,19,3.5,4.5,3.81669,0,266
11360,ds005293,sub-043,ds005293__sub-043,20,2.0,4.5,3.8839183,1,266
11361,ds005293,sub-043,ds005293__sub-043,21,3.5,4.5,4.0000935,0,266
11362,ds005293,sub-043,ds005293__sub-043,22,2.5,4.5,4.1248245,1,266
11363,ds005293,sub-043,ds005293__sub-043,23,2.0,4.5,4.0998535,2,266
11364,ds005293,sub-043,ds005293__sub-043,24,2.0,4.5,3.792375,3,266
11365,ds005293,sub-043,ds005293__sub-043,25,2.5,2.25,3.2113857,0,266
11366,ds005293,sub-043,ds005293__sub-043,26,3.0,2.25,3.029118,1,266
11367,ds005293,sub-043,ds005293__sub-043,27,3.0,2.25,3.3906999,0,266
11368,ds005293,sub-043,ds005293__sub-043,28,3.5,4.5,3.5706408,0,266
11369,ds005293,sub-043,ds005293__sub-043,29,2.5,3.75,3.537667,0,266
11370,ds005293,sub-043,ds005293__sub-043,30,3.0,3.75,3.3271983,1,266
11371,ds005293,sub-043,ds005293__sub-043,31,3.5,3.75,3.6303267,0,266
11372,ds005293,sub-043,ds005293__sub-043,32,2.5,3.75,3.501711,1,266
11373,ds005293,sub-043,ds005293__sub-043,33,2.5,3.75,3.4925733,2,266
11374,ds005293,sub-043,ds005293__sub-043,34,3.5,4.5,3.7602482,0,266
11375,ds005293,sub-043,ds005293__sub-043,35,2.5,4.5,3.443469,1,266
11376,ds005293,sub-043,ds005293__sub-043,36,3.5,4.5,3.751709,0,266
11377,ds005293,sub-043,ds005293__sub-043,37,3.5,4.5,4.077675,0,266
11378,ds005293,sub-043,ds005293__sub-043,38,3.5,4.5,4.1257424,1,266
11379,ds005293,sub-043,ds005293__sub-043,39,3.0,4.5,3.8158982,2,266
11380,ds005293,sub-043,ds005293__sub-043,40,3.0,4.5,3.514832,3,266
11381,ds005293,sub-043,ds005293__sub-043,41,2.0,2.25,2.9063458,7,266
11382,ds005293,sub-043,ds005293__sub-043,42,2.0,2.25,2.8858147,8,266
11383,ds005293,sub-043,ds005293__sub-043,43,3.0,2.25,2.7556148,9,266
11384,ds005293,sub-043,ds005293__sub-043,44,3.5,4.5,3.3257463,0,266
11385,ds005293,sub-043,ds005293__sub-043,45,2.0,2.5,3.0870492,1,266
11386,ds005293,sub-043,ds005293__sub-043,46,2.0,2.0,2.6534638,2,266
11387,ds005293,sub-043,ds005293__sub-043,47,2.0,3.5,3.2507257,3,266
11388,ds005293,sub-043,ds005293__sub-043,48,2.5,2.5,3.1715274,4,266
11389,ds005293,sub-043,ds005293__sub-043,49,2.5,2.5,3.0932336,5,266
11390,ds005293,sub-043,ds005293__sub-043,50,2.0,2.5,2.8963628,6,266
11391,ds005293,sub-043,ds005293__sub-043,51,3.0,2.0,2.6363246,7,266
11392,ds005293,sub-043,ds005293__sub-043,52,2.5,2.0,2.5088463,8,266
11393,ds005293,sub-043,ds005293__sub-043,53,2.5,2.5,2.880264,0,266
11394,ds005293,sub-043,ds005293__sub-043,54,3.0,3.75,3.3287435,0,266
11395,ds005293,sub-043,ds005293__sub-043,55,3.0,4.5,3.5600357,0,266
11396,ds005293,sub-043,ds005293__sub-043,56,3.5,4.5,3.9262328,0,266
11397,ds005293,sub-043,ds005293__sub-043,57,3.0,4.5,3.7498472,1,266
11398,ds005293,sub-043,ds005293__sub-043,58,3.5,4.5,3.6584907,0,266
11399,ds005293,sub-043,ds005293__sub-043,59,2.0,4.5,3.5390654,1,266
11400,ds005293,sub-043,ds005293__sub-043,60,3.5,4.5,3.8083382,2,266
11401,ds005293,sub-043,ds005293__sub-043,61,2.5,4.5,3.4954238,3,266
11402,ds005293,sub-043,ds005293__sub-043,62,2.0,2.25,2.995835,6,266
11403,ds005293,sub-043,ds005293__sub-043,63,2.0,2.25,2.8736954,7,266
11404,ds005293,sub-043,ds005293__sub-043,64,2.5,2.25,3.1353674,0,266
11405,ds005293,sub-043,ds005293__sub-043,65,2.0,2.25,3.1145022,1,266
11406,ds005293,sub-043,ds005293__sub-043,66,3.0,3.75,3.2446766,2,266
11407,ds005293,sub-043,ds005293__sub-043,67,3.0,3.75,3.1502185,1,266
11408,ds005293,sub-043,ds005293__sub-043,68,3.5,4.5,3.8023963,0,266
11409,ds005293,sub-043,ds005293__sub-043,69,2.5,4.5,3.7706804,1,266
11410,ds005293,sub-043,ds005293__sub-043,70,3.0,4.5,3.5982547,2,266
11411,ds005293,sub-043,ds005293__sub-043,71,3.5,4.5,3.797845,3,266
11412,ds005293,sub-043,ds005293__sub-043,72,2.5,4.5,3.4946647,4,266
11413,ds005293,sub-043,ds005293__sub-043,73,2.5,4.5,3.3678365,5,266
11414,ds005293,sub-043,ds005293__sub-043,74,3.5,4.5,3.9027717,0,266
11415,ds005293,sub-043,ds005293__sub-043,75,2.5,4.5,3.8676827,1,266
11416,ds005293,sub-043,ds005293__sub-043,76,3.5,4.5,4.166122,0,266
11417,ds005293,sub-043,ds005293__sub-043,77,3.5,4.5,4.210801,1,266
11418,ds005293,sub-043,ds005293__sub-043,78,3.5,4.5,4.18826,2,266
11419,ds005293,sub-044,ds005293__sub-044,0,3.75,3.75,3.6933608,0,267
11420,ds005293,sub-044,ds005293__sub-044,1,3.75,3.75,3.6047287,0,267
11421,ds005293,sub-044,ds005293__sub-044,2,2.25,4.0,3.3312771,1,267
11422,ds005293,sub-044,ds005293__sub-044,3,2.25,4.0,3.1484957,2,267
11423,ds005293,sub-044,ds005293__sub-044,4,3.75,2.25,3.0589023,3,267
11424,ds005293,sub-044,ds005293__sub-044,5,4.5,2.25,3.0378134,4,267
11425,ds005293,sub-044,ds005293__sub-044,6,2.25,2.25,3.0373845,5,267
11426,ds005293,sub-044,ds005293__sub-044,7,2.25,2.25,3.0447073,6,267
11427,ds005293,sub-044,ds005293__sub-044,8,2.25,2.25,3.0779705,7,267
11428,ds005293,sub-044,ds005293__sub-044,9,3.0,2.25,3.100583,8,267
11429,ds005293,sub-044,ds005293__sub-044,10,3.0,2.25,3.1232533,9,267
11430,ds005293,sub-044,ds005293__sub-044,11,2.25,2.25,3.1414976,10,267
11431,ds005293,sub-044,ds005293__sub-044,12,3.75,2.25,3.169425,11,267
11432,ds005293,sub-044,ds005293__sub-044,13,3.0,2.25,3.1904502,12,267
11433,ds005293,sub-044,ds005293__sub-044,14,3.0,2.25,3.2037153,13,267
11434,ds005293,sub-044,ds005293__sub-044,15,3.75,2.25,3.2198253,14,267
11435,ds005293,sub-044,ds005293__sub-044,16,3.75,4.5,3.216255,15,267
11436,ds005293,sub-044,ds005293__sub-044,17,3.75,4.5,3.213973,13,267
11437,ds005293,sub-044,ds005293__sub-044,18,2.25,2.25,3.20749,14,267
11438,ds005293,sub-044,ds005293__sub-044,19,4.5,4.5,3.21156,15,267
11439,ds005293,sub-044,ds005293__sub-044,20,3.0,4.5,3.2161472,14,267
11440,ds005293,sub-044,ds005293__sub-044,21,2.25,4.5,3.207581,14,267
11441,ds005293,sub-044,ds005293__sub-044,22,2.25,4.5,3.2051067,15,267
11442,ds005293,sub-044,ds005293__sub-044,23,3.0,4.5,3.218654,13,267
11443,ds005293,sub-044,ds005293__sub-044,24,2.25,4.5,3.2348232,14,267
11444,ds005293,sub-044,ds005293__sub-044,25,3.75,4.5,3.2649229,15,267
11445,ds005293,sub-044,ds005293__sub-044,26,3.75,4.5,3.293601,15,267
11446,ds005293,sub-044,ds005293__sub-044,27,3.0,4.5,3.2631998,14,267
11447,ds005293,sub-044,ds005293__sub-044,28,3.75,4.5,3.221444,15,267
11448,ds005293,sub-044,ds005293__sub-044,29,4.5,4.5,3.2448118,15,267
11449,ds005293,sub-044,ds005293__sub-044,30,3.0,4.5,3.2492006,15,267
11450,ds005293,sub-044,ds005293__sub-044,31,3.0,4.5,3.233565,13,267
11451,ds005293,sub-044,ds005293__sub-044,32,4.5,4.5,3.2313046,14,267
11452,ds005293,sub-044,ds005293__sub-044,33,3.0,4.5,3.231867,15,267
11453,ds005293,sub-044,ds005293__sub-044,34,4.5,4.5,3.2150483,14,267
11454,ds005293,sub-044,ds005293__sub-044,35,4.5,4.5,3.1908169,15,267
11455,ds005293,sub-044,ds005293__sub-044,36,4.5,4.5,3.185103,13,267
11456,ds005293,sub-044,ds005293__sub-044,37,3.75,4.5,3.180284,15,267
11457,ds005293,sub-044,ds005293__sub-044,38,3.75,4.5,3.1904616,15,267
11458,ds005293,sub-044,ds005293__sub-044,39,2.25,4.5,3.1885319,14,267
11459,ds005293,sub-044,ds005293__sub-044,40,2.25,4.5,3.1921651,15,267
11460,ds005293,sub-044,ds005293__sub-044,41,3.75,4.5,3.209948,14,267
11461,ds005293,sub-044,ds005293__sub-044,42,4.5,4.5,3.2116652,15,267
11462,ds005293,sub-044,ds005293__sub-044,43,2.25,4.5,3.219512,13,267
11463,ds005293,sub-044,ds005293__sub-044,44,2.25,4.5,3.2274334,14,267
11464,ds005293,sub-044,ds005293__sub-044,45,2.25,4.5,3.2423418,15,267
11465,ds005293,sub-044,ds005293__sub-044,46,3.0,4.5,3.2332907,15,267
11466,ds005293,sub-044,ds005293__sub-044,47,3.0,3.75,3.2411005,14,267
11467,ds005293,sub-044,ds005293__sub-044,48,2.25,3.75,3.2397852,15,267
11468,ds005293,sub-044,ds005293__sub-044,49,3.75,3.75,3.2211924,15,267
11469,ds005293,sub-044,ds005293__sub-044,50,3.0,2.25,3.2072325,13,267
11470,ds005293,sub-044,ds005293__sub-044,51,3.0,4.5,3.2219298,14,267
11471,ds005293,sub-044,ds005293__sub-044,52,3.75,4.5,3.2095656,15,267
11472,ds005293,sub-044,ds005293__sub-044,53,3.75,4.5,3.2192519,15,267
11473,ds005293,sub-044,ds005293__sub-044,54,3.75,4.5,3.2210698,14,267
11474,ds005293,sub-044,ds005293__sub-044,55,4.5,4.5,3.2098188,15,267
11475,ds005293,sub-044,ds005293__sub-044,56,2.25,4.5,3.2084997,15,267
11476,ds005293,sub-044,ds005293__sub-044,57,3.0,4.5,3.2164154,14,267
11477,ds005293,sub-044,ds005293__sub-044,58,2.25,4.5,3.2327123,15,267
11478,ds005293,sub-044,ds005293__sub-044,59,2.25,4.5,3.2384512,14,267
11479,ds005293,sub-044,ds005293__sub-044,60,3.0,4.5,3.250126,15,267
11480,ds005293,sub-044,ds005293__sub-044,61,2.25,4.5,3.2844157,15,267
11481,ds005293,sub-044,ds005293__sub-044,62,3.75,4.5,3.2751646,15,267
11482,ds005293,sub-044,ds005293__sub-044,63,3.0,4.5,3.27994,15,267
11483,ds005293,sub-044,ds005293__sub-044,64,3.75,4.5,3.2609177,14,267
11484,ds005293,sub-044,ds005293__sub-044,65,3.0,4.5,3.256351,15,267
11485,ds005293,sub-044,ds005293__sub-044,66,3.0,4.5,3.2365515,10,267
11486,ds005293,sub-044,ds005293__sub-044,67,4.5,4.5,3.2469277,11,267
11487,ds005293,sub-044,ds005293__sub-044,68,3.0,4.5,3.2707257,12,267
11488,ds005293,sub-044,ds005293__sub-044,69,4.5,4.5,3.254304,13,267
11489,ds005293,sub-044,ds005293__sub-044,70,4.5,4.5,3.269752,14,267
11490,ds005293,sub-045,ds005293__sub-045,0,3.5,3.75,3.6359358,0,268
11491,ds005293,sub-045,ds005293__sub-045,1,3.5,3.75,3.4322228,1,268
11492,ds005293,sub-045,ds005293__sub-045,2,2.5,3.5,3.232275,2,268
11493,ds005293,sub-045,ds005293__sub-045,3,2.5,2.25,3.0716624,3,268
11494,ds005293,sub-045,ds005293__sub-045,4,3.5,2.25,3.0789292,4,268
11495,ds005293,sub-045,ds005293__sub-045,5,4.0,2.25,3.0937347,5,268
11496,ds005293,sub-045,ds005293__sub-045,6,2.5,2.25,3.0901496,6,268
11497,ds005293,sub-045,ds005293__sub-045,7,2.5,2.5,3.0785508,7,268
11498,ds005293,sub-045,ds005293__sub-045,8,2.5,2.5,3.0935855,8,268
11499,ds005293,sub-045,ds005293__sub-045,9,3.0,2.5,3.1185594,9,268
11500,ds005293,sub-045,ds005293__sub-045,10,3.0,2.5,3.1358685,10,268
11501,ds005293,sub-045,ds005293__sub-045,11,2.5,2.5,3.1496177,11,268
11502,ds005293,sub-045,ds005293__sub-045,12,3.5,2.5,3.1721025,12,268
11503,ds005293,sub-045,ds005293__sub-045,13,3.0,2.5,3.193508,13,268
11504,ds005293,sub-045,ds005293__sub-045,14,3.0,4.5,3.2075102,14,268
11505,ds005293,sub-045,ds005293__sub-045,15,3.5,4.5,3.2253916,15,268
11506,ds005293,sub-045,ds005293__sub-045,16,3.5,4.5,3.2413044,15,268
11507,ds005293,sub-045,ds005293__sub-045,17,4.0,4.5,3.2480752,15,268
11508,ds005293,sub-045,ds005293__sub-045,18,2.5,4.5,3.2573743,14,268
11509,ds005293,sub-045,ds005293__sub-045,19,4.0,4.5,3.240638,15,268
11510,ds005293,sub-045,ds005293__sub-045,20,3.0,4.5,3.2650058,15,268
11511,ds005293,sub-045,ds005293__sub-045,21,2.5,4.5,3.2722774,15,268
11512,ds005293,sub-045,ds005293__sub-045,22,2.5,4.5,3.2665415,15,268
11513,ds005293,sub-045,ds005293__sub-045,23,3.0,4.5,3.2581527,15,268
11514,ds005293,sub-045,ds005293__sub-045,24,2.5,4.5,3.2486916,15,268
11515,ds005293,sub-045,ds005293__sub-045,25,3.5,4.5,3.2801085,14,268
11516,ds005293,sub-045,ds005293__sub-045,26,3.5,4.5,3.2930074,15,268
11517,ds005293,sub-045,ds005293__sub-045,27,4.0,4.5,3.297556,15,268
11518,ds005293,sub-045,ds005293__sub-045,28,3.0,4.5,3.2890935,14,268
11519,ds005293,sub-045,ds005293__sub-045,29,3.5,4.0,3.2499418,15,268
11520,ds005293,sub-045,ds005293__sub-045,30,4.0,4.0,3.2426052,14,268
11521,ds005293,sub-045,ds005293__sub-045,31,3.0,4.0,3.2416568,15,268
11522,ds005293,sub-045,ds005293__sub-045,32,4.0,4.0,3.2522755,15,268
11523,ds005293,sub-045,ds005293__sub-045,33,3.0,4.0,3.2779946,15,268
11524,ds005293,sub-045,ds005293__sub-045,34,4.0,4.0,3.2767363,15,268
11525,ds005293,sub-045,ds005293__sub-045,35,4.0,4.5,3.301484,15,268
11526,ds005293,sub-045,ds005293__sub-045,36,4.0,4.0,3.2886057,14,268
11527,ds005293,sub-045,ds005293__sub-045,37,3.5,4.5,3.3049326,15,268
11528,ds005293,sub-045,ds005293__sub-045,38,3.5,4.5,3.2805924,15,268
11529,ds005293,sub-045,ds005293__sub-045,39,2.5,4.5,3.2549303,14,268
11530,ds005293,sub-045,ds005293__sub-045,40,2.5,4.5,3.2470613,15,268
11531,ds005293,sub-045,ds005293__sub-045,41,3.5,4.5,3.2602587,14,268
11532,ds005293,sub-045,ds005293__sub-045,42,4.0,4.5,3.2826877,15,268
11533,ds005293,sub-045,ds005293__sub-045,43,2.5,4.5,3.298255,15,268
11534,ds005293,sub-045,ds005293__sub-045,44,2.5,4.5,3.2935104,15,268
11535,ds005293,sub-045,ds005293__sub-045,45,2.5,4.5,3.2961206,15,268
11536,ds005293,sub-045,ds005293__sub-045,46,3.0,4.5,3.2962472,15,268
11537,ds005293,sub-045,ds005293__sub-045,47,3.0,4.5,3.301627,15,268
11538,ds005293,sub-045,ds005293__sub-045,48,2.5,4.5,3.3097987,15,268
11539,ds005293,sub-045,ds005293__sub-045,49,3.5,4.5,3.2908545,15,268
11540,ds005293,sub-045,ds005293__sub-045,50,3.0,4.5,3.281378,15,268
11541,ds005293,sub-045,ds005293__sub-045,51,3.5,4.5,3.2869234,15,268
11542,ds005293,sub-045,ds005293__sub-045,52,4.0,4.5,3.2763362,15,268
11543,ds005293,sub-045,ds005293__sub-045,53,3.5,4.5,3.2811427,15,268
11544,ds005293,sub-045,ds005293__sub-045,54,4.0,4.5,3.237732,15,268
11545,ds005293,sub-045,ds005293__sub-045,55,2.5,4.5,3.2273326,14,268
11546,ds005293,sub-045,ds005293__sub-045,56,4.0,4.5,3.2385638,15,268
11547,ds005293,sub-045,ds005293__sub-045,57,3.0,4.5,3.2721577,15,268
11548,ds005293,sub-045,ds005293__sub-045,58,2.5,4.5,3.271284,15,268
11549,ds005293,sub-045,ds005293__sub-045,59,2.5,4.0,3.26084,15,268
11550,ds005293,sub-045,ds005293__sub-045,60,3.0,4.0,3.285106,15,268
11551,ds005293,sub-045,ds005293__sub-045,61,2.5,4.0,3.30448,15,268
11552,ds005293,sub-045,ds005293__sub-045,62,3.5,4.0,3.3056102,15,268
11553,ds005293,sub-045,ds005293__sub-045,63,3.5,4.5,3.2844253,15,268
11554,ds005293,sub-045,ds005293__sub-045,64,4.0,4.5,3.286754,15,268
11555,ds005293,sub-045,ds005293__sub-045,65,3.0,4.5,3.2722735,15,268
11556,ds005293,sub-045,ds005293__sub-045,66,3.5,4.5,3.2398448,15,268
11557,ds005293,sub-045,ds005293__sub-045,67,4.0,4.5,3.233253,15,268
11558,ds005293,sub-045,ds005293__sub-045,68,3.0,4.5,3.2512393,14,268
11559,ds005293,sub-045,ds005293__sub-045,69,3.0,4.5,3.2657542,15,268
11560,ds005293,sub-045,ds005293__sub-045,70,4.0,4.5,3.279108,14,268
11561,ds005293,sub-045,ds005293__sub-045,71,3.0,4.5,3.277084,15,268
11562,ds005293,sub-045,ds005293__sub-045,72,4.0,4.5,3.2715032,15,268
11563,ds005293,sub-045,ds005293__sub-045,73,4.0,4.5,3.2612176,15,268
11564,ds005293,sub-045,ds005293__sub-045,74,4.0,4.5,3.2445498,15,268
11565,ds005293,sub-046,ds005293__sub-046,0,3.5,3.75,3.446806,0,269
11566,ds005293,sub-046,ds005293__sub-046,1,3.5,3.75,3.4363942,1,269
11567,ds005293,sub-046,ds005293__sub-046,2,2.5,3.75,3.2152648,2,269
11568,ds005293,sub-046,ds005293__sub-046,3,2.5,2.25,2.7872334,2,269
11569,ds005293,sub-046,ds005293__sub-046,4,3.5,2.25,2.798574,3,269
11570,ds005293,sub-046,ds005293__sub-046,5,4.0,2.25,2.8158083,4,269
11571,ds005293,sub-046,ds005293__sub-046,6,2.5,2.25,2.852953,5,269
11572,ds005293,sub-046,ds005293__sub-046,7,2.5,2.25,2.8798735,6,269
11573,ds005293,sub-046,ds005293__sub-046,8,2.5,2.25,2.9857678,7,269
11574,ds005293,sub-046,ds005293__sub-046,9,3.0,2.25,3.0228186,8,269
11575,ds005293,sub-046,ds005293__sub-046,10,3.0,2.25,3.0857813,9,269
11576,ds005293,sub-046,ds005293__sub-046,11,2.5,2.25,3.1333175,10,269
11577,ds005293,sub-046,ds005293__sub-046,12,3.5,2.25,3.2284026,11,269
11578,ds005293,sub-046,ds005293__sub-046,13,3.0,4.5,3.262526,12,269
11579,ds005293,sub-046,ds005293__sub-046,14,3.0,4.5,3.338148,13,269
11580,ds005293,sub-046,ds005293__sub-046,15,3.5,4.5,3.3780518,14,269
11581,ds005293,sub-046,ds005293__sub-046,16,3.5,4.5,3.379066,14,269
11582,ds005293,sub-046,ds005293__sub-046,17,4.0,4.5,3.419365,15,269
11583,ds005293,sub-046,ds005293__sub-046,18,3.5,4.5,3.450389,15,269
11584,ds005293,sub-046,ds005293__sub-046,19,4.0,4.5,3.414259,15,269
11585,ds005293,sub-046,ds005293__sub-046,20,2.5,4.5,3.3553405,13,269
11586,ds005293,sub-046,ds005293__sub-046,21,4.0,4.5,3.4101796,14,269
11587,ds005293,sub-046,ds005293__sub-046,22,3.0,4.5,3.4079673,15,269
11588,ds005293,sub-046,ds005293__sub-046,23,2.5,4.5,3.4314423,14,269
11589,ds005293,sub-046,ds005293__sub-046,24,2.5,4.5,3.461539,15,269
11590,ds005293,sub-046,ds005293__sub-046,25,3.0,4.5,3.4641464,14,269
11591,ds005293,sub-046,ds005293__sub-046,26,2.5,4.5,3.4264104,14,269
11592,ds005293,sub-046,ds005293__sub-046,27,3.5,4.5,3.2682033,15,269
11593,ds005293,sub-046,ds005293__sub-046,28,3.5,4.5,3.286032,13,269
11594,ds005293,sub-046,ds005293__sub-046,29,4.0,4.5,3.271123,12,269
11595,ds005293,sub-046,ds005293__sub-046,30,3.0,3.75,3.2492669,13,269
11596,ds005293,sub-046,ds005293__sub-046,31,3.5,3.75,3.262734,14,269
11597,ds005293,sub-046,ds005293__sub-046,32,4.0,3.75,3.2565696,15,269
11598,ds005293,sub-046,ds005293__sub-046,33,3.0,4.5,3.2802863,15,269
11599,ds005293,sub-046,ds005293__sub-046,34,3.0,4.5,3.2797656,14,269
11600,ds005293,sub-046,ds005293__sub-046,35,4.0,4.5,3.3554137,15,269
11601,ds005293,sub-046,ds005293__sub-046,36,3.0,4.5,3.4290657,15,269
11602,ds005293,sub-046,ds005293__sub-046,37,4.0,4.5,3.5060213,15,269
11603,ds005293,sub-046,ds005293__sub-046,38,4.0,4.5,3.4986305,15,269
11604,ds005293,sub-046,ds005293__sub-046,39,4.0,4.5,3.570255,14,269
11605,ds005293,sub-046,ds005293__sub-046,40,3.5,4.5,3.568972,15,269
11606,ds005293,sub-046,ds005293__sub-046,41,3.5,4.5,3.4386244,15,269
11607,ds005293,sub-046,ds005293__sub-046,42,2.5,4.5,3.4779482,14,269
11608,ds005293,sub-046,ds005293__sub-046,43,2.5,4.5,3.3548856,15,269
11609,ds005293,sub-046,ds005293__sub-046,44,3.5,4.5,3.3523088,14,269
11610,ds005293,sub-046,ds005293__sub-046,45,4.0,4.5,3.4294376,15,269
11611,ds005293,sub-046,ds005293__sub-046,46,2.5,4.5,3.3733811,15,269
11612,ds005293,sub-046,ds005293__sub-046,47,2.5,4.5,3.4015076,14,269
11613,ds005293,sub-046,ds005293__sub-046,48,2.5,4.5,3.402502,15,269
11614,ds005293,sub-046,ds005293__sub-046,49,3.0,3.75,3.357263,15,269
11615,ds005293,sub-046,ds005293__sub-046,50,3.0,3.75,3.280472,15,269
11616,ds005293,sub-046,ds005293__sub-046,51,2.5,4.0,3.2968402,14,269
11617,ds005293,sub-046,ds005293__sub-046,52,3.5,4.0,3.3335795,15,269
11618,ds005293,sub-046,ds005293__sub-046,53,3.0,4.0,3.3475814,14,269
11619,ds005293,sub-046,ds005293__sub-046,54,3.0,4.0,3.346085,15,269
11620,ds005293,sub-046,ds005293__sub-046,55,3.5,4.0,3.377719,13,269
11621,ds005293,sub-046,ds005293__sub-046,56,3.5,4.5,3.4249291,14,269
11622,ds005293,sub-046,ds005293__sub-046,57,4.0,4.0,3.4512286,15,269
11623,ds005293,sub-046,ds005293__sub-046,58,3.5,4.0,3.483758,15,269
11624,ds005293,sub-046,ds005293__sub-046,59,4.0,4.0,3.4794753,14,269
11625,ds005293,sub-046,ds005293__sub-046,60,2.5,4.0,3.4694,14,269
11626,ds005293,sub-046,ds005293__sub-046,61,4.0,4.0,3.481774,13,269
11627,ds005293,sub-046,ds005293__sub-046,62,3.0,4.0,3.4473884,14,269
11628,ds005293,sub-046,ds005293__sub-046,63,2.5,4.0,3.4671783,13,269
11629,ds005293,sub-046,ds005293__sub-046,64,2.5,4.0,3.5026605,14,269
11630,ds005293,sub-046,ds005293__sub-046,65,3.0,4.0,3.5029426,15,269
11631,ds005293,sub-046,ds005293__sub-046,66,2.5,4.0,3.5309772,13,269
11632,ds005293,sub-046,ds005293__sub-046,67,3.5,4.0,3.4893985,14,269
11633,ds005293,sub-046,ds005293__sub-046,68,3.5,4.0,3.4113054,15,269
11634,ds005293,sub-046,ds005293__sub-046,69,4.0,4.0,3.3668177,15,269
11635,ds005293,sub-046,ds005293__sub-046,70,3.0,4.5,3.3434227,15,269
11636,ds005293,sub-046,ds005293__sub-046,71,3.5,4.5,3.3072224,14,269
11637,ds005293,sub-046,ds005293__sub-046,72,4.0,4.5,3.290459,13,269
11638,ds005293,sub-046,ds005293__sub-046,73,3.0,4.5,3.3507638,14,269
11639,ds005293,sub-046,ds005293__sub-046,74,3.0,4.5,3.3882728,15,269
11640,ds005293,sub-046,ds005293__sub-046,75,4.0,4.5,3.3861558,15,269
11641,ds005293,sub-046,ds005293__sub-046,76,3.0,4.5,3.4122915,14,269
11642,ds005293,sub-046,ds005293__sub-046,77,4.0,4.5,3.403016,14,269
11643,ds005293,sub-046,ds005293__sub-046,78,4.0,4.5,3.41914,15,269
11644,ds005293,sub-046,ds005293__sub-046,79,4.0,4.5,3.4362984,13,269
11645,ds005293,sub-047,ds005293__sub-047,0,3.5,3.75,3.3807113,0,270
11646,ds005293,sub-047,ds005293__sub-047,1,3.5,2.25,2.662938,1,270
11647,ds005293,sub-047,ds005293__sub-047,2,2.5,2.25,2.7994037,2,270
11648,ds005293,sub-047,ds005293__sub-047,3,2.5,2.25,2.917779,3,270
11649,ds005293,sub-047,ds005293__sub-047,4,3.5,2.25,3.0875845,4,270
11650,ds005293,sub-047,ds005293__sub-047,5,4.0,2.25,3.172347,5,270
11651,ds005293,sub-047,ds005293__sub-047,6,2.5,2.25,3.215753,5,270
11652,ds005293,sub-047,ds005293__sub-047,7,2.5,2.25,3.2371893,6,270
11653,ds005293,sub-047,ds005293__sub-047,8,2.5,4.5,3.266342,7,270
11654,ds005293,sub-047,ds005293__sub-047,9,3.0,4.5,3.2937746,8,270
11655,ds005293,sub-047,ds005293__sub-047,10,3.0,4.5,3.3100014,9,270
11656,ds005293,sub-047,ds005293__sub-047,11,2.5,4.5,3.3260684,10,270
11657,ds005293,sub-047,ds005293__sub-047,12,3.5,4.5,3.3587227,11,270
11658,ds005293,sub-047,ds005293__sub-047,13,3.0,4.5,3.373042,12,270
11659,ds005293,sub-047,ds005293__sub-047,14,3.0,4.5,3.391233,13,270
11660,ds005293,sub-047,ds005293__sub-047,15,3.5,4.5,3.4074564,14,270
11661,ds005293,sub-047,ds005293__sub-047,16,3.5,4.5,3.3705378,14,270
11662,ds005293,sub-047,ds005293__sub-047,17,4.0,4.5,3.3976645,15,270
11663,ds005293,sub-047,ds005293__sub-047,18,3.5,4.5,3.467986,14,270
11664,ds005293,sub-047,ds005293__sub-047,19,4.0,4.5,3.3268437,14,270
11665,ds005293,sub-047,ds005293__sub-047,20,2.5,4.5,3.2940953,15,270
11666,ds005293,sub-047,ds005293__sub-047,21,4.0,4.5,3.3544092,14,270
11667,ds005293,sub-047,ds005293__sub-047,22,3.0,4.5,3.3218222,15,270
11668,ds005293,sub-047,ds005293__sub-047,23,2.5,4.5,3.3340971,15,270
11669,ds005293,sub-047,ds005293__sub-047,24,2.5,4.5,3.3496785,14,270
11670,ds005293,sub-047,ds005293__sub-047,25,3.0,4.5,3.3721786,15,270
11671,ds005293,sub-047,ds005293__sub-047,26,2.5,4.5,3.453587,14,270
11672,ds005293,sub-047,ds005293__sub-047,27,3.5,4.5,3.4414082,15,270
11673,ds005293,sub-047,ds005293__sub-047,28,3.5,4.5,3.4897377,15,270
11674,ds005293,sub-047,ds005293__sub-047,29,4.0,4.5,3.5128367,15,270
11675,ds005293,sub-047,ds005293__sub-047,30,3.0,4.5,3.43874,15,270
11676,ds005293,sub-047,ds005293__sub-047,31,3.5,4.5,3.374324,15,270
11677,ds005293,sub-047,ds005293__sub-047,32,4.0,4.5,3.3652573,14,270
11678,ds005293,sub-047,ds005293__sub-047,33,3.0,4.5,3.315648,15,270
11679,ds005293,sub-047,ds005293__sub-047,34,3.0,4.5,3.312255,14,270
11680,ds005293,sub-047,ds005293__sub-047,35,4.0,4.5,3.2869856,15,270
11681,ds005293,sub-047,ds005293__sub-047,36,3.0,4.5,3.2773273,14,270
11682,ds005293,sub-047,ds005293__sub-047,37,4.0,4.5,3.259351,15,270
11683,ds005293,sub-047,ds005293__sub-047,38,4.0,4.5,3.2694457,14,270
11684,ds005293,sub-047,ds005293__sub-047,39,4.0,4.5,3.2543259,15,270
11685,ds005293,sub-047,ds005293__sub-047,40,3.5,4.5,3.2966237,14,270
11686,ds005293,sub-047,ds005293__sub-047,41,3.5,4.5,3.3327887,15,270
11687,ds005293,sub-047,ds005293__sub-047,42,2.5,4.5,3.3875732,15,270
11688,ds005293,sub-047,ds005293__sub-047,43,2.5,4.5,3.4211054,14,270
11689,ds005293,sub-047,ds005293__sub-047,44,3.5,4.5,3.4555838,15,270
11690,ds005293,sub-047,ds005293__sub-047,45,4.0,4.5,3.5854437,15,270
11691,ds005293,sub-047,ds005293__sub-047,46,2.5,4.5,3.6218505,14,270
11692,ds005293,sub-047,ds005293__sub-047,47,2.5,4.5,3.6032796,15,270
11693,ds005293,sub-047,ds005293__sub-047,48,2.5,4.5,3.6272607,14,270
11694,ds005293,sub-047,ds005293__sub-047,49,3.0,4.5,3.3579865,15,270
11695,ds005293,sub-047,ds005293__sub-047,50,3.0,4.5,3.3841882,14,270
11696,ds005293,sub-047,ds005293__sub-047,51,2.5,4.5,3.353024,14,270
11697,ds005293,sub-047,ds005293__sub-047,52,3.5,4.5,3.3043935,15,270
11698,ds005293,sub-047,ds005293__sub-047,53,3.0,4.5,3.3353972,15,270
11699,ds005293,sub-047,ds005293__sub-047,54,3.0,4.5,3.319953,15,270
11700,ds005293,sub-047,ds005293__sub-047,55,3.5,4.5,3.3024397,14,270
11701,ds005293,sub-047,ds005293__sub-047,56,3.5,4.5,3.309241,15,270
11702,ds005293,sub-047,ds005293__sub-047,57,4.0,4.5,3.3504312,15,270
11703,ds005293,sub-047,ds005293__sub-047,58,3.5,4.5,3.3521023,15,270
11704,ds005293,sub-047,ds005293__sub-047,59,4.0,4.5,3.3088355,14,270
11705,ds005293,sub-047,ds005293__sub-047,60,2.5,4.5,3.2813625,15,270
11706,ds005293,sub-047,ds005293__sub-047,61,4.0,4.5,3.3185375,15,270
11707,ds005293,sub-047,ds005293__sub-047,62,3.0,4.5,3.3544593,14,270
11708,ds005293,sub-047,ds005293__sub-047,63,2.5,4.5,3.3597915,15,270
11709,ds005293,sub-047,ds005293__sub-047,64,2.5,4.5,3.4285178,15,270
11710,ds005293,sub-047,ds005293__sub-047,65,3.0,4.5,3.4381561,14,270
11711,ds005293,sub-047,ds005293__sub-047,66,2.5,4.5,3.3551126,15,270
11712,ds005293,sub-047,ds005293__sub-047,67,3.5,4.5,3.3899422,15,270
11713,ds005293,sub-047,ds005293__sub-047,68,3.5,4.5,3.3408566,14,270
11714,ds005293,sub-047,ds005293__sub-047,69,4.0,4.5,3.2896342,15,270
11715,ds005293,sub-047,ds005293__sub-047,70,3.0,4.5,3.310422,14,270
11716,ds005293,sub-047,ds005293__sub-047,71,3.5,4.5,3.271873,15,270
11717,ds005293,sub-047,ds005293__sub-047,72,4.0,4.5,3.3207827,14,270
11718,ds005293,sub-047,ds005293__sub-047,73,3.0,4.5,3.303004,15,270
11719,ds005293,sub-047,ds005293__sub-047,74,3.0,4.5,3.336592,13,270
11720,ds005293,sub-047,ds005293__sub-047,75,4.0,4.5,3.3760986,14,270
11721,ds005293,sub-047,ds005293__sub-047,76,3.0,4.5,3.3621323,15,270
11722,ds005293,sub-047,ds005293__sub-047,77,4.0,4.5,3.3996716,15,270
11723,ds005293,sub-047,ds005293__sub-047,78,4.0,4.5,3.4066918,14,270
11724,ds005293,sub-048,ds005293__sub-048,0,3.5,3.75,3.6024177,0,271
11725,ds005293,sub-048,ds005293__sub-048,1,3.5,3.75,3.0412998,1,271
11726,ds005293,sub-048,ds005293__sub-048,2,2.5,2.5,2.7888143,2,271
11727,ds005293,sub-048,ds005293__sub-048,3,2.5,2.5,3.112803,3,271
11728,ds005293,sub-048,ds005293__sub-048,4,3.5,2.5,2.997068,3,271
11729,ds005293,sub-048,ds005293__sub-048,5,4.0,3.5,3.1336787,5,271
11730,ds005293,sub-048,ds005293__sub-048,6,2.5,2.5,3.0453424,5,271
11731,ds005293,sub-048,ds005293__sub-048,7,2.5,2.5,2.9522486,6,271
11732,ds005293,sub-048,ds005293__sub-048,8,2.5,2.5,2.8813577,7,271
11733,ds005293,sub-048,ds005293__sub-048,9,3.0,3.0,3.1314495,0,271
11734,ds005293,sub-048,ds005293__sub-048,10,3.0,2.5,3.1932154,0,271
11735,ds005293,sub-048,ds005293__sub-048,11,2.5,3.0,3.3986096,0,271
11736,ds005293,sub-048,ds005293__sub-048,12,3.5,2.5,3.3321822,1,271
11737,ds005293,sub-048,ds005293__sub-048,13,3.0,4.5,3.6118968,0,271
11738,ds005293,sub-048,ds005293__sub-048,14,3.0,4.5,3.5600495,0,271
11739,ds005293,sub-048,ds005293__sub-048,15,3.5,4.5,3.4142635,1,271
11740,ds005293,sub-048,ds005293__sub-048,16,3.5,2.5,3.2774837,0,271
11741,ds005293,sub-048,ds005293__sub-048,17,4.0,4.5,3.730531,0,271
11742,ds005293,sub-048,ds005293__sub-048,18,3.5,4.5,3.5980382,0,271
11743,ds005293,sub-048,ds005293__sub-048,19,4.0,4.5,3.8106322,0,271
11744,ds005293,sub-048,ds005293__sub-048,20,2.5,4.5,3.5051746,0,271
11745,ds005293,sub-048,ds005293__sub-048,21,4.0,4.5,3.8280296,0,271
11746,ds005293,sub-048,ds005293__sub-048,22,3.0,4.5,3.405282,0,271
11747,ds005293,sub-048,ds005293__sub-048,23,2.5,4.5,3.3549557,1,271
11748,ds005293,sub-048,ds005293__sub-048,24,2.5,2.5,3.0665283,0,271
11749,ds005293,sub-048,ds005293__sub-048,25,3.0,2.5,3.2664795,0,271
11750,ds005293,sub-048,ds005293__sub-048,26,2.5,2.5,3.3045478,1,271
11751,ds005293,sub-048,ds005293__sub-048,27,3.5,2.5,3.257872,2,271
11752,ds005293,sub-048,ds005293__sub-048,28,3.5,4.5,3.6172283,0,271
11753,ds005293,sub-048,ds005293__sub-048,29,4.0,4.5,3.8529072,1,271
11754,ds005293,sub-048,ds005293__sub-048,30,3.0,4.5,3.969373,1,271
11755,ds005293,sub-048,ds005293__sub-048,31,3.5,4.5,3.6734598,2,271
11756,ds005293,sub-048,ds005293__sub-048,32,4.0,4.5,3.7394314,3,271
11757,ds005293,sub-048,ds005293__sub-048,33,3.0,4.5,3.6346428,1,271
11758,ds005293,sub-048,ds005293__sub-048,34,3.0,2.5,3.3733442,0,271
11759,ds005293,sub-048,ds005293__sub-048,35,4.0,4.5,3.844701,0,271
11760,ds005293,sub-048,ds005293__sub-048,36,3.0,4.5,3.4611812,1,271
11761,ds005293,sub-048,ds005293__sub-048,37,4.0,4.5,3.9055223,0,271
11762,ds005293,sub-048,ds005293__sub-048,38,4.0,4.5,4.003555,0,271
11763,ds005293,sub-048,ds005293__sub-048,39,4.0,4.5,4.0931277,0,271
11764,ds005293,sub-048,ds005293__sub-048,40,3.5,4.5,3.6126878,0,271
11765,ds005293,sub-048,ds005293__sub-048,41,3.5,2.5,3.075563,1,271
11766,ds005293,sub-048,ds005293__sub-048,42,2.5,2.5,2.8809094,2,271
11767,ds005293,sub-048,ds005293__sub-048,43,2.5,2.5,2.6742568,0,271
11768,ds005293,sub-048,ds005293__sub-048,44,3.5,2.5,2.9198701,0,271
11769,ds005293,sub-048,ds005293__sub-048,45,4.0,4.5,3.6376145,0,271
11770,ds005293,sub-048,ds005293__sub-048,46,2.5,4.5,3.5238419,1,271
11771,ds005293,sub-048,ds005293__sub-048,47,2.5,4.5,3.3800068,0,271
11772,ds005293,sub-048,ds005293__sub-048,48,2.5,4.5,3.3649306,3,271
11773,ds005293,sub-048,ds005293__sub-048,49,3.0,2.5,3.3552809,0,271
11774,ds005293,sub-048,ds005293__sub-048,50,3.0,4.5,3.3876734,1,271
11775,ds005293,sub-048,ds005293__sub-048,51,2.5,4.5,3.4653554,0,271
11776,ds005293,sub-048,ds005293__sub-048,52,3.5,4.5,3.5634222,0,271
11777,ds005293,sub-048,ds005293__sub-048,53,3.0,4.5,3.8604753,0,271
11778,ds005293,sub-048,ds005293__sub-048,54,3.0,4.5,3.8689706,1,271
11779,ds005293,sub-048,ds005293__sub-048,55,3.5,4.5,3.8339863,2,271
11780,ds005293,sub-048,ds005293__sub-048,56,3.5,4.5,3.9341605,3,271
11781,ds005293,sub-048,ds005293__sub-048,57,4.0,4.5,4.027099,0,271
11782,ds005293,sub-048,ds005293__sub-048,58,3.5,4.5,4.0314636,0,271
11783,ds005293,sub-048,ds005293__sub-048,59,4.0,4.5,3.960714,1,271
11784,ds005293,sub-048,ds005293__sub-048,60,2.5,4.5,3.7188718,0,271
11785,ds005293,sub-048,ds005293__sub-048,61,4.0,4.5,3.9827976,1,271
11786,ds005293,sub-048,ds005293__sub-048,62,3.0,4.5,3.84941,0,271
11787,ds005293,sub-048,ds005293__sub-048,63,2.5,4.5,3.8509007,0,271
11788,ds005293,sub-048,ds005293__sub-048,64,2.5,4.5,3.864452,0,271
11789,ds005293,sub-048,ds005293__sub-048,65,3.0,4.5,3.7629662,0,271
11790,ds005293,sub-048,ds005293__sub-048,66,2.5,4.5,3.698082,1,271
11791,ds005293,sub-048,ds005293__sub-048,67,3.5,4.5,3.7844782,2,271
11792,ds005293,sub-048,ds005293__sub-048,68,3.5,4.5,3.667379,3,271
11793,ds005293,sub-048,ds005293__sub-048,69,4.0,4.5,3.8321314,0,271
11794,ds005293,sub-048,ds005293__sub-048,70,3.0,4.5,3.7721748,1,271
11795,ds005293,sub-048,ds005293__sub-048,71,3.5,4.5,3.8916407,0,271
11796,ds005293,sub-048,ds005293__sub-048,72,4.0,4.5,3.939529,0,271
11797,ds005293,sub-048,ds005293__sub-048,73,3.0,4.5,3.9732893,0,271
11798,ds005293,sub-048,ds005293__sub-048,74,3.0,4.5,3.9348233,1,271
11799,ds005293,sub-048,ds005293__sub-048,75,4.0,4.5,3.943585,0,271
11800,ds005293,sub-048,ds005293__sub-048,76,3.0,4.5,3.946504,1,271
11801,ds005293,sub-048,ds005293__sub-048,77,4.0,4.5,4.025318,0,271
11802,ds005293,sub-048,ds005293__sub-048,78,4.0,4.5,4.0342054,0,271
11803,ds005293,sub-048,ds005293__sub-048,79,4.0,4.5,4.1660905,1,271
11804,ds005293,sub-049,ds005293__sub-049,0,3.75,3.75,3.4618177,0,272
11805,ds005293,sub-049,ds005293__sub-049,1,2.25,2.25,3.0350647,1,272
11806,ds005293,sub-049,ds005293__sub-049,2,2.25,2.25,2.702744,2,272
11807,ds005293,sub-049,ds005293__sub-049,3,3.75,2.25,2.7421775,3,272
11808,ds005293,sub-049,ds005293__sub-049,4,4.5,2.0,2.73119,4,272
11809,ds005293,sub-049,ds005293__sub-049,5,2.25,2.0,2.7838671,5,272
11810,ds005293,sub-049,ds005293__sub-049,6,2.25,2.0,2.8197522,5,272
11811,ds005293,sub-049,ds005293__sub-049,7,2.25,2.0,2.839607,6,272
11812,ds005293,sub-049,ds005293__sub-049,8,3.0,2.0,2.8799343,7,272
11813,ds005293,sub-049,ds005293__sub-049,9,3.0,2.0,2.918602,8,272
11814,ds005293,sub-049,ds005293__sub-049,10,2.25,2.0,2.9586558,9,272
11815,ds005293,sub-049,ds005293__sub-049,11,3.0,2.0,2.9993382,10,272
11816,ds005293,sub-049,ds005293__sub-049,12,3.75,2.0,3.0741317,11,272
11817,ds005293,sub-049,ds005293__sub-049,13,3.75,2.5,3.1392307,12,272
11818,ds005293,sub-049,ds005293__sub-049,14,4.5,4.5,3.230045,13,272
11819,ds005293,sub-049,ds005293__sub-049,15,2.25,4.5,3.2794018,14,272
11820,ds005293,sub-049,ds005293__sub-049,16,4.5,4.5,3.2287378,12,272
11821,ds005293,sub-049,ds005293__sub-049,17,3.0,4.5,3.213127,14,272
11822,ds005293,sub-049,ds005293__sub-049,18,2.25,4.5,3.2422051,14,272
11823,ds005293,sub-049,ds005293__sub-049,19,2.25,4.5,3.24677,14,272
11824,ds005293,sub-049,ds005293__sub-049,20,3.0,4.0,3.2324753,12,272
11825,ds005293,sub-049,ds005293__sub-049,21,2.25,4.0,3.2091494,13,272
11826,ds005293,sub-049,ds005293__sub-049,22,3.75,4.5,3.2400162,12,272
11827,ds005293,sub-049,ds005293__sub-049,23,3.0,4.5,3.2488842,11,272
11828,ds005293,sub-049,ds005293__sub-049,24,3.75,4.5,3.2690544,12,272
11829,ds005293,sub-049,ds005293__sub-049,25,4.5,4.5,3.2431064,14,272
11830,ds005293,sub-049,ds005293__sub-049,26,3.0,4.5,3.2313385,13,272
11831,ds005293,sub-049,ds005293__sub-049,27,3.0,4.5,3.2037907,14,272
11832,ds005293,sub-049,ds005293__sub-049,28,4.5,4.5,3.1889071,15,272
11833,ds005293,sub-049,ds005293__sub-049,29,3.0,4.5,3.1591244,13,272
11834,ds005293,sub-049,ds005293__sub-049,30,4.5,4.5,3.1912746,13,272
11835,ds005293,sub-049,ds005293__sub-049,31,3.75,4.5,3.2579367,14,272
11836,ds005293,sub-049,ds005293__sub-049,32,3.75,4.5,3.224167,14,272
11837,ds005293,sub-049,ds005293__sub-049,33,2.25,4.5,3.2345338,15,272
11838,ds005293,sub-049,ds005293__sub-049,34,2.25,4.5,3.2228968,15,272
11839,ds005293,sub-049,ds005293__sub-049,35,3.0,4.5,3.315786,14,272
11840,ds005293,sub-049,ds005293__sub-049,36,3.0,4.5,3.4319801,14,272
11841,ds005293,sub-049,ds005293__sub-049,37,2.25,4.5,3.3641121,14,272
11842,ds005293,sub-049,ds005293__sub-049,38,3.75,4.5,3.3290482,13,272
11843,ds005293,sub-049,ds005293__sub-049,39,3.0,4.5,3.3942134,14,272
11844,ds005293,sub-049,ds005293__sub-049,40,4.5,4.5,3.4549036,15,272
11845,ds005293,sub-049,ds005293__sub-049,41,3.75,4.5,3.4671173,15,272
11846,ds005293,sub-049,ds005293__sub-049,42,2.25,4.5,3.5018458,13,272
11847,ds005293,sub-049,ds005293__sub-049,43,4.5,4.5,3.43267,14,272
11848,ds005293,sub-049,ds005293__sub-049,44,2.25,4.5,3.4511504,14,272
11849,ds005293,sub-049,ds005293__sub-049,45,2.25,3.75,3.470771,15,272
11850,ds005293,sub-049,ds005293__sub-049,46,3.0,3.75,3.5027394,14,272
11851,ds005293,sub-049,ds005293__sub-049,47,2.25,4.5,3.5412538,15,272
11852,ds005293,sub-049,ds005293__sub-049,48,3.75,3.75,3.5432694,15,272
11853,ds005293,sub-049,ds005293__sub-049,49,3.0,4.5,3.5473604,14,272
11854,ds005293,sub-049,ds005293__sub-049,50,3.75,3.75,3.5184298,15,272
11855,ds005293,sub-049,ds005293__sub-049,51,4.5,4.5,3.5390077,14,272
11856,ds005293,sub-049,ds005293__sub-049,52,3.0,4.5,3.5173326,15,272
11857,ds005293,sub-049,ds005293__sub-049,53,3.0,4.5,3.5303426,14,272
11858,ds005293,sub-049,ds005293__sub-049,54,4.5,4.5,3.552765,14,272
11859,ds005293,sub-049,ds005293__sub-049,55,3.0,4.5,3.5730865,15,272
11860,ds005293,sub-049,ds005293__sub-049,56,4.5,4.5,3.5846891,15,272
11861,ds005293,sub-049,ds005293__sub-049,57,4.5,3.75,3.601603,15,272
11862,ds005293,sub-049,ds005293__sub-049,58,4.5,4.5,3.555857,15,272
11863,ds005293,sub-050,ds005293__sub-050,0,3.0,3.5,3.625617,0,273
11864,ds005293,sub-050,ds005293__sub-050,1,3.0,4.0,3.8306522,0,273
11865,ds005293,sub-050,ds005293__sub-050,2,2.0,2.5,2.9662805,1,273
11866,ds005293,sub-050,ds005293__sub-050,3,2.0,2.5,2.8513556,2,273
11867,ds005293,sub-050,ds005293__sub-050,4,3.0,2.5,2.8107605,3,273
11868,ds005293,sub-050,ds005293__sub-050,5,3.5,2.5,2.8270621,4,273
11869,ds005293,sub-050,ds005293__sub-050,6,2.0,2.5,2.7482638,5,273
11870,ds005293,sub-050,ds005293__sub-050,7,2.0,2.0,2.5333982,6,273
11871,ds005293,sub-050,ds005293__sub-050,8,2.0,2.0,2.5955043,7,273
11872,ds005293,sub-050,ds005293__sub-050,9,2.5,2.0,2.6188016,8,273
11873,ds005293,sub-050,ds005293__sub-050,10,2.5,2.0,2.663393,9,273
11874,ds005293,sub-050,ds005293__sub-050,11,2.0,2.0,2.67592,10,273
11875,ds005293,sub-050,ds005293__sub-050,12,3.0,2.0,2.84828,11,273
11876,ds005293,sub-050,ds005293__sub-050,13,2.5,2.0,2.9131393,12,273
11877,ds005293,sub-050,ds005293__sub-050,14,2.5,2.0,2.9705667,13,273
11878,ds005293,sub-050,ds005293__sub-050,15,3.0,2.0,3.0679016,14,273
11879,ds005293,sub-050,ds005293__sub-050,16,3.0,4.5,3.1876843,15,273
11880,ds005293,sub-050,ds005293__sub-050,17,3.5,4.5,3.2444677,14,273
11881,ds005293,sub-050,ds005293__sub-050,18,3.0,4.5,3.2525663,15,273
11882,ds005293,sub-050,ds005293__sub-050,19,3.5,4.5,3.24188,15,273
11883,ds005293,sub-050,ds005293__sub-050,20,2.0,2.0,3.0443764,14,273
11884,ds005293,sub-050,ds005293__sub-050,21,3.5,2.5,3.0725288,14,273
11885,ds005293,sub-050,ds005293__sub-050,22,2.5,2.5,3.032084,15,273
11886,ds005293,sub-050,ds005293__sub-050,23,2.0,2.0,2.9283783,15,273
11887,ds005293,sub-050,ds005293__sub-050,24,2.0,2.0,2.833383,14,273
11888,ds005293,sub-050,ds005293__sub-050,25,2.5,2.0,2.8009365,15,273
11889,ds005293,sub-050,ds005293__sub-050,26,2.0,2.0,2.815335,15,273
11890,ds005293,sub-050,ds005293__sub-050,27,3.0,2.0,2.8020372,14,273
11891,ds005293,sub-050,ds005293__sub-050,28,3.0,2.0,2.7967067,15,273
11892,ds005293,sub-050,ds005293__sub-050,29,3.5,2.0,2.8167758,14,273
11893,ds005293,sub-050,ds005293__sub-050,30,2.5,2.0,2.8998127,15,273
11894,ds005293,sub-050,ds005293__sub-050,31,3.0,2.0,2.8881223,15,273
11895,ds005293,sub-050,ds005293__sub-050,32,3.5,2.0,2.9018826,4,273
11896,ds005293,sub-050,ds005293__sub-050,33,2.5,2.0,2.8908355,13,273
11897,ds005293,sub-050,ds005293__sub-050,34,2.5,2.0,2.9479141,14,273
11898,ds005293,sub-050,ds005293__sub-050,35,3.5,2.0,3.0126266,15,273
11899,ds005293,sub-050,ds005293__sub-050,36,2.5,2.0,2.9810295,8,273
11900,ds005293,sub-050,ds005293__sub-050,37,3.5,2.0,2.8936942,14,273
11901,ds005293,sub-050,ds005293__sub-050,38,3.5,2.5,2.9503818,14,273
11902,ds005293,sub-050,ds005293__sub-050,39,3.5,2.0,2.9398,15,273
11903,ds005293,sub-050,ds005293__sub-050,40,3.0,2.0,2.8625648,15,273
11904,ds005293,sub-050,ds005293__sub-050,41,3.0,2.0,2.7650127,15,273
11905,ds005293,sub-050,ds005293__sub-050,42,2.0,2.0,2.6731613,15,273
11906,ds005293,sub-050,ds005293__sub-050,43,2.0,2.0,2.652495,15,273
11907,ds005293,sub-050,ds005293__sub-050,44,3.0,2.0,2.696182,14,273
11908,ds005293,sub-050,ds005293__sub-050,45,3.5,2.0,2.8052027,15,273
11909,ds005293,sub-050,ds005293__sub-050,46,2.0,2.0,2.7417123,15,273
11910,ds005293,sub-050,ds005293__sub-050,47,2.0,2.0,2.762004,13,273
11911,ds005293,sub-050,ds005293__sub-050,48,2.0,2.0,2.7782123,14,273
11912,ds005293,sub-050,ds005293__sub-050,49,2.5,2.0,2.7650914,15,273
11913,ds005293,sub-050,ds005293__sub-050,50,2.5,2.0,2.7732754,14,273
11914,ds005293,sub-050,ds005293__sub-050,51,2.0,2.5,3.0284028,15,273
11915,ds005293,sub-050,ds005293__sub-050,52,3.0,2.5,3.0698993,1,273
11916,ds005293,sub-050,ds005293__sub-050,53,2.5,2.5,3.0828314,2,273
11917,ds005293,sub-050,ds005293__sub-050,54,2.5,2.5,3.1414785,13,273
11918,ds005293,sub-050,ds005293__sub-050,55,3.0,2.5,3.2139578,14,273
11919,ds005293,sub-050,ds005293__sub-050,56,3.0,2.5,3.2502859,15,273
11920,ds005293,sub-050,ds005293__sub-050,57,3.5,4.5,3.2419486,14,273
11921,ds005293,sub-050,ds005293__sub-050,58,3.0,4.5,3.198331,15,273
11922,ds005293,sub-050,ds005293__sub-050,59,3.5,2.5,3.14811,5,273
11923,ds005293,sub-050,ds005293__sub-050,60,2.0,2.5,3.0655077,14,273
11924,ds005293,sub-050,ds005293__sub-050,61,3.5,2.5,3.1485324,15,273
11925,ds005293,sub-050,ds005293__sub-050,62,2.5,2.5,3.1351314,14,273
11926,ds005293,sub-050,ds005293__sub-050,63,2.0,2.5,3.1830044,14,273
11927,ds005293,sub-050,ds005293__sub-050,64,2.0,2.5,3.1604939,15,273
11928,ds005293,sub-050,ds005293__sub-050,65,2.5,3.0,3.2041373,14,273
11929,ds005293,sub-050,ds005293__sub-050,66,2.0,3.0,3.2777166,15,273
11930,ds005293,sub-050,ds005293__sub-050,67,3.0,3.0,3.3277497,11,273
11931,ds005293,sub-050,ds005293__sub-050,68,3.0,3.5,3.362797,12,273
11932,ds005293,sub-050,ds005293__sub-050,69,3.5,3.0,3.4140182,15,273
11933,ds005293,sub-050,ds005293__sub-050,70,2.5,3.0,3.4238176,15,273
11934,ds005293,sub-050,ds005293__sub-050,71,3.0,3.0,3.4224374,15,273
11935,ds005293,sub-050,ds005293__sub-050,72,3.5,4.5,3.4353554,14,273
11936,ds005293,sub-050,ds005293__sub-050,73,2.5,4.5,3.4144034,15,273
11937,ds005293,sub-050,ds005293__sub-050,74,2.5,4.5,3.3604424,14,273
11938,ds005293,sub-050,ds005293__sub-050,75,3.5,2.5,3.234899,15,273
11939,ds005293,sub-050,ds005293__sub-050,76,2.5,2.5,3.1421316,14,273
11940,ds005293,sub-050,ds005293__sub-050,77,3.5,2.5,3.0513043,14,273
11941,ds005293,sub-050,ds005293__sub-050,78,3.5,2.5,2.9297514,15,273
11942,ds005293,sub-050,ds005293__sub-050,79,3.5,2.5,2.8912816,14,273
11943,ds005293,sub-051,ds005293__sub-051,0,3.75,3.5,3.4584098,0,274
11944,ds005293,sub-051,ds005293__sub-051,1,3.75,3.75,3.5118291,1,274
11945,ds005293,sub-051,ds005293__sub-051,2,2.25,2.25,3.0582461,1,274
11946,ds005293,sub-051,ds005293__sub-051,3,2.25,2.25,2.7821524,3,274
11947,ds005293,sub-051,ds005293__sub-051,4,3.75,2.25,2.931223,3,274
11948,ds005293,sub-051,ds005293__sub-051,5,4.5,2.25,3.0075557,4,274
11949,ds005293,sub-051,ds005293__sub-051,6,2.25,2.0,2.9138474,5,274
11950,ds005293,sub-051,ds005293__sub-051,7,2.25,2.0,2.8546324,6,274
11951,ds005293,sub-051,ds005293__sub-051,8,2.25,2.0,2.8803725,7,274
11952,ds005293,sub-051,ds005293__sub-051,9,3.0,2.0,2.9561923,8,274
11953,ds005293,sub-051,ds005293__sub-051,10,3.0,2.0,2.9672651,9,274
11954,ds005293,sub-051,ds005293__sub-051,11,2.25,2.0,2.8643339,10,274
11955,ds005293,sub-051,ds005293__sub-051,12,3.75,2.0,2.8594594,12,274
11956,ds005293,sub-051,ds005293__sub-051,13,3.0,2.0,2.836383,12,274
11957,ds005293,sub-051,ds005293__sub-051,14,3.0,2.0,2.8170094,13,274
11958,ds005293,sub-051,ds005293__sub-051,15,3.75,2.0,2.8703308,14,274
11959,ds005293,sub-051,ds005293__sub-051,16,3.75,2.5,2.8883724,15,274
11960,ds005293,sub-051,ds005293__sub-051,17,4.5,2.5,2.8437605,15,274
11961,ds005293,sub-051,ds005293__sub-051,18,3.75,2.0,2.8019226,15,274
11962,ds005293,sub-051,ds005293__sub-051,19,4.5,2.0,2.883833,14,274
11963,ds005293,sub-051,ds005293__sub-051,20,2.25,2.0,2.8781571,15,274
11964,ds005293,sub-051,ds005293__sub-051,21,4.5,2.0,2.879535,0,274
11965,ds005293,sub-051,ds005293__sub-051,22,3.0,2.0,2.9427528,1,274
11966,ds005293,sub-051,ds005293__sub-051,23,2.25,2.0,2.8049197,0,274
11967,ds005293,sub-051,ds005293__sub-051,24,2.25,2.0,2.7339535,1,274
11968,ds005293,sub-051,ds005293__sub-051,25,3.0,2.0,2.6766,2,274
11969,ds005293,sub-051,ds005293__sub-051,26,2.25,2.0,2.823616,3,274
11970,ds005293,sub-051,ds005293__sub-051,27,3.75,2.0,2.7765236,4,274
11971,ds005293,sub-051,ds005293__sub-051,28,3.75,2.0,2.863837,5,274
11972,ds005293,sub-051,ds005293__sub-051,29,4.5,2.0,2.976274,6,274
11973,ds005293,sub-051,ds005293__sub-051,30,3.0,2.0,2.9413114,14,274
11974,ds005293,sub-051,ds005293__sub-051,31,3.75,2.0,2.867586,12,274
11975,ds005293,sub-051,ds005293__sub-051,32,4.5,2.0,2.836998,15,274
11976,ds005293,sub-051,ds005293__sub-051,33,3.0,2.0,2.88712,14,274
11977,ds005293,sub-051,ds005293__sub-051,34,3.0,2.0,2.8444216,15,274
11978,ds005293,sub-051,ds005293__sub-051,35,4.5,2.0,2.7607856,0,274
11979,ds005293,sub-051,ds005293__sub-051,36,3.0,2.0,2.7671044,1,274
11980,ds005293,sub-051,ds005293__sub-051,37,4.5,2.5,2.7468684,15,274
11981,ds005293,sub-051,ds005293__sub-051,38,4.5,2.5,2.8335538,14,274
11982,ds005293,sub-051,ds005293__sub-051,39,4.5,2.5,3.1577425,0,274
11983,ds005293,sub-051,ds005293__sub-051,40,3.75,4.5,3.3297153,1,274
11984,ds005293,sub-051,ds005293__sub-051,41,3.75,4.5,3.3203049,2,274
11985,ds005293,sub-051,ds005293__sub-051,42,2.25,4.5,3.2843895,3,274
11986,ds005293,sub-051,ds005293__sub-051,43,2.25,2.5,3.2290344,4,274
11987,ds005293,sub-051,ds005293__sub-051,44,3.75,2.5,3.237455,5,274
11988,ds005293,sub-051,ds005293__sub-051,45,4.5,4.0,3.3389235,6,274
11989,ds005293,sub-051,ds005293__sub-051,46,2.25,4.0,3.1534345,14,274
11990,ds005293,sub-051,ds005293__sub-051,47,2.25,2.5,3.0720453,15,274
11991,ds005293,sub-051,ds005293__sub-051,48,2.25,2.5,3.0072067,15,274
11992,ds005293,sub-051,ds005293__sub-051,49,3.0,2.5,2.9458904,14,274
11993,ds005293,sub-051,ds005293__sub-051,50,3.0,2.5,3.0407417,15,274
11994,ds005293,sub-051,ds005293__sub-051,51,2.25,2.5,2.9672794,12,274
11995,ds005293,sub-051,ds005293__sub-051,52,3.75,2.0,2.861928,13,274
11996,ds005293,sub-051,ds005293__sub-051,53,3.0,2.0,2.7731342,14,274
11997,ds005293,sub-051,ds005293__sub-051,54,3.0,2.0,2.711001,15,274
11998,ds005293,sub-051,ds005293__sub-051,55,3.75,2.0,2.6644988,15,274
11999,ds005293,sub-051,ds005293__sub-051,56,3.75,2.0,2.6151905,15,274
12000,ds005293,sub-051,ds005293__sub-051,57,4.5,2.0,2.683274,15,274
12001,ds005293,sub-051,ds005293__sub-051,58,3.75,2.0,2.7147129,14,274
12002,ds005293,sub-051,ds005293__sub-051,59,4.5,2.0,2.685661,15,274
12003,ds005293,sub-051,ds005293__sub-051,60,2.25,2.0,2.5664208,15,274
12004,ds005293,sub-051,ds005293__sub-051,61,4.5,2.0,2.476139,15,274
12005,ds005293,sub-051,ds005293__sub-051,62,3.0,2.0,2.4264033,15,274
12006,ds005293,sub-051,ds005293__sub-051,63,2.25,2.0,2.4246693,15,274
12007,ds005293,sub-051,ds005293__sub-051,64,2.25,2.0,2.4501672,15,274
12008,ds005293,sub-051,ds005293__sub-051,65,3.0,2.0,2.5121465,0,274
12009,ds005293,sub-051,ds005293__sub-051,66,2.25,2.0,2.6284602,1,274
12010,ds005293,sub-051,ds005293__sub-051,67,3.75,2.0,2.7434037,0,274
12011,ds005293,sub-051,ds005293__sub-051,68,3.75,2.5,2.8812966,5,274
12012,ds005293,sub-051,ds005293__sub-051,69,4.5,4.5,3.207206,6,274
12013,ds005293,sub-051,ds005293__sub-051,70,3.0,4.5,3.42712,5,274
12014,ds005293,sub-051,ds005293__sub-051,71,3.75,4.5,3.3630044,10,274
12015,ds005293,sub-051,ds005293__sub-051,72,4.5,4.5,3.3443496,11,274
12016,ds005293,sub-051,ds005293__sub-051,73,3.0,4.5,3.2492292,12,274
12017,ds005293,sub-051,ds005293__sub-051,74,3.0,2.25,3.165187,13,274
12018,ds005293,sub-051,ds005293__sub-051,75,4.5,2.5,3.1034224,14,274
12019,ds005293,sub-051,ds005293__sub-051,76,3.0,2.0,2.955762,15,274
12020,ds005293,sub-051,ds005293__sub-051,77,4.5,2.5,2.938099,14,274
12021,ds005293,sub-051,ds005293__sub-051,78,4.5,2.0,2.8408406,15,274
12022,ds005293,sub-051,ds005293__sub-051,79,4.5,2.0,2.8832397,15,274
12023,ds005293,sub-052,ds005293__sub-052,0,3.75,3.75,3.4722176,0,275
12024,ds005293,sub-052,ds005293__sub-052,1,3.75,3.75,3.5694396,1,275
12025,ds005293,sub-052,ds005293__sub-052,2,2.25,2.25,2.9439857,1,275
12026,ds005293,sub-052,ds005293__sub-052,3,2.25,2.25,2.7978313,3,275
12027,ds005293,sub-052,ds005293__sub-052,4,3.75,2.25,2.6494174,4,275
12028,ds005293,sub-052,ds005293__sub-052,5,4.5,2.25,3.1217697,0,275
12029,ds005293,sub-052,ds005293__sub-052,6,2.25,2.25,2.9886482,1,275
12030,ds005293,sub-052,ds005293__sub-052,7,2.25,2.25,2.8262973,2,275
12031,ds005293,sub-052,ds005293__sub-052,8,2.25,2.25,2.7985349,2,275
12032,ds005293,sub-052,ds005293__sub-052,9,3.0,2.25,2.8684642,0,275
12033,ds005293,sub-052,ds005293__sub-052,10,3.0,2.5,2.8121138,0,275
12034,ds005293,sub-052,ds005293__sub-052,11,2.25,3.0,2.9497244,0,275
12035,ds005293,sub-052,ds005293__sub-052,12,3.75,3.5,3.2978606,0,275
12036,ds005293,sub-052,ds005293__sub-052,13,3.0,3.5,3.3813572,0,275
12037,ds005293,sub-052,ds005293__sub-052,14,3.0,3.5,3.295696,1,275
12038,ds005293,sub-052,ds005293__sub-052,15,3.75,3.5,3.304062,2,275
12039,ds005293,sub-052,ds005293__sub-052,16,3.75,4.0,3.5120935,0,275
12040,ds005293,sub-052,ds005293__sub-052,17,4.5,4.5,3.8664496,0,275
12041,ds005293,sub-052,ds005293__sub-052,18,3.75,4.5,3.949832,1,275
12042,ds005293,sub-052,ds005293__sub-052,19,4.5,4.5,3.8198247,1,275
12043,ds005293,sub-052,ds005293__sub-052,20,2.25,4.5,3.4966087,3,275
12044,ds005293,sub-052,ds005293__sub-052,21,4.5,4.5,3.6021068,0,275
12045,ds005293,sub-052,ds005293__sub-052,22,3.0,4.5,3.4760432,1,275
12046,ds005293,sub-052,ds005293__sub-052,23,2.25,2.5,2.9860792,0,275
12047,ds005293,sub-052,ds005293__sub-052,24,2.25,2.0,2.5284138,1,275
12048,ds005293,sub-052,ds005293__sub-052,25,3.0,2.0,2.4418902,0,275
12049,ds005293,sub-052,ds005293__sub-052,26,2.25,2.5,2.5929763,0,275
12050,ds005293,sub-052,ds005293__sub-052,27,3.75,3.75,3.287056,0,275
12051,ds005293,sub-052,ds005293__sub-052,28,3.75,3.75,3.392704,1,275
12052,ds005293,sub-052,ds005293__sub-052,29,4.5,3.75,3.504824,2,275
12053,ds005293,sub-052,ds005293__sub-052,30,3.0,3.0,3.4598117,3,275
12054,ds005293,sub-052,ds005293__sub-052,31,3.75,3.75,3.4870255,4,275
12055,ds005293,sub-052,ds005293__sub-052,32,4.5,3.75,3.6473773,0,275
12056,ds005293,sub-052,ds005293__sub-052,33,3.0,4.5,3.557576,1,275
12057,ds005293,sub-052,ds005293__sub-052,34,3.0,4.5,3.366737,2,275
12058,ds005293,sub-052,ds005293__sub-052,35,4.5,4.5,3.2803998,3,275
12059,ds005293,sub-052,ds005293__sub-052,36,3.0,2.5,3.195193,1,275
12060,ds005293,sub-052,ds005293__sub-052,37,4.5,4.0,3.5676265,0,275
12061,ds005293,sub-052,ds005293__sub-052,38,4.5,4.5,3.5820827,1,275
12062,ds005293,sub-052,ds005293__sub-052,39,4.5,4.5,3.53349,2,275
12063,ds005293,sub-052,ds005293__sub-052,40,3.75,2.5,3.3071437,3,275
12064,ds005293,sub-052,ds005293__sub-052,41,3.75,2.5,3.0747705,4,275
12065,ds005293,sub-052,ds005293__sub-052,42,2.25,2.5,2.907486,5,275
12066,ds005293,sub-052,ds005293__sub-052,43,2.25,2.5,2.628933,6,275
12067,ds005293,sub-052,ds005293__sub-052,44,3.75,2.0,2.5223835,7,275
12068,ds005293,sub-052,ds005293__sub-052,45,4.5,4.5,3.369946,0,275
12069,ds005293,sub-052,ds005293__sub-052,46,2.25,4.5,3.4546242,1,275
12070,ds005293,sub-052,ds005293__sub-052,47,2.25,3.75,3.2083244,2,275
12071,ds005293,sub-052,ds005293__sub-052,48,2.25,2.5,2.9182944,3,275
12072,ds005293,sub-052,ds005293__sub-052,49,3.0,2.5,2.919202,4,275
12073,ds005293,sub-052,ds005293__sub-052,50,3.0,2.5,3.0346487,5,275
12074,ds005293,sub-052,ds005293__sub-052,51,2.25,2.5,3.0313835,6,275
12075,ds005293,sub-052,ds005293__sub-052,52,3.75,3.75,2.952232,0,275
12076,ds005293,sub-052,ds005293__sub-052,53,3.0,3.75,3.2019691,1,275
12077,ds005293,sub-052,ds005293__sub-052,54,3.0,3.75,3.4518695,2,275
12078,ds005293,sub-052,ds005293__sub-052,55,3.75,3.75,3.6319828,3,275
12079,ds005293,sub-052,ds005293__sub-052,56,3.75,3.75,3.7264605,0,275
12080,ds005293,sub-052,ds005293__sub-052,57,4.5,4.5,3.945198,1,275
12081,ds005293,sub-052,ds005293__sub-052,58,3.75,4.5,3.9408808,2,275
12082,ds005293,sub-052,ds005293__sub-052,59,4.5,4.5,4.0120625,3,275
12083,ds005293,sub-052,ds005293__sub-052,60,2.25,4.5,3.9705253,4,275
12084,ds005293,sub-052,ds005293__sub-052,61,4.5,4.5,4.1187954,0,275
12085,ds005293,sub-052,ds005293__sub-052,62,3.0,4.5,4.0827947,1,275
12086,ds005293,sub-052,ds005293__sub-052,63,2.25,4.5,3.86909,2,275
12087,ds005293,sub-052,ds005293__sub-052,64,2.25,4.5,3.634798,3,275
12088,ds005293,sub-052,ds005293__sub-052,65,3.0,2.25,3.115455,4,275
12089,ds005293,sub-052,ds005293__sub-052,66,2.25,4.5,3.2549405,0,275
12090,ds005293,sub-052,ds005293__sub-052,67,3.75,4.5,3.7357612,0,275
12091,ds005293,sub-052,ds005293__sub-052,68,3.75,4.5,3.6639414,0,275
12092,ds005293,sub-052,ds005293__sub-052,69,4.5,4.5,3.8608065,0,275
12093,ds005293,sub-052,ds005293__sub-052,70,3.0,4.5,3.7996097,1,275
12094,ds005293,sub-052,ds005293__sub-052,71,3.75,4.5,3.7301626,2,275
12095,ds005293,sub-052,ds005293__sub-052,72,4.5,4.5,3.8501768,3,275
12096,ds005293,sub-052,ds005293__sub-052,73,3.0,4.5,3.588348,4,275
12097,ds005293,sub-052,ds005293__sub-052,74,3.0,4.5,3.473121,5,275
12098,ds005293,sub-052,ds005293__sub-052,75,4.5,4.5,3.4011817,6,275
12099,ds005293,sub-052,ds005293__sub-052,76,3.0,2.5,2.9792552,7,275
12100,ds005293,sub-052,ds005293__sub-052,77,4.5,4.5,3.3425956,0,275
12101,ds005293,sub-052,ds005293__sub-052,78,4.5,4.5,3.5144444,1,275
12102,ds005293,sub-052,ds005293__sub-052,79,4.5,4.5,3.8488336,2,275
12103,ds005293,sub-053,ds005293__sub-053,0,3.75,3.75,3.5196342,0,276
12104,ds005293,sub-053,ds005293__sub-053,1,3.75,3.75,3.3786335,0,276
12105,ds005293,sub-053,ds005293__sub-053,2,2.25,4.0,3.155241,1,276
12106,ds005293,sub-053,ds005293__sub-053,3,2.25,2.5,2.7383454,2,276
12107,ds005293,sub-053,ds005293__sub-053,4,3.75,2.5,3.0102,4,276
12108,ds005293,sub-053,ds005293__sub-053,5,4.5,4.0,3.3371701,5,276
12109,ds005293,sub-053,ds005293__sub-053,6,2.25,2.5,2.800771,6,276
12110,ds005293,sub-053,ds005293__sub-053,7,2.25,2.0,2.40606,5,276
12111,ds005293,sub-053,ds005293__sub-053,8,2.25,2.0,2.2866766,0,276
12112,ds005293,sub-053,ds005293__sub-053,9,3.0,2.0,2.3704486,1,276
12113,ds005293,sub-053,ds005293__sub-053,10,3.0,2.0,2.3167336,2,276
12114,ds005293,sub-053,ds005293__sub-053,11,2.25,2.0,2.3446054,0,276
12115,ds005293,sub-053,ds005293__sub-053,12,3.75,2.0,2.3516684,1,276
12116,ds005293,sub-053,ds005293__sub-053,13,3.0,2.5,2.8081393,0,276
12117,ds005293,sub-053,ds005293__sub-053,14,3.0,2.5,2.7666628,1,276
12118,ds005293,sub-053,ds005293__sub-053,15,3.75,2.5,2.8565326,2,276
12119,ds005293,sub-053,ds005293__sub-053,16,3.75,2.5,2.8658748,3,276
12120,ds005293,sub-053,ds005293__sub-053,17,4.5,3.75,3.5183258,0,276
12121,ds005293,sub-053,ds005293__sub-053,18,3.75,4.5,3.677921,1,276
12122,ds005293,sub-053,ds005293__sub-053,19,4.5,4.5,3.8299198,1,276
12123,ds005293,sub-053,ds005293__sub-053,20,2.25,2.5,3.1368499,2,276
12124,ds005293,sub-053,ds005293__sub-053,21,3.0,2.5,2.988789,3,276
12125,ds005293,sub-053,ds005293__sub-053,22,2.25,2.0,2.569912,3,276
12126,ds005293,sub-053,ds005293__sub-053,23,2.25,2.0,2.458394,4,276
12127,ds005293,sub-053,ds005293__sub-053,24,3.0,2.0,2.5317159,5,276
12128,ds005293,sub-053,ds005293__sub-053,25,2.25,4.5,3.2708044,0,276
12129,ds005293,sub-053,ds005293__sub-053,26,3.75,2.5,3.2062938,1,276
12130,ds005293,sub-053,ds005293__sub-053,27,3.75,3.75,3.7599053,0,276
12131,ds005293,sub-053,ds005293__sub-053,28,4.5,3.75,3.734886,1,276
12132,ds005293,sub-053,ds005293__sub-053,29,3.0,3.75,3.6141734,2,276
12133,ds005293,sub-053,ds005293__sub-053,30,3.75,3.75,3.589753,3,276
12134,ds005293,sub-053,ds005293__sub-053,31,4.5,3.75,3.453262,4,276
12135,ds005293,sub-053,ds005293__sub-053,32,3.0,3.0,3.2405972,2,276
12136,ds005293,sub-053,ds005293__sub-053,33,3.0,3.5,3.1859868,3,276
12137,ds005293,sub-053,ds005293__sub-053,34,3.0,3.5,3.307864,4,276
12138,ds005293,sub-053,ds005293__sub-053,35,4.5,3.5,3.230527,5,276
12139,ds005293,sub-053,ds005293__sub-053,36,4.5,2.5,2.8962936,2,276
12140,ds005293,sub-053,ds005293__sub-053,37,4.5,2.5,2.747931,3,276
12141,ds005293,sub-053,ds005293__sub-053,38,3.75,3.5,3.2111166,0,276
12142,ds005293,sub-053,ds005293__sub-053,39,3.75,2.5,3.2361336,1,276
12143,ds005293,sub-053,ds005293__sub-053,40,3.75,2.5,3.1778655,2,276
12144,ds005293,sub-053,ds005293__sub-053,41,4.5,2.5,3.1494505,3,276
12145,ds005293,sub-053,ds005293__sub-053,42,2.25,2.5,3.1747236,4,276
12146,ds005293,sub-053,ds005293__sub-053,43,2.25,2.0,2.728653,0,276
12147,ds005293,sub-053,ds005293__sub-053,44,2.25,2.0,2.4234803,1,276
12148,ds005293,sub-053,ds005293__sub-053,45,3.0,2.0,2.4262347,0,276
12149,ds005293,sub-053,ds005293__sub-053,46,3.0,2.5,2.5217924,1,276
12150,ds005293,sub-053,ds005293__sub-053,47,2.25,2.5,2.8876574,0,276
12151,ds005293,sub-053,ds005293__sub-053,48,3.75,2.5,3.1455798,1,276
12152,ds005293,sub-053,ds005293__sub-053,49,3.0,3.5,3.4969883,0,276
12153,ds005293,sub-053,ds005293__sub-053,50,3.0,3.5,3.5223918,1,276
12154,ds005293,sub-053,ds005293__sub-053,51,3.75,4.0,3.6145573,2,276
12155,ds005293,sub-053,ds005293__sub-053,52,3.75,4.0,3.6570249,3,276
12156,ds005293,sub-053,ds005293__sub-053,53,4.5,4.0,3.6763105,0,276
12157,ds005293,sub-053,ds005293__sub-053,54,3.75,4.0,3.5046918,1,276
12158,ds005293,sub-053,ds005293__sub-053,55,2.25,4.0,3.4402282,2,276
12159,ds005293,sub-053,ds005293__sub-053,56,4.5,3.0,3.314878,3,276
12160,ds005293,sub-053,ds005293__sub-053,57,3.0,3.0,3.1318798,1,276
12161,ds005293,sub-053,ds005293__sub-053,58,2.25,2.5,2.693666,2,276
12162,ds005293,sub-053,ds005293__sub-053,59,3.75,2.5,2.7200623,3,276
12163,ds005293,sub-053,ds005293__sub-053,60,3.75,2.5,2.5675378,0,276
12164,ds005293,sub-053,ds005293__sub-053,61,3.0,2.5,2.4034183,0,276
12165,ds005293,sub-053,ds005293__sub-053,62,3.75,2.0,2.3547118,1,276
12166,ds005293,sub-053,ds005293__sub-053,63,4.5,2.5,2.7210746,0,276
12167,ds005293,sub-053,ds005293__sub-053,64,3.0,2.5,2.8682475,0,276
12168,ds005293,sub-053,ds005293__sub-053,65,3.0,2.5,2.724729,1,276
12169,ds005293,sub-053,ds005293__sub-053,66,4.5,3.75,3.088863,0,276
12170,ds005293,sub-053,ds005293__sub-053,67,3.0,2.5,2.848096,1,276
12171,ds005293,sub-053,ds005293__sub-053,68,4.5,2.5,2.907086,2,276
12172,ds005293,sub-053,ds005293__sub-053,69,4.5,3.75,3.5181928,3,276
12173,ds005293,sub-053,ds005293__sub-053,70,4.5,2.5,3.0166974,1,276
12174,ds005293,sub-054,ds005293__sub-054,0,3.75,3.5,3.6382105,0,277
12175,ds005293,sub-054,ds005293__sub-054,1,3.75,3.5,3.6201353,1,277
12176,ds005293,sub-054,ds005293__sub-054,2,2.25,3.5,3.0314665,0,277
12177,ds005293,sub-054,ds005293__sub-054,3,2.25,2.0,2.6065323,1,277
12178,ds005293,sub-054,ds005293__sub-054,4,3.75,2.0,2.6087048,2,277
12179,ds005293,sub-054,ds005293__sub-054,5,4.5,4.0,3.446581,0,277
12180,ds005293,sub-054,ds005293__sub-054,6,2.25,2.25,2.8525324,0,277
12181,ds005293,sub-054,ds005293__sub-054,7,2.25,2.25,2.5588963,1,277
12182,ds005293,sub-054,ds005293__sub-054,8,2.25,2.25,2.6116414,2,277
12183,ds005293,sub-054,ds005293__sub-054,9,3.0,2.25,2.6678636,4,277
12184,ds005293,sub-054,ds005293__sub-054,10,3.0,2.25,2.7682383,5,277
12185,ds005293,sub-054,ds005293__sub-054,11,2.25,2.25,2.8858066,0,277
12186,ds005293,sub-054,ds005293__sub-054,12,3.75,2.25,2.9850743,1,277
12187,ds005293,sub-054,ds005293__sub-054,13,3.0,3.75,3.5002604,0,277
12188,ds005293,sub-054,ds005293__sub-054,14,3.0,3.75,3.5288754,1,277
12189,ds005293,sub-054,ds005293__sub-054,15,3.75,3.75,3.7704496,0,277
12190,ds005293,sub-054,ds005293__sub-054,16,3.75,3.75,3.7899852,1,277
12191,ds005293,sub-054,ds005293__sub-054,17,4.5,4.5,3.8783586,2,277
12192,ds005293,sub-054,ds005293__sub-054,18,3.75,4.5,3.8854249,3,277
12193,ds005293,sub-054,ds005293__sub-054,19,4.5,4.5,3.7915251,4,277
12194,ds005293,sub-054,ds005293__sub-054,20,2.25,4.5,3.5517535,5,277
12195,ds005293,sub-054,ds005293__sub-054,21,4.5,2.0,2.538199,1,277
12196,ds005293,sub-054,ds005293__sub-054,22,3.0,2.0,2.4089231,0,277
12197,ds005293,sub-054,ds005293__sub-054,23,2.25,2.0,2.3626704,0,277
12198,ds005293,sub-054,ds005293__sub-054,24,2.25,2.0,2.3198626,1,277
12199,ds005293,sub-054,ds005293__sub-054,25,3.0,2.0,2.3972666,2,277
12200,ds005293,sub-054,ds005293__sub-054,26,2.25,2.0,2.574606,0,277
12201,ds005293,sub-054,ds005293__sub-054,27,3.75,3.75,3.2921753,0,277
12202,ds005293,sub-054,ds005293__sub-054,28,3.75,3.75,3.4954433,1,277
12203,ds005293,sub-054,ds005293__sub-054,29,4.5,3.75,3.761789,2,277
12204,ds005293,sub-054,ds005293__sub-054,30,3.0,3.75,3.7470884,3,277
12205,ds005293,sub-054,ds005293__sub-054,31,3.75,4.5,3.8500316,4,277
12206,ds005293,sub-054,ds005293__sub-054,32,4.5,4.5,3.912493,5,277
12207,ds005293,sub-054,ds005293__sub-054,33,3.0,4.5,3.8045032,4,277
12208,ds005293,sub-054,ds005293__sub-054,34,3.0,4.5,3.7177243,5,277
12209,ds005293,sub-054,ds005293__sub-054,35,4.5,4.5,3.397077,6,277
12210,ds005293,sub-054,ds005293__sub-054,36,3.0,2.25,3.2127886,7,277
12211,ds005293,sub-054,ds005293__sub-054,37,4.5,4.5,3.7272973,0,277
12212,ds005293,sub-054,ds005293__sub-054,38,4.5,4.5,3.8965907,1,277
12213,ds005293,sub-054,ds005293__sub-054,39,4.5,4.5,3.817752,2,277
12214,ds005293,sub-054,ds005293__sub-054,40,3.75,4.5,3.828042,3,277
12215,ds005293,sub-054,ds005293__sub-054,41,3.75,3.75,3.4325852,4,277
12216,ds005293,sub-054,ds005293__sub-054,42,2.25,3.75,3.3158722,5,277
12217,ds005293,sub-054,ds005293__sub-054,43,2.25,2.25,3.1667109,3,277
12218,ds005293,sub-054,ds005293__sub-054,44,3.75,2.25,3.1638064,7,277
12219,ds005293,sub-054,ds005293__sub-054,45,4.5,4.5,3.500989,0,277
12220,ds005293,sub-054,ds005293__sub-054,46,2.25,3.75,3.3373785,1,277
12221,ds005293,sub-054,ds005293__sub-054,47,2.25,2.25,3.3561058,2,277
12222,ds005293,sub-054,ds005293__sub-054,48,2.25,3.75,3.3512592,3,277
12223,ds005293,sub-054,ds005293__sub-054,49,3.0,3.75,3.1994274,4,277
12224,ds005293,sub-054,ds005293__sub-054,50,3.0,3.75,3.1090837,5,277
12225,ds005293,sub-054,ds005293__sub-054,51,2.25,2.25,2.9426923,6,277
12226,ds005293,sub-054,ds005293__sub-054,52,3.75,3.75,2.9774954,7,277
12227,ds005293,sub-054,ds005293__sub-054,53,3.0,3.75,3.1099105,0,277
12228,ds005293,sub-054,ds005293__sub-054,54,3.0,3.75,3.3769531,1,277
12229,ds005293,sub-054,ds005293__sub-054,55,3.75,3.75,3.6528647,0,277
12230,ds005293,sub-054,ds005293__sub-054,56,3.75,3.75,3.732065,1,277
12231,ds005293,sub-054,ds005293__sub-054,57,4.5,4.5,3.8210337,2,277
12232,ds005293,sub-054,ds005293__sub-054,58,3.75,4.5,3.80582,1,277
12233,ds005293,sub-054,ds005293__sub-054,59,4.5,4.5,3.6823013,2,277
12234,ds005293,sub-054,ds005293__sub-054,60,2.25,4.5,3.374527,3,277
12235,ds005293,sub-054,ds005293__sub-054,61,4.5,2.25,3.2401552,0,277
12236,ds005293,sub-054,ds005293__sub-054,62,3.0,2.25,3.1361165,0,277
12237,ds005293,sub-054,ds005293__sub-054,63,2.25,2.25,2.8005345,1,277
12238,ds005293,sub-054,ds005293__sub-054,64,2.25,2.25,3.1365538,0,277
12239,ds005293,sub-054,ds005293__sub-054,65,3.0,2.25,3.073965,1,277
12240,ds005293,sub-054,ds005293__sub-054,66,2.25,2.25,3.0932994,2,277
12241,ds005293,sub-054,ds005293__sub-054,67,3.75,3.75,3.4621012,0,277
12242,ds005293,sub-054,ds005293__sub-054,68,3.75,3.75,3.5091274,1,277
12243,ds005293,sub-054,ds005293__sub-054,69,4.5,3.75,3.7244487,0,277
12244,ds005293,sub-054,ds005293__sub-054,70,3.0,3.75,3.713409,1,277
12245,ds005293,sub-054,ds005293__sub-054,71,3.75,3.75,3.777438,2,277
12246,ds005293,sub-054,ds005293__sub-054,72,4.5,3.75,3.838589,3,277
12247,ds005293,sub-054,ds005293__sub-054,73,3.0,4.5,3.850399,4,277
12248,ds005293,sub-054,ds005293__sub-054,74,3.0,4.5,3.8602772,5,277
12249,ds005293,sub-054,ds005293__sub-054,75,4.5,4.5,3.8766804,0,277
12250,ds005293,sub-054,ds005293__sub-054,76,3.0,4.5,3.7247262,1,277
12251,ds005293,sub-054,ds005293__sub-054,77,4.5,4.5,3.988171,0,277
12252,ds005293,sub-054,ds005293__sub-054,78,4.5,4.5,4.0931234,0,277
12253,ds005293,sub-054,ds005293__sub-054,79,4.5,4.5,4.1063933,1,277
12254,ds005293,sub-055,ds005293__sub-055,0,3.75,3.75,3.6124241,0,278
12255,ds005293,sub-055,ds005293__sub-055,1,3.75,3.75,3.6202,1,278
12256,ds005293,sub-055,ds005293__sub-055,2,2.25,4.0,3.091337,2,278
12257,ds005293,sub-055,ds005293__sub-055,3,2.25,2.25,2.778851,3,278
12258,ds005293,sub-055,ds005293__sub-055,4,3.75,2.25,2.899573,4,278
12259,ds005293,sub-055,ds005293__sub-055,5,2.25,2.25,2.9449348,5,278
12260,ds005293,sub-055,ds005293__sub-055,6,2.25,2.25,3.004786,6,278
12261,ds005293,sub-055,ds005293__sub-055,7,2.25,2.25,3.0334506,7,278
12262,ds005293,sub-055,ds005293__sub-055,8,3.0,2.25,3.093858,8,278
12263,ds005293,sub-055,ds005293__sub-055,9,3.0,2.25,3.118617,9,278
12264,ds005293,sub-055,ds005293__sub-055,10,2.25,2.25,3.1692991,10,278
12265,ds005293,sub-055,ds005293__sub-055,11,3.75,2.25,3.211843,11,278
12266,ds005293,sub-055,ds005293__sub-055,12,3.0,4.5,3.2783604,12,278
12267,ds005293,sub-055,ds005293__sub-055,13,3.0,4.5,3.309103,13,278
12268,ds005293,sub-055,ds005293__sub-055,14,3.75,4.5,3.3528893,14,278
12269,ds005293,sub-055,ds005293__sub-055,15,3.75,4.5,3.3894176,15,278
12270,ds005293,sub-055,ds005293__sub-055,16,4.5,4.5,3.4187143,15,278
12271,ds005293,sub-055,ds005293__sub-055,17,3.75,4.5,3.4836,14,278
12272,ds005293,sub-055,ds005293__sub-055,18,4.5,4.5,3.4369857,14,278
12273,ds005293,sub-055,ds005293__sub-055,19,2.25,4.5,3.40876,15,278
12274,ds005293,sub-055,ds005293__sub-055,20,4.5,4.5,3.4361882,14,278
12275,ds005293,sub-055,ds005293__sub-055,21,3.0,4.5,3.4252949,15,278
12276,ds005293,sub-055,ds005293__sub-055,22,2.25,4.5,3.4270844,13,278
12277,ds005293,sub-055,ds005293__sub-055,23,2.25,4.5,3.337679,14,278
12278,ds005293,sub-055,ds005293__sub-055,24,3.0,4.5,3.3089223,15,278
12279,ds005293,sub-055,ds005293__sub-055,25,2.25,4.5,3.3177366,14,278
12280,ds005293,sub-055,ds005293__sub-055,26,3.75,4.5,3.3301773,15,278
12281,ds005293,sub-055,ds005293__sub-055,27,3.75,4.5,3.3372884,13,278
12282,ds005293,sub-055,ds005293__sub-055,28,4.5,4.5,3.3684561,14,278
12283,ds005293,sub-055,ds005293__sub-055,29,3.0,4.5,3.3750517,14,278
12284,ds005293,sub-055,ds005293__sub-055,30,3.75,4.5,3.3868427,15,278
12285,ds005293,sub-055,ds005293__sub-055,31,4.5,4.5,3.4456499,14,278
12286,ds005293,sub-055,ds005293__sub-055,32,3.0,4.5,3.4170656,14,278
12287,ds005293,sub-055,ds005293__sub-055,33,3.0,4.5,3.3880112,15,278
12288,ds005293,sub-055,ds005293__sub-055,34,4.5,4.5,3.387715,15,278
12289,ds005293,sub-055,ds005293__sub-055,35,3.0,4.5,3.3586845,15,278
12290,ds005293,sub-055,ds005293__sub-055,36,4.5,4.5,3.3491821,14,278
12291,ds005293,sub-055,ds005293__sub-055,37,4.5,4.5,3.3504753,15,278
12292,ds005293,sub-055,ds005293__sub-055,38,4.5,3.0,3.2936826,15,278
12293,ds005293,sub-055,ds005293__sub-055,39,3.75,3.0,3.2665324,14,278
12294,ds005293,sub-055,ds005293__sub-055,40,3.75,3.0,3.2350698,14,278
12295,ds005293,sub-055,ds005293__sub-055,41,2.25,3.0,3.2212877,15,278
12296,ds005293,sub-055,ds005293__sub-055,42,2.25,3.0,3.2184815,15,278
12297,ds005293,sub-055,ds005293__sub-055,43,3.75,3.0,3.238905,14,278
12298,ds005293,sub-055,ds005293__sub-055,44,4.5,3.0,3.2413359,15,278
12299,ds005293,sub-055,ds005293__sub-055,45,2.25,3.0,3.2625766,14,278
12300,ds005293,sub-055,ds005293__sub-055,46,2.25,3.0,3.2677894,15,278
12301,ds005293,sub-055,ds005293__sub-055,47,2.25,3.0,3.2916555,14,278
12302,ds005293,sub-055,ds005293__sub-055,48,3.0,3.0,3.2947526,15,278
12303,ds005293,sub-055,ds005293__sub-055,49,3.0,3.0,3.3328037,15,278
12304,ds005293,sub-055,ds005293__sub-055,50,2.25,3.0,3.327769,14,278
12305,ds005293,sub-055,ds005293__sub-055,51,3.75,3.0,3.354931,15,278
12306,ds005293,sub-055,ds005293__sub-055,52,3.0,3.0,3.3661132,15,278
12307,ds005293,sub-055,ds005293__sub-055,53,3.0,3.75,3.3907928,15,278
12308,ds005293,sub-055,ds005293__sub-055,54,3.75,4.5,3.4237108,15,278
12309,ds005293,sub-055,ds005293__sub-055,55,3.75,4.5,3.4806151,14,278
12310,ds005293,sub-055,ds005293__sub-055,56,4.5,4.5,3.5466585,15,278
12311,ds005293,sub-055,ds005293__sub-055,57,3.75,4.5,3.6089673,14,278
12312,ds005293,sub-055,ds005293__sub-055,58,4.5,3.75,3.501122,15,278
12313,ds005293,sub-055,ds005293__sub-055,59,2.25,4.5,3.436911,14,278
12314,ds005293,sub-055,ds005293__sub-055,60,4.5,4.5,3.3267221,14,278
12315,ds005293,sub-055,ds005293__sub-055,61,3.0,4.5,3.2896698,14,278
12316,ds005293,sub-055,ds005293__sub-055,62,2.25,4.5,3.2477005,15,278
12317,ds005293,sub-055,ds005293__sub-055,63,2.25,4.5,3.2354536,14,278
12318,ds005293,sub-055,ds005293__sub-055,64,3.0,4.5,3.2185273,10,278
12319,ds005293,sub-055,ds005293__sub-055,65,2.25,4.5,3.2307854,11,278
12320,ds005293,sub-055,ds005293__sub-055,66,3.75,4.5,3.2543118,12,278
12321,ds005293,sub-055,ds005293__sub-055,67,3.75,4.5,3.2848492,13,278
12322,ds005293,sub-055,ds005293__sub-055,68,4.5,3.75,3.3085322,14,278
12323,ds005293,sub-055,ds005293__sub-055,69,3.0,3.75,3.3291206,15,278
12324,ds005293,sub-055,ds005293__sub-055,70,3.75,4.5,3.3889532,14,278
12325,ds005293,sub-055,ds005293__sub-055,71,4.5,4.5,3.4113295,15,278
12326,ds005293,sub-055,ds005293__sub-055,72,3.0,4.5,3.4497523,15,278
12327,ds005293,sub-055,ds005293__sub-055,73,3.0,4.5,3.5008638,15,278
12328,ds005293,sub-055,ds005293__sub-055,74,4.5,4.5,3.4342918,15,278
12329,ds005293,sub-055,ds005293__sub-055,75,3.0,4.5,3.4216585,14,278
12330,ds005293,sub-055,ds005293__sub-055,76,4.5,4.5,3.4132874,15,278
12331,ds005293,sub-055,ds005293__sub-055,77,4.5,4.5,3.4390004,14,278
12332,ds005293,sub-055,ds005293__sub-055,78,4.5,4.5,3.3978324,15,278
12333,ds005293,sub-056,ds005293__sub-056,0,3.75,3.75,3.6957889,0,279
12334,ds005293,sub-056,ds005293__sub-056,1,3.75,3.75,3.6117563,1,279
12335,ds005293,sub-056,ds005293__sub-056,2,2.25,2.25,2.6855674,0,279
12336,ds005293,sub-056,ds005293__sub-056,3,2.25,2.0,2.3811874,0,279
12337,ds005293,sub-056,ds005293__sub-056,4,3.75,2.0,2.7988355,4,279
12338,ds005293,sub-056,ds005293__sub-056,5,4.5,3.5,3.0112596,5,279
12339,ds005293,sub-056,ds005293__sub-056,6,2.25,3.5,3.0424309,3,279
12340,ds005293,sub-056,ds005293__sub-056,7,2.25,2.0,2.459639,0,279
12341,ds005293,sub-056,ds005293__sub-056,8,2.25,2.0,2.533729,1,279
12342,ds005293,sub-056,ds005293__sub-056,9,3.0,2.0,2.5694573,2,279
12343,ds005293,sub-056,ds005293__sub-056,10,3.0,2.0,2.7305064,3,279
12344,ds005293,sub-056,ds005293__sub-056,11,2.25,2.0,2.6276145,4,279
12345,ds005293,sub-056,ds005293__sub-056,12,3.75,2.0,2.8282053,5,279
12346,ds005293,sub-056,ds005293__sub-056,13,3.0,2.0,2.9558616,6,279
12347,ds005293,sub-056,ds005293__sub-056,14,3.0,2.0,2.9932725,7,279
12348,ds005293,sub-056,ds005293__sub-056,15,3.75,2.0,2.9906464,8,279
12349,ds005293,sub-056,ds005293__sub-056,16,3.75,3.5,3.2182395,9,279
12350,ds005293,sub-056,ds005293__sub-056,17,4.5,3.5,3.0970376,10,279
12351,ds005293,sub-056,ds005293__sub-056,18,3.75,3.5,3.0846398,11,279
12352,ds005293,sub-056,ds005293__sub-056,19,4.5,2.0,3.007701,12,279
12353,ds005293,sub-056,ds005293__sub-056,20,2.25,2.0,2.5565276,0,279
12354,ds005293,sub-056,ds005293__sub-056,21,4.5,2.0,2.9888656,1,279
12355,ds005293,sub-056,ds005293__sub-056,22,3.0,2.0,2.8388295,2,279
12356,ds005293,sub-056,ds005293__sub-056,23,2.25,2.0,2.5583174,3,279
12357,ds005293,sub-056,ds005293__sub-056,24,2.25,2.0,2.3124378,4,279
12358,ds005293,sub-056,ds005293__sub-056,25,3.0,2.0,2.2221801,5,279
12359,ds005293,sub-056,ds005293__sub-056,26,2.25,2.0,2.2136796,6,279
12360,ds005293,sub-056,ds005293__sub-056,27,3.75,2.0,2.201885,7,279
12361,ds005293,sub-056,ds005293__sub-056,28,3.75,2.0,2.2556872,5,279
12362,ds005293,sub-056,ds005293__sub-056,29,4.5,2.0,2.2828808,9,279
12363,ds005293,sub-056,ds005293__sub-056,30,3.0,2.0,2.333499,8,279
12364,ds005293,sub-056,ds005293__sub-056,31,3.75,2.0,2.4050617,9,279
12365,ds005293,sub-056,ds005293__sub-056,32,4.5,2.0,2.412787,12,279
12366,ds005293,sub-056,ds005293__sub-056,33,3.0,2.0,2.4173656,0,279
12367,ds005293,sub-056,ds005293__sub-056,34,3.0,2.0,2.3780227,1,279
12368,ds005293,sub-056,ds005293__sub-056,35,4.5,2.0,2.3321414,2,279
12369,ds005293,sub-056,ds005293__sub-056,36,3.0,2.0,2.2742481,3,279
12370,ds005293,sub-056,ds005293__sub-056,37,4.5,2.0,2.2649267,3,279
12371,ds005293,sub-056,ds005293__sub-056,38,4.5,2.0,2.204164,4,279
12372,ds005293,sub-056,ds005293__sub-056,39,4.5,2.0,2.2535658,5,279
12373,ds005293,sub-056,ds005293__sub-056,40,3.75,2.0,2.2628782,0,279
12374,ds005293,sub-056,ds005293__sub-056,41,3.75,2.0,2.2133517,1,279
12375,ds005293,sub-056,ds005293__sub-056,42,2.25,2.0,2.199062,2,279
12376,ds005293,sub-056,ds005293__sub-056,43,2.25,2.0,2.2208304,3,279
12377,ds005293,sub-056,ds005293__sub-056,44,3.75,2.0,2.2608287,4,279
12378,ds005293,sub-056,ds005293__sub-056,45,4.5,2.0,2.2572222,5,279
12379,ds005293,sub-056,ds005293__sub-056,46,2.25,2.0,2.2350411,0,279
12380,ds005293,sub-056,ds005293__sub-056,47,2.25,2.0,2.2733052,1,279
12381,ds005293,sub-056,ds005293__sub-056,48,2.25,2.0,2.6869006,8,279
12382,ds005293,sub-056,ds005293__sub-056,49,3.0,2.0,2.8279662,9,279
12383,ds005293,sub-056,ds005293__sub-056,50,3.0,2.5,3.024045,10,279
12384,ds005293,sub-056,ds005293__sub-056,51,2.25,2.5,3.129074,11,279
12385,ds005293,sub-056,ds005293__sub-056,52,3.75,2.5,3.0383348,12,279
12386,ds005293,sub-056,ds005293__sub-056,53,3.0,2.5,3.1307342,13,279
12387,ds005293,sub-056,ds005293__sub-056,54,3.0,2.5,3.1667805,0,279
12388,ds005293,sub-056,ds005293__sub-056,55,3.75,2.0,2.7903283,1,279
12389,ds005293,sub-056,ds005293__sub-056,56,3.75,2.0,2.7116218,1,279
12390,ds005293,sub-056,ds005293__sub-056,57,4.5,2.0,2.6562521,15,279
12391,ds005293,sub-056,ds005293__sub-056,58,3.75,2.0,2.4312649,0,279
12392,ds005293,sub-056,ds005293__sub-056,59,4.5,2.0,2.5425813,1,279
12393,ds005293,sub-056,ds005293__sub-056,60,2.25,2.0,2.7460806,2,279
12394,ds005293,sub-056,ds005293__sub-056,61,4.5,2.0,2.9880178,3,279
12395,ds005293,sub-056,ds005293__sub-056,62,3.0,2.0,2.8271008,4,279
12396,ds005293,sub-056,ds005293__sub-056,63,2.25,2.0,2.625698,0,279
12397,ds005293,sub-056,ds005293__sub-056,64,2.25,2.0,2.494472,0,279
12398,ds005293,sub-056,ds005293__sub-056,65,3.0,2.0,2.40317,1,279
12399,ds005293,sub-056,ds005293__sub-056,66,2.25,2.0,2.5667279,2,279
12400,ds005293,sub-056,ds005293__sub-056,67,3.75,2.0,2.8373516,3,279
12401,ds005293,sub-056,ds005293__sub-056,68,3.75,2.0,2.9214664,4,279
12402,ds005293,sub-056,ds005293__sub-056,69,4.5,2.0,3.0032027,0,279
12403,ds005293,sub-056,ds005293__sub-056,70,3.0,2.0,2.8421607,1,279
12404,ds005293,sub-056,ds005293__sub-056,71,3.75,2.0,2.6921701,2,279
12405,ds005293,sub-056,ds005293__sub-056,72,4.5,2.0,2.7814703,3,279
12406,ds005293,sub-056,ds005293__sub-056,73,3.0,2.0,2.7878094,4,279
12407,ds005293,sub-056,ds005293__sub-056,74,3.0,2.0,2.640538,0,279
12408,ds005293,sub-056,ds005293__sub-056,75,4.5,2.0,2.6854799,1,279
12409,ds005293,sub-056,ds005293__sub-056,76,3.0,2.0,2.6323776,1,279
12410,ds005293,sub-056,ds005293__sub-056,77,4.5,2.5,2.9883103,3,279
12411,ds005293,sub-056,ds005293__sub-056,78,4.5,4.5,3.1002953,0,279
12412,ds005293,sub-056,ds005293__sub-056,79,4.5,2.5,3.0889792,1,279
12413,ds005293,sub-057,ds005293__sub-057,0,3.75,3.5,3.561038,0,280
12414,ds005293,sub-057,ds005293__sub-057,1,3.75,4.0,3.558326,0,280
12415,ds005293,sub-057,ds005293__sub-057,2,2.25,3.5,3.2945924,2,280
12416,ds005293,sub-057,ds005293__sub-057,3,2.25,3.5,3.1937385,3,280
12417,ds005293,sub-057,ds005293__sub-057,4,3.75,3.5,3.1030836,4,280
12418,ds005293,sub-057,ds005293__sub-057,5,4.5,3.5,3.0923295,5,280
12419,ds005293,sub-057,ds005293__sub-057,6,2.25,3.5,3.0760386,6,280
12420,ds005293,sub-057,ds005293__sub-057,7,2.25,2.25,3.0448868,7,280
12421,ds005293,sub-057,ds005293__sub-057,8,2.25,2.25,3.052518,8,280
12422,ds005293,sub-057,ds005293__sub-057,9,3.0,2.25,3.0488393,9,280
12423,ds005293,sub-057,ds005293__sub-057,10,3.0,3.0,3.089169,10,280
12424,ds005293,sub-057,ds005293__sub-057,11,2.25,3.0,3.1066613,11,280
12425,ds005293,sub-057,ds005293__sub-057,12,3.75,3.0,3.1353765,12,280
12426,ds005293,sub-057,ds005293__sub-057,13,3.0,3.0,3.152471,13,280
12427,ds005293,sub-057,ds005293__sub-057,14,3.0,2.5,3.167216,14,280
12428,ds005293,sub-057,ds005293__sub-057,15,3.75,2.5,3.1926908,15,280
12429,ds005293,sub-057,ds005293__sub-057,16,3.75,2.5,3.168876,15,280
12430,ds005293,sub-057,ds005293__sub-057,17,4.5,2.5,3.1819239,14,280
12431,ds005293,sub-057,ds005293__sub-057,18,3.75,2.5,3.1743507,14,280
12432,ds005293,sub-057,ds005293__sub-057,19,4.5,3.5,3.157889,15,280
12433,ds005293,sub-057,ds005293__sub-057,20,2.25,3.5,3.1459956,10,280
12434,ds005293,sub-057,ds005293__sub-057,21,4.5,3.0,3.1427178,9,280
12435,ds005293,sub-057,ds005293__sub-057,22,3.0,3.0,3.1390371,13,280
12436,ds005293,sub-057,ds005293__sub-057,23,2.25,3.0,3.1426318,14,280
12437,ds005293,sub-057,ds005293__sub-057,24,2.25,3.0,3.1433558,14,280
12438,ds005293,sub-057,ds005293__sub-057,25,3.0,3.0,3.160915,15,280
12439,ds005293,sub-057,ds005293__sub-057,26,2.25,3.0,3.1723301,14,280
12440,ds005293,sub-057,ds005293__sub-057,27,3.75,3.5,3.1947722,15,280
12441,ds005293,sub-057,ds005293__sub-057,28,3.75,3.5,3.19735,15,280
12442,ds005293,sub-057,ds005293__sub-057,29,4.5,3.5,3.2046216,15,280
12443,ds005293,sub-057,ds005293__sub-057,30,3.0,3.5,3.195739,14,280
12444,ds005293,sub-057,ds005293__sub-057,31,3.75,3.5,3.2094142,15,280
12445,ds005293,sub-057,ds005293__sub-057,32,4.5,3.5,3.1881232,14,280
12446,ds005293,sub-057,ds005293__sub-057,33,3.0,3.0,3.148474,15,280
12447,ds005293,sub-057,ds005293__sub-057,34,3.0,3.0,3.1228971,14,280
12448,ds005293,sub-057,ds005293__sub-057,35,4.5,3.0,3.1036518,15,280
12449,ds005293,sub-057,ds005293__sub-057,36,3.0,3.0,3.0867333,10,280
12450,ds005293,sub-057,ds005293__sub-057,37,4.5,3.0,3.106074,12,280
12451,ds005293,sub-057,ds005293__sub-057,38,4.5,3.0,3.0987206,13,280
12452,ds005293,sub-057,ds005293__sub-057,39,4.5,3.0,3.097035,14,280
12453,ds005293,sub-057,ds005293__sub-057,40,3.75,3.0,3.0937963,15,280
12454,ds005293,sub-057,ds005293__sub-057,41,3.75,3.0,3.0794072,13,280
12455,ds005293,sub-057,ds005293__sub-057,42,2.25,3.0,3.0587487,14,280
12456,ds005293,sub-057,ds005293__sub-057,43,2.25,3.0,3.0473206,15,280
12457,ds005293,sub-057,ds005293__sub-057,44,3.75,3.0,3.0481062,14,280
12458,ds005293,sub-057,ds005293__sub-057,45,4.5,3.0,3.0674615,14,280
12459,ds005293,sub-057,ds005293__sub-057,46,2.25,3.0,3.0602512,15,280
12460,ds005293,sub-057,ds005293__sub-057,47,2.25,3.0,3.0653954,14,280
12461,ds005293,sub-057,ds005293__sub-057,48,2.25,3.0,3.1130116,14,280
12462,ds005293,sub-057,ds005293__sub-057,49,3.0,3.0,3.1230159,15,280
12463,ds005293,sub-057,ds005293__sub-057,50,3.0,3.5,3.1316915,14,280
12464,ds005293,sub-057,ds005293__sub-057,51,2.25,3.0,3.1325474,15,280
12465,ds005293,sub-057,ds005293__sub-057,52,3.75,3.5,3.1488557,15,280
12466,ds005293,sub-057,ds005293__sub-057,53,3.0,3.5,3.13815,15,280
12467,ds005293,sub-057,ds005293__sub-057,54,3.0,3.5,3.1474493,14,280
12468,ds005293,sub-057,ds005293__sub-057,55,3.75,3.0,3.1627965,14,280
12469,ds005293,sub-057,ds005293__sub-057,56,3.75,3.5,3.1971347,14,280
12470,ds005293,sub-057,ds005293__sub-057,57,4.5,3.0,3.2014246,14,280
12471,ds005293,sub-057,ds005293__sub-057,58,3.75,3.0,3.1867976,15,280
12472,ds005293,sub-057,ds005293__sub-057,59,4.5,3.0,3.178103,15,280
12473,ds005293,sub-057,ds005293__sub-057,60,2.25,3.0,3.176168,10,280
12474,ds005293,sub-057,ds005293__sub-057,61,4.5,3.0,3.1477923,14,280
12475,ds005293,sub-057,ds005293__sub-057,62,3.0,3.0,3.1437817,15,280
12476,ds005293,sub-057,ds005293__sub-057,63,2.25,3.0,3.1356606,12,280
12477,ds005293,sub-057,ds005293__sub-057,64,2.25,2.25,3.1230726,15,280
12478,ds005293,sub-057,ds005293__sub-057,65,3.0,3.0,3.1231365,13,280
12479,ds005293,sub-057,ds005293__sub-057,66,2.25,3.0,3.124743,14,280
12480,ds005293,sub-057,ds005293__sub-057,67,3.75,3.0,3.1410463,15,280
12481,ds005293,sub-057,ds005293__sub-057,68,3.75,3.0,3.1348536,14,280
12482,ds005293,sub-057,ds005293__sub-057,69,4.5,3.0,3.1478887,15,280
12483,ds005293,sub-057,ds005293__sub-057,70,3.0,3.0,3.147758,15,280
12484,ds005293,sub-057,ds005293__sub-057,71,3.75,3.5,3.1576443,15,280
12485,ds005293,sub-057,ds005293__sub-057,72,4.5,3.5,3.1691089,15,280
12486,ds005293,sub-057,ds005293__sub-057,73,3.0,3.0,3.1604981,15,280
12487,ds005293,sub-057,ds005293__sub-057,74,3.0,3.0,3.1501431,14,280
12488,ds005293,sub-057,ds005293__sub-057,75,4.5,2.25,3.1321354,15,280
12489,ds005293,sub-057,ds005293__sub-057,76,3.0,2.0,3.1193118,10,280
12490,ds005293,sub-057,ds005293__sub-057,77,4.5,3.0,3.1335773,13,280
12491,ds005293,sub-057,ds005293__sub-057,78,4.5,3.0,3.1300013,14,280
12492,ds005293,sub-057,ds005293__sub-057,79,4.5,3.0,3.1102715,15,280
12493,ds005293,sub-058,ds005293__sub-058,0,3.75,3.75,3.6656928,0,281
12494,ds005293,sub-058,ds005293__sub-058,1,3.75,4.0,3.6846657,0,281
12495,ds005293,sub-058,ds005293__sub-058,2,2.25,2.25,2.5015252,0,281
12496,ds005293,sub-058,ds005293__sub-058,3,2.25,2.25,2.4399607,3,281
12497,ds005293,sub-058,ds005293__sub-058,4,3.75,2.25,2.6841884,4,281
12498,ds005293,sub-058,ds005293__sub-058,5,2.25,2.25,2.7786694,5,281
12499,ds005293,sub-058,ds005293__sub-058,6,2.25,2.0,2.3369951,6,281
12500,ds005293,sub-058,ds005293__sub-058,7,2.25,2.0,2.3088458,5,281
12501,ds005293,sub-058,ds005293__sub-058,8,3.0,2.0,2.39992,1,281
12502,ds005293,sub-058,ds005293__sub-058,9,3.0,2.0,2.7668989,0,281
12503,ds005293,sub-058,ds005293__sub-058,10,2.25,2.0,2.8651538,1,281
12504,ds005293,sub-058,ds005293__sub-058,11,3.75,2.5,2.923034,2,281
12505,ds005293,sub-058,ds005293__sub-058,12,3.0,3.75,3.1085377,3,281
12506,ds005293,sub-058,ds005293__sub-058,13,3.0,3.75,3.2623582,0,281
12507,ds005293,sub-058,ds005293__sub-058,14,3.75,3.75,3.3228273,1,281
12508,ds005293,sub-058,ds005293__sub-058,15,3.75,3.75,3.3666415,2,281
12509,ds005293,sub-058,ds005293__sub-058,16,4.5,3.75,3.4099798,3,281
12510,ds005293,sub-058,ds005293__sub-058,17,3.75,3.75,3.4856486,0,281
12511,ds005293,sub-058,ds005293__sub-058,18,4.5,4.5,3.5275123,1,281
12512,ds005293,sub-058,ds005293__sub-058,19,2.25,4.5,3.4683394,2,281
12513,ds005293,sub-058,ds005293__sub-058,20,4.5,3.5,3.46274,3,281
12514,ds005293,sub-058,ds005293__sub-058,21,3.0,4.5,3.4404206,0,281
12515,ds005293,sub-058,ds005293__sub-058,22,2.25,4.5,3.2825532,1,281
12516,ds005293,sub-058,ds005293__sub-058,23,2.25,4.5,3.252006,0,281
12517,ds005293,sub-058,ds005293__sub-058,24,3.0,2.25,3.2487442,1,281
12518,ds005293,sub-058,ds005293__sub-058,25,2.25,4.5,3.340247,0,281
12519,ds005293,sub-058,ds005293__sub-058,26,3.75,4.5,3.5011451,3,281
12520,ds005293,sub-058,ds005293__sub-058,27,3.75,3.75,3.5099475,4,281
12521,ds005293,sub-058,ds005293__sub-058,28,3.0,3.75,3.5129561,0,281
12522,ds005293,sub-058,ds005293__sub-058,29,3.75,3.75,3.4883687,1,281
12523,ds005293,sub-058,ds005293__sub-058,30,4.5,3.75,3.498071,4,281
12524,ds005293,sub-058,ds005293__sub-058,31,3.0,4.5,3.459429,5,281
12525,ds005293,sub-058,ds005293__sub-058,32,3.0,4.5,3.2695582,0,281
12526,ds005293,sub-058,ds005293__sub-058,33,4.5,4.5,3.1821785,1,281
12527,ds005293,sub-058,ds005293__sub-058,34,3.0,4.5,3.041831,2,281
12528,ds005293,sub-058,ds005293__sub-058,35,4.5,2.0,2.9099119,3,281
12529,ds005293,sub-058,ds005293__sub-058,36,4.5,2.0,2.9674804,1,281
12530,ds005293,sub-058,ds005293__sub-058,37,3.75,2.0,2.8283286,3,281
12531,ds005293,sub-058,ds005293__sub-058,38,3.75,2.0,2.7558794,4,281
12532,ds005293,sub-058,ds005293__sub-058,39,2.25,2.0,2.6508944,0,281
12533,ds005293,sub-058,ds005293__sub-058,40,2.25,2.0,2.6766164,1,281
12534,ds005293,sub-058,ds005293__sub-058,41,3.75,2.0,2.807291,0,281
12535,ds005293,sub-058,ds005293__sub-058,42,4.5,2.0,2.8990324,1,281
12536,ds005293,sub-058,ds005293__sub-058,43,2.25,3.75,2.9717724,2,281
12537,ds005293,sub-058,ds005293__sub-058,44,2.25,2.0,2.8827384,3,281
12538,ds005293,sub-058,ds005293__sub-058,45,2.25,3.75,3.1306157,0,281
12539,ds005293,sub-058,ds005293__sub-058,46,3.0,3.75,3.3059144,1,281
12540,ds005293,sub-058,ds005293__sub-058,47,3.0,3.75,3.429949,2,281
12541,ds005293,sub-058,ds005293__sub-058,48,2.25,3.75,3.3498473,3,281
12542,ds005293,sub-058,ds005293__sub-058,49,3.75,3.75,3.3374016,4,281
12543,ds005293,sub-058,ds005293__sub-058,50,3.0,3.75,3.3234184,5,281
12544,ds005293,sub-058,ds005293__sub-058,51,3.0,3.75,3.213037,2,281
12545,ds005293,sub-058,ds005293__sub-058,52,3.75,3.75,3.2131329,3,281
12546,ds005293,sub-058,ds005293__sub-058,53,3.75,2.5,3.1371343,4,281
12547,ds005293,sub-058,ds005293__sub-058,54,4.5,3.75,3.2147815,0,281
12548,ds005293,sub-058,ds005293__sub-058,55,3.75,3.75,3.2152908,1,281
12549,ds005293,sub-058,ds005293__sub-058,56,4.5,2.5,3.1005616,2,281
12550,ds005293,sub-058,ds005293__sub-058,57,2.25,2.5,3.0913453,0,281
12551,ds005293,sub-058,ds005293__sub-058,58,4.5,2.5,3.0637274,1,281
12552,ds005293,sub-058,ds005293__sub-058,59,3.0,2.5,3.0920875,2,281
12553,ds005293,sub-058,ds005293__sub-058,60,2.25,2.0,2.919323,11,281
12554,ds005293,sub-058,ds005293__sub-058,61,2.25,2.0,2.7900739,0,281
12555,ds005293,sub-058,ds005293__sub-058,62,3.0,2.25,2.8479085,0,281
12556,ds005293,sub-058,ds005293__sub-058,63,2.25,2.25,2.9148307,1,281
12557,ds005293,sub-058,ds005293__sub-058,64,3.75,3.75,3.138994,1,281
12558,ds005293,sub-058,ds005293__sub-058,65,3.75,3.75,3.2207341,2,281
12559,ds005293,sub-058,ds005293__sub-058,66,4.5,3.75,3.3884907,3,281
12560,ds005293,sub-058,ds005293__sub-058,67,3.0,3.75,3.382298,0,281
12561,ds005293,sub-058,ds005293__sub-058,68,3.75,3.75,3.3508599,1,281
12562,ds005293,sub-058,ds005293__sub-058,69,4.5,3.75,3.3734982,2,281
12563,ds005293,sub-058,ds005293__sub-058,70,3.0,4.5,3.4366498,0,281
12564,ds005293,sub-058,ds005293__sub-058,71,3.0,4.5,3.4130757,1,281
12565,ds005293,sub-058,ds005293__sub-058,72,4.5,4.5,3.5716937,0,281
12566,ds005293,sub-058,ds005293__sub-058,73,3.0,4.5,3.543668,1,281
12567,ds005293,sub-058,ds005293__sub-058,74,4.5,4.5,3.5207887,2,281
12568,ds005293,sub-058,ds005293__sub-058,75,4.5,4.5,3.6108513,3,281
12569,ds005293,sub-058,ds005293__sub-058,76,4.5,4.5,3.6944768,4,281
12570,ds005293,sub-059,ds005293__sub-059,0,3.75,3.5,3.5507429,0,282
12571,ds005293,sub-059,ds005293__sub-059,1,3.75,3.5,3.401499,1,282
12572,ds005293,sub-059,ds005293__sub-059,2,2.25,2.0,2.8628473,2,282
12573,ds005293,sub-059,ds005293__sub-059,3,2.25,2.0,2.6290941,3,282
12574,ds005293,sub-059,ds005293__sub-059,4,3.75,2.0,2.66512,4,282
12575,ds005293,sub-059,ds005293__sub-059,5,4.5,2.0,2.7551723,5,282
12576,ds005293,sub-059,ds005293__sub-059,6,2.25,2.0,2.82663,6,282
12577,ds005293,sub-059,ds005293__sub-059,7,2.25,2.0,2.8498626,7,282
12578,ds005293,sub-059,ds005293__sub-059,8,2.25,2.0,2.889752,8,282
12579,ds005293,sub-059,ds005293__sub-059,9,3.0,2.0,2.9291272,9,282
12580,ds005293,sub-059,ds005293__sub-059,10,3.0,2.0,2.9776812,10,282
12581,ds005293,sub-059,ds005293__sub-059,11,2.25,2.0,2.997577,11,282
12582,ds005293,sub-059,ds005293__sub-059,12,3.75,2.0,3.018182,12,282
12583,ds005293,sub-059,ds005293__sub-059,13,3.0,2.0,3.0417044,13,282
12584,ds005293,sub-059,ds005293__sub-059,14,3.0,2.0,3.0615177,14,282
12585,ds005293,sub-059,ds005293__sub-059,15,3.75,2.0,3.0714183,15,282
12586,ds005293,sub-059,ds005293__sub-059,16,3.75,2.5,3.1260548,14,282
12587,ds005293,sub-059,ds005293__sub-059,17,4.5,2.5,3.1524553,14,282
12588,ds005293,sub-059,ds005293__sub-059,18,3.75,2.5,3.131947,15,282
12589,ds005293,sub-059,ds005293__sub-059,19,4.5,2.0,3.1107483,15,282
12590,ds005293,sub-059,ds005293__sub-059,20,2.25,2.5,3.124406,14,282
12591,ds005293,sub-059,ds005293__sub-059,21,4.5,2.5,3.1608953,14,282
12592,ds005293,sub-059,ds005293__sub-059,22,3.0,2.0,3.1433327,14,282
12593,ds005293,sub-059,ds005293__sub-059,23,2.25,2.0,3.1334565,15,282
12594,ds005293,sub-059,ds005293__sub-059,24,2.25,3.5,3.1340525,15,282
12595,ds005293,sub-059,ds005293__sub-059,25,3.0,3.5,3.1413531,14,282
12596,ds005293,sub-059,ds005293__sub-059,26,2.25,2.0,3.1511583,15,282
12597,ds005293,sub-059,ds005293__sub-059,27,3.75,3.5,3.1624439,15,282
12598,ds005293,sub-059,ds005293__sub-059,28,3.75,3.5,3.1791162,15,282
12599,ds005293,sub-059,ds005293__sub-059,29,4.5,3.5,3.2082813,15,282
12600,ds005293,sub-059,ds005293__sub-059,30,3.0,3.5,3.1904898,15,282
12601,ds005293,sub-059,ds005293__sub-059,31,3.75,3.5,3.1662498,14,282
12602,ds005293,sub-059,ds005293__sub-059,32,4.5,3.5,3.1696157,15,282
12603,ds005293,sub-059,ds005293__sub-059,33,3.0,3.5,3.163665,15,282
12604,ds005293,sub-059,ds005293__sub-059,34,3.0,2.5,3.1675537,14,282
12605,ds005293,sub-059,ds005293__sub-059,35,4.5,2.5,3.1761987,15,282
12606,ds005293,sub-059,ds005293__sub-059,36,3.0,2.5,3.1715798,14,282
12607,ds005293,sub-059,ds005293__sub-059,37,4.5,4.5,3.1812048,13,282
12608,ds005293,sub-059,ds005293__sub-059,38,4.5,2.5,3.1695008,15,282
12609,ds005293,sub-059,ds005293__sub-059,39,4.5,2.5,3.1373193,15,282
12610,ds005293,sub-059,ds005293__sub-059,40,3.75,2.5,3.1240132,15,282
12611,ds005293,sub-059,ds005293__sub-059,41,3.75,2.0,3.1091547,14,282
12612,ds005293,sub-059,ds005293__sub-059,42,2.25,2.0,3.1199937,14,282
12613,ds005293,sub-059,ds005293__sub-059,43,2.25,3.5,3.1290216,15,282
12614,ds005293,sub-059,ds005293__sub-059,44,3.75,3.5,3.1329312,14,282
12615,ds005293,sub-059,ds005293__sub-059,45,4.5,3.5,3.1456165,15,282
12616,ds005293,sub-059,ds005293__sub-059,46,2.25,3.5,3.15452,15,282
12617,ds005293,sub-059,ds005293__sub-059,47,2.25,3.5,3.1494458,14,282
12618,ds005293,sub-059,ds005293__sub-059,48,2.25,3.5,3.1570468,14,282
12619,ds005293,sub-059,ds005293__sub-059,49,3.0,3.5,3.1288157,15,282
12620,ds005293,sub-059,ds005293__sub-059,50,3.0,2.0,3.1089158,14,282
12621,ds005293,sub-059,ds005293__sub-059,51,2.25,2.0,3.099957,15,282
12622,ds005293,sub-059,ds005293__sub-059,52,3.75,2.0,3.094685,15,282
12623,ds005293,sub-059,ds005293__sub-059,53,3.0,2.0,3.103356,15,282
12624,ds005293,sub-059,ds005293__sub-059,54,3.0,2.5,3.1206212,14,282
12625,ds005293,sub-059,ds005293__sub-059,55,3.75,4.5,3.1783705,13,282
12626,ds005293,sub-059,ds005293__sub-059,56,3.75,4.5,3.1891985,14,282
12627,ds005293,sub-059,ds005293__sub-059,57,4.5,4.5,3.1908808,15,282
12628,ds005293,sub-059,ds005293__sub-059,58,3.75,2.5,3.179568,14,282
12629,ds005293,sub-059,ds005293__sub-059,59,4.5,2.5,3.1820455,13,282
12630,ds005293,sub-059,ds005293__sub-059,60,4.5,2.5,3.1870344,14,282
12631,ds005293,sub-059,ds005293__sub-059,61,3.0,2.0,3.13208,15,282
12632,ds005293,sub-059,ds005293__sub-059,62,2.25,2.0,3.1303065,9,282
12633,ds005293,sub-059,ds005293__sub-059,63,2.25,2.0,3.1301074,10,282
12634,ds005293,sub-059,ds005293__sub-059,64,3.0,2.0,3.1332583,11,282
12635,ds005293,sub-059,ds005293__sub-059,65,2.25,2.0,3.1419282,12,282
12636,ds005293,sub-059,ds005293__sub-059,66,3.75,2.0,3.1412048,13,282
12637,ds005293,sub-059,ds005293__sub-059,67,3.75,2.0,3.1454642,14,282
12638,ds005293,sub-059,ds005293__sub-059,68,4.5,2.0,3.1451676,15,282
12639,ds005293,sub-059,ds005293__sub-059,69,3.0,2.0,3.1439915,13,282
12640,ds005293,sub-059,ds005293__sub-059,70,3.75,2.0,3.1535127,14,282
12641,ds005293,sub-059,ds005293__sub-059,71,4.5,2.0,3.153857,15,282
12642,ds005293,sub-059,ds005293__sub-059,72,3.0,2.0,3.1537611,14,282
12643,ds005293,sub-059,ds005293__sub-059,73,3.0,2.0,3.1601377,15,282
12644,ds005293,sub-059,ds005293__sub-059,74,4.5,2.0,3.1585002,8,282
12645,ds005293,sub-059,ds005293__sub-059,75,3.0,3.75,3.1629937,9,282
12646,ds005293,sub-059,ds005293__sub-059,76,4.5,3.75,3.1605365,10,282
12647,ds005293,sub-059,ds005293__sub-059,77,4.5,4.5,3.2036278,14,282
12648,ds005293,sub-059,ds005293__sub-059,78,4.5,4.5,3.1963956,15,282
12649,ds005293,sub-060,ds005293__sub-060,0,3.75,3.5,3.4596336,0,283
12650,ds005293,sub-060,ds005293__sub-060,1,3.75,3.5,3.4658048,0,283
12651,ds005293,sub-060,ds005293__sub-060,2,2.25,4.0,3.6158311,0,283
12652,ds005293,sub-060,ds005293__sub-060,3,2.25,4.0,3.341775,1,283
12653,ds005293,sub-060,ds005293__sub-060,4,3.75,4.0,3.5447435,0,283
12654,ds005293,sub-060,ds005293__sub-060,5,4.5,4.0,3.6139493,0,283
12655,ds005293,sub-060,ds005293__sub-060,6,2.25,4.0,3.529422,1,283
12656,ds005293,sub-060,ds005293__sub-060,7,2.25,4.0,3.4203005,2,283
12657,ds005293,sub-060,ds005293__sub-060,8,2.25,4.0,3.4067845,3,283
12658,ds005293,sub-060,ds005293__sub-060,9,3.0,4.0,3.4049907,4,283
12659,ds005293,sub-060,ds005293__sub-060,10,3.0,4.0,3.4318855,5,283
12660,ds005293,sub-060,ds005293__sub-060,11,2.25,4.0,3.4892864,0,283
12661,ds005293,sub-060,ds005293__sub-060,12,3.75,4.0,3.6364784,0,283
12662,ds005293,sub-060,ds005293__sub-060,13,3.0,4.0,3.6401825,1,283
12663,ds005293,sub-060,ds005293__sub-060,14,3.0,4.0,3.647519,2,283
12664,ds005293,sub-060,ds005293__sub-060,15,3.75,4.5,3.680835,3,283
12665,ds005293,sub-060,ds005293__sub-060,16,3.75,4.5,3.5389342,1,283
12666,ds005293,sub-060,ds005293__sub-060,17,4.5,4.5,3.630217,0,283
12667,ds005293,sub-060,ds005293__sub-060,18,3.75,4.5,3.5168982,1,283
12668,ds005293,sub-060,ds005293__sub-060,19,4.5,4.0,3.3961797,0,283
12669,ds005293,sub-060,ds005293__sub-060,20,2.25,4.0,3.348041,1,283
12670,ds005293,sub-060,ds005293__sub-060,21,4.5,4.0,3.4352946,0,283
12671,ds005293,sub-060,ds005293__sub-060,22,3.0,4.5,3.3669665,1,283
12672,ds005293,sub-060,ds005293__sub-060,23,2.25,4.5,3.2891092,4,283
12673,ds005293,sub-060,ds005293__sub-060,24,2.25,4.5,3.2488816,5,283
12674,ds005293,sub-060,ds005293__sub-060,25,3.0,2.25,2.9806733,13,283
12675,ds005293,sub-060,ds005293__sub-060,26,2.25,2.25,2.8788626,14,283
12676,ds005293,sub-060,ds005293__sub-060,27,3.75,3.75,3.2842052,0,283
12677,ds005293,sub-060,ds005293__sub-060,28,3.75,3.75,3.3395934,1,283
12678,ds005293,sub-060,ds005293__sub-060,29,4.5,3.75,3.662055,0,283
12679,ds005293,sub-060,ds005293__sub-060,30,3.0,3.75,3.7653828,1,283
12680,ds005293,sub-060,ds005293__sub-060,31,3.75,4.5,3.6697822,2,283
12681,ds005293,sub-060,ds005293__sub-060,32,4.5,4.5,3.6259465,3,283
12682,ds005293,sub-060,ds005293__sub-060,33,3.0,4.5,3.5698876,4,283
12683,ds005293,sub-060,ds005293__sub-060,34,3.0,4.5,3.5496035,5,283
12684,ds005293,sub-060,ds005293__sub-060,35,4.5,4.5,3.7875051,0,283
12685,ds005293,sub-060,ds005293__sub-060,36,3.0,4.5,3.7572038,1,283
12686,ds005293,sub-060,ds005293__sub-060,37,4.5,4.5,3.9573545,2,283
12687,ds005293,sub-060,ds005293__sub-060,38,4.5,4.5,3.9738564,3,283
12688,ds005293,sub-060,ds005293__sub-060,39,4.5,4.5,3.942805,4,283
12689,ds005293,sub-060,ds005293__sub-060,40,3.75,4.5,3.7862256,5,283
12690,ds005293,sub-060,ds005293__sub-060,41,3.75,4.5,3.5291069,6,283
12691,ds005293,sub-060,ds005293__sub-060,42,2.25,4.5,3.3311725,7,283
12692,ds005293,sub-060,ds005293__sub-060,43,2.25,4.5,3.2672668,8,283
12693,ds005293,sub-060,ds005293__sub-060,44,3.75,2.25,3.07677,9,283
12694,ds005293,sub-060,ds005293__sub-060,45,4.5,4.5,3.5058198,0,283
12695,ds005293,sub-060,ds005293__sub-060,46,2.25,4.5,3.4445462,1,283
12696,ds005293,sub-060,ds005293__sub-060,47,2.25,4.5,3.482489,2,283
12697,ds005293,sub-060,ds005293__sub-060,48,2.25,4.5,3.4082549,3,283
12698,ds005293,sub-060,ds005293__sub-060,49,3.0,4.5,3.2757213,4,283
12699,ds005293,sub-060,ds005293__sub-060,50,3.0,3.75,3.4029114,5,283
12700,ds005293,sub-060,ds005293__sub-060,51,2.25,4.5,3.3830652,6,283
12701,ds005293,sub-060,ds005293__sub-060,52,3.75,4.5,3.4652934,0,283
12702,ds005293,sub-060,ds005293__sub-060,53,3.0,4.5,3.5798874,0,283
12703,ds005293,sub-060,ds005293__sub-060,54,3.75,4.5,3.6873868,1,283
12704,ds005293,sub-060,ds005293__sub-060,55,3.75,4.5,3.718192,2,283
12705,ds005293,sub-060,ds005293__sub-060,56,4.5,4.5,3.8134298,0,283
12706,ds005293,sub-060,ds005293__sub-060,57,3.75,4.5,3.8252063,0,283
12707,ds005293,sub-060,ds005293__sub-060,58,4.5,4.5,3.8690095,1,283
12708,ds005293,sub-060,ds005293__sub-060,59,4.5,4.5,3.8913116,2,283
12709,ds005293,sub-060,ds005293__sub-060,60,3.0,4.5,3.8833253,4,283
12710,ds005293,sub-060,ds005293__sub-060,61,2.25,4.5,3.8396368,3,283
12711,ds005293,sub-060,ds005293__sub-060,62,2.25,4.5,3.9018767,0,283
12712,ds005293,sub-060,ds005293__sub-060,63,3.0,4.5,3.7758865,1,283
12713,ds005293,sub-060,ds005293__sub-060,64,2.25,4.5,3.7003949,0,283
12714,ds005293,sub-060,ds005293__sub-060,65,3.75,4.5,3.6281226,1,283
12715,ds005293,sub-060,ds005293__sub-060,66,3.75,4.5,3.4134173,2,283
12716,ds005293,sub-060,ds005293__sub-060,67,4.5,4.5,3.7631752,0,283
12717,ds005293,sub-060,ds005293__sub-060,68,3.0,4.5,3.7809412,1,283
12718,ds005293,sub-060,ds005293__sub-060,69,3.75,4.5,3.6740637,2,283
12719,ds005293,sub-060,ds005293__sub-060,70,4.5,4.5,3.733676,3,283
12720,ds005293,sub-060,ds005293__sub-060,71,3.0,4.5,3.685461,4,283
12721,ds005293,sub-060,ds005293__sub-060,72,3.0,4.5,3.5497856,5,283
12722,ds005293,sub-060,ds005293__sub-060,73,4.5,4.5,3.3604438,6,283
12723,ds005293,sub-060,ds005293__sub-060,74,3.0,4.5,3.385744,4,283
12724,ds005293,sub-060,ds005293__sub-060,75,4.5,4.5,3.7865179,0,283
12725,ds005293,sub-060,ds005293__sub-060,76,4.5,4.5,3.8197289,1,283
12726,ds005293,sub-060,ds005293__sub-060,77,4.5,4.5,3.9491155,0,283
12727,ds005293,sub-061,ds005293__sub-061,0,3.75,3.75,3.628953,0,284
12728,ds005293,sub-061,ds005293__sub-061,1,3.75,3.75,3.6252015,1,284
12729,ds005293,sub-061,ds005293__sub-061,2,2.25,3.75,3.4223707,2,284
12730,ds005293,sub-061,ds005293__sub-061,3,2.25,2.25,2.7424026,3,284
12731,ds005293,sub-061,ds005293__sub-061,4,3.75,2.25,2.7029595,4,284
12732,ds005293,sub-061,ds005293__sub-061,5,4.5,2.25,2.8189263,5,284
12733,ds005293,sub-061,ds005293__sub-061,6,2.25,2.0,2.8031988,6,284
12734,ds005293,sub-061,ds005293__sub-061,7,2.25,2.0,2.6611156,7,284
12735,ds005293,sub-061,ds005293__sub-061,8,2.25,2.0,2.6917348,7,284
12736,ds005293,sub-061,ds005293__sub-061,9,3.0,2.0,2.799718,8,284
12737,ds005293,sub-061,ds005293__sub-061,10,3.0,2.0,2.810461,9,284
12738,ds005293,sub-061,ds005293__sub-061,11,2.25,2.0,2.856853,10,284
12739,ds005293,sub-061,ds005293__sub-061,12,3.75,3.0,2.9113774,11,284
12740,ds005293,sub-061,ds005293__sub-061,13,3.0,3.0,3.0194874,12,284
12741,ds005293,sub-061,ds005293__sub-061,14,3.0,3.0,3.0266705,13,284
12742,ds005293,sub-061,ds005293__sub-061,15,3.75,3.0,3.1244469,14,284
12743,ds005293,sub-061,ds005293__sub-061,16,3.75,3.0,3.120566,13,284
12744,ds005293,sub-061,ds005293__sub-061,17,4.5,3.0,3.18305,13,284
12745,ds005293,sub-061,ds005293__sub-061,18,3.75,3.0,3.1454792,15,284
12746,ds005293,sub-061,ds005293__sub-061,19,4.5,3.5,3.1740127,5,284
12747,ds005293,sub-061,ds005293__sub-061,20,2.25,2.25,3.1172879,13,284
12748,ds005293,sub-061,ds005293__sub-061,21,4.5,2.25,3.1148438,10,284
12749,ds005293,sub-061,ds005293__sub-061,22,3.0,2.25,3.1763072,11,284
12750,ds005293,sub-061,ds005293__sub-061,23,2.25,2.25,3.1471362,12,284
12751,ds005293,sub-061,ds005293__sub-061,24,2.25,2.25,3.2279785,15,284
12752,ds005293,sub-061,ds005293__sub-061,25,3.0,2.25,3.2532268,13,284
12753,ds005293,sub-061,ds005293__sub-061,26,2.25,3.75,3.2749538,5,284
12754,ds005293,sub-061,ds005293__sub-061,27,3.75,3.75,3.3241503,6,284
12755,ds005293,sub-061,ds005293__sub-061,28,3.75,3.75,3.3497896,7,284
12756,ds005293,sub-061,ds005293__sub-061,29,4.5,3.75,3.3931699,8,284
12757,ds005293,sub-061,ds005293__sub-061,30,3.0,3.75,3.4242525,9,284
12758,ds005293,sub-061,ds005293__sub-061,31,3.75,3.75,3.4671683,8,284
12759,ds005293,sub-061,ds005293__sub-061,32,4.5,4.0,3.400972,9,284
12760,ds005293,sub-061,ds005293__sub-061,33,3.0,4.0,3.3935542,10,284
12761,ds005293,sub-061,ds005293__sub-061,34,3.0,4.0,3.501597,11,284
12762,ds005293,sub-061,ds005293__sub-061,35,4.5,4.0,3.5348353,12,284
12763,ds005293,sub-061,ds005293__sub-061,36,3.0,4.5,3.552199,13,284
12764,ds005293,sub-061,ds005293__sub-061,37,4.5,4.5,3.4852402,14,284
12765,ds005293,sub-061,ds005293__sub-061,38,4.5,4.5,3.5074728,15,284
12766,ds005293,sub-061,ds005293__sub-061,39,4.5,4.0,3.4357376,15,284
12767,ds005293,sub-061,ds005293__sub-061,40,3.75,3.5,3.4635744,15,284
12768,ds005293,sub-061,ds005293__sub-061,41,3.75,3.5,3.4625292,15,284
12769,ds005293,sub-061,ds005293__sub-061,42,2.25,3.5,3.3913875,14,284
12770,ds005293,sub-061,ds005293__sub-061,43,2.25,3.5,3.3350255,15,284
12771,ds005293,sub-061,ds005293__sub-061,44,3.75,3.5,3.2875125,14,284
12772,ds005293,sub-061,ds005293__sub-061,45,4.5,3.5,3.3643491,6,284
12773,ds005293,sub-061,ds005293__sub-061,46,2.25,3.5,3.3220813,7,284
12774,ds005293,sub-061,ds005293__sub-061,47,2.25,3.5,3.2982802,13,284
12775,ds005293,sub-061,ds005293__sub-061,48,2.25,3.5,3.2738414,14,284
12776,ds005293,sub-061,ds005293__sub-061,49,3.0,3.5,3.2948914,15,284
12777,ds005293,sub-061,ds005293__sub-061,50,3.0,3.5,3.300495,11,284
12778,ds005293,sub-061,ds005293__sub-061,51,2.25,3.5,3.3208618,12,284
12779,ds005293,sub-061,ds005293__sub-061,52,3.75,3.5,3.3333654,13,284
12780,ds005293,sub-061,ds005293__sub-061,53,3.0,3.5,3.334389,15,284
12781,ds005293,sub-061,ds005293__sub-061,54,3.0,3.5,3.331777,6,284
12782,ds005293,sub-061,ds005293__sub-061,55,3.75,3.5,3.387343,7,284
12783,ds005293,sub-061,ds005293__sub-061,56,3.75,3.5,3.4272647,8,284
12784,ds005293,sub-061,ds005293__sub-061,57,4.5,4.0,3.4561176,9,284
12785,ds005293,sub-061,ds005293__sub-061,58,3.75,4.0,3.4726498,10,284
12786,ds005293,sub-061,ds005293__sub-061,59,4.5,3.5,3.4233212,11,284
12787,ds005293,sub-061,ds005293__sub-061,60,2.25,3.5,3.3987007,12,284
12788,ds005293,sub-061,ds005293__sub-061,61,4.5,3.5,3.3946757,15,284
12789,ds005293,sub-061,ds005293__sub-061,62,3.0,3.5,3.3762522,14,284
12790,ds005293,sub-061,ds005293__sub-061,63,2.25,3.5,3.2793927,12,284
12791,ds005293,sub-061,ds005293__sub-061,64,2.25,3.5,3.2608027,13,284
12792,ds005293,sub-061,ds005293__sub-061,65,3.0,2.25,3.1665986,14,284
12793,ds005293,sub-061,ds005293__sub-061,66,2.25,2.25,3.2043054,15,284
12794,ds005293,sub-061,ds005293__sub-061,67,3.75,3.75,3.2840335,15,284
12795,ds005293,sub-061,ds005293__sub-061,68,3.75,3.75,3.3454134,14,284
12796,ds005293,sub-061,ds005293__sub-061,69,4.5,3.75,3.4046788,14,284
12797,ds005293,sub-061,ds005293__sub-061,70,3.0,3.75,3.418633,15,284
12798,ds005293,sub-061,ds005293__sub-061,71,3.75,3.75,3.4276679,15,284
12799,ds005293,sub-061,ds005293__sub-061,72,4.5,4.5,3.514501,8,284
12800,ds005293,sub-061,ds005293__sub-061,73,3.0,4.5,3.4969788,15,284
12801,ds005293,sub-061,ds005293__sub-061,74,3.0,4.5,3.398038,15,284
12802,ds005293,sub-061,ds005293__sub-061,75,4.5,4.5,3.4232314,15,284
12803,ds005293,sub-061,ds005293__sub-061,76,3.0,4.5,3.3051553,15,284
12804,ds005293,sub-061,ds005293__sub-061,77,4.5,3.5,3.3530061,15,284
12805,ds005293,sub-061,ds005293__sub-061,78,4.5,4.5,3.3231785,14,284
12806,ds005293,sub-061,ds005293__sub-061,79,4.5,4.5,3.2513785,15,284
12807,ds005293,sub-062,ds005293__sub-062,0,3.75,3.5,3.6066918,0,285
12808,ds005293,sub-062,ds005293__sub-062,1,3.75,3.5,3.3862662,1,285
12809,ds005293,sub-062,ds005293__sub-062,2,2.25,3.5,3.0703557,2,285
12810,ds005293,sub-062,ds005293__sub-062,3,2.25,2.0,3.0026784,3,285
12811,ds005293,sub-062,ds005293__sub-062,4,3.75,2.0,2.9473047,4,285
12812,ds005293,sub-062,ds005293__sub-062,5,4.5,2.0,3.0450559,5,285
12813,ds005293,sub-062,ds005293__sub-062,6,2.25,2.0,3.0778875,6,285
12814,ds005293,sub-062,ds005293__sub-062,7,2.25,2.0,3.079784,7,285
12815,ds005293,sub-062,ds005293__sub-062,8,2.25,2.0,3.1077645,8,285
12816,ds005293,sub-062,ds005293__sub-062,9,3.0,2.0,3.1412358,9,285
12817,ds005293,sub-062,ds005293__sub-062,10,3.0,4.5,3.175231,10,285
12818,ds005293,sub-062,ds005293__sub-062,11,2.25,4.5,3.2008126,11,285
12819,ds005293,sub-062,ds005293__sub-062,12,3.75,4.5,3.2320375,12,285
12820,ds005293,sub-062,ds005293__sub-062,13,3.0,4.5,3.2605429,13,285
12821,ds005293,sub-062,ds005293__sub-062,14,3.0,4.5,3.2678626,12,285
12822,ds005293,sub-062,ds005293__sub-062,15,3.75,4.5,3.281396,13,285
12823,ds005293,sub-062,ds005293__sub-062,16,3.75,4.5,3.2919772,15,285
12824,ds005293,sub-062,ds005293__sub-062,17,4.5,4.5,3.3090878,15,285
12825,ds005293,sub-062,ds005293__sub-062,18,3.75,4.5,3.3261764,15,285
12826,ds005293,sub-062,ds005293__sub-062,19,4.5,4.5,3.3165107,12,285
12827,ds005293,sub-062,ds005293__sub-062,20,2.25,4.5,3.2895155,13,285
12828,ds005293,sub-062,ds005293__sub-062,21,4.5,4.5,3.2874095,12,285
12829,ds005293,sub-062,ds005293__sub-062,22,3.0,4.5,3.2719278,13,285
12830,ds005293,sub-062,ds005293__sub-062,23,2.25,4.5,3.2845132,14,285
12831,ds005293,sub-062,ds005293__sub-062,24,2.25,4.5,3.2823923,15,285
12832,ds005293,sub-062,ds005293__sub-062,25,3.0,4.5,3.294121,14,285
12833,ds005293,sub-062,ds005293__sub-062,26,2.25,4.5,3.2557895,15,285
12834,ds005293,sub-062,ds005293__sub-062,27,3.75,4.5,3.2770357,13,285
12835,ds005293,sub-062,ds005293__sub-062,28,3.75,4.5,3.299083,14,285
12836,ds005293,sub-062,ds005293__sub-062,29,4.5,4.5,3.306086,15,285
12837,ds005293,sub-062,ds005293__sub-062,30,3.0,4.5,3.3101554,15,285
12838,ds005293,sub-062,ds005293__sub-062,31,3.75,4.5,3.3178828,15,285
12839,ds005293,sub-062,ds005293__sub-062,32,4.5,4.5,3.3034525,14,285
12840,ds005293,sub-062,ds005293__sub-062,33,3.0,4.5,3.2962112,15,285
12841,ds005293,sub-062,ds005293__sub-062,34,3.0,4.5,3.2838824,15,285
12842,ds005293,sub-062,ds005293__sub-062,35,4.5,4.5,3.2793138,15,285
12843,ds005293,sub-062,ds005293__sub-062,36,3.0,4.5,3.2794724,14,285
12844,ds005293,sub-062,ds005293__sub-062,37,4.5,4.5,3.274576,15,285
12845,ds005293,sub-062,ds005293__sub-062,38,4.5,4.5,3.2874055,15,285
12846,ds005293,sub-062,ds005293__sub-062,39,4.5,4.5,3.3008025,15,285
12847,ds005293,sub-062,ds005293__sub-062,40,3.75,4.5,3.3026023,15,285
12848,ds005293,sub-062,ds005293__sub-062,41,3.75,4.5,3.2978363,14,285
12849,ds005293,sub-062,ds005293__sub-062,42,2.25,4.5,3.2680702,15,285
12850,ds005293,sub-062,ds005293__sub-062,43,2.25,4.5,3.2700539,15,285
12851,ds005293,sub-062,ds005293__sub-062,44,3.75,4.5,3.2923584,15,285
12852,ds005293,sub-062,ds005293__sub-062,45,4.5,4.5,3.2655978,14,285
12853,ds005293,sub-062,ds005293__sub-062,46,2.25,4.5,3.252088,15,285
12854,ds005293,sub-062,ds005293__sub-062,47,2.25,4.5,3.2745707,14,285
12855,ds005293,sub-062,ds005293__sub-062,48,2.25,4.5,3.2879384,15,285
12856,ds005293,sub-062,ds005293__sub-062,49,3.0,4.5,3.314239,15,285
12857,ds005293,sub-062,ds005293__sub-062,50,3.0,4.5,3.3206131,15,285
12858,ds005293,sub-062,ds005293__sub-062,51,2.25,4.5,3.3293352,15,285
12859,ds005293,sub-062,ds005293__sub-062,52,3.75,4.5,3.3058367,15,285
12860,ds005293,sub-062,ds005293__sub-062,53,3.0,4.5,3.277976,12,285
12861,ds005293,sub-062,ds005293__sub-062,54,3.0,4.5,3.2800245,13,285
12862,ds005293,sub-062,ds005293__sub-062,55,3.75,4.5,3.2767808,14,285
12863,ds005293,sub-062,ds005293__sub-062,56,3.75,4.5,3.276628,15,285
12864,ds005293,sub-062,ds005293__sub-062,57,4.5,4.5,3.286879,14,285
12865,ds005293,sub-062,ds005293__sub-062,58,3.75,4.5,3.2838593,15,285
12866,ds005293,sub-062,ds005293__sub-062,59,4.5,4.5,3.3041928,15,285
12867,ds005293,sub-062,ds005293__sub-062,60,2.25,4.5,3.31521,15,285
12868,ds005293,sub-062,ds005293__sub-062,61,4.5,4.5,3.3335528,14,285
12869,ds005293,sub-062,ds005293__sub-062,62,3.0,4.5,3.3238397,15,285
12870,ds005293,sub-062,ds005293__sub-062,63,2.25,4.5,3.3527377,14,285
12871,ds005293,sub-062,ds005293__sub-062,64,2.25,4.5,3.3191504,15,285
12872,ds005293,sub-062,ds005293__sub-062,65,3.0,4.5,3.329344,15,285
12873,ds005293,sub-062,ds005293__sub-062,66,2.25,4.5,3.2887244,15,285
12874,ds005293,sub-062,ds005293__sub-062,67,3.75,4.5,3.2986488,15,285
12875,ds005293,sub-062,ds005293__sub-062,68,3.75,4.5,3.2884433,14,285
12876,ds005293,sub-062,ds005293__sub-062,69,4.5,4.5,3.2832987,15,285
12877,ds005293,sub-062,ds005293__sub-062,70,3.0,4.5,3.2670245,14,285
12878,ds005293,sub-062,ds005293__sub-062,71,3.75,4.5,3.2763577,15,285
12879,ds005293,sub-062,ds005293__sub-062,72,4.5,4.5,3.2879186,14,285
12880,ds005293,sub-062,ds005293__sub-062,73,3.0,4.5,3.2884548,15,285
12881,ds005293,sub-062,ds005293__sub-062,74,3.0,4.5,3.2812946,12,285
12882,ds005293,sub-062,ds005293__sub-062,75,4.5,4.5,3.2944663,13,285
12883,ds005293,sub-062,ds005293__sub-062,76,3.0,4.5,3.3104768,14,285
12884,ds005293,sub-062,ds005293__sub-062,77,4.5,4.5,3.329628,15,285
12885,ds005293,sub-062,ds005293__sub-062,78,4.5,4.5,3.3552723,14,285
12886,ds005293,sub-062,ds005293__sub-062,79,4.5,4.5,3.3462336,15,285
12887,ds005293,sub-063,ds005293__sub-063,0,3.0,3.75,3.6517348,0,286
12888,ds005293,sub-063,ds005293__sub-063,1,3.0,3.75,3.671116,1,286
12889,ds005293,sub-063,ds005293__sub-063,2,2.0,2.25,2.3002834,0,286
12890,ds005293,sub-063,ds005293__sub-063,3,2.0,2.25,2.225991,3,286
12891,ds005293,sub-063,ds005293__sub-063,4,3.0,2.25,2.4545307,4,286
12892,ds005293,sub-063,ds005293__sub-063,5,2.0,2.0,2.4252348,5,286
12893,ds005293,sub-063,ds005293__sub-063,6,2.0,2.25,2.3365545,0,286
12894,ds005293,sub-063,ds005293__sub-063,7,2.0,2.0,2.2162032,0,286
12895,ds005293,sub-063,ds005293__sub-063,8,2.5,2.25,2.4361215,0,286
12896,ds005293,sub-063,ds005293__sub-063,9,2.0,2.5,2.5133705,0,286
12897,ds005293,sub-063,ds005293__sub-063,10,3.0,4.5,3.6930022,0,286
12898,ds005293,sub-063,ds005293__sub-063,11,2.5,4.5,3.5894792,1,286
12899,ds005293,sub-063,ds005293__sub-063,12,2.5,4.5,3.7386582,0,286
12900,ds005293,sub-063,ds005293__sub-063,13,3.0,4.5,3.747738,1,286
12901,ds005293,sub-063,ds005293__sub-063,14,3.5,4.5,3.8163006,2,286
12902,ds005293,sub-063,ds005293__sub-063,15,3.0,4.5,3.6926384,3,286
12903,ds005293,sub-063,ds005293__sub-063,16,2.0,4.5,3.3629851,4,286
12904,ds005293,sub-063,ds005293__sub-063,17,3.5,4.5,3.473936,5,286
12905,ds005293,sub-063,ds005293__sub-063,18,2.0,2.25,2.9868438,6,286
12906,ds005293,sub-063,ds005293__sub-063,19,2.0,2.25,2.684297,7,286
12907,ds005293,sub-063,ds005293__sub-063,20,2.5,2.25,2.689632,0,286
12908,ds005293,sub-063,ds005293__sub-063,21,2.0,2.25,2.5791059,1,286
12909,ds005293,sub-063,ds005293__sub-063,22,3.5,4.5,3.5667582,0,286
12910,ds005293,sub-063,ds005293__sub-063,23,3.5,3.75,3.839911,0,286
12911,ds005293,sub-063,ds005293__sub-063,24,2.5,3.75,3.8397994,1,286
12912,ds005293,sub-063,ds005293__sub-063,25,2.5,3.75,3.6775973,2,286
12913,ds005293,sub-063,ds005293__sub-063,26,3.5,3.75,3.6712182,3,286
12914,ds005293,sub-063,ds005293__sub-063,27,3.5,4.5,3.7813902,4,286
12915,ds005293,sub-063,ds005293__sub-063,28,3.0,4.5,3.802891,5,286
12916,ds005293,sub-063,ds005293__sub-063,29,2.0,4.5,3.6900663,6,286
12917,ds005293,sub-063,ds005293__sub-063,30,2.0,4.5,3.3494773,7,286
12918,ds005293,sub-063,ds005293__sub-063,31,2.0,2.25,2.985075,8,286
12919,ds005293,sub-063,ds005293__sub-063,32,2.0,2.25,2.9357145,9,286
12920,ds005293,sub-063,ds005293__sub-063,33,2.5,3.0,3.0748954,0,286
12921,ds005293,sub-063,ds005293__sub-063,34,2.0,3.0,3.1438608,1,286
12922,ds005293,sub-063,ds005293__sub-063,35,2.5,3.0,3.2866964,0,286
12923,ds005293,sub-063,ds005293__sub-063,36,3.5,3.0,3.4450269,0,286
12924,ds005293,sub-063,ds005293__sub-063,37,2.0,3.75,3.5526686,0,286
12925,ds005293,sub-063,ds005293__sub-063,38,3.5,3.75,3.6832533,0,286
12926,ds005293,sub-063,ds005293__sub-063,39,2.5,3.75,3.7350717,0,286
12927,ds005293,sub-063,ds005293__sub-063,40,2.5,3.75,3.701411,1,286
12928,ds005293,sub-063,ds005293__sub-063,41,2.5,3.75,3.5800261,2,286
12929,ds005293,sub-063,ds005293__sub-063,42,3.5,3.75,3.65333,3,286
12930,ds005293,sub-064,ds005293__sub-064,0,3.75,3.75,3.4979868,0,287
12931,ds005293,sub-064,ds005293__sub-064,1,3.75,3.75,3.5231817,0,287
12932,ds005293,sub-064,ds005293__sub-064,2,2.25,3.5,3.3558211,2,287
12933,ds005293,sub-064,ds005293__sub-064,3,2.25,4.0,3.1588728,3,287
12934,ds005293,sub-064,ds005293__sub-064,4,3.75,4.0,3.1267166,4,287
12935,ds005293,sub-064,ds005293__sub-064,5,4.5,4.0,3.1065412,5,287
12936,ds005293,sub-064,ds005293__sub-064,6,2.25,4.0,3.1091874,6,287
12937,ds005293,sub-064,ds005293__sub-064,7,2.25,3.5,3.107172,5,287
12938,ds005293,sub-064,ds005293__sub-064,8,2.25,2.5,3.1037223,6,287
12939,ds005293,sub-064,ds005293__sub-064,9,3.0,2.0,3.1015506,7,287
12940,ds005293,sub-064,ds005293__sub-064,10,3.0,2.0,3.1056867,8,287
12941,ds005293,sub-064,ds005293__sub-064,11,2.25,2.0,3.112447,9,287
12942,ds005293,sub-064,ds005293__sub-064,12,3.75,2.0,3.1224627,10,287
12943,ds005293,sub-064,ds005293__sub-064,13,3.0,2.5,3.129766,11,287
12944,ds005293,sub-064,ds005293__sub-064,14,3.0,2.5,3.1423993,12,287
12945,ds005293,sub-064,ds005293__sub-064,15,3.75,2.5,3.1456451,13,287
12946,ds005293,sub-064,ds005293__sub-064,16,3.75,2.5,3.1507387,14,287
12947,ds005293,sub-064,ds005293__sub-064,17,4.5,2.5,3.154756,15,287
12948,ds005293,sub-064,ds005293__sub-064,18,3.75,2.5,3.1365447,13,287
12949,ds005293,sub-064,ds005293__sub-064,19,4.5,2.5,3.1413083,13,287
12950,ds005293,sub-064,ds005293__sub-064,20,2.25,2.5,3.1339626,15,287
12951,ds005293,sub-064,ds005293__sub-064,21,4.5,2.5,3.1495042,15,287
12952,ds005293,sub-064,ds005293__sub-064,22,3.0,2.5,3.1495302,15,287
12953,ds005293,sub-064,ds005293__sub-064,23,2.25,2.5,3.1505806,15,287
12954,ds005293,sub-064,ds005293__sub-064,24,2.25,2.5,3.1548586,14,287
12955,ds005293,sub-064,ds005293__sub-064,25,3.0,2.5,3.1420722,15,287
12956,ds005293,sub-064,ds005293__sub-064,26,2.25,2.5,3.1432724,12,287
12957,ds005293,sub-064,ds005293__sub-064,27,3.75,2.5,3.127582,11,287
12958,ds005293,sub-064,ds005293__sub-064,28,3.75,2.5,3.1227384,12,287
12959,ds005293,sub-064,ds005293__sub-064,29,4.5,3.0,3.129916,13,287
12960,ds005293,sub-064,ds005293__sub-064,30,3.0,3.0,3.1160254,15,287
12961,ds005293,sub-064,ds005293__sub-064,31,3.75,3.0,3.093439,15,287
12962,ds005293,sub-064,ds005293__sub-064,32,4.5,3.0,3.084641,14,287
12963,ds005293,sub-064,ds005293__sub-064,33,3.0,2.5,3.0759146,14,287
12964,ds005293,sub-064,ds005293__sub-064,34,3.0,2.5,3.0611966,15,287
12965,ds005293,sub-064,ds005293__sub-064,35,4.5,2.5,3.070301,15,287
12966,ds005293,sub-064,ds005293__sub-064,36,3.0,2.5,3.0528507,14,287
12967,ds005293,sub-064,ds005293__sub-064,37,4.5,2.5,3.0712562,14,287
12968,ds005293,sub-064,ds005293__sub-064,38,4.5,2.5,3.0811188,14,287
12969,ds005293,sub-064,ds005293__sub-064,39,4.5,2.5,3.1065016,15,287
12970,ds005293,sub-064,ds005293__sub-064,40,3.75,2.5,3.13206,15,287
12971,ds005293,sub-064,ds005293__sub-064,41,3.75,3.0,3.114919,14,287
12972,ds005293,sub-064,ds005293__sub-064,42,2.25,3.0,3.109261,15,287
12973,ds005293,sub-064,ds005293__sub-064,43,2.25,3.0,3.1071846,15,287
12974,ds005293,sub-064,ds005293__sub-064,44,3.75,3.0,3.120579,14,287
12975,ds005293,sub-064,ds005293__sub-064,45,4.5,3.0,3.1302283,14,287
12976,ds005293,sub-064,ds005293__sub-064,46,2.25,3.0,3.1201153,15,287
12977,ds005293,sub-064,ds005293__sub-064,47,2.25,3.0,3.1193542,14,287
12978,ds005293,sub-064,ds005293__sub-064,48,2.25,3.0,3.1332552,13,287
12979,ds005293,sub-064,ds005293__sub-064,49,3.0,3.0,3.135157,14,287
12980,ds005293,sub-064,ds005293__sub-064,50,3.0,3.0,3.1129775,15,287
12981,ds005293,sub-064,ds005293__sub-064,51,2.25,3.0,3.1013012,14,287
12982,ds005293,sub-064,ds005293__sub-064,52,3.75,3.0,3.0914178,15,287
12983,ds005293,sub-064,ds005293__sub-064,53,3.0,2.0,3.066761,14,287
12984,ds005293,sub-064,ds005293__sub-064,54,3.0,2.0,3.1040258,14,287
12985,ds005293,sub-064,ds005293__sub-064,55,3.75,2.5,3.1265461,15,287
12986,ds005293,sub-064,ds005293__sub-064,56,3.75,2.5,3.1368444,14,287
12987,ds005293,sub-064,ds005293__sub-064,57,4.5,2.5,3.1326795,15,287
12988,ds005293,sub-064,ds005293__sub-064,58,3.75,2.5,3.123056,15,287
12989,ds005293,sub-064,ds005293__sub-064,59,4.5,2.0,3.0979824,15,287
12990,ds005293,sub-064,ds005293__sub-064,60,2.25,2.5,3.076667,15,287
12991,ds005293,sub-064,ds005293__sub-064,61,4.5,2.5,3.0767868,15,287
12992,ds005293,sub-064,ds005293__sub-064,62,3.0,2.5,3.064035,15,287
12993,ds005293,sub-064,ds005293__sub-064,63,2.25,2.5,3.0426414,15,287
12994,ds005293,sub-064,ds005293__sub-064,64,2.25,2.5,3.0686483,14,287
12995,ds005293,sub-064,ds005293__sub-064,65,3.0,2.5,3.1058695,15,287
12996,ds005293,sub-064,ds005293__sub-064,66,2.25,2.5,3.1012855,15,287
12997,ds005293,sub-064,ds005293__sub-064,67,3.75,2.5,3.1127598,14,287
12998,ds005293,sub-064,ds005293__sub-064,68,3.75,2.5,3.109577,13,287
12999,ds005293,sub-064,ds005293__sub-064,69,4.5,2.0,3.1026084,14,287
13000,ds005293,sub-064,ds005293__sub-064,70,3.0,2.0,3.0922885,15,287
13001,ds005293,sub-064,ds005293__sub-064,71,3.75,2.0,3.110515,15,287
13002,ds005293,sub-064,ds005293__sub-064,72,4.5,2.0,3.1204462,11,287
13003,ds005293,sub-064,ds005293__sub-064,73,3.0,2.5,3.1230102,12,287
13004,ds005293,sub-064,ds005293__sub-064,74,3.0,2.5,3.1348982,13,287
13005,ds005293,sub-064,ds005293__sub-064,75,4.5,2.5,3.1388,14,287
13006,ds005293,sub-064,ds005293__sub-064,76,3.0,2.5,3.1322098,13,287
13007,ds005293,sub-064,ds005293__sub-064,77,4.5,2.5,3.1323247,14,287
13008,ds005293,sub-064,ds005293__sub-064,78,4.5,2.5,3.1245024,13,287
13009,ds005293,sub-064,ds005293__sub-064,79,4.5,2.5,3.119619,13,287
13010,ds005293,sub-065,ds005293__sub-065,0,3.75,2.5,3.1117396,0,288
13011,ds005293,sub-065,ds005293__sub-065,1,3.75,2.5,2.9462042,0,288
13012,ds005293,sub-065,ds005293__sub-065,2,2.25,2.0,2.5737982,1,288
13013,ds005293,sub-065,ds005293__sub-065,3,2.25,2.0,2.4790778,2,288
13014,ds005293,sub-065,ds005293__sub-065,4,3.75,2.25,2.5557327,3,288
13015,ds005293,sub-065,ds005293__sub-065,5,4.5,2.25,3.0222468,4,288
13016,ds005293,sub-065,ds005293__sub-065,6,2.25,2.25,3.039926,5,288
13017,ds005293,sub-065,ds005293__sub-065,7,2.25,2.25,2.799992,6,288
13018,ds005293,sub-065,ds005293__sub-065,8,2.25,2.25,2.8212361,3,288
13019,ds005293,sub-065,ds005293__sub-065,9,3.0,2.25,2.831921,4,288
13020,ds005293,sub-065,ds005293__sub-065,10,3.0,2.25,2.95916,5,288
13021,ds005293,sub-065,ds005293__sub-065,11,2.25,2.25,2.9988294,6,288
13022,ds005293,sub-065,ds005293__sub-065,12,3.75,3.75,3.7139864,0,288
13023,ds005293,sub-065,ds005293__sub-065,13,3.0,3.75,3.805612,1,288
13024,ds005293,sub-065,ds005293__sub-065,14,3.0,4.5,3.793343,2,288
13025,ds005293,sub-065,ds005293__sub-065,15,3.75,4.5,3.8662944,3,288
13026,ds005293,sub-065,ds005293__sub-065,16,3.75,4.5,3.8906403,1,288
13027,ds005293,sub-065,ds005293__sub-065,17,4.5,4.5,3.8963585,0,288
13028,ds005293,sub-065,ds005293__sub-065,18,3.75,4.5,3.6098576,1,288
13029,ds005293,sub-065,ds005293__sub-065,19,4.5,2.5,3.0097165,0,288
13030,ds005293,sub-065,ds005293__sub-065,20,2.25,2.0,2.645177,1,288
13031,ds005293,sub-065,ds005293__sub-065,21,4.5,2.5,2.6910553,0,288
13032,ds005293,sub-065,ds005293__sub-065,22,3.0,2.0,2.51472,1,288
13033,ds005293,sub-065,ds005293__sub-065,23,2.25,2.5,2.6848729,0,288
13034,ds005293,sub-065,ds005293__sub-065,24,2.25,2.5,2.946001,1,288
13035,ds005293,sub-065,ds005293__sub-065,25,3.0,3.75,3.2828279,0,288
13036,ds005293,sub-065,ds005293__sub-065,26,2.25,3.75,3.3036723,1,288
13037,ds005293,sub-065,ds005293__sub-065,27,3.75,3.75,3.557812,0,288
13038,ds005293,sub-065,ds005293__sub-065,28,3.75,3.75,3.6373053,1,288
13039,ds005293,sub-065,ds005293__sub-065,29,4.5,3.75,3.681807,2,288
13040,ds005293,sub-065,ds005293__sub-065,30,3.0,3.75,3.565248,3,288
13041,ds005293,sub-065,ds005293__sub-065,31,3.75,3.75,3.6684043,0,288
13042,ds005293,sub-065,ds005293__sub-065,32,4.5,4.5,3.8235002,0,288
13043,ds005293,sub-065,ds005293__sub-065,33,3.0,4.5,3.8049226,1,288
13044,ds005293,sub-065,ds005293__sub-065,34,3.0,4.5,3.605064,2,288
13045,ds005293,sub-065,ds005293__sub-065,35,4.5,4.5,3.6709166,0,288
13046,ds005293,sub-065,ds005293__sub-065,36,3.0,4.5,3.507012,1,288
13047,ds005293,sub-065,ds005293__sub-065,37,4.5,4.5,3.5104685,0,288
13048,ds005293,sub-065,ds005293__sub-065,38,4.5,3.75,3.6573317,1,288
13049,ds005293,sub-065,ds005293__sub-065,39,4.5,3.75,3.5957403,2,288
13050,ds005293,sub-065,ds005293__sub-065,40,3.75,3.75,3.6913507,0,288
13051,ds005293,sub-065,ds005293__sub-065,41,3.75,3.75,3.655333,1,288
13052,ds005293,sub-065,ds005293__sub-065,42,2.25,3.75,3.3653975,2,288
13053,ds005293,sub-065,ds005293__sub-065,43,2.25,3.75,3.2044313,3,288
13054,ds005293,sub-065,ds005293__sub-065,44,3.75,2.5,2.8821893,0,288
13055,ds005293,sub-065,ds005293__sub-065,45,4.5,2.5,2.939926,1,288
13056,ds005293,sub-065,ds005293__sub-065,46,2.25,2.5,3.0076137,2,288
13057,ds005293,sub-065,ds005293__sub-065,47,2.25,2.5,2.922948,3,288
13058,ds005293,sub-065,ds005293__sub-065,48,2.25,2.25,3.0822015,3,288
13059,ds005293,sub-065,ds005293__sub-065,49,3.0,3.75,3.2063994,0,288
13060,ds005293,sub-065,ds005293__sub-065,50,3.0,3.0,3.2974696,1,288
13061,ds005293,sub-065,ds005293__sub-065,51,2.25,3.0,3.2211335,2,288
13062,ds005293,sub-065,ds005293__sub-065,52,3.75,3.75,3.339462,3,288
13063,ds005293,sub-065,ds005293__sub-065,53,3.0,3.75,3.4051719,4,288
13064,ds005293,sub-065,ds005293__sub-065,54,3.0,3.75,3.681872,0,288
13065,ds005293,sub-065,ds005293__sub-065,55,3.75,3.75,3.6221795,1,288
13066,ds005293,sub-065,ds005293__sub-065,56,3.75,4.5,3.4502435,0,288
13067,ds005293,sub-065,ds005293__sub-065,57,4.5,4.5,3.6777637,0,288
13068,ds005293,sub-065,ds005293__sub-065,58,3.75,2.5,3.3153572,1,288
13069,ds005293,sub-065,ds005293__sub-065,59,4.5,2.5,3.213679,2,288
13070,ds005293,sub-065,ds005293__sub-065,60,2.25,2.5,3.206736,3,288
13071,ds005293,sub-065,ds005293__sub-065,61,4.5,2.5,3.1676154,2,288
13072,ds005293,sub-065,ds005293__sub-065,62,3.0,2.5,3.2004743,3,288
13073,ds005293,sub-065,ds005293__sub-065,63,2.25,2.5,2.9654293,0,288
13074,ds005293,sub-065,ds005293__sub-065,64,2.25,2.5,3.1675649,1,288
13075,ds005293,sub-065,ds005293__sub-065,65,3.0,2.5,3.0346029,0,288
13076,ds005293,sub-065,ds005293__sub-065,66,2.25,2.5,2.9403863,3,288
13077,ds005293,sub-065,ds005293__sub-065,67,3.75,3.75,3.4441233,0,288
13078,ds005293,sub-065,ds005293__sub-065,68,3.75,4.5,3.5603676,1,288
13079,ds005293,sub-065,ds005293__sub-065,69,4.5,3.75,3.7634225,0,288
13080,ds005293,sub-065,ds005293__sub-065,70,3.0,3.75,3.5466878,1,288
13081,ds005293,sub-065,ds005293__sub-065,71,3.75,3.75,3.3315878,2,288
13082,ds005293,sub-065,ds005293__sub-065,72,4.5,4.5,3.4093168,3,288
13083,ds005293,sub-065,ds005293__sub-065,73,3.0,2.5,3.2690027,4,288
13084,ds005293,sub-065,ds005293__sub-065,74,3.0,2.5,2.8395603,5,288
13085,ds005293,sub-065,ds005293__sub-065,75,3.0,2.5,2.8505821,1,288
13086,ds005293,sub-065,ds005293__sub-065,76,4.5,3.75,3.1772099,0,288
13087,ds005293,sub-065,ds005293__sub-065,77,4.5,3.75,3.488017,1,288
13088,ds005293,sub-065,ds005293__sub-065,78,4.5,3.75,3.375318,1,288
13089,ds005293,sub-066,ds005293__sub-066,0,3.75,3.75,3.6231432,0,289
13090,ds005293,sub-066,ds005293__sub-066,1,3.75,4.0,3.6429853,1,289
13091,ds005293,sub-066,ds005293__sub-066,2,2.25,2.25,2.852775,2,289
13092,ds005293,sub-066,ds005293__sub-066,3,2.25,2.25,2.677165,3,289
13093,ds005293,sub-066,ds005293__sub-066,4,3.75,2.5,2.831867,4,289
13094,ds005293,sub-066,ds005293__sub-066,5,4.5,2.25,2.793991,0,289
13095,ds005293,sub-066,ds005293__sub-066,6,2.25,2.25,2.7787747,1,289
13096,ds005293,sub-066,ds005293__sub-066,7,2.25,2.25,2.5050008,2,289
13097,ds005293,sub-066,ds005293__sub-066,8,2.25,2.0,2.6079865,3,289
13098,ds005293,sub-066,ds005293__sub-066,9,3.0,2.5,2.7055082,4,289
13099,ds005293,sub-066,ds005293__sub-066,10,3.0,2.5,2.695654,5,289
13100,ds005293,sub-066,ds005293__sub-066,11,2.25,2.5,2.6248617,6,289
13101,ds005293,sub-066,ds005293__sub-066,12,3.75,2.5,2.7024517,7,289
13102,ds005293,sub-066,ds005293__sub-066,13,3.0,2.5,2.9023895,0,289
13103,ds005293,sub-066,ds005293__sub-066,14,3.0,2.5,3.0374846,1,289
13104,ds005293,sub-066,ds005293__sub-066,15,3.75,3.75,3.574946,0,289
13105,ds005293,sub-066,ds005293__sub-066,16,3.75,3.75,3.6076236,1,289
13106,ds005293,sub-066,ds005293__sub-066,17,4.5,4.5,3.713247,2,289
13107,ds005293,sub-066,ds005293__sub-066,18,3.75,4.5,3.680261,3,289
13108,ds005293,sub-066,ds005293__sub-066,19,4.5,4.5,3.658246,4,289
13109,ds005293,sub-066,ds005293__sub-066,20,2.25,4.5,3.6224437,5,289
13110,ds005293,sub-066,ds005293__sub-066,21,4.5,2.0,3.075676,4,289
13111,ds005293,sub-066,ds005293__sub-066,22,3.0,2.0,2.7664895,5,289
13112,ds005293,sub-066,ds005293__sub-066,23,2.25,2.0,2.685067,6,289
13113,ds005293,sub-066,ds005293__sub-066,24,2.25,2.0,2.6075764,7,289
13114,ds005293,sub-066,ds005293__sub-066,25,3.0,2.0,2.6189163,8,289
13115,ds005293,sub-066,ds005293__sub-066,26,2.25,2.0,2.5219438,9,289
13116,ds005293,sub-066,ds005293__sub-066,27,3.75,2.5,3.180564,0,289
13117,ds005293,sub-066,ds005293__sub-066,28,3.75,2.5,3.1815917,1,289
13118,ds005293,sub-066,ds005293__sub-066,29,4.5,4.5,3.4967074,2,289
13119,ds005293,sub-066,ds005293__sub-066,30,3.0,3.75,3.4542718,3,289
13120,ds005293,sub-066,ds005293__sub-066,31,3.75,4.5,3.6291711,4,289
13121,ds005293,sub-066,ds005293__sub-066,32,4.5,4.5,3.5936203,5,289
13122,ds005293,sub-066,ds005293__sub-066,33,3.0,4.5,3.6884294,6,289
13123,ds005293,sub-066,ds005293__sub-066,34,3.0,4.5,3.451047,7,289
13124,ds005293,sub-066,ds005293__sub-066,35,4.5,4.5,3.2736502,6,289
13125,ds005293,sub-066,ds005293__sub-066,36,3.0,2.5,3.0859637,7,289
13126,ds005293,sub-066,ds005293__sub-066,37,4.5,2.0,2.585424,10,289
13127,ds005293,sub-066,ds005293__sub-066,38,4.5,2.0,2.5531702,11,289
13128,ds005293,sub-066,ds005293__sub-066,39,4.5,2.0,2.5727687,12,289
13129,ds005293,sub-066,ds005293__sub-066,40,3.75,2.0,2.477075,3,289
13130,ds005293,sub-066,ds005293__sub-066,41,3.75,2.0,2.399394,3,289
13131,ds005293,sub-066,ds005293__sub-066,42,2.25,2.0,2.4471684,15,289
13132,ds005293,sub-066,ds005293__sub-066,43,2.25,2.0,2.4337697,14,289
13133,ds005293,sub-066,ds005293__sub-066,44,3.75,2.0,2.4605381,15,289
13134,ds005293,sub-066,ds005293__sub-066,45,4.5,2.0,2.4397445,13,289
13135,ds005293,sub-066,ds005293__sub-066,46,2.25,2.0,2.5901089,0,289
13136,ds005293,sub-066,ds005293__sub-066,47,2.25,2.0,2.4708312,1,289
13137,ds005293,sub-066,ds005293__sub-066,48,2.25,2.0,2.82452,0,289
13138,ds005293,sub-066,ds005293__sub-066,49,3.0,2.0,2.9598486,1,289
13139,ds005293,sub-066,ds005293__sub-066,50,3.0,3.5,3.2161267,2,289
13140,ds005293,sub-066,ds005293__sub-066,51,2.25,3.5,3.1708288,3,289
13141,ds005293,sub-066,ds005293__sub-066,52,3.75,3.5,3.3121376,4,289
13142,ds005293,sub-066,ds005293__sub-066,53,3.0,2.0,2.6932635,3,289
13143,ds005293,sub-066,ds005293__sub-066,54,3.0,2.0,2.5109982,3,289
13144,ds005293,sub-066,ds005293__sub-066,55,3.75,2.0,2.801179,0,289
13145,ds005293,sub-066,ds005293__sub-066,56,3.75,3.5,3.2357047,1,289
13146,ds005293,sub-066,ds005293__sub-066,57,4.5,4.0,3.3662615,0,289
13147,ds005293,sub-066,ds005293__sub-066,58,3.75,4.0,3.3677256,1,289
13148,ds005293,sub-066,ds005293__sub-066,59,4.5,4.0,3.3674178,2,289
13149,ds005293,sub-066,ds005293__sub-066,60,2.25,4.0,3.4234629,3,289
13150,ds005293,sub-066,ds005293__sub-066,61,4.5,4.0,3.3661187,4,289
13151,ds005293,sub-066,ds005293__sub-066,62,3.0,3.5,3.1951072,5,289
13152,ds005293,sub-066,ds005293__sub-066,63,2.25,3.5,3.078628,6,289
13153,ds005293,sub-066,ds005293__sub-066,64,2.25,2.0,2.8350303,7,289
13154,ds005293,sub-066,ds005293__sub-066,65,3.0,2.0,2.716547,8,289
13155,ds005293,sub-066,ds005293__sub-066,66,2.25,2.0,2.46657,9,289
13156,ds005293,sub-066,ds005293__sub-066,67,3.75,2.5,2.9536302,0,289
13157,ds005293,sub-066,ds005293__sub-066,68,3.75,2.5,3.106698,1,289
13158,ds005293,sub-066,ds005293__sub-066,69,4.5,4.0,3.3660507,2,289
13159,ds005293,sub-066,ds005293__sub-066,70,3.0,2.5,3.2224224,3,289
13160,ds005293,sub-066,ds005293__sub-066,71,3.75,2.5,3.1358056,4,289
13161,ds005293,sub-066,ds005293__sub-066,72,4.5,2.5,3.063908,5,289
13162,ds005293,sub-066,ds005293__sub-066,73,3.0,2.5,2.8272176,4,289
13163,ds005293,sub-066,ds005293__sub-066,74,3.0,2.5,2.7633498,5,289
13164,ds005293,sub-066,ds005293__sub-066,75,4.5,2.0,2.4301496,6,289
13165,ds005293,sub-066,ds005293__sub-066,76,3.0,2.0,2.409668,7,289
13166,ds005293,sub-066,ds005293__sub-066,77,4.5,2.0,2.467617,0,289
13167,ds005293,sub-066,ds005293__sub-066,78,4.5,2.0,2.652114,0,289
13168,ds005293,sub-066,ds005293__sub-066,79,4.5,2.0,2.7468283,1,289
13169,ds005293,sub-067,ds005293__sub-067,0,3.75,3.5,3.527686,0,290
13170,ds005293,sub-067,ds005293__sub-067,1,3.75,4.0,3.4901605,1,290
13171,ds005293,sub-067,ds005293__sub-067,2,2.25,2.25,2.8261755,2,290
13172,ds005293,sub-067,ds005293__sub-067,3,2.25,2.25,2.738152,3,290
13173,ds005293,sub-067,ds005293__sub-067,4,3.75,2.25,2.7197237,2,290
13174,ds005293,sub-067,ds005293__sub-067,5,4.5,2.25,2.7691739,3,290
13175,ds005293,sub-067,ds005293__sub-067,6,2.25,2.25,2.7766685,4,290
13176,ds005293,sub-067,ds005293__sub-067,7,2.25,2.0,2.6418266,5,290
13177,ds005293,sub-067,ds005293__sub-067,8,3.0,2.0,2.602017,6,290
13178,ds005293,sub-067,ds005293__sub-067,9,3.0,2.0,2.5773196,7,290
13179,ds005293,sub-067,ds005293__sub-067,10,2.25,2.0,2.5814755,8,290
13180,ds005293,sub-067,ds005293__sub-067,11,3.75,2.0,2.5620117,9,290
13181,ds005293,sub-067,ds005293__sub-067,12,3.0,2.0,2.5985944,12,290
13182,ds005293,sub-067,ds005293__sub-067,13,3.0,2.0,2.6120098,12,290
13183,ds005293,sub-067,ds005293__sub-067,14,3.75,2.0,2.6280327,13,290
13184,ds005293,sub-067,ds005293__sub-067,15,3.75,2.0,2.6301062,14,290
13185,ds005293,sub-067,ds005293__sub-067,16,4.5,2.5,2.6029515,15,290
13186,ds005293,sub-067,ds005293__sub-067,17,3.75,2.5,2.5894606,15,290
13187,ds005293,sub-067,ds005293__sub-067,18,4.5,2.5,2.6934128,0,290
13188,ds005293,sub-067,ds005293__sub-067,19,2.25,2.5,2.6784086,1,290
13189,ds005293,sub-067,ds005293__sub-067,20,4.5,2.5,2.7411573,0,290
13190,ds005293,sub-067,ds005293__sub-067,21,3.0,2.5,2.6553993,1,290
13191,ds005293,sub-067,ds005293__sub-067,22,2.25,2.5,2.5734391,0,290
13192,ds005293,sub-067,ds005293__sub-067,23,2.25,2.5,2.6254349,1,290
13193,ds005293,sub-067,ds005293__sub-067,24,3.0,2.0,2.6163182,0,290
13194,ds005293,sub-067,ds005293__sub-067,25,2.25,2.0,2.5414052,1,290
13195,ds005293,sub-067,ds005293__sub-067,26,3.75,2.0,2.687131,0,290
13196,ds005293,sub-067,ds005293__sub-067,27,3.75,2.0,2.754269,1,290
13197,ds005293,sub-067,ds005293__sub-067,28,4.5,2.0,2.890421,0,290
13198,ds005293,sub-067,ds005293__sub-067,29,3.0,2.0,2.782435,15,290
13199,ds005293,sub-067,ds005293__sub-067,30,3.75,2.5,3.0303435,0,290
13200,ds005293,sub-067,ds005293__sub-067,31,4.5,2.5,2.96319,1,290
13201,ds005293,sub-067,ds005293__sub-067,32,3.0,2.5,2.9117053,2,290
13202,ds005293,sub-067,ds005293__sub-067,33,3.0,2.5,2.8384047,3,290
13203,ds005293,sub-067,ds005293__sub-067,34,3.0,2.5,2.610836,0,290
13204,ds005293,sub-067,ds005293__sub-067,35,4.5,2.5,2.7187958,1,290
13205,ds005293,sub-067,ds005293__sub-067,36,4.5,2.5,2.7068515,0,290
13206,ds005293,sub-067,ds005293__sub-067,37,4.5,2.0,2.6976643,1,290
13207,ds005293,sub-067,ds005293__sub-067,38,3.75,2.5,2.9269247,0,290
13208,ds005293,sub-067,ds005293__sub-067,39,3.75,2.5,3.0134113,1,290
13209,ds005293,sub-067,ds005293__sub-067,40,2.25,2.5,3.1307921,1,290
13210,ds005293,sub-067,ds005293__sub-067,41,2.25,2.5,2.912775,3,290
13211,ds005293,sub-067,ds005293__sub-067,42,3.75,2.5,2.801766,4,290
13212,ds005293,sub-067,ds005293__sub-067,43,2.25,2.0,2.7071593,5,290
13213,ds005293,sub-067,ds005293__sub-067,44,2.25,2.0,2.4832082,0,290
13214,ds005293,sub-067,ds005293__sub-067,45,2.25,2.0,2.51759,1,290
13215,ds005293,sub-067,ds005293__sub-067,46,3.0,2.0,2.4249704,2,290
13216,ds005293,sub-067,ds005293__sub-067,47,3.0,2.0,2.4319043,3,290
13217,ds005293,sub-067,ds005293__sub-067,48,2.25,2.0,2.4916854,10,290
13218,ds005293,sub-067,ds005293__sub-067,49,3.75,2.0,2.553393,11,290
13219,ds005293,sub-067,ds005293__sub-067,50,3.0,2.0,2.5243127,6,290
13220,ds005293,sub-067,ds005293__sub-067,51,3.0,2.0,2.5138931,7,290
13221,ds005293,sub-067,ds005293__sub-067,52,3.75,2.0,2.49323,12,290
13222,ds005293,sub-067,ds005293__sub-067,53,3.75,2.0,2.450961,13,290
13223,ds005293,sub-067,ds005293__sub-067,54,4.5,2.0,2.4578838,14,290
13224,ds005293,sub-067,ds005293__sub-067,55,3.75,2.0,2.4486182,15,290
13225,ds005293,sub-067,ds005293__sub-067,56,4.5,2.0,2.5506847,15,290
13226,ds005293,sub-067,ds005293__sub-067,57,2.25,2.0,2.5273733,15,290
13227,ds005293,sub-067,ds005293__sub-067,58,4.5,2.0,2.5550146,0,290
13228,ds005293,sub-067,ds005293__sub-067,59,3.0,2.0,2.4694316,1,290
13229,ds005293,sub-067,ds005293__sub-067,60,2.25,2.0,2.4182737,0,290
13230,ds005293,sub-067,ds005293__sub-067,61,2.25,2.0,2.4291568,15,290
13231,ds005293,sub-067,ds005293__sub-067,62,3.0,2.0,2.4411557,0,290
13232,ds005293,sub-067,ds005293__sub-067,63,2.25,2.0,2.429107,0,290
13233,ds005293,sub-067,ds005293__sub-067,64,3.75,2.0,2.3653803,0,290
13234,ds005293,sub-067,ds005293__sub-067,65,3.75,2.0,2.3860297,1,290
13235,ds005293,sub-067,ds005293__sub-067,66,4.5,2.0,2.3824837,2,290
13236,ds005293,sub-067,ds005293__sub-067,67,3.0,2.0,2.381201,3,290
13237,ds005293,sub-067,ds005293__sub-067,68,3.75,2.0,2.4458518,0,290
13238,ds005293,sub-067,ds005293__sub-067,69,4.5,2.0,2.5393913,12,290
13239,ds005293,sub-067,ds005293__sub-067,70,3.0,2.0,2.4928184,13,290
13240,ds005293,sub-067,ds005293__sub-067,71,3.0,2.0,2.410701,14,290
13241,ds005293,sub-067,ds005293__sub-067,72,4.5,2.0,2.403822,15,290
13242,ds005293,sub-067,ds005293__sub-067,73,3.0,2.0,2.3776379,14,290
13243,ds005293,sub-067,ds005293__sub-067,74,4.5,2.0,2.300243,0,290
13244,ds005293,sub-067,ds005293__sub-067,75,4.5,2.0,2.2907813,1,290
13245,ds005293,sub-067,ds005293__sub-067,76,4.5,2.0,2.3469322,0,290
13246,ds005293,sub-068,ds005293__sub-068,0,3.5,3.5,3.6232195,0,291
13247,ds005293,sub-068,ds005293__sub-068,1,3.5,4.0,3.567226,1,291
13248,ds005293,sub-068,ds005293__sub-068,2,2.5,3.5,3.1627362,2,291
13249,ds005293,sub-068,ds005293__sub-068,3,2.5,3.5,2.9894934,3,291
13250,ds005293,sub-068,ds005293__sub-068,4,3.5,3.5,2.9778647,4,291
13251,ds005293,sub-068,ds005293__sub-068,5,4.0,2.25,2.958491,5,291
13252,ds005293,sub-068,ds005293__sub-068,6,2.5,2.25,2.9296231,6,291
13253,ds005293,sub-068,ds005293__sub-068,7,2.5,2.25,2.938102,7,291
13254,ds005293,sub-068,ds005293__sub-068,8,2.5,2.25,2.9436564,8,291
13255,ds005293,sub-068,ds005293__sub-068,9,3.0,2.25,2.9869986,9,291
13256,ds005293,sub-068,ds005293__sub-068,10,3.0,2.25,3.0324368,10,291
13257,ds005293,sub-068,ds005293__sub-068,11,2.5,2.25,3.0905485,11,291
13258,ds005293,sub-068,ds005293__sub-068,12,3.5,2.25,3.1124697,12,291
13259,ds005293,sub-068,ds005293__sub-068,13,3.0,2.25,3.1621833,13,291
13260,ds005293,sub-068,ds005293__sub-068,14,3.0,3.75,3.188632,14,291
13261,ds005293,sub-068,ds005293__sub-068,15,3.5,3.75,3.2306876,15,291
13262,ds005293,sub-068,ds005293__sub-068,16,3.5,4.5,3.2362533,15,291
13263,ds005293,sub-068,ds005293__sub-068,17,4.0,4.5,3.3054523,15,291
13264,ds005293,sub-068,ds005293__sub-068,18,3.5,4.5,3.3221831,15,291
13265,ds005293,sub-068,ds005293__sub-068,19,4.0,4.5,3.2251716,15,291
13266,ds005293,sub-068,ds005293__sub-068,20,2.5,4.5,3.2757223,14,291
13267,ds005293,sub-068,ds005293__sub-068,21,4.0,4.5,3.323288,15,291
13268,ds005293,sub-068,ds005293__sub-068,22,3.0,4.5,3.3704205,15,291
13269,ds005293,sub-068,ds005293__sub-068,23,2.5,4.5,3.3803368,15,291
13270,ds005293,sub-068,ds005293__sub-068,24,2.5,4.5,3.3675354,15,291
13271,ds005293,sub-068,ds005293__sub-068,25,3.0,4.5,3.3275821,15,291
13272,ds005293,sub-068,ds005293__sub-068,26,2.5,4.5,3.3425884,15,291
13273,ds005293,sub-068,ds005293__sub-068,27,3.5,4.5,3.311139,15,291
13274,ds005293,sub-068,ds005293__sub-068,28,3.5,4.5,3.263774,13,291
13275,ds005293,sub-068,ds005293__sub-068,29,4.0,4.5,3.2584531,15,291
13276,ds005293,sub-068,ds005293__sub-068,30,3.0,4.5,3.2084558,15,291
13277,ds005293,sub-068,ds005293__sub-068,31,3.5,4.5,3.1841426,15,291
13278,ds005293,sub-068,ds005293__sub-068,32,4.0,4.5,3.2183404,10,291
13279,ds005293,sub-068,ds005293__sub-068,33,3.0,4.5,3.2563307,11,291
13280,ds005293,sub-068,ds005293__sub-068,34,3.0,4.5,3.245154,12,291
13281,ds005293,sub-068,ds005293__sub-068,35,4.0,4.5,3.3213181,13,291
13282,ds005293,sub-068,ds005293__sub-068,36,3.0,4.5,3.358181,15,291
13283,ds005293,sub-068,ds005293__sub-068,37,4.0,4.5,3.4497123,15,291
13284,ds005293,sub-068,ds005293__sub-068,38,4.0,4.5,3.385108,15,291
13285,ds005293,sub-068,ds005293__sub-068,39,4.0,4.5,3.3896635,13,291
13286,ds005293,sub-068,ds005293__sub-068,40,3.5,4.5,3.3916018,15,291
13287,ds005293,sub-068,ds005293__sub-068,41,3.5,4.5,3.326498,15,291
13288,ds005293,sub-068,ds005293__sub-068,42,2.5,4.5,3.361513,15,291
13289,ds005293,sub-068,ds005293__sub-068,43,2.5,4.5,3.3057194,15,291
13290,ds005293,sub-068,ds005293__sub-068,44,3.5,4.5,3.3371267,15,291
13291,ds005293,sub-068,ds005293__sub-068,45,4.0,4.5,3.3728337,15,291
13292,ds005293,sub-068,ds005293__sub-068,46,2.5,4.5,3.276768,15,291
13293,ds005293,sub-068,ds005293__sub-068,47,2.5,4.5,3.2547154,15,291
13294,ds005293,sub-068,ds005293__sub-068,48,2.5,4.5,3.2845714,15,291
13295,ds005293,sub-068,ds005293__sub-068,49,3.0,4.5,3.270658,13,291
13296,ds005293,sub-068,ds005293__sub-068,50,3.0,4.5,3.2847252,14,291
13297,ds005293,sub-068,ds005293__sub-068,51,2.5,4.5,3.367942,15,291
13298,ds005293,sub-068,ds005293__sub-068,52,3.5,3.75,3.2330053,15,291
13299,ds005293,sub-068,ds005293__sub-068,53,3.0,3.75,3.2544656,15,291
13300,ds005293,sub-068,ds005293__sub-068,54,3.0,4.5,3.2583108,14,291
13301,ds005293,sub-068,ds005293__sub-068,55,3.5,4.5,3.3009906,15,291
13302,ds005293,sub-068,ds005293__sub-068,56,3.5,4.5,3.3035884,15,291
13303,ds005293,sub-068,ds005293__sub-068,57,4.0,4.5,3.342357,15,291
13304,ds005293,sub-068,ds005293__sub-068,58,3.5,4.5,3.2867815,13,291
13305,ds005293,sub-068,ds005293__sub-068,59,4.0,4.5,3.2366793,14,291
13306,ds005293,sub-068,ds005293__sub-068,60,2.5,4.5,3.3021398,15,291
13307,ds005293,sub-068,ds005293__sub-068,61,4.0,4.5,3.3642368,15,291
13308,ds005293,sub-068,ds005293__sub-068,62,3.0,4.5,3.4009137,15,291
13309,ds005293,sub-068,ds005293__sub-068,63,2.5,4.5,3.3902364,15,291
13310,ds005293,sub-068,ds005293__sub-068,64,2.5,4.5,3.3957644,15,291
13311,ds005293,sub-068,ds005293__sub-068,65,3.0,4.5,3.3560925,15,291
13312,ds005293,sub-068,ds005293__sub-068,66,2.5,4.5,3.335752,15,291
13313,ds005293,sub-068,ds005293__sub-068,67,3.5,4.5,3.2537017,15,291
13314,ds005293,sub-068,ds005293__sub-068,68,3.5,4.5,3.2947388,13,291
13315,ds005293,sub-068,ds005293__sub-068,69,4.0,4.5,3.2771037,14,291
13316,ds005293,sub-068,ds005293__sub-068,70,3.0,4.5,3.2048984,15,291
13317,ds005293,sub-068,ds005293__sub-068,71,3.5,4.5,3.2107778,13,291
13318,ds005293,sub-068,ds005293__sub-068,72,4.0,4.5,3.2387853,14,291
13319,ds005293,sub-068,ds005293__sub-068,73,3.0,4.5,3.2689095,15,291
13320,ds005293,sub-068,ds005293__sub-068,74,3.0,4.5,3.300767,15,291
13321,ds005293,sub-068,ds005293__sub-068,75,4.0,4.5,3.360279,15,291
13322,ds005293,sub-068,ds005293__sub-068,76,3.0,4.5,3.2812111,15,291
13323,ds005293,sub-068,ds005293__sub-068,77,4.0,4.5,3.341256,15,291
13324,ds005293,sub-068,ds005293__sub-068,78,4.0,4.5,3.34364,15,291
13325,ds005293,sub-068,ds005293__sub-068,79,4.0,4.5,3.3659415,15,291
13326,ds005293,sub-069,ds005293__sub-069,0,3.75,4.0,3.6589737,0,292
13327,ds005293,sub-069,ds005293__sub-069,1,3.75,4.0,3.6349702,0,292
13328,ds005293,sub-069,ds005293__sub-069,2,2.25,4.0,3.4719849,1,292
13329,ds005293,sub-069,ds005293__sub-069,3,2.25,4.0,3.3831377,2,292
13330,ds005293,sub-069,ds005293__sub-069,4,3.75,4.0,3.2841372,3,292
13331,ds005293,sub-069,ds005293__sub-069,5,4.5,4.0,3.2827766,4,292
13332,ds005293,sub-069,ds005293__sub-069,6,2.25,2.25,3.107294,5,292
13333,ds005293,sub-069,ds005293__sub-069,7,2.25,2.25,3.1251683,6,292
13334,ds005293,sub-069,ds005293__sub-069,8,2.25,2.25,3.1586719,7,292
13335,ds005293,sub-069,ds005293__sub-069,9,3.0,2.25,3.2136397,8,292
13336,ds005293,sub-069,ds005293__sub-069,10,3.0,3.5,3.2485757,9,292
13337,ds005293,sub-069,ds005293__sub-069,11,2.25,3.5,3.278763,10,292
13338,ds005293,sub-069,ds005293__sub-069,12,3.75,3.5,3.306448,11,292
13339,ds005293,sub-069,ds005293__sub-069,13,3.0,3.5,3.3290567,12,292
13340,ds005293,sub-069,ds005293__sub-069,14,3.0,3.5,3.3466554,13,292
13341,ds005293,sub-069,ds005293__sub-069,15,3.75,4.0,3.366798,14,292
13342,ds005293,sub-069,ds005293__sub-069,16,3.75,4.0,3.3493247,15,292
13343,ds005293,sub-069,ds005293__sub-069,17,4.5,4.0,3.3746731,10,292
13344,ds005293,sub-069,ds005293__sub-069,18,3.75,4.0,3.393916,12,292
13345,ds005293,sub-069,ds005293__sub-069,19,4.5,4.0,3.3636217,13,292
13346,ds005293,sub-069,ds005293__sub-069,20,2.25,4.0,3.3742971,13,292
13347,ds005293,sub-069,ds005293__sub-069,21,4.5,4.0,3.4302025,15,292
13348,ds005293,sub-069,ds005293__sub-069,22,3.0,4.0,3.4093556,15,292
13349,ds005293,sub-069,ds005293__sub-069,23,2.25,3.5,3.3921793,14,292
13350,ds005293,sub-069,ds005293__sub-069,24,2.25,3.5,3.3192291,15,292
13351,ds005293,sub-069,ds005293__sub-069,25,3.0,3.5,3.2881126,14,292
13352,ds005293,sub-069,ds005293__sub-069,26,2.25,3.5,3.3081298,15,292
13353,ds005293,sub-069,ds005293__sub-069,27,3.75,3.5,3.2919657,14,292
13354,ds005293,sub-069,ds005293__sub-069,28,3.75,2.25,3.2377567,14,292
13355,ds005293,sub-069,ds005293__sub-069,29,4.5,3.0,3.233913,6,292
13356,ds005293,sub-069,ds005293__sub-069,30,3.0,3.0,3.2221193,7,292
13357,ds005293,sub-069,ds005293__sub-069,31,3.75,2.25,3.2169232,8,292
13358,ds005293,sub-069,ds005293__sub-069,32,3.0,2.25,3.2325532,9,292
13359,ds005293,sub-069,ds005293__sub-069,33,3.0,3.0,3.235045,10,292
13360,ds005293,sub-069,ds005293__sub-069,34,3.0,2.25,3.2087278,11,292
13361,ds005293,sub-069,ds005293__sub-069,35,4.5,4.0,3.3029003,12,292
13362,ds005293,sub-069,ds005293__sub-069,36,3.75,4.0,3.272998,13,292
13363,ds005293,sub-069,ds005293__sub-069,37,3.75,4.0,3.3499029,13,292
13364,ds005293,sub-069,ds005293__sub-069,38,2.25,4.0,3.3133695,14,292
13365,ds005293,sub-069,ds005293__sub-069,39,2.25,4.0,3.2403843,6,292
13366,ds005293,sub-069,ds005293__sub-069,40,3.75,4.0,3.2008657,7,292
13367,ds005293,sub-069,ds005293__sub-069,41,4.5,4.0,3.172462,8,292
13368,ds005293,sub-069,ds005293__sub-069,42,2.25,2.0,2.9857569,9,292
13369,ds005293,sub-069,ds005293__sub-069,43,2.25,2.0,2.874041,10,292
13370,ds005293,sub-069,ds005293__sub-069,44,2.25,2.0,2.7784996,11,292
13371,ds005293,sub-069,ds005293__sub-069,45,3.0,2.0,2.8037772,12,292
13372,ds005293,sub-069,ds005293__sub-069,46,3.0,2.0,2.7436457,12,292
13373,ds005293,sub-069,ds005293__sub-069,47,2.25,2.0,2.8441582,13,292
13374,ds005293,sub-069,ds005293__sub-069,48,3.75,2.0,2.8937397,15,292
13375,ds005293,sub-069,ds005293__sub-069,49,3.0,2.0,2.8778348,6,292
13376,ds005293,sub-069,ds005293__sub-069,50,3.0,2.0,2.8358402,7,292
13377,ds005293,sub-069,ds005293__sub-069,51,3.75,2.0,2.9290383,13,292
13378,ds005293,sub-069,ds005293__sub-069,52,3.75,3.5,3.162624,9,292
13379,ds005293,sub-069,ds005293__sub-069,53,2.25,4.0,3.2829049,10,292
13380,ds005293,sub-069,ds005293__sub-069,54,4.5,3.5,3.209533,11,292
13381,ds005293,sub-069,ds005293__sub-069,55,3.0,3.5,3.2153912,12,292
13382,ds005293,sub-069,ds005293__sub-069,56,2.25,4.0,3.1706667,13,292
13383,ds005293,sub-069,ds005293__sub-069,57,2.25,4.0,3.3893776,15,292
13384,ds005293,sub-069,ds005293__sub-069,58,3.0,4.0,3.405489,15,292
13385,ds005293,sub-069,ds005293__sub-069,59,2.25,4.0,3.3747988,15,292
13386,ds005293,sub-069,ds005293__sub-069,60,3.75,4.0,3.2784646,10,292
13387,ds005293,sub-069,ds005293__sub-069,61,3.75,4.0,3.2110486,11,292
13388,ds005293,sub-069,ds005293__sub-069,62,4.5,4.0,3.1525831,12,292
13389,ds005293,sub-069,ds005293__sub-069,63,3.0,4.0,3.1455548,13,292
13390,ds005293,sub-069,ds005293__sub-069,64,3.0,4.0,3.2885776,11,292
13391,ds005293,sub-069,ds005293__sub-069,65,3.0,4.0,3.2888994,12,292
13392,ds005293,sub-069,ds005293__sub-069,66,4.5,4.0,3.2925286,13,292
13393,ds005293,sub-069,ds005293__sub-069,67,3.0,4.0,3.3523903,15,292
13394,ds005293,sub-069,ds005293__sub-069,68,4.5,4.0,3.390152,15,292
13395,ds005293,sub-069,ds005293__sub-069,69,4.5,4.0,3.3787756,14,292
13396,ds005293,sub-069,ds005293__sub-069,70,4.5,4.0,3.4497123,15,292
13397,ds005293,sub-070,ds005293__sub-070,0,3.75,3.75,3.6467302,0,293
13398,ds005293,sub-070,ds005293__sub-070,1,3.75,4.0,3.4144583,0,293
13399,ds005293,sub-070,ds005293__sub-070,2,2.25,4.0,3.133202,1,293
13400,ds005293,sub-070,ds005293__sub-070,3,2.25,3.5,2.990079,3,293
13401,ds005293,sub-070,ds005293__sub-070,4,3.75,2.0,2.9476984,4,293
13402,ds005293,sub-070,ds005293__sub-070,5,4.5,2.0,2.990995,5,293
13403,ds005293,sub-070,ds005293__sub-070,6,2.25,2.0,3.0154698,6,293
13404,ds005293,sub-070,ds005293__sub-070,7,2.25,2.0,2.9980445,7,293
13405,ds005293,sub-070,ds005293__sub-070,8,2.25,2.0,3.0130649,8,293
13406,ds005293,sub-070,ds005293__sub-070,9,3.0,2.0,3.0871756,9,293
13407,ds005293,sub-070,ds005293__sub-070,10,3.0,2.0,3.110856,10,293
13408,ds005293,sub-070,ds005293__sub-070,11,2.25,2.0,3.1402643,11,293
13409,ds005293,sub-070,ds005293__sub-070,12,3.75,2.0,3.1568882,12,293
13410,ds005293,sub-070,ds005293__sub-070,13,3.0,2.0,3.164717,13,293
13411,ds005293,sub-070,ds005293__sub-070,14,3.0,2.0,3.1778054,14,293
13412,ds005293,sub-070,ds005293__sub-070,15,3.75,3.75,3.2015367,15,293
13413,ds005293,sub-070,ds005293__sub-070,16,3.75,3.75,3.2169607,15,293
13414,ds005293,sub-070,ds005293__sub-070,17,4.5,3.75,3.197217,15,293
13415,ds005293,sub-070,ds005293__sub-070,18,3.75,2.5,3.195363,14,293
13416,ds005293,sub-070,ds005293__sub-070,19,4.5,2.5,3.1779926,15,293
13417,ds005293,sub-070,ds005293__sub-070,20,2.25,2.5,3.169371,14,293
13418,ds005293,sub-070,ds005293__sub-070,21,4.5,2.5,3.1744719,15,293
13419,ds005293,sub-070,ds005293__sub-070,22,3.0,2.5,3.1922932,15,293
13420,ds005293,sub-070,ds005293__sub-070,23,2.25,2.5,3.144267,13,293
13421,ds005293,sub-070,ds005293__sub-070,24,2.25,2.5,3.1410918,15,293
13422,ds005293,sub-070,ds005293__sub-070,25,3.0,3.75,3.164473,14,293
13423,ds005293,sub-070,ds005293__sub-070,26,2.25,3.75,3.1960318,15,293
13424,ds005293,sub-070,ds005293__sub-070,27,3.75,3.75,3.1999059,14,293
13425,ds005293,sub-070,ds005293__sub-070,28,3.75,3.0,3.1663527,12,293
13426,ds005293,sub-070,ds005293__sub-070,29,4.5,3.0,3.1663342,13,293
13427,ds005293,sub-070,ds005293__sub-070,30,3.0,2.5,3.1443934,15,293
13428,ds005293,sub-070,ds005293__sub-070,31,3.75,3.75,3.1431775,15,293
13429,ds005293,sub-070,ds005293__sub-070,32,4.5,3.75,3.1514778,12,293
13430,ds005293,sub-070,ds005293__sub-070,33,3.0,3.75,3.1658554,13,293
13431,ds005293,sub-070,ds005293__sub-070,34,3.0,3.75,3.1500018,14,293
13432,ds005293,sub-070,ds005293__sub-070,35,4.5,3.75,3.1634674,15,293
13433,ds005293,sub-070,ds005293__sub-070,36,3.0,3.75,3.179781,14,293
13434,ds005293,sub-070,ds005293__sub-070,37,4.5,3.0,3.191629,15,293
13435,ds005293,sub-070,ds005293__sub-070,38,4.5,4.5,3.2155838,15,293
13436,ds005293,sub-070,ds005293__sub-070,39,4.5,2.5,3.2078004,15,293
13437,ds005293,sub-070,ds005293__sub-070,40,3.75,3.75,3.2018394,15,293
13438,ds005293,sub-070,ds005293__sub-070,41,3.75,3.75,3.1950445,14,293
13439,ds005293,sub-070,ds005293__sub-070,42,2.25,3.75,3.200386,15,293
13440,ds005293,sub-070,ds005293__sub-070,43,2.25,3.75,3.1857784,15,293
13441,ds005293,sub-070,ds005293__sub-070,44,3.75,3.75,3.1873362,15,293
13442,ds005293,sub-070,ds005293__sub-070,45,4.5,3.75,3.2012634,13,293
13443,ds005293,sub-070,ds005293__sub-070,46,2.25,3.75,3.178823,14,293
13444,ds005293,sub-070,ds005293__sub-070,47,2.25,2.5,3.1827312,14,293
13445,ds005293,sub-070,ds005293__sub-070,48,2.25,2.5,3.1851192,15,293
13446,ds005293,sub-070,ds005293__sub-070,49,3.0,2.5,3.1918483,14,293
13447,ds005293,sub-070,ds005293__sub-070,50,3.0,2.5,3.1723952,15,293
13448,ds005293,sub-070,ds005293__sub-070,51,2.25,2.5,3.1612024,15,293
13449,ds005293,sub-070,ds005293__sub-070,52,3.75,2.5,3.1646273,14,293
13450,ds005293,sub-070,ds005293__sub-070,53,3.0,2.5,3.157543,12,293
13451,ds005293,sub-070,ds005293__sub-070,54,3.75,2.5,3.1791434,13,293
13452,ds005293,sub-070,ds005293__sub-070,55,3.75,3.75,3.2022839,14,293
13453,ds005293,sub-070,ds005293__sub-070,56,4.5,3.75,3.2152581,15,293
13454,ds005293,sub-070,ds005293__sub-070,57,3.75,3.75,3.2197156,14,293
13455,ds005293,sub-070,ds005293__sub-070,58,4.5,3.75,3.2057562,15,293
13456,ds005293,sub-070,ds005293__sub-070,59,2.25,3.75,3.1915812,14,293
13457,ds005293,sub-070,ds005293__sub-070,60,4.5,4.5,3.2638395,14,293
13458,ds005293,sub-070,ds005293__sub-070,61,3.0,4.5,3.2936664,15,293
13459,ds005293,sub-070,ds005293__sub-070,62,2.25,4.5,3.2452917,14,293
13460,ds005293,sub-070,ds005293__sub-070,63,2.25,4.5,3.2236884,14,293
13461,ds005293,sub-070,ds005293__sub-070,64,3.0,4.5,3.222249,14,293
13462,ds005293,sub-070,ds005293__sub-070,65,2.25,2.5,3.2033308,15,293
13463,ds005293,sub-070,ds005293__sub-070,66,3.75,2.5,3.1802554,14,293
13464,ds005293,sub-070,ds005293__sub-070,67,3.75,2.5,3.1909804,15,293
13465,ds005293,sub-070,ds005293__sub-070,68,4.5,2.5,3.1656728,14,293
13466,ds005293,sub-070,ds005293__sub-070,69,3.0,2.5,3.1782937,15,293
13467,ds005293,sub-070,ds005293__sub-070,70,3.75,2.5,3.1690755,15,293
13468,ds005293,sub-070,ds005293__sub-070,71,4.5,3.75,3.175825,14,293
13469,ds005293,sub-070,ds005293__sub-070,72,3.0,3.75,3.190753,15,293
13470,ds005293,sub-070,ds005293__sub-070,73,3.0,3.75,3.163819,15,293
13471,ds005293,sub-070,ds005293__sub-070,74,4.5,3.75,3.1643848,15,293
13472,ds005293,sub-070,ds005293__sub-070,75,3.0,2.5,3.1789832,12,293
13473,ds005293,sub-070,ds005293__sub-070,76,4.5,2.5,3.1884518,13,293
13474,ds005293,sub-070,ds005293__sub-070,77,4.5,2.5,3.1648297,14,293
13475,ds005293,sub-070,ds005293__sub-070,78,4.5,2.5,3.1652195,13,293
13476,ds005293,sub-071,ds005293__sub-071,0,3.5,3.75,3.6087346,0,294
13477,ds005293,sub-071,ds005293__sub-071,1,3.5,4.0,3.527745,1,294
13478,ds005293,sub-071,ds005293__sub-071,2,2.5,4.0,3.1330364,2,294
13479,ds005293,sub-071,ds005293__sub-071,3,2.5,2.25,2.9992967,3,294
13480,ds005293,sub-071,ds005293__sub-071,4,3.5,2.25,3.0070539,4,294
13481,ds005293,sub-071,ds005293__sub-071,5,4.0,2.25,2.9926298,5,294
13482,ds005293,sub-071,ds005293__sub-071,6,2.5,2.25,2.968926,6,294
13483,ds005293,sub-071,ds005293__sub-071,7,2.5,2.25,2.957643,7,294
13484,ds005293,sub-071,ds005293__sub-071,8,2.5,2.25,2.9900684,8,294
13485,ds005293,sub-071,ds005293__sub-071,9,3.0,2.0,3.0178654,9,294
13486,ds005293,sub-071,ds005293__sub-071,10,3.0,2.0,3.0485091,10,294
13487,ds005293,sub-071,ds005293__sub-071,11,2.5,2.0,3.078721,11,294
13488,ds005293,sub-071,ds005293__sub-071,12,3.5,2.0,3.1228366,12,294
13489,ds005293,sub-071,ds005293__sub-071,13,3.0,2.0,3.1448133,13,294
13490,ds005293,sub-071,ds005293__sub-071,14,3.0,2.0,3.1760206,14,294
13491,ds005293,sub-071,ds005293__sub-071,15,3.5,4.5,3.2146354,15,294
13492,ds005293,sub-071,ds005293__sub-071,16,3.5,4.5,3.2171395,15,294
13493,ds005293,sub-071,ds005293__sub-071,17,4.0,4.5,3.2204123,15,294
13494,ds005293,sub-071,ds005293__sub-071,18,3.5,4.5,3.2242994,15,294
13495,ds005293,sub-071,ds005293__sub-071,19,4.0,2.0,3.190365,14,294
13496,ds005293,sub-071,ds005293__sub-071,20,2.5,4.5,3.1874774,15,294
13497,ds005293,sub-071,ds005293__sub-071,21,4.0,4.5,3.1732473,14,294
13498,ds005293,sub-071,ds005293__sub-071,22,3.0,2.5,3.1396236,15,294
13499,ds005293,sub-071,ds005293__sub-071,23,2.5,2.0,3.1264277,13,294
13500,ds005293,sub-071,ds005293__sub-071,24,2.5,2.0,3.1190026,14,294
13501,ds005293,sub-071,ds005293__sub-071,25,3.0,2.0,3.1380725,15,294
13502,ds005293,sub-071,ds005293__sub-071,26,2.5,2.0,3.1519167,15,294
13503,ds005293,sub-071,ds005293__sub-071,27,3.5,2.0,3.1800728,15,294
13504,ds005293,sub-071,ds005293__sub-071,28,3.5,4.5,3.2122037,14,294
13505,ds005293,sub-071,ds005293__sub-071,29,4.0,4.5,3.2399054,15,294
13506,ds005293,sub-071,ds005293__sub-071,30,3.0,4.5,3.2753563,15,294
13507,ds005293,sub-071,ds005293__sub-071,31,3.5,4.5,3.307869,15,294
13508,ds005293,sub-071,ds005293__sub-071,32,4.0,4.5,3.3345394,14,294
13509,ds005293,sub-071,ds005293__sub-071,33,3.0,2.0,3.1730273,15,294
13510,ds005293,sub-071,ds005293__sub-071,34,3.0,4.5,3.1956763,14,294
13511,ds005293,sub-071,ds005293__sub-071,35,4.0,2.0,3.1383991,15,294
13512,ds005293,sub-071,ds005293__sub-071,36,3.0,2.0,3.146561,14,294
13513,ds005293,sub-071,ds005293__sub-071,37,4.0,4.5,3.1520236,15,294
13514,ds005293,sub-071,ds005293__sub-071,38,4.0,4.5,3.162378,15,294
13515,ds005293,sub-071,ds005293__sub-071,39,4.0,2.0,3.1579628,15,294
13516,ds005293,sub-071,ds005293__sub-071,40,3.5,2.0,3.1720037,14,294
13517,ds005293,sub-071,ds005293__sub-071,41,3.5,4.5,3.184403,15,294
13518,ds005293,sub-071,ds005293__sub-071,42,2.5,2.0,3.1537094,14,294
13519,ds005293,sub-071,ds005293__sub-071,43,2.5,3.0,3.1812634,15,294
13520,ds005293,sub-071,ds005293__sub-071,44,3.5,3.0,3.2015624,14,294
13521,ds005293,sub-071,ds005293__sub-071,45,4.0,3.0,3.1172128,15,294
13522,ds005293,sub-071,ds005293__sub-071,46,2.5,3.0,3.118801,14,294
13523,ds005293,sub-071,ds005293__sub-071,47,2.5,3.0,3.1115088,15,294
13524,ds005293,sub-071,ds005293__sub-071,48,2.5,3.0,3.1174653,14,294
13525,ds005293,sub-071,ds005293__sub-071,49,3.0,3.0,3.1148553,15,294
13526,ds005293,sub-071,ds005293__sub-071,50,3.0,3.0,3.097992,15,294
13527,ds005293,sub-071,ds005293__sub-071,51,2.5,3.0,3.1056015,14,294
13528,ds005293,sub-071,ds005293__sub-071,52,3.5,3.0,3.1255975,15,294
13529,ds005293,sub-071,ds005293__sub-071,53,3.0,3.0,3.1358705,15,294
13530,ds005293,sub-071,ds005293__sub-071,54,3.0,3.0,3.1603522,14,294
13531,ds005293,sub-071,ds005293__sub-071,55,3.5,4.5,3.211329,15,294
13532,ds005293,sub-071,ds005293__sub-071,56,3.5,4.5,3.2447758,15,294
13533,ds005293,sub-071,ds005293__sub-071,57,4.0,4.5,3.234182,15,294
13534,ds005293,sub-071,ds005293__sub-071,58,3.5,4.5,3.251494,15,294
13535,ds005293,sub-071,ds005293__sub-071,59,4.0,4.5,3.2659633,15,294
13536,ds005293,sub-071,ds005293__sub-071,60,2.5,4.5,3.2244835,15,294
13537,ds005293,sub-071,ds005293__sub-071,61,4.0,4.5,3.2898746,15,294
13538,ds005293,sub-071,ds005293__sub-071,62,3.0,4.5,3.292384,15,294
13539,ds005293,sub-071,ds005293__sub-071,63,2.5,4.5,3.2972467,15,294
13540,ds005293,sub-071,ds005293__sub-071,64,2.5,4.5,3.265452,14,294
13541,ds005293,sub-071,ds005293__sub-071,65,3.0,4.5,3.2651498,15,294
13542,ds005293,sub-071,ds005293__sub-071,66,2.5,4.5,3.2075338,15,294
13543,ds005293,sub-071,ds005293__sub-071,67,3.5,4.5,3.197961,15,294
13544,ds005293,sub-071,ds005293__sub-071,68,3.5,4.5,3.2192516,15,294
13545,ds005293,sub-071,ds005293__sub-071,69,4.0,4.5,3.2208745,15,294
13546,ds005293,sub-071,ds005293__sub-071,70,3.0,4.5,3.235314,14,294
13547,ds005293,sub-071,ds005293__sub-071,71,3.5,4.5,3.2546606,15,294
13548,ds005293,sub-071,ds005293__sub-071,72,4.0,4.5,3.259916,14,294
13549,ds005293,sub-071,ds005293__sub-071,73,3.0,4.5,3.268464,15,294
13550,ds005293,sub-071,ds005293__sub-071,74,3.0,4.5,3.2853208,15,294
13551,ds005293,sub-071,ds005293__sub-071,75,4.0,4.5,3.318118,15,294
13552,ds005293,sub-071,ds005293__sub-071,76,3.0,4.5,3.2957973,15,294
13553,ds005293,sub-071,ds005293__sub-071,77,4.0,4.5,3.3219028,15,294
13554,ds005293,sub-071,ds005293__sub-071,78,4.0,4.5,3.3496256,15,294
13555,ds005293,sub-072,ds005293__sub-072,0,3.75,4.0,3.7664633,0,295
13556,ds005293,sub-072,ds005293__sub-072,1,3.75,4.0,3.4977522,1,295
13557,ds005293,sub-072,ds005293__sub-072,2,2.25,4.0,3.0604868,2,295
13558,ds005293,sub-072,ds005293__sub-072,3,2.25,2.0,2.85427,3,295
13559,ds005293,sub-072,ds005293__sub-072,4,3.75,2.0,2.8600428,4,295
13560,ds005293,sub-072,ds005293__sub-072,5,4.5,2.0,2.8839083,5,295
13561,ds005293,sub-072,ds005293__sub-072,6,2.25,2.0,2.8585067,6,295
13562,ds005293,sub-072,ds005293__sub-072,7,2.25,2.0,2.8674693,7,295
13563,ds005293,sub-072,ds005293__sub-072,8,2.25,2.0,2.8739982,8,295
13564,ds005293,sub-072,ds005293__sub-072,9,3.0,2.0,2.9135704,9,295
13565,ds005293,sub-072,ds005293__sub-072,10,3.0,2.0,2.9536958,10,295
13566,ds005293,sub-072,ds005293__sub-072,11,2.25,2.0,2.9973679,11,295
13567,ds005293,sub-072,ds005293__sub-072,12,3.75,2.0,3.0304317,12,295
13568,ds005293,sub-072,ds005293__sub-072,13,3.0,2.0,3.081993,13,295
13569,ds005293,sub-072,ds005293__sub-072,14,3.0,2.0,3.1332943,14,295
13570,ds005293,sub-072,ds005293__sub-072,15,3.75,2.5,3.1781359,15,295
13571,ds005293,sub-072,ds005293__sub-072,16,3.75,2.5,3.1998546,15,295
13572,ds005293,sub-072,ds005293__sub-072,17,4.5,2.5,3.2212734,15,295
13573,ds005293,sub-072,ds005293__sub-072,18,3.75,2.5,3.235938,15,295
13574,ds005293,sub-072,ds005293__sub-072,19,4.5,2.5,3.244886,15,295
13575,ds005293,sub-072,ds005293__sub-072,20,2.25,4.5,3.2223387,15,295
13576,ds005293,sub-072,ds005293__sub-072,21,4.5,4.5,3.2258577,14,295
13577,ds005293,sub-072,ds005293__sub-072,22,3.0,2.5,3.1763556,15,295
13578,ds005293,sub-072,ds005293__sub-072,23,2.25,2.5,3.145539,15,295
13579,ds005293,sub-072,ds005293__sub-072,24,2.25,2.0,3.1512494,15,295
13580,ds005293,sub-072,ds005293__sub-072,25,3.0,2.0,3.1494794,12,295
13581,ds005293,sub-072,ds005293__sub-072,26,2.25,2.0,3.1369863,13,295
13582,ds005293,sub-072,ds005293__sub-072,27,3.75,2.0,3.1356502,14,295
13583,ds005293,sub-072,ds005293__sub-072,28,3.75,2.0,3.1382065,15,295
13584,ds005293,sub-072,ds005293__sub-072,29,4.5,2.0,3.1486402,14,295
13585,ds005293,sub-072,ds005293__sub-072,30,3.0,2.0,3.1417098,14,295
13586,ds005293,sub-072,ds005293__sub-072,31,3.75,2.0,3.148439,15,295
13587,ds005293,sub-072,ds005293__sub-072,32,4.5,2.0,3.151475,14,295
13588,ds005293,sub-072,ds005293__sub-072,33,3.0,2.0,3.1607242,15,295
13589,ds005293,sub-072,ds005293__sub-072,34,3.0,4.5,3.181417,15,295
13590,ds005293,sub-072,ds005293__sub-072,35,4.5,4.5,3.1682436,15,295
13591,ds005293,sub-072,ds005293__sub-072,36,3.0,2.0,3.1179726,14,295
13592,ds005293,sub-072,ds005293__sub-072,37,4.5,2.0,3.1223433,15,295
13593,ds005293,sub-072,ds005293__sub-072,38,4.5,2.0,3.132575,14,295
13594,ds005293,sub-072,ds005293__sub-072,39,3.75,2.0,3.0964394,13,295
13595,ds005293,sub-072,ds005293__sub-072,40,3.75,2.0,3.0813606,14,295
13596,ds005293,sub-072,ds005293__sub-072,41,2.25,2.0,3.0665102,15,295
13597,ds005293,sub-072,ds005293__sub-072,42,2.25,2.0,3.0534825,15,295
13598,ds005293,sub-072,ds005293__sub-072,43,3.75,2.0,3.0439873,15,295
13599,ds005293,sub-072,ds005293__sub-072,44,4.5,2.0,3.0825639,15,295
13600,ds005293,sub-072,ds005293__sub-072,45,2.25,2.0,3.113472,14,295
13601,ds005293,sub-072,ds005293__sub-072,46,2.25,2.0,3.1017795,15,295
13602,ds005293,sub-072,ds005293__sub-072,47,2.25,2.0,3.0941463,15,295
13603,ds005293,sub-072,ds005293__sub-072,48,3.0,2.0,3.1293104,14,295
13604,ds005293,sub-072,ds005293__sub-072,49,3.0,2.0,3.138401,15,295
13605,ds005293,sub-072,ds005293__sub-072,50,2.25,2.0,3.1740935,15,295
13606,ds005293,sub-072,ds005293__sub-072,51,3.75,2.5,3.1892304,15,295
13607,ds005293,sub-072,ds005293__sub-072,52,3.0,2.5,3.2067986,15,295
13608,ds005293,sub-072,ds005293__sub-072,53,3.0,2.5,3.199914,15,295
13609,ds005293,sub-072,ds005293__sub-072,54,3.75,4.5,3.2117124,15,295
13610,ds005293,sub-072,ds005293__sub-072,55,3.75,4.5,3.245883,14,295
13611,ds005293,sub-072,ds005293__sub-072,56,4.5,4.5,3.2595305,15,295
13612,ds005293,sub-072,ds005293__sub-072,57,2.25,4.5,3.2586489,13,295
13613,ds005293,sub-072,ds005293__sub-072,58,4.5,4.5,3.2489295,14,295
13614,ds005293,sub-072,ds005293__sub-072,59,3.0,4.5,3.2458556,15,295
13615,ds005293,sub-072,ds005293__sub-072,60,2.25,4.5,3.2678273,15,295
13616,ds005293,sub-072,ds005293__sub-072,61,2.25,4.5,3.2007585,14,295
13617,ds005293,sub-072,ds005293__sub-072,62,3.0,2.5,3.1968627,13,295
13618,ds005293,sub-072,ds005293__sub-072,63,2.25,2.5,3.1967535,14,295
13619,ds005293,sub-072,ds005293__sub-072,64,3.75,2.5,3.2003582,13,295
13620,ds005293,sub-072,ds005293__sub-072,65,3.75,2.5,3.2021759,14,295
13621,ds005293,sub-072,ds005293__sub-072,66,3.0,2.5,3.2106662,13,295
13622,ds005293,sub-072,ds005293__sub-072,67,3.75,2.5,3.2178783,14,295
13623,ds005293,sub-072,ds005293__sub-072,68,4.5,2.5,3.1986094,13,295
13624,ds005293,sub-072,ds005293__sub-072,69,3.0,2.5,3.1939063,14,295
13625,ds005293,sub-072,ds005293__sub-072,70,4.5,2.5,3.1891615,15,295
13626,ds005293,sub-072,ds005293__sub-072,71,3.0,4.5,3.2038765,15,295
13627,ds005293,sub-072,ds005293__sub-072,72,4.5,2.5,3.1798286,14,295
13628,ds005293,sub-072,ds005293__sub-072,73,4.5,2.0,3.147512,14,295
13629,ds005293,sub-072,ds005293__sub-072,74,4.5,2.5,3.1760302,13,295
13630,ds005293,sub-073,ds005293__sub-073,0,3.75,3.75,3.600503,0,296
13631,ds005293,sub-073,ds005293__sub-073,1,3.75,3.75,3.4543154,1,296
13632,ds005293,sub-073,ds005293__sub-073,2,2.25,2.0,3.0023358,2,296
13633,ds005293,sub-073,ds005293__sub-073,3,2.25,2.0,2.8448625,3,296
13634,ds005293,sub-073,ds005293__sub-073,4,3.75,2.0,2.9099329,4,296
13635,ds005293,sub-073,ds005293__sub-073,5,4.5,2.0,2.925228,5,296
13636,ds005293,sub-073,ds005293__sub-073,6,2.25,2.0,2.9481635,6,296
13637,ds005293,sub-073,ds005293__sub-073,7,2.25,2.25,2.9850698,7,296
13638,ds005293,sub-073,ds005293__sub-073,8,2.25,2.25,3.0238094,8,296
13639,ds005293,sub-073,ds005293__sub-073,9,3.0,2.25,3.0554576,9,296
13640,ds005293,sub-073,ds005293__sub-073,10,3.0,2.25,3.083322,10,296
13641,ds005293,sub-073,ds005293__sub-073,11,2.25,2.25,3.1125145,11,296
13642,ds005293,sub-073,ds005293__sub-073,12,3.75,2.25,3.1346045,12,296
13643,ds005293,sub-073,ds005293__sub-073,13,3.0,2.25,3.1559167,8,296
13644,ds005293,sub-073,ds005293__sub-073,14,3.0,2.25,3.1739628,9,296
13645,ds005293,sub-073,ds005293__sub-073,15,3.75,4.5,3.1971002,10,296
13646,ds005293,sub-073,ds005293__sub-073,16,3.75,4.5,3.205191,11,296
13647,ds005293,sub-073,ds005293__sub-073,17,4.5,4.5,3.2242508,12,296
13648,ds005293,sub-073,ds005293__sub-073,18,3.75,4.5,3.2281988,13,296
13649,ds005293,sub-073,ds005293__sub-073,19,4.5,4.5,3.2588298,14,296
13650,ds005293,sub-073,ds005293__sub-073,20,2.25,4.5,3.304914,15,296
13651,ds005293,sub-073,ds005293__sub-073,21,3.0,4.5,3.3020685,15,296
13652,ds005293,sub-073,ds005293__sub-073,22,2.25,4.5,3.2767394,15,296
13653,ds005293,sub-073,ds005293__sub-073,23,2.25,4.5,3.2419653,15,296
13654,ds005293,sub-073,ds005293__sub-073,24,3.0,4.5,3.234009,14,296
13655,ds005293,sub-073,ds005293__sub-073,25,2.25,4.5,3.2492206,15,296
13656,ds005293,sub-073,ds005293__sub-073,26,3.75,4.5,3.2865775,15,296
13657,ds005293,sub-073,ds005293__sub-073,27,3.0,4.5,3.3005223,15,296
13658,ds005293,sub-073,ds005293__sub-073,28,3.75,4.5,3.3165658,15,296
13659,ds005293,sub-073,ds005293__sub-073,29,3.0,4.5,3.33032,15,296
13660,ds005293,sub-073,ds005293__sub-073,30,3.0,4.5,3.2646763,15,296
13661,ds005293,sub-073,ds005293__sub-073,31,4.5,4.5,3.2804327,14,296
13662,ds005293,sub-073,ds005293__sub-073,32,3.0,2.25,3.2116814,15,296
13663,ds005293,sub-073,ds005293__sub-073,33,4.5,4.5,3.2049608,14,296
13664,ds005293,sub-073,ds005293__sub-073,34,4.5,4.5,3.226853,15,296
13665,ds005293,sub-073,ds005293__sub-073,35,3.75,4.5,3.2355156,15,296
13666,ds005293,sub-073,ds005293__sub-073,36,3.75,4.5,3.2359204,15,296
13667,ds005293,sub-073,ds005293__sub-073,37,2.25,4.5,3.2318501,15,296
13668,ds005293,sub-073,ds005293__sub-073,38,2.25,4.5,3.2260847,15,296
13669,ds005293,sub-073,ds005293__sub-073,39,3.75,2.25,3.2004752,14,296
13670,ds005293,sub-073,ds005293__sub-073,40,4.5,2.25,3.1873724,15,296
13671,ds005293,sub-073,ds005293__sub-073,41,2.25,2.25,3.1834474,15,296
13672,ds005293,sub-073,ds005293__sub-073,42,2.25,2.25,3.1618748,15,296
13673,ds005293,sub-073,ds005293__sub-073,43,2.25,2.25,3.1603136,15,296
13674,ds005293,sub-073,ds005293__sub-073,44,3.0,2.25,3.1555054,15,296
13675,ds005293,sub-073,ds005293__sub-073,45,3.0,2.25,3.1447272,14,296
13676,ds005293,sub-073,ds005293__sub-073,46,2.25,2.25,3.167265,15,296
13677,ds005293,sub-073,ds005293__sub-073,47,3.75,2.25,3.1716447,15,296
13678,ds005293,sub-073,ds005293__sub-073,48,3.0,2.25,3.1689618,15,296
13679,ds005293,sub-073,ds005293__sub-073,49,3.0,2.25,3.1795783,15,296
13680,ds005293,sub-073,ds005293__sub-073,50,3.75,4.5,3.2279282,14,296
13681,ds005293,sub-073,ds005293__sub-073,51,3.75,4.5,3.2220237,15,296
13682,ds005293,sub-073,ds005293__sub-073,52,4.5,4.5,3.2332916,15,296
13683,ds005293,sub-073,ds005293__sub-073,53,3.75,4.5,3.2544858,14,296
13684,ds005293,sub-073,ds005293__sub-073,54,4.5,4.5,3.2864857,15,296
13685,ds005293,sub-073,ds005293__sub-073,55,2.25,4.5,3.3014674,15,296
13686,ds005293,sub-073,ds005293__sub-073,56,4.5,4.5,3.3539784,15,296
13687,ds005293,sub-073,ds005293__sub-073,57,3.0,4.5,3.3871489,14,296
13688,ds005293,sub-073,ds005293__sub-073,58,2.25,4.5,3.3862991,15,296
13689,ds005293,sub-073,ds005293__sub-073,59,2.25,4.5,3.3650446,15,296
13690,ds005293,sub-073,ds005293__sub-073,60,3.0,4.5,3.257537,14,296
13691,ds005293,sub-073,ds005293__sub-073,61,2.25,4.5,3.2459805,15,296
13692,ds005293,sub-073,ds005293__sub-073,62,3.75,4.5,3.2318556,15,296
13693,ds005293,sub-073,ds005293__sub-073,63,3.75,4.5,3.2114282,15,296
13694,ds005293,sub-073,ds005293__sub-073,64,4.5,4.5,3.2235553,14,296
13695,ds005293,sub-073,ds005293__sub-073,65,3.0,2.25,3.2049198,15,296
13696,ds005293,sub-073,ds005293__sub-073,66,3.75,2.25,3.1920633,15,296
13697,ds005293,sub-073,ds005293__sub-073,67,4.5,2.25,3.2140894,14,296
13698,ds005293,sub-073,ds005293__sub-073,68,3.0,4.5,3.2136068,15,296
13699,ds005293,sub-073,ds005293__sub-073,69,3.0,4.5,3.237328,15,296
13700,ds005293,sub-073,ds005293__sub-073,70,3.0,4.5,3.2707987,13,296
13701,ds005293,sub-073,ds005293__sub-073,71,4.5,4.5,3.299028,14,296
13702,ds005293,sub-073,ds005293__sub-073,72,4.5,4.5,3.304584,15,296
13703,ds005293,sub-073,ds005293__sub-073,73,4.5,4.5,3.3186026,15,296
13704,ds005293,sub-074,ds005293__sub-074,0,3.75,3.5,3.5081034,0,297
13705,ds005293,sub-074,ds005293__sub-074,1,3.75,3.5,3.3523145,1,297
13706,ds005293,sub-074,ds005293__sub-074,2,2.25,3.5,3.3671594,2,297
13707,ds005293,sub-074,ds005293__sub-074,3,2.25,3.5,3.30332,3,297
13708,ds005293,sub-074,ds005293__sub-074,4,3.75,3.5,3.2990427,4,297
13709,ds005293,sub-074,ds005293__sub-074,5,4.5,3.5,3.2525713,5,297
13710,ds005293,sub-074,ds005293__sub-074,6,2.25,2.5,3.2075539,6,297
13711,ds005293,sub-074,ds005293__sub-074,7,2.25,2.5,3.168148,7,297
13712,ds005293,sub-074,ds005293__sub-074,8,2.25,2.5,3.1450777,8,297
13713,ds005293,sub-074,ds005293__sub-074,9,3.0,2.5,3.1704135,9,297
13714,ds005293,sub-074,ds005293__sub-074,10,3.0,2.5,3.1881714,8,297
13715,ds005293,sub-074,ds005293__sub-074,11,2.25,2.5,3.189498,9,297
13716,ds005293,sub-074,ds005293__sub-074,12,3.75,2.5,3.2004845,10,297
13717,ds005293,sub-074,ds005293__sub-074,13,3.0,2.5,3.2018108,11,297
13718,ds005293,sub-074,ds005293__sub-074,14,3.0,2.5,3.2018938,12,297
13719,ds005293,sub-074,ds005293__sub-074,15,3.75,2.5,3.2038784,13,297
13720,ds005293,sub-074,ds005293__sub-074,16,3.75,2.5,3.1925478,14,297
13721,ds005293,sub-074,ds005293__sub-074,17,4.5,2.5,3.1872182,15,297
13722,ds005293,sub-074,ds005293__sub-074,18,3.75,2.5,3.1845942,15,297
13723,ds005293,sub-074,ds005293__sub-074,19,4.5,2.5,3.180987,15,297
13724,ds005293,sub-074,ds005293__sub-074,20,2.25,2.5,3.1832833,15,297
13725,ds005293,sub-074,ds005293__sub-074,21,4.5,2.5,3.174817,14,297
13726,ds005293,sub-074,ds005293__sub-074,22,3.0,2.5,3.181327,15,297
13727,ds005293,sub-074,ds005293__sub-074,23,2.25,2.5,3.1785812,10,297
13728,ds005293,sub-074,ds005293__sub-074,24,2.25,3.5,3.1852212,14,297
13729,ds005293,sub-074,ds005293__sub-074,25,3.0,3.5,3.191725,15,297
13730,ds005293,sub-074,ds005293__sub-074,26,2.25,3.75,3.184183,13,297
13731,ds005293,sub-074,ds005293__sub-074,27,3.75,3.75,3.1854699,14,297
13732,ds005293,sub-074,ds005293__sub-074,28,3.75,3.75,3.1900935,15,297
13733,ds005293,sub-074,ds005293__sub-074,29,4.5,3.75,3.1944702,15,297
13734,ds005293,sub-074,ds005293__sub-074,30,3.0,3.75,3.1876345,11,297
13735,ds005293,sub-074,ds005293__sub-074,31,3.75,3.75,3.1992276,15,297
13736,ds005293,sub-074,ds005293__sub-074,32,4.5,2.5,3.1963472,13,297
13737,ds005293,sub-074,ds005293__sub-074,33,3.0,2.5,3.1920347,12,297
13738,ds005293,sub-074,ds005293__sub-074,34,3.0,2.5,3.1766093,13,297
13739,ds005293,sub-074,ds005293__sub-074,35,4.5,2.5,3.1909418,11,297
13740,ds005293,sub-074,ds005293__sub-074,36,3.0,2.5,3.19035,12,297
13741,ds005293,sub-074,ds005293__sub-074,37,4.5,3.75,3.1960154,5,297
13742,ds005293,sub-074,ds005293__sub-074,38,4.5,3.75,3.1991732,14,297
13743,ds005293,sub-074,ds005293__sub-074,39,4.5,3.75,3.2046232,15,297
13744,ds005293,sub-074,ds005293__sub-074,40,3.75,3.75,3.2010643,8,297
13745,ds005293,sub-074,ds005293__sub-074,41,3.75,3.75,3.2089334,9,297
13746,ds005293,sub-074,ds005293__sub-074,42,2.25,3.75,3.2181883,10,297
13747,ds005293,sub-074,ds005293__sub-074,43,2.25,3.75,3.2146494,11,297
13748,ds005293,sub-074,ds005293__sub-074,44,3.75,3.75,3.1970227,12,297
13749,ds005293,sub-074,ds005293__sub-074,45,4.5,3.75,3.2080247,13,297
13750,ds005293,sub-074,ds005293__sub-074,46,2.25,3.75,3.2013698,14,297
13751,ds005293,sub-074,ds005293__sub-074,47,2.25,3.75,3.2031157,15,297
13752,ds005293,sub-074,ds005293__sub-074,48,2.25,3.75,3.2089233,14,297
13753,ds005293,sub-074,ds005293__sub-074,49,3.0,3.75,3.217976,15,297
13754,ds005293,sub-074,ds005293__sub-074,50,3.0,3.75,3.2093632,12,297
13755,ds005293,sub-074,ds005293__sub-074,51,2.25,3.75,3.214932,13,297
13756,ds005293,sub-074,ds005293__sub-074,52,3.75,3.75,3.206772,14,297
13757,ds005293,sub-074,ds005293__sub-074,53,3.0,3.75,3.2122808,15,297
13758,ds005293,sub-074,ds005293__sub-074,54,3.0,3.75,3.2184634,15,297
13759,ds005293,sub-074,ds005293__sub-074,55,3.75,3.75,3.2221594,14,297
13760,ds005293,sub-074,ds005293__sub-074,56,3.75,3.75,3.233209,12,297
13761,ds005293,sub-074,ds005293__sub-074,57,4.5,3.75,3.2308993,13,297
13762,ds005293,sub-074,ds005293__sub-074,58,3.75,3.75,3.2415967,14,297
13763,ds005293,sub-074,ds005293__sub-074,59,4.5,3.75,3.2256374,15,297
13764,ds005293,sub-074,ds005293__sub-074,60,2.25,3.5,3.2207727,12,297
13765,ds005293,sub-074,ds005293__sub-074,61,4.5,3.5,3.2137322,13,297
13766,ds005293,sub-074,ds005293__sub-074,62,3.0,3.5,3.1929927,12,297
13767,ds005293,sub-074,ds005293__sub-074,63,2.25,3.5,3.1844828,12,297
13768,ds005293,sub-074,ds005293__sub-074,64,2.25,3.5,3.175217,7,297
13769,ds005293,sub-074,ds005293__sub-074,65,3.0,3.5,3.1803012,8,297
13770,ds005293,sub-074,ds005293__sub-074,66,2.25,3.75,3.1828375,9,297
13771,ds005293,sub-074,ds005293__sub-074,67,3.75,3.75,3.1866717,8,297
13772,ds005293,sub-074,ds005293__sub-074,68,3.75,3.75,3.1916595,9,297
13773,ds005293,sub-074,ds005293__sub-074,69,4.5,3.75,3.1936157,10,297
13774,ds005293,sub-074,ds005293__sub-074,70,3.0,3.75,3.185206,11,297
13775,ds005293,sub-074,ds005293__sub-074,71,3.75,3.75,3.180727,12,297
13776,ds005293,sub-074,ds005293__sub-074,72,4.5,3.75,3.1898866,13,297
13777,ds005293,sub-074,ds005293__sub-074,73,3.0,3.75,3.1724868,14,297
13778,ds005293,sub-074,ds005293__sub-074,74,3.0,3.0,3.1586528,13,297
13779,ds005293,sub-074,ds005293__sub-074,75,4.5,3.75,3.1551814,12,297
13780,ds005293,sub-074,ds005293__sub-074,76,3.0,3.0,3.1610558,13,297
13781,ds005293,sub-074,ds005293__sub-074,77,4.5,3.75,3.1945095,15,297
13782,ds005293,sub-074,ds005293__sub-074,78,4.5,3.75,3.195774,15,297
13783,ds005293,sub-075,ds005293__sub-075,0,3.75,3.75,3.6509166,0,298
13784,ds005293,sub-075,ds005293__sub-075,1,3.75,3.75,3.1413257,1,298
13785,ds005293,sub-075,ds005293__sub-075,2,2.25,2.0,2.2453475,2,298
13786,ds005293,sub-075,ds005293__sub-075,3,2.25,2.0,2.2083826,3,298
13787,ds005293,sub-075,ds005293__sub-075,4,3.75,2.0,2.2078419,4,298
13788,ds005293,sub-075,ds005293__sub-075,5,4.5,2.0,2.224051,5,298
13789,ds005293,sub-075,ds005293__sub-075,6,2.25,2.0,2.1927285,6,298
13790,ds005293,sub-075,ds005293__sub-075,7,2.25,2.0,2.1917384,7,298
13791,ds005293,sub-075,ds005293__sub-075,8,2.25,2.0,2.2514706,8,298
13792,ds005293,sub-075,ds005293__sub-075,9,3.0,2.0,2.373187,9,298
13793,ds005293,sub-075,ds005293__sub-075,10,3.0,2.5,2.6009197,10,298
13794,ds005293,sub-075,ds005293__sub-075,11,2.25,2.5,2.8546987,11,298
13795,ds005293,sub-075,ds005293__sub-075,12,3.75,2.5,2.9674032,12,298
13796,ds005293,sub-075,ds005293__sub-075,13,3.0,2.5,3.014146,13,298
13797,ds005293,sub-075,ds005293__sub-075,14,3.0,2.5,3.1109376,14,298
13798,ds005293,sub-075,ds005293__sub-075,15,3.75,2.5,3.2315922,15,298
13799,ds005293,sub-075,ds005293__sub-075,16,3.75,2.5,3.2238865,15,298
13800,ds005293,sub-075,ds005293__sub-075,17,4.5,2.5,3.3337426,13,298
13801,ds005293,sub-075,ds005293__sub-075,18,3.75,4.0,3.413405,14,298
13802,ds005293,sub-075,ds005293__sub-075,19,2.25,4.0,3.4080138,14,298
13803,ds005293,sub-075,ds005293__sub-075,20,4.5,4.0,3.4118316,15,298
13804,ds005293,sub-075,ds005293__sub-075,21,3.0,4.0,3.5191376,15,298
13805,ds005293,sub-075,ds005293__sub-075,22,2.25,4.0,3.4520783,14,298
13806,ds005293,sub-075,ds005293__sub-075,23,2.25,4.0,3.3921354,15,298
13807,ds005293,sub-075,ds005293__sub-075,24,2.25,4.0,3.3264253,15,298
13808,ds005293,sub-075,ds005293__sub-075,25,3.75,2.5,3.227334,8,298
13809,ds005293,sub-075,ds005293__sub-075,26,4.5,3.75,3.2772365,9,298
13810,ds005293,sub-075,ds005293__sub-075,27,3.0,3.75,3.3910387,10,298
13811,ds005293,sub-075,ds005293__sub-075,28,3.0,3.75,3.3791611,11,298
13812,ds005293,sub-075,ds005293__sub-075,29,3.0,3.75,3.382256,14,298
13813,ds005293,sub-075,ds005293__sub-075,30,3.0,3.75,3.365402,15,298
13814,ds005293,sub-075,ds005293__sub-075,31,4.5,4.5,3.42037,13,298
13815,ds005293,sub-075,ds005293__sub-075,32,4.5,3.75,3.4564078,15,298
13816,ds005293,sub-075,ds005293__sub-075,33,3.75,4.5,3.428225,14,298
13817,ds005293,sub-075,ds005293__sub-075,34,3.75,2.25,3.2883732,15,298
13818,ds005293,sub-075,ds005293__sub-075,35,2.25,2.25,3.1660907,14,298
13819,ds005293,sub-075,ds005293__sub-075,36,2.25,2.25,3.0929887,13,298
13820,ds005293,sub-075,ds005293__sub-075,37,3.75,2.25,3.1572125,13,298
13821,ds005293,sub-075,ds005293__sub-075,38,2.25,3.75,3.2276857,14,298
13822,ds005293,sub-075,ds005293__sub-075,39,2.25,3.75,3.3255043,15,298
13823,ds005293,sub-075,ds005293__sub-075,40,2.25,3.75,3.4224997,14,298
13824,ds005293,sub-075,ds005293__sub-075,41,2.25,3.75,3.4030302,15,298
13825,ds005293,sub-075,ds005293__sub-075,42,3.75,3.75,3.5426178,15,298
13826,ds005293,sub-075,ds005293__sub-075,43,3.0,3.75,3.583583,15,298
13827,ds005293,sub-075,ds005293__sub-075,44,3.0,3.75,3.5761566,15,298
13828,ds005293,sub-075,ds005293__sub-075,45,3.75,3.75,3.5969195,15,298
13829,ds005293,sub-075,ds005293__sub-075,46,3.75,3.75,3.242452,15,298
13830,ds005293,sub-075,ds005293__sub-075,47,4.5,2.5,3.1383486,14,298
13831,ds005293,sub-075,ds005293__sub-075,48,3.75,2.5,3.1320097,15,298
13832,ds005293,sub-075,ds005293__sub-075,49,4.5,2.5,3.2422357,12,298
13833,ds005293,sub-075,ds005293__sub-075,50,2.25,4.5,3.292033,12,298
13834,ds005293,sub-075,ds005293__sub-075,51,2.25,4.5,3.3115816,14,298
13835,ds005293,sub-075,ds005293__sub-075,52,2.25,4.5,3.3050048,13,298
13836,ds005293,sub-075,ds005293__sub-075,53,3.0,2.25,3.2168877,14,298
13837,ds005293,sub-075,ds005293__sub-075,54,2.25,3.75,3.3055983,15,298
13838,ds005293,sub-075,ds005293__sub-075,55,3.75,3.75,3.3198524,14,298
13839,ds005293,sub-075,ds005293__sub-075,56,3.75,3.75,3.4228263,15,298
13840,ds005293,sub-075,ds005293__sub-075,57,4.5,3.75,3.5223546,13,298
13841,ds005293,sub-075,ds005293__sub-075,58,3.0,3.75,3.5669348,14,298
13842,ds005293,sub-075,ds005293__sub-075,59,4.5,3.75,3.6358814,15,298
13843,ds005293,sub-075,ds005293__sub-075,60,3.0,3.75,3.648745,14,298
13844,ds005293,sub-075,ds005293__sub-075,61,3.0,3.75,3.654914,15,298
13845,ds005293,sub-075,ds005293__sub-075,62,3.0,3.75,3.5847845,15,298
13846,ds005293,sub-075,ds005293__sub-075,63,4.5,4.5,3.4132257,14,298
13847,ds005293,sub-076,ds005293__sub-076,0,3.75,3.5,3.6056519,0,299
13848,ds005293,sub-076,ds005293__sub-076,1,3.75,4.0,3.6339011,1,299
13849,ds005293,sub-076,ds005293__sub-076,2,2.25,4.0,3.532719,2,299
13850,ds005293,sub-076,ds005293__sub-076,3,2.25,3.5,3.1878061,3,299
13851,ds005293,sub-076,ds005293__sub-076,4,3.75,4.0,3.1128278,4,299
13852,ds005293,sub-076,ds005293__sub-076,5,4.5,3.5,3.0707777,5,299
13853,ds005293,sub-076,ds005293__sub-076,6,2.25,3.5,3.0640497,6,299
13854,ds005293,sub-076,ds005293__sub-076,7,2.25,3.5,3.0754,7,299
13855,ds005293,sub-076,ds005293__sub-076,8,2.25,3.5,3.0922003,8,299
13856,ds005293,sub-076,ds005293__sub-076,9,3.0,2.0,3.1219773,9,299
13857,ds005293,sub-076,ds005293__sub-076,10,3.0,2.0,3.142488,10,299
13858,ds005293,sub-076,ds005293__sub-076,11,2.25,2.0,3.161867,11,299
13859,ds005293,sub-076,ds005293__sub-076,12,3.75,4.5,3.1761813,12,299
13860,ds005293,sub-076,ds005293__sub-076,13,3.0,4.5,3.1961272,13,299
13861,ds005293,sub-076,ds005293__sub-076,14,3.0,4.5,3.2106166,14,299
13862,ds005293,sub-076,ds005293__sub-076,15,3.75,4.5,3.2387056,15,299
13863,ds005293,sub-076,ds005293__sub-076,16,3.75,4.5,3.2734952,15,299
13864,ds005293,sub-076,ds005293__sub-076,17,4.5,4.5,3.302805,15,299
13865,ds005293,sub-076,ds005293__sub-076,18,3.75,4.5,3.3048587,14,299
13866,ds005293,sub-076,ds005293__sub-076,19,4.5,4.5,3.2986033,14,299
13867,ds005293,sub-076,ds005293__sub-076,20,2.25,4.5,3.3186927,15,299
13868,ds005293,sub-076,ds005293__sub-076,21,4.5,4.5,3.3633032,14,299
13869,ds005293,sub-076,ds005293__sub-076,22,3.0,4.5,3.3368278,14,299
13870,ds005293,sub-076,ds005293__sub-076,23,2.25,4.5,3.3366435,15,299
13871,ds005293,sub-076,ds005293__sub-076,24,2.25,4.5,3.3384438,14,299
13872,ds005293,sub-076,ds005293__sub-076,25,3.0,4.5,3.3353033,15,299
13873,ds005293,sub-076,ds005293__sub-076,26,2.25,4.5,3.3085957,15,299
13874,ds005293,sub-076,ds005293__sub-076,27,3.75,4.5,3.3148754,15,299
13875,ds005293,sub-076,ds005293__sub-076,28,3.75,4.5,3.3245316,15,299
13876,ds005293,sub-076,ds005293__sub-076,29,4.5,4.5,3.3269873,15,299
13877,ds005293,sub-076,ds005293__sub-076,30,3.0,4.5,3.3323538,14,299
13878,ds005293,sub-076,ds005293__sub-076,31,3.75,4.5,3.2534394,14,299
13879,ds005293,sub-076,ds005293__sub-076,32,4.5,4.5,3.251819,15,299
13880,ds005293,sub-076,ds005293__sub-076,33,3.0,4.5,3.2755425,12,299
13881,ds005293,sub-076,ds005293__sub-076,34,3.0,4.5,3.2738848,14,299
13882,ds005293,sub-076,ds005293__sub-076,35,3.0,4.5,3.2814128,15,299
13883,ds005293,sub-076,ds005293__sub-076,36,4.5,4.5,3.3220112,15,299
13884,ds005293,sub-076,ds005293__sub-076,37,3.75,4.5,3.3334992,15,299
13885,ds005293,sub-076,ds005293__sub-076,38,3.75,4.5,3.26506,14,299
13886,ds005293,sub-076,ds005293__sub-076,39,2.25,4.5,3.2489347,14,299
13887,ds005293,sub-076,ds005293__sub-076,40,2.25,4.5,3.220559,15,299
13888,ds005293,sub-076,ds005293__sub-076,41,3.75,4.5,3.2453928,14,299
13889,ds005293,sub-076,ds005293__sub-076,42,4.5,4.5,3.2190409,15,299
13890,ds005293,sub-076,ds005293__sub-076,43,2.25,4.5,3.2237995,15,299
13891,ds005293,sub-076,ds005293__sub-076,44,2.25,4.5,3.2283897,15,299
13892,ds005293,sub-076,ds005293__sub-076,45,2.25,4.5,3.2364743,13,299
13893,ds005293,sub-076,ds005293__sub-076,46,3.0,4.5,3.2337263,14,299
13894,ds005293,sub-076,ds005293__sub-076,47,3.0,4.5,3.2399492,15,299
13895,ds005293,sub-076,ds005293__sub-076,48,2.25,4.5,3.2523718,15,299
13896,ds005293,sub-076,ds005293__sub-076,49,3.75,4.5,3.270723,15,299
13897,ds005293,sub-076,ds005293__sub-076,50,3.0,4.5,3.2264085,14,299
13898,ds005293,sub-076,ds005293__sub-076,51,3.0,4.5,3.2217894,15,299
13899,ds005293,sub-076,ds005293__sub-076,52,3.75,4.5,3.2444863,14,299
13900,ds005293,sub-076,ds005293__sub-076,53,3.75,4.5,3.268225,15,299
13901,ds005293,sub-076,ds005293__sub-076,54,4.5,4.5,3.2949505,14,299
13902,ds005293,sub-076,ds005293__sub-076,55,3.75,4.5,3.258184,14,299
13903,ds005293,sub-076,ds005293__sub-076,56,4.5,4.5,3.250628,15,299
13904,ds005293,sub-076,ds005293__sub-076,57,2.25,4.5,3.270988,15,299
13905,ds005293,sub-076,ds005293__sub-076,58,4.5,4.5,3.2819355,14,299
13906,ds005293,sub-076,ds005293__sub-076,59,3.0,4.5,3.263966,15,299
13907,ds005293,sub-076,ds005293__sub-076,60,2.25,4.5,3.2946167,14,299
13908,ds005293,sub-076,ds005293__sub-076,61,2.25,4.5,3.2703323,15,299
13909,ds005293,sub-076,ds005293__sub-076,62,3.0,4.5,3.2625937,15,299
13910,ds005293,sub-076,ds005293__sub-076,63,2.25,4.5,3.2641025,15,299
13911,ds005293,sub-076,ds005293__sub-076,64,3.75,4.5,3.2452416,10,299
13912,ds005293,sub-076,ds005293__sub-076,65,3.75,4.5,3.233289,11,299
13913,ds005293,sub-076,ds005293__sub-076,66,4.5,3.5,3.2319825,12,299
13914,ds005293,sub-076,ds005293__sub-076,67,3.0,4.5,3.2266898,15,299
13915,ds005293,sub-076,ds005293__sub-076,68,3.75,4.5,3.2431831,14,299
13916,ds005293,sub-076,ds005293__sub-076,69,4.5,4.5,3.2586234,15,299
13917,ds005293,sub-076,ds005293__sub-076,70,3.0,4.5,3.253661,12,299
13918,ds005293,sub-076,ds005293__sub-076,71,3.0,4.5,3.2427478,11,299
13919,ds005293,sub-076,ds005293__sub-076,72,4.5,4.5,3.2660093,12,299
13920,ds005293,sub-076,ds005293__sub-076,73,3.0,4.5,3.2751267,13,299
13921,ds005293,sub-076,ds005293__sub-076,74,4.5,4.5,3.2955163,14,299
13922,ds005293,sub-076,ds005293__sub-076,75,4.5,4.5,3.3195703,15,299
13923,ds005293,sub-076,ds005293__sub-076,76,4.5,4.5,3.3436146,15,299
13924,ds005293,sub-077,ds005293__sub-077,0,3.75,3.75,3.7272694,0,300
13925,ds005293,sub-077,ds005293__sub-077,1,3.75,3.75,3.4122791,1,300
13926,ds005293,sub-077,ds005293__sub-077,2,2.25,2.0,2.2525215,2,300
13927,ds005293,sub-077,ds005293__sub-077,3,2.25,2.0,2.2725809,3,300
13928,ds005293,sub-077,ds005293__sub-077,4,3.75,2.25,2.3515306,4,300
13929,ds005293,sub-077,ds005293__sub-077,5,4.5,2.25,2.4182634,5,300
13930,ds005293,sub-077,ds005293__sub-077,6,2.25,2.25,2.3464942,6,300
13931,ds005293,sub-077,ds005293__sub-077,7,2.25,2.0,2.3044071,7,300
13932,ds005293,sub-077,ds005293__sub-077,8,2.25,2.25,2.3530116,8,300
13933,ds005293,sub-077,ds005293__sub-077,9,3.0,2.25,2.423588,9,300
13934,ds005293,sub-077,ds005293__sub-077,10,3.0,2.0,2.5090296,10,300
13935,ds005293,sub-077,ds005293__sub-077,11,2.25,2.0,2.5517955,11,300
13936,ds005293,sub-077,ds005293__sub-077,12,3.75,3.75,3.1037605,0,300
13937,ds005293,sub-077,ds005293__sub-077,13,3.0,3.75,3.2609172,1,300
13938,ds005293,sub-077,ds005293__sub-077,14,3.0,3.75,3.3289685,2,300
13939,ds005293,sub-077,ds005293__sub-077,15,3.75,3.75,3.3189745,3,300
13940,ds005293,sub-077,ds005293__sub-077,16,3.75,3.75,3.4696379,0,300
13941,ds005293,sub-077,ds005293__sub-077,17,4.5,4.5,3.6199718,0,300
13942,ds005293,sub-077,ds005293__sub-077,18,3.75,3.75,3.2963228,1,300
13943,ds005293,sub-077,ds005293__sub-077,19,4.5,2.5,3.094031,3,300
13944,ds005293,sub-077,ds005293__sub-077,20,2.25,2.5,3.033641,3,300
13945,ds005293,sub-077,ds005293__sub-077,21,4.5,2.25,3.108934,9,300
13946,ds005293,sub-077,ds005293__sub-077,22,3.0,2.25,3.0075557,10,300
13947,ds005293,sub-077,ds005293__sub-077,23,2.25,2.25,2.8738163,11,300
13948,ds005293,sub-077,ds005293__sub-077,24,2.25,2.25,2.8681695,12,300
13949,ds005293,sub-077,ds005293__sub-077,25,3.0,2.25,2.9085886,13,300
13950,ds005293,sub-077,ds005293__sub-077,26,2.25,2.25,2.8667073,14,300
13951,ds005293,sub-077,ds005293__sub-077,27,3.75,2.25,2.8730788,15,300
13952,ds005293,sub-077,ds005293__sub-077,28,3.75,3.75,3.3670657,0,300
13953,ds005293,sub-077,ds005293__sub-077,29,4.5,3.75,3.5421548,1,300
13954,ds005293,sub-077,ds005293__sub-077,30,3.0,3.75,3.4978068,2,300
13955,ds005293,sub-077,ds005293__sub-077,31,3.75,4.5,3.515418,3,300
13956,ds005293,sub-077,ds005293__sub-077,32,4.5,4.5,3.5988202,4,300
13957,ds005293,sub-077,ds005293__sub-077,33,3.0,4.5,3.4688907,5,300
13958,ds005293,sub-077,ds005293__sub-077,34,3.0,4.5,3.288803,6,300
13959,ds005293,sub-077,ds005293__sub-077,35,4.5,4.5,3.01111,14,300
13960,ds005293,sub-077,ds005293__sub-077,36,3.0,2.0,2.5938685,15,300
13961,ds005293,sub-077,ds005293__sub-077,37,4.5,2.0,2.60562,15,300
13962,ds005293,sub-077,ds005293__sub-077,38,4.5,2.0,2.5653338,10,300
13963,ds005293,sub-077,ds005293__sub-077,39,4.5,2.0,2.5696704,12,300
13964,ds005293,sub-077,ds005293__sub-077,40,3.75,2.0,2.5524294,13,300
13965,ds005293,sub-077,ds005293__sub-077,41,3.75,2.0,2.5010877,14,300
13966,ds005293,sub-077,ds005293__sub-077,42,2.25,2.0,2.4395626,14,300
13967,ds005293,sub-077,ds005293__sub-077,43,2.25,2.0,2.404964,15,300
13968,ds005293,sub-077,ds005293__sub-077,44,3.75,2.0,2.4269779,15,300
13969,ds005293,sub-077,ds005293__sub-077,45,4.5,2.0,2.48119,13,300
13970,ds005293,sub-077,ds005293__sub-077,46,2.25,2.0,2.4744716,15,300
13971,ds005293,sub-077,ds005293__sub-077,47,2.25,2.0,2.5181808,15,300
13972,ds005293,sub-077,ds005293__sub-077,48,2.25,2.0,2.5648298,14,300
13973,ds005293,sub-077,ds005293__sub-077,49,3.0,2.0,2.7632017,0,300
13974,ds005293,sub-077,ds005293__sub-077,50,3.0,2.0,2.8131251,1,300
13975,ds005293,sub-077,ds005293__sub-077,51,2.25,2.5,2.8578625,2,300
13976,ds005293,sub-077,ds005293__sub-077,52,3.75,2.5,2.9650004,3,300
13977,ds005293,sub-077,ds005293__sub-077,53,3.0,2.5,2.9256632,0,300
13978,ds005293,sub-077,ds005293__sub-077,54,3.0,2.5,3.0333638,1,300
13979,ds005293,sub-077,ds005293__sub-077,55,3.75,3.75,3.3110108,0,300
13980,ds005293,sub-077,ds005293__sub-077,56,3.75,4.5,3.61102,0,300
13981,ds005293,sub-077,ds005293__sub-077,57,4.5,4.5,3.7260058,1,300
13982,ds005293,sub-077,ds005293__sub-077,58,3.75,4.5,3.60103,1,300
13983,ds005293,sub-077,ds005293__sub-077,59,4.5,2.5,3.2803526,2,300
13984,ds005293,sub-077,ds005293__sub-077,60,2.25,2.5,3.0746655,3,300
13985,ds005293,sub-077,ds005293__sub-077,61,4.5,2.0,2.9245038,12,300
13986,ds005293,sub-077,ds005293__sub-077,62,3.0,2.0,2.9296355,9,300
13987,ds005293,sub-077,ds005293__sub-077,63,2.25,2.0,2.8738089,10,300
13988,ds005293,sub-077,ds005293__sub-077,64,2.25,2.0,2.8723125,12,300
13989,ds005293,sub-077,ds005293__sub-077,65,3.0,2.0,2.8325374,12,300
13990,ds005293,sub-077,ds005293__sub-077,66,2.25,2.5,2.995249,13,300
13991,ds005293,sub-077,ds005293__sub-077,67,3.75,2.5,3.1362994,0,300
13992,ds005293,sub-077,ds005293__sub-077,68,3.75,3.75,3.604488,0,300
13993,ds005293,sub-077,ds005293__sub-077,69,4.5,3.75,3.6446927,0,300
13994,ds005293,sub-077,ds005293__sub-077,70,3.0,3.75,3.5602765,1,300
13995,ds005293,sub-077,ds005293__sub-077,71,3.75,4.5,3.6489925,2,300
13996,ds005293,sub-077,ds005293__sub-077,72,4.5,4.5,3.7053406,3,300
13997,ds005293,sub-077,ds005293__sub-077,73,3.0,4.5,3.6525173,4,300
13998,ds005293,sub-077,ds005293__sub-077,74,3.0,4.5,3.5374317,5,300
13999,ds005293,sub-077,ds005293__sub-077,75,4.5,4.5,3.4085746,6,300
14000,ds005293,sub-077,ds005293__sub-077,76,3.0,4.5,3.2968678,7,300
14001,ds005293,sub-077,ds005293__sub-077,77,4.5,4.5,3.2964387,8,300
14002,ds005293,sub-077,ds005293__sub-077,78,4.5,4.5,3.233716,9,300
14003,ds005293,sub-077,ds005293__sub-077,79,4.5,4.5,3.1223788,11,300
14004,ds005293,sub-078,ds005293__sub-078,0,3.75,3.75,3.6536713,0,301
14005,ds005293,sub-078,ds005293__sub-078,1,3.75,4.0,3.6294925,1,301
14006,ds005293,sub-078,ds005293__sub-078,2,2.25,4.0,3.2502484,2,301
14007,ds005293,sub-078,ds005293__sub-078,3,2.25,2.0,2.920371,3,301
14008,ds005293,sub-078,ds005293__sub-078,4,3.75,2.0,2.9207754,4,301
14009,ds005293,sub-078,ds005293__sub-078,5,4.5,2.0,2.9547544,5,301
14010,ds005293,sub-078,ds005293__sub-078,6,2.25,2.0,2.8850532,6,301
14011,ds005293,sub-078,ds005293__sub-078,7,2.25,2.0,2.8121872,7,301
14012,ds005293,sub-078,ds005293__sub-078,8,2.25,2.0,2.8906999,8,301
14013,ds005293,sub-078,ds005293__sub-078,9,3.0,2.0,2.908033,9,301
14014,ds005293,sub-078,ds005293__sub-078,10,3.0,2.5,2.961245,10,301
14015,ds005293,sub-078,ds005293__sub-078,11,2.25,2.5,3.0122662,11,301
14016,ds005293,sub-078,ds005293__sub-078,12,3.75,2.5,3.192286,12,301
14017,ds005293,sub-078,ds005293__sub-078,13,3.0,2.5,3.2413278,13,301
14018,ds005293,sub-078,ds005293__sub-078,14,3.0,4.5,3.322431,14,301
14019,ds005293,sub-078,ds005293__sub-078,15,3.75,4.5,3.351172,15,301
14020,ds005293,sub-078,ds005293__sub-078,16,3.75,4.5,3.3492715,15,301
14021,ds005293,sub-078,ds005293__sub-078,17,4.5,4.5,3.3595672,15,301
14022,ds005293,sub-078,ds005293__sub-078,18,3.75,4.5,3.3008308,14,301
14023,ds005293,sub-078,ds005293__sub-078,19,2.25,3.5,3.2995505,14,301
14024,ds005293,sub-078,ds005293__sub-078,20,4.5,4.5,3.3142624,13,301
14025,ds005293,sub-078,ds005293__sub-078,21,3.0,4.5,3.3379219,15,301
14026,ds005293,sub-078,ds005293__sub-078,22,2.25,4.5,3.337546,14,301
14027,ds005293,sub-078,ds005293__sub-078,23,2.25,4.0,3.3751824,15,301
14028,ds005293,sub-078,ds005293__sub-078,24,3.0,4.0,3.4016469,15,301
14029,ds005293,sub-078,ds005293__sub-078,25,2.25,4.0,3.3774152,15,301
14030,ds005293,sub-078,ds005293__sub-078,26,3.75,4.5,3.3173208,14,301
14031,ds005293,sub-078,ds005293__sub-078,27,3.75,2.5,3.2548633,15,301
14032,ds005293,sub-078,ds005293__sub-078,28,4.5,2.5,3.287651,15,301
14033,ds005293,sub-078,ds005293__sub-078,29,3.0,2.5,3.1682663,15,301
14034,ds005293,sub-078,ds005293__sub-078,30,4.5,2.5,3.0860386,15,301
14035,ds005293,sub-078,ds005293__sub-078,31,3.0,2.5,3.0339983,14,301
14036,ds005293,sub-078,ds005293__sub-078,32,3.0,2.5,3.0268815,15,301
14037,ds005293,sub-078,ds005293__sub-078,33,4.5,2.5,3.0359926,15,301
14038,ds005293,sub-078,ds005293__sub-078,34,3.0,2.5,3.039967,14,301
14039,ds005293,sub-078,ds005293__sub-078,35,4.5,2.5,3.0603821,15,301
14040,ds005293,sub-078,ds005293__sub-078,36,4.5,2.5,3.1234748,13,301
14041,ds005293,sub-078,ds005293__sub-078,37,4.5,2.5,3.1925035,14,301
14042,ds005293,sub-078,ds005293__sub-078,38,3.75,4.5,3.2877836,8,301
14043,ds005293,sub-078,ds005293__sub-078,39,3.75,3.5,3.3130813,13,301
14044,ds005293,sub-078,ds005293__sub-078,40,2.25,3.5,3.3258407,10,301
14045,ds005293,sub-078,ds005293__sub-078,41,2.25,3.5,3.298753,11,301
14046,ds005293,sub-078,ds005293__sub-078,42,3.75,4.0,3.4441223,12,301
14047,ds005293,sub-078,ds005293__sub-078,43,4.5,4.0,3.4180417,13,301
14048,ds005293,sub-078,ds005293__sub-078,44,2.25,4.5,3.3917065,14,301
14049,ds005293,sub-078,ds005293__sub-078,45,2.25,4.5,3.3268733,12,301
14050,ds005293,sub-078,ds005293__sub-078,46,2.25,4.0,3.3165681,13,301
14051,ds005293,sub-078,ds005293__sub-078,47,3.0,3.5,3.2999125,14,301
14052,ds005293,sub-078,ds005293__sub-078,48,3.0,3.5,3.2676058,15,301
14053,ds005293,sub-078,ds005293__sub-078,49,2.25,3.5,3.2351537,14,301
14054,ds005293,sub-078,ds005293__sub-078,50,3.75,3.5,3.2482796,14,301
14055,ds005293,sub-078,ds005293__sub-078,51,3.0,3.5,3.2771845,15,301
14056,ds005293,sub-078,ds005293__sub-078,52,3.0,3.5,3.3495927,15,301
14057,ds005293,sub-078,ds005293__sub-078,53,3.75,3.5,3.368739,14,301
14058,ds005293,sub-078,ds005293__sub-078,54,3.75,3.5,3.356733,15,301
14059,ds005293,sub-078,ds005293__sub-078,55,4.5,3.5,3.354436,13,301
14060,ds005293,sub-078,ds005293__sub-078,56,3.75,3.5,3.3296528,12,301
14061,ds005293,sub-078,ds005293__sub-078,57,4.5,3.5,3.3160954,13,301
14062,ds005293,sub-078,ds005293__sub-078,58,2.25,3.5,3.2288418,15,301
14063,ds005293,sub-078,ds005293__sub-078,59,4.5,3.5,3.217671,15,301
14064,ds005293,sub-078,ds005293__sub-078,60,3.0,3.5,3.2931118,14,301
14065,ds005293,sub-078,ds005293__sub-078,61,2.25,3.5,3.2720177,15,301
14066,ds005293,sub-078,ds005293__sub-078,62,2.25,2.5,3.217603,14,301
14067,ds005293,sub-078,ds005293__sub-078,63,3.0,2.5,3.210144,14,301
14068,ds005293,sub-078,ds005293__sub-078,64,2.25,4.5,3.2680092,15,301
14069,ds005293,sub-078,ds005293__sub-078,65,3.75,2.5,3.2572155,11,301
14070,ds005293,sub-078,ds005293__sub-078,66,3.75,2.5,3.252233,12,301
14071,ds005293,sub-078,ds005293__sub-078,67,4.5,2.5,3.2718663,13,301
14072,ds005293,sub-078,ds005293__sub-078,68,3.0,2.5,3.2256484,15,301
14073,ds005293,sub-078,ds005293__sub-078,69,3.75,2.5,3.1654642,14,301
14074,ds005293,sub-078,ds005293__sub-078,70,4.5,2.5,3.1614816,15,301
14075,ds005293,sub-078,ds005293__sub-078,71,3.0,2.5,3.184486,12,301
14076,ds005293,sub-078,ds005293__sub-078,72,3.0,2.5,3.1407115,13,301
14077,ds005293,sub-078,ds005293__sub-078,73,4.5,2.5,3.1263509,14,301
14078,ds005293,sub-078,ds005293__sub-078,74,3.0,2.5,3.0896614,15,301
14079,ds005293,sub-078,ds005293__sub-078,75,4.5,2.5,3.0565186,15,301
14080,ds005293,sub-078,ds005293__sub-078,76,4.5,2.5,3.0427723,14,301
14081,ds005293,sub-078,ds005293__sub-078,77,4.5,2.5,2.940418,15,301
14082,ds005293,sub-079,ds005293__sub-079,0,3.75,3.5,3.5238755,0,302
14083,ds005293,sub-079,ds005293__sub-079,1,3.75,3.75,3.6672873,1,302
14084,ds005293,sub-079,ds005293__sub-079,2,2.25,4.0,3.5317266,2,302
14085,ds005293,sub-079,ds005293__sub-079,3,2.25,4.0,3.3029928,3,302
14086,ds005293,sub-079,ds005293__sub-079,4,3.75,4.0,3.054032,4,302
14087,ds005293,sub-079,ds005293__sub-079,5,4.5,4.0,3.0776844,4,302
14088,ds005293,sub-079,ds005293__sub-079,6,2.25,2.25,3.0252733,5,302
14089,ds005293,sub-079,ds005293__sub-079,7,2.25,2.25,3.0348763,6,302
14090,ds005293,sub-079,ds005293__sub-079,8,2.25,2.25,3.058457,7,302
14091,ds005293,sub-079,ds005293__sub-079,9,3.0,2.25,3.1191757,9,302
14092,ds005293,sub-079,ds005293__sub-079,10,3.0,4.0,3.1503472,9,302
14093,ds005293,sub-079,ds005293__sub-079,11,2.25,4.0,3.2038405,10,302
14094,ds005293,sub-079,ds005293__sub-079,12,3.75,4.0,3.2629695,11,302
14095,ds005293,sub-079,ds005293__sub-079,13,3.0,4.0,3.3361137,12,302
14096,ds005293,sub-079,ds005293__sub-079,14,3.0,4.0,3.3658128,13,302
14097,ds005293,sub-079,ds005293__sub-079,15,3.75,4.0,3.4023218,14,302
14098,ds005293,sub-079,ds005293__sub-079,16,3.75,4.0,3.4367163,15,302
14099,ds005293,sub-079,ds005293__sub-079,17,4.5,4.0,3.4501204,14,302
14100,ds005293,sub-079,ds005293__sub-079,18,3.75,4.0,3.4591255,15,302
14101,ds005293,sub-079,ds005293__sub-079,19,4.5,4.0,3.4254327,14,302
14102,ds005293,sub-079,ds005293__sub-079,20,2.25,4.0,3.4452248,15,302
14103,ds005293,sub-079,ds005293__sub-079,21,4.5,4.0,3.5003855,15,302
14104,ds005293,sub-079,ds005293__sub-079,22,3.0,4.0,3.492569,15,302
14105,ds005293,sub-079,ds005293__sub-079,23,2.25,4.0,3.4017508,14,302
14106,ds005293,sub-079,ds005293__sub-079,24,2.25,4.0,3.3264294,15,302
14107,ds005293,sub-079,ds005293__sub-079,25,3.0,4.0,3.3082714,14,302
14108,ds005293,sub-079,ds005293__sub-079,26,2.25,4.0,3.3548303,15,302
14109,ds005293,sub-079,ds005293__sub-079,27,3.75,4.0,3.3865488,15,302
14110,ds005293,sub-079,ds005293__sub-079,28,3.75,4.0,3.4048176,14,302
14111,ds005293,sub-079,ds005293__sub-079,29,4.5,4.0,3.4304628,15,302
14112,ds005293,sub-079,ds005293__sub-079,30,3.0,4.0,3.4055948,14,302
14113,ds005293,sub-079,ds005293__sub-079,31,3.75,4.0,3.4291675,15,302
14114,ds005293,sub-079,ds005293__sub-079,32,4.5,4.0,3.400793,15,302
14115,ds005293,sub-079,ds005293__sub-079,33,3.0,4.0,3.4031749,15,302
14116,ds005293,sub-079,ds005293__sub-079,34,3.0,4.0,3.3664074,15,302
14117,ds005293,sub-079,ds005293__sub-079,35,4.5,4.5,3.4090483,15,302
14118,ds005293,sub-079,ds005293__sub-079,36,3.0,4.0,3.3697968,15,302
14119,ds005293,sub-079,ds005293__sub-079,37,4.5,4.5,3.4468133,14,302
14120,ds005293,sub-079,ds005293__sub-079,38,4.5,4.5,3.4215922,15,302
14121,ds005293,sub-079,ds005293__sub-079,39,4.5,4.5,3.4182959,15,302
14122,ds005293,sub-079,ds005293__sub-079,40,3.75,4.5,3.289908,14,302
14123,ds005293,sub-079,ds005293__sub-079,41,3.75,2.5,3.1780128,15,302
14124,ds005293,sub-079,ds005293__sub-079,42,2.25,2.5,3.119618,15,302
14125,ds005293,sub-079,ds005293__sub-079,43,2.25,2.0,3.0273287,15,302
14126,ds005293,sub-079,ds005293__sub-079,44,3.75,2.0,2.979165,15,302
14127,ds005293,sub-079,ds005293__sub-079,45,4.5,2.0,3.0478344,15,302
14128,ds005293,sub-079,ds005293__sub-079,46,2.25,2.0,3.036952,15,302
14129,ds005293,sub-079,ds005293__sub-079,47,2.25,2.0,3.02309,15,302
14130,ds005293,sub-079,ds005293__sub-079,48,2.25,3.75,3.1634727,15,302
14131,ds005293,sub-079,ds005293__sub-079,49,3.0,3.75,3.2143555,15,302
14132,ds005293,sub-079,ds005293__sub-079,50,3.0,3.75,3.2821028,15,302
14133,ds005293,sub-079,ds005293__sub-079,51,2.25,3.75,3.2948384,15,302
14134,ds005293,sub-079,ds005293__sub-079,52,3.75,4.0,3.31372,15,302
14135,ds005293,sub-079,ds005293__sub-079,53,3.0,4.5,3.2975063,15,302
14136,ds005293,sub-079,ds005293__sub-079,54,3.0,4.5,3.3579364,14,302
14137,ds005293,sub-079,ds005293__sub-079,55,3.75,4.5,3.43639,15,302
14138,ds005293,sub-079,ds005293__sub-079,56,3.75,4.0,3.4635897,15,302
14139,ds005293,sub-079,ds005293__sub-079,57,4.5,4.5,3.5309088,13,302
14140,ds005293,sub-079,ds005293__sub-079,58,3.75,4.0,3.4961643,14,302
14141,ds005293,sub-079,ds005293__sub-079,59,4.5,4.0,3.4535592,15,302
14142,ds005293,sub-079,ds005293__sub-079,60,2.25,4.0,3.4417763,15,302
14143,ds005293,sub-079,ds005293__sub-079,61,4.5,4.5,3.486261,15,302
14144,ds005293,sub-079,ds005293__sub-079,62,3.0,4.5,3.4357371,14,302
14145,ds005293,sub-079,ds005293__sub-079,63,2.25,4.0,3.4019465,15,302
14146,ds005293,sub-079,ds005293__sub-079,64,2.25,4.0,3.317696,15,302
14147,ds005293,sub-079,ds005293__sub-079,65,3.0,4.0,3.3591056,12,302
14148,ds005293,sub-079,ds005293__sub-079,66,2.25,4.0,3.349159,15,302
14149,ds005293,sub-079,ds005293__sub-079,67,3.75,4.5,3.3773556,14,302
14150,ds005293,sub-079,ds005293__sub-079,68,3.75,4.5,3.407939,15,302
14151,ds005293,sub-079,ds005293__sub-079,69,4.5,4.0,3.4417696,15,302
14152,ds005293,sub-079,ds005293__sub-079,70,3.0,4.5,3.4400554,15,302
14153,ds005293,sub-079,ds005293__sub-079,71,3.75,4.5,3.387456,15,302
14154,ds005293,sub-079,ds005293__sub-079,72,4.5,4.5,3.4170709,14,302
14155,ds005293,sub-079,ds005293__sub-079,73,3.0,4.5,3.4596033,15,302
14156,ds005293,sub-079,ds005293__sub-079,74,3.0,4.5,3.444624,14,302
14157,ds005293,sub-079,ds005293__sub-079,75,4.5,4.0,3.436223,15,302
14158,ds005293,sub-079,ds005293__sub-079,76,3.0,3.5,3.449191,13,302
14159,ds005293,sub-079,ds005293__sub-079,77,4.5,4.0,3.47154,14,302
14160,ds005293,sub-079,ds005293__sub-079,78,4.5,4.0,3.4664602,15,302
14161,ds005293,sub-079,ds005293__sub-079,79,4.5,4.0,3.4786,15,302
14162,ds005293,sub-080,ds005293__sub-080,0,3.75,3.5,3.3792062,0,303
14163,ds005293,sub-080,ds005293__sub-080,1,3.75,3.5,3.2932596,1,303
14164,ds005293,sub-080,ds005293__sub-080,2,2.25,3.5,3.2139497,1,303
14165,ds005293,sub-080,ds005293__sub-080,3,2.25,2.5,2.757447,2,303
14166,ds005293,sub-080,ds005293__sub-080,4,3.75,3.5,3.1393034,4,303
14167,ds005293,sub-080,ds005293__sub-080,5,2.25,3.5,3.1447995,4,303
14168,ds005293,sub-080,ds005293__sub-080,6,2.25,3.5,3.2149558,5,303
14169,ds005293,sub-080,ds005293__sub-080,7,3.0,3.5,3.2563403,6,303
14170,ds005293,sub-080,ds005293__sub-080,8,3.0,3.5,3.3063388,7,303
14171,ds005293,sub-080,ds005293__sub-080,9,2.25,3.5,3.3368845,8,303
14172,ds005293,sub-080,ds005293__sub-080,10,3.75,3.5,3.3094568,9,303
14173,ds005293,sub-080,ds005293__sub-080,11,3.0,3.5,3.3327544,10,303
14174,ds005293,sub-080,ds005293__sub-080,12,3.0,3.5,3.388714,0,303
14175,ds005293,sub-080,ds005293__sub-080,13,3.75,3.5,3.402203,1,303
14176,ds005293,sub-080,ds005293__sub-080,14,3.75,4.0,3.5103662,0,303
14177,ds005293,sub-080,ds005293__sub-080,15,4.5,3.5,3.4909458,1,303
14178,ds005293,sub-080,ds005293__sub-080,16,3.75,3.5,3.514756,2,303
14179,ds005293,sub-080,ds005293__sub-080,17,4.5,3.5,3.453466,3,303
14180,ds005293,sub-080,ds005293__sub-080,18,2.25,3.5,3.3056586,4,303
14181,ds005293,sub-080,ds005293__sub-080,19,4.5,3.5,3.0523536,0,303
14182,ds005293,sub-080,ds005293__sub-080,20,2.25,2.0,2.6661043,0,303
14183,ds005293,sub-080,ds005293__sub-080,21,2.25,2.0,2.345988,1,303
14184,ds005293,sub-080,ds005293__sub-080,22,3.0,2.0,2.2796857,2,303
14185,ds005293,sub-080,ds005293__sub-080,23,2.25,2.0,2.6100383,0,303
14186,ds005293,sub-080,ds005293__sub-080,24,3.75,2.5,2.786297,1,303
14187,ds005293,sub-080,ds005293__sub-080,25,3.75,3.75,3.3073184,0,303
14188,ds005293,sub-080,ds005293__sub-080,26,4.5,3.75,3.450708,1,303
14189,ds005293,sub-080,ds005293__sub-080,27,3.0,3.75,3.4994226,2,303
14190,ds005293,sub-080,ds005293__sub-080,28,3.75,3.75,3.519286,3,303
14191,ds005293,sub-080,ds005293__sub-080,29,4.5,3.75,3.5330243,4,303
14192,ds005293,sub-080,ds005293__sub-080,30,3.0,3.75,3.3518007,5,303
14193,ds005293,sub-080,ds005293__sub-080,31,3.0,2.0,2.7570882,0,303
14194,ds005293,sub-080,ds005293__sub-080,32,4.5,2.0,2.7902246,1,303
14195,ds005293,sub-080,ds005293__sub-080,33,3.0,2.0,2.4942021,2,303
14196,ds005293,sub-080,ds005293__sub-080,34,4.5,2.0,2.411767,3,303
14197,ds005293,sub-080,ds005293__sub-080,35,3.75,2.0,2.3037982,1,303
14198,ds005293,sub-080,ds005293__sub-080,36,3.75,2.0,2.2740395,2,303
14199,ds005293,sub-080,ds005293__sub-080,37,2.25,2.0,2.3733823,1,303
14200,ds005293,sub-080,ds005293__sub-080,38,2.25,2.0,2.447249,2,303
14201,ds005293,sub-080,ds005293__sub-080,39,3.75,2.5,2.5406983,3,303
14202,ds005293,sub-080,ds005293__sub-080,40,4.5,2.5,3.0689387,0,303
14203,ds005293,sub-080,ds005293__sub-080,41,2.25,3.75,3.2259002,1,303
14204,ds005293,sub-080,ds005293__sub-080,42,2.25,3.75,3.3409343,2,303
14205,ds005293,sub-080,ds005293__sub-080,43,2.25,3.75,3.2793636,3,303
14206,ds005293,sub-080,ds005293__sub-080,44,3.0,3.75,3.2680836,4,303
14207,ds005293,sub-080,ds005293__sub-080,45,3.0,3.75,3.5287693,5,303
14208,ds005293,sub-080,ds005293__sub-080,46,2.25,3.75,3.3769116,6,303
14209,ds005293,sub-080,ds005293__sub-080,47,3.75,3.75,3.281241,7,303
14210,ds005293,sub-080,ds005293__sub-080,48,3.0,2.5,2.836906,0,303
14211,ds005293,sub-080,ds005293__sub-080,49,3.0,2.5,2.7976718,0,303
14212,ds005293,sub-080,ds005293__sub-080,50,3.75,2.5,3.130612,0,303
14213,ds005293,sub-080,ds005293__sub-080,51,3.75,3.75,3.3314545,0,303
14214,ds005293,sub-080,ds005293__sub-080,52,3.75,3.75,3.3578718,1,303
14215,ds005293,sub-080,ds005293__sub-080,53,4.5,3.0,3.379436,0,303
14216,ds005293,sub-080,ds005293__sub-080,54,2.25,3.0,3.252171,1,303
14217,ds005293,sub-080,ds005293__sub-080,55,4.5,4.5,3.209014,0,303
14218,ds005293,sub-080,ds005293__sub-080,56,3.0,4.5,3.157466,1,303
14219,ds005293,sub-080,ds005293__sub-080,57,2.25,2.0,2.697589,0,303
14220,ds005293,sub-080,ds005293__sub-080,58,2.25,2.25,2.9062257,0,303
14221,ds005293,sub-080,ds005293__sub-080,59,3.0,2.25,2.885964,1,303
14222,ds005293,sub-080,ds005293__sub-080,60,2.25,2.25,2.8692465,0,303
14223,ds005293,sub-080,ds005293__sub-080,61,3.75,2.25,3.1988757,0,303
14224,ds005293,sub-080,ds005293__sub-080,62,3.75,3.75,3.1933427,1,303
14225,ds005293,sub-080,ds005293__sub-080,63,4.5,3.75,3.535248,0,303
14226,ds005293,sub-080,ds005293__sub-080,64,3.0,3.75,3.5049205,1,303
14227,ds005293,sub-080,ds005293__sub-080,65,3.75,3.75,3.6559775,2,303
14228,ds005293,sub-080,ds005293__sub-080,66,4.5,4.5,3.745387,3,303
14229,ds005293,sub-080,ds005293__sub-080,67,3.0,4.5,3.381011,2,303
14230,ds005293,sub-080,ds005293__sub-080,68,3.0,2.5,2.9803247,3,303
14231,ds005293,sub-080,ds005293__sub-080,69,4.5,2.0,2.904962,0,303
14232,ds005293,sub-080,ds005293__sub-080,70,4.5,2.0,2.7339156,1,303
14233,ds005293,sub-080,ds005293__sub-080,71,4.5,2.0,2.5434742,0,303
14234,ds005293,sub-080,ds005293__sub-080,72,4.5,2.0,2.2921052,1,303
14235,ds005293,sub-081,ds005293__sub-081,0,3.75,3.5,3.5545866,0,304
14236,ds005293,sub-081,ds005293__sub-081,1,3.75,4.0,3.7697482,1,304
14237,ds005293,sub-081,ds005293__sub-081,2,2.25,4.0,3.6446092,2,304
14238,ds005293,sub-081,ds005293__sub-081,3,2.25,4.0,3.5136428,3,304
14239,ds005293,sub-081,ds005293__sub-081,4,3.75,4.0,3.5487993,4,304
14240,ds005293,sub-081,ds005293__sub-081,5,4.5,4.0,3.5621095,5,304
14241,ds005293,sub-081,ds005293__sub-081,6,2.25,3.5,3.5095823,6,304
14242,ds005293,sub-081,ds005293__sub-081,7,2.25,3.5,3.3681312,7,304
14243,ds005293,sub-081,ds005293__sub-081,8,2.25,3.5,3.2971144,8,304
14244,ds005293,sub-081,ds005293__sub-081,9,3.0,3.5,3.1754751,9,304
14245,ds005293,sub-081,ds005293__sub-081,10,3.0,4.0,3.1263115,10,304
14246,ds005293,sub-081,ds005293__sub-081,11,2.25,2.0,2.9798234,11,304
14247,ds005293,sub-081,ds005293__sub-081,12,3.75,2.0,2.9873114,12,304
14248,ds005293,sub-081,ds005293__sub-081,13,3.0,2.0,2.983553,3,304
14249,ds005293,sub-081,ds005293__sub-081,14,3.0,2.0,2.9803305,4,304
14250,ds005293,sub-081,ds005293__sub-081,15,3.75,2.0,3.060096,5,304
14251,ds005293,sub-081,ds005293__sub-081,16,3.75,2.5,3.0673523,13,304
14252,ds005293,sub-081,ds005293__sub-081,17,3.75,4.5,3.1603656,11,304
14253,ds005293,sub-081,ds005293__sub-081,18,4.5,4.5,3.1758895,12,304
14254,ds005293,sub-081,ds005293__sub-081,19,2.25,4.5,3.1456394,13,304
14255,ds005293,sub-081,ds005293__sub-081,20,4.5,4.5,3.1859357,14,304
14256,ds005293,sub-081,ds005293__sub-081,21,3.0,2.5,3.0957637,15,304
14257,ds005293,sub-081,ds005293__sub-081,22,2.25,2.25,3.157083,10,304
14258,ds005293,sub-081,ds005293__sub-081,23,2.25,4.5,3.237303,11,304
14259,ds005293,sub-081,ds005293__sub-081,24,3.0,3.75,3.2923307,8,304
14260,ds005293,sub-081,ds005293__sub-081,25,2.25,3.75,3.4123487,15,304
14261,ds005293,sub-081,ds005293__sub-081,26,3.75,3.75,3.465041,10,304
14262,ds005293,sub-081,ds005293__sub-081,27,3.75,3.75,3.4956388,6,304
14263,ds005293,sub-081,ds005293__sub-081,28,4.5,3.75,3.5402157,7,304
14264,ds005293,sub-081,ds005293__sub-081,29,3.0,3.75,3.5620754,8,304
14265,ds005293,sub-081,ds005293__sub-081,30,3.75,4.5,3.5627465,9,304
14266,ds005293,sub-081,ds005293__sub-081,31,4.5,4.0,3.5328116,15,304
14267,ds005293,sub-081,ds005293__sub-081,32,3.0,4.0,3.5854487,15,304
14268,ds005293,sub-081,ds005293__sub-081,33,3.0,4.0,3.563373,15,304
14269,ds005293,sub-081,ds005293__sub-081,34,4.5,4.0,3.5533655,15,304
14270,ds005293,sub-081,ds005293__sub-081,35,3.0,4.0,3.5550241,15,304
14271,ds005293,sub-081,ds005293__sub-081,36,4.5,4.0,3.506756,15,304
14272,ds005293,sub-081,ds005293__sub-081,37,4.5,4.0,3.5036752,15,304
14273,ds005293,sub-081,ds005293__sub-081,38,4.5,4.0,3.4598799,15,304
14274,ds005293,sub-081,ds005293__sub-081,39,3.75,4.5,3.5348854,15,304
14275,ds005293,sub-081,ds005293__sub-081,40,3.75,3.75,3.3861527,10,304
14276,ds005293,sub-081,ds005293__sub-081,41,2.25,4.5,3.3446565,11,304
14277,ds005293,sub-081,ds005293__sub-081,42,2.25,2.25,3.0854132,6,304
14278,ds005293,sub-081,ds005293__sub-081,43,3.75,2.25,3.061048,7,304
14279,ds005293,sub-081,ds005293__sub-081,44,4.5,2.25,3.1063414,12,304
14280,ds005293,sub-081,ds005293__sub-081,45,2.25,2.25,3.1010296,13,304
14281,ds005293,sub-081,ds005293__sub-081,46,2.25,3.75,3.2730575,14,304
14282,ds005293,sub-081,ds005293__sub-081,47,2.25,3.75,3.2574782,14,304
14283,ds005293,sub-081,ds005293__sub-081,48,3.0,3.75,3.2597208,15,304
14284,ds005293,sub-081,ds005293__sub-081,49,3.0,3.75,3.2950888,9,304
14285,ds005293,sub-081,ds005293__sub-081,50,2.25,3.75,3.4143815,5,304
14286,ds005293,sub-081,ds005293__sub-081,51,3.75,3.75,3.4604757,6,304
14287,ds005293,sub-081,ds005293__sub-081,52,3.0,3.75,3.5023942,7,304
14288,ds005293,sub-081,ds005293__sub-081,53,3.0,3.75,3.5383897,8,304
14289,ds005293,sub-081,ds005293__sub-081,54,3.75,3.75,3.5883603,9,304
14290,ds005293,sub-081,ds005293__sub-081,55,3.75,3.75,3.54939,15,304
14291,ds005293,sub-081,ds005293__sub-081,56,4.5,4.5,3.5944963,15,304
14292,ds005293,sub-081,ds005293__sub-081,57,3.75,4.5,3.5780013,15,304
14293,ds005293,sub-081,ds005293__sub-081,58,4.5,4.5,3.6288376,5,304
14294,ds005293,sub-081,ds005293__sub-081,59,2.25,4.5,3.599101,14,304
14295,ds005293,sub-081,ds005293__sub-081,60,4.5,4.5,3.4032235,8,304
14296,ds005293,sub-081,ds005293__sub-081,61,3.0,4.5,3.4404325,15,304
14297,ds005293,sub-081,ds005293__sub-081,62,2.25,4.5,3.469105,10,304
14298,ds005293,sub-081,ds005293__sub-081,63,2.25,4.5,3.5152636,11,304
14299,ds005293,sub-081,ds005293__sub-081,64,3.0,3.75,3.4535186,12,304
14300,ds005293,sub-081,ds005293__sub-081,65,2.25,3.75,3.4041018,13,304
14301,ds005293,sub-081,ds005293__sub-081,66,3.75,3.75,3.4468958,14,304
14302,ds005293,sub-081,ds005293__sub-081,67,3.75,3.75,3.4506574,15,304
14303,ds005293,sub-081,ds005293__sub-081,68,4.5,3.75,3.5490806,13,304
14304,ds005293,sub-081,ds005293__sub-081,69,3.0,3.75,3.5720813,14,304
14305,ds005293,sub-081,ds005293__sub-081,70,3.75,4.5,3.6373303,15,304
14306,ds005293,sub-081,ds005293__sub-081,71,4.5,4.5,3.7423637,2,304
14307,ds005293,sub-081,ds005293__sub-081,72,3.0,4.5,3.7280345,3,304
14308,ds005293,sub-081,ds005293__sub-081,73,3.0,4.5,3.577098,14,304
14309,ds005293,sub-081,ds005293__sub-081,74,4.5,4.5,3.5139434,5,304
14310,ds005293,sub-081,ds005293__sub-081,75,3.0,4.5,3.522078,6,304
14311,ds005293,sub-081,ds005293__sub-081,76,4.5,4.5,3.4819288,7,304
14312,ds005293,sub-081,ds005293__sub-081,77,4.5,4.5,3.4511347,8,304
14313,ds005293,sub-081,ds005293__sub-081,78,4.5,4.5,3.3952644,9,304
14314,ds005293,sub-082,ds005293__sub-082,0,3.75,4.0,3.542748,0,305
14315,ds005293,sub-082,ds005293__sub-082,1,3.75,4.0,3.5202603,1,305
14316,ds005293,sub-082,ds005293__sub-082,2,2.25,2.0,3.0802743,2,305
14317,ds005293,sub-082,ds005293__sub-082,3,2.25,2.0,2.9530525,3,305
14318,ds005293,sub-082,ds005293__sub-082,4,3.75,2.0,2.9399564,4,305
14319,ds005293,sub-082,ds005293__sub-082,5,2.25,2.0,2.9090867,4,305
14320,ds005293,sub-082,ds005293__sub-082,6,2.25,2.0,2.8876994,5,305
14321,ds005293,sub-082,ds005293__sub-082,7,2.25,2.0,2.909038,6,305
14322,ds005293,sub-082,ds005293__sub-082,8,3.0,2.0,2.9303532,7,305
14323,ds005293,sub-082,ds005293__sub-082,9,3.0,2.0,2.9527037,8,305
14324,ds005293,sub-082,ds005293__sub-082,10,3.0,2.0,2.9655957,9,305
14325,ds005293,sub-082,ds005293__sub-082,11,3.0,2.0,2.9822478,10,305
14326,ds005293,sub-082,ds005293__sub-082,12,3.75,2.0,3.0163603,11,305
14327,ds005293,sub-082,ds005293__sub-082,13,3.75,2.0,3.033313,12,305
14328,ds005293,sub-082,ds005293__sub-082,14,3.75,2.0,3.0559216,13,305
14329,ds005293,sub-082,ds005293__sub-082,15,4.5,2.0,3.0776877,14,305
14330,ds005293,sub-082,ds005293__sub-082,16,2.25,2.0,3.0904253,15,305
14331,ds005293,sub-082,ds005293__sub-082,17,4.5,2.0,3.0929804,14,305
14332,ds005293,sub-082,ds005293__sub-082,18,3.0,2.0,3.0710838,15,305
14333,ds005293,sub-082,ds005293__sub-082,19,2.25,2.0,3.0273361,14,305
14334,ds005293,sub-082,ds005293__sub-082,20,2.25,2.0,3.0892477,14,305
14335,ds005293,sub-082,ds005293__sub-082,21,3.0,2.0,3.1030312,11,305
14336,ds005293,sub-082,ds005293__sub-082,22,2.25,2.0,3.0987043,12,305
14337,ds005293,sub-082,ds005293__sub-082,23,3.75,2.0,3.0990298,13,305
14338,ds005293,sub-082,ds005293__sub-082,24,3.75,2.0,3.0963736,14,305
14339,ds005293,sub-082,ds005293__sub-082,25,3.75,2.0,3.1606555,15,305
14340,ds005293,sub-082,ds005293__sub-082,26,3.0,2.0,3.1544108,14,305
14341,ds005293,sub-082,ds005293__sub-082,27,3.0,2.0,3.1773539,14,305
14342,ds005293,sub-082,ds005293__sub-082,28,3.0,2.0,3.1630583,15,305
14343,ds005293,sub-082,ds005293__sub-082,29,4.5,2.0,3.1567154,15,305
14344,ds005293,sub-082,ds005293__sub-082,30,4.5,2.0,3.1618237,14,305
14345,ds005293,sub-082,ds005293__sub-082,31,3.75,2.0,3.1420302,15,305
14346,ds005293,sub-082,ds005293__sub-082,32,3.75,2.0,3.150303,15,305
14347,ds005293,sub-082,ds005293__sub-082,33,2.25,2.0,3.129044,12,305
14348,ds005293,sub-082,ds005293__sub-082,34,2.25,2.0,3.0832353,13,305
14349,ds005293,sub-082,ds005293__sub-082,35,3.75,2.0,3.087352,14,305
14350,ds005293,sub-082,ds005293__sub-082,36,4.5,2.0,3.0865066,15,305
14351,ds005293,sub-082,ds005293__sub-082,37,2.25,2.0,3.0894222,15,305
14352,ds005293,sub-082,ds005293__sub-082,38,2.25,2.0,3.0789123,14,305
14353,ds005293,sub-082,ds005293__sub-082,39,2.25,2.0,3.0900204,14,305
14354,ds005293,sub-082,ds005293__sub-082,40,3.0,2.0,3.0706959,15,305
14355,ds005293,sub-082,ds005293__sub-082,41,3.0,2.0,3.0894613,14,305
14356,ds005293,sub-082,ds005293__sub-082,42,2.25,2.0,3.0952559,15,305
14357,ds005293,sub-082,ds005293__sub-082,43,3.75,2.0,3.0958517,14,305
14358,ds005293,sub-082,ds005293__sub-082,44,3.0,2.0,3.112619,15,305
14359,ds005293,sub-082,ds005293__sub-082,45,3.0,2.0,3.1266475,14,305
14360,ds005293,sub-082,ds005293__sub-082,46,3.75,2.0,3.1417665,15,305
14361,ds005293,sub-082,ds005293__sub-082,47,3.75,2.0,3.138959,14,305
14362,ds005293,sub-082,ds005293__sub-082,48,4.5,2.5,3.1825047,15,305
14363,ds005293,sub-082,ds005293__sub-082,49,3.75,2.0,3.1760056,14,305
14364,ds005293,sub-082,ds005293__sub-082,50,4.5,2.0,3.1609726,15,305
14365,ds005293,sub-082,ds005293__sub-082,51,2.25,2.0,3.1206803,14,305
14366,ds005293,sub-082,ds005293__sub-082,52,4.5,2.0,3.0987816,14,305
14367,ds005293,sub-082,ds005293__sub-082,53,3.0,2.0,3.1266847,15,305
14368,ds005293,sub-082,ds005293__sub-082,54,2.25,3.0,3.120493,15,305
14369,ds005293,sub-082,ds005293__sub-082,55,2.25,3.0,3.141923,12,305
14370,ds005293,sub-082,ds005293__sub-082,56,3.0,3.0,3.1594214,13,305
14371,ds005293,sub-082,ds005293__sub-082,57,2.25,3.0,3.1776989,13,305
14372,ds005293,sub-082,ds005293__sub-082,58,3.75,3.0,3.1911993,14,305
14373,ds005293,sub-082,ds005293__sub-082,59,3.75,3.0,3.2089357,14,305
14374,ds005293,sub-082,ds005293__sub-082,60,3.0,3.0,3.2057743,15,305
14375,ds005293,sub-082,ds005293__sub-082,61,3.75,3.0,3.21134,14,305
14376,ds005293,sub-082,ds005293__sub-082,62,4.5,3.0,3.1980326,15,305
14377,ds005293,sub-082,ds005293__sub-082,63,3.0,3.0,3.2193503,14,305
14378,ds005293,sub-082,ds005293__sub-082,64,3.0,3.0,3.177714,15,305
14379,ds005293,sub-082,ds005293__sub-082,65,3.0,2.0,3.1025474,14,305
14380,ds005293,sub-082,ds005293__sub-082,66,4.5,2.0,3.1284347,15,305
14381,ds005293,sub-083,ds005293__sub-083,0,3.75,3.5,3.4586594,0,306
14382,ds005293,sub-083,ds005293__sub-083,1,3.75,3.5,3.5277915,1,306
14383,ds005293,sub-083,ds005293__sub-083,2,2.25,3.5,3.46521,2,306
14384,ds005293,sub-083,ds005293__sub-083,3,2.25,4.0,3.3289022,3,306
14385,ds005293,sub-083,ds005293__sub-083,4,3.75,4.0,3.2057624,4,306
14386,ds005293,sub-083,ds005293__sub-083,5,4.5,4.0,3.1730473,5,306
14387,ds005293,sub-083,ds005293__sub-083,6,2.25,4.0,3.1505413,6,306
14388,ds005293,sub-083,ds005293__sub-083,7,2.25,4.0,3.1423635,7,306
14389,ds005293,sub-083,ds005293__sub-083,8,2.25,2.25,3.1540656,8,306
14390,ds005293,sub-083,ds005293__sub-083,9,3.0,2.25,3.1657102,9,306
14391,ds005293,sub-083,ds005293__sub-083,10,3.0,2.25,3.176361,10,306
14392,ds005293,sub-083,ds005293__sub-083,11,2.25,2.25,3.186894,11,306
14393,ds005293,sub-083,ds005293__sub-083,12,3.75,2.25,3.196618,12,306
14394,ds005293,sub-083,ds005293__sub-083,13,3.0,4.5,3.205557,13,306
14395,ds005293,sub-083,ds005293__sub-083,14,3.0,4.5,3.2206442,14,306
14396,ds005293,sub-083,ds005293__sub-083,15,3.75,4.5,3.2381353,15,306
14397,ds005293,sub-083,ds005293__sub-083,16,3.75,4.5,3.240953,13,306
14398,ds005293,sub-083,ds005293__sub-083,17,4.5,4.5,3.2673855,13,306
14399,ds005293,sub-083,ds005293__sub-083,18,3.75,4.5,3.2547984,13,306
14400,ds005293,sub-083,ds005293__sub-083,19,4.5,4.5,3.2336001,15,306
14401,ds005293,sub-083,ds005293__sub-083,20,2.25,4.5,3.254529,15,306
14402,ds005293,sub-083,ds005293__sub-083,21,4.5,4.5,3.2705617,15,306
14403,ds005293,sub-083,ds005293__sub-083,22,3.0,4.5,3.2672963,15,306
14404,ds005293,sub-083,ds005293__sub-083,23,2.25,4.5,3.2782588,14,306
14405,ds005293,sub-083,ds005293__sub-083,24,2.25,4.5,3.2570095,15,306
14406,ds005293,sub-083,ds005293__sub-083,25,3.0,4.5,3.2689738,15,306
14407,ds005293,sub-083,ds005293__sub-083,26,2.25,4.5,3.2815938,15,306
14408,ds005293,sub-083,ds005293__sub-083,27,3.75,4.5,3.241372,15,306
14409,ds005293,sub-083,ds005293__sub-083,28,3.75,4.5,3.2341163,14,306
14410,ds005293,sub-083,ds005293__sub-083,29,4.5,4.5,3.210796,15,306
14411,ds005293,sub-083,ds005293__sub-083,30,3.0,4.5,3.204576,15,306
14412,ds005293,sub-083,ds005293__sub-083,31,3.75,4.5,3.2113705,14,306
14413,ds005293,sub-083,ds005293__sub-083,32,4.5,2.5,3.2120543,15,306
14414,ds005293,sub-083,ds005293__sub-083,33,3.0,4.5,3.230725,15,306
14415,ds005293,sub-083,ds005293__sub-083,34,3.0,4.5,3.254177,15,306
14416,ds005293,sub-083,ds005293__sub-083,35,4.5,4.5,3.2734394,13,306
14417,ds005293,sub-083,ds005293__sub-083,36,3.0,4.5,3.2455137,15,306
14418,ds005293,sub-083,ds005293__sub-083,37,4.5,4.5,3.2586977,15,306
14419,ds005293,sub-083,ds005293__sub-083,38,4.5,4.5,3.2591717,14,306
14420,ds005293,sub-083,ds005293__sub-083,39,4.5,4.5,3.2536857,15,306
14421,ds005293,sub-083,ds005293__sub-083,40,3.75,4.5,3.2495296,14,306
14422,ds005293,sub-083,ds005293__sub-083,41,3.75,4.5,3.2182481,15,306
14423,ds005293,sub-083,ds005293__sub-083,42,2.25,4.5,3.2190442,14,306
14424,ds005293,sub-083,ds005293__sub-083,43,2.25,4.5,3.229077,15,306
14425,ds005293,sub-083,ds005293__sub-083,44,3.75,4.5,3.2506595,13,306
14426,ds005293,sub-083,ds005293__sub-083,45,4.5,4.5,3.2685423,14,306
14427,ds005293,sub-083,ds005293__sub-083,46,2.25,4.5,3.273445,15,306
14428,ds005293,sub-083,ds005293__sub-083,47,2.25,4.5,3.2805805,15,306
14429,ds005293,sub-083,ds005293__sub-083,48,2.25,4.5,3.2794442,15,306
14430,ds005293,sub-083,ds005293__sub-083,49,3.0,4.5,3.2864754,15,306
14431,ds005293,sub-083,ds005293__sub-083,50,3.0,4.5,3.303727,13,306
14432,ds005293,sub-083,ds005293__sub-083,51,2.25,4.5,3.2805786,14,306
14433,ds005293,sub-083,ds005293__sub-083,52,3.75,4.5,3.251567,15,306
14434,ds005293,sub-083,ds005293__sub-083,53,3.0,4.5,3.2636871,14,306
14435,ds005293,sub-083,ds005293__sub-083,54,3.0,4.5,3.265483,13,306
14436,ds005293,sub-083,ds005293__sub-083,55,3.75,4.5,3.2769666,14,306
14437,ds005293,sub-083,ds005293__sub-083,56,3.75,4.5,3.2534723,15,306
14438,ds005293,sub-083,ds005293__sub-083,57,4.5,4.5,3.2684445,13,306
14439,ds005293,sub-083,ds005293__sub-083,58,3.75,4.5,3.2692552,15,306
14440,ds005293,sub-083,ds005293__sub-083,59,4.5,4.5,3.27485,15,306
14441,ds005293,sub-083,ds005293__sub-083,60,2.25,4.5,3.2904596,15,306
14442,ds005293,sub-083,ds005293__sub-083,61,4.5,4.5,3.3270488,15,306
14443,ds005293,sub-083,ds005293__sub-083,62,3.0,4.5,3.3569832,15,306
14444,ds005293,sub-083,ds005293__sub-083,63,2.25,4.5,3.3372817,14,306
14445,ds005293,sub-083,ds005293__sub-083,64,2.25,4.5,3.3004065,15,306
14446,ds005293,sub-083,ds005293__sub-083,65,3.0,4.5,3.2951975,14,306
14447,ds005293,sub-083,ds005293__sub-083,66,2.25,4.5,3.2965403,15,306
14448,ds005293,sub-083,ds005293__sub-083,67,3.75,4.5,3.2836275,15,306
14449,ds005293,sub-083,ds005293__sub-083,68,3.75,4.5,3.2691383,13,306
14450,ds005293,sub-083,ds005293__sub-083,69,4.5,4.5,3.252047,14,306
14451,ds005293,sub-083,ds005293__sub-083,70,3.0,4.5,3.2315743,15,306
14452,ds005293,sub-083,ds005293__sub-083,71,3.75,4.5,3.2535071,15,306
14453,ds005293,sub-083,ds005293__sub-083,72,4.5,4.5,3.2574942,14,306
14454,ds005293,sub-083,ds005293__sub-083,73,3.0,4.5,3.275959,15,306
14455,ds005293,sub-083,ds005293__sub-083,74,3.0,4.5,3.279756,15,306
14456,ds005293,sub-083,ds005293__sub-083,75,4.5,4.5,3.276638,13,306
14457,ds005293,sub-083,ds005293__sub-083,76,3.0,4.5,3.2799532,14,306
14458,ds005293,sub-083,ds005293__sub-083,77,4.5,4.5,3.296268,15,306
14459,ds005293,sub-083,ds005293__sub-083,78,4.5,4.5,3.304401,15,306
14460,ds005293,sub-083,ds005293__sub-083,79,4.5,4.5,3.302381,15,306
14461,ds005293,sub-084,ds005293__sub-084,0,3.0,3.75,3.447864,0,307
14462,ds005293,sub-084,ds005293__sub-084,1,3.0,3.75,3.3676577,1,307
14463,ds005293,sub-084,ds005293__sub-084,2,2.0,3.75,3.4119534,2,307
14464,ds005293,sub-084,ds005293__sub-084,3,2.0,3.75,3.3695197,3,307
14465,ds005293,sub-084,ds005293__sub-084,4,3.0,3.75,3.3007183,4,307
14466,ds005293,sub-084,ds005293__sub-084,5,3.5,3.0,3.1837525,5,307
14467,ds005293,sub-084,ds005293__sub-084,6,2.0,3.75,3.2323313,6,307
14468,ds005293,sub-084,ds005293__sub-084,7,2.0,3.75,3.2346177,7,307
14469,ds005293,sub-084,ds005293__sub-084,8,2.0,3.75,3.2513478,8,307
14470,ds005293,sub-084,ds005293__sub-084,9,2.5,3.75,3.2533512,5,307
14471,ds005293,sub-084,ds005293__sub-084,10,2.5,3.75,3.2616415,5,307
14472,ds005293,sub-084,ds005293__sub-084,11,2.0,3.75,3.2803235,6,307
14473,ds005293,sub-084,ds005293__sub-084,12,3.0,3.75,3.2878332,7,307
14474,ds005293,sub-084,ds005293__sub-084,13,2.5,3.75,3.2935674,8,307
14475,ds005293,sub-084,ds005293__sub-084,14,2.5,3.75,3.3086073,9,307
14476,ds005293,sub-084,ds005293__sub-084,15,3.0,3.75,3.3350372,10,307
14477,ds005293,sub-084,ds005293__sub-084,16,3.0,3.75,3.3179543,11,307
14478,ds005293,sub-084,ds005293__sub-084,17,3.5,3.75,3.3090973,12,307
14479,ds005293,sub-084,ds005293__sub-084,18,3.0,3.75,3.2999291,13,307
14480,ds005293,sub-084,ds005293__sub-084,19,3.5,3.75,3.2954383,14,307
14481,ds005293,sub-084,ds005293__sub-084,20,2.0,3.75,3.307501,13,307
14482,ds005293,sub-084,ds005293__sub-084,21,3.5,3.75,3.3214667,15,307
14483,ds005293,sub-084,ds005293__sub-084,22,2.5,3.75,3.3096638,13,307
14484,ds005293,sub-084,ds005293__sub-084,23,2.0,3.75,3.3061664,14,307
14485,ds005293,sub-084,ds005293__sub-084,24,2.0,3.75,3.2946036,15,307
14486,ds005293,sub-084,ds005293__sub-084,25,2.5,3.75,3.301044,15,307
14487,ds005293,sub-084,ds005293__sub-084,26,2.0,3.75,3.310299,15,307
14488,ds005293,sub-084,ds005293__sub-084,27,3.0,3.75,3.320125,15,307
14489,ds005293,sub-084,ds005293__sub-084,28,3.0,3.75,3.3322785,11,307
14490,ds005293,sub-084,ds005293__sub-084,29,3.5,3.75,3.323151,12,307
14491,ds005293,sub-084,ds005293__sub-084,30,2.5,3.75,3.3000093,13,307
14492,ds005293,sub-084,ds005293__sub-084,31,3.0,3.75,3.3043714,14,307
14493,ds005293,sub-084,ds005293__sub-084,32,3.5,3.75,3.305564,13,307
14494,ds005293,sub-084,ds005293__sub-084,33,2.5,3.75,3.3245819,13,307
14495,ds005293,sub-084,ds005293__sub-084,34,2.5,3.75,3.3180156,15,307
14496,ds005293,sub-084,ds005293__sub-084,35,3.5,3.75,3.3369727,15,307
14497,ds005293,sub-084,ds005293__sub-084,36,2.5,3.75,3.3341737,15,307
14498,ds005293,sub-084,ds005293__sub-084,37,3.5,3.75,3.327275,15,307
14499,ds005293,sub-084,ds005293__sub-084,38,3.5,3.75,3.3201501,10,307
14500,ds005293,sub-084,ds005293__sub-084,39,3.5,3.75,3.2818322,10,307
14501,ds005293,sub-084,ds005293__sub-084,40,3.0,3.75,3.2786644,12,307
14502,ds005293,sub-084,ds005293__sub-084,41,3.0,3.75,3.2733319,12,307
14503,ds005293,sub-084,ds005293__sub-084,42,2.0,3.75,3.264112,13,307
14504,ds005293,sub-084,ds005293__sub-084,43,2.0,3.75,3.2694268,15,307
14505,ds005293,sub-084,ds005293__sub-084,44,3.0,3.75,3.2739367,15,307
14506,ds005293,sub-084,ds005293__sub-084,45,3.5,3.75,3.2836647,12,307
14507,ds005293,sub-084,ds005293__sub-084,46,2.0,3.75,3.2865674,15,307
14508,ds005293,sub-084,ds005293__sub-084,47,2.0,3.75,3.2789984,15,307
14509,ds005293,sub-084,ds005293__sub-084,48,2.0,3.75,3.3099723,15,307
14510,ds005293,sub-084,ds005293__sub-084,49,2.5,3.75,3.3024569,11,307
14511,ds005293,sub-084,ds005293__sub-084,50,2.5,3.75,3.3038313,15,307
14512,ds005293,sub-084,ds005293__sub-084,51,2.0,3.75,3.3290958,15,307
14513,ds005293,sub-084,ds005293__sub-084,52,3.0,3.75,3.3123262,15,307
14514,ds005293,sub-084,ds005293__sub-084,53,2.5,3.75,3.326377,15,307
14515,ds005293,sub-084,ds005293__sub-084,54,2.5,3.75,3.3339574,15,307
14516,ds005293,sub-084,ds005293__sub-084,55,3.0,3.75,3.3310225,13,307
14517,ds005293,sub-084,ds005293__sub-084,56,3.0,3.75,3.318709,12,307
14518,ds005293,sub-084,ds005293__sub-084,57,3.5,3.75,3.326524,13,307
14519,ds005293,sub-084,ds005293__sub-084,58,3.0,3.75,3.2946353,14,307
14520,ds005293,sub-084,ds005293__sub-084,59,3.5,3.75,3.291587,15,307
14521,ds005293,sub-084,ds005293__sub-084,60,2.0,3.75,3.2951636,15,307
14522,ds005293,sub-084,ds005293__sub-084,61,3.5,3.75,3.2903774,15,307
14523,ds005293,sub-084,ds005293__sub-084,62,2.5,3.75,3.2595913,12,307
14524,ds005293,sub-084,ds005293__sub-084,63,2.0,3.75,3.2388003,13,307
14525,ds005293,sub-084,ds005293__sub-084,64,2.0,3.75,3.2529576,12,307
14526,ds005293,sub-084,ds005293__sub-084,65,2.5,3.75,3.2789154,13,307
14527,ds005293,sub-084,ds005293__sub-084,66,2.0,3.75,3.2784297,14,307
14528,ds005293,sub-084,ds005293__sub-084,67,3.0,3.75,3.2843277,15,307
14529,ds005293,sub-084,ds005293__sub-084,68,3.0,3.75,3.2946537,15,307
14530,ds005293,sub-084,ds005293__sub-084,69,3.5,3.75,3.298423,15,307
14531,ds005293,sub-084,ds005293__sub-084,70,2.5,3.75,3.3015485,10,307
14532,ds005293,sub-084,ds005293__sub-084,71,3.0,3.75,3.312088,11,307
14533,ds005293,sub-084,ds005293__sub-084,72,3.5,3.75,3.310985,12,307
14534,ds005293,sub-084,ds005293__sub-084,73,2.5,3.75,3.2991118,12,307
14535,ds005293,sub-084,ds005293__sub-084,74,2.5,3.75,3.3034,13,307
14536,ds005293,sub-084,ds005293__sub-084,75,3.5,3.75,3.3103263,15,307
14537,ds005293,sub-084,ds005293__sub-084,76,2.5,3.75,3.2977161,15,307
14538,ds005293,sub-084,ds005293__sub-084,77,3.5,3.75,3.318449,13,307
14539,ds005293,sub-084,ds005293__sub-084,78,3.5,3.75,3.3211622,15,307
14540,ds005293,sub-084,ds005293__sub-084,79,2.5,3.75,3.335834,15,307
14541,ds005293,sub-085,ds005293__sub-085,0,3.5,3.75,3.6120963,0,308
14542,ds005293,sub-085,ds005293__sub-085,1,3.5,3.75,3.52757,1,308
14543,ds005293,sub-085,ds005293__sub-085,2,2.5,4.0,3.4926744,2,308
14544,ds005293,sub-085,ds005293__sub-085,3,2.5,2.25,2.9652264,3,308
14545,ds005293,sub-085,ds005293__sub-085,4,3.5,2.25,2.697309,4,308
14546,ds005293,sub-085,ds005293__sub-085,5,4.0,2.25,2.7386432,5,308
14547,ds005293,sub-085,ds005293__sub-085,6,2.5,2.5,2.7911677,6,308
14548,ds005293,sub-085,ds005293__sub-085,7,2.5,2.5,2.7879684,7,308
14549,ds005293,sub-085,ds005293__sub-085,8,2.5,2.5,2.7955112,8,308
14550,ds005293,sub-085,ds005293__sub-085,9,3.0,2.5,2.7990217,9,308
14551,ds005293,sub-085,ds005293__sub-085,10,3.0,2.5,2.8270526,10,308
14552,ds005293,sub-085,ds005293__sub-085,11,2.5,2.5,2.8876977,11,308
14553,ds005293,sub-085,ds005293__sub-085,12,3.5,2.5,2.777864,12,308
14554,ds005293,sub-085,ds005293__sub-085,13,3.0,2.5,2.718974,13,308
14555,ds005293,sub-085,ds005293__sub-085,14,3.0,2.5,2.8035398,14,308
14556,ds005293,sub-085,ds005293__sub-085,15,3.5,2.5,3.23491,0,308
14557,ds005293,sub-085,ds005293__sub-085,16,3.5,2.5,2.9250855,1,308
14558,ds005293,sub-085,ds005293__sub-085,17,4.0,2.5,2.781745,0,308
14559,ds005293,sub-085,ds005293__sub-085,18,3.5,2.5,2.6972213,1,308
14560,ds005293,sub-085,ds005293__sub-085,19,4.0,2.5,2.7199872,14,308
14561,ds005293,sub-085,ds005293__sub-085,20,2.5,2.5,2.7423377,0,308
14562,ds005293,sub-085,ds005293__sub-085,21,4.0,2.5,2.918556,0,308
14563,ds005293,sub-085,ds005293__sub-085,22,3.0,2.5,2.8186667,1,308
14564,ds005293,sub-085,ds005293__sub-085,23,2.5,2.5,2.6833963,0,308
14565,ds005293,sub-085,ds005293__sub-085,24,2.5,2.5,2.995068,0,308
14566,ds005293,sub-085,ds005293__sub-085,25,3.0,2.5,3.0068917,1,308
14567,ds005293,sub-085,ds005293__sub-085,26,2.5,2.5,3.0903025,2,308
14568,ds005293,sub-085,ds005293__sub-085,27,3.5,3.75,3.2604403,3,308
14569,ds005293,sub-085,ds005293__sub-085,28,3.5,2.5,3.1819859,0,308
14570,ds005293,sub-085,ds005293__sub-085,29,4.0,2.5,3.2629368,1,308
14571,ds005293,sub-085,ds005293__sub-085,30,3.0,2.5,3.1226974,0,308
14572,ds005293,sub-085,ds005293__sub-085,31,3.5,2.5,3.1064873,1,308
14573,ds005293,sub-085,ds005293__sub-085,32,4.0,2.5,3.163238,0,308
14574,ds005293,sub-085,ds005293__sub-085,33,3.0,2.5,3.0268426,1,308
14575,ds005293,sub-085,ds005293__sub-085,34,3.0,2.5,2.7984576,0,308
14576,ds005293,sub-085,ds005293__sub-085,35,4.0,2.5,3.0047932,0,308
14577,ds005293,sub-085,ds005293__sub-085,36,3.0,4.0,3.4262204,0,308
14578,ds005293,sub-085,ds005293__sub-085,37,4.0,4.0,3.5048876,0,308
14579,ds005293,sub-085,ds005293__sub-085,38,4.0,4.0,3.650197,1,308
14580,ds005293,sub-085,ds005293__sub-085,39,4.0,4.0,3.731229,0,308
14581,ds005293,sub-085,ds005293__sub-085,40,3.5,4.5,3.6201675,1,308
14582,ds005293,sub-085,ds005293__sub-085,41,3.5,4.0,3.4148898,1,308
14583,ds005293,sub-085,ds005293__sub-085,42,2.5,2.5,3.1475391,3,308
14584,ds005293,sub-085,ds005293__sub-085,43,2.5,4.0,3.190607,0,308
14585,ds005293,sub-085,ds005293__sub-085,44,3.5,2.5,3.0856001,15,308
14586,ds005293,sub-085,ds005293__sub-085,45,4.0,2.25,3.1487875,0,308
14587,ds005293,sub-085,ds005293__sub-085,46,2.5,2.5,3.070794,0,308
14588,ds005293,sub-085,ds005293__sub-085,47,2.5,2.25,3.0503523,1,308
14589,ds005293,sub-085,ds005293__sub-085,48,2.5,3.75,3.5828376,0,308
14590,ds005293,sub-085,ds005293__sub-085,49,3.0,3.75,3.4369683,1,308
14591,ds005293,sub-085,ds005293__sub-085,50,3.0,3.75,3.4641984,0,308
14592,ds005293,sub-085,ds005293__sub-085,51,2.5,3.75,3.303145,1,308
14593,ds005293,sub-085,ds005293__sub-085,52,3.5,2.25,2.9709845,14,308
14594,ds005293,sub-085,ds005293__sub-085,53,3.0,2.25,2.8871932,15,308
14595,ds005293,sub-085,ds005293__sub-085,54,3.0,2.5,2.822555,15,308
14596,ds005293,sub-085,ds005293__sub-085,55,3.5,2.5,2.762454,15,308
14597,ds005293,sub-085,ds005293__sub-085,56,3.5,2.5,3.2479374,0,308
14598,ds005293,sub-085,ds005293__sub-085,57,4.0,2.5,3.2391229,1,308
14599,ds005293,sub-085,ds005293__sub-085,58,3.5,4.0,3.3212445,0,308
14600,ds005293,sub-085,ds005293__sub-085,59,4.0,2.5,3.3187685,0,308
14601,ds005293,sub-085,ds005293__sub-085,60,2.5,4.0,3.4368434,0,308
14602,ds005293,sub-085,ds005293__sub-085,61,4.0,4.0,3.4636903,0,308
14603,ds005293,sub-085,ds005293__sub-085,62,3.0,2.5,3.3492093,1,308
14604,ds005293,sub-085,ds005293__sub-085,63,2.5,2.5,3.1111627,1,308
14605,ds005293,sub-085,ds005293__sub-085,64,2.5,2.5,2.8918204,1,308
14606,ds005293,sub-085,ds005293__sub-085,65,3.0,2.5,3.0883045,0,308
14607,ds005293,sub-085,ds005293__sub-085,66,2.5,2.5,3.0787585,1,308
14608,ds005293,sub-085,ds005293__sub-085,67,3.5,2.5,2.8888361,2,308
14609,ds005293,sub-085,ds005293__sub-085,68,3.5,2.5,2.8757274,0,308
14610,ds005293,sub-085,ds005293__sub-085,69,4.0,2.5,2.9861038,1,308
14611,ds005293,sub-085,ds005293__sub-085,70,3.0,2.5,3.0983722,0,308
14612,ds005293,sub-085,ds005293__sub-085,71,3.5,4.0,3.2742753,1,308
14613,ds005293,sub-085,ds005293__sub-085,72,4.0,4.0,3.346141,0,308
14614,ds005293,sub-085,ds005293__sub-085,73,3.0,2.5,3.1305246,1,308
14615,ds005293,sub-085,ds005293__sub-085,74,3.0,2.5,2.961342,2,308
14616,ds005293,sub-085,ds005293__sub-085,75,4.0,2.5,2.8300533,3,308
14617,ds005293,sub-085,ds005293__sub-085,76,3.0,2.5,2.7886686,0,308
14618,ds005293,sub-085,ds005293__sub-085,77,4.0,2.5,2.826325,0,308
14619,ds005293,sub-085,ds005293__sub-085,78,4.0,4.5,3.4484944,0,308
14620,ds005293,sub-086,ds005293__sub-086,0,3.75,3.75,3.5211034,0,309
14621,ds005293,sub-086,ds005293__sub-086,1,3.75,3.75,3.6197271,0,309
14622,ds005293,sub-086,ds005293__sub-086,2,2.25,4.0,3.4402204,1,309
14623,ds005293,sub-086,ds005293__sub-086,3,2.25,4.0,3.3133478,3,309
14624,ds005293,sub-086,ds005293__sub-086,4,3.75,4.0,3.5701432,4,309
14625,ds005293,sub-086,ds005293__sub-086,5,4.5,4.0,3.5283413,5,309
14626,ds005293,sub-086,ds005293__sub-086,6,2.25,4.0,3.4801471,5,309
14627,ds005293,sub-086,ds005293__sub-086,7,2.25,3.5,3.4537768,6,309
14628,ds005293,sub-086,ds005293__sub-086,8,2.25,4.0,3.4783545,8,309
14629,ds005293,sub-086,ds005293__sub-086,9,3.0,4.0,3.4912198,8,309
14630,ds005293,sub-086,ds005293__sub-086,10,3.0,4.0,3.55009,0,309
14631,ds005293,sub-086,ds005293__sub-086,11,2.25,4.0,3.594773,1,309
14632,ds005293,sub-086,ds005293__sub-086,12,3.75,4.0,3.6981838,0,309
14633,ds005293,sub-086,ds005293__sub-086,13,3.0,4.0,3.67347,1,309
14634,ds005293,sub-086,ds005293__sub-086,14,3.0,4.0,3.6527088,2,309
14635,ds005293,sub-086,ds005293__sub-086,15,3.75,4.0,3.6503499,3,309
14636,ds005293,sub-086,ds005293__sub-086,16,3.75,4.0,3.6706471,4,309
14637,ds005293,sub-086,ds005293__sub-086,17,3.75,4.0,3.6731791,5,309
14638,ds005293,sub-086,ds005293__sub-086,18,4.5,4.0,3.7040043,0,309
14639,ds005293,sub-086,ds005293__sub-086,19,2.25,4.0,3.7091844,1,309
14640,ds005293,sub-086,ds005293__sub-086,20,4.5,4.0,3.7239382,0,309
14641,ds005293,sub-086,ds005293__sub-086,21,3.0,4.0,3.7167454,1,309
14642,ds005293,sub-086,ds005293__sub-086,22,2.25,4.0,3.6334524,2,309
14643,ds005293,sub-086,ds005293__sub-086,23,3.0,4.0,3.4622166,3,309
14644,ds005293,sub-086,ds005293__sub-086,24,2.25,4.0,3.2809486,4,309
14645,ds005293,sub-086,ds005293__sub-086,25,3.75,4.0,3.2586987,5,309
14646,ds005293,sub-086,ds005293__sub-086,26,3.0,4.0,3.2873378,14,309
14647,ds005293,sub-086,ds005293__sub-086,27,3.75,4.0,3.3210754,15,309
14648,ds005293,sub-086,ds005293__sub-086,28,3.0,4.0,3.2960632,0,309
14649,ds005293,sub-086,ds005293__sub-086,29,3.0,4.0,3.343918,1,309
14650,ds005293,sub-086,ds005293__sub-086,30,3.0,4.0,3.3459213,2,309
14651,ds005293,sub-086,ds005293__sub-086,31,4.5,4.0,3.4324179,0,309
14652,ds005293,sub-086,ds005293__sub-086,32,4.5,4.0,3.4590888,0,309
14653,ds005293,sub-086,ds005293__sub-086,33,4.5,4.0,3.5052495,0,309
14654,ds005293,sub-086,ds005293__sub-086,34,3.75,4.0,3.4921646,1,309
14655,ds005293,sub-086,ds005293__sub-086,35,3.75,4.0,3.5105574,2,309
14656,ds005293,sub-086,ds005293__sub-086,36,2.25,4.0,3.5076776,3,309
14657,ds005293,sub-086,ds005293__sub-086,37,2.25,4.0,3.5076935,4,309
14658,ds005293,sub-086,ds005293__sub-086,38,3.75,4.0,3.5159802,5,309
14659,ds005293,sub-086,ds005293__sub-086,39,4.5,4.0,3.3188157,1,309
14660,ds005293,sub-086,ds005293__sub-086,40,2.25,4.0,3.3358083,2,309
14661,ds005293,sub-086,ds005293__sub-086,41,2.25,4.0,3.3187551,3,309
14662,ds005293,sub-086,ds005293__sub-086,42,2.25,3.5,3.352736,0,309
14663,ds005293,sub-086,ds005293__sub-086,43,3.0,4.0,3.404866,1,309
14664,ds005293,sub-086,ds005293__sub-086,44,3.0,4.0,3.5168738,0,309
14665,ds005293,sub-086,ds005293__sub-086,45,2.25,4.0,3.561979,0,309
14666,ds005293,sub-086,ds005293__sub-086,46,3.75,4.0,3.619234,0,309
14667,ds005293,sub-086,ds005293__sub-086,47,3.0,4.0,3.602415,1,309
14668,ds005293,sub-086,ds005293__sub-086,48,3.0,4.0,3.6203117,0,309
14669,ds005293,sub-086,ds005293__sub-086,49,3.75,4.0,3.6209762,1,309
14670,ds005293,sub-086,ds005293__sub-086,50,3.75,4.0,3.6401515,0,309
14671,ds005293,sub-086,ds005293__sub-086,51,4.5,4.0,3.6725206,0,309
14672,ds005293,sub-086,ds005293__sub-086,52,3.75,4.0,3.5047247,1,309
14673,ds005293,sub-086,ds005293__sub-086,53,4.5,4.0,3.4693456,0,309
14674,ds005293,sub-086,ds005293__sub-086,54,2.25,4.0,3.3888874,1,309
14675,ds005293,sub-086,ds005293__sub-086,55,4.5,4.0,3.3313174,0,309
14676,ds005293,sub-086,ds005293__sub-086,56,3.0,4.0,3.2742143,1,309
14677,ds005293,sub-086,ds005293__sub-086,57,2.25,4.0,3.2753148,0,309
14678,ds005293,sub-086,ds005293__sub-086,58,2.25,4.0,3.3716302,0,309
14679,ds005293,sub-086,ds005293__sub-086,59,3.0,4.0,3.4151154,1,309
14680,ds005293,sub-086,ds005293__sub-086,60,2.25,4.0,3.3591316,2,309
14681,ds005293,sub-086,ds005293__sub-086,61,3.75,4.0,3.3511932,4,309
14682,ds005293,sub-086,ds005293__sub-086,62,3.75,4.0,3.2503781,1,309
14683,ds005293,sub-086,ds005293__sub-086,63,4.5,4.0,3.3124435,0,309
14684,ds005293,sub-086,ds005293__sub-086,64,3.0,4.0,3.3210554,1,309
14685,ds005293,sub-086,ds005293__sub-086,65,3.75,4.0,3.3454723,2,309
14686,ds005293,sub-086,ds005293__sub-086,66,4.5,4.0,3.3411999,3,309
14687,ds005293,sub-086,ds005293__sub-086,67,3.0,4.0,3.4367065,0,309
14688,ds005293,sub-086,ds005293__sub-086,68,3.0,4.0,3.4081738,1,309
14689,ds005293,sub-086,ds005293__sub-086,69,4.5,4.0,3.5223622,0,309
14690,ds005293,sub-086,ds005293__sub-086,70,3.0,4.0,3.496519,1,309
14691,ds005293,sub-086,ds005293__sub-086,71,4.5,4.0,3.5841155,0,309
14692,ds005293,sub-087,ds005293__sub-087,0,3.5,3.75,3.6335359,0,310
14693,ds005293,sub-087,ds005293__sub-087,1,3.5,4.0,3.536997,1,310
14694,ds005293,sub-087,ds005293__sub-087,2,2.5,4.0,2.9728045,2,310
14695,ds005293,sub-087,ds005293__sub-087,3,2.5,2.25,2.8398545,3,310
14696,ds005293,sub-087,ds005293__sub-087,4,4.0,3.5,2.944403,4,310
14697,ds005293,sub-087,ds005293__sub-087,5,2.5,3.5,2.9244194,5,310
14698,ds005293,sub-087,ds005293__sub-087,6,2.5,3.5,2.9445305,5,310
14699,ds005293,sub-087,ds005293__sub-087,7,2.5,3.5,2.960052,6,310
14700,ds005293,sub-087,ds005293__sub-087,8,3.0,3.5,3.0266144,7,310
14701,ds005293,sub-087,ds005293__sub-087,9,3.0,3.0,3.0996442,8,310
14702,ds005293,sub-087,ds005293__sub-087,10,2.5,3.0,3.1562116,9,310
14703,ds005293,sub-087,ds005293__sub-087,11,3.5,3.0,3.332406,10,310
14704,ds005293,sub-087,ds005293__sub-087,12,3.0,4.5,3.4097476,11,310
14705,ds005293,sub-087,ds005293__sub-087,13,3.0,4.5,3.5071535,0,310
14706,ds005293,sub-087,ds005293__sub-087,14,3.5,4.5,3.5383024,13,310
14707,ds005293,sub-087,ds005293__sub-087,15,3.5,4.5,3.5709736,13,310
14708,ds005293,sub-087,ds005293__sub-087,16,4.0,4.5,3.5701525,3,310
14709,ds005293,sub-087,ds005293__sub-087,17,3.5,4.5,3.5935018,15,310
14710,ds005293,sub-087,ds005293__sub-087,18,4.0,4.5,3.5225291,15,310
14711,ds005293,sub-087,ds005293__sub-087,19,2.5,4.5,3.487672,14,310
14712,ds005293,sub-087,ds005293__sub-087,20,4.0,4.5,3.3418446,15,310
14713,ds005293,sub-087,ds005293__sub-087,21,3.0,4.5,3.2942727,14,310
14714,ds005293,sub-087,ds005293__sub-087,22,2.5,4.5,3.3153398,14,310
14715,ds005293,sub-087,ds005293__sub-087,23,2.5,4.5,3.3546877,15,310
14716,ds005293,sub-087,ds005293__sub-087,24,3.0,4.5,3.2491145,15,310
14717,ds005293,sub-087,ds005293__sub-087,25,2.5,2.5,3.2283888,15,310
14718,ds005293,sub-087,ds005293__sub-087,26,3.5,2.5,3.2854657,14,310
14719,ds005293,sub-087,ds005293__sub-087,27,3.5,4.0,3.313988,15,310
14720,ds005293,sub-087,ds005293__sub-087,28,4.0,4.0,3.4647517,15,310
14721,ds005293,sub-087,ds005293__sub-087,29,3.0,4.0,3.400286,0,310
14722,ds005293,sub-087,ds005293__sub-087,30,3.5,4.0,3.3680723,1,310
14723,ds005293,sub-087,ds005293__sub-087,31,4.0,2.5,3.266346,13,310
14724,ds005293,sub-087,ds005293__sub-087,32,3.0,2.5,3.3265452,13,310
14725,ds005293,sub-087,ds005293__sub-087,33,3.0,2.5,3.3147798,14,310
14726,ds005293,sub-087,ds005293__sub-087,34,4.0,2.5,3.2941704,12,310
14727,ds005293,sub-087,ds005293__sub-087,35,3.0,2.5,3.2383378,13,310
14728,ds005293,sub-087,ds005293__sub-087,36,4.0,4.5,3.2544732,14,310
14729,ds005293,sub-087,ds005293__sub-087,37,4.0,2.5,3.2049427,15,310
14730,ds005293,sub-087,ds005293__sub-087,38,4.0,4.5,3.255626,14,310
14731,ds005293,sub-087,ds005293__sub-087,39,3.5,4.5,3.2522042,15,310
14732,ds005293,sub-087,ds005293__sub-087,40,3.5,4.5,3.2875721,0,310
14733,ds005293,sub-087,ds005293__sub-087,41,2.5,4.5,3.2476504,12,310
14734,ds005293,sub-087,ds005293__sub-087,42,2.5,4.5,3.2209728,13,310
14735,ds005293,sub-087,ds005293__sub-087,43,3.5,4.5,3.3101463,14,310
14736,ds005293,sub-087,ds005293__sub-087,44,4.0,4.5,3.3400006,15,310
14737,ds005293,sub-087,ds005293__sub-087,45,2.5,4.5,3.3430462,12,310
14738,ds005293,sub-087,ds005293__sub-087,46,2.5,4.5,3.3281326,7,310
14739,ds005293,sub-087,ds005293__sub-087,47,2.5,4.5,3.2677348,15,310
14740,ds005293,sub-087,ds005293__sub-087,48,3.0,4.5,3.2124057,14,310
14741,ds005293,sub-087,ds005293__sub-087,49,3.0,4.5,3.232373,10,310
14742,ds005293,sub-087,ds005293__sub-087,50,2.5,2.5,3.152977,11,310
14743,ds005293,sub-087,ds005293__sub-087,51,3.5,2.5,3.138638,12,310
14744,ds005293,sub-087,ds005293__sub-087,52,3.0,2.5,3.0944915,13,310
14745,ds005293,sub-087,ds005293__sub-087,53,3.0,2.5,3.041296,14,310
14746,ds005293,sub-087,ds005293__sub-087,54,3.5,2.5,3.028275,15,310
14747,ds005293,sub-087,ds005293__sub-087,55,3.5,2.5,2.9512973,15,310
14748,ds005293,sub-087,ds005293__sub-087,56,4.0,2.0,2.9329963,14,310
14749,ds005293,sub-087,ds005293__sub-087,57,3.5,2.0,2.8656273,15,310
14750,ds005293,sub-087,ds005293__sub-087,58,4.0,2.0,2.8971696,12,310
14751,ds005293,sub-087,ds005293__sub-087,59,2.5,2.0,2.8849206,14,310
14752,ds005293,sub-087,ds005293__sub-087,60,4.0,2.0,2.891718,15,310
14753,ds005293,sub-087,ds005293__sub-087,61,3.0,2.0,2.9887486,15,310
14754,ds005293,sub-087,ds005293__sub-087,62,2.5,4.5,3.025248,15,310
14755,ds005293,sub-087,ds005293__sub-087,63,2.5,4.5,3.0993352,1,310
14756,ds005293,sub-087,ds005293__sub-087,64,3.0,4.5,3.1593742,14,310
14757,ds005293,sub-087,ds005293__sub-087,65,2.5,4.5,3.1640453,15,310
14758,ds005293,sub-087,ds005293__sub-087,66,3.5,4.5,3.0839214,14,310
14759,ds005293,sub-087,ds005293__sub-087,67,3.5,2.0,3.0123796,15,310
14760,ds005293,sub-087,ds005293__sub-087,68,4.0,4.5,3.1625159,6,310
14761,ds005293,sub-087,ds005293__sub-087,69,3.0,4.5,3.3227942,15,310
14762,ds005293,sub-087,ds005293__sub-087,70,3.5,4.5,3.2629352,8,310
14763,ds005293,sub-087,ds005293__sub-087,71,4.0,4.5,3.2719808,12,310
14764,ds005293,sub-087,ds005293__sub-087,72,3.0,4.5,3.3124752,10,310
14765,ds005293,sub-087,ds005293__sub-087,73,3.0,4.5,3.292495,14,310
14766,ds005293,sub-087,ds005293__sub-087,74,4.0,4.5,3.3642335,12,310
14767,ds005293,sub-087,ds005293__sub-087,75,3.0,4.5,3.3253858,13,310
14768,ds005293,sub-087,ds005293__sub-087,76,4.0,4.5,3.392029,14,310
14769,ds005293,sub-087,ds005293__sub-087,77,4.0,4.5,3.3324294,15,310
14770,ds005293,sub-087,ds005293__sub-087,78,4.0,4.5,3.4353209,15,310
14771,ds005293,sub-088,ds005293__sub-088,0,3.75,3.5,3.4976306,0,311
14772,ds005293,sub-088,ds005293__sub-088,1,3.75,3.75,3.525931,1,311
14773,ds005293,sub-088,ds005293__sub-088,2,2.25,3.5,3.4536934,2,311
14774,ds005293,sub-088,ds005293__sub-088,3,2.25,3.5,3.307805,3,311
14775,ds005293,sub-088,ds005293__sub-088,4,3.75,3.5,3.2141023,4,311
14776,ds005293,sub-088,ds005293__sub-088,5,4.5,3.5,3.1719522,5,311
14777,ds005293,sub-088,ds005293__sub-088,6,2.25,3.5,3.1504114,6,311
14778,ds005293,sub-088,ds005293__sub-088,7,2.25,3.5,3.1426346,7,311
14779,ds005293,sub-088,ds005293__sub-088,8,2.25,3.5,3.1477196,8,311
14780,ds005293,sub-088,ds005293__sub-088,9,3.0,3.5,3.1470277,9,311
14781,ds005293,sub-088,ds005293__sub-088,10,3.0,3.5,3.1437123,10,311
14782,ds005293,sub-088,ds005293__sub-088,11,2.25,3.5,3.1360724,11,311
14783,ds005293,sub-088,ds005293__sub-088,12,3.75,3.5,3.1341443,12,311
14784,ds005293,sub-088,ds005293__sub-088,13,3.0,3.5,3.1488419,12,311
14785,ds005293,sub-088,ds005293__sub-088,14,3.0,3.5,3.172036,13,311
14786,ds005293,sub-088,ds005293__sub-088,15,3.75,3.5,3.188817,15,311
14787,ds005293,sub-088,ds005293__sub-088,16,3.75,3.5,3.1991477,15,311
14788,ds005293,sub-088,ds005293__sub-088,17,4.5,3.5,3.2269025,14,311
14789,ds005293,sub-088,ds005293__sub-088,18,3.75,3.5,3.2299871,15,311
14790,ds005293,sub-088,ds005293__sub-088,19,4.5,3.5,3.2438293,15,311
14791,ds005293,sub-088,ds005293__sub-088,20,2.25,3.75,3.2599158,15,311
14792,ds005293,sub-088,ds005293__sub-088,21,4.5,3.75,3.2642627,14,311
14793,ds005293,sub-088,ds005293__sub-088,22,3.0,3.75,3.269445,15,311
14794,ds005293,sub-088,ds005293__sub-088,23,2.25,4.5,3.2517986,10,311
14795,ds005293,sub-088,ds005293__sub-088,24,2.25,3.0,3.2051907,13,311
14796,ds005293,sub-088,ds005293__sub-088,25,3.0,3.0,3.2075152,14,311
14797,ds005293,sub-088,ds005293__sub-088,26,2.25,4.5,3.2126675,13,311
14798,ds005293,sub-088,ds005293__sub-088,27,3.75,2.0,3.2042587,14,311
14799,ds005293,sub-088,ds005293__sub-088,28,3.75,2.0,3.1876974,15,311
14800,ds005293,sub-088,ds005293__sub-088,29,4.5,2.0,3.1768951,15,311
14801,ds005293,sub-088,ds005293__sub-088,30,3.0,3.75,3.2034674,14,311
14802,ds005293,sub-088,ds005293__sub-088,31,3.75,3.0,3.2025921,14,311
14803,ds005293,sub-088,ds005293__sub-088,32,4.5,3.0,3.2147627,15,311
14804,ds005293,sub-088,ds005293__sub-088,33,3.0,3.0,3.217111,15,311
14805,ds005293,sub-088,ds005293__sub-088,34,3.0,3.0,3.1696475,14,311
14806,ds005293,sub-088,ds005293__sub-088,35,4.5,3.0,3.1465862,15,311
14807,ds005293,sub-088,ds005293__sub-088,36,3.0,3.0,3.136135,15,311
14808,ds005293,sub-088,ds005293__sub-088,37,4.5,2.5,3.1564932,14,311
14809,ds005293,sub-088,ds005293__sub-088,38,4.5,2.5,3.122077,15,311
14810,ds005293,sub-088,ds005293__sub-088,39,3.75,2.5,3.1069126,15,311
14811,ds005293,sub-088,ds005293__sub-088,40,3.75,2.5,3.1039329,14,311
14812,ds005293,sub-088,ds005293__sub-088,41,2.25,2.0,3.133308,15,311
14813,ds005293,sub-088,ds005293__sub-088,42,2.25,2.0,3.118153,15,311
14814,ds005293,sub-088,ds005293__sub-088,43,3.75,3.0,3.105862,14,311
14815,ds005293,sub-088,ds005293__sub-088,44,4.5,2.5,3.1045356,15,311
14816,ds005293,sub-088,ds005293__sub-088,45,2.25,2.5,3.1053123,14,311
14817,ds005293,sub-088,ds005293__sub-088,46,2.25,2.0,3.0833304,15,311
14818,ds005293,sub-088,ds005293__sub-088,47,2.25,2.0,3.0982378,15,311
14819,ds005293,sub-088,ds005293__sub-088,48,3.0,2.0,3.14216,14,311
14820,ds005293,sub-088,ds005293__sub-088,49,3.0,2.0,3.1554837,15,311
14821,ds005293,sub-088,ds005293__sub-088,50,2.25,3.75,3.1709523,14,311
14822,ds005293,sub-088,ds005293__sub-088,51,3.75,2.0,3.170401,15,311
14823,ds005293,sub-088,ds005293__sub-088,52,3.0,3.0,3.1727176,15,311
14824,ds005293,sub-088,ds005293__sub-088,53,3.0,3.0,3.178368,14,311
14825,ds005293,sub-088,ds005293__sub-088,54,3.75,2.5,3.1838741,15,311
14826,ds005293,sub-088,ds005293__sub-088,55,3.75,2.5,3.1993494,13,311
14827,ds005293,sub-088,ds005293__sub-088,56,4.5,2.5,3.1962752,14,311
14828,ds005293,sub-088,ds005293__sub-088,57,3.75,2.5,3.193687,15,311
14829,ds005293,sub-088,ds005293__sub-088,58,4.5,2.5,3.1915193,15,311
14830,ds005293,sub-088,ds005293__sub-088,59,2.25,4.5,3.2038531,15,311
14831,ds005293,sub-088,ds005293__sub-088,60,4.5,4.5,3.2177236,13,311
14832,ds005293,sub-088,ds005293__sub-088,61,3.0,4.5,3.2151518,15,311
14833,ds005293,sub-088,ds005293__sub-088,62,2.25,2.0,3.1601663,15,311
14834,ds005293,sub-088,ds005293__sub-088,63,2.25,2.0,3.1542358,14,311
14835,ds005293,sub-088,ds005293__sub-088,64,3.0,2.0,3.151667,15,311
14836,ds005293,sub-088,ds005293__sub-088,65,2.25,2.0,3.15477,15,311
14837,ds005293,sub-088,ds005293__sub-088,66,3.75,2.0,3.1606236,14,311
14838,ds005293,sub-088,ds005293__sub-088,67,4.5,2.0,3.1586714,15,311
14839,ds005293,sub-088,ds005293__sub-088,68,3.0,4.0,3.1517408,15,311
14840,ds005293,sub-088,ds005293__sub-088,69,3.75,3.0,3.1771295,14,311
14841,ds005293,sub-088,ds005293__sub-088,70,4.5,4.0,3.201504,14,311
14842,ds005293,sub-088,ds005293__sub-088,71,3.0,3.75,3.220171,14,311
14843,ds005293,sub-088,ds005293__sub-088,72,3.0,3.75,3.2341697,15,311
14844,ds005293,sub-088,ds005293__sub-088,73,4.5,3.75,3.2184894,15,311
14845,ds005293,sub-088,ds005293__sub-088,74,3.0,4.5,3.2179036,15,311
14846,ds005293,sub-088,ds005293__sub-088,75,4.5,4.5,3.231034,15,311
14847,ds005293,sub-089,ds005293__sub-089,0,2.25,3.5,3.4268036,0,312
14848,ds005293,sub-089,ds005293__sub-089,1,3.75,3.5,3.4174314,0,312
14849,ds005293,sub-089,ds005293__sub-089,2,4.5,3.5,3.094446,0,312
14850,ds005293,sub-089,ds005293__sub-089,3,2.25,3.5,3.0658863,1,312
14851,ds005293,sub-089,ds005293__sub-089,4,2.25,3.5,3.1400259,2,312
14852,ds005293,sub-089,ds005293__sub-089,5,2.25,3.0,3.0989313,4,312
14853,ds005293,sub-089,ds005293__sub-089,6,3.0,3.5,3.1056962,5,312
14854,ds005293,sub-089,ds005293__sub-089,7,3.0,3.0,3.0790124,6,312
14855,ds005293,sub-089,ds005293__sub-089,8,2.25,3.0,3.1102657,7,312
14856,ds005293,sub-089,ds005293__sub-089,9,3.75,3.0,3.1117094,8,312
14857,ds005293,sub-089,ds005293__sub-089,10,3.0,2.5,3.116458,9,312
14858,ds005293,sub-089,ds005293__sub-089,11,3.0,2.5,3.122269,10,312
14859,ds005293,sub-089,ds005293__sub-089,12,3.75,2.5,3.1457484,11,312
14860,ds005293,sub-089,ds005293__sub-089,13,3.75,2.5,3.2006025,12,312
14861,ds005293,sub-089,ds005293__sub-089,14,4.5,2.5,3.2251983,13,312
14862,ds005293,sub-089,ds005293__sub-089,15,3.75,3.0,3.2447038,14,312
14863,ds005293,sub-089,ds005293__sub-089,16,4.5,2.5,3.1931891,15,312
14864,ds005293,sub-089,ds005293__sub-089,17,2.25,2.5,3.173201,15,312
14865,ds005293,sub-089,ds005293__sub-089,18,4.5,2.5,3.233021,11,312
14866,ds005293,sub-089,ds005293__sub-089,19,3.0,2.5,3.2383907,12,312
14867,ds005293,sub-089,ds005293__sub-089,20,2.25,2.5,3.2411528,15,312
14868,ds005293,sub-089,ds005293__sub-089,21,2.25,2.5,3.167923,14,312
14869,ds005293,sub-089,ds005293__sub-089,22,3.0,2.5,3.169518,15,312
14870,ds005293,sub-089,ds005293__sub-089,23,2.25,2.5,3.154346,15,312
14871,ds005293,sub-089,ds005293__sub-089,24,3.75,2.5,3.1808763,11,312
14872,ds005293,sub-089,ds005293__sub-089,25,3.75,2.5,3.186419,12,312
14873,ds005293,sub-089,ds005293__sub-089,26,4.5,2.5,3.1717987,13,312
14874,ds005293,sub-089,ds005293__sub-089,27,3.0,2.5,3.1634202,14,312
14875,ds005293,sub-089,ds005293__sub-089,28,3.75,2.5,3.1512542,15,312
14876,ds005293,sub-089,ds005293__sub-089,29,4.5,2.5,3.1411738,14,312
14877,ds005293,sub-089,ds005293__sub-089,30,3.0,2.5,3.1421604,15,312
14878,ds005293,sub-089,ds005293__sub-089,31,3.0,2.5,3.1275427,15,312
14879,ds005293,sub-089,ds005293__sub-089,32,4.5,2.5,3.1337519,13,312
14880,ds005293,sub-089,ds005293__sub-089,33,4.5,2.5,3.1575785,14,312
14881,ds005293,sub-089,ds005293__sub-089,34,4.5,2.5,3.1491632,15,312
14882,ds005293,sub-089,ds005293__sub-089,35,4.5,2.5,3.184926,15,312
14883,ds005293,sub-089,ds005293__sub-089,36,3.75,2.5,3.193505,15,312
14884,ds005293,sub-089,ds005293__sub-089,37,3.75,2.5,3.1752877,14,312
14885,ds005293,sub-089,ds005293__sub-089,38,2.25,2.5,3.1413245,13,312
14886,ds005293,sub-089,ds005293__sub-089,39,2.25,2.5,3.1622555,13,312
14887,ds005293,sub-089,ds005293__sub-089,40,3.75,2.5,3.1567426,12,312
14888,ds005293,sub-089,ds005293__sub-089,41,4.5,2.5,3.1404786,13,312
14889,ds005293,sub-089,ds005293__sub-089,42,2.25,2.5,3.1162076,14,312
14890,ds005293,sub-089,ds005293__sub-089,43,2.25,2.5,3.114426,15,312
14891,ds005293,sub-089,ds005293__sub-089,44,2.25,2.5,3.1238782,14,312
14892,ds005293,sub-089,ds005293__sub-089,45,3.0,2.5,3.1390784,14,312
14893,ds005293,sub-089,ds005293__sub-089,46,3.0,2.5,3.1446674,12,312
14894,ds005293,sub-089,ds005293__sub-089,47,2.25,2.5,3.164522,13,312
14895,ds005293,sub-089,ds005293__sub-089,48,3.75,2.5,3.1700182,14,312
14896,ds005293,sub-089,ds005293__sub-089,49,3.0,2.5,3.1686506,15,312
14897,ds005293,sub-089,ds005293__sub-089,50,3.0,2.5,3.1743789,14,312
14898,ds005293,sub-089,ds005293__sub-089,51,3.75,2.5,3.2013307,15,312
14899,ds005293,sub-089,ds005293__sub-089,52,3.75,2.5,3.2164667,15,312
14900,ds005293,sub-089,ds005293__sub-089,53,4.5,2.5,3.2206514,15,312
14901,ds005293,sub-089,ds005293__sub-089,54,3.75,2.5,3.2029943,15,312
14902,ds005293,sub-089,ds005293__sub-089,55,4.5,2.5,3.1780524,15,312
14903,ds005293,sub-089,ds005293__sub-089,56,2.25,2.5,3.1801505,14,312
14904,ds005293,sub-089,ds005293__sub-089,57,4.5,2.5,3.1742415,15,312
14905,ds005293,sub-089,ds005293__sub-089,58,3.0,2.5,3.178694,15,312
14906,ds005293,sub-089,ds005293__sub-089,59,2.25,2.5,3.1830516,15,312
14907,ds005293,sub-089,ds005293__sub-089,60,2.25,2.5,3.1580806,15,312
14908,ds005293,sub-089,ds005293__sub-089,61,3.0,2.5,3.1721218,10,312
14909,ds005293,sub-089,ds005293__sub-089,62,2.25,2.5,3.1956856,14,312
14910,ds005293,sub-089,ds005293__sub-089,63,3.75,2.5,3.1677098,12,312
14911,ds005293,sub-089,ds005293__sub-089,64,3.75,2.5,3.177278,13,312
14912,ds005293,sub-089,ds005293__sub-089,65,4.5,2.5,3.1590152,14,312
14913,ds005293,sub-089,ds005293__sub-089,66,2.25,2.5,3.1691303,13,312
14914,ds005293,sub-089,ds005293__sub-089,67,3.75,2.5,3.1649158,12,312
14915,ds005293,sub-089,ds005293__sub-089,68,4.5,2.5,3.1693587,13,312
14916,ds005293,sub-089,ds005293__sub-089,69,3.0,2.5,3.1873999,13,312
14917,ds005293,sub-089,ds005293__sub-089,70,3.0,2.5,3.180709,15,312
14918,ds005293,sub-089,ds005293__sub-089,71,4.5,2.5,3.1794906,13,312
14919,ds005293,sub-089,ds005293__sub-089,72,3.0,2.5,3.158443,15,312
14920,ds005293,sub-089,ds005293__sub-089,73,4.5,2.5,3.1534138,15,312
14921,ds005293,sub-089,ds005293__sub-089,74,4.5,2.5,3.1685266,15,312
14922,ds005293,sub-089,ds005293__sub-089,75,4.5,2.5,3.1707144,12,312
14923,ds005293,sub-090,ds005293__sub-090,0,3.0,3.75,3.4514747,0,313
14924,ds005293,sub-090,ds005293__sub-090,1,3.0,2.25,2.3093007,0,313
14925,ds005293,sub-090,ds005293__sub-090,2,2.0,2.25,2.3515117,1,313
14926,ds005293,sub-090,ds005293__sub-090,3,2.0,2.25,2.4477894,2,313
14927,ds005293,sub-090,ds005293__sub-090,4,3.0,2.25,2.5322785,3,313
14928,ds005293,sub-090,ds005293__sub-090,5,3.5,2.25,2.6930387,4,313
14929,ds005293,sub-090,ds005293__sub-090,6,2.0,2.25,2.762109,5,313
14930,ds005293,sub-090,ds005293__sub-090,7,2.0,2.25,2.8283513,6,313
14931,ds005293,sub-090,ds005293__sub-090,8,2.0,2.25,2.857121,7,313
14932,ds005293,sub-090,ds005293__sub-090,9,2.5,2.25,2.929402,8,313
14933,ds005293,sub-090,ds005293__sub-090,10,2.5,2.5,2.9021778,9,313
14934,ds005293,sub-090,ds005293__sub-090,11,2.0,2.5,2.860065,10,313
14935,ds005293,sub-090,ds005293__sub-090,12,3.0,2.5,2.890044,11,313
14936,ds005293,sub-090,ds005293__sub-090,13,2.5,2.5,3.0939546,0,313
14937,ds005293,sub-090,ds005293__sub-090,14,2.5,2.5,3.047378,1,313
14938,ds005293,sub-090,ds005293__sub-090,15,3.0,2.5,3.079112,2,313
14939,ds005293,sub-090,ds005293__sub-090,16,3.0,2.5,2.8883479,14,313
14940,ds005293,sub-090,ds005293__sub-090,17,3.5,2.5,2.877738,14,313
14941,ds005293,sub-090,ds005293__sub-090,18,3.0,2.5,2.7933521,14,313
14942,ds005293,sub-090,ds005293__sub-090,19,3.5,2.5,2.7534375,15,313
14943,ds005293,sub-090,ds005293__sub-090,20,2.0,2.5,2.9107852,0,313
14944,ds005293,sub-090,ds005293__sub-090,21,2.5,2.5,2.9025981,1,313
14945,ds005293,sub-090,ds005293__sub-090,22,2.0,2.5,2.915668,2,313
14946,ds005293,sub-090,ds005293__sub-090,23,2.0,2.5,3.024179,0,313
14947,ds005293,sub-090,ds005293__sub-090,24,2.5,2.5,2.9834018,15,313
14948,ds005293,sub-090,ds005293__sub-090,25,2.0,2.5,2.9588804,15,313
14949,ds005293,sub-090,ds005293__sub-090,26,3.0,2.5,2.8999758,14,313
14950,ds005293,sub-090,ds005293__sub-090,27,3.0,2.5,2.829675,0,313
14951,ds005293,sub-090,ds005293__sub-090,28,3.5,2.5,2.8015876,14,313
14952,ds005293,sub-090,ds005293__sub-090,29,3.0,2.5,2.7326102,0,313
14953,ds005293,sub-090,ds005293__sub-090,30,3.5,2.5,2.7509954,0,313
14954,ds005293,sub-090,ds005293__sub-090,31,2.5,2.5,2.7246547,0,313
14955,ds005293,sub-090,ds005293__sub-090,32,2.5,2.5,2.6979966,1,313
14956,ds005293,sub-090,ds005293__sub-090,33,3.5,2.5,2.7244587,14,313
14957,ds005293,sub-090,ds005293__sub-090,34,3.5,2.5,2.768817,0,313
14958,ds005293,sub-090,ds005293__sub-090,35,3.5,2.5,2.7578385,1,313
14959,ds005293,sub-090,ds005293__sub-090,36,3.5,2.5,3.0195575,0,313
14960,ds005293,sub-090,ds005293__sub-090,37,3.0,2.5,2.9626715,1,313
14961,ds005293,sub-090,ds005293__sub-090,38,3.0,4.0,3.3562331,0,313
14962,ds005293,sub-090,ds005293__sub-090,39,2.0,2.5,3.3266735,1,313
14963,ds005293,sub-090,ds005293__sub-090,40,2.0,2.5,3.1698446,0,313
14964,ds005293,sub-090,ds005293__sub-090,41,3.0,4.5,3.5106375,1,313
14965,ds005293,sub-090,ds005293__sub-090,42,3.5,2.5,3.3441865,0,313
14966,ds005293,sub-090,ds005293__sub-090,43,2.0,2.5,3.3336194,0,313
14967,ds005293,sub-090,ds005293__sub-090,44,2.0,4.5,3.5375545,0,313
14968,ds005293,sub-090,ds005293__sub-090,45,2.0,4.5,3.4207795,1,313
14969,ds005293,sub-090,ds005293__sub-090,46,2.5,4.5,3.4941225,0,313
14970,ds005293,sub-090,ds005293__sub-090,47,2.5,3.75,3.5640209,0,313
14971,ds005293,sub-090,ds005293__sub-090,48,2.0,3.75,3.6253693,0,313
14972,ds005293,sub-090,ds005293__sub-090,49,3.0,3.75,3.6855597,0,313
14973,ds005293,sub-090,ds005293__sub-090,50,2.5,3.75,3.623561,1,313
14974,ds005293,sub-090,ds005293__sub-090,51,2.5,3.75,3.6339393,2,313
14975,ds005293,sub-090,ds005293__sub-090,52,3.0,4.0,3.6018076,3,313
14976,ds005293,sub-090,ds005293__sub-090,53,3.0,4.0,3.5017796,1,313
14977,ds005293,sub-090,ds005293__sub-090,54,3.5,4.0,3.4913259,0,313
14978,ds005293,sub-090,ds005293__sub-090,55,3.0,4.0,3.4042354,0,313
14979,ds005293,sub-090,ds005293__sub-090,56,2.0,2.5,3.3338099,1,313
14980,ds005293,sub-090,ds005293__sub-090,57,3.5,2.5,3.3500729,0,313
14981,ds005293,sub-090,ds005293__sub-090,58,2.5,2.5,3.134167,1,313
14982,ds005293,sub-090,ds005293__sub-090,59,2.0,2.5,2.9008794,0,313
14983,ds005293,sub-090,ds005293__sub-090,60,2.0,2.5,2.9819372,0,313
14984,ds005293,sub-090,ds005293__sub-090,61,2.5,2.5,3.2034302,0,313
14985,ds005293,sub-090,ds005293__sub-090,62,2.0,2.5,3.1501806,0,313
14986,ds005293,sub-090,ds005293__sub-090,63,3.0,2.5,3.0684316,1,313
14987,ds005293,sub-090,ds005293__sub-090,64,3.0,2.5,2.9952214,14,313
14988,ds005293,sub-090,ds005293__sub-090,65,3.5,2.5,3.0130694,15,313
14989,ds005293,sub-090,ds005293__sub-090,66,2.5,2.5,2.9628506,14,313
14990,ds005293,sub-090,ds005293__sub-090,67,3.0,2.5,2.887734,14,313
14991,ds005293,sub-090,ds005293__sub-090,68,3.5,2.5,2.925754,0,313
14992,ds005293,sub-090,ds005293__sub-090,69,2.5,2.5,2.8316252,15,313
14993,ds005293,sub-090,ds005293__sub-090,70,2.5,2.5,2.9978166,0,313
14994,ds005293,sub-090,ds005293__sub-090,71,3.5,2.5,2.9154384,1,313
14995,ds005293,sub-090,ds005293__sub-090,72,2.5,2.5,3.1166806,0,313
14996,ds005293,sub-090,ds005293__sub-090,73,3.5,2.5,3.0733647,14,313
14997,ds005293,sub-090,ds005293__sub-090,74,3.5,2.5,3.0334368,15,313
14998,ds005293,sub-091,ds005293__sub-091,0,3.75,3.75,3.6352713,0,314
14999,ds005293,sub-091,ds005293__sub-091,1,3.75,4.0,3.6617537,1,314
15000,ds005293,sub-091,ds005293__sub-091,2,2.25,4.0,3.474164,2,314
15001,ds005293,sub-091,ds005293__sub-091,3,2.25,4.0,3.1177866,3,314
15002,ds005293,sub-091,ds005293__sub-091,4,3.75,2.25,2.9651709,4,314
15003,ds005293,sub-091,ds005293__sub-091,5,4.5,2.25,3.0257638,5,314
15004,ds005293,sub-091,ds005293__sub-091,6,2.25,2.25,3.06716,6,314
15005,ds005293,sub-091,ds005293__sub-091,7,2.25,2.25,3.0637207,7,314
15006,ds005293,sub-091,ds005293__sub-091,8,2.25,2.25,3.1031666,8,314
15007,ds005293,sub-091,ds005293__sub-091,9,3.0,2.25,3.144928,9,314
15008,ds005293,sub-091,ds005293__sub-091,10,3.0,2.25,3.1803203,10,314
15009,ds005293,sub-091,ds005293__sub-091,11,2.25,4.5,3.2369628,11,314
15010,ds005293,sub-091,ds005293__sub-091,12,3.75,4.5,3.2790875,12,314
15011,ds005293,sub-091,ds005293__sub-091,13,3.0,4.5,3.3183131,13,314
15012,ds005293,sub-091,ds005293__sub-091,14,3.0,4.5,3.3599901,14,314
15013,ds005293,sub-091,ds005293__sub-091,15,3.75,4.5,3.41465,15,314
15014,ds005293,sub-091,ds005293__sub-091,16,3.75,4.5,3.4787705,15,314
15015,ds005293,sub-091,ds005293__sub-091,17,4.5,4.5,3.559585,15,314
15016,ds005293,sub-091,ds005293__sub-091,18,3.75,4.5,3.6134012,15,314
15017,ds005293,sub-091,ds005293__sub-091,19,4.5,3.75,3.5037336,15,314
15018,ds005293,sub-091,ds005293__sub-091,20,2.25,3.75,3.427963,12,314
15019,ds005293,sub-091,ds005293__sub-091,21,4.5,4.5,3.408292,15,314
15020,ds005293,sub-091,ds005293__sub-091,22,3.0,4.5,3.393826,14,314
15021,ds005293,sub-091,ds005293__sub-091,23,2.25,4.5,3.3358989,14,314
15022,ds005293,sub-091,ds005293__sub-091,24,2.25,4.5,3.3172529,14,314
15023,ds005293,sub-091,ds005293__sub-091,25,3.0,4.5,3.2422225,13,314
15024,ds005293,sub-091,ds005293__sub-091,26,2.25,4.5,3.2462294,14,314
15025,ds005293,sub-091,ds005293__sub-091,27,3.75,4.5,3.2854478,14,314
15026,ds005293,sub-091,ds005293__sub-091,28,3.75,4.5,3.2930055,15,314
15027,ds005293,sub-091,ds005293__sub-091,29,4.5,3.75,3.278184,14,314
15028,ds005293,sub-091,ds005293__sub-091,30,3.0,4.5,3.3185372,14,314
15029,ds005293,sub-091,ds005293__sub-091,31,3.75,4.5,3.3484368,13,314
15030,ds005293,sub-091,ds005293__sub-091,32,4.5,4.5,3.3929403,14,314
15031,ds005293,sub-091,ds005293__sub-091,33,3.0,4.5,3.4268055,15,314
15032,ds005293,sub-091,ds005293__sub-091,34,3.0,4.5,3.4044743,14,314
15033,ds005293,sub-091,ds005293__sub-091,35,4.5,4.5,3.4235473,15,314
15034,ds005293,sub-091,ds005293__sub-091,36,3.0,4.5,3.4703975,14,314
15035,ds005293,sub-091,ds005293__sub-091,37,4.5,4.5,3.4472446,14,314
15036,ds005293,sub-091,ds005293__sub-091,38,4.5,4.5,3.4366555,13,314
15037,ds005293,sub-091,ds005293__sub-091,39,4.5,4.5,3.4215744,14,314
15038,ds005293,sub-091,ds005293__sub-091,40,3.75,4.5,3.3438966,15,314
15039,ds005293,sub-091,ds005293__sub-091,41,3.75,3.75,3.2627902,13,314
15040,ds005293,sub-091,ds005293__sub-091,42,2.25,3.75,3.217792,14,314
15041,ds005293,sub-091,ds005293__sub-091,43,2.25,3.75,3.246995,15,314
15042,ds005293,sub-091,ds005293__sub-091,44,3.75,3.75,3.3037698,14,314
15043,ds005293,sub-091,ds005293__sub-091,45,4.5,3.75,3.278623,15,314
15044,ds005293,sub-091,ds005293__sub-091,46,2.25,3.75,3.2598677,15,314
15045,ds005293,sub-091,ds005293__sub-091,47,2.25,3.75,3.2817664,14,314
15046,ds005293,sub-091,ds005293__sub-091,48,2.25,3.75,3.3201416,15,314
15047,ds005293,sub-091,ds005293__sub-091,49,3.0,3.75,3.3449678,15,314
15048,ds005293,sub-091,ds005293__sub-091,50,3.0,3.75,3.351037,14,314
15049,ds005293,sub-091,ds005293__sub-091,51,2.25,3.75,3.363804,15,314
15050,ds005293,sub-091,ds005293__sub-091,52,3.75,3.5,3.3276205,8,314
15051,ds005293,sub-091,ds005293__sub-091,53,3.0,4.0,3.3054414,9,314
15052,ds005293,sub-091,ds005293__sub-091,54,3.0,4.5,3.2596154,11,314
15053,ds005293,sub-091,ds005293__sub-091,55,3.75,4.5,3.3017688,12,314
15054,ds005293,sub-091,ds005293__sub-091,56,3.75,4.5,3.3547792,12,314
15055,ds005293,sub-091,ds005293__sub-091,57,4.5,4.5,3.3870475,13,314
15056,ds005293,sub-091,ds005293__sub-091,58,3.75,4.5,3.37398,14,314
15057,ds005293,sub-091,ds005293__sub-091,59,4.5,4.5,3.3973675,15,314
15058,ds005293,sub-091,ds005293__sub-091,60,2.25,4.5,3.4445987,14,314
15059,ds005293,sub-091,ds005293__sub-091,61,4.5,4.5,3.44029,15,314
15060,ds005293,sub-091,ds005293__sub-091,62,3.0,4.5,3.4522593,14,314
15061,ds005293,sub-091,ds005293__sub-091,63,2.25,4.5,3.414626,15,314
15062,ds005293,sub-091,ds005293__sub-091,64,2.25,4.5,3.4249206,14,314
15063,ds005293,sub-091,ds005293__sub-091,65,3.0,4.5,3.394928,13,314
15064,ds005293,sub-091,ds005293__sub-091,66,2.25,4.5,3.3546038,14,314
15065,ds005293,sub-091,ds005293__sub-091,67,3.75,4.5,3.3421774,15,314
15066,ds005293,sub-091,ds005293__sub-091,68,3.75,4.5,3.2920337,15,314
15067,ds005293,sub-091,ds005293__sub-091,69,4.5,4.5,3.2666342,15,314
15068,ds005293,sub-091,ds005293__sub-091,70,3.0,4.5,3.2171113,14,314
15069,ds005293,sub-091,ds005293__sub-091,71,3.75,4.5,3.1759114,15,314
15070,ds005293,sub-091,ds005293__sub-091,72,4.5,4.5,3.1846766,14,314
15071,ds005293,sub-091,ds005293__sub-091,73,3.0,4.5,3.2048912,15,314
15072,ds005293,sub-091,ds005293__sub-091,74,3.0,4.5,3.2163968,14,314
15073,ds005293,sub-091,ds005293__sub-091,75,4.5,4.5,3.2422729,15,314
15074,ds005293,sub-091,ds005293__sub-091,76,3.0,4.5,3.2383406,14,314
15075,ds005293,sub-091,ds005293__sub-091,77,4.5,4.5,3.2647848,15,314
15076,ds005293,sub-091,ds005293__sub-091,78,4.5,4.5,3.2554555,14,314
15077,ds005293,sub-091,ds005293__sub-091,79,4.5,3.75,3.268663,15,314
15078,ds005293,sub-092,ds005293__sub-092,0,3.75,3.75,3.5924177,0,315
15079,ds005293,sub-092,ds005293__sub-092,1,3.75,3.75,3.5538108,1,315
15080,ds005293,sub-092,ds005293__sub-092,2,2.25,2.25,2.8861341,2,315
15081,ds005293,sub-092,ds005293__sub-092,3,2.25,2.25,2.8520522,3,315
15082,ds005293,sub-092,ds005293__sub-092,4,3.75,2.25,3.0780916,4,315
15083,ds005293,sub-092,ds005293__sub-092,5,4.5,4.0,3.2421403,5,315
15084,ds005293,sub-092,ds005293__sub-092,6,2.25,2.25,2.9416976,6,315
15085,ds005293,sub-092,ds005293__sub-092,7,2.25,2.25,2.890697,7,315
15086,ds005293,sub-092,ds005293__sub-092,8,2.25,2.25,2.8948603,8,315
15087,ds005293,sub-092,ds005293__sub-092,9,3.0,2.25,2.923418,9,315
15088,ds005293,sub-092,ds005293__sub-092,10,3.0,2.25,2.921631,10,315
15089,ds005293,sub-092,ds005293__sub-092,11,2.25,2.25,3.1300216,11,315
15090,ds005293,sub-092,ds005293__sub-092,12,3.75,3.75,3.2251673,12,315
15091,ds005293,sub-092,ds005293__sub-092,13,3.0,3.75,3.312186,13,315
15092,ds005293,sub-092,ds005293__sub-092,14,3.0,3.75,3.303819,14,315
15093,ds005293,sub-092,ds005293__sub-092,15,3.75,3.75,3.3662143,15,315
15094,ds005293,sub-092,ds005293__sub-092,16,3.75,4.5,3.3215013,4,315
15095,ds005293,sub-092,ds005293__sub-092,17,4.5,4.5,3.376274,6,315
15096,ds005293,sub-092,ds005293__sub-092,18,3.75,2.5,3.239624,7,315
15097,ds005293,sub-092,ds005293__sub-092,19,4.5,2.5,3.0910473,14,315
15098,ds005293,sub-092,ds005293__sub-092,20,2.25,2.5,3.1736207,15,315
15099,ds005293,sub-092,ds005293__sub-092,21,4.5,2.5,3.0951266,15,315
15100,ds005293,sub-092,ds005293__sub-092,22,3.0,2.5,3.171739,13,315
15101,ds005293,sub-092,ds005293__sub-092,23,2.25,2.5,2.9976604,11,315
15102,ds005293,sub-092,ds005293__sub-092,24,2.25,2.5,3.017496,12,315
15103,ds005293,sub-092,ds005293__sub-092,25,3.0,2.5,2.9792657,13,315
15104,ds005293,sub-092,ds005293__sub-092,26,2.25,2.5,3.0167851,14,315
15105,ds005293,sub-092,ds005293__sub-092,27,3.75,4.5,3.1521688,0,315
15106,ds005293,sub-092,ds005293__sub-092,28,3.75,4.5,3.3061845,1,315
15107,ds005293,sub-092,ds005293__sub-092,29,4.5,4.5,3.4739366,2,315
15108,ds005293,sub-092,ds005293__sub-092,30,3.0,4.5,3.4294431,3,315
15109,ds005293,sub-092,ds005293__sub-092,31,3.75,4.5,3.3344812,4,315
15110,ds005293,sub-092,ds005293__sub-092,32,4.5,4.5,3.29261,3,315
15111,ds005293,sub-092,ds005293__sub-092,33,3.0,4.5,3.2949557,14,315
15112,ds005293,sub-092,ds005293__sub-092,34,3.0,2.5,3.1393156,15,315
15113,ds005293,sub-092,ds005293__sub-092,35,4.5,2.5,3.193467,14,315
15114,ds005293,sub-092,ds005293__sub-092,36,3.0,2.5,3.1758213,15,315
15115,ds005293,sub-092,ds005293__sub-092,37,4.5,4.5,3.3506346,0,315
15116,ds005293,sub-092,ds005293__sub-092,38,4.5,4.5,3.4792511,0,315
15117,ds005293,sub-092,ds005293__sub-092,39,4.5,4.5,3.651527,0,315
15118,ds005293,sub-092,ds005293__sub-092,40,3.75,4.5,3.6156178,1,315
15119,ds005293,sub-092,ds005293__sub-092,41,3.75,4.5,3.5525084,2,315
15120,ds005293,sub-092,ds005293__sub-092,42,2.25,4.5,3.4305162,3,315
15121,ds005293,sub-092,ds005293__sub-092,43,2.25,4.5,3.425323,4,315
15122,ds005293,sub-092,ds005293__sub-092,44,3.75,4.5,3.4613605,5,315
15123,ds005293,sub-092,ds005293__sub-092,45,4.5,4.5,3.3136382,13,315
15124,ds005293,sub-092,ds005293__sub-092,46,2.25,4.5,3.3894649,14,315
15125,ds005293,sub-092,ds005293__sub-092,47,2.25,4.5,3.381765,9,315
15126,ds005293,sub-092,ds005293__sub-092,48,2.25,4.5,3.3413203,3,315
15127,ds005293,sub-092,ds005293__sub-092,49,3.0,3.75,3.2841506,4,315
15128,ds005293,sub-092,ds005293__sub-092,50,3.0,2.5,3.0929632,14,315
15129,ds005293,sub-092,ds005293__sub-092,51,2.25,2.5,3.0659268,13,315
15130,ds005293,sub-092,ds005293__sub-092,52,3.75,2.5,3.0067399,14,315
15131,ds005293,sub-092,ds005293__sub-092,53,3.0,2.5,3.1410418,15,315
15132,ds005293,sub-092,ds005293__sub-092,54,3.0,2.5,3.2617674,13,315
15133,ds005293,sub-092,ds005293__sub-092,55,3.75,2.5,3.1350021,14,315
15134,ds005293,sub-092,ds005293__sub-092,56,3.75,2.5,3.057867,15,315
15135,ds005293,sub-092,ds005293__sub-092,57,4.5,2.5,3.1135163,12,315
15136,ds005293,sub-092,ds005293__sub-092,58,3.75,2.5,3.1031563,15,315
15137,ds005293,sub-092,ds005293__sub-092,59,4.5,2.5,3.1045167,14,315
15138,ds005293,sub-092,ds005293__sub-092,60,2.25,2.5,3.1266885,15,315
15139,ds005293,sub-092,ds005293__sub-092,61,4.5,2.5,3.1027637,13,315
15140,ds005293,sub-092,ds005293__sub-092,62,3.0,2.5,3.0487309,13,315
15141,ds005293,sub-092,ds005293__sub-092,63,2.25,2.5,3.0610967,14,315
15142,ds005293,sub-092,ds005293__sub-092,64,2.25,2.5,3.119492,15,315
15143,ds005293,sub-092,ds005293__sub-092,65,3.0,2.5,3.215541,15,315
15144,ds005293,sub-092,ds005293__sub-092,66,2.25,2.5,3.1881304,14,315
15145,ds005293,sub-092,ds005293__sub-092,67,3.75,4.5,3.4148014,0,315
15146,ds005293,sub-092,ds005293__sub-092,68,3.75,4.5,3.4554968,1,315
15147,ds005293,sub-092,ds005293__sub-092,69,4.5,4.5,3.530993,2,315
15148,ds005293,sub-092,ds005293__sub-092,70,3.0,4.5,3.447517,3,315
15149,ds005293,sub-092,ds005293__sub-092,71,3.75,4.5,3.257988,4,315
15150,ds005293,sub-092,ds005293__sub-092,72,4.5,2.5,3.144628,5,315
15151,ds005293,sub-092,ds005293__sub-092,73,3.0,2.5,3.0459943,15,315
15152,ds005293,sub-092,ds005293__sub-092,74,3.0,2.5,3.0116081,13,315
15153,ds005293,sub-092,ds005293__sub-092,75,4.5,2.5,3.0921903,14,315
15154,ds005293,sub-092,ds005293__sub-092,76,3.0,2.5,3.0704372,9,315
15155,ds005293,sub-092,ds005293__sub-092,77,4.5,2.5,3.1042905,0,315
15156,ds005293,sub-092,ds005293__sub-092,78,4.5,4.5,3.2000046,3,315
15157,ds005293,sub-092,ds005293__sub-092,79,4.5,4.5,3.3038235,0,315
15158,ds005293,sub-093,ds005293__sub-093,0,3.75,3.75,3.3550625,0,316
15159,ds005293,sub-093,ds005293__sub-093,1,3.75,3.75,3.4260855,1,316
15160,ds005293,sub-093,ds005293__sub-093,2,2.25,3.75,3.1678758,2,316
15161,ds005293,sub-093,ds005293__sub-093,3,2.25,4.0,3.0797906,3,316
15162,ds005293,sub-093,ds005293__sub-093,4,3.75,2.0,3.0134096,4,316
15163,ds005293,sub-093,ds005293__sub-093,5,4.5,2.0,2.9560833,5,316
15164,ds005293,sub-093,ds005293__sub-093,6,2.25,2.0,2.932816,6,316
15165,ds005293,sub-093,ds005293__sub-093,7,2.25,2.0,2.9307384,6,316
15166,ds005293,sub-093,ds005293__sub-093,8,2.25,2.0,2.968708,7,316
15167,ds005293,sub-093,ds005293__sub-093,9,3.0,2.0,2.9961903,8,316
15168,ds005293,sub-093,ds005293__sub-093,10,3.0,2.0,3.0377855,9,316
15169,ds005293,sub-093,ds005293__sub-093,11,2.25,2.0,3.0473766,10,316
15170,ds005293,sub-093,ds005293__sub-093,12,3.75,2.0,3.062703,11,316
15171,ds005293,sub-093,ds005293__sub-093,13,3.0,2.0,3.0694985,12,316
15172,ds005293,sub-093,ds005293__sub-093,14,3.0,2.0,3.0970454,13,316
15173,ds005293,sub-093,ds005293__sub-093,15,3.75,2.0,3.1095169,14,316
15174,ds005293,sub-093,ds005293__sub-093,16,3.75,2.0,3.0984287,15,316
15175,ds005293,sub-093,ds005293__sub-093,17,3.75,2.0,3.1037068,14,316
15176,ds005293,sub-093,ds005293__sub-093,18,4.5,2.0,3.111168,15,316
15177,ds005293,sub-093,ds005293__sub-093,19,2.25,2.5,3.1197631,15,316
15178,ds005293,sub-093,ds005293__sub-093,20,4.5,2.5,3.0937853,15,316
15179,ds005293,sub-093,ds005293__sub-093,21,3.0,2.5,3.082621,14,316
15180,ds005293,sub-093,ds005293__sub-093,22,2.25,2.0,3.033015,15,316
15181,ds005293,sub-093,ds005293__sub-093,23,2.25,2.0,3.0372324,13,316
15182,ds005293,sub-093,ds005293__sub-093,24,3.0,2.0,3.0638628,14,316
15183,ds005293,sub-093,ds005293__sub-093,25,2.25,2.0,3.059494,15,316
15184,ds005293,sub-093,ds005293__sub-093,26,3.75,2.0,3.0808642,12,316
15185,ds005293,sub-093,ds005293__sub-093,27,3.75,2.0,3.085021,13,316
15186,ds005293,sub-093,ds005293__sub-093,28,4.5,2.0,3.0884833,14,316
15187,ds005293,sub-093,ds005293__sub-093,29,3.75,2.0,3.0946558,15,316
15188,ds005293,sub-093,ds005293__sub-093,30,4.5,2.0,3.120131,13,316
15189,ds005293,sub-093,ds005293__sub-093,31,3.0,2.0,3.1112208,14,316
15190,ds005293,sub-093,ds005293__sub-093,32,4.5,2.0,3.1029751,15,316
15191,ds005293,sub-093,ds005293__sub-093,33,3.0,2.0,3.1166077,15,316
15192,ds005293,sub-093,ds005293__sub-093,34,4.5,2.0,3.1289864,15,316
15193,ds005293,sub-093,ds005293__sub-093,35,4.5,4.5,3.1528544,14,316
15194,ds005293,sub-093,ds005293__sub-093,36,4.5,2.5,3.1295772,15,316
15195,ds005293,sub-093,ds005293__sub-093,37,3.75,2.0,3.1274867,14,316
15196,ds005293,sub-093,ds005293__sub-093,38,3.75,2.0,3.1042073,14,316
15197,ds005293,sub-093,ds005293__sub-093,39,2.25,2.0,3.0874662,15,316
15198,ds005293,sub-093,ds005293__sub-093,40,2.25,2.0,3.10912,14,316
15199,ds005293,sub-093,ds005293__sub-093,41,3.75,2.0,3.107521,14,316
15200,ds005293,sub-093,ds005293__sub-093,42,4.5,2.0,3.1238842,15,316
15201,ds005293,sub-093,ds005293__sub-093,43,2.25,3.0,3.1260066,15,316
15202,ds005293,sub-093,ds005293__sub-093,44,2.25,2.0,3.1121202,15,316
15203,ds005293,sub-093,ds005293__sub-093,45,2.25,2.0,3.1143022,13,316
15204,ds005293,sub-093,ds005293__sub-093,46,3.0,3.0,3.1037657,15,316
15205,ds005293,sub-093,ds005293__sub-093,47,3.0,3.0,3.0905886,13,316
15206,ds005293,sub-093,ds005293__sub-093,48,2.25,2.0,3.0898914,14,316
15207,ds005293,sub-093,ds005293__sub-093,49,3.75,2.0,3.072349,15,316
15208,ds005293,sub-093,ds005293__sub-093,50,3.0,2.0,3.073657,15,316
15209,ds005293,sub-093,ds005293__sub-093,51,3.0,3.0,3.0671537,15,316
15210,ds005293,sub-093,ds005293__sub-093,52,3.75,3.0,3.0682344,12,316
15211,ds005293,sub-093,ds005293__sub-093,53,3.75,3.0,3.080525,14,316
15212,ds005293,sub-093,ds005293__sub-093,54,4.5,2.5,3.0890398,15,316
15213,ds005293,sub-093,ds005293__sub-093,55,3.75,2.5,3.1118326,14,316
15214,ds005293,sub-093,ds005293__sub-093,56,4.5,2.0,3.1208265,13,316
15215,ds005293,sub-093,ds005293__sub-093,57,2.25,2.5,3.1110287,14,316
15216,ds005293,sub-093,ds005293__sub-093,58,4.5,2.5,3.1050234,15,316
15217,ds005293,sub-093,ds005293__sub-093,59,3.0,2.0,3.1030974,15,316
15218,ds005293,sub-093,ds005293__sub-093,60,2.25,2.0,3.0989525,14,316
15219,ds005293,sub-093,ds005293__sub-093,61,3.0,2.0,3.099722,15,316
15220,ds005293,sub-093,ds005293__sub-093,62,2.25,2.5,3.1246722,15,316
15221,ds005293,sub-093,ds005293__sub-093,63,3.75,2.5,3.1268182,14,316
15222,ds005293,sub-093,ds005293__sub-093,64,3.75,2.5,3.1235929,15,316
15223,ds005293,sub-093,ds005293__sub-093,65,4.5,2.5,3.132619,15,316
15224,ds005293,sub-093,ds005293__sub-093,66,3.0,3.0,3.1509585,15,316
15225,ds005293,sub-093,ds005293__sub-093,67,3.75,3.0,3.1400938,15,316
15226,ds005293,sub-093,ds005293__sub-093,68,4.5,2.5,3.154054,14,316
15227,ds005293,sub-093,ds005293__sub-093,69,3.0,2.5,3.1447797,15,316
15228,ds005293,sub-093,ds005293__sub-093,70,3.0,2.5,3.1282046,15,316
15229,ds005293,sub-093,ds005293__sub-093,71,4.5,2.5,3.1423938,15,316
15230,ds005293,sub-093,ds005293__sub-093,72,3.0,2.5,3.1301796,14,316
15231,ds005293,sub-093,ds005293__sub-093,73,4.5,2.5,3.125318,15,316
15232,ds005293,sub-093,ds005293__sub-093,74,4.5,2.5,3.125362,14,316
15233,ds005293,sub-093,ds005293__sub-093,75,4.5,2.5,3.1471925,15,316
15234,ds005293,sub-094,ds005293__sub-094,0,3.75,3.75,3.4996886,0,317
15235,ds005293,sub-094,ds005293__sub-094,1,3.75,4.0,3.5785205,1,317
15236,ds005293,sub-094,ds005293__sub-094,2,2.25,4.0,3.5117173,2,317
15237,ds005293,sub-094,ds005293__sub-094,3,2.25,4.0,3.4032006,3,317
15238,ds005293,sub-094,ds005293__sub-094,4,3.75,4.0,3.1387334,4,317
15239,ds005293,sub-094,ds005293__sub-094,5,4.5,4.0,3.12044,5,317
15240,ds005293,sub-094,ds005293__sub-094,6,2.25,2.25,3.0737624,6,317
15241,ds005293,sub-094,ds005293__sub-094,7,2.25,2.25,3.0319138,7,317
15242,ds005293,sub-094,ds005293__sub-094,8,2.25,2.25,3.0663035,8,317
15243,ds005293,sub-094,ds005293__sub-094,9,3.0,2.25,3.135218,9,317
15244,ds005293,sub-094,ds005293__sub-094,10,3.0,2.25,3.1444306,10,317
15245,ds005293,sub-094,ds005293__sub-094,11,2.25,2.25,3.1601145,11,317
15246,ds005293,sub-094,ds005293__sub-094,12,3.75,2.25,3.1937528,12,317
15247,ds005293,sub-094,ds005293__sub-094,13,3.0,4.5,3.2456903,13,317
15248,ds005293,sub-094,ds005293__sub-094,14,3.0,4.5,3.261641,14,317
15249,ds005293,sub-094,ds005293__sub-094,15,3.75,4.5,3.2811823,15,317
15250,ds005293,sub-094,ds005293__sub-094,16,3.75,4.5,3.300762,9,317
15251,ds005293,sub-094,ds005293__sub-094,17,4.5,4.5,3.331508,10,317
15252,ds005293,sub-094,ds005293__sub-094,18,3.75,4.5,3.3020074,11,317
15253,ds005293,sub-094,ds005293__sub-094,19,4.5,4.5,3.2668805,12,317
15254,ds005293,sub-094,ds005293__sub-094,20,2.25,4.5,3.2554724,13,317
15255,ds005293,sub-094,ds005293__sub-094,21,4.5,4.5,3.2214217,14,317
15256,ds005293,sub-094,ds005293__sub-094,22,3.0,4.5,3.2406032,15,317
15257,ds005293,sub-094,ds005293__sub-094,23,2.25,4.5,3.2433662,14,317
15258,ds005293,sub-094,ds005293__sub-094,24,2.25,4.5,3.257308,15,317
15259,ds005293,sub-094,ds005293__sub-094,25,2.25,4.5,3.286556,14,317
15260,ds005293,sub-094,ds005293__sub-094,26,2.25,4.5,3.3164568,13,317
15261,ds005293,sub-094,ds005293__sub-094,27,3.75,4.5,3.3573546,14,317
15262,ds005293,sub-094,ds005293__sub-094,28,3.75,4.5,3.362123,15,317
15263,ds005293,sub-094,ds005293__sub-094,29,4.5,4.5,3.400771,14,317
15264,ds005293,sub-094,ds005293__sub-094,30,3.0,4.5,3.3627214,15,317
15265,ds005293,sub-094,ds005293__sub-094,31,3.75,4.5,3.3981047,15,317
15266,ds005293,sub-094,ds005293__sub-094,32,4.5,4.5,3.3444374,15,317
15267,ds005293,sub-094,ds005293__sub-094,33,3.0,4.5,3.2949913,12,317
15268,ds005293,sub-094,ds005293__sub-094,34,3.0,4.5,3.2510686,14,317
15269,ds005293,sub-094,ds005293__sub-094,35,4.5,4.5,3.2527866,15,317
15270,ds005293,sub-094,ds005293__sub-094,36,3.0,4.5,3.264037,14,317
15271,ds005293,sub-094,ds005293__sub-094,37,4.5,4.5,3.2542605,15,317
15272,ds005293,sub-094,ds005293__sub-094,38,4.5,4.5,3.2783375,15,317
15273,ds005293,sub-094,ds005293__sub-094,39,4.5,4.5,3.2953148,15,317
15274,ds005293,sub-094,ds005293__sub-094,40,3.75,4.5,3.3059487,14,317
15275,ds005293,sub-094,ds005293__sub-094,41,3.75,4.5,3.3173585,15,317
15276,ds005293,sub-094,ds005293__sub-094,42,2.25,4.5,3.3156419,14,317
15277,ds005293,sub-094,ds005293__sub-094,43,2.25,4.5,3.300558,14,317
15278,ds005293,sub-094,ds005293__sub-094,44,3.75,4.5,3.3302598,15,317
15279,ds005293,sub-094,ds005293__sub-094,45,4.5,4.5,3.381879,11,317
15280,ds005293,sub-094,ds005293__sub-094,46,2.25,4.5,3.3612692,13,317
15281,ds005293,sub-094,ds005293__sub-094,47,2.25,4.5,3.357505,14,317
15282,ds005293,sub-094,ds005293__sub-094,48,2.25,4.5,3.2763765,15,317
15283,ds005293,sub-094,ds005293__sub-094,49,3.0,4.5,3.2839675,12,317
15284,ds005293,sub-094,ds005293__sub-094,50,3.0,4.5,3.2651002,13,317
15285,ds005293,sub-094,ds005293__sub-094,51,2.25,4.5,3.285208,14,317
15286,ds005293,sub-094,ds005293__sub-094,52,3.75,4.5,3.311304,15,317
15287,ds005293,sub-094,ds005293__sub-094,53,3.0,4.5,3.313098,15,317
15288,ds005293,sub-094,ds005293__sub-094,54,3.0,4.5,3.3193288,14,317
15289,ds005293,sub-094,ds005293__sub-094,55,3.75,4.5,3.328844,15,317
15290,ds005293,sub-094,ds005293__sub-094,56,3.75,4.5,3.3405895,9,317
15291,ds005293,sub-094,ds005293__sub-094,57,4.5,4.5,3.3134637,10,317
15292,ds005293,sub-094,ds005293__sub-094,58,3.75,4.5,3.286375,11,317
15293,ds005293,sub-094,ds005293__sub-094,59,4.5,4.5,3.3019052,15,317
15294,ds005293,sub-094,ds005293__sub-094,60,2.25,4.5,3.3165834,13,317
15295,ds005293,sub-094,ds005293__sub-094,61,4.5,4.5,3.29833,14,317
15296,ds005293,sub-094,ds005293__sub-094,62,3.0,4.5,3.3112228,15,317
15297,ds005293,sub-094,ds005293__sub-094,63,2.25,4.5,3.3483896,14,317
15298,ds005293,sub-094,ds005293__sub-094,64,2.25,4.5,3.3392622,15,317
15299,ds005293,sub-094,ds005293__sub-094,65,3.0,4.5,3.3401928,14,317
15300,ds005293,sub-094,ds005293__sub-094,66,2.25,4.5,3.377923,14,317
15301,ds005293,sub-094,ds005293__sub-094,67,3.75,4.5,3.4089363,15,317
15302,ds005293,sub-094,ds005293__sub-094,68,3.75,4.5,3.4036217,15,317
15303,ds005293,sub-094,ds005293__sub-094,69,4.5,3.75,3.379434,14,317
15304,ds005293,sub-094,ds005293__sub-094,70,3.0,3.75,3.3630662,15,317
15305,ds005293,sub-094,ds005293__sub-094,71,3.75,4.5,3.3891687,14,317
15306,ds005293,sub-094,ds005293__sub-094,72,4.5,4.5,3.3786292,15,317
15307,ds005293,sub-094,ds005293__sub-094,73,3.0,4.5,3.3954778,14,317
15308,ds005293,sub-094,ds005293__sub-094,74,3.0,4.5,3.4000955,15,317
15309,ds005293,sub-094,ds005293__sub-094,75,4.5,4.5,3.4204092,15,317
15310,ds005293,sub-094,ds005293__sub-094,76,3.0,4.5,3.3600745,15,317
15311,ds005293,sub-094,ds005293__sub-094,77,4.5,4.5,3.3698528,14,317
15312,ds005293,sub-094,ds005293__sub-094,78,4.5,4.5,3.3789985,15,317
15313,ds005293,sub-094,ds005293__sub-094,79,4.5,4.5,3.3998814,15,317
15314,ds005293,sub-095,ds005293__sub-095,0,3.75,3.75,3.516368,0,318
15315,ds005293,sub-095,ds005293__sub-095,1,3.75,3.75,3.5151896,1,318
15316,ds005293,sub-095,ds005293__sub-095,2,2.25,2.0,2.4288902,0,318
15317,ds005293,sub-095,ds005293__sub-095,3,2.25,2.0,2.160912,3,318
15318,ds005293,sub-095,ds005293__sub-095,4,3.75,2.0,2.2785332,4,318
15319,ds005293,sub-095,ds005293__sub-095,5,4.5,2.0,2.8267803,0,318
15320,ds005293,sub-095,ds005293__sub-095,6,2.25,2.0,2.3204026,1,318
15321,ds005293,sub-095,ds005293__sub-095,7,2.25,2.0,2.2333732,7,318
15322,ds005293,sub-095,ds005293__sub-095,8,2.25,2.0,2.3208003,8,318
15323,ds005293,sub-095,ds005293__sub-095,9,3.0,2.0,2.4649906,9,318
15324,ds005293,sub-095,ds005293__sub-095,10,3.0,2.0,2.4911678,5,318
15325,ds005293,sub-095,ds005293__sub-095,11,2.25,2.5,2.7934916,0,318
15326,ds005293,sub-095,ds005293__sub-095,12,3.75,2.0,2.7044837,1,318
15327,ds005293,sub-095,ds005293__sub-095,13,3.0,3.75,3.1313124,2,318
15328,ds005293,sub-095,ds005293__sub-095,14,3.0,3.0,3.1255765,3,318
15329,ds005293,sub-095,ds005293__sub-095,15,3.75,3.75,3.4891253,0,318
15330,ds005293,sub-095,ds005293__sub-095,16,3.75,3.75,3.4455616,1,318
15331,ds005293,sub-095,ds005293__sub-095,17,4.5,4.5,3.622996,2,318
15332,ds005293,sub-095,ds005293__sub-095,18,3.75,4.5,3.5585976,3,318
15333,ds005293,sub-095,ds005293__sub-095,19,4.5,4.5,3.437912,4,318
15334,ds005293,sub-095,ds005293__sub-095,20,2.25,4.5,3.3553386,5,318
15335,ds005293,sub-095,ds005293__sub-095,21,4.5,4.5,3.3128617,4,318
15336,ds005293,sub-095,ds005293__sub-095,22,3.0,4.5,3.2897594,5,318
15337,ds005293,sub-095,ds005293__sub-095,23,2.25,2.0,3.0737693,8,318
15338,ds005293,sub-095,ds005293__sub-095,24,2.25,2.0,2.7789054,9,318
15339,ds005293,sub-095,ds005293__sub-095,25,3.0,2.0,2.7888937,10,318
15340,ds005293,sub-095,ds005293__sub-095,26,2.25,2.0,2.7757297,11,318
15341,ds005293,sub-095,ds005293__sub-095,27,3.75,4.0,3.2896764,0,318
15342,ds005293,sub-095,ds005293__sub-095,28,3.75,4.0,3.3703675,1,318
15343,ds005293,sub-095,ds005293__sub-095,29,4.5,4.0,3.5859714,0,318
15344,ds005293,sub-095,ds005293__sub-095,30,3.0,4.0,3.5403996,1,318
15345,ds005293,sub-095,ds005293__sub-095,31,3.75,4.0,3.5427136,2,318
15346,ds005293,sub-095,ds005293__sub-095,32,4.5,4.0,3.5327432,3,318
15347,ds005293,sub-095,ds005293__sub-095,33,3.0,4.0,3.363902,4,318
15348,ds005293,sub-095,ds005293__sub-095,34,3.0,4.0,3.338431,5,318
15349,ds005293,sub-095,ds005293__sub-095,35,4.5,4.5,3.5522695,0,318
15350,ds005293,sub-095,ds005293__sub-095,36,3.0,4.5,3.2987974,1,318
15351,ds005293,sub-095,ds005293__sub-095,37,4.5,4.5,3.382965,2,318
15352,ds005293,sub-095,ds005293__sub-095,38,4.5,4.5,3.6156173,3,318
15353,ds005293,sub-095,ds005293__sub-095,39,4.5,4.5,3.5354462,4,318
15354,ds005293,sub-095,ds005293__sub-095,40,3.75,4.5,3.5568247,3,318
15355,ds005293,sub-095,ds005293__sub-095,41,3.75,4.5,3.5138097,6,318
15356,ds005293,sub-095,ds005293__sub-095,42,2.25,3.0,3.4576702,7,318
15357,ds005293,sub-095,ds005293__sub-095,43,2.25,3.0,3.276133,6,318
15358,ds005293,sub-095,ds005293__sub-095,44,3.75,3.5,3.3598733,7,318
15359,ds005293,sub-095,ds005293__sub-095,45,4.5,3.5,3.522604,0,318
15360,ds005293,sub-095,ds005293__sub-095,46,2.25,4.0,3.5902655,0,318
15361,ds005293,sub-095,ds005293__sub-095,47,2.25,4.0,3.5716195,1,318
15362,ds005293,sub-095,ds005293__sub-095,48,2.25,4.0,3.50284,2,318
15363,ds005293,sub-095,ds005293__sub-095,49,3.0,4.0,3.4177296,3,318
15364,ds005293,sub-095,ds005293__sub-095,50,3.0,4.0,3.435989,4,318
15365,ds005293,sub-095,ds005293__sub-095,51,2.25,4.0,3.3996968,0,318
15366,ds005293,sub-095,ds005293__sub-095,52,3.75,4.0,3.4183555,1,318
15367,ds005293,sub-095,ds005293__sub-095,53,3.0,3.75,3.4336197,0,318
15368,ds005293,sub-095,ds005293__sub-095,54,3.0,3.75,3.2518697,1,318
15369,ds005293,sub-095,ds005293__sub-095,55,3.75,3.75,3.4663486,0,318
15370,ds005293,sub-095,ds005293__sub-095,56,3.75,3.75,3.419824,1,318
15371,ds005293,sub-095,ds005293__sub-095,57,4.5,4.5,3.6736414,2,318
15372,ds005293,sub-095,ds005293__sub-095,58,3.75,4.5,3.5817068,3,318
15373,ds005293,sub-095,ds005293__sub-095,59,4.5,4.5,3.5462239,6,318
15374,ds005293,sub-095,ds005293__sub-095,60,2.25,4.5,3.498485,3,318
15375,ds005293,sub-095,ds005293__sub-095,61,4.5,4.5,3.2423146,0,318
15376,ds005293,sub-095,ds005293__sub-095,62,3.0,2.5,2.972577,1,318
15377,ds005293,sub-095,ds005293__sub-095,63,2.25,4.5,3.066176,0,318
15378,ds005293,sub-095,ds005293__sub-095,64,2.25,2.5,2.918933,1,318
15379,ds005293,sub-095,ds005293__sub-095,65,3.0,2.5,3.1665869,0,318
15380,ds005293,sub-095,ds005293__sub-095,66,2.25,2.5,3.092348,1,318
15381,ds005293,sub-095,ds005293__sub-095,67,3.75,3.75,3.6430368,0,318
15382,ds005293,sub-095,ds005293__sub-095,68,3.75,3.75,3.6311655,1,318
15383,ds005293,sub-095,ds005293__sub-095,69,4.5,4.5,3.831917,0,318
15384,ds005293,sub-095,ds005293__sub-095,70,3.0,4.5,3.7887788,1,318
15385,ds005293,sub-095,ds005293__sub-095,71,3.75,4.5,3.860121,2,318
15386,ds005293,sub-095,ds005293__sub-095,72,4.5,4.5,3.8487904,3,318
15387,ds005293,sub-095,ds005293__sub-095,73,3.0,4.5,3.8278794,4,318
15388,ds005293,sub-095,ds005293__sub-095,74,3.0,4.5,3.6972067,5,318
15389,ds005293,sub-095,ds005293__sub-095,75,4.5,4.5,3.79497,0,318
15390,ds005293,sub-095,ds005293__sub-095,76,3.0,4.5,3.673508,1,318
15391,ds005293,sub-095,ds005293__sub-095,77,4.5,4.5,3.5855908,2,318
15392,ds005293,sub-095,ds005293__sub-095,78,4.5,4.5,3.5827467,3,318
15393,ds005293,sub-095,ds005293__sub-095,79,4.5,4.5,3.4084349,2,318
19547,ds005280,sub-001,ds005280__sub-001,0,3.5,3.75,3.5731802,0,1
19548,ds005280,sub-001,ds005280__sub-001,1,4.0,3.5,3.6404195,0,1
19549,ds005280,sub-001,ds005280__sub-001,2,4.0,4.0,3.8068793,0,1
19550,ds005280,sub-001,ds005280__sub-001,3,3.5,4.0,3.76823,0,1
19551,ds005280,sub-001,ds005280__sub-001,4,3.5,4.0,3.3257568,1,1
19552,ds005280,sub-001,ds005280__sub-001,5,3.5,4.0,3.4770958,2,1
19553,ds005280,sub-001,ds005280__sub-001,6,3.5,4.0,3.4274645,3,1
19554,ds005280,sub-001,ds005280__sub-001,7,4.0,2.25,3.3807096,0,1
19555,ds005280,sub-001,ds005280__sub-001,8,3.5,2.25,3.163007,0,1
19556,ds005280,sub-001,ds005280__sub-001,9,4.0,2.25,3.110364,1,1
19557,ds005280,sub-001,ds005280__sub-001,10,3.5,4.5,3.5110576,0,1
19558,ds005280,sub-001,ds005280__sub-001,11,4.0,3.75,3.668562,1,1
19559,ds005280,sub-001,ds005280__sub-001,12,3.5,3.75,3.8394532,0,1
19560,ds005280,sub-001,ds005280__sub-001,13,3.5,4.5,3.9058733,0,1
19561,ds005280,sub-001,ds005280__sub-001,14,4.0,4.5,3.8882742,1,1
19562,ds005280,sub-001,ds005280__sub-001,15,4.0,4.5,3.8410149,2,1
19563,ds005280,sub-001,ds005280__sub-001,16,3.5,4.5,3.734013,3,1
19564,ds005280,sub-001,ds005280__sub-001,17,4.0,4.5,3.7316194,4,1
19565,ds005280,sub-001,ds005280__sub-001,18,4.0,4.5,3.7780313,0,1
19566,ds005280,sub-001,ds005280__sub-001,19,3.5,4.0,3.723191,1,1
19567,ds005280,sub-001,ds005280__sub-001,20,3.5,4.0,3.7652602,0,1
19568,ds005280,sub-001,ds005280__sub-001,21,3.5,4.0,3.7829726,0,1
19569,ds005280,sub-001,ds005280__sub-001,22,3.5,4.0,3.754975,0,1
19570,ds005280,sub-001,ds005280__sub-001,23,4.0,4.0,3.776165,0,1
19571,ds005280,sub-001,ds005280__sub-001,24,3.5,4.0,3.7596996,1,1
19572,ds005280,sub-001,ds005280__sub-001,25,4.0,4.0,3.750597,0,1
19573,ds005280,sub-001,ds005280__sub-001,26,4.0,4.0,3.7242076,1,1
19574,ds005280,sub-001,ds005280__sub-001,27,4.0,4.0,3.7528002,0,1
19575,ds005280,sub-002,ds005280__sub-002,0,4.0,3.5,3.3584635,0,2
19576,ds005280,sub-002,ds005280__sub-002,1,4.0,3.5,3.3383932,0,2
19577,ds005280,sub-002,ds005280__sub-002,2,4.0,4.0,3.2289433,1,2
19578,ds005280,sub-002,ds005280__sub-002,3,3.5,4.0,3.1303518,2,2
19579,ds005280,sub-002,ds005280__sub-002,4,3.5,2.5,3.0303473,0,2
19580,ds005280,sub-002,ds005280__sub-002,5,3.5,2.5,2.9670243,5,2
19581,ds005280,sub-002,ds005280__sub-002,6,4.0,2.5,3.0058172,6,2
19582,ds005280,sub-002,ds005280__sub-002,7,3.5,2.5,2.996112,7,2
19583,ds005280,sub-002,ds005280__sub-002,8,4.0,2.0,3.018878,8,2
19584,ds005280,sub-002,ds005280__sub-002,9,3.5,2.0,3.028495,9,2
19585,ds005280,sub-002,ds005280__sub-002,10,4.0,2.0,3.0490317,2,2
19586,ds005280,sub-002,ds005280__sub-002,11,3.5,2.0,3.04451,3,2
19587,ds005280,sub-002,ds005280__sub-002,12,3.5,2.0,3.0578501,4,2
19588,ds005280,sub-002,ds005280__sub-002,13,4.0,2.0,3.0767622,5,2
19589,ds005280,sub-002,ds005280__sub-002,14,4.0,2.0,3.0877643,6,2
19590,ds005280,sub-002,ds005280__sub-002,15,3.5,2.0,3.099865,7,2
19591,ds005280,sub-002,ds005280__sub-002,16,4.0,2.5,3.1146412,8,2
19592,ds005280,sub-002,ds005280__sub-002,17,3.5,2.5,3.0981905,9,2
19593,ds005280,sub-002,ds005280__sub-002,18,3.5,2.5,3.1079574,10,2
19594,ds005280,sub-002,ds005280__sub-002,19,3.5,2.5,3.1196394,11,2
19595,ds005280,sub-002,ds005280__sub-002,20,3.5,2.5,3.0917325,11,2
19596,ds005280,sub-002,ds005280__sub-002,21,4.0,2.5,3.0899534,9,2
19597,ds005280,sub-002,ds005280__sub-002,22,3.5,2.5,3.0885012,11,2
19598,ds005280,sub-002,ds005280__sub-002,23,4.0,2.5,3.0805018,12,2
19599,ds005280,sub-002,ds005280__sub-002,24,4.0,2.5,3.079064,13,2
19600,ds005280,sub-003,ds005280__sub-003,0,4.0,3.5,3.4875195,0,3
19601,ds005280,sub-003,ds005280__sub-003,1,4.0,3.5,3.4400947,1,3
19602,ds005280,sub-003,ds005280__sub-003,2,3.5,3.5,3.3299732,2,3
19603,ds005280,sub-003,ds005280__sub-003,3,3.5,4.0,3.0915794,3,3
19604,ds005280,sub-003,ds005280__sub-003,4,3.5,4.0,3.0461512,4,3
19605,ds005280,sub-003,ds005280__sub-003,5,3.5,2.5,3.08166,5,3
19606,ds005280,sub-003,ds005280__sub-003,6,4.0,2.5,3.11034,6,3
19607,ds005280,sub-003,ds005280__sub-003,7,3.5,2.5,3.1300652,7,3
19608,ds005280,sub-003,ds005280__sub-003,8,3.5,2.5,3.1392288,8,3
19609,ds005280,sub-003,ds005280__sub-003,9,4.0,2.5,3.149847,9,3
19610,ds005280,sub-003,ds005280__sub-003,10,3.5,2.5,3.1553445,10,3
19611,ds005280,sub-003,ds005280__sub-003,11,3.5,2.5,3.165183,11,3
19612,ds005280,sub-003,ds005280__sub-003,12,4.0,2.5,3.1748319,12,3
19613,ds005280,sub-003,ds005280__sub-003,13,4.0,2.5,3.1887765,13,3
19614,ds005280,sub-003,ds005280__sub-003,14,3.5,4.5,3.1996946,14,3
19615,ds005280,sub-003,ds005280__sub-003,15,4.0,4.5,3.2115233,15,3
19616,ds005280,sub-003,ds005280__sub-003,16,4.0,4.5,3.2118602,15,3
19617,ds005280,sub-003,ds005280__sub-003,17,3.5,4.5,3.2223787,15,3
19618,ds005280,sub-003,ds005280__sub-003,18,3.5,4.5,3.215648,15,3
19619,ds005280,sub-003,ds005280__sub-003,19,3.5,4.5,3.2221613,15,3
19620,ds005280,sub-003,ds005280__sub-003,20,3.5,4.5,3.227765,14,3
19621,ds005280,sub-003,ds005280__sub-003,21,4.0,4.5,3.1981454,15,3
19622,ds005280,sub-003,ds005280__sub-003,22,3.5,4.5,3.2079072,15,3
19623,ds005280,sub-003,ds005280__sub-003,23,4.0,4.5,3.2114742,14,3
19624,ds005280,sub-003,ds005280__sub-003,24,4.0,4.5,3.2236357,12,3
19625,ds005280,sub-004,ds005280__sub-004,0,3.5,3.5,3.6071594,0,4
19626,ds005280,sub-004,ds005280__sub-004,1,3.5,3.5,3.575142,1,4
19627,ds005280,sub-004,ds005280__sub-004,2,3.5,3.5,3.0680928,2,4
19628,ds005280,sub-004,ds005280__sub-004,3,3.5,3.5,3.0668318,3,4
19629,ds005280,sub-004,ds005280__sub-004,4,3.0,3.5,3.1090565,4,4
19630,ds005280,sub-004,ds005280__sub-004,5,3.0,3.5,3.041057,5,4
19631,ds005280,sub-004,ds005280__sub-004,6,3.0,3.5,3.0274377,6,4
19632,ds005280,sub-004,ds005280__sub-004,7,3.0,3.5,3.0455592,7,4
19633,ds005280,sub-004,ds005280__sub-004,8,3.5,3.5,3.0745516,8,4
19634,ds005280,sub-004,ds005280__sub-004,9,3.0,3.5,3.0836802,9,4
19635,ds005280,sub-004,ds005280__sub-004,10,3.5,3.5,3.1011748,10,4
19636,ds005280,sub-004,ds005280__sub-004,11,3.0,3.5,3.114609,11,4
19637,ds005280,sub-004,ds005280__sub-004,12,3.5,3.5,3.1267967,12,4
19638,ds005280,sub-004,ds005280__sub-004,13,3.0,3.5,3.1333265,13,4
19639,ds005280,sub-004,ds005280__sub-004,14,3.0,3.5,3.1477761,14,4
19640,ds005280,sub-004,ds005280__sub-004,15,3.5,3.5,3.155667,15,4
19641,ds005280,sub-004,ds005280__sub-004,16,3.0,3.5,3.1510954,15,4
19642,ds005280,sub-004,ds005280__sub-004,17,3.5,3.5,3.1454449,15,4
19643,ds005280,sub-004,ds005280__sub-004,18,3.5,3.5,3.1551337,15,4
19644,ds005280,sub-004,ds005280__sub-004,19,3.0,3.5,3.1912448,14,4
19645,ds005280,sub-004,ds005280__sub-004,20,3.0,3.5,3.2030141,15,4
19646,ds005280,sub-004,ds005280__sub-004,21,3.0,3.5,3.2143185,15,4
19647,ds005280,sub-004,ds005280__sub-004,22,3.5,3.5,3.2333004,15,4
19648,ds005280,sub-004,ds005280__sub-004,23,3.0,3.5,3.221498,14,4
19649,ds005280,sub-004,ds005280__sub-004,24,3.5,3.5,3.1926818,15,4
19650,ds005280,sub-004,ds005280__sub-004,25,3.5,3.5,3.2091293,15,4
19651,ds005280,sub-004,ds005280__sub-004,26,3.5,3.5,3.205368,15,4
19652,ds005280,sub-005,ds005280__sub-005,0,4.0,3.5,3.403233,0,5
19653,ds005280,sub-005,ds005280__sub-005,1,4.0,4.0,3.6938457,0,5
19654,ds005280,sub-005,ds005280__sub-005,2,3.5,4.0,3.6818607,1,5
19655,ds005280,sub-005,ds005280__sub-005,3,3.5,4.0,3.5199575,2,5
19656,ds005280,sub-005,ds005280__sub-005,4,3.5,4.0,3.7237315,0,5
19657,ds005280,sub-005,ds005280__sub-005,5,3.5,4.0,3.6971023,1,5
19658,ds005280,sub-005,ds005280__sub-005,6,4.0,4.0,3.6706252,2,5
19659,ds005280,sub-005,ds005280__sub-005,7,3.5,4.0,3.6147883,3,5
19660,ds005280,sub-005,ds005280__sub-005,8,4.0,4.0,3.6180828,0,5
19661,ds005280,sub-005,ds005280__sub-005,9,3.5,4.0,3.657059,0,5
19662,ds005280,sub-005,ds005280__sub-005,10,4.0,4.0,3.6643355,1,5
19663,ds005280,sub-005,ds005280__sub-005,11,3.5,4.0,3.6649687,2,5
19664,ds005280,sub-005,ds005280__sub-005,12,3.5,4.0,3.699496,0,5
19665,ds005280,sub-005,ds005280__sub-005,13,4.0,4.0,3.6699448,0,5
19666,ds005280,sub-005,ds005280__sub-005,14,4.0,4.0,3.6509593,1,5
19667,ds005280,sub-005,ds005280__sub-005,15,3.5,4.0,3.6353457,0,5
19668,ds005280,sub-005,ds005280__sub-005,16,4.0,4.0,3.6386395,3,5
19669,ds005280,sub-005,ds005280__sub-005,17,4.0,4.0,3.587733,1,5
19670,ds005280,sub-005,ds005280__sub-005,18,3.5,4.0,3.639455,0,5
19671,ds005280,sub-005,ds005280__sub-005,19,3.5,4.0,3.6288552,1,5
19672,ds005280,sub-005,ds005280__sub-005,20,3.5,4.0,3.5865698,0,5
19673,ds005280,sub-005,ds005280__sub-005,21,3.5,4.0,3.4916544,1,5
19674,ds005280,sub-005,ds005280__sub-005,22,4.0,4.0,3.5221903,0,5
19675,ds005280,sub-005,ds005280__sub-005,23,3.5,4.0,3.459836,3,5
19676,ds005280,sub-005,ds005280__sub-005,24,4.0,4.0,3.3987403,2,5
19677,ds005280,sub-005,ds005280__sub-005,25,4.0,4.0,3.309595,3,5
19678,ds005280,sub-005,ds005280__sub-005,26,4.0,2.5,3.1734986,0,5
19679,ds005280,sub-006,ds005280__sub-006,0,3.5,3.75,3.716993,0,6
19680,ds005280,sub-006,ds005280__sub-006,1,4.0,3.75,3.71353,1,6
19681,ds005280,sub-006,ds005280__sub-006,2,4.0,4.0,3.8427258,2,6
19682,ds005280,sub-006,ds005280__sub-006,3,4.0,4.0,3.7684119,3,6
19683,ds005280,sub-006,ds005280__sub-006,4,4.0,4.0,3.6616197,4,6
19684,ds005280,sub-006,ds005280__sub-006,5,3.5,4.0,3.493005,5,6
19685,ds005280,sub-006,ds005280__sub-006,6,3.5,3.5,3.388041,6,6
19686,ds005280,sub-006,ds005280__sub-006,7,3.5,3.5,3.386585,7,6
19687,ds005280,sub-006,ds005280__sub-006,8,3.5,3.5,3.3965318,0,6
19688,ds005280,sub-006,ds005280__sub-006,9,4.0,4.0,3.5444083,0,6
19689,ds005280,sub-006,ds005280__sub-006,10,3.5,3.5,3.5777626,1,6
19690,ds005280,sub-006,ds005280__sub-006,11,4.0,4.0,3.6685607,0,6
19691,ds005280,sub-006,ds005280__sub-006,12,3.5,4.0,3.668136,1,6
19692,ds005280,sub-006,ds005280__sub-006,13,4.0,4.0,3.6380103,0,6
19693,ds005280,sub-006,ds005280__sub-006,14,3.5,4.0,3.5585215,0,6
19694,ds005280,sub-006,ds005280__sub-006,15,3.5,4.0,3.5159035,1,6
19695,ds005280,sub-006,ds005280__sub-006,16,4.0,3.0,3.274932,3,6
19696,ds005280,sub-006,ds005280__sub-006,17,4.0,2.5,3.0779166,0,6
19697,ds005280,sub-006,ds005280__sub-006,18,3.5,4.0,3.2043324,0,6
19698,ds005280,sub-006,ds005280__sub-006,19,4.0,3.5,3.3956547,1,6
19699,ds005280,sub-006,ds005280__sub-006,20,4.0,4.0,3.51649,1,6
19700,ds005280,sub-006,ds005280__sub-006,21,3.5,4.0,3.5893795,2,6
19701,ds005280,sub-006,ds005280__sub-006,22,3.5,3.5,3.4350977,3,6
19702,ds005280,sub-006,ds005280__sub-006,23,3.5,3.5,3.456678,4,6
19703,ds005280,sub-006,ds005280__sub-006,24,3.5,3.5,3.3065815,4,6
19704,ds005280,sub-006,ds005280__sub-006,25,4.0,3.5,3.363682,0,6
19705,ds005280,sub-006,ds005280__sub-006,26,3.5,4.0,3.398295,0,6
19706,ds005280,sub-006,ds005280__sub-006,27,4.0,4.0,3.4662662,1,6
19707,ds005280,sub-006,ds005280__sub-006,28,4.0,4.0,3.5417213,2,6
19708,ds005280,sub-006,ds005280__sub-006,29,4.0,4.0,3.5637493,3,6
19709,ds005280,sub-007,ds005280__sub-007,0,3.0,3.75,3.457891,0,7
19710,ds005280,sub-007,ds005280__sub-007,1,3.5,3.75,3.5423908,1,7
19711,ds005280,sub-007,ds005280__sub-007,2,3.5,4.0,3.3981848,2,7
19712,ds005280,sub-007,ds005280__sub-007,3,3.0,2.25,3.0797496,3,7
19713,ds005280,sub-007,ds005280__sub-007,4,3.0,2.25,3.0364609,4,7
19714,ds005280,sub-007,ds005280__sub-007,5,3.0,2.25,2.956118,5,7
19715,ds005280,sub-007,ds005280__sub-007,6,3.0,2.25,2.9766421,6,7
19716,ds005280,sub-007,ds005280__sub-007,7,3.5,2.25,3.0086632,7,7
19717,ds005280,sub-007,ds005280__sub-007,8,3.0,2.25,3.061214,8,7
19718,ds005280,sub-007,ds005280__sub-007,9,3.5,2.25,3.0797768,9,7
19719,ds005280,sub-007,ds005280__sub-007,10,3.0,2.25,3.0972111,10,7
19720,ds005280,sub-007,ds005280__sub-007,11,3.5,2.25,3.1230655,11,7
19721,ds005280,sub-007,ds005280__sub-007,12,3.0,2.25,3.1637654,12,7
19722,ds005280,sub-007,ds005280__sub-007,13,3.0,2.25,3.1669745,13,7
19723,ds005280,sub-007,ds005280__sub-007,14,3.5,2.25,3.1742065,14,7
19724,ds005280,sub-007,ds005280__sub-007,15,3.5,2.25,3.1960988,15,7
19725,ds005280,sub-007,ds005280__sub-007,16,3.0,3.75,3.2015517,14,7
19726,ds005280,sub-007,ds005280__sub-007,17,3.5,3.75,3.1828012,15,7
19727,ds005280,sub-007,ds005280__sub-007,18,3.5,3.75,3.1896682,14,7
19728,ds005280,sub-007,ds005280__sub-007,19,3.0,3.75,3.2110753,15,7
19729,ds005280,sub-007,ds005280__sub-007,20,3.0,3.75,3.2027612,15,7
19730,ds005280,sub-007,ds005280__sub-007,21,3.0,3.75,3.2260897,15,7
19731,ds005280,sub-007,ds005280__sub-007,22,3.0,3.75,3.2271605,15,7
19732,ds005280,sub-007,ds005280__sub-007,23,3.5,3.75,3.2736697,14,7
19733,ds005280,sub-007,ds005280__sub-007,24,3.0,2.25,3.1308231,14,7
19734,ds005280,sub-007,ds005280__sub-007,25,3.5,2.25,3.1190615,15,7
19735,ds005280,sub-007,ds005280__sub-007,26,3.5,2.25,3.1222754,15,7
19736,ds005280,sub-007,ds005280__sub-007,27,3.5,2.25,3.118186,14,7
19737,ds005280,sub-008,ds005280__sub-008,0,3.0,3.5,3.55036,0,8
19738,ds005280,sub-008,ds005280__sub-008,1,3.5,4.0,3.4639764,1,8
19739,ds005280,sub-008,ds005280__sub-008,2,3.5,2.25,2.7077441,2,8
19740,ds005280,sub-008,ds005280__sub-008,3,3.5,2.5,2.8538995,3,8
19741,ds005280,sub-008,ds005280__sub-008,4,3.5,2.5,2.9784398,4,8
19742,ds005280,sub-008,ds005280__sub-008,5,3.0,3.5,3.0928288,5,8
19743,ds005280,sub-008,ds005280__sub-008,6,3.0,3.5,3.153155,6,8
19744,ds005280,sub-008,ds005280__sub-008,7,3.0,3.5,3.160262,7,8
19745,ds005280,sub-008,ds005280__sub-008,8,3.0,3.5,3.3876543,0,8
19746,ds005280,sub-008,ds005280__sub-008,9,3.5,3.5,3.4817939,1,8
19747,ds005280,sub-008,ds005280__sub-008,10,3.0,4.0,3.6433659,0,8
19748,ds005280,sub-008,ds005280__sub-008,11,3.5,4.0,3.6927955,1,8
19749,ds005280,sub-008,ds005280__sub-008,12,3.0,4.0,3.6243274,2,8
19750,ds005280,sub-008,ds005280__sub-008,13,3.5,4.0,3.5674582,3,8
19751,ds005280,sub-008,ds005280__sub-008,14,3.0,4.0,3.4844563,4,8
19752,ds005280,sub-008,ds005280__sub-008,15,3.0,4.0,3.4181194,5,8
19753,ds005280,sub-008,ds005280__sub-008,16,3.5,4.0,3.433778,0,8
19754,ds005280,sub-008,ds005280__sub-008,17,3.5,4.0,3.3601499,1,8
19755,ds005280,sub-008,ds005280__sub-008,18,3.0,3.5,3.2614315,0,8
19756,ds005280,sub-008,ds005280__sub-008,19,3.5,3.5,3.311147,1,8
19757,ds005280,sub-008,ds005280__sub-008,20,3.5,4.0,3.5092196,0,8
19758,ds005280,sub-008,ds005280__sub-008,21,3.0,4.0,3.586789,0,8
19759,ds005280,sub-008,ds005280__sub-008,22,3.0,4.0,3.607401,1,8
19760,ds005280,sub-008,ds005280__sub-008,23,3.0,4.0,3.4788532,2,8
19761,ds005280,sub-008,ds005280__sub-008,24,3.0,4.0,3.3417563,3,8
19762,ds005280,sub-008,ds005280__sub-008,25,3.5,3.0,3.1516905,4,8
19763,ds005280,sub-008,ds005280__sub-008,26,3.0,2.5,3.1407852,0,8
19764,ds005280,sub-008,ds005280__sub-008,27,3.5,2.5,3.0856848,1,8
19765,ds005280,sub-008,ds005280__sub-008,28,3.5,4.5,3.4397726,0,8
19766,ds005280,sub-008,ds005280__sub-008,29,3.5,4.0,3.4499161,1,8
19767,ds005280,sub-009,ds005280__sub-009,0,3.5,3.5,3.392187,0,9
19768,ds005280,sub-009,ds005280__sub-009,1,3.5,3.5,3.5629208,0,9
19769,ds005280,sub-009,ds005280__sub-009,2,3.5,4.0,3.3970993,1,9
19770,ds005280,sub-009,ds005280__sub-009,3,3.5,2.0,2.8718052,2,9
19771,ds005280,sub-009,ds005280__sub-009,4,3.0,2.0,2.8107123,3,9
19772,ds005280,sub-009,ds005280__sub-009,5,3.0,2.0,2.883387,4,9
19773,ds005280,sub-009,ds005280__sub-009,6,3.0,2.0,2.8556938,5,9
19774,ds005280,sub-009,ds005280__sub-009,7,3.0,3.0,2.9548342,6,9
19775,ds005280,sub-009,ds005280__sub-009,8,3.5,3.5,3.035142,7,9
19776,ds005280,sub-009,ds005280__sub-009,9,3.0,3.5,3.1393018,8,9
19777,ds005280,sub-009,ds005280__sub-009,10,3.0,3.5,3.2157815,9,9
19778,ds005280,sub-009,ds005280__sub-009,11,3.5,4.0,3.3536456,10,9
19779,ds005280,sub-009,ds005280__sub-009,12,3.0,4.0,3.3920991,0,9
19780,ds005280,sub-009,ds005280__sub-009,13,3.0,4.0,3.4727933,0,9
19781,ds005280,sub-009,ds005280__sub-009,14,3.5,4.0,3.5147953,1,9
19782,ds005280,sub-009,ds005280__sub-009,15,3.5,4.0,3.55564,0,9
19783,ds005280,sub-009,ds005280__sub-009,16,3.0,4.0,3.5617142,1,9
19784,ds005280,sub-009,ds005280__sub-009,17,3.5,4.0,3.593902,2,9
19785,ds005280,sub-009,ds005280__sub-009,18,3.0,4.0,3.56902,3,9
19786,ds005280,sub-009,ds005280__sub-009,19,3.0,4.0,3.5464242,4,9
19787,ds005280,sub-009,ds005280__sub-009,20,3.0,4.0,3.4784176,5,9
19788,ds005280,sub-009,ds005280__sub-009,21,3.0,3.0,3.3520186,6,9
19789,ds005280,sub-009,ds005280__sub-009,22,3.5,3.5,3.3461816,7,9
19790,ds005280,sub-009,ds005280__sub-009,23,3.0,3.5,3.273539,11,9
19791,ds005280,sub-009,ds005280__sub-009,24,3.5,3.5,3.3195732,12,9
19792,ds005280,sub-009,ds005280__sub-009,25,3.5,3.5,3.319066,13,9
19793,ds005280,sub-009,ds005280__sub-009,26,3.5,3.5,3.3845038,14,9
19794,ds005280,sub-010,ds005280__sub-010,0,3.5,3.5,3.4798071,0,10
19795,ds005280,sub-010,ds005280__sub-010,1,4.0,4.0,3.7808564,1,10
19796,ds005280,sub-010,ds005280__sub-010,2,4.0,4.0,3.8503928,2,10
19797,ds005280,sub-010,ds005280__sub-010,3,3.5,3.5,3.4614608,3,10
19798,ds005280,sub-010,ds005280__sub-010,4,3.5,3.5,3.3119133,4,10
19799,ds005280,sub-010,ds005280__sub-010,5,3.5,3.0,3.144546,5,10
19800,ds005280,sub-010,ds005280__sub-010,6,3.5,3.0,3.1764345,6,10
19801,ds005280,sub-010,ds005280__sub-010,7,4.0,3.0,3.1271796,0,10
19802,ds005280,sub-010,ds005280__sub-010,8,3.5,3.5,3.3781464,0,10
19803,ds005280,sub-010,ds005280__sub-010,9,4.0,3.5,3.5102665,0,10
19804,ds005280,sub-010,ds005280__sub-010,10,3.5,3.5,3.5152729,1,10
19805,ds005280,sub-010,ds005280__sub-010,11,4.0,3.5,3.4870741,2,10
19806,ds005280,sub-010,ds005280__sub-010,12,3.5,3.5,3.47469,3,10
19807,ds005280,sub-010,ds005280__sub-010,13,3.5,3.5,3.4358525,4,10
19808,ds005280,sub-010,ds005280__sub-010,14,4.0,3.5,3.4519124,5,10
19809,ds005280,sub-010,ds005280__sub-010,15,4.0,3.5,3.441515,6,10
19810,ds005280,sub-010,ds005280__sub-010,16,3.5,3.5,3.4416566,0,10
19811,ds005280,sub-010,ds005280__sub-010,17,4.0,3.5,3.5119565,0,10
19812,ds005280,sub-010,ds005280__sub-010,18,3.5,3.5,3.5512774,0,10
19813,ds005280,sub-010,ds005280__sub-010,19,3.5,3.5,3.5918612,0,10
19814,ds005280,sub-010,ds005280__sub-010,20,3.5,4.0,3.6161008,1,10
19815,ds005280,sub-010,ds005280__sub-010,21,3.5,3.5,3.6182866,2,10
19816,ds005280,sub-010,ds005280__sub-010,22,4.0,4.0,3.6290622,3,10
19817,ds005280,sub-010,ds005280__sub-010,23,3.5,3.5,3.5984876,0,10
19818,ds005280,sub-010,ds005280__sub-010,24,4.0,3.5,3.5726657,1,10
19819,ds005280,sub-010,ds005280__sub-010,25,4.0,3.5,3.5512378,2,10
19820,ds005280,sub-011,ds005280__sub-011,0,3.5,3.75,3.5263548,0,11
19821,ds005280,sub-011,ds005280__sub-011,1,4.0,3.75,3.5906386,1,11
19822,ds005280,sub-011,ds005280__sub-011,2,4.0,3.75,3.4287257,2,11
19823,ds005280,sub-011,ds005280__sub-011,3,4.0,3.75,3.4262903,3,11
19824,ds005280,sub-011,ds005280__sub-011,4,4.0,4.0,3.3033934,4,11
19825,ds005280,sub-011,ds005280__sub-011,5,3.5,4.0,3.2563787,5,11
19826,ds005280,sub-011,ds005280__sub-011,6,3.5,4.0,3.2086506,6,11
19827,ds005280,sub-011,ds005280__sub-011,7,3.5,4.0,3.199328,7,11
19828,ds005280,sub-011,ds005280__sub-011,8,3.5,4.0,3.193791,8,11
19829,ds005280,sub-011,ds005280__sub-011,9,4.0,4.0,3.2037106,9,11
19830,ds005280,sub-011,ds005280__sub-011,10,3.5,4.0,3.217129,10,11
19831,ds005280,sub-011,ds005280__sub-011,11,4.0,4.0,3.210023,11,11
19832,ds005280,sub-011,ds005280__sub-011,12,3.5,4.0,3.2100334,12,11
19833,ds005280,sub-011,ds005280__sub-011,13,4.0,4.0,3.2047424,13,11
19834,ds005280,sub-011,ds005280__sub-011,14,3.5,4.0,3.2132246,14,11
19835,ds005280,sub-011,ds005280__sub-011,15,3.5,3.0,3.205582,15,11
19836,ds005280,sub-011,ds005280__sub-011,16,4.0,3.0,3.1811817,15,11
19837,ds005280,sub-011,ds005280__sub-011,17,4.0,3.0,3.1801867,14,11
19838,ds005280,sub-011,ds005280__sub-011,18,3.5,3.0,3.156452,13,11
19839,ds005280,sub-011,ds005280__sub-011,19,4.0,3.0,3.1507123,14,11
19840,ds005280,sub-011,ds005280__sub-011,20,4.0,3.0,3.1433158,15,11
19841,ds005280,sub-011,ds005280__sub-011,21,3.5,3.0,3.1307135,15,11
19842,ds005280,sub-011,ds005280__sub-011,22,3.5,2.5,3.123803,15,11
19843,ds005280,sub-011,ds005280__sub-011,23,3.5,2.5,3.1255264,15,11
19844,ds005280,sub-011,ds005280__sub-011,24,3.5,2.5,3.1285348,14,11
19845,ds005280,sub-011,ds005280__sub-011,25,4.0,2.5,3.1345558,15,11
19846,ds005280,sub-011,ds005280__sub-011,26,3.5,2.5,3.1277995,14,11
19847,ds005280,sub-011,ds005280__sub-011,27,4.0,3.0,3.1446288,15,11
19848,ds005280,sub-011,ds005280__sub-011,28,4.0,2.5,3.1483598,14,11
19849,ds005280,sub-011,ds005280__sub-011,29,4.0,3.0,3.180735,14,11
19850,ds005280,sub-012,ds005280__sub-012,0,3.5,3.75,3.5202634,0,12
19851,ds005280,sub-012,ds005280__sub-012,1,4.0,4.0,3.4441411,1,12
19852,ds005280,sub-012,ds005280__sub-012,2,4.0,4.0,3.3012524,2,12
19853,ds005280,sub-012,ds005280__sub-012,3,4.0,4.0,3.2255948,3,12
19854,ds005280,sub-012,ds005280__sub-012,4,4.0,4.0,3.1644158,4,12
19855,ds005280,sub-012,ds005280__sub-012,5,3.5,4.0,3.1475163,5,12
19856,ds005280,sub-012,ds005280__sub-012,6,3.5,4.0,3.1644692,6,12
19857,ds005280,sub-012,ds005280__sub-012,7,3.5,2.5,3.1698413,7,12
19858,ds005280,sub-012,ds005280__sub-012,8,3.5,2.5,3.169713,8,12
19859,ds005280,sub-012,ds005280__sub-012,9,4.0,2.5,3.175251,8,12
19860,ds005280,sub-012,ds005280__sub-012,10,3.5,2.5,3.1913788,9,12
19861,ds005280,sub-012,ds005280__sub-012,11,4.0,2.5,3.185645,9,12
19862,ds005280,sub-012,ds005280__sub-012,12,3.5,2.5,3.1975756,10,12
19863,ds005280,sub-012,ds005280__sub-012,13,4.0,2.5,3.20753,11,12
19864,ds005280,sub-012,ds005280__sub-012,14,3.5,2.5,3.2100453,12,12
19865,ds005280,sub-012,ds005280__sub-012,15,3.5,2.5,3.2095382,13,12
19866,ds005280,sub-012,ds005280__sub-012,16,4.0,2.5,3.1859043,15,12
19867,ds005280,sub-012,ds005280__sub-012,17,4.0,2.5,3.186521,15,12
19868,ds005280,sub-012,ds005280__sub-012,18,3.5,2.5,3.1760213,13,12
19869,ds005280,sub-012,ds005280__sub-012,19,4.0,2.5,3.1885138,15,12
19870,ds005280,sub-012,ds005280__sub-012,20,4.0,2.5,3.1767797,15,12
19871,ds005280,sub-012,ds005280__sub-012,21,3.5,2.5,3.1796417,15,12
19872,ds005280,sub-012,ds005280__sub-012,22,3.5,2.5,3.1859958,15,12
19873,ds005280,sub-012,ds005280__sub-012,23,3.5,2.5,3.198877,14,12
19874,ds005280,sub-012,ds005280__sub-012,24,3.5,2.5,3.1838222,15,12
19875,ds005280,sub-012,ds005280__sub-012,25,4.0,2.5,3.1844857,15,12
19876,ds005280,sub-012,ds005280__sub-012,26,3.5,2.5,3.1781633,14,12
19877,ds005280,sub-012,ds005280__sub-012,27,4.0,2.5,3.1696215,15,12
19878,ds005280,sub-012,ds005280__sub-012,28,4.0,2.5,3.1682172,15,12
19879,ds005280,sub-012,ds005280__sub-012,29,4.0,2.5,3.1576846,12,12
19880,ds005280,sub-013,ds005280__sub-013,0,3.0,3.5,3.4556246,0,13
19881,ds005280,sub-013,ds005280__sub-013,1,3.5,3.5,3.4559987,1,13
19882,ds005280,sub-013,ds005280__sub-013,2,3.5,3.5,3.4330344,2,13
19883,ds005280,sub-013,ds005280__sub-013,3,3.5,3.5,3.318798,3,13
19884,ds005280,sub-013,ds005280__sub-013,4,3.5,3.5,3.3623326,4,13
19885,ds005280,sub-013,ds005280__sub-013,5,3.0,3.5,3.3480055,5,13
19886,ds005280,sub-013,ds005280__sub-013,6,3.0,3.5,3.3617918,6,13
19887,ds005280,sub-013,ds005280__sub-013,7,3.0,3.5,3.3409128,7,13
19888,ds005280,sub-013,ds005280__sub-013,8,3.0,3.5,3.3255568,8,13
19889,ds005280,sub-013,ds005280__sub-013,9,3.5,3.5,3.3169584,9,13
19890,ds005280,sub-013,ds005280__sub-013,10,3.0,3.5,3.3003972,10,13
19891,ds005280,sub-013,ds005280__sub-013,11,3.5,3.5,3.2913322,11,13
19892,ds005280,sub-013,ds005280__sub-013,12,3.0,3.5,3.2691429,12,13
19893,ds005280,sub-013,ds005280__sub-013,13,3.5,3.5,3.2615771,13,13
19894,ds005280,sub-013,ds005280__sub-013,14,3.0,3.5,3.235954,14,13
19895,ds005280,sub-013,ds005280__sub-013,15,3.0,3.5,3.2340596,15,13
19896,ds005280,sub-013,ds005280__sub-013,16,3.5,3.5,3.2220943,12,13
19897,ds005280,sub-013,ds005280__sub-013,17,3.5,3.5,3.2078598,12,13
19898,ds005280,sub-013,ds005280__sub-013,18,3.0,3.5,3.1847975,13,13
19899,ds005280,sub-013,ds005280__sub-013,19,3.5,2.5,3.1697314,14,13
19900,ds005280,sub-013,ds005280__sub-013,20,3.5,2.5,3.1893535,15,13
19901,ds005280,sub-013,ds005280__sub-013,21,3.0,2.5,3.1407523,13,13
19902,ds005280,sub-013,ds005280__sub-013,22,3.0,2.5,3.145931,15,13
19903,ds005280,sub-013,ds005280__sub-013,23,3.0,2.5,3.1225348,15,13
19904,ds005280,sub-013,ds005280__sub-013,24,3.0,2.0,3.1049166,14,13
19905,ds005280,sub-013,ds005280__sub-013,25,3.5,2.0,3.0895514,12,13
19906,ds005280,sub-013,ds005280__sub-013,26,3.0,2.0,3.0704434,13,13
19907,ds005280,sub-013,ds005280__sub-013,27,3.5,2.5,3.1645346,13,13
19908,ds005280,sub-013,ds005280__sub-013,28,3.5,2.0,3.1136556,14,13
19909,ds005280,sub-013,ds005280__sub-013,29,3.5,2.0,3.0816684,15,13
19910,ds005280,sub-014,ds005280__sub-014,0,3.0,3.5,3.3529372,0,14
19911,ds005280,sub-014,ds005280__sub-014,1,3.5,3.75,3.3505497,1,14
19912,ds005280,sub-014,ds005280__sub-014,2,3.5,2.25,3.09241,2,14
19913,ds005280,sub-014,ds005280__sub-014,3,3.5,2.25,3.0837207,3,14
19914,ds005280,sub-014,ds005280__sub-014,4,3.5,2.25,3.0926867,4,14
19915,ds005280,sub-014,ds005280__sub-014,5,3.0,2.25,3.1122336,5,14
19916,ds005280,sub-014,ds005280__sub-014,6,3.0,2.25,3.129825,6,14
19917,ds005280,sub-014,ds005280__sub-014,7,3.0,2.25,3.1363301,7,14
19918,ds005280,sub-014,ds005280__sub-014,8,3.5,2.25,3.1482363,8,14
19919,ds005280,sub-014,ds005280__sub-014,9,3.0,2.5,3.1373515,9,14
19920,ds005280,sub-014,ds005280__sub-014,10,3.5,2.5,3.1592944,10,14
19921,ds005280,sub-014,ds005280__sub-014,11,3.0,2.5,3.1637497,11,14
19922,ds005280,sub-014,ds005280__sub-014,12,3.5,4.5,3.1895552,12,14
19923,ds005280,sub-014,ds005280__sub-014,13,3.0,4.5,3.1912315,13,14
19924,ds005280,sub-014,ds005280__sub-014,14,3.0,4.5,3.211749,14,14
19925,ds005280,sub-014,ds005280__sub-014,15,3.5,4.5,3.2229838,15,14
19926,ds005280,sub-014,ds005280__sub-014,16,3.5,4.5,3.2245529,14,14
19927,ds005280,sub-014,ds005280__sub-014,17,3.0,4.5,3.2224362,14,14
19928,ds005280,sub-014,ds005280__sub-014,18,3.5,4.5,3.2218971,14,14
19929,ds005280,sub-014,ds005280__sub-014,19,3.0,4.5,3.248427,15,14
19930,ds005280,sub-014,ds005280__sub-014,20,3.0,4.5,3.2407088,15,14
19931,ds005280,sub-014,ds005280__sub-014,21,3.0,4.5,3.2488394,15,14
19932,ds005280,sub-014,ds005280__sub-014,22,3.0,4.5,3.2334769,14,14
19933,ds005280,sub-014,ds005280__sub-014,23,3.5,4.5,3.215098,15,14
19934,ds005280,sub-014,ds005280__sub-014,24,3.0,4.5,3.2271574,14,14
19935,ds005280,sub-014,ds005280__sub-014,25,3.5,4.5,3.2383566,15,14
19936,ds005280,sub-014,ds005280__sub-014,26,3.5,4.5,3.2296944,15,14
19937,ds005280,sub-014,ds005280__sub-014,27,3.5,4.5,3.2329814,15,14
19938,ds005280,sub-015,ds005280__sub-015,0,3.0,2.25,3.1034029,0,15
19939,ds005280,sub-015,ds005280__sub-015,1,3.5,4.0,3.2475717,0,15
19940,ds005280,sub-015,ds005280__sub-015,2,3.5,4.0,3.1474557,1,15
19941,ds005280,sub-015,ds005280__sub-015,3,3.5,4.0,3.064983,2,15
19942,ds005280,sub-015,ds005280__sub-015,4,3.5,4.0,2.984323,3,15
19943,ds005280,sub-015,ds005280__sub-015,5,3.0,2.0,2.9704466,4,15
19944,ds005280,sub-015,ds005280__sub-015,6,3.0,2.0,2.957269,5,15
19945,ds005280,sub-015,ds005280__sub-015,7,3.0,2.0,3.0046484,6,15
19946,ds005280,sub-015,ds005280__sub-015,8,3.0,2.0,3.0380714,7,15
19947,ds005280,sub-015,ds005280__sub-015,9,3.5,2.0,3.0650735,8,15
19948,ds005280,sub-015,ds005280__sub-015,10,3.0,2.0,3.1025085,9,15
19949,ds005280,sub-015,ds005280__sub-015,11,3.5,4.5,3.1351976,10,15
19950,ds005280,sub-015,ds005280__sub-015,12,3.0,4.5,3.1719544,11,15
19951,ds005280,sub-015,ds005280__sub-015,13,3.5,4.5,3.1934261,12,15
19952,ds005280,sub-015,ds005280__sub-015,14,3.0,4.5,3.2079701,13,15
19953,ds005280,sub-015,ds005280__sub-015,15,3.0,4.5,3.2310696,14,15
19954,ds005280,sub-015,ds005280__sub-015,16,3.5,4.5,3.1779919,15,15
19955,ds005280,sub-015,ds005280__sub-015,17,3.5,4.5,3.17345,14,15
19956,ds005280,sub-015,ds005280__sub-015,18,3.0,4.5,3.1712027,15,15
19957,ds005280,sub-015,ds005280__sub-015,19,3.5,4.5,3.1870313,15,15
19958,ds005280,sub-015,ds005280__sub-015,20,3.5,4.5,3.2157152,15,15
19959,ds005280,sub-015,ds005280__sub-015,21,3.0,4.5,3.2428079,14,15
19960,ds005280,sub-015,ds005280__sub-015,22,3.0,4.5,3.2409143,15,15
19961,ds005280,sub-015,ds005280__sub-015,23,3.0,4.5,3.2429416,15,15
19962,ds005280,sub-015,ds005280__sub-015,24,3.0,4.5,3.2692268,15,15
19963,ds005280,sub-015,ds005280__sub-015,25,3.5,4.5,3.2841654,14,15
19964,ds005280,sub-015,ds005280__sub-015,26,3.0,4.5,3.2723267,15,15
19965,ds005280,sub-015,ds005280__sub-015,27,3.5,4.5,3.2993028,14,15
19966,ds005280,sub-015,ds005280__sub-015,28,3.5,4.5,3.320371,15,15
19967,ds005280,sub-015,ds005280__sub-015,29,3.5,4.5,3.324729,14,15
19968,ds005280,sub-016,ds005280__sub-016,0,3.5,3.75,3.615552,0,16
19969,ds005280,sub-016,ds005280__sub-016,1,3.5,3.75,3.5138323,1,16
19970,ds005280,sub-016,ds005280__sub-016,2,3.0,2.25,2.7113094,2,16
19971,ds005280,sub-016,ds005280__sub-016,3,3.0,2.25,2.8094115,3,16
19972,ds005280,sub-016,ds005280__sub-016,4,3.0,3.5,2.9856114,4,16
19973,ds005280,sub-016,ds005280__sub-016,5,3.0,3.5,3.038868,5,16
19974,ds005280,sub-016,ds005280__sub-016,6,3.5,3.5,3.1716073,6,16
19975,ds005280,sub-016,ds005280__sub-016,7,3.0,3.5,3.3597815,7,16
19976,ds005280,sub-016,ds005280__sub-016,8,3.5,3.5,3.3564744,8,16
19977,ds005280,sub-016,ds005280__sub-016,9,3.0,3.5,3.3409061,9,16
19978,ds005280,sub-016,ds005280__sub-016,10,3.5,3.5,3.3954659,0,16
19979,ds005280,sub-016,ds005280__sub-016,11,3.0,3.5,3.4379523,0,16
19980,ds005280,sub-016,ds005280__sub-016,12,3.0,3.5,3.4912221,0,16
19981,ds005280,sub-016,ds005280__sub-016,13,3.5,3.5,3.502228,0,16
19982,ds005280,sub-016,ds005280__sub-016,14,3.5,4.0,3.5297217,0,16
19983,ds005280,sub-016,ds005280__sub-016,15,3.0,4.0,3.5329647,0,16
19984,ds005280,sub-016,ds005280__sub-016,16,3.5,4.0,3.5428429,1,16
19985,ds005280,sub-016,ds005280__sub-016,17,3.0,4.0,3.5549233,1,16
19986,ds005280,sub-016,ds005280__sub-016,18,3.0,4.0,3.5598035,2,16
19987,ds005280,sub-016,ds005280__sub-016,19,3.0,4.0,3.5465646,0,16
19988,ds005280,sub-016,ds005280__sub-016,20,3.0,4.0,3.5087173,0,16
19989,ds005280,sub-016,ds005280__sub-016,21,3.5,4.0,3.4791057,1,16
19990,ds005280,sub-016,ds005280__sub-016,22,3.0,4.0,3.5065947,0,16
19991,ds005280,sub-016,ds005280__sub-016,23,3.5,4.0,3.5136461,0,16
19992,ds005280,sub-016,ds005280__sub-016,24,3.5,4.0,3.5111094,0,16
19993,ds005280,sub-016,ds005280__sub-016,25,3.5,4.0,3.512432,0,16
19994,ds005280,sub-017,ds005280__sub-017,0,3.0,3.75,3.719376,0,17
19995,ds005280,sub-017,ds005280__sub-017,1,3.5,4.0,3.7616405,1,17
19996,ds005280,sub-017,ds005280__sub-017,2,3.5,4.0,3.7912922,2,17
19997,ds005280,sub-017,ds005280__sub-017,3,3.5,4.0,3.6978147,3,17
19998,ds005280,sub-017,ds005280__sub-017,4,3.5,3.5,3.5666034,4,17
19999,ds005280,sub-017,ds005280__sub-017,5,3.0,3.5,3.5072513,5,17
20000,ds005280,sub-017,ds005280__sub-017,6,3.0,3.5,3.4757633,6,17
20001,ds005280,sub-017,ds005280__sub-017,7,3.0,3.5,3.4704823,7,17
20002,ds005280,sub-017,ds005280__sub-017,8,3.0,3.5,3.4682212,8,17
20003,ds005280,sub-017,ds005280__sub-017,9,3.5,3.5,3.4790719,9,17
20004,ds005280,sub-017,ds005280__sub-017,10,3.0,3.5,3.5126333,10,17
20005,ds005280,sub-017,ds005280__sub-017,11,3.0,3.5,3.5224366,11,17
20006,ds005280,sub-017,ds005280__sub-017,12,3.0,3.5,3.5369115,12,17
20007,ds005280,sub-017,ds005280__sub-017,13,3.0,3.5,3.5553298,0,17
20008,ds005280,sub-017,ds005280__sub-017,14,3.5,3.5,3.5712898,1,17
20009,ds005280,sub-017,ds005280__sub-017,15,3.5,3.5,3.5786324,2,17
20010,ds005280,sub-017,ds005280__sub-017,16,3.0,3.5,3.5467606,3,17
20011,ds005280,sub-017,ds005280__sub-017,17,3.5,3.5,3.52069,4,17
20012,ds005280,sub-017,ds005280__sub-017,18,3.5,3.5,3.5080955,14,17
20013,ds005280,sub-017,ds005280__sub-017,19,3.0,3.5,3.467152,15,17
20014,ds005280,sub-017,ds005280__sub-017,20,3.0,3.5,3.526453,12,17
20015,ds005280,sub-017,ds005280__sub-017,21,3.0,3.5,3.517076,13,17
20016,ds005280,sub-017,ds005280__sub-017,22,3.0,3.5,3.5142057,14,17
20017,ds005280,sub-017,ds005280__sub-017,23,3.5,3.5,3.5236344,15,17
20018,ds005280,sub-017,ds005280__sub-017,24,3.0,3.5,3.5386229,15,17
20019,ds005280,sub-017,ds005280__sub-017,25,3.5,3.5,3.5133245,14,17
20020,ds005280,sub-017,ds005280__sub-017,26,3.5,3.5,3.513278,15,17
20021,ds005280,sub-017,ds005280__sub-017,27,3.5,3.5,3.521554,15,17
20022,ds005280,sub-018,ds005280__sub-018,0,3.5,3.5,3.4031055,0,18
20023,ds005280,sub-018,ds005280__sub-018,1,4.0,3.5,3.1052017,1,18
20024,ds005280,sub-018,ds005280__sub-018,2,4.0,2.0,2.7797263,2,18
20025,ds005280,sub-018,ds005280__sub-018,3,4.0,2.0,2.816268,3,18
20026,ds005280,sub-018,ds005280__sub-018,4,4.0,2.0,2.8222537,4,18
20027,ds005280,sub-018,ds005280__sub-018,5,3.5,2.0,2.8994799,5,18
20028,ds005280,sub-018,ds005280__sub-018,6,3.5,2.0,2.9594736,6,18
20029,ds005280,sub-018,ds005280__sub-018,7,3.5,2.0,3.0108562,7,18
20030,ds005280,sub-018,ds005280__sub-018,8,3.5,3.5,3.0584235,8,18
20031,ds005280,sub-018,ds005280__sub-018,9,4.0,3.5,3.1057007,9,18
20032,ds005280,sub-018,ds005280__sub-018,10,3.5,3.5,3.1479008,10,18
20033,ds005280,sub-018,ds005280__sub-018,11,4.0,3.5,3.1739182,11,18
20034,ds005280,sub-018,ds005280__sub-018,12,3.5,3.5,3.2010665,12,18
20035,ds005280,sub-018,ds005280__sub-018,13,4.0,3.0,3.2329519,13,18
20036,ds005280,sub-018,ds005280__sub-018,14,3.5,3.0,3.2537303,14,18
20037,ds005280,sub-018,ds005280__sub-018,15,3.5,3.75,3.2772362,15,18
20038,ds005280,sub-018,ds005280__sub-018,16,4.0,3.5,3.289594,12,18
20039,ds005280,sub-018,ds005280__sub-018,17,4.0,4.0,3.256351,15,18
20040,ds005280,sub-018,ds005280__sub-018,18,3.5,4.0,3.2641754,14,18
20041,ds005280,sub-018,ds005280__sub-018,19,4.0,4.0,3.2256382,15,18
20042,ds005280,sub-018,ds005280__sub-018,20,4.0,3.5,3.1998389,15,18
20043,ds005280,sub-018,ds005280__sub-018,21,3.5,2.5,3.2057416,14,18
20044,ds005280,sub-018,ds005280__sub-018,22,3.5,4.0,3.2192984,15,18
20045,ds005280,sub-018,ds005280__sub-018,23,3.5,3.5,3.2118704,15,18
20046,ds005280,sub-018,ds005280__sub-018,24,3.5,3.5,3.216415,14,18
20047,ds005280,sub-018,ds005280__sub-018,25,4.0,2.5,3.212132,15,18
20048,ds005280,sub-018,ds005280__sub-018,26,3.5,2.5,3.2092288,14,18
20049,ds005280,sub-018,ds005280__sub-018,27,4.0,2.5,3.2057366,14,18
20050,ds005280,sub-018,ds005280__sub-018,28,4.0,4.5,3.2232852,15,18
20051,ds005280,sub-018,ds005280__sub-018,29,4.0,2.5,3.1458216,14,18
20052,ds005280,sub-019,ds005280__sub-019,0,3.5,3.75,3.6706805,0,19
20053,ds005280,sub-019,ds005280__sub-019,1,3.5,3.75,2.963507,1,19
20054,ds005280,sub-019,ds005280__sub-019,2,3.5,2.25,2.5484173,2,19
20055,ds005280,sub-019,ds005280__sub-019,3,3.5,2.25,2.6614537,3,19
20056,ds005280,sub-019,ds005280__sub-019,4,3.0,2.25,2.6500597,4,19
20057,ds005280,sub-019,ds005280__sub-019,5,3.0,2.25,2.5186706,5,19
20058,ds005280,sub-019,ds005280__sub-019,6,3.0,2.25,2.5171916,6,19
20059,ds005280,sub-019,ds005280__sub-019,7,3.0,2.25,2.6249845,7,19
20060,ds005280,sub-019,ds005280__sub-019,8,3.5,2.25,2.7744036,8,19
20061,ds005280,sub-019,ds005280__sub-019,9,3.0,2.25,2.8243656,0,19
20062,ds005280,sub-019,ds005280__sub-019,10,3.5,2.5,2.9869232,0,19
20063,ds005280,sub-019,ds005280__sub-019,11,3.0,3.75,3.2031932,1,19
20064,ds005280,sub-019,ds005280__sub-019,12,3.5,3.75,3.3203087,2,19
20065,ds005280,sub-019,ds005280__sub-019,13,3.0,3.75,3.4503107,3,19
20066,ds005280,sub-019,ds005280__sub-019,14,3.0,3.75,3.5189342,0,19
20067,ds005280,sub-019,ds005280__sub-019,15,3.5,4.5,3.5418892,1,19
20068,ds005280,sub-019,ds005280__sub-019,16,3.5,4.5,3.5715792,2,19
20069,ds005280,sub-019,ds005280__sub-019,17,3.0,4.0,3.5051525,3,19
20070,ds005280,sub-019,ds005280__sub-019,18,3.5,4.0,3.543713,0,19
20071,ds005280,sub-019,ds005280__sub-019,19,3.5,4.0,3.6245213,1,19
20072,ds005280,sub-019,ds005280__sub-019,20,3.0,4.0,3.634344,0,19
20073,ds005280,sub-019,ds005280__sub-019,21,3.0,4.0,3.6558993,1,19
20074,ds005280,sub-019,ds005280__sub-019,22,3.0,4.0,3.6398134,0,19
20075,ds005280,sub-019,ds005280__sub-019,23,3.0,4.0,3.6638198,1,19
20076,ds005280,sub-019,ds005280__sub-019,24,3.5,4.0,3.6482332,2,19
20077,ds005280,sub-019,ds005280__sub-019,25,3.5,4.0,3.5499816,3,19
20078,ds005280,sub-020,ds005280__sub-020,0,3.0,3.5,3.4533384,0,20
20079,ds005280,sub-020,ds005280__sub-020,1,3.5,3.5,3.4245508,1,20
20080,ds005280,sub-020,ds005280__sub-020,2,3.5,3.5,3.3379126,2,20
20081,ds005280,sub-020,ds005280__sub-020,3,3.5,4.0,3.246864,3,20
20082,ds005280,sub-020,ds005280__sub-020,4,3.5,4.0,3.1367137,4,20
20083,ds005280,sub-020,ds005280__sub-020,5,3.0,4.0,3.117763,5,20
20084,ds005280,sub-020,ds005280__sub-020,6,3.0,4.0,3.1162727,6,20
20085,ds005280,sub-020,ds005280__sub-020,7,3.0,4.0,3.1177356,7,20
20086,ds005280,sub-020,ds005280__sub-020,8,3.0,4.0,3.1250787,8,20
20087,ds005280,sub-020,ds005280__sub-020,9,3.5,4.0,3.1260614,9,20
20088,ds005280,sub-020,ds005280__sub-020,10,3.0,4.0,3.133998,7,20
20089,ds005280,sub-020,ds005280__sub-020,11,3.5,4.0,3.1545444,8,20
20090,ds005280,sub-020,ds005280__sub-020,12,3.0,4.0,3.1606133,9,20
20091,ds005280,sub-020,ds005280__sub-020,13,3.5,4.0,3.1817777,10,20
20092,ds005280,sub-020,ds005280__sub-020,14,3.0,2.5,3.1885777,11,20
20093,ds005280,sub-020,ds005280__sub-020,15,3.0,2.5,3.2030115,12,20
20094,ds005280,sub-020,ds005280__sub-020,16,3.5,4.5,3.234951,13,20
20095,ds005280,sub-020,ds005280__sub-020,17,3.5,4.5,3.2352004,12,20
20096,ds005280,sub-020,ds005280__sub-020,18,3.0,4.5,3.2653966,15,20
20097,ds005280,sub-020,ds005280__sub-020,19,3.5,4.5,3.2948847,15,20
20098,ds005280,sub-020,ds005280__sub-020,20,3.0,4.5,3.2923465,15,20
20099,ds005280,sub-020,ds005280__sub-020,21,3.0,4.5,3.2769923,14,20
20100,ds005280,sub-020,ds005280__sub-020,22,3.0,4.5,3.3168128,15,20
20101,ds005280,sub-020,ds005280__sub-020,23,3.0,4.5,3.3480768,15,20
20102,ds005280,sub-020,ds005280__sub-020,24,3.5,4.5,3.3095703,13,20
20103,ds005280,sub-020,ds005280__sub-020,25,3.0,4.5,3.2870176,14,20
20104,ds005280,sub-020,ds005280__sub-020,26,3.5,4.5,3.2787652,14,20
20105,ds005280,sub-020,ds005280__sub-020,27,3.5,4.5,3.2844074,15,20
20106,ds005280,sub-021,ds005280__sub-021,0,3.0,2.25,2.817081,0,21
20107,ds005280,sub-021,ds005280__sub-021,1,3.5,2.25,2.8612266,1,21
20108,ds005280,sub-021,ds005280__sub-021,2,3.5,2.25,2.8735185,2,21
20109,ds005280,sub-021,ds005280__sub-021,3,3.5,2.0,2.918634,3,21
20110,ds005280,sub-021,ds005280__sub-021,4,3.5,2.0,2.8872843,4,21
20111,ds005280,sub-021,ds005280__sub-021,5,3.0,2.0,2.8345644,5,21
20112,ds005280,sub-021,ds005280__sub-021,6,3.0,2.0,2.8848429,6,21
20113,ds005280,sub-021,ds005280__sub-021,7,3.0,2.0,2.8561945,7,21
20114,ds005280,sub-021,ds005280__sub-021,8,3.0,2.0,2.9133036,7,21
20115,ds005280,sub-021,ds005280__sub-021,9,3.5,2.0,2.952337,9,21
20116,ds005280,sub-021,ds005280__sub-021,10,3.0,2.0,2.9652267,10,21
20117,ds005280,sub-021,ds005280__sub-021,11,3.5,2.0,2.9917507,10,21
20118,ds005280,sub-021,ds005280__sub-021,12,3.0,2.0,3.0190187,11,21
20119,ds005280,sub-021,ds005280__sub-021,13,3.5,2.0,3.048849,12,21
20120,ds005280,sub-021,ds005280__sub-021,14,3.0,2.0,3.0728524,14,21
20121,ds005280,sub-021,ds005280__sub-021,15,3.0,2.0,3.0861938,10,21
20122,ds005280,sub-021,ds005280__sub-021,16,3.5,2.0,3.1053898,11,21
20123,ds005280,sub-021,ds005280__sub-021,17,3.5,2.0,3.1167154,14,21
20124,ds005280,sub-021,ds005280__sub-021,18,3.0,2.0,3.1010413,15,21
20125,ds005280,sub-021,ds005280__sub-021,19,3.5,2.0,3.0908027,14,21
20126,ds005280,sub-021,ds005280__sub-021,20,3.5,2.0,3.10001,15,21
20127,ds005280,sub-021,ds005280__sub-021,21,3.0,2.0,3.1056528,14,21
20128,ds005280,sub-021,ds005280__sub-021,22,3.0,2.0,3.1027088,15,21
20129,ds005280,sub-021,ds005280__sub-021,23,3.0,2.0,3.108839,14,21
20130,ds005280,sub-021,ds005280__sub-021,24,3.0,2.0,3.1211176,15,21
20131,ds005280,sub-021,ds005280__sub-021,25,3.5,2.0,3.132534,14,21
20132,ds005280,sub-021,ds005280__sub-021,26,3.0,2.0,3.1212,15,21
20133,ds005280,sub-021,ds005280__sub-021,27,3.5,2.0,3.1156683,15,21
20134,ds005280,sub-021,ds005280__sub-021,28,3.5,2.0,3.1219952,15,21
20135,ds005280,sub-021,ds005280__sub-021,29,3.5,2.0,3.1255355,13,21
20136,ds005280,sub-022,ds005280__sub-022,0,3.0,3.5,3.597595,0,22
20137,ds005280,sub-022,ds005280__sub-022,1,3.5,4.0,3.7079377,1,22
20138,ds005280,sub-022,ds005280__sub-022,2,3.5,4.0,3.5191638,2,22
20139,ds005280,sub-022,ds005280__sub-022,3,3.5,4.0,3.211001,3,22
20140,ds005280,sub-022,ds005280__sub-022,4,3.5,4.0,3.100452,4,22
20141,ds005280,sub-022,ds005280__sub-022,5,3.0,3.5,3.0947812,5,22
20142,ds005280,sub-022,ds005280__sub-022,6,3.0,3.5,3.094482,6,22
20143,ds005280,sub-022,ds005280__sub-022,7,3.0,3.5,3.1110532,5,22
20144,ds005280,sub-022,ds005280__sub-022,8,3.0,3.5,3.1281123,6,22
20145,ds005280,sub-022,ds005280__sub-022,9,3.5,3.5,3.1346421,7,22
20146,ds005280,sub-022,ds005280__sub-022,10,3.0,3.5,3.1756623,8,22
20147,ds005280,sub-022,ds005280__sub-022,11,3.5,3.5,3.2307982,9,22
20148,ds005280,sub-022,ds005280__sub-022,12,3.0,3.5,3.2901297,10,22
20149,ds005280,sub-022,ds005280__sub-022,13,3.5,3.5,3.2888703,11,22
20150,ds005280,sub-022,ds005280__sub-022,14,3.0,3.5,3.2997506,12,22
20151,ds005280,sub-022,ds005280__sub-022,15,3.0,3.5,3.3060408,13,22
20152,ds005280,sub-022,ds005280__sub-022,16,3.5,3.5,3.3329754,14,22
20153,ds005280,sub-022,ds005280__sub-022,17,3.5,3.5,3.3254828,15,22
20154,ds005280,sub-022,ds005280__sub-022,18,3.0,3.5,3.3795166,14,22
20155,ds005280,sub-022,ds005280__sub-022,19,3.5,4.5,3.3259687,13,22
20156,ds005280,sub-022,ds005280__sub-022,20,3.5,4.5,3.3750467,15,22
20157,ds005280,sub-022,ds005280__sub-022,21,3.0,4.5,3.4086535,12,22
20158,ds005280,sub-022,ds005280__sub-022,22,3.0,4.0,3.3924284,13,22
20159,ds005280,sub-022,ds005280__sub-022,23,3.0,4.5,3.4093385,15,22
20160,ds005280,sub-022,ds005280__sub-022,24,3.0,4.5,3.374586,15,22
20161,ds005280,sub-022,ds005280__sub-022,25,3.5,4.5,3.3388138,15,22
20162,ds005280,sub-022,ds005280__sub-022,26,3.0,4.5,3.3163264,15,22
20163,ds005280,sub-022,ds005280__sub-022,27,3.5,4.5,3.3612852,14,22
20164,ds005280,sub-022,ds005280__sub-022,28,3.5,4.5,3.3500667,15,22
20165,ds005280,sub-023,ds005280__sub-023,0,4.0,3.75,3.613214,0,23
20166,ds005280,sub-023,ds005280__sub-023,1,4.0,3.75,3.4741673,0,23
20167,ds005280,sub-023,ds005280__sub-023,2,4.0,4.0,3.2615392,2,23
20168,ds005280,sub-023,ds005280__sub-023,3,4.0,2.25,3.063222,3,23
20169,ds005280,sub-023,ds005280__sub-023,4,3.5,2.25,3.001509,4,23
20170,ds005280,sub-023,ds005280__sub-023,5,3.5,2.25,2.9797907,5,23
20171,ds005280,sub-023,ds005280__sub-023,6,3.5,2.25,3.0074286,6,23
20172,ds005280,sub-023,ds005280__sub-023,7,3.5,2.25,3.0017157,7,23
20173,ds005280,sub-023,ds005280__sub-023,8,4.0,2.25,3.048203,8,23
20174,ds005280,sub-023,ds005280__sub-023,9,3.5,2.25,3.0734563,9,23
20175,ds005280,sub-023,ds005280__sub-023,10,3.5,2.25,3.1115637,10,23
20176,ds005280,sub-023,ds005280__sub-023,11,4.0,2.25,3.1569633,11,23
20177,ds005280,sub-023,ds005280__sub-023,12,3.5,2.25,3.1852505,11,23
20178,ds005280,sub-023,ds005280__sub-023,13,3.5,2.25,3.2004166,12,23
20179,ds005280,sub-023,ds005280__sub-023,14,4.0,2.25,3.215104,13,23
20180,ds005280,sub-023,ds005280__sub-023,15,4.0,2.25,3.222188,14,23
20181,ds005280,sub-023,ds005280__sub-023,16,3.5,3.75,3.2382417,15,23
20182,ds005280,sub-023,ds005280__sub-023,17,4.0,3.75,3.2496972,15,23
20183,ds005280,sub-023,ds005280__sub-023,18,4.0,3.75,3.245668,15,23
20184,ds005280,sub-023,ds005280__sub-023,19,3.5,3.75,3.2636561,15,23
20185,ds005280,sub-023,ds005280__sub-023,20,3.5,3.75,3.276854,15,23
20186,ds005280,sub-023,ds005280__sub-023,21,3.5,3.75,3.2679825,15,23
20187,ds005280,sub-023,ds005280__sub-023,22,3.5,3.75,3.2724335,15,23
20188,ds005280,sub-023,ds005280__sub-023,23,4.0,3.75,3.2926154,15,23
20189,ds005280,sub-023,ds005280__sub-023,24,3.5,3.75,3.3108463,15,23
20190,ds005280,sub-023,ds005280__sub-023,25,4.0,3.75,3.3288233,15,23
20191,ds005280,sub-023,ds005280__sub-023,26,4.0,3.75,3.3244584,15,23
20192,ds005280,sub-023,ds005280__sub-023,27,4.0,2.25,3.2549539,15,23
20193,ds005280,sub-024,ds005280__sub-024,0,3.5,3.75,3.4913955,0,24
20194,ds005280,sub-024,ds005280__sub-024,1,3.5,3.75,3.5034137,0,24
20195,ds005280,sub-024,ds005280__sub-024,2,3.5,3.5,3.4548907,1,24
20196,ds005280,sub-024,ds005280__sub-024,3,3.5,3.5,3.3748152,3,24
20197,ds005280,sub-024,ds005280__sub-024,4,3.0,3.5,3.2419088,4,24
20198,ds005280,sub-024,ds005280__sub-024,5,3.0,3.5,3.1513672,5,24
20199,ds005280,sub-024,ds005280__sub-024,6,3.0,3.5,3.0986142,5,24
20200,ds005280,sub-024,ds005280__sub-024,7,3.0,3.5,3.096273,6,24
20201,ds005280,sub-024,ds005280__sub-024,8,3.5,2.0,3.0825136,7,24
20202,ds005280,sub-024,ds005280__sub-024,9,3.0,2.0,3.0754158,8,24
20203,ds005280,sub-024,ds005280__sub-024,10,3.0,2.0,3.0771446,9,24
20204,ds005280,sub-024,ds005280__sub-024,11,3.5,2.0,3.0833364,10,24
20205,ds005280,sub-024,ds005280__sub-024,12,3.0,2.0,3.088848,11,24
20206,ds005280,sub-024,ds005280__sub-024,13,3.0,2.0,3.0998125,12,24
20207,ds005280,sub-024,ds005280__sub-024,14,3.5,2.0,3.130133,13,24
20208,ds005280,sub-024,ds005280__sub-024,15,3.5,2.0,3.1606662,14,24
20209,ds005280,sub-024,ds005280__sub-024,16,3.0,2.0,3.1876554,13,24
20210,ds005280,sub-024,ds005280__sub-024,17,3.5,4.5,3.2124057,14,24
20211,ds005280,sub-024,ds005280__sub-024,18,3.0,4.5,3.2309637,15,24
20212,ds005280,sub-024,ds005280__sub-024,19,3.0,4.5,3.2729025,15,24
20213,ds005280,sub-024,ds005280__sub-024,20,3.0,3.0,3.2015378,15,24
20214,ds005280,sub-024,ds005280__sub-024,21,3.0,3.0,3.1884537,15,24
20215,ds005280,sub-024,ds005280__sub-024,22,3.5,2.0,3.131463,15,24
20216,ds005280,sub-024,ds005280__sub-024,23,3.5,2.0,3.1374114,14,24
20217,ds005280,sub-024,ds005280__sub-024,24,3.5,3.0,3.1516662,12,24
20218,ds005280,sub-025,ds005280__sub-025,0,3.0,3.75,3.5248327,0,25
20219,ds005280,sub-025,ds005280__sub-025,1,3.5,4.0,3.6197965,1,25
20220,ds005280,sub-025,ds005280__sub-025,2,3.5,4.0,3.5538757,2,25
20221,ds005280,sub-025,ds005280__sub-025,3,3.5,4.0,3.3149104,3,25
20222,ds005280,sub-025,ds005280__sub-025,4,3.5,4.0,3.1330123,4,25
20223,ds005280,sub-025,ds005280__sub-025,5,3.0,2.25,3.1029916,5,25
20224,ds005280,sub-025,ds005280__sub-025,6,3.0,3.5,3.1440148,6,25
20225,ds005280,sub-025,ds005280__sub-025,7,3.0,3.5,3.2125788,5,25
20226,ds005280,sub-025,ds005280__sub-025,8,3.0,3.5,3.3011546,6,25
20227,ds005280,sub-025,ds005280__sub-025,9,3.5,3.5,3.3978686,0,25
20228,ds005280,sub-025,ds005280__sub-025,10,3.0,4.0,3.471942,0,25
20229,ds005280,sub-025,ds005280__sub-025,11,3.0,4.0,3.5502946,1,25
20230,ds005280,sub-025,ds005280__sub-025,12,3.5,4.0,3.6026618,2,25
20231,ds005280,sub-025,ds005280__sub-025,13,3.0,4.0,3.6314135,3,25
20232,ds005280,sub-025,ds005280__sub-025,14,3.0,4.0,3.629179,4,25
20233,ds005280,sub-025,ds005280__sub-025,15,3.5,4.0,3.6206524,5,25
20234,ds005280,sub-025,ds005280__sub-025,16,3.5,4.0,3.5989292,6,25
20235,ds005280,sub-025,ds005280__sub-025,17,3.0,4.0,3.53015,7,25
20236,ds005280,sub-025,ds005280__sub-025,18,3.5,4.0,3.4860964,8,25
20237,ds005280,sub-025,ds005280__sub-025,19,3.0,4.0,3.4310188,9,25
20238,ds005280,sub-025,ds005280__sub-025,20,3.0,4.0,3.5009193,0,25
20239,ds005280,sub-025,ds005280__sub-025,21,3.0,4.0,3.5118594,1,25
20240,ds005280,sub-025,ds005280__sub-025,22,3.0,4.0,3.5089645,2,25
20241,ds005280,sub-025,ds005280__sub-025,23,3.5,4.0,3.5169966,3,25
20242,ds005280,sub-025,ds005280__sub-025,24,3.0,4.0,3.5282016,3,25
20243,ds005280,sub-025,ds005280__sub-025,25,3.5,4.0,3.4983773,4,25
20244,ds005280,sub-025,ds005280__sub-025,26,3.5,4.0,3.497959,5,25
20245,ds005280,sub-025,ds005280__sub-025,27,3.5,4.0,3.5180998,6,25
20246,ds005280,sub-026,ds005280__sub-026,0,3.0,3.75,3.503626,0,26
20247,ds005280,sub-026,ds005280__sub-026,1,3.5,3.75,3.688622,0,26
20248,ds005280,sub-026,ds005280__sub-026,2,3.5,4.0,3.6243794,1,26
20249,ds005280,sub-026,ds005280__sub-026,3,3.5,4.0,3.3618882,2,26
20250,ds005280,sub-026,ds005280__sub-026,4,3.5,4.0,3.2596624,3,26
20251,ds005280,sub-026,ds005280__sub-026,5,3.0,4.0,3.2180898,4,26
20252,ds005280,sub-026,ds005280__sub-026,6,3.0,4.0,3.0831008,5,26
20253,ds005280,sub-026,ds005280__sub-026,7,3.0,2.25,3.0282493,6,26
20254,ds005280,sub-026,ds005280__sub-026,8,3.0,2.25,3.0498466,7,26
20255,ds005280,sub-026,ds005280__sub-026,9,3.5,4.0,3.1102333,8,26
20256,ds005280,sub-026,ds005280__sub-026,10,3.0,4.0,3.125109,8,26
20257,ds005280,sub-026,ds005280__sub-026,11,3.5,2.25,3.1164412,9,26
20258,ds005280,sub-026,ds005280__sub-026,12,3.0,2.25,3.1308422,10,26
20259,ds005280,sub-026,ds005280__sub-026,13,3.5,2.25,3.1317968,11,26
20260,ds005280,sub-026,ds005280__sub-026,14,3.0,2.25,3.147163,12,26
20261,ds005280,sub-026,ds005280__sub-026,15,3.0,2.25,3.178981,13,26
20262,ds005280,sub-026,ds005280__sub-026,16,3.5,2.25,3.1707377,14,26
20263,ds005280,sub-026,ds005280__sub-026,17,3.5,2.5,3.1925325,15,26
20264,ds005280,sub-026,ds005280__sub-026,18,3.0,4.5,3.2395496,14,26
20265,ds005280,sub-026,ds005280__sub-026,19,3.5,4.5,3.2707148,10,26
20266,ds005280,sub-026,ds005280__sub-026,20,3.5,4.5,3.304523,11,26
20267,ds005280,sub-026,ds005280__sub-026,21,3.0,4.5,3.2949677,12,26
20268,ds005280,sub-026,ds005280__sub-026,22,3.0,4.5,3.3107333,13,26
20269,ds005280,sub-026,ds005280__sub-026,23,3.0,4.5,3.3025193,14,26
20270,ds005280,sub-026,ds005280__sub-026,24,3.0,4.5,3.2949347,15,26
20271,ds005280,sub-026,ds005280__sub-026,25,3.5,4.5,3.2748785,14,26
20272,ds005280,sub-026,ds005280__sub-026,26,3.0,4.5,3.2816324,15,26
20273,ds005280,sub-026,ds005280__sub-026,27,3.5,4.5,3.3081286,15,26
20274,ds005280,sub-026,ds005280__sub-026,28,3.5,4.5,3.3216186,15,26
20275,ds005280,sub-026,ds005280__sub-026,29,3.5,4.5,3.3602085,14,26
20276,ds005280,sub-027,ds005280__sub-027,0,3.5,3.5,3.5415988,0,27
20277,ds005280,sub-027,ds005280__sub-027,1,3.5,3.5,3.5538337,1,27
20278,ds005280,sub-027,ds005280__sub-027,2,3.5,4.0,3.4046342,2,27
20279,ds005280,sub-027,ds005280__sub-027,3,3.0,4.0,3.2280846,3,27
20280,ds005280,sub-027,ds005280__sub-027,4,3.0,4.0,3.1295352,4,27
20281,ds005280,sub-027,ds005280__sub-027,5,3.0,4.0,3.0893788,5,27
20282,ds005280,sub-027,ds005280__sub-027,6,3.0,4.0,3.1006045,6,27
20283,ds005280,sub-027,ds005280__sub-027,7,3.5,2.5,3.064051,7,27
20284,ds005280,sub-027,ds005280__sub-027,8,3.0,2.5,3.0467703,8,27
20285,ds005280,sub-027,ds005280__sub-027,9,3.5,2.5,3.0632923,9,27
20286,ds005280,sub-027,ds005280__sub-027,10,3.0,2.5,3.1019697,10,27
20287,ds005280,sub-027,ds005280__sub-027,11,3.5,2.5,3.1250143,11,27
20288,ds005280,sub-027,ds005280__sub-027,12,3.0,2.5,3.1587262,12,27
20289,ds005280,sub-027,ds005280__sub-027,13,3.0,2.5,3.2052112,13,27
20290,ds005280,sub-027,ds005280__sub-027,14,3.5,2.5,3.2670217,13,27
20291,ds005280,sub-027,ds005280__sub-027,15,3.5,2.5,3.3108628,14,27
20292,ds005280,sub-027,ds005280__sub-027,16,3.0,4.5,3.315081,15,27
20293,ds005280,sub-027,ds005280__sub-027,17,3.5,4.5,3.431261,14,27
20294,ds005280,sub-027,ds005280__sub-027,18,3.5,4.5,3.482297,15,27
20295,ds005280,sub-027,ds005280__sub-027,19,3.0,4.5,3.4290588,14,27
20296,ds005280,sub-027,ds005280__sub-027,20,3.0,4.5,3.395631,15,27
20297,ds005280,sub-027,ds005280__sub-027,21,3.0,4.5,3.4350996,15,27
20298,ds005280,sub-027,ds005280__sub-027,22,3.0,4.5,3.381429,13,27
20299,ds005280,sub-027,ds005280__sub-027,23,3.5,4.0,3.3709393,14,27
20300,ds005280,sub-027,ds005280__sub-027,24,3.0,4.5,3.4227033,14,27
20301,ds005280,sub-027,ds005280__sub-027,25,3.5,4.5,3.4134784,15,27
20302,ds005280,sub-027,ds005280__sub-027,26,3.5,4.5,3.4409611,15,27
20303,ds005280,sub-027,ds005280__sub-027,27,3.5,4.5,3.3452067,15,27
20304,ds005280,sub-028,ds005280__sub-028,0,3.0,3.75,3.5654554,0,28
20305,ds005280,sub-028,ds005280__sub-028,1,3.5,4.0,3.5928516,1,28
20306,ds005280,sub-028,ds005280__sub-028,2,3.5,4.0,3.4528267,2,28
20307,ds005280,sub-028,ds005280__sub-028,3,3.5,4.0,3.203409,3,28
20308,ds005280,sub-028,ds005280__sub-028,4,3.5,4.0,3.1370234,4,28
20309,ds005280,sub-028,ds005280__sub-028,5,3.0,3.5,3.1249835,5,28
20310,ds005280,sub-028,ds005280__sub-028,6,3.0,3.5,3.1189113,6,28
20311,ds005280,sub-028,ds005280__sub-028,7,3.0,3.5,3.1082416,7,28
20312,ds005280,sub-028,ds005280__sub-028,8,3.0,3.5,3.1146092,8,28
20313,ds005280,sub-028,ds005280__sub-028,9,3.5,3.5,3.1252193,9,28
20314,ds005280,sub-028,ds005280__sub-028,10,3.0,3.5,3.13337,10,28
20315,ds005280,sub-028,ds005280__sub-028,11,3.5,3.5,3.1354408,11,28
20316,ds005280,sub-028,ds005280__sub-028,12,3.0,3.5,3.1413686,12,28
20317,ds005280,sub-028,ds005280__sub-028,13,3.5,2.5,3.145009,13,28
20318,ds005280,sub-028,ds005280__sub-028,14,3.0,2.5,3.155258,14,28
20319,ds005280,sub-028,ds005280__sub-028,15,3.0,2.5,3.159498,15,28
20320,ds005280,sub-028,ds005280__sub-028,16,3.5,2.5,3.1546984,15,28
20321,ds005280,sub-028,ds005280__sub-028,17,3.5,2.5,3.1482866,15,28
20322,ds005280,sub-028,ds005280__sub-028,18,3.0,2.5,3.14497,14,28
20323,ds005280,sub-028,ds005280__sub-028,19,3.5,2.5,3.1507273,15,28
20324,ds005280,sub-028,ds005280__sub-028,20,3.5,2.5,3.1511934,15,28
20325,ds005280,sub-028,ds005280__sub-028,21,3.0,2.5,3.1641364,14,28
20326,ds005280,sub-028,ds005280__sub-028,22,3.0,2.5,3.174263,15,28
20327,ds005280,sub-028,ds005280__sub-028,23,3.0,2.5,3.1778288,15,28
20328,ds005280,sub-028,ds005280__sub-028,24,3.0,2.5,3.1800363,14,28
20329,ds005280,sub-028,ds005280__sub-028,25,3.5,2.5,3.165629,15,28
20330,ds005280,sub-028,ds005280__sub-028,26,3.0,2.5,3.1782007,15,28
20331,ds005280,sub-028,ds005280__sub-028,27,3.5,2.5,3.1736467,15,28
20332,ds005280,sub-028,ds005280__sub-028,28,3.5,2.5,3.1652553,14,28
20333,ds005280,sub-028,ds005280__sub-028,29,3.5,2.5,3.16807,12,28
20334,ds005280,sub-029,ds005280__sub-029,0,3.5,4.0,3.597773,0,29
20335,ds005280,sub-029,ds005280__sub-029,1,4.0,4.0,3.5839272,1,29
20336,ds005280,sub-029,ds005280__sub-029,2,4.0,4.0,3.5492954,2,29
20337,ds005280,sub-029,ds005280__sub-029,3,4.0,4.0,3.468212,3,29
20338,ds005280,sub-029,ds005280__sub-029,4,4.0,4.0,3.389202,4,29
20339,ds005280,sub-029,ds005280__sub-029,5,3.5,4.0,3.3233387,5,29
20340,ds005280,sub-029,ds005280__sub-029,6,3.5,4.0,3.2669263,6,29
20341,ds005280,sub-029,ds005280__sub-029,7,3.5,4.0,3.2502744,7,29
20342,ds005280,sub-029,ds005280__sub-029,8,3.5,4.0,3.2436495,8,29
20343,ds005280,sub-029,ds005280__sub-029,9,4.0,4.0,3.2580037,9,29
20344,ds005280,sub-029,ds005280__sub-029,10,3.5,4.0,3.2517645,10,29
20345,ds005280,sub-029,ds005280__sub-029,11,4.0,4.0,3.2490714,10,29
20346,ds005280,sub-029,ds005280__sub-029,12,3.5,4.0,3.2542892,11,29
20347,ds005280,sub-029,ds005280__sub-029,13,4.0,4.0,3.2571006,12,29
20348,ds005280,sub-029,ds005280__sub-029,14,3.5,4.0,3.2629344,13,29
20349,ds005280,sub-029,ds005280__sub-029,15,3.5,4.0,3.263574,14,29
20350,ds005280,sub-029,ds005280__sub-029,16,4.0,4.0,3.2377386,15,29
20351,ds005280,sub-029,ds005280__sub-029,17,4.0,4.0,3.25525,15,29
20352,ds005280,sub-029,ds005280__sub-029,18,3.5,4.0,3.24898,14,29
20353,ds005280,sub-029,ds005280__sub-029,19,4.0,4.0,3.2588298,15,29
20354,ds005280,sub-029,ds005280__sub-029,20,3.5,4.0,3.2711258,14,29
20355,ds005280,sub-029,ds005280__sub-029,21,3.5,4.0,3.2726583,13,29
20356,ds005280,sub-029,ds005280__sub-029,22,3.5,4.0,3.2727263,14,29
20357,ds005280,sub-029,ds005280__sub-029,23,3.5,4.0,3.2803416,15,29
20358,ds005280,sub-029,ds005280__sub-029,24,4.0,4.0,3.2697816,15,29
20359,ds005280,sub-029,ds005280__sub-029,25,3.5,4.0,3.2648864,14,29
20360,ds005280,sub-029,ds005280__sub-029,26,4.0,4.0,3.2663803,13,29
20361,ds005280,sub-029,ds005280__sub-029,27,4.0,4.0,3.2818203,14,29
20362,ds005280,sub-029,ds005280__sub-029,28,4.0,4.0,3.3009074,15,29
20363,ds005280,sub-030,ds005280__sub-030,0,3.0,3.75,3.471169,0,30
20364,ds005280,sub-030,ds005280__sub-030,1,3.5,3.75,3.5140557,1,30
20365,ds005280,sub-030,ds005280__sub-030,2,3.5,4.0,3.6288638,2,30
20366,ds005280,sub-030,ds005280__sub-030,3,3.5,4.0,3.6640153,3,30
20367,ds005280,sub-030,ds005280__sub-030,4,3.5,4.0,3.5891838,4,30
20368,ds005280,sub-030,ds005280__sub-030,5,3.0,3.5,3.4562933,5,30
20369,ds005280,sub-030,ds005280__sub-030,6,3.0,3.5,3.4289327,6,30
20370,ds005280,sub-030,ds005280__sub-030,7,3.0,3.5,3.3975887,7,30
20371,ds005280,sub-030,ds005280__sub-030,8,3.0,3.5,3.4211648,7,30
20372,ds005280,sub-030,ds005280__sub-030,9,3.5,3.5,3.4436748,9,30
20373,ds005280,sub-030,ds005280__sub-030,10,3.0,3.5,3.4849508,0,30
20374,ds005280,sub-030,ds005280__sub-030,11,3.5,3.5,3.5123422,1,30
20375,ds005280,sub-030,ds005280__sub-030,12,3.0,4.0,3.5300736,2,30
20376,ds005280,sub-030,ds005280__sub-030,13,3.5,4.0,3.5343196,3,30
20377,ds005280,sub-030,ds005280__sub-030,14,3.0,4.0,3.522447,4,30
20378,ds005280,sub-030,ds005280__sub-030,15,3.0,4.0,3.4931064,5,30
20379,ds005280,sub-030,ds005280__sub-030,16,3.5,4.0,3.517439,6,30
20380,ds005280,sub-030,ds005280__sub-030,17,3.5,4.0,3.3632677,7,30
20381,ds005280,sub-030,ds005280__sub-030,18,3.0,4.0,3.4627507,8,30
20382,ds005280,sub-030,ds005280__sub-030,19,3.5,4.0,3.3984594,11,30
20383,ds005280,sub-030,ds005280__sub-030,20,3.5,4.0,3.4246378,13,30
20384,ds005280,sub-030,ds005280__sub-030,21,3.0,4.0,3.3492694,11,30
20385,ds005280,sub-030,ds005280__sub-030,22,3.0,4.0,3.3931088,15,30
20386,ds005280,sub-030,ds005280__sub-030,23,3.0,4.0,3.314117,13,30
20387,ds005280,sub-030,ds005280__sub-030,24,3.0,4.0,3.306605,12,30
20388,ds005280,sub-030,ds005280__sub-030,25,3.5,4.0,3.3334942,15,30
20389,ds005280,sub-030,ds005280__sub-030,26,3.0,4.0,3.3757076,14,30
20390,ds005280,sub-030,ds005280__sub-030,27,3.5,2.5,3.264935,15,30
20391,ds005280,sub-030,ds005280__sub-030,28,3.5,4.0,3.3646271,13,30
20392,ds005280,sub-030,ds005280__sub-030,29,3.5,4.0,3.3915195,15,30
20393,ds005280,sub-031,ds005280__sub-031,0,3.5,3.75,3.7245324,0,31
20394,ds005280,sub-031,ds005280__sub-031,1,3.5,4.0,3.6140652,1,31
20395,ds005280,sub-031,ds005280__sub-031,2,3.5,2.0,2.3414676,2,31
20396,ds005280,sub-031,ds005280__sub-031,3,3.5,2.0,2.4217734,3,31
20397,ds005280,sub-031,ds005280__sub-031,4,3.0,2.0,2.4647555,4,31
20398,ds005280,sub-031,ds005280__sub-031,5,3.0,2.0,2.4813771,5,31
20399,ds005280,sub-031,ds005280__sub-031,6,3.0,2.0,2.5340743,6,31
20400,ds005280,sub-031,ds005280__sub-031,7,3.0,2.0,2.5944808,7,31
20401,ds005280,sub-031,ds005280__sub-031,8,3.5,2.0,2.6862094,8,31
20402,ds005280,sub-031,ds005280__sub-031,9,3.0,2.0,2.8179617,9,31
20403,ds005280,sub-031,ds005280__sub-031,10,3.5,2.5,2.900156,10,31
20404,ds005280,sub-031,ds005280__sub-031,11,3.0,2.5,2.998671,11,31
20405,ds005280,sub-031,ds005280__sub-031,12,3.0,2.5,3.05269,12,31
20406,ds005280,sub-031,ds005280__sub-031,13,3.5,2.5,3.1351933,13,31
20407,ds005280,sub-031,ds005280__sub-031,14,3.5,2.5,3.1703696,14,31
20408,ds005280,sub-031,ds005280__sub-031,15,3.0,2.5,3.1754637,15,31
20409,ds005280,sub-031,ds005280__sub-031,16,3.5,2.5,3.1743066,14,31
20410,ds005280,sub-031,ds005280__sub-031,17,3.5,2.5,3.1575832,12,31
20411,ds005280,sub-031,ds005280__sub-031,18,3.0,2.0,3.1574924,12,31
20412,ds005280,sub-031,ds005280__sub-031,19,3.0,2.0,3.1241498,13,31
20413,ds005280,sub-031,ds005280__sub-031,20,3.0,2.0,3.0931554,14,31
20414,ds005280,sub-031,ds005280__sub-031,21,3.5,2.0,3.06638,14,31
20415,ds005280,sub-031,ds005280__sub-031,22,3.0,2.0,2.9739277,15,31
20416,ds005280,sub-032,ds005280__sub-032,0,3.0,3.5,3.5295882,0,32
20417,ds005280,sub-032,ds005280__sub-032,1,3.5,3.5,3.6276798,0,32
20418,ds005280,sub-032,ds005280__sub-032,2,3.5,4.0,3.6075215,1,32
20419,ds005280,sub-032,ds005280__sub-032,3,3.5,3.5,3.0964825,2,32
20420,ds005280,sub-032,ds005280__sub-032,4,3.5,3.5,3.3172054,3,32
20421,ds005280,sub-032,ds005280__sub-032,5,3.0,3.5,3.3147974,4,32
20422,ds005280,sub-032,ds005280__sub-032,6,3.0,3.5,3.4130077,0,32
20423,ds005280,sub-032,ds005280__sub-032,7,3.0,3.5,3.4255059,0,32
20424,ds005280,sub-032,ds005280__sub-032,8,3.0,3.5,3.4650643,1,32
20425,ds005280,sub-032,ds005280__sub-032,9,3.5,3.5,3.4558194,0,32
20426,ds005280,sub-032,ds005280__sub-032,10,3.0,3.5,3.49516,0,32
20427,ds005280,sub-032,ds005280__sub-032,11,3.5,3.5,3.432093,0,32
20428,ds005280,sub-032,ds005280__sub-032,12,3.0,3.5,3.4775686,0,32
20429,ds005280,sub-032,ds005280__sub-032,13,3.5,3.5,3.448991,1,32
20430,ds005280,sub-032,ds005280__sub-032,14,3.0,3.5,3.482002,0,32
20431,ds005280,sub-032,ds005280__sub-032,15,3.0,3.5,3.4116766,0,32
20432,ds005280,sub-032,ds005280__sub-032,16,3.5,3.5,3.4409466,0,32
20433,ds005280,sub-032,ds005280__sub-032,17,3.5,3.5,3.4687967,1,32
20434,ds005280,sub-032,ds005280__sub-032,18,3.0,3.5,3.4035995,1,32
20435,ds005280,sub-032,ds005280__sub-032,19,3.5,3.5,3.2524972,2,32
20436,ds005280,sub-032,ds005280__sub-032,20,3.5,3.5,2.9814165,0,32
20437,ds005280,sub-032,ds005280__sub-032,21,3.0,3.5,3.156694,0,32
20438,ds005280,sub-032,ds005280__sub-032,22,3.0,3.5,3.0341105,0,32
20439,ds005280,sub-032,ds005280__sub-032,23,3.0,2.5,3.0489545,0,32
20440,ds005280,sub-032,ds005280__sub-032,24,3.5,3.5,3.115249,0,32
20441,ds005280,sub-032,ds005280__sub-032,25,3.0,3.0,3.3409266,0,32
20442,ds005280,sub-032,ds005280__sub-032,26,3.5,3.75,3.283225,1,32
20443,ds005280,sub-032,ds005280__sub-032,27,3.5,4.5,3.330287,0,32
20444,ds005280,sub-032,ds005280__sub-032,28,3.5,4.5,3.273052,1,32
20445,ds005280,sub-033,ds005280__sub-033,0,3.0,3.5,3.3801024,0,33
20446,ds005280,sub-033,ds005280__sub-033,1,3.5,3.75,3.343277,0,33
20447,ds005280,sub-033,ds005280__sub-033,2,3.5,2.5,2.87389,0,33
20448,ds005280,sub-033,ds005280__sub-033,3,3.5,2.5,2.9422417,0,33
20449,ds005280,sub-033,ds005280__sub-033,4,3.5,2.5,2.7476916,1,33
20450,ds005280,sub-033,ds005280__sub-033,5,3.0,2.5,2.9062939,2,33
20451,ds005280,sub-033,ds005280__sub-033,6,3.0,4.0,3.1942565,3,33
20452,ds005280,sub-033,ds005280__sub-033,7,3.0,3.5,3.2689483,4,33
20453,ds005280,sub-033,ds005280__sub-033,8,3.0,4.0,3.3158228,5,33
20454,ds005280,sub-033,ds005280__sub-033,9,3.5,4.0,3.337007,6,33
20455,ds005280,sub-033,ds005280__sub-033,10,3.0,4.0,3.4376817,0,33
20456,ds005280,sub-033,ds005280__sub-033,11,3.5,4.0,3.4270658,1,33
20457,ds005280,sub-033,ds005280__sub-033,12,3.0,4.0,3.445385,2,33
20458,ds005280,sub-033,ds005280__sub-033,13,3.5,4.0,3.4670312,3,33
20459,ds005280,sub-033,ds005280__sub-033,14,3.0,4.0,3.447373,4,33
20460,ds005280,sub-033,ds005280__sub-033,15,3.0,4.0,3.4486678,5,33
20461,ds005280,sub-033,ds005280__sub-033,16,3.5,4.0,3.4116993,6,33
20462,ds005280,sub-033,ds005280__sub-033,17,3.5,4.0,3.486805,0,33
20463,ds005280,sub-033,ds005280__sub-033,18,3.0,4.0,3.5437543,0,33
20464,ds005280,sub-033,ds005280__sub-033,19,3.5,4.0,3.5128655,0,33
20465,ds005280,sub-033,ds005280__sub-033,20,3.5,4.0,3.4891164,1,33
20466,ds005280,sub-033,ds005280__sub-033,21,3.0,4.5,3.4964023,0,33
20467,ds005280,sub-033,ds005280__sub-033,22,3.0,4.5,3.4209585,1,33
20468,ds005280,sub-033,ds005280__sub-033,23,3.0,4.0,3.2721086,11,33
20469,ds005280,sub-033,ds005280__sub-033,24,3.0,4.0,3.333601,0,33
20470,ds005280,sub-033,ds005280__sub-033,25,3.5,2.5,3.265065,1,33
20471,ds005280,sub-033,ds005280__sub-033,26,3.0,2.5,3.290145,2,33
20472,ds005280,sub-033,ds005280__sub-033,27,3.5,2.5,3.297995,0,33
20473,ds005280,sub-033,ds005280__sub-033,28,3.5,3.0,3.344256,1,33
20474,ds005280,sub-033,ds005280__sub-033,29,3.5,4.0,3.3319397,0,33
20475,ds005280,sub-034,ds005280__sub-034,0,3.5,3.5,3.4611368,0,34
20476,ds005280,sub-034,ds005280__sub-034,1,3.5,4.0,3.432342,1,34
20477,ds005280,sub-034,ds005280__sub-034,2,3.5,4.0,3.2806191,2,34
20478,ds005280,sub-034,ds005280__sub-034,3,3.5,3.5,3.0891764,3,34
20479,ds005280,sub-034,ds005280__sub-034,4,3.0,3.5,3.011173,4,34
20480,ds005280,sub-034,ds005280__sub-034,5,3.0,2.0,2.9691916,5,34
20481,ds005280,sub-034,ds005280__sub-034,6,3.0,2.0,2.9730482,6,34
20482,ds005280,sub-034,ds005280__sub-034,7,3.0,3.5,3.0165324,7,34
20483,ds005280,sub-034,ds005280__sub-034,8,3.0,3.0,3.0351827,8,34
20484,ds005280,sub-034,ds005280__sub-034,9,3.5,3.5,3.0629246,9,34
20485,ds005280,sub-034,ds005280__sub-034,10,3.0,2.5,3.0719862,10,34
20486,ds005280,sub-034,ds005280__sub-034,11,3.5,2.5,3.0696201,11,34
20487,ds005280,sub-034,ds005280__sub-034,12,3.0,2.5,3.078651,12,34
20488,ds005280,sub-034,ds005280__sub-034,13,3.0,2.5,3.0876231,12,34
20489,ds005280,sub-034,ds005280__sub-034,14,3.5,2.5,3.089982,13,34
20490,ds005280,sub-034,ds005280__sub-034,15,3.5,2.5,3.1095343,12,34
20491,ds005280,sub-034,ds005280__sub-034,16,3.0,2.5,3.1123848,15,34
20492,ds005280,sub-034,ds005280__sub-034,17,3.5,2.5,3.1252341,14,34
20493,ds005280,sub-034,ds005280__sub-034,18,3.5,2.5,3.1242132,14,34
20494,ds005280,sub-034,ds005280__sub-034,19,3.0,2.5,3.127833,15,34
20495,ds005280,sub-034,ds005280__sub-034,20,3.0,2.5,3.127921,14,34
20496,ds005280,sub-034,ds005280__sub-034,21,3.0,2.5,3.124743,15,34
20497,ds005280,sub-034,ds005280__sub-034,22,3.0,2.5,3.1304235,15,34
20498,ds005280,sub-034,ds005280__sub-034,23,3.5,2.5,3.1419063,15,34
20499,ds005280,sub-034,ds005280__sub-034,24,3.0,2.5,3.1570458,15,34
20500,ds005280,sub-034,ds005280__sub-034,25,3.5,2.5,3.166866,15,34
20501,ds005280,sub-034,ds005280__sub-034,26,3.5,2.5,3.1779523,14,34
20502,ds005280,sub-034,ds005280__sub-034,27,3.5,2.5,3.1714053,15,34
20503,ds005280,sub-035,ds005280__sub-035,0,3.0,3.5,3.5901175,0,35
20504,ds005280,sub-035,ds005280__sub-035,1,3.5,4.0,3.638741,1,35
20505,ds005280,sub-035,ds005280__sub-035,2,3.5,4.0,3.6165903,2,35
20506,ds005280,sub-035,ds005280__sub-035,3,3.5,4.0,3.6371596,3,35
20507,ds005280,sub-035,ds005280__sub-035,4,3.5,4.0,3.5322475,4,35
20508,ds005280,sub-035,ds005280__sub-035,5,3.0,4.0,3.4584723,5,35
20509,ds005280,sub-035,ds005280__sub-035,6,3.0,4.0,3.407721,6,35
20510,ds005280,sub-035,ds005280__sub-035,7,3.0,4.0,3.3634086,6,35
20511,ds005280,sub-035,ds005280__sub-035,8,3.0,4.0,3.3218267,7,35
20512,ds005280,sub-035,ds005280__sub-035,9,3.5,4.0,3.322335,8,35
20513,ds005280,sub-035,ds005280__sub-035,10,3.0,4.0,3.3371415,9,35
20514,ds005280,sub-035,ds005280__sub-035,11,3.5,4.0,3.349249,10,35
20515,ds005280,sub-035,ds005280__sub-035,12,3.0,3.5,3.3619156,11,35
20516,ds005280,sub-035,ds005280__sub-035,13,3.5,3.5,3.349923,12,35
20517,ds005280,sub-035,ds005280__sub-035,14,3.0,3.5,3.348336,13,35
20518,ds005280,sub-035,ds005280__sub-035,15,3.0,3.5,3.3554244,13,35
20519,ds005280,sub-035,ds005280__sub-035,16,3.5,3.5,3.3609374,15,35
20520,ds005280,sub-035,ds005280__sub-035,17,3.5,3.5,3.342276,14,35
20521,ds005280,sub-035,ds005280__sub-035,18,3.0,3.5,3.3421054,15,35
20522,ds005280,sub-035,ds005280__sub-035,19,3.5,3.5,3.3263392,15,35
20523,ds005280,sub-035,ds005280__sub-035,20,3.5,4.0,3.3283477,13,35
20524,ds005280,sub-035,ds005280__sub-035,21,3.0,4.0,3.3420591,13,35
20525,ds005280,sub-035,ds005280__sub-035,22,3.0,4.0,3.3244112,13,35
20526,ds005280,sub-035,ds005280__sub-035,23,3.0,3.5,3.3439658,12,35
20527,ds005280,sub-035,ds005280__sub-035,24,3.0,3.5,3.3366542,13,35
20528,ds005280,sub-035,ds005280__sub-035,25,3.5,3.5,3.3548255,15,35
20529,ds005280,sub-035,ds005280__sub-035,26,3.0,3.5,3.3302383,12,35
20530,ds005280,sub-035,ds005280__sub-035,27,3.5,3.5,3.3165302,14,35
20531,ds005280,sub-035,ds005280__sub-035,28,3.5,3.5,3.33361,14,35
20532,ds005280,sub-035,ds005280__sub-035,29,3.5,3.5,3.348695,14,35
20533,ds005280,sub-036,ds005280__sub-036,0,3.0,3.5,3.3041205,0,36
20534,ds005280,sub-036,ds005280__sub-036,1,3.5,3.75,3.4396756,1,36
20535,ds005280,sub-036,ds005280__sub-036,2,3.5,4.0,3.285592,2,36
20536,ds005280,sub-036,ds005280__sub-036,3,3.5,4.0,3.1334932,3,36
20537,ds005280,sub-036,ds005280__sub-036,4,3.5,4.0,3.120571,4,36
20538,ds005280,sub-036,ds005280__sub-036,5,3.0,2.0,3.0663056,5,36
20539,ds005280,sub-036,ds005280__sub-036,6,3.0,2.0,3.0304403,6,36
20540,ds005280,sub-036,ds005280__sub-036,7,3.0,2.0,3.0214405,7,36
20541,ds005280,sub-036,ds005280__sub-036,8,3.0,2.0,3.0094023,8,36
20542,ds005280,sub-036,ds005280__sub-036,9,3.5,2.0,3.0015056,9,36
20543,ds005280,sub-036,ds005280__sub-036,10,3.0,2.0,3.014182,10,36
20544,ds005280,sub-036,ds005280__sub-036,11,3.5,2.0,3.039093,11,36
20545,ds005280,sub-036,ds005280__sub-036,12,3.0,2.0,3.064455,12,36
20546,ds005280,sub-036,ds005280__sub-036,13,3.5,2.0,3.098769,13,36
20547,ds005280,sub-036,ds005280__sub-036,14,3.0,2.5,3.1250873,14,36
20548,ds005280,sub-036,ds005280__sub-036,15,3.0,2.5,3.145329,15,36
20549,ds005280,sub-036,ds005280__sub-036,16,3.5,2.0,3.116689,15,36
20550,ds005280,sub-036,ds005280__sub-036,17,3.5,2.0,3.096823,14,36
20551,ds005280,sub-036,ds005280__sub-036,18,3.0,2.0,3.10397,15,36
20552,ds005280,sub-036,ds005280__sub-036,19,3.5,2.0,3.0962548,15,36
20553,ds005280,sub-036,ds005280__sub-036,20,3.5,2.0,3.0916276,14,36
20554,ds005280,sub-036,ds005280__sub-036,21,3.0,2.0,3.0830717,13,36
20555,ds005280,sub-036,ds005280__sub-036,22,3.0,2.0,3.0631733,14,36
20556,ds005280,sub-036,ds005280__sub-036,23,3.0,2.0,3.062978,15,36
20557,ds005280,sub-036,ds005280__sub-036,24,3.0,2.0,3.050167,15,36
20558,ds005280,sub-036,ds005280__sub-036,25,3.5,2.0,3.038504,15,36
20559,ds005280,sub-036,ds005280__sub-036,26,3.0,2.0,3.0362113,14,36
20560,ds005280,sub-036,ds005280__sub-036,27,3.5,2.0,3.042109,13,36
20561,ds005280,sub-036,ds005280__sub-036,28,3.5,2.0,3.0580773,14,36
20562,ds005280,sub-036,ds005280__sub-036,29,3.5,2.0,3.082426,15,36
20563,ds005280,sub-037,ds005280__sub-037,0,3.0,3.5,3.4226038,0,37
20564,ds005280,sub-037,ds005280__sub-037,1,3.5,3.5,3.2728188,1,37
20565,ds005280,sub-037,ds005280__sub-037,2,3.5,2.25,2.842317,2,37
20566,ds005280,sub-037,ds005280__sub-037,3,3.5,2.0,2.655135,3,37
20567,ds005280,sub-037,ds005280__sub-037,4,3.5,2.0,2.5594742,4,37
20568,ds005280,sub-037,ds005280__sub-037,5,3.0,2.0,2.5765276,5,37
20569,ds005280,sub-037,ds005280__sub-037,6,3.0,2.0,2.692242,6,37
20570,ds005280,sub-037,ds005280__sub-037,7,3.0,2.5,2.828412,7,37
20571,ds005280,sub-037,ds005280__sub-037,8,3.0,2.5,2.902501,8,37
20572,ds005280,sub-037,ds005280__sub-037,9,3.5,2.5,2.9227414,9,37
20573,ds005280,sub-037,ds005280__sub-037,10,3.0,2.5,2.9937952,8,37
20574,ds005280,sub-037,ds005280__sub-037,11,3.5,2.5,3.0645118,9,37
20575,ds005280,sub-037,ds005280__sub-037,12,3.0,3.5,3.1455855,10,37
20576,ds005280,sub-037,ds005280__sub-037,13,3.5,3.5,3.169327,11,37
20577,ds005280,sub-037,ds005280__sub-037,14,3.0,3.5,3.2814784,12,37
20578,ds005280,sub-037,ds005280__sub-037,15,3.0,3.5,3.3142672,13,37
20579,ds005280,sub-037,ds005280__sub-037,16,3.5,3.5,3.3751395,14,37
20580,ds005280,sub-037,ds005280__sub-037,17,3.5,3.5,3.3988216,15,37
20581,ds005280,sub-037,ds005280__sub-037,18,3.0,3.5,3.428002,15,37
20582,ds005280,sub-037,ds005280__sub-037,19,3.5,3.5,3.4389446,14,37
20583,ds005280,sub-037,ds005280__sub-037,20,3.5,3.5,3.4165664,15,37
20584,ds005280,sub-037,ds005280__sub-037,21,3.0,3.5,3.3843532,15,37
20585,ds005280,sub-037,ds005280__sub-037,22,3.0,3.5,3.3907912,14,37
20586,ds005280,sub-037,ds005280__sub-037,23,3.0,3.5,3.3066177,15,37
20587,ds005280,sub-037,ds005280__sub-037,24,3.0,2.5,3.26374,15,37
20588,ds005280,sub-037,ds005280__sub-037,25,3.5,2.5,3.2674174,13,37
20589,ds005280,sub-037,ds005280__sub-037,26,3.0,2.5,3.216065,14,37
20590,ds005280,sub-037,ds005280__sub-037,27,3.5,2.5,3.1090791,15,37
20591,ds005280,sub-037,ds005280__sub-037,28,3.5,2.5,3.054055,15,37
20592,ds005280,sub-037,ds005280__sub-037,29,3.5,2.5,3.143476,15,37
20593,ds005280,sub-038,ds005280__sub-038,0,3.0,3.5,3.6346538,0,38
20594,ds005280,sub-038,ds005280__sub-038,1,3.5,4.0,3.6595788,1,38
20595,ds005280,sub-038,ds005280__sub-038,2,3.5,4.0,3.3963363,2,38
20596,ds005280,sub-038,ds005280__sub-038,3,3.5,4.0,3.3729832,3,38
20597,ds005280,sub-038,ds005280__sub-038,4,3.5,4.0,3.2372408,4,38
20598,ds005280,sub-038,ds005280__sub-038,5,3.0,3.5,3.0873213,5,38
20599,ds005280,sub-038,ds005280__sub-038,6,3.0,2.0,2.978165,6,38
20600,ds005280,sub-038,ds005280__sub-038,7,3.0,2.0,2.9726636,7,38
20601,ds005280,sub-038,ds005280__sub-038,8,3.0,3.5,3.0261497,8,38
20602,ds005280,sub-038,ds005280__sub-038,9,3.5,3.5,3.0521832,9,38
20603,ds005280,sub-038,ds005280__sub-038,10,3.0,3.5,3.091215,10,38
20604,ds005280,sub-038,ds005280__sub-038,11,3.5,3.5,3.110879,11,38
20605,ds005280,sub-038,ds005280__sub-038,12,3.0,3.5,3.1640203,12,38
20606,ds005280,sub-038,ds005280__sub-038,13,3.5,3.5,3.220166,13,38
20607,ds005280,sub-038,ds005280__sub-038,14,3.0,4.5,3.2780828,14,38
20608,ds005280,sub-038,ds005280__sub-038,15,3.0,4.5,3.3058863,15,38
20609,ds005280,sub-038,ds005280__sub-038,16,3.5,4.5,3.3418527,13,38
20610,ds005280,sub-038,ds005280__sub-038,17,3.5,4.5,3.3647265,14,38
20611,ds005280,sub-038,ds005280__sub-038,18,3.0,4.5,3.414654,15,38
20612,ds005280,sub-038,ds005280__sub-038,19,3.5,4.5,3.4734359,14,38
20613,ds005280,sub-038,ds005280__sub-038,20,3.5,4.5,3.4625924,14,38
20614,ds005280,sub-038,ds005280__sub-038,21,3.0,4.5,3.4368217,15,38
20615,ds005280,sub-038,ds005280__sub-038,22,3.0,4.5,3.3967304,14,38
20616,ds005280,sub-038,ds005280__sub-038,23,3.0,4.5,3.429341,15,38
20617,ds005280,sub-038,ds005280__sub-038,24,3.0,4.5,3.45603,15,38
20618,ds005280,sub-038,ds005280__sub-038,25,3.5,4.5,3.4418716,15,38
20619,ds005280,sub-038,ds005280__sub-038,26,3.0,4.5,3.4830403,15,38
20620,ds005280,sub-038,ds005280__sub-038,27,3.5,4.5,3.3679442,15,38
20621,ds005280,sub-038,ds005280__sub-038,28,3.5,4.5,3.3544726,15,38
20622,ds005280,sub-038,ds005280__sub-038,29,3.5,4.5,3.367955,14,38
20623,ds005280,sub-039,ds005280__sub-039,0,3.0,3.5,3.5308547,0,39
20624,ds005280,sub-039,ds005280__sub-039,1,3.5,3.5,3.6817057,0,39
20625,ds005280,sub-039,ds005280__sub-039,2,3.5,4.0,3.7578878,1,39
20626,ds005280,sub-039,ds005280__sub-039,3,3.5,4.0,3.6540031,0,39
20627,ds005280,sub-039,ds005280__sub-039,4,3.5,4.0,3.572555,3,39
20628,ds005280,sub-039,ds005280__sub-039,5,3.0,3.5,3.4462113,4,39
20629,ds005280,sub-039,ds005280__sub-039,6,3.0,3.5,3.3823373,5,39
20630,ds005280,sub-039,ds005280__sub-039,7,3.0,3.5,3.3919408,0,39
20631,ds005280,sub-039,ds005280__sub-039,8,3.0,3.5,3.4456778,1,39
20632,ds005280,sub-039,ds005280__sub-039,9,3.5,3.5,3.4712737,0,39
20633,ds005280,sub-039,ds005280__sub-039,10,3.0,3.5,3.4152503,1,39
20634,ds005280,sub-039,ds005280__sub-039,11,3.5,4.0,3.3346972,0,39
20635,ds005280,sub-039,ds005280__sub-039,12,3.0,4.0,3.3422415,1,39
20636,ds005280,sub-039,ds005280__sub-039,13,3.5,4.0,3.4681034,0,39
20637,ds005280,sub-039,ds005280__sub-039,14,3.0,4.0,3.3467553,1,39
20638,ds005280,sub-039,ds005280__sub-039,15,3.0,4.0,3.1962137,2,39
20639,ds005280,sub-039,ds005280__sub-039,16,3.5,4.0,3.1318803,3,39
20640,ds005280,sub-039,ds005280__sub-039,17,3.5,2.0,2.706974,1,39
20641,ds005280,sub-039,ds005280__sub-039,18,3.0,2.0,2.5124724,0,39
20642,ds005280,sub-039,ds005280__sub-039,19,3.5,2.0,2.4572635,1,39
20643,ds005280,sub-039,ds005280__sub-039,20,3.5,2.0,2.5623374,0,39
20644,ds005280,sub-039,ds005280__sub-039,21,3.0,2.0,2.5574098,1,39
20645,ds005280,sub-039,ds005280__sub-039,22,3.0,2.0,2.5979967,0,39
20646,ds005280,sub-039,ds005280__sub-039,23,3.0,2.0,2.603252,1,39
20647,ds005280,sub-039,ds005280__sub-039,24,3.0,2.0,2.4987366,2,39
20648,ds005280,sub-039,ds005280__sub-039,25,3.5,2.0,2.591289,3,39
20649,ds005280,sub-039,ds005280__sub-039,26,3.0,2.0,2.666182,0,39
20650,ds005280,sub-039,ds005280__sub-039,27,3.5,2.0,2.9833782,0,39
20651,ds005280,sub-039,ds005280__sub-039,28,3.5,3.75,3.1719632,1,39
20652,ds005280,sub-039,ds005280__sub-039,29,3.5,3.75,3.2734513,2,39
20653,ds005280,sub-040,ds005280__sub-040,0,3.0,3.75,3.4713037,0,40
20654,ds005280,sub-040,ds005280__sub-040,1,3.5,3.75,3.5684762,1,40
20655,ds005280,sub-040,ds005280__sub-040,2,3.5,3.75,3.5730433,1,40
20656,ds005280,sub-040,ds005280__sub-040,3,3.5,2.25,3.2062345,2,40
20657,ds005280,sub-040,ds005280__sub-040,4,3.5,2.25,3.1596184,3,40
20658,ds005280,sub-040,ds005280__sub-040,5,3.0,2.25,3.1346722,4,40
20659,ds005280,sub-040,ds005280__sub-040,6,3.0,2.25,3.1082392,3,40
20660,ds005280,sub-040,ds005280__sub-040,7,3.0,2.25,3.1320896,4,40
20661,ds005280,sub-040,ds005280__sub-040,8,3.0,3.0,3.166333,5,40
20662,ds005280,sub-040,ds005280__sub-040,9,3.5,3.5,3.3204498,6,40
20663,ds005280,sub-040,ds005280__sub-040,10,3.0,3.5,3.409048,0,40
20664,ds005280,sub-040,ds005280__sub-040,11,3.5,4.0,3.5134296,0,40
20665,ds005280,sub-040,ds005280__sub-040,12,3.0,4.0,3.6469889,0,40
20666,ds005280,sub-040,ds005280__sub-040,13,3.5,4.0,3.6449518,1,40
20667,ds005280,sub-040,ds005280__sub-040,14,3.0,4.0,3.614182,0,40
20668,ds005280,sub-040,ds005280__sub-040,15,3.0,4.0,3.614871,1,40
20669,ds005280,sub-040,ds005280__sub-040,16,3.5,4.0,3.5668187,2,40
20670,ds005280,sub-040,ds005280__sub-040,17,3.5,4.0,3.5538273,3,40
20671,ds005280,sub-040,ds005280__sub-040,18,3.0,4.0,3.56694,0,40
20672,ds005280,sub-040,ds005280__sub-040,19,3.5,4.0,3.6012044,0,40
20673,ds005280,sub-040,ds005280__sub-040,20,3.5,4.0,3.615421,0,40
20674,ds005280,sub-040,ds005280__sub-040,21,3.0,4.0,3.6404357,0,40
20675,ds005280,sub-040,ds005280__sub-040,22,3.0,4.0,3.6459641,1,40
20676,ds005280,sub-040,ds005280__sub-040,23,3.0,4.0,3.6966927,0,40
20677,ds005280,sub-040,ds005280__sub-040,24,3.0,4.0,3.6001754,0,40
20678,ds005280,sub-040,ds005280__sub-040,25,3.5,4.0,3.6284935,0,40
20679,ds005280,sub-040,ds005280__sub-040,26,3.0,4.0,3.6372542,1,40
20680,ds005280,sub-040,ds005280__sub-040,27,3.5,4.0,3.6025062,0,40
20681,ds005280,sub-040,ds005280__sub-040,28,3.5,4.5,3.6886716,1,40
20682,ds005280,sub-040,ds005280__sub-040,29,3.5,4.5,3.771395,1,40
20683,ds005280,sub-041,ds005280__sub-041,0,3.5,3.75,3.5415893,0,41
20684,ds005280,sub-041,ds005280__sub-041,1,3.5,4.0,3.3930542,1,41
20685,ds005280,sub-041,ds005280__sub-041,2,3.0,2.25,2.9471712,2,41
20686,ds005280,sub-041,ds005280__sub-041,3,3.0,2.25,2.848186,3,41
20687,ds005280,sub-041,ds005280__sub-041,4,3.0,2.25,2.8497844,4,41
20688,ds005280,sub-041,ds005280__sub-041,5,3.0,2.25,2.911395,5,41
20689,ds005280,sub-041,ds005280__sub-041,6,3.5,2.25,2.9643762,6,41
20690,ds005280,sub-041,ds005280__sub-041,7,3.5,2.25,3.0099218,7,41
20691,ds005280,sub-041,ds005280__sub-041,8,3.0,2.25,3.0723004,8,41
20692,ds005280,sub-041,ds005280__sub-041,9,3.5,2.25,3.1229432,9,41
20693,ds005280,sub-041,ds005280__sub-041,10,3.0,2.25,3.1667416,10,41
20694,ds005280,sub-041,ds005280__sub-041,11,3.0,4.5,3.2087412,11,41
20695,ds005280,sub-041,ds005280__sub-041,12,3.5,4.5,3.2488027,12,41
20696,ds005280,sub-041,ds005280__sub-041,13,3.5,4.5,3.270445,13,41
20697,ds005280,sub-041,ds005280__sub-041,14,3.5,4.5,3.2900054,14,41
20698,ds005280,sub-041,ds005280__sub-041,15,3.5,4.5,3.306901,15,41
20699,ds005280,sub-041,ds005280__sub-041,16,3.0,4.5,3.2806816,15,41
20700,ds005280,sub-041,ds005280__sub-041,17,3.0,4.5,3.2932,14,41
20701,ds005280,sub-041,ds005280__sub-041,18,3.0,4.5,3.234949,15,41
20702,ds005280,sub-041,ds005280__sub-041,19,3.0,4.5,3.2401774,15,41
20703,ds005280,sub-041,ds005280__sub-041,20,3.5,4.5,3.2277212,15,41
20704,ds005280,sub-041,ds005280__sub-041,21,3.0,4.5,3.2361655,14,41
20705,ds005280,sub-041,ds005280__sub-041,22,3.5,4.5,3.2490106,15,41
20706,ds005280,sub-041,ds005280__sub-041,23,3.5,4.5,3.2547932,14,41
20707,ds005280,sub-041,ds005280__sub-041,24,3.5,4.5,3.2634344,15,41
20708,ds005280,sub-042,ds005280__sub-042,0,3.0,3.75,3.5354338,0,42
20709,ds005280,sub-042,ds005280__sub-042,1,3.5,4.0,3.6942549,0,42
20710,ds005280,sub-042,ds005280__sub-042,2,3.5,4.0,3.6990876,1,42
20711,ds005280,sub-042,ds005280__sub-042,3,3.5,4.0,3.654341,0,42
20712,ds005280,sub-042,ds005280__sub-042,4,3.0,4.0,3.6657753,1,42
20713,ds005280,sub-042,ds005280__sub-042,5,3.0,4.0,3.5930965,2,42
20714,ds005280,sub-042,ds005280__sub-042,6,3.0,4.0,3.532833,3,42
20715,ds005280,sub-042,ds005280__sub-042,7,3.5,4.0,3.6003826,4,42
20716,ds005280,sub-042,ds005280__sub-042,8,3.0,4.0,3.5808094,0,42
20717,ds005280,sub-042,ds005280__sub-042,9,3.0,4.0,3.4866884,0,42
20718,ds005280,sub-042,ds005280__sub-042,10,3.5,4.0,3.5929704,2,42
20719,ds005280,sub-042,ds005280__sub-042,11,3.0,4.0,3.6411622,0,42
20720,ds005280,sub-042,ds005280__sub-042,12,3.0,4.0,3.683698,0,42
20721,ds005280,sub-042,ds005280__sub-042,13,3.5,4.0,3.6526895,1,42
20722,ds005280,sub-042,ds005280__sub-042,14,3.0,4.0,3.5666008,0,42
20723,ds005280,sub-042,ds005280__sub-042,15,3.5,4.0,3.5485334,1,42
20724,ds005280,sub-042,ds005280__sub-042,16,3.0,4.0,3.6134706,0,42
20725,ds005280,sub-042,ds005280__sub-042,17,3.0,4.0,3.6177757,1,42
20726,ds005280,sub-042,ds005280__sub-042,18,3.0,4.0,3.6788926,0,42
20727,ds005280,sub-042,ds005280__sub-042,19,3.0,4.0,3.7302613,0,42
20728,ds005280,sub-042,ds005280__sub-042,20,3.5,4.0,3.7481787,0,42
20729,ds005280,sub-042,ds005280__sub-042,21,3.0,4.0,3.7609653,1,42
20730,ds005280,sub-042,ds005280__sub-042,22,3.5,4.0,3.752016,0,42
20731,ds005280,sub-042,ds005280__sub-042,23,3.5,4.0,3.7377572,1,42
20732,ds005280,sub-042,ds005280__sub-042,24,3.5,4.0,3.7504108,0,42
20733,ds005280,sub-043,ds005280__sub-043,0,3.0,3.0,3.4742765,0,43
20734,ds005280,sub-043,ds005280__sub-043,1,3.5,4.0,3.767744,1,43
20735,ds005280,sub-043,ds005280__sub-043,2,3.5,4.0,3.461349,2,43
20736,ds005280,sub-043,ds005280__sub-043,3,3.5,4.0,3.2529964,3,43
20737,ds005280,sub-043,ds005280__sub-043,4,3.0,3.5,3.1549082,4,43
20738,ds005280,sub-043,ds005280__sub-043,5,3.0,3.5,3.0677776,5,43
20739,ds005280,sub-043,ds005280__sub-043,6,3.0,3.5,3.0452127,6,43
20740,ds005280,sub-043,ds005280__sub-043,7,3.0,3.5,3.0568137,7,43
20741,ds005280,sub-043,ds005280__sub-043,8,3.5,3.5,3.0444143,8,43
20742,ds005280,sub-043,ds005280__sub-043,9,3.0,3.5,3.04361,9,43
20743,ds005280,sub-043,ds005280__sub-043,10,3.5,3.5,3.0588956,10,43
20744,ds005280,sub-043,ds005280__sub-043,11,3.0,3.5,3.0885015,11,43
20745,ds005280,sub-043,ds005280__sub-043,12,3.5,3.5,3.1128411,12,43
20746,ds005280,sub-043,ds005280__sub-043,13,3.0,4.0,3.137116,13,43
20747,ds005280,sub-043,ds005280__sub-043,14,3.0,4.0,3.1593804,14,43
20748,ds005280,sub-043,ds005280__sub-043,15,3.5,2.5,3.1834848,15,43
20749,ds005280,sub-043,ds005280__sub-043,16,3.5,2.5,3.1643395,13,43
20750,ds005280,sub-043,ds005280__sub-043,17,3.0,2.5,3.1012464,14,43
20751,ds005280,sub-043,ds005280__sub-043,18,3.5,2.5,3.1171656,15,43
20752,ds005280,sub-043,ds005280__sub-043,19,3.0,2.5,3.1274443,15,43
20753,ds005280,sub-043,ds005280__sub-043,20,3.0,2.5,3.1200147,14,43
20754,ds005280,sub-043,ds005280__sub-043,21,3.0,2.5,3.1264095,15,43
20755,ds005280,sub-043,ds005280__sub-043,22,3.0,2.5,3.1312344,15,43
20756,ds005280,sub-043,ds005280__sub-043,23,3.5,2.5,3.1325357,15,43
20757,ds005280,sub-043,ds005280__sub-043,24,3.5,2.5,3.0922892,14,43
20758,ds005280,sub-043,ds005280__sub-043,25,3.5,2.5,3.085329,15,43
20759,ds005280,sub-043,ds005280__sub-043,26,3.5,2.5,3.0825493,15,43
20760,ds005280,sub-044,ds005280__sub-044,0,3.5,3.0,3.2895565,0,44
20761,ds005280,sub-044,ds005280__sub-044,1,3.5,3.5,3.2682703,1,44
20762,ds005280,sub-044,ds005280__sub-044,2,3.5,3.5,3.1982384,2,44
20763,ds005280,sub-044,ds005280__sub-044,3,3.5,3.5,3.0900595,3,44
20764,ds005280,sub-044,ds005280__sub-044,4,3.0,2.25,3.0617146,4,44
20765,ds005280,sub-044,ds005280__sub-044,5,3.0,3.5,3.0647798,5,44
20766,ds005280,sub-044,ds005280__sub-044,6,3.0,3.5,3.073717,6,44
20767,ds005280,sub-044,ds005280__sub-044,7,3.0,3.5,3.0914807,5,44
20768,ds005280,sub-044,ds005280__sub-044,8,3.5,3.5,3.08109,6,44
20769,ds005280,sub-044,ds005280__sub-044,9,3.0,3.5,3.0990462,7,44
20770,ds005280,sub-044,ds005280__sub-044,10,3.5,3.5,3.1169944,8,44
20771,ds005280,sub-044,ds005280__sub-044,11,3.0,3.5,3.1194158,9,44
20772,ds005280,sub-044,ds005280__sub-044,12,3.5,3.5,3.130214,10,44
20773,ds005280,sub-044,ds005280__sub-044,13,3.0,3.5,3.1353087,11,44
20774,ds005280,sub-044,ds005280__sub-044,14,3.0,3.5,3.1408448,12,44
20775,ds005280,sub-044,ds005280__sub-044,15,3.5,3.5,3.142991,13,44
20776,ds005280,sub-044,ds005280__sub-044,16,3.5,3.5,3.132719,14,44
20777,ds005280,sub-044,ds005280__sub-044,17,3.0,3.5,3.130979,14,44
20778,ds005280,sub-044,ds005280__sub-044,18,3.5,3.5,3.1545055,14,44
20779,ds005280,sub-044,ds005280__sub-044,19,3.5,3.5,3.1603246,13,44
20780,ds005280,sub-044,ds005280__sub-044,20,3.0,3.5,3.1470826,14,44
20781,ds005280,sub-044,ds005280__sub-044,21,3.0,3.5,3.1705062,13,44
20782,ds005280,sub-044,ds005280__sub-044,22,3.0,2.5,3.1779966,13,44
20783,ds005280,sub-044,ds005280__sub-044,23,3.0,2.5,3.1710224,14,44
20784,ds005280,sub-044,ds005280__sub-044,24,3.0,2.5,3.1758895,14,44
20785,ds005280,sub-045,ds005280__sub-045,0,3.5,3.5,3.409858,0,45
20786,ds005280,sub-045,ds005280__sub-045,1,4.0,4.0,3.6647654,0,45
20787,ds005280,sub-045,ds005280__sub-045,2,4.0,4.0,3.7728019,0,45
20788,ds005280,sub-045,ds005280__sub-045,3,4.0,4.0,3.7866347,1,45
20789,ds005280,sub-045,ds005280__sub-045,4,4.0,2.5,3.021956,2,45
20790,ds005280,sub-045,ds005280__sub-045,5,3.5,2.5,2.8481212,5,45
20791,ds005280,sub-045,ds005280__sub-045,6,3.5,2.5,2.87636,3,45
20792,ds005280,sub-045,ds005280__sub-045,7,3.5,2.5,2.8319602,4,45
20793,ds005280,sub-045,ds005280__sub-045,8,3.5,2.5,2.7202299,0,45
20794,ds005280,sub-045,ds005280__sub-045,9,4.0,2.5,2.6472292,0,45
20795,ds005280,sub-045,ds005280__sub-045,10,3.5,3.0,3.0524771,0,45
20796,ds005280,sub-045,ds005280__sub-045,11,4.0,3.5,3.498526,0,45
20797,ds005280,sub-045,ds005280__sub-045,12,3.5,3.5,3.4997456,1,45
20798,ds005280,sub-045,ds005280__sub-045,13,4.0,3.5,3.4461954,2,45
20799,ds005280,sub-045,ds005280__sub-045,14,3.5,3.75,3.539442,0,45
20800,ds005280,sub-045,ds005280__sub-045,15,3.5,3.75,3.5644274,1,45
20801,ds005280,sub-045,ds005280__sub-045,16,4.0,3.75,3.3729384,2,45
20802,ds005280,sub-045,ds005280__sub-045,17,4.0,2.5,3.0984426,3,45
20803,ds005280,sub-045,ds005280__sub-045,18,3.5,2.5,2.801515,1,45
20804,ds005280,sub-045,ds005280__sub-045,19,4.0,4.5,3.252072,0,45
20805,ds005280,sub-045,ds005280__sub-045,20,4.0,2.5,2.9294276,1,45
20806,ds005280,sub-045,ds005280__sub-045,21,3.5,3.75,3.235282,0,45
20807,ds005280,sub-045,ds005280__sub-045,22,3.5,2.0,2.887629,1,45
20808,ds005280,sub-045,ds005280__sub-045,23,3.5,2.0,2.637074,2,45
20809,ds005280,sub-045,ds005280__sub-045,24,3.5,2.0,2.6429648,3,45
20810,ds005280,sub-045,ds005280__sub-045,25,4.0,2.5,2.9078841,4,45
20811,ds005280,sub-045,ds005280__sub-045,26,3.5,2.5,2.8232336,5,45
20812,ds005280,sub-045,ds005280__sub-045,27,4.0,2.5,2.9166083,0,45
20813,ds005280,sub-045,ds005280__sub-045,28,4.0,2.5,2.742699,1,45
20814,ds005280,sub-045,ds005280__sub-045,29,4.0,2.5,2.7927663,8,45
20815,ds005280,sub-046,ds005280__sub-046,0,3.0,3.75,3.431952,0,46
20816,ds005280,sub-046,ds005280__sub-046,1,3.5,2.25,2.6947832,1,46
20817,ds005280,sub-046,ds005280__sub-046,2,3.5,2.25,2.8014264,0,46
20818,ds005280,sub-046,ds005280__sub-046,3,3.5,2.25,3.093667,0,46
20819,ds005280,sub-046,ds005280__sub-046,4,3.5,2.5,2.9460979,4,46
20820,ds005280,sub-046,ds005280__sub-046,5,3.0,2.25,2.8736424,5,46
20821,ds005280,sub-046,ds005280__sub-046,6,3.0,3.5,2.9381995,0,46
20822,ds005280,sub-046,ds005280__sub-046,7,3.0,3.5,3.1602674,1,46
20823,ds005280,sub-046,ds005280__sub-046,8,3.0,3.5,3.2538252,8,46
20824,ds005280,sub-046,ds005280__sub-046,9,3.5,4.0,3.3963304,0,46
20825,ds005280,sub-046,ds005280__sub-046,10,3.0,4.0,3.4436865,1,46
20826,ds005280,sub-046,ds005280__sub-046,11,3.5,4.0,3.5171785,0,46
20827,ds005280,sub-046,ds005280__sub-046,12,3.0,4.0,3.5557165,1,46
20828,ds005280,sub-046,ds005280__sub-046,13,3.5,4.0,3.5990953,0,46
20829,ds005280,sub-046,ds005280__sub-046,14,3.0,4.0,3.6336036,0,46
20830,ds005280,sub-046,ds005280__sub-046,15,3.0,4.0,3.69942,0,46
20831,ds005280,sub-046,ds005280__sub-046,16,3.5,4.0,3.6087313,1,46
20832,ds005280,sub-046,ds005280__sub-046,17,3.0,4.0,3.56645,0,46
20833,ds005280,sub-046,ds005280__sub-046,18,3.5,4.0,3.5661776,0,46
20834,ds005280,sub-046,ds005280__sub-046,19,3.5,4.0,3.5472229,0,46
20835,ds005280,sub-046,ds005280__sub-046,20,3.0,4.0,3.5026593,1,46
20836,ds005280,sub-046,ds005280__sub-046,21,3.0,4.0,3.5340166,0,46
20837,ds005280,sub-046,ds005280__sub-046,22,3.0,4.5,3.5908523,0,46
20838,ds005280,sub-046,ds005280__sub-046,23,3.0,4.5,3.5663981,0,46
20839,ds005280,sub-046,ds005280__sub-046,24,3.5,4.5,3.495663,1,46
20840,ds005280,sub-046,ds005280__sub-046,25,3.0,4.5,3.5363379,0,46
20841,ds005280,sub-046,ds005280__sub-046,26,3.5,4.5,3.6332705,0,46
20842,ds005280,sub-046,ds005280__sub-046,27,3.5,4.5,3.643417,1,46
20843,ds005280,sub-046,ds005280__sub-046,28,3.5,4.5,3.512413,2,46
20844,ds005280,sub-047,ds005280__sub-047,0,3.0,3.75,3.6330945,0,47
20845,ds005280,sub-047,ds005280__sub-047,1,3.5,3.75,3.6611838,1,47
20846,ds005280,sub-047,ds005280__sub-047,2,3.5,3.75,3.4759703,2,47
20847,ds005280,sub-047,ds005280__sub-047,3,3.5,2.25,3.145363,3,47
20848,ds005280,sub-047,ds005280__sub-047,4,3.5,2.25,3.2021751,4,47
20849,ds005280,sub-047,ds005280__sub-047,5,3.0,2.25,3.1545155,5,47
20850,ds005280,sub-047,ds005280__sub-047,6,3.0,2.25,3.091064,6,47
20851,ds005280,sub-047,ds005280__sub-047,7,3.0,2.25,3.1226873,7,47
20852,ds005280,sub-047,ds005280__sub-047,8,3.0,2.25,3.1427522,8,47
20853,ds005280,sub-047,ds005280__sub-047,9,3.5,2.25,3.1532369,9,47
20854,ds005280,sub-047,ds005280__sub-047,10,3.0,3.75,3.1803136,10,47
20855,ds005280,sub-047,ds005280__sub-047,11,3.5,3.75,3.175832,11,47
20856,ds005280,sub-047,ds005280__sub-047,12,3.0,3.75,3.196985,12,47
20857,ds005280,sub-047,ds005280__sub-047,13,3.5,3.75,3.2121723,13,47
20858,ds005280,sub-047,ds005280__sub-047,14,3.0,3.75,3.2254086,14,47
20859,ds005280,sub-047,ds005280__sub-047,15,3.0,3.75,3.230417,15,47
20860,ds005280,sub-047,ds005280__sub-047,16,3.5,3.75,3.2429314,13,47
20861,ds005280,sub-047,ds005280__sub-047,17,3.5,3.75,3.231017,14,47
20862,ds005280,sub-047,ds005280__sub-047,18,3.0,3.75,3.2359295,15,47
20863,ds005280,sub-047,ds005280__sub-047,19,3.5,3.75,3.2503455,14,47
20864,ds005280,sub-047,ds005280__sub-047,20,3.5,3.75,3.267167,15,47
20865,ds005280,sub-047,ds005280__sub-047,21,3.0,3.75,3.2502768,15,47
20866,ds005280,sub-047,ds005280__sub-047,22,3.0,3.75,3.2472248,15,47
20867,ds005280,sub-047,ds005280__sub-047,23,3.0,3.75,3.2536547,15,47
20868,ds005280,sub-047,ds005280__sub-047,24,3.0,3.75,3.2673821,14,47
20869,ds005280,sub-047,ds005280__sub-047,25,3.5,3.75,3.2852974,15,47
20870,ds005280,sub-047,ds005280__sub-047,26,3.0,3.75,3.296167,14,47
20871,ds005280,sub-047,ds005280__sub-047,27,3.5,3.75,3.3087626,15,47
20872,ds005280,sub-048,ds005280__sub-048,0,3.0,3.75,3.5306096,0,48
20873,ds005280,sub-048,ds005280__sub-048,1,3.5,2.25,2.809,1,48
20874,ds005280,sub-048,ds005280__sub-048,2,3.5,2.25,2.6741345,2,48
20875,ds005280,sub-048,ds005280__sub-048,3,3.5,2.25,2.6791883,3,48
20876,ds005280,sub-048,ds005280__sub-048,4,3.5,2.25,2.7345877,4,48
20877,ds005280,sub-048,ds005280__sub-048,5,3.0,2.25,2.8410563,5,48
20878,ds005280,sub-048,ds005280__sub-048,6,3.0,2.25,2.889802,6,48
20879,ds005280,sub-048,ds005280__sub-048,7,3.0,2.25,2.9254732,7,48
20880,ds005280,sub-048,ds005280__sub-048,8,3.0,2.25,2.9581907,7,48
20881,ds005280,sub-048,ds005280__sub-048,9,3.5,2.25,3.038108,8,48
20882,ds005280,sub-048,ds005280__sub-048,10,3.0,2.25,3.064251,9,48
20883,ds005280,sub-048,ds005280__sub-048,11,3.5,2.25,3.106031,10,48
20884,ds005280,sub-048,ds005280__sub-048,12,3.0,4.5,3.1449208,11,48
20885,ds005280,sub-048,ds005280__sub-048,13,3.5,4.5,3.1865406,12,48
20886,ds005280,sub-048,ds005280__sub-048,14,3.0,4.5,3.206027,13,48
20887,ds005280,sub-048,ds005280__sub-048,15,3.0,4.5,3.2359421,14,48
20888,ds005280,sub-048,ds005280__sub-048,16,3.5,4.5,3.1859565,10,48
20889,ds005280,sub-048,ds005280__sub-048,17,3.5,4.5,3.1884732,11,48
20890,ds005280,sub-048,ds005280__sub-048,18,3.0,4.5,3.2079096,12,48
20891,ds005280,sub-048,ds005280__sub-048,19,3.5,4.5,3.2613277,13,48
20892,ds005280,sub-048,ds005280__sub-048,20,3.5,4.5,3.2835975,14,48
20893,ds005280,sub-048,ds005280__sub-048,21,3.0,4.5,3.3283448,14,48
20894,ds005280,sub-048,ds005280__sub-048,22,3.0,4.5,3.2949104,14,48
20895,ds005280,sub-048,ds005280__sub-048,23,3.0,4.5,3.2894359,14,48
20896,ds005280,sub-048,ds005280__sub-048,24,3.0,4.5,3.2833447,14,48
20897,ds005280,sub-048,ds005280__sub-048,25,3.0,4.5,3.2443724,14,48
20898,ds005280,sub-048,ds005280__sub-048,26,3.5,4.5,3.1991642,15,48
20899,ds005280,sub-048,ds005280__sub-048,27,3.5,4.5,3.18379,13,48
20900,ds005280,sub-049,ds005280__sub-049,0,3.5,3.5,3.560675,0,49
20901,ds005280,sub-049,ds005280__sub-049,1,4.0,4.0,3.772829,1,49
20902,ds005280,sub-049,ds005280__sub-049,2,4.0,4.0,3.543325,2,49
20903,ds005280,sub-049,ds005280__sub-049,3,4.0,4.0,3.1196167,3,49
20904,ds005280,sub-049,ds005280__sub-049,4,4.0,2.0,2.976649,4,49
20905,ds005280,sub-049,ds005280__sub-049,5,3.5,3.5,3.0240784,5,49
20906,ds005280,sub-049,ds005280__sub-049,6,3.5,2.5,3.0374675,6,49
20907,ds005280,sub-049,ds005280__sub-049,7,3.5,3.5,3.0760396,7,49
20908,ds005280,sub-049,ds005280__sub-049,8,3.5,3.5,3.0966334,8,49
20909,ds005280,sub-049,ds005280__sub-049,9,4.0,3.5,3.148809,9,49
20910,ds005280,sub-049,ds005280__sub-049,10,3.5,4.0,3.1635008,10,49
20911,ds005280,sub-049,ds005280__sub-049,11,4.0,4.0,3.2201886,9,49
20912,ds005280,sub-049,ds005280__sub-049,12,3.5,4.0,3.257824,10,49
20913,ds005280,sub-049,ds005280__sub-049,13,4.0,4.0,3.2862334,11,49
20914,ds005280,sub-049,ds005280__sub-049,14,3.5,4.0,3.3036735,12,49
20915,ds005280,sub-049,ds005280__sub-049,15,3.5,4.0,3.3193402,13,49
20916,ds005280,sub-049,ds005280__sub-049,16,4.0,4.0,3.3569756,14,49
20917,ds005280,sub-049,ds005280__sub-049,17,4.0,4.0,3.3942025,15,49
20918,ds005280,sub-049,ds005280__sub-049,18,3.5,4.0,3.4117532,13,49
20919,ds005280,sub-049,ds005280__sub-049,19,4.0,4.0,3.4453456,14,49
20920,ds005280,sub-049,ds005280__sub-049,20,4.0,4.5,3.4842482,14,49
20921,ds005280,sub-049,ds005280__sub-049,21,3.5,4.5,3.499946,14,49
20922,ds005280,sub-049,ds005280__sub-049,22,3.5,4.5,3.535388,15,49
20923,ds005280,sub-049,ds005280__sub-049,23,3.5,4.5,3.5334249,14,49
20924,ds005280,sub-049,ds005280__sub-049,24,3.5,4.5,3.4647026,15,49
20925,ds005280,sub-049,ds005280__sub-049,25,4.0,4.5,3.4523559,14,49
20926,ds005280,sub-049,ds005280__sub-049,26,3.5,4.0,3.4426134,14,49
20927,ds005280,sub-049,ds005280__sub-049,27,4.0,2.5,3.354773,13,49
20928,ds005280,sub-049,ds005280__sub-049,28,4.0,4.0,3.402678,14,49
20929,ds005280,sub-049,ds005280__sub-049,29,4.0,4.0,3.3656087,15,49
20930,ds005280,sub-050,ds005280__sub-050,0,3.5,3.75,3.6383157,0,50
20931,ds005280,sub-050,ds005280__sub-050,1,4.0,4.0,3.6940374,1,50
20932,ds005280,sub-050,ds005280__sub-050,2,4.0,4.0,3.6127932,2,50
20933,ds005280,sub-050,ds005280__sub-050,3,4.0,4.0,3.2070413,3,50
20934,ds005280,sub-050,ds005280__sub-050,4,4.0,2.0,2.9402447,4,50
20935,ds005280,sub-050,ds005280__sub-050,5,3.5,2.0,2.9212577,5,50
20936,ds005280,sub-050,ds005280__sub-050,6,3.5,2.0,2.986662,6,50
20937,ds005280,sub-050,ds005280__sub-050,7,3.5,2.0,3.004045,7,50
20938,ds005280,sub-050,ds005280__sub-050,8,3.5,2.0,3.0583313,8,50
20939,ds005280,sub-050,ds005280__sub-050,9,4.0,2.0,3.111257,9,50
20940,ds005280,sub-050,ds005280__sub-050,10,3.5,4.0,3.1683288,10,50
20941,ds005280,sub-050,ds005280__sub-050,11,4.0,4.0,3.196157,11,50
20942,ds005280,sub-050,ds005280__sub-050,12,3.5,4.0,3.2273529,12,50
20943,ds005280,sub-050,ds005280__sub-050,13,4.0,4.0,3.254427,13,50
20944,ds005280,sub-050,ds005280__sub-050,14,3.5,4.0,3.2801692,14,50
20945,ds005280,sub-050,ds005280__sub-050,15,3.5,4.0,3.3021684,15,50
20946,ds005280,sub-050,ds005280__sub-050,16,4.0,3.5,3.2972136,13,50
20947,ds005280,sub-050,ds005280__sub-050,17,4.0,3.5,3.3624907,14,50
20948,ds005280,sub-050,ds005280__sub-050,18,3.5,3.5,3.3953135,15,50
20949,ds005280,sub-050,ds005280__sub-050,19,4.0,3.5,3.3922997,15,50
20950,ds005280,sub-050,ds005280__sub-050,20,4.0,3.5,3.3882494,14,50
20951,ds005280,sub-050,ds005280__sub-050,21,3.5,3.5,3.380987,15,50
20952,ds005280,sub-050,ds005280__sub-050,22,3.5,4.0,3.3874507,15,50
20953,ds005280,sub-050,ds005280__sub-050,23,3.5,4.0,3.4007921,15,50
20954,ds005280,sub-050,ds005280__sub-050,24,3.5,4.5,3.3919427,14,50
20955,ds005280,sub-050,ds005280__sub-050,25,4.0,4.5,3.3961256,15,50
20956,ds005280,sub-050,ds005280__sub-050,26,3.5,4.5,3.396347,15,50
20957,ds005280,sub-050,ds005280__sub-050,27,4.0,4.5,3.3707037,15,50
20958,ds005280,sub-050,ds005280__sub-050,28,4.0,4.5,3.3642707,15,50
20959,ds005280,sub-050,ds005280__sub-050,29,4.0,4.0,3.3490376,14,50
20960,ds005280,sub-051,ds005280__sub-051,0,3.5,3.75,3.4776778,0,51
20961,ds005280,sub-051,ds005280__sub-051,1,3.5,3.75,3.398727,1,51
20962,ds005280,sub-051,ds005280__sub-051,2,3.5,2.25,2.8331552,2,51
20963,ds005280,sub-051,ds005280__sub-051,3,3.0,2.5,2.8395886,3,51
20964,ds005280,sub-051,ds005280__sub-051,4,3.0,2.5,2.7411566,4,51
20965,ds005280,sub-051,ds005280__sub-051,5,3.0,2.25,2.8462348,5,51
20966,ds005280,sub-051,ds005280__sub-051,6,3.5,2.25,2.9651077,6,51
20967,ds005280,sub-051,ds005280__sub-051,7,3.0,2.25,3.0512311,7,51
20968,ds005280,sub-051,ds005280__sub-051,8,3.5,3.5,3.088841,7,51
20969,ds005280,sub-051,ds005280__sub-051,9,3.0,3.5,3.1855671,9,51
20970,ds005280,sub-051,ds005280__sub-051,10,3.5,3.5,3.2155423,10,51
20971,ds005280,sub-051,ds005280__sub-051,11,3.0,3.5,3.255105,11,51
20972,ds005280,sub-051,ds005280__sub-051,12,3.0,3.5,3.28271,12,51
20973,ds005280,sub-051,ds005280__sub-051,13,3.5,3.5,3.330263,13,51
20974,ds005280,sub-051,ds005280__sub-051,14,3.5,3.5,3.4145164,0,51
20975,ds005280,sub-051,ds005280__sub-051,15,3.0,4.0,3.5174978,0,51
20976,ds005280,sub-051,ds005280__sub-051,16,3.5,4.0,3.5332744,1,51
20977,ds005280,sub-051,ds005280__sub-051,17,3.5,4.0,3.5804083,0,51
20978,ds005280,sub-051,ds005280__sub-051,18,3.0,4.0,3.571463,1,51
20979,ds005280,sub-051,ds005280__sub-051,19,3.0,4.0,3.590085,0,51
20980,ds005280,sub-051,ds005280__sub-051,20,3.0,4.0,3.5417247,1,51
20981,ds005280,sub-051,ds005280__sub-051,21,3.0,4.0,3.4894195,0,51
20982,ds005280,sub-051,ds005280__sub-051,22,3.5,4.5,3.4045532,1,51
20983,ds005280,sub-051,ds005280__sub-051,23,3.0,4.5,3.3671155,0,51
20984,ds005280,sub-051,ds005280__sub-051,24,3.5,4.0,3.5672352,0,51
20985,ds005280,sub-051,ds005280__sub-051,25,3.5,4.5,3.5536227,1,51
20986,ds005280,sub-051,ds005280__sub-051,26,3.5,4.0,3.5730722,1,51
20987,ds005280,sub-052,ds005280__sub-052,0,3.0,3.5,3.4035993,0,52
20988,ds005280,sub-052,ds005280__sub-052,1,3.5,4.0,3.7669911,0,52
20989,ds005280,sub-052,ds005280__sub-052,2,3.5,4.0,3.7960382,1,52
20990,ds005280,sub-052,ds005280__sub-052,3,3.5,4.0,3.6649904,2,52
20991,ds005280,sub-052,ds005280__sub-052,4,3.5,2.25,2.7736812,0,52
20992,ds005280,sub-052,ds005280__sub-052,5,3.0,2.25,2.8971624,1,52
20993,ds005280,sub-052,ds005280__sub-052,6,3.0,3.0,2.9761853,5,52
20994,ds005280,sub-052,ds005280__sub-052,7,3.5,3.0,3.032569,3,52
20995,ds005280,sub-052,ds005280__sub-052,8,3.0,3.0,3.2093859,0,52
20996,ds005280,sub-052,ds005280__sub-052,9,3.5,3.0,3.227818,1,52
20997,ds005280,sub-052,ds005280__sub-052,10,3.0,3.0,3.2899022,0,52
20998,ds005280,sub-052,ds005280__sub-052,11,3.0,3.5,3.324568,1,52
20999,ds005280,sub-052,ds005280__sub-052,12,3.5,3.75,3.4287555,0,52
21000,ds005280,sub-052,ds005280__sub-052,13,3.5,3.5,3.4019597,1,52
21001,ds005280,sub-052,ds005280__sub-052,14,3.0,3.75,3.507623,0,52
21002,ds005280,sub-052,ds005280__sub-052,15,3.5,3.75,3.4950857,1,52
21003,ds005280,sub-052,ds005280__sub-052,16,3.5,4.0,3.374906,2,52
21004,ds005280,sub-052,ds005280__sub-052,17,3.0,4.0,3.241953,3,52
21005,ds005280,sub-052,ds005280__sub-052,18,3.0,3.5,3.1588507,14,52
21006,ds005280,sub-052,ds005280__sub-052,19,3.0,4.0,3.177354,0,52
21007,ds005280,sub-052,ds005280__sub-052,20,3.0,2.5,3.1061192,1,52
21008,ds005280,sub-052,ds005280__sub-052,21,3.5,2.0,2.8307815,0,52
21009,ds005280,sub-052,ds005280__sub-052,22,3.0,2.0,2.884472,15,52
21010,ds005280,sub-052,ds005280__sub-052,23,3.5,2.0,2.7673748,0,52
21011,ds005280,sub-052,ds005280__sub-052,24,3.5,4.5,3.3334389,0,52
21012,ds005280,sub-052,ds005280__sub-052,25,3.5,4.5,3.8347025,1,52
21013,ds005280,sub-053,ds005280__sub-053,0,3.0,4.0,3.6856976,0,53
21014,ds005280,sub-053,ds005280__sub-053,1,3.5,4.0,3.67027,1,53
21015,ds005280,sub-053,ds005280__sub-053,2,3.5,4.0,3.4406319,2,53
21016,ds005280,sub-053,ds005280__sub-053,3,3.5,4.0,3.2023335,3,53
21017,ds005280,sub-053,ds005280__sub-053,4,3.0,3.5,3.0330656,4,53
21018,ds005280,sub-053,ds005280__sub-053,5,3.0,3.5,2.9985123,5,53
21019,ds005280,sub-053,ds005280__sub-053,6,3.0,2.0,2.9889157,6,53
21020,ds005280,sub-053,ds005280__sub-053,7,3.0,2.0,2.9987292,7,53
21021,ds005280,sub-053,ds005280__sub-053,8,3.5,2.0,3.0260422,8,53
21022,ds005280,sub-053,ds005280__sub-053,9,3.0,2.0,3.0505836,9,53
21023,ds005280,sub-053,ds005280__sub-053,10,3.5,2.0,3.0777888,10,53
21024,ds005280,sub-053,ds005280__sub-053,11,3.0,3.5,3.100513,11,53
21025,ds005280,sub-053,ds005280__sub-053,12,3.5,3.5,3.1167586,12,53
21026,ds005280,sub-053,ds005280__sub-053,13,3.0,3.5,3.1388628,13,53
21027,ds005280,sub-053,ds005280__sub-053,14,3.0,3.5,3.1530538,14,53
21028,ds005280,sub-053,ds005280__sub-053,15,3.5,3.5,3.1658292,15,53
21029,ds005280,sub-053,ds005280__sub-053,16,3.5,3.5,3.1752493,15,53
21030,ds005280,sub-053,ds005280__sub-053,17,3.0,3.5,3.1815574,15,53
21031,ds005280,sub-053,ds005280__sub-053,18,3.5,2.5,3.1734395,14,53
21032,ds005280,sub-053,ds005280__sub-053,19,3.0,2.5,3.160292,14,53
21033,ds005280,sub-053,ds005280__sub-053,20,3.0,2.5,3.1696649,15,53
21034,ds005280,sub-053,ds005280__sub-053,21,3.0,2.5,3.1714313,15,53
21035,ds005280,sub-053,ds005280__sub-053,22,3.0,2.5,3.1799006,15,53
21036,ds005280,sub-053,ds005280__sub-053,23,3.5,2.5,3.1870866,14,53
21037,ds005280,sub-053,ds005280__sub-053,24,3.0,2.5,3.203135,15,53
21038,ds005280,sub-053,ds005280__sub-053,25,3.5,2.5,3.2008734,15,53
21039,ds005280,sub-053,ds005280__sub-053,26,3.5,2.5,3.1941524,15,53
21040,ds005280,sub-053,ds005280__sub-053,27,3.5,2.5,3.1994176,15,53
21041,ds005280,sub-054,ds005280__sub-054,0,3.0,2.0,3.0155995,0,54
21042,ds005280,sub-054,ds005280__sub-054,1,3.5,2.0,2.789864,1,54
21043,ds005280,sub-054,ds005280__sub-054,2,3.5,2.0,2.850981,2,54
21044,ds005280,sub-054,ds005280__sub-054,3,3.5,2.0,2.8605037,3,54
21045,ds005280,sub-054,ds005280__sub-054,4,3.5,2.0,2.885759,4,54
21046,ds005280,sub-054,ds005280__sub-054,5,3.0,2.0,2.887126,5,54
21047,ds005280,sub-054,ds005280__sub-054,6,3.0,2.0,2.8903704,6,54
21048,ds005280,sub-054,ds005280__sub-054,7,3.0,2.0,2.8875308,7,54
21049,ds005280,sub-054,ds005280__sub-054,8,3.0,2.0,2.8943908,8,54
21050,ds005280,sub-054,ds005280__sub-054,9,3.5,2.0,2.915135,9,54
21051,ds005280,sub-054,ds005280__sub-054,10,3.0,2.0,2.9425516,10,54
21052,ds005280,sub-054,ds005280__sub-054,11,3.5,2.0,2.9542875,11,54
21053,ds005280,sub-054,ds005280__sub-054,12,3.0,2.0,2.9666753,12,54
21054,ds005280,sub-054,ds005280__sub-054,13,3.5,2.0,2.9764109,13,54
21055,ds005280,sub-054,ds005280__sub-054,14,3.0,2.0,2.9902492,14,54
21056,ds005280,sub-054,ds005280__sub-054,15,3.0,2.0,3.006941,15,54
21057,ds005280,sub-054,ds005280__sub-054,16,3.5,2.0,3.0051837,13,54
21058,ds005280,sub-054,ds005280__sub-054,17,3.5,2.0,3.0066686,13,54
21059,ds005280,sub-054,ds005280__sub-054,18,3.0,2.0,3.0090542,14,54
21060,ds005280,sub-054,ds005280__sub-054,19,3.5,2.5,3.0056062,14,54
21061,ds005280,sub-054,ds005280__sub-054,20,3.5,2.5,3.0231013,15,54
21062,ds005280,sub-054,ds005280__sub-054,21,3.0,2.0,3.0158877,15,54
21063,ds005280,sub-054,ds005280__sub-054,22,3.0,2.5,3.0157175,12,54
21064,ds005280,sub-054,ds005280__sub-054,23,3.0,2.0,2.9778852,14,54
21065,ds005280,sub-054,ds005280__sub-054,24,3.0,2.0,2.9805477,9,54
21066,ds005280,sub-054,ds005280__sub-054,25,3.5,2.0,2.9920523,14,54
21067,ds005280,sub-054,ds005280__sub-054,26,3.0,2.5,2.999704,14,54
21068,ds005280,sub-054,ds005280__sub-054,27,3.5,2.5,2.985662,15,54
21069,ds005280,sub-054,ds005280__sub-054,28,3.5,2.5,2.9935157,14,54
21070,ds005280,sub-054,ds005280__sub-054,29,3.5,2.0,2.9880824,14,54
21071,ds005280,sub-055,ds005280__sub-055,0,3.0,3.75,3.6185737,0,55
21072,ds005280,sub-055,ds005280__sub-055,1,3.5,3.75,3.7159448,1,55
21073,ds005280,sub-055,ds005280__sub-055,2,3.5,4.0,3.7300625,2,55
21074,ds005280,sub-055,ds005280__sub-055,3,3.5,4.0,3.7081382,3,55
21075,ds005280,sub-055,ds005280__sub-055,4,3.5,4.0,3.5627432,4,55
21076,ds005280,sub-055,ds005280__sub-055,5,3.0,4.0,3.4665534,5,55
21077,ds005280,sub-055,ds005280__sub-055,6,3.0,4.0,3.3822086,5,55
21078,ds005280,sub-055,ds005280__sub-055,7,3.0,4.0,3.3723068,4,55
21079,ds005280,sub-055,ds005280__sub-055,8,3.0,4.0,3.38571,5,55
21080,ds005280,sub-055,ds005280__sub-055,9,3.5,4.0,3.3992941,6,55
21081,ds005280,sub-055,ds005280__sub-055,10,3.0,4.0,3.3903677,7,55
21082,ds005280,sub-055,ds005280__sub-055,11,3.5,4.0,3.3933704,8,55
21083,ds005280,sub-055,ds005280__sub-055,12,3.0,4.0,3.4154553,9,55
21084,ds005280,sub-055,ds005280__sub-055,13,3.5,4.0,3.4237351,10,55
21085,ds005280,sub-055,ds005280__sub-055,14,3.0,4.0,3.4382892,11,55
21086,ds005280,sub-055,ds005280__sub-055,15,3.0,4.0,3.4504626,12,55
21087,ds005280,sub-055,ds005280__sub-055,16,3.5,4.0,3.462235,13,55
21088,ds005280,sub-055,ds005280__sub-055,17,3.5,4.0,3.4792662,10,55
21089,ds005280,sub-055,ds005280__sub-055,18,3.0,4.0,3.469355,12,55
21090,ds005280,sub-055,ds005280__sub-055,19,3.5,4.0,3.4814796,13,55
21091,ds005280,sub-055,ds005280__sub-055,20,3.5,4.0,3.4361305,12,55
21092,ds005280,sub-055,ds005280__sub-055,21,3.0,4.5,3.3354867,13,55
21093,ds005280,sub-055,ds005280__sub-055,22,3.0,4.5,3.2080972,10,55
21094,ds005280,sub-055,ds005280__sub-055,23,3.0,4.5,3.1718426,11,55
21095,ds005280,sub-055,ds005280__sub-055,24,3.0,2.5,3.08965,13,55
21096,ds005280,sub-055,ds005280__sub-055,25,3.5,2.0,2.984318,13,55
21097,ds005280,sub-055,ds005280__sub-055,26,3.0,2.0,2.9819977,14,55
21098,ds005280,sub-055,ds005280__sub-055,27,3.5,2.0,3.0196152,10,55
21099,ds005280,sub-055,ds005280__sub-055,28,3.5,2.0,3.026537,11,55
21100,ds005280,sub-055,ds005280__sub-055,29,3.5,2.5,3.0296633,12,55
21101,ds005280,sub-056,ds005280__sub-056,0,3.5,3.75,3.6086197,0,56
21102,ds005280,sub-056,ds005280__sub-056,1,3.5,3.75,3.6094246,1,56
21103,ds005280,sub-056,ds005280__sub-056,2,3.5,4.0,3.641523,2,56
21104,ds005280,sub-056,ds005280__sub-056,3,3.5,4.0,3.64838,3,56
21105,ds005280,sub-056,ds005280__sub-056,4,3.0,4.0,3.35855,4,56
21106,ds005280,sub-056,ds005280__sub-056,5,3.0,2.25,3.081013,5,56
21107,ds005280,sub-056,ds005280__sub-056,6,3.0,2.25,3.012388,4,56
21108,ds005280,sub-056,ds005280__sub-056,7,3.0,2.25,2.974317,5,56
21109,ds005280,sub-056,ds005280__sub-056,8,3.5,2.25,2.8930826,6,56
21110,ds005280,sub-056,ds005280__sub-056,9,3.0,2.25,2.762838,7,56
21111,ds005280,sub-056,ds005280__sub-056,10,3.5,2.25,2.8031363,8,56
21112,ds005280,sub-056,ds005280__sub-056,11,3.0,2.25,2.822186,9,56
21113,ds005280,sub-056,ds005280__sub-056,12,3.5,3.75,3.4046655,0,56
21114,ds005280,sub-056,ds005280__sub-056,13,3.0,3.75,3.3930125,1,56
21115,ds005280,sub-056,ds005280__sub-056,14,3.0,3.75,3.4830587,2,56
21116,ds005280,sub-056,ds005280__sub-056,15,3.5,3.75,3.6167498,0,56
21117,ds005280,sub-056,ds005280__sub-056,16,3.5,3.75,3.5849843,1,56
21118,ds005280,sub-056,ds005280__sub-056,17,3.0,3.75,3.5443225,2,56
21119,ds005280,sub-056,ds005280__sub-056,18,3.5,3.75,3.6044922,3,56
21120,ds005280,sub-056,ds005280__sub-056,19,3.5,4.5,3.687716,4,56
21121,ds005280,sub-056,ds005280__sub-056,20,3.0,4.5,3.5992756,5,56
21122,ds005280,sub-056,ds005280__sub-056,21,3.0,4.5,3.3429286,6,56
21123,ds005280,sub-056,ds005280__sub-056,22,3.0,2.5,3.2476215,7,56
21124,ds005280,sub-056,ds005280__sub-056,23,3.0,4.0,3.246757,8,56
21125,ds005280,sub-056,ds005280__sub-056,24,3.5,4.0,3.2410746,9,56
21126,ds005280,sub-056,ds005280__sub-056,25,3.0,4.0,3.455134,0,56
21127,ds005280,sub-056,ds005280__sub-056,26,3.5,4.0,3.6281672,0,56
21128,ds005280,sub-056,ds005280__sub-056,27,3.5,4.0,3.6448045,1,56
21129,ds005280,sub-056,ds005280__sub-056,28,3.5,4.0,3.6828797,2,56
21130,ds005280,sub-057,ds005280__sub-057,0,3.5,3.0,3.498357,0,57
21131,ds005280,sub-057,ds005280__sub-057,1,4.0,3.75,3.5775442,1,57
21132,ds005280,sub-057,ds005280__sub-057,2,4.0,4.0,3.4650598,2,57
21133,ds005280,sub-057,ds005280__sub-057,3,4.0,4.0,3.407363,3,57
21134,ds005280,sub-057,ds005280__sub-057,4,4.0,4.0,3.2624977,4,57
21135,ds005280,sub-057,ds005280__sub-057,5,3.5,4.0,3.1978204,5,57
21136,ds005280,sub-057,ds005280__sub-057,6,3.5,4.0,3.1487575,6,57
21137,ds005280,sub-057,ds005280__sub-057,7,3.5,3.0,3.1338625,7,57
21138,ds005280,sub-057,ds005280__sub-057,8,3.5,3.0,3.1258762,8,57
21139,ds005280,sub-057,ds005280__sub-057,9,3.5,3.0,3.1244004,9,57
21140,ds005280,sub-057,ds005280__sub-057,10,3.5,3.0,3.1329155,10,57
21141,ds005280,sub-057,ds005280__sub-057,11,4.0,3.0,3.1425693,11,57
21142,ds005280,sub-057,ds005280__sub-057,12,3.5,3.0,3.14358,11,57
21143,ds005280,sub-057,ds005280__sub-057,13,3.5,3.0,3.1568642,11,57
21144,ds005280,sub-057,ds005280__sub-057,14,3.5,3.0,3.1665726,12,57
21145,ds005280,sub-057,ds005280__sub-057,15,3.5,3.0,3.1926963,13,57
21146,ds005280,sub-057,ds005280__sub-057,16,3.5,3.0,3.1674914,14,57
21147,ds005280,sub-057,ds005280__sub-057,17,3.5,3.0,3.2029586,15,57
21148,ds005280,sub-057,ds005280__sub-057,18,3.5,3.0,3.2147274,14,57
21149,ds005280,sub-057,ds005280__sub-057,19,4.0,4.5,3.2618227,13,57
21150,ds005280,sub-057,ds005280__sub-057,20,3.5,4.5,3.297093,14,57
21151,ds005280,sub-057,ds005280__sub-057,21,4.0,4.5,3.3182573,15,57
21152,ds005280,sub-057,ds005280__sub-057,22,4.0,4.5,3.3334718,15,57
21153,ds005280,sub-058,ds005280__sub-058,0,4.0,3.5,3.568976,0,58
21154,ds005280,sub-058,ds005280__sub-058,1,4.0,4.0,3.8441415,1,58
21155,ds005280,sub-058,ds005280__sub-058,2,4.0,4.0,3.5214303,2,58
21156,ds005280,sub-058,ds005280__sub-058,3,3.5,4.0,3.6009326,3,58
21157,ds005280,sub-058,ds005280__sub-058,4,3.5,4.0,3.584197,4,58
21158,ds005280,sub-058,ds005280__sub-058,5,3.5,4.0,3.611568,5,58
21159,ds005280,sub-058,ds005280__sub-058,6,3.5,4.0,3.6086645,6,58
21160,ds005280,sub-058,ds005280__sub-058,7,3.5,4.0,3.5703247,7,58
21161,ds005280,sub-058,ds005280__sub-058,8,4.0,4.0,3.545926,8,58
21162,ds005280,sub-058,ds005280__sub-058,9,3.5,4.0,3.5149922,9,58
21163,ds005280,sub-058,ds005280__sub-058,10,3.5,4.0,3.4420147,10,58
21164,ds005280,sub-058,ds005280__sub-058,11,4.0,3.5,3.4471495,0,58
21165,ds005280,sub-058,ds005280__sub-058,12,4.0,3.5,3.4502692,6,58
21166,ds005280,sub-058,ds005280__sub-058,13,3.5,4.0,3.5330067,0,58
21167,ds005280,sub-058,ds005280__sub-058,14,4.0,4.0,3.567653,1,58
21168,ds005280,sub-058,ds005280__sub-058,15,4.0,4.0,3.5974832,2,58
21169,ds005280,sub-058,ds005280__sub-058,16,3.5,3.75,3.5622811,3,58
21170,ds005280,sub-058,ds005280__sub-058,17,3.5,3.75,3.556571,4,58
21171,ds005280,sub-058,ds005280__sub-058,18,3.5,3.75,3.5346966,5,58
21172,ds005280,sub-058,ds005280__sub-058,19,4.0,3.75,3.4837613,6,58
21173,ds005280,sub-058,ds005280__sub-058,20,3.5,3.75,3.4453018,15,58
21174,ds005280,sub-058,ds005280__sub-058,21,4.0,3.75,3.4408336,14,58
21175,ds005280,sub-058,ds005280__sub-058,22,4.0,3.75,3.4508274,14,58
21176,ds005280,sub-058,ds005280__sub-058,23,4.0,4.0,3.4862323,15,58
21177,ds005280,sub-059,ds005280__sub-059,0,3.5,3.75,3.4607973,0,59
21178,ds005280,sub-059,ds005280__sub-059,1,4.0,3.5,3.5236092,1,59
21179,ds005280,sub-059,ds005280__sub-059,2,4.0,4.0,3.5077715,2,59
21180,ds005280,sub-059,ds005280__sub-059,3,4.0,3.5,3.2367408,3,59
21181,ds005280,sub-059,ds005280__sub-059,4,3.5,3.5,3.05495,4,59
21182,ds005280,sub-059,ds005280__sub-059,5,3.5,3.5,2.9463818,5,59
21183,ds005280,sub-059,ds005280__sub-059,6,3.5,3.5,2.9579535,6,59
21184,ds005280,sub-059,ds005280__sub-059,7,4.0,3.5,2.9354692,7,59
21185,ds005280,sub-059,ds005280__sub-059,8,3.5,3.5,2.9789395,8,59
21186,ds005280,sub-059,ds005280__sub-059,9,4.0,3.5,3.0119305,9,59
21187,ds005280,sub-059,ds005280__sub-059,10,4.0,3.5,3.0860274,10,59
21188,ds005280,sub-059,ds005280__sub-059,11,4.0,3.5,3.1224048,11,59
21189,ds005280,sub-059,ds005280__sub-059,12,3.5,3.5,3.1787457,12,59
21190,ds005280,sub-059,ds005280__sub-059,13,4.0,3.5,3.2224371,12,59
21191,ds005280,sub-059,ds005280__sub-059,14,3.5,3.5,3.2065492,13,59
21192,ds005280,sub-059,ds005280__sub-059,15,3.5,3.5,3.2427144,14,59
21193,ds005280,sub-059,ds005280__sub-059,16,3.5,3.5,3.216844,15,59
21194,ds005280,sub-059,ds005280__sub-059,17,3.5,3.5,3.266404,0,59
21195,ds005280,sub-059,ds005280__sub-059,18,4.0,3.5,3.1801128,0,59
21196,ds005280,sub-059,ds005280__sub-059,19,3.5,3.5,3.1340044,15,59
21197,ds005280,sub-059,ds005280__sub-059,20,4.0,3.5,3.1354518,15,59
21198,ds005280,sub-059,ds005280__sub-059,21,4.0,3.5,3.1045647,14,59
21199,ds005280,sub-059,ds005280__sub-059,22,4.0,2.0,3.0356612,15,59
21200,ds005280,sub-060,ds005280__sub-060,0,3.5,3.75,3.63117,0,60
21201,ds005280,sub-060,ds005280__sub-060,1,3.5,3.75,3.640224,1,60
21202,ds005280,sub-060,ds005280__sub-060,2,3.0,4.0,3.0748732,2,60
21203,ds005280,sub-060,ds005280__sub-060,3,3.0,2.0,2.9381065,3,60
21204,ds005280,sub-060,ds005280__sub-060,4,3.0,2.0,2.881487,3,60
21205,ds005280,sub-060,ds005280__sub-060,5,3.0,2.0,2.8615396,4,60
21206,ds005280,sub-060,ds005280__sub-060,6,3.5,2.0,2.8540177,5,60
21207,ds005280,sub-060,ds005280__sub-060,7,3.0,2.0,2.8352027,6,60
21208,ds005280,sub-060,ds005280__sub-060,8,3.5,2.0,2.8422022,7,60
21209,ds005280,sub-060,ds005280__sub-060,9,3.0,2.0,2.8509355,8,60
21210,ds005280,sub-060,ds005280__sub-060,10,3.5,2.0,2.8627107,9,60
21211,ds005280,sub-060,ds005280__sub-060,11,3.0,2.0,2.912785,10,60
21212,ds005280,sub-060,ds005280__sub-060,12,3.0,2.0,2.9290748,11,60
21213,ds005280,sub-060,ds005280__sub-060,13,3.5,2.0,2.9509158,12,60
21214,ds005280,sub-060,ds005280__sub-060,14,3.5,2.0,2.976519,13,60
21215,ds005280,sub-060,ds005280__sub-060,15,3.0,2.0,3.0232627,14,60
21216,ds005280,sub-060,ds005280__sub-060,16,3.5,2.0,3.0144534,14,60
21217,ds005280,sub-060,ds005280__sub-060,17,3.5,2.0,3.0113287,15,60
21218,ds005280,sub-060,ds005280__sub-060,18,3.0,2.0,3.0367823,15,60
21219,ds005280,sub-060,ds005280__sub-060,19,3.0,2.0,3.0261493,15,60
21220,ds005280,sub-060,ds005280__sub-060,20,3.0,2.0,3.0080752,15,60
21221,ds005280,sub-060,ds005280__sub-060,21,3.0,2.0,2.9517803,14,60
21222,ds005280,sub-060,ds005280__sub-060,22,3.5,2.0,2.9620876,15,60
21223,ds005280,sub-060,ds005280__sub-060,23,3.0,2.0,2.9388006,14,60
21224,ds005280,sub-060,ds005280__sub-060,24,3.5,2.0,3.0119305,15,60
21225,ds005280,sub-060,ds005280__sub-060,25,3.5,2.0,2.9955845,15,60
21226,ds005280,sub-060,ds005280__sub-060,26,3.5,2.0,3.0500379,15,60
21227,ds005280,sub-061,ds005280__sub-061,0,3.5,3.75,3.3897862,0,61
21228,ds005280,sub-061,ds005280__sub-061,1,4.0,4.0,3.3889403,0,61
21229,ds005280,sub-061,ds005280__sub-061,2,4.0,4.0,3.1740232,1,61
21230,ds005280,sub-061,ds005280__sub-061,3,4.0,4.0,3.1227915,2,61
21231,ds005280,sub-061,ds005280__sub-061,4,4.0,4.0,3.1178603,3,61
21232,ds005280,sub-061,ds005280__sub-061,5,3.5,4.0,3.095168,4,61
21233,ds005280,sub-061,ds005280__sub-061,6,3.5,4.0,3.1354816,5,61
21234,ds005280,sub-061,ds005280__sub-061,7,3.5,4.0,3.1427364,6,61
21235,ds005280,sub-061,ds005280__sub-061,8,3.5,4.0,3.1823525,7,61
21236,ds005280,sub-061,ds005280__sub-061,9,4.0,4.0,3.2156146,8,61
21237,ds005280,sub-061,ds005280__sub-061,10,3.5,4.0,3.2445798,9,61
21238,ds005280,sub-061,ds005280__sub-061,11,4.0,4.5,3.2746415,10,61
21239,ds005280,sub-061,ds005280__sub-061,12,3.5,4.5,3.2977104,11,61
21240,ds005280,sub-061,ds005280__sub-061,13,4.0,4.5,3.3296382,12,61
21241,ds005280,sub-061,ds005280__sub-061,14,3.5,4.5,3.3457808,13,61
21242,ds005280,sub-061,ds005280__sub-061,15,3.5,4.5,3.3602402,14,61
21243,ds005280,sub-061,ds005280__sub-061,16,4.0,4.5,3.3024623,14,61
21244,ds005280,sub-061,ds005280__sub-061,17,4.0,4.5,3.315837,15,61
21245,ds005280,sub-061,ds005280__sub-061,18,3.5,4.5,3.333839,14,61
21246,ds005280,sub-061,ds005280__sub-061,19,4.0,4.5,3.3013883,15,61
21247,ds005280,sub-061,ds005280__sub-061,20,4.0,4.5,3.3086007,13,61
21248,ds005280,sub-061,ds005280__sub-061,21,3.5,2.5,3.2316728,14,61
21249,ds005280,sub-061,ds005280__sub-061,22,3.5,3.0,3.2088084,14,61
21250,ds005280,sub-061,ds005280__sub-061,23,3.5,3.0,3.2075355,15,61
21251,ds005280,sub-061,ds005280__sub-061,24,3.5,3.0,3.216878,11,61
21252,ds005280,sub-061,ds005280__sub-061,25,4.0,3.0,3.200468,14,61
21253,ds005280,sub-061,ds005280__sub-061,26,3.5,3.0,3.1858723,15,61
21254,ds005280,sub-061,ds005280__sub-061,27,4.0,3.0,3.2118406,14,61
21255,ds005280,sub-061,ds005280__sub-061,28,4.0,3.0,3.2054663,15,61
21256,ds005280,sub-061,ds005280__sub-061,29,4.0,3.0,3.2790666,13,61
21257,ds005280,sub-062,ds005280__sub-062,0,3.5,3.75,3.6964445,0,62
21258,ds005280,sub-062,ds005280__sub-062,1,4.0,3.75,3.6535153,1,62
21259,ds005280,sub-062,ds005280__sub-062,2,4.0,4.0,3.663148,2,62
21260,ds005280,sub-062,ds005280__sub-062,3,4.0,4.0,3.58385,3,62
21261,ds005280,sub-062,ds005280__sub-062,4,3.5,4.0,3.4394488,4,62
21262,ds005280,sub-062,ds005280__sub-062,5,3.5,3.5,3.3682103,5,62
21263,ds005280,sub-062,ds005280__sub-062,6,3.5,3.5,3.2527246,6,62
21264,ds005280,sub-062,ds005280__sub-062,7,3.5,3.5,3.183274,7,62
21265,ds005280,sub-062,ds005280__sub-062,8,4.0,3.5,3.1721182,8,62
21266,ds005280,sub-062,ds005280__sub-062,9,3.5,3.5,3.1666474,9,62
21267,ds005280,sub-062,ds005280__sub-062,10,4.0,3.5,3.1457918,10,62
21268,ds005280,sub-062,ds005280__sub-062,11,3.5,3.5,3.160438,11,62
21269,ds005280,sub-062,ds005280__sub-062,12,4.0,3.5,3.1812658,12,62
21270,ds005280,sub-062,ds005280__sub-062,13,3.5,3.5,3.1927228,13,62
21271,ds005280,sub-062,ds005280__sub-062,14,3.5,3.5,3.2131815,13,62
21272,ds005280,sub-062,ds005280__sub-062,15,4.0,3.5,3.235467,14,62
21273,ds005280,sub-062,ds005280__sub-062,16,4.0,3.5,3.2622867,15,62
21274,ds005280,sub-062,ds005280__sub-062,17,3.5,3.5,3.22265,13,62
21275,ds005280,sub-062,ds005280__sub-062,18,4.0,3.5,3.1647472,14,62
21276,ds005280,sub-062,ds005280__sub-062,19,4.0,3.5,3.185717,15,62
21277,ds005280,sub-062,ds005280__sub-062,20,3.5,3.5,3.238799,0,62
21278,ds005280,sub-062,ds005280__sub-062,21,3.5,3.5,3.3054764,15,62
21279,ds005280,sub-062,ds005280__sub-062,22,3.5,3.5,3.2686303,15,62
21280,ds005280,sub-062,ds005280__sub-062,23,3.5,3.5,3.1769977,14,62
21281,ds005280,sub-062,ds005280__sub-062,24,4.0,3.5,3.1947954,14,62
21282,ds005280,sub-062,ds005280__sub-062,25,3.5,3.5,3.2134857,15,62
21283,ds005280,sub-062,ds005280__sub-062,26,4.0,3.5,3.2097378,13,62
21284,ds005280,sub-062,ds005280__sub-062,27,4.0,3.5,3.2346184,14,62
21285,ds005280,sub-062,ds005280__sub-062,28,4.0,3.5,3.262908,15,62
21286,ds005280,sub-063,ds005280__sub-063,0,3.5,3.75,3.5140696,0,63
21287,ds005280,sub-063,ds005280__sub-063,1,4.0,2.25,3.1504543,1,63
21288,ds005280,sub-063,ds005280__sub-063,2,4.0,2.25,2.9660769,2,63
21289,ds005280,sub-063,ds005280__sub-063,3,3.5,2.25,2.9146633,3,63
21290,ds005280,sub-063,ds005280__sub-063,4,3.5,2.25,2.993435,4,63
21291,ds005280,sub-063,ds005280__sub-063,5,3.5,2.25,3.0623133,5,63
21292,ds005280,sub-063,ds005280__sub-063,6,3.5,2.25,3.1321507,6,63
21293,ds005280,sub-063,ds005280__sub-063,7,4.0,2.25,3.16541,7,63
21294,ds005280,sub-063,ds005280__sub-063,8,3.5,2.25,3.2224698,7,63
21295,ds005280,sub-063,ds005280__sub-063,9,3.5,2.25,3.2647116,8,63
21296,ds005280,sub-063,ds005280__sub-063,10,4.0,4.5,3.3104072,9,63
21297,ds005280,sub-063,ds005280__sub-063,11,3.5,4.5,3.3520966,10,63
21298,ds005280,sub-063,ds005280__sub-063,12,4.0,4.5,3.3880188,11,63
21299,ds005280,sub-063,ds005280__sub-063,13,4.0,4.5,3.397129,12,63
21300,ds005280,sub-063,ds005280__sub-063,14,3.5,4.5,3.4289663,13,63
21301,ds005280,sub-063,ds005280__sub-063,15,3.5,4.5,3.4451685,14,63
21302,ds005280,sub-063,ds005280__sub-063,16,3.5,4.5,3.379074,15,63
21303,ds005280,sub-063,ds005280__sub-063,17,3.5,4.5,3.3631928,15,63
21304,ds005280,sub-063,ds005280__sub-063,18,4.0,4.5,3.2919235,14,63
21305,ds005280,sub-063,ds005280__sub-063,19,3.5,4.5,3.253564,14,63
21306,ds005280,sub-063,ds005280__sub-063,20,4.0,4.5,3.2701507,15,63
21307,ds005280,sub-063,ds005280__sub-063,21,4.0,4.5,3.2918153,15,63
21308,ds005280,sub-063,ds005280__sub-063,22,4.0,4.5,3.3302639,14,63
21309,ds005280,sub-064,ds005280__sub-064,0,3.5,3.5,3.4157171,0,64
21310,ds005280,sub-064,ds005280__sub-064,1,4.0,4.0,3.7936072,0,64
21311,ds005280,sub-064,ds005280__sub-064,2,4.0,4.0,3.7507865,1,64
21312,ds005280,sub-064,ds005280__sub-064,3,4.0,4.0,3.6977804,0,64
21313,ds005280,sub-064,ds005280__sub-064,4,4.0,4.0,3.564175,1,64
21314,ds005280,sub-064,ds005280__sub-064,5,3.5,3.5,3.409421,2,64
21315,ds005280,sub-064,ds005280__sub-064,6,3.5,3.5,3.2039402,3,64
21316,ds005280,sub-064,ds005280__sub-064,7,3.5,3.5,3.1151574,4,64
21317,ds005280,sub-064,ds005280__sub-064,8,3.5,3.5,3.0917974,5,64
21318,ds005280,sub-064,ds005280__sub-064,9,4.0,3.5,3.097058,6,64
21319,ds005280,sub-064,ds005280__sub-064,10,3.5,2.25,3.1028368,7,64
21320,ds005280,sub-064,ds005280__sub-064,11,4.0,3.5,3.2036357,0,64
21321,ds005280,sub-064,ds005280__sub-064,12,3.5,3.5,3.2218595,1,64
21322,ds005280,sub-064,ds005280__sub-064,13,4.0,3.75,3.3738866,0,64
21323,ds005280,sub-064,ds005280__sub-064,14,3.5,3.75,3.4919825,0,64
21324,ds005280,sub-064,ds005280__sub-064,15,4.0,3.75,3.599908,0,64
21325,ds005280,sub-064,ds005280__sub-064,16,4.0,3.75,3.3697116,1,64
21326,ds005280,sub-064,ds005280__sub-064,17,3.5,3.75,3.3636107,2,64
21327,ds005280,sub-064,ds005280__sub-064,18,4.0,3.75,3.3951566,3,64
21328,ds005280,sub-064,ds005280__sub-064,19,3.5,3.75,3.2180905,4,64
21329,ds005280,sub-064,ds005280__sub-064,20,3.5,2.25,3.0936198,5,64
21330,ds005280,sub-064,ds005280__sub-064,21,3.5,3.5,3.1394582,6,64
21331,ds005280,sub-064,ds005280__sub-064,22,3.5,3.5,3.1647317,7,64
21332,ds005280,sub-064,ds005280__sub-064,23,4.0,3.5,3.2513201,8,64
21333,ds005280,sub-064,ds005280__sub-064,24,3.5,3.5,3.303832,0,64
21334,ds005280,sub-064,ds005280__sub-064,25,4.0,3.5,3.3906949,1,64
21335,ds005280,sub-064,ds005280__sub-064,26,4.0,3.5,3.4527915,0,64
21336,ds005280,sub-064,ds005280__sub-064,27,4.0,4.0,3.491239,1,64
21337,ds005280,sub-065,ds005280__sub-065,0,3.5,4.0,3.623858,0,65
21338,ds005280,sub-065,ds005280__sub-065,1,4.0,4.0,3.8023539,0,65
21339,ds005280,sub-065,ds005280__sub-065,2,4.0,4.0,3.8343797,1,65
21340,ds005280,sub-065,ds005280__sub-065,3,4.0,4.0,3.771883,3,65
21341,ds005280,sub-065,ds005280__sub-065,4,4.0,4.0,3.6531734,4,65
21342,ds005280,sub-065,ds005280__sub-065,5,3.5,3.5,3.5184789,5,65
21343,ds005280,sub-065,ds005280__sub-065,6,3.5,3.5,3.4102182,6,65
21344,ds005280,sub-065,ds005280__sub-065,7,3.5,3.5,3.3926277,7,65
21345,ds005280,sub-065,ds005280__sub-065,8,3.5,3.5,3.371379,8,65
21346,ds005280,sub-065,ds005280__sub-065,9,4.0,3.5,3.419499,9,65
21347,ds005280,sub-065,ds005280__sub-065,10,3.5,3.5,3.4088125,10,65
21348,ds005280,sub-065,ds005280__sub-065,11,4.0,3.5,3.409164,0,65
21349,ds005280,sub-065,ds005280__sub-065,12,3.5,3.5,3.403011,1,65
21350,ds005280,sub-065,ds005280__sub-065,13,4.0,3.5,3.4139514,2,65
21351,ds005280,sub-065,ds005280__sub-065,14,3.5,3.5,3.4175303,3,65
21352,ds005280,sub-065,ds005280__sub-065,15,3.5,3.5,3.4173658,4,65
21353,ds005280,sub-065,ds005280__sub-065,16,4.0,3.5,3.400582,5,65
21354,ds005280,sub-065,ds005280__sub-065,17,4.0,3.5,3.3012838,6,65
21355,ds005280,sub-065,ds005280__sub-065,18,3.5,3.5,3.3231883,13,65
21356,ds005280,sub-065,ds005280__sub-065,19,4.0,3.5,3.2447758,14,65
21357,ds005280,sub-065,ds005280__sub-065,20,3.5,3.5,3.4927313,15,65
21358,ds005280,sub-065,ds005280__sub-065,21,3.5,3.5,3.5086398,0,65
21359,ds005280,sub-065,ds005280__sub-065,22,3.5,3.5,3.4406452,15,65
21360,ds005280,sub-065,ds005280__sub-065,23,4.0,3.5,3.4592006,13,65
21361,ds005280,sub-065,ds005280__sub-065,24,3.5,3.5,3.427785,0,65
21362,ds005280,sub-065,ds005280__sub-065,25,4.0,3.5,3.459153,0,65
21363,ds005280,sub-065,ds005280__sub-065,26,4.0,3.5,3.4700491,0,65
21364,ds005280,sub-065,ds005280__sub-065,27,4.0,3.5,3.4808502,1,65
21365,ds005280,sub-066,ds005280__sub-066,0,3.0,4.0,3.7166872,0,66
21366,ds005280,sub-066,ds005280__sub-066,1,3.5,4.0,3.80717,1,66
21367,ds005280,sub-066,ds005280__sub-066,2,3.5,4.0,3.5576675,2,66
21368,ds005280,sub-066,ds005280__sub-066,3,3.5,4.0,3.4109783,3,66
21369,ds005280,sub-066,ds005280__sub-066,4,3.5,3.5,3.3209965,3,66
21370,ds005280,sub-066,ds005280__sub-066,5,3.0,3.5,3.2871432,4,66
21371,ds005280,sub-066,ds005280__sub-066,6,3.0,3.5,3.2587566,5,66
21372,ds005280,sub-066,ds005280__sub-066,7,3.0,3.5,3.2217124,6,66
21373,ds005280,sub-066,ds005280__sub-066,8,3.0,3.5,3.2055619,7,66
21374,ds005280,sub-066,ds005280__sub-066,9,3.5,3.5,3.1878977,8,66
21375,ds005280,sub-066,ds005280__sub-066,10,3.0,3.5,3.1668277,9,66
21376,ds005280,sub-066,ds005280__sub-066,11,3.5,3.5,3.1595478,10,66
21377,ds005280,sub-066,ds005280__sub-066,12,3.0,3.5,3.143762,11,66
21378,ds005280,sub-066,ds005280__sub-066,13,3.5,3.5,3.1410933,12,66
21379,ds005280,sub-066,ds005280__sub-066,14,3.0,3.5,3.1344767,13,66
21380,ds005280,sub-066,ds005280__sub-066,15,3.0,3.5,3.137068,14,66
21381,ds005280,sub-066,ds005280__sub-066,16,3.5,3.5,3.1364713,15,66
21382,ds005280,sub-066,ds005280__sub-066,17,3.5,3.0,3.1333082,13,66
21383,ds005280,sub-066,ds005280__sub-066,18,3.0,3.0,3.1376653,14,66
21384,ds005280,sub-066,ds005280__sub-066,19,3.5,3.0,3.1461954,15,66
21385,ds005280,sub-066,ds005280__sub-066,20,3.5,3.0,3.1501539,13,66
21386,ds005280,sub-066,ds005280__sub-066,21,3.0,3.0,3.1569443,14,66
21387,ds005280,sub-066,ds005280__sub-066,22,3.0,3.0,3.1628551,15,66
21388,ds005280,sub-066,ds005280__sub-066,23,3.0,3.0,3.1837974,13,66
21389,ds005280,sub-066,ds005280__sub-066,24,3.0,3.0,3.160697,14,66
21390,ds005280,sub-066,ds005280__sub-066,25,3.5,3.0,3.13614,13,66
21391,ds005280,sub-066,ds005280__sub-066,26,3.0,3.0,3.140052,14,66
21392,ds005280,sub-066,ds005280__sub-066,27,3.5,3.5,3.112463,15,66
21393,ds005280,sub-066,ds005280__sub-066,28,3.5,3.0,3.1125298,15,66
21394,ds005280,sub-066,ds005280__sub-066,29,3.5,3.5,3.1178827,14,66
21395,ds005280,sub-067,ds005280__sub-067,0,4.0,3.75,3.6950214,0,67
21396,ds005280,sub-067,ds005280__sub-067,1,4.0,3.75,3.2087934,0,67
21397,ds005280,sub-067,ds005280__sub-067,2,3.5,2.25,2.364868,1,67
21398,ds005280,sub-067,ds005280__sub-067,3,3.5,2.25,2.4679859,2,67
21399,ds005280,sub-067,ds005280__sub-067,4,3.5,2.25,2.7013469,3,67
21400,ds005280,sub-067,ds005280__sub-067,5,4.0,2.25,2.7386358,4,67
21401,ds005280,sub-067,ds005280__sub-067,6,3.5,2.0,2.4503345,5,67
21402,ds005280,sub-067,ds005280__sub-067,7,4.0,2.5,2.6665215,6,67
21403,ds005280,sub-067,ds005280__sub-067,8,3.5,3.0,2.9188209,2,67
21404,ds005280,sub-067,ds005280__sub-067,9,4.0,3.0,2.9772596,3,67
21405,ds005280,sub-067,ds005280__sub-067,10,3.5,3.0,3.0708213,4,67
21406,ds005280,sub-067,ds005280__sub-067,11,3.5,3.0,3.0598078,5,67
21407,ds005280,sub-067,ds005280__sub-067,12,4.0,3.0,3.1734872,11,67
21408,ds005280,sub-067,ds005280__sub-067,13,4.0,3.5,3.205511,12,67
21409,ds005280,sub-067,ds005280__sub-067,14,3.5,2.5,2.6739519,0,67
21410,ds005280,sub-067,ds005280__sub-067,15,4.0,2.5,2.793472,1,67
21411,ds005280,sub-067,ds005280__sub-067,16,4.0,3.5,3.1526365,2,67
21412,ds005280,sub-067,ds005280__sub-067,17,3.5,3.0,3.0582268,3,67
21413,ds005280,sub-067,ds005280__sub-067,18,3.5,2.5,2.7328525,0,67
21414,ds005280,sub-067,ds005280__sub-067,19,3.5,2.5,2.9165416,1,67
21415,ds005280,sub-067,ds005280__sub-067,20,3.5,2.5,2.8532,2,67
21416,ds005280,sub-067,ds005280__sub-067,21,4.0,2.5,2.8170738,3,67
21417,ds005280,sub-067,ds005280__sub-067,22,3.5,2.5,2.6474924,0,67
21418,ds005280,sub-067,ds005280__sub-067,23,4.0,2.5,2.931022,5,67
21419,ds005280,sub-067,ds005280__sub-067,24,4.0,3.0,3.2108889,3,67
21420,ds005280,sub-067,ds005280__sub-067,25,4.0,3.5,3.2457542,0,67
21421,ds005280,sub-068,ds005280__sub-068,0,3.5,4.0,3.6463556,0,68
21422,ds005280,sub-068,ds005280__sub-068,1,4.0,3.5,3.5787323,0,68
21423,ds005280,sub-068,ds005280__sub-068,2,4.0,4.0,3.5625486,1,68
21424,ds005280,sub-068,ds005280__sub-068,3,4.0,4.0,3.4708834,2,68
21425,ds005280,sub-068,ds005280__sub-068,4,4.0,4.0,3.3245425,3,68
21426,ds005280,sub-068,ds005280__sub-068,5,3.5,4.0,3.237537,4,68
21427,ds005280,sub-068,ds005280__sub-068,6,3.5,4.0,3.1881227,5,68
21428,ds005280,sub-068,ds005280__sub-068,7,3.5,4.0,3.1543322,6,68
21429,ds005280,sub-068,ds005280__sub-068,8,3.5,4.0,3.163806,7,68
21430,ds005280,sub-068,ds005280__sub-068,9,4.0,4.0,3.166602,8,68
21431,ds005280,sub-068,ds005280__sub-068,10,3.5,4.0,3.1786551,9,68
21432,ds005280,sub-068,ds005280__sub-068,11,4.0,4.0,3.1919272,10,68
21433,ds005280,sub-068,ds005280__sub-068,12,3.5,4.0,3.2114234,11,68
21434,ds005280,sub-068,ds005280__sub-068,13,4.0,4.0,3.219484,12,68
21435,ds005280,sub-068,ds005280__sub-068,14,3.5,4.0,3.2222,13,68
21436,ds005280,sub-068,ds005280__sub-068,15,4.0,4.0,3.2319083,14,68
21437,ds005280,sub-068,ds005280__sub-068,16,4.0,4.0,3.235862,15,68
21438,ds005280,sub-068,ds005280__sub-068,17,4.0,4.0,3.2258563,11,68
21439,ds005280,sub-068,ds005280__sub-068,18,3.5,4.0,3.2013738,12,68
21440,ds005280,sub-068,ds005280__sub-068,19,3.5,4.0,3.2187872,13,68
21441,ds005280,sub-068,ds005280__sub-068,20,3.5,4.0,3.2231355,15,68
21442,ds005280,sub-068,ds005280__sub-068,21,3.5,4.0,3.2168841,15,68
21443,ds005280,sub-068,ds005280__sub-068,22,3.5,4.0,3.2254076,13,68
21444,ds005280,sub-068,ds005280__sub-068,23,4.0,4.0,3.2248483,14,68
21445,ds005280,sub-068,ds005280__sub-068,24,4.0,4.0,3.2045326,15,68
21446,ds005280,sub-069,ds005280__sub-069,0,3.5,3.5,3.5042045,0,69
21447,ds005280,sub-069,ds005280__sub-069,1,4.0,4.0,3.6586714,1,69
21448,ds005280,sub-069,ds005280__sub-069,2,4.0,4.0,3.679509,2,69
21449,ds005280,sub-069,ds005280__sub-069,3,4.0,4.0,3.6120105,3,69
21450,ds005280,sub-069,ds005280__sub-069,4,4.0,4.0,3.5227344,4,69
21451,ds005280,sub-069,ds005280__sub-069,5,3.5,4.0,3.3268228,5,69
21452,ds005280,sub-069,ds005280__sub-069,6,3.5,4.0,3.1910286,6,69
21453,ds005280,sub-069,ds005280__sub-069,7,3.5,3.5,3.1157374,7,69
21454,ds005280,sub-069,ds005280__sub-069,8,3.5,3.5,3.0864782,8,69
21455,ds005280,sub-069,ds005280__sub-069,9,4.0,3.5,3.0535617,9,69
21456,ds005280,sub-069,ds005280__sub-069,10,3.5,2.0,3.0033808,10,69
21457,ds005280,sub-069,ds005280__sub-069,11,4.0,2.0,3.0026994,11,69
21458,ds005280,sub-069,ds005280__sub-069,12,3.5,2.0,2.9833875,12,69
21459,ds005280,sub-069,ds005280__sub-069,13,4.0,2.0,3.0243785,13,69
21460,ds005280,sub-069,ds005280__sub-069,14,3.5,2.0,3.0142162,14,69
21461,ds005280,sub-069,ds005280__sub-069,15,3.5,2.0,3.006989,15,69
21462,ds005280,sub-069,ds005280__sub-069,16,4.0,2.0,2.9428225,15,69
21463,ds005280,sub-069,ds005280__sub-069,17,4.0,2.0,2.883974,15,69
21464,ds005280,sub-069,ds005280__sub-069,18,3.5,2.0,2.8940606,14,69
21465,ds005280,sub-069,ds005280__sub-069,19,4.0,2.0,2.886875,15,69
21466,ds005280,sub-069,ds005280__sub-069,20,4.0,2.0,2.9511778,15,69
21467,ds005280,sub-069,ds005280__sub-069,21,3.5,2.0,2.9679265,15,69
21468,ds005280,sub-069,ds005280__sub-069,22,3.5,2.0,2.9436154,15,69
21469,ds005280,sub-069,ds005280__sub-069,23,3.5,2.0,2.9483263,14,69
21470,ds005280,sub-069,ds005280__sub-069,24,3.5,2.0,2.9415874,15,69
21471,ds005280,sub-069,ds005280__sub-069,25,4.0,2.25,2.9965785,14,69
21472,ds005280,sub-069,ds005280__sub-069,26,3.5,2.25,3.0538611,15,69
21473,ds005280,sub-069,ds005280__sub-069,27,4.0,3.75,3.212068,15,69
21474,ds005280,sub-069,ds005280__sub-069,28,4.0,3.75,3.3111105,15,69
21475,ds005280,sub-069,ds005280__sub-069,29,4.0,3.75,3.2535179,15,69
21476,ds005280,sub-070,ds005280__sub-070,0,4.0,3.75,3.5133102,0,70
21477,ds005280,sub-070,ds005280__sub-070,1,4.0,3.5,3.5051012,0,70
21478,ds005280,sub-070,ds005280__sub-070,2,4.0,4.0,3.3990932,2,70
21479,ds005280,sub-070,ds005280__sub-070,3,3.5,4.0,3.3279629,2,70
21480,ds005280,sub-070,ds005280__sub-070,4,3.5,4.0,3.0978024,3,70
21481,ds005280,sub-070,ds005280__sub-070,5,3.5,4.0,3.0251474,4,70
21482,ds005280,sub-070,ds005280__sub-070,6,4.0,2.5,3.003905,5,70
21483,ds005280,sub-070,ds005280__sub-070,7,3.5,2.5,2.9831018,6,70
21484,ds005280,sub-070,ds005280__sub-070,8,4.0,2.5,2.9946446,8,70
21485,ds005280,sub-070,ds005280__sub-070,9,3.5,2.5,3.0056286,8,70
21486,ds005280,sub-070,ds005280__sub-070,10,4.0,2.5,3.0184798,10,70
21487,ds005280,sub-070,ds005280__sub-070,11,3.5,2.5,3.0388815,11,70
21488,ds005280,sub-070,ds005280__sub-070,12,3.5,2.5,3.0483854,12,70
21489,ds005280,sub-070,ds005280__sub-070,13,4.0,2.5,3.0616722,12,70
21490,ds005280,sub-070,ds005280__sub-070,14,3.5,2.5,3.0728736,14,70
21491,ds005280,sub-070,ds005280__sub-070,15,4.0,2.5,3.0971572,15,70
21492,ds005280,sub-070,ds005280__sub-070,16,3.5,2.0,3.0642574,15,70
21493,ds005280,sub-070,ds005280__sub-070,17,3.5,2.0,3.0484903,13,70
21494,ds005280,sub-070,ds005280__sub-070,18,3.5,2.0,3.0276165,14,70
21495,ds005280,sub-070,ds005280__sub-070,19,3.5,2.0,3.048752,15,70
21496,ds005280,sub-070,ds005280__sub-070,20,4.0,2.0,3.033916,14,70
21497,ds005280,sub-070,ds005280__sub-070,21,3.5,2.0,3.0501354,15,70
21498,ds005280,sub-070,ds005280__sub-070,22,4.0,2.0,3.0512538,14,70
21499,ds005280,sub-070,ds005280__sub-070,23,4.0,2.0,3.0483747,15,70
21500,ds005280,sub-070,ds005280__sub-070,24,4.0,2.0,3.045209,14,70
21501,ds005280,sub-071,ds005280__sub-071,0,3.5,3.0,3.3312397,0,71
21502,ds005280,sub-071,ds005280__sub-071,1,4.0,4.0,3.940705,0,71
21503,ds005280,sub-071,ds005280__sub-071,2,4.0,4.0,3.98703,1,71
21504,ds005280,sub-071,ds005280__sub-071,3,4.0,4.0,3.9582405,2,71
21505,ds005280,sub-071,ds005280__sub-071,4,4.0,3.5,3.5069034,0,71
21506,ds005280,sub-071,ds005280__sub-071,5,3.5,3.0,3.288887,1,71
21507,ds005280,sub-071,ds005280__sub-071,6,3.5,3.0,3.2134223,0,71
21508,ds005280,sub-071,ds005280__sub-071,7,3.5,3.0,3.227952,0,71
21509,ds005280,sub-071,ds005280__sub-071,8,3.5,3.0,3.3340364,0,71
21510,ds005280,sub-071,ds005280__sub-071,9,4.0,3.0,3.356289,0,71
21511,ds005280,sub-071,ds005280__sub-071,10,3.5,3.0,3.4171326,0,71
21512,ds005280,sub-071,ds005280__sub-071,11,4.0,4.0,3.6373734,0,71
21513,ds005280,sub-071,ds005280__sub-071,12,3.5,4.0,3.6810951,0,71
21514,ds005280,sub-071,ds005280__sub-071,13,4.0,4.0,3.7636654,0,71
21515,ds005280,sub-071,ds005280__sub-071,14,3.5,4.0,3.7316866,1,71
21516,ds005280,sub-071,ds005280__sub-071,15,3.5,4.0,3.6987965,2,71
21517,ds005280,sub-071,ds005280__sub-071,16,4.0,4.0,3.7341044,0,71
21518,ds005280,sub-071,ds005280__sub-071,17,4.0,4.5,3.9728267,1,71
21519,ds005280,sub-071,ds005280__sub-071,18,3.5,4.5,3.7111464,1,71
21520,ds005280,sub-071,ds005280__sub-071,19,4.0,4.5,3.5384274,0,71
21521,ds005280,sub-071,ds005280__sub-071,20,4.0,4.5,3.6395268,1,71
21522,ds005280,sub-071,ds005280__sub-071,21,3.5,4.5,3.3711812,2,71
21523,ds005280,sub-071,ds005280__sub-071,22,3.5,2.25,2.8444488,3,71
21524,ds005280,sub-071,ds005280__sub-071,23,3.5,2.25,2.5956123,0,71
21525,ds005280,sub-071,ds005280__sub-071,24,3.5,2.0,2.5077167,1,71
21526,ds005280,sub-071,ds005280__sub-071,25,4.0,2.5,3.139254,0,71
21527,ds005280,sub-071,ds005280__sub-071,26,3.5,3.75,3.1767602,0,71
21528,ds005280,sub-071,ds005280__sub-071,27,4.0,3.75,3.6737976,0,71
21529,ds005280,sub-071,ds005280__sub-071,28,4.0,3.75,3.8240995,0,71
21530,ds005280,sub-071,ds005280__sub-071,29,4.0,4.5,3.8597856,1,71
21531,ds005280,sub-072,ds005280__sub-072,0,3.0,3.75,3.6994035,0,72
21532,ds005280,sub-072,ds005280__sub-072,1,3.5,4.0,3.772048,1,72
21533,ds005280,sub-072,ds005280__sub-072,2,3.5,4.0,3.5746264,2,72
21534,ds005280,sub-072,ds005280__sub-072,3,3.0,4.0,3.5406182,3,72
21535,ds005280,sub-072,ds005280__sub-072,4,3.0,3.5,3.1433582,3,72
21536,ds005280,sub-072,ds005280__sub-072,5,3.0,3.5,2.955378,4,72
21537,ds005280,sub-072,ds005280__sub-072,6,3.5,2.0,2.883816,5,72
21538,ds005280,sub-072,ds005280__sub-072,7,3.0,2.0,2.887289,6,72
21539,ds005280,sub-072,ds005280__sub-072,8,3.5,3.0,3.0019498,7,72
21540,ds005280,sub-072,ds005280__sub-072,9,3.0,3.0,2.969503,8,72
21541,ds005280,sub-072,ds005280__sub-072,10,3.5,3.0,3.070594,2,72
21542,ds005280,sub-072,ds005280__sub-072,11,3.0,3.0,3.145842,3,72
21543,ds005280,sub-072,ds005280__sub-072,12,3.0,3.0,3.2360384,4,72
21544,ds005280,sub-072,ds005280__sub-072,13,3.5,3.0,3.350829,0,72
21545,ds005280,sub-072,ds005280__sub-072,14,3.5,3.0,3.3559718,6,72
21546,ds005280,sub-072,ds005280__sub-072,15,3.0,3.0,3.3833416,7,72
21547,ds005280,sub-072,ds005280__sub-072,16,3.5,3.0,3.2576919,3,72
21548,ds005280,sub-072,ds005280__sub-072,17,3.5,3.0,3.2378714,15,72
21549,ds005280,sub-072,ds005280__sub-072,18,3.0,3.0,3.1726031,15,72
21550,ds005280,sub-072,ds005280__sub-072,19,3.0,3.0,3.1860552,13,72
21551,ds005280,sub-072,ds005280__sub-072,20,3.0,3.5,3.2399755,14,72
21552,ds005280,sub-072,ds005280__sub-072,21,3.0,3.5,3.1876879,15,72
21553,ds005280,sub-072,ds005280__sub-072,22,3.5,3.0,3.171996,15,72
21554,ds005280,sub-072,ds005280__sub-072,23,3.0,3.0,3.131702,0,72
21555,ds005280,sub-072,ds005280__sub-072,24,3.5,3.5,3.2424345,1,72
21556,ds005280,sub-072,ds005280__sub-072,25,3.5,3.0,3.2747436,2,72
21557,ds005280,sub-073,ds005280__sub-073,0,3.5,3.5,3.396624,0,73
21558,ds005280,sub-073,ds005280__sub-073,1,4.0,3.5,3.3205407,1,73
21559,ds005280,sub-073,ds005280__sub-073,2,4.0,3.5,3.2560508,1,73
21560,ds005280,sub-073,ds005280__sub-073,3,4.0,4.0,3.1503572,2,73
21561,ds005280,sub-073,ds005280__sub-073,4,4.0,4.0,3.1022763,3,73
21562,ds005280,sub-073,ds005280__sub-073,5,3.5,2.25,3.0965114,4,73
21563,ds005280,sub-073,ds005280__sub-073,6,3.5,2.25,3.091,5,73
21564,ds005280,sub-073,ds005280__sub-073,7,3.5,2.25,3.0960674,6,73
21565,ds005280,sub-073,ds005280__sub-073,8,3.5,2.25,3.1231608,7,73
21566,ds005280,sub-073,ds005280__sub-073,9,4.0,2.25,3.1303313,8,73
21567,ds005280,sub-073,ds005280__sub-073,10,3.5,2.25,3.1409385,9,73
21568,ds005280,sub-073,ds005280__sub-073,11,4.0,2.25,3.1599793,10,73
21569,ds005280,sub-073,ds005280__sub-073,12,3.5,4.5,3.1803818,11,73
21570,ds005280,sub-073,ds005280__sub-073,13,4.0,4.5,3.1968498,12,73
21571,ds005280,sub-073,ds005280__sub-073,14,3.5,4.5,3.2051682,13,73
21572,ds005280,sub-073,ds005280__sub-073,15,3.5,4.5,3.2236838,14,73
21573,ds005280,sub-073,ds005280__sub-073,16,4.0,4.5,3.2107625,15,73
21574,ds005280,sub-073,ds005280__sub-073,17,4.0,4.5,3.248032,13,73
21575,ds005280,sub-073,ds005280__sub-073,18,3.5,4.5,3.2464032,14,73
21576,ds005280,sub-073,ds005280__sub-073,19,4.0,4.5,3.2199726,13,73
21577,ds005280,sub-073,ds005280__sub-073,20,4.0,4.5,3.2224479,14,73
21578,ds005280,sub-073,ds005280__sub-073,21,3.5,4.5,3.2115512,14,73
21579,ds005280,sub-073,ds005280__sub-073,22,3.5,4.5,3.210585,15,73
21580,ds005280,sub-073,ds005280__sub-073,23,3.5,4.5,3.241654,15,73
21581,ds005280,sub-073,ds005280__sub-073,24,3.5,4.5,3.2409933,14,73
21582,ds005280,sub-073,ds005280__sub-073,25,4.0,4.5,3.276144,13,73
21583,ds005280,sub-073,ds005280__sub-073,26,3.5,4.5,3.2904003,14,73
21584,ds005280,sub-073,ds005280__sub-073,27,4.0,4.5,3.3183246,15,73
21585,ds005280,sub-073,ds005280__sub-073,28,4.0,4.5,3.3446898,15,73
21586,ds005280,sub-073,ds005280__sub-073,29,4.0,4.5,3.3468213,13,73
21587,ds005280,sub-074,ds005280__sub-074,0,3.5,3.5,3.590611,0,74
21588,ds005280,sub-074,ds005280__sub-074,1,4.0,4.0,3.7120137,1,74
21589,ds005280,sub-074,ds005280__sub-074,2,4.0,4.0,3.7732008,2,74
21590,ds005280,sub-074,ds005280__sub-074,3,4.0,4.0,3.7166524,3,74
21591,ds005280,sub-074,ds005280__sub-074,4,4.0,4.0,3.715877,4,74
21592,ds005280,sub-074,ds005280__sub-074,5,3.5,4.0,3.6539369,5,74
21593,ds005280,sub-074,ds005280__sub-074,6,3.5,3.5,3.613258,6,74
21594,ds005280,sub-074,ds005280__sub-074,7,3.5,3.5,3.576244,7,74
21595,ds005280,sub-074,ds005280__sub-074,8,4.0,4.0,3.5702446,7,74
21596,ds005280,sub-074,ds005280__sub-074,9,3.5,4.0,3.5494256,9,74
21597,ds005280,sub-074,ds005280__sub-074,10,4.0,4.0,3.5441933,9,74
21598,ds005280,sub-074,ds005280__sub-074,11,3.5,4.0,3.5574179,10,74
21599,ds005280,sub-074,ds005280__sub-074,12,4.0,4.0,3.56682,11,74
21600,ds005280,sub-074,ds005280__sub-074,13,3.5,4.0,3.5659392,12,74
21601,ds005280,sub-074,ds005280__sub-074,14,3.5,4.0,3.577456,13,74
21602,ds005280,sub-074,ds005280__sub-074,15,4.0,4.0,3.5967467,14,74
21603,ds005280,sub-074,ds005280__sub-074,16,4.0,4.0,3.610273,0,74
21604,ds005280,sub-074,ds005280__sub-074,17,3.5,4.0,3.6244402,1,74
21605,ds005280,sub-074,ds005280__sub-074,18,4.0,4.0,3.603454,15,74
21606,ds005280,sub-074,ds005280__sub-074,19,4.0,4.0,3.5525885,0,74
21607,ds005280,sub-074,ds005280__sub-074,20,3.5,4.0,3.531653,1,74
21608,ds005280,sub-074,ds005280__sub-074,21,3.5,4.0,3.5237722,2,74
21609,ds005280,sub-074,ds005280__sub-074,22,3.5,4.0,3.5079415,3,74
21610,ds005280,sub-074,ds005280__sub-074,23,3.5,4.0,3.590222,15,74
21611,ds005280,sub-074,ds005280__sub-074,24,4.0,4.0,3.5542955,13,74
21612,ds005280,sub-074,ds005280__sub-074,25,3.5,4.0,3.530992,14,74
21613,ds005280,sub-074,ds005280__sub-074,26,4.0,4.0,3.5261705,0,74
21614,ds005280,sub-074,ds005280__sub-074,27,4.0,4.0,3.4743714,15,74
21615,ds005280,sub-074,ds005280__sub-074,28,4.0,4.0,3.4608421,12,74
21616,ds005280,sub-075,ds005280__sub-075,0,3.0,3.75,3.6764312,0,75
21617,ds005280,sub-075,ds005280__sub-075,1,3.5,4.0,3.5065486,1,75
21618,ds005280,sub-075,ds005280__sub-075,2,3.5,4.0,3.2887168,2,75
21619,ds005280,sub-075,ds005280__sub-075,3,3.5,4.0,3.2050314,3,75
21620,ds005280,sub-075,ds005280__sub-075,4,3.0,4.0,3.1734989,4,75
21621,ds005280,sub-075,ds005280__sub-075,5,3.0,3.5,3.1578326,5,75
21622,ds005280,sub-075,ds005280__sub-075,6,3.0,3.5,3.1613965,6,75
21623,ds005280,sub-075,ds005280__sub-075,7,3.5,3.5,3.1731439,7,75
21624,ds005280,sub-075,ds005280__sub-075,8,3.0,3.0,3.1947656,8,75
21625,ds005280,sub-075,ds005280__sub-075,9,3.0,3.0,3.20849,9,75
21626,ds005280,sub-075,ds005280__sub-075,10,3.5,3.0,3.2217798,10,75
21627,ds005280,sub-075,ds005280__sub-075,11,3.0,3.0,3.2293148,11,75
21628,ds005280,sub-075,ds005280__sub-075,12,3.0,3.0,3.241701,12,75
21629,ds005280,sub-075,ds005280__sub-075,13,3.5,3.0,3.258843,13,75
21630,ds005280,sub-075,ds005280__sub-075,14,3.5,3.0,3.2744098,14,75
21631,ds005280,sub-075,ds005280__sub-075,15,3.0,3.0,3.2852378,15,75
21632,ds005280,sub-075,ds005280__sub-075,16,3.5,3.0,3.2856574,14,75
21633,ds005280,sub-075,ds005280__sub-075,17,3.5,3.75,3.2748542,14,75
21634,ds005280,sub-075,ds005280__sub-075,18,3.0,3.75,3.2805567,14,75
21635,ds005280,sub-075,ds005280__sub-075,19,3.0,3.75,3.291171,15,75
21636,ds005280,sub-075,ds005280__sub-075,20,3.0,3.75,3.3123467,15,75
21637,ds005280,sub-075,ds005280__sub-075,21,3.0,3.75,3.3274775,15,75
21638,ds005280,sub-075,ds005280__sub-075,22,3.5,3.75,3.3551574,15,75
21639,ds005280,sub-075,ds005280__sub-075,23,3.0,3.75,3.327189,14,75
21640,ds005280,sub-075,ds005280__sub-075,24,3.5,3.75,3.2806966,15,75
21641,ds005280,sub-075,ds005280__sub-075,25,3.5,3.75,3.290258,15,75
21642,ds005280,sub-075,ds005280__sub-075,26,3.5,3.75,3.2963881,14,75
21643,ds005280,sub-076,ds005280__sub-076,0,3.0,3.75,3.664466,0,76
21644,ds005280,sub-076,ds005280__sub-076,1,3.5,3.75,3.677394,1,76
21645,ds005280,sub-076,ds005280__sub-076,2,3.5,4.0,3.4789734,2,76
21646,ds005280,sub-076,ds005280__sub-076,3,3.5,4.0,3.1767898,3,76
21647,ds005280,sub-076,ds005280__sub-076,4,3.5,3.5,3.0563493,4,76
21648,ds005280,sub-076,ds005280__sub-076,5,3.0,3.5,3.0380163,5,76
21649,ds005280,sub-076,ds005280__sub-076,6,3.0,3.5,3.058425,6,76
21650,ds005280,sub-076,ds005280__sub-076,7,3.0,3.5,3.0614514,7,76
21651,ds005280,sub-076,ds005280__sub-076,8,3.0,3.5,3.0835044,8,76
21652,ds005280,sub-076,ds005280__sub-076,9,3.5,3.5,3.0780272,9,76
21653,ds005280,sub-076,ds005280__sub-076,10,3.0,3.5,3.118508,10,76
21654,ds005280,sub-076,ds005280__sub-076,11,3.5,3.5,3.161752,11,76
21655,ds005280,sub-076,ds005280__sub-076,12,3.0,3.5,3.2276425,12,76
21656,ds005280,sub-076,ds005280__sub-076,13,3.5,3.5,3.2397194,13,76
21657,ds005280,sub-076,ds005280__sub-076,14,3.0,3.5,3.2964616,14,76
21658,ds005280,sub-076,ds005280__sub-076,15,3.0,3.5,3.3426647,15,76
21659,ds005280,sub-076,ds005280__sub-076,16,3.0,3.5,3.3537455,15,76
21660,ds005280,sub-076,ds005280__sub-076,17,3.5,3.5,3.4196196,15,76
21661,ds005280,sub-076,ds005280__sub-076,18,3.0,3.5,3.3688471,15,76
21662,ds005280,sub-076,ds005280__sub-076,19,3.0,3.5,3.370347,15,76
21663,ds005280,sub-076,ds005280__sub-076,20,3.0,3.5,3.3917294,15,76
21664,ds005280,sub-076,ds005280__sub-076,21,3.0,3.5,3.3843548,14,76
21665,ds005280,sub-076,ds005280__sub-076,22,3.0,3.5,3.30785,15,76
21666,ds005280,sub-076,ds005280__sub-076,23,3.5,3.5,3.265242,14,76
21667,ds005280,sub-077,ds005280__sub-077,0,4.0,3.75,3.583415,0,77
21668,ds005280,sub-077,ds005280__sub-077,1,4.0,3.75,3.5448022,1,77
21669,ds005280,sub-077,ds005280__sub-077,2,4.0,2.25,2.8233519,2,77
21670,ds005280,sub-077,ds005280__sub-077,3,3.5,3.0,2.9681988,3,77
21671,ds005280,sub-077,ds005280__sub-077,4,3.5,3.0,3.0988219,4,77
21672,ds005280,sub-077,ds005280__sub-077,5,3.5,3.0,3.1495676,5,77
21673,ds005280,sub-077,ds005280__sub-077,6,3.5,3.0,3.1477387,6,77
21674,ds005280,sub-077,ds005280__sub-077,7,4.0,3.0,3.1636586,7,77
21675,ds005280,sub-077,ds005280__sub-077,8,3.5,3.0,3.3082652,8,77
21676,ds005280,sub-077,ds005280__sub-077,9,3.5,3.5,3.3618155,9,77
21677,ds005280,sub-077,ds005280__sub-077,10,4.0,4.0,3.4404137,10,77
21678,ds005280,sub-077,ds005280__sub-077,11,3.5,4.0,3.4752796,11,77
21679,ds005280,sub-077,ds005280__sub-077,12,3.5,4.0,3.48569,12,77
21680,ds005280,sub-077,ds005280__sub-077,13,3.5,4.0,3.4812922,3,77
21681,ds005280,sub-077,ds005280__sub-077,14,4.0,4.0,3.4789693,4,77
21682,ds005280,sub-077,ds005280__sub-077,15,4.0,4.0,3.4980402,5,77
21683,ds005280,sub-077,ds005280__sub-077,16,3.5,4.0,3.487142,14,77
21684,ds005280,sub-077,ds005280__sub-077,17,3.5,4.0,3.469719,15,77
21685,ds005280,sub-077,ds005280__sub-077,18,3.5,4.0,3.3642623,11,77
21686,ds005280,sub-077,ds005280__sub-077,19,3.5,2.5,3.1803493,12,77
21687,ds005280,sub-077,ds005280__sub-077,20,4.0,2.5,3.1245027,13,77
21688,ds005280,sub-077,ds005280__sub-077,21,3.5,2.5,3.0932918,14,77
21689,ds005280,sub-077,ds005280__sub-077,22,4.0,2.5,3.041326,15,77
21690,ds005280,sub-077,ds005280__sub-077,23,4.0,2.5,2.9595551,15,77
21691,ds005280,sub-078,ds005280__sub-078,0,3.0,3.5,3.4860117,0,78
21692,ds005280,sub-078,ds005280__sub-078,1,3.5,4.0,3.6996129,1,78
21693,ds005280,sub-078,ds005280__sub-078,2,3.5,4.0,3.6485255,2,78
21694,ds005280,sub-078,ds005280__sub-078,3,3.5,2.25,2.89589,3,78
21695,ds005280,sub-078,ds005280__sub-078,4,3.5,2.0,2.7359986,4,78
21696,ds005280,sub-078,ds005280__sub-078,5,3.0,2.0,2.6887488,5,78
21697,ds005280,sub-078,ds005280__sub-078,6,3.0,2.0,2.6339326,6,78
21698,ds005280,sub-078,ds005280__sub-078,7,3.0,2.0,2.643697,7,78
21699,ds005280,sub-078,ds005280__sub-078,8,3.0,2.0,2.6594496,8,78
21700,ds005280,sub-078,ds005280__sub-078,9,3.5,2.0,2.7345421,9,78
21701,ds005280,sub-078,ds005280__sub-078,10,3.0,2.0,2.7488897,10,78
21702,ds005280,sub-078,ds005280__sub-078,11,3.5,2.0,2.792117,11,78
21703,ds005280,sub-078,ds005280__sub-078,12,3.0,2.0,2.8407693,12,78
21704,ds005280,sub-078,ds005280__sub-078,13,3.5,2.0,2.9262543,13,78
21705,ds005280,sub-078,ds005280__sub-078,14,3.0,2.5,2.9833026,14,78
21706,ds005280,sub-078,ds005280__sub-078,15,3.0,2.5,3.0587313,15,78
21707,ds005280,sub-078,ds005280__sub-078,16,3.5,2.5,3.1284664,15,78
21708,ds005280,sub-078,ds005280__sub-078,17,3.5,2.5,3.1250052,14,78
21709,ds005280,sub-078,ds005280__sub-078,18,3.0,4.0,3.2363706,15,78
21710,ds005280,sub-078,ds005280__sub-078,19,3.5,4.0,3.2974012,15,78
21711,ds005280,sub-078,ds005280__sub-078,20,3.5,3.5,3.3163917,15,78
21712,ds005280,sub-078,ds005280__sub-078,21,3.0,4.0,3.3292503,15,78
21713,ds005280,sub-078,ds005280__sub-078,22,3.0,4.0,3.407587,15,78
21714,ds005280,sub-078,ds005280__sub-078,23,3.0,4.0,3.4227319,15,78
21715,ds005280,sub-078,ds005280__sub-078,24,3.0,3.5,3.3932843,14,78
21716,ds005280,sub-078,ds005280__sub-078,25,3.5,4.0,3.3771372,15,78
21717,ds005280,sub-078,ds005280__sub-078,26,3.0,4.0,3.3445,15,78
21718,ds005280,sub-078,ds005280__sub-078,27,3.5,4.0,3.3550136,15,78
21719,ds005280,sub-078,ds005280__sub-078,28,3.5,4.0,3.33771,15,78
21720,ds005280,sub-078,ds005280__sub-078,29,3.5,4.0,3.329476,14,78
21721,ds005280,sub-079,ds005280__sub-079,0,3.5,3.75,3.5170197,0,79
21722,ds005280,sub-079,ds005280__sub-079,1,4.0,3.75,3.4547498,1,79
21723,ds005280,sub-079,ds005280__sub-079,2,4.0,3.75,3.1715448,2,79
21724,ds005280,sub-079,ds005280__sub-079,3,4.0,2.25,3.062364,3,79
21725,ds005280,sub-079,ds005280__sub-079,4,4.0,2.25,3.0047958,4,79
21726,ds005280,sub-079,ds005280__sub-079,5,3.5,2.25,2.9997282,5,79
21727,ds005280,sub-079,ds005280__sub-079,6,3.5,2.25,3.0194368,6,79
21728,ds005280,sub-079,ds005280__sub-079,7,3.5,2.25,3.040986,7,79
21729,ds005280,sub-079,ds005280__sub-079,8,3.5,2.25,3.0622044,8,79
21730,ds005280,sub-079,ds005280__sub-079,9,4.0,2.25,3.0831604,9,79
21731,ds005280,sub-079,ds005280__sub-079,10,3.5,2.25,3.1320357,10,79
21732,ds005280,sub-079,ds005280__sub-079,11,4.0,2.25,3.15307,11,79
21733,ds005280,sub-079,ds005280__sub-079,12,3.5,2.25,3.175152,12,79
21734,ds005280,sub-079,ds005280__sub-079,13,4.0,3.75,3.208785,13,79
21735,ds005280,sub-079,ds005280__sub-079,14,3.5,3.75,3.2358894,14,79
21736,ds005280,sub-079,ds005280__sub-079,15,3.5,3.75,3.2476766,15,79
21737,ds005280,sub-079,ds005280__sub-079,16,4.0,3.75,3.2213707,15,79
21738,ds005280,sub-079,ds005280__sub-079,17,4.0,3.75,3.2281275,15,79
21739,ds005280,sub-079,ds005280__sub-079,18,3.5,3.75,3.243817,15,79
21740,ds005280,sub-079,ds005280__sub-079,19,4.0,3.75,3.21692,15,79
21741,ds005280,sub-079,ds005280__sub-079,20,4.0,3.75,3.2344956,15,79
21742,ds005280,sub-079,ds005280__sub-079,21,3.5,3.75,3.2229238,15,79
21743,ds005280,sub-079,ds005280__sub-079,22,3.5,3.75,3.2186964,15,79
21744,ds005280,sub-079,ds005280__sub-079,23,3.5,2.25,3.2143712,15,79
21745,ds005280,sub-079,ds005280__sub-079,24,3.5,4.5,3.214188,14,79
21746,ds005280,sub-079,ds005280__sub-079,25,4.0,4.5,3.208014,15,79
21747,ds005280,sub-079,ds005280__sub-079,26,3.5,4.5,3.2047782,15,79
21748,ds005280,sub-079,ds005280__sub-079,27,4.0,4.5,3.2036624,14,79
21749,ds005280,sub-079,ds005280__sub-079,28,4.0,4.5,3.2107782,13,79
21750,ds005280,sub-079,ds005280__sub-079,29,4.0,3.75,3.2208877,14,79
21751,ds005280,sub-080,ds005280__sub-080,0,3.5,3.75,3.6198845,0,80
21752,ds005280,sub-080,ds005280__sub-080,1,3.5,3.5,3.546537,1,80
21753,ds005280,sub-080,ds005280__sub-080,2,3.5,4.0,3.434731,2,80
21754,ds005280,sub-080,ds005280__sub-080,3,3.5,4.0,3.2623427,3,80
21755,ds005280,sub-080,ds005280__sub-080,4,4.0,4.0,3.0971167,4,80
21756,ds005280,sub-080,ds005280__sub-080,5,4.0,2.25,3.004327,5,80
21757,ds005280,sub-080,ds005280__sub-080,6,3.5,2.0,2.993086,6,80
21758,ds005280,sub-080,ds005280__sub-080,7,3.5,2.0,3.0056481,7,80
21759,ds005280,sub-080,ds005280__sub-080,8,3.5,2.0,3.0228715,8,80
21760,ds005280,sub-080,ds005280__sub-080,9,4.0,2.0,3.0423036,9,80
21761,ds005280,sub-080,ds005280__sub-080,10,4.0,2.0,3.051593,10,80
21762,ds005280,sub-080,ds005280__sub-080,11,3.5,2.5,3.0689929,11,80
21763,ds005280,sub-080,ds005280__sub-080,12,3.5,2.5,3.0841575,12,80
21764,ds005280,sub-080,ds005280__sub-080,13,3.5,2.5,3.093788,11,80
21765,ds005280,sub-080,ds005280__sub-080,14,3.5,2.5,3.1071644,14,80
21766,ds005280,sub-080,ds005280__sub-080,15,4.0,2.5,3.119093,15,80
21767,ds005280,sub-080,ds005280__sub-080,16,3.5,2.5,3.138574,14,80
21768,ds005280,sub-080,ds005280__sub-080,17,4.0,2.5,3.1567497,15,80
21769,ds005280,sub-080,ds005280__sub-080,18,4.0,2.5,3.1650865,15,80
21770,ds005280,sub-080,ds005280__sub-080,19,4.0,3.0,3.1831326,15,80
21771,ds005280,sub-081,ds005280__sub-081,0,3.0,3.75,3.612352,0,81
21772,ds005280,sub-081,ds005280__sub-081,1,3.5,3.75,3.5657396,1,81
21773,ds005280,sub-081,ds005280__sub-081,2,3.5,4.0,3.6178317,2,81
21774,ds005280,sub-081,ds005280__sub-081,3,3.5,4.0,3.4967194,3,81
21775,ds005280,sub-081,ds005280__sub-081,4,3.0,3.0,3.2197268,4,81
21776,ds005280,sub-081,ds005280__sub-081,5,3.0,3.0,3.1492648,5,81
21777,ds005280,sub-081,ds005280__sub-081,6,3.0,3.0,3.0017195,6,81
21778,ds005280,sub-081,ds005280__sub-081,7,3.0,3.0,2.9545174,7,81
21779,ds005280,sub-081,ds005280__sub-081,8,3.5,3.0,2.923693,8,81
21780,ds005280,sub-081,ds005280__sub-081,9,3.0,3.0,3.0472443,0,81
21781,ds005280,sub-081,ds005280__sub-081,10,3.5,3.5,3.232633,0,81
21782,ds005280,sub-081,ds005280__sub-081,11,3.0,3.5,3.347835,0,81
21783,ds005280,sub-081,ds005280__sub-081,12,3.5,3.0,3.3980405,0,81
21784,ds005280,sub-081,ds005280__sub-081,13,3.0,3.0,3.382693,1,81
21785,ds005280,sub-081,ds005280__sub-081,14,3.0,3.0,3.333649,3,81
21786,ds005280,sub-081,ds005280__sub-081,15,3.5,3.0,3.3262942,3,81
21787,ds005280,sub-081,ds005280__sub-081,16,3.5,3.0,3.2779322,5,81
21788,ds005280,sub-081,ds005280__sub-081,17,3.0,2.5,2.933055,5,81
21789,ds005280,sub-081,ds005280__sub-081,18,3.5,2.5,2.5009377,0,81
21790,ds005280,sub-081,ds005280__sub-081,19,3.5,2.5,2.5820773,1,81
21791,ds005280,sub-081,ds005280__sub-081,20,3.0,2.0,2.5540257,2,81
21792,ds005280,sub-081,ds005280__sub-081,21,3.0,2.0,2.434009,3,81
21793,ds005280,sub-081,ds005280__sub-081,22,3.0,2.0,2.4299092,4,81
21794,ds005280,sub-081,ds005280__sub-081,23,3.0,2.0,2.3549383,2,81
21795,ds005280,sub-081,ds005280__sub-081,24,3.5,2.5,2.694606,0,81
21796,ds005280,sub-081,ds005280__sub-081,25,3.0,2.5,2.6710458,1,81
21797,ds005280,sub-081,ds005280__sub-081,26,3.5,2.5,2.7292697,2,81
21798,ds005280,sub-081,ds005280__sub-081,27,3.5,2.5,3.0211904,3,81
21799,ds005280,sub-081,ds005280__sub-081,28,3.5,2.5,3.34905,1,81
21800,ds005280,sub-082,ds005280__sub-082,0,3.5,3.75,3.5251853,0,82
21801,ds005280,sub-082,ds005280__sub-082,1,4.0,4.0,3.5834668,0,82
21802,ds005280,sub-082,ds005280__sub-082,2,4.0,4.0,3.2497795,2,82
21803,ds005280,sub-082,ds005280__sub-082,3,4.0,4.0,3.3418477,3,82
21804,ds005280,sub-082,ds005280__sub-082,4,4.0,4.0,3.2472322,4,82
21805,ds005280,sub-082,ds005280__sub-082,5,3.5,4.0,3.2178195,4,82
21806,ds005280,sub-082,ds005280__sub-082,6,3.5,3.0,3.14083,5,82
21807,ds005280,sub-082,ds005280__sub-082,7,3.5,3.0,3.148932,6,82
21808,ds005280,sub-082,ds005280__sub-082,8,3.5,3.5,3.252377,7,82
21809,ds005280,sub-082,ds005280__sub-082,9,4.0,3.5,3.3749866,8,82
21810,ds005280,sub-082,ds005280__sub-082,10,3.5,3.5,3.406508,9,82
21811,ds005280,sub-082,ds005280__sub-082,11,4.0,3.5,3.4543405,0,82
21812,ds005280,sub-082,ds005280__sub-082,12,3.5,4.0,3.5009499,0,82
21813,ds005280,sub-082,ds005280__sub-082,13,4.0,4.0,3.5293493,1,82
21814,ds005280,sub-082,ds005280__sub-082,14,3.5,4.0,3.5375886,2,82
21815,ds005280,sub-082,ds005280__sub-082,15,3.5,4.0,3.4792318,3,82
21816,ds005280,sub-082,ds005280__sub-082,16,4.0,4.0,3.4778438,4,82
21817,ds005280,sub-082,ds005280__sub-082,17,4.0,4.0,3.3871176,5,82
21818,ds005280,sub-082,ds005280__sub-082,18,3.5,2.0,3.0208817,15,82
21819,ds005280,sub-082,ds005280__sub-082,19,4.0,3.5,3.1035075,3,82
21820,ds005280,sub-082,ds005280__sub-082,20,4.0,2.0,3.0617857,14,82
21821,ds005280,sub-082,ds005280__sub-082,21,3.5,3.5,3.2026021,14,82
21822,ds005280,sub-082,ds005280__sub-082,22,3.5,3.5,3.31354,15,82
21823,ds005280,sub-082,ds005280__sub-082,23,3.5,3.5,3.4109085,1,82
21824,ds005280,sub-082,ds005280__sub-082,24,3.5,3.5,3.4494615,2,82
21825,ds005280,sub-082,ds005280__sub-082,25,4.0,4.0,3.4953864,3,82
21826,ds005280,sub-082,ds005280__sub-082,26,3.5,4.0,3.508287,1,82
21827,ds005280,sub-082,ds005280__sub-082,27,4.0,4.5,3.4393,14,82
21828,ds005280,sub-082,ds005280__sub-082,28,4.0,4.5,3.313172,15,82
21829,ds005280,sub-082,ds005280__sub-082,29,4.0,4.5,3.2912264,14,82
21830,ds005280,sub-083,ds005280__sub-083,0,3.0,3.5,3.4466457,0,83
21831,ds005280,sub-083,ds005280__sub-083,1,3.5,3.5,3.3030915,1,83
21832,ds005280,sub-083,ds005280__sub-083,2,3.5,3.5,3.0502927,2,83
21833,ds005280,sub-083,ds005280__sub-083,3,3.5,2.0,2.9103599,2,83
21834,ds005280,sub-083,ds005280__sub-083,4,3.5,2.0,2.9298778,3,83
21835,ds005280,sub-083,ds005280__sub-083,5,3.0,3.5,2.9788833,4,83
21836,ds005280,sub-083,ds005280__sub-083,6,3.0,3.0,3.0182092,5,83
21837,ds005280,sub-083,ds005280__sub-083,7,3.0,3.0,3.02697,6,83
21838,ds005280,sub-083,ds005280__sub-083,8,3.0,3.5,3.0751114,7,83
21839,ds005280,sub-083,ds005280__sub-083,9,3.5,3.5,3.112793,8,83
21840,ds005280,sub-083,ds005280__sub-083,10,3.0,3.5,3.137672,9,83
21841,ds005280,sub-083,ds005280__sub-083,11,3.5,3.5,3.134265,10,83
21842,ds005280,sub-083,ds005280__sub-083,12,3.0,3.5,3.1509247,11,83
21843,ds005280,sub-083,ds005280__sub-083,13,3.5,3.5,3.1575046,12,83
21844,ds005280,sub-083,ds005280__sub-083,14,3.0,3.5,3.1669555,13,83
21845,ds005280,sub-083,ds005280__sub-083,15,3.0,3.5,3.1635284,14,83
21846,ds005280,sub-083,ds005280__sub-083,16,3.5,3.5,3.1793718,15,83
21847,ds005280,sub-083,ds005280__sub-083,17,3.5,3.5,3.1543067,15,83
21848,ds005280,sub-083,ds005280__sub-083,18,3.0,3.5,3.1562223,14,83
21849,ds005280,sub-083,ds005280__sub-083,19,3.5,3.5,3.1326933,14,83
21850,ds005280,sub-083,ds005280__sub-083,20,3.5,3.5,3.12938,15,83
21851,ds005280,sub-083,ds005280__sub-083,21,3.0,3.0,3.1194327,12,83
21852,ds005280,sub-083,ds005280__sub-083,22,3.0,3.0,3.1562734,14,83
21853,ds005280,sub-083,ds005280__sub-083,23,3.0,3.0,3.1415424,15,83
21854,ds005280,sub-084,ds005280__sub-084,0,3.5,3.75,3.2243845,0,84
21855,ds005280,sub-084,ds005280__sub-084,1,4.0,2.0,2.9102228,0,84
21856,ds005280,sub-084,ds005280__sub-084,2,4.0,2.0,2.652922,1,84
21857,ds005280,sub-084,ds005280__sub-084,3,4.0,2.0,2.7386703,0,84
21858,ds005280,sub-084,ds005280__sub-084,4,3.5,2.0,2.8306255,1,84
21859,ds005280,sub-084,ds005280__sub-084,5,3.5,2.0,2.878172,2,84
21860,ds005280,sub-084,ds005280__sub-084,6,3.5,2.0,2.9567137,3,84
21861,ds005280,sub-084,ds005280__sub-084,7,3.5,2.0,2.9627097,4,84
21862,ds005280,sub-084,ds005280__sub-084,8,4.0,2.0,2.9431493,5,84
21863,ds005280,sub-084,ds005280__sub-084,9,3.5,2.0,2.956296,6,84
21864,ds005280,sub-084,ds005280__sub-084,10,4.0,2.0,2.9781432,7,84
21865,ds005280,sub-084,ds005280__sub-084,11,3.5,2.0,2.9785285,8,84
21866,ds005280,sub-084,ds005280__sub-084,12,4.0,2.0,2.9848332,9,84
21867,ds005280,sub-084,ds005280__sub-084,13,3.5,2.0,2.996036,10,84
21868,ds005280,sub-084,ds005280__sub-084,14,3.5,2.0,3.0038245,11,84
21869,ds005280,sub-084,ds005280__sub-084,15,4.0,2.0,3.0467298,12,84
21870,ds005280,sub-084,ds005280__sub-084,16,4.0,2.0,3.0385485,13,84
21871,ds005280,sub-084,ds005280__sub-084,17,3.5,2.0,3.0486517,11,84
21872,ds005280,sub-084,ds005280__sub-084,18,4.0,2.0,3.0623841,12,84
21873,ds005280,sub-084,ds005280__sub-084,19,4.0,2.0,3.0345201,8,84
21874,ds005280,sub-084,ds005280__sub-084,20,3.5,2.0,3.0178232,10,84
21875,ds005280,sub-084,ds005280__sub-084,21,3.5,2.0,3.0178318,10,84
21876,ds005280,sub-084,ds005280__sub-084,22,3.5,2.0,3.0236373,11,84
21877,ds005280,sub-084,ds005280__sub-084,23,3.5,2.0,3.0233054,8,84
21878,ds005280,sub-084,ds005280__sub-084,24,4.0,2.0,3.0470006,9,84
21879,ds005280,sub-084,ds005280__sub-084,25,3.5,2.0,3.0383482,10,84
21880,ds005280,sub-084,ds005280__sub-084,26,4.0,2.0,3.0277073,11,84
21881,ds005280,sub-084,ds005280__sub-084,27,4.0,2.0,3.0369613,12,84
21882,ds005280,sub-084,ds005280__sub-084,28,4.0,2.0,3.0253756,13,84
21883,ds005280,sub-085,ds005280__sub-085,0,3.5,3.5,3.4178042,0,85
21884,ds005280,sub-085,ds005280__sub-085,1,4.0,2.25,2.976962,1,85
21885,ds005280,sub-085,ds005280__sub-085,2,4.0,4.0,2.9975858,2,85
21886,ds005280,sub-085,ds005280__sub-085,3,4.0,2.25,2.9719844,3,85
21887,ds005280,sub-085,ds005280__sub-085,4,4.0,2.25,2.8987913,4,85
21888,ds005280,sub-085,ds005280__sub-085,5,3.5,2.25,2.7940035,5,85
21889,ds005280,sub-085,ds005280__sub-085,6,3.5,2.25,2.7968693,6,85
21890,ds005280,sub-085,ds005280__sub-085,7,3.5,2.25,2.8085876,7,85
21891,ds005280,sub-085,ds005280__sub-085,8,3.5,2.25,2.837659,6,85
21892,ds005280,sub-085,ds005280__sub-085,9,4.0,2.25,2.9347835,7,85
21893,ds005280,sub-085,ds005280__sub-085,10,3.5,2.25,3.0438802,8,85
21894,ds005280,sub-085,ds005280__sub-085,11,4.0,4.5,3.1221423,9,85
21895,ds005280,sub-085,ds005280__sub-085,12,3.5,4.5,3.168133,10,85
21896,ds005280,sub-085,ds005280__sub-085,13,4.0,4.5,3.2134216,11,85
21897,ds005280,sub-085,ds005280__sub-085,14,3.5,4.5,3.2601833,12,85
21898,ds005280,sub-085,ds005280__sub-085,15,3.5,4.5,3.297516,13,85
21899,ds005280,sub-085,ds005280__sub-085,16,4.0,4.5,3.1848407,14,85
21900,ds005280,sub-085,ds005280__sub-085,17,4.0,4.5,3.239346,15,85
21901,ds005280,sub-085,ds005280__sub-085,18,3.5,4.5,3.2937996,15,85
21902,ds005280,sub-085,ds005280__sub-085,19,4.0,4.5,3.2935324,12,85
21903,ds005280,sub-085,ds005280__sub-085,20,4.0,4.5,3.2672346,13,85
21904,ds005280,sub-085,ds005280__sub-085,21,3.5,4.5,3.2397974,14,85
21905,ds005280,sub-085,ds005280__sub-085,22,3.5,4.5,3.2447042,12,85
21906,ds005280,sub-085,ds005280__sub-085,23,3.5,4.5,3.211966,13,85
21907,ds005280,sub-085,ds005280__sub-085,24,3.5,4.5,3.1755328,13,85
21908,ds005280,sub-085,ds005280__sub-085,25,4.0,4.5,3.161496,14,85
21909,ds005280,sub-085,ds005280__sub-085,26,3.5,4.5,3.126658,15,85
21910,ds005280,sub-085,ds005280__sub-085,27,4.0,4.5,3.1204305,12,85
21911,ds005280,sub-085,ds005280__sub-085,28,4.0,4.5,3.1429253,13,85
21912,ds005280,sub-085,ds005280__sub-085,29,4.0,4.5,3.1679497,14,85
21913,ds005280,sub-086,ds005280__sub-086,0,4.0,3.75,3.6446013,0,86
21914,ds005280,sub-086,ds005280__sub-086,1,3.5,3.5,3.526136,1,86
21915,ds005280,sub-086,ds005280__sub-086,2,3.5,3.5,3.6693656,2,86
21916,ds005280,sub-086,ds005280__sub-086,3,3.5,3.5,3.5651288,3,86
21917,ds005280,sub-086,ds005280__sub-086,4,4.0,3.5,3.4750292,4,86
21918,ds005280,sub-086,ds005280__sub-086,5,3.5,3.5,3.403092,5,86
21919,ds005280,sub-086,ds005280__sub-086,6,4.0,3.5,3.4411058,0,86
21920,ds005280,sub-086,ds005280__sub-086,7,3.5,3.5,3.488858,0,86
21921,ds005280,sub-086,ds005280__sub-086,8,3.5,3.5,3.4763145,1,86
21922,ds005280,sub-086,ds005280__sub-086,9,4.0,3.5,3.516051,0,86
21923,ds005280,sub-086,ds005280__sub-086,10,4.0,3.5,3.535235,1,86
21924,ds005280,sub-086,ds005280__sub-086,11,3.5,3.5,3.5048528,2,86
21925,ds005280,sub-086,ds005280__sub-086,12,4.0,3.5,3.4919896,3,86
21926,ds005280,sub-086,ds005280__sub-086,13,4.0,3.5,3.4879804,4,86
21927,ds005280,sub-086,ds005280__sub-086,14,3.5,3.5,3.5323427,0,86
21928,ds005280,sub-086,ds005280__sub-086,15,3.5,3.5,3.5304267,1,86
21929,ds005280,sub-086,ds005280__sub-086,16,3.5,3.5,3.5589204,2,86
21930,ds005280,sub-086,ds005280__sub-086,17,3.5,3.5,3.5522325,3,86
21931,ds005280,sub-086,ds005280__sub-086,18,3.5,3.5,3.5864058,0,86
21932,ds005280,sub-086,ds005280__sub-086,19,4.0,4.0,3.6030998,0,86
21933,ds005280,sub-086,ds005280__sub-086,20,4.0,4.0,3.6009073,1,86
21934,ds005280,sub-087,ds005280__sub-087,0,3.0,3.75,3.6183958,0,87
21935,ds005280,sub-087,ds005280__sub-087,1,3.5,3.75,3.6299977,0,87
21936,ds005280,sub-087,ds005280__sub-087,2,3.5,4.0,3.3344035,2,87
21937,ds005280,sub-087,ds005280__sub-087,3,3.5,2.25,3.0878973,2,87
21938,ds005280,sub-087,ds005280__sub-087,4,3.5,2.25,2.9905322,4,87
21939,ds005280,sub-087,ds005280__sub-087,5,3.0,2.25,2.984474,5,87
21940,ds005280,sub-087,ds005280__sub-087,6,3.0,2.25,2.979364,6,87
21941,ds005280,sub-087,ds005280__sub-087,7,3.0,2.25,2.983432,7,87
21942,ds005280,sub-087,ds005280__sub-087,8,3.0,3.5,3.003838,8,87
21943,ds005280,sub-087,ds005280__sub-087,9,3.5,3.5,3.0417721,9,87
21944,ds005280,sub-087,ds005280__sub-087,10,3.0,3.5,3.0569634,10,87
21945,ds005280,sub-087,ds005280__sub-087,11,3.5,3.5,3.0971441,11,87
21946,ds005280,sub-087,ds005280__sub-087,12,3.0,3.5,3.1398249,12,87
21947,ds005280,sub-087,ds005280__sub-087,13,3.5,3.5,3.1684587,13,87
21948,ds005280,sub-087,ds005280__sub-087,14,3.0,3.5,3.19752,14,87
21949,ds005280,sub-087,ds005280__sub-087,15,3.0,3.5,3.240007,15,87
21950,ds005280,sub-087,ds005280__sub-087,16,3.5,3.5,3.24861,15,87
21951,ds005280,sub-087,ds005280__sub-087,17,3.5,3.5,3.2626295,15,87
21952,ds005280,sub-087,ds005280__sub-087,18,3.0,3.5,3.2414687,15,87
21953,ds005280,sub-087,ds005280__sub-087,19,3.5,3.5,3.2439494,15,87
21954,ds005280,sub-087,ds005280__sub-087,20,3.5,3.5,3.2707102,12,87
21955,ds005280,sub-087,ds005280__sub-087,21,3.0,3.5,3.2696977,14,87
21956,ds005280,sub-087,ds005280__sub-087,22,3.0,3.0,3.1379728,14,87
21957,ds005280,sub-087,ds005280__sub-087,23,3.0,2.5,3.153701,15,87
21958,ds005280,sub-087,ds005280__sub-087,24,3.5,3.0,3.1876175,15,87
21959,ds005280,sub-087,ds005280__sub-087,25,3.0,2.5,3.175985,14,87
21960,ds005280,sub-087,ds005280__sub-087,26,3.5,3.5,3.210134,15,87
21961,ds005280,sub-087,ds005280__sub-087,27,3.5,3.5,3.263254,15,87
21962,ds005280,sub-087,ds005280__sub-087,28,3.5,3.5,3.2779927,15,87
21963,ds005280,sub-088,ds005280__sub-088,0,3.0,3.75,3.5465631,0,88
21964,ds005280,sub-088,ds005280__sub-088,1,3.5,3.5,3.5012145,1,88
21965,ds005280,sub-088,ds005280__sub-088,2,3.5,3.75,3.542214,0,88
21966,ds005280,sub-088,ds005280__sub-088,3,3.5,3.5,3.511557,1,88
21967,ds005280,sub-088,ds005280__sub-088,4,3.5,3.5,3.1203775,2,88
21968,ds005280,sub-088,ds005280__sub-088,5,3.0,3.5,3.164705,3,88
21969,ds005280,sub-088,ds005280__sub-088,6,3.0,3.5,3.170063,5,88
21970,ds005280,sub-088,ds005280__sub-088,7,3.0,3.5,3.182454,6,88
21971,ds005280,sub-088,ds005280__sub-088,8,3.0,3.5,3.217977,8,88
21972,ds005280,sub-088,ds005280__sub-088,9,3.5,3.5,3.1953816,8,88
21973,ds005280,sub-088,ds005280__sub-088,10,3.0,3.5,3.2341092,9,88
21974,ds005280,sub-088,ds005280__sub-088,11,3.5,3.5,3.168841,0,88
21975,ds005280,sub-088,ds005280__sub-088,12,3.0,3.5,3.1692338,1,88
21976,ds005280,sub-088,ds005280__sub-088,13,3.0,3.5,3.216662,12,88
21977,ds005280,sub-088,ds005280__sub-088,14,3.0,3.5,3.2783978,13,88
21978,ds005280,sub-088,ds005280__sub-088,15,3.5,3.5,3.29457,0,88
21979,ds005280,sub-088,ds005280__sub-088,16,3.0,3.5,3.31841,1,88
21980,ds005280,sub-088,ds005280__sub-088,17,3.5,3.5,3.3314118,2,88
21981,ds005280,sub-088,ds005280__sub-088,18,3.5,3.5,3.3566322,3,88
21982,ds005280,sub-088,ds005280__sub-088,19,3.0,3.5,3.3806167,4,88
21983,ds005280,sub-088,ds005280__sub-088,20,3.0,3.5,3.3955274,5,88
21984,ds005280,sub-088,ds005280__sub-088,21,3.5,3.5,3.3939443,0,88
21985,ds005280,sub-088,ds005280__sub-088,22,3.0,3.5,3.3656716,1,88
21986,ds005280,sub-088,ds005280__sub-088,23,3.5,3.5,3.1343393,0,88
21987,ds005280,sub-088,ds005280__sub-088,24,3.5,3.5,3.1912646,3,88
21988,ds005280,sub-088,ds005280__sub-088,25,3.5,3.5,3.1775715,0,88
21989,ds005280,sub-089,ds005280__sub-089,0,3.5,3.75,3.5880861,0,89
21990,ds005280,sub-089,ds005280__sub-089,1,4.0,3.75,3.6241255,0,89
21991,ds005280,sub-089,ds005280__sub-089,2,4.0,4.0,3.6172996,1,89
21992,ds005280,sub-089,ds005280__sub-089,3,4.0,4.0,3.2851083,2,89
21993,ds005280,sub-089,ds005280__sub-089,4,4.0,4.0,3.1324453,3,89
21994,ds005280,sub-089,ds005280__sub-089,5,3.5,2.25,2.9808884,4,89
21995,ds005280,sub-089,ds005280__sub-089,6,3.5,2.25,2.9461906,5,89
21996,ds005280,sub-089,ds005280__sub-089,7,3.5,2.25,2.9230027,6,89
21997,ds005280,sub-089,ds005280__sub-089,8,3.5,2.25,2.95985,7,89
21998,ds005280,sub-089,ds005280__sub-089,9,4.0,2.25,3.0625782,8,89
21999,ds005280,sub-089,ds005280__sub-089,10,3.5,3.5,3.113257,7,89
22000,ds005280,sub-089,ds005280__sub-089,11,4.0,3.5,3.1967669,7,89
22001,ds005280,sub-089,ds005280__sub-089,12,3.5,3.5,3.232562,7,89
22002,ds005280,sub-089,ds005280__sub-089,13,4.0,3.5,3.2513654,12,89
22003,ds005280,sub-089,ds005280__sub-089,14,3.5,3.5,3.254704,13,89
22004,ds005280,sub-089,ds005280__sub-089,15,3.5,3.5,3.2946177,14,89
22005,ds005280,sub-089,ds005280__sub-089,16,4.0,4.0,3.320907,15,89
22006,ds005280,sub-089,ds005280__sub-089,17,4.0,4.0,3.497151,0,89
22007,ds005280,sub-089,ds005280__sub-089,18,3.5,4.0,3.5246952,1,89
22008,ds005280,sub-089,ds005280__sub-089,19,4.0,4.0,3.6331325,0,89
22009,ds005280,sub-089,ds005280__sub-089,20,4.0,4.5,3.897545,0,89
22010,ds005280,sub-089,ds005280__sub-089,21,3.5,4.5,3.956361,1,89
22011,ds005280,sub-089,ds005280__sub-089,22,3.5,4.5,3.7729876,2,89
22012,ds005280,sub-089,ds005280__sub-089,23,3.5,4.5,3.7110767,3,89
22013,ds005280,sub-089,ds005280__sub-089,24,3.5,4.5,3.6057177,4,89
22014,ds005280,sub-089,ds005280__sub-089,25,4.0,4.5,3.52142,5,89
22015,ds005280,sub-089,ds005280__sub-089,26,3.5,4.5,3.484873,0,89
22016,ds005280,sub-089,ds005280__sub-089,27,4.0,4.5,3.6677065,0,89
22017,ds005280,sub-089,ds005280__sub-089,28,4.0,4.5,3.7308803,1,89
22018,ds005280,sub-089,ds005280__sub-089,29,4.0,3.75,3.6619706,1,89
22019,ds005280,sub-090,ds005280__sub-090,0,3.5,3.75,3.5511842,0,90
22020,ds005280,sub-090,ds005280__sub-090,1,4.0,4.0,3.711087,0,90
22021,ds005280,sub-090,ds005280__sub-090,2,4.0,4.0,3.7840788,1,90
22022,ds005280,sub-090,ds005280__sub-090,3,4.0,4.0,3.6894557,2,90
22023,ds005280,sub-090,ds005280__sub-090,4,4.0,4.0,3.4663217,4,90
22024,ds005280,sub-090,ds005280__sub-090,5,3.5,4.0,3.302092,4,90
22025,ds005280,sub-090,ds005280__sub-090,6,3.5,3.5,3.1672583,5,90
22026,ds005280,sub-090,ds005280__sub-090,7,3.5,3.0,3.1288965,6,90
22027,ds005280,sub-090,ds005280__sub-090,8,3.5,3.5,3.174742,7,90
22028,ds005280,sub-090,ds005280__sub-090,9,4.0,3.5,3.2157984,8,90
22029,ds005280,sub-090,ds005280__sub-090,10,3.5,3.5,3.280488,0,90
22030,ds005280,sub-090,ds005280__sub-090,11,4.0,3.5,3.2930307,1,90
22031,ds005280,sub-090,ds005280__sub-090,12,3.5,3.5,3.3565097,2,90
22032,ds005280,sub-090,ds005280__sub-090,13,4.0,3.5,3.4072433,3,90
22033,ds005280,sub-090,ds005280__sub-090,14,3.5,4.0,3.4472182,4,90
22034,ds005280,sub-090,ds005280__sub-090,15,3.5,4.0,3.466606,5,90
22035,ds005280,sub-090,ds005280__sub-090,16,4.0,3.5,3.4791663,6,90
22036,ds005280,sub-090,ds005280__sub-090,17,4.0,4.0,3.5278723,7,90
22037,ds005280,sub-090,ds005280__sub-090,18,3.5,4.0,3.5091686,9,90
22038,ds005280,sub-090,ds005280__sub-090,19,4.0,4.0,3.478849,10,90
22039,ds005280,sub-090,ds005280__sub-090,20,4.0,4.0,3.546788,11,90
22040,ds005280,sub-090,ds005280__sub-090,21,3.5,4.0,3.5664463,15,90
22041,ds005280,sub-090,ds005280__sub-090,22,3.5,4.0,3.5818973,0,90
22042,ds005280,sub-090,ds005280__sub-090,23,3.5,4.0,3.6185112,1,90
22043,ds005280,sub-090,ds005280__sub-090,24,3.5,4.0,3.5745606,14,90
22044,ds005280,sub-090,ds005280__sub-090,25,4.0,4.0,3.5938191,15,90
22045,ds005280,sub-090,ds005280__sub-090,26,3.5,4.5,3.6582148,15,90
22046,ds005280,sub-090,ds005280__sub-090,27,4.0,4.5,3.6643684,5,90
22047,ds005280,sub-090,ds005280__sub-090,28,4.0,4.5,3.571013,13,90
22048,ds005280,sub-090,ds005280__sub-090,29,4.0,4.5,3.5888152,14,90
22049,ds005280,sub-091,ds005280__sub-091,0,3.5,3.5,3.458789,0,91
22050,ds005280,sub-091,ds005280__sub-091,1,4.0,4.0,3.8605478,0,91
22051,ds005280,sub-091,ds005280__sub-091,2,3.5,4.0,3.741484,1,91
22052,ds005280,sub-091,ds005280__sub-091,3,3.5,4.0,3.2903328,2,91
22053,ds005280,sub-091,ds005280__sub-091,4,3.5,3.5,3.3585663,3,91
22054,ds005280,sub-091,ds005280__sub-091,5,3.5,3.5,3.3145847,4,91
22055,ds005280,sub-091,ds005280__sub-091,6,4.0,3.5,3.2943563,5,91
22056,ds005280,sub-091,ds005280__sub-091,7,3.5,3.5,3.480116,0,91
22057,ds005280,sub-091,ds005280__sub-091,8,4.0,3.5,3.534461,0,91
22058,ds005280,sub-091,ds005280__sub-091,9,3.5,3.5,3.4183674,1,91
22059,ds005280,sub-091,ds005280__sub-091,10,4.0,3.5,3.385909,2,91
22060,ds005280,sub-091,ds005280__sub-091,11,3.5,3.5,3.33625,0,91
22061,ds005280,sub-091,ds005280__sub-091,12,3.5,3.5,3.3962827,0,91
22062,ds005280,sub-091,ds005280__sub-091,13,4.0,3.5,3.444034,0,91
22063,ds005280,sub-091,ds005280__sub-091,14,4.0,3.5,3.4424727,1,91
22064,ds005280,sub-091,ds005280__sub-091,15,3.5,3.5,3.4302945,0,91
22065,ds005280,sub-091,ds005280__sub-091,16,4.0,4.0,3.602066,1,91
22066,ds005280,sub-091,ds005280__sub-091,17,4.0,4.0,3.589962,1,91
22067,ds005280,sub-091,ds005280__sub-091,18,3.5,4.0,3.5923824,2,91
22068,ds005280,sub-091,ds005280__sub-091,19,3.5,4.0,3.5850005,3,91
22069,ds005280,sub-091,ds005280__sub-091,20,3.5,3.5,3.572448,4,91
22070,ds005280,sub-091,ds005280__sub-091,21,3.5,3.5,3.5742466,5,91
22071,ds005280,sub-091,ds005280__sub-091,22,4.0,3.5,3.5186312,6,91
22072,ds005280,sub-091,ds005280__sub-091,23,3.5,3.5,3.5160947,7,91
22073,ds005280,sub-091,ds005280__sub-091,24,4.0,3.5,3.62232,0,91
22074,ds005280,sub-091,ds005280__sub-091,25,4.0,4.0,3.6520042,1,91
22075,ds005280,sub-091,ds005280__sub-091,26,4.0,4.0,3.6619096,2,91
22076,ds005280,sub-092,ds005280__sub-092,0,3.5,3.75,3.4943106,0,92
22077,ds005280,sub-092,ds005280__sub-092,1,4.0,3.75,3.4864554,1,92
22078,ds005280,sub-092,ds005280__sub-092,2,4.0,3.75,3.4300504,2,92
22079,ds005280,sub-092,ds005280__sub-092,3,4.0,3.75,3.3602362,3,92
22080,ds005280,sub-092,ds005280__sub-092,4,4.0,3.75,3.3219314,4,92
22081,ds005280,sub-092,ds005280__sub-092,5,3.5,3.75,3.2591016,5,92
22082,ds005280,sub-092,ds005280__sub-092,6,3.5,3.75,3.1901498,6,92
22083,ds005280,sub-092,ds005280__sub-092,7,3.5,3.75,3.1733003,7,92
22084,ds005280,sub-092,ds005280__sub-092,8,3.5,3.75,3.1622171,8,92
22085,ds005280,sub-092,ds005280__sub-092,9,4.0,3.75,3.1817145,9,92
22086,ds005280,sub-092,ds005280__sub-092,10,3.5,3.75,3.1879907,10,92
22087,ds005280,sub-092,ds005280__sub-092,11,4.0,3.75,3.1963172,11,92
22088,ds005280,sub-092,ds005280__sub-092,12,3.5,3.75,3.199213,12,92
22089,ds005280,sub-092,ds005280__sub-092,13,4.0,3.75,3.2071323,13,92
22090,ds005280,sub-092,ds005280__sub-092,14,3.5,3.75,3.2225237,14,92
22091,ds005280,sub-092,ds005280__sub-092,15,3.5,3.75,3.2341876,15,92
22092,ds005280,sub-092,ds005280__sub-092,16,4.0,3.75,3.2486463,14,92
22093,ds005280,sub-092,ds005280__sub-092,17,4.0,3.75,3.2363634,12,92
22094,ds005280,sub-092,ds005280__sub-092,18,3.5,2.5,3.2162414,13,92
22095,ds005280,sub-092,ds005280__sub-092,19,4.0,2.5,3.2178583,14,92
22096,ds005280,sub-092,ds005280__sub-092,20,4.0,2.5,3.224277,14,92
22097,ds005280,sub-092,ds005280__sub-092,21,3.5,4.5,3.2280877,15,92
22098,ds005280,sub-092,ds005280__sub-092,22,3.5,2.5,3.213852,15,92
22099,ds005280,sub-092,ds005280__sub-092,23,3.5,2.5,3.2217221,13,92
22100,ds005280,sub-092,ds005280__sub-092,24,3.5,2.5,3.210965,14,92
22101,ds005280,sub-092,ds005280__sub-092,25,4.0,2.5,3.2251906,13,92
22102,ds005280,sub-092,ds005280__sub-092,26,3.5,2.5,3.2059064,14,92
22103,ds005280,sub-092,ds005280__sub-092,27,4.0,2.5,3.198142,15,92
22104,ds005280,sub-092,ds005280__sub-092,28,4.0,2.5,3.2144222,14,92
22105,ds005280,sub-092,ds005280__sub-092,29,4.0,2.5,3.2173376,15,92
22106,ds005280,sub-093,ds005280__sub-093,0,3.5,3.5,3.3599021,0,93
22107,ds005280,sub-093,ds005280__sub-093,1,4.0,3.75,3.5612345,0,93
22108,ds005280,sub-093,ds005280__sub-093,2,4.0,4.0,3.2968438,1,93
22109,ds005280,sub-093,ds005280__sub-093,3,4.0,4.0,3.1175702,2,93
22110,ds005280,sub-093,ds005280__sub-093,4,4.0,2.25,2.909449,3,93
22111,ds005280,sub-093,ds005280__sub-093,5,3.5,2.25,2.9621387,4,93
22112,ds005280,sub-093,ds005280__sub-093,6,3.5,3.0,3.147964,5,93
22113,ds005280,sub-093,ds005280__sub-093,7,3.5,3.0,3.1588047,5,93
22114,ds005280,sub-093,ds005280__sub-093,8,3.5,3.0,3.3091345,0,93
22115,ds005280,sub-093,ds005280__sub-093,9,4.0,3.0,3.323523,1,93
22116,ds005280,sub-093,ds005280__sub-093,10,3.5,3.5,3.3755436,2,93
22117,ds005280,sub-093,ds005280__sub-093,11,4.0,3.5,3.386893,3,93
22118,ds005280,sub-093,ds005280__sub-093,12,3.5,3.5,3.4676106,0,93
22119,ds005280,sub-093,ds005280__sub-093,13,4.0,3.5,3.5120614,1,93
22120,ds005280,sub-093,ds005280__sub-093,14,3.5,3.5,3.5352278,0,93
22121,ds005280,sub-093,ds005280__sub-093,15,3.5,3.5,3.541231,0,93
22122,ds005280,sub-093,ds005280__sub-093,16,4.0,3.5,3.5469036,1,93
22123,ds005280,sub-093,ds005280__sub-093,17,4.0,3.5,3.5884914,2,93
22124,ds005280,sub-093,ds005280__sub-093,18,3.5,4.0,3.5564613,3,93
22125,ds005280,sub-093,ds005280__sub-093,19,4.0,3.5,3.5244884,4,93
22126,ds005280,sub-093,ds005280__sub-093,20,4.0,3.5,3.5371232,5,93
22127,ds005280,sub-093,ds005280__sub-093,21,3.5,3.5,3.4535866,0,93
22128,ds005280,sub-093,ds005280__sub-093,22,3.5,3.5,3.158312,0,93
22129,ds005280,sub-093,ds005280__sub-093,23,3.5,3.5,3.17966,1,93
22130,ds005280,sub-093,ds005280__sub-093,24,3.5,3.5,3.2236314,3,93
22131,ds005280,sub-093,ds005280__sub-093,25,4.0,3.5,3.256846,3,93
22132,ds005280,sub-093,ds005280__sub-093,26,3.5,3.75,3.3066785,0,93
22133,ds005280,sub-093,ds005280__sub-093,27,4.0,3.75,3.3546686,1,93
22134,ds005280,sub-093,ds005280__sub-093,28,4.0,3.75,3.3506742,2,93
22135,ds005280,sub-093,ds005280__sub-093,29,4.0,3.75,3.4112422,3,93
22136,ds005280,sub-094,ds005280__sub-094,0,3.5,3.75,3.639909,0,94
22137,ds005280,sub-094,ds005280__sub-094,1,4.0,4.0,3.6476853,1,94
22138,ds005280,sub-094,ds005280__sub-094,2,4.0,4.0,3.2936158,2,94
22139,ds005280,sub-094,ds005280__sub-094,3,4.0,4.0,3.0875175,3,94
22140,ds005280,sub-094,ds005280__sub-094,4,4.0,4.0,3.0185761,4,94
22141,ds005280,sub-094,ds005280__sub-094,5,3.5,2.25,2.9175563,5,94
22142,ds005280,sub-094,ds005280__sub-094,6,3.5,2.0,2.8985195,6,94
22143,ds005280,sub-094,ds005280__sub-094,7,3.5,2.25,2.9656,7,94
22144,ds005280,sub-094,ds005280__sub-094,8,3.5,2.25,3.0101874,8,94
22145,ds005280,sub-094,ds005280__sub-094,9,4.0,2.25,3.0550065,9,94
22146,ds005280,sub-094,ds005280__sub-094,10,3.5,2.25,3.0848951,8,94
22147,ds005280,sub-094,ds005280__sub-094,11,4.0,2.25,3.1255643,9,94
22148,ds005280,sub-094,ds005280__sub-094,12,3.5,2.25,3.1512055,10,94
22149,ds005280,sub-094,ds005280__sub-094,13,4.0,2.25,3.2139826,11,94
22150,ds005280,sub-094,ds005280__sub-094,14,3.5,3.75,3.2503588,12,94
22151,ds005280,sub-094,ds005280__sub-094,15,3.5,3.75,3.2829208,13,94
22152,ds005280,sub-094,ds005280__sub-094,16,4.0,3.75,3.2370234,12,94
22153,ds005280,sub-094,ds005280__sub-094,17,4.0,2.25,3.2252498,12,94
22154,ds005280,sub-094,ds005280__sub-094,18,3.5,2.25,3.2656324,13,94
22155,ds005280,sub-094,ds005280__sub-094,19,4.0,3.75,3.2938437,14,94
22156,ds005280,sub-094,ds005280__sub-094,20,4.0,3.75,3.3371305,15,94
22157,ds005280,sub-094,ds005280__sub-094,21,3.5,3.75,3.3060799,15,94
22158,ds005280,sub-094,ds005280__sub-094,22,3.5,3.75,3.312378,14,94
22159,ds005280,sub-094,ds005280__sub-094,23,3.5,3.75,3.3288012,15,94
22160,ds005280,sub-094,ds005280__sub-094,24,3.5,2.25,3.2692237,13,94
22161,ds005280,sub-094,ds005280__sub-094,25,4.0,3.75,3.2706337,13,94
22162,ds005280,sub-094,ds005280__sub-094,26,3.5,3.75,3.2960072,14,94
22163,ds005280,sub-094,ds005280__sub-094,27,4.0,3.75,3.3023033,12,94
22164,ds005280,sub-094,ds005280__sub-094,28,4.0,3.75,3.3225322,13,94
22165,ds005280,sub-094,ds005280__sub-094,29,4.0,3.5,3.367675,14,94
22166,ds005280,sub-095,ds005280__sub-095,0,3.0,3.75,3.5677814,0,95
22167,ds005280,sub-095,ds005280__sub-095,1,3.0,4.0,3.4740646,0,95
22168,ds005280,sub-095,ds005280__sub-095,2,3.0,4.0,3.3137362,2,95
22169,ds005280,sub-095,ds005280__sub-095,3,3.0,3.5,3.2083366,3,95
22170,ds005280,sub-095,ds005280__sub-095,4,3.0,3.5,3.0871353,4,95
22171,ds005280,sub-095,ds005280__sub-095,5,3.5,3.5,3.037664,5,95
22172,ds005280,sub-095,ds005280__sub-095,6,3.0,2.0,3.0108278,5,95
22173,ds005280,sub-095,ds005280__sub-095,7,3.5,3.0,2.995318,6,95
22174,ds005280,sub-095,ds005280__sub-095,8,3.0,3.0,2.9767008,7,95
22175,ds005280,sub-095,ds005280__sub-095,9,3.0,3.0,2.9748578,8,95
22176,ds005280,sub-095,ds005280__sub-095,10,3.5,3.0,2.974482,9,95
22177,ds005280,sub-095,ds005280__sub-095,11,3.0,3.0,2.975278,10,95
22178,ds005280,sub-095,ds005280__sub-095,12,3.0,3.0,2.9858863,11,95
22179,ds005280,sub-095,ds005280__sub-095,13,3.0,3.0,2.9945385,13,95
22180,ds005280,sub-095,ds005280__sub-095,14,3.0,3.0,3.0099328,14,95
22181,ds005280,sub-095,ds005280__sub-095,15,3.5,3.0,3.0245237,15,95
22182,ds005280,sub-095,ds005280__sub-095,16,3.0,3.0,3.0254173,14,95
22183,ds005280,sub-095,ds005280__sub-095,17,3.5,3.0,3.0309014,15,95
22184,ds005280,sub-095,ds005280__sub-095,18,3.5,3.0,3.047431,15,95
22185,ds005280,sub-096,ds005280__sub-096,0,3.5,3.75,3.47653,0,96
22186,ds005280,sub-096,ds005280__sub-096,1,4.0,3.75,3.4661698,1,96
22187,ds005280,sub-096,ds005280__sub-096,2,4.0,4.0,3.2199516,2,96
22188,ds005280,sub-096,ds005280__sub-096,3,4.0,4.0,3.0142336,3,96
22189,ds005280,sub-096,ds005280__sub-096,4,4.0,2.25,2.9526772,4,96
22190,ds005280,sub-096,ds005280__sub-096,5,3.5,2.25,2.9531038,5,96
22191,ds005280,sub-096,ds005280__sub-096,6,3.5,2.25,2.9552293,6,96
22192,ds005280,sub-096,ds005280__sub-096,7,3.5,2.25,2.9633174,7,96
22193,ds005280,sub-096,ds005280__sub-096,8,4.0,2.25,3.0049343,8,96
22194,ds005280,sub-096,ds005280__sub-096,9,3.5,2.25,3.0262165,9,96
22195,ds005280,sub-096,ds005280__sub-096,10,4.0,2.0,3.0582519,10,96
22196,ds005280,sub-096,ds005280__sub-096,11,3.5,2.0,3.0804365,11,96
22197,ds005280,sub-096,ds005280__sub-096,12,4.0,2.0,3.1066988,12,96
22198,ds005280,sub-096,ds005280__sub-096,13,3.5,3.5,3.139882,13,96
22199,ds005280,sub-096,ds005280__sub-096,14,3.5,3.5,3.1689095,14,96
22200,ds005280,sub-096,ds005280__sub-096,15,4.0,3.75,3.2098722,15,96
22201,ds005280,sub-096,ds005280__sub-096,16,4.0,3.75,3.1843119,15,96
22202,ds005280,sub-096,ds005280__sub-096,17,3.5,2.25,3.17848,14,96
22203,ds005280,sub-096,ds005280__sub-096,18,4.0,2.25,3.1706676,14,96
22204,ds005280,sub-096,ds005280__sub-096,19,4.0,2.25,3.1930513,15,96
22205,ds005280,sub-096,ds005280__sub-096,20,3.5,4.5,3.2091389,15,96
22206,ds005280,sub-096,ds005280__sub-096,21,3.5,2.25,3.2070518,15,96
22207,ds005280,sub-096,ds005280__sub-096,22,3.5,3.75,3.2197056,15,96
22208,ds005280,sub-096,ds005280__sub-096,23,3.5,2.25,3.1880388,14,96
22209,ds005280,sub-096,ds005280__sub-096,24,4.0,2.25,3.2037003,15,96
22210,ds005280,sub-096,ds005280__sub-096,25,3.5,2.25,3.1971645,12,96
22211,ds005280,sub-096,ds005280__sub-096,26,4.0,2.25,3.2010899,15,96
22212,ds005280,sub-096,ds005280__sub-096,27,4.0,3.75,3.234992,14,96
22213,ds005280,sub-096,ds005280__sub-096,28,4.0,3.75,3.2588716,15,96
22214,ds005280,sub-097,ds005280__sub-097,0,3.0,3.5,3.5162542,0,97
22215,ds005280,sub-097,ds005280__sub-097,1,3.5,3.5,3.6219056,1,97
22216,ds005280,sub-097,ds005280__sub-097,2,3.5,4.0,3.4612236,2,97
22217,ds005280,sub-097,ds005280__sub-097,3,3.0,4.0,3.2251575,3,97
22218,ds005280,sub-097,ds005280__sub-097,4,3.0,4.0,3.166312,4,97
22219,ds005280,sub-097,ds005280__sub-097,5,3.0,4.0,3.1212254,5,97
22220,ds005280,sub-097,ds005280__sub-097,6,3.0,4.0,3.1061263,6,97
22221,ds005280,sub-097,ds005280__sub-097,7,3.5,2.0,3.0923004,6,97
22222,ds005280,sub-097,ds005280__sub-097,8,3.0,2.0,3.0970545,7,97
22223,ds005280,sub-097,ds005280__sub-097,9,3.5,2.5,3.115405,8,97
22224,ds005280,sub-097,ds005280__sub-097,10,3.0,2.5,3.1349614,9,97
22225,ds005280,sub-097,ds005280__sub-097,11,3.5,2.5,3.163054,10,97
22226,ds005280,sub-097,ds005280__sub-097,12,3.0,2.5,3.1819997,11,97
22227,ds005280,sub-097,ds005280__sub-097,13,3.0,2.5,3.2031915,12,97
22228,ds005280,sub-097,ds005280__sub-097,14,3.5,2.5,3.220944,13,97
22229,ds005280,sub-097,ds005280__sub-097,15,3.5,4.5,3.2374473,14,97
22230,ds005280,sub-097,ds005280__sub-097,16,3.0,4.5,3.2479782,15,97
22231,ds005280,sub-097,ds005280__sub-097,17,3.5,4.5,3.3283567,15,97
22232,ds005280,sub-097,ds005280__sub-097,18,3.5,4.5,3.3264623,14,97
22233,ds005280,sub-097,ds005280__sub-097,19,3.0,4.5,3.2781346,14,97
22234,ds005280,sub-097,ds005280__sub-097,20,3.0,4.5,3.2670438,15,97
22235,ds005280,sub-097,ds005280__sub-097,21,3.0,2.5,3.2236867,15,97
22236,ds005280,sub-097,ds005280__sub-097,22,3.0,2.5,3.2535138,15,97
22237,ds005280,sub-097,ds005280__sub-097,23,3.5,2.5,3.267048,14,97
22238,ds005280,sub-097,ds005280__sub-097,24,3.0,2.5,3.2222762,14,97
22239,ds005280,sub-097,ds005280__sub-097,25,3.5,2.5,3.2190871,15,97
22240,ds005280,sub-097,ds005280__sub-097,26,3.5,2.5,3.231143,15,97
22241,ds005280,sub-098,ds005280__sub-098,0,3.5,3.5,3.5559692,0,98
22242,ds005280,sub-098,ds005280__sub-098,1,3.5,3.5,3.6841106,0,98
22243,ds005280,sub-098,ds005280__sub-098,2,3.0,4.0,3.7149155,1,98
22244,ds005280,sub-098,ds005280__sub-098,3,3.0,4.0,3.7326512,2,98
22245,ds005280,sub-098,ds005280__sub-098,4,3.0,3.5,3.6566978,3,98
22246,ds005280,sub-098,ds005280__sub-098,5,3.0,3.5,3.6188037,4,98
22247,ds005280,sub-098,ds005280__sub-098,6,3.5,3.5,3.6403308,5,98
22248,ds005280,sub-098,ds005280__sub-098,7,3.0,3.5,3.6149955,6,98
22249,ds005280,sub-098,ds005280__sub-098,8,3.5,3.5,3.6227665,0,98
22250,ds005280,sub-098,ds005280__sub-098,9,3.0,3.5,3.6110022,8,98
22251,ds005280,sub-098,ds005280__sub-098,10,3.5,3.5,3.6179717,0,98
22252,ds005280,sub-098,ds005280__sub-098,11,3.0,3.5,3.6186361,0,98
22253,ds005280,sub-098,ds005280__sub-098,12,3.0,3.5,3.6232774,0,98
22254,ds005280,sub-098,ds005280__sub-098,13,3.5,3.5,3.6238253,1,98
22255,ds005280,sub-098,ds005280__sub-098,14,3.5,3.5,3.621938,2,98
22256,ds005280,sub-098,ds005280__sub-098,15,3.0,3.5,3.619567,3,98
22257,ds005280,sub-098,ds005280__sub-098,16,3.5,3.5,3.5978286,5,98
22258,ds005280,sub-098,ds005280__sub-098,17,3.0,3.5,3.5808918,6,98
22259,ds005280,sub-098,ds005280__sub-098,18,3.0,3.5,3.5815125,2,98
22260,ds005280,sub-098,ds005280__sub-098,19,3.5,3.5,3.5756636,0,98
22261,ds005280,sub-098,ds005280__sub-098,20,3.5,3.5,3.5817285,0,98
22262,ds005280,sub-098,ds005280__sub-098,21,3.5,3.5,3.5685124,0,98
22263,ds005280,sub-099,ds005280__sub-099,0,3.5,3.5,3.4747722,0,99
22264,ds005280,sub-099,ds005280__sub-099,1,4.0,4.0,3.5908248,0,99
22265,ds005280,sub-099,ds005280__sub-099,2,4.0,4.0,3.3673625,1,99
22266,ds005280,sub-099,ds005280__sub-099,3,4.0,3.5,3.1333508,2,99
22267,ds005280,sub-099,ds005280__sub-099,4,3.5,3.5,2.9983559,4,99
22268,ds005280,sub-099,ds005280__sub-099,5,3.5,2.0,2.9277346,5,99
22269,ds005280,sub-099,ds005280__sub-099,6,3.5,2.0,2.891451,6,99
22270,ds005280,sub-099,ds005280__sub-099,7,3.5,2.0,2.9007192,7,99
22271,ds005280,sub-099,ds005280__sub-099,8,4.0,2.0,2.9243135,8,99
22272,ds005280,sub-099,ds005280__sub-099,9,3.5,2.0,2.942965,9,99
22273,ds005280,sub-099,ds005280__sub-099,10,4.0,2.0,2.9683108,10,99
22274,ds005280,sub-099,ds005280__sub-099,11,3.5,2.0,3.0248604,11,99
22275,ds005280,sub-099,ds005280__sub-099,12,3.5,3.5,3.0426326,12,99
22276,ds005280,sub-099,ds005280__sub-099,13,3.5,3.5,3.069109,13,99
22277,ds005280,sub-099,ds005280__sub-099,14,3.5,3.5,3.1000905,14,99
22278,ds005280,sub-099,ds005280__sub-099,15,4.0,2.5,3.1295838,15,99
22279,ds005280,sub-099,ds005280__sub-099,16,4.0,3.5,3.1003752,15,99
22280,ds005280,sub-099,ds005280__sub-099,17,3.5,3.0,3.0830262,15,99
22281,ds005280,sub-099,ds005280__sub-099,18,3.5,2.0,3.0604541,15,99
22282,ds005280,sub-099,ds005280__sub-099,19,3.5,2.0,3.0274801,12,99
22283,ds005280,sub-099,ds005280__sub-099,20,3.5,3.0,3.0634408,15,99
22284,ds005280,sub-099,ds005280__sub-099,21,4.0,3.0,3.0746531,14,99
22285,ds005280,sub-099,ds005280__sub-099,22,3.5,3.0,3.0786748,15,99
22286,ds005280,sub-099,ds005280__sub-099,23,4.0,3.0,3.1257946,14,99
22287,ds005280,sub-099,ds005280__sub-099,24,4.0,3.5,3.1523464,15,99
22288,ds005280,sub-100,ds005280__sub-100,0,3.0,3.75,3.585768,0,100
22289,ds005280,sub-100,ds005280__sub-100,1,3.5,3.75,3.6172614,1,100
22290,ds005280,sub-100,ds005280__sub-100,2,3.5,4.0,3.6225247,2,100
22291,ds005280,sub-100,ds005280__sub-100,3,3.5,4.0,3.5416007,3,100
22292,ds005280,sub-100,ds005280__sub-100,4,3.5,4.0,3.410281,4,100
22293,ds005280,sub-100,ds005280__sub-100,5,3.0,4.0,3.1828415,5,100
22294,ds005280,sub-100,ds005280__sub-100,6,3.0,3.5,3.0590734,5,100
22295,ds005280,sub-100,ds005280__sub-100,7,3.0,3.5,3.0075498,6,100
22296,ds005280,sub-100,ds005280__sub-100,8,3.0,2.0,2.988674,7,100
22297,ds005280,sub-100,ds005280__sub-100,9,3.5,2.0,2.9895535,8,100
22298,ds005280,sub-100,ds005280__sub-100,10,3.0,2.0,2.9945436,9,100
22299,ds005280,sub-100,ds005280__sub-100,11,3.5,3.0,3.0022082,10,100
22300,ds005280,sub-100,ds005280__sub-100,12,3.0,3.0,3.0185487,11,100
22301,ds005280,sub-100,ds005280__sub-100,13,3.5,3.0,3.0334291,12,100
22302,ds005280,sub-100,ds005280__sub-100,14,3.0,3.0,3.0597444,13,100
22303,ds005280,sub-100,ds005280__sub-100,15,3.0,3.0,3.0749493,14,100
22304,ds005280,sub-100,ds005280__sub-100,16,3.5,3.0,3.0550957,15,100
22305,ds005280,sub-100,ds005280__sub-100,17,3.5,3.0,3.07027,15,100
22306,ds005280,sub-100,ds005280__sub-100,18,3.0,3.0,3.0772724,15,100
22307,ds005280,sub-100,ds005280__sub-100,19,3.5,3.0,3.1130085,15,100
22308,ds005280,sub-100,ds005280__sub-100,20,3.5,3.0,3.158359,14,100
22309,ds005280,sub-100,ds005280__sub-100,21,3.0,3.0,3.1316962,15,100
22310,ds005280,sub-100,ds005280__sub-100,22,3.0,3.0,3.1194108,15,100
22311,ds005280,sub-100,ds005280__sub-100,23,3.0,3.0,3.127142,15,100
22312,ds005280,sub-100,ds005280__sub-100,24,3.0,3.0,3.1381376,15,100
22313,ds005280,sub-100,ds005280__sub-100,25,3.5,3.0,3.2113533,13,100
22314,ds005280,sub-100,ds005280__sub-100,26,3.0,3.0,3.216371,15,100
22315,ds005280,sub-100,ds005280__sub-100,27,3.5,3.0,3.2103379,15,100
22316,ds005280,sub-100,ds005280__sub-100,28,3.5,3.0,3.2271576,14,100
22317,ds005280,sub-100,ds005280__sub-100,29,3.5,3.0,3.2672234,15,100
22318,ds005280,sub-101,ds005280__sub-101,0,3.5,3.75,3.5452983,0,101
22319,ds005280,sub-101,ds005280__sub-101,1,4.0,2.25,3.1104443,1,101
22320,ds005280,sub-101,ds005280__sub-101,2,4.0,4.0,3.0366507,2,101
22321,ds005280,sub-101,ds005280__sub-101,3,4.0,2.25,2.9763083,3,101
22322,ds005280,sub-101,ds005280__sub-101,4,4.0,2.25,2.988271,4,101
22323,ds005280,sub-101,ds005280__sub-101,5,3.5,2.25,2.9948928,5,101
22324,ds005280,sub-101,ds005280__sub-101,6,3.5,2.25,3.0388913,6,101
22325,ds005280,sub-101,ds005280__sub-101,7,3.5,2.25,3.054991,7,101
22326,ds005280,sub-101,ds005280__sub-101,8,3.5,2.25,3.0934563,8,101
22327,ds005280,sub-101,ds005280__sub-101,9,4.0,2.25,3.1208625,9,101
22328,ds005280,sub-101,ds005280__sub-101,10,3.5,2.25,3.1614428,10,101
22329,ds005280,sub-101,ds005280__sub-101,11,4.0,2.5,3.1775217,11,101
22330,ds005280,sub-101,ds005280__sub-101,12,3.5,4.5,3.2180924,12,101
22331,ds005280,sub-101,ds005280__sub-101,13,4.0,4.5,3.2370062,13,101
22332,ds005280,sub-101,ds005280__sub-101,14,3.5,4.5,3.261121,14,101
22333,ds005280,sub-101,ds005280__sub-101,15,3.5,4.5,3.2714653,15,101
22334,ds005280,sub-101,ds005280__sub-101,16,4.0,4.5,3.2198582,14,101
22335,ds005280,sub-101,ds005280__sub-101,17,4.0,3.5,3.1901681,15,101
22336,ds005280,sub-101,ds005280__sub-101,18,3.5,3.0,3.1936145,15,101
22337,ds005280,sub-101,ds005280__sub-101,19,4.0,2.5,3.1863785,15,101
22338,ds005280,sub-101,ds005280__sub-101,20,4.0,2.5,3.169579,12,101
22339,ds005280,sub-101,ds005280__sub-101,21,3.5,3.0,3.1773946,12,101
22340,ds005280,sub-101,ds005280__sub-101,22,3.5,4.5,3.1821399,14,101
22341,ds005280,sub-101,ds005280__sub-101,23,3.5,4.5,3.2018507,14,101
22342,ds005280,sub-101,ds005280__sub-101,24,3.5,4.5,3.2126064,15,101
22343,ds005280,sub-101,ds005280__sub-101,25,4.0,4.5,3.2298508,12,101
22344,ds005280,sub-101,ds005280__sub-101,26,4.0,4.5,3.238226,13,101
22345,ds005280,sub-101,ds005280__sub-101,27,4.0,4.5,3.247567,15,101
22346,ds005280,sub-101,ds005280__sub-101,28,4.0,4.5,3.2483845,15,101
22347,ds005280,sub-102,ds005280__sub-102,0,3.0,3.5,3.5027485,0,102
22348,ds005280,sub-102,ds005280__sub-102,1,3.5,4.0,3.6869285,1,102
22349,ds005280,sub-102,ds005280__sub-102,2,3.5,4.0,3.673759,2,102
22350,ds005280,sub-102,ds005280__sub-102,3,3.5,4.0,3.561784,3,102
22351,ds005280,sub-102,ds005280__sub-102,4,3.5,4.0,3.4546087,4,102
22352,ds005280,sub-102,ds005280__sub-102,5,3.0,3.5,3.4240031,5,102
22353,ds005280,sub-102,ds005280__sub-102,6,3.0,3.5,3.3633027,6,102
22354,ds005280,sub-102,ds005280__sub-102,7,3.0,3.5,3.3557112,7,102
22355,ds005280,sub-102,ds005280__sub-102,8,3.0,3.5,3.3231468,8,102
22356,ds005280,sub-102,ds005280__sub-102,9,3.5,3.5,3.3093696,9,102
22357,ds005280,sub-102,ds005280__sub-102,10,3.0,3.5,3.2905014,10,102
22358,ds005280,sub-102,ds005280__sub-102,11,3.5,3.5,3.2935386,11,102
22359,ds005280,sub-102,ds005280__sub-102,12,3.0,3.5,3.2847157,12,102
22360,ds005280,sub-102,ds005280__sub-102,13,3.5,3.5,3.2841892,12,102
22361,ds005280,sub-102,ds005280__sub-102,14,3.0,3.5,3.2735484,13,102
22362,ds005280,sub-102,ds005280__sub-102,15,3.0,3.5,3.271945,15,102
22363,ds005280,sub-102,ds005280__sub-102,16,3.5,3.5,3.206169,14,102
22364,ds005280,sub-102,ds005280__sub-102,17,3.5,3.5,3.222879,14,102
22365,ds005280,sub-102,ds005280__sub-102,18,3.5,3.0,3.178049,15,102
22366,ds005280,sub-102,ds005280__sub-102,19,3.0,3.0,3.1505394,14,102
22367,ds005280,sub-102,ds005280__sub-102,20,3.0,3.0,3.2149744,13,102
22368,ds005280,sub-102,ds005280__sub-102,21,3.0,4.5,3.2382927,15,102
22369,ds005280,sub-102,ds005280__sub-102,22,3.0,4.5,3.2100127,15,102
22370,ds005280,sub-102,ds005280__sub-102,23,3.5,4.5,3.239215,15,102
22371,ds005280,sub-102,ds005280__sub-102,24,3.0,3.0,3.2002382,15,102
22372,ds005280,sub-102,ds005280__sub-102,25,3.5,4.5,3.2341447,15,102
22373,ds005280,sub-102,ds005280__sub-102,26,3.5,3.5,3.187743,15,102
22374,ds005280,sub-102,ds005280__sub-102,27,3.5,3.5,3.1845336,15,102
22375,ds005280,sub-103,ds005280__sub-103,0,3.5,3.75,3.6663518,0,103
22376,ds005280,sub-103,ds005280__sub-103,1,4.0,4.0,3.8571868,1,103
22377,ds005280,sub-103,ds005280__sub-103,2,4.0,4.0,3.800286,2,103
22378,ds005280,sub-103,ds005280__sub-103,3,4.0,4.0,3.56739,3,103
22379,ds005280,sub-103,ds005280__sub-103,4,4.0,3.5,3.3587875,4,103
22380,ds005280,sub-103,ds005280__sub-103,5,3.5,3.5,3.2511125,3,103
22381,ds005280,sub-103,ds005280__sub-103,6,3.5,3.0,3.1614394,4,103
22382,ds005280,sub-103,ds005280__sub-103,7,3.5,3.0,3.2493696,0,103
22383,ds005280,sub-103,ds005280__sub-103,8,3.5,2.25,3.1684623,0,103
22384,ds005280,sub-103,ds005280__sub-103,9,4.0,3.0,3.3742623,1,103
22385,ds005280,sub-103,ds005280__sub-103,10,3.5,3.0,3.4588056,0,103
22386,ds005280,sub-103,ds005280__sub-103,11,3.5,4.5,3.5069792,0,103
22387,ds005280,sub-103,ds005280__sub-103,12,4.0,4.5,3.5868714,1,103
22388,ds005280,sub-103,ds005280__sub-103,13,3.5,3.75,3.5916326,2,103
22389,ds005280,sub-103,ds005280__sub-103,14,3.5,4.5,3.6049953,3,103
22390,ds005280,sub-103,ds005280__sub-103,15,4.0,4.5,3.570995,4,103
22391,ds005280,sub-103,ds005280__sub-103,16,4.0,4.5,3.6129742,5,103
22392,ds005280,sub-103,ds005280__sub-103,17,3.5,2.5,3.11908,0,103
22393,ds005280,sub-103,ds005280__sub-103,18,4.0,4.5,3.3899457,1,103
22394,ds005280,sub-103,ds005280__sub-103,19,4.0,4.0,3.4454696,2,103
22395,ds005280,sub-103,ds005280__sub-103,20,3.5,4.0,3.452442,3,103
22396,ds005280,sub-103,ds005280__sub-103,21,3.5,3.5,3.442946,4,103
22397,ds005280,sub-103,ds005280__sub-103,22,3.5,3.5,3.4347491,5,103
22398,ds005280,sub-103,ds005280__sub-103,23,3.5,4.5,3.4204912,0,103
22399,ds005280,sub-103,ds005280__sub-103,24,4.0,4.0,3.4302561,1,103
22400,ds005280,sub-103,ds005280__sub-103,25,3.5,3.5,3.2807543,2,103
22401,ds005280,sub-103,ds005280__sub-103,26,4.0,2.5,3.0752363,3,103
22402,ds005280,sub-103,ds005280__sub-103,27,4.0,2.5,2.8012414,0,103
22403,ds005280,sub-104,ds005280__sub-104,0,3.5,3.5,3.4888937,0,104
22404,ds005280,sub-104,ds005280__sub-104,1,4.0,3.5,3.2778056,1,104
22405,ds005280,sub-104,ds005280__sub-104,2,4.0,2.5,2.666552,2,104
22406,ds005280,sub-104,ds005280__sub-104,3,4.0,2.5,2.7198045,3,104
22407,ds005280,sub-104,ds005280__sub-104,4,4.0,4.0,3.0798512,4,104
22408,ds005280,sub-104,ds005280__sub-104,5,3.5,3.5,3.0329142,5,104
22409,ds005280,sub-104,ds005280__sub-104,6,3.5,3.5,3.1608067,6,104
22410,ds005280,sub-104,ds005280__sub-104,7,3.5,3.5,3.197306,7,104
22411,ds005280,sub-104,ds005280__sub-104,8,3.5,3.5,3.271183,8,104
22412,ds005280,sub-104,ds005280__sub-104,9,4.0,3.5,3.2982435,9,104
22413,ds005280,sub-104,ds005280__sub-104,10,3.5,3.5,3.2840765,10,104
22414,ds005280,sub-104,ds005280__sub-104,11,4.0,3.5,3.2973247,11,104
22415,ds005280,sub-104,ds005280__sub-104,12,3.5,3.5,3.297486,12,104
22416,ds005280,sub-104,ds005280__sub-104,13,4.0,3.5,3.273706,13,104
22417,ds005280,sub-104,ds005280__sub-104,14,3.5,4.0,3.5502849,0,104
22418,ds005280,sub-104,ds005280__sub-104,15,3.5,4.0,3.5766988,1,104
22419,ds005280,sub-104,ds005280__sub-104,16,4.0,4.0,3.7428036,0,104
22420,ds005280,sub-104,ds005280__sub-104,17,4.0,4.0,3.8340628,0,104
22421,ds005280,sub-104,ds005280__sub-104,18,3.5,4.0,3.8695865,1,104
22422,ds005280,sub-104,ds005280__sub-104,19,4.0,4.0,3.7169013,1,104
22423,ds005280,sub-104,ds005280__sub-104,20,4.0,4.0,3.597118,2,104
22424,ds005280,sub-104,ds005280__sub-104,21,3.5,4.0,3.5625916,0,104
22425,ds005280,sub-104,ds005280__sub-104,22,3.5,4.0,3.4967396,0,104
22426,ds005280,sub-104,ds005280__sub-104,23,3.5,4.0,3.3577929,15,104
22427,ds005280,sub-104,ds005280__sub-104,24,3.5,4.0,3.3426566,0,104
22428,ds005280,sub-104,ds005280__sub-104,25,4.0,4.0,3.4189754,0,104
22429,ds005280,sub-104,ds005280__sub-104,26,3.5,4.0,3.8547468,0,104
22430,ds005280,sub-104,ds005280__sub-104,27,4.0,4.0,3.804195,1,104
22431,ds005280,sub-104,ds005280__sub-104,28,4.0,4.5,3.8556738,0,104
22432,ds005280,sub-104,ds005280__sub-104,29,4.0,4.0,3.6894135,1,104
22433,ds005280,sub-105,ds005280__sub-105,0,3.5,3.75,3.4376774,0,105
22434,ds005280,sub-105,ds005280__sub-105,1,4.0,4.0,3.4605627,1,105
22435,ds005280,sub-105,ds005280__sub-105,2,4.0,4.0,3.3599255,2,105
22436,ds005280,sub-105,ds005280__sub-105,3,4.0,4.0,3.210192,3,105
22437,ds005280,sub-105,ds005280__sub-105,4,4.0,4.0,3.086075,4,105
22438,ds005280,sub-105,ds005280__sub-105,5,3.5,2.0,3.0299916,5,105
22439,ds005280,sub-105,ds005280__sub-105,6,3.5,2.0,3.050599,6,105
22440,ds005280,sub-105,ds005280__sub-105,7,3.5,2.0,3.0401273,7,105
22441,ds005280,sub-105,ds005280__sub-105,8,3.5,2.0,3.0640767,8,105
22442,ds005280,sub-105,ds005280__sub-105,9,4.0,2.0,3.0750642,9,105
22443,ds005280,sub-105,ds005280__sub-105,10,3.5,2.5,3.0884147,10,105
22444,ds005280,sub-105,ds005280__sub-105,11,4.0,2.5,3.097053,11,105
22445,ds005280,sub-105,ds005280__sub-105,12,3.5,2.5,3.1088228,12,105
22446,ds005280,sub-105,ds005280__sub-105,13,4.0,2.5,3.1165767,13,105
22447,ds005280,sub-105,ds005280__sub-105,14,3.5,2.5,3.1278987,14,105
22448,ds005280,sub-105,ds005280__sub-105,15,3.5,2.5,3.1309662,15,105
22449,ds005280,sub-105,ds005280__sub-105,16,4.0,2.0,3.1217737,13,105
22450,ds005280,sub-105,ds005280__sub-105,17,4.0,2.0,3.109992,15,105
22451,ds005280,sub-105,ds005280__sub-105,18,3.5,2.0,3.1347032,15,105
22452,ds005280,sub-105,ds005280__sub-105,19,4.0,2.5,3.142412,14,105
22453,ds005280,sub-105,ds005280__sub-105,20,4.0,4.5,3.194704,15,105
22454,ds005280,sub-105,ds005280__sub-105,21,3.5,2.5,3.1858783,15,105
22455,ds005280,sub-105,ds005280__sub-105,22,3.5,4.5,3.2047267,15,105
22456,ds005280,sub-105,ds005280__sub-105,23,3.5,4.5,3.2026303,15,105
22457,ds005280,sub-105,ds005280__sub-105,24,3.5,4.5,3.194113,15,105
22458,ds005280,sub-105,ds005280__sub-105,25,4.0,3.75,3.172742,15,105
22459,ds005280,sub-105,ds005280__sub-105,26,3.5,2.5,3.1677237,15,105
22460,ds005280,sub-105,ds005280__sub-105,27,4.0,2.5,3.1387668,15,105
22461,ds005280,sub-105,ds005280__sub-105,28,4.0,2.5,3.151246,15,105
22462,ds005280,sub-105,ds005280__sub-105,29,4.0,2.5,3.1696272,15,105
22463,ds005280,sub-106,ds005280__sub-106,0,3.5,3.75,3.557437,0,106
22464,ds005280,sub-106,ds005280__sub-106,1,4.0,3.75,3.536799,1,106
22465,ds005280,sub-106,ds005280__sub-106,2,4.0,3.5,3.4051623,2,106
22466,ds005280,sub-106,ds005280__sub-106,3,4.0,3.5,3.1553383,3,106
22467,ds005280,sub-106,ds005280__sub-106,4,4.0,3.5,3.1124444,4,106
22468,ds005280,sub-106,ds005280__sub-106,5,3.5,3.5,3.0856838,5,106
22469,ds005280,sub-106,ds005280__sub-106,6,3.5,3.5,3.083724,6,106
22470,ds005280,sub-106,ds005280__sub-106,7,3.5,3.5,3.0923462,6,106
22471,ds005280,sub-106,ds005280__sub-106,8,3.5,3.5,3.0938408,7,106
22472,ds005280,sub-106,ds005280__sub-106,9,4.0,3.5,3.0982842,8,106
22473,ds005280,sub-106,ds005280__sub-106,10,3.5,3.5,3.0971553,9,106
22474,ds005280,sub-106,ds005280__sub-106,11,4.0,3.5,3.114185,10,106
22475,ds005280,sub-106,ds005280__sub-106,12,3.5,3.5,3.122532,11,106
22476,ds005280,sub-106,ds005280__sub-106,13,4.0,3.0,3.1408362,12,106
22477,ds005280,sub-106,ds005280__sub-106,14,3.5,3.0,3.1571975,13,106
22478,ds005280,sub-106,ds005280__sub-106,15,3.5,3.0,3.1637635,14,106
22479,ds005280,sub-106,ds005280__sub-106,16,4.0,3.0,3.187127,15,106
22480,ds005280,sub-106,ds005280__sub-106,17,4.0,3.0,3.1919122,15,106
22481,ds005280,sub-106,ds005280__sub-106,18,3.5,3.0,3.1746483,15,106
22482,ds005280,sub-106,ds005280__sub-106,19,4.0,3.0,3.182866,15,106
22483,ds005280,sub-106,ds005280__sub-106,20,4.0,3.0,3.181985,12,106
22484,ds005280,sub-106,ds005280__sub-106,21,3.5,3.0,3.1883216,14,106
22485,ds005280,sub-106,ds005280__sub-106,22,3.5,3.0,3.1905966,15,106
22486,ds005280,sub-106,ds005280__sub-106,23,3.5,3.0,3.1989152,15,106
22487,ds005280,sub-106,ds005280__sub-106,24,3.5,3.0,3.1700466,14,106
22488,ds005280,sub-106,ds005280__sub-106,25,4.0,3.0,3.190216,12,106
22489,ds005280,sub-106,ds005280__sub-106,26,3.5,3.0,3.1898367,13,106
22490,ds005280,sub-106,ds005280__sub-106,27,4.0,3.0,3.1889062,14,106
22491,ds005280,sub-106,ds005280__sub-106,28,4.0,3.0,3.1932003,15,106
22492,ds005280,sub-106,ds005280__sub-106,29,4.0,3.0,3.1912615,12,106
22493,ds005280,sub-107,ds005280__sub-107,0,3.5,3.75,3.5259886,0,107
22494,ds005280,sub-107,ds005280__sub-107,1,4.0,3.5,3.6075892,1,107
22495,ds005280,sub-107,ds005280__sub-107,2,4.0,4.0,3.69037,2,107
22496,ds005280,sub-107,ds005280__sub-107,3,4.0,4.0,3.6228743,3,107
22497,ds005280,sub-107,ds005280__sub-107,4,3.5,3.5,3.4892297,4,107
22498,ds005280,sub-107,ds005280__sub-107,5,3.5,3.5,3.4081714,5,107
22499,ds005280,sub-107,ds005280__sub-107,6,3.5,3.5,3.3753614,6,107
22500,ds005280,sub-107,ds005280__sub-107,7,4.0,3.5,3.377161,7,107
22501,ds005280,sub-107,ds005280__sub-107,8,3.5,3.5,3.380811,8,107
22502,ds005280,sub-107,ds005280__sub-107,9,4.0,3.5,3.3990371,0,107
22503,ds005280,sub-107,ds005280__sub-107,10,3.5,3.5,3.4149632,0,107
22504,ds005280,sub-107,ds005280__sub-107,11,3.5,3.5,3.4276876,1,107
22505,ds005280,sub-107,ds005280__sub-107,12,3.5,3.5,3.4385724,2,107
22506,ds005280,sub-107,ds005280__sub-107,13,4.0,3.5,3.4440236,3,107
22507,ds005280,sub-107,ds005280__sub-107,14,3.5,3.5,3.4483726,4,107
22508,ds005280,sub-107,ds005280__sub-107,15,4.0,3.5,3.4502711,5,107
22509,ds005280,sub-107,ds005280__sub-107,16,4.0,3.5,3.4539158,6,107
22510,ds005280,sub-107,ds005280__sub-107,17,3.5,3.5,3.450393,7,107
22511,ds005280,sub-107,ds005280__sub-107,18,3.5,3.5,3.4292424,12,107
22512,ds005280,sub-107,ds005280__sub-107,19,3.5,3.5,3.4017384,13,107
22513,ds005280,sub-107,ds005280__sub-107,20,3.5,3.5,3.449769,2,107
22514,ds005280,sub-107,ds005280__sub-107,21,3.5,3.5,3.4368632,3,107
22515,ds005280,sub-107,ds005280__sub-107,22,4.0,3.5,3.4286902,4,107
22516,ds005280,sub-107,ds005280__sub-107,23,4.0,3.5,3.43052,5,107
22517,ds005280,sub-107,ds005280__sub-107,24,4.0,3.5,3.4179707,6,107
22518,ds005280,sub-108,ds005280__sub-108,0,3.5,3.5,3.4562635,0,108
22519,ds005280,sub-108,ds005280__sub-108,1,4.0,4.0,3.5565462,0,108
22520,ds005280,sub-108,ds005280__sub-108,2,4.0,4.0,3.3562348,2,108
22521,ds005280,sub-108,ds005280__sub-108,3,4.0,4.0,3.1264172,3,108
22522,ds005280,sub-108,ds005280__sub-108,4,3.5,4.0,3.0588644,4,108
22523,ds005280,sub-108,ds005280__sub-108,5,3.5,4.0,3.0600958,5,108
22524,ds005280,sub-108,ds005280__sub-108,6,3.5,2.0,3.0346658,6,108
22525,ds005280,sub-108,ds005280__sub-108,7,4.0,2.0,3.017861,7,108
22526,ds005280,sub-108,ds005280__sub-108,8,3.5,2.0,3.0307984,8,108
22527,ds005280,sub-108,ds005280__sub-108,9,4.0,2.0,3.0575376,9,108
22528,ds005280,sub-108,ds005280__sub-108,10,3.5,2.0,3.0790114,10,108
22529,ds005280,sub-108,ds005280__sub-108,11,4.0,2.0,3.099317,11,108
22530,ds005280,sub-108,ds005280__sub-108,12,3.5,2.0,3.11547,12,108
22531,ds005280,sub-108,ds005280__sub-108,13,3.5,2.0,3.131559,13,108
22532,ds005280,sub-108,ds005280__sub-108,14,4.0,3.0,3.1519604,14,108
22533,ds005280,sub-108,ds005280__sub-108,15,3.5,3.0,3.178731,15,108
22534,ds005280,sub-108,ds005280__sub-108,16,4.0,3.0,3.1806777,14,108
22535,ds005280,sub-108,ds005280__sub-108,17,3.5,3.0,3.2079875,15,108
22536,ds005280,sub-108,ds005280__sub-108,18,3.5,3.0,3.2362468,15,108
22537,ds005280,sub-108,ds005280__sub-108,19,3.5,3.0,3.262023,15,108
22538,ds005280,sub-108,ds005280__sub-108,20,4.0,3.0,3.2585063,14,108
22539,ds005280,sub-108,ds005280__sub-108,21,3.5,4.0,3.3002856,15,108
22540,ds005280,sub-108,ds005280__sub-108,22,4.0,3.75,3.3300798,15,108
22541,ds005280,sub-108,ds005280__sub-108,23,4.0,3.75,3.2881932,15,108
22542,ds005280,sub-109,ds005280__sub-109,0,3.0,3.75,3.4574008,0,109
22543,ds005280,sub-109,ds005280__sub-109,1,3.5,3.5,3.3909554,0,109
22544,ds005280,sub-109,ds005280__sub-109,2,3.5,3.5,3.3350108,1,109
22545,ds005280,sub-109,ds005280__sub-109,3,3.5,4.0,3.3152368,2,109
22546,ds005280,sub-109,ds005280__sub-109,4,3.5,4.0,3.229122,3,109
22547,ds005280,sub-109,ds005280__sub-109,5,3.0,3.5,3.1831136,4,109
22548,ds005280,sub-109,ds005280__sub-109,6,3.0,3.5,3.1385703,5,109
22549,ds005280,sub-109,ds005280__sub-109,7,3.0,3.5,3.1301332,6,109
22550,ds005280,sub-109,ds005280__sub-109,8,3.0,4.0,3.1473799,7,109
22551,ds005280,sub-109,ds005280__sub-109,9,3.5,4.0,3.1523905,8,109
22552,ds005280,sub-109,ds005280__sub-109,10,3.0,2.5,3.1498413,9,109
22553,ds005280,sub-109,ds005280__sub-109,11,3.5,2.5,3.1568534,10,109
22554,ds005280,sub-109,ds005280__sub-109,12,3.0,2.5,3.1624808,11,109
22555,ds005280,sub-109,ds005280__sub-109,13,3.5,2.5,3.1615229,12,109
22556,ds005280,sub-109,ds005280__sub-109,14,3.0,2.5,3.1692371,13,109
22557,ds005280,sub-109,ds005280__sub-109,15,3.0,2.5,3.1712306,14,109
22558,ds005280,sub-109,ds005280__sub-109,16,3.5,2.5,3.1662636,15,109
22559,ds005280,sub-109,ds005280__sub-109,17,3.5,2.5,3.178031,14,109
22560,ds005280,sub-109,ds005280__sub-109,18,3.5,2.5,3.1600318,14,109
22561,ds005280,sub-109,ds005280__sub-109,19,3.5,2.5,3.158729,14,109
22562,ds005280,sub-109,ds005280__sub-109,20,3.0,2.5,3.1725636,15,109
22563,ds005280,sub-109,ds005280__sub-109,21,3.0,2.5,3.201399,15,109
22564,ds005280,sub-109,ds005280__sub-109,22,3.0,2.5,3.2030432,14,109
22565,ds005280,sub-109,ds005280__sub-109,23,3.0,2.5,3.2036128,14,109
22566,ds005280,sub-109,ds005280__sub-109,24,3.5,4.5,3.2047353,15,109
22567,ds005280,sub-109,ds005280__sub-109,25,3.0,4.5,3.227153,15,109
22568,ds005280,sub-109,ds005280__sub-109,26,3.5,3.0,3.1893528,15,109
22569,ds005280,sub-109,ds005280__sub-109,27,3.5,3.0,3.1884418,15,109
22570,ds005280,sub-110,ds005280__sub-110,0,3.0,3.75,3.5888743,0,110
22571,ds005280,sub-110,ds005280__sub-110,1,3.5,3.75,3.5379038,1,110
22572,ds005280,sub-110,ds005280__sub-110,2,3.5,2.25,3.009892,2,110
22573,ds005280,sub-110,ds005280__sub-110,3,3.5,2.25,2.9255376,3,110
22574,ds005280,sub-110,ds005280__sub-110,4,3.5,2.25,2.9649606,4,110
22575,ds005280,sub-110,ds005280__sub-110,5,3.0,2.25,2.9179983,5,110
22576,ds005280,sub-110,ds005280__sub-110,6,3.0,2.25,2.9594722,6,110
22577,ds005280,sub-110,ds005280__sub-110,7,3.0,2.25,3.0059636,7,110
22578,ds005280,sub-110,ds005280__sub-110,8,3.0,2.25,3.0797977,8,110
22579,ds005280,sub-110,ds005280__sub-110,9,3.5,2.25,3.1377804,9,110
22580,ds005280,sub-110,ds005280__sub-110,10,3.0,2.25,3.1675186,10,110
22581,ds005280,sub-110,ds005280__sub-110,11,3.5,2.25,3.2198658,11,110
22582,ds005280,sub-110,ds005280__sub-110,12,3.0,3.75,3.264059,12,110
22583,ds005280,sub-110,ds005280__sub-110,13,3.5,3.75,3.309038,13,110
22584,ds005280,sub-110,ds005280__sub-110,14,3.0,3.75,3.3283463,14,110
22585,ds005280,sub-110,ds005280__sub-110,15,3.0,3.75,3.3366334,15,110
22586,ds005280,sub-110,ds005280__sub-110,16,3.5,3.75,3.364829,13,110
22587,ds005280,sub-110,ds005280__sub-110,17,3.5,3.75,3.3717985,14,110
22588,ds005280,sub-110,ds005280__sub-110,18,3.0,3.75,3.4115493,15,110
22589,ds005280,sub-110,ds005280__sub-110,19,3.5,3.75,3.4361684,10,110
22590,ds005280,sub-110,ds005280__sub-110,20,3.5,3.75,3.364595,14,110
22591,ds005280,sub-110,ds005280__sub-110,21,3.0,3.75,3.361865,13,110
22592,ds005280,sub-110,ds005280__sub-110,22,3.0,3.75,3.3619566,14,110
22593,ds005280,sub-110,ds005280__sub-110,23,3.0,3.75,3.3448958,15,110
22594,ds005280,sub-110,ds005280__sub-110,24,3.0,3.75,3.3951974,15,110
22595,ds005280,sub-110,ds005280__sub-110,25,3.5,3.75,3.4457994,15,110
22596,ds005280,sub-110,ds005280__sub-110,26,3.0,3.75,3.4799974,14,110
22597,ds005280,sub-110,ds005280__sub-110,27,3.5,3.75,3.3106,15,110
22598,ds005280,sub-110,ds005280__sub-110,28,3.5,3.75,3.354396,15,110
22599,ds005280,sub-110,ds005280__sub-110,29,3.5,3.75,3.3653984,13,110
22600,ds005280,sub-111,ds005280__sub-111,0,3.0,3.5,3.451663,0,111
22601,ds005280,sub-111,ds005280__sub-111,1,3.5,4.0,3.6852977,1,111
22602,ds005280,sub-111,ds005280__sub-111,2,3.5,4.0,3.4631,2,111
22603,ds005280,sub-111,ds005280__sub-111,3,3.5,4.0,3.1120284,3,111
22604,ds005280,sub-111,ds005280__sub-111,4,3.5,3.5,3.0508933,4,111
22605,ds005280,sub-111,ds005280__sub-111,5,3.0,3.5,3.016933,5,111
22606,ds005280,sub-111,ds005280__sub-111,6,3.0,3.5,3.0120978,6,111
22607,ds005280,sub-111,ds005280__sub-111,7,3.0,3.0,2.9897583,7,111
22608,ds005280,sub-111,ds005280__sub-111,8,3.0,3.0,2.9934268,8,111
22609,ds005280,sub-111,ds005280__sub-111,9,3.5,3.0,3.0250912,9,111
22610,ds005280,sub-111,ds005280__sub-111,10,3.0,3.0,3.0902374,10,111
22611,ds005280,sub-111,ds005280__sub-111,11,3.5,3.0,3.2409568,11,111
22612,ds005280,sub-111,ds005280__sub-111,12,3.0,3.5,3.3691218,0,111
22613,ds005280,sub-111,ds005280__sub-111,13,3.5,3.5,3.3607473,1,111
22614,ds005280,sub-111,ds005280__sub-111,14,3.0,3.5,3.3912168,2,111
22615,ds005280,sub-111,ds005280__sub-111,15,3.0,3.5,3.3905535,3,111
22616,ds005280,sub-111,ds005280__sub-111,16,3.5,3.75,3.4032106,4,111
22617,ds005280,sub-111,ds005280__sub-111,17,3.5,3.0,3.3190088,15,111
22618,ds005280,sub-111,ds005280__sub-111,18,3.0,3.0,3.2955685,15,111
22619,ds005280,sub-111,ds005280__sub-111,19,3.5,3.0,3.1176982,15,111
22620,ds005280,sub-111,ds005280__sub-111,20,3.5,2.0,3.1012897,15,111
22621,ds005280,sub-111,ds005280__sub-111,21,3.0,3.0,3.1411479,15,111
22622,ds005280,sub-111,ds005280__sub-111,22,3.0,3.0,3.1277633,13,111
22623,ds005280,sub-111,ds005280__sub-111,23,3.0,3.0,3.0675807,14,111
22624,ds005280,sub-111,ds005280__sub-111,24,3.0,3.0,3.0827017,15,111
22625,ds005280,sub-111,ds005280__sub-111,25,3.5,2.5,3.0990286,15,111
22626,ds005280,sub-111,ds005280__sub-111,26,3.0,3.0,3.1073112,15,111
22627,ds005280,sub-111,ds005280__sub-111,27,3.5,3.0,3.1083825,14,111
22628,ds005280,sub-111,ds005280__sub-111,28,3.5,2.5,3.0942726,15,111
22629,ds005280,sub-111,ds005280__sub-111,29,3.5,2.5,3.1226306,13,111
22630,ds005280,sub-112,ds005280__sub-112,0,3.5,3.75,3.6448383,0,112
22631,ds005280,sub-112,ds005280__sub-112,1,4.0,4.0,3.6987157,1,112
22632,ds005280,sub-112,ds005280__sub-112,2,4.0,4.0,3.671924,2,112
22633,ds005280,sub-112,ds005280__sub-112,3,4.0,4.0,3.4270437,3,112
22634,ds005280,sub-112,ds005280__sub-112,4,4.0,4.0,3.205347,4,112
22635,ds005280,sub-112,ds005280__sub-112,5,3.5,4.0,3.1228101,5,112
22636,ds005280,sub-112,ds005280__sub-112,6,3.5,4.0,3.0606499,6,112
22637,ds005280,sub-112,ds005280__sub-112,7,3.5,4.0,3.0296822,7,112
22638,ds005280,sub-112,ds005280__sub-112,8,3.5,4.0,3.0326738,8,112
22639,ds005280,sub-112,ds005280__sub-112,9,4.0,4.0,3.0576181,9,112
22640,ds005280,sub-112,ds005280__sub-112,10,3.5,4.0,3.0864134,10,112
22641,ds005280,sub-112,ds005280__sub-112,11,4.0,4.0,3.1086478,11,112
22642,ds005280,sub-112,ds005280__sub-112,12,3.5,4.0,3.1468222,12,112
22643,ds005280,sub-112,ds005280__sub-112,13,4.0,4.0,3.177481,10,112
22644,ds005280,sub-112,ds005280__sub-112,14,3.5,4.0,3.1930766,11,112
22645,ds005280,sub-112,ds005280__sub-112,15,3.5,4.0,3.2100306,12,112
22646,ds005280,sub-112,ds005280__sub-112,16,4.0,4.0,3.2214262,13,112
22647,ds005280,sub-112,ds005280__sub-112,17,4.0,3.5,3.2335048,14,112
22648,ds005280,sub-112,ds005280__sub-112,18,3.5,4.5,3.266482,15,112
22649,ds005280,sub-112,ds005280__sub-112,19,4.0,4.5,3.3109834,14,112
22650,ds005280,sub-112,ds005280__sub-112,20,4.0,4.5,3.3204877,15,112
22651,ds005280,sub-112,ds005280__sub-112,21,3.5,4.5,3.322214,13,112
22652,ds005280,sub-112,ds005280__sub-112,22,3.5,4.5,3.318123,14,112
22653,ds005280,sub-112,ds005280__sub-112,23,3.5,4.5,3.2870212,13,112
22654,ds005280,sub-112,ds005280__sub-112,24,3.5,4.5,3.2501893,14,112
22655,ds005280,sub-112,ds005280__sub-112,25,4.0,4.5,3.2688127,15,112
22656,ds005280,sub-112,ds005280__sub-112,26,3.5,4.5,3.27659,15,112
22657,ds005280,sub-112,ds005280__sub-112,27,4.0,4.5,3.3312438,14,112
22658,ds005280,sub-112,ds005280__sub-112,28,4.0,4.5,3.3349652,15,112
22659,ds005280,sub-112,ds005280__sub-112,29,4.0,4.5,3.327217,15,112
22660,ds005280,sub-113,ds005280__sub-113,0,3.5,3.75,3.6415827,0,113
22661,ds005280,sub-113,ds005280__sub-113,1,4.0,4.0,3.681086,1,113
22662,ds005280,sub-113,ds005280__sub-113,2,4.0,4.0,3.8562827,0,113
22663,ds005280,sub-113,ds005280__sub-113,3,4.0,4.0,3.8326259,3,113
22664,ds005280,sub-113,ds005280__sub-113,4,4.0,4.0,3.84313,0,113
22665,ds005280,sub-113,ds005280__sub-113,5,3.5,4.0,3.7399192,1,113
22666,ds005280,sub-113,ds005280__sub-113,6,3.5,3.5,3.6288633,2,113
22667,ds005280,sub-113,ds005280__sub-113,7,3.5,3.5,3.6387658,0,113
22668,ds005280,sub-113,ds005280__sub-113,8,3.5,3.5,3.6024725,1,113
22669,ds005280,sub-113,ds005280__sub-113,9,4.0,3.5,3.600858,0,113
22670,ds005280,sub-113,ds005280__sub-113,10,3.5,3.5,3.6102688,0,113
22671,ds005280,sub-113,ds005280__sub-113,11,4.0,3.5,3.5996897,1,113
22672,ds005280,sub-113,ds005280__sub-113,12,3.5,3.5,3.6362224,0,113
22673,ds005280,sub-113,ds005280__sub-113,13,4.0,4.0,3.6547136,0,113
22674,ds005280,sub-113,ds005280__sub-113,14,3.5,4.0,3.670312,0,113
22675,ds005280,sub-113,ds005280__sub-113,15,4.0,4.0,3.6543908,1,113
22676,ds005280,sub-113,ds005280__sub-113,16,4.0,4.0,3.6311195,2,113
22677,ds005280,sub-113,ds005280__sub-113,17,4.0,4.0,3.6108575,3,113
22678,ds005280,sub-113,ds005280__sub-113,18,4.0,4.0,3.5077696,0,113
22679,ds005280,sub-113,ds005280__sub-113,19,3.5,4.0,3.495656,3,113
22680,ds005280,sub-113,ds005280__sub-113,20,3.5,4.5,3.5482183,0,113
22681,ds005280,sub-113,ds005280__sub-113,21,3.5,4.5,3.6381872,0,113
22682,ds005280,sub-113,ds005280__sub-113,22,3.5,4.5,3.6185622,1,113
22683,ds005280,sub-113,ds005280__sub-113,23,4.0,4.5,3.6117983,2,113
22684,ds005280,sub-113,ds005280__sub-113,24,3.5,3.75,3.6191106,3,113
22685,ds005280,sub-113,ds005280__sub-113,25,4.0,3.75,3.555739,1,113
22686,ds005280,sub-113,ds005280__sub-113,26,4.0,3.75,3.5164752,2,113
22687,ds005280,sub-113,ds005280__sub-113,27,4.0,3.0,3.5057976,3,113
22688,ds005280,sub-114,ds005280__sub-114,0,3.0,3.75,3.5301218,0,114
22689,ds005280,sub-114,ds005280__sub-114,1,3.5,3.5,3.515837,1,114
22690,ds005280,sub-114,ds005280__sub-114,2,3.5,3.5,3.0499501,2,114
22691,ds005280,sub-114,ds005280__sub-114,3,3.5,2.0,2.8438084,3,114
22692,ds005280,sub-114,ds005280__sub-114,4,3.5,2.0,2.641674,4,114
22693,ds005280,sub-114,ds005280__sub-114,5,3.0,2.0,2.6838033,5,114
22694,ds005280,sub-114,ds005280__sub-114,6,3.0,2.0,2.7287822,6,114
22695,ds005280,sub-114,ds005280__sub-114,7,3.0,2.0,2.785334,7,114
22696,ds005280,sub-114,ds005280__sub-114,8,3.0,2.0,2.873803,8,114
22697,ds005280,sub-114,ds005280__sub-114,9,3.5,3.5,2.9530048,9,114
22698,ds005280,sub-114,ds005280__sub-114,10,3.0,3.5,3.048203,10,114
22699,ds005280,sub-114,ds005280__sub-114,11,3.5,3.5,3.0896368,11,114
22700,ds005280,sub-114,ds005280__sub-114,12,3.0,3.5,3.122116,12,114
22701,ds005280,sub-114,ds005280__sub-114,13,3.5,3.5,3.1311598,13,114
22702,ds005280,sub-114,ds005280__sub-114,14,3.0,3.5,3.1347463,14,114
22703,ds005280,sub-114,ds005280__sub-114,15,3.0,3.5,3.1323175,15,114
22704,ds005280,sub-114,ds005280__sub-114,16,3.5,3.5,3.1462846,15,114
22705,ds005280,sub-114,ds005280__sub-114,17,3.5,3.5,3.2164803,15,114
22706,ds005280,sub-114,ds005280__sub-114,18,3.0,3.5,3.2509663,14,114
22707,ds005280,sub-114,ds005280__sub-114,19,3.5,3.5,3.1926687,15,114
22708,ds005280,sub-114,ds005280__sub-114,20,3.5,3.5,3.2195477,13,114
22709,ds005280,sub-114,ds005280__sub-114,21,3.0,3.5,3.182955,14,114
22710,ds005280,sub-114,ds005280__sub-114,22,3.0,2.0,3.0618706,14,114
22711,ds005280,sub-114,ds005280__sub-114,23,3.0,2.0,2.997665,15,114
22712,ds005280,sub-114,ds005280__sub-114,24,3.0,2.0,2.9371152,14,114
22713,ds005280,sub-114,ds005280__sub-114,25,3.5,2.0,2.9721472,15,114
22714,ds005280,sub-114,ds005280__sub-114,26,3.0,2.0,2.973392,15,114
22715,ds005280,sub-114,ds005280__sub-114,27,3.5,2.0,3.0003557,15,114
22716,ds005280,sub-114,ds005280__sub-114,28,3.5,2.0,2.9938953,15,114
22717,ds005280,sub-114,ds005280__sub-114,29,3.5,2.0,2.9591036,15,114
22718,ds005280,sub-115,ds005280__sub-115,0,3.5,3.5,3.3723378,0,115
22719,ds005280,sub-115,ds005280__sub-115,1,4.0,3.5,3.5146925,0,115
22720,ds005280,sub-115,ds005280__sub-115,2,4.0,4.0,3.7875252,0,115
22721,ds005280,sub-115,ds005280__sub-115,3,4.0,4.0,3.6867688,1,115
22722,ds005280,sub-115,ds005280__sub-115,4,4.0,4.0,3.6456494,0,115
22723,ds005280,sub-115,ds005280__sub-115,5,3.5,4.0,3.5817995,1,115
22724,ds005280,sub-115,ds005280__sub-115,6,3.5,4.0,3.3444295,2,115
22725,ds005280,sub-115,ds005280__sub-115,7,3.5,2.25,3.10774,3,115
22726,ds005280,sub-115,ds005280__sub-115,8,3.5,3.5,3.2085528,4,115
22727,ds005280,sub-115,ds005280__sub-115,9,4.0,3.5,3.1812212,5,115
22728,ds005280,sub-115,ds005280__sub-115,10,3.5,3.5,3.41877,0,115
22729,ds005280,sub-115,ds005280__sub-115,11,4.0,3.5,3.4059753,0,115
22730,ds005280,sub-115,ds005280__sub-115,12,3.5,4.0,3.5922751,0,115
22731,ds005280,sub-115,ds005280__sub-115,13,4.0,4.0,3.6092334,1,115
22732,ds005280,sub-115,ds005280__sub-115,14,3.5,4.0,3.6533747,2,115
22733,ds005280,sub-115,ds005280__sub-115,15,3.5,4.0,3.62737,3,115
22734,ds005280,sub-115,ds005280__sub-115,16,4.0,4.0,3.6495082,0,115
22735,ds005280,sub-115,ds005280__sub-115,17,4.0,4.0,3.5941925,4,115
22736,ds005280,sub-115,ds005280__sub-115,18,3.5,4.0,3.5573366,0,115
22737,ds005280,sub-115,ds005280__sub-115,19,4.0,4.0,3.5552716,1,115
22738,ds005280,sub-115,ds005280__sub-115,20,3.5,4.0,3.4874172,2,115
22739,ds005280,sub-115,ds005280__sub-115,21,3.5,4.0,3.5006075,0,115
22740,ds005280,sub-115,ds005280__sub-115,22,3.5,4.0,3.5548933,1,115
22741,ds005280,sub-115,ds005280__sub-115,23,3.5,4.0,3.5336118,2,115
22742,ds005280,sub-115,ds005280__sub-115,24,4.0,4.0,3.4913719,0,115
22743,ds005280,sub-115,ds005280__sub-115,25,3.5,4.0,3.4578314,0,115
22744,ds005280,sub-115,ds005280__sub-115,26,4.0,4.0,3.326636,5,115
22745,ds005280,sub-115,ds005280__sub-115,27,4.0,4.0,3.2490578,0,115
22746,ds005280,sub-115,ds005280__sub-115,28,4.0,2.5,3.1344373,1,115
22747,ds005280,sub-116,ds005280__sub-116,0,3.5,3.5,3.5809772,0,116
22748,ds005280,sub-116,ds005280__sub-116,1,4.0,4.0,3.709725,1,116
22749,ds005280,sub-116,ds005280__sub-116,2,4.0,3.5,3.4271183,2,116
22750,ds005280,sub-116,ds005280__sub-116,3,4.0,3.5,3.362905,3,116
22751,ds005280,sub-116,ds005280__sub-116,4,4.0,3.5,3.2444034,4,116
22752,ds005280,sub-116,ds005280__sub-116,5,3.5,3.0,3.1392996,5,116
22753,ds005280,sub-116,ds005280__sub-116,6,3.5,3.0,3.1012301,6,116
22754,ds005280,sub-116,ds005280__sub-116,7,3.5,3.0,3.1039944,7,116
22755,ds005280,sub-116,ds005280__sub-116,8,3.5,3.0,3.1290956,0,116
22756,ds005280,sub-116,ds005280__sub-116,9,4.0,3.0,3.2273064,0,116
22757,ds005280,sub-116,ds005280__sub-116,10,3.5,3.5,3.2903497,0,116
22758,ds005280,sub-116,ds005280__sub-116,11,4.0,3.5,3.3108883,1,116
22759,ds005280,sub-116,ds005280__sub-116,12,3.5,3.5,3.328024,2,116
22760,ds005280,sub-116,ds005280__sub-116,13,4.0,3.5,3.3413935,3,116
22761,ds005280,sub-116,ds005280__sub-116,14,3.5,3.5,3.340235,4,116
22762,ds005280,sub-116,ds005280__sub-116,15,3.5,3.5,3.3333662,5,116
22763,ds005280,sub-116,ds005280__sub-116,16,4.0,3.5,3.362723,5,116
22764,ds005280,sub-116,ds005280__sub-116,17,4.0,3.5,3.363688,3,116
22765,ds005280,sub-116,ds005280__sub-116,18,3.5,3.5,3.3065042,7,116
22766,ds005280,sub-116,ds005280__sub-116,19,4.0,3.5,3.3094497,5,116
22767,ds005280,sub-116,ds005280__sub-116,20,4.0,3.5,3.2395334,1,116
22768,ds005280,sub-116,ds005280__sub-116,21,3.5,3.5,3.1937823,2,116
22769,ds005280,sub-116,ds005280__sub-116,22,3.5,3.5,3.3226905,0,116
22770,ds005280,sub-116,ds005280__sub-116,23,3.5,3.5,3.3068287,0,116
22771,ds005280,sub-116,ds005280__sub-116,24,3.5,3.0,3.2757611,0,116
22772,ds005280,sub-116,ds005280__sub-116,25,4.0,3.0,3.2825148,0,116
22773,ds005280,sub-116,ds005280__sub-116,26,3.5,3.0,3.302997,1,116
22774,ds005280,sub-116,ds005280__sub-116,27,4.0,3.0,3.3354738,2,116
22775,ds005280,sub-116,ds005280__sub-116,28,4.0,3.0,3.353131,0,116
22776,ds005280,sub-116,ds005280__sub-116,29,4.0,3.0,3.3665142,1,116
22777,ds005280,sub-117,ds005280__sub-117,0,3.5,3.75,3.4634845,0,117
22778,ds005280,sub-117,ds005280__sub-117,1,4.0,3.75,3.5634444,0,117
22779,ds005280,sub-117,ds005280__sub-117,2,4.0,3.75,3.4260154,2,117
22780,ds005280,sub-117,ds005280__sub-117,3,4.0,3.5,3.1844263,3,117
22781,ds005280,sub-117,ds005280__sub-117,4,4.0,3.5,3.0797908,4,117
22782,ds005280,sub-117,ds005280__sub-117,5,3.5,2.0,3.0721486,5,117
22783,ds005280,sub-117,ds005280__sub-117,6,3.5,2.0,3.0600355,6,117
22784,ds005280,sub-117,ds005280__sub-117,7,3.5,2.0,3.0482883,7,117
22785,ds005280,sub-117,ds005280__sub-117,8,3.5,2.0,3.0514731,8,117
22786,ds005280,sub-117,ds005280__sub-117,9,4.0,2.0,3.0658088,9,117
22787,ds005280,sub-117,ds005280__sub-117,10,3.5,2.0,3.0704126,10,117
22788,ds005280,sub-117,ds005280__sub-117,11,4.0,2.0,3.0828285,11,117
22789,ds005280,sub-117,ds005280__sub-117,12,3.5,2.0,3.1070306,12,117
22790,ds005280,sub-117,ds005280__sub-117,13,4.0,2.0,3.125243,13,117
22791,ds005280,sub-117,ds005280__sub-117,14,3.5,2.0,3.1342907,14,117
22792,ds005280,sub-117,ds005280__sub-117,15,3.5,2.0,3.141532,15,117
22793,ds005280,sub-117,ds005280__sub-117,16,4.0,2.0,3.1304,15,117
22794,ds005280,sub-117,ds005280__sub-117,17,4.0,2.0,3.130829,15,117
22795,ds005280,sub-117,ds005280__sub-117,18,3.5,2.5,3.1502514,15,117
22796,ds005280,sub-117,ds005280__sub-117,19,4.0,4.5,3.1590304,15,117
22797,ds005280,sub-117,ds005280__sub-117,20,4.0,4.5,3.1952472,14,117
22798,ds005280,sub-117,ds005280__sub-117,21,3.5,4.5,3.2125673,14,117
22799,ds005280,sub-117,ds005280__sub-117,22,3.5,4.5,3.2028213,15,117
22800,ds005280,sub-117,ds005280__sub-117,23,3.5,4.5,3.187261,15,117
22801,ds005280,sub-117,ds005280__sub-117,24,3.5,4.5,3.1904902,15,117
22802,ds005280,sub-117,ds005280__sub-117,25,4.0,4.5,3.1924021,13,117
22803,ds005280,sub-117,ds005280__sub-117,26,3.5,4.5,3.1913457,14,117
22804,ds005280,sub-117,ds005280__sub-117,27,4.0,2.5,3.1601996,13,117
22805,ds005280,sub-117,ds005280__sub-117,28,4.0,2.5,3.1514912,14,117
22806,ds005280,sub-117,ds005280__sub-117,29,4.0,2.5,3.1732817,15,117
22807,ds005280,sub-118,ds005280__sub-118,0,3.5,4.0,3.560348,0,118
22808,ds005280,sub-118,ds005280__sub-118,1,4.0,4.0,3.4246821,1,118
22809,ds005280,sub-118,ds005280__sub-118,2,4.0,4.0,3.192712,2,118
22810,ds005280,sub-118,ds005280__sub-118,3,4.0,3.5,3.1682882,3,118
22811,ds005280,sub-118,ds005280__sub-118,4,4.0,2.0,3.074395,4,118
22812,ds005280,sub-118,ds005280__sub-118,5,3.5,2.0,3.0315983,4,118
22813,ds005280,sub-118,ds005280__sub-118,6,3.5,2.0,3.0441484,5,118
22814,ds005280,sub-118,ds005280__sub-118,7,3.5,2.0,3.0548751,6,118
22815,ds005280,sub-118,ds005280__sub-118,8,3.5,2.0,3.070484,7,118
22816,ds005280,sub-118,ds005280__sub-118,9,4.0,3.5,3.0945208,8,118
22817,ds005280,sub-118,ds005280__sub-118,10,3.5,3.5,3.1086745,9,118
22818,ds005280,sub-118,ds005280__sub-118,11,4.0,3.5,3.1272137,10,118
22819,ds005280,sub-118,ds005280__sub-118,12,3.5,3.5,3.1403785,11,118
22820,ds005280,sub-118,ds005280__sub-118,13,4.0,3.5,3.164303,12,118
22821,ds005280,sub-118,ds005280__sub-118,14,3.5,3.5,3.1752882,13,118
22822,ds005280,sub-118,ds005280__sub-118,15,3.5,3.5,3.1834788,14,118
22823,ds005280,sub-118,ds005280__sub-118,16,4.0,3.5,3.2124522,12,118
22824,ds005280,sub-118,ds005280__sub-118,17,4.0,3.5,3.2305822,13,118
22825,ds005280,sub-118,ds005280__sub-118,18,3.5,3.75,3.2339792,14,118
22826,ds005280,sub-118,ds005280__sub-118,19,4.0,3.75,3.2162645,15,118
22827,ds005280,sub-118,ds005280__sub-118,20,4.0,3.75,3.248779,14,118
22828,ds005280,sub-118,ds005280__sub-118,21,3.5,3.5,3.2480764,15,118
22829,ds005280,sub-118,ds005280__sub-118,22,3.5,3.5,3.2317657,13,118
22830,ds005280,sub-118,ds005280__sub-118,23,3.5,3.5,3.22912,14,118
22831,ds005280,sub-118,ds005280__sub-118,24,3.5,3.5,3.226719,13,118
22832,ds005280,sub-118,ds005280__sub-118,25,4.0,3.5,3.2405815,12,118
22833,ds005280,sub-118,ds005280__sub-118,26,3.5,3.5,3.2393224,13,118
22834,ds005280,sub-118,ds005280__sub-118,27,4.0,3.5,3.2313247,14,118
22835,ds005280,sub-118,ds005280__sub-118,28,4.0,3.5,3.2093241,15,118
22836,ds005280,sub-119,ds005280__sub-119,0,3.0,3.75,3.526845,0,119
22837,ds005280,sub-119,ds005280__sub-119,1,3.5,3.5,3.3990202,1,119
22838,ds005280,sub-119,ds005280__sub-119,2,3.5,3.5,3.5248747,2,119
22839,ds005280,sub-119,ds005280__sub-119,3,3.5,4.0,3.5811276,3,119
22840,ds005280,sub-119,ds005280__sub-119,4,3.5,3.5,3.470459,4,119
22841,ds005280,sub-119,ds005280__sub-119,5,3.0,3.5,3.436398,5,119
22842,ds005280,sub-119,ds005280__sub-119,6,3.0,3.5,3.4667153,6,119
22843,ds005280,sub-119,ds005280__sub-119,7,3.0,3.5,3.4831243,7,119
22844,ds005280,sub-119,ds005280__sub-119,8,3.0,3.5,3.5279093,8,119
22845,ds005280,sub-119,ds005280__sub-119,9,3.5,4.0,3.5426984,9,119
22846,ds005280,sub-119,ds005280__sub-119,10,3.0,4.0,3.553288,10,119
22847,ds005280,sub-119,ds005280__sub-119,11,3.5,4.0,3.55674,11,119
22848,ds005280,sub-119,ds005280__sub-119,12,3.0,4.0,3.559698,12,119
22849,ds005280,sub-119,ds005280__sub-119,13,3.5,4.0,3.5552416,13,119
22850,ds005280,sub-119,ds005280__sub-119,14,3.0,4.0,3.545085,14,119
22851,ds005280,sub-119,ds005280__sub-119,15,3.0,4.0,3.5345712,15,119
22852,ds005280,sub-119,ds005280__sub-119,16,3.5,4.0,3.5548272,15,119
22853,ds005280,sub-119,ds005280__sub-119,17,3.5,4.0,3.5780573,12,119
22854,ds005280,sub-119,ds005280__sub-119,18,3.0,4.0,3.563381,14,119
22855,ds005280,sub-119,ds005280__sub-119,19,3.5,4.0,3.5596077,14,119
22856,ds005280,sub-119,ds005280__sub-119,20,3.5,4.0,3.5433693,15,119
22857,ds005280,sub-119,ds005280__sub-119,21,3.0,4.0,3.5476809,15,119
22858,ds005280,sub-119,ds005280__sub-119,22,3.0,4.0,3.5540578,15,119
22859,ds005280,sub-119,ds005280__sub-119,23,3.0,4.0,3.5721803,15,119
22860,ds005280,sub-119,ds005280__sub-119,24,3.0,4.0,3.568461,14,119
22861,ds005280,sub-119,ds005280__sub-119,25,3.5,4.0,3.55236,15,119
22862,ds005280,sub-119,ds005280__sub-119,26,3.0,4.0,3.5456905,14,119
22863,ds005280,sub-119,ds005280__sub-119,27,3.5,4.0,3.5157487,12,119
22864,ds005280,sub-119,ds005280__sub-119,28,3.5,4.0,3.458726,13,119
22865,ds005280,sub-119,ds005280__sub-119,29,3.5,4.0,3.5016377,14,119
22866,ds005280,sub-120,ds005280__sub-120,0,3.0,3.5,3.5114646,0,120
22867,ds005280,sub-120,ds005280__sub-120,1,3.5,3.75,3.6352592,1,120
22868,ds005280,sub-120,ds005280__sub-120,2,3.5,3.5,3.4546146,1,120
22869,ds005280,sub-120,ds005280__sub-120,3,3.5,2.25,3.0942407,3,120
22870,ds005280,sub-120,ds005280__sub-120,4,3.5,3.5,3.3081746,4,120
22871,ds005280,sub-120,ds005280__sub-120,5,3.0,3.0,3.2078733,1,120
22872,ds005280,sub-120,ds005280__sub-120,6,3.0,3.0,3.15239,2,120
22873,ds005280,sub-120,ds005280__sub-120,7,3.0,3.0,3.0269313,3,120
22874,ds005280,sub-120,ds005280__sub-120,8,3.0,3.0,2.9395337,2,120
22875,ds005280,sub-120,ds005280__sub-120,9,3.5,3.0,2.930595,0,120
22876,ds005280,sub-120,ds005280__sub-120,10,3.0,3.0,2.8268948,0,120
22877,ds005280,sub-120,ds005280__sub-120,11,3.5,2.0,2.6772237,1,120
22878,ds005280,sub-120,ds005280__sub-120,12,3.0,2.0,2.5030894,2,120
22879,ds005280,sub-120,ds005280__sub-120,13,3.5,2.0,2.3995,3,120
22880,ds005280,sub-120,ds005280__sub-120,14,3.0,2.0,2.4432607,0,120
22881,ds005280,sub-120,ds005280__sub-120,15,3.0,2.0,2.446748,1,120
22882,ds005280,sub-120,ds005280__sub-120,16,3.5,2.0,2.4781325,0,120
22883,ds005280,sub-120,ds005280__sub-120,17,3.5,2.0,2.4835556,0,120
22884,ds005280,sub-120,ds005280__sub-120,18,3.0,2.0,2.32183,2,120
22885,ds005280,sub-120,ds005280__sub-120,19,3.5,2.0,2.2728784,2,120
22886,ds005280,sub-120,ds005280__sub-120,20,3.5,2.0,2.2771974,3,120
22887,ds005280,sub-120,ds005280__sub-120,21,3.0,2.0,2.4673975,2,120
22888,ds005280,sub-120,ds005280__sub-120,22,3.0,2.0,2.3321137,3,120
22889,ds005280,sub-120,ds005280__sub-120,23,3.0,2.0,2.2297745,0,120
22890,ds005280,sub-120,ds005280__sub-120,24,3.0,2.0,2.16982,1,120
22891,ds005280,sub-120,ds005280__sub-120,25,3.5,2.0,2.1849067,2,120
22892,ds005280,sub-120,ds005280__sub-120,26,3.0,2.0,2.2682843,3,120
22893,ds005280,sub-120,ds005280__sub-120,27,3.5,2.0,2.5458012,4,120
22894,ds005280,sub-120,ds005280__sub-120,28,3.5,2.0,2.4155,5,120
22895,ds005280,sub-120,ds005280__sub-120,29,3.5,2.0,2.248781,0,120
22896,ds005280,sub-121,ds005280__sub-121,0,3.0,3.75,3.5166488,0,121
22897,ds005280,sub-121,ds005280__sub-121,1,3.5,3.75,3.5075161,1,121
22898,ds005280,sub-121,ds005280__sub-121,2,3.5,3.5,3.444163,2,121
22899,ds005280,sub-121,ds005280__sub-121,3,3.5,3.5,3.26362,3,121
22900,ds005280,sub-121,ds005280__sub-121,4,3.5,3.5,3.111285,4,121
22901,ds005280,sub-121,ds005280__sub-121,5,3.0,3.5,3.0588024,5,121
22902,ds005280,sub-121,ds005280__sub-121,6,3.0,3.5,3.0253024,6,121
22903,ds005280,sub-121,ds005280__sub-121,7,3.0,3.5,2.963995,7,121
22904,ds005280,sub-121,ds005280__sub-121,8,3.5,3.5,2.9796014,8,121
22905,ds005280,sub-121,ds005280__sub-121,9,3.0,2.0,2.9685817,9,121
22906,ds005280,sub-121,ds005280__sub-121,10,3.5,2.0,2.981027,10,121
22907,ds005280,sub-121,ds005280__sub-121,11,3.0,3.0,2.9861736,11,121
22908,ds005280,sub-121,ds005280__sub-121,12,3.5,3.0,3.0107577,12,121
22909,ds005280,sub-121,ds005280__sub-121,13,3.0,3.0,3.03458,13,121
22910,ds005280,sub-121,ds005280__sub-121,14,3.0,3.0,3.0427327,14,121
22911,ds005280,sub-121,ds005280__sub-121,15,3.5,3.0,3.07079,15,121
22912,ds005280,sub-121,ds005280__sub-121,16,3.5,3.0,3.0531375,14,121
22913,ds005280,sub-121,ds005280__sub-121,17,3.0,3.0,3.0528307,15,121
22914,ds005280,sub-121,ds005280__sub-121,18,3.5,3.0,3.0559816,13,121
22915,ds005280,sub-121,ds005280__sub-121,19,3.0,3.0,3.0838885,14,121
22916,ds005280,sub-121,ds005280__sub-121,20,3.0,2.0,3.0355487,15,121
22917,ds005280,sub-121,ds005280__sub-121,21,3.0,2.0,3.0576034,15,121
22918,ds005280,sub-121,ds005280__sub-121,22,3.0,3.0,3.087585,15,121
22919,ds005280,sub-121,ds005280__sub-121,23,3.5,3.0,3.0799363,15,121
22920,ds005280,sub-121,ds005280__sub-121,24,3.0,3.0,3.1210196,14,121
22921,ds005280,sub-121,ds005280__sub-121,25,3.5,3.0,3.1049538,15,121
22922,ds005280,sub-121,ds005280__sub-121,26,3.5,3.0,3.137211,14,121
22923,ds005280,sub-122,ds005280__sub-122,0,3.5,3.75,3.5555577,0,122
22924,ds005280,sub-122,ds005280__sub-122,1,4.0,2.0,2.0896027,0,122
22925,ds005280,sub-122,ds005280__sub-122,2,4.0,2.0,2.0536306,1,122
22926,ds005280,sub-122,ds005280__sub-122,3,4.0,2.0,2.1292686,0,122
22927,ds005280,sub-122,ds005280__sub-122,4,3.5,2.0,2.3817,1,122
22928,ds005280,sub-122,ds005280__sub-122,5,3.5,2.0,2.1687956,0,122
22929,ds005280,sub-122,ds005280__sub-122,6,3.5,2.0,2.188906,1,122
22930,ds005280,sub-122,ds005280__sub-122,7,3.5,2.0,2.1953206,0,122
22931,ds005280,sub-122,ds005280__sub-122,8,4.0,2.0,2.331328,1,122
22932,ds005280,sub-122,ds005280__sub-122,9,3.5,2.0,2.3455672,0,122
22933,ds005280,sub-122,ds005280__sub-122,10,4.0,2.5,2.6015103,0,122
22934,ds005280,sub-122,ds005280__sub-122,11,3.5,2.0,2.5362792,1,122
22935,ds005280,sub-122,ds005280__sub-122,12,4.0,3.0,3.1255555,0,122
22936,ds005280,sub-122,ds005280__sub-122,13,3.5,3.0,3.1623423,1,122
22937,ds005280,sub-122,ds005280__sub-122,14,3.5,3.0,3.158196,2,122
22938,ds005280,sub-122,ds005280__sub-122,15,4.0,3.5,3.2123826,3,122
22939,ds005280,sub-122,ds005280__sub-122,16,3.5,4.0,3.6038601,1,122
22940,ds005280,sub-122,ds005280__sub-122,17,3.5,4.0,3.6169412,5,122
22941,ds005280,sub-122,ds005280__sub-122,18,3.5,3.5,3.5598762,6,122
22942,ds005280,sub-122,ds005280__sub-122,19,3.5,3.5,3.4832478,0,122
22943,ds005280,sub-122,ds005280__sub-122,20,3.5,4.0,3.6372204,1,122
22944,ds005280,sub-122,ds005280__sub-122,21,3.5,4.0,3.695004,0,122
22945,ds005280,sub-122,ds005280__sub-122,22,4.0,4.0,3.6447597,1,122
22946,ds005280,sub-122,ds005280__sub-122,23,4.0,4.0,3.62789,2,122
22947,ds005280,sub-122,ds005280__sub-122,24,4.0,4.0,3.645791,0,122
22948,ds005280,sub-123,ds005280__sub-123,0,3.5,3.75,3.5539658,0,123
22949,ds005280,sub-123,ds005280__sub-123,1,4.0,4.0,3.6645298,1,123
22950,ds005280,sub-123,ds005280__sub-123,2,4.0,4.0,3.4565573,2,123
22951,ds005280,sub-123,ds005280__sub-123,3,4.0,3.5,3.3813772,3,123
22952,ds005280,sub-123,ds005280__sub-123,4,4.0,3.5,3.3370159,4,123
22953,ds005280,sub-123,ds005280__sub-123,5,3.5,3.5,3.2371726,5,123
22954,ds005280,sub-123,ds005280__sub-123,6,3.5,3.5,3.1815257,6,123
22955,ds005280,sub-123,ds005280__sub-123,7,3.5,3.5,3.182668,7,123
22956,ds005280,sub-123,ds005280__sub-123,8,3.5,3.5,3.2037792,8,123
22957,ds005280,sub-123,ds005280__sub-123,9,4.0,3.5,3.258047,9,123
22958,ds005280,sub-123,ds005280__sub-123,10,3.5,3.5,3.2911096,10,123
22959,ds005280,sub-123,ds005280__sub-123,11,4.0,3.5,3.3314753,11,123
22960,ds005280,sub-123,ds005280__sub-123,12,3.5,3.5,3.341257,12,123
22961,ds005280,sub-123,ds005280__sub-123,13,4.0,3.5,3.3449824,13,123
22962,ds005280,sub-123,ds005280__sub-123,14,3.5,3.5,3.3616915,12,123
22963,ds005280,sub-123,ds005280__sub-123,15,3.5,3.5,3.3726685,13,123
22964,ds005280,sub-123,ds005280__sub-123,16,4.0,3.5,3.3463051,14,123
22965,ds005280,sub-123,ds005280__sub-123,17,4.0,3.5,3.3333669,15,123
22966,ds005280,sub-123,ds005280__sub-123,18,3.5,3.5,3.3577218,10,123
22967,ds005280,sub-123,ds005280__sub-123,19,4.0,3.5,3.3794055,13,123
22968,ds005280,sub-123,ds005280__sub-123,20,4.0,3.5,3.426271,15,123
22969,ds005280,sub-123,ds005280__sub-123,21,3.5,3.5,3.421268,15,123
22970,ds005280,sub-123,ds005280__sub-123,22,3.5,3.5,3.3980455,14,123
22971,ds005280,sub-123,ds005280__sub-123,23,3.5,3.5,3.3926525,15,123
22972,ds005280,sub-123,ds005280__sub-123,24,3.5,3.5,3.3876376,15,123
22973,ds005280,sub-123,ds005280__sub-123,25,4.0,3.5,3.4022326,15,123
22974,ds005280,sub-123,ds005280__sub-123,26,3.5,3.5,3.3818274,14,123
22975,ds005280,sub-123,ds005280__sub-123,27,4.0,3.5,3.3951473,15,123
22976,ds005280,sub-123,ds005280__sub-123,28,4.0,3.5,3.3995037,15,123
22977,ds005280,sub-123,ds005280__sub-123,29,4.0,3.5,3.3934023,15,123
22978,ds005280,sub-124,ds005280__sub-124,0,3.5,3.5,3.5721707,0,124
22979,ds005280,sub-124,ds005280__sub-124,1,4.0,4.0,3.6871371,1,124
22980,ds005280,sub-124,ds005280__sub-124,2,4.0,4.0,3.7811687,2,124
22981,ds005280,sub-124,ds005280__sub-124,3,4.0,4.0,3.6850278,3,124
22982,ds005280,sub-124,ds005280__sub-124,4,4.0,3.5,3.445815,4,124
22983,ds005280,sub-124,ds005280__sub-124,5,3.5,3.5,3.3661485,5,124
22984,ds005280,sub-124,ds005280__sub-124,6,3.5,3.5,3.3236613,6,124
22985,ds005280,sub-124,ds005280__sub-124,7,3.5,3.5,3.3201356,7,124
22986,ds005280,sub-124,ds005280__sub-124,8,3.5,3.5,3.3241897,8,124
22987,ds005280,sub-124,ds005280__sub-124,9,4.0,3.5,3.3706377,9,124
22988,ds005280,sub-124,ds005280__sub-124,10,3.5,3.5,3.4600985,10,124
22989,ds005280,sub-124,ds005280__sub-124,11,4.0,3.5,3.5075512,11,124
22990,ds005280,sub-124,ds005280__sub-124,12,3.5,3.5,3.4699442,12,124
22991,ds005280,sub-124,ds005280__sub-124,13,4.0,4.0,3.518169,13,124
22992,ds005280,sub-124,ds005280__sub-124,14,3.5,4.0,3.538649,14,124
22993,ds005280,sub-124,ds005280__sub-124,15,3.5,4.0,3.5547829,4,124
22994,ds005280,sub-124,ds005280__sub-124,16,4.0,4.0,3.5036142,1,124
22995,ds005280,sub-124,ds005280__sub-124,17,4.0,4.0,3.4788127,2,124
22996,ds005280,sub-124,ds005280__sub-124,18,3.5,2.5,3.1004348,13,124
22997,ds005280,sub-124,ds005280__sub-124,19,4.0,2.25,3.1967735,14,124
22998,ds005280,sub-124,ds005280__sub-124,20,4.0,4.0,3.351623,15,124
22999,ds005280,sub-124,ds005280__sub-124,21,3.5,2.25,3.1721258,15,124
23000,ds005280,sub-124,ds005280__sub-124,22,3.5,2.25,3.1958163,15,124
23001,ds005280,sub-124,ds005280__sub-124,23,3.5,2.25,3.0969572,15,124
23002,ds005280,sub-124,ds005280__sub-124,24,3.5,2.25,3.0582018,13,124
23003,ds005280,sub-124,ds005280__sub-124,25,4.0,2.25,3.0144346,0,124
23004,ds005280,sub-124,ds005280__sub-124,26,3.5,2.25,3.0532212,1,124
23005,ds005280,sub-124,ds005280__sub-124,27,4.0,2.25,3.2166495,0,124
23006,ds005280,sub-124,ds005280__sub-124,28,4.0,3.75,3.3331614,14,124
23007,ds005280,sub-124,ds005280__sub-124,29,4.0,4.5,3.4837818,15,124
23008,ds005280,sub-125,ds005280__sub-125,0,3.5,3.5,3.539021,0,125
23009,ds005280,sub-125,ds005280__sub-125,1,4.0,4.0,3.651136,1,125
23010,ds005280,sub-125,ds005280__sub-125,2,4.0,4.0,3.3829975,2,125
23011,ds005280,sub-125,ds005280__sub-125,3,3.5,4.0,3.1871948,3,125
23012,ds005280,sub-125,ds005280__sub-125,4,3.5,4.0,3.1049592,4,125
23013,ds005280,sub-125,ds005280__sub-125,5,4.0,3.0,3.0573094,5,125
23014,ds005280,sub-125,ds005280__sub-125,6,3.5,3.0,3.0251417,6,125
23015,ds005280,sub-125,ds005280__sub-125,7,4.0,3.0,3.039513,7,125
23016,ds005280,sub-125,ds005280__sub-125,8,3.5,3.0,3.0259843,8,125
23017,ds005280,sub-125,ds005280__sub-125,9,3.5,3.0,3.049168,9,125
23018,ds005280,sub-125,ds005280__sub-125,10,3.5,3.0,3.0602584,10,125
23019,ds005280,sub-125,ds005280__sub-125,11,4.0,3.0,3.0805562,11,125
23020,ds005280,sub-125,ds005280__sub-125,12,4.0,3.0,3.0969985,12,125
23021,ds005280,sub-125,ds005280__sub-125,13,3.5,3.0,3.1179366,13,125
23022,ds005280,sub-125,ds005280__sub-125,14,4.0,3.0,3.1319213,14,125
23023,ds005280,sub-125,ds005280__sub-125,15,4.0,3.0,3.1454527,15,125
23024,ds005280,sub-125,ds005280__sub-125,16,3.5,3.0,3.1598778,14,125
23025,ds005280,sub-125,ds005280__sub-125,17,3.5,3.0,3.1527746,15,125
23026,ds005280,sub-125,ds005280__sub-125,18,4.0,3.0,3.143426,14,125
23027,ds005280,sub-125,ds005280__sub-125,19,3.5,3.0,3.1439433,15,125
23028,ds005280,sub-125,ds005280__sub-125,20,4.0,3.0,3.127101,15,125
23029,ds005280,sub-126,ds005280__sub-126,0,3.0,3.75,3.5901966,0,126
23030,ds005280,sub-126,ds005280__sub-126,1,3.5,3.75,3.61137,0,126
23031,ds005280,sub-126,ds005280__sub-126,2,3.5,3.5,3.571204,0,126
23032,ds005280,sub-126,ds005280__sub-126,3,3.5,3.5,3.4664195,0,126
23033,ds005280,sub-126,ds005280__sub-126,4,3.0,3.5,3.354494,0,126
23034,ds005280,sub-126,ds005280__sub-126,5,3.0,3.0,3.1831725,1,126
23035,ds005280,sub-126,ds005280__sub-126,6,3.0,3.0,3.1112661,2,126
23036,ds005280,sub-126,ds005280__sub-126,7,3.0,3.0,3.1513882,3,126
23037,ds005280,sub-126,ds005280__sub-126,8,3.5,3.5,3.2601,0,126
23038,ds005280,sub-126,ds005280__sub-126,9,3.0,3.5,3.2396002,1,126
23039,ds005280,sub-126,ds005280__sub-126,10,3.5,3.5,3.3016052,0,126
23040,ds005280,sub-126,ds005280__sub-126,11,3.0,3.5,3.3546948,0,126
23041,ds005280,sub-126,ds005280__sub-126,12,3.5,3.5,3.432274,0,126
23042,ds005280,sub-126,ds005280__sub-126,13,3.0,3.5,3.4250987,1,126
23043,ds005280,sub-126,ds005280__sub-126,14,3.0,3.5,3.4127445,2,126
23044,ds005280,sub-126,ds005280__sub-126,15,3.5,3.5,3.4365993,3,126
23045,ds005280,sub-126,ds005280__sub-126,16,3.5,3.5,3.4214134,3,126
23046,ds005280,sub-126,ds005280__sub-126,17,3.0,3.0,3.3241901,4,126
23047,ds005280,sub-126,ds005280__sub-126,18,3.5,3.0,3.1825166,3,126
23048,ds005280,sub-126,ds005280__sub-126,19,3.5,3.5,3.367013,4,126
23049,ds005280,sub-126,ds005280__sub-126,20,3.0,3.0,3.073542,0,126
23050,ds005280,sub-126,ds005280__sub-126,21,3.0,2.0,2.7955582,0,126
23051,ds005280,sub-126,ds005280__sub-126,22,3.0,2.0,2.875434,1,126
23052,ds005280,sub-126,ds005280__sub-126,23,3.5,3.0,3.0787487,0,126
23053,ds005280,sub-126,ds005280__sub-126,24,3.0,3.0,3.0186424,1,126
23054,ds005280,sub-126,ds005280__sub-126,25,3.5,2.5,3.0001512,0,126
23055,ds005280,sub-127,ds005280__sub-127,0,3.5,3.5,3.4416904,0,127
23056,ds005280,sub-127,ds005280__sub-127,1,4.0,4.0,3.5641122,1,127
23057,ds005280,sub-127,ds005280__sub-127,2,4.0,4.0,3.5459938,2,127
23058,ds005280,sub-127,ds005280__sub-127,3,4.0,4.0,3.35039,3,127
23059,ds005280,sub-127,ds005280__sub-127,4,3.5,3.5,3.245663,4,127
23060,ds005280,sub-127,ds005280__sub-127,5,3.5,3.5,3.1285048,5,127
23061,ds005280,sub-127,ds005280__sub-127,6,3.5,3.5,3.1637647,6,127
23062,ds005280,sub-127,ds005280__sub-127,7,3.5,3.5,3.2221618,7,127
23063,ds005280,sub-127,ds005280__sub-127,8,4.0,4.0,3.3185973,8,127
23064,ds005280,sub-127,ds005280__sub-127,9,3.5,4.0,3.3424354,9,127
23065,ds005280,sub-127,ds005280__sub-127,10,4.0,4.0,3.4000149,10,127
23066,ds005280,sub-127,ds005280__sub-127,11,3.5,4.0,3.4121735,11,127
23067,ds005280,sub-127,ds005280__sub-127,12,4.0,4.0,3.465219,12,127
23068,ds005280,sub-127,ds005280__sub-127,13,3.5,4.0,3.45278,13,127
23069,ds005280,sub-127,ds005280__sub-127,14,3.5,4.0,3.472893,2,127
23070,ds005280,sub-127,ds005280__sub-127,15,4.0,4.0,3.4909704,3,127
23071,ds005280,sub-127,ds005280__sub-127,16,4.0,4.0,3.508477,4,127
23072,ds005280,sub-127,ds005280__sub-127,17,3.5,4.0,3.4650056,14,127
23073,ds005280,sub-127,ds005280__sub-127,18,4.0,4.0,3.3975239,15,127
23074,ds005280,sub-127,ds005280__sub-127,19,4.0,4.0,3.3901706,12,127
23075,ds005280,sub-127,ds005280__sub-127,20,3.5,4.0,3.2736533,11,127
23076,ds005280,sub-127,ds005280__sub-127,21,3.5,4.0,3.367468,12,127
23077,ds005280,sub-127,ds005280__sub-127,22,3.5,4.0,3.4439864,0,127
23078,ds005280,sub-127,ds005280__sub-127,23,3.5,4.0,3.4503214,1,127
23079,ds005280,sub-127,ds005280__sub-127,24,4.0,4.0,3.480719,2,127
23080,ds005280,sub-127,ds005280__sub-127,25,3.5,4.0,3.493124,3,127
23081,ds005280,sub-127,ds005280__sub-127,26,4.0,4.0,3.5114503,2,127
23082,ds005280,sub-127,ds005280__sub-127,27,4.0,4.0,3.5165324,5,127
23083,ds005280,sub-128,ds005280__sub-128,0,3.5,3.75,3.5609925,0,128
23084,ds005280,sub-128,ds005280__sub-128,1,4.0,3.75,3.6567252,0,128
23085,ds005280,sub-128,ds005280__sub-128,2,4.0,4.0,3.7179668,0,128
23086,ds005280,sub-128,ds005280__sub-128,3,4.0,4.0,3.7201214,0,128
23087,ds005280,sub-128,ds005280__sub-128,4,4.0,4.0,3.6427524,0,128
23088,ds005280,sub-128,ds005280__sub-128,5,3.5,3.5,3.583056,1,128
23089,ds005280,sub-128,ds005280__sub-128,6,3.5,3.5,3.5390823,2,128
23090,ds005280,sub-128,ds005280__sub-128,7,3.5,3.5,3.5259154,0,128
23091,ds005280,sub-128,ds005280__sub-128,8,3.5,3.5,3.4881904,0,128
23092,ds005280,sub-128,ds005280__sub-128,9,4.0,3.5,3.510362,0,128
23093,ds005280,sub-128,ds005280__sub-128,10,3.5,3.5,3.5042512,1,128
23094,ds005280,sub-128,ds005280__sub-128,11,4.0,3.5,3.538271,0,128
23095,ds005280,sub-128,ds005280__sub-128,12,3.5,3.5,3.5551167,0,128
23096,ds005280,sub-128,ds005280__sub-128,13,4.0,3.5,3.5665007,1,128
23097,ds005280,sub-128,ds005280__sub-128,14,3.5,3.5,3.5708709,0,128
23098,ds005280,sub-128,ds005280__sub-128,15,3.5,3.5,3.5763578,1,128
23099,ds005280,sub-128,ds005280__sub-128,16,4.0,3.5,3.5612993,2,128
23100,ds005280,sub-128,ds005280__sub-128,17,4.0,3.5,3.5551395,3,128
23101,ds005280,sub-128,ds005280__sub-128,18,3.5,3.5,3.5423186,4,128
23102,ds005280,sub-128,ds005280__sub-128,19,4.0,3.5,3.5479162,2,128
23103,ds005280,sub-128,ds005280__sub-128,20,4.0,3.5,3.3926363,3,128
23104,ds005280,sub-128,ds005280__sub-128,21,3.5,3.0,3.2003713,4,128
23105,ds005280,sub-128,ds005280__sub-128,22,3.5,3.5,3.4990706,5,128
23106,ds005280,sub-128,ds005280__sub-128,23,3.5,3.5,3.4311752,2,128
23107,ds005280,sub-128,ds005280__sub-128,24,3.5,3.5,3.358439,3,128
23108,ds005280,sub-128,ds005280__sub-128,25,4.0,3.5,3.399619,0,128
23109,ds005280,sub-128,ds005280__sub-128,26,3.5,3.5,3.4540339,1,128
23110,ds005280,sub-128,ds005280__sub-128,27,4.0,3.5,3.4962397,0,128
23111,ds005280,sub-128,ds005280__sub-128,28,4.0,3.5,3.4729092,1,128
23112,ds005280,sub-128,ds005280__sub-128,29,4.0,3.5,3.532886,2,128
23113,ds005280,sub-129,ds005280__sub-129,0,3.5,3.75,3.5225496,0,129
23114,ds005280,sub-129,ds005280__sub-129,1,4.0,3.75,3.5975451,1,129
23115,ds005280,sub-129,ds005280__sub-129,2,4.0,4.0,3.7334769,2,129
23116,ds005280,sub-129,ds005280__sub-129,3,4.0,4.0,3.393703,3,129
23117,ds005280,sub-129,ds005280__sub-129,4,4.0,4.0,3.1525605,4,129
23118,ds005280,sub-129,ds005280__sub-129,5,3.5,2.0,3.0426755,5,129
23119,ds005280,sub-129,ds005280__sub-129,6,3.5,2.0,2.9954505,6,129
23120,ds005280,sub-129,ds005280__sub-129,7,3.5,2.0,2.98908,7,129
23121,ds005280,sub-129,ds005280__sub-129,8,3.5,2.0,2.9987423,8,129
23122,ds005280,sub-129,ds005280__sub-129,9,4.0,2.0,3.0267591,9,129
23123,ds005280,sub-129,ds005280__sub-129,10,3.5,2.0,3.0402665,10,129
23124,ds005280,sub-129,ds005280__sub-129,11,4.0,2.0,3.0520144,11,129
23125,ds005280,sub-129,ds005280__sub-129,12,3.5,2.0,3.07417,12,129
23126,ds005280,sub-129,ds005280__sub-129,13,4.0,2.0,3.0934658,13,129
23127,ds005280,sub-129,ds005280__sub-129,14,3.5,2.5,3.1153135,14,129
23128,ds005280,sub-129,ds005280__sub-129,15,3.5,2.5,3.1367083,15,129
23129,ds005280,sub-129,ds005280__sub-129,16,4.0,2.5,3.1309764,14,129
23130,ds005280,sub-129,ds005280__sub-129,17,4.0,2.5,3.159927,15,129
23131,ds005280,sub-129,ds005280__sub-129,18,3.5,2.5,3.1779861,15,129
23132,ds005280,sub-129,ds005280__sub-129,19,4.0,2.5,3.1792998,15,129
23133,ds005280,sub-129,ds005280__sub-129,20,4.0,2.5,3.183386,15,129
23134,ds005280,sub-129,ds005280__sub-129,21,3.5,2.5,3.1800466,15,129
23135,ds005280,sub-129,ds005280__sub-129,22,3.5,2.5,3.1830318,15,129
23136,ds005280,sub-129,ds005280__sub-129,23,3.5,2.5,3.1820145,15,129
23137,ds005280,sub-129,ds005280__sub-129,24,3.5,2.5,3.1829576,15,129
23138,ds005280,sub-129,ds005280__sub-129,25,4.0,2.5,3.1552105,12,129
23139,ds005280,sub-129,ds005280__sub-129,26,3.5,2.5,3.1256018,15,129
23140,ds005280,sub-129,ds005280__sub-129,27,4.0,2.5,3.122395,15,129
23141,ds005280,sub-129,ds005280__sub-129,28,4.0,2.5,3.108098,15,129
23142,ds005280,sub-129,ds005280__sub-129,29,4.0,2.5,3.106633,14,129
23143,ds005280,sub-130,ds005280__sub-130,0,3.0,3.0,3.483644,0,130
23144,ds005280,sub-130,ds005280__sub-130,1,3.5,3.75,3.5498145,0,130
23145,ds005280,sub-130,ds005280__sub-130,2,3.5,4.0,3.5516462,1,130
23146,ds005280,sub-130,ds005280__sub-130,3,3.5,3.5,3.5204096,3,130
23147,ds005280,sub-130,ds005280__sub-130,4,3.0,3.5,3.4569654,4,130
23148,ds005280,sub-130,ds005280__sub-130,5,3.0,3.5,3.3879566,4,130
23149,ds005280,sub-130,ds005280__sub-130,6,3.0,3.5,3.3811808,5,130
23150,ds005280,sub-130,ds005280__sub-130,7,3.0,3.5,3.3724587,6,130
23151,ds005280,sub-130,ds005280__sub-130,8,3.5,3.5,3.3917816,7,130
23152,ds005280,sub-130,ds005280__sub-130,9,3.0,3.5,3.3979187,8,130
23153,ds005280,sub-130,ds005280__sub-130,10,3.5,3.5,3.4063363,9,130
23154,ds005280,sub-130,ds005280__sub-130,11,3.0,3.5,3.4010415,10,130
23155,ds005280,sub-130,ds005280__sub-130,12,3.5,3.5,3.413333,11,130
23156,ds005280,sub-130,ds005280__sub-130,13,3.0,3.5,3.4258125,12,130
23157,ds005280,sub-130,ds005280__sub-130,14,3.0,3.5,3.421146,13,130
23158,ds005280,sub-130,ds005280__sub-130,15,3.5,3.5,3.411061,14,130
23159,ds005280,sub-130,ds005280__sub-130,16,3.5,3.5,3.3982182,14,130
23160,ds005280,sub-130,ds005280__sub-130,17,3.0,3.5,3.3957365,13,130
23161,ds005280,sub-130,ds005280__sub-130,18,3.5,3.5,3.3814628,14,130
23162,ds005280,sub-130,ds005280__sub-130,19,3.5,3.5,3.3429964,9,130
23163,ds005280,sub-130,ds005280__sub-130,20,3.0,3.5,3.3609166,10,130
23164,ds005280,sub-130,ds005280__sub-130,21,3.0,3.5,3.3810163,11,130
23165,ds005280,sub-130,ds005280__sub-130,22,3.0,3.5,3.3708153,12,130
23166,ds005280,sub-130,ds005280__sub-130,23,3.5,3.5,3.3746033,13,130
23167,ds005280,sub-130,ds005280__sub-130,24,3.0,3.5,3.40069,14,130
23168,ds005280,sub-130,ds005280__sub-130,25,3.5,3.5,3.409924,11,130
23169,ds005280,sub-130,ds005280__sub-130,26,3.5,3.5,3.4146948,12,130
23170,ds005280,sub-130,ds005280__sub-130,27,3.5,3.5,3.402133,13,130
23171,ds005280,sub-131,ds005280__sub-131,0,3.5,3.5,3.4511003,0,131
23172,ds005280,sub-131,ds005280__sub-131,1,4.0,4.0,3.715352,0,131
23173,ds005280,sub-131,ds005280__sub-131,2,4.0,4.0,3.632835,1,131
23174,ds005280,sub-131,ds005280__sub-131,3,4.0,2.25,3.192545,2,131
23175,ds005280,sub-131,ds005280__sub-131,4,4.0,2.25,2.7239568,3,131
23176,ds005280,sub-131,ds005280__sub-131,5,3.5,2.25,2.6600466,4,131
23177,ds005280,sub-131,ds005280__sub-131,6,3.5,2.25,2.5230432,5,131
23178,ds005280,sub-131,ds005280__sub-131,7,3.5,2.0,2.4377797,6,131
23179,ds005280,sub-131,ds005280__sub-131,8,3.5,2.0,2.4164882,0,131
23180,ds005280,sub-131,ds005280__sub-131,9,4.0,2.5,2.5873675,0,131
23181,ds005280,sub-131,ds005280__sub-131,10,3.5,2.5,2.9259002,0,131
23182,ds005280,sub-131,ds005280__sub-131,11,4.0,2.5,3.0800443,1,131
23183,ds005280,sub-131,ds005280__sub-131,12,3.5,2.5,3.0969882,2,131
23184,ds005280,sub-131,ds005280__sub-131,13,4.0,4.0,3.479064,0,131
23185,ds005280,sub-131,ds005280__sub-131,14,3.5,4.0,3.4330506,1,131
23186,ds005280,sub-131,ds005280__sub-131,15,3.5,4.0,3.3885374,2,131
23187,ds005280,sub-131,ds005280__sub-131,16,4.0,2.5,3.1447363,3,131
23188,ds005280,sub-131,ds005280__sub-131,17,4.0,4.0,3.3501594,4,131
23189,ds005280,sub-131,ds005280__sub-131,18,3.5,4.0,3.2241397,5,131
23190,ds005280,sub-131,ds005280__sub-131,19,4.0,4.0,3.2983727,0,131
23191,ds005280,sub-131,ds005280__sub-131,20,4.0,4.0,3.2709744,1,131
23192,ds005280,sub-131,ds005280__sub-131,21,3.5,4.0,3.3734431,0,131
23193,ds005280,sub-131,ds005280__sub-131,22,3.5,4.0,3.3308494,1,131
23194,ds005280,sub-131,ds005280__sub-131,23,3.5,2.5,3.117774,0,131
23195,ds005280,sub-131,ds005280__sub-131,24,3.5,2.5,3.1267076,0,131
23196,ds005280,sub-131,ds005280__sub-131,25,4.0,4.0,3.47583,4,131
23197,ds005280,sub-131,ds005280__sub-131,26,3.5,4.5,3.369803,5,131
23198,ds005280,sub-131,ds005280__sub-131,27,4.0,2.5,3.1960616,6,131
23199,ds005280,sub-131,ds005280__sub-131,28,4.0,2.5,2.902708,0,131
23200,ds005280,sub-131,ds005280__sub-131,29,4.0,2.5,2.787624,1,131
23201,ds005280,sub-132,ds005280__sub-132,0,3.5,3.75,3.3755417,0,132
23202,ds005280,sub-132,ds005280__sub-132,1,4.0,3.75,3.4496927,1,132
23203,ds005280,sub-132,ds005280__sub-132,2,4.0,4.0,3.29779,2,132
23204,ds005280,sub-132,ds005280__sub-132,3,4.0,4.0,3.199442,3,132
23205,ds005280,sub-132,ds005280__sub-132,4,4.0,4.0,3.11932,4,132
23206,ds005280,sub-132,ds005280__sub-132,5,3.5,4.0,3.1107945,5,132
23207,ds005280,sub-132,ds005280__sub-132,6,3.5,4.0,3.101191,6,132
23208,ds005280,sub-132,ds005280__sub-132,7,3.5,3.5,3.1073575,7,132
23209,ds005280,sub-132,ds005280__sub-132,8,3.5,3.5,3.1213288,8,132
23210,ds005280,sub-132,ds005280__sub-132,9,4.0,3.5,3.1269817,9,132
23211,ds005280,sub-132,ds005280__sub-132,10,3.5,3.5,3.1246893,10,132
23212,ds005280,sub-132,ds005280__sub-132,11,4.0,3.5,3.1301544,11,132
23213,ds005280,sub-132,ds005280__sub-132,12,3.5,2.5,3.13341,12,132
23214,ds005280,sub-132,ds005280__sub-132,13,4.0,2.5,3.1430273,13,132
23215,ds005280,sub-132,ds005280__sub-132,14,3.5,2.5,3.1457992,14,132
23216,ds005280,sub-132,ds005280__sub-132,15,3.5,2.5,3.1508796,15,132
23217,ds005280,sub-132,ds005280__sub-132,16,4.0,2.5,3.153016,15,132
23218,ds005280,sub-132,ds005280__sub-132,17,4.0,2.5,3.1548522,12,132
23219,ds005280,sub-132,ds005280__sub-132,18,3.5,2.5,3.145977,13,132
23220,ds005280,sub-132,ds005280__sub-132,19,4.0,2.5,3.1471114,14,132
23221,ds005280,sub-132,ds005280__sub-132,20,4.0,2.25,3.1402812,15,132
23222,ds005280,sub-132,ds005280__sub-132,21,3.5,2.5,3.1357803,15,132
23223,ds005280,sub-132,ds005280__sub-132,22,3.5,2.5,3.134964,15,132
23224,ds005280,sub-132,ds005280__sub-132,23,3.5,2.5,3.1245465,14,132
23225,ds005280,sub-132,ds005280__sub-132,24,3.5,2.5,3.130015,15,132
23226,ds005280,sub-132,ds005280__sub-132,25,4.0,2.5,3.1302156,15,132
23227,ds005280,sub-132,ds005280__sub-132,26,3.5,2.5,3.1277156,15,132
23228,ds005280,sub-132,ds005280__sub-132,27,4.0,2.5,3.133582,15,132
23229,ds005280,sub-132,ds005280__sub-132,28,4.0,2.5,3.133397,15,132
23230,ds005280,sub-132,ds005280__sub-132,29,4.0,2.5,3.1457543,15,132
23231,ds005280,sub-133,ds005280__sub-133,0,3.0,3.5,3.4150996,0,133
23232,ds005280,sub-133,ds005280__sub-133,1,3.5,4.0,3.7447488,0,133
23233,ds005280,sub-133,ds005280__sub-133,2,3.5,4.0,3.7258644,0,133
23234,ds005280,sub-133,ds005280__sub-133,3,3.5,4.0,3.7614036,0,133
23235,ds005280,sub-133,ds005280__sub-133,4,3.5,4.0,3.429737,1,133
23236,ds005280,sub-133,ds005280__sub-133,5,3.0,4.0,3.572266,0,133
23237,ds005280,sub-133,ds005280__sub-133,6,3.0,3.5,3.4801588,1,133
23238,ds005280,sub-133,ds005280__sub-133,7,3.0,3.5,3.5169072,0,133
23239,ds005280,sub-133,ds005280__sub-133,8,3.0,3.5,3.5445719,1,133
23240,ds005280,sub-133,ds005280__sub-133,9,3.5,3.5,3.592534,0,133
23241,ds005280,sub-133,ds005280__sub-133,10,3.0,4.0,3.630484,0,133
23242,ds005280,sub-133,ds005280__sub-133,11,3.5,4.0,3.6570644,0,133
23243,ds005280,sub-133,ds005280__sub-133,12,3.0,4.0,3.647867,1,133
23244,ds005280,sub-133,ds005280__sub-133,13,3.5,4.0,3.6704621,0,133
23245,ds005280,sub-133,ds005280__sub-133,14,3.0,4.0,3.6752543,1,133
23246,ds005280,sub-133,ds005280__sub-133,15,3.0,4.0,3.6842241,2,133
23247,ds005280,sub-133,ds005280__sub-133,16,3.5,4.0,3.6973753,1,133
23248,ds005280,sub-133,ds005280__sub-133,17,3.5,4.0,3.6989772,0,133
23249,ds005280,sub-133,ds005280__sub-133,18,3.0,4.0,3.7107475,0,133
23250,ds005280,sub-133,ds005280__sub-133,19,3.5,4.0,3.719117,0,133
23251,ds005280,sub-133,ds005280__sub-133,20,3.5,4.0,3.7163324,0,133
23252,ds005280,sub-133,ds005280__sub-133,21,3.0,4.0,3.7166488,1,133
23253,ds005280,sub-133,ds005280__sub-133,22,3.0,4.0,3.7154746,0,133
23254,ds005280,sub-133,ds005280__sub-133,23,3.0,4.0,3.7111962,1,133
23255,ds005280,sub-133,ds005280__sub-133,24,3.0,4.0,3.713013,2,133
23256,ds005280,sub-133,ds005280__sub-133,25,3.5,4.0,3.7118814,3,133
23257,ds005280,sub-133,ds005280__sub-133,26,3.0,4.0,3.7051544,1,133
23258,ds005280,sub-133,ds005280__sub-133,27,3.5,4.0,3.7072062,2,133
23259,ds005280,sub-133,ds005280__sub-133,28,3.5,4.0,3.7035785,0,133
23260,ds005280,sub-133,ds005280__sub-133,29,3.5,4.0,3.7002714,1,133
23261,ds005280,sub-134,ds005280__sub-134,0,3.5,3.75,3.4239995,0,134
23262,ds005280,sub-134,ds005280__sub-134,1,4.0,3.5,3.0459723,1,134
23263,ds005280,sub-134,ds005280__sub-134,2,4.0,2.0,2.8921492,1,134
23264,ds005280,sub-134,ds005280__sub-134,3,4.0,2.25,3.0110407,2,134
23265,ds005280,sub-134,ds005280__sub-134,4,4.0,2.25,2.9497004,3,134
23266,ds005280,sub-134,ds005280__sub-134,5,3.5,2.25,2.926814,4,134
23267,ds005280,sub-134,ds005280__sub-134,6,3.5,2.25,2.9461865,5,134
23268,ds005280,sub-134,ds005280__sub-134,7,3.5,2.25,2.9106581,6,134
23269,ds005280,sub-134,ds005280__sub-134,8,3.5,2.25,2.946309,7,134
23270,ds005280,sub-134,ds005280__sub-134,9,4.0,2.25,2.943481,8,134
23271,ds005280,sub-134,ds005280__sub-134,10,3.5,2.25,2.9926817,9,134
23272,ds005280,sub-134,ds005280__sub-134,11,4.0,2.0,3.0014114,10,134
23273,ds005280,sub-134,ds005280__sub-134,12,3.5,2.25,3.0234728,11,134
23274,ds005280,sub-134,ds005280__sub-134,13,4.0,2.0,3.045568,12,134
23275,ds005280,sub-134,ds005280__sub-134,14,3.5,2.0,3.0650067,13,134
23276,ds005280,sub-134,ds005280__sub-134,15,3.5,2.0,3.0717251,14,134
23277,ds005280,sub-134,ds005280__sub-134,16,4.0,2.25,3.070313,15,134
23278,ds005280,sub-134,ds005280__sub-134,17,4.0,2.25,3.0519404,10,134
23279,ds005280,sub-134,ds005280__sub-134,18,3.5,2.0,3.0579286,14,134
23280,ds005280,sub-134,ds005280__sub-134,19,4.0,2.0,3.0637062,15,134
23281,ds005280,sub-134,ds005280__sub-134,20,4.0,2.25,3.0873055,15,134
23282,ds005280,sub-134,ds005280__sub-134,21,3.5,3.0,3.0908544,15,134
23283,ds005280,sub-134,ds005280__sub-134,22,3.5,3.0,3.0954037,6,134
23284,ds005280,sub-134,ds005280__sub-134,23,3.5,2.0,3.0935192,7,134
23285,ds005280,sub-134,ds005280__sub-134,24,3.5,2.0,3.1160526,8,134
23286,ds005280,sub-134,ds005280__sub-134,25,4.0,2.0,3.1118946,9,134
23287,ds005280,sub-134,ds005280__sub-134,26,3.5,2.0,3.110123,10,134
23288,ds005280,sub-134,ds005280__sub-134,27,4.0,2.0,3.1069417,2,134
23289,ds005280,sub-134,ds005280__sub-134,28,4.0,2.0,3.10104,3,134
23290,ds005280,sub-134,ds005280__sub-134,29,4.0,2.0,3.0910242,13,134
23291,ds005280,sub-135,ds005280__sub-135,0,3.0,3.75,3.635415,0,135
23292,ds005280,sub-135,ds005280__sub-135,1,3.5,4.0,3.6525764,1,135
23293,ds005280,sub-135,ds005280__sub-135,2,3.5,4.0,3.6228657,2,135
23294,ds005280,sub-135,ds005280__sub-135,3,3.5,4.0,3.51891,3,135
23295,ds005280,sub-135,ds005280__sub-135,4,3.5,4.0,3.4246883,4,135
23296,ds005280,sub-135,ds005280__sub-135,5,3.0,3.5,3.3665712,5,135
23297,ds005280,sub-135,ds005280__sub-135,6,3.0,3.5,3.3195486,6,135
23298,ds005280,sub-135,ds005280__sub-135,7,3.0,3.5,3.3386538,7,135
23299,ds005280,sub-135,ds005280__sub-135,8,3.0,3.5,3.3243542,8,135
23300,ds005280,sub-135,ds005280__sub-135,9,3.5,3.5,3.346942,9,135
23301,ds005280,sub-135,ds005280__sub-135,10,3.0,3.5,3.3458433,10,135
23302,ds005280,sub-135,ds005280__sub-135,11,3.5,3.5,3.3613784,11,135
23303,ds005280,sub-135,ds005280__sub-135,12,3.0,3.5,3.370541,12,135
23304,ds005280,sub-135,ds005280__sub-135,13,3.5,3.5,3.3869739,13,135
23305,ds005280,sub-135,ds005280__sub-135,14,3.0,3.5,3.3978732,14,135
23306,ds005280,sub-135,ds005280__sub-135,15,3.0,4.0,3.4031494,15,135
23307,ds005280,sub-135,ds005280__sub-135,16,3.5,3.5,3.4276457,15,135
23308,ds005280,sub-135,ds005280__sub-135,17,3.5,3.5,3.3819404,14,135
23309,ds005280,sub-135,ds005280__sub-135,18,3.0,3.5,3.3336189,14,135
23310,ds005280,sub-135,ds005280__sub-135,19,3.5,4.0,3.3598483,14,135
23311,ds005280,sub-135,ds005280__sub-135,20,3.5,4.0,3.4376578,15,135
23312,ds005280,sub-135,ds005280__sub-135,21,3.0,4.0,3.4490414,15,135
23313,ds005280,sub-135,ds005280__sub-135,22,3.0,4.0,3.4710755,14,135
23314,ds005280,sub-135,ds005280__sub-135,23,3.0,4.0,3.4284077,15,135
23315,ds005280,sub-135,ds005280__sub-135,24,3.0,3.5,3.3799474,15,135
23316,ds005280,sub-135,ds005280__sub-135,25,3.5,3.5,3.345282,15,135
23317,ds005280,sub-135,ds005280__sub-135,26,3.0,3.5,3.3432136,14,135
23318,ds005280,sub-135,ds005280__sub-135,27,3.5,3.5,3.2950397,14,135
23319,ds005280,sub-135,ds005280__sub-135,28,3.5,3.5,3.2728524,15,135
23320,ds005280,sub-135,ds005280__sub-135,29,3.5,3.5,3.2634254,15,135
23321,ds005280,sub-136,ds005280__sub-136,0,3.5,3.75,3.6512992,0,136
23322,ds005280,sub-136,ds005280__sub-136,1,3.5,3.75,3.5959973,0,136
23323,ds005280,sub-136,ds005280__sub-136,2,3.0,2.25,2.7354128,1,136
23324,ds005280,sub-136,ds005280__sub-136,3,3.0,2.5,2.629743,2,136
23325,ds005280,sub-136,ds005280__sub-136,4,3.0,2.5,2.7586079,3,136
23326,ds005280,sub-136,ds005280__sub-136,5,3.0,2.5,2.8241215,4,136
23327,ds005280,sub-136,ds005280__sub-136,6,3.5,2.5,2.9289088,5,136
23328,ds005280,sub-136,ds005280__sub-136,7,3.0,2.5,2.9234202,6,136
23329,ds005280,sub-136,ds005280__sub-136,8,3.5,2.5,3.0400887,5,136
23330,ds005280,sub-136,ds005280__sub-136,9,3.0,2.5,3.0652182,6,136
23331,ds005280,sub-136,ds005280__sub-136,10,3.5,2.5,3.081813,7,136
23332,ds005280,sub-136,ds005280__sub-136,11,3.0,2.5,3.1263096,8,136
23333,ds005280,sub-136,ds005280__sub-136,12,3.5,4.0,3.1839833,9,136
23334,ds005280,sub-136,ds005280__sub-136,13,3.5,4.0,3.1704679,10,136
23335,ds005280,sub-136,ds005280__sub-136,14,3.0,4.0,3.1836214,11,136
23336,ds005280,sub-136,ds005280__sub-136,15,3.5,4.0,3.1954274,12,136
23337,ds005280,sub-136,ds005280__sub-136,16,3.5,4.0,3.2029705,13,136
23338,ds005280,sub-136,ds005280__sub-136,17,3.0,4.0,3.2231863,14,136
23339,ds005280,sub-136,ds005280__sub-136,18,3.0,4.0,3.242339,15,136
23340,ds005280,sub-136,ds005280__sub-136,19,3.0,4.0,3.2896705,15,136
23341,ds005280,sub-136,ds005280__sub-136,20,3.0,2.5,3.220358,14,136
23342,ds005280,sub-136,ds005280__sub-136,21,3.5,2.5,3.2383528,14,136
23343,ds005280,sub-136,ds005280__sub-136,22,3.0,2.5,3.2135491,15,136
23344,ds005280,sub-136,ds005280__sub-136,23,3.5,4.0,3.3812366,14,136
23345,ds005280,sub-136,ds005280__sub-136,24,3.5,4.0,3.3787012,15,136
23346,ds005280,sub-136,ds005280__sub-136,25,3.5,4.0,3.3071282,15,136
23347,ds005280,sub-137,ds005280__sub-137,0,3.0,3.75,3.692416,0,137
23348,ds005280,sub-137,ds005280__sub-137,1,3.5,4.0,3.6465366,0,137
23349,ds005280,sub-137,ds005280__sub-137,2,3.5,2.25,3.1057281,1,137
23350,ds005280,sub-137,ds005280__sub-137,3,3.5,2.25,3.0694928,2,137
23351,ds005280,sub-137,ds005280__sub-137,4,3.0,2.25,3.2179723,3,137
23352,ds005280,sub-137,ds005280__sub-137,5,3.0,2.25,3.3098018,5,137
23353,ds005280,sub-137,ds005280__sub-137,6,3.0,2.25,3.2969863,5,137
23354,ds005280,sub-137,ds005280__sub-137,7,3.0,3.0,3.1639955,0,137
23355,ds005280,sub-137,ds005280__sub-137,8,3.5,3.0,3.21488,0,137
23356,ds005280,sub-137,ds005280__sub-137,9,3.0,3.5,3.3411193,0,137
23357,ds005280,sub-137,ds005280__sub-137,10,3.0,3.5,3.3367724,0,137
23358,ds005280,sub-137,ds005280__sub-137,11,3.5,3.0,3.085175,0,137
23359,ds005280,sub-137,ds005280__sub-137,12,3.0,3.0,3.189634,1,137
23360,ds005280,sub-137,ds005280__sub-137,13,3.0,3.0,3.249539,1,137
23361,ds005280,sub-137,ds005280__sub-137,14,3.5,3.5,3.2818427,3,137
23362,ds005280,sub-137,ds005280__sub-137,15,3.5,3.5,3.2203183,3,137
23363,ds005280,sub-137,ds005280__sub-137,16,3.0,3.0,3.1372395,2,137
23364,ds005280,sub-137,ds005280__sub-137,17,3.5,3.0,3.2978594,3,137
23365,ds005280,sub-137,ds005280__sub-137,18,3.5,3.5,3.3884668,1,137
23366,ds005280,sub-137,ds005280__sub-137,19,3.0,3.5,3.3136816,2,137
23367,ds005280,sub-137,ds005280__sub-137,20,3.0,3.0,3.3202543,3,137
23368,ds005280,sub-137,ds005280__sub-137,21,3.0,3.0,3.2927122,0,137
23369,ds005280,sub-137,ds005280__sub-137,22,3.0,3.0,3.2927678,1,137
23370,ds005280,sub-137,ds005280__sub-137,23,3.5,3.0,3.2464626,2,137
23371,ds005280,sub-137,ds005280__sub-137,24,3.0,3.0,3.2491903,0,137
23372,ds005280,sub-137,ds005280__sub-137,25,3.5,3.0,3.1812234,0,137
23373,ds005280,sub-137,ds005280__sub-137,26,3.5,3.0,3.1767542,1,137
23374,ds005280,sub-137,ds005280__sub-137,27,3.5,3.0,3.0445414,0,137
23375,ds005280,sub-138,ds005280__sub-138,0,3.5,3.75,3.556694,0,138
23376,ds005280,sub-138,ds005280__sub-138,1,4.0,4.0,3.556532,1,138
23377,ds005280,sub-138,ds005280__sub-138,2,4.0,4.0,3.3807886,2,138
23378,ds005280,sub-138,ds005280__sub-138,3,3.5,3.5,3.158658,3,138
23379,ds005280,sub-138,ds005280__sub-138,4,3.5,3.0,3.1069827,4,138
23380,ds005280,sub-138,ds005280__sub-138,5,3.5,3.0,3.1015325,5,138
23381,ds005280,sub-138,ds005280__sub-138,6,3.5,3.0,3.1068594,6,138
23382,ds005280,sub-138,ds005280__sub-138,7,4.0,3.0,3.102323,7,138
23383,ds005280,sub-138,ds005280__sub-138,8,3.5,3.0,3.1143813,8,138
23384,ds005280,sub-138,ds005280__sub-138,9,4.0,3.0,3.1237755,9,138
23385,ds005280,sub-138,ds005280__sub-138,10,3.5,3.0,3.1292973,10,138
23386,ds005280,sub-138,ds005280__sub-138,11,4.0,3.0,3.1436827,11,138
23387,ds005280,sub-138,ds005280__sub-138,12,3.5,3.0,3.152746,12,138
23388,ds005280,sub-138,ds005280__sub-138,13,3.5,3.0,3.1644764,13,138
23389,ds005280,sub-138,ds005280__sub-138,14,4.0,3.0,3.1799483,14,138
23390,ds005280,sub-138,ds005280__sub-138,15,4.0,3.0,3.1930983,15,138
23391,ds005280,sub-138,ds005280__sub-138,16,3.5,4.5,3.1920595,15,138
23392,ds005280,sub-138,ds005280__sub-138,17,4.0,4.5,3.1869931,15,138
23393,ds005280,sub-138,ds005280__sub-138,18,3.5,2.5,3.1693504,15,138
23394,ds005280,sub-138,ds005280__sub-138,19,3.5,4.5,3.1903148,15,138
23395,ds005280,sub-138,ds005280__sub-138,20,3.5,4.5,3.2150216,15,138
23396,ds005280,sub-138,ds005280__sub-138,21,4.0,4.5,3.1876373,15,138
23397,ds005280,sub-138,ds005280__sub-138,22,3.5,4.5,3.2043283,15,138
23398,ds005280,sub-138,ds005280__sub-138,23,4.0,4.5,3.1887884,14,138
23399,ds005280,sub-138,ds005280__sub-138,24,4.0,2.5,3.172792,15,138
23400,ds005280,sub-138,ds005280__sub-138,25,4.0,2.5,3.161899,15,138
23401,ds005280,sub-139,ds005280__sub-139,0,3.5,3.5,3.5601401,0,139
23402,ds005280,sub-139,ds005280__sub-139,1,4.0,4.0,3.7978306,1,139
23403,ds005280,sub-139,ds005280__sub-139,2,4.0,4.0,3.638187,2,139
23404,ds005280,sub-139,ds005280__sub-139,3,4.0,4.0,3.6172206,3,139
23405,ds005280,sub-139,ds005280__sub-139,4,4.0,4.0,3.5816865,4,139
23406,ds005280,sub-139,ds005280__sub-139,5,3.5,4.0,3.524561,5,139
23407,ds005280,sub-139,ds005280__sub-139,6,3.5,4.0,3.4495335,6,139
23408,ds005280,sub-139,ds005280__sub-139,7,3.5,4.0,3.3945792,7,139
23409,ds005280,sub-139,ds005280__sub-139,8,3.5,4.0,3.385574,8,139
23410,ds005280,sub-139,ds005280__sub-139,9,4.0,4.0,3.3860378,9,139
23411,ds005280,sub-139,ds005280__sub-139,10,3.5,2.25,3.3460345,10,139
23412,ds005280,sub-139,ds005280__sub-139,11,4.0,2.25,3.3403974,11,139
23413,ds005280,sub-139,ds005280__sub-139,12,3.5,2.25,3.3669035,12,139
23414,ds005280,sub-139,ds005280__sub-139,13,4.0,2.25,3.3976371,13,139
23415,ds005280,sub-139,ds005280__sub-139,14,3.5,4.5,3.4609828,14,139
23416,ds005280,sub-139,ds005280__sub-139,15,3.5,4.5,3.4790783,14,139
23417,ds005280,sub-139,ds005280__sub-139,16,4.0,4.5,3.5162847,14,139
23418,ds005280,sub-139,ds005280__sub-139,17,3.5,4.5,3.6014264,15,139
23419,ds005280,sub-139,ds005280__sub-139,18,4.0,4.5,3.663722,15,139
23420,ds005280,sub-139,ds005280__sub-139,19,3.5,4.5,3.691177,15,139
23421,ds005280,sub-139,ds005280__sub-139,20,3.5,4.5,3.6743557,4,139
23422,ds005280,sub-139,ds005280__sub-139,21,3.5,4.5,3.6592398,14,139
23423,ds005280,sub-139,ds005280__sub-139,22,3.5,4.5,3.664948,15,139
23424,ds005280,sub-139,ds005280__sub-139,23,3.5,4.5,3.714744,7,139
23425,ds005280,sub-139,ds005280__sub-139,24,4.0,4.5,3.7064805,14,139
23426,ds005280,sub-139,ds005280__sub-139,25,4.0,4.5,3.535535,15,139
23427,ds005280,sub-140,ds005280__sub-140,0,3.0,3.75,3.6650162,0,140
23428,ds005280,sub-140,ds005280__sub-140,1,3.5,3.75,3.6699953,0,140
23429,ds005280,sub-140,ds005280__sub-140,2,3.5,3.75,3.140401,1,140
23430,ds005280,sub-140,ds005280__sub-140,3,3.5,3.5,3.5198245,0,140
23431,ds005280,sub-140,ds005280__sub-140,4,3.5,3.5,3.384263,3,140
23432,ds005280,sub-140,ds005280__sub-140,5,3.0,3.0,3.2837956,4,140
23433,ds005280,sub-140,ds005280__sub-140,6,3.0,3.0,3.2036393,5,140
23434,ds005280,sub-140,ds005280__sub-140,7,3.0,3.0,3.2206907,6,140
23435,ds005280,sub-140,ds005280__sub-140,8,3.0,3.0,3.235117,7,140
23436,ds005280,sub-140,ds005280__sub-140,9,3.5,3.0,3.274972,0,140
23437,ds005280,sub-140,ds005280__sub-140,10,3.0,3.0,3.2797034,1,140
23438,ds005280,sub-140,ds005280__sub-140,11,3.5,3.5,3.3759513,0,140
23439,ds005280,sub-140,ds005280__sub-140,12,3.5,3.5,3.4426131,1,140
23440,ds005280,sub-140,ds005280__sub-140,13,3.5,3.5,3.4552994,2,140
23441,ds005280,sub-140,ds005280__sub-140,14,3.0,3.5,3.4456449,0,140
23442,ds005280,sub-140,ds005280__sub-140,15,3.0,3.5,3.4518495,0,140
23443,ds005280,sub-140,ds005280__sub-140,16,3.0,3.5,3.444041,1,140
23444,ds005280,sub-140,ds005280__sub-140,17,3.0,3.5,3.4276009,2,140
23445,ds005280,sub-140,ds005280__sub-140,18,3.5,3.5,3.4690824,3,140
23446,ds005280,sub-141,ds005280__sub-141,0,3.5,3.75,3.6275983,0,141
23447,ds005280,sub-141,ds005280__sub-141,1,4.0,3.5,3.57561,1,141
23448,ds005280,sub-141,ds005280__sub-141,2,4.0,3.5,3.390994,2,141
23449,ds005280,sub-141,ds005280__sub-141,3,4.0,4.0,3.3036706,3,141
23450,ds005280,sub-141,ds005280__sub-141,4,4.0,3.5,3.273588,4,141
23451,ds005280,sub-141,ds005280__sub-141,5,3.5,3.5,3.219044,5,141
23452,ds005280,sub-141,ds005280__sub-141,6,3.5,3.5,3.190683,6,141
23453,ds005280,sub-141,ds005280__sub-141,7,3.5,3.5,3.2004356,7,141
23454,ds005280,sub-141,ds005280__sub-141,8,3.5,3.5,3.2738638,8,141
23455,ds005280,sub-141,ds005280__sub-141,9,4.0,3.5,3.3534894,9,141
23456,ds005280,sub-141,ds005280__sub-141,10,3.5,3.5,3.406042,10,141
23457,ds005280,sub-141,ds005280__sub-141,11,4.0,3.5,3.4252214,11,141
23458,ds005280,sub-141,ds005280__sub-141,12,3.5,3.5,3.4308538,12,141
23459,ds005280,sub-141,ds005280__sub-141,13,4.0,3.5,3.4298527,13,141
23460,ds005280,sub-141,ds005280__sub-141,14,3.5,3.5,3.3875299,14,141
23461,ds005280,sub-141,ds005280__sub-141,15,3.5,4.0,3.4469557,15,141
23462,ds005280,sub-141,ds005280__sub-141,16,4.0,4.0,3.324489,15,141
23463,ds005280,sub-141,ds005280__sub-141,17,4.0,4.0,3.3329706,15,141
23464,ds005280,sub-141,ds005280__sub-141,18,3.5,4.0,3.2210095,15,141
23465,ds005280,sub-141,ds005280__sub-141,19,4.0,4.0,3.3114295,0,141
23466,ds005280,sub-141,ds005280__sub-141,20,4.0,4.0,3.4050014,0,141
23467,ds005280,sub-141,ds005280__sub-141,21,3.5,4.0,3.4335995,0,141
23468,ds005280,sub-141,ds005280__sub-141,22,3.5,3.75,3.482952,0,141
23469,ds005280,sub-141,ds005280__sub-141,23,3.5,3.75,3.5406165,1,141
23470,ds005280,sub-141,ds005280__sub-141,24,3.5,3.75,3.5712547,0,141
23471,ds005280,sub-141,ds005280__sub-141,25,4.0,3.75,3.6780303,0,141
23472,ds005280,sub-141,ds005280__sub-141,26,4.0,4.5,3.790665,1,141
23473,ds005280,sub-141,ds005280__sub-141,27,4.0,4.5,3.8195143,2,141
23474,ds005280,sub-142,ds005280__sub-142,0,3.5,3.75,3.6570325,0,142
23475,ds005280,sub-142,ds005280__sub-142,1,4.0,4.0,3.7679057,1,142
23476,ds005280,sub-142,ds005280__sub-142,2,4.0,4.0,3.716661,2,142
23477,ds005280,sub-142,ds005280__sub-142,3,4.0,4.0,3.4418845,3,142
23478,ds005280,sub-142,ds005280__sub-142,4,3.5,4.0,3.2014954,4,142
23479,ds005280,sub-142,ds005280__sub-142,5,3.5,4.0,3.0898366,5,142
23480,ds005280,sub-142,ds005280__sub-142,6,3.5,3.0,3.0460162,6,142
23481,ds005280,sub-142,ds005280__sub-142,7,3.5,3.0,3.041026,7,142
23482,ds005280,sub-142,ds005280__sub-142,8,4.0,3.0,3.0500393,8,142
23483,ds005280,sub-142,ds005280__sub-142,9,3.5,3.0,3.0784378,9,142
23484,ds005280,sub-142,ds005280__sub-142,10,4.0,3.0,3.0890932,10,142
23485,ds005280,sub-142,ds005280__sub-142,11,3.5,3.0,3.104906,11,142
23486,ds005280,sub-142,ds005280__sub-142,12,4.0,3.0,3.1169355,12,142
23487,ds005280,sub-142,ds005280__sub-142,13,3.5,3.0,3.134113,13,142
23488,ds005280,sub-142,ds005280__sub-142,14,3.5,3.0,3.146328,14,142
23489,ds005280,sub-142,ds005280__sub-142,15,4.0,3.0,3.1566038,15,142
23490,ds005280,sub-142,ds005280__sub-142,16,4.0,3.0,3.1564894,15,142
23491,ds005280,sub-142,ds005280__sub-142,17,3.5,4.0,3.1746426,14,142
23492,ds005280,sub-142,ds005280__sub-142,18,4.0,4.0,3.197442,15,142
23493,ds005280,sub-142,ds005280__sub-142,19,4.0,2.5,3.2033257,15,142
23494,ds005280,sub-142,ds005280__sub-142,20,3.5,4.5,3.1980934,15,142
23495,ds005280,sub-142,ds005280__sub-142,21,3.5,4.5,3.213228,15,142
23496,ds005280,sub-142,ds005280__sub-142,22,3.5,4.5,3.2121987,15,142
23497,ds005280,sub-142,ds005280__sub-142,23,3.5,2.5,3.2087517,14,142
23498,ds005280,sub-142,ds005280__sub-142,24,4.0,4.0,3.2363665,15,142
23499,ds005280,sub-142,ds005280__sub-142,25,3.5,4.0,3.2182736,15,142
23500,ds005280,sub-142,ds005280__sub-142,26,4.0,4.0,3.2279265,14,142
23501,ds005280,sub-142,ds005280__sub-142,27,4.0,4.0,3.2161129,15,142
23502,ds005280,sub-142,ds005280__sub-142,28,4.0,4.5,3.240354,15,142
23503,ds005280,sub-143,ds005280__sub-143,0,3.5,3.75,3.3694377,0,143
23504,ds005280,sub-143,ds005280__sub-143,1,4.0,3.5,3.335525,1,143
23505,ds005280,sub-143,ds005280__sub-143,2,4.0,3.5,3.1853921,2,143
23506,ds005280,sub-143,ds005280__sub-143,3,4.0,2.25,3.0448585,3,143
23507,ds005280,sub-143,ds005280__sub-143,4,4.0,2.25,3.047707,4,143
23508,ds005280,sub-143,ds005280__sub-143,5,3.5,2.25,3.016274,5,143
23509,ds005280,sub-143,ds005280__sub-143,6,3.5,2.25,2.9872255,6,143
23510,ds005280,sub-143,ds005280__sub-143,7,3.5,2.25,2.9897323,7,143
23511,ds005280,sub-143,ds005280__sub-143,8,3.5,2.25,2.9847927,8,143
23512,ds005280,sub-143,ds005280__sub-143,9,4.0,2.25,2.9992664,9,143
23513,ds005280,sub-143,ds005280__sub-143,10,3.5,2.25,3.0213299,10,143
23514,ds005280,sub-143,ds005280__sub-143,11,4.0,3.0,3.0772233,11,143
23515,ds005280,sub-143,ds005280__sub-143,12,3.5,3.0,3.1140356,12,143
23516,ds005280,sub-143,ds005280__sub-143,13,4.0,3.0,3.136139,12,143
23517,ds005280,sub-143,ds005280__sub-143,14,3.5,3.0,3.146532,13,143
23518,ds005280,sub-143,ds005280__sub-143,15,3.5,3.0,3.1397157,12,143
23519,ds005280,sub-143,ds005280__sub-143,16,4.0,3.0,3.1511407,13,143
23520,ds005280,sub-143,ds005280__sub-143,17,4.0,3.0,3.1578038,12,143
23521,ds005280,sub-143,ds005280__sub-143,18,3.5,2.0,3.1375103,13,143
23522,ds005280,sub-143,ds005280__sub-143,19,4.0,2.0,3.1533904,13,143
23523,ds005280,sub-143,ds005280__sub-143,20,3.5,2.0,3.1449416,14,143
23524,ds005280,sub-143,ds005280__sub-143,21,3.5,2.0,3.1473389,15,143
23525,ds005280,sub-143,ds005280__sub-143,22,3.5,2.0,3.1423697,12,143
23526,ds005280,sub-143,ds005280__sub-143,23,3.5,2.0,3.1555,9,143
23527,ds005280,sub-143,ds005280__sub-143,24,4.0,2.0,3.1457694,8,143
23528,ds005280,sub-143,ds005280__sub-143,25,3.5,2.0,3.157747,9,143
23529,ds005280,sub-143,ds005280__sub-143,26,4.0,2.0,3.1705604,12,143
23530,ds005280,sub-143,ds005280__sub-143,27,4.0,4.5,3.207564,13,143
23531,ds005280,sub-143,ds005280__sub-143,28,4.0,4.5,3.2206502,12,143
23532,ds005280,sub-144,ds005280__sub-144,0,3.5,3.75,3.6183963,0,144
23533,ds005280,sub-144,ds005280__sub-144,1,4.0,3.5,3.5681338,0,144
23534,ds005280,sub-144,ds005280__sub-144,2,4.0,3.5,3.554172,1,144
23535,ds005280,sub-144,ds005280__sub-144,3,4.0,4.0,3.6236138,2,144
23536,ds005280,sub-144,ds005280__sub-144,4,4.0,4.0,3.6037676,3,144
23537,ds005280,sub-144,ds005280__sub-144,5,3.5,3.5,3.4946933,4,144
23538,ds005280,sub-144,ds005280__sub-144,6,3.5,3.5,3.4594302,4,144
23539,ds005280,sub-144,ds005280__sub-144,7,3.5,3.5,3.474243,5,144
23540,ds005280,sub-144,ds005280__sub-144,8,3.5,3.5,3.4716458,6,144
23541,ds005280,sub-144,ds005280__sub-144,9,4.0,3.5,3.4823036,3,144
23542,ds005280,sub-144,ds005280__sub-144,10,3.5,3.5,3.511277,4,144
23543,ds005280,sub-144,ds005280__sub-144,11,4.0,3.5,3.5311496,5,144
23544,ds005280,sub-144,ds005280__sub-144,12,3.5,3.5,3.5539846,6,144
23545,ds005280,sub-144,ds005280__sub-144,13,4.0,3.5,3.5637488,7,144
23546,ds005280,sub-144,ds005280__sub-144,14,3.5,3.5,3.5688941,8,144
23547,ds005280,sub-144,ds005280__sub-144,15,3.5,4.0,3.574916,9,144
23548,ds005280,sub-144,ds005280__sub-144,16,4.0,4.0,3.5908701,10,144
23549,ds005280,sub-144,ds005280__sub-144,17,4.0,4.0,3.6030483,0,144
23550,ds005280,sub-144,ds005280__sub-144,18,3.5,4.0,3.6054149,1,144
23551,ds005280,sub-144,ds005280__sub-144,19,4.0,4.0,3.5859616,0,144
23552,ds005280,sub-144,ds005280__sub-144,20,4.0,4.0,3.5490255,1,144
23553,ds005280,sub-144,ds005280__sub-144,21,3.5,4.0,3.5044484,0,144
23554,ds005280,sub-144,ds005280__sub-144,22,3.5,3.75,3.5478635,1,144
23555,ds005280,sub-144,ds005280__sub-144,23,3.5,3.75,3.570576,0,144
23556,ds005280,sub-144,ds005280__sub-144,24,3.5,4.0,3.496804,3,144
23557,ds005280,sub-144,ds005280__sub-144,25,4.0,4.0,3.5720615,0,144
23558,ds005280,sub-144,ds005280__sub-144,26,3.5,4.0,3.5807629,1,144
23559,ds005280,sub-144,ds005280__sub-144,27,4.0,4.0,3.6035564,0,144
23560,ds005280,sub-144,ds005280__sub-144,28,4.0,4.0,3.5927124,1,144
23561,ds005280,sub-144,ds005280__sub-144,29,4.0,4.0,3.6333885,2,144
23562,ds005280,sub-145,ds005280__sub-145,0,3.5,3.5,3.4140973,0,145
23563,ds005280,sub-145,ds005280__sub-145,1,4.0,4.0,3.7142968,0,145
23564,ds005280,sub-145,ds005280__sub-145,2,4.0,4.0,3.8175945,1,145
23565,ds005280,sub-145,ds005280__sub-145,3,4.0,4.0,3.4873435,3,145
23566,ds005280,sub-145,ds005280__sub-145,4,4.0,3.5,3.5585272,4,145
23567,ds005280,sub-145,ds005280__sub-145,5,3.5,3.5,3.396904,5,145
23568,ds005280,sub-145,ds005280__sub-145,6,3.5,3.5,3.2696757,6,145
23569,ds005280,sub-145,ds005280__sub-145,7,3.5,3.5,3.2853768,3,145
23570,ds005280,sub-145,ds005280__sub-145,8,3.5,3.0,3.3229146,4,145
23571,ds005280,sub-145,ds005280__sub-145,9,4.0,4.0,3.5757391,0,145
23572,ds005280,sub-145,ds005280__sub-145,10,3.5,4.0,3.520467,1,145
23573,ds005280,sub-145,ds005280__sub-145,11,4.0,4.0,3.43858,2,145
23574,ds005280,sub-145,ds005280__sub-145,12,3.5,4.0,3.3333368,3,145
23575,ds005280,sub-145,ds005280__sub-145,13,4.0,4.0,3.5411317,0,145
23576,ds005280,sub-145,ds005280__sub-145,14,3.5,4.0,3.5591905,1,145
23577,ds005280,sub-145,ds005280__sub-145,15,3.5,2.25,3.233849,2,145
23578,ds005280,sub-145,ds005280__sub-145,16,4.0,2.25,3.0385907,3,145
23579,ds005280,sub-145,ds005280__sub-145,17,4.0,2.25,3.2013412,0,145
23580,ds005280,sub-145,ds005280__sub-145,18,3.5,2.25,3.0356932,1,145
23581,ds005280,sub-145,ds005280__sub-145,19,4.0,4.5,3.8938944,0,145
23582,ds005280,sub-145,ds005280__sub-145,20,4.0,4.5,3.7274237,1,145
23583,ds005280,sub-145,ds005280__sub-145,21,3.5,2.25,3.2674987,2,145
23584,ds005280,sub-145,ds005280__sub-145,22,3.5,2.25,2.865058,1,145
23585,ds005280,sub-145,ds005280__sub-145,23,3.5,2.25,2.936695,0,145
23586,ds005280,sub-145,ds005280__sub-145,24,3.5,2.25,2.81954,0,145
23587,ds005280,sub-145,ds005280__sub-145,25,4.0,2.25,3.160425,0,145
23588,ds005280,sub-145,ds005280__sub-145,26,3.5,3.75,3.2057087,1,145
23589,ds005280,sub-145,ds005280__sub-145,27,4.0,3.75,3.6006944,0,145
23590,ds005280,sub-145,ds005280__sub-145,28,4.0,3.75,3.802417,1,145
23591,ds005280,sub-145,ds005280__sub-145,29,4.0,3.75,3.9672964,0,145
23592,ds005280,sub-146,ds005280__sub-146,0,3.0,3.75,3.5278955,0,146
23593,ds005280,sub-146,ds005280__sub-146,1,3.5,3.5,3.558067,1,146
23594,ds005280,sub-146,ds005280__sub-146,2,3.5,2.0,2.2974348,0,146
23595,ds005280,sub-146,ds005280__sub-146,3,3.5,3.5,3.1224096,3,146
23596,ds005280,sub-146,ds005280__sub-146,4,3.5,3.5,3.3768022,4,146
23597,ds005280,sub-146,ds005280__sub-146,5,3.0,3.0,3.3004727,4,146
23598,ds005280,sub-146,ds005280__sub-146,6,3.0,3.0,3.0497684,5,146
23599,ds005280,sub-146,ds005280__sub-146,7,3.0,3.0,3.0056047,6,146
23600,ds005280,sub-146,ds005280__sub-146,8,3.0,3.0,2.8436852,0,146
23601,ds005280,sub-146,ds005280__sub-146,9,3.5,3.0,2.9539344,1,146
23602,ds005280,sub-146,ds005280__sub-146,10,3.5,3.0,3.0298734,2,146
23603,ds005280,sub-146,ds005280__sub-146,11,3.0,3.0,3.0537488,0,146
23604,ds005280,sub-146,ds005280__sub-146,12,3.5,3.5,3.1229062,0,146
23605,ds005280,sub-146,ds005280__sub-146,13,3.0,3.0,3.0037463,0,146
23606,ds005280,sub-146,ds005280__sub-146,14,3.0,2.0,2.8783467,0,146
23607,ds005280,sub-146,ds005280__sub-146,15,3.5,2.0,2.8385398,1,146
23608,ds005280,sub-146,ds005280__sub-146,16,3.5,3.0,2.8908463,0,146
23609,ds005280,sub-146,ds005280__sub-146,17,3.0,2.0,2.4186025,0,146
23610,ds005280,sub-146,ds005280__sub-146,18,3.5,2.0,2.403235,1,146
23611,ds005280,sub-146,ds005280__sub-146,19,3.5,2.0,2.8963583,2,146
23612,ds005280,sub-146,ds005280__sub-146,20,3.0,3.0,2.9054787,3,146
23613,ds005280,sub-146,ds005280__sub-146,21,3.0,3.5,3.0034523,0,146
23614,ds005280,sub-146,ds005280__sub-146,22,3.0,3.0,3.0556731,15,146
23615,ds005280,sub-146,ds005280__sub-146,23,3.0,3.5,3.195354,0,146
23616,ds005280,sub-146,ds005280__sub-146,24,3.5,3.5,3.3866372,0,146
23617,ds005280,sub-146,ds005280__sub-146,25,3.0,3.5,3.515273,1,146
23618,ds005280,sub-146,ds005280__sub-146,26,3.5,3.5,3.5475183,2,146
23619,ds005280,sub-146,ds005280__sub-146,27,3.5,4.0,3.587992,3,146
23620,ds005280,sub-146,ds005280__sub-146,28,3.5,4.0,3.6271207,4,146
23621,ds005280,sub-147,ds005280__sub-147,0,3.5,3.75,3.369442,0,147
23622,ds005280,sub-147,ds005280__sub-147,1,4.0,4.0,3.2527547,1,147
23623,ds005280,sub-147,ds005280__sub-147,2,4.0,4.0,3.1375074,2,147
23624,ds005280,sub-147,ds005280__sub-147,3,4.0,2.0,3.0577025,3,147
23625,ds005280,sub-147,ds005280__sub-147,4,4.0,2.0,3.0320048,4,147
23626,ds005280,sub-147,ds005280__sub-147,5,3.5,2.0,3.0061963,5,147
23627,ds005280,sub-147,ds005280__sub-147,6,3.5,2.0,2.9779034,6,147
23628,ds005280,sub-147,ds005280__sub-147,7,3.5,2.0,2.9621134,7,147
23629,ds005280,sub-147,ds005280__sub-147,8,3.5,2.0,2.9547355,8,147
23630,ds005280,sub-147,ds005280__sub-147,9,4.0,2.0,2.9521723,9,147
23631,ds005280,sub-147,ds005280__sub-147,10,3.5,2.0,2.9618073,10,147
23632,ds005280,sub-147,ds005280__sub-147,11,4.0,2.0,2.9744618,11,147
23633,ds005280,sub-147,ds005280__sub-147,12,3.5,3.0,2.9953232,12,147
23634,ds005280,sub-147,ds005280__sub-147,13,4.0,3.0,3.0073743,13,147
23635,ds005280,sub-147,ds005280__sub-147,14,3.5,3.0,3.026412,14,147
23636,ds005280,sub-147,ds005280__sub-147,15,3.5,3.0,3.056274,15,147
23637,ds005280,sub-147,ds005280__sub-147,16,4.0,3.0,3.0724077,15,147
23638,ds005280,sub-147,ds005280__sub-147,17,4.0,3.0,3.0556135,15,147
23639,ds005280,sub-147,ds005280__sub-147,18,3.5,2.0,3.0482464,15,147
23640,ds005280,sub-147,ds005280__sub-147,19,4.0,2.0,3.056478,13,147
23641,ds005280,sub-147,ds005280__sub-147,20,3.5,2.0,3.0622487,14,147
23642,ds005280,sub-147,ds005280__sub-147,21,3.5,2.0,3.0729055,15,147
23643,ds005280,sub-147,ds005280__sub-147,22,3.5,2.0,3.0921774,15,147
23644,ds005280,sub-147,ds005280__sub-147,23,3.5,2.0,3.0832038,15,147
23645,ds005280,sub-147,ds005280__sub-147,24,4.0,2.0,3.073629,14,147
23646,ds005280,sub-147,ds005280__sub-147,25,3.5,2.0,3.069851,15,147
23647,ds005280,sub-147,ds005280__sub-147,26,4.0,2.0,3.0588465,14,147
23648,ds005280,sub-147,ds005280__sub-147,27,4.0,2.0,3.0416522,15,147
23649,ds005280,sub-147,ds005280__sub-147,28,4.0,2.0,3.0509317,14,147
23650,ds005280,sub-148,ds005280__sub-148,0,3.5,4.0,3.5545993,0,148
23651,ds005280,sub-148,ds005280__sub-148,1,4.0,4.0,3.9001527,1,148
23652,ds005280,sub-148,ds005280__sub-148,2,4.0,4.0,3.8707967,2,148
23653,ds005280,sub-148,ds005280__sub-148,3,4.0,4.0,3.778143,3,148
23654,ds005280,sub-148,ds005280__sub-148,4,4.0,4.0,3.719789,4,148
23655,ds005280,sub-148,ds005280__sub-148,5,3.5,3.5,3.6814573,5,148
23656,ds005280,sub-148,ds005280__sub-148,6,3.5,3.5,3.6574287,6,148
23657,ds005280,sub-148,ds005280__sub-148,7,3.5,3.5,3.646414,7,148
23658,ds005280,sub-148,ds005280__sub-148,8,3.5,3.5,3.649622,8,148
23659,ds005280,sub-148,ds005280__sub-148,9,4.0,3.5,3.6373112,9,148
23660,ds005280,sub-148,ds005280__sub-148,10,3.5,3.5,3.6218402,0,148
23661,ds005280,sub-148,ds005280__sub-148,11,4.0,3.5,3.6355345,0,148
23662,ds005280,sub-148,ds005280__sub-148,12,3.5,3.5,3.6470737,0,148
23663,ds005280,sub-148,ds005280__sub-148,13,4.0,3.5,3.6542282,0,148
23664,ds005280,sub-148,ds005280__sub-148,14,3.5,3.5,3.640241,1,148
23665,ds005280,sub-148,ds005280__sub-148,15,3.5,3.5,3.6357148,2,148
23666,ds005280,sub-148,ds005280__sub-148,16,4.0,3.5,3.6225886,0,148
23667,ds005280,sub-148,ds005280__sub-148,17,4.0,3.5,3.6125708,1,148
23668,ds005280,sub-148,ds005280__sub-148,18,3.5,3.5,3.5758228,2,148
23669,ds005280,sub-148,ds005280__sub-148,19,4.0,3.5,3.553588,3,148
23670,ds005280,sub-148,ds005280__sub-148,20,4.0,3.5,3.518805,6,148
23671,ds005280,sub-148,ds005280__sub-148,21,3.5,3.5,3.4817705,7,148
23672,ds005280,sub-148,ds005280__sub-148,22,3.5,3.5,3.491127,0,148
23673,ds005280,sub-148,ds005280__sub-148,23,3.5,3.5,3.512837,1,148
23674,ds005280,sub-148,ds005280__sub-148,24,3.5,3.5,3.407943,2,148
23675,ds005280,sub-148,ds005280__sub-148,25,4.0,3.5,3.4512672,0,148
23676,ds005280,sub-148,ds005280__sub-148,26,3.5,3.5,3.475262,1,148
23677,ds005280,sub-148,ds005280__sub-148,27,4.0,3.5,3.480854,0,148
23678,ds005280,sub-148,ds005280__sub-148,28,4.0,3.5,3.5080295,0,148
23679,ds005280,sub-148,ds005280__sub-148,29,4.0,3.5,3.5512614,1,148
23680,ds005280,sub-149,ds005280__sub-149,0,3.5,3.5,3.4313972,0,149
23681,ds005280,sub-149,ds005280__sub-149,1,4.0,4.0,3.6965399,1,149
23682,ds005280,sub-149,ds005280__sub-149,2,4.0,4.0,3.7392373,2,149
23683,ds005280,sub-149,ds005280__sub-149,3,4.0,4.0,3.5837727,3,149
23684,ds005280,sub-149,ds005280__sub-149,4,3.5,4.0,3.3371043,4,149
23685,ds005280,sub-149,ds005280__sub-149,5,3.5,4.0,3.2526088,5,149
23686,ds005280,sub-149,ds005280__sub-149,6,3.5,3.5,3.1948752,6,149
23687,ds005280,sub-149,ds005280__sub-149,7,3.5,3.5,3.1629627,7,149
23688,ds005280,sub-149,ds005280__sub-149,8,4.0,4.0,3.2010698,8,149
23689,ds005280,sub-149,ds005280__sub-149,9,4.0,4.0,3.266643,9,149
23690,ds005280,sub-149,ds005280__sub-149,10,3.5,4.0,3.2485747,10,149
23691,ds005280,sub-149,ds005280__sub-149,11,4.0,4.0,3.2443848,11,149
23692,ds005280,sub-149,ds005280__sub-149,12,3.5,4.0,3.24829,12,149
23693,ds005280,sub-149,ds005280__sub-149,13,3.5,3.5,3.2545924,13,149
23694,ds005280,sub-149,ds005280__sub-149,14,4.0,4.0,3.2819066,14,149
23695,ds005280,sub-149,ds005280__sub-149,15,4.0,4.0,3.3035326,15,149
23696,ds005280,sub-149,ds005280__sub-149,16,3.5,4.0,3.3546753,14,149
23697,ds005280,sub-149,ds005280__sub-149,17,4.0,4.0,3.3669446,15,149
23698,ds005280,sub-149,ds005280__sub-149,18,4.0,4.0,3.3857756,13,149
23699,ds005280,sub-149,ds005280__sub-149,19,3.5,4.5,3.401959,15,149
23700,ds005280,sub-149,ds005280__sub-149,20,3.5,4.5,3.452589,15,149
23701,ds005280,sub-149,ds005280__sub-149,21,3.5,4.0,3.4454784,15,149
23702,ds005280,sub-149,ds005280__sub-149,22,3.5,4.0,3.469389,15,149
23703,ds005280,sub-149,ds005280__sub-149,23,4.0,4.0,3.482806,14,149
23704,ds005280,sub-149,ds005280__sub-149,24,3.5,4.5,3.4798284,15,149
23705,ds005280,sub-149,ds005280__sub-149,25,4.0,4.0,3.531951,15,149
23706,ds005280,sub-149,ds005280__sub-149,26,4.0,4.0,3.5656965,15,149
23707,ds005280,sub-149,ds005280__sub-149,27,4.0,4.0,3.5796947,15,149
23708,ds005280,sub-150,ds005280__sub-150,0,3.5,3.5,3.4,0,150
23709,ds005280,sub-150,ds005280__sub-150,1,4.0,4.0,3.6958556,0,150
23710,ds005280,sub-150,ds005280__sub-150,2,4.0,4.0,3.771658,2,150
23711,ds005280,sub-150,ds005280__sub-150,3,4.0,4.0,3.6597455,2,150
23712,ds005280,sub-150,ds005280__sub-150,4,4.0,4.0,3.6369803,3,150
23713,ds005280,sub-150,ds005280__sub-150,5,3.5,3.5,3.5553803,4,150
23714,ds005280,sub-150,ds005280__sub-150,6,3.5,3.5,3.486476,5,150
23715,ds005280,sub-150,ds005280__sub-150,7,3.5,3.5,3.4023085,6,150
23716,ds005280,sub-150,ds005280__sub-150,8,3.5,3.5,3.3925657,7,150
23717,ds005280,sub-150,ds005280__sub-150,9,4.0,3.5,3.3869982,8,150
23718,ds005280,sub-150,ds005280__sub-150,10,3.5,3.5,3.410712,0,150
23719,ds005280,sub-150,ds005280__sub-150,11,4.0,3.5,3.4300916,1,150
23720,ds005280,sub-150,ds005280__sub-150,12,3.5,3.5,3.4705496,2,150
23721,ds005280,sub-150,ds005280__sub-150,13,4.0,3.5,3.4963439,3,150
23722,ds005280,sub-150,ds005280__sub-150,14,3.5,3.5,3.524338,4,150
23723,ds005280,sub-150,ds005280__sub-150,15,3.5,4.0,3.5335755,5,150
23724,ds005280,sub-150,ds005280__sub-150,16,4.0,3.5,3.5260582,5,150
23725,ds005280,sub-150,ds005280__sub-150,17,4.0,3.5,3.494998,6,150
23726,ds005280,sub-150,ds005280__sub-150,18,3.5,3.5,3.452773,4,150
23727,ds005280,sub-150,ds005280__sub-150,19,4.0,3.5,3.4255266,1,150
23728,ds005280,sub-150,ds005280__sub-150,20,3.5,3.5,3.4405627,2,150
23729,ds005280,sub-150,ds005280__sub-150,21,3.5,3.5,3.476869,0,150
23730,ds005280,sub-150,ds005280__sub-150,22,3.5,3.5,3.5065975,0,150
23731,ds005280,sub-150,ds005280__sub-150,23,4.0,3.5,3.5332355,1,150
23732,ds005280,sub-151,ds005280__sub-151,0,3.0,3.75,3.6231513,0,151
23733,ds005280,sub-151,ds005280__sub-151,1,3.5,3.5,3.617834,1,151
23734,ds005280,sub-151,ds005280__sub-151,2,3.5,4.0,3.596743,2,151
23735,ds005280,sub-151,ds005280__sub-151,3,3.5,4.0,3.4083724,3,151
23736,ds005280,sub-151,ds005280__sub-151,4,3.5,4.0,3.3620825,4,151
23737,ds005280,sub-151,ds005280__sub-151,5,3.0,4.0,3.4061558,5,151
23738,ds005280,sub-151,ds005280__sub-151,6,3.0,4.0,3.4094098,6,151
23739,ds005280,sub-151,ds005280__sub-151,7,3.0,3.5,3.3995345,7,151
23740,ds005280,sub-151,ds005280__sub-151,8,3.0,3.5,3.43157,8,151
23741,ds005280,sub-151,ds005280__sub-151,9,3.5,3.5,3.4016886,9,151
23742,ds005280,sub-151,ds005280__sub-151,10,3.0,3.5,3.423552,10,151
23743,ds005280,sub-151,ds005280__sub-151,11,3.5,3.5,3.4242964,11,151
23744,ds005280,sub-151,ds005280__sub-151,12,3.0,3.5,3.4277725,12,151
23745,ds005280,sub-151,ds005280__sub-151,13,3.5,3.5,3.4388657,13,151
23746,ds005280,sub-151,ds005280__sub-151,14,3.0,3.5,3.4419022,14,151
23747,ds005280,sub-151,ds005280__sub-151,15,3.0,3.5,3.4414804,15,151
23748,ds005280,sub-151,ds005280__sub-151,16,3.5,3.5,3.4184985,14,151
23749,ds005280,sub-151,ds005280__sub-151,17,3.5,3.5,3.3845627,15,151
23750,ds005280,sub-151,ds005280__sub-151,18,3.0,3.0,3.3310127,15,151
23751,ds005280,sub-151,ds005280__sub-151,19,3.5,3.0,3.3172739,15,151
23752,ds005280,sub-151,ds005280__sub-151,20,3.5,3.0,3.295608,15,151
23753,ds005280,sub-151,ds005280__sub-151,21,3.0,3.0,3.3121195,13,151
23754,ds005280,sub-151,ds005280__sub-151,22,3.0,3.5,3.3955772,15,151
23755,ds005280,sub-151,ds005280__sub-151,23,3.0,3.5,3.3859258,15,151
23756,ds005280,sub-151,ds005280__sub-151,24,3.0,3.5,3.4134054,15,151
23757,ds005280,sub-151,ds005280__sub-151,25,3.5,3.5,3.428124,15,151
23758,ds005280,sub-151,ds005280__sub-151,26,3.0,3.5,3.4127636,15,151
23759,ds005280,sub-151,ds005280__sub-151,27,3.5,3.5,3.3713791,15,151
23760,ds005280,sub-151,ds005280__sub-151,28,3.5,3.5,3.3405542,15,151
23761,ds005280,sub-151,ds005280__sub-151,29,3.5,3.5,3.3025007,15,151
23762,ds005280,sub-152,ds005280__sub-152,0,3.0,3.75,3.7187753,0,152
23763,ds005280,sub-152,ds005280__sub-152,1,3.5,3.75,3.6959643,1,152
23764,ds005280,sub-152,ds005280__sub-152,2,3.5,2.25,3.0158303,1,152
23765,ds005280,sub-152,ds005280__sub-152,3,3.5,2.25,2.979127,2,152
23766,ds005280,sub-152,ds005280__sub-152,4,3.5,3.5,3.0353484,3,152
23767,ds005280,sub-152,ds005280__sub-152,5,3.0,3.5,2.9926205,4,152
23768,ds005280,sub-152,ds005280__sub-152,6,3.0,3.5,2.9803162,5,152
23769,ds005280,sub-152,ds005280__sub-152,7,3.0,3.5,2.9848619,6,152
23770,ds005280,sub-152,ds005280__sub-152,8,3.0,3.5,3.0141487,7,152
23771,ds005280,sub-152,ds005280__sub-152,9,3.5,3.5,3.0348997,8,152
23772,ds005280,sub-152,ds005280__sub-152,10,3.0,3.5,3.056807,9,152
23773,ds005280,sub-152,ds005280__sub-152,11,3.5,3.5,3.1082056,10,152
23774,ds005280,sub-152,ds005280__sub-152,12,3.0,3.5,3.1421585,11,152
23775,ds005280,sub-152,ds005280__sub-152,13,3.5,3.5,3.1761122,12,152
23776,ds005280,sub-152,ds005280__sub-152,14,3.0,3.5,3.203056,13,152
23777,ds005280,sub-152,ds005280__sub-152,15,3.0,3.5,3.2204757,14,152
23778,ds005280,sub-152,ds005280__sub-152,16,3.5,3.5,3.209856,14,152
23779,ds005280,sub-152,ds005280__sub-152,17,3.5,3.5,3.2274184,15,152
23780,ds005280,sub-152,ds005280__sub-152,18,3.0,3.5,3.2071867,14,152
23781,ds005280,sub-152,ds005280__sub-152,19,3.5,3.5,3.1853223,15,152
23782,ds005280,sub-152,ds005280__sub-152,20,3.5,3.5,3.223369,12,152
23783,ds005280,sub-152,ds005280__sub-152,21,3.0,3.5,3.2535973,14,152
23784,ds005280,sub-152,ds005280__sub-152,22,3.0,3.5,3.2554746,15,152
23785,ds005280,sub-152,ds005280__sub-152,23,3.0,3.5,3.2682686,15,152
23786,ds005280,sub-152,ds005280__sub-152,24,3.0,3.5,3.2487724,14,152
23787,ds005280,sub-152,ds005280__sub-152,25,3.5,3.5,3.2649307,15,152
23788,ds005280,sub-152,ds005280__sub-152,26,3.0,3.5,3.2277517,14,152
23789,ds005280,sub-152,ds005280__sub-152,27,3.5,3.5,3.1913626,14,152
23790,ds005280,sub-152,ds005280__sub-152,28,3.5,3.5,3.1883006,15,152
23791,ds005280,sub-152,ds005280__sub-152,29,3.5,3.5,3.1773367,15,152
23792,ds005280,sub-153,ds005280__sub-153,0,3.5,3.0,3.3826864,0,153
23793,ds005280,sub-153,ds005280__sub-153,1,4.0,3.75,3.5583086,1,153
23794,ds005280,sub-153,ds005280__sub-153,2,4.0,4.0,3.6810048,2,153
23795,ds005280,sub-153,ds005280__sub-153,3,4.0,4.0,3.6076753,3,153
23796,ds005280,sub-153,ds005280__sub-153,4,4.0,4.0,3.613277,4,153
23797,ds005280,sub-153,ds005280__sub-153,5,3.5,4.0,3.5463345,5,153
23798,ds005280,sub-153,ds005280__sub-153,6,3.5,4.0,3.5012271,6,153
23799,ds005280,sub-153,ds005280__sub-153,7,3.5,3.5,3.5225954,7,153
23800,ds005280,sub-153,ds005280__sub-153,8,3.5,3.5,3.506691,8,153
23801,ds005280,sub-153,ds005280__sub-153,9,4.0,3.5,3.5027616,9,153
23802,ds005280,sub-153,ds005280__sub-153,10,3.5,3.5,3.5274405,10,153
23803,ds005280,sub-153,ds005280__sub-153,11,4.0,3.5,3.5513082,11,153
23804,ds005280,sub-153,ds005280__sub-153,12,3.5,4.0,3.5722167,12,153
23805,ds005280,sub-153,ds005280__sub-153,13,4.0,4.0,3.5944343,13,153
23806,ds005280,sub-153,ds005280__sub-153,14,3.5,4.0,3.5979185,14,153
23807,ds005280,sub-153,ds005280__sub-153,15,3.5,4.0,3.5939379,15,153
23808,ds005280,sub-153,ds005280__sub-153,16,4.0,4.0,3.6130304,2,153
23809,ds005280,sub-153,ds005280__sub-153,17,4.0,4.0,3.6050158,1,153
23810,ds005280,sub-153,ds005280__sub-153,18,3.5,4.0,3.5296602,4,153
23811,ds005280,sub-153,ds005280__sub-153,19,4.0,4.0,3.5242152,14,153
23812,ds005280,sub-153,ds005280__sub-153,20,4.0,4.0,3.3795502,15,153
23813,ds005280,sub-153,ds005280__sub-153,21,3.5,4.0,3.3651733,15,153
23814,ds005280,sub-153,ds005280__sub-153,22,3.5,4.0,3.3295426,14,153
23815,ds005280,sub-153,ds005280__sub-153,23,3.5,4.0,3.4498029,15,153
23816,ds005280,sub-153,ds005280__sub-153,24,3.5,4.0,3.5027719,15,153
23817,ds005280,sub-153,ds005280__sub-153,25,4.0,4.0,3.5159974,13,153
23818,ds005280,sub-153,ds005280__sub-153,26,3.5,4.0,3.5381913,15,153
23819,ds005280,sub-153,ds005280__sub-153,27,4.0,4.0,3.5620596,15,153
23820,ds005280,sub-153,ds005280__sub-153,28,4.0,4.0,3.589797,14,153
23821,ds005280,sub-153,ds005280__sub-153,29,4.0,4.0,3.5898075,13,153
23822,ds005280,sub-154,ds005280__sub-154,0,3.5,3.5,3.5656233,0,154
23823,ds005280,sub-154,ds005280__sub-154,1,4.0,3.5,3.5989435,1,154
23824,ds005280,sub-154,ds005280__sub-154,2,4.0,3.5,3.4575696,2,154
23825,ds005280,sub-154,ds005280__sub-154,3,4.0,3.5,3.212759,2,154
23826,ds005280,sub-154,ds005280__sub-154,4,4.0,3.5,3.1120658,3,154
23827,ds005280,sub-154,ds005280__sub-154,5,3.5,3.5,3.047123,4,154
23828,ds005280,sub-154,ds005280__sub-154,6,3.5,3.5,3.0565143,5,154
23829,ds005280,sub-154,ds005280__sub-154,7,3.5,3.5,3.042788,6,154
23830,ds005280,sub-154,ds005280__sub-154,8,3.5,3.5,3.0589054,7,154
23831,ds005280,sub-154,ds005280__sub-154,9,4.0,3.5,3.0809324,8,154
23832,ds005280,sub-154,ds005280__sub-154,10,3.5,3.5,3.102229,9,154
23833,ds005280,sub-154,ds005280__sub-154,11,3.5,3.5,3.1063933,10,154
23834,ds005280,sub-154,ds005280__sub-154,12,4.0,3.5,3.139121,11,154
23835,ds005280,sub-154,ds005280__sub-154,13,3.5,3.5,3.1487572,12,154
23836,ds005280,sub-154,ds005280__sub-154,14,4.0,3.5,3.163631,13,154
23837,ds005280,sub-154,ds005280__sub-154,15,4.0,3.5,3.1756573,14,154
23838,ds005280,sub-154,ds005280__sub-154,16,3.5,3.5,3.1736333,15,154
23839,ds005280,sub-154,ds005280__sub-154,17,4.0,3.5,3.1727796,14,154
23840,ds005280,sub-154,ds005280__sub-154,18,3.5,3.5,3.1280127,15,154
23841,ds005280,sub-154,ds005280__sub-154,19,3.5,3.5,3.156003,14,154
23842,ds005280,sub-154,ds005280__sub-154,20,3.5,3.5,3.161919,14,154
23843,ds005280,sub-154,ds005280__sub-154,21,3.5,3.5,3.1726956,15,154
23844,ds005280,sub-154,ds005280__sub-154,22,4.0,3.5,3.1893296,15,154
23845,ds005280,sub-154,ds005280__sub-154,23,3.5,3.5,3.1971266,15,154
23846,ds005280,sub-154,ds005280__sub-154,24,4.0,3.5,3.2065673,15,154
23847,ds005280,sub-154,ds005280__sub-154,25,4.0,3.5,3.2006404,15,154
23848,ds005280,sub-154,ds005280__sub-154,26,4.0,3.5,3.2201872,15,154
23849,ds005280,sub-155,ds005280__sub-155,0,4.0,3.75,3.5329628,0,155
23850,ds005280,sub-155,ds005280__sub-155,1,4.0,3.5,3.3537033,1,155
23851,ds005280,sub-155,ds005280__sub-155,2,3.5,2.0,3.0239525,2,155
23852,ds005280,sub-155,ds005280__sub-155,3,3.5,2.0,2.9691138,3,155
23853,ds005280,sub-155,ds005280__sub-155,4,3.5,2.0,2.9434469,4,155
23854,ds005280,sub-155,ds005280__sub-155,5,3.5,2.0,2.9332669,5,155
23855,ds005280,sub-155,ds005280__sub-155,6,4.0,2.0,2.939865,6,155
23856,ds005280,sub-155,ds005280__sub-155,7,3.5,2.0,2.9498386,7,155
23857,ds005280,sub-155,ds005280__sub-155,8,4.0,2.0,2.9744792,8,155
23858,ds005280,sub-155,ds005280__sub-155,9,3.5,2.25,2.9979749,9,155
23859,ds005280,sub-155,ds005280__sub-155,10,4.0,2.25,3.0398202,10,155
23860,ds005280,sub-155,ds005280__sub-155,11,3.5,2.5,3.097377,11,155
23861,ds005280,sub-155,ds005280__sub-155,12,3.5,2.5,3.1262827,12,155
23862,ds005280,sub-155,ds005280__sub-155,13,4.0,2.5,3.164659,13,155
23863,ds005280,sub-155,ds005280__sub-155,14,4.0,2.5,3.1883416,14,155
23864,ds005280,sub-155,ds005280__sub-155,15,3.5,2.5,3.2202373,15,155
23865,ds005280,sub-155,ds005280__sub-155,16,4.0,4.5,3.2263494,15,155
23866,ds005280,sub-155,ds005280__sub-155,17,4.0,4.5,3.2258625,15,155
23867,ds005280,sub-155,ds005280__sub-155,18,3.5,4.5,3.2534742,14,155
23868,ds005280,sub-155,ds005280__sub-155,19,3.5,4.5,3.2379372,15,155
23869,ds005280,sub-155,ds005280__sub-155,20,3.5,4.5,3.196317,15,155
23870,ds005280,sub-155,ds005280__sub-155,21,3.5,4.5,3.206512,13,155
23871,ds005280,sub-155,ds005280__sub-155,22,4.0,4.5,3.2265391,14,155
23872,ds005280,sub-155,ds005280__sub-155,23,3.5,4.5,3.2279558,15,155
23873,ds005280,sub-155,ds005280__sub-155,24,4.0,4.5,3.2648869,15,155
23874,ds005280,sub-155,ds005280__sub-155,25,4.0,4.5,3.2760243,15,155
23875,ds005280,sub-155,ds005280__sub-155,26,4.0,4.5,3.3125725,15,155
23876,ds005280,sub-156,ds005280__sub-156,0,3.0,4.0,3.5774243,0,156
23877,ds005280,sub-156,ds005280__sub-156,1,3.5,4.0,3.847519,1,156
23878,ds005280,sub-156,ds005280__sub-156,2,3.5,4.0,3.6678867,2,156
23879,ds005280,sub-156,ds005280__sub-156,3,3.5,4.0,3.6151195,3,156
23880,ds005280,sub-156,ds005280__sub-156,4,3.5,3.5,3.531254,4,156
23881,ds005280,sub-156,ds005280__sub-156,5,3.0,3.5,3.527209,5,156
23882,ds005280,sub-156,ds005280__sub-156,6,3.0,3.5,3.4833279,6,156
23883,ds005280,sub-156,ds005280__sub-156,7,3.0,3.5,3.444128,7,156
23884,ds005280,sub-156,ds005280__sub-156,8,3.0,3.5,3.4486525,8,156
23885,ds005280,sub-156,ds005280__sub-156,9,3.5,3.5,3.453858,9,156
23886,ds005280,sub-156,ds005280__sub-156,10,3.0,3.5,3.478101,10,156
23887,ds005280,sub-156,ds005280__sub-156,11,3.5,3.5,3.4973829,11,156
23888,ds005280,sub-156,ds005280__sub-156,12,3.0,3.5,3.4904296,12,156
23889,ds005280,sub-156,ds005280__sub-156,13,3.5,3.5,3.4756083,13,156
23890,ds005280,sub-156,ds005280__sub-156,14,3.0,4.0,3.478363,14,156
23891,ds005280,sub-156,ds005280__sub-156,15,3.0,4.0,3.4720306,15,156
23892,ds005280,sub-156,ds005280__sub-156,16,3.5,4.0,3.4664679,15,156
23893,ds005280,sub-156,ds005280__sub-156,17,3.5,4.0,3.5065649,15,156
23894,ds005280,sub-156,ds005280__sub-156,18,3.0,4.0,3.4597995,13,156
23895,ds005280,sub-156,ds005280__sub-156,19,3.5,3.5,3.3446646,14,156
23896,ds005280,sub-156,ds005280__sub-156,20,3.5,3.5,3.3456771,15,156
23897,ds005280,sub-156,ds005280__sub-156,21,3.0,3.5,3.3734004,14,156
23898,ds005280,sub-156,ds005280__sub-156,22,3.0,3.5,3.3738337,15,156
23899,ds005280,sub-156,ds005280__sub-156,23,3.0,3.5,3.3714864,13,156
23900,ds005280,sub-156,ds005280__sub-156,24,3.0,3.5,3.2968016,14,156
23901,ds005280,sub-156,ds005280__sub-156,25,3.5,3.5,3.1884425,15,156
23902,ds005280,sub-156,ds005280__sub-156,26,3.0,3.5,3.214666,13,156
23903,ds005280,sub-156,ds005280__sub-156,27,3.5,3.5,3.2745254,12,156
23904,ds005280,sub-156,ds005280__sub-156,28,3.5,3.5,3.34058,13,156
23905,ds005280,sub-156,ds005280__sub-156,29,3.5,3.5,3.3888142,14,156
23906,ds005280,sub-157,ds005280__sub-157,0,3.0,3.5,3.573042,0,157
23907,ds005280,sub-157,ds005280__sub-157,1,3.5,4.0,3.683139,1,157
23908,ds005280,sub-157,ds005280__sub-157,2,3.5,4.0,3.5728588,2,157
23909,ds005280,sub-157,ds005280__sub-157,3,3.5,4.0,2.957314,3,157
23910,ds005280,sub-157,ds005280__sub-157,4,3.5,2.0,2.8750896,4,157
23911,ds005280,sub-157,ds005280__sub-157,5,3.0,2.0,2.8982797,5,157
23912,ds005280,sub-157,ds005280__sub-157,6,3.0,3.5,2.926268,6,157
23913,ds005280,sub-157,ds005280__sub-157,7,3.0,3.5,2.9099593,7,157
23914,ds005280,sub-157,ds005280__sub-157,8,3.0,3.5,2.9212725,8,157
23915,ds005280,sub-157,ds005280__sub-157,9,3.5,3.5,2.9306903,9,157
23916,ds005280,sub-157,ds005280__sub-157,10,3.0,3.5,2.9522111,10,157
23917,ds005280,sub-157,ds005280__sub-157,11,3.5,3.5,2.9752903,11,157
23918,ds005280,sub-157,ds005280__sub-157,12,3.0,3.5,3.0206182,12,157
23919,ds005280,sub-157,ds005280__sub-157,13,3.5,3.5,3.07451,13,157
23920,ds005280,sub-157,ds005280__sub-157,14,3.0,3.5,3.1548157,14,157
23921,ds005280,sub-157,ds005280__sub-157,15,3.0,3.5,3.1649885,15,157
23922,ds005280,sub-157,ds005280__sub-157,16,3.5,3.5,3.216566,14,157
23923,ds005280,sub-157,ds005280__sub-157,17,3.5,3.5,3.1919255,15,157
23924,ds005280,sub-157,ds005280__sub-157,18,3.0,3.5,3.1949458,15,157
23925,ds005280,sub-157,ds005280__sub-157,19,3.5,3.5,3.181695,15,157
23926,ds005280,sub-157,ds005280__sub-157,20,3.5,3.5,3.1009073,14,157
23927,ds005280,sub-157,ds005280__sub-157,21,3.0,3.5,3.1022296,15,157
23928,ds005280,sub-157,ds005280__sub-157,22,3.0,3.5,3.0685318,15,157
23929,ds005280,sub-157,ds005280__sub-157,23,3.0,3.5,3.0551143,15,157
23930,ds005280,sub-157,ds005280__sub-157,24,3.0,3.5,3.070612,15,157
23931,ds005280,sub-157,ds005280__sub-157,25,3.5,3.5,3.0712643,15,157
23932,ds005280,sub-157,ds005280__sub-157,26,3.0,3.5,3.0930996,15,157
23933,ds005280,sub-157,ds005280__sub-157,27,3.5,3.5,3.0950336,14,157
23934,ds005280,sub-157,ds005280__sub-157,28,3.5,3.5,3.1135068,15,157
23935,ds005280,sub-157,ds005280__sub-157,29,3.5,3.5,3.139494,14,157
23936,ds005280,sub-158,ds005280__sub-158,0,3.5,3.75,3.51458,0,158
23937,ds005280,sub-158,ds005280__sub-158,1,4.0,3.5,3.6165333,1,158
23938,ds005280,sub-158,ds005280__sub-158,2,4.0,4.0,3.7880404,0,158
23939,ds005280,sub-158,ds005280__sub-158,3,4.0,2.25,3.2295942,0,158
23940,ds005280,sub-158,ds005280__sub-158,4,4.0,2.25,3.091855,1,158
23941,ds005280,sub-158,ds005280__sub-158,5,3.5,2.25,2.7184992,2,158
23942,ds005280,sub-158,ds005280__sub-158,6,3.5,2.25,2.7256641,3,158
23943,ds005280,sub-158,ds005280__sub-158,7,3.5,2.0,2.7493885,4,158
23944,ds005280,sub-158,ds005280__sub-158,8,3.5,2.0,2.6841176,5,158
23945,ds005280,sub-158,ds005280__sub-158,9,3.5,2.0,2.5301666,6,158
23946,ds005280,sub-158,ds005280__sub-158,10,4.0,2.0,2.5205889,0,158
23947,ds005280,sub-158,ds005280__sub-158,11,3.5,3.75,3.17412,0,158
23948,ds005280,sub-158,ds005280__sub-158,12,4.0,3.75,3.3164945,1,158
23949,ds005280,sub-158,ds005280__sub-158,13,3.5,3.75,3.5338078,0,158
23950,ds005280,sub-158,ds005280__sub-158,14,3.5,3.75,3.4527593,1,158
23951,ds005280,sub-158,ds005280__sub-158,15,4.0,3.75,3.5066178,2,158
23952,ds005280,sub-158,ds005280__sub-158,16,4.0,3.75,3.5222754,3,158
23953,ds005280,sub-158,ds005280__sub-158,17,3.5,3.75,3.4200726,4,158
23954,ds005280,sub-158,ds005280__sub-158,18,4.0,4.5,3.4611177,5,158
23955,ds005280,sub-158,ds005280__sub-158,19,4.0,4.5,3.21262,7,158
23956,ds005280,sub-158,ds005280__sub-158,20,3.5,2.25,2.989458,2,158
23957,ds005280,sub-158,ds005280__sub-158,21,3.5,2.25,2.8465056,3,158
23958,ds005280,sub-158,ds005280__sub-158,22,3.5,2.25,2.8255644,4,158
23959,ds005280,sub-158,ds005280__sub-158,23,4.0,2.25,2.8399482,0,158
23960,ds005280,sub-159,ds005280__sub-159,0,3.5,3.75,3.5649056,0,159
23961,ds005280,sub-159,ds005280__sub-159,1,4.0,3.75,3.635852,1,159
23962,ds005280,sub-159,ds005280__sub-159,2,4.0,4.0,3.7181933,0,159
23963,ds005280,sub-159,ds005280__sub-159,3,4.0,4.0,3.756048,3,159
23964,ds005280,sub-159,ds005280__sub-159,4,4.0,4.0,3.7070153,0,159
23965,ds005280,sub-159,ds005280__sub-159,5,3.5,4.0,3.6040301,1,159
23966,ds005280,sub-159,ds005280__sub-159,6,3.5,4.0,3.570228,2,159
23967,ds005280,sub-159,ds005280__sub-159,7,3.5,4.0,3.5756843,3,159
23968,ds005280,sub-159,ds005280__sub-159,8,3.5,4.0,3.579251,4,159
23969,ds005280,sub-159,ds005280__sub-159,9,4.0,4.0,3.6042485,5,159
23970,ds005280,sub-159,ds005280__sub-159,10,3.5,4.0,3.631966,6,159
23971,ds005280,sub-159,ds005280__sub-159,11,4.0,4.0,3.6713772,0,159
23972,ds005280,sub-159,ds005280__sub-159,12,3.5,4.0,3.6771364,1,159
23973,ds005280,sub-159,ds005280__sub-159,13,4.0,4.0,3.6743171,0,159
23974,ds005280,sub-159,ds005280__sub-159,14,3.5,4.0,3.6612248,1,159
23975,ds005280,sub-159,ds005280__sub-159,15,3.5,4.0,3.6526303,2,159
23976,ds005280,sub-159,ds005280__sub-159,16,4.0,4.0,3.7093716,0,159
23977,ds005280,sub-159,ds005280__sub-159,17,4.0,4.0,3.7029605,1,159
23978,ds005280,sub-159,ds005280__sub-159,18,3.5,4.0,3.68786,2,159
23979,ds005280,sub-159,ds005280__sub-159,19,4.0,4.0,3.695455,0,159
23980,ds005280,sub-159,ds005280__sub-159,20,4.0,4.0,3.7048066,1,159
23981,ds005280,sub-159,ds005280__sub-159,21,3.5,4.0,3.7209153,0,159
23982,ds005280,sub-159,ds005280__sub-159,22,3.5,4.0,3.6273117,1,159
23983,ds005280,sub-159,ds005280__sub-159,23,3.5,4.0,3.6264236,4,159
23984,ds005280,sub-159,ds005280__sub-159,24,3.5,4.0,3.6291823,0,159
23985,ds005280,sub-159,ds005280__sub-159,25,4.0,4.0,3.5907154,1,159
23986,ds005280,sub-159,ds005280__sub-159,26,3.5,4.0,3.563903,0,159
23987,ds005280,sub-159,ds005280__sub-159,27,4.0,4.0,3.5690455,1,159
23988,ds005280,sub-159,ds005280__sub-159,28,4.0,4.0,3.6423554,0,159
23989,ds005280,sub-159,ds005280__sub-159,29,4.0,4.0,3.7035737,1,159
23990,ds005280,sub-160,ds005280__sub-160,0,3.5,4.0,3.4265532,0,160
23991,ds005280,sub-160,ds005280__sub-160,1,4.0,4.0,3.4552,1,160
23992,ds005280,sub-160,ds005280__sub-160,2,4.0,4.0,3.4040647,2,160
23993,ds005280,sub-160,ds005280__sub-160,3,4.0,3.5,3.1262643,3,160
23994,ds005280,sub-160,ds005280__sub-160,4,4.0,2.25,3.0576513,4,160
23995,ds005280,sub-160,ds005280__sub-160,5,3.5,2.25,3.027969,5,160
23996,ds005280,sub-160,ds005280__sub-160,6,3.5,2.25,3.0187092,6,160
23997,ds005280,sub-160,ds005280__sub-160,7,3.5,2.25,3.089973,7,160
23998,ds005280,sub-160,ds005280__sub-160,8,3.5,3.5,3.0896704,8,160
23999,ds005280,sub-160,ds005280__sub-160,9,4.0,2.25,3.0740924,9,160
24000,ds005280,sub-160,ds005280__sub-160,10,3.5,2.0,3.081359,10,160
24001,ds005280,sub-160,ds005280__sub-160,11,4.0,2.0,3.0748563,11,160
24002,ds005280,sub-160,ds005280__sub-160,12,3.5,2.0,3.0751972,12,160
24003,ds005280,sub-160,ds005280__sub-160,13,4.0,2.0,3.086096,13,160
24004,ds005280,sub-160,ds005280__sub-160,14,3.5,2.0,3.0940766,14,160
24005,ds005280,sub-160,ds005280__sub-160,15,3.5,2.0,3.08741,15,160
24006,ds005280,sub-160,ds005280__sub-160,16,4.0,2.0,3.091744,15,160
24007,ds005280,sub-160,ds005280__sub-160,17,4.0,3.5,3.109375,15,160
24008,ds005280,sub-160,ds005280__sub-160,18,3.5,2.0,3.1067848,14,160
24009,ds005280,sub-160,ds005280__sub-160,19,4.0,3.5,3.1416135,12,160
24010,ds005280,sub-160,ds005280__sub-160,20,4.0,3.5,3.1427786,12,160
24011,ds005280,sub-160,ds005280__sub-160,21,3.5,3.5,3.1334412,13,160
24012,ds005280,sub-160,ds005280__sub-160,22,3.5,3.5,3.127811,14,160
24013,ds005280,sub-160,ds005280__sub-160,23,3.5,3.5,3.1157508,15,160
24014,ds005280,sub-160,ds005280__sub-160,24,3.5,3.5,3.0998096,15,160
24015,ds005280,sub-160,ds005280__sub-160,25,4.0,3.5,3.1252136,15,160
24016,ds005280,sub-160,ds005280__sub-160,26,3.5,2.0,3.1319466,15,160
24017,ds005280,sub-160,ds005280__sub-160,27,4.0,2.0,3.1402645,15,160
24018,ds005280,sub-160,ds005280__sub-160,28,4.0,3.5,3.135993,15,160
24019,ds005280,sub-160,ds005280__sub-160,29,4.0,3.5,3.13068,15,160
24020,ds005280,sub-161,ds005280__sub-161,0,3.0,3.5,3.5745723,0,161
24021,ds005280,sub-161,ds005280__sub-161,1,3.5,4.0,3.8929846,0,161
24022,ds005280,sub-161,ds005280__sub-161,2,3.5,4.0,3.8681953,0,161
24023,ds005280,sub-161,ds005280__sub-161,3,3.5,4.0,3.7454042,1,161
24024,ds005280,sub-161,ds005280__sub-161,4,3.5,3.5,3.6219,2,161
24025,ds005280,sub-161,ds005280__sub-161,5,3.0,3.5,3.5031018,3,161
24026,ds005280,sub-161,ds005280__sub-161,6,3.0,3.5,3.4967217,4,161
24027,ds005280,sub-161,ds005280__sub-161,7,3.0,3.5,3.510115,0,161
24028,ds005280,sub-161,ds005280__sub-161,8,3.0,3.5,3.5673454,0,161
24029,ds005280,sub-161,ds005280__sub-161,9,3.5,3.5,3.5784695,1,161
24030,ds005280,sub-161,ds005280__sub-161,10,3.0,4.0,3.624894,2,161
24031,ds005280,sub-161,ds005280__sub-161,11,3.5,4.0,3.6339438,3,161
24032,ds005280,sub-161,ds005280__sub-161,12,3.0,4.0,3.6257458,0,161
24033,ds005280,sub-161,ds005280__sub-161,13,3.5,4.0,3.6379926,1,161
24034,ds005280,sub-161,ds005280__sub-161,14,3.0,4.0,3.650503,0,161
24035,ds005280,sub-161,ds005280__sub-161,15,3.0,4.0,3.6479912,0,161
24036,ds005280,sub-161,ds005280__sub-161,16,3.5,4.0,3.6397603,0,161
24037,ds005280,sub-161,ds005280__sub-161,17,3.5,4.0,3.6340833,1,161
24038,ds005280,sub-161,ds005280__sub-161,18,3.0,4.0,3.622974,2,161
24039,ds005280,sub-161,ds005280__sub-161,19,3.5,3.5,3.5904934,3,161
24040,ds005280,sub-161,ds005280__sub-161,20,3.5,4.0,3.5941823,0,161
24041,ds005280,sub-161,ds005280__sub-161,21,3.0,4.0,3.5777779,1,161
24042,ds005280,sub-161,ds005280__sub-161,22,3.0,4.0,3.5808344,2,161
24043,ds005280,sub-161,ds005280__sub-161,23,3.0,4.0,3.5630991,3,161
24044,ds005280,sub-161,ds005280__sub-161,24,3.0,4.0,3.5567017,0,161
24045,ds005280,sub-161,ds005280__sub-161,25,3.5,4.0,3.5354812,1,161
24046,ds005280,sub-161,ds005280__sub-161,26,3.0,3.5,3.3794527,2,161
24047,ds005280,sub-161,ds005280__sub-161,27,3.5,3.5,3.2976649,0,161
24048,ds005280,sub-161,ds005280__sub-161,28,3.5,3.5,3.4006906,0,161
24049,ds005280,sub-161,ds005280__sub-161,29,3.5,3.5,3.4695156,1,161
24050,ds005280,sub-162,ds005280__sub-162,0,3.5,3.75,3.5212798,0,162
24051,ds005280,sub-162,ds005280__sub-162,1,4.0,4.0,3.7771008,0,162
24052,ds005280,sub-162,ds005280__sub-162,2,4.0,4.0,3.836301,1,162
24053,ds005280,sub-162,ds005280__sub-162,3,4.0,4.0,3.8212032,2,162
24054,ds005280,sub-162,ds005280__sub-162,4,4.0,4.0,3.7568996,3,162
24055,ds005280,sub-162,ds005280__sub-162,5,3.5,4.0,3.6226377,5,162
24056,ds005280,sub-162,ds005280__sub-162,6,3.5,3.5,3.4796517,6,162
24057,ds005280,sub-162,ds005280__sub-162,7,3.5,3.5,3.4790282,7,162
24058,ds005280,sub-162,ds005280__sub-162,8,3.5,3.0,3.4177318,8,162
24059,ds005280,sub-162,ds005280__sub-162,9,4.0,3.5,3.4841514,0,162
24060,ds005280,sub-162,ds005280__sub-162,10,3.5,3.5,3.474142,0,162
24061,ds005280,sub-162,ds005280__sub-162,11,3.5,3.5,3.47711,0,162
24062,ds005280,sub-162,ds005280__sub-162,12,4.0,3.5,3.5458252,0,162
24063,ds005280,sub-162,ds005280__sub-162,13,3.5,3.5,3.5312967,1,162
24064,ds005280,sub-162,ds005280__sub-162,14,3.5,3.5,3.5486813,0,162
24065,ds005280,sub-162,ds005280__sub-162,15,4.0,3.5,3.5825858,0,162
24066,ds005280,sub-162,ds005280__sub-162,16,4.0,3.5,3.5847125,1,162
24067,ds005280,sub-162,ds005280__sub-162,17,3.5,3.5,3.5871885,0,162
24068,ds005280,sub-162,ds005280__sub-162,18,4.0,4.0,3.5837846,1,162
24069,ds005280,sub-162,ds005280__sub-162,19,4.0,4.0,3.549138,2,162
24070,ds005280,sub-162,ds005280__sub-162,20,3.5,4.0,3.4893942,0,162
24071,ds005280,sub-162,ds005280__sub-162,21,3.5,4.0,3.5055318,1,162
24072,ds005280,sub-162,ds005280__sub-162,22,3.5,4.0,3.5343344,2,162
24073,ds005280,sub-162,ds005280__sub-162,23,3.5,4.0,3.593994,3,162
24074,ds005280,sub-162,ds005280__sub-162,24,4.0,4.0,3.6202583,3,162
24075,ds005280,sub-162,ds005280__sub-162,25,3.5,4.0,3.636098,2,162
24076,ds005280,sub-162,ds005280__sub-162,26,4.0,4.0,3.6226947,3,162
24077,ds005280,sub-162,ds005280__sub-162,27,4.0,4.0,3.5739746,4,162
24078,ds005280,sub-162,ds005280__sub-162,28,4.0,4.0,3.539619,5,162
24079,ds005280,sub-163,ds005280__sub-163,0,3.5,3.0,3.3782182,0,163
24080,ds005280,sub-163,ds005280__sub-163,1,4.0,3.5,3.524388,0,163
24081,ds005280,sub-163,ds005280__sub-163,2,4.0,4.0,3.7983396,0,163
24082,ds005280,sub-163,ds005280__sub-163,3,4.0,4.0,3.823762,1,163
24083,ds005280,sub-163,ds005280__sub-163,4,4.0,4.0,3.7084882,2,163
24084,ds005280,sub-163,ds005280__sub-163,5,3.5,3.5,3.52095,3,163
24085,ds005280,sub-163,ds005280__sub-163,6,3.5,3.5,3.3992026,4,163
24086,ds005280,sub-163,ds005280__sub-163,7,3.5,3.5,3.365361,5,163
24087,ds005280,sub-163,ds005280__sub-163,8,3.5,3.5,3.3904452,6,163
24088,ds005280,sub-163,ds005280__sub-163,9,4.0,3.5,3.3833067,7,163
24089,ds005280,sub-163,ds005280__sub-163,10,3.5,3.5,3.413752,1,163
24090,ds005280,sub-163,ds005280__sub-163,11,4.0,3.5,3.3982172,2,163
24091,ds005280,sub-163,ds005280__sub-163,12,3.5,3.5,3.4033046,0,163
24092,ds005280,sub-163,ds005280__sub-163,13,4.0,3.5,3.3940554,0,163
24093,ds005280,sub-163,ds005280__sub-163,14,3.5,3.5,3.439581,1,163
24094,ds005280,sub-163,ds005280__sub-163,15,3.5,3.5,3.450141,0,163
24095,ds005280,sub-163,ds005280__sub-163,16,4.0,3.5,3.453749,0,163
24096,ds005280,sub-163,ds005280__sub-163,17,4.0,3.5,3.4422648,1,163
24097,ds005280,sub-163,ds005280__sub-163,18,3.5,3.5,3.4418166,0,163
24098,ds005280,sub-163,ds005280__sub-163,19,4.0,3.5,3.4540458,0,163
24099,ds005280,sub-163,ds005280__sub-163,20,4.0,3.5,3.4729652,2,163
24100,ds005280,sub-163,ds005280__sub-163,21,3.5,3.5,3.4273748,0,163
24101,ds005280,sub-163,ds005280__sub-163,22,3.5,4.0,3.4895191,0,163
24102,ds005280,sub-163,ds005280__sub-163,23,3.5,4.0,3.470313,1,163
24103,ds005280,sub-163,ds005280__sub-163,24,3.5,2.0,2.364012,0,163
24104,ds005280,sub-163,ds005280__sub-163,25,4.0,2.0,2.772758,0,163
24105,ds005280,sub-163,ds005280__sub-163,26,3.5,2.0,2.6683636,1,163
24106,ds005280,sub-163,ds005280__sub-163,27,4.0,2.0,2.621139,2,163
24107,ds005280,sub-163,ds005280__sub-163,28,4.0,2.0,2.722577,0,163
24108,ds005280,sub-163,ds005280__sub-163,29,4.0,2.0,2.6147227,1,163
24109,ds005280,sub-164,ds005280__sub-164,0,3.5,3.75,3.5246089,0,164
24110,ds005280,sub-164,ds005280__sub-164,1,4.0,3.5,3.5426185,0,164
24111,ds005280,sub-164,ds005280__sub-164,2,4.0,4.0,3.6992455,0,164
24112,ds005280,sub-164,ds005280__sub-164,3,4.0,4.0,3.6310842,0,164
24113,ds005280,sub-164,ds005280__sub-164,4,4.0,3.5,3.4896197,4,164
24114,ds005280,sub-164,ds005280__sub-164,5,3.5,3.5,3.446965,0,164
24115,ds005280,sub-164,ds005280__sub-164,6,3.5,3.5,3.409974,1,164
24116,ds005280,sub-164,ds005280__sub-164,7,3.5,3.5,3.420834,2,164
24117,ds005280,sub-164,ds005280__sub-164,8,3.5,3.5,3.4427552,3,164
24118,ds005280,sub-164,ds005280__sub-164,9,4.0,3.5,3.5277395,0,164
24119,ds005280,sub-164,ds005280__sub-164,10,3.5,3.5,3.5370498,1,164
24120,ds005280,sub-164,ds005280__sub-164,11,4.0,3.5,3.5631895,0,164
24121,ds005280,sub-164,ds005280__sub-164,12,3.5,3.5,3.5868278,0,164
24122,ds005280,sub-164,ds005280__sub-164,13,3.5,3.5,3.5895796,1,164
24123,ds005280,sub-164,ds005280__sub-164,14,4.0,4.0,3.619523,2,164
24124,ds005280,sub-164,ds005280__sub-164,15,4.0,4.0,3.6287704,3,164
24125,ds005280,sub-164,ds005280__sub-164,16,3.5,4.0,3.6489415,0,164
24126,ds005280,sub-164,ds005280__sub-164,17,4.0,4.0,3.6859117,0,164
24127,ds005280,sub-164,ds005280__sub-164,18,4.0,4.0,3.7159858,0,164
24128,ds005280,sub-164,ds005280__sub-164,19,3.5,4.0,3.7051086,1,164
24129,ds005280,sub-164,ds005280__sub-164,20,3.5,4.0,3.6177497,1,164
24130,ds005280,sub-164,ds005280__sub-164,21,3.5,4.0,3.5776873,2,164
24131,ds005280,sub-164,ds005280__sub-164,22,3.5,4.0,3.5390313,0,164
24132,ds005280,sub-164,ds005280__sub-164,23,4.0,4.0,3.5976162,0,164
24133,ds005280,sub-164,ds005280__sub-164,24,3.5,4.0,3.4675198,0,164
24134,ds005280,sub-164,ds005280__sub-164,25,4.0,4.0,3.5241961,0,164
24135,ds005280,sub-164,ds005280__sub-164,26,4.0,4.0,3.6497235,0,164
24136,ds005280,sub-164,ds005280__sub-164,27,4.0,4.0,3.69577,1,164
24137,ds005280,sub-165,ds005280__sub-165,0,3.5,4.0,3.7143507,0,165
24138,ds005280,sub-165,ds005280__sub-165,1,4.0,4.0,3.600904,1,165
24139,ds005280,sub-165,ds005280__sub-165,2,4.0,4.0,3.3608675,2,165
24140,ds005280,sub-165,ds005280__sub-165,3,4.0,4.0,3.3096569,3,165
24141,ds005280,sub-165,ds005280__sub-165,4,4.0,4.0,3.2227185,4,165
24142,ds005280,sub-165,ds005280__sub-165,5,3.5,2.25,3.2059956,5,165
24143,ds005280,sub-165,ds005280__sub-165,6,3.5,2.25,3.208664,6,165
24144,ds005280,sub-165,ds005280__sub-165,7,3.5,2.25,3.2094483,7,165
24145,ds005280,sub-165,ds005280__sub-165,8,3.5,2.25,3.2286785,8,165
24146,ds005280,sub-165,ds005280__sub-165,9,4.0,2.25,3.2366905,9,165
24147,ds005280,sub-165,ds005280__sub-165,10,3.5,2.25,3.2415264,10,165
24148,ds005280,sub-165,ds005280__sub-165,11,4.0,2.25,3.2332587,11,165
24149,ds005280,sub-165,ds005280__sub-165,12,3.5,2.25,3.2428985,12,165
24150,ds005280,sub-165,ds005280__sub-165,13,4.0,2.25,3.2516983,13,165
24151,ds005280,sub-165,ds005280__sub-165,14,3.5,2.25,3.264456,14,165
24152,ds005280,sub-165,ds005280__sub-165,15,3.5,2.25,3.275304,15,165
24153,ds005280,sub-165,ds005280__sub-165,16,4.0,2.25,3.2674212,13,165
24154,ds005280,sub-165,ds005280__sub-165,17,4.0,2.25,3.2908707,14,165
24155,ds005280,sub-165,ds005280__sub-165,18,3.5,2.25,3.3007603,15,165
24156,ds005280,sub-165,ds005280__sub-165,19,4.0,2.25,3.3024862,13,165
24157,ds005280,sub-165,ds005280__sub-165,20,4.0,2.25,3.3106337,14,165
24158,ds005280,sub-165,ds005280__sub-165,21,3.5,2.25,3.3344183,15,165
24159,ds005280,sub-165,ds005280__sub-165,22,3.5,2.25,3.3483572,15,165
24160,ds005280,sub-165,ds005280__sub-165,23,3.5,2.25,3.354011,15,165
24161,ds005280,sub-165,ds005280__sub-165,24,3.5,3.75,3.369268,14,165
24162,ds005280,sub-165,ds005280__sub-165,25,4.0,2.25,3.3180034,12,165
24163,ds005280,sub-165,ds005280__sub-165,26,3.5,2.25,3.3236992,13,165
24164,ds005280,sub-165,ds005280__sub-165,27,4.0,4.5,3.3156157,12,165
24165,ds005280,sub-165,ds005280__sub-165,28,4.0,4.5,3.3268678,13,165
24166,ds005280,sub-165,ds005280__sub-165,29,4.0,2.25,3.3177514,14,165
24167,ds005280,sub-166,ds005280__sub-166,0,3.5,4.0,3.5951705,0,166
24168,ds005280,sub-166,ds005280__sub-166,1,4.0,3.75,3.5455399,0,166
24169,ds005280,sub-166,ds005280__sub-166,2,4.0,4.0,3.4531336,0,166
24170,ds005280,sub-166,ds005280__sub-166,3,3.5,4.0,3.4003623,1,166
24171,ds005280,sub-166,ds005280__sub-166,4,3.5,4.0,3.2466578,2,166
24172,ds005280,sub-166,ds005280__sub-166,5,3.5,4.0,3.1845474,2,166
24173,ds005280,sub-166,ds005280__sub-166,6,3.5,2.0,3.1330884,6,166
24174,ds005280,sub-166,ds005280__sub-166,7,4.0,2.0,3.1497886,6,166
24175,ds005280,sub-166,ds005280__sub-166,8,3.5,2.0,3.1904025,7,166
24176,ds005280,sub-166,ds005280__sub-166,9,3.5,2.0,3.1866264,8,166
24177,ds005280,sub-166,ds005280__sub-166,10,4.0,4.5,3.2259731,9,166
24178,ds005280,sub-166,ds005280__sub-166,11,3.5,4.5,3.2223973,10,166
24179,ds005280,sub-166,ds005280__sub-166,12,3.5,4.5,3.2239285,11,166
24180,ds005280,sub-166,ds005280__sub-166,13,4.0,4.5,3.2501907,12,166
24181,ds005280,sub-166,ds005280__sub-166,14,3.5,4.5,3.2674677,13,166
24182,ds005280,sub-166,ds005280__sub-166,15,4.0,4.5,3.2717297,14,166
24183,ds005280,sub-166,ds005280__sub-166,16,4.0,4.5,3.2885487,13,166
24184,ds005280,sub-166,ds005280__sub-166,17,3.5,4.5,3.320774,14,166
24185,ds005280,sub-166,ds005280__sub-166,18,3.5,4.5,3.3291156,13,166
24186,ds005280,sub-166,ds005280__sub-166,19,3.5,4.5,3.3372412,13,166
24187,ds005280,sub-166,ds005280__sub-166,20,3.5,4.5,3.3544178,12,166
24188,ds005280,sub-166,ds005280__sub-166,21,4.0,4.5,3.3424635,13,166
24189,ds005280,sub-166,ds005280__sub-166,22,3.5,4.5,3.321724,12,166
24190,ds005280,sub-166,ds005280__sub-166,23,4.0,4.5,3.3122954,13,166
24191,ds005280,sub-166,ds005280__sub-166,24,4.0,4.5,3.2742372,11,166
24192,ds005280,sub-166,ds005280__sub-166,25,4.0,4.5,3.3013172,12,166
24193,ds005280,sub-167,ds005280__sub-167,0,3.0,3.75,3.6459904,0,167
24194,ds005280,sub-167,ds005280__sub-167,1,3.5,3.75,3.6302898,1,167
24195,ds005280,sub-167,ds005280__sub-167,2,3.5,3.5,3.6050458,0,167
24196,ds005280,sub-167,ds005280__sub-167,3,3.5,4.0,3.5102465,1,167
24197,ds005280,sub-167,ds005280__sub-167,4,3.5,3.5,3.5084202,1,167
24198,ds005280,sub-167,ds005280__sub-167,5,3.0,3.5,3.344986,0,167
24199,ds005280,sub-167,ds005280__sub-167,6,3.0,3.0,3.3238335,1,167
24200,ds005280,sub-167,ds005280__sub-167,7,3.0,3.0,3.3364918,0,167
24201,ds005280,sub-167,ds005280__sub-167,8,3.0,3.5,3.4772825,0,167
24202,ds005280,sub-167,ds005280__sub-167,9,3.5,3.5,3.5375583,0,167
24203,ds005280,sub-167,ds005280__sub-167,10,3.0,3.5,3.5609403,0,167
24204,ds005280,sub-167,ds005280__sub-167,11,3.5,3.5,3.5609562,1,167
24205,ds005280,sub-167,ds005280__sub-167,12,3.0,3.5,3.570313,1,167
24206,ds005280,sub-167,ds005280__sub-167,13,3.5,3.5,3.5665536,2,167
24207,ds005280,sub-167,ds005280__sub-167,14,3.0,3.5,3.5834851,3,167
24208,ds005280,sub-167,ds005280__sub-167,15,3.0,3.5,3.5982301,0,167
24209,ds005280,sub-167,ds005280__sub-167,16,3.5,3.5,3.6192045,0,167
24210,ds005280,sub-167,ds005280__sub-167,17,3.5,4.0,3.6425507,1,167
24211,ds005280,sub-167,ds005280__sub-167,18,3.0,4.0,3.6485007,0,167
24212,ds005280,sub-167,ds005280__sub-167,19,3.5,4.0,3.668554,0,167
24213,ds005280,sub-167,ds005280__sub-167,20,3.5,4.0,3.6686027,0,167
24214,ds005280,sub-167,ds005280__sub-167,21,3.0,4.0,3.649342,0,167
24215,ds005280,sub-167,ds005280__sub-167,22,3.0,4.0,3.6530545,0,167
24216,ds005280,sub-167,ds005280__sub-167,23,3.0,4.0,3.6461535,1,167
24217,ds005280,sub-167,ds005280__sub-167,24,3.0,4.0,3.6574063,2,167
24218,ds005280,sub-167,ds005280__sub-167,25,3.5,4.0,3.663536,3,167
24219,ds005280,sub-167,ds005280__sub-167,26,3.0,4.0,3.694544,0,167
24220,ds005280,sub-167,ds005280__sub-167,27,3.5,4.0,3.6916308,1,167
24221,ds005280,sub-167,ds005280__sub-167,28,3.5,4.0,3.6552336,2,167
24222,ds005280,sub-167,ds005280__sub-167,29,3.5,4.0,3.6116796,2,167
24223,ds005280,sub-168,ds005280__sub-168,0,3.5,3.75,3.5052123,0,168
24224,ds005280,sub-168,ds005280__sub-168,1,4.0,3.75,3.6811123,0,168
24225,ds005280,sub-168,ds005280__sub-168,2,4.0,4.0,3.316515,1,168
24226,ds005280,sub-168,ds005280__sub-168,3,4.0,2.25,2.6934247,3,168
24227,ds005280,sub-168,ds005280__sub-168,4,4.0,2.25,2.5674963,3,168
24228,ds005280,sub-168,ds005280__sub-168,5,3.5,2.25,2.8739438,5,168
24229,ds005280,sub-168,ds005280__sub-168,6,3.5,3.0,2.8632464,5,168
24230,ds005280,sub-168,ds005280__sub-168,7,3.5,3.5,3.130424,0,168
24231,ds005280,sub-168,ds005280__sub-168,8,3.5,3.5,3.078076,1,168
24232,ds005280,sub-168,ds005280__sub-168,9,4.0,3.5,3.4404328,0,168
24233,ds005280,sub-168,ds005280__sub-168,10,3.5,3.5,3.4061666,1,168
24234,ds005280,sub-168,ds005280__sub-168,11,4.0,3.5,3.4922588,0,168
24235,ds005280,sub-168,ds005280__sub-168,12,4.0,3.5,3.4342568,1,168
24236,ds005280,sub-168,ds005280__sub-168,13,3.5,3.5,3.3972757,2,168
24237,ds005280,sub-168,ds005280__sub-168,14,4.0,3.5,3.479303,0,168
24238,ds005280,sub-168,ds005280__sub-168,15,4.0,3.75,3.5676398,0,168
24239,ds005280,sub-168,ds005280__sub-168,16,3.5,3.75,3.4924312,1,168
24240,ds005280,sub-168,ds005280__sub-168,17,4.0,3.5,3.5930889,0,168
24241,ds005280,sub-168,ds005280__sub-168,18,4.0,3.5,3.501645,1,168
24242,ds005280,sub-168,ds005280__sub-168,19,3.5,3.75,3.4110847,2,168
24243,ds005280,sub-168,ds005280__sub-168,20,3.5,2.25,3.1418169,3,168
24244,ds005280,sub-168,ds005280__sub-168,21,3.5,2.25,2.971941,0,168
24245,ds005280,sub-168,ds005280__sub-168,22,3.5,2.25,3.1670895,0,168
24246,ds005280,sub-168,ds005280__sub-168,23,4.0,3.75,3.3462415,0,168
24247,ds005280,sub-168,ds005280__sub-168,24,3.5,3.75,3.6251397,0,168
24248,ds005280,sub-168,ds005280__sub-168,25,4.0,3.75,3.5468588,1,168
24249,ds005280,sub-168,ds005280__sub-168,26,4.0,3.75,3.448696,2,168
24250,ds005280,sub-168,ds005280__sub-168,27,4.0,3.75,3.3705368,3,168
24251,ds005280,sub-169,ds005280__sub-169,0,3.0,4.0,3.4375207,0,169
24252,ds005280,sub-169,ds005280__sub-169,1,3.5,4.0,3.427052,1,169
24253,ds005280,sub-169,ds005280__sub-169,2,3.5,2.0,3.0071354,2,169
24254,ds005280,sub-169,ds005280__sub-169,3,3.5,2.0,2.9749131,3,169
24255,ds005280,sub-169,ds005280__sub-169,4,3.5,2.0,2.9700148,3,169
24256,ds005280,sub-169,ds005280__sub-169,5,3.0,2.0,2.950801,4,169
24257,ds005280,sub-169,ds005280__sub-169,6,3.0,2.0,2.9548678,5,169
24258,ds005280,sub-169,ds005280__sub-169,7,3.0,2.0,2.950405,6,169
24259,ds005280,sub-169,ds005280__sub-169,8,3.0,2.0,2.9549394,7,169
24260,ds005280,sub-169,ds005280__sub-169,9,3.5,2.0,2.956962,8,169
24261,ds005280,sub-169,ds005280__sub-169,10,3.0,2.0,2.9726257,9,169
24262,ds005280,sub-169,ds005280__sub-169,11,3.5,3.5,2.9862766,10,169
24263,ds005280,sub-169,ds005280__sub-169,12,3.0,3.5,3.0027292,11,169
24264,ds005280,sub-169,ds005280__sub-169,13,3.5,3.5,3.0174227,12,169
24265,ds005280,sub-169,ds005280__sub-169,14,3.0,3.5,3.0272217,13,169
24266,ds005280,sub-169,ds005280__sub-169,15,3.0,3.5,3.039115,14,169
24267,ds005280,sub-169,ds005280__sub-169,16,3.5,3.5,3.0464973,15,169
24268,ds005280,sub-169,ds005280__sub-169,17,3.0,3.5,3.0331626,15,169
24269,ds005280,sub-169,ds005280__sub-169,18,3.5,3.5,3.018787,14,169
24270,ds005280,sub-169,ds005280__sub-169,19,3.0,3.5,3.0099611,14,169
24271,ds005280,sub-169,ds005280__sub-169,20,3.0,3.5,3.020671,12,169
24272,ds005280,sub-169,ds005280__sub-169,21,3.0,3.5,3.0069575,13,169
24273,ds005280,sub-169,ds005280__sub-169,22,3.5,3.5,3.0098934,14,169
24274,ds005280,sub-169,ds005280__sub-169,23,3.5,3.5,3.0133443,15,169
24275,ds005280,sub-169,ds005280__sub-169,24,3.5,3.5,3.007866,13,169
24276,ds005280,sub-169,ds005280__sub-169,25,3.5,3.5,3.0071526,14,169
24277,ds005280,sub-170,ds005280__sub-170,0,3.5,3.5,3.5913525,0,170
24278,ds005280,sub-170,ds005280__sub-170,1,4.0,4.0,3.6539257,1,170
24279,ds005280,sub-170,ds005280__sub-170,2,4.0,4.0,3.5491686,2,170
24280,ds005280,sub-170,ds005280__sub-170,3,4.0,4.0,3.3883095,3,170
24281,ds005280,sub-170,ds005280__sub-170,4,4.0,4.0,3.1590097,4,170
24282,ds005280,sub-170,ds005280__sub-170,5,3.5,4.0,3.1663551,5,170
24283,ds005280,sub-170,ds005280__sub-170,6,3.5,4.0,3.1901,6,170
24284,ds005280,sub-170,ds005280__sub-170,7,3.5,4.0,3.1761098,7,170
24285,ds005280,sub-170,ds005280__sub-170,8,4.0,4.0,3.1683156,7,170
24286,ds005280,sub-170,ds005280__sub-170,9,3.5,4.0,3.1885548,9,170
24287,ds005280,sub-170,ds005280__sub-170,10,4.0,4.0,3.200902,10,170
24288,ds005280,sub-170,ds005280__sub-170,11,3.5,4.0,3.2275062,11,170
24289,ds005280,sub-170,ds005280__sub-170,12,3.5,4.0,3.2641335,11,170
24290,ds005280,sub-170,ds005280__sub-170,13,3.5,4.0,3.2930539,13,170
24291,ds005280,sub-170,ds005280__sub-170,14,4.0,4.0,3.3017488,14,170
24292,ds005280,sub-170,ds005280__sub-170,15,4.0,4.0,3.3185043,15,170
24293,ds005280,sub-170,ds005280__sub-170,16,3.5,4.0,3.3368037,14,170
24294,ds005280,sub-170,ds005280__sub-170,17,4.0,4.0,3.331437,15,170
24295,ds005280,sub-170,ds005280__sub-170,18,4.0,4.0,3.3607478,14,170
24296,ds005280,sub-170,ds005280__sub-170,19,3.5,4.0,3.348052,15,170
24297,ds005280,sub-170,ds005280__sub-170,20,3.5,4.0,3.3646097,14,170
24298,ds005280,sub-170,ds005280__sub-170,21,3.5,4.5,3.3436937,15,170
24299,ds005280,sub-170,ds005280__sub-170,22,3.5,4.5,3.366361,12,170
24300,ds005280,sub-170,ds005280__sub-170,23,4.0,4.0,3.334382,14,170
24301,ds005280,sub-170,ds005280__sub-170,24,3.5,4.0,3.3365607,15,170
24302,ds005280,sub-170,ds005280__sub-170,25,4.0,4.0,3.3557243,14,170
24303,ds005280,sub-170,ds005280__sub-170,26,4.0,4.0,3.3724372,15,170
24304,ds005280,sub-170,ds005280__sub-170,27,4.0,4.0,3.3608282,14,170
24305,ds005280,sub-171,ds005280__sub-171,0,3.0,3.5,3.5820534,0,171
24306,ds005280,sub-171,ds005280__sub-171,1,3.5,3.5,3.5331597,1,171
24307,ds005280,sub-171,ds005280__sub-171,2,3.5,3.5,3.397789,2,171
24308,ds005280,sub-171,ds005280__sub-171,3,3.5,3.5,3.1205955,3,171
24309,ds005280,sub-171,ds005280__sub-171,4,3.5,3.5,3.0127554,4,171
24310,ds005280,sub-171,ds005280__sub-171,5,3.0,2.0,2.9920168,5,171
24311,ds005280,sub-171,ds005280__sub-171,6,3.0,2.0,2.996675,6,171
24312,ds005280,sub-171,ds005280__sub-171,7,3.0,2.0,3.0050383,7,171
24313,ds005280,sub-171,ds005280__sub-171,8,3.0,2.0,3.0210876,8,171
24314,ds005280,sub-171,ds005280__sub-171,9,3.5,2.0,3.0422754,9,171
24315,ds005280,sub-171,ds005280__sub-171,10,3.0,2.0,3.0620222,10,171
24316,ds005280,sub-171,ds005280__sub-171,11,3.5,2.0,3.0760908,11,171
24317,ds005280,sub-171,ds005280__sub-171,12,3.0,2.0,3.087453,12,171
24318,ds005280,sub-171,ds005280__sub-171,13,3.5,2.0,3.1050258,13,171
24319,ds005280,sub-171,ds005280__sub-171,14,3.0,2.0,3.1179748,14,171
24320,ds005280,sub-171,ds005280__sub-171,15,3.0,2.0,3.133812,15,171
24321,ds005280,sub-171,ds005280__sub-171,16,3.5,2.0,3.138103,14,171
24322,ds005280,sub-171,ds005280__sub-171,17,3.5,2.0,3.1473343,15,171
24323,ds005280,sub-171,ds005280__sub-171,18,3.0,2.0,3.1533332,15,171
24324,ds005280,sub-171,ds005280__sub-171,19,3.5,4.0,3.176807,14,171
24325,ds005280,sub-171,ds005280__sub-171,20,3.5,4.0,3.1693497,15,171
24326,ds005280,sub-171,ds005280__sub-171,21,3.0,4.0,3.1672106,15,171
24327,ds005280,sub-171,ds005280__sub-171,22,3.0,4.0,3.159852,14,171
24328,ds005280,sub-171,ds005280__sub-171,23,3.0,2.0,3.1444538,14,171
24329,ds005280,sub-171,ds005280__sub-171,24,3.0,2.0,3.140248,14,171
24330,ds005280,sub-171,ds005280__sub-171,25,3.5,2.0,3.1670947,12,171
24331,ds005280,sub-171,ds005280__sub-171,26,3.0,2.0,3.1736364,13,171
24332,ds005280,sub-171,ds005280__sub-171,27,3.5,2.0,3.1626515,14,171
24333,ds005280,sub-171,ds005280__sub-171,28,3.5,2.0,3.1685133,15,171
24334,ds005280,sub-171,ds005280__sub-171,29,3.5,2.0,3.1603699,15,171
24335,ds005280,sub-172,ds005280__sub-172,0,3.0,3.75,3.5511372,0,172
24336,ds005280,sub-172,ds005280__sub-172,1,3.5,4.0,3.7022007,0,172
24337,ds005280,sub-172,ds005280__sub-172,2,3.5,4.0,3.6589942,1,172
24338,ds005280,sub-172,ds005280__sub-172,3,3.5,4.0,3.718526,2,172
24339,ds005280,sub-172,ds005280__sub-172,4,3.5,4.0,3.612873,3,172
24340,ds005280,sub-172,ds005280__sub-172,5,3.0,3.0,3.433484,4,172
24341,ds005280,sub-172,ds005280__sub-172,6,3.0,3.0,3.302786,5,172
24342,ds005280,sub-172,ds005280__sub-172,7,3.0,3.0,3.3037055,6,172
24343,ds005280,sub-172,ds005280__sub-172,8,3.0,3.0,3.2871096,7,172
24344,ds005280,sub-172,ds005280__sub-172,9,3.5,3.5,3.3510437,8,172
24345,ds005280,sub-172,ds005280__sub-172,10,3.0,3.5,3.3583117,0,172
24346,ds005280,sub-172,ds005280__sub-172,11,3.5,3.5,3.4052665,0,172
24347,ds005280,sub-172,ds005280__sub-172,12,3.0,3.5,3.4055157,1,172
24348,ds005280,sub-172,ds005280__sub-172,13,3.5,3.5,3.4396515,0,172
24349,ds005280,sub-172,ds005280__sub-172,14,3.0,3.5,3.4516473,1,172
24350,ds005280,sub-172,ds005280__sub-172,15,3.0,3.5,3.4322252,14,172
24351,ds005280,sub-172,ds005280__sub-172,16,3.5,3.5,3.4931533,3,172
24352,ds005280,sub-172,ds005280__sub-172,17,3.5,4.0,3.583622,0,172
24353,ds005280,sub-172,ds005280__sub-172,18,3.0,4.0,3.51784,1,172
24354,ds005280,sub-172,ds005280__sub-172,19,3.5,4.0,3.5029051,2,172
24355,ds005280,sub-172,ds005280__sub-172,20,3.0,4.0,3.4477892,0,172
24356,ds005280,sub-172,ds005280__sub-172,21,3.0,4.0,3.4389582,0,172
24357,ds005280,sub-172,ds005280__sub-172,22,3.0,4.0,3.5003731,1,172
24358,ds005280,sub-172,ds005280__sub-172,23,3.0,4.0,3.6972907,0,172
24359,ds005280,sub-172,ds005280__sub-172,24,3.0,4.0,3.6379344,0,172
24360,ds005280,sub-172,ds005280__sub-172,25,3.5,4.0,3.48973,1,172
24361,ds005280,sub-172,ds005280__sub-172,26,3.5,4.0,3.3840814,2,172
24362,ds005280,sub-172,ds005280__sub-172,27,3.5,4.0,3.6078672,0,172
24363,ds005280,sub-173,ds005280__sub-173,0,4.0,3.5,3.6216292,0,173
24364,ds005280,sub-173,ds005280__sub-173,1,4.0,4.0,3.2898324,0,173
24365,ds005280,sub-173,ds005280__sub-173,2,4.0,3.5,3.2950778,1,173
24366,ds005280,sub-173,ds005280__sub-173,3,3.5,2.0,2.8830514,2,173
24367,ds005280,sub-173,ds005280__sub-173,4,3.5,2.0,2.662787,3,173
24368,ds005280,sub-173,ds005280__sub-173,5,4.0,3.0,2.7288969,4,173
24369,ds005280,sub-173,ds005280__sub-173,6,4.0,3.0,2.8164384,5,173
24370,ds005280,sub-173,ds005280__sub-173,7,3.5,3.0,2.8372488,6,173
24371,ds005280,sub-173,ds005280__sub-173,8,4.0,3.0,2.8811479,7,173
24372,ds005280,sub-173,ds005280__sub-173,9,3.5,3.0,3.0044448,8,173
24373,ds005280,sub-173,ds005280__sub-173,10,4.0,3.0,3.0438204,9,173
24374,ds005280,sub-173,ds005280__sub-173,11,3.5,3.0,3.12559,10,173
24375,ds005280,sub-173,ds005280__sub-173,12,4.0,3.0,3.180628,11,173
24376,ds005280,sub-173,ds005280__sub-173,13,4.0,3.0,3.249601,12,173
24377,ds005280,sub-173,ds005280__sub-173,14,3.5,3.0,3.2101474,13,173
24378,ds005280,sub-173,ds005280__sub-173,15,3.5,3.75,3.268117,14,173
24379,ds005280,sub-173,ds005280__sub-173,16,3.5,3.75,3.1737528,12,173
24380,ds005280,sub-173,ds005280__sub-173,17,3.5,3.75,3.2405403,13,173
24381,ds005280,sub-173,ds005280__sub-173,18,4.0,3.75,3.247723,14,173
24382,ds005280,sub-173,ds005280__sub-173,19,4.0,3.75,3.2152534,15,173
24383,ds005280,sub-173,ds005280__sub-173,20,4.0,3.75,3.1413496,13,173
24384,ds005280,sub-174,ds005280__sub-174,0,3.0,3.0,3.4699714,0,174
24385,ds005280,sub-174,ds005280__sub-174,1,3.5,4.0,3.6791182,1,174
24386,ds005280,sub-174,ds005280__sub-174,2,3.5,4.0,3.6578305,2,174
24387,ds005280,sub-174,ds005280__sub-174,3,3.5,3.5,3.5790644,3,174
24388,ds005280,sub-174,ds005280__sub-174,4,3.5,3.5,3.4524522,4,174
24389,ds005280,sub-174,ds005280__sub-174,5,3.0,3.0,3.218082,5,174
24390,ds005280,sub-174,ds005280__sub-174,6,3.0,3.0,3.229546,6,174
24391,ds005280,sub-174,ds005280__sub-174,7,3.0,3.0,3.2001877,7,174
24392,ds005280,sub-174,ds005280__sub-174,8,3.0,3.0,3.1807716,8,174
24393,ds005280,sub-174,ds005280__sub-174,9,3.5,3.0,3.1778052,0,174
24394,ds005280,sub-174,ds005280__sub-174,10,3.0,3.5,3.1845574,0,174
24395,ds005280,sub-174,ds005280__sub-174,11,3.5,3.5,3.2162957,1,174
24396,ds005280,sub-174,ds005280__sub-174,12,3.0,3.5,3.2277877,0,174
24397,ds005280,sub-174,ds005280__sub-174,13,3.5,3.5,3.2209954,1,174
24398,ds005280,sub-174,ds005280__sub-174,14,3.0,3.0,3.2666082,0,174
24399,ds005280,sub-174,ds005280__sub-174,15,3.0,3.0,3.251212,1,174
24400,ds005280,sub-174,ds005280__sub-174,16,3.5,3.0,3.1067219,2,174
24401,ds005280,sub-174,ds005280__sub-174,17,3.0,3.0,3.0473566,3,174
24402,ds005280,sub-174,ds005280__sub-174,18,3.5,3.0,3.1089284,13,174
24403,ds005280,sub-174,ds005280__sub-174,19,3.5,3.5,3.2553306,0,174
24404,ds005280,sub-174,ds005280__sub-174,20,3.0,3.5,3.300264,3,174
24405,ds005280,sub-174,ds005280__sub-174,21,3.0,3.5,3.3058949,4,174
24406,ds005280,sub-174,ds005280__sub-174,22,3.0,3.5,3.3038993,5,174
24407,ds005280,sub-174,ds005280__sub-174,23,3.5,3.5,3.2907743,6,174
24408,ds005280,sub-174,ds005280__sub-174,24,3.0,3.5,3.2509232,7,174
24409,ds005280,sub-174,ds005280__sub-174,25,3.5,3.5,3.3558002,0,174
24410,ds005280,sub-174,ds005280__sub-174,26,3.5,3.5,3.3501215,1,174
24411,ds005280,sub-174,ds005280__sub-174,27,3.5,3.5,3.3318443,0,174
24412,ds005280,sub-175,ds005280__sub-175,0,3.0,3.5,3.5614467,0,175
24413,ds005280,sub-175,ds005280__sub-175,1,3.5,3.5,3.5602016,0,175
24414,ds005280,sub-175,ds005280__sub-175,2,3.5,4.0,3.7049522,1,175
24415,ds005280,sub-175,ds005280__sub-175,3,3.0,4.0,3.6438854,2,175
24416,ds005280,sub-175,ds005280__sub-175,4,3.0,3.5,3.5396404,3,175
24417,ds005280,sub-175,ds005280__sub-175,5,3.0,3.5,3.4920077,4,175
24418,ds005280,sub-175,ds005280__sub-175,6,3.0,3.5,3.4914646,5,175
24419,ds005280,sub-175,ds005280__sub-175,7,3.5,3.5,3.4960372,6,175
24420,ds005280,sub-175,ds005280__sub-175,8,3.0,3.5,3.4640217,7,175
24421,ds005280,sub-175,ds005280__sub-175,9,3.5,3.5,3.4785764,0,175
24422,ds005280,sub-175,ds005280__sub-175,10,3.0,3.5,3.504066,1,175
24423,ds005280,sub-175,ds005280__sub-175,11,3.0,3.5,3.4770565,0,175
24424,ds005280,sub-175,ds005280__sub-175,12,3.0,3.5,3.4975703,1,175
24425,ds005280,sub-175,ds005280__sub-175,13,3.5,3.5,3.50591,2,175
24426,ds005280,sub-175,ds005280__sub-175,14,3.5,3.5,3.52107,3,175
24427,ds005280,sub-175,ds005280__sub-175,15,3.0,3.5,3.461452,0,175
24428,ds005280,sub-175,ds005280__sub-175,16,3.5,3.5,3.4062774,1,175
24429,ds005280,sub-175,ds005280__sub-175,17,3.5,3.5,3.300919,2,175
24430,ds005280,sub-175,ds005280__sub-175,18,3.0,3.0,3.071291,3,175
24431,ds005280,sub-175,ds005280__sub-175,19,3.0,2.0,2.990689,4,175
24432,ds005280,sub-175,ds005280__sub-175,20,3.0,2.0,2.878274,5,175
24433,ds005280,sub-175,ds005280__sub-175,21,3.0,2.0,2.8154287,6,175
24434,ds005280,sub-175,ds005280__sub-175,22,3.5,2.0,2.7354178,0,175
24435,ds005280,sub-175,ds005280__sub-175,23,3.0,2.0,2.7003083,12,175
24436,ds005280,sub-175,ds005280__sub-175,24,3.5,2.0,2.778264,13,175
24437,ds005280,sub-175,ds005280__sub-175,25,3.5,2.5,3.0151029,0,175
24438,ds005280,sub-175,ds005280__sub-175,26,3.5,3.5,3.1681643,0,175
24439,ds005280,sub-176,ds005280__sub-176,0,4.0,3.75,3.594708,0,176
24440,ds005280,sub-176,ds005280__sub-176,1,4.0,3.75,3.6325216,1,176
24441,ds005280,sub-176,ds005280__sub-176,2,3.5,3.75,3.3416157,0,176
24442,ds005280,sub-176,ds005280__sub-176,3,3.5,2.25,3.0787122,1,176
24443,ds005280,sub-176,ds005280__sub-176,4,3.5,2.25,3.109161,2,176
24444,ds005280,sub-176,ds005280__sub-176,5,3.5,3.5,3.1617923,3,176
24445,ds005280,sub-176,ds005280__sub-176,6,4.0,3.5,3.1815186,4,176
24446,ds005280,sub-176,ds005280__sub-176,7,3.5,3.5,3.1956763,5,176
24447,ds005280,sub-176,ds005280__sub-176,8,4.0,4.0,3.2343895,6,176
24448,ds005280,sub-176,ds005280__sub-176,9,3.5,4.0,3.2764943,7,176
24449,ds005280,sub-176,ds005280__sub-176,10,4.0,4.0,3.3073545,8,176
24450,ds005280,sub-176,ds005280__sub-176,11,3.5,4.0,3.3347807,9,176
24451,ds005280,sub-176,ds005280__sub-176,12,3.5,4.0,3.3623924,10,176
24452,ds005280,sub-176,ds005280__sub-176,13,4.0,4.0,3.3732243,11,176
24453,ds005280,sub-176,ds005280__sub-176,14,4.0,4.0,3.3862507,12,176
24454,ds005280,sub-176,ds005280__sub-176,15,3.5,4.0,3.3902445,13,176
24455,ds005280,sub-176,ds005280__sub-176,16,4.0,4.0,3.4058414,0,176
24456,ds005280,sub-176,ds005280__sub-176,17,4.0,4.5,3.4105682,0,176
24457,ds005280,sub-176,ds005280__sub-176,18,3.5,4.5,3.3719466,1,176
24458,ds005280,sub-176,ds005280__sub-176,19,3.5,4.5,3.3347228,0,176
24459,ds005280,sub-176,ds005280__sub-176,20,3.5,4.5,3.380956,1,176
24460,ds005280,sub-176,ds005280__sub-176,21,3.5,4.5,3.3215084,0,176
24461,ds005280,sub-176,ds005280__sub-176,22,4.0,4.5,3.3334675,15,176
24462,ds005280,sub-176,ds005280__sub-176,23,3.5,4.0,3.2442193,15,176
24463,ds005280,sub-176,ds005280__sub-176,24,4.0,4.0,3.246358,15,176
24464,ds005280,sub-176,ds005280__sub-176,25,4.0,4.0,3.302917,13,176
24465,ds005280,sub-176,ds005280__sub-176,26,4.0,4.0,3.2324114,14,176
24466,ds005280,sub-177,ds005280__sub-177,0,3.0,3.75,3.4722848,0,177
24467,ds005280,sub-177,ds005280__sub-177,1,3.5,3.5,3.4966483,0,177
24468,ds005280,sub-177,ds005280__sub-177,2,3.5,3.5,3.3908792,2,177
24469,ds005280,sub-177,ds005280__sub-177,3,3.5,3.5,3.1893747,3,177
24470,ds005280,sub-177,ds005280__sub-177,4,3.0,3.5,3.0671349,3,177
24471,ds005280,sub-177,ds005280__sub-177,5,3.0,2.0,3.0300112,4,177
24472,ds005280,sub-177,ds005280__sub-177,6,3.0,2.0,3.0212138,5,177
24473,ds005280,sub-177,ds005280__sub-177,7,3.0,2.0,3.00768,6,177
24474,ds005280,sub-177,ds005280__sub-177,8,3.5,2.0,3.0062404,7,177
24475,ds005280,sub-177,ds005280__sub-177,9,3.0,2.0,3.0227861,8,177
24476,ds005280,sub-177,ds005280__sub-177,10,3.5,2.0,3.0515876,9,177
24477,ds005280,sub-177,ds005280__sub-177,11,3.0,2.0,3.0733767,10,177
24478,ds005280,sub-177,ds005280__sub-177,12,3.5,2.0,3.1069937,11,177
24479,ds005280,sub-177,ds005280__sub-177,13,3.0,2.0,3.1195226,12,177
24480,ds005280,sub-177,ds005280__sub-177,14,3.0,2.0,3.1359048,13,177
24481,ds005280,sub-177,ds005280__sub-177,15,3.5,2.0,3.1514618,14,177
24482,ds005280,sub-177,ds005280__sub-177,16,3.5,3.0,3.1537957,15,177
24483,ds005280,sub-177,ds005280__sub-177,17,3.0,2.0,3.1397355,15,177
24484,ds005280,sub-177,ds005280__sub-177,18,3.5,2.0,3.1309123,11,177
24485,ds005280,sub-177,ds005280__sub-177,19,3.5,2.5,3.1298265,12,177
24486,ds005280,sub-177,ds005280__sub-177,20,3.0,2.5,3.1301398,13,177
24487,ds005280,sub-177,ds005280__sub-177,21,3.0,2.5,3.1100059,14,177
24488,ds005280,sub-177,ds005280__sub-177,22,3.0,2.0,3.1069489,13,177
24489,ds005280,sub-177,ds005280__sub-177,23,3.0,2.5,3.1022115,14,177
24490,ds005280,sub-177,ds005280__sub-177,24,3.5,2.5,3.1001868,15,177
24491,ds005280,sub-177,ds005280__sub-177,25,3.0,2.5,3.0956898,13,177
24492,ds005280,sub-177,ds005280__sub-177,26,3.5,2.5,3.105658,15,177
24493,ds005280,sub-177,ds005280__sub-177,27,3.5,2.5,3.1163979,15,177
24494,ds005280,sub-178,ds005280__sub-178,0,3.5,3.75,3.4639795,0,178
24495,ds005280,sub-178,ds005280__sub-178,1,4.0,3.75,3.456118,1,178
24496,ds005280,sub-178,ds005280__sub-178,2,4.0,3.75,3.309517,2,178
24497,ds005280,sub-178,ds005280__sub-178,3,4.0,4.0,3.1548333,3,178
24498,ds005280,sub-178,ds005280__sub-178,4,4.0,2.25,3.1451173,4,178
24499,ds005280,sub-178,ds005280__sub-178,5,3.5,2.25,3.144418,5,178
24500,ds005280,sub-178,ds005280__sub-178,6,3.5,2.25,3.1472454,6,178
24501,ds005280,sub-178,ds005280__sub-178,7,3.5,2.25,3.1396961,7,178
24502,ds005280,sub-178,ds005280__sub-178,8,3.5,2.25,3.141666,8,178
24503,ds005280,sub-178,ds005280__sub-178,9,4.0,2.25,3.1523404,9,178
24504,ds005280,sub-178,ds005280__sub-178,10,3.5,2.25,3.1504934,10,178
24505,ds005280,sub-178,ds005280__sub-178,11,3.5,2.25,3.1429205,11,178
24506,ds005280,sub-178,ds005280__sub-178,12,4.0,2.25,3.1507044,12,178
24507,ds005280,sub-178,ds005280__sub-178,13,3.5,2.25,3.15799,13,178
24508,ds005280,sub-178,ds005280__sub-178,14,3.5,2.25,3.162355,14,178
24509,ds005280,sub-178,ds005280__sub-178,15,4.0,2.25,3.165681,15,178
24510,ds005280,sub-178,ds005280__sub-178,16,4.0,2.25,3.1417325,14,178
24511,ds005280,sub-178,ds005280__sub-178,17,3.5,2.5,3.1417398,15,178
24512,ds005280,sub-178,ds005280__sub-178,18,4.0,2.5,3.1559877,15,178
24513,ds005280,sub-178,ds005280__sub-178,19,4.0,2.5,3.1410556,15,178
24514,ds005280,sub-178,ds005280__sub-178,20,3.5,2.0,3.1335845,14,178
24515,ds005280,sub-178,ds005280__sub-178,21,3.5,2.0,3.1073098,15,178
24516,ds005280,sub-178,ds005280__sub-178,22,3.5,2.0,3.090231,14,178
24517,ds005280,sub-178,ds005280__sub-178,23,3.5,2.0,3.0869255,15,178
24518,ds005280,sub-178,ds005280__sub-178,24,4.0,2.0,3.0863338,14,178
24519,ds005280,sub-178,ds005280__sub-178,25,3.5,3.0,3.117579,12,178
24520,ds005280,sub-178,ds005280__sub-178,26,4.0,3.0,3.120762,15,178
24521,ds005280,sub-178,ds005280__sub-178,27,4.0,3.0,3.1220999,14,178
24522,ds005280,sub-178,ds005280__sub-178,28,4.0,3.0,3.134896,15,178
24523,ds005280,sub-179,ds005280__sub-179,0,3.5,3.5,3.4710827,0,179
24524,ds005280,sub-179,ds005280__sub-179,1,4.0,4.0,3.487893,1,179
24525,ds005280,sub-179,ds005280__sub-179,2,4.0,4.0,3.321467,2,179
24526,ds005280,sub-179,ds005280__sub-179,3,4.0,4.0,3.1794653,3,179
24527,ds005280,sub-179,ds005280__sub-179,4,4.0,4.0,3.097817,4,179
24528,ds005280,sub-179,ds005280__sub-179,5,3.5,4.0,3.0780854,5,179
24529,ds005280,sub-179,ds005280__sub-179,6,3.5,3.5,3.0711336,6,179
24530,ds005280,sub-179,ds005280__sub-179,7,3.5,3.5,3.0713558,7,179
24531,ds005280,sub-179,ds005280__sub-179,8,3.5,3.5,3.0746365,8,179
24532,ds005280,sub-179,ds005280__sub-179,9,4.0,3.5,3.0875337,9,179
24533,ds005280,sub-179,ds005280__sub-179,10,3.5,3.5,3.0934844,10,179
24534,ds005280,sub-179,ds005280__sub-179,11,4.0,3.5,3.1036346,11,179
24535,ds005280,sub-179,ds005280__sub-179,12,3.5,3.5,3.1138217,11,179
24536,ds005280,sub-179,ds005280__sub-179,13,4.0,3.5,3.1272352,12,179
24537,ds005280,sub-179,ds005280__sub-179,14,3.5,3.5,3.135814,13,179
24538,ds005280,sub-179,ds005280__sub-179,15,3.5,2.5,3.1408849,14,179
24539,ds005280,sub-179,ds005280__sub-179,16,4.0,3.5,3.1468797,14,179
24540,ds005280,sub-179,ds005280__sub-179,17,4.0,2.5,3.1542811,14,179
24541,ds005280,sub-179,ds005280__sub-179,18,3.5,2.5,3.15519,12,179
24542,ds005280,sub-179,ds005280__sub-179,19,4.0,2.5,3.16994,13,179
24543,ds005280,sub-179,ds005280__sub-179,20,4.0,2.5,3.1860094,14,179
24544,ds005280,sub-179,ds005280__sub-179,21,3.5,4.5,3.1974857,14,179
24545,ds005280,sub-179,ds005280__sub-179,22,3.5,4.5,3.1948752,15,179
24546,ds005280,sub-179,ds005280__sub-179,23,3.5,4.5,3.2027793,14,179
24547,ds005280,sub-179,ds005280__sub-179,24,3.5,2.5,3.1919575,15,179
24548,ds005280,sub-179,ds005280__sub-179,25,4.0,2.5,3.2038465,14,179
24549,ds005280,sub-179,ds005280__sub-179,26,3.5,2.5,3.197277,15,179
24550,ds005280,sub-179,ds005280__sub-179,27,4.0,2.5,3.1818466,14,179
24551,ds005280,sub-179,ds005280__sub-179,28,4.0,4.0,3.1564302,14,179
24552,ds005280,sub-179,ds005280__sub-179,29,4.0,4.0,3.156114,15,179
24553,ds005280,sub-180,ds005280__sub-180,0,3.5,3.5,3.4318156,0,180
24554,ds005280,sub-180,ds005280__sub-180,1,4.0,3.5,3.1865435,0,180
24555,ds005280,sub-180,ds005280__sub-180,2,4.0,3.5,3.3936298,1,180
24556,ds005280,sub-180,ds005280__sub-180,3,4.0,4.0,3.7177908,0,180
24557,ds005280,sub-180,ds005280__sub-180,4,4.0,4.0,3.784525,0,180
24558,ds005280,sub-180,ds005280__sub-180,5,3.5,4.0,3.6973329,1,180
24559,ds005280,sub-180,ds005280__sub-180,6,3.5,3.5,3.533259,2,180
24560,ds005280,sub-180,ds005280__sub-180,7,3.5,3.5,3.5268497,3,180
24561,ds005280,sub-180,ds005280__sub-180,8,3.5,3.5,3.515751,0,180
24562,ds005280,sub-180,ds005280__sub-180,9,4.0,3.5,3.5809507,0,180
24563,ds005280,sub-180,ds005280__sub-180,10,3.5,3.5,3.4433131,0,180
24564,ds005280,sub-180,ds005280__sub-180,11,4.0,4.0,3.7338476,0,180
24565,ds005280,sub-180,ds005280__sub-180,12,3.5,4.0,3.6692698,1,180
24566,ds005280,sub-180,ds005280__sub-180,13,4.0,4.0,3.6505399,2,180
24567,ds005280,sub-180,ds005280__sub-180,14,3.5,3.5,3.612582,3,180
24568,ds005280,sub-180,ds005280__sub-180,15,3.5,3.5,3.5235353,0,180
24569,ds005280,sub-180,ds005280__sub-180,16,4.0,3.5,3.5467038,0,180
24570,ds005280,sub-180,ds005280__sub-180,17,4.0,3.5,3.518906,1,180
24571,ds005280,sub-180,ds005280__sub-180,18,3.5,3.5,3.2776947,0,180
24572,ds005280,sub-180,ds005280__sub-180,19,4.0,3.5,3.3513875,3,180
24573,ds005280,sub-180,ds005280__sub-180,20,4.0,3.5,3.2695093,1,180
24574,ds005280,sub-180,ds005280__sub-180,21,3.5,3.5,3.4341905,2,180
24575,ds005280,sub-180,ds005280__sub-180,22,3.5,3.5,3.4282937,0,180
24576,ds005280,sub-180,ds005280__sub-180,23,3.5,3.5,3.3654256,1,180
24577,ds005280,sub-180,ds005280__sub-180,24,3.5,3.5,3.2778807,2,180
24578,ds005280,sub-180,ds005280__sub-180,25,4.0,3.5,3.398818,0,180
24579,ds005280,sub-180,ds005280__sub-180,26,3.5,3.5,3.4227118,0,180
24580,ds005280,sub-180,ds005280__sub-180,27,4.0,3.5,3.4848592,0,180
24581,ds005280,sub-180,ds005280__sub-180,28,4.0,3.5,3.483099,0,180
24582,ds005280,sub-180,ds005280__sub-180,29,4.0,3.5,3.5627053,0,180
24583,ds005280,sub-181,ds005280__sub-181,0,3.5,3.75,3.5249057,0,181
24584,ds005280,sub-181,ds005280__sub-181,1,4.0,3.5,3.5626967,1,181
24585,ds005280,sub-181,ds005280__sub-181,2,4.0,4.0,3.526099,2,181
24586,ds005280,sub-181,ds005280__sub-181,3,4.0,4.0,3.1357727,3,181
24587,ds005280,sub-181,ds005280__sub-181,4,4.0,3.5,3.0858579,4,181
24588,ds005280,sub-181,ds005280__sub-181,5,3.5,3.5,3.064697,5,181
24589,ds005280,sub-181,ds005280__sub-181,6,3.5,3.5,3.055876,6,181
24590,ds005280,sub-181,ds005280__sub-181,7,3.5,3.5,3.0611715,7,181
24591,ds005280,sub-181,ds005280__sub-181,8,3.5,3.5,3.0736866,8,181
24592,ds005280,sub-181,ds005280__sub-181,9,4.0,3.5,3.0911927,9,181
24593,ds005280,sub-181,ds005280__sub-181,10,3.5,3.5,3.0942204,10,181
24594,ds005280,sub-181,ds005280__sub-181,11,4.0,3.5,3.1183949,11,181
24595,ds005280,sub-181,ds005280__sub-181,12,3.5,4.0,3.1453705,12,181
24596,ds005280,sub-181,ds005280__sub-181,13,4.0,4.0,3.1715465,13,181
24597,ds005280,sub-181,ds005280__sub-181,14,3.5,4.0,3.2006187,14,181
24598,ds005280,sub-181,ds005280__sub-181,15,3.5,4.0,3.2209284,15,181
24599,ds005280,sub-181,ds005280__sub-181,16,4.0,4.0,3.2438607,14,181
24600,ds005280,sub-181,ds005280__sub-181,17,4.0,4.0,3.2404575,15,181
24601,ds005280,sub-181,ds005280__sub-181,18,3.5,4.0,3.2420495,14,181
24602,ds005280,sub-181,ds005280__sub-181,19,4.0,4.0,3.2719831,13,181
24603,ds005280,sub-181,ds005280__sub-181,20,4.0,4.0,3.253185,14,181
24604,ds005280,sub-181,ds005280__sub-181,21,3.5,3.5,3.187928,14,181
24605,ds005280,sub-181,ds005280__sub-181,22,3.5,4.0,3.181375,14,181
24606,ds005280,sub-181,ds005280__sub-181,23,3.5,4.0,3.1593485,15,181
24607,ds005280,sub-181,ds005280__sub-181,24,3.5,3.5,3.1546981,14,181
24608,ds005280,sub-181,ds005280__sub-181,25,4.0,3.5,3.154416,15,181
24609,ds005280,sub-181,ds005280__sub-181,26,3.5,3.5,3.1370153,12,181
24610,ds005280,sub-181,ds005280__sub-181,27,4.0,3.5,3.1379805,13,181
24611,ds005280,sub-181,ds005280__sub-181,28,4.0,3.5,3.1362648,14,181
24612,ds005280,sub-181,ds005280__sub-181,29,4.0,3.5,3.1423092,15,181
24613,ds005280,sub-182,ds005280__sub-182,0,3.0,3.5,3.5255659,0,182
24614,ds005280,sub-182,ds005280__sub-182,1,3.5,3.5,3.562717,1,182
24615,ds005280,sub-182,ds005280__sub-182,2,3.5,4.0,3.6814709,2,182
24616,ds005280,sub-182,ds005280__sub-182,3,3.5,4.0,3.4164872,3,182
24617,ds005280,sub-182,ds005280__sub-182,4,3.5,4.0,3.2760606,3,182
24618,ds005280,sub-182,ds005280__sub-182,5,3.0,2.25,3.2425985,4,182
24619,ds005280,sub-182,ds005280__sub-182,6,3.0,2.25,3.208029,5,182
24620,ds005280,sub-182,ds005280__sub-182,7,3.0,2.25,3.2432947,6,182
24621,ds005280,sub-182,ds005280__sub-182,8,3.0,2.25,3.2443943,7,182
24622,ds005280,sub-182,ds005280__sub-182,9,3.5,2.25,3.2540028,8,182
24623,ds005280,sub-182,ds005280__sub-182,10,3.0,2.25,3.303158,9,182
24624,ds005280,sub-182,ds005280__sub-182,11,3.5,2.25,3.38212,10,182
24625,ds005280,sub-182,ds005280__sub-182,12,3.0,3.75,3.4244103,11,182
24626,ds005280,sub-182,ds005280__sub-182,13,3.5,3.75,3.456495,12,182
24627,ds005280,sub-182,ds005280__sub-182,14,3.0,3.75,3.4687157,13,182
24628,ds005280,sub-182,ds005280__sub-182,15,3.0,3.75,3.4807098,14,182
24629,ds005280,sub-182,ds005280__sub-182,16,3.5,3.75,3.4971786,15,182
24630,ds005280,sub-182,ds005280__sub-182,17,3.5,3.75,3.505867,13,182
24631,ds005280,sub-182,ds005280__sub-182,18,3.0,3.75,3.4861124,14,182
24632,ds005280,sub-182,ds005280__sub-182,19,3.5,3.75,3.4410229,14,182
24633,ds005280,sub-182,ds005280__sub-182,20,3.5,3.75,3.4672232,13,182
24634,ds005280,sub-182,ds005280__sub-182,21,3.0,3.75,3.4937248,14,182
24635,ds005280,sub-182,ds005280__sub-182,22,3.0,3.75,3.45928,15,182
24636,ds005280,sub-182,ds005280__sub-182,23,3.0,3.75,3.4792504,13,182
24637,ds005280,sub-182,ds005280__sub-182,24,3.0,3.75,3.5110512,13,182
24638,ds005280,sub-182,ds005280__sub-182,25,3.5,3.75,3.5164967,14,182
24639,ds005280,sub-182,ds005280__sub-182,26,3.0,3.75,3.5501814,15,182
24640,ds005280,sub-182,ds005280__sub-182,27,3.5,3.75,3.5455294,1,182
24641,ds005280,sub-182,ds005280__sub-182,28,3.5,3.75,3.5527477,2,182
24642,ds005280,sub-182,ds005280__sub-182,29,3.5,3.75,3.5483537,13,182
24643,ds005280,sub-183,ds005280__sub-183,0,3.0,3.5,3.4883137,0,183
24644,ds005280,sub-183,ds005280__sub-183,1,3.5,3.5,3.6877599,0,183
24645,ds005280,sub-183,ds005280__sub-183,2,3.5,4.0,3.6270556,2,183
24646,ds005280,sub-183,ds005280__sub-183,3,3.5,3.5,3.395121,3,183
24647,ds005280,sub-183,ds005280__sub-183,4,3.5,3.5,3.34652,3,183
24648,ds005280,sub-183,ds005280__sub-183,5,3.0,3.5,3.300725,4,183
24649,ds005280,sub-183,ds005280__sub-183,6,3.0,3.5,3.2769225,5,183
24650,ds005280,sub-183,ds005280__sub-183,7,3.0,3.5,3.2541566,6,183
24651,ds005280,sub-183,ds005280__sub-183,8,3.0,3.5,3.2746687,7,183
24652,ds005280,sub-183,ds005280__sub-183,9,3.5,3.5,3.2981827,8,183
24653,ds005280,sub-183,ds005280__sub-183,10,3.0,3.5,3.3190756,9,183
24654,ds005280,sub-183,ds005280__sub-183,11,3.5,3.5,3.3401508,10,183
24655,ds005280,sub-183,ds005280__sub-183,12,3.0,3.5,3.3586414,11,183
24656,ds005280,sub-183,ds005280__sub-183,13,3.5,3.5,3.3701456,12,183
24657,ds005280,sub-183,ds005280__sub-183,14,3.0,3.5,3.3815732,13,183
24658,ds005280,sub-183,ds005280__sub-183,15,3.5,3.5,3.3909817,14,183
24659,ds005280,sub-183,ds005280__sub-183,16,3.5,3.5,3.379429,15,183
24660,ds005280,sub-183,ds005280__sub-183,17,3.0,3.5,3.388915,15,183
24661,ds005280,sub-183,ds005280__sub-183,18,3.5,3.5,3.3534358,14,183
24662,ds005280,sub-183,ds005280__sub-183,19,3.5,3.5,3.3288155,14,183
24663,ds005280,sub-183,ds005280__sub-183,20,3.0,3.5,3.3015647,14,183
24664,ds005280,sub-183,ds005280__sub-183,21,3.0,3.5,3.3155556,13,183
24665,ds005280,sub-183,ds005280__sub-183,22,3.0,3.5,3.304987,13,183
24666,ds005280,sub-183,ds005280__sub-183,23,3.0,3.5,3.3111567,14,183
24667,ds005280,sub-183,ds005280__sub-183,24,3.5,3.5,3.3066473,15,183
24668,ds005280,sub-183,ds005280__sub-183,25,3.0,3.5,3.2915723,13,183
24669,ds005280,sub-183,ds005280__sub-183,26,3.5,3.5,3.328548,14,183
24670,ds005280,sub-183,ds005280__sub-183,27,3.5,3.5,3.3794265,15,183
24671,ds005280,sub-184,ds005280__sub-184,0,3.5,3.5,3.409931,0,184
24672,ds005280,sub-184,ds005280__sub-184,1,4.0,3.5,3.6038787,1,184
24673,ds005280,sub-184,ds005280__sub-184,2,4.0,4.0,3.6879623,2,184
24674,ds005280,sub-184,ds005280__sub-184,3,4.0,4.0,3.5870912,3,184
24675,ds005280,sub-184,ds005280__sub-184,4,4.0,4.0,3.4727707,4,184
24676,ds005280,sub-184,ds005280__sub-184,5,3.5,3.5,3.4131389,5,184
24677,ds005280,sub-184,ds005280__sub-184,6,3.5,3.5,3.4205546,6,184
24678,ds005280,sub-184,ds005280__sub-184,7,3.5,3.5,3.411546,7,184
24679,ds005280,sub-184,ds005280__sub-184,8,3.5,3.5,3.408592,8,184
24680,ds005280,sub-184,ds005280__sub-184,9,4.0,3.5,3.439773,9,184
24681,ds005280,sub-184,ds005280__sub-184,10,3.5,3.5,3.441352,10,184
24682,ds005280,sub-184,ds005280__sub-184,11,4.0,4.0,3.451353,11,184
24683,ds005280,sub-184,ds005280__sub-184,12,3.5,4.0,3.4590228,12,184
24684,ds005280,sub-184,ds005280__sub-184,13,4.0,4.0,3.4733083,13,184
24685,ds005280,sub-184,ds005280__sub-184,14,3.5,4.0,3.477508,14,184
24686,ds005280,sub-184,ds005280__sub-184,15,3.5,4.0,3.4893668,15,184
24687,ds005280,sub-184,ds005280__sub-184,16,4.0,4.0,3.5088077,14,184
24688,ds005280,sub-184,ds005280__sub-184,17,4.0,4.0,3.518383,15,184
24689,ds005280,sub-184,ds005280__sub-184,18,3.5,4.0,3.5283184,15,184
24690,ds005280,sub-184,ds005280__sub-184,19,4.0,4.0,3.5124264,15,184
24691,ds005280,sub-184,ds005280__sub-184,20,4.0,4.0,3.5146594,14,184
24692,ds005280,sub-184,ds005280__sub-184,21,3.5,4.0,3.4977436,15,184
24693,ds005280,sub-184,ds005280__sub-184,22,3.5,4.0,3.5212975,3,184
24694,ds005280,sub-184,ds005280__sub-184,23,3.5,3.0,3.5067592,4,184
24695,ds005280,sub-184,ds005280__sub-184,24,3.5,3.0,3.487237,15,184
24696,ds005280,sub-184,ds005280__sub-184,25,4.0,3.0,3.4660885,14,184
24697,ds005280,sub-184,ds005280__sub-184,26,3.5,3.0,3.4493146,15,184
24698,ds005280,sub-184,ds005280__sub-184,27,4.0,4.0,3.4302619,14,184
24699,ds005280,sub-184,ds005280__sub-184,28,4.0,4.0,3.434168,15,184
24700,ds005280,sub-184,ds005280__sub-184,29,4.0,4.0,3.4109936,15,184
24701,ds005280,sub-185,ds005280__sub-185,0,3.0,3.75,3.5671563,0,185
24702,ds005280,sub-185,ds005280__sub-185,1,3.5,4.0,3.6772907,1,185
24703,ds005280,sub-185,ds005280__sub-185,2,3.5,4.0,3.7652495,0,185
24704,ds005280,sub-185,ds005280__sub-185,3,3.5,4.0,3.625342,1,185
24705,ds005280,sub-185,ds005280__sub-185,4,3.5,3.5,3.4263692,2,185
24706,ds005280,sub-185,ds005280__sub-185,5,3.0,3.0,3.2642732,0,185
24707,ds005280,sub-185,ds005280__sub-185,6,3.0,3.0,3.2260537,1,185
24708,ds005280,sub-185,ds005280__sub-185,7,3.0,3.0,3.229444,0,185
24709,ds005280,sub-185,ds005280__sub-185,8,3.0,3.0,3.1842134,1,185
24710,ds005280,sub-185,ds005280__sub-185,9,3.5,3.5,3.2814937,0,185
24711,ds005280,sub-185,ds005280__sub-185,10,3.0,3.0,2.8916233,0,185
24712,ds005280,sub-185,ds005280__sub-185,11,3.5,3.0,2.8456843,1,185
24713,ds005280,sub-185,ds005280__sub-185,12,3.0,3.0,2.9061038,2,185
24714,ds005280,sub-185,ds005280__sub-185,13,3.5,3.5,3.132155,0,185
24715,ds005280,sub-185,ds005280__sub-185,14,3.0,3.5,3.233563,1,185
24716,ds005280,sub-185,ds005280__sub-185,15,3.0,3.0,3.0850267,2,185
24717,ds005280,sub-185,ds005280__sub-185,16,3.5,3.0,3.0519986,3,185
24718,ds005280,sub-185,ds005280__sub-185,17,3.5,2.0,2.9173768,3,185
24719,ds005280,sub-185,ds005280__sub-185,18,3.0,3.0,2.9464867,1,185
24720,ds005280,sub-185,ds005280__sub-185,19,3.5,3.0,3.1768494,2,185
24721,ds005280,sub-185,ds005280__sub-185,20,3.5,3.5,3.256169,3,185
24722,ds005280,sub-185,ds005280__sub-185,21,3.0,3.0,3.0178852,4,185
24723,ds005280,sub-185,ds005280__sub-185,22,3.0,3.0,3.1461864,5,185
24724,ds005280,sub-185,ds005280__sub-185,23,3.0,3.5,3.1739247,6,185
24725,ds005280,sub-185,ds005280__sub-185,24,3.0,3.5,3.2416406,7,185
24726,ds005280,sub-185,ds005280__sub-185,25,3.5,3.5,3.270255,0,185
24727,ds005280,sub-185,ds005280__sub-185,26,3.0,3.5,3.2528996,1,185
24728,ds005280,sub-185,ds005280__sub-185,27,3.5,3.5,3.2638955,2,185
24729,ds005280,sub-185,ds005280__sub-185,28,3.5,3.5,3.1785247,3,185
24730,ds005280,sub-185,ds005280__sub-185,29,3.5,3.5,3.1483777,1,185
24731,ds005280,sub-186,ds005280__sub-186,0,3.5,4.0,3.42014,0,186
24732,ds005280,sub-186,ds005280__sub-186,1,4.0,4.0,3.3892145,1,186
24733,ds005280,sub-186,ds005280__sub-186,2,4.0,4.0,3.1054754,2,186
24734,ds005280,sub-186,ds005280__sub-186,3,4.0,2.0,3.082899,3,186
24735,ds005280,sub-186,ds005280__sub-186,4,4.0,2.0,3.0161748,4,186
24736,ds005280,sub-186,ds005280__sub-186,5,3.5,2.0,3.0447474,5,186
24737,ds005280,sub-186,ds005280__sub-186,6,3.5,2.0,3.0262341,6,186
24738,ds005280,sub-186,ds005280__sub-186,7,3.5,2.0,3.0211496,7,186
24739,ds005280,sub-186,ds005280__sub-186,8,3.5,2.0,3.0135448,8,186
24740,ds005280,sub-186,ds005280__sub-186,9,4.0,2.0,3.0743413,9,186
24741,ds005280,sub-186,ds005280__sub-186,10,3.5,2.0,3.1245358,10,186
24742,ds005280,sub-186,ds005280__sub-186,11,4.0,4.5,3.1701865,11,186
24743,ds005280,sub-186,ds005280__sub-186,12,3.5,4.5,3.1907778,12,186
24744,ds005280,sub-186,ds005280__sub-186,13,4.0,4.5,3.2056432,13,186
24745,ds005280,sub-186,ds005280__sub-186,14,3.5,4.5,3.2176766,14,186
24746,ds005280,sub-186,ds005280__sub-186,15,3.5,4.5,3.2176323,15,186
24747,ds005280,sub-186,ds005280__sub-186,16,4.0,4.5,3.230676,14,186
24748,ds005280,sub-186,ds005280__sub-186,17,4.0,2.0,3.1657958,15,186
24749,ds005280,sub-186,ds005280__sub-186,18,3.5,2.25,3.1435003,15,186
24750,ds005280,sub-186,ds005280__sub-186,19,4.0,2.25,3.1472397,13,186
24751,ds005280,sub-186,ds005280__sub-186,20,4.0,2.25,3.1758387,13,186
24752,ds005280,sub-186,ds005280__sub-186,21,3.5,2.25,3.1568189,15,186
24753,ds005280,sub-186,ds005280__sub-186,22,3.5,2.25,3.1441865,15,186
24754,ds005280,sub-186,ds005280__sub-186,23,3.5,2.25,3.1576424,15,186
24755,ds005280,sub-186,ds005280__sub-186,24,3.5,2.0,3.0929856,15,186
24756,ds005280,sub-186,ds005280__sub-186,25,4.0,2.0,3.0833774,15,186
24757,ds005280,sub-186,ds005280__sub-186,26,3.5,2.25,3.0959063,13,186
24758,ds005280,sub-186,ds005280__sub-186,27,4.0,2.0,3.1153994,15,186
24759,ds005280,sub-186,ds005280__sub-186,28,4.0,2.25,3.11234,15,186
24760,ds005280,sub-186,ds005280__sub-186,29,4.0,2.25,3.1631844,13,186
24761,ds005280,sub-187,ds005280__sub-187,0,3.5,3.75,3.5994353,0,187
24762,ds005280,sub-187,ds005280__sub-187,1,4.0,3.75,3.6317496,0,187
24763,ds005280,sub-187,ds005280__sub-187,2,4.0,4.0,3.7331362,0,187
24764,ds005280,sub-187,ds005280__sub-187,3,4.0,4.0,3.6978235,0,187
24765,ds005280,sub-187,ds005280__sub-187,4,3.5,3.5,3.5486107,1,187
24766,ds005280,sub-187,ds005280__sub-187,5,3.5,3.5,3.489388,0,187
24767,ds005280,sub-187,ds005280__sub-187,6,3.5,3.5,3.4540906,1,187
24768,ds005280,sub-187,ds005280__sub-187,7,4.0,3.5,3.4348369,2,187
24769,ds005280,sub-187,ds005280__sub-187,8,3.5,3.5,3.4342468,3,187
24770,ds005280,sub-187,ds005280__sub-187,9,4.0,3.5,3.4659534,4,187
24771,ds005280,sub-187,ds005280__sub-187,10,3.5,3.5,3.4186153,5,187
24772,ds005280,sub-187,ds005280__sub-187,11,4.0,3.5,3.4318657,0,187
24773,ds005280,sub-187,ds005280__sub-187,12,3.5,3.5,3.4460707,0,187
24774,ds005280,sub-187,ds005280__sub-187,13,3.5,3.5,3.4831688,0,187
24775,ds005280,sub-187,ds005280__sub-187,14,4.0,3.5,3.5123544,1,187
24776,ds005280,sub-187,ds005280__sub-187,15,4.0,3.5,3.5232599,0,187
24777,ds005280,sub-187,ds005280__sub-187,16,3.5,3.5,3.4883509,1,187
24778,ds005280,sub-187,ds005280__sub-187,17,4.0,3.5,3.4635677,0,187
24779,ds005280,sub-187,ds005280__sub-187,18,3.5,3.5,3.4095218,3,187
24780,ds005280,sub-187,ds005280__sub-187,19,3.5,3.0,3.1994038,0,187
24781,ds005280,sub-187,ds005280__sub-187,20,3.5,3.5,3.3720922,0,187
24782,ds005280,sub-187,ds005280__sub-187,21,3.5,3.0,3.2960815,1,187
24783,ds005280,sub-187,ds005280__sub-187,22,4.0,3.5,3.3515937,0,187
24784,ds005280,sub-187,ds005280__sub-187,23,3.5,3.5,3.4275334,0,187
24785,ds005280,sub-187,ds005280__sub-187,24,4.0,3.5,3.5017555,0,187
24786,ds005280,sub-187,ds005280__sub-187,25,4.0,3.5,3.5338004,1,187
24787,ds005280,sub-187,ds005280__sub-187,26,4.0,3.5,3.5367153,1,187
24788,ds005280,sub-188,ds005280__sub-188,0,3.0,3.75,3.4790688,0,188
24789,ds005280,sub-188,ds005280__sub-188,1,3.5,4.0,3.7692995,0,188
24790,ds005280,sub-188,ds005280__sub-188,2,3.5,4.0,3.4156227,2,188
24791,ds005280,sub-188,ds005280__sub-188,3,3.5,4.0,3.088717,3,188
24792,ds005280,sub-188,ds005280__sub-188,4,3.5,2.25,2.9999218,4,188
24793,ds005280,sub-188,ds005280__sub-188,5,3.0,2.25,2.9739113,5,188
24794,ds005280,sub-188,ds005280__sub-188,6,3.0,2.25,2.946222,6,188
24795,ds005280,sub-188,ds005280__sub-188,7,3.0,2.25,2.9494176,7,188
24796,ds005280,sub-188,ds005280__sub-188,8,3.0,2.25,2.945013,8,188
24797,ds005280,sub-188,ds005280__sub-188,9,3.5,2.25,2.9666376,9,188
24798,ds005280,sub-188,ds005280__sub-188,10,3.0,2.25,2.9783478,10,188
24799,ds005280,sub-188,ds005280__sub-188,11,3.5,2.25,3.0077968,11,188
24800,ds005280,sub-188,ds005280__sub-188,12,3.0,2.25,3.0349183,12,188
24801,ds005280,sub-188,ds005280__sub-188,13,3.5,2.25,3.0794659,13,188
24802,ds005280,sub-188,ds005280__sub-188,14,3.0,2.5,3.1390963,14,188
24803,ds005280,sub-188,ds005280__sub-188,15,3.0,2.5,3.1621556,15,188
24804,ds005280,sub-188,ds005280__sub-188,16,3.5,2.5,3.1502297,14,188
24805,ds005280,sub-188,ds005280__sub-188,17,3.5,2.5,3.1625876,15,188
24806,ds005280,sub-188,ds005280__sub-188,18,3.0,4.5,3.2094975,15,188
24807,ds005280,sub-188,ds005280__sub-188,19,3.5,4.5,3.2695427,15,188
24808,ds005280,sub-188,ds005280__sub-188,20,3.5,4.5,3.3202698,15,188
24809,ds005280,sub-188,ds005280__sub-188,21,3.0,4.5,3.34607,15,188
24810,ds005280,sub-188,ds005280__sub-188,22,3.0,4.5,3.333794,15,188
24811,ds005280,sub-188,ds005280__sub-188,23,3.0,4.5,3.3520947,14,188
24812,ds005280,sub-188,ds005280__sub-188,24,3.0,4.5,3.3133318,15,188
24813,ds005280,sub-188,ds005280__sub-188,25,3.5,4.5,3.3646548,14,188
24814,ds005280,sub-188,ds005280__sub-188,26,3.0,4.5,3.4043217,15,188
24815,ds005280,sub-188,ds005280__sub-188,27,3.5,4.5,3.4240217,14,188
24816,ds005280,sub-188,ds005280__sub-188,28,3.5,4.5,3.2947226,15,188
24817,ds005280,sub-189,ds005280__sub-189,0,3.0,3.75,3.5637264,0,189
24818,ds005280,sub-189,ds005280__sub-189,1,3.5,4.0,3.6087527,1,189
24819,ds005280,sub-189,ds005280__sub-189,2,3.5,4.0,3.4519825,2,189
24820,ds005280,sub-189,ds005280__sub-189,3,3.5,3.5,3.2672906,3,189
24821,ds005280,sub-189,ds005280__sub-189,4,3.5,3.5,3.1451032,4,189
24822,ds005280,sub-189,ds005280__sub-189,5,3.0,3.5,3.065443,5,189
24823,ds005280,sub-189,ds005280__sub-189,6,3.0,3.5,3.0295618,6,189
24824,ds005280,sub-189,ds005280__sub-189,7,3.0,3.5,2.9980369,7,189
24825,ds005280,sub-189,ds005280__sub-189,8,3.0,2.0,2.976481,8,189
24826,ds005280,sub-189,ds005280__sub-189,9,3.5,2.0,2.9768581,9,189
24827,ds005280,sub-189,ds005280__sub-189,10,3.0,2.0,2.9729285,10,189
24828,ds005280,sub-189,ds005280__sub-189,11,3.5,2.0,2.9765654,11,189
24829,ds005280,sub-189,ds005280__sub-189,12,3.0,2.0,2.9897747,12,189
24830,ds005280,sub-189,ds005280__sub-189,13,3.5,2.0,2.998026,13,189
24831,ds005280,sub-189,ds005280__sub-189,14,3.0,2.0,3.0037467,14,189
24832,ds005280,sub-189,ds005280__sub-189,15,3.0,2.0,3.006963,15,189
24833,ds005280,sub-189,ds005280__sub-189,16,3.5,2.0,2.9940186,15,189
24834,ds005280,sub-189,ds005280__sub-189,17,3.5,2.0,3.003951,15,189
24835,ds005280,sub-189,ds005280__sub-189,18,3.0,2.0,2.9998832,15,189
24836,ds005280,sub-189,ds005280__sub-189,19,3.5,2.0,3.016071,13,189
24837,ds005280,sub-189,ds005280__sub-189,20,3.5,2.0,3.0232928,14,189
24838,ds005280,sub-189,ds005280__sub-189,21,3.0,2.0,3.0458887,14,189
24839,ds005280,sub-189,ds005280__sub-189,22,3.0,2.0,3.0336125,15,189
24840,ds005280,sub-189,ds005280__sub-189,23,3.0,2.0,3.0171003,15,189
24841,ds005280,sub-189,ds005280__sub-189,24,3.0,2.0,3.0296388,15,189
24842,ds005280,sub-189,ds005280__sub-189,25,3.5,2.0,3.0135345,15,189
24843,ds005280,sub-189,ds005280__sub-189,26,3.0,2.0,3.0188022,14,189
24844,ds005280,sub-189,ds005280__sub-189,27,3.5,2.0,3.0289931,15,189
24845,ds005280,sub-189,ds005280__sub-189,28,3.5,2.0,3.0209484,15,189
24846,ds005280,sub-189,ds005280__sub-189,29,3.5,2.0,3.0296426,15,189
24847,ds005280,sub-190,ds005280__sub-190,0,3.0,3.5,3.4931347,0,190
24848,ds005280,sub-190,ds005280__sub-190,1,3.5,3.5,3.6256027,0,190
24849,ds005280,sub-190,ds005280__sub-190,2,3.5,4.0,3.7588081,1,190
24850,ds005280,sub-190,ds005280__sub-190,3,3.5,4.0,3.629136,2,190
24851,ds005280,sub-190,ds005280__sub-190,4,3.5,4.0,3.5585673,3,190
24852,ds005280,sub-190,ds005280__sub-190,5,3.0,4.0,3.4767036,4,190
24853,ds005280,sub-190,ds005280__sub-190,6,3.0,3.5,3.41715,5,190
24854,ds005280,sub-190,ds005280__sub-190,7,3.0,3.5,3.381668,6,190
24855,ds005280,sub-190,ds005280__sub-190,8,3.0,4.0,3.4797363,7,190
24856,ds005280,sub-190,ds005280__sub-190,9,3.5,4.0,3.5057101,8,190
24857,ds005280,sub-190,ds005280__sub-190,10,3.0,4.0,3.5560203,9,190
24858,ds005280,sub-190,ds005280__sub-190,11,3.5,4.0,3.5685625,10,190
24859,ds005280,sub-190,ds005280__sub-190,12,3.0,4.0,3.544782,11,190
24860,ds005280,sub-190,ds005280__sub-190,13,3.0,4.0,3.5494342,12,190
24861,ds005280,sub-190,ds005280__sub-190,14,3.5,4.0,3.593419,0,190
24862,ds005280,sub-190,ds005280__sub-190,15,3.5,4.0,3.609176,1,190
24863,ds005280,sub-190,ds005280__sub-190,16,3.0,4.0,3.5514493,2,190
24864,ds005280,sub-190,ds005280__sub-190,17,3.0,4.0,3.5155845,2,190
24865,ds005280,sub-190,ds005280__sub-190,18,3.0,4.0,3.4895723,3,190
24866,ds005280,sub-190,ds005280__sub-190,19,3.0,4.0,3.5468125,0,190
24867,ds005280,sub-190,ds005280__sub-190,20,3.5,4.0,3.5389323,1,190
24868,ds005280,sub-190,ds005280__sub-190,21,3.0,4.0,3.6000574,0,190
24869,ds005280,sub-190,ds005280__sub-190,22,3.5,4.0,3.596609,1,190
24870,ds005280,sub-190,ds005280__sub-190,23,3.5,4.0,3.623138,2,190
24871,ds005280,sub-191,ds005280__sub-191,0,3.0,3.5,3.363504,0,191
24872,ds005280,sub-191,ds005280__sub-191,1,3.5,3.5,3.3506815,1,191
24873,ds005280,sub-191,ds005280__sub-191,2,3.5,3.5,3.3517632,2,191
24874,ds005280,sub-191,ds005280__sub-191,3,3.5,3.5,3.1314135,3,191
24875,ds005280,sub-191,ds005280__sub-191,4,3.5,3.5,3.014105,4,191
24876,ds005280,sub-191,ds005280__sub-191,5,3.0,2.0,2.995051,4,191
24877,ds005280,sub-191,ds005280__sub-191,6,3.0,2.0,2.9643154,5,191
24878,ds005280,sub-191,ds005280__sub-191,7,3.0,2.0,2.9545825,6,191
24879,ds005280,sub-191,ds005280__sub-191,8,3.0,2.0,2.9395568,7,191
24880,ds005280,sub-191,ds005280__sub-191,9,3.5,2.0,2.9351888,8,191
24881,ds005280,sub-191,ds005280__sub-191,10,3.0,2.0,2.9378972,9,191
24882,ds005280,sub-191,ds005280__sub-191,11,3.5,2.0,2.9452138,10,191
24883,ds005280,sub-191,ds005280__sub-191,12,3.0,2.0,2.9735773,11,191
24884,ds005280,sub-191,ds005280__sub-191,13,3.5,2.0,2.9870744,12,191
24885,ds005280,sub-191,ds005280__sub-191,14,3.0,2.0,2.9992108,14,191
24886,ds005280,sub-191,ds005280__sub-191,15,3.0,2.0,3.0069723,14,191
24887,ds005280,sub-191,ds005280__sub-191,16,3.5,2.0,3.0023608,15,191
24888,ds005280,sub-191,ds005280__sub-191,17,3.5,2.0,2.9913177,14,191
24889,ds005280,sub-191,ds005280__sub-191,18,3.0,2.0,3.0285094,15,191
24890,ds005280,sub-191,ds005280__sub-191,19,3.5,2.0,3.037204,15,191
24891,ds005280,sub-191,ds005280__sub-191,20,3.5,2.0,3.0305927,15,191
24892,ds005280,sub-191,ds005280__sub-191,21,3.0,2.0,3.0508456,15,191
24893,ds005280,sub-191,ds005280__sub-191,22,3.0,2.0,3.042916,15,191
24894,ds005280,sub-191,ds005280__sub-191,23,3.0,2.0,3.0822463,15,191
24895,ds005280,sub-191,ds005280__sub-191,24,3.5,2.0,3.0686355,15,191
24896,ds005280,sub-191,ds005280__sub-191,25,3.5,2.0,3.0814404,15,191
24897,ds005280,sub-191,ds005280__sub-191,26,3.5,2.0,3.053825,15,191
24898,ds005280,sub-191,ds005280__sub-191,27,3.5,2.0,3.0698056,15,191
24899,ds005280,sub-192,ds005280__sub-192,0,3.0,3.75,3.5909185,0,192
24900,ds005280,sub-192,ds005280__sub-192,1,3.5,3.0,3.3636463,1,192
24901,ds005280,sub-192,ds005280__sub-192,2,3.5,3.5,3.0853553,2,192
24902,ds005280,sub-192,ds005280__sub-192,3,3.5,2.0,2.690484,3,192
24903,ds005280,sub-192,ds005280__sub-192,4,3.5,2.0,2.7206807,4,192
24904,ds005280,sub-192,ds005280__sub-192,5,3.0,2.0,2.6838515,5,192
24905,ds005280,sub-192,ds005280__sub-192,6,3.0,2.0,2.7022033,6,192
24906,ds005280,sub-192,ds005280__sub-192,7,3.0,2.0,2.7144673,7,192
24907,ds005280,sub-192,ds005280__sub-192,8,3.0,2.0,2.7229164,8,192
24908,ds005280,sub-192,ds005280__sub-192,9,3.5,2.0,2.752162,9,192
24909,ds005280,sub-192,ds005280__sub-192,10,3.0,2.0,2.7503538,10,192
24910,ds005280,sub-192,ds005280__sub-192,11,3.5,2.0,2.7773342,11,192
24911,ds005280,sub-192,ds005280__sub-192,12,3.0,2.0,2.837283,12,192
24912,ds005280,sub-192,ds005280__sub-192,13,3.5,3.0,2.991819,13,192
24913,ds005280,sub-192,ds005280__sub-192,14,3.0,3.0,3.0546694,14,192
24914,ds005280,sub-192,ds005280__sub-192,15,3.5,3.0,3.1229563,15,192
24915,ds005280,sub-192,ds005280__sub-192,16,3.5,3.0,3.2455988,12,192
24916,ds005280,sub-192,ds005280__sub-192,17,3.0,3.75,3.2912135,14,192
24917,ds005280,sub-192,ds005280__sub-192,18,3.5,3.0,3.230157,14,192
24918,ds005280,sub-192,ds005280__sub-192,19,3.5,3.0,3.2602787,15,192
24919,ds005280,sub-192,ds005280__sub-192,20,3.0,3.75,3.2285419,14,192
24920,ds005280,sub-192,ds005280__sub-192,21,3.0,3.75,3.2156615,15,192
24921,ds005280,sub-192,ds005280__sub-192,22,3.0,3.75,3.2038066,15,192
24922,ds005280,sub-192,ds005280__sub-192,23,3.0,3.75,3.2398293,15,192
24923,ds005280,sub-192,ds005280__sub-192,24,3.5,4.5,3.219263,12,192
24924,ds005280,sub-192,ds005280__sub-192,25,3.0,2.25,3.184975,13,192
24925,ds005280,sub-192,ds005280__sub-192,26,3.5,2.25,3.138476,13,192
24926,ds005280,sub-192,ds005280__sub-192,27,3.5,2.25,3.11443,10,192
24927,ds005280,sub-192,ds005280__sub-192,28,3.5,3.75,3.13061,11,192
24928,ds005280,sub-193,ds005280__sub-193,0,3.5,3.75,3.4538898,0,193
24929,ds005280,sub-193,ds005280__sub-193,1,4.0,3.75,3.4011445,1,193
24930,ds005280,sub-193,ds005280__sub-193,2,4.0,3.5,3.2390914,2,193
24931,ds005280,sub-193,ds005280__sub-193,3,4.0,4.0,3.237844,3,193
24932,ds005280,sub-193,ds005280__sub-193,4,3.5,3.5,3.1167357,4,193
24933,ds005280,sub-193,ds005280__sub-193,5,3.5,3.5,3.0802722,5,193
24934,ds005280,sub-193,ds005280__sub-193,6,3.5,3.5,3.095875,6,193
24935,ds005280,sub-193,ds005280__sub-193,7,4.0,3.5,3.1031065,7,193
24936,ds005280,sub-193,ds005280__sub-193,8,3.5,3.5,3.1362548,8,193
24937,ds005280,sub-193,ds005280__sub-193,9,4.0,3.5,3.157926,9,193
24938,ds005280,sub-193,ds005280__sub-193,10,3.5,3.5,3.1746306,10,193
24939,ds005280,sub-193,ds005280__sub-193,11,4.0,3.5,3.197055,9,193
24940,ds005280,sub-193,ds005280__sub-193,12,3.5,3.5,3.2165847,10,193
24941,ds005280,sub-193,ds005280__sub-193,13,3.5,4.5,3.2336447,11,193
24942,ds005280,sub-193,ds005280__sub-193,14,4.0,4.5,3.2506852,12,193
24943,ds005280,sub-193,ds005280__sub-193,15,4.0,4.5,3.2598095,13,193
24944,ds005280,sub-193,ds005280__sub-193,16,3.5,4.5,3.2678025,14,193
24945,ds005280,sub-193,ds005280__sub-193,17,4.0,4.5,3.2831492,15,193
24946,ds005280,sub-193,ds005280__sub-193,18,4.0,4.5,3.3012495,15,193
24947,ds005280,sub-193,ds005280__sub-193,19,3.5,4.5,3.2971275,14,193
24948,ds005280,sub-193,ds005280__sub-193,20,3.5,4.5,3.2974925,13,193
24949,ds005280,sub-193,ds005280__sub-193,21,3.5,4.5,3.267082,14,193
24950,ds005280,sub-193,ds005280__sub-193,22,3.5,4.5,3.2646291,15,193
24951,ds005280,sub-193,ds005280__sub-193,23,4.0,4.5,3.2619355,14,193
24952,ds005280,sub-193,ds005280__sub-193,24,3.5,4.5,3.2663865,13,193
24953,ds005280,sub-193,ds005280__sub-193,25,4.0,4.5,3.2880068,14,193
24954,ds005280,sub-193,ds005280__sub-193,26,4.0,4.5,3.2936308,15,193
24955,ds005280,sub-193,ds005280__sub-193,27,4.0,4.5,3.3140478,15,193
24956,ds005280,sub-194,ds005280__sub-194,0,3.5,4.0,3.6927917,0,194
24957,ds005280,sub-194,ds005280__sub-194,1,3.5,4.0,3.7776425,1,194
24958,ds005280,sub-194,ds005280__sub-194,2,3.5,3.5,3.6840806,2,194
24959,ds005280,sub-194,ds005280__sub-194,3,3.0,3.5,3.607203,3,194
24960,ds005280,sub-194,ds005280__sub-194,4,3.0,3.5,3.5808764,4,194
24961,ds005280,sub-194,ds005280__sub-194,5,3.0,3.5,3.5635388,5,194
24962,ds005280,sub-194,ds005280__sub-194,6,3.0,3.5,3.5474935,6,194
24963,ds005280,sub-194,ds005280__sub-194,7,3.5,3.5,3.541897,7,194
24964,ds005280,sub-194,ds005280__sub-194,8,3.0,3.5,3.5282643,8,194
24965,ds005280,sub-194,ds005280__sub-194,9,3.5,3.5,3.5197937,9,194
24966,ds005280,sub-194,ds005280__sub-194,10,3.0,3.5,3.5199432,10,194
24967,ds005280,sub-194,ds005280__sub-194,11,3.5,3.5,3.5146418,11,194
24968,ds005280,sub-194,ds005280__sub-194,12,3.0,3.5,3.5032465,0,194
24969,ds005280,sub-194,ds005280__sub-194,13,3.0,3.5,3.4994924,1,194
24970,ds005280,sub-194,ds005280__sub-194,14,3.5,3.5,3.4951549,2,194
24971,ds005280,sub-194,ds005280__sub-194,15,3.5,3.5,3.4920034,3,194
24972,ds005280,sub-194,ds005280__sub-194,16,3.0,3.5,3.4842334,15,194
24973,ds005280,sub-194,ds005280__sub-194,17,3.5,3.5,3.4840903,14,194
24974,ds005280,sub-194,ds005280__sub-194,18,3.5,3.5,3.4560528,15,194
24975,ds005280,sub-194,ds005280__sub-194,19,3.0,3.5,3.459327,14,194
24976,ds005280,sub-194,ds005280__sub-194,20,3.0,3.5,3.4557052,14,194
24977,ds005280,sub-194,ds005280__sub-194,21,3.0,3.5,3.4785752,15,194
24978,ds005280,sub-194,ds005280__sub-194,22,3.0,3.5,3.4822268,12,194
24979,ds005280,sub-194,ds005280__sub-194,23,3.5,3.5,3.483895,15,194
24980,ds005280,sub-194,ds005280__sub-194,24,3.0,3.5,3.4959683,15,194
24981,ds005280,sub-194,ds005280__sub-194,25,3.5,3.5,3.502111,14,194
24982,ds005280,sub-194,ds005280__sub-194,26,3.5,3.5,3.5034878,15,194
24983,ds005280,sub-194,ds005280__sub-194,27,3.5,3.5,3.518126,15,194
24984,ds005280,sub-195,ds005280__sub-195,0,3.5,3.5,3.5251515,0,195
24985,ds005280,sub-195,ds005280__sub-195,1,4.0,3.5,3.5579743,0,195
24986,ds005280,sub-195,ds005280__sub-195,2,4.0,3.5,3.5632339,2,195
24987,ds005280,sub-195,ds005280__sub-195,3,4.0,4.0,3.6518304,3,195
24988,ds005280,sub-195,ds005280__sub-195,4,4.0,4.0,3.6456409,4,195
24989,ds005280,sub-195,ds005280__sub-195,5,3.5,4.0,3.5667448,5,195
24990,ds005280,sub-195,ds005280__sub-195,6,3.5,4.0,3.4454675,5,195
24991,ds005280,sub-195,ds005280__sub-195,7,3.5,4.0,3.384101,6,195
24992,ds005280,sub-195,ds005280__sub-195,8,3.5,4.0,3.372773,7,195
24993,ds005280,sub-195,ds005280__sub-195,9,4.0,4.0,3.35458,8,195
24994,ds005280,sub-195,ds005280__sub-195,10,3.5,4.0,3.3575675,9,195
24995,ds005280,sub-195,ds005280__sub-195,11,4.0,4.0,3.479181,10,195
24996,ds005280,sub-195,ds005280__sub-195,12,3.5,4.0,3.5435476,11,195
24997,ds005280,sub-195,ds005280__sub-195,13,4.0,4.0,3.557709,12,195
24998,ds005280,sub-195,ds005280__sub-195,14,3.5,4.0,3.5736508,13,195
24999,ds005280,sub-195,ds005280__sub-195,15,3.5,4.0,3.595798,14,195
25000,ds005280,sub-195,ds005280__sub-195,16,4.0,4.0,3.5755532,15,195
25001,ds005280,sub-195,ds005280__sub-195,17,4.0,4.0,3.6177444,15,195
25002,ds005280,sub-195,ds005280__sub-195,18,3.5,4.0,3.6070673,14,195
25003,ds005280,sub-195,ds005280__sub-195,19,4.0,4.0,3.5695906,13,195
25004,ds005280,sub-195,ds005280__sub-195,20,4.0,4.0,3.5820415,14,195
25005,ds005280,sub-195,ds005280__sub-195,21,3.5,4.0,3.5857153,15,195
25006,ds005280,sub-195,ds005280__sub-195,22,3.5,4.0,3.5877237,15,195
25007,ds005280,sub-195,ds005280__sub-195,23,3.5,4.0,3.5504334,15,195
25008,ds005280,sub-195,ds005280__sub-195,24,3.5,4.0,3.4932199,1,195
25009,ds005280,sub-195,ds005280__sub-195,25,4.0,4.0,3.4892907,2,195
25010,ds005280,sub-195,ds005280__sub-195,26,3.5,4.0,3.414986,3,195
25011,ds005280,sub-195,ds005280__sub-195,27,4.0,4.0,3.3777258,11,195
25012,ds005280,sub-195,ds005280__sub-195,28,4.0,4.0,3.2980242,12,195
25013,ds005280,sub-195,ds005280__sub-195,29,4.0,4.5,3.396865,13,195
25014,ds005280,sub-196,ds005280__sub-196,0,3.5,3.75,3.426546,0,196
25015,ds005280,sub-196,ds005280__sub-196,1,4.0,3.75,3.3279061,1,196
25016,ds005280,sub-196,ds005280__sub-196,2,4.0,3.75,3.172176,2,196
25017,ds005280,sub-196,ds005280__sub-196,3,4.0,4.0,3.1135921,3,196
25018,ds005280,sub-196,ds005280__sub-196,4,4.0,4.0,3.0951266,4,196
25019,ds005280,sub-196,ds005280__sub-196,5,3.5,2.0,3.0670533,5,196
25020,ds005280,sub-196,ds005280__sub-196,6,3.5,2.0,3.0716188,6,196
25021,ds005280,sub-196,ds005280__sub-196,7,3.5,2.0,3.0836067,7,196
25022,ds005280,sub-196,ds005280__sub-196,8,3.5,2.0,3.0763798,8,196
25023,ds005280,sub-196,ds005280__sub-196,9,4.0,2.0,3.0899148,9,196
25024,ds005280,sub-196,ds005280__sub-196,10,3.5,2.0,3.1046846,10,196
25025,ds005280,sub-196,ds005280__sub-196,11,4.0,2.0,3.1125636,11,196
25026,ds005280,sub-196,ds005280__sub-196,12,3.5,2.0,3.117799,12,196
25027,ds005280,sub-196,ds005280__sub-196,13,4.0,2.0,3.1231632,13,196
25028,ds005280,sub-196,ds005280__sub-196,14,3.5,2.0,3.1321554,14,196
25029,ds005280,sub-196,ds005280__sub-196,15,3.5,2.0,3.1306071,15,196
25030,ds005280,sub-196,ds005280__sub-196,16,4.0,2.0,3.1168761,15,196
25031,ds005280,sub-196,ds005280__sub-196,17,4.0,2.0,3.1144772,15,196
25032,ds005280,sub-196,ds005280__sub-196,18,3.5,2.0,3.0881844,14,196
25033,ds005280,sub-196,ds005280__sub-196,19,4.0,2.0,3.1004932,14,196
25034,ds005280,sub-196,ds005280__sub-196,20,4.0,2.0,3.1061854,15,196
25035,ds005280,sub-196,ds005280__sub-196,21,3.5,2.0,3.0951724,15,196
25036,ds005280,sub-196,ds005280__sub-196,22,3.5,2.0,3.123685,14,196
25037,ds005280,sub-196,ds005280__sub-196,23,3.5,2.0,3.0858898,14,196
25038,ds005280,sub-196,ds005280__sub-196,24,3.5,2.0,3.0686963,15,196
25039,ds005280,sub-196,ds005280__sub-196,25,4.0,2.0,3.0807164,15,196
25040,ds005280,sub-196,ds005280__sub-196,26,3.5,2.0,3.1014874,14,196
25041,ds005280,sub-196,ds005280__sub-196,27,4.0,2.0,3.1227813,15,196
25042,ds005280,sub-196,ds005280__sub-196,28,4.0,2.0,3.1315675,15,196
25043,ds005280,sub-196,ds005280__sub-196,29,4.0,2.0,3.1195884,11,196
25044,ds005280,sub-197,ds005280__sub-197,0,3.5,3.75,3.6298528,0,197
25045,ds005280,sub-197,ds005280__sub-197,1,4.0,4.0,3.6180837,1,197
25046,ds005280,sub-197,ds005280__sub-197,2,4.0,4.0,3.2043784,2,197
25047,ds005280,sub-197,ds005280__sub-197,3,4.0,4.0,3.0854626,3,197
25048,ds005280,sub-197,ds005280__sub-197,4,4.0,4.0,3.0969467,4,197
25049,ds005280,sub-197,ds005280__sub-197,5,3.5,2.0,3.090104,4,197
25050,ds005280,sub-197,ds005280__sub-197,6,3.5,2.0,3.100437,5,197
25051,ds005280,sub-197,ds005280__sub-197,7,3.5,2.25,3.1002498,6,197
25052,ds005280,sub-197,ds005280__sub-197,8,3.5,2.25,3.133108,7,197
25053,ds005280,sub-197,ds005280__sub-197,9,4.0,2.25,3.1469028,8,197
25054,ds005280,sub-197,ds005280__sub-197,10,3.5,4.5,3.171863,9,197
25055,ds005280,sub-197,ds005280__sub-197,11,4.0,4.5,3.1970632,10,197
25056,ds005280,sub-197,ds005280__sub-197,12,3.5,4.5,3.2122264,11,197
25057,ds005280,sub-197,ds005280__sub-197,13,3.5,4.5,3.2236848,12,197
25058,ds005280,sub-197,ds005280__sub-197,14,3.5,4.5,3.243331,13,197
25059,ds005280,sub-197,ds005280__sub-197,15,4.0,4.5,3.2584314,14,197
25060,ds005280,sub-197,ds005280__sub-197,16,3.5,4.5,3.2203217,15,197
25061,ds005280,sub-197,ds005280__sub-197,17,4.0,4.5,3.2531488,15,197
25062,ds005280,sub-197,ds005280__sub-197,18,3.5,4.5,3.255231,14,197
25063,ds005280,sub-197,ds005280__sub-197,19,3.5,4.5,3.2561421,15,197
25064,ds005280,sub-197,ds005280__sub-197,20,4.0,4.5,3.2924154,15,197
25065,ds005280,sub-197,ds005280__sub-197,21,3.5,4.5,3.303446,14,197
25066,ds005280,sub-197,ds005280__sub-197,22,4.0,4.5,3.2813563,15,197
25067,ds005280,sub-197,ds005280__sub-197,23,4.0,4.5,3.304981,15,197
25068,ds005280,sub-197,ds005280__sub-197,24,4.0,4.5,3.2988763,14,197
25069,ds005280,sub-198,ds005280__sub-198,0,3.5,3.5,3.324188,0,198
25070,ds005280,sub-198,ds005280__sub-198,1,4.0,4.0,3.366255,1,198
25071,ds005280,sub-198,ds005280__sub-198,2,4.0,4.0,3.3143013,2,198
25072,ds005280,sub-198,ds005280__sub-198,3,4.0,4.0,3.2638674,3,198
25073,ds005280,sub-198,ds005280__sub-198,4,4.0,2.25,3.2339692,4,198
25074,ds005280,sub-198,ds005280__sub-198,5,3.5,2.25,3.167858,4,198
25075,ds005280,sub-198,ds005280__sub-198,6,3.5,2.25,3.1348255,5,198
25076,ds005280,sub-198,ds005280__sub-198,7,3.5,2.25,3.1456285,6,198
25077,ds005280,sub-198,ds005280__sub-198,8,3.5,2.25,3.1643128,7,198
25078,ds005280,sub-198,ds005280__sub-198,9,4.0,2.25,3.2153184,8,198
25079,ds005280,sub-198,ds005280__sub-198,10,3.5,2.25,3.2519202,9,198
25080,ds005280,sub-198,ds005280__sub-198,11,4.0,2.25,3.3052788,8,198
25081,ds005280,sub-198,ds005280__sub-198,12,3.5,3.75,3.3688283,9,198
25082,ds005280,sub-198,ds005280__sub-198,13,4.0,3.75,3.3905077,10,198
25083,ds005280,sub-198,ds005280__sub-198,14,3.5,3.75,3.4673755,13,198
25084,ds005280,sub-198,ds005280__sub-198,15,3.5,3.75,3.4743423,12,198
25085,ds005280,sub-198,ds005280__sub-198,16,4.0,3.75,3.5033822,13,198
25086,ds005280,sub-198,ds005280__sub-198,17,4.0,3.75,3.5244198,14,198
25087,ds005280,sub-198,ds005280__sub-198,18,3.5,3.75,3.5474048,13,198
25088,ds005280,sub-198,ds005280__sub-198,19,4.0,3.75,3.550166,14,198
25089,ds005280,sub-198,ds005280__sub-198,20,4.0,3.75,3.5490975,15,198
25090,ds005280,sub-198,ds005280__sub-198,21,3.5,3.75,3.5466928,12,198
25091,ds005280,sub-198,ds005280__sub-198,22,3.5,3.75,3.429336,0,198
25092,ds005280,sub-198,ds005280__sub-198,23,3.5,3.75,3.471737,14,198
25093,ds005280,sub-198,ds005280__sub-198,24,3.5,3.75,3.4436257,15,198
25094,ds005280,sub-198,ds005280__sub-198,25,4.0,3.75,3.470023,0,198
25095,ds005280,sub-198,ds005280__sub-198,26,3.5,3.75,3.4727855,1,198
25096,ds005280,sub-198,ds005280__sub-198,27,4.0,3.75,3.3869824,2,198
25097,ds005280,sub-198,ds005280__sub-198,28,4.0,3.75,3.3845656,3,198
25098,ds005280,sub-198,ds005280__sub-198,29,4.0,3.75,3.3272684,6,198
25099,ds005280,sub-199,ds005280__sub-199,0,3.0,3.5,3.5091467,0,199
25100,ds005280,sub-199,ds005280__sub-199,1,3.5,3.5,3.555162,0,199
25101,ds005280,sub-199,ds005280__sub-199,2,3.5,3.5,3.230434,0,199
25102,ds005280,sub-199,ds005280__sub-199,3,3.5,3.5,3.5009627,0,199
25103,ds005280,sub-199,ds005280__sub-199,4,3.5,4.0,3.5345469,1,199
25104,ds005280,sub-199,ds005280__sub-199,5,3.0,4.0,3.434554,2,199
25105,ds005280,sub-199,ds005280__sub-199,6,3.0,3.0,3.00044,3,199
25106,ds005280,sub-199,ds005280__sub-199,7,3.0,3.0,3.105874,4,199
25107,ds005280,sub-199,ds005280__sub-199,8,3.0,3.0,3.0566287,5,199
25108,ds005280,sub-199,ds005280__sub-199,9,3.5,3.0,3.1144323,6,199
25109,ds005280,sub-199,ds005280__sub-199,10,3.0,3.0,2.9791746,5,199
25110,ds005280,sub-199,ds005280__sub-199,11,3.5,3.0,3.0188625,6,199
25111,ds005280,sub-199,ds005280__sub-199,12,3.0,3.0,2.9585776,7,199
25112,ds005280,sub-199,ds005280__sub-199,13,3.5,3.0,2.9759324,8,199
25113,ds005280,sub-199,ds005280__sub-199,14,3.0,3.0,3.0159812,9,199
25114,ds005280,sub-199,ds005280__sub-199,15,3.0,3.0,3.0408554,10,199
25115,ds005280,sub-199,ds005280__sub-199,16,3.5,3.0,3.0901685,11,199
25116,ds005280,sub-199,ds005280__sub-199,17,3.5,4.5,3.15821,12,199
25117,ds005280,sub-199,ds005280__sub-199,18,3.0,2.0,3.108662,13,199
25118,ds005280,sub-199,ds005280__sub-199,19,3.5,4.5,3.1689963,14,199
25119,ds005280,sub-199,ds005280__sub-199,20,3.5,4.5,3.10811,2,199
25120,ds005280,sub-199,ds005280__sub-199,21,3.0,4.5,3.1554232,3,199
25121,ds005280,sub-199,ds005280__sub-199,22,3.0,2.5,3.009573,4,199
25122,ds005280,sub-199,ds005280__sub-199,23,3.0,2.0,2.9007401,5,199
25123,ds005280,sub-199,ds005280__sub-199,24,3.0,2.5,3.005145,6,199
25124,ds005280,sub-199,ds005280__sub-199,25,3.5,3.75,3.2693686,7,199
25125,ds005280,sub-199,ds005280__sub-199,26,3.0,3.75,3.2788858,8,199
25126,ds005280,sub-199,ds005280__sub-199,27,3.5,3.75,3.3661814,9,199
25127,ds005280,sub-199,ds005280__sub-199,28,3.5,3.75,3.4360023,10,199
25128,ds005280,sub-199,ds005280__sub-199,29,3.5,3.75,3.503205,11,199
25129,ds005280,sub-200,ds005280__sub-200,0,3.0,4.0,3.6400056,0,200
25130,ds005280,sub-200,ds005280__sub-200,1,3.5,4.0,3.6004558,1,200
25131,ds005280,sub-200,ds005280__sub-200,2,3.5,4.0,3.578303,2,200
25132,ds005280,sub-200,ds005280__sub-200,3,3.5,4.0,3.5184674,3,200
25133,ds005280,sub-200,ds005280__sub-200,4,3.5,4.0,3.3382907,4,200
25134,ds005280,sub-200,ds005280__sub-200,5,3.0,4.0,3.3065128,5,200
25135,ds005280,sub-200,ds005280__sub-200,6,3.0,4.0,3.2443397,6,200
25136,ds005280,sub-200,ds005280__sub-200,7,3.0,3.5,3.21809,7,200
25137,ds005280,sub-200,ds005280__sub-200,8,3.0,3.5,3.1793547,8,200
25138,ds005280,sub-200,ds005280__sub-200,9,3.5,3.5,3.165793,9,200
25139,ds005280,sub-200,ds005280__sub-200,10,3.0,3.5,3.1839006,10,200
25140,ds005280,sub-200,ds005280__sub-200,11,3.5,3.5,3.192866,11,200
25141,ds005280,sub-200,ds005280__sub-200,12,3.0,3.5,3.207458,12,200
25142,ds005280,sub-200,ds005280__sub-200,13,3.5,4.0,3.2052002,13,200
25143,ds005280,sub-200,ds005280__sub-200,14,3.0,4.0,3.2083523,14,200
25144,ds005280,sub-200,ds005280__sub-200,15,3.0,4.0,3.2145593,15,200
25145,ds005280,sub-200,ds005280__sub-200,16,3.5,4.0,3.183072,15,200
25146,ds005280,sub-200,ds005280__sub-200,17,3.5,4.0,3.1844113,15,200
25147,ds005280,sub-200,ds005280__sub-200,18,3.0,4.0,3.1876245,15,200
25148,ds005280,sub-200,ds005280__sub-200,19,3.5,4.0,3.1985443,15,200
25149,ds005280,sub-200,ds005280__sub-200,20,3.5,4.5,3.2106571,15,200
25150,ds005280,sub-200,ds005280__sub-200,21,3.0,4.0,3.2009187,15,200
25151,ds005280,sub-200,ds005280__sub-200,22,3.0,4.5,3.2110648,15,200
25152,ds005280,sub-200,ds005280__sub-200,23,3.0,4.5,3.2033803,14,200
25153,ds005280,sub-200,ds005280__sub-200,24,3.0,4.5,3.2114344,15,200
25154,ds005280,sub-200,ds005280__sub-200,25,3.5,4.5,3.2226052,15,200
25155,ds005280,sub-200,ds005280__sub-200,26,3.0,4.5,3.2221613,15,200
25156,ds005280,sub-200,ds005280__sub-200,27,3.5,4.5,3.222709,14,200
25157,ds005280,sub-200,ds005280__sub-200,28,3.5,2.5,3.1953623,15,200
25158,ds005280,sub-201,ds005280__sub-201,0,3.0,2.5,2.8143091,0,201
25159,ds005280,sub-201,ds005280__sub-201,1,3.5,2.5,2.7868934,1,201
25160,ds005280,sub-201,ds005280__sub-201,2,3.5,2.5,2.7127242,2,201
25161,ds005280,sub-201,ds005280__sub-201,3,3.5,2.5,2.8489513,3,201
25162,ds005280,sub-201,ds005280__sub-201,4,3.5,2.5,2.8319218,4,201
25163,ds005280,sub-201,ds005280__sub-201,5,3.0,2.5,2.8712225,5,201
25164,ds005280,sub-201,ds005280__sub-201,6,3.0,2.5,2.886351,6,201
25165,ds005280,sub-201,ds005280__sub-201,7,3.0,2.5,2.8970594,7,201
25166,ds005280,sub-201,ds005280__sub-201,8,3.0,2.5,2.9620376,8,201
25167,ds005280,sub-201,ds005280__sub-201,9,3.5,2.5,2.9417672,9,201
25168,ds005280,sub-201,ds005280__sub-201,10,3.0,2.5,2.9542713,9,201
25169,ds005280,sub-201,ds005280__sub-201,11,3.5,2.5,2.9936075,10,201
25170,ds005280,sub-201,ds005280__sub-201,12,3.0,2.5,3.0085921,11,201
25171,ds005280,sub-201,ds005280__sub-201,13,3.5,2.5,3.0226085,12,201
25172,ds005280,sub-201,ds005280__sub-201,14,3.0,2.5,3.035067,13,201
25173,ds005280,sub-201,ds005280__sub-201,15,3.0,2.5,3.0390506,14,201
25174,ds005280,sub-201,ds005280__sub-201,16,3.5,2.5,3.0552847,15,201
25175,ds005280,sub-201,ds005280__sub-201,17,3.5,2.5,3.0560446,15,201
25176,ds005280,sub-201,ds005280__sub-201,18,3.0,2.5,3.06912,9,201
25177,ds005280,sub-201,ds005280__sub-201,19,3.5,4.0,3.096672,10,201
25178,ds005280,sub-201,ds005280__sub-201,20,3.5,4.0,3.1181722,11,201
25179,ds005280,sub-201,ds005280__sub-201,21,3.0,4.0,3.116104,12,201
25180,ds005280,sub-201,ds005280__sub-201,22,3.0,4.0,3.1334262,13,201
25181,ds005280,sub-201,ds005280__sub-201,23,3.0,4.0,3.1221528,14,201
25182,ds005280,sub-201,ds005280__sub-201,24,3.0,2.5,3.1020598,15,201
25183,ds005280,sub-201,ds005280__sub-201,25,3.5,2.5,3.0815635,12,201
25184,ds005280,sub-201,ds005280__sub-201,26,3.0,2.5,3.0569017,13,201
25185,ds005280,sub-201,ds005280__sub-201,27,3.5,2.5,3.0551295,15,201
25186,ds005280,sub-201,ds005280__sub-201,28,3.5,2.5,3.0565157,13,201
25187,ds005280,sub-201,ds005280__sub-201,29,3.5,2.5,3.0507593,14,201
25188,ds005280,sub-202,ds005280__sub-202,0,3.5,3.5,3.4815996,0,202
25189,ds005280,sub-202,ds005280__sub-202,1,4.0,4.0,3.6037912,1,202
25190,ds005280,sub-202,ds005280__sub-202,2,4.0,4.0,3.5226054,2,202
25191,ds005280,sub-202,ds005280__sub-202,3,4.0,4.0,3.4181328,3,202
25192,ds005280,sub-202,ds005280__sub-202,4,4.0,4.0,3.2260733,4,202
25193,ds005280,sub-202,ds005280__sub-202,5,3.5,4.0,3.2308917,5,202
25194,ds005280,sub-202,ds005280__sub-202,6,3.5,4.0,3.2099037,6,202
25195,ds005280,sub-202,ds005280__sub-202,7,3.5,4.0,3.2811627,7,202
25196,ds005280,sub-202,ds005280__sub-202,8,3.5,4.0,3.2861,8,202
25197,ds005280,sub-202,ds005280__sub-202,9,4.0,4.0,3.4079866,9,202
25198,ds005280,sub-202,ds005280__sub-202,10,3.5,4.0,3.4505067,10,202
25199,ds005280,sub-202,ds005280__sub-202,11,4.0,4.0,3.4769697,9,202
25200,ds005280,sub-202,ds005280__sub-202,12,3.5,4.0,3.4677024,10,202
25201,ds005280,sub-202,ds005280__sub-202,13,4.0,4.5,3.4710917,11,202
25202,ds005280,sub-202,ds005280__sub-202,14,3.5,4.5,3.4705222,12,202
25203,ds005280,sub-202,ds005280__sub-202,15,3.5,4.5,3.4713244,13,202
25204,ds005280,sub-202,ds005280__sub-202,16,4.0,4.5,3.497455,14,202
25205,ds005280,sub-202,ds005280__sub-202,17,4.0,4.5,3.301783,15,202
25206,ds005280,sub-202,ds005280__sub-202,18,3.5,4.5,3.2843099,14,202
25207,ds005280,sub-202,ds005280__sub-202,19,4.0,4.5,3.2938075,15,202
25208,ds005280,sub-202,ds005280__sub-202,20,4.0,4.5,3.28821,13,202
25209,ds005280,sub-202,ds005280__sub-202,21,3.5,4.5,3.3034012,14,202
25210,ds005280,sub-202,ds005280__sub-202,22,3.5,4.5,3.3260174,15,202
25211,ds005280,sub-202,ds005280__sub-202,23,3.5,4.5,3.3632588,14,202
25212,ds005280,sub-202,ds005280__sub-202,24,3.5,4.5,3.3483157,15,202
25213,ds005280,sub-202,ds005280__sub-202,25,4.0,4.5,3.3451338,15,202
25214,ds005280,sub-202,ds005280__sub-202,26,3.5,4.5,3.300403,14,202
25215,ds005280,sub-202,ds005280__sub-202,27,4.0,4.5,3.2959695,13,202
25216,ds005280,sub-202,ds005280__sub-202,28,4.0,4.5,3.2885442,14,202
25217,ds005280,sub-202,ds005280__sub-202,29,4.0,4.5,3.285975,15,202
25218,ds005280,sub-203,ds005280__sub-203,0,3.5,3.5,3.5991352,0,203
25219,ds005280,sub-203,ds005280__sub-203,1,4.0,4.0,3.668261,1,203
25220,ds005280,sub-203,ds005280__sub-203,2,4.0,4.0,3.633687,2,203
25221,ds005280,sub-203,ds005280__sub-203,3,4.0,4.0,3.047234,3,203
25222,ds005280,sub-203,ds005280__sub-203,4,4.0,4.0,3.0194397,4,203
25223,ds005280,sub-203,ds005280__sub-203,5,3.5,4.0,3.0323884,5,203
25224,ds005280,sub-203,ds005280__sub-203,6,3.5,3.5,3.0201535,6,203
25225,ds005280,sub-203,ds005280__sub-203,7,3.5,2.0,2.9950128,7,203
25226,ds005280,sub-203,ds005280__sub-203,8,3.5,2.5,3.0250266,8,203
25227,ds005280,sub-203,ds005280__sub-203,9,4.0,2.5,3.0606012,6,203
25228,ds005280,sub-203,ds005280__sub-203,10,3.5,2.5,3.0874429,7,203
25229,ds005280,sub-203,ds005280__sub-203,11,4.0,2.5,3.1785064,8,203
25230,ds005280,sub-203,ds005280__sub-203,12,3.5,4.5,3.2267332,9,203
25231,ds005280,sub-203,ds005280__sub-203,13,4.0,4.5,3.2528906,10,203
25232,ds005280,sub-203,ds005280__sub-203,14,3.5,4.5,3.277925,11,203
25233,ds005280,sub-203,ds005280__sub-203,15,3.5,4.5,3.2896838,12,203
25234,ds005280,sub-203,ds005280__sub-203,16,4.0,4.5,3.293304,13,203
25235,ds005280,sub-203,ds005280__sub-203,17,4.0,4.5,3.3223708,13,203
25236,ds005280,sub-203,ds005280__sub-203,18,3.5,4.5,3.3622992,14,203
25237,ds005280,sub-203,ds005280__sub-203,19,4.0,4.5,3.3897932,15,203
25238,ds005280,sub-203,ds005280__sub-203,20,4.0,4.5,3.3800006,13,203
25239,ds005280,sub-203,ds005280__sub-203,21,3.5,4.5,3.3577356,13,203
25240,ds005280,sub-203,ds005280__sub-203,22,3.5,4.5,3.3625987,15,203
25241,ds005280,sub-203,ds005280__sub-203,23,3.5,4.5,3.331905,13,203
25242,ds005280,sub-203,ds005280__sub-203,24,3.5,4.5,3.312221,15,203
25243,ds005280,sub-203,ds005280__sub-203,25,4.0,4.5,3.2593997,12,203
25244,ds005280,sub-203,ds005280__sub-203,26,3.5,4.5,3.2563868,13,203
25245,ds005280,sub-203,ds005280__sub-203,27,4.0,4.5,3.2972596,12,203
25246,ds005280,sub-203,ds005280__sub-203,28,4.0,4.5,3.289415,13,203
25247,ds005280,sub-203,ds005280__sub-203,29,4.0,4.5,3.322285,14,203
25248,ds005280,sub-204,ds005280__sub-204,0,3.5,3.0,3.3608289,0,204
25249,ds005280,sub-204,ds005280__sub-204,1,4.0,3.5,3.5323217,1,204
25250,ds005280,sub-204,ds005280__sub-204,2,4.0,3.5,3.3264031,0,204
25251,ds005280,sub-204,ds005280__sub-204,3,4.0,3.5,3.3076131,1,204
25252,ds005280,sub-204,ds005280__sub-204,4,4.0,3.5,3.463532,3,204
25253,ds005280,sub-204,ds005280__sub-204,5,3.5,3.5,3.43598,3,204
25254,ds005280,sub-204,ds005280__sub-204,6,3.5,3.5,3.4323852,4,204
25255,ds005280,sub-204,ds005280__sub-204,7,3.5,3.5,3.4621646,5,204
25256,ds005280,sub-204,ds005280__sub-204,8,3.5,3.5,3.4720826,6,204
25257,ds005280,sub-204,ds005280__sub-204,9,4.0,3.5,3.517171,0,204
25258,ds005280,sub-204,ds005280__sub-204,10,3.5,3.5,3.5504916,1,204
25259,ds005280,sub-204,ds005280__sub-204,11,4.0,3.5,3.5663948,0,204
25260,ds005280,sub-204,ds005280__sub-204,12,3.5,3.5,3.549839,1,204
25261,ds005280,sub-204,ds005280__sub-204,13,4.0,3.5,3.559509,2,204
25262,ds005280,sub-204,ds005280__sub-204,14,3.5,3.5,3.553161,3,204
25263,ds005280,sub-204,ds005280__sub-204,15,3.5,3.5,3.5475125,4,204
25264,ds005280,sub-204,ds005280__sub-204,16,4.0,3.5,3.5354276,5,204
25265,ds005280,sub-204,ds005280__sub-204,17,4.0,3.5,3.5286965,4,204
25266,ds005280,sub-204,ds005280__sub-204,18,3.5,3.5,3.5172625,14,204
25267,ds005280,sub-204,ds005280__sub-204,19,4.0,4.0,3.4994113,13,204
25268,ds005280,sub-204,ds005280__sub-204,20,4.0,4.0,3.5079863,14,204
25269,ds005280,sub-204,ds005280__sub-204,21,3.5,4.0,3.508364,13,204
25270,ds005280,sub-204,ds005280__sub-204,22,3.5,4.0,3.5416598,0,204
25271,ds005280,sub-204,ds005280__sub-204,23,3.5,3.5,3.5473533,1,204
25272,ds005280,sub-204,ds005280__sub-204,24,3.5,4.0,3.562277,2,204
25273,ds005280,sub-204,ds005280__sub-204,25,4.0,4.0,3.5494657,3,204
25274,ds005280,sub-204,ds005280__sub-204,26,3.5,3.5,3.5500813,14,204
25275,ds005280,sub-204,ds005280__sub-204,27,4.0,3.5,3.547717,5,204
25276,ds005280,sub-204,ds005280__sub-204,28,4.0,3.5,3.5367866,6,204
25277,ds005280,sub-204,ds005280__sub-204,29,4.0,3.5,3.5239816,7,204
25278,ds005280,sub-205,ds005280__sub-205,0,3.0,3.75,3.6426325,0,205
25279,ds005280,sub-205,ds005280__sub-205,1,3.5,3.75,3.562943,0,205
25280,ds005280,sub-205,ds005280__sub-205,2,3.5,3.5,3.342182,2,205
25281,ds005280,sub-205,ds005280__sub-205,3,3.5,3.5,2.977979,3,205
25282,ds005280,sub-205,ds005280__sub-205,4,3.5,2.0,2.9142983,4,205
25283,ds005280,sub-205,ds005280__sub-205,5,3.0,2.0,2.9204278,5,205
25284,ds005280,sub-205,ds005280__sub-205,6,3.0,2.0,2.9105957,6,205
25285,ds005280,sub-205,ds005280__sub-205,7,3.0,2.0,2.9205184,7,205
25286,ds005280,sub-205,ds005280__sub-205,8,3.0,2.25,2.9537864,8,205
25287,ds005280,sub-205,ds005280__sub-205,9,3.5,2.0,2.9690578,9,205
25288,ds005280,sub-205,ds005280__sub-205,10,3.0,2.0,2.9898143,10,205
25289,ds005280,sub-205,ds005280__sub-205,11,3.5,2.5,3.0034232,11,205
25290,ds005280,sub-205,ds005280__sub-205,12,3.0,2.5,3.0234222,12,205
25291,ds005280,sub-205,ds005280__sub-205,13,3.5,2.5,3.042151,13,205
25292,ds005280,sub-205,ds005280__sub-205,14,3.0,2.5,3.0531526,14,205
25293,ds005280,sub-205,ds005280__sub-205,15,3.0,2.5,3.068121,15,205
25294,ds005280,sub-205,ds005280__sub-205,16,3.5,2.5,3.0652242,13,205
25295,ds005280,sub-205,ds005280__sub-205,17,3.5,2.5,3.0815787,14,205
25296,ds005280,sub-205,ds005280__sub-205,18,3.0,2.5,3.0678692,15,205
25297,ds005280,sub-205,ds005280__sub-205,19,3.5,2.5,3.075683,13,205
25298,ds005280,sub-205,ds005280__sub-205,20,3.5,2.5,3.097521,14,205
25299,ds005280,sub-205,ds005280__sub-205,21,3.0,2.5,3.0982256,15,205
25300,ds005280,sub-205,ds005280__sub-205,22,3.0,2.5,3.0915298,14,205
25301,ds005280,sub-205,ds005280__sub-205,23,3.0,2.25,3.1124568,15,205
25302,ds005280,sub-205,ds005280__sub-205,24,3.0,2.25,3.1048443,13,205
25303,ds005280,sub-205,ds005280__sub-205,25,3.5,2.5,3.104766,14,205
25304,ds005280,sub-205,ds005280__sub-205,26,3.0,2.5,3.106588,15,205
25305,ds005280,sub-205,ds005280__sub-205,27,3.5,4.5,3.126533,13,205
25306,ds005280,sub-205,ds005280__sub-205,28,3.5,2.5,3.1168535,14,205
25307,ds005280,sub-205,ds005280__sub-205,29,3.5,4.5,3.1265578,14,205
25308,ds005280,sub-206,ds005280__sub-206,0,3.5,3.75,3.5466945,0,206
25309,ds005280,sub-206,ds005280__sub-206,1,4.0,4.0,3.6955013,1,206
25310,ds005280,sub-206,ds005280__sub-206,2,4.0,4.0,3.6965406,2,206
25311,ds005280,sub-206,ds005280__sub-206,3,4.0,3.5,3.4283934,3,206
25312,ds005280,sub-206,ds005280__sub-206,4,4.0,3.5,3.2402763,4,206
25313,ds005280,sub-206,ds005280__sub-206,5,3.5,3.0,3.130756,5,206
25314,ds005280,sub-206,ds005280__sub-206,6,3.5,3.0,3.0883589,6,206
25315,ds005280,sub-206,ds005280__sub-206,7,3.5,3.0,3.1189551,7,206
25316,ds005280,sub-206,ds005280__sub-206,8,3.5,3.0,3.1089814,8,206
25317,ds005280,sub-206,ds005280__sub-206,9,4.0,3.0,3.1175523,9,206
25318,ds005280,sub-206,ds005280__sub-206,10,3.5,3.0,3.17965,10,206
25319,ds005280,sub-206,ds005280__sub-206,11,4.0,3.0,3.2464824,11,206
25320,ds005280,sub-206,ds005280__sub-206,12,3.5,3.5,3.2908626,12,206
25321,ds005280,sub-206,ds005280__sub-206,13,4.0,3.5,3.329021,13,206
25322,ds005280,sub-206,ds005280__sub-206,14,3.5,3.5,3.3711853,14,206
25323,ds005280,sub-206,ds005280__sub-206,15,3.5,3.5,3.3633847,15,206
25324,ds005280,sub-206,ds005280__sub-206,16,4.0,3.5,3.314792,7,206
25325,ds005280,sub-206,ds005280__sub-206,17,4.0,3.5,3.1672113,15,206
25326,ds005280,sub-206,ds005280__sub-206,18,3.5,3.5,3.1880693,15,206
25327,ds005280,sub-206,ds005280__sub-206,19,4.0,3.5,3.2294483,15,206
25328,ds005280,sub-206,ds005280__sub-206,20,4.0,3.5,3.2684221,13,206
25329,ds005280,sub-206,ds005280__sub-206,21,3.5,3.5,3.2985525,14,206
25330,ds005280,sub-206,ds005280__sub-206,22,3.5,3.5,3.3082294,15,206
25331,ds005280,sub-206,ds005280__sub-206,23,3.5,3.5,3.2923052,15,206
25332,ds005280,sub-206,ds005280__sub-206,24,3.5,3.5,3.3271427,14,206
25333,ds005280,sub-206,ds005280__sub-206,25,4.0,3.5,3.3496485,15,206
25334,ds005280,sub-206,ds005280__sub-206,26,3.5,3.5,3.3550744,14,206
25335,ds005280,sub-206,ds005280__sub-206,27,4.0,3.5,3.350925,15,206
25336,ds005280,sub-206,ds005280__sub-206,28,4.0,3.5,3.2886646,15,206
25337,ds005280,sub-206,ds005280__sub-206,29,4.0,3.5,3.3195677,15,206
25338,ds005280,sub-207,ds005280__sub-207,0,3.0,3.5,3.4599319,0,207
25339,ds005280,sub-207,ds005280__sub-207,1,3.5,3.5,3.558641,1,207
25340,ds005280,sub-207,ds005280__sub-207,2,3.5,3.5,3.4327333,2,207
25341,ds005280,sub-207,ds005280__sub-207,3,3.5,3.5,3.1986847,3,207
25342,ds005280,sub-207,ds005280__sub-207,4,3.5,3.5,3.1264117,4,207
25343,ds005280,sub-207,ds005280__sub-207,5,3.0,3.5,3.0697565,5,207
25344,ds005280,sub-207,ds005280__sub-207,6,3.0,3.5,3.0368512,6,207
25345,ds005280,sub-207,ds005280__sub-207,7,3.0,3.5,3.032877,7,207
25346,ds005280,sub-207,ds005280__sub-207,8,3.0,2.0,3.0231304,8,207
25347,ds005280,sub-207,ds005280__sub-207,9,3.5,3.5,3.0433593,9,207
25348,ds005280,sub-207,ds005280__sub-207,10,3.0,3.5,3.0501451,10,207
25349,ds005280,sub-207,ds005280__sub-207,11,3.5,3.5,3.0720682,11,207
25350,ds005280,sub-207,ds005280__sub-207,12,3.0,3.5,3.0969589,12,207
25351,ds005280,sub-207,ds005280__sub-207,13,3.5,3.5,3.1139045,13,207
25352,ds005280,sub-207,ds005280__sub-207,14,3.0,3.5,3.1368737,14,207
25353,ds005280,sub-207,ds005280__sub-207,15,3.0,3.5,3.1640756,15,207
25354,ds005280,sub-207,ds005280__sub-207,16,3.5,3.5,3.1094391,15,207
25355,ds005280,sub-207,ds005280__sub-207,17,3.5,2.0,3.1144638,15,207
25356,ds005280,sub-207,ds005280__sub-207,18,3.0,3.0,3.125868,14,207
25357,ds005280,sub-207,ds005280__sub-207,19,3.5,2.5,3.1302152,15,207
25358,ds005280,sub-207,ds005280__sub-207,20,3.5,3.0,3.1364121,15,207
25359,ds005280,sub-207,ds005280__sub-207,21,3.0,2.5,3.150579,15,207
25360,ds005280,sub-207,ds005280__sub-207,22,3.0,2.5,3.1650229,15,207
25361,ds005280,sub-207,ds005280__sub-207,23,3.0,2.5,3.1672454,13,207
25362,ds005280,sub-207,ds005280__sub-207,24,3.0,2.5,3.158164,15,207
25363,ds005280,sub-207,ds005280__sub-207,25,3.5,2.5,3.1555796,14,207
25364,ds005280,sub-207,ds005280__sub-207,26,3.0,2.5,3.1362455,15,207
25365,ds005280,sub-207,ds005280__sub-207,27,3.5,3.0,3.1236315,15,207
25366,ds005280,sub-207,ds005280__sub-207,28,3.5,3.0,3.127592,15,207
25367,ds005280,sub-207,ds005280__sub-207,29,3.5,3.0,3.1256485,15,207
25368,ds005280,sub-208,ds005280__sub-208,0,3.0,3.5,3.3798592,0,208
25369,ds005280,sub-208,ds005280__sub-208,1,3.5,4.0,3.6269379,1,208
25370,ds005280,sub-208,ds005280__sub-208,2,3.5,4.0,3.2566853,2,208
25371,ds005280,sub-208,ds005280__sub-208,3,3.5,2.25,3.0023432,3,208
25372,ds005280,sub-208,ds005280__sub-208,4,3.5,2.25,2.9964287,4,208
25373,ds005280,sub-208,ds005280__sub-208,5,3.0,2.25,3.0096884,5,208
25374,ds005280,sub-208,ds005280__sub-208,6,3.0,2.25,3.0173798,6,208
25375,ds005280,sub-208,ds005280__sub-208,7,3.0,2.25,3.046709,7,208
25376,ds005280,sub-208,ds005280__sub-208,8,3.0,2.25,3.0808797,8,208
25377,ds005280,sub-208,ds005280__sub-208,9,3.5,2.25,3.1079953,9,208
25378,ds005280,sub-208,ds005280__sub-208,10,3.0,2.25,3.1264071,10,208
25379,ds005280,sub-208,ds005280__sub-208,11,3.5,2.25,3.1742682,11,208
25380,ds005280,sub-208,ds005280__sub-208,12,3.0,2.25,3.2055907,12,208
25381,ds005280,sub-208,ds005280__sub-208,13,3.0,2.25,3.234012,9,208
25382,ds005280,sub-208,ds005280__sub-208,14,3.5,2.25,3.2818894,10,208
25383,ds005280,sub-208,ds005280__sub-208,15,3.5,4.5,3.3225977,11,208
25384,ds005280,sub-208,ds005280__sub-208,16,3.5,3.75,3.341096,12,208
25385,ds005280,sub-208,ds005280__sub-208,17,3.5,3.75,3.3463664,13,208
25386,ds005280,sub-208,ds005280__sub-208,18,3.0,4.5,3.3543277,13,208
25387,ds005280,sub-208,ds005280__sub-208,19,3.0,3.75,3.383669,15,208
25388,ds005280,sub-208,ds005280__sub-208,20,3.0,3.75,3.3864927,14,208
25389,ds005280,sub-208,ds005280__sub-208,21,3.0,4.5,3.328535,12,208
25390,ds005280,sub-208,ds005280__sub-208,22,3.5,4.5,3.3567286,14,208
25391,ds005280,sub-208,ds005280__sub-208,23,3.0,4.5,3.2874293,12,208
25392,ds005280,sub-208,ds005280__sub-208,24,3.5,4.5,3.2735147,13,208
25393,ds005280,sub-208,ds005280__sub-208,25,3.5,4.5,3.2534885,14,208
25394,ds005280,sub-208,ds005280__sub-208,26,3.5,4.5,3.2689662,14,208
25395,ds005280,sub-209,ds005280__sub-209,0,3.0,3.75,3.619849,0,209
25396,ds005280,sub-209,ds005280__sub-209,1,3.5,3.75,3.614573,1,209
25397,ds005280,sub-209,ds005280__sub-209,2,3.5,3.75,3.5248826,2,209
25398,ds005280,sub-209,ds005280__sub-209,3,3.5,4.0,3.227717,3,209
25399,ds005280,sub-209,ds005280__sub-209,4,3.5,3.5,3.0621343,4,209
25400,ds005280,sub-209,ds005280__sub-209,5,3.0,2.0,3.0003438,5,209
25401,ds005280,sub-209,ds005280__sub-209,6,3.0,2.0,2.944027,6,209
25402,ds005280,sub-209,ds005280__sub-209,7,3.0,2.0,2.9399009,7,209
25403,ds005280,sub-209,ds005280__sub-209,8,3.0,2.0,2.9292605,8,209
25404,ds005280,sub-209,ds005280__sub-209,9,3.5,2.0,2.9313054,9,209
25405,ds005280,sub-209,ds005280__sub-209,10,3.0,2.0,2.9359684,10,209
25406,ds005280,sub-209,ds005280__sub-209,11,3.5,2.0,2.9340487,11,209
25407,ds005280,sub-209,ds005280__sub-209,12,3.0,2.0,2.9476082,12,209
25408,ds005280,sub-209,ds005280__sub-209,13,3.5,2.0,2.9671223,13,209
25409,ds005280,sub-209,ds005280__sub-209,14,3.0,2.0,2.982834,14,209
25410,ds005280,sub-209,ds005280__sub-209,15,3.0,2.0,2.9868872,15,209
25411,ds005280,sub-209,ds005280__sub-209,16,3.5,2.0,2.9574053,15,209
25412,ds005280,sub-209,ds005280__sub-209,17,3.5,2.0,2.9649036,15,209
25413,ds005280,sub-209,ds005280__sub-209,18,3.0,2.0,2.958382,15,209
25414,ds005280,sub-209,ds005280__sub-209,19,3.5,2.0,2.9625597,15,209
25415,ds005280,sub-209,ds005280__sub-209,20,3.5,2.0,3.01192,14,209
25416,ds005280,sub-209,ds005280__sub-209,21,3.0,2.0,2.9978385,15,209
25417,ds005280,sub-209,ds005280__sub-209,22,3.0,2.0,3.0141482,15,209
25418,ds005280,sub-209,ds005280__sub-209,23,3.0,2.0,3.025506,15,209
25419,ds005280,sub-209,ds005280__sub-209,24,3.0,2.0,3.008192,15,209
25420,ds005280,sub-209,ds005280__sub-209,25,3.5,2.0,3.0200403,15,209
25421,ds005280,sub-209,ds005280__sub-209,26,3.0,2.0,3.0301766,15,209
25422,ds005280,sub-209,ds005280__sub-209,27,3.5,2.0,3.0215821,15,209
25423,ds005280,sub-209,ds005280__sub-209,28,3.5,2.0,3.0169983,14,209
25424,ds005280,sub-209,ds005280__sub-209,29,3.5,2.0,3.031765,15,209
25425,ds005280,sub-210,ds005280__sub-210,0,3.5,3.75,3.7479103,0,210
25426,ds005280,sub-210,ds005280__sub-210,1,4.0,4.0,3.7648363,1,210
25427,ds005280,sub-210,ds005280__sub-210,2,4.0,4.0,3.4046066,2,210
25428,ds005280,sub-210,ds005280__sub-210,3,4.0,4.0,3.1423216,3,210
25429,ds005280,sub-210,ds005280__sub-210,4,4.0,2.0,3.0822597,3,210
25430,ds005280,sub-210,ds005280__sub-210,5,3.5,2.0,3.09469,4,210
25431,ds005280,sub-210,ds005280__sub-210,6,3.5,2.0,3.0799823,5,210
25432,ds005280,sub-210,ds005280__sub-210,7,3.5,2.0,3.0796106,6,210
25433,ds005280,sub-210,ds005280__sub-210,8,3.5,2.0,3.1069539,7,210
25434,ds005280,sub-210,ds005280__sub-210,9,4.0,3.5,3.1456838,8,210
25435,ds005280,sub-210,ds005280__sub-210,10,3.5,3.0,3.191043,9,210
25436,ds005280,sub-210,ds005280__sub-210,11,4.0,3.0,3.2247763,10,210
25437,ds005280,sub-210,ds005280__sub-210,12,3.5,3.0,3.2661748,11,210
25438,ds005280,sub-210,ds005280__sub-210,13,4.0,3.0,3.2892723,12,210
25439,ds005280,sub-210,ds005280__sub-210,14,3.5,3.0,3.311376,13,210
25440,ds005280,sub-210,ds005280__sub-210,15,3.5,3.0,3.323167,14,210
25441,ds005280,sub-210,ds005280__sub-210,16,4.0,3.0,3.3241024,15,210
25442,ds005280,sub-210,ds005280__sub-210,17,4.0,3.0,3.3376021,14,210
25443,ds005280,sub-210,ds005280__sub-210,18,3.5,3.0,3.3122559,15,210
25444,ds005280,sub-210,ds005280__sub-210,19,4.0,3.0,3.2924237,14,210
25445,ds005280,sub-210,ds005280__sub-210,20,4.0,3.5,3.2743154,14,210
25446,ds005280,sub-210,ds005280__sub-210,21,3.5,3.5,3.2673602,14,210
25447,ds005280,sub-210,ds005280__sub-210,22,3.5,3.0,3.253284,15,210
25448,ds005280,sub-210,ds005280__sub-210,23,3.5,3.0,3.261283,14,210
25449,ds005280,sub-210,ds005280__sub-210,24,3.5,3.0,3.250369,15,210
25450,ds005280,sub-210,ds005280__sub-210,25,4.0,3.0,3.244013,15,210
25451,ds005280,sub-210,ds005280__sub-210,26,3.5,3.0,3.2769933,14,210
25452,ds005280,sub-210,ds005280__sub-210,27,4.0,3.0,3.2810512,14,210
25453,ds005280,sub-210,ds005280__sub-210,28,4.0,3.0,3.2938423,15,210
25454,ds005280,sub-210,ds005280__sub-210,29,4.0,3.0,3.305274,12,210
25455,ds005280,sub-211,ds005280__sub-211,0,4.0,3.75,3.5781903,0,211
25456,ds005280,sub-211,ds005280__sub-211,1,4.0,3.5,3.6899462,0,211
25457,ds005280,sub-211,ds005280__sub-211,2,4.0,3.5,3.5110946,1,211
25458,ds005280,sub-211,ds005280__sub-211,3,4.0,3.5,3.4718003,2,211
25459,ds005280,sub-211,ds005280__sub-211,4,3.5,3.5,3.3942,2,211
25460,ds005280,sub-211,ds005280__sub-211,5,3.5,3.5,3.3732853,3,211
25461,ds005280,sub-211,ds005280__sub-211,6,3.5,3.5,3.3374968,4,211
25462,ds005280,sub-211,ds005280__sub-211,7,4.0,3.5,3.3663409,5,211
25463,ds005280,sub-211,ds005280__sub-211,8,3.5,3.5,3.407351,6,211
25464,ds005280,sub-211,ds005280__sub-211,9,4.0,3.5,3.4482455,0,211
25465,ds005280,sub-211,ds005280__sub-211,10,3.5,3.5,3.5072143,0,211
25466,ds005280,sub-211,ds005280__sub-211,11,4.0,3.5,3.518724,0,211
25467,ds005280,sub-211,ds005280__sub-211,12,3.5,3.5,3.5308983,1,211
25468,ds005280,sub-211,ds005280__sub-211,13,3.5,3.5,3.5285563,2,211
25469,ds005280,sub-211,ds005280__sub-211,14,4.0,3.5,3.535364,0,211
25470,ds005280,sub-211,ds005280__sub-211,15,3.5,3.5,3.5351095,1,211
25471,ds005280,sub-211,ds005280__sub-211,16,4.0,3.5,3.5457711,0,211
25472,ds005280,sub-211,ds005280__sub-211,17,4.0,3.5,3.5609303,1,211
25473,ds005280,sub-211,ds005280__sub-211,18,3.5,3.5,3.5661395,1,211
25474,ds005280,sub-211,ds005280__sub-211,19,3.5,4.0,3.5684948,2,211
25475,ds005280,sub-211,ds005280__sub-211,20,3.5,3.5,3.5438755,3,211
25476,ds005280,sub-211,ds005280__sub-211,21,3.5,3.5,3.53407,4,211
25477,ds005280,sub-211,ds005280__sub-211,22,4.0,3.5,3.5463529,5,211
25478,ds005280,sub-211,ds005280__sub-211,23,3.5,4.0,3.5567312,6,211
25479,ds005280,sub-211,ds005280__sub-211,24,4.0,4.0,3.5862374,7,211
25480,ds005280,sub-211,ds005280__sub-211,25,4.0,4.0,3.605627,0,211
25481,ds005280,sub-212,ds005280__sub-212,0,3.0,3.75,3.5912256,0,212
25482,ds005280,sub-212,ds005280__sub-212,1,3.5,3.75,3.4647608,1,212
25483,ds005280,sub-212,ds005280__sub-212,2,3.5,4.0,3.2103038,2,212
25484,ds005280,sub-212,ds005280__sub-212,3,3.5,2.25,2.9630365,3,212
25485,ds005280,sub-212,ds005280__sub-212,4,3.5,2.0,2.8531528,4,212
25486,ds005280,sub-212,ds005280__sub-212,5,3.0,2.0,2.9000354,5,212
25487,ds005280,sub-212,ds005280__sub-212,6,3.0,2.0,2.9092329,6,212
25488,ds005280,sub-212,ds005280__sub-212,7,3.0,2.0,2.9299397,7,212
25489,ds005280,sub-212,ds005280__sub-212,8,3.0,2.0,2.93434,8,212
25490,ds005280,sub-212,ds005280__sub-212,9,3.5,2.0,2.9578056,9,212
25491,ds005280,sub-212,ds005280__sub-212,10,3.0,2.0,2.981563,10,212
25492,ds005280,sub-212,ds005280__sub-212,11,3.5,2.0,3.0075366,11,212
25493,ds005280,sub-212,ds005280__sub-212,12,3.0,2.0,3.023427,12,212
25494,ds005280,sub-212,ds005280__sub-212,13,3.5,2.0,3.034712,13,212
25495,ds005280,sub-212,ds005280__sub-212,14,3.0,2.0,3.034895,14,212
25496,ds005280,sub-212,ds005280__sub-212,15,3.0,2.0,3.0469825,15,212
25497,ds005280,sub-212,ds005280__sub-212,16,3.5,3.0,3.058618,14,212
25498,ds005280,sub-212,ds005280__sub-212,17,3.5,3.0,3.0623927,15,212
25499,ds005280,sub-212,ds005280__sub-212,18,3.0,3.0,3.0629733,15,212
25500,ds005280,sub-212,ds005280__sub-212,19,3.5,3.0,3.0632644,15,212
25501,ds005280,sub-212,ds005280__sub-212,20,3.5,2.0,3.0527363,15,212
25502,ds005280,sub-212,ds005280__sub-212,21,3.0,2.0,3.0500937,15,212
25503,ds005280,sub-212,ds005280__sub-212,22,3.0,2.0,3.0360136,15,212
25504,ds005280,sub-212,ds005280__sub-212,23,3.0,2.0,3.0333447,15,212
25505,ds005280,sub-212,ds005280__sub-212,24,3.0,3.0,3.0539641,13,212
25506,ds005280,sub-212,ds005280__sub-212,25,3.5,3.0,3.0412035,15,212
25507,ds005280,sub-212,ds005280__sub-212,26,3.0,3.0,3.0340815,15,212
25508,ds005280,sub-212,ds005280__sub-212,27,3.5,3.0,3.0323029,15,212
25509,ds005280,sub-212,ds005280__sub-212,28,3.5,3.0,3.0370579,13,212
25510,ds005280,sub-212,ds005280__sub-212,29,3.5,3.0,3.101252,14,212
25511,ds005280,sub-213,ds005280__sub-213,0,3.0,4.0,3.6487813,0,213
25512,ds005280,sub-213,ds005280__sub-213,1,3.5,3.5,3.6861496,1,213
25513,ds005280,sub-213,ds005280__sub-213,2,3.0,3.5,3.5589056,2,213
25514,ds005280,sub-213,ds005280__sub-213,3,3.0,3.5,3.5002968,3,213
25515,ds005280,sub-213,ds005280__sub-213,4,3.5,3.5,3.4322786,3,213
25516,ds005280,sub-213,ds005280__sub-213,5,3.0,3.5,3.3823404,5,213
25517,ds005280,sub-213,ds005280__sub-213,6,3.0,3.0,3.3686464,6,213
25518,ds005280,sub-213,ds005280__sub-213,7,3.5,3.5,3.3811898,7,213
25519,ds005280,sub-213,ds005280__sub-213,8,3.0,3.5,3.3858685,8,213
25520,ds005280,sub-213,ds005280__sub-213,9,3.0,3.5,3.4329982,0,213
25521,ds005280,sub-213,ds005280__sub-213,10,3.5,3.5,3.4973173,0,213
25522,ds005280,sub-213,ds005280__sub-213,11,3.5,3.5,3.5087938,0,213
25523,ds005280,sub-213,ds005280__sub-213,12,3.0,3.5,3.5184808,0,213
25524,ds005280,sub-213,ds005280__sub-213,13,3.5,3.5,3.556907,0,213
25525,ds005280,sub-213,ds005280__sub-213,14,3.5,3.5,3.5558858,1,213
25526,ds005280,sub-213,ds005280__sub-213,15,3.0,3.5,3.5579872,0,213
25527,ds005280,sub-213,ds005280__sub-213,16,3.0,3.5,3.5501137,1,213
25528,ds005280,sub-213,ds005280__sub-213,17,3.0,3.5,3.5428858,2,213
25529,ds005280,sub-213,ds005280__sub-213,18,3.0,3.5,3.562397,0,213
25530,ds005280,sub-213,ds005280__sub-213,19,3.5,4.0,3.596472,0,213
25531,ds005280,sub-213,ds005280__sub-213,20,3.0,4.0,3.6067638,1,213
25532,ds005280,sub-213,ds005280__sub-213,21,3.5,4.0,3.6326852,2,213
25533,ds005280,sub-213,ds005280__sub-213,22,3.5,4.0,3.6327496,3,213
25534,ds005280,sub-213,ds005280__sub-213,23,3.5,4.0,3.6165497,3,213
25535,ds005280,sub-214,ds005280__sub-214,0,3.0,3.75,3.6196916,0,214
25536,ds005280,sub-214,ds005280__sub-214,1,3.5,4.0,3.728714,1,214
25537,ds005280,sub-214,ds005280__sub-214,2,3.5,4.0,3.6380122,2,214
25538,ds005280,sub-214,ds005280__sub-214,3,3.5,2.25,3.0380197,3,214
25539,ds005280,sub-214,ds005280__sub-214,4,3.5,2.25,3.0775027,4,214
25540,ds005280,sub-214,ds005280__sub-214,5,3.0,2.25,3.1355171,5,214
25541,ds005280,sub-214,ds005280__sub-214,6,3.0,2.25,3.0903468,6,214
25542,ds005280,sub-214,ds005280__sub-214,7,3.0,2.25,3.1147032,7,214
25543,ds005280,sub-214,ds005280__sub-214,8,3.0,2.25,3.1411471,8,214
25544,ds005280,sub-214,ds005280__sub-214,9,3.5,2.25,3.292038,9,214
25545,ds005280,sub-214,ds005280__sub-214,10,3.0,2.25,3.3239672,10,214
25546,ds005280,sub-214,ds005280__sub-214,11,3.5,3.75,3.4994192,0,214
25547,ds005280,sub-214,ds005280__sub-214,12,3.0,3.75,3.558031,1,214
25548,ds005280,sub-214,ds005280__sub-214,13,3.5,3.75,3.5992997,2,214
25549,ds005280,sub-214,ds005280__sub-214,14,3.0,3.75,3.6371758,3,214
25550,ds005280,sub-214,ds005280__sub-214,15,3.0,3.75,3.6623583,4,214
25551,ds005280,sub-214,ds005280__sub-214,16,3.5,3.75,3.6884842,0,214
25552,ds005280,sub-214,ds005280__sub-214,17,3.5,3.75,3.6585994,1,214
25553,ds005280,sub-214,ds005280__sub-214,18,3.0,3.75,3.7057695,14,214
25554,ds005280,sub-214,ds005280__sub-214,19,3.5,3.75,3.7177129,15,214
25555,ds005280,sub-214,ds005280__sub-214,20,3.5,4.5,3.7650695,0,214
25556,ds005280,sub-214,ds005280__sub-214,21,3.0,4.5,3.7440443,1,214
25557,ds005280,sub-214,ds005280__sub-214,22,3.0,4.5,3.7596853,2,214
25558,ds005280,sub-214,ds005280__sub-214,23,3.0,4.5,3.72289,3,214
25559,ds005280,sub-214,ds005280__sub-214,24,3.0,4.5,3.6976204,4,214
25560,ds005280,sub-214,ds005280__sub-214,25,3.5,3.5,3.5307589,5,214
25561,ds005280,sub-214,ds005280__sub-214,26,3.0,3.5,3.4003215,15,214
25562,ds005280,sub-214,ds005280__sub-214,27,3.5,3.5,3.4588127,0,214
25563,ds005280,sub-214,ds005280__sub-214,28,3.5,3.5,3.4721332,15,214
25564,ds005280,sub-214,ds005280__sub-214,29,3.5,3.5,3.5007868,0,214
25565,ds005280,sub-215,ds005280__sub-215,0,3.5,3.5,3.5284462,0,215
25566,ds005280,sub-215,ds005280__sub-215,1,4.0,4.0,3.6690607,1,215
25567,ds005280,sub-215,ds005280__sub-215,2,4.0,4.0,3.7645316,0,215
25568,ds005280,sub-215,ds005280__sub-215,3,4.0,4.0,3.548593,3,215
25569,ds005280,sub-215,ds005280__sub-215,4,4.0,4.0,3.4297605,4,215
25570,ds005280,sub-215,ds005280__sub-215,5,3.5,3.5,3.3541446,5,215
25571,ds005280,sub-215,ds005280__sub-215,6,3.5,3.5,3.3337522,6,215
25572,ds005280,sub-215,ds005280__sub-215,7,3.5,3.5,3.346322,7,215
25573,ds005280,sub-215,ds005280__sub-215,8,3.5,3.5,3.3684006,8,215
25574,ds005280,sub-215,ds005280__sub-215,9,4.0,3.5,3.3914661,7,215
25575,ds005280,sub-215,ds005280__sub-215,10,3.5,3.5,3.413561,8,215
25576,ds005280,sub-215,ds005280__sub-215,11,4.0,3.5,3.4198933,9,215
25577,ds005280,sub-215,ds005280__sub-215,12,3.5,3.5,3.4302006,10,215
25578,ds005280,sub-215,ds005280__sub-215,13,4.0,4.0,3.4546347,11,215
25579,ds005280,sub-215,ds005280__sub-215,14,3.5,4.0,3.4605422,12,215
25580,ds005280,sub-215,ds005280__sub-215,15,3.5,3.0,3.4573836,13,215
25581,ds005280,sub-215,ds005280__sub-215,16,4.0,3.0,3.4649029,14,215
25582,ds005280,sub-215,ds005280__sub-215,17,4.0,3.0,3.4646873,15,215
25583,ds005280,sub-215,ds005280__sub-215,18,3.5,3.75,3.47184,0,215
25584,ds005280,sub-215,ds005280__sub-215,19,4.0,3.75,3.4591618,14,215
25585,ds005280,sub-215,ds005280__sub-215,20,4.0,4.0,3.4558513,15,215
25586,ds005280,sub-215,ds005280__sub-215,21,3.5,3.75,3.4637966,13,215
25587,ds005280,sub-215,ds005280__sub-215,22,3.5,4.0,3.4575791,14,215
25588,ds005280,sub-215,ds005280__sub-215,23,3.5,4.0,3.4697747,15,215
25589,ds005280,sub-215,ds005280__sub-215,24,3.5,3.75,3.471636,15,215
25590,ds005280,sub-215,ds005280__sub-215,25,4.0,3.75,3.4850054,7,215
25591,ds005280,sub-215,ds005280__sub-215,26,3.5,3.5,3.4459825,12,215
25592,ds005280,sub-215,ds005280__sub-215,27,4.0,4.0,3.4199991,15,215
25593,ds005280,sub-215,ds005280__sub-215,28,4.0,4.0,3.4254894,14,215
25594,ds005280,sub-215,ds005280__sub-215,29,4.0,4.0,3.4267364,15,215
25595,ds005280,sub-216,ds005280__sub-216,0,3.5,3.5,3.4908998,0,216
25596,ds005280,sub-216,ds005280__sub-216,1,4.0,4.0,3.6846046,1,216
25597,ds005280,sub-216,ds005280__sub-216,2,4.0,4.0,3.6092033,2,216
25598,ds005280,sub-216,ds005280__sub-216,3,4.0,4.0,3.2504976,3,216
25599,ds005280,sub-216,ds005280__sub-216,4,4.0,4.0,3.0548115,4,216
25600,ds005280,sub-216,ds005280__sub-216,5,3.5,2.0,3.0281157,5,216
25601,ds005280,sub-216,ds005280__sub-216,6,3.5,2.0,3.0550613,6,216
25602,ds005280,sub-216,ds005280__sub-216,7,3.5,2.0,3.0768657,7,216
25603,ds005280,sub-216,ds005280__sub-216,8,3.5,2.0,3.1121445,8,216
25604,ds005280,sub-216,ds005280__sub-216,9,4.0,2.0,3.1381452,9,216
25605,ds005280,sub-216,ds005280__sub-216,10,3.5,2.0,3.1579413,10,216
25606,ds005280,sub-216,ds005280__sub-216,11,4.0,2.0,3.179606,11,216
25607,ds005280,sub-216,ds005280__sub-216,12,3.5,4.5,3.2093873,12,216
25608,ds005280,sub-216,ds005280__sub-216,13,4.0,4.5,3.247425,13,216
25609,ds005280,sub-216,ds005280__sub-216,14,3.5,4.5,3.288763,14,216
25610,ds005280,sub-216,ds005280__sub-216,15,3.5,4.5,3.3033535,15,216
25611,ds005280,sub-216,ds005280__sub-216,16,4.0,4.5,3.2648978,15,216
25612,ds005280,sub-216,ds005280__sub-216,17,4.0,4.5,3.2763839,15,216
25613,ds005280,sub-216,ds005280__sub-216,18,3.5,4.5,3.318009,15,216
25614,ds005280,sub-216,ds005280__sub-216,19,4.0,4.5,3.33677,15,216
25615,ds005280,sub-216,ds005280__sub-216,20,4.0,4.5,3.3542118,15,216
25616,ds005280,sub-216,ds005280__sub-216,21,3.5,3.75,3.241734,15,216
25617,ds005280,sub-216,ds005280__sub-216,22,3.5,3.75,3.2557251,15,216
25618,ds005280,sub-216,ds005280__sub-216,23,3.5,4.5,3.2593277,14,216
25619,ds005280,sub-216,ds005280__sub-216,24,3.5,4.5,3.277025,15,216
25620,ds005280,sub-216,ds005280__sub-216,25,4.0,3.75,3.3118296,14,216
25621,ds005280,sub-216,ds005280__sub-216,26,3.5,3.75,3.3271418,15,216
25622,ds005280,sub-216,ds005280__sub-216,27,4.0,3.75,3.3728833,15,216
25623,ds005280,sub-216,ds005280__sub-216,28,4.0,3.75,3.3457608,14,216
25624,ds005280,sub-216,ds005280__sub-216,29,4.0,4.5,3.2863016,14,216
25625,ds005280,sub-217,ds005280__sub-217,0,3.5,3.75,3.5118186,0,217
25626,ds005280,sub-217,ds005280__sub-217,1,4.0,3.75,3.3400488,1,217
25627,ds005280,sub-217,ds005280__sub-217,2,4.0,4.0,3.2921574,2,217
25628,ds005280,sub-217,ds005280__sub-217,3,4.0,4.0,3.2591953,3,217
25629,ds005280,sub-217,ds005280__sub-217,4,4.0,4.0,3.1869717,4,217
25630,ds005280,sub-217,ds005280__sub-217,5,3.5,3.5,3.0907013,5,217
25631,ds005280,sub-217,ds005280__sub-217,6,3.5,3.5,3.049715,6,217
25632,ds005280,sub-217,ds005280__sub-217,7,3.5,3.5,3.0550427,7,217
25633,ds005280,sub-217,ds005280__sub-217,8,3.5,3.5,3.0537407,8,217
25634,ds005280,sub-217,ds005280__sub-217,9,4.0,3.5,3.0709996,9,217
25635,ds005280,sub-217,ds005280__sub-217,10,3.5,3.0,3.077141,10,217
25636,ds005280,sub-217,ds005280__sub-217,11,4.0,3.0,3.0968776,11,217
25637,ds005280,sub-217,ds005280__sub-217,12,3.5,3.5,3.103756,12,217
25638,ds005280,sub-217,ds005280__sub-217,13,4.0,3.0,3.1236155,13,217
25639,ds005280,sub-217,ds005280__sub-217,14,3.5,3.0,3.1448913,14,217
25640,ds005280,sub-217,ds005280__sub-217,15,3.5,3.0,3.1687813,15,217
25641,ds005280,sub-217,ds005280__sub-217,16,4.0,3.0,3.1728888,14,217
25642,ds005280,sub-217,ds005280__sub-217,17,4.0,3.0,3.1590137,15,217
25643,ds005280,sub-217,ds005280__sub-217,18,3.5,3.0,3.16389,15,217
25644,ds005280,sub-217,ds005280__sub-217,19,4.0,3.0,3.210036,14,217
25645,ds005280,sub-217,ds005280__sub-217,20,4.0,4.0,3.228566,11,217
25646,ds005280,sub-217,ds005280__sub-217,21,3.5,4.0,3.2277942,13,217
25647,ds005280,sub-217,ds005280__sub-217,22,3.5,4.5,3.274119,13,217
25648,ds005280,sub-217,ds005280__sub-217,23,3.5,4.5,3.2719023,14,217
25649,ds005280,sub-217,ds005280__sub-217,24,3.5,4.5,3.2871056,15,217
25650,ds005280,sub-217,ds005280__sub-217,25,4.0,4.5,3.254005,12,217
25651,ds005280,sub-217,ds005280__sub-217,26,3.5,4.5,3.232544,14,217
25652,ds005280,sub-217,ds005280__sub-217,27,4.0,3.0,3.2128427,15,217
25653,ds005280,sub-217,ds005280__sub-217,28,4.0,3.0,3.2067332,15,217
25654,ds005280,sub-217,ds005280__sub-217,29,4.0,3.0,3.221926,14,217
25655,ds005280,sub-218,ds005280__sub-218,0,3.0,3.75,3.6475573,0,218
25656,ds005280,sub-218,ds005280__sub-218,1,3.5,3.75,3.565349,1,218
25657,ds005280,sub-218,ds005280__sub-218,2,3.5,3.75,3.4472456,2,218
25658,ds005280,sub-218,ds005280__sub-218,3,3.5,3.75,3.3095822,3,218
25659,ds005280,sub-218,ds005280__sub-218,4,3.0,2.25,3.098879,4,218
25660,ds005280,sub-218,ds005280__sub-218,5,3.0,2.25,2.8061938,5,218
25661,ds005280,sub-218,ds005280__sub-218,6,3.0,2.25,2.8798034,5,218
25662,ds005280,sub-218,ds005280__sub-218,7,3.0,2.25,2.863759,6,218
25663,ds005280,sub-218,ds005280__sub-218,8,3.5,2.25,2.938096,7,218
25664,ds005280,sub-218,ds005280__sub-218,9,3.0,2.25,2.9458435,8,218
25665,ds005280,sub-218,ds005280__sub-218,10,3.5,2.25,3.0254993,9,218
25666,ds005280,sub-218,ds005280__sub-218,11,3.0,2.25,3.124075,10,218
25667,ds005280,sub-218,ds005280__sub-218,12,3.5,2.25,3.2846107,11,218
25668,ds005280,sub-218,ds005280__sub-218,13,3.0,3.75,3.348424,0,218
25669,ds005280,sub-218,ds005280__sub-218,14,3.0,2.25,3.2265697,1,218
25670,ds005280,sub-218,ds005280__sub-218,15,3.5,3.75,3.3314435,2,218
25671,ds005280,sub-218,ds005280__sub-218,16,3.5,3.75,3.337159,3,218
25672,ds005280,sub-218,ds005280__sub-218,17,3.0,4.5,3.298595,4,218
25673,ds005280,sub-218,ds005280__sub-218,18,3.5,2.25,3.22709,5,218
25674,ds005280,sub-218,ds005280__sub-218,19,3.5,2.25,3.047413,6,218
25675,ds005280,sub-218,ds005280__sub-218,20,3.0,2.25,3.0172203,0,218
25676,ds005280,sub-218,ds005280__sub-218,21,3.0,2.25,2.9697719,1,218
25677,ds005280,sub-218,ds005280__sub-218,22,3.0,3.75,3.084251,2,218
25678,ds005280,sub-218,ds005280__sub-218,23,3.0,3.75,2.9814513,3,218
25679,ds005280,sub-218,ds005280__sub-218,24,3.5,3.75,3.1330156,0,218
25680,ds005280,sub-218,ds005280__sub-218,25,3.0,3.75,3.1269367,1,218
25681,ds005280,sub-218,ds005280__sub-218,26,3.5,3.75,3.1115642,2,218
25682,ds005280,sub-218,ds005280__sub-218,27,3.5,3.75,3.1776056,3,218
25683,ds005280,sub-218,ds005280__sub-218,28,3.5,2.0,3.0165272,1,218
25684,ds005280,sub-219,ds005280__sub-219,0,3.5,3.5,3.477912,0,219
25685,ds005280,sub-219,ds005280__sub-219,1,3.0,3.5,3.5606613,1,219
25686,ds005280,sub-219,ds005280__sub-219,2,3.0,4.0,3.494928,2,219
25687,ds005280,sub-219,ds005280__sub-219,3,3.0,4.0,3.3450537,3,219
25688,ds005280,sub-219,ds005280__sub-219,4,3.0,4.0,3.1517735,4,219
25689,ds005280,sub-219,ds005280__sub-219,5,3.5,4.0,3.193782,5,219
25690,ds005280,sub-219,ds005280__sub-219,6,3.0,4.0,3.2238574,6,219
25691,ds005280,sub-219,ds005280__sub-219,7,3.5,4.0,3.3003294,7,219
25692,ds005280,sub-219,ds005280__sub-219,8,3.0,4.0,3.3273778,8,219
25693,ds005280,sub-219,ds005280__sub-219,9,3.5,4.0,3.2912774,9,219
25694,ds005280,sub-219,ds005280__sub-219,10,3.0,4.0,3.3428578,10,219
25695,ds005280,sub-219,ds005280__sub-219,11,3.0,4.0,3.3367925,11,219
25696,ds005280,sub-219,ds005280__sub-219,12,3.5,4.0,3.3997297,0,219
25697,ds005280,sub-219,ds005280__sub-219,13,3.5,4.0,3.4385207,1,219
25698,ds005280,sub-219,ds005280__sub-219,14,3.0,4.0,3.4278746,13,219
25699,ds005280,sub-219,ds005280__sub-219,15,3.5,4.0,3.4086866,14,219
25700,ds005280,sub-219,ds005280__sub-219,16,3.5,4.0,3.2998633,14,219
25701,ds005280,sub-219,ds005280__sub-219,17,3.0,4.0,3.3250227,15,219
25702,ds005280,sub-219,ds005280__sub-219,18,3.0,4.0,3.2469666,15,219
25703,ds005280,sub-219,ds005280__sub-219,19,3.0,4.0,3.2515502,12,219
25704,ds005280,sub-219,ds005280__sub-219,20,3.0,4.0,3.3270855,13,219
25705,ds005280,sub-219,ds005280__sub-219,21,3.5,4.0,3.2883663,14,219
25706,ds005280,sub-219,ds005280__sub-219,22,3.0,4.0,3.3661044,15,219
25707,ds005280,sub-219,ds005280__sub-219,23,3.5,4.0,3.4611504,13,219
25708,ds005280,sub-219,ds005280__sub-219,24,3.5,4.0,3.4746246,14,219
25709,ds005280,sub-219,ds005280__sub-219,25,3.5,4.0,3.6111922,0,219
25710,ds005280,sub-220,ds005280__sub-220,0,3.0,3.75,3.6087039,0,220
25711,ds005280,sub-220,ds005280__sub-220,1,3.5,3.5,3.6230297,1,220
25712,ds005280,sub-220,ds005280__sub-220,2,3.5,4.0,3.5124424,2,220
25713,ds005280,sub-220,ds005280__sub-220,3,3.5,4.0,3.6155128,3,220
25714,ds005280,sub-220,ds005280__sub-220,4,3.5,3.5,3.2048378,4,220
25715,ds005280,sub-220,ds005280__sub-220,5,3.0,3.5,3.2771773,5,220
25716,ds005280,sub-220,ds005280__sub-220,6,3.0,3.5,3.1973515,6,220
25717,ds005280,sub-220,ds005280__sub-220,7,3.0,3.5,3.2048717,7,220
25718,ds005280,sub-220,ds005280__sub-220,8,3.0,3.5,3.2144203,8,220
25719,ds005280,sub-220,ds005280__sub-220,9,3.5,3.5,3.3248549,9,220
25720,ds005280,sub-220,ds005280__sub-220,10,3.0,3.5,3.3321176,10,220
25721,ds005280,sub-220,ds005280__sub-220,11,3.5,3.5,3.3905694,11,220
25722,ds005280,sub-220,ds005280__sub-220,12,3.0,3.5,3.4048133,12,220
25723,ds005280,sub-220,ds005280__sub-220,13,3.5,3.5,3.454389,13,220
25724,ds005280,sub-220,ds005280__sub-220,14,3.0,3.5,3.4928813,14,220
25725,ds005280,sub-220,ds005280__sub-220,15,3.0,4.0,3.5076241,15,220
25726,ds005280,sub-220,ds005280__sub-220,16,3.5,3.5,3.4991963,14,220
25727,ds005280,sub-220,ds005280__sub-220,17,3.5,3.5,3.5257864,15,220
25728,ds005280,sub-220,ds005280__sub-220,18,3.0,3.5,3.5241313,14,220
25729,ds005280,sub-220,ds005280__sub-220,19,3.5,3.5,3.5625942,15,220
25730,ds005280,sub-220,ds005280__sub-220,20,3.5,3.5,3.5964363,14,220
25731,ds005280,sub-220,ds005280__sub-220,21,3.0,4.0,3.571669,15,220
25732,ds005280,sub-220,ds005280__sub-220,22,3.0,4.0,3.5466275,15,220
25733,ds005280,sub-220,ds005280__sub-220,23,3.0,3.5,3.4569106,14,220
25734,ds005280,sub-220,ds005280__sub-220,24,3.0,4.0,3.4324193,15,220
25735,ds005280,sub-220,ds005280__sub-220,25,3.5,4.5,3.4589322,15,220
25736,ds005280,sub-220,ds005280__sub-220,26,3.0,4.5,3.5613132,15,220
25737,ds005280,sub-220,ds005280__sub-220,27,3.5,4.5,3.6259437,14,220
25738,ds005280,sub-220,ds005280__sub-220,28,3.5,3.75,3.601271,14,220
25739,ds005280,sub-220,ds005280__sub-220,29,3.5,3.75,3.6595354,15,220
25740,ds005280,sub-221,ds005280__sub-221,0,3.0,3.75,3.673566,0,221
25741,ds005280,sub-221,ds005280__sub-221,1,3.5,3.75,3.729498,0,221
25742,ds005280,sub-221,ds005280__sub-221,2,3.5,4.0,3.6772416,2,221
25743,ds005280,sub-221,ds005280__sub-221,3,3.5,4.0,3.2145138,3,221
25744,ds005280,sub-221,ds005280__sub-221,4,3.5,4.0,3.1197584,4,221
25745,ds005280,sub-221,ds005280__sub-221,5,3.0,4.0,3.0742965,5,221
25746,ds005280,sub-221,ds005280__sub-221,6,3.0,3.5,3.0609832,6,221
25747,ds005280,sub-221,ds005280__sub-221,7,3.0,3.5,3.0541873,7,221
25748,ds005280,sub-221,ds005280__sub-221,8,3.0,3.5,3.056682,8,221
25749,ds005280,sub-221,ds005280__sub-221,9,3.5,3.5,3.0761774,9,221
25750,ds005280,sub-221,ds005280__sub-221,10,3.0,2.5,3.0862052,10,221
25751,ds005280,sub-221,ds005280__sub-221,11,3.5,2.5,3.1220372,11,221
25752,ds005280,sub-221,ds005280__sub-221,12,3.0,2.5,3.1363096,12,221
25753,ds005280,sub-221,ds005280__sub-221,13,3.5,2.5,3.17759,13,221
25754,ds005280,sub-221,ds005280__sub-221,14,3.0,2.5,3.184215,14,221
25755,ds005280,sub-221,ds005280__sub-221,15,3.0,2.5,3.195962,15,221
25756,ds005280,sub-221,ds005280__sub-221,16,3.5,2.5,3.209875,14,221
25757,ds005280,sub-221,ds005280__sub-221,17,3.5,4.5,3.23347,13,221
25758,ds005280,sub-221,ds005280__sub-221,18,3.0,4.5,3.2373233,14,221
25759,ds005280,sub-221,ds005280__sub-221,19,3.5,4.5,3.2493973,15,221
25760,ds005280,sub-221,ds005280__sub-221,20,3.5,4.5,3.2936022,15,221
25761,ds005280,sub-221,ds005280__sub-221,21,3.0,4.5,3.3072848,14,221
25762,ds005280,sub-221,ds005280__sub-221,22,3.0,3.75,3.294717,15,221
25763,ds005280,sub-221,ds005280__sub-221,23,3.0,3.75,3.327489,14,221
25764,ds005280,sub-221,ds005280__sub-221,24,3.0,3.75,3.3263812,15,221
25765,ds005280,sub-221,ds005280__sub-221,25,3.5,3.75,3.3812375,15,221
25766,ds005280,sub-221,ds005280__sub-221,26,3.0,3.75,3.3605106,15,221
25767,ds005280,sub-221,ds005280__sub-221,27,3.5,3.75,3.3329139,15,221
25768,ds005280,sub-221,ds005280__sub-221,28,3.5,3.5,3.3020585,15,221
25769,ds005280,sub-221,ds005280__sub-221,29,3.5,3.5,3.264328,15,221
25770,ds005280,sub-222,ds005280__sub-222,0,3.0,3.75,3.6308656,0,222
25771,ds005280,sub-222,ds005280__sub-222,1,3.5,3.75,3.5785484,1,222
25772,ds005280,sub-222,ds005280__sub-222,2,3.5,3.75,3.3427262,2,222
25773,ds005280,sub-222,ds005280__sub-222,3,3.5,2.0,2.9736485,3,222
25774,ds005280,sub-222,ds005280__sub-222,4,3.0,2.0,2.799117,4,222
25775,ds005280,sub-222,ds005280__sub-222,5,3.0,2.0,2.7554808,5,222
25776,ds005280,sub-222,ds005280__sub-222,6,3.0,2.0,2.7905974,6,222
25777,ds005280,sub-222,ds005280__sub-222,7,3.0,2.0,2.8146904,7,222
25778,ds005280,sub-222,ds005280__sub-222,8,3.5,2.0,2.8719227,8,222
25779,ds005280,sub-222,ds005280__sub-222,9,3.0,2.0,2.872076,9,222
25780,ds005280,sub-222,ds005280__sub-222,10,3.5,2.0,2.906979,10,222
25781,ds005280,sub-222,ds005280__sub-222,11,3.0,2.0,2.940881,11,222
25782,ds005280,sub-222,ds005280__sub-222,12,3.5,2.5,2.999616,12,222
25783,ds005280,sub-222,ds005280__sub-222,13,3.0,2.5,3.0468423,13,222
25784,ds005280,sub-222,ds005280__sub-222,14,3.0,2.5,3.0683465,14,222
25785,ds005280,sub-222,ds005280__sub-222,15,3.5,2.5,3.095024,15,222
25786,ds005280,sub-222,ds005280__sub-222,16,3.5,2.5,3.0941544,15,222
25787,ds005280,sub-222,ds005280__sub-222,17,3.0,2.5,3.120364,15,222
25788,ds005280,sub-222,ds005280__sub-222,18,3.5,2.5,3.1532793,15,222
25789,ds005280,sub-222,ds005280__sub-222,19,3.5,2.5,3.1711345,15,222
25790,ds005280,sub-222,ds005280__sub-222,20,3.0,2.5,3.1167474,13,222
25791,ds005280,sub-222,ds005280__sub-222,21,3.0,2.5,3.0653882,14,222
25792,ds005280,sub-222,ds005280__sub-222,22,3.0,2.5,3.0497656,15,222
25793,ds005280,sub-222,ds005280__sub-222,23,3.0,2.5,3.0631585,14,222
25794,ds005280,sub-222,ds005280__sub-222,24,3.5,2.5,3.0989203,15,222
25795,ds005280,sub-222,ds005280__sub-222,25,3.0,2.5,3.1301136,15,222
25796,ds005280,sub-222,ds005280__sub-222,26,3.5,2.5,3.126143,15,222
25797,ds005280,sub-222,ds005280__sub-222,27,3.5,2.5,3.1208389,15,222
25798,ds005280,sub-222,ds005280__sub-222,28,3.5,2.5,3.149572,14,222
25799,ds005280,sub-223,ds005280__sub-223,0,3.0,3.5,3.55038,0,223
25800,ds005280,sub-223,ds005280__sub-223,1,3.5,3.5,3.5346134,0,223
25801,ds005280,sub-223,ds005280__sub-223,2,3.5,3.5,3.4902868,2,223
25802,ds005280,sub-223,ds005280__sub-223,3,3.5,4.0,3.3235874,3,223
25803,ds005280,sub-223,ds005280__sub-223,4,3.5,4.0,3.1538372,4,223
25804,ds005280,sub-223,ds005280__sub-223,5,3.0,3.5,3.104734,5,223
25805,ds005280,sub-223,ds005280__sub-223,6,3.0,3.5,3.0711298,6,223
25806,ds005280,sub-223,ds005280__sub-223,7,3.0,3.5,3.0581894,7,223
25807,ds005280,sub-223,ds005280__sub-223,8,3.0,3.5,3.054201,8,223
25808,ds005280,sub-223,ds005280__sub-223,9,3.5,3.5,3.0596912,9,223
25809,ds005280,sub-223,ds005280__sub-223,10,3.0,3.5,3.0641356,10,223
25810,ds005280,sub-223,ds005280__sub-223,11,3.5,3.5,3.0658283,11,223
25811,ds005280,sub-223,ds005280__sub-223,12,3.0,3.5,3.0854511,12,223
25812,ds005280,sub-223,ds005280__sub-223,13,3.5,3.5,3.1191168,13,223
25813,ds005280,sub-223,ds005280__sub-223,14,3.0,3.5,3.1511707,14,223
25814,ds005280,sub-223,ds005280__sub-223,15,3.0,3.5,3.1749191,15,223
25815,ds005280,sub-223,ds005280__sub-223,16,3.5,3.5,3.185443,15,223
25816,ds005280,sub-223,ds005280__sub-223,17,3.5,3.5,3.1887035,15,223
25817,ds005280,sub-223,ds005280__sub-223,18,3.0,3.5,3.1850066,15,223
25818,ds005280,sub-223,ds005280__sub-223,19,3.5,3.5,3.1912742,15,223
25819,ds005280,sub-223,ds005280__sub-223,20,3.0,3.5,3.2027726,15,223
25820,ds005280,sub-223,ds005280__sub-223,21,3.5,4.5,3.2103767,15,223
25821,ds005280,sub-223,ds005280__sub-223,22,3.0,4.5,3.2164974,14,223
