source_row,dataset,subject,epoch,rating,laser_power,cluster,component_1,component_2
4966,ds005289,sub-001,0,4.89,4.25,1,-24.224915,27.645565
4967,ds005289,sub-001,1,5.74,4.25,2,21.05909,-1.7981648
4968,ds005289,sub-001,2,5.44,4.25,1,-17.619017,18.25737
4969,ds005289,sub-001,3,5.78,4.25,2,-0.8933915,-1.4558213
4970,ds005289,sub-001,4,4.87,4.25,2,17.930634,-30.74425
4971,ds005289,sub-001,5,7.84,4.25,2,22.574106,-13.489759
4972,ds005289,sub-001,6,7.34,4.25,1,-29.165113,24.127407
4973,ds005289,sub-001,7,4.58,4.25,2,-4.7203717,-34.785645
4974,ds005289,sub-001,8,5.85,4.25,2,23.873762,-21.125832
4975,ds005289,sub-001,9,4.83,4.25,2,-6.884313,-20.802889
4976,ds005289,sub-002,0,,3.0,2,-3.0276382,-49.474632
4977,ds005289,sub-002,1,3.64,3.0,1,-6.619184,38.698048
4978,ds005289,sub-002,2,5.88,3.0,1,5.7876744,45.97147
4979,ds005289,sub-002,3,7.39,3.0,2,18.466124,-27.186699
4980,ds005289,sub-002,4,5.02,3.0,3,-48.455685,-17.730057
4981,ds005289,sub-002,5,6.02,3.0,3,-42.448193,1.8740377
4982,ds005289,sub-002,6,8.33,3.0,2,28.247318,-44.839027
4983,ds005289,sub-002,7,7.03,3.0,2,3.5612853,-46.776104
4984,ds005289,sub-002,8,7.46,3.0,2,15.867821,-46.15476
4985,ds005289,sub-002,9,3.58,3.0,2,-13.236251,-8.479354
4986,ds005289,sub-003,0,7.68,3.5,0,25.21338,-1.4510605
4987,ds005289,sub-003,1,7.97,3.5,1,12.051847,49.18422
4988,ds005289,sub-003,2,9.29,3.5,0,56.757397,-10.3435
4989,ds005289,sub-003,3,2.08,3.5,0,47.125908,35.942196
4990,ds005289,sub-003,4,4.08,3.5,0,61.606705,-5.791666
4991,ds005289,sub-003,5,7.26,3.5,0,35.300358,8.842309
4992,ds005289,sub-003,6,5.24,3.5,0,40.414913,-12.2072735
4993,ds005289,sub-003,7,8.34,3.5,0,61.916504,-6.281966
4994,ds005289,sub-003,8,6.49,3.5,0,31.187332,-0.015867678
4995,ds005289,sub-003,9,6.85,3.5,0,28.85692,-1.7400879
4996,ds005289,sub-004,0,9.89,3.5,0,82.04353,-8.605593
4997,ds005289,sub-004,1,9.27,3.5,1,9.510786,53.30701
4998,ds005289,sub-004,2,7.6,3.5,0,50.759186,5.997743
4999,ds005289,sub-004,3,8.55,3.5,1,1.7054685,46.010048
5000,ds005289,sub-004,4,7.27,3.5,1,9.706473,53.07542
5001,ds005289,sub-004,5,9.24,3.5,0,48.99963,-14.037549
5002,ds005289,sub-004,6,8.21,3.5,0,23.927916,7.2196918
5003,ds005289,sub-004,7,9.3,3.5,1,18.681986,55.985214
5004,ds005289,sub-004,8,7.85,3.5,1,9.186538,53.36332
5005,ds005289,sub-004,9,9.15,3.5,1,5.300087,49.934967
5006,ds005289,sub-005,0,4.99,3.0,1,31.741024,31.300062
5007,ds005289,sub-005,1,4.49,3.0,2,-7.479671,-4.6827455
5008,ds005289,sub-005,2,3.15,3.0,2,-19.846624,-19.148237
5009,ds005289,sub-005,3,5.02,3.0,2,39.961708,-30.090384
5010,ds005289,sub-005,4,3.02,3.0,1,-1.8677098,19.485207
5011,ds005289,sub-005,5,5.06,3.0,1,-2.5781653,29.659512
5012,ds005289,sub-005,6,6.0,3.0,1,28.657965,22.817814
5013,ds005289,sub-005,7,3.08,3.0,2,-14.18601,-35.739243
5014,ds005289,sub-005,8,5.25,3.0,0,28.85788,0.061077315
5015,ds005289,sub-005,9,5.16,3.0,0,24.344404,4.629201
5016,ds005289,sub-006,0,5.56,3.0,2,27.160353,-21.112688
5017,ds005289,sub-006,1,8.58,3.0,0,45.794983,3.0290608
5018,ds005289,sub-006,2,5.33,3.0,1,-21.809498,18.401743
5019,ds005289,sub-006,3,4.42,3.0,2,10.161792,-7.751676
5020,ds005289,sub-006,4,9.19,3.0,0,27.534075,-1.7456301
5021,ds005289,sub-006,5,5.57,3.0,2,2.7014403,-7.437395
5022,ds005289,sub-006,6,7.04,3.0,0,34.258434,-9.109938
5023,ds005289,sub-006,7,5.05,3.0,2,1.1214054,1.5681973
5024,ds005289,sub-006,8,7.85,3.0,2,11.319261,-4.4113655
5025,ds005289,sub-006,9,9.06,3.0,0,40.11231,-9.961388
5026,ds005289,sub-007,0,5.66,3.75,0,31.125645,0.584309
5027,ds005289,sub-007,1,6.7,3.75,2,6.347921,-1.9361283
5028,ds005289,sub-007,2,3.95,3.75,1,0.7741658,4.005317
5029,ds005289,sub-007,3,4.85,3.75,1,-10.296604,54.95096
5030,ds005289,sub-007,4,5.8,3.75,2,-2.6171482,-2.9379563
5031,ds005289,sub-007,5,6.04,3.75,2,-2.1485226,-7.024477
5032,ds005289,sub-007,6,7.07,3.75,1,-2.8622859,7.386103
5033,ds005289,sub-007,7,5.95,3.75,2,27.864765,-14.353449
5034,ds005289,sub-008,0,9.04,3.75,2,10.368407,-0.8493483
5035,ds005289,sub-008,1,9.69,3.75,1,-1.9936934,46.946075
5036,ds005289,sub-008,2,4.0,3.75,3,-45.949688,-17.116339
5037,ds005289,sub-008,3,9.43,3.75,0,28.226366,8.932815
5038,ds005289,sub-008,4,4.55,3.75,3,-36.728165,26.474289
5039,ds005289,sub-008,5,7.58,3.75,1,-23.538334,24.358818
5040,ds005289,sub-008,6,9.44,3.75,2,37.039032,-31.647722
5041,ds005289,sub-008,7,9.07,3.75,0,46.512825,5.5708594
5042,ds005289,sub-008,8,9.64,3.75,0,29.92055,-3.4254177
5043,ds005289,sub-008,9,9.58,3.75,2,-0.8942485,-1.2856499
5044,ds005289,sub-009,0,6.0,3.75,2,16.107498,-27.55653
5045,ds005289,sub-009,1,7.87,3.75,0,28.829626,0.5103421
5046,ds005289,sub-009,2,6.92,3.75,2,8.009054,-4.712155
5047,ds005289,sub-009,3,1.81,3.75,2,12.112538,-18.803747
5048,ds005289,sub-009,4,6.69,3.75,0,66.58557,13.212711
5049,ds005289,sub-009,5,8.24,3.75,0,34.43042,1.3257957
5050,ds005289,sub-009,6,5.03,3.75,0,35.153687,1.5241385
5051,ds005289,sub-009,7,7.91,3.75,0,49.01998,21.650347
5052,ds005289,sub-010,0,5.01,4.25,1,22.255484,26.745272
5053,ds005289,sub-010,1,4.0,4.25,0,78.50508,20.133024
5054,ds005289,sub-010,2,5.02,4.25,0,63.352283,14.940243
5055,ds005289,sub-010,3,4.7,4.25,0,80.12433,-6.0451756
5056,ds005289,sub-010,4,5.02,4.25,1,36.164936,39.686806
5057,ds005289,sub-010,5,3.99,4.25,0,57.759212,-16.012722
5058,ds005289,sub-010,6,5.32,4.25,0,67.4672,7.5936627
5059,ds005289,sub-010,7,4.72,4.25,0,57.78554,36.840176
5060,ds005289,sub-010,8,4.18,4.25,0,67.49495,36.807293
5061,ds005289,sub-010,9,4.52,4.25,0,59.220478,42.9036
5062,ds005289,sub-011,0,5.32,3.25,3,-71.83958,15.996413
5063,ds005289,sub-011,1,4.11,3.25,3,-80.13697,12.147505
5064,ds005289,sub-011,2,5.16,3.25,3,-72.21727,27.5007
5065,ds005289,sub-011,3,6.9,3.25,3,-80.84518,12.399953
5066,ds005289,sub-011,4,4.18,3.25,3,-73.46279,10.061615
5067,ds005289,sub-011,5,5.65,3.25,3,-67.47935,32.430073
5068,ds005289,sub-011,6,6.65,3.25,3,-76.778885,10.476438
5069,ds005289,sub-011,7,2.12,3.25,3,-66.47524,22.45237
5070,ds005289,sub-011,8,7.58,3.25,3,-55.838615,14.460844
5071,ds005289,sub-011,9,4.85,3.25,3,-47.676556,-4.2595625
5072,ds005289,sub-012,0,5.03,3.5,0,76.37538,20.095346
5073,ds005289,sub-012,1,6.61,3.5,0,78.7601,14.981478
5074,ds005289,sub-012,2,4.51,3.5,1,33.57673,35.606426
5075,ds005289,sub-012,3,6.77,3.5,0,81.676575,18.04224
5076,ds005289,sub-012,4,7.21,3.5,0,89.13044,15.149132
5077,ds005289,sub-012,5,6.33,3.5,0,80.65269,15.38178
5078,ds005289,sub-012,6,5.57,3.5,0,80.470985,20.78365
5079,ds005289,sub-012,7,7.04,3.5,0,80.58268,15.402425
5080,ds005289,sub-012,8,6.9,3.5,0,80.86362,15.118212
5081,ds005289,sub-012,9,6.62,3.5,0,80.57111,21.131445
5082,ds005289,sub-013,0,5.03,3.25,1,10.417112,56.385235
5083,ds005289,sub-013,1,5.91,3.25,0,67.22828,8.155946
5084,ds005289,sub-013,2,4.7,3.25,0,50.92317,-10.905891
5085,ds005289,sub-013,3,6.45,3.25,0,70.711815,4.3685746
5086,ds005289,sub-013,4,3.35,3.25,3,-84.99966,13.970577
5087,ds005289,sub-013,5,7.04,3.25,0,85.49449,17.518696
5088,ds005289,sub-013,6,7.05,3.25,1,28.768782,33.969933
5089,ds005289,sub-013,7,7.6,3.25,1,25.949,41.988472
5090,ds005289,sub-013,8,6.06,3.25,1,18.24595,3.5005116
5091,ds005289,sub-014,0,1.99,3.5,0,72.47867,-13.843999
5092,ds005289,sub-014,1,5.04,3.5,0,55.453648,-0.49200907
5093,ds005289,sub-014,2,7.03,3.5,0,54.944416,-0.23199458
5094,ds005289,sub-014,3,6.01,3.5,1,7.697786,52.261497
5095,ds005289,sub-014,4,4.02,3.5,0,72.781075,-4.2261324
5096,ds005289,sub-014,5,8.02,3.5,0,62.69041,29.333378
5097,ds005289,sub-014,6,6.07,3.5,0,82.46769,8.498276
5098,ds005289,sub-014,7,3.03,3.5,2,3.721383,-10.233052
5099,ds005289,sub-014,8,6.05,3.5,0,80.763054,-1.0124048
5100,ds005289,sub-014,9,7.06,3.5,0,74.31833,6.4944725
5101,ds005289,sub-015,0,8.03,3.25,1,-18.428413,20.918737
5102,ds005289,sub-015,1,7.03,3.25,2,22.830135,-11.036807
5103,ds005289,sub-015,2,5.04,3.25,2,-20.011267,-10.273677
5104,ds005289,sub-015,3,9.04,3.25,2,23.149628,-34.543858
5105,ds005289,sub-015,4,8.01,3.25,3,-46.085403,-25.248064
5106,ds005289,sub-015,5,7.86,3.25,3,-37.538227,-22.606361
5107,ds005289,sub-015,6,7.07,3.25,3,-46.38202,-8.517427
5108,ds005289,sub-015,7,6.72,3.25,3,-52.491413,12.170729
5109,ds005289,sub-015,8,4.0,3.25,2,15.170454,-7.4351683
5110,ds005289,sub-015,9,7.06,3.25,2,-21.300695,-14.514922
5111,ds005289,sub-016,0,6.54,3.25,1,-11.128505,61.15544
5112,ds005289,sub-016,1,6.49,3.25,2,5.4521813,-48.031895
5113,ds005289,sub-016,2,5.99,3.25,0,60.400906,15.951735
5114,ds005289,sub-016,3,5.56,3.25,0,56.0304,4.3320723
5115,ds005289,sub-016,4,5.53,3.25,0,35.20328,0.23810658
5116,ds005289,sub-016,5,4.53,3.25,0,56.979298,14.300038
5117,ds005289,sub-016,6,8.55,3.25,0,61.010006,12.519219
5118,ds005289,sub-016,7,3.01,3.25,2,28.134731,-13.985482
5119,ds005289,sub-016,8,7.52,3.25,0,68.36122,12.322332
5120,ds005289,sub-017,0,4.72,4.0,2,12.219428,2.0493822
5121,ds005289,sub-017,1,5.6,4.0,2,0.9371519,-37.87028
5122,ds005289,sub-017,2,5.29,4.0,0,63.000652,12.190914
5123,ds005289,sub-017,3,4.84,4.0,2,16.1408,-26.86919
5124,ds005289,sub-017,4,5.73,4.0,0,51.594112,8.375671
5125,ds005289,sub-017,5,5.59,4.0,0,57.15509,-4.7751637
5126,ds005289,sub-017,6,5.44,4.0,0,41.334427,5.079274
5127,ds005289,sub-017,7,6.12,4.0,0,35.295918,-16.837336
5128,ds005289,sub-017,8,5.11,4.0,1,3.341443,8.718309
5129,ds005289,sub-017,9,5.02,4.0,0,35.67353,9.315037
5130,ds005289,sub-018,0,2.03,4.5,3,-49.620438,-17.555805
5131,ds005289,sub-018,1,5.98,4.5,2,15.209398,-7.334864
5132,ds005289,sub-018,2,5.02,4.5,2,-20.270714,-18.940872
5133,ds005289,sub-018,3,7.06,4.5,2,16.99728,-36.077423
5134,ds005289,sub-018,4,6.04,4.5,2,-9.084781,-37.509377
5135,ds005289,sub-018,5,5.02,4.5,1,-10.641766,6.4407964
5136,ds005289,sub-018,6,6.94,4.5,1,13.1811,11.09455
5137,ds005289,sub-018,7,4.08,4.5,1,-7.784099,5.2819204
5138,ds005289,sub-018,8,7.0,4.5,0,42.94336,-27.677774
5139,ds005289,sub-018,9,6.04,4.5,0,28.233303,-10.009865
5140,ds005289,sub-019,0,5.97,3.0,0,66.14104,-7.6432786
5141,ds005289,sub-019,1,5.02,3.0,3,-55.97326,-46.08764
5142,ds005289,sub-019,2,4.92,3.0,3,-45.904102,-47.282528
5143,ds005289,sub-019,3,5.53,3.0,1,2.6024413,6.7029934
5144,ds005289,sub-019,4,6.44,3.0,2,-19.560532,-6.733128
5145,ds005289,sub-019,5,5.06,3.0,1,-5.1539497,52.20444
5146,ds005289,sub-019,6,5.56,3.0,2,-17.334812,-49.637768
5147,ds005289,sub-019,7,6.67,3.0,2,35.83712,-45.050083
5148,ds005289,sub-019,8,5.55,3.0,2,16.446463,-45.997086
5149,ds005289,sub-019,9,7.57,3.0,0,56.40597,-10.44858
5150,ds005289,sub-020,0,3.96,3.5,3,-47.158363,41.66951
5151,ds005289,sub-020,1,5.49,3.5,1,-11.787656,61.828316
5152,ds005289,sub-020,2,5.02,3.5,1,15.387949,26.949371
5153,ds005289,sub-020,3,5.23,3.5,1,-6.804146,62.063354
5154,ds005289,sub-020,4,7.37,3.5,1,-38.898365,51.30302
5155,ds005289,sub-020,5,7.82,3.5,0,53.13519,45.693737
5156,ds005289,sub-020,6,8.19,3.5,0,59.08005,43.1077
5157,ds005289,sub-020,7,4.8,3.5,3,-47.183025,40.09281
5158,ds005289,sub-020,8,7.52,3.5,0,62.261616,41.809658
5159,ds005289,sub-020,9,4.95,3.5,1,22.989094,33.05208
5160,ds005289,sub-021,0,5.04,3.25,0,79.11083,22.91632
5161,ds005289,sub-021,1,5.04,3.25,0,86.98719,6.683134
5162,ds005289,sub-021,2,3.99,3.25,0,76.36658,19.739882
5163,ds005289,sub-021,3,2.99,3.25,0,48.286823,19.4874
5164,ds005289,sub-021,4,4.0,3.25,0,57.120552,6.6778193
5165,ds005289,sub-021,5,5.02,3.25,0,54.964664,35.701656
5166,ds005289,sub-021,6,4.0,3.25,0,79.11313,20.076998
5167,ds005289,sub-021,7,4.03,3.25,0,79.23836,22.895329
5168,ds005289,sub-021,8,3.95,3.25,0,79.02814,23.114176
5169,ds005289,sub-021,9,5.02,3.25,0,79.67603,15.188951
5170,ds005289,sub-022,0,6.62,3.25,1,-6.5832086,50.39992
5171,ds005289,sub-022,1,9.27,3.25,0,50.53966,12.581533
5172,ds005289,sub-022,2,9.95,3.25,0,60.94734,12.535533
5173,ds005289,sub-022,3,8.0,3.25,0,58.077446,16.915516
5174,ds005289,sub-022,4,8.68,3.25,0,50.480934,-5.0410814
5175,ds005289,sub-022,5,4.58,3.25,0,67.95833,0.20882705
5176,ds005289,sub-022,6,9.84,3.25,0,53.456272,-0.6754654
5177,ds005289,sub-022,7,7.88,3.25,0,61.184208,-2.414875
5178,ds005289,sub-022,8,5.08,3.25,2,26.132347,-35.09305
5179,ds005289,sub-022,9,4.13,3.25,2,12.011398,-46.33315
5180,ds005289,sub-023,0,7.92,3.75,1,24.235813,35.40368
5181,ds005289,sub-023,1,9.01,3.75,1,38.805096,50.771626
5182,ds005289,sub-023,2,5.64,3.75,1,23.534279,54.27572
5183,ds005289,sub-023,3,6.99,3.75,1,12.130294,31.994495
5184,ds005289,sub-023,4,9.56,3.75,0,37.803726,25.021284
5185,ds005289,sub-023,5,7.52,3.75,1,31.637295,34.287506
5186,ds005289,sub-023,6,8.09,3.75,0,52.25527,46.624012
5187,ds005289,sub-023,7,7.86,3.75,1,28.370417,34.078278
5188,ds005289,sub-023,8,8.03,3.75,1,2.3663137,40.28497
5189,ds005289,sub-023,9,8.28,3.75,1,23.076635,54.678123
5190,ds005289,sub-024,0,5.38,3.75,1,22.560146,36.387962
5191,ds005289,sub-024,1,5.67,3.75,1,-2.5280378,55.008297
5192,ds005289,sub-024,2,5.87,3.75,1,21.62897,38.184723
5193,ds005289,sub-024,3,5.51,3.75,0,43.710533,8.023267
5194,ds005289,sub-024,4,5.85,3.75,1,22.518118,19.526123
5195,ds005289,sub-024,5,5.25,3.75,1,31.118896,36.85737
5196,ds005289,sub-024,6,4.76,3.75,0,47.67296,23.583004
5197,ds005289,sub-024,7,5.36,3.75,1,3.7301683,57.29967
5198,ds005289,sub-024,8,5.84,3.75,1,-16.508892,21.678024
5199,ds005289,sub-024,9,6.05,3.75,1,22.01726,37.976437
5200,ds005289,sub-025,0,7.56,3.5,0,55.898712,-13.254947
5201,ds005289,sub-025,1,4.98,3.5,0,40.307274,22.70782
5202,ds005289,sub-025,2,6.08,3.5,0,57.889545,21.022018
5203,ds005289,sub-025,3,8.81,3.5,0,77.97288,17.063133
5204,ds005289,sub-025,4,9.32,3.5,0,73.361626,1.4956684
5205,ds005289,sub-025,5,9.84,3.5,0,54.032425,31.351942
5206,ds005289,sub-025,6,8.56,3.5,0,64.09029,12.387114
5207,ds005289,sub-025,7,9.04,3.5,0,49.66189,39.925045
5208,ds005289,sub-025,8,9.13,3.5,0,48.82378,1.4090568
5209,ds005289,sub-025,9,7.18,3.5,0,65.85747,13.244959
5210,ds005289,sub-026,0,8.06,4.0,2,23.932112,-33.014374
5211,ds005289,sub-026,1,6.98,4.0,2,20.713781,-36.305355
5212,ds005289,sub-026,2,5.57,4.0,1,-40.62831,52.66936
5213,ds005289,sub-026,3,9.04,4.0,0,41.168186,-15.105464
5214,ds005289,sub-026,4,9.9,4.0,0,48.828693,18.656626
5215,ds005289,sub-026,5,3.9,4.0,1,-18.471125,24.720966
5216,ds005289,sub-026,6,4.44,4.0,0,48.576138,14.877504
5217,ds005289,sub-026,7,8.61,4.0,2,1.9863589,-12.354257
5218,ds005289,sub-026,8,9.97,4.0,1,1.8687797,4.6120234
5219,ds005289,sub-027,0,3.82,4.25,0,85.19521,7.495507
5220,ds005289,sub-027,1,4.04,4.25,0,53.255554,10.866525
5221,ds005289,sub-027,2,5.03,4.25,0,83.83057,9.9728
5222,ds005289,sub-027,3,5.47,4.25,0,82.46716,1.4994551
5223,ds005289,sub-027,4,5.64,4.25,0,73.316055,-0.3195975
5224,ds005289,sub-027,5,6.02,4.25,0,72.47999,12.932944
5225,ds005289,sub-027,6,6.23,4.25,0,63.39703,14.462082
5226,ds005289,sub-027,7,6.27,4.25,0,60.403896,9.772234
5227,ds005289,sub-027,8,6.69,4.25,0,59.443596,10.406438
5228,ds005289,sub-027,9,6.85,4.25,0,70.90234,10.722549
5229,ds005289,sub-028,0,4.98,2.75,0,39.66304,-3.8582165
5230,ds005289,sub-028,1,6.01,2.75,2,23.862139,-32.71688
5231,ds005289,sub-028,2,6.05,2.75,0,46.90129,4.4674363
5232,ds005289,sub-028,3,6.0,2.75,1,-2.0795417,31.686304
5233,ds005289,sub-028,4,6.05,2.75,0,21.3945,-0.7444052
5234,ds005289,sub-028,5,5.97,2.75,1,-5.2583137,19.271547
5235,ds005289,sub-028,6,5.07,2.75,2,14.103405,-23.430243
5236,ds005289,sub-028,7,5.07,2.75,2,-2.0764024,-41.172142
5237,ds005289,sub-028,8,7.03,2.75,0,26.374208,1.2991514
5238,ds005289,sub-028,9,4.68,2.75,1,-19.461864,19.055698
5239,ds005289,sub-029,0,5.28,3.5,1,-5.5134387,55.233192
5240,ds005289,sub-029,1,7.48,3.5,3,-69.92832,-14.559319
5241,ds005289,sub-029,2,7.01,3.5,0,46.48313,30.528015
5242,ds005289,sub-029,3,8.04,3.5,2,8.234489,-45.933613
5243,ds005289,sub-029,4,7.03,3.5,2,-13.090947,-34.87098
5244,ds005289,sub-029,5,6.5,3.5,0,66.79812,-8.224601
5245,ds005289,sub-029,6,,3.5,0,46.82799,33.62548
5246,ds005289,sub-030,0,5.57,3.75,0,60.77048,12.476303
5247,ds005289,sub-030,1,5.01,3.75,3,-46.7245,-23.450909
5248,ds005289,sub-030,2,6.05,3.75,2,32.64467,-20.285751
5249,ds005289,sub-030,3,5.02,3.75,3,-45.358032,-13.351282
5250,ds005289,sub-030,4,3.04,3.75,3,-56.1083,-3.2409563
5251,ds005289,sub-030,5,6.04,3.75,3,-22.834421,4.3016825
5252,ds005289,sub-030,6,7.06,3.75,2,14.876783,2.0147526
5253,ds005289,sub-031,0,7.02,3.0,1,-11.035455,52.64325
5254,ds005289,sub-031,1,4.01,3.0,1,-17.169117,57.04662
5255,ds005289,sub-031,2,7.01,3.0,0,79.33801,13.927946
5256,ds005289,sub-031,3,6.04,3.0,0,26.508696,3.0188246
5257,ds005289,sub-031,4,5.01,3.0,1,19.536695,19.27507
5258,ds005289,sub-031,5,4.01,3.0,0,57.902615,17.074854
5259,ds005289,sub-031,6,4.01,3.0,0,50.586807,-39.400593
5260,ds005289,sub-031,7,6.02,3.0,1,1.5075758,45.719975
5261,ds005289,sub-031,8,5.04,3.0,0,53.23485,20.752483
5262,ds005289,sub-031,9,6.01,3.0,0,52.176983,24.5632
5263,ds005289,sub-032,0,8.96,3.75,1,29.391884,32.875977
5264,ds005289,sub-032,1,9.91,3.75,0,48.267727,24.143013
5265,ds005289,sub-032,2,4.72,3.75,1,9.832924,58.866
5266,ds005289,sub-032,3,5.11,3.75,0,63.755344,8.023112
5267,ds005289,sub-032,4,4.5,3.75,0,46.858475,18.170965
5268,ds005289,sub-032,5,6.02,3.75,0,46.77381,18.031704
5269,ds005289,sub-032,6,7.38,3.75,0,46.57258,18.297647
5270,ds005289,sub-032,7,8.95,3.75,0,46.717674,20.205149
5271,ds005289,sub-032,8,5.32,3.75,0,47.46839,18.531464
5272,ds005289,sub-032,9,3.91,3.75,0,47.145664,17.945415
5273,ds005289,sub-033,0,8.04,3.5,3,-56.873955,-18.415089
5274,ds005289,sub-033,1,8.44,3.5,1,-31.612915,35.316723
5275,ds005289,sub-033,2,7.55,3.5,3,-32.14857,5.8278084
5276,ds005289,sub-033,3,9.07,3.5,2,-5.8720093,-9.394627
5277,ds005289,sub-033,4,5.6,3.5,3,-42.35614,-19.239712
5278,ds005289,sub-033,5,8.03,3.5,3,-29.27401,-22.990671
5279,ds005289,sub-033,6,8.06,3.5,2,19.445707,-36.84035
5280,ds005289,sub-033,7,8.03,3.5,3,-23.04914,2.1460092
5281,ds005289,sub-033,8,7.94,3.5,2,-1.6789854,-2.9738028
5282,ds005289,sub-033,9,4.16,3.5,2,-29.029375,-33.85694
5283,ds005289,sub-034,0,8.04,3.5,3,-56.895355,-18.542795
5284,ds005289,sub-034,1,8.44,3.5,1,-31.696888,35.239586
5285,ds005289,sub-034,2,7.55,3.5,3,-32.13012,5.8632984
5286,ds005289,sub-034,3,9.07,3.5,2,-5.976828,-9.418472
5287,ds005289,sub-034,4,5.6,3.5,3,-42.41805,-19.286898
5288,ds005289,sub-034,5,8.03,3.5,3,-48.09787,0.39021432
5289,ds005289,sub-034,6,8.06,3.5,2,19.413918,-36.970036
5290,ds005289,sub-034,7,8.03,3.5,3,-23.100998,2.1645486
5291,ds005289,sub-034,8,7.94,3.5,2,-1.7385416,-2.9723694
5292,ds005289,sub-034,9,4.16,3.5,2,-21.524286,-21.77297
5293,ds005289,sub-035,0,5.01,3.5,1,30.9926,28.27796
5294,ds005289,sub-035,1,7.01,3.5,2,-10.193939,-32.25704
5295,ds005289,sub-035,2,7.32,3.5,1,-4.1944065,65.195015
5296,ds005289,sub-035,3,7.13,3.5,1,11.729411,50.966217
5297,ds005289,sub-035,4,6.61,3.5,2,27.444092,-19.453955
5298,ds005289,sub-035,5,7.99,3.5,1,-1.2774987,46.653206
5299,ds005289,sub-035,6,8.24,3.5,1,-28.766628,26.037876
5300,ds005289,sub-035,7,6.72,3.5,0,48.768528,14.823491
5301,ds005289,sub-035,8,7.55,3.5,0,50.78269,-2.902886
5302,ds005289,sub-035,9,6.84,3.5,2,30.647451,-20.0384
5303,ds005289,sub-036,0,4.07,2.75,3,-77.12701,-3.541502
5304,ds005289,sub-036,1,5.07,2.75,3,-69.33617,-13.954789
5305,ds005289,sub-036,2,7.03,2.75,3,-38.083366,-24.401323
5306,ds005289,sub-036,3,7.06,2.75,3,-49.66496,-42.215958
5307,ds005289,sub-036,4,6.0,2.75,3,-59.3489,5.469139
5308,ds005289,sub-036,5,6.02,2.75,2,-3.4266617,-4.8577576
5309,ds005289,sub-036,6,8.1,2.75,3,-57.143013,-32.954773
5310,ds005289,sub-036,7,9.05,2.75,3,-37.27938,1.7766492
5311,ds005289,sub-036,8,4.06,2.75,1,-23.181683,14.272819
5312,ds005289,sub-036,9,7.1,2.75,2,-22.251709,-12.244896
5313,ds005289,sub-037,0,8.0,4.0,0,40.116688,-11.453138
5314,ds005289,sub-037,1,6.02,4.0,0,60.82452,-7.151843
5315,ds005289,sub-037,2,9.06,4.0,0,35.87385,-18.92157
5316,ds005289,sub-037,3,4.04,4.0,0,46.31455,-20.218357
5317,ds005289,sub-037,4,8.06,4.0,0,57.45876,-21.7787
5318,ds005289,sub-037,5,8.04,4.0,0,79.439064,-11.2920885
5319,ds005289,sub-037,6,9.99,4.0,0,79.454185,-11.18331
5320,ds005289,sub-037,7,4.04,4.0,0,45.883354,-18.835453
5321,ds005289,sub-037,8,9.04,4.0,1,27.121796,42.723316
5322,ds005289,sub-037,9,9.04,4.0,0,47.29507,-30.661098
5323,ds005289,sub-038,0,6.03,3.75,1,-2.7706892,65.94747
5324,ds005289,sub-038,1,5.5,3.75,0,39.196247,39.29358
5325,ds005289,sub-038,2,6.02,3.75,1,13.628278,49.466583
5326,ds005289,sub-038,3,5.52,3.75,1,-0.43710852,58.245182
5327,ds005289,sub-038,4,6.71,3.75,1,-1.2554344,58.456615
5328,ds005289,sub-038,5,5.02,3.75,1,16.456907,53.95641
5329,ds005289,sub-038,6,5.49,3.75,1,24.400719,32.625572
5330,ds005289,sub-039,0,5.99,3.0,3,-66.16326,-5.245052
5331,ds005289,sub-039,1,6.07,3.0,1,3.015483,24.354622
5332,ds005289,sub-039,2,5.02,3.0,1,29.477156,53.486378
5333,ds005289,sub-039,3,7.03,3.0,1,33.7136,52.45364
5334,ds005289,sub-039,4,6.05,3.0,1,36.12148,51.428135
5335,ds005289,sub-039,5,8.02,3.0,1,39.56671,56.25321
5336,ds005289,sub-039,6,7.05,3.0,1,34.110138,50.792854
5337,ds005289,sub-039,7,6.72,3.0,3,-28.423616,-0.7461371
19547,ds005280,sub-001,0,0.0,3.5,1,-12.910237,1.8123789
19548,ds005280,sub-001,1,5.0,4.0,2,31.36815,-20.710672
19549,ds005280,sub-001,2,5.0,4.0,0,63.54679,-2.0707576
19550,ds005280,sub-001,3,3.0,3.5,0,41.509285,-20.391512
19551,ds005280,sub-001,4,4.0,3.5,2,-17.09604,-34.84587
19552,ds005280,sub-001,5,5.0,3.5,0,40.058163,-23.838648
19553,ds005280,sub-001,6,5.0,3.5,0,30.67029,19.11442
19554,ds005280,sub-001,7,6.0,4.0,0,31.312845,18.4351
19555,ds005280,sub-001,8,4.0,3.5,2,-5.1015396,-34.19374
19556,ds005280,sub-001,9,5.0,4.0,1,3.3791037,7.2223883
19557,ds005280,sub-001,10,5.0,3.5,2,35.516937,-22.09908
19558,ds005280,sub-001,11,6.0,4.0,2,30.421055,-22.166492
19559,ds005280,sub-001,12,5.0,3.5,2,14.304949,-34.135166
19560,ds005280,sub-001,13,4.0,3.5,0,42.807102,-31.702534
19561,ds005280,sub-001,14,5.0,4.0,2,9.829529,-18.472067
19562,ds005280,sub-001,15,5.0,4.0,2,-14.334683,-11.159159
19563,ds005280,sub-001,16,5.0,3.5,2,25.256826,-21.366936
19564,ds005280,sub-001,17,4.0,4.0,0,47.705837,-29.282667
19565,ds005280,sub-001,18,4.0,4.0,2,-0.72616845,-35.80319
19566,ds005280,sub-001,19,3.0,3.5,2,10.502111,-16.253181
19567,ds005280,sub-001,20,7.0,3.5,0,38.274002,-19.028473
19568,ds005280,sub-001,21,4.0,3.5,0,48.826378,41.526955
19569,ds005280,sub-001,22,1.0,3.5,2,15.383175,-11.003049
19570,ds005280,sub-001,23,4.0,4.0,0,47.89051,-29.65747
19571,ds005280,sub-001,24,5.0,3.5,2,24.662264,-23.51743
19572,ds005280,sub-001,25,7.0,4.0,0,39.972263,-18.890268
19573,ds005280,sub-001,26,5.0,4.0,0,49.523495,-18.500004
19574,ds005280,sub-001,27,7.0,4.0,0,63.680096,-2.4123592
19575,ds005280,sub-002,0,6.0,4.0,2,3.8219788,0.344262
19576,ds005280,sub-002,1,2.0,4.0,1,-11.783059,4.76921
19577,ds005280,sub-002,2,2.0,4.0,3,-72.48231,-10.444944
19578,ds005280,sub-002,3,3.0,3.5,2,-12.797723,-1.7204659
19579,ds005280,sub-002,4,3.0,3.5,2,-1.2264547,-9.195109
19580,ds005280,sub-002,5,1.0,3.5,1,-14.252515,1.5150152
19581,ds005280,sub-002,6,0.0,4.0,2,-25.964514,-35.43877
19582,ds005280,sub-002,7,2.0,3.5,3,-19.830673,2.843625
19583,ds005280,sub-002,8,5.0,4.0,3,-22.377182,9.555235
19584,ds005280,sub-002,9,1.0,3.5,1,-13.530075,7.324858
19585,ds005280,sub-002,10,4.0,4.0,2,24.970259,-19.539242
19586,ds005280,sub-002,11,2.0,3.5,1,-15.046166,8.930633
19587,ds005280,sub-002,12,0.0,3.5,1,-6.5679336,6.2739463
19588,ds005280,sub-002,13,2.0,4.0,1,37.256264,55.23719
19589,ds005280,sub-002,14,0.0,4.0,3,-61.138714,36.11989
19590,ds005280,sub-002,15,1.0,3.5,3,-44.563374,24.436073
19591,ds005280,sub-002,16,1.0,4.0,2,9.755924,-18.420052
19592,ds005280,sub-002,17,1.0,3.5,3,-72.3887,-28.905512
19593,ds005280,sub-002,18,2.0,3.5,3,-31.719744,-10.960926
19594,ds005280,sub-002,19,3.0,3.5,1,41.109814,58.036633
19595,ds005280,sub-002,20,1.0,3.5,3,-66.17227,-32.253628
19596,ds005280,sub-002,21,2.0,4.0,2,1.2996708,-7.6628213
19597,ds005280,sub-002,22,2.0,3.5,3,-25.314495,3.0172896
19598,ds005280,sub-002,23,1.0,4.0,2,-31.34947,-39.862576
19599,ds005280,sub-002,24,2.0,4.0,2,-6.1740446,-31.949017
19600,ds005280,sub-003,0,5.0,4.0,2,-3.7732887,-1.5243436
19601,ds005280,sub-003,1,7.0,4.0,1,26.94432,33.827137
19602,ds005280,sub-003,2,2.0,3.5,3,-48.365852,6.0719805
19603,ds005280,sub-003,3,4.0,3.5,3,-59.750076,8.937476
19604,ds005280,sub-003,4,4.0,3.5,2,-23.213886,-23.321716
19605,ds005280,sub-003,5,1.0,3.5,3,-65.06453,20.911957
19606,ds005280,sub-003,6,7.0,4.0,0,56.591034,-33.110695
19607,ds005280,sub-003,7,1.0,3.5,3,-49.81216,-24.514582
19608,ds005280,sub-003,8,2.0,3.5,1,-11.093274,6.0590806
19609,ds005280,sub-003,9,9.0,4.0,2,37.010693,-30.55766
19610,ds005280,sub-003,10,4.0,3.5,3,-54.720318,-22.084394
19611,ds005280,sub-003,11,1.0,3.5,1,-22.317297,16.769114
19612,ds005280,sub-003,12,4.0,4.0,3,-56.133656,30.655085
19613,ds005280,sub-003,13,1.0,4.0,3,-38.094498,-11.458652
19614,ds005280,sub-003,14,1.0,3.5,3,-66.08295,-28.763184
19615,ds005280,sub-003,15,5.0,4.0,1,26.189844,16.574152
19616,ds005280,sub-003,16,3.0,4.0,2,-27.0761,-25.548193
19617,ds005280,sub-003,17,1.0,3.5,3,-43.837814,28.303507
19618,ds005280,sub-003,18,4.0,3.5,2,-7.2729473,-7.1140347
19619,ds005280,sub-003,19,4.0,3.5,3,-64.652954,18.133047
19620,ds005280,sub-003,20,3.0,3.5,3,-42.76665,-13.864779
19621,ds005280,sub-003,21,7.0,4.0,0,28.97994,1.4988629
19622,ds005280,sub-003,22,2.0,3.5,3,-51.01079,-3.611027
19623,ds005280,sub-003,23,3.0,4.0,2,9.796749,-1.6677567
19624,ds005280,sub-003,24,6.0,4.0,3,-49.250072,-1.2179421
19625,ds005280,sub-004,0,4.0,3.5,0,59.36733,42.939537
19626,ds005280,sub-004,1,5.0,3.5,0,71.52505,32.478104
19627,ds005280,sub-004,2,4.0,3.5,1,-4.799387,30.724857
19628,ds005280,sub-004,3,5.0,3.5,0,60.09292,39.663692
19629,ds005280,sub-004,4,4.0,3.0,0,65.11973,33.71893
19630,ds005280,sub-004,5,2.0,3.0,1,0.002232031,38.08158
19631,ds005280,sub-004,6,5.0,3.0,0,66.99908,40.999092
19632,ds005280,sub-004,7,4.0,3.0,0,82.07181,19.096712
19633,ds005280,sub-004,8,6.0,3.5,0,73.75077,35.4602
19634,ds005280,sub-004,9,3.0,3.0,1,-2.3013847,26.683548
19635,ds005280,sub-004,10,7.0,3.5,0,53.115177,45.30462
19636,ds005280,sub-004,11,6.0,3.0,0,66.19652,40.2055
19637,ds005280,sub-004,12,5.0,3.5,1,-5.13952,64.76687
19638,ds005280,sub-004,13,6.0,3.0,1,-34.60207,48.086605
19639,ds005280,sub-004,14,7.0,3.0,0,64.853935,41.910774
19640,ds005280,sub-004,15,7.0,3.5,0,63.113594,38.57852
19641,ds005280,sub-004,16,7.0,3.0,0,60.306442,-9.046931
19642,ds005280,sub-004,17,8.0,3.5,0,63.325287,41.468075
19643,ds005280,sub-004,18,5.0,3.5,0,63.580223,40.91674
19644,ds005280,sub-004,19,6.0,3.0,0,66.782455,40.806652
19645,ds005280,sub-004,20,5.0,3.0,2,-20.24183,-42.28448
19646,ds005280,sub-004,21,6.0,3.0,0,68.22749,24.212574
19647,ds005280,sub-004,22,7.0,3.5,0,72.02467,27.533243
19648,ds005280,sub-004,23,6.0,3.0,1,37.55088,41.03255
19649,ds005280,sub-004,24,6.0,3.5,0,67.1968,41.446674
19650,ds005280,sub-004,25,5.0,3.5,0,38.90418,38.079437
19651,ds005280,sub-004,26,8.0,3.5,0,85.81613,16.200312
19652,ds005280,sub-005,0,6.0,4.0,3,-39.370758,1.1247106
19653,ds005280,sub-005,1,4.0,4.0,2,22.265614,-13.056091
19654,ds005280,sub-005,2,5.0,3.5,3,-69.5269,12.497557
19655,ds005280,sub-005,3,5.0,3.5,3,-47.284145,29.663696
19656,ds005280,sub-005,4,6.0,3.5,3,-33.836243,7.412934
19657,ds005280,sub-005,5,5.0,3.5,3,-23.552004,11.853042
19658,ds005280,sub-005,6,5.0,4.0,3,-51.45328,26.132252
19659,ds005280,sub-005,7,3.0,3.5,3,-41.375824,4.359612
19660,ds005280,sub-005,8,4.0,4.0,3,-65.21065,-9.524587
19661,ds005280,sub-005,9,5.0,3.5,2,-11.1649275,-17.822647
19662,ds005280,sub-005,10,4.0,4.0,3,-36.251053,21.77593
19663,ds005280,sub-005,11,5.0,3.5,3,-59.401684,-39.107086
19664,ds005280,sub-005,12,5.0,3.5,3,-34.36465,-19.70191
19665,ds005280,sub-005,13,4.0,4.0,3,-67.32707,14.846702
19666,ds005280,sub-005,14,3.0,4.0,3,-77.40954,1.9607964
19667,ds005280,sub-005,15,5.0,3.5,3,-56.92458,-25.360216
19668,ds005280,sub-005,16,6.0,4.0,3,-73.927185,-21.03617
19669,ds005280,sub-005,17,5.0,4.0,3,-68.487,4.056194
19670,ds005280,sub-005,18,4.0,3.5,3,-71.59699,22.513367
19671,ds005280,sub-005,19,4.0,3.5,3,-63.08249,29.493044
19672,ds005280,sub-005,20,5.0,3.5,3,-51.57713,-47.604458
19673,ds005280,sub-005,21,4.0,3.5,1,-13.870372,4.893908
19674,ds005280,sub-005,22,4.0,4.0,3,-38.32203,-2.494429
19675,ds005280,sub-005,23,4.0,3.5,3,-78.25215,-3.4438214
19676,ds005280,sub-005,24,5.0,4.0,3,-74.986336,3.2219787
19677,ds005280,sub-005,25,4.0,4.0,3,-46.163376,16.834984
19678,ds005280,sub-005,26,3.0,4.0,3,-76.25365,-1.1602547
19679,ds005280,sub-006,0,5.0,3.5,0,52.595604,-29.98346
19680,ds005280,sub-006,1,6.0,4.0,0,67.76837,-10.174141
19681,ds005280,sub-006,2,6.0,4.0,0,83.83996,7.917911
19682,ds005280,sub-006,3,4.0,4.0,0,56.994442,-27.239445
19683,ds005280,sub-006,4,6.0,4.0,2,30.988487,-30.784153
19684,ds005280,sub-006,5,3.0,3.5,2,-24.601418,-49.06043
19685,ds005280,sub-006,6,3.0,3.5,2,-10.584239,-53.908726
19686,ds005280,sub-006,7,3.0,3.5,2,28.33314,-55.554127
19687,ds005280,sub-006,8,2.0,3.5,2,-2.4062262,-36.048027
19688,ds005280,sub-006,9,4.0,4.0,2,22.11068,-35.811325
19689,ds005280,sub-006,10,2.0,3.5,2,-5.0983,-34.39664
19690,ds005280,sub-006,11,5.0,4.0,0,67.78007,-7.002665
19691,ds005280,sub-006,12,4.0,3.5,2,3.1608632,-41.997066
19692,ds005280,sub-006,13,5.0,4.0,0,52.39866,-30.073034
19693,ds005280,sub-006,14,4.0,3.5,3,-47.625435,5.162201
19694,ds005280,sub-006,15,3.0,3.5,2,0.7069655,-42.718025
19695,ds005280,sub-006,16,5.0,4.0,3,-37.249527,-27.439383
19696,ds005280,sub-006,17,4.0,4.0,2,27.692385,-49.15508
19697,ds005280,sub-006,18,2.0,3.5,0,46.6817,-24.017458
19698,ds005280,sub-006,19,3.0,4.0,2,23.129831,-39.2899
19699,ds005280,sub-006,20,6.0,4.0,0,74.821556,-5.088871
19700,ds005280,sub-006,21,3.0,3.5,2,17.813099,-10.383326
19701,ds005280,sub-006,22,2.0,3.5,2,-31.046743,-34.981056
19702,ds005280,sub-006,23,3.0,3.5,3,-50.239483,29.863634
19703,ds005280,sub-006,24,4.0,3.5,2,-4.319317,-43.06281
19704,ds005280,sub-006,25,4.0,4.0,2,26.811504,-49.61218
19705,ds005280,sub-006,26,3.0,3.5,2,26.776361,-49.523922
19706,ds005280,sub-006,27,4.0,4.0,0,35.174732,17.710148
19707,ds005280,sub-006,28,4.0,4.0,0,36.31904,-13.424215
19708,ds005280,sub-006,29,4.0,4.0,2,-11.885306,-41.789223
19709,ds005280,sub-007,0,0.0,3.0,3,-43.448326,19.495588
19710,ds005280,sub-007,1,6.0,3.5,1,14.831114,53.80143
19711,ds005280,sub-007,2,7.0,3.5,0,44.882824,23.191807
19712,ds005280,sub-007,3,6.0,3.0,0,44.13243,1.5972077
19713,ds005280,sub-007,4,3.0,3.0,2,30.008121,-16.921257
19714,ds005280,sub-007,5,5.0,3.0,1,33.17842,35.27386
19715,ds005280,sub-007,6,6.0,3.0,1,7.8539567,53.64043
19716,ds005280,sub-007,7,7.0,3.5,0,41.28716,-8.746975
19717,ds005280,sub-007,8,6.0,3.0,1,-3.7347353,63.83729
19718,ds005280,sub-007,9,7.0,3.5,0,34.230587,3.8161473
19719,ds005280,sub-007,10,3.0,3.0,1,-14.760171,5.5236983
19720,ds005280,sub-007,11,5.0,3.5,0,51.813385,-6.41616
19721,ds005280,sub-007,12,4.0,3.0,0,52.99466,-3.6618419
19722,ds005280,sub-007,13,3.0,3.0,2,10.258114,-2.1364818
19723,ds005280,sub-007,14,6.0,3.5,0,32.149323,-0.70411515
19724,ds005280,sub-007,15,5.0,3.5,0,54.65747,27.456825
19725,ds005280,sub-007,16,4.0,3.0,1,15.840896,49.513657
19726,ds005280,sub-007,17,6.0,3.5,1,16.738152,12.796196
19727,ds005280,sub-007,18,5.0,3.5,0,43.192192,2.0622618
19728,ds005280,sub-007,19,4.0,3.0,1,12.034202,43.607193
19729,ds005280,sub-007,20,4.0,3.0,0,47.529472,44.248302
19730,ds005280,sub-007,21,5.0,3.0,0,39.698097,10.894947
19731,ds005280,sub-007,22,3.0,3.0,2,-25.09979,-55.13971
19732,ds005280,sub-007,23,5.0,3.5,0,56.81638,25.3056
19733,ds005280,sub-007,24,2.0,3.0,3,-72.62056,14.446085
19734,ds005280,sub-007,25,5.0,3.5,1,18.93433,3.3034983
19735,ds005280,sub-007,26,5.0,3.5,0,50.037495,-2.3938282
19736,ds005280,sub-007,27,5.0,3.5,1,-38.96373,49.20264
19737,ds005280,sub-008,0,3.0,3.0,3,-63.385887,36.973026
19738,ds005280,sub-008,1,4.0,3.5,3,-61.83971,-34.773544
19739,ds005280,sub-008,2,4.0,3.5,1,-16.650394,4.3521595
19740,ds005280,sub-008,3,5.0,3.5,2,-30.76956,-47.11394
19741,ds005280,sub-008,4,3.0,3.5,3,-61.181263,-9.901177
19742,ds005280,sub-008,5,4.0,3.0,2,-7.152476,-10.0281315
19743,ds005280,sub-008,6,2.0,3.0,3,-52.28281,13.680038
19744,ds005280,sub-008,7,4.0,3.0,3,-68.879814,-28.640398
19745,ds005280,sub-008,8,1.0,3.0,1,-32.60223,32.200306
19746,ds005280,sub-008,9,6.0,3.5,1,-4.3710995,39.936417
19747,ds005280,sub-008,10,2.0,3.0,2,13.578258,-34.024765
19748,ds005280,sub-008,11,5.0,3.5,3,-45.465275,26.422567
19749,ds005280,sub-008,12,4.0,3.0,2,-9.525808,-7.5356765
19750,ds005280,sub-008,13,3.0,3.5,2,-32.881435,-51.131733
19751,ds005280,sub-008,14,1.0,3.0,2,-23.940619,-18.594265
19752,ds005280,sub-008,15,1.0,3.0,3,-49.82589,-25.631178
19753,ds005280,sub-008,16,5.0,3.5,3,-53.464596,17.803043
19754,ds005280,sub-008,17,2.0,3.5,3,-28.82265,-9.393114
19755,ds005280,sub-008,18,1.0,3.0,2,-25.519278,-40.66441
19756,ds005280,sub-008,19,4.0,3.5,2,-22.956585,-47.82893
19757,ds005280,sub-008,20,4.0,3.5,3,-72.1841,34.186054
19758,ds005280,sub-008,21,3.0,3.0,3,-43.987125,1.5297976
19759,ds005280,sub-008,22,4.0,3.0,0,49.859764,46.069805
19760,ds005280,sub-008,23,3.0,3.0,3,-67.83454,18.186844
19761,ds005280,sub-008,24,4.0,3.0,3,-61.271263,-12.525512
19762,ds005280,sub-008,25,3.0,3.5,3,-27.364141,-17.287992
19763,ds005280,sub-008,26,5.0,3.0,1,-18.870583,54.220215
19764,ds005280,sub-008,27,2.0,3.5,3,-68.03446,-24.930914
19765,ds005280,sub-008,28,5.0,3.5,3,-39.577797,-27.48018
19766,ds005280,sub-008,29,1.0,3.5,3,-66.44986,36.521442
19767,ds005280,sub-009,0,4.0,3.5,2,-30.522902,-41.583088
19768,ds005280,sub-009,1,5.0,3.5,0,60.0069,4.2167134
19769,ds005280,sub-009,2,3.0,3.5,2,31.34305,-37.54024
19770,ds005280,sub-009,3,3.0,3.5,2,24.745413,-57.068157
19771,ds005280,sub-009,4,4.0,3.0,3,-37.51872,-28.63691
19772,ds005280,sub-009,5,3.0,3.0,1,-6.7882924,13.310972
19773,ds005280,sub-009,6,3.0,3.0,1,-20.522472,55.29264
19774,ds005280,sub-009,7,3.0,3.0,3,-27.888353,6.875274
19775,ds005280,sub-009,8,4.0,3.5,2,1.5083532,-49.111294
19776,ds005280,sub-009,9,2.0,3.0,1,5.27855,34.189793
19777,ds005280,sub-009,10,1.0,3.0,1,-20.98234,44.788567
19778,ds005280,sub-009,11,3.0,3.5,1,-12.253124,37.013664
19779,ds005280,sub-009,12,3.0,3.0,3,-56.8405,-6.5738597
19780,ds005280,sub-009,13,2.0,3.0,2,-18.584513,-58.754883
19781,ds005280,sub-009,14,2.0,3.5,0,68.454956,0.1228551
19782,ds005280,sub-009,15,2.0,3.5,0,30.329979,-3.1396985
19783,ds005280,sub-009,16,2.0,3.0,1,9.437303,14.219181
19784,ds005280,sub-009,17,3.0,3.5,2,21.259787,-38.6003
19785,ds005280,sub-009,18,3.0,3.0,1,-12.245715,48.864864
19786,ds005280,sub-009,19,6.0,3.0,0,68.30094,33.161446
19787,ds005280,sub-009,20,5.0,3.0,0,36.3131,26.329634
19788,ds005280,sub-009,21,2.0,3.0,0,49.820618,11.561231
19789,ds005280,sub-009,22,4.0,3.5,2,5.5763307,-22.03372
19790,ds005280,sub-009,23,2.0,3.0,1,19.501097,17.08383
19791,ds005280,sub-009,24,4.0,3.5,1,9.002611,22.684992
19792,ds005280,sub-009,25,2.0,3.5,1,0.46420333,20.48635
19793,ds005280,sub-009,26,3.0,3.5,2,-4.124456,-54.422718
19794,ds005280,sub-010,0,4.0,3.5,1,6.7304854,48.789875
19795,ds005280,sub-010,1,7.0,4.0,0,87.470924,22.284445
19796,ds005280,sub-010,2,7.0,4.0,0,60.970394,9.8336735
19797,ds005280,sub-010,3,6.0,3.5,0,30.524313,3.3462858
19798,ds005280,sub-010,4,5.0,3.5,1,23.239069,54.56991
19799,ds005280,sub-010,5,5.0,3.5,1,-29.062864,25.271086
19800,ds005280,sub-010,6,6.0,3.5,0,32.651,3.5601816
19801,ds005280,sub-010,7,8.0,4.0,0,30.098425,11.06287
19802,ds005280,sub-010,8,4.0,3.5,0,57.44634,6.4466715
19803,ds005280,sub-010,9,8.0,4.0,0,73.013466,11.943038
19804,ds005280,sub-010,10,5.0,3.5,0,48.761524,6.9764643
19805,ds005280,sub-010,11,9.0,4.0,0,74.15328,32.852337
19806,ds005280,sub-010,12,4.0,3.5,1,17.612804,46.33155
19807,ds005280,sub-010,13,5.0,3.5,1,3.059239,43.040176
19808,ds005280,sub-010,14,9.0,4.0,0,72.790146,19.810234
19809,ds005280,sub-010,15,8.0,4.0,0,56.3139,5.1969357
19810,ds005280,sub-010,16,5.0,3.5,1,16.889654,9.135694
19811,ds005280,sub-010,17,7.0,4.0,0,66.18949,6.7634053
19812,ds005280,sub-010,18,5.0,3.5,1,5.712013,55.67776
19813,ds005280,sub-010,19,5.0,3.5,0,32.771694,10.592829
19814,ds005280,sub-010,20,7.0,3.5,1,-4.151773,57.547916
19815,ds005280,sub-010,21,5.0,3.5,0,32.334236,10.156876
19816,ds005280,sub-010,22,8.0,4.0,0,49.09714,34.066452
19817,ds005280,sub-010,23,7.0,3.5,1,35.050377,44.69263
19818,ds005280,sub-010,24,8.0,4.0,0,72.599915,12.389199
19819,ds005280,sub-010,25,9.0,4.0,1,17.561718,52.96539
19820,ds005280,sub-011,0,3.0,3.5,1,0.8581071,48.402878
19821,ds005280,sub-011,1,4.0,4.0,1,-13.653447,29.536373
19822,ds005280,sub-011,2,5.0,4.0,1,-10.24147,40.066124
19823,ds005280,sub-011,3,4.0,4.0,1,21.7598,22.252678
19824,ds005280,sub-011,4,4.0,4.0,1,8.712836,35.93904
19825,ds005280,sub-011,5,4.0,3.5,2,-25.671583,-27.745655
19826,ds005280,sub-011,6,4.0,3.5,1,15.38826,50.985725
19827,ds005280,sub-011,7,3.0,3.5,1,-33.45876,46.235714
19828,ds005280,sub-011,8,4.0,3.5,1,-4.706054,26.762457
19829,ds005280,sub-011,9,4.0,4.0,1,12.5548,25.38748
19830,ds005280,sub-011,10,3.0,3.5,1,-15.435376,29.94039
19831,ds005280,sub-011,11,3.0,4.0,2,17.817276,-52.643654
19832,ds005280,sub-011,12,3.0,3.5,1,-2.0406914,29.45986
19833,ds005280,sub-011,13,5.0,4.0,0,70.54906,41.00264
19834,ds005280,sub-011,14,2.0,3.5,3,-52.681892,18.010933
19835,ds005280,sub-011,15,3.0,3.5,1,-11.769029,23.86864
19836,ds005280,sub-011,16,6.0,4.0,0,71.72351,34.483765
19837,ds005280,sub-011,17,4.0,4.0,2,9.769139,-46.429882
19838,ds005280,sub-011,18,0.0,3.5,1,-40.687187,47.74022
19839,ds005280,sub-011,19,5.0,4.0,0,55.074085,41.276806
19840,ds005280,sub-011,20,4.0,4.0,2,9.094801,-24.625654
19841,ds005280,sub-011,21,3.0,3.5,2,11.610218,-50.24868
19842,ds005280,sub-011,22,3.0,3.5,1,-36.05244,51.653305
19843,ds005280,sub-011,23,0.0,3.5,1,-32.65825,49.00498
19844,ds005280,sub-011,24,4.0,3.5,1,16.39542,34.62895
19845,ds005280,sub-011,25,0.0,4.0,1,3.4842634,28.527287
19846,ds005280,sub-011,26,3.0,3.5,1,0.35741195,32.246494
19847,ds005280,sub-011,27,0.0,4.0,1,-22.969015,29.978664
19848,ds005280,sub-011,28,3.0,4.0,1,-2.343675,59.210804
19849,ds005280,sub-011,29,3.0,4.0,1,16.596674,34.61917
19850,ds005280,sub-012,0,5.0,3.5,3,-52.43598,28.675257
19851,ds005280,sub-012,1,8.0,4.0,2,7.836091,-7.3015194
19852,ds005280,sub-012,2,8.0,4.0,2,4.560986,-13.18727
19853,ds005280,sub-012,3,7.0,4.0,3,-59.827797,-24.070961
19854,ds005280,sub-012,4,6.0,4.0,2,-9.990799,-11.579983
19855,ds005280,sub-012,5,5.0,3.5,3,-23.081024,-0.28250304
19856,ds005280,sub-012,6,3.0,3.5,3,-47.36045,-33.182224
19857,ds005280,sub-012,7,7.0,3.5,3,-51.025646,-29.576271
19858,ds005280,sub-012,8,6.0,3.5,3,-82.44193,13.487752
19859,ds005280,sub-012,9,8.0,4.0,3,-36.589268,-1.9636239
19860,ds005280,sub-012,10,7.0,3.5,3,-49.894653,-10.401866
19861,ds005280,sub-012,11,8.0,4.0,3,-38.952625,31.665243
19862,ds005280,sub-012,12,9.0,3.5,2,-13.569911,-12.014562
19863,ds005280,sub-012,13,9.0,4.0,2,-1.3658211,-7.4081683
19864,ds005280,sub-012,14,4.0,3.5,3,-72.83531,17.336246
19865,ds005280,sub-012,15,7.0,3.5,3,-51.816727,-25.255646
19866,ds005280,sub-012,16,9.0,4.0,2,37.97355,-40.32826
19867,ds005280,sub-012,17,8.0,4.0,2,-9.639207,-39.893597
19868,ds005280,sub-012,18,7.0,3.5,2,-20.01371,-52.33355
19869,ds005280,sub-012,19,9.0,4.0,1,-25.561241,54.471817
19870,ds005280,sub-012,20,8.0,4.0,3,-65.76738,11.101369
19871,ds005280,sub-012,21,7.0,3.5,2,-23.05343,-28.186419
19872,ds005280,sub-012,22,4.0,3.5,3,-76.44162,6.403421
19873,ds005280,sub-012,23,7.0,3.5,3,-64.135864,11.021356
19874,ds005280,sub-012,24,8.0,3.5,3,-36.395195,-10.655016
19875,ds005280,sub-012,25,9.0,4.0,3,-57.59879,-22.264711
19876,ds005280,sub-012,26,7.0,3.5,3,-41.226215,34.10066
19877,ds005280,sub-012,27,8.0,4.0,3,-39.219414,-14.793071
19878,ds005280,sub-012,28,8.0,4.0,3,-67.860855,14.231611
19879,ds005280,sub-012,29,9.0,4.0,3,-54.232975,-2.2316673
19880,ds005280,sub-013,0,5.0,3.0,2,16.22924,-52.944195
19881,ds005280,sub-013,1,6.0,3.5,1,25.757658,43.68525
19882,ds005280,sub-013,2,7.0,3.5,0,49.72105,-39.987377
19883,ds005280,sub-013,3,7.0,3.5,2,-1.9878001,-50.46855
19884,ds005280,sub-013,4,5.0,3.5,0,51.248947,-40.527435
19885,ds005280,sub-013,5,2.0,3.0,1,-18.921766,45.626125
19886,ds005280,sub-013,6,5.0,3.0,2,29.774214,-46.832253
19887,ds005280,sub-013,7,3.0,3.0,3,-59.100792,-46.58331
19888,ds005280,sub-013,8,4.0,3.0,3,-56.63115,-46.313423
19889,ds005280,sub-013,9,5.0,3.5,2,16.6962,-3.101063
19890,ds005280,sub-013,10,5.0,3.0,2,-3.258026,-5.0176835
19891,ds005280,sub-013,11,7.0,3.5,0,70.419876,-1.2040544
19892,ds005280,sub-013,12,6.0,3.0,2,3.0492125,-29.878517
19893,ds005280,sub-013,13,6.0,3.5,3,-49.61906,-42.275505
19894,ds005280,sub-013,14,4.0,3.0,3,-52.30977,30.001068
19895,ds005280,sub-013,15,3.0,3.0,2,8.657468,-53.587513
19896,ds005280,sub-013,16,6.0,3.5,2,32.22514,-49.730755
19897,ds005280,sub-013,17,5.0,3.5,2,20.783691,-47.422062
19898,ds005280,sub-013,18,5.0,3.0,2,31.124193,-51.84067
19899,ds005280,sub-013,19,6.0,3.5,3,-40.53242,-9.572257
19900,ds005280,sub-013,20,5.0,3.5,2,16.047438,-52.73818
19901,ds005280,sub-013,21,4.0,3.0,2,11.652113,-55.01334
19902,ds005280,sub-013,22,5.0,3.0,3,-38.534443,-5.590324
19903,ds005280,sub-013,23,3.0,3.0,2,-26.215788,-31.251493
19904,ds005280,sub-013,24,4.0,3.0,2,4.5127397,-50.294373
19905,ds005280,sub-013,25,3.0,3.5,2,14.354413,-53.700756
19906,ds005280,sub-013,26,10.0,3.0,0,52.526752,42.59487
19907,ds005280,sub-013,27,5.0,3.5,2,28.101772,-37.912224
19908,ds005280,sub-013,28,3.0,3.5,2,-9.088729,-61.93615
19909,ds005280,sub-013,29,4.0,3.5,3,-34.645874,17.795374
19910,ds005280,sub-014,0,4.0,3.0,3,-66.28444,22.969578
19911,ds005280,sub-014,1,6.0,3.5,0,28.60632,4.757938
19912,ds005280,sub-014,2,5.0,3.5,3,-65.41857,-1.2203522
19913,ds005280,sub-014,3,7.0,3.5,2,-1.8189862,-3.2249553
19914,ds005280,sub-014,4,3.0,3.5,3,-64.85881,10.999532
19915,ds005280,sub-014,5,2.0,3.0,3,-31.078588,23.346973
19916,ds005280,sub-014,6,3.0,3.0,3,-70.78805,13.527389
19917,ds005280,sub-014,7,3.0,3.0,3,-62.235714,-24.727884
19918,ds005280,sub-014,8,7.0,3.5,2,-24.634872,-30.270315
19919,ds005280,sub-014,9,2.0,3.0,3,-56.577923,-10.781671
19920,ds005280,sub-014,10,1.0,3.5,3,-70.65097,16.156092
19921,ds005280,sub-014,11,2.0,3.0,3,-64.664955,4.979437
19922,ds005280,sub-014,12,4.0,3.5,3,-66.735275,5.7419677
19923,ds005280,sub-014,13,3.0,3.0,3,-66.500694,14.949499
19924,ds005280,sub-014,14,3.0,3.0,3,-73.671585,2.4771054
19925,ds005280,sub-014,15,4.0,3.5,3,-59.010555,-37.187126
19926,ds005280,sub-014,16,7.0,3.5,3,-33.82071,21.096174
19927,ds005280,sub-014,17,1.0,3.0,3,-63.663334,30.653038
19928,ds005280,sub-014,18,4.0,3.5,3,-67.83119,28.443573
19929,ds005280,sub-014,19,3.0,3.0,3,-63.941895,-0.50878745
19930,ds005280,sub-014,20,3.0,3.0,3,-74.3603,17.654078
19931,ds005280,sub-014,21,4.0,3.0,3,-42.894653,-4.9205728
19932,ds005280,sub-014,22,1.0,3.0,3,-44.322117,15.228576
19933,ds005280,sub-014,23,3.0,3.5,3,-38.580925,-1.0760458
19934,ds005280,sub-014,24,5.0,3.0,3,-71.72342,16.186901
19935,ds005280,sub-014,25,7.0,3.5,3,-69.73817,28.607323
19936,ds005280,sub-014,26,3.0,3.5,3,-57.362797,-28.643156
19937,ds005280,sub-014,27,3.0,3.5,3,-67.7319,6.840904
19938,ds005280,sub-015,0,5.0,3.0,3,-68.98064,32.336414
19939,ds005280,sub-015,1,6.0,3.5,1,-12.811768,37.747173
19940,ds005280,sub-015,2,7.0,3.5,3,-43.507313,32.933743
19941,ds005280,sub-015,3,8.0,3.5,1,-10.7668,20.671211
19942,ds005280,sub-015,4,8.0,3.5,1,5.2882376,21.881777
19943,ds005280,sub-015,5,8.0,3.0,3,-41.13968,-4.42142
19944,ds005280,sub-015,6,7.0,3.0,1,-25.536194,51.44057
19945,ds005280,sub-015,7,7.0,3.0,1,0.8253032,21.94561
19946,ds005280,sub-015,8,7.0,3.0,3,-52.223705,-5.5180845
19947,ds005280,sub-015,9,8.0,3.5,3,-41.498177,-10.349745
19948,ds005280,sub-015,10,8.0,3.0,1,-16.989183,57.122383
19949,ds005280,sub-015,11,9.0,3.5,1,-35.95961,32.10169
19950,ds005280,sub-015,12,7.0,3.0,1,-27.300611,37.675026
19951,ds005280,sub-015,13,5.0,3.5,3,-67.57346,32.458717
19952,ds005280,sub-015,14,3.0,3.0,3,-63.455868,10.893383
19953,ds005280,sub-015,15,8.0,3.0,1,1.8046333,40.011505
19954,ds005280,sub-015,16,3.0,3.5,3,-46.057323,28.535774
19955,ds005280,sub-015,17,8.0,3.5,3,-74.526184,17.601318
19956,ds005280,sub-015,18,4.0,3.0,2,4.561314,-28.270498
19957,ds005280,sub-015,19,5.0,3.5,1,-16.22957,23.182087
19958,ds005280,sub-015,20,4.0,3.5,3,-56.058334,5.26076
19959,ds005280,sub-015,21,8.0,3.0,3,-54.146675,16.231544
19960,ds005280,sub-015,22,8.0,3.0,3,-74.3871,10.809032
19961,ds005280,sub-015,23,7.0,3.0,3,-64.82991,0.9534123
19962,ds005280,sub-015,24,6.0,3.0,1,0.39841244,24.367258
19963,ds005280,sub-015,25,4.0,3.5,1,-20.948662,47.731544
19964,ds005280,sub-015,26,4.0,3.0,1,-10.633215,8.211337
19965,ds005280,sub-015,27,8.0,3.5,1,-33.19514,48.45664
19966,ds005280,sub-015,28,8.0,3.5,3,-73.809654,12.350269
19967,ds005280,sub-015,29,7.0,3.5,3,-64.20036,-11.15246
19968,ds005280,sub-016,0,6.0,3.5,1,9.245177,9.9200945
19969,ds005280,sub-016,1,4.0,3.5,2,-18.458418,-59.016914
19970,ds005280,sub-016,2,3.0,3.0,1,9.58028,27.013216
19971,ds005280,sub-016,3,3.0,3.0,1,2.154093,15.883798
19972,ds005280,sub-016,4,3.0,3.0,1,29.138996,30.17231
19973,ds005280,sub-016,5,4.0,3.0,1,32.63834,54.48201
19974,ds005280,sub-016,6,3.0,3.5,1,6.5542707,20.19929
19975,ds005280,sub-016,7,0.0,3.0,2,0.09396115,-54.730465
19976,ds005280,sub-016,8,3.0,3.5,1,1.1784965,14.044361
19977,ds005280,sub-016,9,2.0,3.0,3,-43.345245,-29.419008
19978,ds005280,sub-016,10,4.0,3.5,3,-48.606327,-6.779676
19979,ds005280,sub-016,11,1.0,3.0,2,-5.6651163,-2.3577688
19980,ds005280,sub-016,12,2.0,3.0,2,20.729536,-43.920258
19981,ds005280,sub-016,13,2.0,3.5,2,-6.7436357,-59.159782
19982,ds005280,sub-016,14,2.0,3.5,2,-8.301386,-14.976054
19983,ds005280,sub-016,15,0.0,3.0,1,11.913953,17.78549
19984,ds005280,sub-016,16,3.0,3.5,3,-40.60163,33.748356
19985,ds005280,sub-016,17,1.0,3.0,2,-3.2831223,-57.849525
19986,ds005280,sub-016,18,2.0,3.0,1,-0.5724746,13.824291
19987,ds005280,sub-016,19,3.0,3.0,2,19.240015,-48.308212
19988,ds005280,sub-016,20,1.0,3.0,3,-43.823204,-30.248852
19989,ds005280,sub-016,21,4.0,3.5,2,-25.864462,-22.675098
19990,ds005280,sub-016,22,2.0,3.0,1,32.693348,54.612804
19991,ds005280,sub-016,23,5.0,3.5,3,-54.050774,-49.188427
19992,ds005280,sub-016,24,4.0,3.5,3,-43.000713,-23.654598
19993,ds005280,sub-016,25,5.0,3.5,2,5.4559097,-56.243954
19994,ds005280,sub-017,0,3.0,3.0,0,32.58401,-9.218474
19995,ds005280,sub-017,1,3.0,3.5,0,52.15192,34.31649
19996,ds005280,sub-017,2,3.0,3.5,0,51.571507,37.113525
19997,ds005280,sub-017,3,3.0,3.5,0,77.80259,21.754522
19998,ds005280,sub-017,4,3.0,3.5,0,37.6778,30.275463
19999,ds005280,sub-017,5,2.0,3.0,1,13.059338,23.257502
20000,ds005280,sub-017,6,3.0,3.0,0,40.23723,-13.686187
20001,ds005280,sub-017,7,3.0,3.0,1,37.637665,47.724995
20002,ds005280,sub-017,8,3.0,3.0,1,23.38338,22.732964
20003,ds005280,sub-017,9,3.0,3.5,0,50.957573,-26.846952
20004,ds005280,sub-017,10,3.0,3.0,1,4.5006104,50.442455
20005,ds005280,sub-017,11,3.0,3.0,2,-17.045794,-26.835718
20006,ds005280,sub-017,12,3.0,3.0,2,12.349386,-49.132843
20007,ds005280,sub-017,13,3.0,3.0,1,36.24625,42.69111
20008,ds005280,sub-017,14,3.0,3.5,0,66.90736,28.319418
20009,ds005280,sub-017,15,3.0,3.5,0,40.181625,14.051887
20010,ds005280,sub-017,16,3.0,3.0,1,14.257473,18.906826
20011,ds005280,sub-017,17,3.0,3.5,1,39.44086,51.353786
20012,ds005280,sub-017,18,4.0,3.5,1,7.0926814,14.3381
20013,ds005280,sub-017,19,3.0,3.0,2,-31.403233,-39.918232
20014,ds005280,sub-017,20,2.0,3.0,1,-5.3704934,21.431366
20015,ds005280,sub-017,21,2.0,3.0,2,-6.9371634,-9.8672085
20016,ds005280,sub-017,22,1.0,3.0,1,-33.690285,48.237637
20017,ds005280,sub-017,23,4.0,3.5,1,-2.4366822,39.582253
20018,ds005280,sub-017,24,3.0,3.0,1,24.411863,19.656374
20019,ds005280,sub-017,25,3.0,3.5,1,5.8732777,11.844175
20020,ds005280,sub-017,26,4.0,3.5,1,4.1967645,10.324276
20021,ds005280,sub-017,27,5.0,3.5,0,84.9333,-1.1810825
20022,ds005280,sub-018,0,2.0,3.5,3,-66.21295,5.485172
20023,ds005280,sub-018,1,3.0,4.0,2,-4.3708515,-23.362574
20024,ds005280,sub-018,2,3.0,4.0,3,-72.329666,-14.105266
20025,ds005280,sub-018,3,1.0,4.0,2,-3.686998,-25.99674
20026,ds005280,sub-018,4,1.0,4.0,2,-14.256206,-36.16487
20027,ds005280,sub-018,5,2.0,3.5,3,-52.233932,-41.67641
20028,ds005280,sub-018,6,1.0,3.5,3,-32.585026,19.165943
20029,ds005280,sub-018,7,3.0,3.5,3,-51.11834,-29.72697
20030,ds005280,sub-018,8,3.0,3.5,3,-43.882793,9.506246
20031,ds005280,sub-018,9,3.0,4.0,3,-70.18701,-19.14225
20032,ds005280,sub-018,10,1.0,3.5,2,-26.556751,-29.928755
20033,ds005280,sub-018,11,4.0,4.0,2,-2.270683,-42.721077
20034,ds005280,sub-018,12,1.0,3.5,1,-28.312551,20.723509
20035,ds005280,sub-018,13,0.0,4.0,3,-76.186356,10.070102
20036,ds005280,sub-018,14,1.0,3.5,3,-62.383488,-3.4184563
20037,ds005280,sub-018,15,0.0,3.5,3,-57.370785,-10.033739
20038,ds005280,sub-018,16,1.0,4.0,1,-26.104177,19.337473
20039,ds005280,sub-018,17,0.0,4.0,3,-61.83438,-3.854562
20040,ds005280,sub-018,18,0.0,3.5,3,-63.60214,-30.141508
20041,ds005280,sub-018,19,1.0,4.0,2,-25.85597,-31.079489
20042,ds005280,sub-018,20,3.0,4.0,3,-49.846474,28.515602
20043,ds005280,sub-018,21,0.0,3.5,3,-64.48877,-20.271126
20044,ds005280,sub-018,22,1.0,3.5,3,-45.563953,-24.81523
20045,ds005280,sub-018,23,0.0,3.5,1,-4.921306,51.018158
20046,ds005280,sub-018,24,0.0,3.5,3,-54.906704,-0.6781897
20047,ds005280,sub-018,25,0.0,4.0,3,-43.067474,24.791859
20048,ds005280,sub-018,26,1.0,3.5,3,-63.314903,-41.143425
20049,ds005280,sub-018,27,1.0,4.0,3,-60.985065,-3.4832313
20050,ds005280,sub-018,28,2.0,4.0,3,-56.60315,-41.32225
20051,ds005280,sub-018,29,3.0,4.0,3,-71.15078,1.9858505
20052,ds005280,sub-019,0,3.0,3.5,1,26.205378,29.827837
20053,ds005280,sub-019,1,2.0,3.5,3,-75.237915,0.72839874
20054,ds005280,sub-019,2,3.0,3.5,2,33.047604,-27.759628
20055,ds005280,sub-019,3,1.0,3.5,0,35.14422,16.515038
20056,ds005280,sub-019,4,2.0,3.0,2,15.809871,-38.0493
20057,ds005280,sub-019,5,1.0,3.0,3,-61.35597,-17.402313
20058,ds005280,sub-019,6,2.0,3.0,3,-39.780754,4.685252
20059,ds005280,sub-019,7,2.0,3.0,2,-2.518542,-62.981358
20060,ds005280,sub-019,8,3.0,3.5,2,22.22292,-24.09728
20061,ds005280,sub-019,9,2.0,3.0,3,-40.553658,10.9995575
20062,ds005280,sub-019,10,1.0,3.5,2,-25.371109,-32.951508
20063,ds005280,sub-019,11,1.0,3.0,2,5.105857,-51.937134
20064,ds005280,sub-019,12,2.0,3.5,2,-13.65518,-11.672354
20065,ds005280,sub-019,13,2.0,3.0,2,4.5669384,-11.194181
20066,ds005280,sub-019,14,1.0,3.0,2,-28.004192,-27.527508
20067,ds005280,sub-019,15,1.0,3.5,3,-58.704765,-34.685436
20068,ds005280,sub-019,16,2.0,3.5,3,-45.63918,-31.504002
20069,ds005280,sub-019,17,1.0,3.0,3,-35.382828,7.5032687
20070,ds005280,sub-019,18,2.0,3.5,3,-29.533278,11.967798
20071,ds005280,sub-019,19,2.0,3.5,2,-29.367487,-30.929775
20072,ds005280,sub-019,20,2.0,3.0,2,-4.141359,-34.332104
20073,ds005280,sub-019,21,2.0,3.0,3,-57.866768,2.8721614
20074,ds005280,sub-019,22,1.0,3.0,2,12.722924,-20.706165
20075,ds005280,sub-019,23,2.0,3.0,2,18.923985,-14.499769
20076,ds005280,sub-019,24,3.0,3.5,2,16.251236,-39.192326
20077,ds005280,sub-019,25,2.0,3.5,3,-45.36982,-30.032524
20078,ds005280,sub-020,0,3.0,3.0,2,-14.551028,-29.329712
20079,ds005280,sub-020,1,5.0,3.5,2,-25.553919,-40.472168
20080,ds005280,sub-020,2,0.0,3.5,2,3.4069722,-4.9394093
20081,ds005280,sub-020,3,4.0,3.5,3,-25.238924,6.967149
20082,ds005280,sub-020,4,3.0,3.5,3,-33.662663,-2.9327016
20083,ds005280,sub-020,5,4.0,3.0,3,-43.198868,-36.504734
20084,ds005280,sub-020,6,1.0,3.0,3,-54.449093,-8.025856
20085,ds005280,sub-020,7,3.0,3.0,3,-48.437054,-46.29833
20086,ds005280,sub-020,8,6.0,3.0,3,-53.225155,18.645498
20087,ds005280,sub-020,9,5.0,3.5,3,-33.749638,17.736675
20088,ds005280,sub-020,10,1.0,3.0,3,-56.159386,1.1324081
20089,ds005280,sub-020,11,4.0,3.5,3,-38.55532,4.0538015
20090,ds005280,sub-020,12,5.0,3.0,2,-25.85966,-36.046288
20091,ds005280,sub-020,13,5.0,3.5,3,-54.6971,-24.636755
20092,ds005280,sub-020,14,2.0,3.0,3,-52.11072,27.348446
20093,ds005280,sub-020,15,3.0,3.0,3,-58.048637,-43.92918
20094,ds005280,sub-020,16,4.0,3.5,3,-46.678486,-1.2228355
20095,ds005280,sub-020,17,2.0,3.5,2,-24.30952,-21.814308
20096,ds005280,sub-020,18,5.0,3.0,1,-4.976896,2.777828
20097,ds005280,sub-020,19,5.0,3.5,2,-8.515574,-18.486486
20098,ds005280,sub-020,20,2.0,3.0,3,-46.335495,-27.368114
20099,ds005280,sub-020,21,3.0,3.0,3,-77.9935,16.606018
20100,ds005280,sub-020,22,4.0,3.0,3,-57.141247,2.9465153
20101,ds005280,sub-020,23,4.0,3.0,3,-38.699886,10.760398
20102,ds005280,sub-020,24,5.0,3.5,3,-49.806175,5.944126
20103,ds005280,sub-020,25,6.0,3.0,0,29.079865,-1.5777507
20104,ds005280,sub-020,26,1.0,3.5,3,-20.593136,5.85985
20105,ds005280,sub-020,27,4.0,3.5,3,-17.866491,1.8115525
20106,ds005280,sub-021,0,6.0,3.0,0,78.593636,-10.369437
20107,ds005280,sub-021,1,7.0,3.5,0,50.15339,-20.068727
20108,ds005280,sub-021,2,4.0,3.5,0,55.885025,-31.73101
20109,ds005280,sub-021,3,7.0,3.5,0,58.52356,-17.066303
20110,ds005280,sub-021,4,5.0,3.5,0,57.42575,-15.824248
20111,ds005280,sub-021,5,3.0,3.0,2,18.81062,-0.5239374
20112,ds005280,sub-021,6,4.0,3.0,3,-38.533016,22.840134
20113,ds005280,sub-021,7,3.0,3.0,2,-4.534896,-37.444263
20114,ds005280,sub-021,8,1.0,3.0,3,-33.04819,12.44485
20115,ds005280,sub-021,9,4.0,3.5,0,60.98951,-5.2988844
20116,ds005280,sub-021,10,2.0,3.0,2,12.547393,-30.382402
20117,ds005280,sub-021,11,8.0,3.5,0,47.489418,-20.295746
20118,ds005280,sub-021,12,4.0,3.0,2,21.68811,-29.619074
20119,ds005280,sub-021,13,3.0,3.5,0,53.133648,-28.04241
20120,ds005280,sub-021,14,1.0,3.0,2,-15.609698,-39.079735
20121,ds005280,sub-021,15,3.0,3.0,2,24.6703,-29.397997
20122,ds005280,sub-021,16,4.0,3.5,1,0.82962924,48.40154
20123,ds005280,sub-021,17,4.0,3.5,0,58.740643,-17.392366
20124,ds005280,sub-021,18,1.0,3.0,2,1.2281051,1.4164416
20125,ds005280,sub-021,19,3.0,3.5,1,-10.023714,24.242916
20126,ds005280,sub-021,20,5.0,3.5,1,2.395693,54.1933
20127,ds005280,sub-021,21,4.0,3.0,2,20.83927,-41.13717
20128,ds005280,sub-021,22,7.0,3.0,1,9.208224,49.65075
20129,ds005280,sub-021,23,3.0,3.0,1,0.73632497,5.27019
20130,ds005280,sub-021,24,3.0,3.0,3,-61.56059,-14.284793
20131,ds005280,sub-021,25,3.0,3.5,2,9.416797,-26.032957
20132,ds005280,sub-021,26,3.0,3.0,1,2.414484,3.3925483
20133,ds005280,sub-021,27,5.0,3.5,1,11.073189,48.96296
20134,ds005280,sub-021,28,3.0,3.5,1,19.761925,20.657637
20135,ds005280,sub-021,29,3.0,3.5,2,26.377192,-22.058064
20136,ds005280,sub-022,0,6.0,3.0,3,-59.735355,-11.54506
20137,ds005280,sub-022,1,8.0,3.5,0,53.045593,23.486626
20138,ds005280,sub-022,2,8.0,3.5,2,4.9003754,-48.91045
20139,ds005280,sub-022,3,8.0,3.5,0,79.56623,17.307621
20140,ds005280,sub-022,4,4.0,3.5,2,43.804825,-45.08925
20141,ds005280,sub-022,5,5.0,3.0,2,-21.279013,-35.792614
20142,ds005280,sub-022,6,3.0,3.0,1,6.194452,51.96347
20143,ds005280,sub-022,7,4.0,3.0,1,9.620587,6.299022
20144,ds005280,sub-022,8,3.0,3.0,2,16.052208,-4.0087924
20145,ds005280,sub-022,9,4.0,3.5,1,-20.23591,41.73725
20146,ds005280,sub-022,10,4.0,3.0,1,-39.58167,38.063198
20147,ds005280,sub-022,11,9.0,3.5,0,62.60468,27.841162
20148,ds005280,sub-022,12,6.0,3.0,0,67.376076,13.580553
20149,ds005280,sub-022,13,7.0,3.5,3,-47.58582,-18.332232
20150,ds005280,sub-022,14,2.0,3.0,3,-41.958553,0.3858105
20151,ds005280,sub-022,15,6.0,3.0,3,-53.90794,38.98032
20152,ds005280,sub-022,16,6.0,3.5,1,-4.9062843,36.275
20153,ds005280,sub-022,17,4.0,3.5,0,50.80145,-38.92456
20154,ds005280,sub-022,18,5.0,3.0,2,13.571497,-5.417317
20155,ds005280,sub-022,19,7.0,3.5,3,-56.162914,36.50901
20156,ds005280,sub-022,20,6.0,3.5,1,-10.123094,58.84083
20157,ds005280,sub-022,21,4.0,3.0,1,15.815395,3.966414
20158,ds005280,sub-022,22,9.0,3.0,0,70.7421,34.77862
20159,ds005280,sub-022,23,5.0,3.0,0,31.930155,9.837474
20160,ds005280,sub-022,24,3.0,3.0,2,40.468037,-40.9185
20161,ds005280,sub-022,25,8.0,3.5,2,3.1876173,-44.53726
20162,ds005280,sub-022,26,9.0,3.0,1,-12.107527,48.57085
20163,ds005280,sub-022,27,6.0,3.5,0,53.101307,24.016844
20164,ds005280,sub-022,28,7.0,3.5,1,25.614935,45.22181
20165,ds005280,sub-023,0,4.0,4.0,0,39.644253,4.7602525
20166,ds005280,sub-023,1,5.0,4.0,1,-20.46253,22.410868
20167,ds005280,sub-023,2,3.0,4.0,0,41.121407,-29.49162
20168,ds005280,sub-023,3,2.0,4.0,1,-14.9840765,15.241396
20169,ds005280,sub-023,4,6.0,3.5,3,-37.279755,-23.489185
20170,ds005280,sub-023,5,2.0,3.5,3,-63.382587,26.26498
20171,ds005280,sub-023,6,7.0,3.5,1,-22.451166,11.685208
20172,ds005280,sub-023,7,2.0,3.5,3,-53.548588,-47.87916
20173,ds005280,sub-023,8,5.0,4.0,1,-11.209705,23.904312
20174,ds005280,sub-023,9,3.0,3.5,2,-25.012121,-20.7266
20175,ds005280,sub-023,10,5.0,3.5,3,-75.960045,-11.890253
20176,ds005280,sub-023,11,9.0,4.0,0,50.206207,44.048447
20177,ds005280,sub-023,12,3.0,3.5,3,-67.44238,-5.101014
20178,ds005280,sub-023,13,5.0,3.5,2,18.092817,-40.675564
20179,ds005280,sub-023,14,7.0,4.0,3,-45.664787,-30.253216
20180,ds005280,sub-023,15,7.0,4.0,1,-18.258104,48.50791
20181,ds005280,sub-023,16,9.0,3.5,3,-84.321915,13.3541565
20182,ds005280,sub-023,17,7.0,4.0,1,-1.0900928,50.8113
20183,ds005280,sub-023,18,4.0,4.0,2,29.022621,-41.02325
20184,ds005280,sub-023,19,4.0,3.5,3,-39.522182,-35.70337
20185,ds005280,sub-023,20,3.0,3.5,3,-44.25803,-32.277863
20186,ds005280,sub-023,21,9.0,3.5,3,-35.07184,15.802679
20187,ds005280,sub-023,22,2.0,3.5,2,-35.56332,-49.19241
20188,ds005280,sub-023,23,5.0,4.0,1,-17.151787,44.103367
20189,ds005280,sub-023,24,6.0,3.5,1,-21.6711,59.536106
20190,ds005280,sub-023,25,7.0,4.0,0,34.99986,19.52359
20191,ds005280,sub-023,26,5.0,4.0,3,-30.084532,-2.7061355
20192,ds005280,sub-023,27,8.0,4.0,2,42.45914,-33.33047
20193,ds005280,sub-024,0,5.0,3.5,1,-7.418792,20.624367
20194,ds005280,sub-024,1,3.0,3.5,1,21.463676,26.48153
20195,ds005280,sub-024,2,4.0,3.5,1,2.4732735,27.761723
20196,ds005280,sub-024,3,4.0,3.5,2,2.838894,-32.107075
20197,ds005280,sub-024,4,6.0,3.0,1,14.517114,57.36437
20198,ds005280,sub-024,5,2.0,3.0,3,-67.97014,-12.7574215
20199,ds005280,sub-024,6,4.0,3.0,1,7.151313,56.90883
20200,ds005280,sub-024,7,5.0,3.0,0,32.763172,24.222439
20201,ds005280,sub-024,8,6.0,3.5,0,59.819145,40.350906
20202,ds005280,sub-024,9,3.0,3.0,2,-14.202939,-20.970028
20203,ds005280,sub-024,10,4.0,3.0,3,-40.655552,-2.7244105
20204,ds005280,sub-024,11,7.0,3.5,1,4.373092,33.89219
20205,ds005280,sub-024,12,3.0,3.0,1,-5.1384296,35.952454
20206,ds005280,sub-024,13,2.0,3.0,3,-48.40561,1.8718095
20207,ds005280,sub-024,14,5.0,3.5,2,13.871922,-48.72334
20208,ds005280,sub-024,15,6.0,3.5,0,33.760464,10.796988
20209,ds005280,sub-024,16,2.0,3.0,2,-10.3758335,-34.150646
20210,ds005280,sub-024,17,5.0,3.5,1,34.491955,37.328087
20211,ds005280,sub-024,18,1.0,3.0,3,-45.770283,-6.19401
20212,ds005280,sub-024,19,8.0,3.0,1,23.71387,50.22743
20213,ds005280,sub-024,20,8.0,3.0,0,40.12194,38.437687
20214,ds005280,sub-024,21,3.0,3.0,1,-6.69035,28.310463
20215,ds005280,sub-024,22,6.0,3.5,1,8.502129,44.7486
20216,ds005280,sub-024,23,3.0,3.5,2,24.973585,-39.314518
20217,ds005280,sub-024,24,5.0,3.5,1,39.2892,52.602287
20218,ds005280,sub-025,0,4.0,3.0,3,-44.92341,-2.2319539
20219,ds005280,sub-025,1,7.0,3.5,1,7.158452,59.02982
20220,ds005280,sub-025,2,8.0,3.5,1,17.575356,44.89309
20221,ds005280,sub-025,3,4.0,3.5,0,55.880375,3.128252
20222,ds005280,sub-025,4,3.0,3.5,0,33.070633,27.348139
20223,ds005280,sub-025,5,2.0,3.0,3,-39.423267,9.290183
20224,ds005280,sub-025,6,3.0,3.0,1,-5.5393133,37.373676
20225,ds005280,sub-025,7,4.0,3.0,1,5.682138,30.846523
20226,ds005280,sub-025,8,2.0,3.0,3,-61.872814,-9.474257
20227,ds005280,sub-025,9,4.0,3.5,3,-56.205593,44.50851
20228,ds005280,sub-025,10,2.0,3.0,3,-65.09215,-2.225275
20229,ds005280,sub-025,11,2.0,3.0,3,-42.32056,21.392998
20230,ds005280,sub-025,12,3.0,3.5,1,19.961174,19.021214
20231,ds005280,sub-025,13,3.0,3.0,0,26.763823,6.6115136
20232,ds005280,sub-025,14,3.0,3.0,2,19.30419,0.8590129
20233,ds005280,sub-025,15,3.0,3.5,2,11.494857,-0.24746785
20234,ds005280,sub-025,16,2.0,3.5,1,-36.556393,47.74014
20235,ds005280,sub-025,17,3.0,3.0,3,-65.38814,5.040246
20236,ds005280,sub-025,18,3.0,3.5,3,-55.63353,26.841002
20237,ds005280,sub-025,19,2.0,3.0,3,-52.35032,32.083744
20238,ds005280,sub-025,20,7.0,3.0,0,52.906662,0.021229854
20239,ds005280,sub-025,21,5.0,3.0,1,26.483648,40.858505
20240,ds005280,sub-025,22,3.0,3.0,1,-11.651848,27.668459
20241,ds005280,sub-025,23,3.0,3.5,1,-41.30901,44.35684
20242,ds005280,sub-025,24,2.0,3.0,3,-67.41675,-24.910305
20243,ds005280,sub-025,25,6.0,3.5,2,-13.016921,-58.7448
20244,ds005280,sub-025,26,6.0,3.5,1,17.664228,5.055156
20245,ds005280,sub-025,27,4.0,3.5,1,1.3086983,45.67465
20246,ds005280,sub-026,0,3.0,3.0,3,-43.083424,-25.794428
20247,ds005280,sub-026,1,4.0,3.5,2,9.747622,-28.147406
20248,ds005280,sub-026,2,3.0,3.5,2,34.49296,-46.84717
20249,ds005280,sub-026,3,1.0,3.5,3,-17.766977,2.220776
20250,ds005280,sub-026,4,4.0,3.5,0,66.60067,-3.9883077
20251,ds005280,sub-026,5,1.0,3.0,2,4.167511,-32.88278
20252,ds005280,sub-026,6,1.0,3.0,3,-46.774952,-12.8427
20253,ds005280,sub-026,7,3.0,3.0,1,-16.369987,10.954643
20254,ds005280,sub-026,8,1.0,3.0,3,-39.138245,-10.768096
20255,ds005280,sub-026,9,6.0,3.5,0,55.285503,-15.79874
20256,ds005280,sub-026,10,4.0,3.0,2,-30.117044,-46.024254
20257,ds005280,sub-026,11,3.0,3.5,2,-33.40583,-44.198883
20258,ds005280,sub-026,12,1.0,3.0,3,-60.97967,20.727497
20259,ds005280,sub-026,13,4.0,3.5,3,-51.857304,1.7331127
20260,ds005280,sub-026,14,2.0,3.0,3,-57.32798,-21.508368
20261,ds005280,sub-026,15,3.0,3.0,3,-22.3226,-1.2078414
20262,ds005280,sub-026,16,5.0,3.5,1,-31.734217,34.256084
20263,ds005280,sub-026,17,6.0,3.5,1,19.532425,28.226055
20264,ds005280,sub-026,18,1.0,3.0,3,-43.7212,-9.910209
20265,ds005280,sub-026,19,5.0,3.5,0,48.24623,-17.80183
20266,ds005280,sub-026,20,1.0,3.5,2,0.67416584,-9.172107
20267,ds005280,sub-026,21,2.0,3.0,3,-82.79517,11.639077
20268,ds005280,sub-026,22,7.0,3.0,0,71.15171,-3.7063096
20269,ds005280,sub-026,23,4.0,3.0,2,-12.220672,-24.710552
20270,ds005280,sub-026,24,2.0,3.0,2,11.837845,-2.1302378
20271,ds005280,sub-026,25,2.0,3.5,2,17.871563,-12.616825
20272,ds005280,sub-026,26,1.0,3.0,3,-65.81047,24.381441
20273,ds005280,sub-026,27,2.0,3.5,2,-1.3095067,-20.564623
20274,ds005280,sub-026,28,4.0,3.5,0,26.839956,-2.2271843
20275,ds005280,sub-026,29,1.0,3.5,2,5.9125066,-24.396082
20276,ds005280,sub-027,0,5.0,3.5,3,-37.10513,23.684519
20277,ds005280,sub-027,1,5.0,3.5,2,-19.353006,-36.85665
20278,ds005280,sub-027,2,4.0,3.5,3,-67.19112,7.068025
20279,ds005280,sub-027,3,3.0,3.0,3,-67.62129,2.6981115
20280,ds005280,sub-027,4,3.0,3.0,3,-57.666847,-22.219166
20281,ds005280,sub-027,5,2.0,3.0,3,-60.130157,38.79002
20282,ds005280,sub-027,6,7.0,3.0,2,43.26544,-34.33069
20283,ds005280,sub-027,7,3.0,3.5,3,-56.597557,-21.107553
20284,ds005280,sub-027,8,2.0,3.0,1,-31.172298,29.367409
20285,ds005280,sub-027,9,4.0,3.5,2,-9.367995,-37.43197
20286,ds005280,sub-027,10,2.0,3.0,2,-23.977888,-53.71449
20287,ds005280,sub-027,11,4.0,3.5,3,-71.28947,-6.336131
20288,ds005280,sub-027,12,4.0,3.0,3,-48.47567,-30.698366
20289,ds005280,sub-027,13,4.0,3.0,1,-17.508043,44.651455
20290,ds005280,sub-027,14,7.0,3.5,1,-8.83394,15.989388
20291,ds005280,sub-027,15,2.0,3.5,3,-58.629765,1.5812678
20292,ds005280,sub-027,16,7.0,3.0,3,-55.10614,29.295511
20293,ds005280,sub-027,17,2.0,3.5,2,-11.715677,-6.6581593
20294,ds005280,sub-027,18,0.0,3.5,3,-51.694588,-34.602722
20295,ds005280,sub-027,19,2.0,3.0,3,-58.37597,-41.781864
20296,ds005280,sub-027,20,3.0,3.0,1,-12.595676,60.47897
20297,ds005280,sub-027,21,1.0,3.0,3,-33.149582,-28.759296
20298,ds005280,sub-027,22,3.0,3.0,3,-40.7487,-2.4114215
20299,ds005280,sub-027,23,0.0,3.5,1,26.291803,21.176533
20300,ds005280,sub-027,24,2.0,3.0,3,-59.426826,31.36104
20301,ds005280,sub-027,25,0.0,3.5,3,-48.846558,-46.648388
20302,ds005280,sub-027,26,0.0,3.5,3,-25.406147,-0.88467914
20303,ds005280,sub-027,27,0.0,3.5,3,-70.61416,13.66192
20304,ds005280,sub-028,0,2.0,3.0,3,-41.8633,-4.0681806
20305,ds005280,sub-028,1,4.0,3.5,1,12.047225,4.9730787
20306,ds005280,sub-028,2,7.0,3.5,0,60.174137,28.230751
20307,ds005280,sub-028,3,3.0,3.5,2,8.308156,-44.178127
20308,ds005280,sub-028,4,3.0,3.5,1,10.453769,26.407927
20309,ds005280,sub-028,5,2.0,3.0,2,-5.088064,-4.721543
20310,ds005280,sub-028,6,2.0,3.0,1,1.4471984,22.958519
20311,ds005280,sub-028,7,2.0,3.0,1,-15.9095545,35.95873
20312,ds005280,sub-028,8,4.0,3.0,1,6.7327414,14.60537
20313,ds005280,sub-028,9,4.0,3.5,1,-2.5618792,7.4039264
20314,ds005280,sub-028,10,2.0,3.0,1,-8.495696,28.634657
20315,ds005280,sub-028,11,4.0,3.5,1,-5.3526444,26.815237
20316,ds005280,sub-028,12,2.0,3.0,1,-27.459639,33.013123
20317,ds005280,sub-028,13,4.0,3.5,1,2.0901976,19.899323
20318,ds005280,sub-028,14,2.0,3.0,1,5.024084,25.277872
20319,ds005280,sub-028,15,2.0,3.0,1,-22.849377,47.841034
20320,ds005280,sub-028,16,3.0,3.5,2,-7.5653844,-7.994864
20321,ds005280,sub-028,17,2.0,3.5,1,-0.6191805,20.601913
20322,ds005280,sub-028,18,1.0,3.0,2,18.286545,-47.269463
20323,ds005280,sub-028,19,6.0,3.5,1,10.379854,16.907316
20324,ds005280,sub-028,20,5.0,3.5,1,32.928482,55.289623
20325,ds005280,sub-028,21,1.0,3.0,1,-24.957012,28.315035
20326,ds005280,sub-028,22,5.0,3.0,3,-33.51623,-6.688722
20327,ds005280,sub-028,23,2.0,3.0,3,-30.103264,-16.348032
20328,ds005280,sub-028,24,5.0,3.0,1,13.759926,8.768412
20329,ds005280,sub-028,25,2.0,3.5,2,-24.744268,-28.814854
20330,ds005280,sub-028,26,3.0,3.0,3,-25.055336,-16.688477
20331,ds005280,sub-028,27,6.0,3.5,1,31.958332,55.52322
20332,ds005280,sub-028,28,4.0,3.5,1,30.20218,57.465134
20333,ds005280,sub-028,29,6.0,3.5,2,4.1019135,-32.760254
20334,ds005280,sub-029,0,6.0,3.5,2,19.233501,-44.145443
20335,ds005280,sub-029,1,7.0,4.0,2,-7.8116918,-21.13876
20336,ds005280,sub-029,2,5.0,4.0,2,-10.710852,-42.265854
20337,ds005280,sub-029,3,5.0,4.0,2,1.9619707,-21.910597
20338,ds005280,sub-029,4,5.0,4.0,2,28.627495,-27.978281
20339,ds005280,sub-029,5,7.0,3.5,2,-7.8520794,-14.8263035
20340,ds005280,sub-029,6,5.0,3.5,2,-30.422636,-29.23729
20341,ds005280,sub-029,7,4.0,3.5,3,-63.364292,-31.837025
20342,ds005280,sub-029,8,5.0,3.5,2,-16.031393,-43.80947
20343,ds005280,sub-029,9,5.0,4.0,2,-12.276602,-51.567886
20344,ds005280,sub-029,10,4.0,3.5,2,-11.856785,-35.57718
20345,ds005280,sub-029,11,6.0,4.0,2,27.920668,-28.005407
20346,ds005280,sub-029,12,3.0,3.5,2,-27.604185,-25.317547
20347,ds005280,sub-029,13,5.0,4.0,2,28.289412,-28.196646
20348,ds005280,sub-029,14,5.0,3.5,2,11.579874,-58.869785
20349,ds005280,sub-029,15,2.0,3.5,3,-54.1467,-16.226698
20350,ds005280,sub-029,16,3.0,4.0,2,-8.676967,-21.981197
20351,ds005280,sub-029,17,7.0,4.0,2,18.633518,-18.544281
20352,ds005280,sub-029,18,3.0,3.5,3,-77.8467,-8.401046
20353,ds005280,sub-029,19,5.0,4.0,2,0.25844517,-32.613625
20354,ds005280,sub-029,20,3.0,3.5,2,-7.395577,-23.390676
20355,ds005280,sub-029,21,4.0,3.5,2,-20.470692,-32.14976
20356,ds005280,sub-029,22,4.0,3.5,2,-16.94812,-3.2001452
20357,ds005280,sub-029,23,5.0,3.5,3,-38.860584,-37.564293
20358,ds005280,sub-029,24,5.0,4.0,2,-2.5537975,-23.067055
20359,ds005280,sub-029,25,3.0,3.5,3,-62.90438,-42.0627
20360,ds005280,sub-029,26,7.0,4.0,3,-42.224297,-8.138339
20361,ds005280,sub-029,27,5.0,4.0,2,-3.3199031,-28.700851
20362,ds005280,sub-029,28,8.0,4.0,3,-63.224552,-34.073307
20363,ds005280,sub-030,0,3.0,3.0,3,-49.59274,-49.61176
20364,ds005280,sub-030,1,4.0,3.5,0,58.23496,-12.185934
20365,ds005280,sub-030,2,5.0,3.5,0,68.25557,13.167867
20366,ds005280,sub-030,3,4.0,3.5,2,39.071564,-41.58575
20367,ds005280,sub-030,4,5.0,3.5,0,51.11073,9.552211
20368,ds005280,sub-030,5,4.0,3.0,1,-21.523956,26.106382
20369,ds005280,sub-030,6,7.0,3.0,2,9.990669,-44.242596
20370,ds005280,sub-030,7,4.0,3.0,3,-43.047474,6.623489
20371,ds005280,sub-030,8,4.0,3.0,3,-17.133135,0.417441
20372,ds005280,sub-030,9,5.0,3.5,0,32.545525,-12.7356615
20373,ds005280,sub-030,10,3.0,3.0,3,-37.408554,20.034891
20374,ds005280,sub-030,11,4.0,3.5,1,-16.62865,4.1545334
20375,ds005280,sub-030,12,4.0,3.0,3,-53.09275,27.15401
20376,ds005280,sub-030,13,4.0,3.5,1,3.5743897,11.217742
20377,ds005280,sub-030,14,3.0,3.0,3,-57.109516,-22.706888
20378,ds005280,sub-030,15,2.0,3.0,3,-69.25948,-30.032942
20379,ds005280,sub-030,16,5.0,3.5,2,-22.457739,-20.355787
20380,ds005280,sub-030,17,2.0,3.5,2,-22.952545,-23.2686
20381,ds005280,sub-030,18,2.0,3.0,3,-20.593687,-6.456345
20382,ds005280,sub-030,19,3.0,3.5,2,-16.357052,-3.3098526
20383,ds005280,sub-030,20,3.0,3.5,2,-0.7078846,-6.3941345
20384,ds005280,sub-030,21,2.0,3.0,1,-5.722728,11.351179
20385,ds005280,sub-030,22,4.0,3.0,3,-29.663984,-5.1994734
20386,ds005280,sub-030,23,4.0,3.0,1,2.1358132,19.41611
20387,ds005280,sub-030,24,2.0,3.0,2,-10.03551,-11.6991415
20388,ds005280,sub-030,25,4.0,3.5,2,-19.137115,-31.066973
20389,ds005280,sub-030,26,4.0,3.0,2,-18.715408,-14.518022
20390,ds005280,sub-030,27,3.0,3.5,1,-12.870015,8.256303
20391,ds005280,sub-030,28,4.0,3.5,2,-31.780989,-55.21055
20392,ds005280,sub-030,29,4.0,3.5,3,-68.50657,33.79189
20393,ds005280,sub-031,0,4.0,3.5,1,34.957664,37.67318
20394,ds005280,sub-031,1,4.0,3.5,0,50.98226,43.137447
20395,ds005280,sub-031,2,5.0,3.5,1,12.523988,17.277956
20396,ds005280,sub-031,3,5.0,3.5,1,9.7246895,26.890467
20397,ds005280,sub-031,4,4.0,3.0,2,9.175719,-48.885437
20398,ds005280,sub-031,5,2.0,3.0,2,0.18996574,-14.746619
20399,ds005280,sub-031,6,5.0,3.0,2,1.6080163,-40.283577
20400,ds005280,sub-031,7,4.0,3.0,2,-2.1458697,-3.3697002
20401,ds005280,sub-031,8,6.0,3.5,1,7.5804186,28.012062
20402,ds005280,sub-031,9,4.0,3.0,0,43.79986,30.596478
20403,ds005280,sub-031,10,6.0,3.5,1,19.804592,23.009827
20404,ds005280,sub-031,11,7.0,3.0,2,-7.5831795,-15.328217
20405,ds005280,sub-031,12,5.0,3.0,2,-24.34036,-35.135075
20406,ds005280,sub-031,13,7.0,3.5,1,23.778568,32.612667
20407,ds005280,sub-031,14,5.0,3.5,0,43.00375,34.48322
20408,ds005280,sub-031,15,7.0,3.0,0,57.54626,1.3027898
20409,ds005280,sub-031,16,8.0,3.5,0,45.03322,38.734665
20410,ds005280,sub-031,17,4.0,3.5,0,51.292126,45.997616
20411,ds005280,sub-031,18,4.0,3.0,2,5.1244016,-36.164085
20412,ds005280,sub-031,19,5.0,3.0,0,31.04208,19.859285
20413,ds005280,sub-031,20,4.0,3.0,1,-17.90591,5.998045
20414,ds005280,sub-031,21,5.0,3.5,0,42.54444,34.78574
20415,ds005280,sub-031,22,4.0,3.0,1,-16.943884,22.72541
20416,ds005280,sub-032,0,4.0,3.0,0,57.29166,-36.21521
20417,ds005280,sub-032,1,4.0,3.5,2,13.902275,-53.90092
20418,ds005280,sub-032,2,5.0,3.5,0,69.82516,-5.33904
20419,ds005280,sub-032,3,3.0,3.5,2,-19.373787,-14.360583
20420,ds005280,sub-032,4,4.0,3.5,0,54.60261,-30.548468
20421,ds005280,sub-032,5,3.0,3.0,2,18.093027,-52.401096
20422,ds005280,sub-032,6,3.0,3.0,2,7.7902427,-14.045526
20423,ds005280,sub-032,7,4.0,3.0,2,32.634068,-18.61953
20424,ds005280,sub-032,8,3.0,3.0,2,2.9558663,-54.310486
20425,ds005280,sub-032,9,4.0,3.5,0,38.151333,14.70175
20426,ds005280,sub-032,10,4.0,3.0,0,55.552692,-14.37772
20427,ds005280,sub-032,11,3.0,3.5,0,44.439922,-24.206017
20428,ds005280,sub-032,12,4.0,3.0,0,39.833202,-10.038034
20429,ds005280,sub-032,13,4.0,3.5,0,37.244392,-11.089975
20430,ds005280,sub-032,14,3.0,3.0,2,-33.834126,-46.511738
20431,ds005280,sub-032,15,4.0,3.0,3,-40.113007,-4.0180755
20432,ds005280,sub-032,16,5.0,3.5,0,74.66322,14.24787
20433,ds005280,sub-032,17,4.0,3.5,2,17.394688,-52.489124
20434,ds005280,sub-032,18,3.0,3.0,2,-29.951483,-37.270992
20435,ds005280,sub-032,19,4.0,3.5,2,-24.921719,-20.78399
20436,ds005280,sub-032,20,4.0,3.5,2,30.467434,-51.373756
20437,ds005280,sub-032,21,2.0,3.0,2,-27.155376,-44.28371
20438,ds005280,sub-032,22,3.0,3.0,2,-1.3372144,-44.053955
20439,ds005280,sub-032,23,4.0,3.0,2,13.797245,-22.772291
20440,ds005280,sub-032,24,4.0,3.5,2,29.313063,-45.41902
20441,ds005280,sub-032,25,5.0,3.0,0,60.77932,22.602148
20442,ds005280,sub-032,26,4.0,3.5,1,-10.720207,48.51198
20443,ds005280,sub-032,27,4.0,3.5,2,12.41628,-6.076061
20444,ds005280,sub-032,28,3.0,3.5,3,-35.15965,-15.47017
20445,ds005280,sub-033,0,4.0,3.0,2,-20.973022,-45.43901
20446,ds005280,sub-033,1,6.0,3.5,2,-25.964111,-36.441967
20447,ds005280,sub-033,2,7.0,3.5,2,-13.830329,-35.586723
20448,ds005280,sub-033,3,7.0,3.5,3,-39.385384,12.942606
20449,ds005280,sub-033,4,7.0,3.5,3,-44.33342,-49.217155
20450,ds005280,sub-033,5,5.0,3.0,3,-30.8727,-27.175974
20451,ds005280,sub-033,6,3.0,3.0,3,-49.684547,-49.484173
20452,ds005280,sub-033,7,2.0,3.0,3,-40.808147,-9.291449
20453,ds005280,sub-033,8,4.0,3.0,2,-24.964737,-38.3389
20454,ds005280,sub-033,9,7.0,3.5,2,22.536934,-52.29263
20455,ds005280,sub-033,10,5.0,3.0,2,8.7179365,-51.46791
20456,ds005280,sub-033,11,7.0,3.5,2,12.04455,-26.10603
20457,ds005280,sub-033,12,4.0,3.0,3,-52.86827,-47.87239
20458,ds005280,sub-033,13,6.0,3.5,3,-43.24898,7.059967
20459,ds005280,sub-033,14,4.0,3.0,3,-78.598564,-7.049348
20460,ds005280,sub-033,15,2.0,3.0,3,-52.219696,-20.917238
20461,ds005280,sub-033,16,5.0,3.5,1,-8.469743,3.5776408
20462,ds005280,sub-033,17,6.0,3.5,2,-19.479557,-35.396103
20463,ds005280,sub-033,18,4.0,3.0,3,-29.142925,11.737637
20464,ds005280,sub-033,19,7.0,3.5,3,-32.002594,-25.755363
20465,ds005280,sub-033,20,7.0,3.5,3,-41.98964,-8.570855
20466,ds005280,sub-033,21,5.0,3.0,2,11.166309,-41.920414
20467,ds005280,sub-033,22,6.0,3.0,2,-18.681324,-15.943957
20468,ds005280,sub-033,23,5.0,3.0,2,-27.366718,-22.28455
20469,ds005280,sub-033,24,7.0,3.0,2,-7.3818717,-22.710676
20470,ds005280,sub-033,25,4.0,3.5,2,-19.922216,-16.450827
20471,ds005280,sub-033,26,5.0,3.0,2,-19.472235,-37.30933
20472,ds005280,sub-033,27,5.0,3.5,2,-8.060279,-2.3965437
20473,ds005280,sub-033,28,5.0,3.5,2,-28.454695,-37.668377
20474,ds005280,sub-033,29,4.0,3.5,3,-32.677765,-25.510069
20475,ds005280,sub-034,0,4.0,3.5,2,18.212503,-27.290512
20476,ds005280,sub-034,1,3.0,3.5,2,3.4028487,-46.772762
20477,ds005280,sub-034,2,5.0,3.5,1,-17.454514,4.5476007
20478,ds005280,sub-034,3,2.0,3.5,2,8.499841,-19.52562
20479,ds005280,sub-034,4,1.0,3.0,2,-4.4932,-0.9816398
20480,ds005280,sub-034,5,4.0,3.0,2,6.929582,-31.901129
20481,ds005280,sub-034,6,2.0,3.0,2,-13.079341,-43.51481
20482,ds005280,sub-034,7,6.0,3.0,2,-12.1789465,-2.7166758
20483,ds005280,sub-034,8,4.0,3.0,1,-3.6258733,6.700164
20484,ds005280,sub-034,9,5.0,3.5,3,-24.706608,-0.96455926
20485,ds005280,sub-034,10,4.0,3.0,1,-1.3180177,10.51152
20486,ds005280,sub-034,11,3.0,3.5,1,25.391655,43.634094
20487,ds005280,sub-034,12,2.0,3.0,2,-18.375803,-5.051247
20488,ds005280,sub-034,13,3.0,3.0,3,-19.46888,-1.5535059
20489,ds005280,sub-034,14,4.0,3.5,1,25.053425,26.247402
20490,ds005280,sub-034,15,6.0,3.5,3,-26.670158,12.513586
20491,ds005280,sub-034,16,3.0,3.0,3,-35.767906,28.462038
20492,ds005280,sub-034,17,5.0,3.5,1,-3.5850081,6.703966
20493,ds005280,sub-034,18,6.0,3.5,1,30.208954,49.648567
20494,ds005280,sub-034,19,3.0,3.0,3,-43.59087,-51.19454
20495,ds005280,sub-034,20,4.0,3.0,2,-8.174048,-18.188143
20496,ds005280,sub-034,21,4.0,3.0,1,-3.828862,6.5026307
20497,ds005280,sub-034,22,2.0,3.0,1,31.249344,49.82171
20498,ds005280,sub-034,23,5.0,3.5,1,3.2724864,16.0065
20499,ds005280,sub-034,24,6.0,3.0,2,-17.41498,-29.106752
20500,ds005280,sub-034,25,5.0,3.5,2,-25.02338,-51.590096
20501,ds005280,sub-034,26,4.0,3.5,1,30.16501,49.65391
20502,ds005280,sub-034,27,3.0,3.5,1,4.094422,19.89598
20503,ds005280,sub-035,0,3.0,3.0,3,-52.883045,25.37421
20504,ds005280,sub-035,1,6.0,3.5,2,-12.75417,-55.91844
20505,ds005280,sub-035,2,8.0,3.5,2,30.207022,-38.739117
20506,ds005280,sub-035,3,5.0,3.5,2,24.901735,-48.755512
20507,ds005280,sub-035,4,6.0,3.5,2,13.018674,-57.183846
20508,ds005280,sub-035,5,5.0,3.0,3,-47.615734,-26.01944
20509,ds005280,sub-035,6,4.0,3.0,3,-49.090633,-47.20718
20510,ds005280,sub-035,7,6.0,3.0,2,24.052183,-37.81077
20511,ds005280,sub-035,8,1.0,3.0,2,-7.7504253,-23.39403
20512,ds005280,sub-035,9,6.0,3.5,2,-12.632597,-38.04883
20513,ds005280,sub-035,10,5.0,3.0,2,-3.5013716,-33.34352
20514,ds005280,sub-035,11,5.0,3.5,3,-57.457066,-39.623936
20515,ds005280,sub-035,12,2.0,3.0,2,5.646156,-51.653034
20516,ds005280,sub-035,13,5.0,3.5,0,60.859894,-2.3320925
20517,ds005280,sub-035,14,3.0,3.0,2,-1.3639665,-32.577335
20518,ds005280,sub-035,15,6.0,3.0,2,30.126766,-53.174976
20519,ds005280,sub-035,16,4.0,3.5,3,-26.869492,7.866631
20520,ds005280,sub-035,17,7.0,3.5,2,48.568607,-41.680492
20521,ds005280,sub-035,18,4.0,3.0,2,24.7966,-46.567097
20522,ds005280,sub-035,19,5.0,3.5,2,-4.776407,-50.148285
20523,ds005280,sub-035,20,4.0,3.5,2,18.875805,-14.907857
20524,ds005280,sub-035,21,4.0,3.0,2,21.220121,-54.24377
20525,ds005280,sub-035,22,3.0,3.0,1,-3.970599,2.5097904
20526,ds005280,sub-035,23,3.0,3.0,2,-4.3073683,0.9738811
20527,ds005280,sub-035,24,3.0,3.0,1,-21.323132,16.219069
20528,ds005280,sub-035,25,5.0,3.5,3,-47.701954,19.519123
20529,ds005280,sub-035,26,2.0,3.0,2,-0.94270205,-47.21012
20530,ds005280,sub-035,27,5.0,3.5,2,23.844414,-45.81665
20531,ds005280,sub-035,28,3.0,3.5,3,-79.697426,-5.4821296
20532,ds005280,sub-035,29,2.0,3.5,2,20.451809,-55.462967
20533,ds005280,sub-036,0,3.0,3.0,3,-52.883045,25.37421
20534,ds005280,sub-036,1,6.0,3.5,2,-12.753647,-55.915558
20535,ds005280,sub-036,2,8.0,3.5,2,30.206968,-38.739136
20536,ds005280,sub-036,3,5.0,3.5,2,24.901735,-48.755512
20537,ds005280,sub-036,4,6.0,3.5,2,13.018674,-57.183846
20538,ds005280,sub-036,5,5.0,3.0,3,-47.616123,-26.019388
20539,ds005280,sub-036,6,4.0,3.0,3,-49.090633,-47.20718
20540,ds005280,sub-036,7,6.0,3.0,2,24.052204,-37.81083
20541,ds005280,sub-036,8,1.0,3.0,2,-7.7504253,-23.39403
20542,ds005280,sub-036,9,6.0,3.5,2,-12.632851,-38.048893
20543,ds005280,sub-036,10,5.0,3.0,2,-3.5013716,-33.34352
20544,ds005280,sub-036,11,5.0,3.5,3,-57.45695,-39.624043
20545,ds005280,sub-036,12,2.0,3.0,2,5.646308,-51.653248
20546,ds005280,sub-036,13,5.0,3.5,0,60.85996,-2.3320668
20547,ds005280,sub-036,14,3.0,3.0,2,-1.3639542,-32.577187
20548,ds005280,sub-036,15,6.0,3.0,2,30.126766,-53.174976
20549,ds005280,sub-036,16,4.0,3.5,3,-26.868645,7.8667355
20550,ds005280,sub-036,17,7.0,3.5,2,48.568607,-41.680492
20551,ds005280,sub-036,18,4.0,3.0,2,24.7966,-46.567097
20552,ds005280,sub-036,19,5.0,3.5,2,-4.776367,-50.148186
20553,ds005280,sub-036,20,4.0,3.5,2,18.876078,-14.907812
20554,ds005280,sub-036,21,4.0,3.0,2,21.220137,-54.2487
20555,ds005280,sub-036,22,3.0,3.0,1,-3.970599,2.5097904
20556,ds005280,sub-036,23,3.0,3.0,2,-4.3073683,0.9738811
20557,ds005280,sub-036,24,3.0,3.0,1,-21.323025,16.219057
20558,ds005280,sub-036,25,5.0,3.5,3,-47.702038,19.519394
20559,ds005280,sub-036,26,2.0,3.0,2,-0.942708,-47.2121
20560,ds005280,sub-036,27,5.0,3.5,2,23.842947,-45.818275
20561,ds005280,sub-036,28,3.0,3.5,3,-79.697426,-5.4821296
20562,ds005280,sub-036,29,2.0,3.5,2,20.451809,-55.462967
20563,ds005280,sub-037,0,4.0,3.0,2,-24.743078,-45.35574
20564,ds005280,sub-037,1,4.0,3.5,2,-27.223736,-34.668854
20565,ds005280,sub-037,2,5.0,3.5,2,-17.561577,-29.318472
20566,ds005280,sub-037,3,4.0,3.5,2,0.78191215,-42.716106
20567,ds005280,sub-037,4,4.0,3.5,2,-17.801321,-43.88315
20568,ds005280,sub-037,5,4.0,3.0,2,-22.36648,-32.53035
20569,ds005280,sub-037,6,3.0,3.0,2,-26.075623,-36.329597
20570,ds005280,sub-037,7,4.0,3.0,2,16.110638,-30.992517
20571,ds005280,sub-037,8,3.0,3.0,2,9.530474,-16.54313
20572,ds005280,sub-037,9,4.0,3.5,1,-15.62242,8.769875
20573,ds005280,sub-037,10,3.0,3.0,3,-40.582287,4.953086
20574,ds005280,sub-037,11,4.0,3.5,2,0.94289887,-8.841412
20575,ds005280,sub-037,12,3.0,3.0,1,-0.6595659,12.027244
20576,ds005280,sub-037,13,4.0,3.5,2,8.079282,-43.00333
20577,ds005280,sub-037,14,2.0,3.0,2,-17.854279,-21.521143
20578,ds005280,sub-037,15,3.0,3.0,3,-64.05046,29.376238
20579,ds005280,sub-037,16,2.0,3.5,2,-11.020204,-17.894238
20580,ds005280,sub-037,17,5.0,3.5,1,-1.4696722,8.044521
20581,ds005280,sub-037,18,4.0,3.0,3,-39.669407,-35.06367
20582,ds005280,sub-037,19,2.0,3.5,3,-50.180172,-3.493855
20583,ds005280,sub-037,20,4.0,3.5,2,10.946887,-34.791092
20584,ds005280,sub-037,21,3.0,3.0,2,-17.918892,-25.238081
20585,ds005280,sub-037,22,4.0,3.0,1,-19.368952,16.297424
20586,ds005280,sub-037,23,2.0,3.0,3,-32.85094,-8.425328
20587,ds005280,sub-037,24,2.0,3.0,3,-58.86191,-2.160691
20588,ds005280,sub-037,25,5.0,3.5,3,-32.700573,-8.364798
20589,ds005280,sub-037,26,3.0,3.0,3,-38.56374,-11.347687
20590,ds005280,sub-037,27,2.0,3.5,3,-59.841347,8.773991
20591,ds005280,sub-037,28,3.0,3.5,3,-42.47912,-5.486283
20592,ds005280,sub-037,29,1.0,3.5,2,-23.835983,-31.746296
20593,ds005280,sub-038,0,3.0,3.0,2,39.65082,-44.46004
20594,ds005280,sub-038,1,4.0,3.5,2,-4.594132,-57.947903
20595,ds005280,sub-038,2,3.0,3.5,1,-9.268766,40.915436
20596,ds005280,sub-038,3,6.0,3.5,2,32.90678,-41.274227
20597,ds005280,sub-038,4,3.0,3.5,0,46.611202,-33.436344
20598,ds005280,sub-038,5,4.0,3.0,3,-50.386105,33.599228
20599,ds005280,sub-038,6,1.0,3.0,3,-36.431564,-12.723907
20600,ds005280,sub-038,7,2.0,3.0,2,-17.36269,-32.321045
20601,ds005280,sub-038,8,3.0,3.0,2,-5.7425404,-54.954212
20602,ds005280,sub-038,9,4.0,3.5,3,-73.030594,32.758003
20603,ds005280,sub-038,10,1.0,3.0,2,2.2371595,-39.7653
20604,ds005280,sub-038,11,2.0,3.5,3,-40.703167,6.7432933
20605,ds005280,sub-038,12,4.0,3.0,3,-47.34256,-29.685991
20606,ds005280,sub-038,13,5.0,3.5,1,19.480953,5.7595234
20607,ds005280,sub-038,14,3.0,3.0,3,-68.46693,-4.1980963
20608,ds005280,sub-038,15,2.0,3.0,2,-14.3038025,-21.174623
20609,ds005280,sub-038,16,1.0,3.5,3,-33.926517,-13.502653
20610,ds005280,sub-038,17,3.0,3.5,3,-47.832924,-36.257046
20611,ds005280,sub-038,18,2.0,3.0,3,-41.129482,-4.481282
20612,ds005280,sub-038,19,4.0,3.5,3,-31.748728,-0.4323068
20613,ds005280,sub-038,20,2.0,3.5,3,-45.875282,-27.54626
20614,ds005280,sub-038,21,2.0,3.0,3,-57.249718,-50.42555
20615,ds005280,sub-038,22,3.0,3.0,2,5.7164717,-29.949476
20616,ds005280,sub-038,23,4.0,3.0,2,7.6210375,-6.985167
20617,ds005280,sub-038,24,1.0,3.0,3,-47.70092,22.08379
20618,ds005280,sub-038,25,3.0,3.5,2,1.7042204,-40.754387
20619,ds005280,sub-038,26,4.0,3.0,1,-27.110851,21.425323
20620,ds005280,sub-038,27,5.0,3.5,3,-43.60722,-1.8053334
20621,ds005280,sub-038,28,4.0,3.5,2,-17.17696,-55.761597
20622,ds005280,sub-038,29,3.0,3.5,3,-46.939335,-17.246012
20623,ds005280,sub-039,0,6.0,3.0,2,-17.077343,-7.5472617
20624,ds005280,sub-039,1,7.0,3.5,2,45.423065,-45.492733
20625,ds005280,sub-039,2,6.0,3.5,2,-9.44348,-11.463068
20626,ds005280,sub-039,3,7.0,3.5,1,9.551815,16.095268
20627,ds005280,sub-039,4,6.0,3.5,2,18.596613,-23.504335
20628,ds005280,sub-039,5,4.0,3.0,3,-20.843616,-4.8165455
20629,ds005280,sub-039,6,2.0,3.0,2,10.362587,-29.87188
20630,ds005280,sub-039,7,3.0,3.0,2,-2.8384285,-20.752476
20631,ds005280,sub-039,8,3.0,3.0,2,15.150149,0.101945706
20632,ds005280,sub-039,9,7.0,3.5,0,32.539646,6.7979608
20633,ds005280,sub-039,10,4.0,3.0,3,-34.944653,-4.792901
20634,ds005280,sub-039,11,6.0,3.5,2,-1.1114314,-1.1796769
20635,ds005280,sub-039,12,5.0,3.0,2,8.636589,-35.311928
20636,ds005280,sub-039,13,7.0,3.5,0,35.712826,-6.876276
20637,ds005280,sub-039,14,3.0,3.0,2,5.5314374,-38.085342
20638,ds005280,sub-039,15,4.0,3.0,2,8.492265,-35.932217
20639,ds005280,sub-039,16,7.0,3.5,0,66.39534,-21.456217
20640,ds005280,sub-039,17,4.0,3.5,0,44.975708,-6.773573
20641,ds005280,sub-039,18,3.0,3.0,2,-26.294235,-47.717804
20642,ds005280,sub-039,19,6.0,3.5,2,-11.687043,-25.868174
20643,ds005280,sub-039,20,6.0,3.5,1,30.52926,45.926056
20644,ds005280,sub-039,21,5.0,3.0,1,3.8726304,13.793526
20645,ds005280,sub-039,22,8.0,3.0,0,46.39019,-16.157913
20646,ds005280,sub-039,23,7.0,3.0,2,1.8828219,-53.630585
20647,ds005280,sub-039,24,2.0,3.0,3,-62.531963,1.8419201
20648,ds005280,sub-039,25,3.0,3.5,0,30.071732,-12.252438
20649,ds005280,sub-039,26,6.0,3.0,2,5.612901,-35.59058
20650,ds005280,sub-039,27,7.0,3.5,2,10.840314,-2.5621006
20651,ds005280,sub-039,28,5.0,3.5,3,-41.269684,-3.6807787
20652,ds005280,sub-039,29,2.0,3.5,3,-35.355495,28.34145
20653,ds005280,sub-040,0,5.0,3.0,2,-0.0967423,-2.2867591
20654,ds005280,sub-040,1,6.0,3.5,2,18.08768,-5.122813
20655,ds005280,sub-040,2,5.0,3.5,1,-6.2141933,42.780796
20656,ds005280,sub-040,3,7.0,3.5,1,-5.5121284,22.585878
20657,ds005280,sub-040,4,7.0,3.5,0,26.718401,6.630114
20658,ds005280,sub-040,5,3.0,3.0,1,36.507313,55.926582
20659,ds005280,sub-040,6,6.0,3.0,2,-4.2851214,-13.457355
20660,ds005280,sub-040,7,5.0,3.0,1,-15.06704,33.576145
20661,ds005280,sub-040,8,4.0,3.0,1,-8.302029,6.332222
20662,ds005280,sub-040,9,7.0,3.5,1,-11.956231,61.884613
20663,ds005280,sub-040,10,6.0,3.0,2,5.954662,-3.3764732
20664,ds005280,sub-040,11,9.0,3.5,2,25.102577,-44.995697
20665,ds005280,sub-040,12,6.0,3.0,1,26.6194,17.931927
20666,ds005280,sub-040,13,6.0,3.5,2,-9.118104,-41.334934
20667,ds005280,sub-040,14,3.0,3.0,3,-54.006023,-18.676151
20668,ds005280,sub-040,15,4.0,3.0,3,-37.967026,0.48489878
20669,ds005280,sub-040,16,7.0,3.5,1,-43.98327,45.10388
20670,ds005280,sub-040,17,6.0,3.5,3,-50.533806,-24.692802
20671,ds005280,sub-040,18,7.0,3.0,2,-10.342357,-46.736397
20672,ds005280,sub-040,19,5.0,3.5,1,-11.637406,15.604284
20673,ds005280,sub-040,20,6.0,3.5,3,-35.19937,-4.334572
20674,ds005280,sub-040,21,8.0,3.0,3,-49.407173,11.297023
20675,ds005280,sub-040,22,6.0,3.0,1,7.928178,6.7816377
20676,ds005280,sub-040,23,5.0,3.0,0,25.460503,2.4281342
20677,ds005280,sub-040,24,3.0,3.0,3,-71.17141,0.32113224
20678,ds005280,sub-040,25,6.0,3.5,2,13.882274,-20.785849
20679,ds005280,sub-040,26,6.0,3.0,3,-53.943577,26.914854
20680,ds005280,sub-040,27,7.0,3.5,3,-41.80226,-26.496725
20681,ds005280,sub-040,28,7.0,3.5,1,-19.681725,45.54626
20682,ds005280,sub-040,29,6.0,3.5,3,-29.806274,-2.7118752
20683,ds005280,sub-041,0,2.0,3.5,1,-12.763421,60.9848
20684,ds005280,sub-041,1,1.0,3.5,1,-5.131722,49.157005
20685,ds005280,sub-041,2,4.0,3.0,3,-74.863396,1.691219
20686,ds005280,sub-041,3,4.0,3.0,1,-4.0034633,45.09534
20687,ds005280,sub-041,4,4.0,3.0,1,-17.60127,56.824333
20688,ds005280,sub-041,5,4.0,3.0,3,-48.10568,8.5404005
20689,ds005280,sub-041,6,5.0,3.5,1,-9.247831,10.224551
20690,ds005280,sub-041,7,6.0,3.5,0,43.87298,-29.82058
20691,ds005280,sub-041,8,4.0,3.0,1,-13.800978,56.42457
20692,ds005280,sub-041,9,5.0,3.5,2,20.894802,-16.699938
20693,ds005280,sub-041,10,4.0,3.0,3,-41.087746,-16.155497
20694,ds005280,sub-041,11,2.0,3.0,1,30.296982,57.40312
20695,ds005280,sub-041,12,4.0,3.5,3,-44.10443,7.496042
20696,ds005280,sub-041,13,5.0,3.5,3,-41.866997,35.93387
20697,ds005280,sub-041,14,2.0,3.5,3,-79.36539,16.840681
20698,ds005280,sub-041,15,5.0,3.5,1,-41.77781,47.16132
20699,ds005280,sub-041,16,4.0,3.0,3,-47.214504,-2.5937822
20700,ds005280,sub-041,17,4.0,3.0,1,-12.287546,31.124989
20701,ds005280,sub-041,18,4.0,3.0,2,8.034191,-2.7823176
20702,ds005280,sub-041,19,2.0,3.0,1,-2.964601,49.70033
20703,ds005280,sub-041,20,2.0,3.5,3,-54.702732,-8.673409
20704,ds005280,sub-041,21,4.0,3.0,2,-9.686939,-37.31539
20705,ds005280,sub-041,22,5.0,3.5,3,-36.61846,-33.485355
20706,ds005280,sub-041,23,4.0,3.5,0,48.10298,47.996944
20707,ds005280,sub-041,24,4.0,3.5,3,-51.14215,41.618855
20708,ds005280,sub-042,0,5.0,3.0,3,-59.210224,-29.751558
20709,ds005280,sub-042,1,4.0,3.5,2,0.3913707,-42.242146
20710,ds005280,sub-042,2,6.0,3.5,2,16.1034,-41.94353
20711,ds005280,sub-042,3,6.0,3.5,2,-0.065465294,-35.44311
20712,ds005280,sub-042,4,7.0,3.0,2,22.382414,-21.720514
20713,ds005280,sub-042,5,6.0,3.0,1,-28.76533,21.591412
20714,ds005280,sub-042,6,5.0,3.0,2,-0.28908092,-25.908445
20715,ds005280,sub-042,7,5.0,3.5,2,27.11198,-46.499107
20716,ds005280,sub-042,8,5.0,3.0,2,-9.639976,-28.257572
20717,ds005280,sub-042,9,4.0,3.0,3,-72.97531,-13.077175
20718,ds005280,sub-042,10,8.0,3.5,0,42.050587,-24.679083
20719,ds005280,sub-042,11,3.0,3.0,2,18.543447,-43.95171
20720,ds005280,sub-042,12,3.0,3.0,2,21.738997,-33.685543
20721,ds005280,sub-042,13,6.0,3.5,2,-35.151794,-52.868824
20722,ds005280,sub-042,14,4.0,3.0,3,-33.400574,0.43981585
20723,ds005280,sub-042,15,4.0,3.5,3,-60.857685,-33.288673
20724,ds005280,sub-042,16,5.0,3.0,3,-54.386757,-7.894059
20725,ds005280,sub-042,17,4.0,3.0,3,-68.166466,-10.969981
20726,ds005280,sub-042,18,3.0,3.0,2,22.585539,-13.859629
20727,ds005280,sub-042,19,6.0,3.0,3,-53.668053,-45.472546
20728,ds005280,sub-042,20,6.0,3.5,3,-59.041107,-39.253193
20729,ds005280,sub-042,21,7.0,3.0,2,32.224983,-47.554356
20730,ds005280,sub-042,22,5.0,3.5,2,14.580115,-35.097107
20731,ds005280,sub-042,23,6.0,3.5,1,-9.559771,6.604921
20732,ds005280,sub-042,24,8.0,3.5,2,4.3763533,-55.04533
20733,ds005280,sub-043,0,6.0,3.0,2,8.466259,-13.832458
20734,ds005280,sub-043,1,8.0,3.5,0,46.035046,35.13148
20735,ds005280,sub-043,2,6.0,3.5,2,1.5165389,-29.817518
20736,ds005280,sub-043,3,7.0,3.5,2,29.852219,-47.01423
20737,ds005280,sub-043,4,7.0,3.0,2,15.8511,-52.74516
20738,ds005280,sub-043,5,0.0,3.0,3,-24.835987,-12.464287
20739,ds005280,sub-043,6,6.0,3.0,2,35.596966,-41.741993
20740,ds005280,sub-043,7,4.0,3.0,0,57.092285,-36.070164
20741,ds005280,sub-043,8,5.0,3.5,3,-36.141884,21.148226
20742,ds005280,sub-043,9,4.0,3.0,3,-25.110739,-6.8873277
20743,ds005280,sub-043,10,5.0,3.5,1,10.779907,8.450815
20744,ds005280,sub-043,11,4.0,3.0,2,6.608613,-27.195786
20745,ds005280,sub-043,12,6.0,3.5,0,34.364063,-16.543125
20746,ds005280,sub-043,13,7.0,3.0,2,5.897996,-35.191376
20747,ds005280,sub-043,14,5.0,3.0,2,4.9039774,-35.03854
20748,ds005280,sub-043,15,6.0,3.5,0,44.871853,33.55581
20749,ds005280,sub-043,16,2.0,3.5,2,-8.096952,-17.834028
20750,ds005280,sub-043,17,4.0,3.0,2,-3.9541767,-16.974756
20751,ds005280,sub-043,18,7.0,3.5,0,42.592003,31.959547
20752,ds005280,sub-043,19,4.0,3.0,1,-19.157518,36.32488
20753,ds005280,sub-043,20,5.0,3.0,3,-32.571556,-10.525249
20754,ds005280,sub-043,21,6.0,3.0,2,18.136845,-48.177856
20755,ds005280,sub-043,22,4.0,3.0,1,27.507648,24.46431
20756,ds005280,sub-043,23,5.0,3.5,1,13.508443,14.211994
20757,ds005280,sub-043,24,7.0,3.5,2,7.124624,-46.468174
20758,ds005280,sub-043,25,5.0,3.5,1,-1.1041945,3.7783504
20759,ds005280,sub-043,26,5.0,3.5,3,-35.022255,-1.4576341
20760,ds005280,sub-044,0,5.0,3.5,0,26.691534,1.1268042
20761,ds005280,sub-044,1,5.0,3.5,0,47.32648,-22.301989
20762,ds005280,sub-044,2,5.0,3.5,0,65.10519,4.2863264
20763,ds005280,sub-044,3,4.0,3.5,0,46.88378,2.332968
20764,ds005280,sub-044,4,3.0,3.0,2,-13.487333,-46.325985
20765,ds005280,sub-044,5,3.0,3.0,1,8.853904,18.183044
20766,ds005280,sub-044,6,2.0,3.0,0,33.63649,8.559756
20767,ds005280,sub-044,7,2.0,3.0,2,8.573525,-11.950592
20768,ds005280,sub-044,8,2.0,3.5,1,7.6258426,3.5392478
20769,ds005280,sub-044,9,2.0,3.0,0,45.877968,5.328825
20770,ds005280,sub-044,10,3.0,3.5,0,27.262054,-1.7547281
20771,ds005280,sub-044,11,3.0,3.0,0,32.550304,-15.33564
20772,ds005280,sub-044,12,4.0,3.5,3,-61.553844,-33.250168
20773,ds005280,sub-044,13,4.0,3.0,3,-44.918205,-0.79302675
20774,ds005280,sub-044,14,2.0,3.0,3,-35.267372,28.351046
20775,ds005280,sub-044,15,4.0,3.5,0,40.361305,32.50519
20776,ds005280,sub-044,16,5.0,3.5,3,-54.304703,10.760581
20777,ds005280,sub-044,17,2.0,3.0,0,43.550663,18.223019
20778,ds005280,sub-044,18,3.0,3.5,2,19.051432,-33.890335
20779,ds005280,sub-044,19,5.0,3.5,0,44.32943,17.658152
20780,ds005280,sub-044,20,3.0,3.0,0,28.375038,-9.976469
20781,ds005280,sub-044,21,2.0,3.0,2,-21.10707,-27.15981
20782,ds005280,sub-044,22,2.0,3.0,3,-36.098614,8.977012
20783,ds005280,sub-044,23,1.0,3.0,1,1.3302532,8.835763
20784,ds005280,sub-044,24,2.0,3.0,3,-38.06097,13.339552
20785,ds005280,sub-045,0,6.0,3.5,1,-1.8384846,29.072794
20786,ds005280,sub-045,1,6.0,4.0,1,-5.798177,13.529923
20787,ds005280,sub-045,2,7.0,4.0,0,72.09415,6.4689474
20788,ds005280,sub-045,3,8.0,4.0,1,-0.44821855,64.33699
20789,ds005280,sub-045,4,8.0,4.0,3,-46.013203,9.256905
20790,ds005280,sub-045,5,4.0,3.5,3,-31.307678,-20.817537
20791,ds005280,sub-045,6,4.0,3.5,3,-76.67478,-14.812883
20792,ds005280,sub-045,7,5.0,3.5,3,-71.289795,0.047348157
20793,ds005280,sub-045,8,6.0,3.5,3,-49.901062,-1.0930375
20794,ds005280,sub-045,9,7.0,4.0,3,-65.32895,2.9403446
20795,ds005280,sub-045,10,5.0,3.5,3,-47.453167,-30.459684
20796,ds005280,sub-045,11,8.0,4.0,2,-5.89245,-1.2109388
20797,ds005280,sub-045,12,8.0,3.5,2,-4.8253927,-9.344345
20798,ds005280,sub-045,13,7.0,4.0,3,-49.318295,-31.91851
20799,ds005280,sub-045,14,5.0,3.5,2,-18.789001,-35.186104
20800,ds005280,sub-045,15,8.0,3.5,3,-37.30097,28.20161
20801,ds005280,sub-045,16,8.0,4.0,3,-55.330753,-26.263845
20802,ds005280,sub-045,17,7.0,4.0,3,-69.29879,30.876226
20803,ds005280,sub-045,18,8.0,3.5,3,-38.365734,1.1161137
20804,ds005280,sub-045,19,8.0,4.0,2,-20.258362,-12.88625
20805,ds005280,sub-045,20,8.0,4.0,3,-49.17274,-6.6700726
20806,ds005280,sub-045,21,8.0,3.5,2,-6.087812,-34.31313
20807,ds005280,sub-045,22,7.0,3.5,1,-4.952081,5.7922487
20808,ds005280,sub-045,23,6.0,3.5,3,-61.281536,12.403869
20809,ds005280,sub-045,24,4.0,3.5,3,-63.821106,-0.59398407
20810,ds005280,sub-045,25,8.0,4.0,2,9.787351,-46.043495
20811,ds005280,sub-045,26,5.0,3.5,3,-57.494755,-24.328882
20812,ds005280,sub-045,27,7.0,4.0,2,2.9710634,-29.04792
20813,ds005280,sub-045,28,5.0,4.0,3,-37.02915,28.95754
20814,ds005280,sub-045,29,8.0,4.0,2,-24.902014,-17.15026
20815,ds005280,sub-046,0,5.0,3.0,3,-71.724625,-11.036912
20816,ds005280,sub-046,1,4.0,3.5,3,-62.470516,-6.653917
20817,ds005280,sub-046,2,4.0,3.5,2,-8.691457,-60.11397
20818,ds005280,sub-046,3,3.0,3.5,3,-35.32648,-18.499048
20819,ds005280,sub-046,4,2.0,3.5,3,-69.151184,-13.810046
20820,ds005280,sub-046,5,3.0,3.0,2,-31.430723,-31.825788
20821,ds005280,sub-046,6,2.0,3.0,3,-25.425966,-0.44263268
20822,ds005280,sub-046,7,2.0,3.0,3,-57.238743,4.730783
20823,ds005280,sub-046,8,3.0,3.0,3,-48.753345,-38.025406
20824,ds005280,sub-046,9,4.0,3.5,2,0.23339348,-24.662046
20825,ds005280,sub-046,10,4.0,3.0,3,-22.156149,-5.195219
20826,ds005280,sub-046,11,6.0,3.5,3,-32.74219,-19.95637
20827,ds005280,sub-046,12,3.0,3.0,3,-68.070915,13.592144
20828,ds005280,sub-046,13,5.0,3.5,3,-40.623703,-29.615374
20829,ds005280,sub-046,14,3.0,3.0,3,-74.59891,-3.8023968
20830,ds005280,sub-046,15,4.0,3.0,2,-3.8026023,-15.188586
20831,ds005280,sub-046,16,4.0,3.5,3,-59.105286,4.959418
20832,ds005280,sub-046,17,3.0,3.0,3,-29.613537,-20.606216
20833,ds005280,sub-046,18,3.0,3.5,2,28.392946,-27.312933
20834,ds005280,sub-046,19,2.0,3.5,3,-41.537003,20.54127
20835,ds005280,sub-046,20,4.0,3.0,2,-25.752901,-33.115467
20836,ds005280,sub-046,21,3.0,3.0,2,-24.812643,-42.92271
20837,ds005280,sub-046,22,4.0,3.0,2,13.01319,-13.265508
20838,ds005280,sub-046,23,3.0,3.0,3,-62.65451,20.718023
20839,ds005280,sub-046,24,3.0,3.5,3,-49.921555,16.735355
20840,ds005280,sub-046,25,4.0,3.0,2,-8.691669,-62.273468
20841,ds005280,sub-046,26,2.0,3.5,3,-33.280666,20.092861
20842,ds005280,sub-046,27,3.0,3.5,3,-29.01731,5.692981
20843,ds005280,sub-046,28,2.0,3.5,3,-52.058117,16.51588
20844,ds005280,sub-047,0,4.0,3.0,3,-32.42853,20.760384
20845,ds005280,sub-047,1,5.0,3.5,0,46.677242,-24.372818
20846,ds005280,sub-047,2,6.0,3.5,2,22.569279,-12.242605
20847,ds005280,sub-047,3,6.0,3.5,2,-0.9032909,0.8951253
20848,ds005280,sub-047,4,7.0,3.5,2,30.649416,-16.904062
20849,ds005280,sub-047,5,4.0,3.0,3,-69.275276,15.291524
20850,ds005280,sub-047,6,6.0,3.0,3,-57.165943,-28.00372
20851,ds005280,sub-047,7,5.0,3.0,3,-51.139736,0.4785976
20852,ds005280,sub-047,8,5.0,3.0,3,-43.19787,20.234993
20853,ds005280,sub-047,9,6.0,3.5,2,29.132772,-17.760313
20854,ds005280,sub-047,10,3.0,3.0,3,-38.863438,16.302721
20855,ds005280,sub-047,11,5.0,3.5,3,-50.631874,-28.348833
20856,ds005280,sub-047,12,4.0,3.0,2,-25.999395,-45.207153
20857,ds005280,sub-047,13,5.0,3.5,2,-35.99632,-47.300293
20858,ds005280,sub-047,14,4.0,3.0,3,-56.94521,27.28302
20859,ds005280,sub-047,15,3.0,3.0,3,-37.430077,-27.421509
20860,ds005280,sub-047,16,6.0,3.5,3,-47.032307,6.2347274
20861,ds005280,sub-047,17,4.0,3.5,3,-69.06836,14.348541
20862,ds005280,sub-047,18,4.0,3.0,3,-36.128826,-23.433628
20863,ds005280,sub-047,19,3.0,3.5,3,-55.738358,-4.4758306
20864,ds005280,sub-047,20,4.0,3.5,3,-46.4665,24.335024
20865,ds005280,sub-047,21,4.0,3.0,1,-17.233952,58.71258
20866,ds005280,sub-047,22,5.0,3.0,1,-28.34428,23.192953
20867,ds005280,sub-047,23,4.0,3.0,3,-24.527914,7.1701317
20868,ds005280,sub-047,24,2.0,3.0,3,-18.358158,3.9711823
20869,ds005280,sub-047,25,5.0,3.5,2,-35.94906,-47.12962
20870,ds005280,sub-047,26,5.0,3.0,1,-21.967201,13.473529
20871,ds005280,sub-047,27,4.0,3.5,2,16.201204,-3.761381
20872,ds005280,sub-048,0,7.0,3.0,3,-34.277905,17.845049
20873,ds005280,sub-048,1,9.0,3.5,3,-54.753918,19.577482
20874,ds005280,sub-048,2,9.0,3.5,2,9.297783,-8.412453
20875,ds005280,sub-048,3,8.0,3.5,1,16.024233,10.835166
20876,ds005280,sub-048,4,9.0,3.5,3,-45.72835,39.309303
20877,ds005280,sub-048,5,8.0,3.0,2,3.1200929,-43.82186
20878,ds005280,sub-048,6,7.0,3.0,3,-34.379013,15.397267
20879,ds005280,sub-048,7,5.0,3.0,3,-61.655365,-33.168804
20880,ds005280,sub-048,8,5.0,3.0,3,-58.98399,-29.968332
20881,ds005280,sub-048,9,4.0,3.5,3,-50.006233,19.514511
20882,ds005280,sub-048,10,4.0,3.0,3,-69.22998,0.76430863
20883,ds005280,sub-048,11,9.0,3.5,3,-49.08598,33.81519
20884,ds005280,sub-048,12,8.0,3.0,3,-53.907837,-15.56006
20885,ds005280,sub-048,13,9.0,3.5,1,-12.116132,3.5722778
20886,ds005280,sub-048,14,6.0,3.0,3,-54.960495,22.720448
20887,ds005280,sub-048,15,7.0,3.0,3,-42.40586,21.542534
20888,ds005280,sub-048,16,8.0,3.5,3,-23.022928,-2.5562706
20889,ds005280,sub-048,17,5.0,3.5,1,-24.751429,16.338263
20890,ds005280,sub-048,18,4.0,3.0,3,-52.216343,-36.49018
20891,ds005280,sub-048,19,8.0,3.5,3,-33.46364,-17.05942
20892,ds005280,sub-048,20,6.0,3.5,3,-41.30447,21.180304
20893,ds005280,sub-048,21,4.0,3.0,3,-61.812527,-25.610178
20894,ds005280,sub-048,22,3.0,3.0,3,-61.865837,16.365587
20895,ds005280,sub-048,23,3.0,3.0,3,-44.089294,16.46476
20896,ds005280,sub-048,24,9.0,3.0,3,-50.80462,5.6051435
20897,ds005280,sub-048,25,3.0,3.0,3,-40.35572,13.744752
20898,ds005280,sub-048,26,6.0,3.5,3,-60.621475,-27.514133
20899,ds005280,sub-048,27,5.0,3.5,3,-68.934715,-17.19887
20900,ds005280,sub-049,0,7.0,3.5,3,-39.048313,0.8679806
20901,ds005280,sub-049,1,9.0,4.0,2,23.244974,-41.08002
20902,ds005280,sub-049,2,9.0,4.0,2,-16.67794,-9.970012
20903,ds005280,sub-049,3,10.0,4.0,2,-26.509716,-26.855675
20904,ds005280,sub-049,4,8.0,4.0,3,-73.49204,7.865691
20905,ds005280,sub-049,5,6.0,3.5,3,-43.74191,-30.556267
20906,ds005280,sub-049,6,5.0,3.5,3,-25.192623,6.284161
20907,ds005280,sub-049,7,3.0,3.5,3,-76.15731,4.5441184
20908,ds005280,sub-049,8,3.0,3.5,3,-38.96168,10.744123
20909,ds005280,sub-049,9,6.0,4.0,3,-35.961407,-11.66026
20910,ds005280,sub-049,10,4.0,3.5,3,-64.95428,21.411018
20911,ds005280,sub-049,11,5.0,4.0,3,-32.689735,7.4229884
20912,ds005280,sub-049,12,4.0,3.5,3,-47.224247,4.1336823
20913,ds005280,sub-049,13,7.0,4.0,3,-33.083572,16.06805
20914,ds005280,sub-049,14,7.0,3.5,3,-67.10559,-8.984338
20915,ds005280,sub-049,15,0.0,3.5,3,-52.024834,21.002077
20916,ds005280,sub-049,16,4.0,4.0,3,-63.77276,-18.894545
20917,ds005280,sub-049,17,3.0,4.0,3,-37.85951,13.191869
20918,ds005280,sub-049,18,7.0,3.5,1,-14.07043,2.884063
20919,ds005280,sub-049,19,8.0,4.0,3,-61.184296,21.628489
20920,ds005280,sub-049,20,8.0,4.0,3,-72.379715,-13.658431
20921,ds005280,sub-049,21,5.0,3.5,3,-32.109547,14.166551
20922,ds005280,sub-049,22,3.0,3.5,3,-31.570652,-8.121931
20923,ds005280,sub-049,23,2.0,3.5,3,-76.418396,6.0671363
20924,ds005280,sub-049,24,7.0,3.5,2,-0.23287442,-14.860009
20925,ds005280,sub-049,25,8.0,4.0,1,-6.2283535,8.403848
20926,ds005280,sub-049,26,4.0,3.5,3,-74.830765,-9.430719
20927,ds005280,sub-049,27,9.0,4.0,2,-3.6182902,-15.638883
20928,ds005280,sub-049,28,5.0,4.0,3,-48.87856,-24.06066
20929,ds005280,sub-049,29,5.0,4.0,2,4.92757,-36.802475
20930,ds005280,sub-050,0,7.0,3.5,3,-37.798626,4.494906
20931,ds005280,sub-050,1,8.0,4.0,0,61.44104,-9.828151
20932,ds005280,sub-050,2,7.0,4.0,2,24.327282,-34.063366
20933,ds005280,sub-050,3,8.0,4.0,3,-50.01251,-25.194431
20934,ds005280,sub-050,4,8.0,4.0,2,-19.950779,-18.746279
20935,ds005280,sub-050,5,6.0,3.5,2,-12.138378,-2.817811
20936,ds005280,sub-050,6,6.0,3.5,2,-6.509995,-50.25331
20937,ds005280,sub-050,7,7.0,3.5,2,5.2228017,-46.015537
20938,ds005280,sub-050,8,8.0,3.5,2,17.737125,-45.54475
20939,ds005280,sub-050,9,7.0,4.0,2,-7.2049026,-15.710063
20940,ds005280,sub-050,10,6.0,3.5,3,-35.280243,-25.736544
20941,ds005280,sub-050,11,5.0,4.0,3,-44.798344,10.007127
20942,ds005280,sub-050,12,7.0,3.5,3,-26.650095,3.2711496
20943,ds005280,sub-050,13,5.0,4.0,2,-29.516432,-26.690086
20944,ds005280,sub-050,14,5.0,3.5,2,9.235777,-16.996471
20945,ds005280,sub-050,15,5.0,3.5,3,-35.18257,10.091892
20946,ds005280,sub-050,16,6.0,4.0,3,-52.3658,-41.459057
20947,ds005280,sub-050,17,7.0,4.0,2,-19.698652,-16.513783
20948,ds005280,sub-050,18,8.0,3.5,1,-4.8528886,2.2013052
20949,ds005280,sub-050,19,9.0,4.0,1,-0.13879494,18.15593
20950,ds005280,sub-050,20,8.0,4.0,3,-47.71271,-44.06231
20951,ds005280,sub-050,21,6.0,3.5,3,-19.754795,2.43449
20952,ds005280,sub-050,22,7.0,3.5,2,-4.717865,-32.692623
20953,ds005280,sub-050,23,7.0,3.5,2,4.519042,-22.2004
20954,ds005280,sub-050,24,4.0,3.5,1,9.621496,14.926342
20955,ds005280,sub-050,25,8.0,4.0,3,-37.54397,-30.02652
20956,ds005280,sub-050,26,6.0,3.5,3,-81.26865,-1.9522569
20957,ds005280,sub-050,27,6.0,4.0,3,-78.550964,10.888859
20958,ds005280,sub-050,28,7.0,4.0,2,-11.964836,-1.4778422
20959,ds005280,sub-050,29,7.0,4.0,2,-23.005884,-15.850523
20960,ds005280,sub-051,0,5.0,3.5,3,-35.572296,-16.859818
20961,ds005280,sub-051,1,1.0,3.5,3,-37.77541,28.073534
20962,ds005280,sub-051,2,1.0,3.5,3,-23.587366,-8.7954235
20963,ds005280,sub-051,3,4.0,3.0,3,-41.186623,32.00386
20964,ds005280,sub-051,4,5.0,3.0,3,-35.137413,-2.5755324
20965,ds005280,sub-051,5,3.0,3.0,3,-70.62149,-8.437894
20966,ds005280,sub-051,6,2.0,3.5,3,-60.420483,3.72548
20967,ds005280,sub-051,7,3.0,3.0,3,-50.171803,2.856029
20968,ds005280,sub-051,8,5.0,3.5,3,-75.39436,7.5371
20969,ds005280,sub-051,9,0.0,3.0,3,-35.503105,21.275583
20970,ds005280,sub-051,10,5.0,3.5,3,-64.02194,-1.7137134
20971,ds005280,sub-051,11,2.0,3.0,3,-37.609814,3.6349213
20972,ds005280,sub-051,12,3.0,3.0,3,-62.916904,12.9509945
20973,ds005280,sub-051,13,0.0,3.5,2,-20.229923,-28.99876
20974,ds005280,sub-051,14,1.0,3.5,3,-58.22893,-42.985535
20975,ds005280,sub-051,15,3.0,3.0,3,-74.7245,-13.66597
20976,ds005280,sub-051,16,6.0,3.5,2,-32.391697,-31.415617
20977,ds005280,sub-051,17,4.0,3.5,1,-16.26152,49.684807
20978,ds005280,sub-051,18,2.0,3.0,3,-57.90101,23.58839
20979,ds005280,sub-051,19,1.0,3.0,2,-12.257015,-21.167866
20980,ds005280,sub-051,20,1.0,3.0,1,-23.97956,38.783054
20981,ds005280,sub-051,21,0.0,3.0,3,-38.551247,-3.5531995
20982,ds005280,sub-051,22,4.0,3.5,3,-62.449287,1.7414939
20983,ds005280,sub-051,23,7.0,3.0,1,5.875498,8.296026
20984,ds005280,sub-051,24,5.0,3.5,3,-65.87513,-18.168924
20985,ds005280,sub-051,25,3.0,3.5,3,-46.95638,-18.59508
20986,ds005280,sub-051,26,4.0,3.5,2,-11.306098,-34.705566
20987,ds005280,sub-052,0,5.0,3.0,3,-32.952927,-11.679796
20988,ds005280,sub-052,1,5.0,3.5,2,38.431385,-36.684628
20989,ds005280,sub-052,2,6.0,3.5,0,35.92536,14.2274685
20990,ds005280,sub-052,3,6.0,3.5,1,26.988096,23.586088
20991,ds005280,sub-052,4,6.0,3.5,1,-21.387857,51.841507
20992,ds005280,sub-052,5,6.0,3.0,2,-2.059599,-50.24367
20993,ds005280,sub-052,6,5.0,3.0,2,-10.586538,-42.034603
20994,ds005280,sub-052,7,5.0,3.5,3,-38.43806,-24.154428
20995,ds005280,sub-052,8,5.0,3.0,2,-21.171667,-14.609248
20996,ds005280,sub-052,9,6.0,3.5,3,-53.48641,-19.200155
20997,ds005280,sub-052,10,6.0,3.0,3,-73.60024,-3.0012264
20998,ds005280,sub-052,11,5.0,3.0,3,-58.63412,-27.378777
20999,ds005280,sub-052,12,5.0,3.5,3,-55.212357,22.102314
21000,ds005280,sub-052,13,6.0,3.5,3,-40.391575,-34.847694
21001,ds005280,sub-052,14,5.0,3.0,1,-25.830814,23.943653
21002,ds005280,sub-052,15,5.0,3.5,2,11.719473,-6.079934
21003,ds005280,sub-052,16,4.0,3.5,1,-18.588146,37.31852
21004,ds005280,sub-052,17,4.0,3.0,1,-15.851928,6.106314
21005,ds005280,sub-052,18,4.0,3.0,2,-20.473858,-13.7997
21006,ds005280,sub-052,19,5.0,3.0,1,9.324621,13.724109
21007,ds005280,sub-052,20,5.0,3.0,3,-52.94941,7.8764553
21008,ds005280,sub-052,21,6.0,3.5,1,-37.727863,33.67821
21009,ds005280,sub-052,22,6.0,3.0,3,-42.146805,1.3333592
21010,ds005280,sub-052,23,7.0,3.5,3,-67.89291,35.418365
21011,ds005280,sub-052,24,6.0,3.5,2,7.4744143,-7.0008974
21012,ds005280,sub-052,25,7.0,3.5,1,8.275428,12.513054
21013,ds005280,sub-053,0,3.0,3.0,2,-12.506946,-34.56705
21014,ds005280,sub-053,1,6.0,3.5,2,31.864586,-29.30528
21015,ds005280,sub-053,2,9.0,3.5,0,48.66077,37.659653
21016,ds005280,sub-053,3,8.0,3.5,0,49.543404,-40.89433
21017,ds005280,sub-053,4,7.0,3.0,0,63.117172,-0.6973563
21018,ds005280,sub-053,5,4.0,3.0,2,-18.866077,-58.088257
21019,ds005280,sub-053,6,4.0,3.0,2,4.4799433,-45.314877
21020,ds005280,sub-053,7,3.0,3.0,3,-20.833681,-4.856384
21021,ds005280,sub-053,8,8.0,3.5,0,63.150097,12.115066
21022,ds005280,sub-053,9,4.0,3.0,2,-0.36380485,-6.4599047
21023,ds005280,sub-053,10,8.0,3.5,0,73.05669,1.5301629
21024,ds005280,sub-053,11,4.0,3.0,2,7.3164325,-39.378647
21025,ds005280,sub-053,12,7.0,3.5,3,-43.71224,21.91279
21026,ds005280,sub-053,13,3.0,3.0,3,-33.025925,23.026823
21027,ds005280,sub-053,14,4.0,3.0,2,-25.260891,-53.785446
21028,ds005280,sub-053,15,5.0,3.5,0,59.254154,10.221452
21029,ds005280,sub-053,16,5.0,3.5,1,3.1151152,31.171389
21030,ds005280,sub-053,17,4.0,3.0,3,-66.72793,-29.986174
21031,ds005280,sub-053,18,5.0,3.5,0,53.923595,5.171222
21032,ds005280,sub-053,19,3.0,3.0,3,-64.51713,-2.295082
21033,ds005280,sub-053,20,4.0,3.0,0,54.525562,7.5457344
21034,ds005280,sub-053,21,7.0,3.0,0,45.313023,36.2041
21035,ds005280,sub-053,22,6.0,3.0,2,4.754092,-0.7428656
21036,ds005280,sub-053,23,7.0,3.5,0,58.191765,-12.232639
21037,ds005280,sub-053,24,7.0,3.0,1,-7.966249,11.564311
21038,ds005280,sub-053,25,5.0,3.5,3,-56.92967,-15.742192
21039,ds005280,sub-053,26,3.0,3.5,3,-32.74999,-10.621171
21040,ds005280,sub-053,27,7.0,3.5,0,56.93213,9.236482
21041,ds005280,sub-054,0,3.0,3.0,1,-36.28137,39.227047
21042,ds005280,sub-054,1,4.0,3.5,0,82.24604,15.626575
21043,ds005280,sub-054,2,4.0,3.5,0,51.439907,-7.943504
21044,ds005280,sub-054,3,4.0,3.5,0,54.79084,-27.509752
21045,ds005280,sub-054,4,3.0,3.5,2,32.53103,-24.980368
21046,ds005280,sub-054,5,2.0,3.0,1,-25.48087,36.115974
21047,ds005280,sub-054,6,3.0,3.0,3,-30.484484,10.351689
21048,ds005280,sub-054,7,2.0,3.0,2,24.006033,-17.427376
21049,ds005280,sub-054,8,2.0,3.0,2,-18.795424,-46.010624
21050,ds005280,sub-054,9,3.0,3.5,2,23.97901,-35.771397
21051,ds005280,sub-054,10,1.0,3.0,2,-5.682916,-17.948902
21052,ds005280,sub-054,11,2.0,3.5,3,-70.89467,-15.01844
21053,ds005280,sub-054,12,2.0,3.0,2,1.1056513,-0.50953436
21054,ds005280,sub-054,13,3.0,3.5,0,52.882786,-20.316406
21055,ds005280,sub-054,14,2.0,3.0,2,-13.579102,-43.094536
21056,ds005280,sub-054,15,2.0,3.0,3,-43.706726,22.065617
21057,ds005280,sub-054,16,2.0,3.5,3,-40.08746,11.321898
21058,ds005280,sub-054,17,3.0,3.5,1,21.461624,32.713066
21059,ds005280,sub-054,18,1.0,3.0,3,-69.427826,-9.254926
21060,ds005280,sub-054,19,3.0,3.5,2,8.366222,-31.694284
21061,ds005280,sub-054,20,1.0,3.5,3,-55.86686,-44.238712
21062,ds005280,sub-054,21,1.0,3.0,1,13.456071,13.598661
21063,ds005280,sub-054,22,2.0,3.0,1,-13.754041,25.985409
21064,ds005280,sub-054,23,3.0,3.0,0,49.138443,41.3368
21065,ds005280,sub-054,24,2.0,3.0,1,3.1617093,7.2613583
21066,ds005280,sub-054,25,2.0,3.5,3,-41.457706,23.651861
21067,ds005280,sub-054,26,1.0,3.0,2,-16.779417,-2.4988751
21068,ds005280,sub-054,27,1.0,3.5,3,-36.579926,23.25303
21069,ds005280,sub-054,28,3.0,3.5,3,-21.886604,6.0015135
21070,ds005280,sub-054,29,4.0,3.5,2,-21.232355,-40.129272
21071,ds005280,sub-055,0,2.0,3.0,1,-28.743217,24.654964
21072,ds005280,sub-055,1,6.0,3.5,1,20.19412,19.370392
21073,ds005280,sub-055,2,8.0,3.5,1,-7.384401,20.733809
21074,ds005280,sub-055,3,8.0,3.5,1,11.613973,35.235462
21075,ds005280,sub-055,4,7.0,3.5,1,-8.717113,25.751545
21076,ds005280,sub-055,5,9.0,3.0,1,8.154849,34.730507
21077,ds005280,sub-055,6,4.0,3.0,1,-16.986067,28.566063
21078,ds005280,sub-055,7,1.0,3.0,3,-74.25706,-22.387037
21079,ds005280,sub-055,8,4.0,3.0,3,-61.665394,28.309662
21080,ds005280,sub-055,9,7.0,3.5,1,-30.914198,27.125397
21081,ds005280,sub-055,10,3.0,3.0,3,-61.741043,-24.922815
21082,ds005280,sub-055,11,2.0,3.5,2,-23.517153,-22.240284
21083,ds005280,sub-055,12,2.0,3.0,2,5.0617695,-1.8811028
21084,ds005280,sub-055,13,4.0,3.5,3,-73.14809,32.826893
21085,ds005280,sub-055,14,3.0,3.0,3,-66.04855,-32.441463
21086,ds005280,sub-055,15,4.0,3.0,3,-59.596577,30.886423
21087,ds005280,sub-055,16,4.0,3.5,1,-14.66896,32.653828
21088,ds005280,sub-055,17,1.0,3.5,3,-46.359158,14.091468
21089,ds005280,sub-055,18,4.0,3.0,3,-53.92942,38.945835
21090,ds005280,sub-055,19,7.0,3.5,3,-45.690166,-1.7152631
21091,ds005280,sub-055,20,3.0,3.5,3,-54.149303,-1.9645754
21092,ds005280,sub-055,21,2.0,3.0,3,-66.65615,4.4976745
21093,ds005280,sub-055,22,1.0,3.0,3,-62.085297,-25.015194
21094,ds005280,sub-055,23,3.0,3.0,3,-35.777664,-26.60333
21095,ds005280,sub-055,24,1.0,3.0,3,-73.777695,32.096184
21096,ds005280,sub-055,25,1.0,3.5,3,-59.009945,-11.081466
21097,ds005280,sub-055,26,1.0,3.0,3,-44.827003,31.488756
21098,ds005280,sub-055,27,5.0,3.5,1,5.331183,14.863879
21099,ds005280,sub-055,28,3.0,3.5,1,-44.415646,47.554688
21100,ds005280,sub-055,29,7.0,3.5,2,2.0533366,-52.0149
21101,ds005280,sub-056,0,7.0,3.5,0,31.533226,22.883968
21102,ds005280,sub-056,1,8.0,3.5,1,3.8910208,34.10122
21103,ds005280,sub-056,2,6.0,3.5,0,44.3469,29.913687
21104,ds005280,sub-056,3,7.0,3.5,0,33.73049,14.877412
21105,ds005280,sub-056,4,5.0,3.0,3,-49.617977,-1.4876803
21106,ds005280,sub-056,5,3.0,3.0,3,-61.90659,-35.213615
21107,ds005280,sub-056,6,8.0,3.0,0,34.39002,-3.5117776
21108,ds005280,sub-056,7,6.0,3.0,2,3.9652343,-4.6107073
21109,ds005280,sub-056,8,7.0,3.5,0,28.650845,-8.544049
21110,ds005280,sub-056,9,7.0,3.0,3,-47.95274,-23.313019
21111,ds005280,sub-056,10,6.0,3.5,3,-44.933838,-20.988335
21112,ds005280,sub-056,11,7.0,3.0,3,-20.99168,5.77712
21113,ds005280,sub-056,12,6.0,3.5,2,0.8715942,-48.669273
21114,ds005280,sub-056,13,6.0,3.0,3,-73.0635,7.511663
21115,ds005280,sub-056,14,6.0,3.0,3,-35.140053,-30.456776
21116,ds005280,sub-056,15,6.0,3.5,2,16.980013,-7.6520596
21117,ds005280,sub-056,16,5.0,3.5,3,-32.24878,4.4163237
21118,ds005280,sub-056,17,6.0,3.0,3,-52.44717,20.68165
21119,ds005280,sub-056,18,7.0,3.5,2,-4.7587643,-56.226475
21120,ds005280,sub-056,19,5.0,3.5,2,4.4456205,-51.012188
21121,ds005280,sub-056,20,5.0,3.0,2,-23.316685,-53.240486
21122,ds005280,sub-056,21,5.0,3.0,3,-28.154692,-5.400569
21123,ds005280,sub-056,22,6.0,3.0,3,-44.494343,8.934188
21124,ds005280,sub-056,23,3.0,3.0,2,-4.0925164,-29.208902
21125,ds005280,sub-056,24,6.0,3.5,3,-69.35187,-0.5063712
21126,ds005280,sub-056,25,2.0,3.0,2,-12.211913,-31.340786
21127,ds005280,sub-056,26,6.0,3.5,0,29.480616,4.297288
21128,ds005280,sub-056,27,6.0,3.5,2,2.0104976,-17.604074
21129,ds005280,sub-056,28,6.0,3.5,2,6.5241027,-7.577097
21130,ds005280,sub-057,0,6.0,3.5,3,-44.071198,-18.220835
21131,ds005280,sub-057,1,6.0,4.0,2,15.014156,-18.505878
21132,ds005280,sub-057,2,7.0,4.0,2,12.181694,-14.458879
21133,ds005280,sub-057,3,7.0,4.0,0,36.354942,32.912632
21134,ds005280,sub-057,4,7.0,4.0,0,50.411297,14.24208
21135,ds005280,sub-057,5,5.0,3.5,2,19.20999,-37.697865
21136,ds005280,sub-057,6,3.0,3.5,3,-39.171192,1.0898509
21137,ds005280,sub-057,7,3.0,3.5,3,-65.64105,-23.83562
21138,ds005280,sub-057,8,4.0,3.5,3,-59.93776,40.717823
21139,ds005280,sub-057,9,2.0,3.5,3,-37.946617,10.645931
21140,ds005280,sub-057,10,2.0,3.5,1,25.251879,26.256565
21141,ds005280,sub-057,11,4.0,4.0,1,2.5277379,5.4223094
21142,ds005280,sub-057,12,2.0,3.5,3,-51.60443,25.84052
21143,ds005280,sub-057,13,3.0,3.5,3,-67.18612,-34.847282
21144,ds005280,sub-057,14,2.0,3.5,2,-0.3553547,-16.41424
21145,ds005280,sub-057,15,5.0,3.5,3,-38.39078,-27.26157
21146,ds005280,sub-057,16,6.0,3.5,2,24.88572,-30.720743
21147,ds005280,sub-057,17,3.0,3.5,3,-20.368675,-7.9374056
21148,ds005280,sub-057,18,3.0,3.5,3,-81.097435,-2.0264487
21149,ds005280,sub-057,19,4.0,4.0,0,38.074463,24.04327
21150,ds005280,sub-057,20,5.0,3.5,0,61.08227,41.190575
21151,ds005280,sub-057,21,7.0,4.0,2,-6.3670735,-38.86521
21152,ds005280,sub-057,22,4.0,4.0,2,-4.1269407,-22.714373
21153,ds005280,sub-058,0,5.0,4.0,3,-47.683033,-36.46802
21154,ds005280,sub-058,1,5.0,4.0,1,15.963735,10.02246
21155,ds005280,sub-058,2,3.0,4.0,3,-53.506004,17.914415
21156,ds005280,sub-058,3,3.0,3.5,2,-19.258284,-9.599671
21157,ds005280,sub-058,4,5.0,3.5,1,-35.425686,48.02557
21158,ds005280,sub-058,5,2.0,3.5,2,16.532465,-3.3893833
21159,ds005280,sub-058,6,3.0,3.5,2,12.452363,-12.631529
21160,ds005280,sub-058,7,3.0,3.5,1,14.922468,15.939382
21161,ds005280,sub-058,8,5.0,4.0,0,61.008526,41.808
21162,ds005280,sub-058,9,3.0,3.5,3,-40.49877,11.876773
21163,ds005280,sub-058,10,2.0,3.5,3,-34.34686,-9.797678
21164,ds005280,sub-058,11,4.0,4.0,1,28.624489,22.8849
21165,ds005280,sub-058,12,3.0,4.0,1,-22.655602,46.422626
21166,ds005280,sub-058,13,4.0,3.5,3,-40.65868,12.965397
21167,ds005280,sub-058,14,6.0,4.0,2,5.7316203,-51.11671
21168,ds005280,sub-058,15,5.0,4.0,2,-14.117514,-26.692131
21169,ds005280,sub-058,16,3.0,3.5,3,-63.806374,10.091322
21170,ds005280,sub-058,17,4.0,3.5,3,-45.0161,-4.777673
21171,ds005280,sub-058,18,3.0,3.5,1,-25.301838,31.207281
21172,ds005280,sub-058,19,3.0,4.0,3,-39.986225,-14.904851
21173,ds005280,sub-058,20,4.0,3.5,3,-58.663685,28.419085
21174,ds005280,sub-058,21,4.0,4.0,3,-26.406368,5.5458984
21175,ds005280,sub-058,22,3.0,4.0,1,-13.958226,6.1107154
21176,ds005280,sub-058,23,5.0,4.0,3,-25.243113,10.540377
21177,ds005280,sub-059,0,7.0,3.5,0,63.616802,22.445826
21178,ds005280,sub-059,1,7.0,4.0,0,72.537155,13.531349
21179,ds005280,sub-059,2,8.0,4.0,0,84.8783,15.234519
21180,ds005280,sub-059,3,8.0,4.0,0,72.85839,27.380531
21181,ds005280,sub-059,4,7.0,3.5,0,67.93279,15.165598
21182,ds005280,sub-059,5,7.0,3.5,0,71.60224,14.056311
21183,ds005280,sub-059,6,6.0,3.5,0,59.6829,10.925896
21184,ds005280,sub-059,7,7.0,4.0,0,77.36134,13.671873
21185,ds005280,sub-059,8,7.0,3.5,0,74.41572,12.387214
21186,ds005280,sub-059,9,7.0,4.0,0,76.69393,12.249547
21187,ds005280,sub-059,10,8.0,4.0,0,71.76449,24.797052
21188,ds005280,sub-059,11,7.0,4.0,0,59.24553,8.3192215
21189,ds005280,sub-059,12,6.0,3.5,0,33.82586,-18.239475
21190,ds005280,sub-059,13,7.0,4.0,0,67.49596,4.681302
21191,ds005280,sub-059,14,6.0,3.5,2,-8.478226,-55.472313
21192,ds005280,sub-059,15,5.0,3.5,2,4.677299,-49.70159
21193,ds005280,sub-059,16,5.0,3.5,2,26.260649,-56.98896
21194,ds005280,sub-059,17,6.0,3.5,0,47.72777,37.363476
21195,ds005280,sub-059,18,7.0,4.0,0,64.67968,22.055874
21196,ds005280,sub-059,19,4.0,3.5,2,-22.416756,-39.914
21197,ds005280,sub-059,20,7.0,4.0,0,36.458546,28.571098
21198,ds005280,sub-059,21,7.0,4.0,0,73.38464,24.963411
21199,ds005280,sub-059,22,6.0,4.0,0,57.63657,11.61827
21200,ds005280,sub-060,0,8.0,3.5,1,39.572147,45.743668
21201,ds005280,sub-060,1,9.0,3.5,1,40.0757,45.907436
21202,ds005280,sub-060,2,7.0,3.0,1,35.292755,51.21741
21203,ds005280,sub-060,3,7.0,3.0,0,40.067238,-8.789039
21204,ds005280,sub-060,4,5.0,3.0,2,10.156902,-43.676277
21205,ds005280,sub-060,5,8.0,3.0,1,40.49758,45.333763
21206,ds005280,sub-060,6,8.0,3.5,1,38.68079,45.79594
21207,ds005280,sub-060,7,7.0,3.0,1,2.2592225,26.227879
21208,ds005280,sub-060,8,8.0,3.5,0,64.25277,13.489926
21209,ds005280,sub-060,9,4.0,3.0,2,-5.2018266,-4.3536057
21210,ds005280,sub-060,10,9.0,3.5,1,34.65666,48.310627
21211,ds005280,sub-060,11,8.0,3.0,0,41.73014,26.768494
21212,ds005280,sub-060,12,3.0,3.0,2,8.776303,-54.1653
21213,ds005280,sub-060,13,7.0,3.5,1,39.086735,50.478
21214,ds005280,sub-060,14,7.0,3.5,0,59.832554,18.557756
21215,ds005280,sub-060,15,4.0,3.0,0,32.04198,11.054445
21216,ds005280,sub-060,16,9.0,3.5,0,32.49655,3.511865
21217,ds005280,sub-060,17,5.0,3.5,0,45.96407,14.409184
21218,ds005280,sub-060,18,4.0,3.0,0,49.26044,45.630096
21219,ds005280,sub-060,19,3.0,3.0,0,29.78163,13.259763
21220,ds005280,sub-060,20,1.0,3.0,2,-40.80842,-50.150562
21221,ds005280,sub-060,21,2.0,3.0,1,19.57185,36.32074
21222,ds005280,sub-060,22,8.0,3.5,0,31.735207,14.396762
21223,ds005280,sub-060,23,4.0,3.0,1,3.2826765,24.387522
21224,ds005280,sub-060,24,8.0,3.5,0,49.43309,-7.2810397
21225,ds005280,sub-060,25,7.0,3.5,1,15.481824,21.099146
21226,ds005280,sub-060,26,7.0,3.5,0,41.270706,33.859234
21227,ds005280,sub-061,0,4.0,3.5,3,-61.6899,-1.050957
21228,ds005280,sub-061,1,6.0,4.0,2,-9.081512,-21.537746
21229,ds005280,sub-061,2,5.0,4.0,2,3.8083045,-24.43591
21230,ds005280,sub-061,3,5.0,4.0,2,-29.345129,-30.654179
21231,ds005280,sub-061,4,5.0,4.0,2,6.4587927,-52.042206
21232,ds005280,sub-061,5,5.0,3.5,3,-49.512123,11.615469
21233,ds005280,sub-061,6,6.0,3.5,1,-4.853785,5.1515207
21234,ds005280,sub-061,7,7.0,3.5,2,-19.22456,-33.362595
21235,ds005280,sub-061,8,5.0,3.5,2,-4.7430553,-12.564968
21236,ds005280,sub-061,9,9.0,4.0,2,-21.481203,-22.15106
21237,ds005280,sub-061,10,4.0,3.5,3,-40.239338,-3.819909
21238,ds005280,sub-061,11,9.0,4.0,2,47.008633,-40.07928
21239,ds005280,sub-061,12,6.0,3.5,2,-28.01795,-34.660156
21240,ds005280,sub-061,13,9.0,4.0,0,67.42296,-20.77039
21241,ds005280,sub-061,14,5.0,3.5,2,1.9663807,-30.36379
21242,ds005280,sub-061,15,4.0,3.5,2,-5.986488,0.31188384
21243,ds005280,sub-061,16,7.0,4.0,2,26.384655,-24.314793
21244,ds005280,sub-061,17,7.0,4.0,1,-1.2815278,1.9612958
21245,ds005280,sub-061,18,6.0,3.5,2,-12.831237,-2.3175163
21246,ds005280,sub-061,19,7.0,4.0,2,19.988861,-28.225471
21247,ds005280,sub-061,20,6.0,4.0,3,-44.318527,1.6694363
21248,ds005280,sub-061,21,6.0,3.5,2,-26.907759,-53.11006
21249,ds005280,sub-061,22,7.0,3.5,2,-4.6645164,-50.645386
21250,ds005280,sub-061,23,5.0,3.5,2,-6.779357,-38.20684
21251,ds005280,sub-061,24,8.0,3.5,1,-10.160624,4.807733
21252,ds005280,sub-061,25,6.0,4.0,1,-9.701987,7.6252275
21253,ds005280,sub-061,26,5.0,3.5,0,42.851826,-22.799679
21254,ds005280,sub-061,27,7.0,4.0,2,4.08269,-10.395258
21255,ds005280,sub-061,28,7.0,4.0,3,-26.379936,15.196893
21256,ds005280,sub-061,29,7.0,4.0,2,27.309795,-31.618761
21257,ds005280,sub-062,0,6.0,3.5,1,26.987186,28.359987
21258,ds005280,sub-062,1,8.0,4.0,2,38.946,-35.43629
21259,ds005280,sub-062,2,10.0,4.0,0,62.345577,-24.696754
21260,ds005280,sub-062,3,8.0,4.0,0,66.22852,27.309662
21261,ds005280,sub-062,4,9.0,3.5,0,50.36053,39.616528
21262,ds005280,sub-062,5,8.0,3.5,0,52.111683,47.81884
21263,ds005280,sub-062,6,7.0,3.5,0,45.380993,-23.348593
21264,ds005280,sub-062,7,8.0,3.5,0,47.54127,-32.460907
21265,ds005280,sub-062,8,9.0,4.0,0,64.97796,-4.176994
21266,ds005280,sub-062,9,6.0,3.5,2,34.594795,-31.428041
21267,ds005280,sub-062,10,8.0,4.0,2,25.720743,-11.900399
21268,ds005280,sub-062,11,6.0,3.5,0,48.546368,-5.772807
21269,ds005280,sub-062,12,8.0,4.0,0,36.254505,-7.909562
21270,ds005280,sub-062,13,7.0,3.5,2,7.464021,-39.330944
21271,ds005280,sub-062,14,6.0,3.5,2,-16.779692,-55.20564
21272,ds005280,sub-062,15,8.0,4.0,0,60.63013,-24.043333
21273,ds005280,sub-062,16,7.0,4.0,0,51.242058,-16.380295
21274,ds005280,sub-062,17,7.0,3.5,0,50.277683,42.477077
21275,ds005280,sub-062,18,8.0,4.0,0,44.451244,-24.20092
21276,ds005280,sub-062,19,7.0,4.0,0,47.26193,-32.511284
21277,ds005280,sub-062,20,4.0,3.5,2,13.680837,-22.564396
21278,ds005280,sub-062,21,7.0,3.5,3,-31.989628,-0.70162445
21279,ds005280,sub-062,22,7.0,3.5,2,0.7109008,-8.571152
21280,ds005280,sub-062,23,4.0,3.5,3,-55.34778,-45.621944
21281,ds005280,sub-062,24,7.0,4.0,0,32.135906,-15.407528
21282,ds005280,sub-062,25,5.0,3.5,2,-17.14212,-58.244873
21283,ds005280,sub-062,26,8.0,4.0,0,48.364914,38.389385
21284,ds005280,sub-062,27,9.0,4.0,0,46.661865,-6.665436
21285,ds005280,sub-062,28,8.0,4.0,0,37.12461,-23.891748
21286,ds005280,sub-063,0,8.0,3.5,3,-77.34619,11.295702
21287,ds005280,sub-063,1,8.0,4.0,3,-34.973637,-3.0859325
21288,ds005280,sub-063,2,7.0,4.0,3,-74.405106,-3.8454702
21289,ds005280,sub-063,3,6.0,3.5,3,-41.01926,11.453405
21290,ds005280,sub-063,4,8.0,3.5,3,-46.581093,-10.447417
21291,ds005280,sub-063,5,6.0,3.5,3,-37.52701,12.696666
21292,ds005280,sub-063,6,7.0,3.5,3,-45.880108,16.748869
21293,ds005280,sub-063,7,7.0,4.0,3,-80.065475,-0.5361915
21294,ds005280,sub-063,8,7.0,3.5,3,-66.734436,-12.925067
21295,ds005280,sub-063,9,5.0,3.5,3,-65.21843,25.515347
21296,ds005280,sub-063,10,6.0,4.0,3,-44.843945,-29.763062
21297,ds005280,sub-063,11,5.0,3.5,3,-63.707466,25.06264
21298,ds005280,sub-063,12,6.0,4.0,3,-29.38834,-5.7167354
21299,ds005280,sub-063,13,6.0,4.0,3,-39.54869,-20.076553
21300,ds005280,sub-063,14,6.0,3.5,3,-68.22305,10.278682
21301,ds005280,sub-063,15,4.0,3.5,3,-41.775383,4.5954866
21302,ds005280,sub-063,16,5.0,3.5,3,-26.959522,15.699697
21303,ds005280,sub-063,17,4.0,3.5,3,-74.0083,29.281054
21304,ds005280,sub-063,18,6.0,4.0,3,-51.06683,-22.300138
21305,ds005280,sub-063,19,3.0,3.5,3,-39.632298,17.18967
21306,ds005280,sub-063,20,6.0,4.0,3,-39.49063,-7.151523
21307,ds005280,sub-063,21,6.0,4.0,2,-18.619728,-9.597381
21308,ds005280,sub-063,22,6.0,4.0,2,-6.6610837,-3.5198567
21309,ds005280,sub-064,0,5.0,3.5,3,-65.431274,-2.3938959
21310,ds005280,sub-064,1,8.0,4.0,0,24.669985,13.1130705
21311,ds005280,sub-064,2,8.0,4.0,0,58.259354,-9.835916
21312,ds005280,sub-064,3,7.0,4.0,0,23.96831,7.2885118
21313,ds005280,sub-064,4,7.0,4.0,0,70.68008,18.731659
21314,ds005280,sub-064,5,6.0,3.5,0,32.676453,16.75965
21315,ds005280,sub-064,6,5.0,3.5,2,4.6077666,-8.395896
21316,ds005280,sub-064,7,6.0,3.5,2,-6.7133403,-6.256995
21317,ds005280,sub-064,8,7.0,3.5,2,17.327936,-50.47535
21318,ds005280,sub-064,9,8.0,4.0,1,16.435192,18.465744
21319,ds005280,sub-064,10,3.0,3.5,2,9.825271,-0.7307636
21320,ds005280,sub-064,11,6.0,4.0,0,37.914173,2.692737
21321,ds005280,sub-064,12,6.0,3.5,1,4.389056,24.880236
21322,ds005280,sub-064,13,7.0,4.0,0,38.211338,-1.0673435
21323,ds005280,sub-064,14,5.0,3.5,1,12.4066515,25.197073
21324,ds005280,sub-064,15,7.0,4.0,0,38.112755,14.927432
21325,ds005280,sub-064,16,7.0,4.0,0,33.319492,-6.2064595
21326,ds005280,sub-064,17,4.0,3.5,1,25.651155,44.815216
21327,ds005280,sub-064,18,6.0,4.0,1,18.764162,24.895515
21328,ds005280,sub-064,19,5.0,3.5,3,-50.24072,8.781333
21329,ds005280,sub-064,20,6.0,3.5,2,-21.065073,-35.81707
21330,ds005280,sub-064,21,5.0,3.5,1,-36.15049,48.805496
21331,ds005280,sub-064,22,3.0,3.5,1,-4.6655173,13.617983
21332,ds005280,sub-064,23,7.0,4.0,0,37.533043,9.426014
21333,ds005280,sub-064,24,8.0,3.5,0,48.2624,7.4639196
21334,ds005280,sub-064,25,6.0,4.0,2,10.185803,-46.648087
21335,ds005280,sub-064,26,5.0,4.0,1,4.9143205,25.025173
21336,ds005280,sub-064,27,6.0,4.0,0,35.683693,10.128692
21337,ds005280,sub-065,0,5.0,3.5,2,-8.794432,-34.365612
21338,ds005280,sub-065,1,5.0,4.0,2,34.76187,-47.065807
21339,ds005280,sub-065,2,6.0,4.0,0,69.092766,-6.1997724
21340,ds005280,sub-065,3,7.0,4.0,0,67.00339,-6.0836926
21341,ds005280,sub-065,4,7.0,4.0,0,77.989586,9.293505
21342,ds005280,sub-065,5,5.0,3.5,2,-12.0371685,-56.854965
21343,ds005280,sub-065,6,6.0,3.5,2,24.304613,-46.334377
21344,ds005280,sub-065,7,6.0,3.5,2,9.651474,-50.65321
21345,ds005280,sub-065,8,6.0,3.5,2,35.45032,-42.883354
21346,ds005280,sub-065,9,7.0,4.0,0,68.2066,-3.0310462
21347,ds005280,sub-065,10,4.0,3.5,1,-15.435801,1.1402862
21348,ds005280,sub-065,11,6.0,4.0,2,26.664684,-41.255344
21349,ds005280,sub-065,12,4.0,3.5,2,-5.421298,-52.115234
21350,ds005280,sub-065,13,4.0,4.0,0,38.702946,-26.59305
21351,ds005280,sub-065,14,4.0,3.5,2,22.815395,-52.135307
21352,ds005280,sub-065,15,3.0,3.5,2,3.5581124,-30.426762
21353,ds005280,sub-065,16,6.0,4.0,0,68.29464,-6.221392
21354,ds005280,sub-065,17,4.0,4.0,2,32.559914,-49.13062
21355,ds005280,sub-065,18,5.0,3.5,0,66.854645,-7.1490273
21356,ds005280,sub-065,19,6.0,4.0,0,67.54498,1.2073411
21357,ds005280,sub-065,20,3.0,3.5,2,17.947058,-58.67846
21358,ds005280,sub-065,21,4.0,3.5,2,20.86565,-23.012436
21359,ds005280,sub-065,22,2.0,3.5,2,23.154701,-40.25782
21360,ds005280,sub-065,23,5.0,4.0,0,66.01993,-5.559173
21361,ds005280,sub-065,24,4.0,3.5,2,-7.488951,-44.234318
21362,ds005280,sub-065,25,4.0,4.0,2,6.867891,-56.269375
21363,ds005280,sub-065,26,3.0,4.0,2,5.4346833,-57.351837
21364,ds005280,sub-065,27,5.0,4.0,0,64.67633,-6.9068985
21365,ds005280,sub-066,0,4.0,3.0,0,89.928734,16.896894
21366,ds005280,sub-066,1,5.0,3.5,0,89.31101,15.680051
21367,ds005280,sub-066,2,6.0,3.5,0,89.28672,16.829275
21368,ds005280,sub-066,3,4.0,3.5,0,89.97967,16.138414
21369,ds005280,sub-066,4,6.0,3.5,0,88.97016,15.113973
21370,ds005280,sub-066,5,5.0,3.0,0,90.65459,15.964819
21371,ds005280,sub-066,6,6.0,3.0,0,90.08393,17.378119
21372,ds005280,sub-066,7,7.0,3.0,0,89.81774,15.252136
21373,ds005280,sub-066,8,7.0,3.0,0,91.26449,16.404476
21374,ds005280,sub-066,9,7.0,3.5,0,90.81376,16.012589
21375,ds005280,sub-066,10,3.0,3.0,0,59.311245,17.19707
21376,ds005280,sub-066,11,6.0,3.5,0,90.479744,16.06053
21377,ds005280,sub-066,12,5.0,3.0,0,74.167435,23.579313
21378,ds005280,sub-066,13,4.0,3.5,0,89.59184,13.489917
21379,ds005280,sub-066,14,2.0,3.0,1,15.043207,48.253574
21380,ds005280,sub-066,15,4.0,3.0,0,72.12537,20.46728
21381,ds005280,sub-066,16,5.0,3.5,0,87.312744,8.695201
21382,ds005280,sub-066,17,5.0,3.5,0,89.55276,14.849865
21383,ds005280,sub-066,18,3.0,3.0,1,0.95315737,9.826849
21384,ds005280,sub-066,19,5.0,3.5,0,88.99359,15.293594
21385,ds005280,sub-066,20,6.0,3.5,0,90.985115,15.709993
21386,ds005280,sub-066,21,4.0,3.0,0,81.823265,14.482192
21387,ds005280,sub-066,22,4.0,3.0,0,77.76895,15.98113
21388,ds005280,sub-066,23,5.0,3.0,0,63.271255,14.647215
21389,ds005280,sub-066,24,4.0,3.0,0,25.625648,-5.9331264
21390,ds005280,sub-066,25,5.0,3.5,0,79.69996,17.324507
21391,ds005280,sub-066,26,4.0,3.0,0,79.93956,-2.905179
21392,ds005280,sub-066,27,5.0,3.5,0,87.26278,8.885603
21393,ds005280,sub-066,28,6.0,3.5,0,90.71432,15.835155
21394,ds005280,sub-066,29,5.0,3.5,0,89.135864,15.88421
21395,ds005280,sub-067,0,8.0,4.0,0,83.04165,-3.9656372
21396,ds005280,sub-067,1,8.0,4.0,1,19.679268,6.7085757
21397,ds005280,sub-067,2,5.0,3.5,3,-26.43322,5.5943184
21398,ds005280,sub-067,3,5.0,3.5,1,12.55745,20.026348
21399,ds005280,sub-067,4,4.0,3.5,2,7.2092147,-21.571032
21400,ds005280,sub-067,5,8.0,4.0,0,35.275112,-5.306482
21401,ds005280,sub-067,6,7.0,3.5,0,48.440807,-3.74931
21402,ds005280,sub-067,7,9.0,4.0,0,70.579216,6.685956
21403,ds005280,sub-067,8,4.0,3.5,1,3.221668,19.674467
21404,ds005280,sub-067,9,8.0,4.0,0,66.804474,-17.708689
21405,ds005280,sub-067,10,4.0,3.5,1,2.0855243,19.07476
21406,ds005280,sub-067,11,4.0,3.5,2,-6.534365,-29.20887
21407,ds005280,sub-067,12,7.0,4.0,0,53.482212,7.1559463
21408,ds005280,sub-067,13,8.0,4.0,0,72.01129,-0.31917548
21409,ds005280,sub-067,14,3.0,3.5,2,-31.188581,-46.242096
21410,ds005280,sub-067,15,9.0,4.0,0,42.17873,-2.6906855
21411,ds005280,sub-067,16,8.0,4.0,1,32.501606,47.724308
21412,ds005280,sub-067,17,4.0,3.5,1,1.6404991,15.759474
21413,ds005280,sub-067,18,3.0,3.5,2,-17.1771,-3.3098686
21414,ds005280,sub-067,19,4.0,3.5,1,34.184093,55.329956
21415,ds005280,sub-067,20,2.0,3.5,2,-13.885624,-2.5093904
21416,ds005280,sub-067,21,6.0,4.0,2,21.773499,-36.48006
21417,ds005280,sub-067,22,3.0,3.5,2,-32.61231,-36.369164
21418,ds005280,sub-067,23,8.0,4.0,0,67.42191,17.585487
21419,ds005280,sub-067,24,8.0,4.0,0,42.184402,-28.535473
21420,ds005280,sub-067,25,4.0,4.0,2,4.094811,-16.751574
21421,ds005280,sub-068,0,3.0,3.5,2,-12.340327,-24.951498
21422,ds005280,sub-068,1,4.0,4.0,0,49.28036,-31.499498
21423,ds005280,sub-068,2,5.0,4.0,2,29.733782,-22.831917
21424,ds005280,sub-068,3,4.0,4.0,0,49.162327,-24.784088
21425,ds005280,sub-068,4,5.0,4.0,0,46.03442,-27.605183
21426,ds005280,sub-068,5,6.0,3.5,0,51.84383,-23.041046
21427,ds005280,sub-068,6,3.0,3.5,2,23.928076,-26.823011
21428,ds005280,sub-068,7,2.0,3.5,0,30.594915,6.849359
21429,ds005280,sub-068,8,1.0,3.5,3,-32.152348,-28.03072
21430,ds005280,sub-068,9,7.0,4.0,1,9.945455,52.297474
21431,ds005280,sub-068,10,2.0,3.5,2,21.129137,-14.707196
21432,ds005280,sub-068,11,4.0,4.0,2,24.216639,-8.133763
21433,ds005280,sub-068,12,2.0,3.5,2,19.522106,-24.772972
21434,ds005280,sub-068,13,5.0,4.0,0,41.813747,-26.858463
21435,ds005280,sub-068,14,3.0,3.5,0,33.474518,-3.4422998
21436,ds005280,sub-068,15,6.0,4.0,0,62.011696,-25.483192
21437,ds005280,sub-068,16,6.0,4.0,0,61.77675,-23.131292
21438,ds005280,sub-068,17,3.0,4.0,0,45.89281,-31.090843
21439,ds005280,sub-068,18,8.0,3.5,3,-30.307165,-2.5963724
21440,ds005280,sub-068,19,2.0,3.5,2,0.15247469,-53.41671
21441,ds005280,sub-068,20,3.0,3.5,0,42.157913,20.588358
21442,ds005280,sub-068,21,3.0,3.5,2,19.540253,0.5958027
21443,ds005280,sub-068,22,5.0,3.5,0,55.302094,-20.809143
21444,ds005280,sub-068,23,4.0,4.0,2,13.244175,-29.44121
21445,ds005280,sub-068,24,0.0,4.0,2,-16.311068,-6.334644
21446,ds005280,sub-069,0,4.0,3.5,2,-11.232149,-21.348248
21447,ds005280,sub-069,1,7.0,4.0,0,45.391678,-12.883714
21448,ds005280,sub-069,2,9.0,4.0,0,44.41152,-19.239977
21449,ds005280,sub-069,3,9.0,4.0,0,47.265133,-13.690318
21450,ds005280,sub-069,4,8.0,4.0,0,46.276817,-16.085995
21451,ds005280,sub-069,5,7.0,3.5,0,43.80806,-18.45194
21452,ds005280,sub-069,6,5.0,3.5,2,-7.817494,0.74577063
21453,ds005280,sub-069,7,6.0,3.5,2,-7.1566706,0.6381669
21454,ds005280,sub-069,8,7.0,3.5,0,76.22202,-3.8067877
21455,ds005280,sub-069,9,8.0,4.0,0,38.261353,-15.5071125
21456,ds005280,sub-069,10,6.0,3.5,2,20.983984,-1.7009852
21457,ds005280,sub-069,11,8.0,4.0,0,27.57156,-4.873944
21458,ds005280,sub-069,12,7.0,3.5,0,42.058872,-16.798052
21459,ds005280,sub-069,13,9.0,4.0,0,57.11477,-18.871765
21460,ds005280,sub-069,14,6.0,3.5,1,-16.333092,10.99383
21461,ds005280,sub-069,15,7.0,3.5,2,-9.725563,-0.67818946
21462,ds005280,sub-069,16,9.0,4.0,0,40.816193,-18.579597
21463,ds005280,sub-069,17,9.0,4.0,0,57.675938,-20.897047
21464,ds005280,sub-069,18,7.0,3.5,3,-43.488224,28.117968
21465,ds005280,sub-069,19,9.0,4.0,0,58.304577,-6.6371927
21466,ds005280,sub-069,20,8.0,4.0,0,59.39624,-9.262066
21467,ds005280,sub-069,21,6.0,3.5,1,-25.791073,21.249617
21468,ds005280,sub-069,22,7.0,3.5,1,-27.730022,25.500135
21469,ds005280,sub-069,23,9.0,3.5,2,5.379182,0.68833977
21470,ds005280,sub-069,24,7.0,3.5,1,-26.452467,26.782297
21471,ds005280,sub-069,25,7.0,4.0,1,-3.3825693,45.822144
21472,ds005280,sub-069,26,9.0,3.5,1,8.052991,3.2678626
21473,ds005280,sub-069,27,9.0,4.0,0,58.10637,-13.772295
21474,ds005280,sub-069,28,6.0,4.0,0,37.95064,-19.788603
21475,ds005280,sub-069,29,6.0,4.0,3,-36.175053,7.008193
21476,ds005280,sub-070,0,6.0,4.0,2,-0.43166214,-17.582853
21477,ds005280,sub-070,1,4.0,4.0,3,-52.161125,-19.913061
21478,ds005280,sub-070,2,4.0,4.0,3,-42.354164,7.693976
21479,ds005280,sub-070,3,7.0,3.5,1,-5.910212,9.246847
21480,ds005280,sub-070,4,1.0,3.5,3,-67.19029,-34.95029
21481,ds005280,sub-070,5,1.0,3.5,3,-55.42821,-15.642975
21482,ds005280,sub-070,6,6.0,4.0,2,-23.328806,-35.09109
21483,ds005280,sub-070,7,4.0,3.5,3,-72.60542,27.123741
21484,ds005280,sub-070,8,5.0,4.0,2,-18.613644,-11.632363
21485,ds005280,sub-070,9,4.0,3.5,3,-50.995647,-7.112211
21486,ds005280,sub-070,10,4.0,4.0,2,-14.966531,-7.6525397
21487,ds005280,sub-070,11,6.0,3.5,3,-55.75279,-42.741924
21488,ds005280,sub-070,12,1.0,3.5,3,-62.937412,10.924597
21489,ds005280,sub-070,13,5.0,4.0,3,-65.2354,-22.76614
21490,ds005280,sub-070,14,1.0,3.5,3,-80.88906,13.928196
21491,ds005280,sub-070,15,3.0,4.0,3,-38.539707,-8.867453
21492,ds005280,sub-070,16,4.0,3.5,3,-70.48869,15.698887
21493,ds005280,sub-070,17,1.0,3.5,3,-74.572014,25.92342
21494,ds005280,sub-070,18,2.0,3.5,3,-70.538704,3.7405016
21495,ds005280,sub-070,19,1.0,3.5,1,-17.130253,58.56587
21496,ds005280,sub-070,20,2.0,4.0,3,-54.179745,-11.649485
21497,ds005280,sub-070,21,5.0,3.5,1,-3.9745986,25.965483
21498,ds005280,sub-070,22,7.0,4.0,1,-1.8361697,23.94618
21499,ds005280,sub-070,23,4.0,4.0,1,-23.45758,47.758934
21500,ds005280,sub-070,24,5.0,4.0,3,-67.94772,31.654202
21501,ds005280,sub-071,0,5.0,3.5,3,-52.985783,6.5703807
21502,ds005280,sub-071,1,8.0,4.0,0,42.394966,31.098148
21503,ds005280,sub-071,2,9.0,4.0,0,67.053375,30.225592
21504,ds005280,sub-071,3,8.0,4.0,0,65.68305,20.019426
21505,ds005280,sub-071,4,7.0,4.0,0,49.695248,14.082427
21506,ds005280,sub-071,5,4.0,3.5,2,-11.792735,-16.082653
21507,ds005280,sub-071,6,7.0,3.5,1,6.497351,30.330204
21508,ds005280,sub-071,7,4.0,3.5,3,-49.627617,33.398075
21509,ds005280,sub-071,8,6.0,3.5,3,-62.525513,-36.225185
21510,ds005280,sub-071,9,7.0,4.0,1,-16.230656,29.355225
21511,ds005280,sub-071,10,4.0,3.5,2,-24.85693,-32.53559
21512,ds005280,sub-071,11,7.0,4.0,0,70.94143,-2.3514822
21513,ds005280,sub-071,12,5.0,3.5,2,11.182088,-20.397366
21514,ds005280,sub-071,13,7.0,4.0,0,41.52878,24.41494
21515,ds005280,sub-071,14,5.0,3.5,3,-69.826904,-29.414993
21516,ds005280,sub-071,15,4.0,3.5,1,-2.9400985,25.988247
21517,ds005280,sub-071,16,8.0,4.0,0,61.148346,25.445562
21518,ds005280,sub-071,17,8.0,4.0,0,68.12674,25.379126
21519,ds005280,sub-071,18,4.0,3.5,1,-33.61385,44.084858
21520,ds005280,sub-071,19,9.0,4.0,1,39.49783,48.084557
21521,ds005280,sub-071,20,7.0,4.0,0,60.35947,21.746382
21522,ds005280,sub-071,21,4.0,3.5,1,12.052192,17.09286
21523,ds005280,sub-071,22,4.0,3.5,1,-3.2915602,20.39017
21524,ds005280,sub-071,23,3.0,3.5,3,-38.291405,31.378082
21525,ds005280,sub-071,24,6.0,3.5,2,14.548641,-47.80153
21526,ds005280,sub-071,25,7.0,4.0,0,66.48523,41.17904
21527,ds005280,sub-071,26,3.0,3.5,1,-19.987177,41.971855
21528,ds005280,sub-071,27,8.0,4.0,1,38.072495,42.270706
21529,ds005280,sub-071,28,8.0,4.0,0,68.00536,36.927906
21530,ds005280,sub-071,29,9.0,4.0,0,57.79892,28.302282
21531,ds005280,sub-072,0,8.0,3.0,0,85.06363,17.276022
21532,ds005280,sub-072,1,10.0,3.5,0,70.797005,25.524218
21533,ds005280,sub-072,2,8.0,3.5,0,71.185005,6.529361
21534,ds005280,sub-072,3,5.0,3.0,0,53.375084,10.857356
21535,ds005280,sub-072,4,6.0,3.0,3,-62.047844,-25.677654
21536,ds005280,sub-072,5,5.0,3.0,3,-69.56477,-3.2217972
21537,ds005280,sub-072,6,9.0,3.5,1,23.47611,14.829786
21538,ds005280,sub-072,7,6.0,3.0,1,-38.890057,51.271748
21539,ds005280,sub-072,8,8.0,3.5,0,72.758415,17.67436
21540,ds005280,sub-072,9,7.0,3.0,3,-34.17222,-13.211121
21541,ds005280,sub-072,10,9.0,3.5,0,81.7837,17.719215
21542,ds005280,sub-072,11,5.0,3.0,1,-15.726977,29.885014
21543,ds005280,sub-072,12,8.0,3.0,0,68.68321,38.040714
21544,ds005280,sub-072,13,9.0,3.5,0,83.583115,-2.0668528
21545,ds005280,sub-072,14,8.0,3.5,0,57.588753,30.040277
21546,ds005280,sub-072,15,9.0,3.0,0,67.31323,24.856136
21547,ds005280,sub-072,16,8.0,3.5,0,68.07644,25.578186
21548,ds005280,sub-072,17,7.0,3.5,0,39.36476,22.570538
21549,ds005280,sub-072,18,6.0,3.0,3,-50.166073,-26.840275
21550,ds005280,sub-072,19,8.0,3.0,0,23.473682,3.1038926
21551,ds005280,sub-072,20,9.0,3.0,0,58.83374,19.34169
21552,ds005280,sub-072,21,7.0,3.0,3,-69.16598,0.2663085
21553,ds005280,sub-072,22,8.0,3.5,1,-1.7125984,35.987892
21554,ds005280,sub-072,23,8.0,3.0,2,9.561355,-4.1952834
21555,ds005280,sub-072,24,9.0,3.5,0,41.28934,-0.05545298
21556,ds005280,sub-072,25,9.0,3.5,0,73.21332,8.724498
21557,ds005280,sub-073,0,5.0,3.5,1,-35.80255,48.590176
21558,ds005280,sub-073,1,6.0,4.0,2,4.929926,-28.369444
21559,ds005280,sub-073,2,4.0,4.0,1,-1.1587424,36.531216
21560,ds005280,sub-073,3,6.0,4.0,0,58.635593,40.778526
21561,ds005280,sub-073,4,5.0,4.0,1,-0.6417482,27.365372
21562,ds005280,sub-073,5,3.0,3.5,3,-54.858006,43.744904
21563,ds005280,sub-073,6,5.0,3.5,1,1.759515,30.820004
21564,ds005280,sub-073,7,7.0,3.5,1,-1.2006879,21.727785
21565,ds005280,sub-073,8,4.0,3.5,3,-46.257748,-17.524965
21566,ds005280,sub-073,9,7.0,4.0,0,78.923515,13.704806
21567,ds005280,sub-073,10,3.0,3.5,1,-32.584354,48.84545
21568,ds005280,sub-073,11,5.0,4.0,1,-3.9624023,33.682686
21569,ds005280,sub-073,12,2.0,3.5,3,-53.91015,44.50185
21570,ds005280,sub-073,13,6.0,4.0,1,-35.716343,47.862865
21571,ds005280,sub-073,14,2.0,3.5,1,-9.825874,63.923744
21572,ds005280,sub-073,15,1.0,3.5,0,50.97349,48.07685
21573,ds005280,sub-073,16,5.0,4.0,1,-37.980408,47.406322
21574,ds005280,sub-073,17,3.0,4.0,1,-12.857716,49.92726
21575,ds005280,sub-073,18,5.0,3.5,1,13.011849,34.744663
21576,ds005280,sub-073,19,0.0,4.0,0,48.64201,10.818194
21577,ds005280,sub-073,20,1.0,4.0,1,-8.4952755,62.040833
21578,ds005280,sub-073,21,5.0,3.5,1,-11.500878,52.21983
21579,ds005280,sub-073,22,0.0,3.5,1,-46.06283,52.650967
21580,ds005280,sub-073,23,5.0,3.5,1,-40.662548,47.114437
21581,ds005280,sub-073,24,3.0,3.5,3,-72.058205,9.3607
21582,ds005280,sub-073,25,0.0,4.0,1,-45.06453,47.603825
21583,ds005280,sub-073,26,4.0,3.5,1,-42.899017,47.187973
21584,ds005280,sub-073,27,1.0,4.0,3,-50.77693,44.922085
21585,ds005280,sub-073,28,4.0,4.0,1,-11.088941,61.42669
21586,ds005280,sub-073,29,5.0,4.0,0,62.583992,41.890842
21587,ds005280,sub-074,0,6.0,3.5,1,-2.3042407,39.611824
21588,ds005280,sub-074,1,7.0,4.0,1,8.305624,7.0295267
21589,ds005280,sub-074,2,6.0,4.0,1,-4.4963202,31.08948
21590,ds005280,sub-074,3,6.0,4.0,1,0.12313451,36.82095
21591,ds005280,sub-074,4,7.0,4.0,0,50.781044,6.4310584
21592,ds005280,sub-074,5,4.0,3.5,2,-6.8434215,-47.976463
21593,ds005280,sub-074,6,5.0,3.5,3,-44.38251,-3.1183102
21594,ds005280,sub-074,7,4.0,3.5,1,39.84971,58.974773
21595,ds005280,sub-074,8,8.0,4.0,1,22.606035,32.887547
21596,ds005280,sub-074,9,5.0,3.5,2,7.4587607,-25.671183
21597,ds005280,sub-074,10,8.0,4.0,1,15.321606,55.15408
21598,ds005280,sub-074,11,4.0,3.5,1,-5.9009047,59.828568
21599,ds005280,sub-074,12,7.0,4.0,1,30.49505,37.39391
21600,ds005280,sub-074,13,4.0,3.5,1,-19.519228,26.901485
21601,ds005280,sub-074,14,5.0,3.5,1,1.8279701,30.150154
21602,ds005280,sub-074,15,6.0,4.0,1,40.56754,57.662075
21603,ds005280,sub-074,16,6.0,4.0,0,32.977497,12.989017
21604,ds005280,sub-074,17,5.0,3.5,1,29.481565,53.39585
21605,ds005280,sub-074,18,6.0,4.0,0,40.476807,22.432701
21606,ds005280,sub-074,19,4.0,4.0,1,-2.2222288,25.754591
21607,ds005280,sub-074,20,4.0,3.5,1,27.231356,52.11238
21608,ds005280,sub-074,21,5.0,3.5,1,25.210754,54.685524
21609,ds005280,sub-074,22,4.0,3.5,1,0.20575911,29.461939
21610,ds005280,sub-074,23,4.0,3.5,1,27.132408,52.03329
21611,ds005280,sub-074,24,6.0,4.0,1,36.134403,40.09638
21612,ds005280,sub-074,25,3.0,3.5,1,37.54146,54.076233
21613,ds005280,sub-074,26,7.0,4.0,1,40.119465,58.30758
21614,ds005280,sub-074,27,5.0,4.0,1,25.733767,53.865616
21615,ds005280,sub-074,28,8.0,4.0,1,5.897344,58.844555
21616,ds005280,sub-075,0,3.0,3.0,0,81.89877,0.99444544
21617,ds005280,sub-075,1,4.0,3.5,0,85.4888,6.1832533
21618,ds005280,sub-075,2,3.0,3.5,0,82.44658,4.0042872
21619,ds005280,sub-075,3,4.0,3.5,0,58.905373,25.190538
21620,ds005280,sub-075,4,3.0,3.0,1,16.77957,44.72816
21621,ds005280,sub-075,5,2.0,3.0,0,81.71089,1.2384672
21622,ds005280,sub-075,6,4.0,3.0,0,81.673195,-0.054326184
21623,ds005280,sub-075,7,4.0,3.5,0,88.75934,6.133207
21624,ds005280,sub-075,8,2.0,3.0,1,-1.7670174,63.329453
21625,ds005280,sub-075,9,3.0,3.0,0,71.33575,17.701656
21626,ds005280,sub-075,10,4.0,3.5,0,89.80089,6.2290664
21627,ds005280,sub-075,11,2.0,3.0,1,-12.089721,60.93182
21628,ds005280,sub-075,12,1.0,3.0,0,48.711613,-10.877825
21629,ds005280,sub-075,13,5.0,3.5,0,80.004906,6.40283
21630,ds005280,sub-075,14,3.0,3.5,0,82.68692,4.3346295
21631,ds005280,sub-075,15,3.0,3.0,0,27.951103,11.312535
21632,ds005280,sub-075,16,5.0,3.5,0,80.94078,8.058998
21633,ds005280,sub-075,17,4.0,3.5,0,83.79875,0.76436377
21634,ds005280,sub-075,18,1.0,3.0,1,-19.961632,36.164665
21635,ds005280,sub-075,19,3.0,3.0,0,59.89689,7.770482
21636,ds005280,sub-075,20,0.0,3.0,1,-36.03239,38.416245
21637,ds005280,sub-075,21,5.0,3.0,0,51.78271,-0.20086493
21638,ds005280,sub-075,22,3.0,3.5,1,19.243591,43.839455
21639,ds005280,sub-075,23,3.0,3.0,3,-85.31942,14.163084
21640,ds005280,sub-075,24,6.0,3.5,0,45.07533,9.867511
21641,ds005280,sub-075,25,3.0,3.5,0,82.42721,4.5847025
21642,ds005280,sub-075,26,6.0,3.5,0,53.353752,1.7447647
21643,ds005280,sub-076,0,4.0,3.0,1,-2.7842622,46.025166
21644,ds005280,sub-076,1,5.0,3.5,0,50.87319,2.769053
21645,ds005280,sub-076,2,4.0,3.5,1,13.99299,55.089935
21646,ds005280,sub-076,3,5.0,3.5,0,34.83977,3.3281446
21647,ds005280,sub-076,4,3.0,3.5,1,-3.8970351,37.348114
21648,ds005280,sub-076,5,2.0,3.0,2,-23.071243,-47.541664
21649,ds005280,sub-076,6,3.0,3.0,2,23.636616,-54.406895
21650,ds005280,sub-076,7,3.0,3.0,0,50.987404,2.7980137
21651,ds005280,sub-076,8,2.0,3.0,2,21.900309,-29.987059
21652,ds005280,sub-076,9,4.0,3.5,0,41.37648,-0.27146584
21653,ds005280,sub-076,10,1.0,3.0,2,-12.171709,-48.301487
21654,ds005280,sub-076,11,5.0,3.5,0,49.7458,23.204973
21655,ds005280,sub-076,12,3.0,3.0,1,-7.5949216,47.05283
21656,ds005280,sub-076,13,4.0,3.5,1,12.088342,21.724028
21657,ds005280,sub-076,14,3.0,3.0,1,13.88293,2.2862875
21658,ds005280,sub-076,15,3.0,3.0,1,20.080044,18.651093
21659,ds005280,sub-076,16,2.0,3.0,2,-10.950748,-45.386955
21660,ds005280,sub-076,17,5.0,3.5,0,37.714813,21.09856
21661,ds005280,sub-076,18,3.0,3.0,2,14.538066,-46.445465
21662,ds005280,sub-076,19,1.0,3.0,2,-15.673562,-7.5889044
21663,ds005280,sub-076,20,3.0,3.0,1,9.093949,6.657589
21664,ds005280,sub-076,21,2.0,3.0,1,-22.383791,49.574936
21665,ds005280,sub-076,22,1.0,3.0,3,-32.84317,-9.561363
21666,ds005280,sub-076,23,4.0,3.5,0,36.861202,-4.4199796
21667,ds005280,sub-077,0,8.0,4.0,0,27.47914,6.1901407
21668,ds005280,sub-077,1,8.0,4.0,0,60.817844,-1.9636426
21669,ds005280,sub-077,2,7.0,4.0,1,19.577717,4.1008153
21670,ds005280,sub-077,3,3.0,3.5,2,-5.9841957,-53.294514
21671,ds005280,sub-077,4,8.0,3.5,1,17.593328,3.464523
21672,ds005280,sub-077,5,2.0,3.5,1,-5.0700593,30.70926
21673,ds005280,sub-077,6,2.0,3.5,1,-11.237161,6.7779837
21674,ds005280,sub-077,7,3.0,4.0,3,-40.693626,-3.0247777
21675,ds005280,sub-077,8,1.0,3.5,2,0.0076470394,-55.84807
21676,ds005280,sub-077,9,2.0,3.5,2,-12.430899,-16.415373
21677,ds005280,sub-077,10,4.0,4.0,2,12.26065,-20.806362
21678,ds005280,sub-077,11,1.0,3.5,1,-13.675376,53.98127
21679,ds005280,sub-077,12,2.0,3.5,2,-20.144638,-35.119595
21680,ds005280,sub-077,13,3.0,3.5,1,12.335602,32.268993
21681,ds005280,sub-077,14,7.0,4.0,1,12.090147,48.122566
21682,ds005280,sub-077,15,6.0,4.0,2,23.81742,-5.97648
21683,ds005280,sub-077,16,2.0,3.5,2,-11.245074,-16.046673
21684,ds005280,sub-077,17,6.0,3.5,0,36.3514,1.0822226
21685,ds005280,sub-077,18,5.0,3.5,1,8.600382,11.764387
21686,ds005280,sub-077,19,1.0,3.5,3,-60.3382,-25.81675
21687,ds005280,sub-077,20,7.0,4.0,0,48.915325,-8.821254
21688,ds005280,sub-077,21,7.0,3.5,2,4.483636,1.6831948
21689,ds005280,sub-077,22,8.0,4.0,1,19.36708,51.69551
21690,ds005280,sub-077,23,5.0,4.0,1,6.063092,5.3847413
21691,ds005280,sub-078,0,2.0,3.0,2,7.1639733,-17.788132
21692,ds005280,sub-078,1,3.0,3.5,0,67.53652,-2.6723847
21693,ds005280,sub-078,2,4.0,3.5,0,41.006676,-11.289159
21694,ds005280,sub-078,3,3.0,3.5,2,7.890413,-4.8729725
21695,ds005280,sub-078,4,4.0,3.5,0,67.88734,-2.9755437
21696,ds005280,sub-078,5,2.0,3.0,2,18.135544,-47.016994
21697,ds005280,sub-078,6,3.0,3.0,2,-10.4824705,-0.72343576
21698,ds005280,sub-078,7,2.0,3.0,2,8.341622,-17.203215
21699,ds005280,sub-078,8,3.0,3.0,2,6.8810205,-12.193038
21700,ds005280,sub-078,9,4.0,3.5,0,42.678482,-22.999302
21701,ds005280,sub-078,10,2.0,3.0,2,17.48468,-50.378677
21702,ds005280,sub-078,11,3.0,3.5,2,-24.745434,-36.78624
21703,ds005280,sub-078,12,2.0,3.0,2,18.408113,-30.277695
21704,ds005280,sub-078,13,1.0,3.5,2,9.054383,-18.439142
21705,ds005280,sub-078,14,2.0,3.0,2,14.067046,-27.627483
21706,ds005280,sub-078,15,2.0,3.0,0,41.07797,-27.55401
21707,ds005280,sub-078,16,3.0,3.5,2,8.114615,-42.89717
21708,ds005280,sub-078,17,3.0,3.5,3,-38.328346,17.846575
21709,ds005280,sub-078,18,1.0,3.0,2,-9.814485,-0.51297706
21710,ds005280,sub-078,19,3.0,3.5,0,48.807205,-35.784683
21711,ds005280,sub-078,20,1.0,3.5,2,38.65524,-51.620277
21712,ds005280,sub-078,21,2.0,3.0,2,7.5908647,-12.247181
21713,ds005280,sub-078,22,3.0,3.0,2,-1.350689,-13.567779
21714,ds005280,sub-078,23,1.0,3.0,0,47.46555,-36.723812
21715,ds005280,sub-078,24,2.0,3.0,2,-7.606902,-18.225319
21716,ds005280,sub-078,25,1.0,3.5,1,-11.140855,2.1290948
21717,ds005280,sub-078,26,3.0,3.0,2,20.958261,-53.42439
21718,ds005280,sub-078,27,2.0,3.5,2,-41.432293,-49.485184
21719,ds005280,sub-078,28,3.0,3.5,2,38.328976,-37.19808
21720,ds005280,sub-078,29,3.0,3.5,2,38.522324,-51.94571
21721,ds005280,sub-079,0,3.0,3.5,3,-46.117176,23.268305
21722,ds005280,sub-079,1,4.0,4.0,3,-77.69136,-16.071182
21723,ds005280,sub-079,2,4.0,4.0,2,-0.77943045,-23.081385
21724,ds005280,sub-079,3,6.0,4.0,3,-47.14157,-32.835857
21725,ds005280,sub-079,4,5.0,4.0,2,38.49714,-32.527607
21726,ds005280,sub-079,5,4.0,3.5,2,-7.288523,1.1496793
21727,ds005280,sub-079,6,5.0,3.5,3,-59.864246,-5.7408533
21728,ds005280,sub-079,7,7.0,3.5,0,35.132477,19.42895
21729,ds005280,sub-079,8,6.0,3.5,2,-10.8544855,-32.648846
21730,ds005280,sub-079,9,6.0,4.0,2,-5.4202185,-58.91503
21731,ds005280,sub-079,10,4.0,3.5,2,-6.8851957,-27.350838
21732,ds005280,sub-079,11,5.0,4.0,1,-11.765734,4.3625264
21733,ds005280,sub-079,12,3.0,3.5,1,-25.26107,20.354221
21734,ds005280,sub-079,13,2.0,4.0,1,-13.71005,3.72667
21735,ds005280,sub-079,14,4.0,3.5,1,-30.79878,27.277822
21736,ds005280,sub-079,15,3.0,3.5,1,-12.028197,46.809223
21737,ds005280,sub-079,16,5.0,4.0,3,-34.558395,-13.862568
21738,ds005280,sub-079,17,1.0,4.0,2,9.626928,-32.956642
21739,ds005280,sub-079,18,1.0,3.5,3,-61.912994,-14.170119
21740,ds005280,sub-079,19,7.0,4.0,2,0.7169865,-40.406
21741,ds005280,sub-079,20,4.0,4.0,3,-38.749756,-26.7308
21742,ds005280,sub-079,21,3.0,3.5,2,-8.728316,-32.77386
21743,ds005280,sub-079,22,4.0,3.5,3,-53.249424,-28.837591
21744,ds005280,sub-079,23,3.0,3.5,3,-58.82342,-45.560783
21745,ds005280,sub-079,24,4.0,3.5,1,-16.308027,44.857475
21746,ds005280,sub-079,25,4.0,4.0,3,-77.539314,11.771134
21747,ds005280,sub-079,26,5.0,3.5,3,-55.6813,5.150048
21748,ds005280,sub-079,27,5.0,4.0,3,-59.38174,28.47866
21749,ds005280,sub-079,28,2.0,4.0,3,-77.58045,7.6817083
21750,ds005280,sub-079,29,3.0,4.0,2,-11.149134,-24.882128
21751,ds005280,sub-080,0,5.0,3.5,0,30.169027,18.807018
21752,ds005280,sub-080,1,4.0,3.5,1,23.19931,14.678257
21753,ds005280,sub-080,2,4.0,3.5,2,10.422386,-4.337891
21754,ds005280,sub-080,3,5.0,3.5,2,26.47449,-24.501997
21755,ds005280,sub-080,4,6.0,4.0,0,45.722263,18.557043
21756,ds005280,sub-080,5,6.0,4.0,0,37.982834,-0.07741319
21757,ds005280,sub-080,6,5.0,3.5,1,6.866375,29.47863
21758,ds005280,sub-080,7,5.0,3.5,0,39.49236,37.36393
21759,ds005280,sub-080,8,4.0,3.5,2,5.0751314,-13.376464
21760,ds005280,sub-080,9,6.0,4.0,1,25.257784,42.567757
21761,ds005280,sub-080,10,6.0,4.0,0,41.344913,-6.686014
21762,ds005280,sub-080,11,4.0,3.5,2,14.430598,-47.25485
21763,ds005280,sub-080,12,4.0,3.5,2,0.8863775,-6.873345
21764,ds005280,sub-080,13,4.0,3.5,1,20.196938,13.75729
21765,ds005280,sub-080,14,4.0,3.5,0,36.087914,9.158308
21766,ds005280,sub-080,15,6.0,4.0,0,50.941254,-6.7464805
21767,ds005280,sub-080,16,4.0,3.5,2,13.891808,-51.606735
21768,ds005280,sub-080,17,6.0,4.0,1,-2.4413931,52.898705
21769,ds005280,sub-080,18,6.0,4.0,1,16.116314,8.316178
21770,ds005280,sub-080,19,6.0,4.0,1,29.716663,25.36915
21771,ds005280,sub-081,0,3.0,3.0,0,56.485176,22.889494
21772,ds005280,sub-081,1,4.0,3.5,0,72.53621,10.78725
21773,ds005280,sub-081,2,5.0,3.5,0,71.69696,17.28637
21774,ds005280,sub-081,3,6.0,3.5,0,70.73295,27.5184
21775,ds005280,sub-081,4,3.0,3.0,1,-3.9488022,9.948353
21776,ds005280,sub-081,5,4.0,3.0,0,39.96445,20.649572
21777,ds005280,sub-081,6,3.0,3.0,3,-63.019882,-12.709982
21778,ds005280,sub-081,7,2.0,3.0,3,-39.602947,28.377178
21779,ds005280,sub-081,8,5.0,3.5,2,19.765524,-3.9306405
21780,ds005280,sub-081,9,2.0,3.0,1,-11.281933,13.127488
21781,ds005280,sub-081,10,3.0,3.5,1,34.5067,48.160027
21782,ds005280,sub-081,11,4.0,3.0,1,-5.9611335,22.272171
21783,ds005280,sub-081,12,5.0,3.5,0,76.65251,-1.919125
21784,ds005280,sub-081,13,2.0,3.0,2,9.6660385,-24.272476
21785,ds005280,sub-081,14,3.0,3.0,3,-51.591805,-5.2087965
21786,ds005280,sub-081,15,5.0,3.5,0,40.160847,32.557777
21787,ds005280,sub-081,16,6.0,3.5,0,72.83958,11.930526
21788,ds005280,sub-081,17,2.0,3.0,1,-7.300825,19.229307
21789,ds005280,sub-081,18,4.0,3.5,1,0.04693055,45.880974
21790,ds005280,sub-081,19,5.0,3.5,0,67.95954,26.734869
21791,ds005280,sub-081,20,2.0,3.0,3,-59.416767,30.461548
21792,ds005280,sub-081,21,3.0,3.0,2,-4.374646,-55.5651
21793,ds005280,sub-081,22,4.0,3.0,1,5.6329384,23.439049
21794,ds005280,sub-081,23,2.0,3.0,1,0.6256508,23.543188
21795,ds005280,sub-081,24,5.0,3.5,0,29.583082,-5.998607
21796,ds005280,sub-081,25,4.0,3.0,1,32.463608,45.531487
21797,ds005280,sub-081,26,5.0,3.5,1,33.397755,48.796894
21798,ds005280,sub-081,27,5.0,3.5,0,62.28863,27.41899
21799,ds005280,sub-081,28,5.0,3.5,0,52.482185,-8.820117
21800,ds005280,sub-082,0,4.0,3.5,2,-14.152332,-46.53065
21801,ds005280,sub-082,1,5.0,4.0,2,6.9421916,-45.667072
21802,ds005280,sub-082,2,5.0,4.0,0,45.291843,41.923733
21803,ds005280,sub-082,3,5.0,4.0,0,36.75479,-10.03898
21804,ds005280,sub-082,4,4.0,4.0,2,33.520836,-45.979534
21805,ds005280,sub-082,5,4.0,3.5,3,-31.901161,-19.344204
21806,ds005280,sub-082,6,3.0,3.5,2,-23.69697,-40.714123
21807,ds005280,sub-082,7,4.0,3.5,1,-13.685317,43.737858
21808,ds005280,sub-082,8,4.0,3.5,2,-14.145804,-26.712315
21809,ds005280,sub-082,9,5.0,4.0,0,39.78064,-7.230101
21810,ds005280,sub-082,10,4.0,3.5,1,28.250933,21.533705
21811,ds005280,sub-082,11,4.0,4.0,2,1.2353072,-32.449245
21812,ds005280,sub-082,12,4.0,3.5,2,-2.3838391,-52.316383
21813,ds005280,sub-082,13,5.0,4.0,0,53.83692,33.76723
21814,ds005280,sub-082,14,4.0,3.5,2,-1.1202939,-21.912418
21815,ds005280,sub-082,15,4.0,3.5,2,-16.017557,-39.77438
21816,ds005280,sub-082,16,5.0,4.0,2,-16.432713,-34.91467
21817,ds005280,sub-082,17,4.0,4.0,2,-18.054722,-29.931053
21818,ds005280,sub-082,18,5.0,3.5,3,-54.55321,14.374333
21819,ds005280,sub-082,19,5.0,4.0,2,4.2034664,-36.95537
21820,ds005280,sub-082,20,4.0,4.0,2,-7.3278365,-48.474014
21821,ds005280,sub-082,21,4.0,3.5,2,-13.439236,-30.527527
21822,ds005280,sub-082,22,4.0,3.5,3,-44.682457,-19.04254
21823,ds005280,sub-082,23,4.0,3.5,3,-56.81863,-46.36128
21824,ds005280,sub-082,24,3.0,3.5,2,-26.601727,-38.873055
21825,ds005280,sub-082,25,4.0,4.0,2,-9.409705,-44.785133
21826,ds005280,sub-082,26,5.0,3.5,0,49.053406,-4.884458
21827,ds005280,sub-082,27,4.0,4.0,2,-12.0610695,-58.9691
21828,ds005280,sub-082,28,4.0,4.0,2,13.820601,-20.904232
21829,ds005280,sub-082,29,4.0,4.0,2,-13.816922,-4.21763
21830,ds005280,sub-083,0,3.0,3.0,1,39.155792,49.343697
21831,ds005280,sub-083,1,5.0,3.5,0,49.689556,-12.5789
21832,ds005280,sub-083,2,6.0,3.5,0,67.13315,30.154139
21833,ds005280,sub-083,3,5.0,3.5,1,14.905677,53.99685
21834,ds005280,sub-083,4,6.0,3.5,0,52.342384,-8.8317
21835,ds005280,sub-083,5,3.0,3.0,0,70.94437,1.69455
21836,ds005280,sub-083,6,4.0,3.0,0,63.72118,31.926086
21837,ds005280,sub-083,7,2.0,3.0,1,-6.223422,54.127357
21838,ds005280,sub-083,8,1.0,3.0,2,29.743643,-55.21811
21839,ds005280,sub-083,9,5.0,3.5,0,47.273888,-13.49847
21840,ds005280,sub-083,10,3.0,3.0,0,38.66732,26.302034
21841,ds005280,sub-083,11,5.0,3.5,0,66.645386,17.31739
21842,ds005280,sub-083,12,3.0,3.0,1,21.359055,52.642574
21843,ds005280,sub-083,13,4.0,3.5,1,15.010253,54.537983
21844,ds005280,sub-083,14,2.0,3.0,1,-3.6295643,33.821865
21845,ds005280,sub-083,15,3.0,3.0,1,39.09523,57.91072
21846,ds005280,sub-083,16,5.0,3.5,0,59.25536,27.586184
21847,ds005280,sub-083,17,3.0,3.5,1,-5.38135,50.882504
21848,ds005280,sub-083,18,3.0,3.0,1,13.393788,11.32604
21849,ds005280,sub-083,19,4.0,3.5,0,45.97713,-11.636712
21850,ds005280,sub-083,20,4.0,3.5,1,1.8112942,34.42533
21851,ds005280,sub-083,21,2.0,3.0,1,-5.2923713,52.128483
21852,ds005280,sub-083,22,3.0,3.0,1,11.600536,39.04944
21853,ds005280,sub-083,23,3.0,3.0,1,19.720894,55.711597
21854,ds005280,sub-084,0,7.0,3.5,2,31.00821,-44.83316
21855,ds005280,sub-084,1,9.0,4.0,0,77.47411,10.639681
21856,ds005280,sub-084,2,8.0,4.0,0,81.98258,3.5424604
21857,ds005280,sub-084,3,8.0,4.0,0,81.46538,6.6989202
21858,ds005280,sub-084,4,8.0,3.5,0,75.14404,10.436428
21859,ds005280,sub-084,5,4.0,3.5,2,6.4742136,-52.671238
21860,ds005280,sub-084,6,7.0,3.5,0,57.08053,-27.137793
21861,ds005280,sub-084,7,4.0,3.5,0,68.19388,-7.1658688
21862,ds005280,sub-084,8,7.0,4.0,0,71.38279,-9.427271
21863,ds005280,sub-084,9,6.0,3.5,2,25.588755,-44.629154
21864,ds005280,sub-084,10,7.0,4.0,0,42.22239,-24.429611
21865,ds005280,sub-084,11,4.0,3.5,2,3.8979833,-45.50346
21866,ds005280,sub-084,12,7.0,4.0,0,68.47299,-8.796799
21867,ds005280,sub-084,13,5.0,3.5,0,65.97441,-7.7772746
21868,ds005280,sub-084,14,6.0,3.5,2,23.99822,-51.82885
21869,ds005280,sub-084,15,8.0,4.0,0,81.49458,6.7036057
21870,ds005280,sub-084,16,5.0,4.0,0,67.17925,-9.883809
21871,ds005280,sub-084,17,6.0,3.5,1,-4.2374725,39.52062
21872,ds005280,sub-084,18,9.0,4.0,0,85.27404,7.064598
21873,ds005280,sub-084,19,6.0,4.0,0,54.401463,-28.824806
21874,ds005280,sub-084,20,5.0,3.5,2,-16.645954,-45.830143
21875,ds005280,sub-084,21,7.0,3.5,0,68.609505,-8.217276
21876,ds005280,sub-084,22,4.0,3.5,3,-46.836647,-32.853794
21877,ds005280,sub-084,23,5.0,3.5,3,-36.23975,-17.716692
21878,ds005280,sub-084,24,6.0,4.0,2,28.797848,-45.55522
21879,ds005280,sub-084,25,4.0,3.5,2,29.155996,-42.81098
21880,ds005280,sub-084,26,8.0,4.0,2,44.95554,-44.30606
21881,ds005280,sub-084,27,5.0,4.0,2,-19.509098,-37.845627
21882,ds005280,sub-084,28,7.0,4.0,0,66.005455,-5.987596
21883,ds005280,sub-085,0,4.0,3.5,3,-55.99868,46.504402
21884,ds005280,sub-085,1,4.0,4.0,3,-76.289444,12.882635
21885,ds005280,sub-085,2,4.0,4.0,1,0.5648117,5.609031
21886,ds005280,sub-085,3,4.0,4.0,1,19.634321,32.02694
21887,ds005280,sub-085,4,4.0,4.0,3,-70.71338,15.026789
21888,ds005280,sub-085,5,1.0,3.5,3,-79.256096,16.78945
21889,ds005280,sub-085,6,3.0,3.5,3,-77.001976,13.130914
21890,ds005280,sub-085,7,0.0,3.5,3,-59.954865,19.293562
21891,ds005280,sub-085,8,3.0,3.5,3,-70.239235,11.857929
21892,ds005280,sub-085,9,4.0,4.0,3,-56.359547,23.378458
21893,ds005280,sub-085,10,1.0,3.5,3,-54.87596,25.621988
21894,ds005280,sub-085,11,1.0,4.0,3,-59.085476,25.456942
21895,ds005280,sub-085,12,3.0,3.5,3,-82.91279,11.744897
21896,ds005280,sub-085,13,2.0,4.0,3,-77.16081,-3.2619765
21897,ds005280,sub-085,14,2.0,3.5,3,-62.46971,-44.131603
21898,ds005280,sub-085,15,1.0,3.5,1,-19.155863,12.070217
21899,ds005280,sub-085,16,1.0,4.0,3,-68.514145,14.137804
21900,ds005280,sub-085,17,4.0,4.0,3,-74.923225,17.29386
21901,ds005280,sub-085,18,1.0,3.5,3,-44.723877,11.711102
21902,ds005280,sub-085,19,1.0,4.0,3,-75.65738,15.278101
21903,ds005280,sub-085,20,5.0,4.0,3,-73.43855,2.638692
21904,ds005280,sub-085,21,1.0,3.5,3,-79.68993,6.1242023
21905,ds005280,sub-085,22,1.0,3.5,3,-37.575703,-30.00126
21906,ds005280,sub-085,23,1.0,3.5,3,-69.739975,15.366564
21907,ds005280,sub-085,24,3.0,3.5,3,-72.27126,12.057289
21908,ds005280,sub-085,25,3.0,4.0,3,-58.26398,23.646149
21909,ds005280,sub-085,26,0.0,3.5,3,-74.663536,22.169975
21910,ds005280,sub-085,27,2.0,4.0,3,-70.62454,-14.918203
21911,ds005280,sub-085,28,2.0,4.0,3,-61.271385,22.415773
21912,ds005280,sub-085,29,1.0,4.0,3,-58.13474,-0.27125216
21913,ds005280,sub-086,0,9.0,4.0,0,36.13624,-1.5983804
21914,ds005280,sub-086,1,7.0,3.5,2,33.707047,-49.749966
21915,ds005280,sub-086,2,9.0,3.5,0,37.746773,13.237899
21916,ds005280,sub-086,3,8.0,3.5,1,27.962122,24.17831
21917,ds005280,sub-086,4,9.0,4.0,0,46.412716,7.9647946
21918,ds005280,sub-086,5,7.0,3.5,2,-14.737108,-41.849648
21919,ds005280,sub-086,6,10.0,4.0,0,70.148,13.27861
21920,ds005280,sub-086,7,6.0,3.5,0,47.793495,44.088654
21921,ds005280,sub-086,8,6.0,3.5,0,42.007492,41.10697
21922,ds005280,sub-086,9,9.0,4.0,0,72.59622,17.372063
21923,ds005280,sub-086,10,9.0,4.0,0,46.763103,8.265021
21924,ds005280,sub-086,11,6.0,3.5,2,-18.872677,-48.289974
21925,ds005280,sub-086,12,8.0,4.0,1,12.595851,28.613947
21926,ds005280,sub-086,13,8.0,4.0,0,40.98323,-0.05211504
21927,ds005280,sub-086,14,7.0,3.5,0,55.824684,9.11713
21928,ds005280,sub-086,15,7.0,3.5,2,-17.527998,-30.004297
21929,ds005280,sub-086,16,6.0,3.5,0,33.05864,-1.7054197
21930,ds005280,sub-086,17,6.0,3.5,2,3.117603,1.1529632
21931,ds005280,sub-086,18,7.0,3.5,0,38.595486,6.868753
21932,ds005280,sub-086,19,9.0,4.0,0,62.42449,4.0744004
21933,ds005280,sub-086,20,9.0,4.0,0,74.90519,-6.855581
21934,ds005280,sub-087,0,5.0,3.0,2,28.290806,-13.743627
21935,ds005280,sub-087,1,6.0,3.5,2,15.290978,-0.018056497
21936,ds005280,sub-087,2,7.0,3.5,0,38.570904,2.9087114
21937,ds005280,sub-087,3,7.0,3.5,0,61.260376,0.4883355
21938,ds005280,sub-087,4,7.0,3.5,0,34.321518,0.66223484
21939,ds005280,sub-087,5,6.0,3.0,0,57.436188,-32.84704
21940,ds005280,sub-087,6,7.0,3.0,2,32.37251,-34.134636
21941,ds005280,sub-087,7,4.0,3.0,0,29.28332,-1.5330664
21942,ds005280,sub-087,8,6.0,3.0,2,11.484781,-9.445023
21943,ds005280,sub-087,9,8.0,3.5,0,52.506283,13.498298
21944,ds005280,sub-087,10,4.0,3.0,0,23.627363,3.1051488
21945,ds005280,sub-087,11,7.0,3.5,0,50.009773,12.729567
21946,ds005280,sub-087,12,4.0,3.0,3,-42.05134,-8.290457
21947,ds005280,sub-087,13,5.0,3.5,1,10.857051,8.478266
21948,ds005280,sub-087,14,7.0,3.0,3,-23.057463,8.522691
21949,ds005280,sub-087,15,6.0,3.0,1,2.9028418,5.852496
21950,ds005280,sub-087,16,8.0,3.5,1,12.882886,49.30034
21951,ds005280,sub-087,17,7.0,3.5,2,23.951921,-6.0279713
21952,ds005280,sub-087,18,7.0,3.0,2,8.292998,-45.983395
21953,ds005280,sub-087,19,5.0,3.5,3,-29.094748,10.669202
21954,ds005280,sub-087,20,5.0,3.5,2,35.018402,-23.51969
21955,ds005280,sub-087,21,4.0,3.0,2,-29.34417,-27.313185
21956,ds005280,sub-087,22,4.0,3.0,3,-44.581062,-33.38995
21957,ds005280,sub-087,23,6.0,3.0,2,-2.232997,-51.559845
21958,ds005280,sub-087,24,5.0,3.5,3,-23.231054,-4.435406
21959,ds005280,sub-087,25,5.0,3.0,2,-16.605307,-43.282127
21960,ds005280,sub-087,26,6.0,3.5,0,57.421326,-31.60548
21961,ds005280,sub-087,27,6.0,3.5,3,-17.65317,0.41612703
21962,ds005280,sub-087,28,6.0,3.5,0,35.50274,15.291
21963,ds005280,sub-088,0,3.0,3.0,2,17.397114,-3.1594994
21964,ds005280,sub-088,1,4.0,3.5,2,14.052135,0.27129996
21965,ds005280,sub-088,2,5.0,3.5,0,51.089455,-7.9514766
21966,ds005280,sub-088,3,6.0,3.5,0,51.3422,-9.041985
21967,ds005280,sub-088,4,5.0,3.5,0,45.772816,-10.25155
21968,ds005280,sub-088,5,4.0,3.0,0,53.89411,-25.603308
21969,ds005280,sub-088,6,5.0,3.0,0,36.558346,28.394499
21970,ds005280,sub-088,7,6.0,3.0,0,47.149952,-12.235664
21971,ds005280,sub-088,8,5.0,3.0,0,58.857304,-4.7556195
21972,ds005280,sub-088,9,5.0,3.5,1,13.526534,46.65981
21973,ds005280,sub-088,10,3.0,3.0,0,32.054348,2.4592485
21974,ds005280,sub-088,11,4.0,3.5,1,26.019981,30.403713
21975,ds005280,sub-088,12,2.0,3.0,3,-41.182804,16.146955
21976,ds005280,sub-088,13,4.0,3.0,0,51.82084,-29.432158
21977,ds005280,sub-088,14,3.0,3.0,0,67.3472,-20.700571
21978,ds005280,sub-088,15,6.0,3.5,1,21.688345,28.542969
21979,ds005280,sub-088,16,2.0,3.0,2,38.43165,-27.86752
21980,ds005280,sub-088,17,4.0,3.5,0,33.333275,-6.2544518
21981,ds005280,sub-088,18,6.0,3.5,0,52.660748,-20.02818
21982,ds005280,sub-088,19,5.0,3.0,0,48.566536,-9.396236
21983,ds005280,sub-088,20,4.0,3.0,0,62.003395,-24.623013
21984,ds005280,sub-088,21,4.0,3.5,0,50.368702,-13.64633
21985,ds005280,sub-088,22,5.0,3.0,1,6.832625,51.86552
21986,ds005280,sub-088,23,4.0,3.5,0,19.876226,3.366175
21987,ds005280,sub-088,24,3.0,3.5,0,55.910694,19.058674
21988,ds005280,sub-088,25,3.0,3.5,2,21.74139,-9.051809
21989,ds005280,sub-089,0,6.0,3.5,1,-8.543631,9.740417
21990,ds005280,sub-089,1,8.0,4.0,0,59.316875,-3.940686
21991,ds005280,sub-089,2,7.0,4.0,1,8.502182,30.517134
21992,ds005280,sub-089,3,7.0,4.0,2,28.895899,-21.413465
21993,ds005280,sub-089,4,8.0,4.0,3,-37.790108,-22.264471
21994,ds005280,sub-089,5,6.0,3.5,2,-0.87067914,-17.119635
21995,ds005280,sub-089,6,4.0,3.5,3,-71.27568,-11.744275
21996,ds005280,sub-089,7,6.0,3.5,2,-31.702143,-54.629982
21997,ds005280,sub-089,8,3.0,3.5,3,-17.775171,1.5086956
21998,ds005280,sub-089,9,8.0,4.0,2,11.982801,-32.918022
21999,ds005280,sub-089,10,4.0,3.5,3,-47.96299,-40.599
22000,ds005280,sub-089,11,6.0,4.0,3,-42.529747,18.352957
22001,ds005280,sub-089,12,5.0,3.5,3,-38.95324,-38.742317
22002,ds005280,sub-089,13,8.0,4.0,2,-17.282677,-41.5445
22003,ds005280,sub-089,14,6.0,3.5,3,-69.25794,-32.361477
22004,ds005280,sub-089,15,5.0,3.5,1,-2.216789,16.965395
22005,ds005280,sub-089,16,8.0,4.0,1,-13.086147,23.329185
22006,ds005280,sub-089,17,7.0,4.0,1,8.487472,44.71046
22007,ds005280,sub-089,18,6.0,3.5,2,-21.404842,-38.624416
22008,ds005280,sub-089,19,9.0,4.0,0,55.10376,20.880821
22009,ds005280,sub-089,20,7.0,4.0,0,54.545246,-9.653791
22010,ds005280,sub-089,21,6.0,3.5,2,4.379865,-6.8124585
22011,ds005280,sub-089,22,6.0,3.5,2,-21.352531,-33.99106
22012,ds005280,sub-089,23,5.0,3.5,3,-45.343174,13.7764
22013,ds005280,sub-089,24,5.0,3.5,2,-5.054402,-51.16217
22014,ds005280,sub-089,25,7.0,4.0,2,-1.9330599,-51.31039
22015,ds005280,sub-089,26,4.0,3.5,1,0.7067543,25.747175
22016,ds005280,sub-089,27,7.0,4.0,2,7.464687,-9.339298
22017,ds005280,sub-089,28,8.0,4.0,2,-12.344082,-25.738777
22018,ds005280,sub-089,29,7.0,4.0,2,-5.7621274,-50.88489
22019,ds005280,sub-090,0,4.0,3.5,3,-62.61822,-10.982703
22020,ds005280,sub-090,1,6.0,4.0,0,54.526577,-8.929163
22021,ds005280,sub-090,2,7.0,4.0,0,72.81363,33.66465
22022,ds005280,sub-090,3,7.0,4.0,1,20.782642,26.61746
22023,ds005280,sub-090,4,3.0,4.0,2,16.099943,-5.9564247
22024,ds005280,sub-090,5,3.0,3.5,0,48.172207,32.716938
22025,ds005280,sub-090,6,5.0,3.5,2,0.6699436,-45.147106
22026,ds005280,sub-090,7,7.0,3.5,0,40.693394,18.671022
22027,ds005280,sub-090,8,6.0,3.5,1,-12.035009,56.41943
22028,ds005280,sub-090,9,5.0,4.0,1,-7.1599193,23.853922
22029,ds005280,sub-090,10,3.0,3.5,2,2.7813456,-44.82476
22030,ds005280,sub-090,11,6.0,4.0,1,-5.7215986,22.674103
22031,ds005280,sub-090,12,5.0,3.5,1,-6.4052863,60.714417
22032,ds005280,sub-090,13,5.0,4.0,3,-36.36553,-7.8371215
22033,ds005280,sub-090,14,3.0,3.5,1,-22.214233,34.03209
22034,ds005280,sub-090,15,6.0,3.5,2,1.1150969,-5.1520844
22035,ds005280,sub-090,16,5.0,4.0,1,30.282648,37.407658
22036,ds005280,sub-090,17,6.0,4.0,3,-65.40612,-24.536491
22037,ds005280,sub-090,18,6.0,3.5,1,19.050127,23.505938
22038,ds005280,sub-090,19,8.0,4.0,1,33.337414,44.375072
22039,ds005280,sub-090,20,4.0,4.0,1,-9.334022,64.08905
22040,ds005280,sub-090,21,4.0,3.5,1,-0.04460579,45.69319
22041,ds005280,sub-090,22,3.0,3.5,3,-51.70244,0.07567274
22042,ds005280,sub-090,23,4.0,3.5,1,-32.362423,44.51811
22043,ds005280,sub-090,24,5.0,3.5,3,-72.808975,-24.491419
22044,ds005280,sub-090,25,6.0,4.0,1,5.6307406,51.757267
22045,ds005280,sub-090,26,5.0,3.5,1,34.492542,48.144543
22046,ds005280,sub-090,27,6.0,4.0,1,-22.916452,29.527607
22047,ds005280,sub-090,28,6.0,4.0,1,16.70089,29.73988
22048,ds005280,sub-090,29,4.0,4.0,0,40.67087,40.561584
22049,ds005280,sub-091,0,4.0,3.5,3,-33.7505,-32.12399
22050,ds005280,sub-091,1,8.0,4.0,0,76.62496,-7.1338277
22051,ds005280,sub-091,2,5.0,3.5,2,12.504579,-45.469105
22052,ds005280,sub-091,3,7.0,3.5,2,18.557463,-52.247913
22053,ds005280,sub-091,4,4.0,3.5,0,61.149433,-12.190725
22054,ds005280,sub-091,5,5.0,3.5,3,-32.798027,15.93725
22055,ds005280,sub-091,6,8.0,4.0,2,48.242836,-41.87319
22056,ds005280,sub-091,7,4.0,3.5,0,65.472565,-6.428836
22057,ds005280,sub-091,8,7.0,4.0,0,70.78382,-12.574239
22058,ds005280,sub-091,9,5.0,3.5,3,-33.283394,-27.08645
22059,ds005280,sub-091,10,4.0,4.0,2,9.208466,-11.79632
22060,ds005280,sub-091,11,3.0,3.5,0,58.67448,-36.15128
22061,ds005280,sub-091,12,3.0,3.5,0,54.82787,-35.01361
22062,ds005280,sub-091,13,2.0,4.0,2,38.326454,-48.510284
22063,ds005280,sub-091,14,4.0,4.0,3,-41.515633,-6.994982
22064,ds005280,sub-091,15,5.0,3.5,3,-40.115692,-9.3315735
22065,ds005280,sub-091,16,9.0,4.0,0,56.283794,-20.138008
22066,ds005280,sub-091,17,5.0,4.0,0,70.31727,-14.122109
22067,ds005280,sub-091,18,4.0,3.5,2,10.72482,-6.576929
22068,ds005280,sub-091,19,5.0,3.5,2,0.47324896,-19.240652
22069,ds005280,sub-091,20,6.0,3.5,2,-13.5693445,-9.139571
22070,ds005280,sub-091,21,6.0,3.5,2,20.450457,-34.571728
22071,ds005280,sub-091,22,5.0,4.0,2,-18.770681,-58.208443
22072,ds005280,sub-091,23,4.0,3.5,2,4.075479,-23.81958
22073,ds005280,sub-091,24,6.0,4.0,0,65.55723,-12.865594
22074,ds005280,sub-091,25,5.0,4.0,3,-25.112415,10.582579
22075,ds005280,sub-091,26,3.0,4.0,2,35.632847,-46.026608
22076,ds005280,sub-092,0,4.0,3.5,1,-11.400819,12.970213
22077,ds005280,sub-092,1,6.0,4.0,2,15.856465,-8.241142
22078,ds005280,sub-092,2,7.0,4.0,1,-19.155287,16.04868
22079,ds005280,sub-092,3,6.0,4.0,0,36.329594,29.941645
22080,ds005280,sub-092,4,7.0,4.0,0,39.195637,19.262835
22081,ds005280,sub-092,5,5.0,3.5,1,-11.327786,13.355409
22082,ds005280,sub-092,6,4.0,3.5,1,-13.227517,34.693554
22083,ds005280,sub-092,7,4.0,3.5,1,1.9022149,23.338049
22084,ds005280,sub-092,8,4.0,3.5,3,-42.463394,22.81483
22085,ds005280,sub-092,9,6.0,4.0,0,42.58861,-23.795898
22086,ds005280,sub-092,10,3.0,3.5,1,1.8053583,36.764114
22087,ds005280,sub-092,11,4.0,4.0,3,-45.424454,-8.66874
22088,ds005280,sub-092,12,4.0,3.5,2,-13.7072735,-38.646282
22089,ds005280,sub-092,13,5.0,4.0,1,16.605944,6.944267
22090,ds005280,sub-092,14,2.0,3.5,3,-68.203926,17.505537
22091,ds005280,sub-092,15,4.0,3.5,1,35.612164,55.506203
22092,ds005280,sub-092,16,7.0,4.0,2,23.949015,-10.297413
22093,ds005280,sub-092,17,7.0,4.0,1,39.68951,48.453365
22094,ds005280,sub-092,18,3.0,3.5,3,-54.127934,14.119165
22095,ds005280,sub-092,19,10.0,4.0,1,33.276417,49.866676
22096,ds005280,sub-092,20,4.0,4.0,1,-21.63716,28.69972
22097,ds005280,sub-092,21,5.0,3.5,1,2.9893556,15.610071
22098,ds005280,sub-092,22,2.0,3.5,3,-29.714384,20.951614
22099,ds005280,sub-092,23,2.0,3.5,3,-45.00717,-21.063395
22100,ds005280,sub-092,24,3.0,3.5,2,-17.982374,-55.36822
22101,ds005280,sub-092,25,4.0,4.0,1,-11.008015,22.70677
22102,ds005280,sub-092,26,2.0,3.5,1,-20.761866,28.147745
22103,ds005280,sub-092,27,8.0,4.0,1,24.648537,30.998194
22104,ds005280,sub-092,28,4.0,4.0,1,17.259726,17.943306
22105,ds005280,sub-092,29,3.0,4.0,3,-52.991646,-49.061203
22106,ds005280,sub-093,0,6.0,3.5,3,-50.193356,16.975388
22107,ds005280,sub-093,1,9.0,4.0,2,5.4507613,-57.593872
22108,ds005280,sub-093,2,7.0,4.0,2,-35.434273,-49.553886
22109,ds005280,sub-093,3,9.0,4.0,2,18.086731,-10.535538
22110,ds005280,sub-093,4,6.0,4.0,3,-26.556597,-5.253261
22111,ds005280,sub-093,5,9.0,3.5,2,14.636992,-35.43019
22112,ds005280,sub-093,6,6.0,3.5,3,-47.28215,17.727934
22113,ds005280,sub-093,7,7.0,3.5,2,-20.830976,-45.417088
22114,ds005280,sub-093,8,1.0,3.5,3,-48.849056,-39.07701
22115,ds005280,sub-093,9,9.0,4.0,2,30.034359,-29.868004
22116,ds005280,sub-093,10,1.0,3.5,3,-42.314682,-9.07391
22117,ds005280,sub-093,11,6.0,4.0,2,-13.286568,-10.115964
22118,ds005280,sub-093,12,3.0,3.5,3,-29.871944,9.637507
22119,ds005280,sub-093,13,9.0,4.0,2,41.96472,-34.71087
22120,ds005280,sub-093,14,5.0,3.5,3,-71.258934,11.510654
22121,ds005280,sub-093,15,2.0,3.5,3,-37.374092,-23.90251
22122,ds005280,sub-093,16,8.0,4.0,2,42.5417,-33.90534
22123,ds005280,sub-093,17,8.0,4.0,1,-5.1465397,44.06324
22124,ds005280,sub-093,18,3.0,3.5,3,-68.4603,4.05077
22125,ds005280,sub-093,19,8.0,4.0,0,27.842447,-8.624105
22126,ds005280,sub-093,20,9.0,4.0,0,54.82157,-16.634
22127,ds005280,sub-093,21,4.0,3.5,2,-25.870697,-44.810917
22128,ds005280,sub-093,22,5.0,3.5,3,-54.208107,-14.769931
22129,ds005280,sub-093,23,4.0,3.5,3,-39.850956,-16.24246
22130,ds005280,sub-093,24,3.0,3.5,2,40.387787,-42.962116
22131,ds005280,sub-093,25,9.0,4.0,0,33.511246,16.799635
22132,ds005280,sub-093,26,8.0,3.5,3,-32.00359,-12.5975275
22133,ds005280,sub-093,27,7.0,4.0,2,31.073757,-51.69023
22134,ds005280,sub-093,28,8.0,4.0,0,44.132996,-29.381086
22135,ds005280,sub-093,29,9.0,4.0,2,36.92304,-25.786749
22136,ds005280,sub-094,0,4.0,3.5,2,18.367382,-10.612552
22137,ds005280,sub-094,1,5.0,4.0,2,18.724144,-12.662281
22138,ds005280,sub-094,2,7.0,4.0,2,11.440565,-9.217833
22139,ds005280,sub-094,3,4.0,4.0,2,20.029331,-10.81951
22140,ds005280,sub-094,4,4.0,4.0,0,49.103138,-18.99893
22141,ds005280,sub-094,5,3.0,3.5,3,-54.384293,5.03507
22142,ds005280,sub-094,6,1.0,3.5,2,-29.664297,-31.443193
22143,ds005280,sub-094,7,5.0,3.5,2,23.364138,-12.104838
22144,ds005280,sub-094,8,2.0,3.5,0,49.70051,47.1973
22145,ds005280,sub-094,9,8.0,4.0,2,14.697578,-11.410885
22146,ds005280,sub-094,10,4.0,3.5,2,9.420589,-13.525944
22147,ds005280,sub-094,11,5.0,4.0,1,-17.933983,17.40098
22148,ds005280,sub-094,12,4.0,3.5,2,12.965588,-9.7278385
22149,ds005280,sub-094,13,9.0,4.0,2,21.188818,-11.6214905
22150,ds005280,sub-094,14,3.0,3.5,2,35.56509,-26.274097
22151,ds005280,sub-094,15,2.0,3.5,3,-54.01677,29.080301
22152,ds005280,sub-094,16,7.0,4.0,3,-34.79205,-3.0391548
22153,ds005280,sub-094,17,5.0,4.0,0,55.281105,-32.508083
22154,ds005280,sub-094,18,1.0,3.5,2,1.2144084,-23.458225
22155,ds005280,sub-094,19,7.0,4.0,2,19.746035,-6.4776587
22156,ds005280,sub-094,20,5.0,4.0,2,-0.9561779,-26.324995
22157,ds005280,sub-094,21,2.0,3.5,2,40.35618,-36.790005
22158,ds005280,sub-094,22,1.0,3.5,2,28.267012,-23.436388
22159,ds005280,sub-094,23,4.0,3.5,3,-33.274433,9.0563135
22160,ds005280,sub-094,24,2.0,3.5,3,-44.032173,-28.01585
22161,ds005280,sub-094,25,6.0,4.0,2,18.661436,-18.463459
22162,ds005280,sub-094,26,1.0,3.5,2,13.856044,-2.5085034
22163,ds005280,sub-094,27,8.0,4.0,2,15.349661,0.12995145
22164,ds005280,sub-094,28,8.0,4.0,2,28.063505,-28.134226
22165,ds005280,sub-094,29,1.0,4.0,2,-7.4051037,-0.32657918
22166,ds005280,sub-095,0,5.0,3.0,0,63.825806,13.560446
22167,ds005280,sub-095,1,5.0,3.0,0,58.915367,8.10685
22168,ds005280,sub-095,2,7.0,3.0,0,55.792366,24.217506
22169,ds005280,sub-095,3,7.0,3.0,0,58.794872,25.250612
22170,ds005280,sub-095,4,6.0,3.0,0,71.72311,37.35819
22171,ds005280,sub-095,5,10.0,3.5,0,64.93259,25.52576
22172,ds005280,sub-095,6,7.0,3.0,0,60.72424,25.49617
22173,ds005280,sub-095,7,9.0,3.5,0,71.34002,32.352993
22174,ds005280,sub-095,8,5.0,3.0,1,38.411755,45.423153
22175,ds005280,sub-095,9,6.0,3.0,0,45.16395,14.729791
22176,ds005280,sub-095,10,7.0,3.5,0,58.52616,38.556576
22177,ds005280,sub-095,11,4.0,3.0,0,36.994858,36.924793
22178,ds005280,sub-095,12,6.0,3.0,0,38.294308,37.696224
22179,ds005280,sub-095,13,8.0,3.0,0,62.19172,24.342508
22180,ds005280,sub-095,14,5.0,3.0,0,52.993675,24.334925
22181,ds005280,sub-095,15,7.0,3.5,1,37.173225,47.932613
22182,ds005280,sub-095,16,10.0,3.0,0,72.00467,32.47872
22183,ds005280,sub-095,17,7.0,3.5,1,-2.6268835,63.76351
22184,ds005280,sub-095,18,9.0,3.5,0,62.968964,40.161724
22185,ds005280,sub-096,0,6.0,3.5,2,0.54915607,-59.73839
22186,ds005280,sub-096,1,8.0,4.0,0,66.6259,-15.990903
22187,ds005280,sub-096,2,9.0,4.0,1,7.844908,53.452957
22188,ds005280,sub-096,3,9.0,4.0,0,36.256145,8.833164
22189,ds005280,sub-096,4,10.0,4.0,1,11.154644,4.7592125
22190,ds005280,sub-096,5,5.0,3.5,3,-28.818157,18.65161
22191,ds005280,sub-096,6,7.0,3.5,1,18.901497,31.709063
22192,ds005280,sub-096,7,8.0,3.5,3,-71.97634,-1.4380721
22193,ds005280,sub-096,8,9.0,4.0,0,66.074745,-13.246985
22194,ds005280,sub-096,9,7.0,3.5,1,0.5365101,31.989506
22195,ds005280,sub-096,10,8.0,4.0,1,16.532028,25.918474
22196,ds005280,sub-096,11,7.0,3.5,2,-15.803734,-7.4765096
22197,ds005280,sub-096,12,9.0,4.0,2,20.370554,-6.452035
22198,ds005280,sub-096,13,7.0,3.5,3,-35.403397,-4.220633
22199,ds005280,sub-096,14,8.0,3.5,0,37.586742,-17.257063
22200,ds005280,sub-096,15,9.0,4.0,2,19.520006,-6.251175
22201,ds005280,sub-096,16,9.0,4.0,2,22.557594,-7.5999985
22202,ds005280,sub-096,17,6.0,3.5,3,-70.00527,-7.1433854
22203,ds005280,sub-096,18,10.0,4.0,1,2.760987,45.70586
22204,ds005280,sub-096,19,8.0,4.0,0,29.92262,-9.262505
22205,ds005280,sub-096,20,7.0,3.5,2,-11.191485,-46.229763
22206,ds005280,sub-096,21,8.0,3.5,3,-32.77717,6.2776937
22207,ds005280,sub-096,22,8.0,3.5,0,39.543846,-3.905828
22208,ds005280,sub-096,23,7.0,3.5,2,-28.976728,-38.937977
22209,ds005280,sub-096,24,6.0,4.0,2,21.621922,-3.4973655
22210,ds005280,sub-096,25,7.0,3.5,2,17.455492,-37.575607
22211,ds005280,sub-096,26,10.0,4.0,1,-42.717754,41.998444
22212,ds005280,sub-096,27,9.0,4.0,0,42.785583,-1.2591418
22213,ds005280,sub-096,28,9.0,4.0,0,35.145344,12.730607
22214,ds005280,sub-097,0,5.0,3.0,2,-7.9176803,-51.23252
22215,ds005280,sub-097,1,7.0,3.5,0,54.88421,-8.160428
22216,ds005280,sub-097,2,4.0,3.5,3,-36.424656,23.14571
22217,ds005280,sub-097,3,3.0,3.0,3,-48.804874,37.352833
22218,ds005280,sub-097,4,3.0,3.0,3,-26.726263,-5.7575636
22219,ds005280,sub-097,5,4.0,3.0,3,-58.106487,3.5675013
22220,ds005280,sub-097,6,3.0,3.0,2,-6.134907,-39.01956
22221,ds005280,sub-097,7,4.0,3.5,1,-22.784428,19.59026
22222,ds005280,sub-097,8,3.0,3.0,3,-68.46122,37.348396
22223,ds005280,sub-097,9,4.0,3.5,3,-25.642624,-7.7082853
22224,ds005280,sub-097,10,5.0,3.0,1,0.43148276,17.150822
22225,ds005280,sub-097,11,8.0,3.5,1,-29.00542,24.11497
22226,ds005280,sub-097,12,4.0,3.0,3,-49.99995,27.426102
22227,ds005280,sub-097,13,7.0,3.0,2,-13.569016,-61.389286
22228,ds005280,sub-097,14,8.0,3.5,2,23.158188,-16.8796
22229,ds005280,sub-097,15,9.0,3.5,0,30.20469,0.7879875
22230,ds005280,sub-097,16,3.0,3.0,3,-55.68986,-13.670445
22231,ds005280,sub-097,17,8.0,3.5,1,-4.8189907,12.901122
22232,ds005280,sub-097,18,6.0,3.5,2,-3.5649898,-14.897872
22233,ds005280,sub-097,19,4.0,3.0,2,-28.181879,-41.163967
22234,ds005280,sub-097,20,5.0,3.0,3,-34.87856,-7.6804395
22235,ds005280,sub-097,21,6.0,3.0,3,-51.666737,-36.37789
22236,ds005280,sub-097,22,4.0,3.0,3,-32.586662,-8.593065
22237,ds005280,sub-097,23,7.0,3.5,2,36.519917,-29.0776
22238,ds005280,sub-097,24,3.0,3.0,3,-38.531643,-14.634243
22239,ds005280,sub-097,25,8.0,3.5,2,0.6790343,-26.650263
22240,ds005280,sub-097,26,5.0,3.5,3,-23.08544,-4.3506284
22241,ds005280,sub-098,0,6.0,3.5,0,39.250557,39.4994
22242,ds005280,sub-098,1,5.0,3.5,0,65.66093,41.419804
22243,ds005280,sub-098,2,3.0,3.0,1,7.7528276,22.822647
22244,ds005280,sub-098,3,3.0,3.0,0,46.8654,12.532634
22245,ds005280,sub-098,4,3.0,3.0,1,10.648485,24.118666
22246,ds005280,sub-098,5,4.0,3.0,0,37.89861,37.799847
22247,ds005280,sub-098,6,4.0,3.5,0,58.681015,22.222082
22248,ds005280,sub-098,7,4.0,3.0,2,13.415858,-49.412483
22249,ds005280,sub-098,8,5.0,3.5,0,52.88293,5.91531
22250,ds005280,sub-098,9,3.0,3.0,1,5.5152926,57.896873
22251,ds005280,sub-098,10,5.0,3.5,1,27.346443,40.685017
22252,ds005280,sub-098,11,3.0,3.0,1,4.350852,33.88656
22253,ds005280,sub-098,12,4.0,3.0,1,-32.97144,50.853848
22254,ds005280,sub-098,13,5.0,3.5,0,78.79994,20.20117
22255,ds005280,sub-098,14,4.0,3.5,0,86.722244,6.5830107
22256,ds005280,sub-098,15,3.0,3.0,1,-4.2198615,57.482433
22257,ds005280,sub-098,16,4.0,3.5,0,70.80479,34.089806
22258,ds005280,sub-098,17,4.0,3.0,0,54.988483,43.502464
22259,ds005280,sub-098,18,3.0,3.0,0,35.10499,23.05953
22260,ds005280,sub-098,19,6.0,3.5,0,52.15784,33.827694
22261,ds005280,sub-098,20,6.0,3.5,0,66.19421,41.224247
22262,ds005280,sub-098,21,7.0,3.5,1,13.391453,55.499115
22263,ds005280,sub-099,0,6.0,3.5,2,-9.465613,-20.724684
22264,ds005280,sub-099,1,7.0,4.0,0,75.67278,-10.573881
22265,ds005280,sub-099,2,8.0,4.0,0,81.083305,-1.9759976
22266,ds005280,sub-099,3,6.0,4.0,1,25.953358,43.84604
22267,ds005280,sub-099,4,4.0,3.5,0,57.656116,-12.659938
22268,ds005280,sub-099,5,3.0,3.5,3,-25.892054,8.4510975
22269,ds005280,sub-099,6,5.0,3.5,3,-42.401474,-10.598524
22270,ds005280,sub-099,7,5.0,3.5,0,58.7122,10.455256
22271,ds005280,sub-099,8,7.0,4.0,0,41.54584,-0.65974784
22272,ds005280,sub-099,9,4.0,3.5,0,64.91322,-16.07756
22273,ds005280,sub-099,10,5.0,4.0,0,68.50291,-5.8462625
22274,ds005280,sub-099,11,4.0,3.5,0,48.020687,-0.7967663
22275,ds005280,sub-099,12,4.0,3.5,2,-0.82204205,-19.28393
22276,ds005280,sub-099,13,2.0,3.5,0,43.350994,-26.701855
22277,ds005280,sub-099,14,4.0,3.5,0,68.63326,-8.203598
22278,ds005280,sub-099,15,7.0,4.0,0,82.573166,-2.128471
22279,ds005280,sub-099,16,6.0,4.0,0,65.83036,-17.808382
22280,ds005280,sub-099,17,1.0,3.5,2,32.596855,-32.20819
22281,ds005280,sub-099,18,3.0,3.5,3,-30.402132,12.525226
22282,ds005280,sub-099,19,4.0,3.5,3,-76.79068,-15.983016
22283,ds005280,sub-099,20,5.0,3.5,3,-46.251003,-34.183434
22284,ds005280,sub-099,21,6.0,4.0,0,57.84451,-6.803064
22285,ds005280,sub-099,22,4.0,3.5,2,-19.121647,-47.197964
22286,ds005280,sub-099,23,7.0,4.0,0,46.38937,-31.439379
22287,ds005280,sub-099,24,6.0,4.0,0,65.463326,-2.3086638
22288,ds005280,sub-100,0,3.0,3.0,1,-3.841192,43.775143
22289,ds005280,sub-100,1,5.0,3.5,0,51.8155,33.021225
22290,ds005280,sub-100,2,6.0,3.5,0,42.897964,-8.6100645
22291,ds005280,sub-100,3,6.0,3.5,0,44.212196,20.903303
22292,ds005280,sub-100,4,6.0,3.5,0,76.83689,-12.612061
22293,ds005280,sub-100,5,4.0,3.0,0,41.73316,-0.8760727
22294,ds005280,sub-100,6,5.0,3.0,1,8.184226,48.86879
22295,ds005280,sub-100,7,6.0,3.0,2,21.994228,-4.8718295
22296,ds005280,sub-100,8,4.0,3.0,1,-27.398947,33.098225
22297,ds005280,sub-100,9,7.0,3.5,0,76.26486,-3.6545632
22298,ds005280,sub-100,10,4.0,3.0,2,-15.215641,-54.761127
22299,ds005280,sub-100,11,6.0,3.5,0,47.386368,29.027588
22300,ds005280,sub-100,12,3.0,3.0,1,-7.8089123,47.575924
22301,ds005280,sub-100,13,7.0,3.5,0,52.905575,-23.031157
22302,ds005280,sub-100,14,4.0,3.0,1,14.798713,5.159306
22303,ds005280,sub-100,15,5.0,3.0,2,-14.1513,-21.104591
22304,ds005280,sub-100,16,5.0,3.5,1,25.785103,44.373302
22305,ds005280,sub-100,17,6.0,3.5,2,26.982117,-18.483067
22306,ds005280,sub-100,18,4.0,3.0,0,34.114807,-5.586197
22307,ds005280,sub-100,19,5.0,3.5,2,24.950247,-13.335592
22308,ds005280,sub-100,20,3.0,3.5,3,-34.602623,-9.352372
22309,ds005280,sub-100,21,4.0,3.0,1,26.730154,21.37932
22310,ds005280,sub-100,22,5.0,3.0,1,16.00423,10.968189
22311,ds005280,sub-100,23,3.0,3.0,2,-3.824094,-12.824231
22312,ds005280,sub-100,24,4.0,3.0,1,-12.503389,26.406574
22313,ds005280,sub-100,25,5.0,3.5,0,48.56718,-5.9271708
22314,ds005280,sub-100,26,6.0,3.0,2,3.9614055,-7.836309
22315,ds005280,sub-100,27,5.0,3.5,2,7.444667,-9.493591
22316,ds005280,sub-100,28,6.0,3.5,0,52.32761,-10.659787
22317,ds005280,sub-100,29,7.0,3.5,0,33.087532,-2.8283634
22318,ds005280,sub-101,0,6.0,3.5,3,-72.11627,-17.886879
22319,ds005280,sub-101,1,7.0,4.0,3,-55.527485,-4.5709743
22320,ds005280,sub-101,2,6.0,4.0,2,21.954176,-43.3792
22321,ds005280,sub-101,3,6.0,4.0,2,-7.714831,-51.123703
22322,ds005280,sub-101,4,5.0,4.0,2,27.125196,-46.417477
22323,ds005280,sub-101,5,6.0,3.5,2,1.8644404,-23.128864
22324,ds005280,sub-101,6,6.0,3.5,2,4.076605,-34.66733
22325,ds005280,sub-101,7,7.0,3.5,2,9.227174,-18.073015
22326,ds005280,sub-101,8,6.0,3.5,2,8.176176,-49.316776
22327,ds005280,sub-101,9,7.0,4.0,2,6.686055,-1.9810283
22328,ds005280,sub-101,10,6.0,3.5,2,-10.153575,-10.13046
22329,ds005280,sub-101,11,6.0,4.0,2,7.7074814,-14.241884
22330,ds005280,sub-101,12,6.0,3.5,3,-30.483019,2.3146675
22331,ds005280,sub-101,13,5.0,4.0,2,-12.556521,-37.99509
22332,ds005280,sub-101,14,5.0,3.5,2,-6.032646,-32.422844
22333,ds005280,sub-101,15,6.0,3.5,3,-53.991592,26.79707
22334,ds005280,sub-101,16,5.0,4.0,1,-23.91943,35.310837
22335,ds005280,sub-101,17,6.0,4.0,2,19.600279,-48.666576
22336,ds005280,sub-101,18,5.0,3.5,2,19.205347,-46.839436
22337,ds005280,sub-101,19,6.0,4.0,3,-42.15034,6.4179416
22338,ds005280,sub-101,20,6.0,4.0,3,-42.084156,3.02845
22339,ds005280,sub-101,21,6.0,3.5,3,-37.66357,12.963435
22340,ds005280,sub-101,22,3.0,3.5,3,-61.582767,27.582657
22341,ds005280,sub-101,23,6.0,3.5,3,-24.903557,-13.913312
22342,ds005280,sub-101,24,8.0,3.5,2,-15.492897,-48.04792
22343,ds005280,sub-101,25,8.0,4.0,2,-31.960258,-44.945454
22344,ds005280,sub-101,26,6.0,4.0,3,-65.48263,31.327978
22345,ds005280,sub-101,27,6.0,4.0,3,-49.67149,-42.060184
22346,ds005280,sub-101,28,5.0,4.0,2,-26.39057,-36.13101
22347,ds005280,sub-102,0,5.0,3.0,2,16.050655,-27.145107
22348,ds005280,sub-102,1,7.0,3.5,0,39.618168,2.5729394
22349,ds005280,sub-102,2,7.0,3.5,2,20.968077,-52.21179
22350,ds005280,sub-102,3,7.0,3.5,0,47.37837,-1.6297661
22351,ds005280,sub-102,4,8.0,3.5,0,57.425438,-33.263912
22352,ds005280,sub-102,5,5.0,3.0,2,34.55184,-38.81532
22353,ds005280,sub-102,6,4.0,3.0,1,-16.652946,44.581535
22354,ds005280,sub-102,7,4.0,3.0,0,42.43012,21.576405
22355,ds005280,sub-102,8,4.0,3.0,3,-32.80251,17.55734
22356,ds005280,sub-102,9,7.0,3.5,0,33.060596,-16.905857
22357,ds005280,sub-102,10,3.0,3.0,1,-19.019014,40.969856
22358,ds005280,sub-102,11,6.0,3.5,1,14.456231,47.436005
22359,ds005280,sub-102,12,2.0,3.0,2,14.635057,-39.830482
22360,ds005280,sub-102,13,4.0,3.5,1,16.260849,47.411556
22361,ds005280,sub-102,14,4.0,3.0,3,-61.136295,-0.43492043
22362,ds005280,sub-102,15,3.0,3.0,3,-68.75478,-1.0528233
22363,ds005280,sub-102,16,4.0,3.5,2,33.888123,-39.04501
22364,ds005280,sub-102,17,6.0,3.5,1,22.669777,13.416704
22365,ds005280,sub-102,18,5.0,3.5,0,65.40433,-2.2642903
22366,ds005280,sub-102,19,5.0,3.0,0,57.97537,10.394861
22367,ds005280,sub-102,20,6.0,3.0,0,48.87217,2.1598127
22368,ds005280,sub-102,21,6.0,3.0,2,23.91172,-8.621948
22369,ds005280,sub-102,22,5.0,3.0,0,62.708714,14.725713
22370,ds005280,sub-102,23,6.0,3.5,0,32.669117,0.9441931
22371,ds005280,sub-102,24,5.0,3.0,0,59.02613,13.319432
22372,ds005280,sub-102,25,7.0,3.5,0,47.96882,7.5749865
22373,ds005280,sub-102,26,7.0,3.5,1,35.730698,36.53696
22374,ds005280,sub-102,27,6.0,3.5,0,34.611134,11.686534
22375,ds005280,sub-103,0,7.0,3.5,2,36.53465,-36.52147
22376,ds005280,sub-103,1,10.0,4.0,0,51.900112,48.003773
22377,ds005280,sub-103,2,10.0,4.0,0,63.51177,11.910268
22378,ds005280,sub-103,3,9.0,4.0,0,32.39412,17.424099
22379,ds005280,sub-103,4,7.0,4.0,3,-32.611725,17.29535
22380,ds005280,sub-103,5,8.0,3.5,2,37.75173,-42.260838
22381,ds005280,sub-103,6,7.0,3.5,2,8.652945,-12.627679
22382,ds005280,sub-103,7,9.0,3.5,2,38.380466,-48.348434
22383,ds005280,sub-103,8,6.0,3.5,1,-23.626905,19.075022
22384,ds005280,sub-103,9,10.0,4.0,0,50.417583,43.782227
22385,ds005280,sub-103,10,6.0,3.5,2,18.324503,-47.990902
22386,ds005280,sub-103,11,3.0,3.5,0,38.255882,7.4083676
22387,ds005280,sub-103,12,10.0,4.0,0,74.70617,6.0962853
22388,ds005280,sub-103,13,5.0,3.5,3,-38.557076,-38.227577
22389,ds005280,sub-103,14,6.0,3.5,0,42.577858,4.701298
22390,ds005280,sub-103,15,7.0,4.0,0,36.838795,6.2185025
22391,ds005280,sub-103,16,8.0,4.0,0,66.446205,-13.211904
22392,ds005280,sub-103,17,6.0,3.5,0,32.30618,-12.283343
22393,ds005280,sub-103,18,10.0,4.0,0,70.47341,3.434458
22394,ds005280,sub-103,19,8.0,4.0,0,34.72743,-14.0583515
22395,ds005280,sub-103,20,5.0,3.5,2,19.857271,-24.567307
22396,ds005280,sub-103,21,7.0,3.5,2,14.139131,-53.812992
22397,ds005280,sub-103,22,6.0,3.5,1,29.101427,30.148325
22398,ds005280,sub-103,23,3.0,3.5,0,32.615746,-12.853012
22399,ds005280,sub-103,24,10.0,4.0,2,33.819435,-49.882496
22400,ds005280,sub-103,25,10.0,3.5,0,49.985615,39.222622
22401,ds005280,sub-103,26,9.0,4.0,0,67.638985,1.3732039
22402,ds005280,sub-103,27,6.0,4.0,0,35.230293,1.7882844
22403,ds005280,sub-104,0,3.0,3.5,2,5.1819854,-51.948956
22404,ds005280,sub-104,1,4.0,4.0,2,-18.79149,-34.211983
22405,ds005280,sub-104,2,4.0,4.0,3,-52.319576,-15.620997
22406,ds005280,sub-104,3,3.0,4.0,3,-57.33812,4.7311177
22407,ds005280,sub-104,4,3.0,4.0,3,-36.589817,-32.281586
22408,ds005280,sub-104,5,2.0,3.5,3,-79.21382,-7.9738307
22409,ds005280,sub-104,6,1.0,3.5,3,-17.670029,-2.4445074
22410,ds005280,sub-104,7,3.0,3.5,3,-31.724436,8.616832
22411,ds005280,sub-104,8,0.0,3.5,1,-27.879017,19.652033
22412,ds005280,sub-104,9,3.0,4.0,2,-0.3782675,-14.894379
22413,ds005280,sub-104,10,2.0,3.5,3,-40.84407,37.00652
22414,ds005280,sub-104,11,1.0,4.0,3,-50.08676,-49.593987
22415,ds005280,sub-104,12,2.0,3.5,3,-54.92308,-41.775974
22416,ds005280,sub-104,13,1.0,4.0,3,-55.498955,-25.323221
22417,ds005280,sub-104,14,0.0,3.5,3,-47.72943,12.486884
22418,ds005280,sub-104,15,3.0,3.5,3,-39.401905,12.139737
22419,ds005280,sub-104,16,4.0,4.0,3,-44.405674,-0.4980509
22420,ds005280,sub-104,17,4.0,4.0,3,-19.53695,6.867292
22421,ds005280,sub-104,18,3.0,3.5,2,15.874385,-60.683445
22422,ds005280,sub-104,19,4.0,4.0,3,-48.610466,6.209218
22423,ds005280,sub-104,20,4.0,4.0,1,-25.630472,54.680546
22424,ds005280,sub-104,21,4.0,3.5,2,-23.879961,-40.600124
22425,ds005280,sub-104,22,3.0,3.5,3,-72.043526,-11.038934
22426,ds005280,sub-104,23,4.0,3.5,2,-26.291082,-44.0312
22427,ds005280,sub-104,24,3.0,3.5,3,-51.85801,21.955662
22428,ds005280,sub-104,25,4.0,4.0,2,-10.240388,-51.539394
22429,ds005280,sub-104,26,5.0,3.5,2,-24.091898,-45.873177
22430,ds005280,sub-104,27,3.0,4.0,3,-54.67475,-17.336296
22431,ds005280,sub-104,28,3.0,4.0,3,-51.244873,25.67813
22432,ds005280,sub-104,29,4.0,4.0,2,-14.482089,-29.450514
22433,ds005280,sub-105,0,7.0,3.5,1,-29.639803,29.606995
22434,ds005280,sub-105,1,10.0,4.0,2,22.705133,-6.2034254
22435,ds005280,sub-105,2,10.0,4.0,0,37.022472,25.383762
22436,ds005280,sub-105,3,7.0,4.0,0,45.4077,-1.5657581
22437,ds005280,sub-105,4,8.0,4.0,1,2.013791,31.687471
22438,ds005280,sub-105,5,10.0,3.5,1,-1.5672866,37.073586
22439,ds005280,sub-105,6,5.0,3.5,0,35.411606,-12.627437
22440,ds005280,sub-105,7,7.0,3.5,1,-11.57915,48.45526
22441,ds005280,sub-105,8,4.0,3.5,3,-28.320902,-0.16941725
22442,ds005280,sub-105,9,7.0,4.0,1,11.21365,35.490997
22443,ds005280,sub-105,10,4.0,3.5,1,-14.070482,25.965603
22444,ds005280,sub-105,11,0.0,4.0,3,-28.97554,20.088799
22445,ds005280,sub-105,12,5.0,3.5,1,-4.0094924,38.865612
22446,ds005280,sub-105,13,8.0,4.0,0,53.96985,-15.926634
22447,ds005280,sub-105,14,6.0,3.5,1,-10.625064,40.562576
22448,ds005280,sub-105,15,5.0,3.5,1,-5.2666006,19.269789
22449,ds005280,sub-105,16,7.0,4.0,1,-1.4183716,37.2567
22450,ds005280,sub-105,17,4.0,4.0,1,0.4587569,36.65781
22451,ds005280,sub-105,18,10.0,3.5,1,-33.23882,44.249283
22452,ds005280,sub-105,19,9.0,4.0,1,-15.701875,14.121826
22453,ds005280,sub-105,20,9.0,4.0,2,25.845806,-37.580173
22454,ds005280,sub-105,21,4.0,3.5,1,-2.4699414,26.270008
22455,ds005280,sub-105,22,6.0,3.5,3,-47.413498,1.1332484
22456,ds005280,sub-105,23,5.0,3.5,1,-11.497472,27.15944
22457,ds005280,sub-105,24,6.0,3.5,3,-33.379852,-14.512443
22458,ds005280,sub-105,25,4.0,4.0,1,-19.099464,24.888084
22459,ds005280,sub-105,26,6.0,3.5,3,-48.31926,12.845977
22460,ds005280,sub-105,27,7.0,4.0,3,-33.94482,12.710105
22461,ds005280,sub-105,28,6.0,4.0,3,-47.41851,34.451206
22462,ds005280,sub-105,29,4.0,4.0,2,-4.95951,-27.937943
22463,ds005280,sub-106,0,7.0,3.5,2,32.616554,-20.092224
22464,ds005280,sub-106,1,9.0,4.0,0,84.1879,-5.5313263
22465,ds005280,sub-106,2,10.0,4.0,0,54.653442,28.475412
22466,ds005280,sub-106,3,9.0,4.0,0,82.15478,18.920801
22467,ds005280,sub-106,4,9.0,4.0,0,57.139423,35.26398
22468,ds005280,sub-106,5,3.0,3.5,2,31.406536,-21.98843
22469,ds005280,sub-106,6,4.0,3.5,1,20.615517,22.09476
22470,ds005280,sub-106,7,5.0,3.5,2,7.84044,-40.72443
22471,ds005280,sub-106,8,5.0,3.5,2,22.696817,-48.0883
22472,ds005280,sub-106,9,10.0,4.0,0,54.22456,38.077835
22473,ds005280,sub-106,10,4.0,3.5,2,-14.227836,-52.13013
22474,ds005280,sub-106,11,7.0,4.0,0,57.260574,36.49642
22475,ds005280,sub-106,12,6.0,3.5,2,10.054327,-4.0453267
22476,ds005280,sub-106,13,10.0,4.0,0,57.44404,36.41124
22477,ds005280,sub-106,14,2.0,3.5,0,52.72062,36.905266
22478,ds005280,sub-106,15,4.0,3.5,0,51.70897,32.958855
22479,ds005280,sub-106,16,9.0,4.0,0,32.248604,21.642847
22480,ds005280,sub-106,17,10.0,4.0,0,77.943504,21.156078
22481,ds005280,sub-106,18,3.0,3.5,0,50.41764,32.009983
22482,ds005280,sub-106,19,10.0,4.0,0,55.34467,41.772854
22483,ds005280,sub-106,20,9.0,4.0,0,53.239452,26.609188
22484,ds005280,sub-106,21,3.0,3.5,0,49.00831,43.46586
22485,ds005280,sub-106,22,5.0,3.5,0,47.22004,29.166248
22486,ds005280,sub-106,23,5.0,3.5,0,36.10987,16.987925
22487,ds005280,sub-106,24,3.0,3.5,1,-37.80312,36.219414
22488,ds005280,sub-106,25,9.0,4.0,0,56.218628,36.380184
22489,ds005280,sub-106,26,5.0,3.5,2,12.269091,-49.255775
22490,ds005280,sub-106,27,9.0,4.0,0,52.853245,39.623028
22491,ds005280,sub-106,28,7.0,4.0,0,38.653717,13.503868
22492,ds005280,sub-106,29,10.0,4.0,0,52.437733,37.927895
22493,ds005280,sub-107,0,5.0,3.5,0,52.922874,0.42865795
22494,ds005280,sub-107,1,6.0,4.0,0,83.581764,0.8270753
22495,ds005280,sub-107,2,6.0,4.0,0,89.02292,6.580929
22496,ds005280,sub-107,3,7.0,4.0,0,90.0621,6.5372543
22497,ds005280,sub-107,4,4.0,3.5,0,82.06521,9.436841
22498,ds005280,sub-107,5,3.0,3.5,2,35.53784,-40.77387
22499,ds005280,sub-107,6,2.0,3.5,2,32.83046,-25.681402
22500,ds005280,sub-107,7,4.0,4.0,0,77.063,14.69948
22501,ds005280,sub-107,8,3.0,3.5,2,14.838945,-49.478683
22502,ds005280,sub-107,9,5.0,4.0,0,83.762375,8.051864
22503,ds005280,sub-107,10,3.0,3.5,0,51.9298,2.756389
22504,ds005280,sub-107,11,3.0,3.5,0,72.7984,19.84546
22505,ds005280,sub-107,12,3.0,3.5,0,55.76475,10.617994
22506,ds005280,sub-107,13,7.0,4.0,0,84.12524,6.755663
22507,ds005280,sub-107,14,2.0,3.5,3,-64.45493,-17.116007
22508,ds005280,sub-107,15,7.0,4.0,0,71.64684,4.8558254
22509,ds005280,sub-107,16,6.0,4.0,0,73.02712,17.459194
22510,ds005280,sub-107,17,3.0,3.5,0,57.5157,3.27592
22511,ds005280,sub-107,18,2.0,3.5,0,36.90779,-7.514157
22512,ds005280,sub-107,19,6.0,3.5,0,88.96345,13.349753
22513,ds005280,sub-107,20,2.0,3.5,0,65.60881,2.1494632
22514,ds005280,sub-107,21,4.0,3.5,0,76.11835,-5.3117805
22515,ds005280,sub-107,22,8.0,4.0,0,89.570946,6.731902
22516,ds005280,sub-107,23,6.0,4.0,0,79.28496,6.306488
22517,ds005280,sub-107,24,5.0,4.0,0,82.90743,9.665292
22518,ds005280,sub-108,0,3.0,3.5,3,-28.376081,-22.624405
22519,ds005280,sub-108,1,5.0,4.0,0,61.006027,42.09228
22520,ds005280,sub-108,2,3.0,4.0,1,9.226058,34.531605
22521,ds005280,sub-108,3,4.0,4.0,3,-53.828182,-10.705899
22522,ds005280,sub-108,4,3.0,3.5,0,54.596424,43.094364
22523,ds005280,sub-108,5,2.0,3.5,0,54.665554,-0.55623716
22524,ds005280,sub-108,6,1.0,3.5,1,6.00437,5.4466443
22525,ds005280,sub-108,7,4.0,4.0,1,-0.9679359,59.775932
22526,ds005280,sub-108,8,2.0,3.5,2,-24.205658,-29.572422
22527,ds005280,sub-108,9,6.0,4.0,0,60.03488,32.220737
22528,ds005280,sub-108,10,1.0,3.5,3,-22.403664,-8.968696
22529,ds005280,sub-108,11,5.0,4.0,0,83.1454,12.644919
22530,ds005280,sub-108,12,2.0,3.5,1,-12.284072,48.884293
22531,ds005280,sub-108,13,2.0,3.5,2,23.841434,-34.550938
22532,ds005280,sub-108,14,2.0,4.0,3,-69.736824,-17.22388
22533,ds005280,sub-108,15,2.0,3.5,1,19.783579,17.583302
22534,ds005280,sub-108,16,2.0,4.0,3,-28.376081,-22.624405
22535,ds005280,sub-108,17,6.0,3.5,0,61.006207,42.09185
22536,ds005280,sub-108,18,1.0,3.5,1,9.226058,34.531605
22537,ds005280,sub-108,19,2.0,3.5,3,-53.828407,-10.706103
22538,ds005280,sub-108,20,3.0,4.0,0,54.596573,43.09446
22539,ds005280,sub-108,21,6.0,3.5,0,54.665554,-0.55623716
22540,ds005280,sub-108,22,1.0,4.0,1,6.00437,5.4466443
22541,ds005280,sub-108,23,5.0,4.0,1,-0.96798915,59.782127
22542,ds005280,sub-109,0,6.0,3.0,2,43.138454,-34.39356
22543,ds005280,sub-109,1,8.0,3.5,0,44.653,25.844383
22544,ds005280,sub-109,2,8.0,3.5,0,58.047638,-36.86903
22545,ds005280,sub-109,3,8.0,3.5,1,26.345848,40.803722
22546,ds005280,sub-109,4,8.0,3.5,0,32.05469,8.807908
22547,ds005280,sub-109,5,4.0,3.0,2,16.270111,-28.542288
22548,ds005280,sub-109,6,4.0,3.0,3,-53.098217,-16.368608
22549,ds005280,sub-109,7,5.0,3.0,2,17.245474,-21.588766
22550,ds005280,sub-109,8,7.0,3.0,0,33.162575,27.48626
22551,ds005280,sub-109,9,8.0,3.5,0,32.075928,26.353691
22552,ds005280,sub-109,10,5.0,3.0,3,-60.46958,-29.994884
22553,ds005280,sub-109,11,9.0,3.5,0,30.837534,5.1222672
22554,ds005280,sub-109,12,4.0,3.0,2,19.193918,-38.15206
22555,ds005280,sub-109,13,8.0,3.5,0,58.374447,-36.739773
22556,ds005280,sub-109,14,5.0,3.0,2,-2.122535,-45.5111
22557,ds005280,sub-109,15,5.0,3.0,2,-28.507952,-30.015491
22558,ds005280,sub-109,16,6.0,3.5,1,17.249477,6.888902
22559,ds005280,sub-109,17,7.0,3.5,2,24.657108,-23.841936
22560,ds005280,sub-109,18,7.0,3.5,3,-30.877548,7.190463
22561,ds005280,sub-109,19,4.0,3.5,2,-19.887388,-13.672078
22562,ds005280,sub-109,20,3.0,3.0,1,-27.392931,39.080902
22563,ds005280,sub-109,21,2.0,3.0,2,19.13582,-33.87071
22564,ds005280,sub-109,22,3.0,3.0,2,-28.111776,-26.554333
22565,ds005280,sub-109,23,3.0,3.0,2,19.472467,-38.01007
22566,ds005280,sub-109,24,7.0,3.5,2,-0.74251103,-12.961255
22567,ds005280,sub-109,25,4.0,3.0,2,-3.9194586,-10.224716
22568,ds005280,sub-109,26,5.0,3.5,2,12.148093,-28.37223
22569,ds005280,sub-109,27,6.0,3.5,1,2.379043,7.1358423
22570,ds005280,sub-110,0,3.0,3.0,0,68.9792,25.567839
22571,ds005280,sub-110,1,4.0,3.5,0,58.942776,43.275272
22572,ds005280,sub-110,2,5.0,3.5,0,70.676476,26.394844
22573,ds005280,sub-110,3,4.0,3.5,0,73.59324,18.35805
22574,ds005280,sub-110,4,3.0,3.5,1,-2.9968758,65.87473
22575,ds005280,sub-110,5,2.0,3.0,3,-68.18516,25.803646
22576,ds005280,sub-110,6,4.0,3.0,1,-33.606716,39.269226
22577,ds005280,sub-110,7,1.0,3.0,1,-41.589306,53.04014
22578,ds005280,sub-110,8,4.0,3.0,0,69.71624,26.088095
22579,ds005280,sub-110,9,3.0,3.5,0,50.98947,29.192814
22580,ds005280,sub-110,10,2.0,3.0,3,-55.373375,43.902298
22581,ds005280,sub-110,11,6.0,3.5,1,-4.894898,67.429634
22582,ds005280,sub-110,12,1.0,3.0,1,0.08717728,29.40695
22583,ds005280,sub-110,13,5.0,3.5,0,75.76003,33.251778
22584,ds005280,sub-110,14,2.0,3.0,1,-42.00019,49.812828
22585,ds005280,sub-110,15,2.0,3.0,1,-41.016445,49.601482
22586,ds005280,sub-110,16,4.0,3.5,0,71.23917,33.678356
22587,ds005280,sub-110,17,3.0,3.5,0,86.39667,15.355034
22588,ds005280,sub-110,18,2.0,3.0,3,-47.193806,42.259083
22589,ds005280,sub-110,19,8.0,3.5,0,73.89222,35.395355
22590,ds005280,sub-110,20,5.0,3.5,0,88.41617,13.238863
22591,ds005280,sub-110,21,1.0,3.0,1,-8.5809965,61.19364
22592,ds005280,sub-110,22,2.0,3.0,1,-8.539924,62.44702
22593,ds005280,sub-110,23,4.0,3.0,0,76.12981,34.08224
22594,ds005280,sub-110,24,0.0,3.0,1,-45.42313,52.461163
22595,ds005280,sub-110,25,5.0,3.5,0,75.45797,33.12318
22596,ds005280,sub-110,26,4.0,3.0,1,16.939474,44.067165
22597,ds005280,sub-110,27,3.0,3.5,0,74.687454,32.65561
22598,ds005280,sub-110,28,2.0,3.5,0,61.319214,44.687252
22599,ds005280,sub-110,29,4.0,3.5,0,84.48631,10.329173
22600,ds005280,sub-111,0,3.0,3.0,1,29.0083,34.5566
22601,ds005280,sub-111,1,5.0,3.5,0,73.66038,32.45076
22602,ds005280,sub-111,2,5.0,3.5,0,51.137535,20.954731
22603,ds005280,sub-111,3,6.0,3.5,0,70.745705,27.339571
22604,ds005280,sub-111,4,5.0,3.5,0,52.264606,1.2740302
22605,ds005280,sub-111,5,2.0,3.0,0,44.687984,21.55788
22606,ds005280,sub-111,6,3.0,3.0,1,-14.635244,21.310038
22607,ds005280,sub-111,7,2.0,3.0,3,-76.29925,20.693815
22608,ds005280,sub-111,8,3.0,3.0,3,-44.289364,15.129397
22609,ds005280,sub-111,9,5.0,3.5,0,56.899303,29.044361
22610,ds005280,sub-111,10,2.0,3.0,1,-9.944094,12.749197
22611,ds005280,sub-111,11,6.0,3.5,0,72.57457,27.488167
22612,ds005280,sub-111,12,4.0,3.0,1,21.043892,31.42309
22613,ds005280,sub-111,13,5.0,3.5,1,34.577084,46.185127
22614,ds005280,sub-111,14,1.0,3.0,3,-61.489185,-1.570875
22615,ds005280,sub-111,15,2.0,3.0,2,10.546205,-30.362305
22616,ds005280,sub-111,16,4.0,3.5,2,28.933044,-40.936768
22617,ds005280,sub-111,17,5.0,3.5,0,62.81928,19.423983
22618,ds005280,sub-111,18,5.0,3.0,1,17.510015,18.148048
22619,ds005280,sub-111,19,6.0,3.5,0,45.118526,5.8418283
22620,ds005280,sub-111,20,3.0,3.5,0,63.994137,23.820406
22621,ds005280,sub-111,21,1.0,3.0,3,-25.00532,-12.360814
22622,ds005280,sub-111,22,2.0,3.0,3,-66.878914,2.1394162
22623,ds005280,sub-111,23,2.0,3.0,1,-28.056541,42.06897
22624,ds005280,sub-111,24,3.0,3.0,3,-60.02646,-22.954672
22625,ds005280,sub-111,25,4.0,3.5,0,35.26782,4.7144156
22626,ds005280,sub-111,26,4.0,3.0,3,-63.315536,-11.16894
22627,ds005280,sub-111,27,6.0,3.5,0,68.07655,15.898706
22628,ds005280,sub-111,28,2.0,3.5,1,25.504662,42.60822
22629,ds005280,sub-111,29,4.0,3.5,0,30.710337,4.5717206
22630,ds005280,sub-112,0,5.0,3.5,2,24.815464,-29.270168
22631,ds005280,sub-112,1,7.0,4.0,2,15.988821,-25.131624
22632,ds005280,sub-112,2,8.0,4.0,0,32.34714,17.994083
22633,ds005280,sub-112,3,8.0,4.0,2,18.905716,-26.903902
22634,ds005280,sub-112,4,7.0,4.0,2,23.34712,-12.908667
22635,ds005280,sub-112,5,4.0,3.5,2,-17.132193,-52.5052
22636,ds005280,sub-112,6,4.0,3.5,2,-4.508788,-27.59309
22637,ds005280,sub-112,7,6.0,3.5,3,-76.39406,-11.275559
22638,ds005280,sub-112,8,6.0,3.5,3,-55.45873,-13.995959
22639,ds005280,sub-112,9,7.0,4.0,2,19.887497,-14.403348
22640,ds005280,sub-112,10,4.0,3.5,3,-26.204353,-8.382607
22641,ds005280,sub-112,11,7.0,4.0,2,-10.437023,-14.260888
22642,ds005280,sub-112,12,4.0,3.5,3,-39.25712,-10.067023
22643,ds005280,sub-112,13,6.0,4.0,3,-39.98793,-27.600021
22644,ds005280,sub-112,14,6.0,3.5,3,-48.715363,-21.345644
22645,ds005280,sub-112,15,4.0,3.5,3,-76.66906,-14.818439
22646,ds005280,sub-112,16,7.0,4.0,1,-12.237933,20.21967
22647,ds005280,sub-112,17,7.0,4.0,2,-4.635542,-37.13858
22648,ds005280,sub-112,18,5.0,3.5,1,-8.899013,45.21777
22649,ds005280,sub-112,19,8.0,4.0,0,37.24181,-23.100697
22650,ds005280,sub-112,20,7.0,4.0,2,2.4251056,-39.62568
22651,ds005280,sub-112,21,5.0,3.5,2,-5.1873956,-42.093197
22652,ds005280,sub-112,22,3.0,3.5,1,-20.437557,33.764877
22653,ds005280,sub-112,23,4.0,3.5,1,-17.48434,56.224377
22654,ds005280,sub-112,24,4.0,3.5,3,-80.18051,-0.17782131
22655,ds005280,sub-112,25,5.0,4.0,2,0.6243768,-42.67161
22656,ds005280,sub-112,26,8.0,3.5,2,29.49696,-29.284464
22657,ds005280,sub-112,27,8.0,4.0,3,-32.06815,0.401855
22658,ds005280,sub-112,28,7.0,4.0,3,-33.990967,4.066136
22659,ds005280,sub-112,29,8.0,4.0,0,44.42464,-22.062834
22660,ds005280,sub-113,0,7.0,3.5,2,3.0767329,-2.4553967
22661,ds005280,sub-113,1,9.0,4.0,0,25.954094,6.8180766
22662,ds005280,sub-113,2,10.0,4.0,2,30.901066,-38.371983
22663,ds005280,sub-113,3,9.0,4.0,2,-24.104982,-49.893925
22664,ds005280,sub-113,4,10.0,4.0,2,25.35753,-36.73112
22665,ds005280,sub-113,5,9.0,3.5,1,-22.968203,14.461513
22666,ds005280,sub-113,6,6.0,3.5,2,-14.610137,-58.233
22667,ds005280,sub-113,7,7.0,3.5,2,-0.048403706,-12.39551
22668,ds005280,sub-113,8,4.0,3.5,1,-10.428253,3.0642047
22669,ds005280,sub-113,9,7.0,4.0,2,-6.5515146,-24.687933
22670,ds005280,sub-113,10,9.0,3.5,3,-39.003773,-6.953943
22671,ds005280,sub-113,11,9.0,4.0,3,-51.459988,-23.809698
22672,ds005280,sub-113,12,3.0,3.5,2,-22.705112,-43.161476
22673,ds005280,sub-113,13,10.0,4.0,2,-4.656902,-37.184807
22674,ds005280,sub-113,14,9.0,3.5,2,-9.508749,-50.57047
22675,ds005280,sub-113,15,9.0,4.0,2,-20.913588,-34.74432
22676,ds005280,sub-113,16,10.0,4.0,0,43.928345,-2.9284189
22677,ds005280,sub-113,17,9.0,4.0,3,-41.21054,10.011568
22678,ds005280,sub-113,18,9.0,4.0,3,-40.156548,4.5161495
22679,ds005280,sub-113,19,6.0,3.5,2,-10.646862,-46.255
22680,ds005280,sub-113,20,10.0,3.5,2,10.558543,-8.607685
22681,ds005280,sub-113,21,7.0,3.5,2,-9.3840885,-47.73104
22682,ds005280,sub-113,22,7.0,3.5,1,1.7415929,54.05714
22683,ds005280,sub-113,23,9.0,4.0,2,-5.741256,-48.949387
22684,ds005280,sub-113,24,10.0,3.5,2,12.301121,-30.183508
22685,ds005280,sub-113,25,5.0,4.0,3,-52.570015,-2.788604
22686,ds005280,sub-113,26,7.0,4.0,3,-61.209255,29.054296
22687,ds005280,sub-113,27,10.0,4.0,2,-12.375628,-24.33082
22688,ds005280,sub-114,0,5.0,3.0,2,7.502897,-11.842557
22689,ds005280,sub-114,1,7.0,3.5,0,55.023876,20.956383
22690,ds005280,sub-114,2,7.0,3.5,0,32.40638,0.7429421
22691,ds005280,sub-114,3,7.0,3.5,0,54.9189,14.411256
22692,ds005280,sub-114,4,8.0,3.5,0,48.025745,-15.411282
22693,ds005280,sub-114,5,8.0,3.0,1,38.081924,41.477203
22694,ds005280,sub-114,6,7.0,3.0,0,25.393902,10.818118
22695,ds005280,sub-114,7,6.0,3.0,2,17.984135,2.0100152
22696,ds005280,sub-114,8,5.0,3.0,2,18.747437,-39.691246
22697,ds005280,sub-114,9,9.0,3.5,0,28.017763,1.2889713
22698,ds005280,sub-114,10,6.0,3.0,2,6.3981214,-1.2494481
22699,ds005280,sub-114,11,7.0,3.5,0,29.58512,-6.032834
22700,ds005280,sub-114,12,6.0,3.0,0,31.032629,-8.77742
22701,ds005280,sub-114,13,6.0,3.5,1,17.39823,6.9218693
22702,ds005280,sub-114,14,5.0,3.0,1,-27.78609,23.502338
22703,ds005280,sub-114,15,5.0,3.0,1,8.567144,30.944258
22704,ds005280,sub-114,16,5.0,3.5,2,-6.244695,-38.968857
22705,ds005280,sub-114,17,7.0,3.5,0,54.1755,8.9226675
22706,ds005280,sub-114,18,4.0,3.0,2,14.512257,-22.534252
22707,ds005280,sub-114,19,7.0,3.5,1,16.664406,12.707646
22708,ds005280,sub-114,20,6.0,3.5,0,51.07384,14.428231
22709,ds005280,sub-114,21,5.0,3.0,1,20.4523,13.930266
22710,ds005280,sub-114,22,4.0,3.0,0,28.297888,0.11626195
22711,ds005280,sub-114,23,5.0,3.0,1,-15.864358,21.623423
22712,ds005280,sub-114,24,4.0,3.0,1,33.9851,50.203957
22713,ds005280,sub-114,25,7.0,3.5,0,47.105026,-19.76024
22714,ds005280,sub-114,26,8.0,3.0,0,45.67202,-19.773985
22715,ds005280,sub-114,27,7.0,3.5,0,37.11722,22.900349
22716,ds005280,sub-114,28,5.0,3.5,0,38.31477,-9.371312
22717,ds005280,sub-114,29,6.0,3.5,2,9.435205,-21.494198
22718,ds005280,sub-115,0,4.0,3.5,2,-17.355623,-57.993923
22719,ds005280,sub-115,1,6.0,4.0,3,-42.342274,32.023037
22720,ds005280,sub-115,2,10.0,4.0,1,0.41572016,50.94742
22721,ds005280,sub-115,3,10.0,4.0,3,-77.66423,7.7761674
22722,ds005280,sub-115,4,10.0,4.0,1,-4.792729,44.24784
22723,ds005280,sub-115,5,4.0,3.5,2,-13.157595,-40.979794
22724,ds005280,sub-115,6,4.0,3.5,3,-52.1171,-33.189514
22725,ds005280,sub-115,7,4.0,3.5,3,-65.074295,-16.478214
22726,ds005280,sub-115,8,3.0,3.5,3,-74.292786,23.218672
22727,ds005280,sub-115,9,4.0,4.0,1,-11.236983,63.64479
22728,ds005280,sub-115,10,5.0,3.5,3,-48.944424,27.156528
22729,ds005280,sub-115,11,6.0,4.0,3,-42.13059,18.869732
22730,ds005280,sub-115,12,6.0,3.5,1,-16.532122,52.89618
22731,ds005280,sub-115,13,7.0,4.0,2,-6.1513867,-5.3687186
22732,ds005280,sub-115,14,3.0,3.5,3,-49.931248,-35.957924
22733,ds005280,sub-115,15,6.0,3.5,3,-53.687706,-14.918601
22734,ds005280,sub-115,16,6.0,4.0,3,-70.10365,33.14001
22735,ds005280,sub-115,17,7.0,4.0,3,-52.43842,-6.7014003
22736,ds005280,sub-115,18,6.0,3.5,1,-14.35464,49.413937
22737,ds005280,sub-115,19,7.0,4.0,1,-19.119299,8.673089
22738,ds005280,sub-115,20,7.0,3.5,1,-33.592873,44.06551
22739,ds005280,sub-115,21,4.0,3.5,3,-48.80732,33.594574
22740,ds005280,sub-115,22,6.0,3.5,1,-2.1006188,22.858654
22741,ds005280,sub-115,23,9.0,3.5,2,-3.914342,-16.782034
22742,ds005280,sub-115,24,9.0,4.0,3,-60.512012,1.3738902
22743,ds005280,sub-115,25,9.0,3.5,1,-8.355549,33.091557
22744,ds005280,sub-115,26,10.0,4.0,3,-46.779404,30.563843
22745,ds005280,sub-115,27,10.0,4.0,3,-79.54113,-2.950894
22746,ds005280,sub-115,28,10.0,4.0,3,-51.653233,-25.450443
22747,ds005280,sub-116,0,4.0,3.5,0,70.49847,41.269955
22748,ds005280,sub-116,1,7.0,4.0,0,87.75185,19.626312
22749,ds005280,sub-116,2,8.0,4.0,0,87.4164,17.649023
22750,ds005280,sub-116,3,8.0,4.0,0,86.729004,18.929592
22751,ds005280,sub-116,4,7.0,4.0,0,86.483986,18.966742
22752,ds005280,sub-116,5,3.0,3.5,1,4.6109676,7.942599
22753,ds005280,sub-116,6,4.0,3.5,0,69.8645,24.852777
22754,ds005280,sub-116,7,3.0,3.5,1,28.039726,34.422104
22755,ds005280,sub-116,8,3.0,3.5,1,11.230163,55.228382
22756,ds005280,sub-116,9,7.0,4.0,0,73.611595,35.57073
22757,ds005280,sub-116,10,3.0,3.5,0,84.53563,19.07167
22758,ds005280,sub-116,11,4.0,4.0,0,86.63477,15.580926
22759,ds005280,sub-116,12,3.0,3.5,0,73.61672,30.852118
22760,ds005280,sub-116,13,7.0,4.0,0,88.46861,12.643724
22761,ds005280,sub-116,14,3.0,3.5,1,18.133457,14.58206
22762,ds005280,sub-116,15,5.0,3.5,0,82.15262,11.211003
22763,ds005280,sub-116,16,6.0,4.0,0,61.821182,38.975197
22764,ds005280,sub-116,17,7.0,4.0,0,89.59482,21.2354
22765,ds005280,sub-116,18,3.0,3.5,1,26.685066,53.655457
22766,ds005280,sub-116,19,8.0,4.0,0,86.553986,17.624674
22767,ds005280,sub-116,20,5.0,4.0,0,74.25411,33.8553
22768,ds005280,sub-116,21,3.0,3.5,0,27.523376,10.440668
22769,ds005280,sub-116,22,4.0,3.5,1,41.701702,57.08413
22770,ds005280,sub-116,23,4.0,3.5,0,71.58757,37.43491
22771,ds005280,sub-116,24,3.0,3.5,1,-13.38949,54.56077
22772,ds005280,sub-116,25,7.0,4.0,0,83.14862,10.559763
22773,ds005280,sub-116,26,6.0,3.5,0,84.10397,16.329102
22774,ds005280,sub-116,27,7.0,4.0,0,72.375374,27.61885
22775,ds005280,sub-116,28,6.0,4.0,0,68.7206,25.521399
22776,ds005280,sub-116,29,7.0,4.0,0,76.6332,14.0389185
22777,ds005280,sub-117,0,4.0,3.5,3,-43.242386,0.31058413
22778,ds005280,sub-117,1,5.0,4.0,0,37.708324,37.324097
22779,ds005280,sub-117,2,5.0,4.0,0,75.92087,-12.506051
22780,ds005280,sub-117,3,5.0,4.0,0,58.706207,22.103874
22781,ds005280,sub-117,4,4.0,4.0,1,38.99042,43.63559
22782,ds005280,sub-117,5,3.0,3.5,1,-6.1649804,33.587734
22783,ds005280,sub-117,6,2.0,3.5,3,-44.580715,16.892399
22784,ds005280,sub-117,7,3.0,3.5,3,-50.48939,-25.696232
22785,ds005280,sub-117,8,2.0,3.5,1,-6.663946,29.260191
22786,ds005280,sub-117,9,3.0,4.0,1,-3.880455,28.466198
22787,ds005280,sub-117,10,3.0,3.5,3,-35.11638,-17.477186
22788,ds005280,sub-117,11,3.0,4.0,3,-65.14102,5.1859465
22789,ds005280,sub-117,12,3.0,3.5,3,-35.08637,26.663061
22790,ds005280,sub-117,13,4.0,4.0,0,34.61826,22.928127
22791,ds005280,sub-117,14,3.0,3.5,3,-48.261036,-17.662174
22792,ds005280,sub-117,15,2.0,3.5,1,-12.869489,33.04421
22793,ds005280,sub-117,16,3.0,4.0,3,-48.40647,-1.0058653
22794,ds005280,sub-117,17,2.0,4.0,2,4.337459,-30.919353
22795,ds005280,sub-117,18,2.0,3.5,3,-59.82667,39.76966
22796,ds005280,sub-117,19,2.0,4.0,2,-5.699339,-7.310188
22797,ds005280,sub-117,20,2.0,4.0,3,-37.262123,-5.4502206
22798,ds005280,sub-117,21,2.0,3.5,3,-62.682346,31.467707
22799,ds005280,sub-117,22,3.0,3.5,3,-38.638958,20.299759
22800,ds005280,sub-117,23,3.0,3.5,3,-43.264996,-6.222617
22801,ds005280,sub-117,24,1.0,3.5,3,-67.45665,19.640926
22802,ds005280,sub-117,25,2.0,4.0,1,-7.606592,49.544323
22803,ds005280,sub-117,26,1.0,3.5,3,-47.61313,-25.750662
22804,ds005280,sub-117,27,4.0,4.0,2,47.061905,-41.970047
22805,ds005280,sub-117,28,3.0,4.0,1,-6.72741,8.733834
22806,ds005280,sub-117,29,2.0,4.0,2,-25.189632,-40.75389
22807,ds005280,sub-118,0,7.0,3.5,0,68.40132,13.301137
22808,ds005280,sub-118,1,9.0,4.0,2,31.818132,-34.356773
22809,ds005280,sub-118,2,10.0,4.0,0,63.4375,6.4244833
22810,ds005280,sub-118,3,9.0,4.0,0,49.531223,-27.879278
22811,ds005280,sub-118,4,8.0,4.0,0,57.483154,-13.621785
22812,ds005280,sub-118,5,8.0,3.5,2,7.794936,-33.696224
22813,ds005280,sub-118,6,4.0,3.5,2,35.616783,-36.5494
22814,ds005280,sub-118,7,6.0,3.5,2,-24.68514,-53.794727
22815,ds005280,sub-118,8,4.0,3.5,2,2.1544304,-53.904915
22816,ds005280,sub-118,9,8.0,4.0,3,-34.439148,-9.580483
22817,ds005280,sub-118,10,7.0,3.5,2,-9.432856,-24.843212
22818,ds005280,sub-118,11,7.0,4.0,0,32.40648,-15.221795
22819,ds005280,sub-118,12,3.0,3.5,2,-3.6607466,-26.597012
22820,ds005280,sub-118,13,7.0,4.0,3,-40.11506,-4.9027553
22821,ds005280,sub-118,14,7.0,3.5,3,-35.312733,-15.461865
22822,ds005280,sub-118,15,5.0,3.5,2,-1.2133174,-52.98782
22823,ds005280,sub-118,16,8.0,4.0,2,40.369453,-42.840206
22824,ds005280,sub-118,17,7.0,4.0,0,62.154167,3.7475893
22825,ds005280,sub-118,18,4.0,3.5,2,-0.20693976,-52.711807
22826,ds005280,sub-118,19,9.0,4.0,0,45.565952,7.584185
22827,ds005280,sub-118,20,7.0,4.0,0,62.19547,4.185596
22828,ds005280,sub-118,21,8.0,3.5,2,-1.0470004,-24.136745
22829,ds005280,sub-118,22,7.0,3.5,3,-57.33699,-1.9261447
22830,ds005280,sub-118,23,7.0,3.5,3,-59.164856,10.346824
22831,ds005280,sub-118,24,6.0,3.5,0,37.919964,-17.170078
22832,ds005280,sub-118,25,8.0,4.0,0,66.83933,-16.974756
22833,ds005280,sub-118,26,6.0,3.5,0,58.154568,-36.992138
22834,ds005280,sub-118,27,9.0,4.0,0,73.94706,-6.4029913
22835,ds005280,sub-118,28,9.0,4.0,0,47.657307,9.231503
22836,ds005280,sub-119,0,6.0,3.0,0,55.310066,-21.383095
22837,ds005280,sub-119,1,7.0,3.5,0,64.716484,30.286057
22838,ds005280,sub-119,2,7.0,3.5,0,83.97902,12.7009535
22839,ds005280,sub-119,3,6.0,3.5,0,76.66561,10.876853
22840,ds005280,sub-119,4,7.0,3.5,0,74.28725,6.704772
22841,ds005280,sub-119,5,6.0,3.0,0,74.319855,6.41585
22842,ds005280,sub-119,6,7.0,3.0,0,49.876656,37.978004
22843,ds005280,sub-119,7,6.0,3.0,0,73.01246,-5.734404
22844,ds005280,sub-119,8,5.0,3.0,0,66.05754,-19.186222
22845,ds005280,sub-119,9,7.0,3.5,0,75.39609,8.926117
22846,ds005280,sub-119,10,6.0,3.0,0,52.55804,-39.994442
22847,ds005280,sub-119,11,8.0,3.5,0,76.316765,9.793197
22848,ds005280,sub-119,12,5.0,3.0,0,52.222076,-39.713646
22849,ds005280,sub-119,13,8.0,3.5,0,77.76617,6.2939534
22850,ds005280,sub-119,14,5.0,3.0,2,35.82843,-40.699657
22851,ds005280,sub-119,15,5.0,3.0,2,-16.285542,-57.973297
22852,ds005280,sub-119,16,7.0,3.5,0,74.27372,-1.9439077
22853,ds005280,sub-119,17,5.0,3.5,0,67.11442,-7.1516843
22854,ds005280,sub-119,18,4.0,3.0,2,5.3155746,-54.83423
22855,ds005280,sub-119,19,8.0,3.5,0,77.701096,5.732281
22856,ds005280,sub-119,20,6.0,3.5,0,67.38913,2.0242674
22857,ds005280,sub-119,21,5.0,3.0,2,-16.569984,-46.044
22858,ds005280,sub-119,22,5.0,3.0,0,56.363937,-1.3804672
22859,ds005280,sub-119,23,7.0,3.0,0,76.85428,5.5692368
22860,ds005280,sub-119,24,6.0,3.0,2,20.48659,-54.134384
22861,ds005280,sub-119,25,5.0,3.5,1,16.332602,47.271427
22862,ds005280,sub-119,26,4.0,3.0,2,-34.084476,-36.846424
22863,ds005280,sub-119,27,7.0,3.5,0,84.307106,-5.5300813
22864,ds005280,sub-119,28,6.0,3.5,0,69.83942,-13.079774
22865,ds005280,sub-119,29,7.0,3.5,0,41.227352,2.8876588
22866,ds005280,sub-120,0,3.0,3.0,1,0.8582517,45.631187
22867,ds005280,sub-120,1,3.0,3.5,1,19.460503,51.689766
22868,ds005280,sub-120,2,4.0,3.5,1,16.4905,38.653103
22869,ds005280,sub-120,3,4.0,3.5,0,35.100555,30.93181
22870,ds005280,sub-120,4,5.0,3.5,0,68.30124,37.508312
22871,ds005280,sub-120,5,5.0,3.0,0,66.95768,36.043583
22872,ds005280,sub-120,6,2.0,3.0,1,12.852855,42.354073
22873,ds005280,sub-120,7,1.0,3.0,1,-41.47159,53.55207
22874,ds005280,sub-120,8,2.0,3.0,0,35.217667,30.444138
22875,ds005280,sub-120,9,3.0,3.5,0,64.94917,30.806532
22876,ds005280,sub-120,10,1.0,3.0,1,12.565556,42.463863
22877,ds005280,sub-120,11,4.0,3.5,1,18.74055,55.576897
22878,ds005280,sub-120,12,1.0,3.0,1,12.542586,28.589844
22879,ds005280,sub-120,13,4.0,3.5,3,-65.87243,37.84455
22880,ds005280,sub-120,14,2.0,3.0,1,13.78048,40.20435
22881,ds005280,sub-120,15,2.0,3.0,0,35.038612,30.884344
22882,ds005280,sub-120,16,4.0,3.5,0,29.241274,7.988846
22883,ds005280,sub-120,17,3.0,3.5,1,15.402277,50.726303
22884,ds005280,sub-120,18,1.0,3.0,1,13.1907015,38.12362
22885,ds005280,sub-120,19,3.0,3.5,1,9.55873,41.780636
22886,ds005280,sub-120,20,0.0,3.5,1,1.5092652,23.08248
22887,ds005280,sub-120,21,2.0,3.0,1,11.27569,39.71682
22888,ds005280,sub-120,22,4.0,3.0,1,19.275143,51.69932
22889,ds005280,sub-120,23,5.0,3.0,1,14.842051,15.962133
22890,ds005280,sub-120,24,5.0,3.0,1,20.737295,9.467093
22891,ds005280,sub-120,25,0.0,3.5,3,-79.98801,-5.338789
22892,ds005280,sub-120,26,1.0,3.0,3,-67.74644,7.8984046
22893,ds005280,sub-120,27,0.0,3.5,3,-73.521835,31.930593
22894,ds005280,sub-120,28,0.0,3.5,3,-74.06059,29.577085
22895,ds005280,sub-120,29,0.0,3.5,3,-41.200027,14.859944
22896,ds005280,sub-121,0,3.0,3.0,2,42.874207,-45.14939
22897,ds005280,sub-121,1,6.0,3.5,0,65.944016,17.410759
22898,ds005280,sub-121,2,5.0,3.5,0,64.63216,22.063614
22899,ds005280,sub-121,3,5.0,3.5,0,67.89549,10.658108
22900,ds005280,sub-121,4,6.0,3.5,0,68.744255,12.783446
22901,ds005280,sub-121,5,3.0,3.0,0,70.87577,10.496193
22902,ds005280,sub-121,6,3.0,3.0,0,45.290466,35.16998
22903,ds005280,sub-121,7,3.0,3.0,1,-13.790262,2.8527093
22904,ds005280,sub-121,8,5.0,3.5,0,68.51577,2.7205994
22905,ds005280,sub-121,9,1.0,3.0,3,-42.56327,23.073261
22906,ds005280,sub-121,10,3.0,3.5,0,62.65376,4.331835
22907,ds005280,sub-121,11,2.0,3.0,3,-41.326714,21.851265
22908,ds005280,sub-121,12,4.0,3.5,0,43.22503,13.082106
22909,ds005280,sub-121,13,2.0,3.0,2,-12.18525,-61.606133
22910,ds005280,sub-121,14,3.0,3.0,3,-21.26343,-9.799958
22911,ds005280,sub-121,15,4.0,3.5,0,65.99206,14.978565
22912,ds005280,sub-121,16,1.0,3.5,2,11.728968,-27.777042
22913,ds005280,sub-121,17,3.0,3.0,2,-31.129715,-31.554174
22914,ds005280,sub-121,18,4.0,3.5,0,43.08715,12.451076
22915,ds005280,sub-121,19,2.0,3.0,2,8.408063,-51.440266
22916,ds005280,sub-121,20,0.0,3.0,3,-44.71329,1.9828527
22917,ds005280,sub-121,21,4.0,3.0,0,61.15329,12.670553
22918,ds005280,sub-121,22,1.0,3.0,2,-14.136112,-15.334764
22919,ds005280,sub-121,23,4.0,3.5,1,27.586971,22.583958
22920,ds005280,sub-121,24,5.0,3.0,0,61.477383,-12.215353
22921,ds005280,sub-121,25,3.0,3.5,0,73.79238,23.410461
22922,ds005280,sub-121,26,2.0,3.5,0,67.36348,0.9272202
22923,ds005280,sub-122,0,6.0,3.5,0,49.145714,47.06015
22924,ds005280,sub-122,1,8.0,4.0,2,-29.726477,-53.930294
22925,ds005280,sub-122,2,10.0,4.0,2,-11.466546,-61.526775
22926,ds005280,sub-122,3,8.0,4.0,2,31.289083,-37.640903
22927,ds005280,sub-122,4,7.0,3.5,0,78.63899,2.5438008
22928,ds005280,sub-122,5,8.0,3.5,2,30.576447,-35.251
22929,ds005280,sub-122,6,7.0,3.5,1,-20.861061,44.88934
22930,ds005280,sub-122,7,7.0,3.5,3,-39.739536,-25.408478
22931,ds005280,sub-122,8,7.0,4.0,0,36.826653,17.845507
22932,ds005280,sub-122,9,7.0,3.5,2,20.006704,-53.44946
22933,ds005280,sub-122,10,10.0,4.0,0,27.23942,13.885911
22934,ds005280,sub-122,11,8.0,3.5,1,7.217443,16.93251
22935,ds005280,sub-122,12,10.0,4.0,1,-1.5131339,64.195946
22936,ds005280,sub-122,13,6.0,3.5,2,17.341385,-12.604014
22937,ds005280,sub-122,14,8.0,3.5,2,-30.711334,-41.553963
22938,ds005280,sub-122,15,9.0,4.0,0,41.39767,3.274168
22939,ds005280,sub-122,16,8.0,3.5,2,-8.485607,-59.884613
22940,ds005280,sub-122,17,7.0,3.5,2,7.863674,-38.695972
22941,ds005280,sub-122,18,9.0,3.5,1,-10.315832,60.890053
22942,ds005280,sub-122,19,7.0,3.5,0,41.107445,4.8300724
22943,ds005280,sub-122,20,8.0,3.5,2,19.489449,-45.52127
22944,ds005280,sub-122,21,10.0,3.5,1,4.737867,52.95921
22945,ds005280,sub-122,22,3.0,4.0,2,17.176853,-7.546917
22946,ds005280,sub-122,23,7.0,4.0,1,-8.547013,53.420692
22947,ds005280,sub-122,24,8.0,4.0,2,-4.496401,-9.260821
22948,ds005280,sub-123,0,5.0,3.5,0,68.91568,-18.436062
22949,ds005280,sub-123,1,7.0,4.0,0,70.777885,-12.716089
22950,ds005280,sub-123,2,7.0,4.0,2,21.73903,-9.250228
22951,ds005280,sub-123,3,6.0,4.0,0,76.816086,1.2891811
22952,ds005280,sub-123,4,6.0,4.0,0,76.28183,-9.565394
22953,ds005280,sub-123,5,2.0,3.5,0,23.9717,2.870309
22954,ds005280,sub-123,6,6.0,3.5,0,66.20935,-0.6902817
22955,ds005280,sub-123,7,4.0,3.5,0,58.22143,-37.93029
22956,ds005280,sub-123,8,5.0,3.5,2,-19.52725,-14.461312
22957,ds005280,sub-123,9,7.0,4.0,0,50.200417,1.0023868
22958,ds005280,sub-123,10,4.0,3.5,2,38.931454,-35.408066
22959,ds005280,sub-123,11,5.0,4.0,2,24.604221,-17.403353
22960,ds005280,sub-123,12,5.0,3.5,2,17.362762,-28.663036
22961,ds005280,sub-123,13,7.0,4.0,0,36.758095,7.9363475
22962,ds005280,sub-123,14,4.0,3.5,0,49.586975,-35.534554
22963,ds005280,sub-123,15,4.0,3.5,2,-9.366609,-26.036346
22964,ds005280,sub-123,16,7.0,4.0,0,68.26972,7.7622547
22965,ds005280,sub-123,17,6.0,4.0,0,48.806458,2.3002918
22966,ds005280,sub-123,18,3.0,3.5,2,44.351036,-38.41284
22967,ds005280,sub-123,19,5.0,4.0,0,42.21163,33.979877
22968,ds005280,sub-123,20,6.0,4.0,0,73.1745,2.716372
22969,ds005280,sub-123,21,3.0,3.5,2,19.047792,-33.85612
22970,ds005280,sub-123,22,4.0,3.5,2,19.403559,-47.274303
22971,ds005280,sub-123,23,4.0,3.5,2,-4.396315,-42.483433
22972,ds005280,sub-123,24,5.0,3.5,0,43.240116,-7.0720716
22973,ds005280,sub-123,25,6.0,4.0,0,48.435925,-24.753967
22974,ds005280,sub-123,26,7.0,3.5,0,45.43638,41.94491
22975,ds005280,sub-123,27,5.0,4.0,0,38.415653,-2.6432018
22976,ds005280,sub-123,28,4.0,4.0,0,44.654694,25.822466
22977,ds005280,sub-123,29,7.0,4.0,0,65.43645,5.1118364
22978,ds005280,sub-124,0,4.0,3.5,2,-1.4547384,-54.66749
22979,ds005280,sub-124,1,4.0,4.0,2,24.432655,-34.335564
22980,ds005280,sub-124,2,4.0,4.0,1,10.319829,52.331932
22981,ds005280,sub-124,3,4.0,4.0,0,30.900318,-13.982162
22982,ds005280,sub-124,4,4.0,4.0,0,33.70639,-12.360698
22983,ds005280,sub-124,5,4.0,3.5,3,-70.60598,-18.719433
22984,ds005280,sub-124,6,3.0,3.5,2,4.6030927,-2.3320014
22985,ds005280,sub-124,7,4.0,3.5,2,-12.088221,-28.344133
22986,ds005280,sub-124,8,4.0,3.5,3,-49.185207,-47.906937
22987,ds005280,sub-124,9,5.0,4.0,1,5.5430427,55.110733
22988,ds005280,sub-124,10,3.0,3.5,2,30.887033,-40.006195
22989,ds005280,sub-124,11,4.0,4.0,2,-5.0913873,-42.12336
22990,ds005280,sub-124,12,4.0,3.5,3,-52.548466,-41.14945
22991,ds005280,sub-124,13,6.0,4.0,0,40.714745,29.863987
22992,ds005280,sub-124,14,4.0,3.5,3,-70.546844,-14.475245
22993,ds005280,sub-124,15,5.0,3.5,0,33.226498,-13.630634
22994,ds005280,sub-124,16,4.0,4.0,2,15.742968,-1.5708822
22995,ds005280,sub-124,17,6.0,4.0,0,48.860477,-5.4522033
22996,ds005280,sub-124,18,4.0,3.5,2,-12.953198,-27.52954
22997,ds005280,sub-124,19,5.0,4.0,1,14.245065,47.376835
22998,ds005280,sub-124,20,5.0,4.0,1,27.88212,29.127815
22999,ds005280,sub-124,21,4.0,3.5,2,-14.06535,-46.37762
23000,ds005280,sub-124,22,5.0,3.5,2,-20.276657,-32.17953
23001,ds005280,sub-124,23,4.0,3.5,3,-46.34891,-22.915268
23002,ds005280,sub-124,24,4.0,3.5,2,18.978155,-31.647253
23003,ds005280,sub-124,25,6.0,4.0,0,50.30913,42.27641
23004,ds005280,sub-124,26,3.0,3.5,0,35.2301,-10.610349
23005,ds005280,sub-124,27,8.0,4.0,0,52.727623,45.071136
23006,ds005280,sub-124,28,5.0,4.0,0,81.84395,-5.7172112
23007,ds005280,sub-124,29,8.0,4.0,0,68.04289,-3.475358
23008,ds005280,sub-125,0,4.0,3.5,2,20.656199,-45.649372
23009,ds005280,sub-125,1,6.0,4.0,0,74.07571,35.134853
23010,ds005280,sub-125,2,6.0,4.0,0,51.074154,1.8259006
23011,ds005280,sub-125,3,4.0,3.5,0,50.961956,-40.420372
23012,ds005280,sub-125,4,4.0,3.5,2,-2.2261734,-50.311222
23013,ds005280,sub-125,5,6.0,4.0,0,89.8811,6.5151467
23014,ds005280,sub-125,6,4.0,3.5,2,18.72475,-51.69429
23015,ds005280,sub-125,7,5.0,4.0,2,-3.7819176,-18.993835
23016,ds005280,sub-125,8,3.0,3.5,1,-15.109636,50.779873
23017,ds005280,sub-125,9,3.0,3.5,1,-7.985866,9.687747
23018,ds005280,sub-125,10,5.0,3.5,1,8.984425,18.6954
23019,ds005280,sub-125,11,6.0,4.0,2,9.979785,-37.420254
23020,ds005280,sub-125,12,7.0,4.0,0,31.66955,-2.9364114
23021,ds005280,sub-125,13,4.0,3.5,1,-7.2042904,53.639668
23022,ds005280,sub-125,14,7.0,4.0,0,65.626915,36.018566
23023,ds005280,sub-125,15,4.0,4.0,2,-6.6879916,-4.3674154
23024,ds005280,sub-125,16,2.0,3.5,1,-26.374554,36.647026
23025,ds005280,sub-125,17,4.0,3.5,1,0.27451995,9.196544
23026,ds005280,sub-125,18,6.0,4.0,0,27.27864,13.668841
23027,ds005280,sub-125,19,3.0,3.5,1,9.403925,27.545887
23028,ds005280,sub-125,20,3.0,4.0,1,-5.0940495,15.218125
23029,ds005280,sub-126,0,5.0,3.0,1,19.116928,45.94125
23030,ds005280,sub-126,1,6.0,3.5,0,55.334736,-0.2681174
23031,ds005280,sub-126,2,8.0,3.5,0,76.78584,5.869047
23032,ds005280,sub-126,3,7.0,3.5,0,66.14581,21.966291
23033,ds005280,sub-126,4,4.0,3.0,2,33.209187,-35.587616
23034,ds005280,sub-126,5,2.0,3.0,3,-42.521847,-21.154078
23035,ds005280,sub-126,6,2.0,3.0,1,-21.904354,59.2167
23036,ds005280,sub-126,7,1.0,3.0,2,20.436966,-41.369144
23037,ds005280,sub-126,8,7.0,3.5,0,51.103367,1.8175542
23038,ds005280,sub-126,9,2.0,3.0,3,-25.105024,-14.088365
23039,ds005280,sub-126,10,2.0,3.5,2,34.67625,-40.418484
23040,ds005280,sub-126,11,1.0,3.0,1,-25.471094,40.35823
23041,ds005280,sub-126,12,6.0,3.5,0,51.273834,3.6331997
23042,ds005280,sub-126,13,3.0,3.0,0,45.603687,37.989536
23043,ds005280,sub-126,14,2.0,3.0,2,-23.60976,-40.50253
23044,ds005280,sub-126,15,7.0,3.5,0,84.91238,14.551714
23045,ds005280,sub-126,16,6.0,3.5,1,19.42253,45.56348
23046,ds005280,sub-126,17,3.0,3.0,3,-22.993324,-9.31563
23047,ds005280,sub-126,18,5.0,3.5,0,39.99324,-2.5763948
23048,ds005280,sub-126,19,7.0,3.5,0,81.21602,9.591235
23049,ds005280,sub-126,20,3.0,3.0,3,-63.50637,-12.705585
23050,ds005280,sub-126,21,4.0,3.0,1,17.539595,4.763068
23051,ds005280,sub-126,22,4.0,3.0,2,-7.1658597,-29.581476
23052,ds005280,sub-126,23,7.0,3.5,0,82.66156,1.5270356
23053,ds005280,sub-126,24,2.0,3.0,3,-47.290638,29.659634
23054,ds005280,sub-126,25,7.0,3.5,0,68.57562,12.882964
23055,ds005280,sub-127,0,6.0,3.5,3,-42.301685,-5.427221
23056,ds005280,sub-127,1,9.0,4.0,0,26.517693,1.4888262
23057,ds005280,sub-127,2,9.0,4.0,0,39.14496,37.008762
23058,ds005280,sub-127,3,7.0,4.0,2,2.6179595,0.62574816
23059,ds005280,sub-127,4,6.0,3.5,3,-32.341644,-24.70079
23060,ds005280,sub-127,5,4.0,3.5,3,-40.32285,27.943827
23061,ds005280,sub-127,6,4.0,3.5,3,-46.942204,-12.44149
23062,ds005280,sub-127,7,7.0,3.5,2,-7.873879,-4.8241725
23063,ds005280,sub-127,8,9.0,4.0,1,-24.107767,34.116394
23064,ds005280,sub-127,9,3.0,3.5,1,-28.35032,40.8239
23065,ds005280,sub-127,10,8.0,4.0,1,11.328218,35.553253
23066,ds005280,sub-127,11,5.0,3.5,1,10.60051,24.057165
23067,ds005280,sub-127,12,10.0,4.0,1,16.154545,28.696056
23068,ds005280,sub-127,13,5.0,3.5,2,-17.662642,-33.084305
23069,ds005280,sub-127,14,8.0,3.5,0,55.046055,43.702583
23070,ds005280,sub-127,15,7.0,4.0,2,9.802616,-0.5942442
23071,ds005280,sub-127,16,6.0,4.0,3,-51.675312,-9.698453
23072,ds005280,sub-127,17,5.0,3.5,3,-45.661583,-32.07839
23073,ds005280,sub-127,18,8.0,4.0,3,-46.67472,18.602757
23074,ds005280,sub-127,19,5.0,4.0,3,-59.1814,25.69518
23075,ds005280,sub-127,20,7.0,3.5,3,-65.794945,31.967167
23076,ds005280,sub-127,21,8.0,3.5,2,-10.6814375,-1.0562874
23077,ds005280,sub-127,22,6.0,3.5,3,-32.981094,23.300144
23078,ds005280,sub-127,23,4.0,3.5,2,-35.179882,-52.911808
23079,ds005280,sub-127,24,6.0,4.0,3,-45.567657,-29.24888
23080,ds005280,sub-127,25,8.0,3.5,1,-24.65485,46.74703
23081,ds005280,sub-127,26,8.0,4.0,3,-50.07128,-17.32265
23082,ds005280,sub-127,27,5.0,4.0,2,-9.720774,-0.4512779
23083,ds005280,sub-128,0,7.0,3.5,1,22.871721,23.481604
23084,ds005280,sub-128,1,9.0,4.0,0,47.422207,22.586246
23085,ds005280,sub-128,2,10.0,4.0,0,72.49871,12.89527
23086,ds005280,sub-128,3,10.0,4.0,0,63.351734,-11.719971
23087,ds005280,sub-128,4,9.0,4.0,0,67.03305,5.6339684
23088,ds005280,sub-128,5,5.0,3.5,0,45.958794,5.0273423
23089,ds005280,sub-128,6,6.0,3.5,0,74.567894,1.4292977
23090,ds005280,sub-128,7,8.0,3.5,0,53.216393,1.772532
23091,ds005280,sub-128,8,5.0,3.5,2,10.791252,-0.80026346
23092,ds005280,sub-128,9,9.0,4.0,0,53.113815,-3.703411
23093,ds005280,sub-128,10,8.0,3.5,0,30.794294,-9.458919
23094,ds005280,sub-128,11,10.0,4.0,0,43.747444,3.2863426
23095,ds005280,sub-128,12,8.0,3.5,2,25.195892,-36.684956
23096,ds005280,sub-128,13,10.0,4.0,0,50.195984,-2.5219533
23097,ds005280,sub-128,14,5.0,3.5,2,33.04807,-24.904163
23098,ds005280,sub-128,15,5.0,3.5,1,15.433059,5.4192805
23099,ds005280,sub-128,16,9.0,4.0,3,-45.22562,27.179283
23100,ds005280,sub-128,17,8.0,4.0,0,56.044373,9.268262
23101,ds005280,sub-128,18,3.0,3.5,1,-7.7374163,44.286434
23102,ds005280,sub-128,19,7.0,4.0,0,58.370636,-2.9594665
23103,ds005280,sub-128,20,8.0,4.0,0,43.833668,22.504225
23104,ds005280,sub-128,21,8.0,3.5,0,44.218735,20.859648
23105,ds005280,sub-128,22,7.0,3.5,2,18.943295,-17.428947
23106,ds005280,sub-128,23,6.0,3.5,1,-11.003199,12.905698
23107,ds005280,sub-128,24,7.0,3.5,1,18.089096,3.0357072
23108,ds005280,sub-128,25,9.0,4.0,0,43.820366,-2.9138277
23109,ds005280,sub-128,26,7.0,3.5,1,18.280563,16.759531
23110,ds005280,sub-128,27,10.0,4.0,1,20.66821,9.375995
23111,ds005280,sub-128,28,9.0,4.0,0,46.164124,11.095902
23112,ds005280,sub-128,29,8.0,4.0,0,41.20805,9.066163
23113,ds005280,sub-129,0,5.0,3.5,1,-9.787003,12.526781
23114,ds005280,sub-129,1,7.0,4.0,0,53.465073,17.590425
23115,ds005280,sub-129,2,7.0,4.0,0,72.63371,8.555253
23116,ds005280,sub-129,3,7.0,4.0,0,78.21014,14.905536
23117,ds005280,sub-129,4,7.0,4.0,0,76.37583,-2.164157
23118,ds005280,sub-129,5,5.0,3.5,3,-64.94801,-30.441349
23119,ds005280,sub-129,6,5.0,3.5,3,-25.343288,2.5944784
23120,ds005280,sub-129,7,5.0,3.5,1,-1.3407711,24.4349
23121,ds005280,sub-129,8,3.0,3.5,1,-4.811748,10.406326
23122,ds005280,sub-129,9,8.0,4.0,0,76.27912,-5.6540275
23123,ds005280,sub-129,10,5.0,3.5,3,-45.9415,15.632653
23124,ds005280,sub-129,11,6.0,4.0,1,-3.9826748,28.463404
23125,ds005280,sub-129,12,6.0,3.5,3,-27.276525,12.278249
23126,ds005280,sub-129,13,6.0,4.0,3,-20.637348,-3.6777668
23127,ds005280,sub-129,14,5.0,3.5,1,-11.992208,6.940027
23128,ds005280,sub-129,15,4.0,3.5,2,-6.9507174,-6.919215
23129,ds005280,sub-129,16,6.0,4.0,0,39.279713,-13.497378
23130,ds005280,sub-129,17,7.0,4.0,1,-12.62509,15.141699
23131,ds005280,sub-129,18,5.0,3.5,1,-16.042704,27.888767
23132,ds005280,sub-129,19,7.0,4.0,1,37.81782,42.178585
23133,ds005280,sub-129,20,6.0,4.0,3,-72.02264,-29.096704
23134,ds005280,sub-129,21,4.0,3.5,1,-3.745854,15.035371
23135,ds005280,sub-129,22,3.0,3.5,1,2.673601,2.22427
23136,ds005280,sub-129,23,6.0,3.5,1,14.197706,18.712154
23137,ds005280,sub-129,24,3.0,3.5,2,-23.453829,-32.579857
23138,ds005280,sub-129,25,5.0,4.0,1,8.097077,17.831139
23139,ds005280,sub-129,26,1.0,3.5,1,-13.888442,6.2800393
23140,ds005280,sub-129,27,5.0,4.0,2,-7.3967338,-7.915307
23141,ds005280,sub-129,28,6.0,4.0,2,-22.575832,-36.69867
23142,ds005280,sub-129,29,5.0,4.0,1,-9.939019,54.006786
23143,ds005280,sub-130,0,4.0,3.0,0,37.507637,11.162349
23144,ds005280,sub-130,1,6.0,3.5,0,69.23794,10.665654
23145,ds005280,sub-130,2,5.0,3.5,0,68.34056,13.922181
23146,ds005280,sub-130,3,5.0,3.5,0,87.63947,17.979137
23147,ds005280,sub-130,4,4.0,3.0,0,72.03662,8.610699
23148,ds005280,sub-130,5,5.0,3.0,0,63.936176,13.494332
23149,ds005280,sub-130,6,5.0,3.0,0,41.347145,9.373491
23150,ds005280,sub-130,7,5.0,3.0,0,53.267563,-5.7812104
23151,ds005280,sub-130,8,6.0,3.5,0,78.11755,16.995588
23152,ds005280,sub-130,9,4.0,3.0,1,9.594244,53.39153
23153,ds005280,sub-130,10,5.0,3.5,1,16.3338,55.472736
23154,ds005280,sub-130,11,5.0,3.0,0,64.670135,10.934571
23155,ds005280,sub-130,12,7.0,3.5,0,83.9847,16.694836
23156,ds005280,sub-130,13,4.0,3.0,0,55.555023,12.071654
23157,ds005280,sub-130,14,3.0,3.0,1,18.202988,16.69183
23158,ds005280,sub-130,15,6.0,3.5,0,59.391483,40.346157
23159,ds005280,sub-130,16,5.0,3.5,0,54.72243,-6.120956
23160,ds005280,sub-130,17,5.0,3.0,0,72.72089,20.305134
23161,ds005280,sub-130,18,7.0,3.5,0,62.46308,37.19445
23162,ds005280,sub-130,19,7.0,3.5,1,27.025154,40.674732
23163,ds005280,sub-130,20,4.0,3.0,0,60.678986,17.495213
23164,ds005280,sub-130,21,5.0,3.0,0,65.80535,20.0305
23165,ds005280,sub-130,22,4.0,3.0,0,77.76071,15.19507
23166,ds005280,sub-130,23,6.0,3.5,0,70.95429,18.677412
23167,ds005280,sub-130,24,5.0,3.0,0,56.082516,-2.7841952
23168,ds005280,sub-130,25,6.0,3.5,0,74.25506,17.975424
23169,ds005280,sub-130,26,6.0,3.5,0,63.91624,16.773659
23170,ds005280,sub-130,27,6.0,3.5,1,27.766357,35.004494
23171,ds005280,sub-131,0,4.0,3.5,2,-25.987617,-23.304941
23172,ds005280,sub-131,1,4.0,4.0,0,65.75558,8.608085
23173,ds005280,sub-131,2,8.0,4.0,1,16.880459,45.05539
23174,ds005280,sub-131,3,9.0,4.0,0,36.16576,-13.189518
23175,ds005280,sub-131,4,7.0,4.0,0,39.58271,2.9052978
23176,ds005280,sub-131,5,8.0,3.5,1,1.6855985,8.754801
23177,ds005280,sub-131,6,7.0,3.5,3,-62.615654,26.957264
23178,ds005280,sub-131,7,7.0,3.5,3,-45.234283,-45.126667
23179,ds005280,sub-131,8,8.0,3.5,3,-63.401825,-32.97821
23180,ds005280,sub-131,9,8.0,4.0,0,37.85973,24.269747
23181,ds005280,sub-131,10,4.0,3.5,3,-27.886354,18.15581
23182,ds005280,sub-131,11,7.0,4.0,2,-18.635143,-21.391674
23183,ds005280,sub-131,12,7.0,3.5,3,-62.849247,12.874275
23184,ds005280,sub-131,13,9.0,4.0,0,42.63315,0.47906876
23185,ds005280,sub-131,14,8.0,3.5,1,-11.0186405,29.63761
23186,ds005280,sub-131,15,7.0,3.5,1,-26.267508,17.640362
23187,ds005280,sub-131,16,8.0,4.0,0,38.09184,-9.400235
23188,ds005280,sub-131,17,7.0,4.0,3,-55.42179,19.526638
23189,ds005280,sub-131,18,7.0,3.5,3,-57.228706,-10.297771
23190,ds005280,sub-131,19,10.0,4.0,0,40.109596,19.73716
23191,ds005280,sub-131,20,8.0,4.0,3,-61.349712,17.746279
23192,ds005280,sub-131,21,7.0,3.5,2,20.060135,-42.823708
23193,ds005280,sub-131,22,9.0,3.5,2,11.112544,1.5598358
23194,ds005280,sub-131,23,10.0,3.5,0,73.110504,-11.36312
23195,ds005280,sub-131,24,6.0,3.5,1,-6.655279,53.92997
23196,ds005280,sub-131,25,8.0,4.0,2,23.613413,-25.77237
23197,ds005280,sub-131,26,8.0,3.5,3,-35.739517,25.040686
23198,ds005280,sub-131,27,9.0,4.0,0,40.672096,1.7913152
23199,ds005280,sub-131,28,10.0,4.0,1,19.915512,28.17029
23200,ds005280,sub-131,29,10.0,4.0,0,40.469467,16.673933
23201,ds005280,sub-132,0,4.0,3.5,3,-37.1064,5.6754823
23202,ds005280,sub-132,1,6.0,4.0,0,52.874084,-30.4188
23203,ds005280,sub-132,2,6.0,4.0,2,28.1816,-37.74074
23204,ds005280,sub-132,3,7.0,4.0,2,16.742504,-56.9294
23205,ds005280,sub-132,4,6.0,4.0,2,-9.0105505,-62.06055
23206,ds005280,sub-132,5,5.0,3.5,3,-39.173313,6.428223
23207,ds005280,sub-132,6,6.0,3.5,2,19.731485,-53.228565
23208,ds005280,sub-132,7,5.0,3.5,2,17.742811,-59.475876
23209,ds005280,sub-132,8,6.0,3.5,2,21.522633,-22.858486
23210,ds005280,sub-132,9,5.0,4.0,2,17.072042,-32.284477
23211,ds005280,sub-132,10,6.0,3.5,3,-54.90283,-45.741703
23212,ds005280,sub-132,11,6.0,4.0,2,-0.57476103,-14.477785
23213,ds005280,sub-132,12,6.0,3.5,2,-33.126163,-46.946182
23214,ds005280,sub-132,13,6.0,4.0,2,-20.078787,-33.697205
23215,ds005280,sub-132,14,4.0,3.5,3,-54.192276,-48.51328
23216,ds005280,sub-132,15,5.0,3.5,2,-6.8930373,1.3728728
23217,ds005280,sub-132,16,5.0,4.0,3,-48.978752,14.18776
23218,ds005280,sub-132,17,6.0,4.0,3,-56.5594,-50.186596
23219,ds005280,sub-132,18,7.0,3.5,2,20.332853,-20.490229
23220,ds005280,sub-132,19,8.0,4.0,2,16.93653,-57.026794
23221,ds005280,sub-132,20,7.0,4.0,2,17.32887,-52.438114
23222,ds005280,sub-132,21,5.0,3.5,3,-29.42956,5.99619
23223,ds005280,sub-132,22,6.0,3.5,2,24.824402,-49.170334
23224,ds005280,sub-132,23,6.0,3.5,3,-55.18876,-48.98801
23225,ds005280,sub-132,24,5.0,3.5,1,-31.078629,35.37891
23226,ds005280,sub-132,25,5.0,4.0,2,2.6905832,-18.778097
23227,ds005280,sub-132,26,6.0,3.5,2,-0.57581013,-36.580406
23228,ds005280,sub-132,27,8.0,4.0,2,12.093268,-11.912431
23229,ds005280,sub-132,28,7.0,4.0,2,15.595724,1.5492277
23230,ds005280,sub-132,29,8.0,4.0,2,12.136852,-57.54399
23231,ds005280,sub-133,0,1.0,3.0,3,-57.63586,23.25767
23232,ds005280,sub-133,1,4.0,3.5,2,19.352499,-17.147717
23233,ds005280,sub-133,2,5.0,3.5,2,22.510138,-9.805185
23234,ds005280,sub-133,3,4.0,3.5,2,17.558214,-1.5589877
23235,ds005280,sub-133,4,4.0,3.5,2,17.016876,-31.150387
23236,ds005280,sub-133,5,5.0,3.0,2,-4.514458,-57.83864
23237,ds005280,sub-133,6,2.0,3.0,1,-10.223442,46.496243
23238,ds005280,sub-133,7,3.0,3.0,2,-7.56576,-59.125946
23239,ds005280,sub-133,8,3.0,3.0,2,38.249634,-38.161854
23240,ds005280,sub-133,9,4.0,3.5,3,-28.017736,6.422726
23241,ds005280,sub-133,10,2.0,3.0,0,54.471233,-35.625935
23242,ds005280,sub-133,11,3.0,3.5,2,26.062496,-24.349504
23243,ds005280,sub-133,12,3.0,3.0,2,25.127153,-36.195023
23244,ds005280,sub-133,13,4.0,3.5,2,29.956501,-34.149975
23245,ds005280,sub-133,14,3.0,3.0,1,-19.161936,16.973166
23246,ds005280,sub-133,15,3.0,3.0,3,-32.606388,-28.0686
23247,ds005280,sub-133,16,4.0,3.5,2,23.576508,-8.536125
23248,ds005280,sub-133,17,4.0,3.5,1,-3.8386102,43.234882
23249,ds005280,sub-133,18,4.0,3.0,2,28.675285,-33.980064
23250,ds005280,sub-133,19,5.0,3.5,2,20.07267,0.33772096
23251,ds005280,sub-133,20,3.0,3.5,2,14.926924,-37.921535
23252,ds005280,sub-133,21,4.0,3.0,3,-31.698393,-24.493847
23253,ds005280,sub-133,22,5.0,3.0,2,-9.536905,-60.835632
23254,ds005280,sub-133,23,4.0,3.0,2,3.2707524,-57.468918
23255,ds005280,sub-133,24,3.0,3.0,3,-54.698032,-29.711107
23256,ds005280,sub-133,25,4.0,3.5,2,30.390902,-25.490746
23257,ds005280,sub-133,26,2.0,3.0,3,-68.12351,-18.34963
23258,ds005280,sub-133,27,4.0,3.5,1,-8.049394,6.1212463
23259,ds005280,sub-133,28,5.0,3.5,1,6.0045233,41.419174
23260,ds005280,sub-133,29,4.0,3.5,0,20.84832,1.594184
23261,ds005280,sub-134,0,4.0,3.5,0,64.51925,-11.965438
23262,ds005280,sub-134,1,6.0,4.0,1,9.860452,58.952625
23263,ds005280,sub-134,2,5.0,4.0,1,-5.724705,68.26732
23264,ds005280,sub-134,3,6.0,4.0,1,26.008348,37.23172
23265,ds005280,sub-134,4,6.0,4.0,1,12.604742,58.24082
23266,ds005280,sub-134,5,5.0,3.5,2,26.996048,-34.10807
23267,ds005280,sub-134,6,4.0,3.5,2,27.708412,-33.8263
23268,ds005280,sub-134,7,6.0,3.5,1,-4.91365,66.72495
23269,ds005280,sub-134,8,5.0,3.5,0,65.38724,-1.2340829
23270,ds005280,sub-134,9,6.0,4.0,0,36.137627,19.231724
23271,ds005280,sub-134,10,4.0,3.5,3,-33.475765,-28.571943
23272,ds005280,sub-134,11,5.0,4.0,1,-1.4177177,64.46635
23273,ds005280,sub-134,12,5.0,3.5,2,37.343117,-44.753384
23274,ds005280,sub-134,13,6.0,4.0,2,26.985605,-34.158287
23275,ds005280,sub-134,14,5.0,3.5,0,61.64609,-12.515094
23276,ds005280,sub-134,15,5.0,3.5,2,-27.590105,-41.026264
23277,ds005280,sub-134,16,5.0,4.0,0,54.53901,-24.733559
23278,ds005280,sub-134,17,5.0,4.0,2,13.614401,-16.545544
23279,ds005280,sub-134,18,4.0,3.5,2,17.591578,-45.400665
23280,ds005280,sub-134,19,5.0,4.0,3,-45.173634,-12.935463
23281,ds005280,sub-134,20,5.0,4.0,1,-4.763792,66.60028
23282,ds005280,sub-134,21,5.0,3.5,2,38.637936,-49.632233
23283,ds005280,sub-134,22,5.0,3.5,2,-11.263581,-33.429245
23284,ds005280,sub-134,23,6.0,3.5,0,66.457825,-0.51411897
23285,ds005280,sub-134,24,4.0,3.5,2,14.101095,-14.258342
23286,ds005280,sub-134,25,6.0,4.0,1,7.3863573,58.432877
23287,ds005280,sub-134,26,5.0,3.5,2,35.57472,-36.515022
23288,ds005280,sub-134,27,5.0,4.0,0,39.398495,1.5650095
23289,ds005280,sub-134,28,5.0,4.0,0,55.55903,-34.12244
23290,ds005280,sub-134,29,5.0,4.0,2,39.65525,-50.08815
23291,ds005280,sub-135,0,7.0,3.0,2,5.736879,-51.17543
23292,ds005280,sub-135,1,9.0,3.5,0,54.596516,-29.887972
23293,ds005280,sub-135,2,9.0,3.5,0,58.36064,-36.83428
23294,ds005280,sub-135,3,8.0,3.5,0,56.101875,-34.53515
23295,ds005280,sub-135,4,8.0,3.5,0,37.787285,-11.668532
23296,ds005280,sub-135,5,7.0,3.0,2,-6.955533,-50.41426
23297,ds005280,sub-135,6,4.0,3.0,3,-61.816124,16.39229
23298,ds005280,sub-135,7,6.0,3.0,0,47.953323,-37.026276
23299,ds005280,sub-135,8,8.0,3.0,0,48.854027,-35.384186
23300,ds005280,sub-135,9,9.0,3.5,0,71.78291,-10.662288
23301,ds005280,sub-135,10,5.0,3.0,2,-7.8617163,-41.744827
23302,ds005280,sub-135,11,7.0,3.5,0,55.224735,-33.92281
23303,ds005280,sub-135,12,4.0,3.0,2,16.317547,-45.84338
23304,ds005280,sub-135,13,8.0,3.5,2,20.699146,-11.81172
23305,ds005280,sub-135,14,3.0,3.0,2,21.006578,-52.593086
23306,ds005280,sub-135,15,7.0,3.0,0,39.857174,4.6384015
23307,ds005280,sub-135,16,8.0,3.5,2,22.300478,-52.440872
23308,ds005280,sub-135,17,6.0,3.5,2,11.896972,-6.199836
23309,ds005280,sub-135,18,5.0,3.0,2,1.1634355,-59.51132
23310,ds005280,sub-135,19,6.0,3.5,0,54.35766,-31.79854
23311,ds005280,sub-135,20,5.0,3.5,0,68.19866,-21.727037
23312,ds005280,sub-135,21,4.0,3.0,2,-18.691818,-12.6189165
23313,ds005280,sub-135,22,4.0,3.0,2,34.94326,-34.106594
23314,ds005280,sub-135,23,4.0,3.0,2,38.050667,-39.96684
23315,ds005280,sub-135,24,3.0,3.0,3,-36.429375,-11.13455
23316,ds005280,sub-135,25,6.0,3.5,2,37.73528,-33.20847
23317,ds005280,sub-135,26,6.0,3.0,0,39.01488,9.927301
23318,ds005280,sub-135,27,8.0,3.5,0,35.352303,8.099927
23319,ds005280,sub-135,28,8.0,3.5,2,10.986421,-52.047585
23320,ds005280,sub-135,29,5.0,3.5,0,68.01289,-21.605951
23321,ds005280,sub-136,0,6.0,3.5,2,39.954975,-40.979385
23322,ds005280,sub-136,1,3.0,3.5,2,-15.669981,-27.282969
23323,ds005280,sub-136,2,6.0,3.0,2,5.383584,-46.11026
23324,ds005280,sub-136,3,2.0,3.0,1,-26.382261,40.109497
23325,ds005280,sub-136,4,4.0,3.0,2,-14.733628,-11.344218
23326,ds005280,sub-136,5,1.0,3.0,3,-67.24658,-30.192646
23327,ds005280,sub-136,6,6.0,3.5,2,-4.651133,-13.6062155
23328,ds005280,sub-136,7,2.0,3.0,3,-62.908844,16.027746
23329,ds005280,sub-136,8,5.0,3.5,2,26.934914,-31.691067
23330,ds005280,sub-136,9,4.0,3.0,3,-39.923485,0.4790236
23331,ds005280,sub-136,10,5.0,3.5,3,-54.86147,-14.664414
23332,ds005280,sub-136,11,5.0,3.0,3,-39.053207,-6.2369356
23333,ds005280,sub-136,12,3.0,3.5,3,-18.32169,3.5243378
23334,ds005280,sub-136,13,3.0,3.5,3,-46.563427,-29.198309
23335,ds005280,sub-136,14,1.0,3.0,3,-54.23358,-34.793247
23336,ds005280,sub-136,15,4.0,3.5,2,-22.530626,-27.16956
23337,ds005280,sub-136,16,4.0,3.5,0,28.987965,18.719542
23338,ds005280,sub-136,17,3.0,3.0,2,-20.72111,-26.275906
23339,ds005280,sub-136,18,1.0,3.0,3,-17.551529,2.325586
23340,ds005280,sub-136,19,3.0,3.0,2,0.9998648,-42.025932
23341,ds005280,sub-136,20,2.0,3.0,3,-29.886229,-7.434857
23342,ds005280,sub-136,21,3.0,3.5,3,-23.107983,8.577045
23343,ds005280,sub-136,22,1.0,3.0,3,-57.961617,-34.396324
23344,ds005280,sub-136,23,5.0,3.5,2,38.415268,-32.18399
23345,ds005280,sub-136,24,5.0,3.5,2,28.261604,-38.046757
23346,ds005280,sub-136,25,5.0,3.5,2,-18.575552,-30.913147
23347,ds005280,sub-137,0,4.0,3.0,0,63.164646,-23.773685
23348,ds005280,sub-137,1,6.0,3.5,0,41.43092,16.308601
23349,ds005280,sub-137,2,5.0,3.5,0,55.081272,33.827534
23350,ds005280,sub-137,3,5.0,3.5,0,37.621048,-5.4595
23351,ds005280,sub-137,4,4.0,3.0,0,32.93372,23.232656
23352,ds005280,sub-137,5,4.0,3.0,0,59.103397,27.513159
23353,ds005280,sub-137,6,6.0,3.0,1,36.777298,43.373108
23354,ds005280,sub-137,7,5.0,3.0,1,32.639706,45.619026
23355,ds005280,sub-137,8,6.0,3.5,0,54.302925,31.482382
23356,ds005280,sub-137,9,4.0,3.0,0,67.38469,-16.02682
23357,ds005280,sub-137,10,4.0,3.0,0,35.351685,-3.7371738
23358,ds005280,sub-137,11,6.0,3.5,0,39.13578,17.116892
23359,ds005280,sub-137,12,3.0,3.0,0,69.35593,-16.074041
23360,ds005280,sub-137,13,3.0,3.0,0,40.306652,13.450185
23361,ds005280,sub-137,14,5.0,3.5,0,36.43247,4.6541677
23362,ds005280,sub-137,15,4.0,3.5,0,40.3362,19.495108
23363,ds005280,sub-137,16,3.0,3.0,0,50.11386,-35.400352
23364,ds005280,sub-137,17,4.0,3.5,0,78.89778,4.3453956
23365,ds005280,sub-137,18,4.0,3.5,0,76.3075,2.271956
23366,ds005280,sub-137,19,3.0,3.0,0,40.298386,13.368488
23367,ds005280,sub-137,20,3.0,3.0,0,38.055813,15.894013
23368,ds005280,sub-137,21,4.0,3.0,1,37.99064,44.822826
23369,ds005280,sub-137,22,5.0,3.0,1,35.048832,48.959797
23370,ds005280,sub-137,23,6.0,3.5,1,15.3715725,21.380695
23371,ds005280,sub-137,24,4.0,3.0,0,33.94868,10.4105625
23372,ds005280,sub-137,25,5.0,3.5,1,34.69068,46.217274
23373,ds005280,sub-137,26,4.0,3.5,0,45.929512,14.466572
23374,ds005280,sub-137,27,4.0,3.5,1,7.2184935,16.950481
23375,ds005280,sub-138,0,10.0,3.5,2,9.287402,-30.591211
23376,ds005280,sub-138,1,10.0,4.0,0,66.101585,17.426525
23377,ds005280,sub-138,2,10.0,4.0,0,57.632385,29.869766
23378,ds005280,sub-138,3,9.0,3.5,0,27.598038,1.2314601
23379,ds005280,sub-138,4,8.0,3.5,3,-29.37978,-8.460174
23380,ds005280,sub-138,5,8.0,3.5,1,-33.858974,44.687946
23381,ds005280,sub-138,6,5.0,3.5,3,-40.962288,14.713999
23382,ds005280,sub-138,7,9.0,4.0,1,-13.730445,43.67056
23383,ds005280,sub-138,8,7.0,3.5,3,-43.152077,24.493584
23384,ds005280,sub-138,9,8.0,4.0,3,-37.303318,29.81749
23385,ds005280,sub-138,10,6.0,3.5,3,-72.52695,-10.725781
23386,ds005280,sub-138,11,9.0,4.0,1,6.638935,7.055654
23387,ds005280,sub-138,12,7.0,3.5,3,-46.722084,26.539568
23388,ds005280,sub-138,13,9.0,3.5,3,-47.349823,-0.34620988
23389,ds005280,sub-138,14,10.0,4.0,3,-45.620373,-24.844084
23390,ds005280,sub-138,15,9.0,4.0,2,-18.644878,-40.326866
23391,ds005280,sub-138,16,5.0,3.5,1,-10.258196,6.6382413
23392,ds005280,sub-138,17,10.0,4.0,0,45.32356,-0.8692966
23393,ds005280,sub-138,18,5.0,3.5,3,-70.600235,23.502426
23394,ds005280,sub-138,19,8.0,3.5,2,-32.84568,-40.13034
23395,ds005280,sub-138,20,8.0,3.5,1,-35.840473,44.053875
23396,ds005280,sub-138,21,10.0,4.0,0,34.332584,4.9037514
23397,ds005280,sub-138,22,6.0,3.5,2,-2.9705503,-24.612535
23398,ds005280,sub-138,23,8.0,4.0,3,-58.984642,-30.051256
23399,ds005280,sub-138,24,10.0,4.0,0,34.252186,0.6064732
23400,ds005280,sub-138,25,9.0,4.0,1,32.701294,55.356586
23401,ds005280,sub-139,0,4.0,3.5,1,-37.67459,47.627697
23402,ds005280,sub-139,1,6.0,4.0,1,-14.735276,18.86622
23403,ds005280,sub-139,2,6.0,4.0,1,16.45754,13.086797
23404,ds005280,sub-139,3,7.0,4.0,1,18.366598,5.1830597
23405,ds005280,sub-139,4,6.0,4.0,1,-3.6464393,59.625202
23406,ds005280,sub-139,5,5.0,3.5,3,-48.484795,-15.355663
23407,ds005280,sub-139,6,5.0,3.5,1,-16.908741,41.54268
23408,ds005280,sub-139,7,5.0,3.5,1,-14.389792,17.127718
23409,ds005280,sub-139,8,4.0,3.5,1,-3.609589,63.4232
23410,ds005280,sub-139,9,7.0,4.0,1,-5.324112,65.05105
23411,ds005280,sub-139,10,4.0,3.5,1,-14.5849285,16.981026
23412,ds005280,sub-139,11,6.0,4.0,3,-34.429817,-10.139109
23413,ds005280,sub-139,12,3.0,3.5,3,-55.657715,35.819256
23414,ds005280,sub-139,13,7.0,4.0,1,-2.2294745,59.041485
23415,ds005280,sub-139,14,5.0,3.5,1,-14.686413,18.425516
23416,ds005280,sub-139,15,4.0,3.5,3,-59.225376,3.681188
23417,ds005280,sub-139,16,6.0,4.0,1,-3.7278607,59.68941
23418,ds005280,sub-139,17,5.0,3.5,2,25.187174,-59.889534
23419,ds005280,sub-139,18,8.0,4.0,1,25.28923,42.004223
23420,ds005280,sub-139,19,4.0,3.5,3,-72.12597,-18.123444
23421,ds005280,sub-139,20,3.0,3.5,2,17.592388,-15.386561
23422,ds005280,sub-139,21,2.0,3.5,3,-28.697422,-18.031534
23423,ds005280,sub-139,22,5.0,3.5,3,-50.89758,-34.776085
23424,ds005280,sub-139,23,4.0,3.5,2,36.569878,-28.956274
23425,ds005280,sub-139,24,7.0,4.0,1,-4.995466,64.5798
23426,ds005280,sub-139,25,4.0,4.0,2,4.157701,-31.055069
23427,ds005280,sub-140,0,3.0,3.0,0,55.024685,-18.809914
23428,ds005280,sub-140,1,4.0,3.5,0,78.104965,1.7006752
23429,ds005280,sub-140,2,4.0,3.5,0,76.32151,2.5320137
23430,ds005280,sub-140,3,4.0,3.5,0,82.87019,-0.653359
23431,ds005280,sub-140,4,4.0,3.5,0,76.33728,3.6058278
23432,ds005280,sub-140,5,3.0,3.0,0,53.559593,-20.312185
23433,ds005280,sub-140,6,4.0,3.0,1,36.86338,50.889168
23434,ds005280,sub-140,7,2.0,3.0,2,44.6176,-44.636417
23435,ds005280,sub-140,8,3.0,3.0,0,68.02498,-16.993412
23436,ds005280,sub-140,9,3.0,3.5,0,75.65892,-3.8702824
23437,ds005280,sub-140,10,1.0,3.0,1,7.4846354,9.88766
23438,ds005280,sub-140,11,5.0,3.5,0,36.850716,6.548765
23439,ds005280,sub-140,12,5.0,3.5,0,63.18766,-17.296585
23440,ds005280,sub-140,13,4.0,3.5,0,69.89097,1.0776985
23441,ds005280,sub-140,14,2.0,3.0,2,4.2187304,-12.773695
23442,ds005280,sub-140,15,3.0,3.0,0,43.563786,-28.784643
23443,ds005280,sub-140,16,2.0,3.0,2,-8.029622,-58.405014
23444,ds005280,sub-140,17,3.0,3.0,0,27.54291,16.875856
23445,ds005280,sub-140,18,4.0,3.5,0,44.822918,-5.6737375
23446,ds005280,sub-141,0,7.0,3.5,0,60.05351,16.723099
23447,ds005280,sub-141,1,9.0,4.0,0,38.303864,25.586195
23448,ds005280,sub-141,2,9.0,4.0,2,31.465157,-24.635675
23449,ds005280,sub-141,3,8.0,4.0,1,-3.1808283,49.891052
23450,ds005280,sub-141,4,9.0,4.0,0,53.14808,17.753315
23451,ds005280,sub-141,5,7.0,3.5,3,-59.272068,-46.585415
23452,ds005280,sub-141,6,7.0,3.5,1,-15.3370495,54.257786
23453,ds005280,sub-141,7,5.0,3.5,2,9.388003,-10.28267
23454,ds005280,sub-141,8,3.0,3.5,2,22.736982,-22.087263
23455,ds005280,sub-141,9,6.0,4.0,0,60.28007,5.4689016
23456,ds005280,sub-141,10,5.0,3.5,0,57.782192,-32.885414
23457,ds005280,sub-141,11,7.0,4.0,1,10.702522,54.2344
23458,ds005280,sub-141,12,6.0,3.5,1,-19.225994,58.211838
23459,ds005280,sub-141,13,6.0,4.0,3,-52.513416,7.9683695
23460,ds005280,sub-141,14,7.0,3.5,3,-58.433887,-43.30164
23461,ds005280,sub-141,15,8.0,3.5,0,68.31378,-4.8369637
23462,ds005280,sub-141,16,5.0,4.0,1,-17.460842,18.698889
23463,ds005280,sub-141,17,4.0,4.0,3,-74.46554,1.9244195
23464,ds005280,sub-141,18,3.0,3.5,3,-38.74051,26.200352
23465,ds005280,sub-141,19,9.0,4.0,0,40.831856,29.963482
23466,ds005280,sub-141,20,4.0,4.0,3,-30.320108,14.217411
23467,ds005280,sub-141,21,5.0,3.5,2,-7.1009626,-43.307816
23468,ds005280,sub-141,22,5.0,3.5,2,-10.16366,-40.33925
23469,ds005280,sub-141,23,3.0,3.5,1,-1.8551211,1.6587445
23470,ds005280,sub-141,24,4.0,3.5,1,-23.465485,21.814438
23471,ds005280,sub-141,25,7.0,4.0,2,33.768913,-39.85743
23472,ds005280,sub-141,26,6.0,4.0,2,4.2221966,-45.254196
23473,ds005280,sub-141,27,7.0,4.0,0,44.808342,-10.157862
23474,ds005280,sub-142,0,4.0,3.5,2,21.660677,-18.961136
23475,ds005280,sub-142,1,6.0,4.0,0,63.58679,26.500648
23476,ds005280,sub-142,2,8.0,4.0,0,79.95566,-3.023684
23477,ds005280,sub-142,3,8.0,4.0,0,60.87473,8.61569
23478,ds005280,sub-142,4,7.0,3.5,2,-4.7028565,-31.320396
23479,ds005280,sub-142,5,4.0,3.5,3,-54.248814,-43.102768
23480,ds005280,sub-142,6,2.0,3.5,2,9.666891,-21.447245
23481,ds005280,sub-142,7,2.0,3.5,3,-59.91926,-23.085716
23482,ds005280,sub-142,8,5.0,4.0,1,1.7879984,21.637798
23483,ds005280,sub-142,9,2.0,3.5,3,-37.55335,-23.587713
23484,ds005280,sub-142,10,3.0,4.0,2,-22.618547,-30.348604
23485,ds005280,sub-142,11,3.0,3.5,3,-44.26557,-21.249035
23486,ds005280,sub-142,12,5.0,4.0,2,6.5805693,-49.441555
23487,ds005280,sub-142,13,2.0,3.5,2,-27.578133,-29.602457
23488,ds005280,sub-142,14,2.0,3.5,1,12.073037,13.045399
23489,ds005280,sub-142,15,4.0,4.0,2,2.2113683,-18.989521
23490,ds005280,sub-142,16,1.0,4.0,3,-25.575592,-0.6288131
23491,ds005280,sub-142,17,2.0,3.5,3,-15.913308,1.3597215
23492,ds005280,sub-142,18,6.0,4.0,1,-6.4630184,50.976486
23493,ds005280,sub-142,19,3.0,4.0,3,-58.420544,-47.247246
23494,ds005280,sub-142,20,2.0,3.5,3,-61.31056,33.78875
23495,ds005280,sub-142,21,4.0,3.5,3,-24.229744,-2.5127158
23496,ds005280,sub-142,22,1.0,3.5,3,-33.215405,-1.0730978
23497,ds005280,sub-142,23,2.0,3.5,2,18.627325,-33.61313
23498,ds005280,sub-142,24,3.0,4.0,3,-33.45129,-27.166988
23499,ds005280,sub-142,25,4.0,3.5,3,-25.912838,5.3365703
23500,ds005280,sub-142,26,3.0,4.0,2,-13.798345,-41.97378
23501,ds005280,sub-142,27,2.0,4.0,3,-62.074245,-12.086204
23502,ds005280,sub-142,28,2.0,4.0,3,-59.670612,-12.800147
23503,ds005280,sub-143,0,5.0,3.5,1,25.980768,37.175167
23504,ds005280,sub-143,1,6.0,4.0,0,78.07603,13.786015
23505,ds005280,sub-143,2,7.0,4.0,0,64.08035,16.916763
23506,ds005280,sub-143,3,8.0,4.0,0,72.41813,27.720364
23507,ds005280,sub-143,4,4.0,4.0,0,84.29296,17.091608
23508,ds005280,sub-143,5,4.0,3.5,0,31.859436,13.016219
23509,ds005280,sub-143,6,5.0,3.5,1,16.788984,27.680431
23510,ds005280,sub-143,7,3.0,3.5,0,66.71724,41.422832
23511,ds005280,sub-143,8,2.0,3.5,1,25.148533,54.4335
23512,ds005280,sub-143,9,8.0,4.0,0,84.0484,16.839817
23513,ds005280,sub-143,10,3.0,3.5,1,-1.8999887,34.86851
23514,ds005280,sub-143,11,8.0,4.0,0,66.06724,39.95958
23515,ds005280,sub-143,12,3.0,3.5,1,-2.4789035,34.3146
23516,ds005280,sub-143,13,6.0,4.0,0,70.63036,41.04103
23517,ds005280,sub-143,14,2.0,3.5,1,39.13008,43.11681
23518,ds005280,sub-143,15,1.0,3.5,1,25.59589,45.33561
23519,ds005280,sub-143,16,8.0,4.0,0,41.345478,-6.3474307
23520,ds005280,sub-143,17,7.0,4.0,1,41.430656,58.467186
23521,ds005280,sub-143,18,3.0,3.5,1,25.24654,54.873837
23522,ds005280,sub-143,19,7.0,4.0,0,70.53901,41.049446
23523,ds005280,sub-143,20,3.0,3.5,3,-43.964874,42.02222
23524,ds005280,sub-143,21,5.0,3.5,2,-16.134089,-26.970045
23525,ds005280,sub-143,22,1.0,3.5,1,15.539338,58.196457
23526,ds005280,sub-143,23,3.0,3.5,1,-6.2499766,60.528515
23527,ds005280,sub-143,24,9.0,4.0,1,42.897007,56.945404
23528,ds005280,sub-143,25,1.0,3.5,1,41.665848,57.178978
23529,ds005280,sub-143,26,10.0,4.0,1,37.379017,41.751022
23530,ds005280,sub-143,27,8.0,4.0,0,73.26085,33.351276
23531,ds005280,sub-143,28,10.0,4.0,1,43.07662,57.439125
23532,ds005280,sub-144,0,4.0,3.5,0,22.147892,1.1199168
23533,ds005280,sub-144,1,6.0,4.0,1,22.485458,14.9537525
23534,ds005280,sub-144,2,8.0,4.0,2,12.958221,-1.0197455
23535,ds005280,sub-144,3,8.0,4.0,0,37.69927,4.1275697
23536,ds005280,sub-144,4,2.0,4.0,0,35.65301,12.330661
23537,ds005280,sub-144,5,5.0,3.5,2,13.564139,0.40144345
23538,ds005280,sub-144,6,6.0,3.5,2,1.7830396,-24.90161
23539,ds005280,sub-144,7,4.0,3.5,1,16.495754,27.89666
23540,ds005280,sub-144,8,4.0,3.5,1,-40.923664,42.72189
23541,ds005280,sub-144,9,8.0,4.0,1,5.652247,34.367397
23542,ds005280,sub-144,10,6.0,3.5,1,-10.940976,22.632637
23543,ds005280,sub-144,11,9.0,4.0,1,21.540728,28.265175
23544,ds005280,sub-144,12,3.0,3.5,3,-38.0763,-22.437046
23545,ds005280,sub-144,13,8.0,4.0,1,18.15421,27.929348
23546,ds005280,sub-144,14,5.0,3.5,1,-5.559825,27.03149
23547,ds005280,sub-144,15,4.0,3.5,1,6.272077,12.182051
23548,ds005280,sub-144,16,8.0,4.0,1,8.937411,50.047344
23549,ds005280,sub-144,17,8.0,4.0,0,34.560802,-1.9019232
23550,ds005280,sub-144,18,7.0,3.5,1,-9.161382,9.749651
23551,ds005280,sub-144,19,8.0,4.0,1,16.760242,34.596825
23552,ds005280,sub-144,20,6.0,4.0,1,33.358513,49.665413
23553,ds005280,sub-144,21,3.0,3.5,1,-16.20855,32.477554
23554,ds005280,sub-144,22,4.0,3.5,3,-20.872732,-4.29972
23555,ds005280,sub-144,23,7.0,3.5,2,-4.3218784,-13.383269
23556,ds005280,sub-144,24,5.0,3.5,3,-58.74663,28.365845
23557,ds005280,sub-144,25,7.0,4.0,2,11.898192,-2.3508005
23558,ds005280,sub-144,26,6.0,3.5,1,-35.905678,34.543797
23559,ds005280,sub-144,27,8.0,4.0,1,-10.324386,40.289772
23560,ds005280,sub-144,28,8.0,4.0,1,4.328725,27.402313
23561,ds005280,sub-144,29,8.0,4.0,2,20.26436,-4.1911864
23562,ds005280,sub-145,0,3.0,3.5,3,-38.28975,23.919374
23563,ds005280,sub-145,1,5.0,4.0,1,6.1689315,51.988117
23564,ds005280,sub-145,2,5.0,4.0,1,7.122706,52.56228
23565,ds005280,sub-145,3,5.0,4.0,1,10.383933,46.847576
23566,ds005280,sub-145,4,7.0,4.0,2,27.949047,-12.274709
23567,ds005280,sub-145,5,4.0,3.5,3,-41.741657,1.3509984
23568,ds005280,sub-145,6,5.0,3.5,3,-55.68537,-2.8605697
23569,ds005280,sub-145,7,4.0,3.5,3,-58.668907,-43.614937
23570,ds005280,sub-145,8,5.0,3.5,3,-53.715485,-29.173876
23571,ds005280,sub-145,9,7.0,4.0,0,38.33358,-15.504495
23572,ds005280,sub-145,10,2.0,3.5,3,-60.297142,38.712692
23573,ds005280,sub-145,11,7.0,4.0,1,-1.0947901,46.527534
23574,ds005280,sub-145,12,3.0,3.5,3,-67.45685,24.81183
23575,ds005280,sub-145,13,8.0,4.0,0,52.841503,-3.6412425
23576,ds005280,sub-145,14,4.0,3.5,2,0.36926273,-33.049713
23577,ds005280,sub-145,15,6.0,3.5,3,-49.937035,23.433323
23578,ds005280,sub-145,16,6.0,4.0,2,-4.3758497,-9.187087
23579,ds005280,sub-145,17,7.0,4.0,0,63.56361,-18.749779
23580,ds005280,sub-145,18,4.0,3.5,3,-46.58545,31.869009
23581,ds005280,sub-145,19,7.0,4.0,2,10.423137,-7.254799
23582,ds005280,sub-145,20,6.0,4.0,2,17.875835,-1.1551021
23583,ds005280,sub-145,21,4.0,3.5,2,4.3018546,-2.7295141
23584,ds005280,sub-145,22,4.0,3.5,1,-10.874045,2.3630085
23585,ds005280,sub-145,23,3.0,3.5,3,-34.844185,-22.226915
23586,ds005280,sub-145,24,5.0,3.5,2,2.5082204,0.7910454
23587,ds005280,sub-145,25,7.0,4.0,1,-33.16436,42.52692
23588,ds005280,sub-145,26,5.0,3.5,3,-52.94993,-13.786183
23589,ds005280,sub-145,27,7.0,4.0,2,16.268206,-8.089392
23590,ds005280,sub-145,28,7.0,4.0,1,25.708374,30.981697
23591,ds005280,sub-145,29,6.0,4.0,0,43.571224,22.710588
23592,ds005280,sub-146,0,4.0,3.0,0,42.880527,14.744487
23593,ds005280,sub-146,1,5.0,3.5,1,17.532598,53.102283
23594,ds005280,sub-146,2,5.0,3.5,1,-2.902808,63.577187
23595,ds005280,sub-146,3,5.0,3.5,0,67.24707,39.439507
23596,ds005280,sub-146,4,4.0,3.5,0,38.771084,26.276258
23597,ds005280,sub-146,5,4.0,3.0,1,23.30805,14.839004
23598,ds005280,sub-146,6,4.0,3.0,0,48.13424,32.406273
23599,ds005280,sub-146,7,3.0,3.0,1,17.795446,46.26953
23600,ds005280,sub-146,8,2.0,3.0,0,36.554253,26.008608
23601,ds005280,sub-146,9,4.0,3.5,0,67.17471,38.27502
23602,ds005280,sub-146,10,4.0,3.5,0,62.477947,27.44476
23603,ds005280,sub-146,11,3.0,3.0,1,10.363867,56.35847
23604,ds005280,sub-146,12,5.0,3.5,0,56.157673,27.617151
23605,ds005280,sub-146,13,3.0,3.0,0,38.15698,25.541471
23606,ds005280,sub-146,14,1.0,3.0,1,3.6333394,3.5166576
23607,ds005280,sub-146,15,4.0,3.5,0,56.883488,28.948835
23608,ds005280,sub-146,16,4.0,3.5,1,39.79947,48.194763
23609,ds005280,sub-146,17,3.0,3.0,0,60.44352,-9.866757
23610,ds005280,sub-146,18,4.0,3.5,1,19.603127,46.78548
23611,ds005280,sub-146,19,4.0,3.5,0,44.099068,19.990068
23612,ds005280,sub-146,20,1.0,3.0,1,-16.558342,53.315628
23613,ds005280,sub-146,21,1.0,3.0,1,-15.033842,47.91187
23614,ds005280,sub-146,22,3.0,3.0,1,24.774773,51.128017
23615,ds005280,sub-146,23,2.0,3.0,1,7.930241,36.618996
23616,ds005280,sub-146,24,4.0,3.5,0,58.259537,21.24282
23617,ds005280,sub-146,25,3.0,3.0,1,21.679188,18.93149
23618,ds005280,sub-146,26,3.0,3.5,2,30.906683,-34.714054
23619,ds005280,sub-146,27,4.0,3.5,0,62.032864,15.0083685
23620,ds005280,sub-146,28,5.0,3.5,0,36.987156,37.42335
23621,ds005280,sub-147,0,3.0,3.5,3,-48.908363,12.950313
23622,ds005280,sub-147,1,5.0,4.0,0,89.64859,20.388008
23623,ds005280,sub-147,2,6.0,4.0,0,89.10847,20.729681
23624,ds005280,sub-147,3,5.0,4.0,0,84.79476,12.765853
23625,ds005280,sub-147,4,6.0,4.0,0,88.384766,22.279781
23626,ds005280,sub-147,5,2.0,3.5,0,68.75466,21.181072
23627,ds005280,sub-147,6,4.0,3.5,0,68.68167,37.0508
23628,ds005280,sub-147,7,4.0,3.5,3,-35.370136,11.771308
23629,ds005280,sub-147,8,3.0,3.5,3,-22.478317,2.15527
23630,ds005280,sub-147,9,6.0,4.0,0,89.4047,21.100563
23631,ds005280,sub-147,10,2.0,3.5,1,-6.823095,38.603146
23632,ds005280,sub-147,11,7.0,4.0,0,88.80511,22.030018
23633,ds005280,sub-147,12,3.0,3.5,2,43.811096,-45.913822
23634,ds005280,sub-147,13,7.0,4.0,0,88.31924,22.303427
23635,ds005280,sub-147,14,1.0,3.5,2,-20.325533,-57.385334
23636,ds005280,sub-147,15,2.0,3.5,2,9.527756,-45.70912
23637,ds005280,sub-147,16,5.0,4.0,0,88.433525,19.91935
23638,ds005280,sub-147,17,3.0,4.0,0,36.00195,-2.5101707
23639,ds005280,sub-147,18,1.0,3.5,1,-10.200286,18.404009
23640,ds005280,sub-147,19,7.0,4.0,0,89.97573,20.3978
23641,ds005280,sub-147,20,1.0,3.5,3,-54.015137,-43.046024
23642,ds005280,sub-147,21,5.0,3.5,0,49.639183,37.765213
23643,ds005280,sub-147,22,4.0,3.5,2,10.868398,-56.945107
23644,ds005280,sub-147,23,1.0,3.5,3,-35.39985,-14.46901
23645,ds005280,sub-147,24,7.0,4.0,0,89.77749,20.17398
23646,ds005280,sub-147,25,2.0,3.5,2,-18.898817,-6.1361976
23647,ds005280,sub-147,26,6.0,4.0,2,-10.710431,-56.7344
23648,ds005280,sub-147,27,7.0,4.0,0,87.866806,19.662535
23649,ds005280,sub-147,28,7.0,4.0,0,67.004944,28.621065
23650,ds005280,sub-148,0,5.0,3.5,2,19.348635,-46.94676
23651,ds005280,sub-148,1,7.0,4.0,0,71.99951,-8.608414
23652,ds005280,sub-148,2,9.0,4.0,0,49.891434,-32.739388
23653,ds005280,sub-148,3,10.0,4.0,0,64.197014,-7.290042
23654,ds005280,sub-148,4,10.0,4.0,0,85.05063,-6.368309
23655,ds005280,sub-148,5,3.0,3.5,2,24.4158,-13.210212
23656,ds005280,sub-148,6,6.0,3.5,0,51.890263,-10.623439
23657,ds005280,sub-148,7,7.0,3.5,0,63.30402,-8.284121
23658,ds005280,sub-148,8,5.0,3.5,2,-9.737487,-25.807945
23659,ds005280,sub-148,9,10.0,4.0,0,71.393715,-18.60556
23660,ds005280,sub-148,10,4.0,3.5,1,-18.897612,54.967617
23661,ds005280,sub-148,11,8.0,4.0,0,69.10214,-7.6210694
23662,ds005280,sub-148,12,4.0,3.5,2,24.684767,-29.386848
23663,ds005280,sub-148,13,10.0,4.0,0,67.727165,-16.582037
23664,ds005280,sub-148,14,4.0,3.5,3,-45.513073,33.27732
23665,ds005280,sub-148,15,4.0,3.5,1,-6.5806885,38.726967
23666,ds005280,sub-148,16,9.0,4.0,0,69.67786,-3.4918773
23667,ds005280,sub-148,17,9.0,4.0,0,73.87636,21.672548
23668,ds005280,sub-148,18,4.0,3.5,0,64.657265,-6.977361
23669,ds005280,sub-148,19,10.0,4.0,0,82.102776,-7.963282
23670,ds005280,sub-148,20,7.0,4.0,0,67.65677,-4.333925
23671,ds005280,sub-148,21,4.0,3.5,2,37.89455,-37.423004
23672,ds005280,sub-148,22,4.0,3.5,3,-70.61288,-5.925688
23673,ds005280,sub-148,23,5.0,3.5,0,46.859337,33.71276
23674,ds005280,sub-148,24,3.0,3.5,3,-65.21122,12.353487
23675,ds005280,sub-148,25,9.0,4.0,0,85.691284,7.8640337
23676,ds005280,sub-148,26,3.0,3.5,2,-3.352541,-32.236595
23677,ds005280,sub-148,27,10.0,4.0,1,27.511795,42.74446
23678,ds005280,sub-148,28,9.0,4.0,0,79.088524,20.017963
23679,ds005280,sub-148,29,8.0,4.0,0,79.989944,19.449669
23680,ds005280,sub-149,0,2.0,3.5,3,-35.614555,28.100693
23681,ds005280,sub-149,1,5.0,4.0,0,44.446766,-28.33291
23682,ds005280,sub-149,2,5.0,4.0,2,20.857794,-26.352823
23683,ds005280,sub-149,3,4.0,4.0,2,27.360575,-33.93179
23684,ds005280,sub-149,4,2.0,3.5,3,-59.873333,-23.761545
23685,ds005280,sub-149,5,3.0,3.5,3,-79.30314,-7.494143
23686,ds005280,sub-149,6,2.0,3.5,3,-55.951656,-41.30078
23687,ds005280,sub-149,7,4.0,3.5,3,-65.67487,25.388756
23688,ds005280,sub-149,8,4.0,4.0,2,19.150927,-10.581955
23689,ds005280,sub-149,9,3.0,4.0,3,-63.66477,-29.345924
23690,ds005280,sub-149,10,2.0,3.5,3,-57.333023,-21.638302
23691,ds005280,sub-149,11,2.0,4.0,3,-67.000984,14.035984
23692,ds005280,sub-149,12,1.0,3.5,3,-35.709297,14.751265
23693,ds005280,sub-149,13,0.0,3.5,3,-56.066185,27.74373
23694,ds005280,sub-149,14,4.0,4.0,3,-29.66673,7.027267
23695,ds005280,sub-149,15,2.0,4.0,3,-33.07892,3.5637693
23696,ds005280,sub-149,16,1.0,3.5,3,-44.077545,10.957354
23697,ds005280,sub-149,17,4.0,4.0,1,-12.970784,14.17121
23698,ds005280,sub-149,18,3.0,4.0,3,-22.285639,6.1425447
23699,ds005280,sub-149,19,4.0,3.5,2,-13.928556,-4.337501
23700,ds005280,sub-149,20,4.0,3.5,1,-26.504868,38.474083
23701,ds005280,sub-149,21,5.0,3.5,3,-51.437943,-33.93721
23702,ds005280,sub-149,22,5.0,3.5,3,-70.127045,-19.19531
23703,ds005280,sub-149,23,7.0,4.0,2,11.559909,-27.938808
23704,ds005280,sub-149,24,6.0,3.5,2,9.556886,-50.400444
23705,ds005280,sub-149,25,8.0,4.0,1,7.999208,24.131487
23706,ds005280,sub-149,26,7.0,4.0,2,19.586237,-10.661832
23707,ds005280,sub-149,27,8.0,4.0,0,33.728485,-3.169331
23708,ds005280,sub-150,0,3.0,3.5,2,21.685974,-29.810429
23709,ds005280,sub-150,1,4.0,4.0,0,48.570072,35.420345
23710,ds005280,sub-150,2,5.0,4.0,0,79.40272,6.3710723
23711,ds005280,sub-150,3,7.0,4.0,0,74.80725,-0.30388558
23712,ds005280,sub-150,4,6.0,4.0,0,79.79498,10.042447
23713,ds005280,sub-150,5,4.0,3.5,0,59.089775,15.2940235
23714,ds005280,sub-150,6,3.0,3.5,2,29.658865,-45.214634
23715,ds005280,sub-150,7,4.0,3.5,2,-16.7765,-43.157593
23716,ds005280,sub-150,8,3.0,3.5,2,-0.14408927,-54.928135
23717,ds005280,sub-150,9,5.0,4.0,2,9.322444,-34.99759
23718,ds005280,sub-150,10,3.0,3.5,2,21.996956,-43.57595
23719,ds005280,sub-150,11,7.0,4.0,0,72.938324,0.15037896
23720,ds005280,sub-150,12,4.0,3.5,0,82.60535,8.290257
23721,ds005280,sub-150,13,6.0,4.0,0,66.38022,-11.221586
23722,ds005280,sub-150,14,7.0,3.5,0,69.27033,-18.131618
23723,ds005280,sub-150,15,4.0,3.5,0,76.28334,-1.1642483
23724,ds005280,sub-150,16,5.0,4.0,0,70.18556,-6.671305
23725,ds005280,sub-150,17,6.0,4.0,2,25.28031,-46.471615
23726,ds005280,sub-150,18,7.0,3.5,0,75.190056,-0.16451639
23727,ds005280,sub-150,19,5.0,4.0,0,68.2049,-6.495561
23728,ds005280,sub-150,20,6.0,3.5,0,70.872116,-1.2849457
23729,ds005280,sub-150,21,3.0,3.5,2,29.694185,-47.54343
23730,ds005280,sub-150,22,5.0,3.5,0,74.643166,-1.4581255
23731,ds005280,sub-150,23,5.0,4.0,0,72.73331,-6.2665477
23732,ds005280,sub-151,0,6.0,3.0,2,30.923052,-40.34097
23733,ds005280,sub-151,1,8.0,3.5,1,2.1558352,54.544178
23734,ds005280,sub-151,2,8.0,3.5,0,63.34446,-22.533518
23735,ds005280,sub-151,3,8.0,3.5,0,44.64317,21.328697
23736,ds005280,sub-151,4,8.0,3.5,1,3.2821708,57.36954
23737,ds005280,sub-151,5,6.0,3.0,0,39.67783,5.2918134
23738,ds005280,sub-151,6,7.0,3.0,0,51.41008,47.874844
23739,ds005280,sub-151,7,5.0,3.0,1,1.5286704,45.28939
23740,ds005280,sub-151,8,6.0,3.0,0,37.83981,4.9719996
23741,ds005280,sub-151,9,6.0,3.5,0,47.73719,44.455627
23742,ds005280,sub-151,10,5.0,3.0,2,20.350685,-16.526102
23743,ds005280,sub-151,11,7.0,3.5,0,67.214935,-16.05319
23744,ds005280,sub-151,12,6.0,3.0,0,35.495502,12.214193
23745,ds005280,sub-151,13,8.0,3.5,0,40.29664,12.743711
23746,ds005280,sub-151,14,5.0,3.0,0,83.887054,-6.1936727
23747,ds005280,sub-151,15,4.0,3.0,2,0.82911795,-59.65873
23748,ds005280,sub-151,16,7.0,3.5,0,42.32327,14.69057
23749,ds005280,sub-151,17,8.0,3.5,3,-52.637505,24.95239
23750,ds005280,sub-151,18,6.0,3.0,0,39.764587,7.940662
23751,ds005280,sub-151,19,7.0,3.5,1,3.1931417,57.180363
23752,ds005280,sub-151,20,5.0,3.5,0,63.232193,-22.582357
23753,ds005280,sub-151,21,4.0,3.0,2,37.72892,-32.892673
23754,ds005280,sub-151,22,6.0,3.0,0,42.375317,5.863012
23755,ds005280,sub-151,23,6.0,3.0,0,36.648594,6.781722
23756,ds005280,sub-151,24,5.0,3.0,0,35.93559,8.740235
23757,ds005280,sub-151,25,6.0,3.5,0,34.687763,10.229749
23758,ds005280,sub-151,26,5.0,3.0,0,48.605965,0.3817056
23759,ds005280,sub-151,27,7.0,3.5,0,39.357075,7.353004
23760,ds005280,sub-151,28,6.0,3.5,0,45.30602,6.109783
23761,ds005280,sub-151,29,7.0,3.5,0,26.75958,17.019817
23762,ds005280,sub-152,0,4.0,3.0,0,72.41031,-5.906137
23763,ds005280,sub-152,1,4.0,3.5,0,74.12053,7.643563
23764,ds005280,sub-152,2,4.0,3.5,0,46.474823,-15.703243
23765,ds005280,sub-152,3,4.0,3.5,0,81.428116,10.984922
23766,ds005280,sub-152,4,5.0,3.5,0,54.9385,-6.4275665
23767,ds005280,sub-152,5,3.0,3.0,0,50.369236,40.270775
23768,ds005280,sub-152,6,4.0,3.0,0,60.43129,5.4875703
23769,ds005280,sub-152,7,3.0,3.0,0,49.084835,-9.888508
23770,ds005280,sub-152,8,6.0,3.0,0,53.51723,-12.119037
23771,ds005280,sub-152,9,3.0,3.5,0,74.41203,-6.615544
23772,ds005280,sub-152,10,3.0,3.0,0,66.7086,-11.920809
23773,ds005280,sub-152,11,4.0,3.5,0,79.02713,-1.6674821
23774,ds005280,sub-152,12,3.0,3.0,0,52.0724,-15.593692
23775,ds005280,sub-152,13,4.0,3.5,0,80.59079,1.9206854
23776,ds005280,sub-152,14,3.0,3.0,0,58.55845,-0.43433294
23777,ds005280,sub-152,15,3.0,3.0,0,77.911,5.5902567
23778,ds005280,sub-152,16,5.0,3.5,0,53.285725,-19.260653
23779,ds005280,sub-152,17,4.0,3.5,0,54.79263,-6.3715305
23780,ds005280,sub-152,18,3.0,3.0,0,73.04084,-6.2438617
23781,ds005280,sub-152,19,5.0,3.5,0,34.44605,1.1984669
23782,ds005280,sub-152,20,4.0,3.5,0,49.385536,-7.2189126
23783,ds005280,sub-152,21,3.0,3.0,0,49.229458,-12.633563
23784,ds005280,sub-152,22,4.0,3.0,0,74.010155,-2.1401439
23785,ds005280,sub-152,23,3.0,3.0,0,51.538975,-6.7969866
23786,ds005280,sub-152,24,3.0,3.0,0,49.7664,-16.412
23787,ds005280,sub-152,25,3.0,3.5,0,51.222103,18.245905
23788,ds005280,sub-152,26,4.0,3.0,0,34.009457,-0.13908108
23789,ds005280,sub-152,27,5.0,3.5,0,53.474586,-19.45781
23790,ds005280,sub-152,28,4.0,3.5,1,19.380556,11.002536
23791,ds005280,sub-152,29,3.0,3.5,0,55.186333,-20.402138
23792,ds005280,sub-153,0,4.0,3.5,2,-0.87337244,-12.9944515
23793,ds005280,sub-153,1,5.0,4.0,2,30.120886,-29.892607
23794,ds005280,sub-153,2,9.0,4.0,1,14.703447,57.062943
23795,ds005280,sub-153,3,8.0,4.0,2,43.727844,-40.007652
23796,ds005280,sub-153,4,7.0,4.0,2,44.357536,-38.39185
23797,ds005280,sub-153,5,6.0,3.5,3,-23.283216,-4.3198752
23798,ds005280,sub-153,6,5.0,3.5,3,-43.9146,-48.67442
23799,ds005280,sub-153,7,7.0,3.5,0,30.122972,15.142411
23800,ds005280,sub-153,8,3.0,3.5,2,-0.00014326064,-3.2756495
23801,ds005280,sub-153,9,4.0,4.0,2,-24.995806,-20.447426
23802,ds005280,sub-153,10,4.0,3.5,3,-43.893852,-48.650215
23803,ds005280,sub-153,11,5.0,4.0,3,-55.132534,-38.976223
23804,ds005280,sub-153,12,4.0,3.5,2,2.235141,-35.285877
23805,ds005280,sub-153,13,7.0,4.0,2,30.07468,-43.79767
23806,ds005280,sub-153,14,4.0,3.5,2,-0.27712503,-13.711189
23807,ds005280,sub-153,15,6.0,3.5,1,4.106862,17.611656
23808,ds005280,sub-153,16,7.0,4.0,2,5.8763967,-29.798775
23809,ds005280,sub-153,17,5.0,4.0,2,-15.644737,-10.506012
23810,ds005280,sub-153,18,6.0,3.5,3,-68.04976,-8.994583
23811,ds005280,sub-153,19,8.0,4.0,0,68.66525,-13.364922
23812,ds005280,sub-153,20,3.0,4.0,3,-38.46486,-15.959522
23813,ds005280,sub-153,21,3.0,3.5,2,-24.837547,-17.724009
23814,ds005280,sub-153,22,3.0,3.5,1,-26.544182,36.89579
23815,ds005280,sub-153,23,5.0,3.5,3,-59.610508,14.877316
23816,ds005280,sub-153,24,2.0,3.5,3,-64.49903,-7.9362445
23817,ds005280,sub-153,25,8.0,4.0,0,48.76256,44.286213
23818,ds005280,sub-153,26,5.0,3.5,2,2.6464262,-19.952934
23819,ds005280,sub-153,27,8.0,4.0,2,25.91698,-38.186653
23820,ds005280,sub-153,28,6.0,4.0,3,-38.021908,0.7231684
23821,ds005280,sub-153,29,3.0,4.0,2,9.04503,-20.74604
23822,ds005280,sub-154,0,5.0,3.5,2,10.354661,-38.751278
23823,ds005280,sub-154,1,6.0,4.0,0,48.41175,20.937037
23824,ds005280,sub-154,2,6.0,4.0,0,62.70907,35.23931
23825,ds005280,sub-154,3,5.0,4.0,0,66.908806,15.3336315
23826,ds005280,sub-154,4,7.0,4.0,0,68.278694,37.30925
23827,ds005280,sub-154,5,4.0,3.5,0,34.173946,14.084768
23828,ds005280,sub-154,6,5.0,3.5,0,61.796688,13.4152
23829,ds005280,sub-154,7,4.0,3.5,1,-3.9944324,43.764393
23830,ds005280,sub-154,8,5.0,3.5,0,73.95314,22.966864
23831,ds005280,sub-154,9,7.0,4.0,0,62.793865,34.50587
23832,ds005280,sub-154,10,4.0,3.5,1,23.661427,50.232662
23833,ds005280,sub-154,11,4.0,3.5,1,16.240643,31.478582
23834,ds005280,sub-154,12,7.0,4.0,0,55.774292,43.173016
23835,ds005280,sub-154,13,5.0,3.5,1,20.71548,32.357746
23836,ds005280,sub-154,14,8.0,4.0,0,41.06192,39.31601
23837,ds005280,sub-154,15,7.0,4.0,0,63.69516,31.77777
23838,ds005280,sub-154,16,4.0,3.5,0,53.84364,31.035158
23839,ds005280,sub-154,17,6.0,4.0,0,42.741333,13.555483
23840,ds005280,sub-154,18,4.0,3.5,0,68.37832,19.2769
23841,ds005280,sub-154,19,5.0,3.5,0,41.10266,16.077032
23842,ds005280,sub-154,20,4.0,3.5,0,39.53588,7.9372053
23843,ds005280,sub-154,21,4.0,3.5,1,34.091854,41.57955
23844,ds005280,sub-154,22,5.0,4.0,1,2.6039276,57.931152
23845,ds005280,sub-154,23,7.0,3.5,0,29.164272,8.534606
23846,ds005280,sub-154,24,5.0,4.0,0,67.75189,17.471224
23847,ds005280,sub-154,25,5.0,4.0,0,45.60949,-0.04358547
23848,ds005280,sub-154,26,8.0,4.0,0,57.432438,24.044119
23849,ds005280,sub-155,0,10.0,4.0,0,47.846855,2.873061
23850,ds005280,sub-155,1,9.0,4.0,0,65.3419,-0.7633707
23851,ds005280,sub-155,2,9.0,3.5,1,2.610619,5.384558
23852,ds005280,sub-155,3,8.0,3.5,3,-64.641075,30.114937
23853,ds005280,sub-155,4,9.0,3.5,3,-51.294556,-35.98217
23854,ds005280,sub-155,5,8.0,3.5,3,-33.08056,14.766852
23855,ds005280,sub-155,6,10.0,4.0,2,0.13301414,-29.406796
23856,ds005280,sub-155,7,8.0,3.5,2,-34.46892,-38.7955
23857,ds005280,sub-155,8,10.0,4.0,2,12.427728,-45.579945
23858,ds005280,sub-155,9,6.0,3.5,2,13.648708,-13.079013
23859,ds005280,sub-155,10,9.0,4.0,3,-32.64324,13.725229
23860,ds005280,sub-155,11,6.0,3.5,3,-79.114525,-5.7324867
23861,ds005280,sub-155,12,9.0,3.5,3,-51.604168,15.539039
23862,ds005280,sub-155,13,10.0,4.0,3,-46.70297,-33.149437
23863,ds005280,sub-155,14,9.0,4.0,3,-34.320248,-1.9344864
23864,ds005280,sub-155,15,8.0,3.5,3,-74.926125,17.523424
23865,ds005280,sub-155,16,9.0,4.0,3,-69.31361,6.121242
23866,ds005280,sub-155,17,10.0,4.0,3,-36.199314,-20.548883
23867,ds005280,sub-155,18,8.0,3.5,2,-10.5381155,-18.530031
23868,ds005280,sub-155,19,8.0,3.5,3,-55.40592,4.909544
23869,ds005280,sub-155,20,7.0,3.5,3,-63.159,13.309942
23870,ds005280,sub-155,21,7.0,3.5,3,-74.147484,-17.91491
23871,ds005280,sub-155,22,5.0,4.0,3,-38.599037,-3.6740975
23872,ds005280,sub-155,23,6.0,3.5,3,-73.213196,23.87397
23873,ds005280,sub-155,24,7.0,4.0,3,-71.31584,-17.443878
23874,ds005280,sub-155,25,7.0,4.0,3,-60.98951,0.025318878
23875,ds005280,sub-155,26,9.0,4.0,3,-61.64212,33.600628
23876,ds005280,sub-156,0,3.0,3.0,0,69.967186,7.270514
23877,ds005280,sub-156,1,4.0,3.5,1,36.67303,47.14451
23878,ds005280,sub-156,2,5.0,3.5,0,74.77806,21.541914
23879,ds005280,sub-156,3,5.0,3.5,0,87.36447,14.339135
23880,ds005280,sub-156,4,4.0,3.5,0,71.10015,6.3996644
23881,ds005280,sub-156,5,3.0,3.0,0,71.229485,19.756798
23882,ds005280,sub-156,6,2.0,3.0,2,10.209236,-36.43597
23883,ds005280,sub-156,7,4.0,3.0,0,29.944586,13.308513
23884,ds005280,sub-156,8,3.0,3.0,0,76.898285,20.882372
23885,ds005280,sub-156,9,6.0,3.5,0,87.499344,14.285032
23886,ds005280,sub-156,10,2.0,3.0,0,35.505226,-4.579129
23887,ds005280,sub-156,11,4.0,3.5,0,71.48805,37.866905
23888,ds005280,sub-156,12,3.0,3.0,0,53.25942,19.362268
23889,ds005280,sub-156,13,4.0,3.5,1,36.86143,48.467678
23890,ds005280,sub-156,14,3.0,3.0,1,33.7814,49.897125
23891,ds005280,sub-156,15,3.0,3.0,1,-10.748633,28.181772
23892,ds005280,sub-156,16,6.0,3.5,0,89.16108,14.408692
23893,ds005280,sub-156,17,6.0,3.5,0,87.81768,15.492019
23894,ds005280,sub-156,18,3.0,3.0,0,46.542458,20.355125
23895,ds005280,sub-156,19,6.0,3.5,0,78.216095,18.534824
23896,ds005280,sub-156,20,4.0,3.5,0,88.08077,14.605868
23897,ds005280,sub-156,21,3.0,3.0,2,9.226832,-49.85481
23898,ds005280,sub-156,22,6.0,3.0,0,87.434166,15.650765
23899,ds005280,sub-156,23,3.0,3.0,1,12.332014,20.104753
23900,ds005280,sub-156,24,2.0,3.0,1,12.508287,23.26523
23901,ds005280,sub-156,25,6.0,3.5,0,77.85074,11.418002
23902,ds005280,sub-156,26,5.0,3.0,1,35.32213,50.177364
23903,ds005280,sub-156,27,5.0,3.5,0,71.258385,40.905445
23904,ds005280,sub-156,28,6.0,3.5,0,87.33402,15.645166
23905,ds005280,sub-156,29,5.0,3.5,0,66.25319,23.924736
23906,ds005280,sub-157,0,4.0,3.0,0,55.86984,3.5689025
23907,ds005280,sub-157,1,5.0,3.5,0,62.710793,7.507608
23908,ds005280,sub-157,2,6.0,3.5,0,66.31131,9.490299
23909,ds005280,sub-157,3,5.0,3.5,0,40.94507,4.9254456
23910,ds005280,sub-157,4,5.0,3.5,0,59.220745,2.9056268
23911,ds005280,sub-157,5,5.0,3.0,0,64.027756,20.35664
23912,ds005280,sub-157,6,5.0,3.0,0,56.286503,3.4323747
23913,ds005280,sub-157,7,4.0,3.0,0,39.611813,6.651336
23914,ds005280,sub-157,8,3.0,3.0,2,2.9133756,-48.195286
23915,ds005280,sub-157,9,5.0,3.5,2,33.17499,-34.1313
23916,ds005280,sub-157,10,4.0,3.0,2,12.521055,2.128871
23917,ds005280,sub-157,11,6.0,3.5,0,42.647137,6.0139694
23918,ds005280,sub-157,12,4.0,3.0,3,-32.44972,-12.206783
23919,ds005280,sub-157,13,6.0,3.5,0,59.07894,2.8802958
23920,ds005280,sub-157,14,3.0,3.0,2,-5.069526,-20.61564
23921,ds005280,sub-157,15,4.0,3.0,0,41.965996,5.186465
23922,ds005280,sub-157,16,6.0,3.5,0,61.894943,7.4596443
23923,ds005280,sub-157,17,5.0,3.5,0,46.50899,-7.688893
23924,ds005280,sub-157,18,5.0,3.0,1,20.599934,9.26728
23925,ds005280,sub-157,19,7.0,3.5,0,51.324085,-8.966401
23926,ds005280,sub-157,20,6.0,3.5,0,43.940983,5.0011344
23927,ds005280,sub-157,21,4.0,3.0,3,-33.17831,-26.658731
23928,ds005280,sub-157,22,4.0,3.0,2,-26.042349,-50.971367
23929,ds005280,sub-157,23,5.0,3.0,0,56.862617,2.2258368
23930,ds005280,sub-157,24,3.0,3.0,3,-45.121296,-43.19099
23931,ds005280,sub-157,25,5.0,3.5,0,58.773212,-4.01591
23932,ds005280,sub-157,26,6.0,3.0,0,65.3642,5.0222507
23933,ds005280,sub-157,27,4.0,3.5,2,29.581734,-33.749
23934,ds005280,sub-157,28,4.0,3.5,1,14.107083,2.3005617
23935,ds005280,sub-157,29,6.0,3.5,0,62.854797,2.432933
23936,ds005280,sub-158,0,3.0,3.5,3,-26.586521,-0.007375396
23937,ds005280,sub-158,1,3.0,4.0,3,-34.77983,3.9382985
23938,ds005280,sub-158,2,6.0,4.0,0,52.616035,42.234505
23939,ds005280,sub-158,3,8.0,4.0,0,53.2998,42.831715
23940,ds005280,sub-158,4,6.0,4.0,0,42.39231,14.729297
23941,ds005280,sub-158,5,4.0,3.5,3,-50.722298,-19.308731
23942,ds005280,sub-158,6,5.0,3.5,3,-59.845367,40.283066
23943,ds005280,sub-158,7,3.0,3.5,3,-42.033497,25.085688
23944,ds005280,sub-158,8,2.0,3.5,3,-45.186928,33.2101
23945,ds005280,sub-158,9,3.0,3.5,3,-42.438046,-10.05365
23946,ds005280,sub-158,10,8.0,4.0,1,19.4351,47.24198
23947,ds005280,sub-158,11,4.0,3.5,1,-3.9871752,39.072266
23948,ds005280,sub-158,12,4.0,4.0,1,21.766575,26.520178
23949,ds005280,sub-158,13,3.0,3.5,1,10.394438,46.936546
23950,ds005280,sub-158,14,3.0,3.5,3,-28.048265,2.7209225
23951,ds005280,sub-158,15,6.0,4.0,0,32.117798,4.242501
23952,ds005280,sub-158,16,9.0,4.0,0,62.011295,41.0318
23953,ds005280,sub-158,17,4.0,3.5,1,-7.418608,49.543617
23954,ds005280,sub-158,18,9.0,4.0,0,54.67823,31.540344
23955,ds005280,sub-158,19,4.0,4.0,2,5.4043884,-38.001385
23956,ds005280,sub-158,20,2.0,3.5,3,-46.36985,23.742144
23957,ds005280,sub-158,21,5.0,3.5,0,62.205868,13.539921
23958,ds005280,sub-158,22,3.0,3.5,3,-77.710976,15.849569
23959,ds005280,sub-158,23,8.0,4.0,0,47.533287,9.218177
23960,ds005280,sub-159,0,8.0,3.5,2,10.447309,-30.0142
23961,ds005280,sub-159,1,10.0,4.0,0,44.932606,-5.1490116
23962,ds005280,sub-159,2,10.0,4.0,0,35.914646,-14.249942
23963,ds005280,sub-159,3,10.0,4.0,0,61.301773,-12.249307
23964,ds005280,sub-159,4,10.0,4.0,0,34.537365,11.87204
23965,ds005280,sub-159,5,9.0,3.5,2,6.1599107,-25.891253
23966,ds005280,sub-159,6,10.0,3.5,2,2.7789829,-8.114663
23967,ds005280,sub-159,7,7.0,3.5,3,-28.380924,19.662748
23968,ds005280,sub-159,8,9.0,3.5,2,-26.164604,-48.388935
23969,ds005280,sub-159,9,10.0,4.0,0,43.789032,-2.915915
23970,ds005280,sub-159,10,6.0,3.5,2,-18.824635,-11.834023
23971,ds005280,sub-159,11,8.0,4.0,0,20.751753,3.0622005
23972,ds005280,sub-159,12,9.0,3.5,2,-28.091635,-47.041973
23973,ds005280,sub-159,13,9.0,4.0,0,45.752975,0.38701764
23974,ds005280,sub-159,14,9.0,3.5,3,-41.994537,-26.615158
23975,ds005280,sub-159,15,10.0,3.5,3,-32.551796,-19.59833
23976,ds005280,sub-159,16,10.0,4.0,0,42.348515,6.627023
23977,ds005280,sub-159,17,7.0,4.0,1,-14.766952,3.25671
23978,ds005280,sub-159,18,8.0,3.5,1,-12.115695,14.668288
23979,ds005280,sub-159,19,9.0,4.0,0,27.771627,-4.327596
23980,ds005280,sub-159,20,9.0,4.0,0,31.2297,7.1559343
23981,ds005280,sub-159,21,8.0,3.5,2,-4.167929,-54.510864
23982,ds005280,sub-159,22,9.0,3.5,3,-47.04973,-16.138557
23983,ds005280,sub-159,23,7.0,3.5,0,41.877663,-28.693848
23984,ds005280,sub-159,24,8.0,3.5,3,-38.447216,-38.37374
23985,ds005280,sub-159,25,7.0,4.0,3,-28.547842,14.392994
23986,ds005280,sub-159,26,7.0,3.5,2,1.9632868,-12.3427925
23987,ds005280,sub-159,27,10.0,4.0,0,65.7586,-14.053994
23988,ds005280,sub-159,28,10.0,4.0,0,66.48284,2.190522
23989,ds005280,sub-159,29,9.0,4.0,0,47.877834,-5.722575
23990,ds005280,sub-160,0,7.0,3.5,2,32.597206,-20.085703
23991,ds005280,sub-160,1,9.0,4.0,0,84.17004,-5.584867
23992,ds005280,sub-160,2,10.0,4.0,0,54.645332,28.488588
23993,ds005280,sub-160,3,9.0,4.0,0,82.16489,18.96206
23994,ds005280,sub-160,4,9.0,4.0,0,57.241917,35.30095
23995,ds005280,sub-160,5,3.0,3.5,2,31.347221,-22.060356
23996,ds005280,sub-160,6,4.0,3.5,1,21.141857,22.055159
23997,ds005280,sub-160,7,5.0,3.5,2,7.870344,-40.645058
23998,ds005280,sub-160,8,5.0,3.5,2,22.726273,-48.04601
23999,ds005280,sub-160,9,10.0,4.0,0,54.348835,37.967422
24000,ds005280,sub-160,10,4.0,3.5,2,-14.208015,-52.11065
24001,ds005280,sub-160,11,7.0,4.0,0,57.176052,36.47443
24002,ds005280,sub-160,12,6.0,3.5,2,10.063221,-4.0531154
24003,ds005280,sub-160,13,10.0,4.0,0,57.541992,36.386265
24004,ds005280,sub-160,14,2.0,3.5,0,52.707092,36.96579
24005,ds005280,sub-160,15,4.0,3.5,0,51.68601,33.02233
24006,ds005280,sub-160,16,9.0,4.0,0,32.224167,21.665342
24007,ds005280,sub-160,17,10.0,4.0,0,77.967735,21.041784
24008,ds005280,sub-160,18,3.0,3.5,0,50.408215,31.986513
24009,ds005280,sub-160,19,10.0,4.0,0,55.30891,41.61008
24010,ds005280,sub-160,20,9.0,4.0,0,53.287643,26.615282
24011,ds005280,sub-160,21,3.0,3.5,0,49.09718,43.596584
24012,ds005280,sub-160,22,5.0,3.5,0,47.257446,29.159946
24013,ds005280,sub-160,23,5.0,3.5,0,36.116497,16.953642
24014,ds005280,sub-160,24,3.0,3.5,1,-37.800625,36.229748
24015,ds005280,sub-160,25,9.0,4.0,0,55.9121,36.645424
24016,ds005280,sub-160,26,5.0,3.5,2,12.402713,-49.20629
24017,ds005280,sub-160,27,9.0,4.0,0,53.068737,39.111755
24018,ds005280,sub-160,28,7.0,4.0,0,38.66418,13.540503
24019,ds005280,sub-160,29,10.0,4.0,0,52.413464,38.1706
24020,ds005280,sub-161,0,7.0,3.0,0,74.722824,21.58313
24021,ds005280,sub-161,1,8.0,3.5,0,76.48664,16.939522
24022,ds005280,sub-161,2,8.0,3.5,0,73.2894,15.113227
24023,ds005280,sub-161,3,7.0,3.5,0,77.10901,16.920681
24024,ds005280,sub-161,4,7.0,3.5,0,75.4432,16.17278
24025,ds005280,sub-161,5,3.0,3.0,1,-1.4290172,36.763107
24026,ds005280,sub-161,6,2.0,3.0,1,38.699795,42.66986
24027,ds005280,sub-161,7,5.0,3.0,0,60.839573,26.167875
24028,ds005280,sub-161,8,5.0,3.0,0,75.78248,12.816551
24029,ds005280,sub-161,9,6.0,3.5,1,1.9182702,30.708515
24030,ds005280,sub-161,10,1.0,3.0,0,49.80942,11.444588
24031,ds005280,sub-161,11,5.0,3.5,1,30.67188,28.73356
24032,ds005280,sub-161,12,3.0,3.0,1,31.660482,53.081303
24033,ds005280,sub-161,13,7.0,3.5,1,37.99189,52.065125
24034,ds005280,sub-161,14,5.0,3.0,1,38.21465,52.91901
24035,ds005280,sub-161,15,4.0,3.0,1,31.068491,45.76175
24036,ds005280,sub-161,16,8.0,3.5,0,77.01334,17.223007
24037,ds005280,sub-161,17,9.0,3.5,1,37.380447,46.24959
24038,ds005280,sub-161,18,2.0,3.0,1,2.8147721,28.270227
24039,ds005280,sub-161,19,6.0,3.5,1,42.58982,56.844986
24040,ds005280,sub-161,20,8.0,3.5,0,72.97376,36.612144
24041,ds005280,sub-161,21,2.0,3.0,3,-51.878483,40.343315
24042,ds005280,sub-161,22,1.0,3.0,1,0.85497844,30.207132
24043,ds005280,sub-161,23,4.0,3.0,0,58.80358,19.360449
24044,ds005280,sub-161,24,3.0,3.0,0,58.913944,16.583263
24045,ds005280,sub-161,25,8.0,3.5,1,37.36927,42.0953
24046,ds005280,sub-161,26,3.0,3.0,1,11.86784,25.092407
24047,ds005280,sub-161,27,8.0,3.5,0,40.183456,40.472008
24048,ds005280,sub-161,28,9.0,3.5,0,68.60352,33.98265
24049,ds005280,sub-161,29,5.0,3.5,0,75.81337,-1.5518429
24050,ds005280,sub-162,0,5.0,3.5,3,-44.177834,-11.407074
24051,ds005280,sub-162,1,7.0,4.0,0,69.704124,-13.401981
24052,ds005280,sub-162,2,8.0,4.0,0,68.18642,4.706836
24053,ds005280,sub-162,3,8.0,4.0,0,73.855736,-9.7513685
24054,ds005280,sub-162,4,7.0,4.0,0,72.75217,-4.1958385
24055,ds005280,sub-162,5,6.0,3.5,0,52.19809,9.852756
24056,ds005280,sub-162,6,5.0,3.5,2,25.03543,-41.013638
24057,ds005280,sub-162,7,4.0,3.5,0,32.392452,-1.2090468
24058,ds005280,sub-162,8,6.0,3.5,2,-3.8456476,-1.4802176
24059,ds005280,sub-162,9,8.0,4.0,0,79.84948,-6.0917354
24060,ds005280,sub-162,10,6.0,3.5,2,0.208837,-28.787891
24061,ds005280,sub-162,11,5.0,3.5,2,14.23398,-46.244396
24062,ds005280,sub-162,12,7.0,4.0,0,72.007835,-2.7609398
24063,ds005280,sub-162,13,5.0,3.5,2,-25.955622,-19.12163
24064,ds005280,sub-162,14,6.0,3.5,2,39.058704,-49.785072
24065,ds005280,sub-162,15,9.0,4.0,0,71.51156,-0.7795905
24066,ds005280,sub-162,16,7.0,4.0,0,35.59734,-14.78058
24067,ds005280,sub-162,17,6.0,3.5,1,-8.6841345,15.844033
24068,ds005280,sub-162,18,6.0,4.0,3,-33.10567,-30.616444
24069,ds005280,sub-162,19,7.0,4.0,0,63.29441,-8.266554
24070,ds005280,sub-162,20,6.0,3.5,3,-65.26075,-30.980762
24071,ds005280,sub-162,21,9.0,3.5,0,73.13595,-1.6869233
24072,ds005280,sub-162,22,7.0,3.5,2,6.0066338,-21.942734
24073,ds005280,sub-162,23,7.0,3.5,0,50.1018,-34.077023
24074,ds005280,sub-162,24,8.0,4.0,0,67.972664,-7.1435227
24075,ds005280,sub-162,25,9.0,3.5,0,59.827038,17.065351
24076,ds005280,sub-162,26,7.0,4.0,0,45.37317,-21.721748
24077,ds005280,sub-162,27,6.0,4.0,0,56.401653,-26.297892
24078,ds005280,sub-162,28,7.0,4.0,0,50.58472,-39.045086
24079,ds005280,sub-163,0,4.0,3.5,1,12.185149,19.573145
24080,ds005280,sub-163,1,5.0,4.0,2,32.817673,-22.482075
24081,ds005280,sub-163,2,7.0,4.0,0,75.264694,-7.591967
24082,ds005280,sub-163,3,7.0,4.0,0,62.763428,25.360544
24083,ds005280,sub-163,4,3.0,4.0,0,55.468967,-15.333322
24084,ds005280,sub-163,5,2.0,3.5,0,39.85607,-14.004091
24085,ds005280,sub-163,6,4.0,3.5,0,52.133686,-19.65435
24086,ds005280,sub-163,7,2.0,3.5,0,47.58969,-23.687094
24087,ds005280,sub-163,8,1.0,3.5,0,52.582405,46.373806
24088,ds005280,sub-163,9,6.0,4.0,0,58.68356,-17.59871
24089,ds005280,sub-163,10,2.0,3.5,1,29.590872,26.196062
24090,ds005280,sub-163,11,3.0,4.0,0,32.176792,2.4641464
24091,ds005280,sub-163,12,1.0,3.5,2,5.5852704,-44.609608
24092,ds005280,sub-163,13,4.0,4.0,0,54.937828,-20.398392
24093,ds005280,sub-163,14,3.0,3.5,0,56.83948,-19.094656
24094,ds005280,sub-163,15,2.0,3.5,2,38.538692,-51.860687
24095,ds005280,sub-163,16,3.0,4.0,2,28.91949,-16.16139
24096,ds005280,sub-163,17,5.0,4.0,0,57.131714,-17.45509
24097,ds005280,sub-163,18,0.0,3.5,2,9.650405,-49.01518
24098,ds005280,sub-163,19,4.0,4.0,2,12.293261,-22.067932
24099,ds005280,sub-163,20,3.0,4.0,0,51.12565,17.705378
24100,ds005280,sub-163,21,6.0,3.5,0,35.345024,-21.243076
24101,ds005280,sub-163,22,4.0,3.5,0,41.07845,-9.213865
24102,ds005280,sub-163,23,7.0,3.5,0,31.172405,-0.085964
24103,ds005280,sub-163,24,4.0,3.5,1,-26.989265,21.596926
24104,ds005280,sub-163,25,2.0,4.0,0,65.288475,-4.0709987
24105,ds005280,sub-163,26,4.0,3.5,0,34.157898,-9.084355
24106,ds005280,sub-163,27,4.0,4.0,0,40.704243,20.823067
24107,ds005280,sub-163,28,4.0,4.0,0,75.353966,-3.8813424
24108,ds005280,sub-163,29,0.0,4.0,0,51.928917,34.772446
24109,ds005280,sub-164,0,6.0,3.5,0,36.314808,-3.95583
24110,ds005280,sub-164,1,7.0,4.0,0,77.565285,13.383484
24111,ds005280,sub-164,2,7.0,4.0,1,15.2444935,55.407745
24112,ds005280,sub-164,3,6.0,4.0,0,58.820454,-9.630711
24113,ds005280,sub-164,4,7.0,4.0,0,79.05002,13.7534685
24114,ds005280,sub-164,5,5.0,3.5,1,-3.708462,45.68617
24115,ds005280,sub-164,6,7.0,3.5,1,-36.46174,43.67759
24116,ds005280,sub-164,7,7.0,3.5,0,50.70331,6.492601
24117,ds005280,sub-164,8,2.0,3.5,1,-36.28688,48.74943
24118,ds005280,sub-164,9,4.0,4.0,0,54.842323,36.157364
24119,ds005280,sub-164,10,5.0,3.5,1,-10.290024,46.67426
24120,ds005280,sub-164,11,7.0,4.0,0,38.104465,-0.79129905
24121,ds005280,sub-164,12,2.0,3.5,1,1.2256761,8.64494
24122,ds005280,sub-164,13,4.0,3.5,3,-63.644234,-13.275056
24123,ds005280,sub-164,14,3.0,4.0,0,35.980137,-18.86185
24124,ds005280,sub-164,15,8.0,4.0,1,-9.897159,53.89263
24125,ds005280,sub-164,16,5.0,3.5,1,7.7318144,28.698685
24126,ds005280,sub-164,17,7.0,4.0,1,37.99702,43.663765
24127,ds005280,sub-164,18,5.0,4.0,0,76.559204,13.527604
24128,ds005280,sub-164,19,2.0,3.5,1,-15.383007,4.7061567
24129,ds005280,sub-164,20,2.0,3.5,3,-53.952374,16.533651
24130,ds005280,sub-164,21,4.0,3.5,1,-18.790108,24.806768
24131,ds005280,sub-164,22,1.0,3.5,2,-22.379288,-20.665953
24132,ds005280,sub-164,23,5.0,4.0,2,11.467515,-20.158144
24133,ds005280,sub-164,24,1.0,3.5,3,-68.01859,17.184471
24134,ds005280,sub-164,25,1.0,4.0,2,-18.604765,-40.02004
24135,ds005280,sub-164,26,4.0,4.0,2,29.84868,-19.509466
24136,ds005280,sub-164,27,2.0,4.0,1,-5.0831585,23.295206
24137,ds005280,sub-165,0,6.0,3.5,1,-42.209187,50.421143
24138,ds005280,sub-165,1,6.0,4.0,1,14.552153,32.923176
24139,ds005280,sub-165,2,3.0,4.0,1,-8.57565,25.833076
24140,ds005280,sub-165,3,6.0,4.0,1,-33.938297,34.482487
24141,ds005280,sub-165,4,5.0,4.0,1,-41.32946,52.913258
24142,ds005280,sub-165,5,3.0,3.5,1,-39.701424,50.671223
24143,ds005280,sub-165,6,5.0,3.5,1,23.89288,35.591743
24144,ds005280,sub-165,7,2.0,3.5,1,-41.776592,51.74763
24145,ds005280,sub-165,8,7.0,3.5,1,-41.12883,49.062153
24146,ds005280,sub-165,9,8.0,4.0,1,-41.813503,53.95403
24147,ds005280,sub-165,10,6.0,3.5,1,-0.15288296,44.027714
24148,ds005280,sub-165,11,9.0,4.0,0,61.51229,44.344124
24149,ds005280,sub-165,12,9.0,3.5,1,-38.849773,49.106537
24150,ds005280,sub-165,13,8.0,4.0,1,-37.830784,47.610516
24151,ds005280,sub-165,14,5.0,3.5,1,-41.655933,51.666794
24152,ds005280,sub-165,15,7.0,3.5,1,10.961787,30.084156
24153,ds005280,sub-165,16,8.0,4.0,1,-40.853592,54.125862
24154,ds005280,sub-165,17,9.0,4.0,1,-42.04733,48.81133
24155,ds005280,sub-165,18,9.0,3.5,3,-70.76184,23.62902
24156,ds005280,sub-165,19,9.0,4.0,0,63.5266,43.227806
24157,ds005280,sub-165,20,6.0,4.0,1,-41.786682,51.225437
24158,ds005280,sub-165,21,3.0,3.5,1,-41.00667,51.415497
24159,ds005280,sub-165,22,5.0,3.5,3,-70.35352,22.728687
24160,ds005280,sub-165,23,9.0,3.5,1,-40.036053,50.01875
24161,ds005280,sub-165,24,4.0,3.5,1,-41.510742,53.173195
24162,ds005280,sub-165,25,7.0,4.0,1,-41.90003,51.65644
24163,ds005280,sub-165,26,3.0,3.5,1,31.997662,32.8321
24164,ds005280,sub-165,27,9.0,4.0,3,-51.657646,33.34726
24165,ds005280,sub-165,28,6.0,4.0,1,-34.22111,31.538456
24166,ds005280,sub-165,29,7.0,4.0,1,-43.07483,47.065807
24167,ds005280,sub-166,0,8.0,3.5,2,17.912659,-16.445526
24168,ds005280,sub-166,1,8.0,4.0,1,-21.658936,18.396708
24169,ds005280,sub-166,2,7.0,4.0,1,10.404163,47.676777
24170,ds005280,sub-166,3,5.0,3.5,3,-39.375927,-1.6329875
24171,ds005280,sub-166,4,7.0,3.5,3,-35.662006,-26.596176
24172,ds005280,sub-166,5,5.0,3.5,3,-70.55886,3.2380297
24173,ds005280,sub-166,6,5.0,3.5,3,-56.91497,16.112751
24174,ds005280,sub-166,7,9.0,4.0,2,23.796427,-15.072849
24175,ds005280,sub-166,8,6.0,3.5,3,-67.00826,-15.096066
24176,ds005280,sub-166,9,7.0,3.5,2,-1.9698364,-33.29861
24177,ds005280,sub-166,10,8.0,4.0,2,20.446585,-15.53437
24178,ds005280,sub-166,11,5.0,3.5,1,-16.518064,60.08568
24179,ds005280,sub-166,12,7.0,3.5,3,-42.832092,-21.117315
24180,ds005280,sub-166,13,8.0,4.0,1,-14.926189,60.87753
24181,ds005280,sub-166,14,6.0,3.5,3,-41.381767,32.823586
24182,ds005280,sub-166,15,7.0,4.0,3,-35.02002,26.019762
24183,ds005280,sub-166,16,8.0,4.0,1,-18.636219,21.206692
24184,ds005280,sub-166,17,6.0,3.5,3,-63.179504,22.527288
24185,ds005280,sub-166,18,7.0,3.5,2,-12.463143,-8.552296
24186,ds005280,sub-166,19,7.0,3.5,2,35.321075,-26.52397
24187,ds005280,sub-166,20,6.0,3.5,1,-22.221973,52.454353
24188,ds005280,sub-166,21,8.0,4.0,1,-21.942469,18.384403
24189,ds005280,sub-166,22,7.0,3.5,3,-34.544445,-28.580183
24190,ds005280,sub-166,23,8.0,4.0,2,-6.067583,-35.564205
24191,ds005280,sub-166,24,7.0,4.0,3,-34.54833,9.385163
24192,ds005280,sub-166,25,7.0,4.0,3,-53.8988,11.072154
24193,ds005280,sub-167,0,3.0,3.0,0,48.415382,34.373592
24194,ds005280,sub-167,1,5.0,3.5,0,68.636566,-4.6283555
24195,ds005280,sub-167,2,6.0,3.5,0,75.62889,6.5692625
24196,ds005280,sub-167,3,5.0,3.5,0,67.11631,-4.852931
24197,ds005280,sub-167,4,3.0,3.5,0,66.67226,-7.7699113
24198,ds005280,sub-167,5,4.0,3.0,0,44.71301,36.403416
24199,ds005280,sub-167,6,4.0,3.0,1,26.647287,23.466185
24200,ds005280,sub-167,7,4.0,3.0,0,49.414085,-41.050102
24201,ds005280,sub-167,8,5.0,3.0,0,49.076035,-41.004185
24202,ds005280,sub-167,9,5.0,3.5,0,32.65149,17.267612
24203,ds005280,sub-167,10,4.0,3.0,2,18.993967,-53.27842
24204,ds005280,sub-167,11,5.0,3.5,0,51.293056,47.205315
24205,ds005280,sub-167,12,4.0,3.0,0,55.728054,-12.831078
24206,ds005280,sub-167,13,4.0,3.5,2,17.462065,-30.97052
24207,ds005280,sub-167,14,5.0,3.0,0,38.300323,-2.7533274
24208,ds005280,sub-167,15,4.0,3.0,1,2.3310654,9.885654
24209,ds005280,sub-167,16,5.0,3.5,2,34.755722,-46.16827
24210,ds005280,sub-167,17,3.0,3.5,2,-17.058262,-14.77798
24211,ds005280,sub-167,18,5.0,3.0,0,33.548355,-2.564756
24212,ds005280,sub-167,19,7.0,3.5,0,52.78089,35.203396
24213,ds005280,sub-167,20,5.0,3.5,0,55.41794,-12.705844
24214,ds005280,sub-167,21,5.0,3.0,0,32.654827,-12.556583
24215,ds005280,sub-167,22,6.0,3.0,0,42.690575,30.62389
24216,ds005280,sub-167,23,6.0,3.0,0,60.211308,21.763441
24217,ds005280,sub-167,24,6.0,3.0,0,66.13434,-10.797968
24218,ds005280,sub-167,25,5.0,3.5,0,68.54876,5.275982
24219,ds005280,sub-167,26,7.0,3.0,0,51.875793,48.889004
24220,ds005280,sub-167,27,7.0,3.5,0,60.471153,21.938042
24221,ds005280,sub-167,28,6.0,3.5,0,66.1804,26.284538
24222,ds005280,sub-167,29,6.0,3.5,0,53.332317,10.734008
24223,ds005280,sub-168,0,2.0,3.5,2,-15.742967,-57.30789
24224,ds005280,sub-168,1,4.0,4.0,0,60.37876,-9.847961
24225,ds005280,sub-168,2,4.0,4.0,2,12.20847,-22.30679
24226,ds005280,sub-168,3,5.0,4.0,3,-50.868904,-47.74294
24227,ds005280,sub-168,4,4.0,4.0,3,-33.830894,20.689116
24228,ds005280,sub-168,5,5.0,3.5,3,-40.99709,10.194775
24229,ds005280,sub-168,6,4.0,3.5,3,-40.58464,4.6237235
24230,ds005280,sub-168,7,3.0,3.5,3,-54.87836,-38.72237
24231,ds005280,sub-168,8,5.0,3.5,3,-75.9289,-2.4763958
24232,ds005280,sub-168,9,5.0,4.0,1,-19.426325,15.979115
24233,ds005280,sub-168,10,2.0,3.5,3,-49.562134,-42.59074
24234,ds005280,sub-168,11,2.0,4.0,2,-7.9190145,-21.748827
24235,ds005280,sub-168,12,6.0,4.0,3,-46.213005,-26.755684
24236,ds005280,sub-168,13,3.0,3.5,3,-50.063347,-20.813873
24237,ds005280,sub-168,14,5.0,4.0,2,-2.772238,-36.350777
24238,ds005280,sub-168,15,4.0,4.0,2,6.4313607,-52.769485
24239,ds005280,sub-168,16,2.0,3.5,3,-39.07595,-17.968077
24240,ds005280,sub-168,17,10.0,4.0,0,44.882206,-3.667727
24241,ds005280,sub-168,18,4.0,4.0,3,-33.96123,-2.8631659
24242,ds005280,sub-168,19,2.0,3.5,2,-3.1047049,-29.898434
24243,ds005280,sub-168,20,7.0,3.5,3,-42.460632,6.8943458
24244,ds005280,sub-168,21,6.0,3.5,3,-73.4863,-15.634426
24245,ds005280,sub-168,22,5.0,3.5,3,-45.486225,-22.858055
24246,ds005280,sub-168,23,5.0,4.0,3,-39.00407,18.675337
24247,ds005280,sub-168,24,4.0,3.5,3,-37.36879,-0.19005163
24248,ds005280,sub-168,25,4.0,4.0,3,-35.101177,5.765929
24249,ds005280,sub-168,26,4.0,4.0,3,-48.859447,-15.57137
24250,ds005280,sub-168,27,4.0,4.0,2,-9.629888,-2.9568083
24251,ds005280,sub-169,0,5.0,3.0,0,75.44297,8.88801
24252,ds005280,sub-169,1,7.0,3.5,0,55.43875,-20.917608
24253,ds005280,sub-169,2,6.0,3.5,0,75.07585,4.8676243
24254,ds005280,sub-169,3,8.0,3.5,0,81.21146,6.888092
24255,ds005280,sub-169,4,7.0,3.5,0,79.6123,5.149656
24256,ds005280,sub-169,5,6.0,3.0,0,49.64754,0.5228139
24257,ds005280,sub-169,6,1.0,3.0,0,52.70115,15.248829
24258,ds005280,sub-169,7,6.0,3.0,0,39.148132,5.672814
24259,ds005280,sub-169,8,8.0,3.0,0,75.860214,-3.8425531
24260,ds005280,sub-169,9,8.0,3.5,0,46.84268,-2.2621262
24261,ds005280,sub-169,10,6.0,3.0,0,63.771526,32.77492
24262,ds005280,sub-169,11,7.0,3.5,0,45.612965,-1.6981125
24263,ds005280,sub-169,12,7.0,3.0,0,69.06224,8.766061
24264,ds005280,sub-169,13,9.0,3.5,0,65.44805,1.8551431
24265,ds005280,sub-169,14,7.0,3.0,0,72.07061,8.625528
24266,ds005280,sub-169,15,8.0,3.0,0,53.579483,24.627172
24267,ds005280,sub-169,16,7.0,3.5,1,17.16587,38.736404
24268,ds005280,sub-169,17,6.0,3.0,1,8.903784,58.227776
24269,ds005280,sub-169,18,7.0,3.5,0,75.86346,7.1092567
24270,ds005280,sub-169,19,2.0,3.0,2,-16.841318,-3.4317033
24271,ds005280,sub-169,20,4.0,3.0,0,38.53307,6.2388263
24272,ds005280,sub-169,21,6.0,3.0,0,65.40535,4.672386
24273,ds005280,sub-169,22,7.0,3.5,0,76.130554,6.8098326
24274,ds005280,sub-169,23,8.0,3.5,0,67.326324,10.276959
24275,ds005280,sub-169,24,8.0,3.5,0,41.673996,16.851223
24276,ds005280,sub-169,25,7.0,3.5,0,51.222343,17.878475
24277,ds005280,sub-170,0,4.0,3.5,3,-46.037914,26.418756
24278,ds005280,sub-170,1,6.0,4.0,1,-38.289536,50.17912
24279,ds005280,sub-170,2,9.0,4.0,0,56.203667,19.73893
24280,ds005280,sub-170,3,9.0,4.0,1,-10.43858,58.76862
24281,ds005280,sub-170,4,8.0,4.0,1,-17.484264,34.370922
24282,ds005280,sub-170,5,6.0,3.5,1,5.4723673,57.85867
24283,ds005280,sub-170,6,7.0,3.5,1,10.95822,30.090298
24284,ds005280,sub-170,7,8.0,3.5,3,-59.669907,35.53748
24285,ds005280,sub-170,8,9.0,4.0,1,-36.011578,51.675323
24286,ds005280,sub-170,9,3.0,3.5,3,-64.2302,-31.044197
24287,ds005280,sub-170,10,5.0,4.0,3,-46.877117,43.105824
24288,ds005280,sub-170,11,6.0,3.5,1,-32.437317,35.44962
24289,ds005280,sub-170,12,7.0,3.5,1,8.444504,21.928282
24290,ds005280,sub-170,13,5.0,3.5,3,-71.07533,23.13241
24291,ds005280,sub-170,14,8.0,4.0,1,-4.782708,32.766033
24292,ds005280,sub-170,15,7.0,4.0,1,28.510557,37.427303
24293,ds005280,sub-170,16,4.0,3.5,1,-33.936977,31.655138
24294,ds005280,sub-170,17,4.0,4.0,1,-39.931606,47.916035
24295,ds005280,sub-170,18,5.0,4.0,3,-73.89241,12.30787
24296,ds005280,sub-170,19,6.0,3.5,1,8.26161,21.567324
24297,ds005280,sub-170,20,5.0,3.5,1,-19.709639,32.98098
24298,ds005280,sub-170,21,5.0,3.5,1,14.344838,30.19266
24299,ds005280,sub-170,22,9.0,3.5,1,-0.6542354,27.341635
24300,ds005280,sub-170,23,7.0,4.0,1,-13.991152,11.812783
24301,ds005280,sub-170,24,7.0,3.5,1,-26.578354,50.61106
24302,ds005280,sub-170,25,8.0,4.0,1,-11.094049,54.538692
24303,ds005280,sub-170,26,7.0,4.0,1,39.22783,53.15708
24304,ds005280,sub-170,27,10.0,4.0,1,-1.8605158,34.91832
24305,ds005280,sub-171,0,4.0,3.0,2,19.924706,-53.3243
24306,ds005280,sub-171,1,5.0,3.5,2,5.430401,-46.545628
24307,ds005280,sub-171,2,5.0,3.5,2,33.517952,-46.101807
24308,ds005280,sub-171,3,4.0,3.5,0,58.120396,0.49032894
24309,ds005280,sub-171,4,5.0,3.5,2,9.371691,-52.608517
24310,ds005280,sub-171,5,3.0,3.0,2,-24.768402,-47.580822
24311,ds005280,sub-171,6,2.0,3.0,2,-13.238462,0.9766736
24312,ds005280,sub-171,7,3.0,3.0,0,50.02734,-20.590374
24313,ds005280,sub-171,8,4.0,3.0,2,12.58926,-56.316875
24314,ds005280,sub-171,9,5.0,3.5,2,23.323524,-43.515553
24315,ds005280,sub-171,10,3.0,3.0,2,-13.841141,-30.088581
24316,ds005280,sub-171,11,4.0,3.5,2,-18.363625,-43.566956
24317,ds005280,sub-171,12,3.0,3.0,2,17.749414,-49.165146
24318,ds005280,sub-171,13,4.0,3.5,0,24.655264,5.186671
24319,ds005280,sub-171,14,2.0,3.0,2,-17.560669,-59.3451
24320,ds005280,sub-171,15,4.0,3.0,2,-16.918854,-52.045532
24321,ds005280,sub-171,16,5.0,3.5,2,-20.198982,-19.210714
24322,ds005280,sub-171,17,3.0,3.5,2,-16.93743,-41.79513
24323,ds005280,sub-171,18,2.0,3.0,1,35.425583,57.112713
24324,ds005280,sub-171,19,5.0,3.5,2,-1.3899277,-16.486847
24325,ds005280,sub-171,20,4.0,3.5,2,28.746275,-28.294514
24326,ds005280,sub-171,21,3.0,3.0,2,19.528316,-43.086384
24327,ds005280,sub-171,22,3.0,3.0,2,9.382724,-52.05622
24328,ds005280,sub-171,23,3.0,3.0,2,7.7898526,-17.647947
24329,ds005280,sub-171,24,4.0,3.0,2,23.607727,-43.005135
24330,ds005280,sub-171,25,5.0,3.5,0,50.34286,-5.1058536
24331,ds005280,sub-171,26,2.0,3.0,2,2.5487494,-34.180103
24332,ds005280,sub-171,27,5.0,3.5,2,8.204611,-19.687235
24333,ds005280,sub-171,28,5.0,3.5,0,62.2578,-13.067808
24334,ds005280,sub-171,29,6.0,3.5,0,59.787403,-33.348537
24335,ds005280,sub-172,0,2.0,3.0,1,-26.189178,35.303596
24336,ds005280,sub-172,1,4.0,3.5,0,71.29778,40.84562
24337,ds005280,sub-172,2,4.0,3.5,0,69.24307,5.671873
24338,ds005280,sub-172,3,5.0,3.5,0,65.83718,24.07579
24339,ds005280,sub-172,4,6.0,3.5,0,68.219345,-18.447203
24340,ds005280,sub-172,5,4.0,3.0,2,9.9953,-44.646698
24341,ds005280,sub-172,6,5.0,3.0,1,1.9864824,18.179628
24342,ds005280,sub-172,7,2.0,3.0,3,-30.961119,17.282612
24343,ds005280,sub-172,8,5.0,3.0,1,0.48546314,19.199272
24344,ds005280,sub-172,9,5.0,3.5,1,34.082943,56.461975
24345,ds005280,sub-172,10,3.0,3.0,3,-52.176666,16.39518
24346,ds005280,sub-172,11,3.0,3.5,3,-34.90861,-11.68598
24347,ds005280,sub-172,12,4.0,3.0,3,-60.17369,-14.8703
24348,ds005280,sub-172,13,6.0,3.5,3,-50.72488,22.819931
24349,ds005280,sub-172,14,4.0,3.0,2,-9.238162,-5.123137
24350,ds005280,sub-172,15,3.0,3.0,3,-55.383392,-23.889902
24351,ds005280,sub-172,16,7.0,3.5,3,-43.584732,29.78235
24352,ds005280,sub-172,17,5.0,3.5,1,-22.222403,13.563194
24353,ds005280,sub-172,18,3.0,3.0,3,-45.0852,25.26131
24354,ds005280,sub-172,19,5.0,3.5,3,-40.412045,27.083323
24355,ds005280,sub-172,20,4.0,3.0,3,-70.51141,-4.545542
24356,ds005280,sub-172,21,3.0,3.0,3,-22.85649,8.459473
24357,ds005280,sub-172,22,3.0,3.0,3,-49.41961,-17.888338
24358,ds005280,sub-172,23,4.0,3.0,3,-41.374485,18.46443
24359,ds005280,sub-172,24,3.0,3.0,3,-55.35053,18.529556
24360,ds005280,sub-172,25,6.0,3.5,1,-27.659393,39.112717
24361,ds005280,sub-172,26,6.0,3.5,3,-36.56971,-25.376945
24362,ds005280,sub-172,27,7.0,3.5,1,-15.947629,27.734621
24363,ds005280,sub-173,0,8.0,4.0,0,54.90958,43.54995
24364,ds005280,sub-173,1,8.0,4.0,1,16.022814,11.735326
24365,ds005280,sub-173,2,6.0,4.0,0,58.138466,38.845177
24366,ds005280,sub-173,3,6.0,3.5,1,25.10017,26.244875
24367,ds005280,sub-173,4,4.0,3.5,2,0.43153805,-12.881024
24368,ds005280,sub-173,5,7.0,4.0,1,22.9098,23.639511
24369,ds005280,sub-173,6,8.0,4.0,0,51.32982,45.70283
24370,ds005280,sub-173,7,4.0,3.5,2,-22.462805,-49.66102
24371,ds005280,sub-173,8,8.0,4.0,1,-14.330646,29.97865
24372,ds005280,sub-173,9,4.0,3.5,2,0.950743,-14.871908
24373,ds005280,sub-173,10,7.0,4.0,1,34.96461,35.997482
24374,ds005280,sub-173,11,5.0,3.5,0,31.403769,-7.0927577
24375,ds005280,sub-173,12,8.0,4.0,0,52.234966,46.559902
24376,ds005280,sub-173,13,6.0,4.0,2,7.9169464,-33.174732
24377,ds005280,sub-173,14,5.0,3.5,3,-51.055016,-23.10569
24378,ds005280,sub-173,15,4.0,3.5,2,1.5890174,-8.568007
24379,ds005280,sub-173,16,6.0,3.5,1,34.10242,41.5656
24380,ds005280,sub-173,17,6.0,3.5,0,28.014565,16.618423
24381,ds005280,sub-173,18,8.0,4.0,0,40.867718,39.73162
24382,ds005280,sub-173,19,7.0,4.0,3,-20.708166,-3.4331691
24383,ds005280,sub-173,20,6.0,4.0,1,36.62537,44.34239
24384,ds005280,sub-174,0,4.0,3.0,0,70.098854,33.72346
24385,ds005280,sub-174,1,5.0,3.5,0,68.520805,14.202505
24386,ds005280,sub-174,2,7.0,3.5,0,70.84986,32.376266
24387,ds005280,sub-174,3,5.0,3.5,0,61.20125,29.872292
24388,ds005280,sub-174,4,5.0,3.5,0,52.44661,-5.885862
24389,ds005280,sub-174,5,1.0,3.0,2,-18.52455,-40.2349
24390,ds005280,sub-174,6,2.0,3.0,0,68.16363,33.598534
24391,ds005280,sub-174,7,4.0,3.0,0,55.52433,20.592619
24392,ds005280,sub-174,8,1.0,3.0,1,1.152795,29.897802
24393,ds005280,sub-174,9,6.0,3.5,0,72.8585,37.26687
24394,ds005280,sub-174,10,1.0,3.0,1,-1.7002162,10.358534
24395,ds005280,sub-174,11,5.0,3.5,0,67.524086,32.109184
24396,ds005280,sub-174,12,3.0,3.0,0,43.224422,34.62545
24397,ds005280,sub-174,13,6.0,3.5,0,60.54615,28.629189
24398,ds005280,sub-174,14,4.0,3.0,0,62.18625,25.644485
24399,ds005280,sub-174,15,3.0,3.0,0,57.40901,14.728658
24400,ds005280,sub-174,16,6.0,3.5,0,56.492226,19.883844
24401,ds005280,sub-174,17,2.0,3.0,0,76.88559,16.349142
24402,ds005280,sub-174,18,3.0,3.5,0,39.08724,37.106205
24403,ds005280,sub-174,19,3.0,3.5,0,62.795055,25.349516
24404,ds005280,sub-174,20,2.0,3.0,0,58.062725,21.056509
24405,ds005280,sub-174,21,4.0,3.0,1,43.01401,56.760433
24406,ds005280,sub-174,22,1.0,3.0,1,38.659145,43.528008
24407,ds005280,sub-174,23,4.0,3.5,0,62.72409,25.398111
24408,ds005280,sub-174,24,3.0,3.0,1,13.748444,15.369175
24409,ds005280,sub-174,25,4.0,3.5,0,66.09874,19.88475
24410,ds005280,sub-174,26,4.0,3.5,0,53.478752,11.525191
24411,ds005280,sub-174,27,3.0,3.5,1,39.67377,46.355736
24412,ds005280,sub-175,0,4.0,3.0,0,35.76966,8.66244
24413,ds005280,sub-175,1,6.0,3.5,0,51.448708,19.076775
24414,ds005280,sub-175,2,9.0,3.5,0,54.073185,8.99696
24415,ds005280,sub-175,3,10.0,3.0,0,53.052578,11.023406
24416,ds005280,sub-175,4,8.0,3.0,2,7.0862217,-31.916536
24417,ds005280,sub-175,5,7.0,3.0,2,6.441264,-26.311808
24418,ds005280,sub-175,6,7.0,3.0,0,35.07487,-2.6015933
24419,ds005280,sub-175,7,9.0,3.5,0,55.94598,26.440283
24420,ds005280,sub-175,8,5.0,3.0,3,-43.326263,-3.253728
24421,ds005280,sub-175,9,9.0,3.5,0,36.059963,-1.8498565
24422,ds005280,sub-175,10,8.0,3.0,1,32.265568,52.35242
24423,ds005280,sub-175,11,5.0,3.0,3,-48.680588,-49.136562
24424,ds005280,sub-175,12,10.0,3.0,1,4.5750666,19.128107
24425,ds005280,sub-175,13,10.0,3.5,0,56.24993,-13.804707
24426,ds005280,sub-175,14,10.0,3.5,0,57.241882,-5.7102222
24427,ds005280,sub-175,15,6.0,3.0,2,-0.66303116,-17.810457
24428,ds005280,sub-175,16,8.0,3.5,0,31.056355,-7.0443416
24429,ds005280,sub-175,17,10.0,3.5,1,38.12617,44.571663
24430,ds005280,sub-175,18,8.0,3.0,1,18.625065,25.830273
24431,ds005280,sub-175,19,7.0,3.0,2,-17.482546,-22.38916
24432,ds005280,sub-175,20,10.0,3.0,0,78.81691,1.8887784
24433,ds005280,sub-175,21,6.0,3.0,2,20.964619,-36.0445
24434,ds005280,sub-175,22,9.0,3.5,0,39.302185,17.184525
24435,ds005280,sub-175,23,7.0,3.0,1,37.552677,44.67485
24436,ds005280,sub-175,24,10.0,3.5,0,34.294952,2.7494261
24437,ds005280,sub-175,25,10.0,3.5,0,34.115158,2.6648035
24438,ds005280,sub-175,26,10.0,3.5,0,57.519665,-30.243694
24439,ds005280,sub-176,0,4.0,4.0,2,19.366007,-17.10594
24440,ds005280,sub-176,1,7.0,4.0,2,21.876732,-6.972535
24441,ds005280,sub-176,2,2.0,3.5,1,-20.300074,29.051361
24442,ds005280,sub-176,3,3.0,3.5,2,-5.6336794,-0.7400056
24443,ds005280,sub-176,4,4.0,3.5,1,17.853317,27.93431
24444,ds005280,sub-176,5,3.0,3.5,1,-23.358679,47.701946
24445,ds005280,sub-176,6,4.0,4.0,1,-7.0335336,24.161743
24446,ds005280,sub-176,7,3.0,3.5,3,-77.38052,15.40601
24447,ds005280,sub-176,8,3.0,4.0,1,0.21122657,8.578637
24448,ds005280,sub-176,9,3.0,3.5,2,22.29771,-30.184439
24449,ds005280,sub-176,10,5.0,4.0,0,48.09398,-1.8736821
24450,ds005280,sub-176,11,4.0,3.5,1,25.991985,42.017418
24451,ds005280,sub-176,12,2.0,3.5,1,-32.467617,48.792786
24452,ds005280,sub-176,13,5.0,4.0,2,6.810351,-37.15325
24453,ds005280,sub-176,14,5.0,4.0,1,27.15141,23.203384
24454,ds005280,sub-176,15,3.0,3.5,2,8.713314,-47.90332
24455,ds005280,sub-176,16,6.0,4.0,1,-10.19546,14.412012
24456,ds005280,sub-176,17,6.0,4.0,1,-1.2601281,18.4345
24457,ds005280,sub-176,18,2.0,3.5,1,-23.60005,27.91631
24458,ds005280,sub-176,19,3.0,3.5,3,-42.291027,18.936115
24459,ds005280,sub-176,20,4.0,3.5,2,3.6679132,-11.116627
24460,ds005280,sub-176,21,2.0,3.5,1,-26.397617,26.387016
24461,ds005280,sub-176,22,5.0,4.0,2,26.215618,-38.48714
24462,ds005280,sub-176,23,3.0,3.5,1,-14.3291025,9.175304
24463,ds005280,sub-176,24,7.0,4.0,0,32.510742,-15.363613
24464,ds005280,sub-176,25,6.0,4.0,1,-15.667634,32.799614
24465,ds005280,sub-176,26,5.0,4.0,2,-18.0716,-6.5506296
24466,ds005280,sub-177,0,6.0,3.0,2,18.59859,-46.05842
24467,ds005280,sub-177,1,7.0,3.5,0,40.119434,-2.3806322
24468,ds005280,sub-177,2,9.0,3.5,1,26.315357,42.052692
24469,ds005280,sub-177,3,8.0,3.5,0,40.25288,-1.69423
24470,ds005280,sub-177,4,2.0,3.0,2,-12.123597,-12.929823
24471,ds005280,sub-177,5,6.0,3.0,1,-12.168583,14.781923
24472,ds005280,sub-177,6,6.0,3.0,2,-8.510931,-20.32061
24473,ds005280,sub-177,7,7.0,3.0,2,6.0153737,-44.61809
24474,ds005280,sub-177,8,5.0,3.5,2,6.9878225,-46.52807
24475,ds005280,sub-177,9,6.0,3.0,2,13.080189,-9.651304
24476,ds005280,sub-177,10,5.0,3.5,2,43.599323,-40.84774
24477,ds005280,sub-177,11,7.0,3.0,0,23.666595,3.2357013
24478,ds005280,sub-177,12,7.0,3.5,2,27.351564,-31.556637
24479,ds005280,sub-177,13,5.0,3.0,2,-15.995078,-43.546654
24480,ds005280,sub-177,14,6.0,3.0,2,-20.929657,-22.964209
24481,ds005280,sub-177,15,9.0,3.5,0,39.39596,1.9856042
24482,ds005280,sub-177,16,5.0,3.5,2,20.920425,-47.168755
24483,ds005280,sub-177,17,8.0,3.0,2,17.661928,-43.839737
24484,ds005280,sub-177,18,7.0,3.5,3,-71.92704,-1.413116
24485,ds005280,sub-177,19,6.0,3.5,2,32.393784,-18.13285
24486,ds005280,sub-177,20,3.0,3.0,2,6.79018,-15.425252
24487,ds005280,sub-177,21,4.0,3.0,2,-21.557932,-35.937984
24488,ds005280,sub-177,22,5.0,3.0,1,5.616355,30.964624
24489,ds005280,sub-177,23,3.0,3.0,3,-46.142673,-3.978015
24490,ds005280,sub-177,24,7.0,3.5,0,49.19147,38.374107
24491,ds005280,sub-177,25,3.0,3.0,3,-74.61022,-22.689856
24492,ds005280,sub-177,26,8.0,3.5,0,64.19252,20.579657
24493,ds005280,sub-177,27,7.0,3.5,0,35.687946,-5.0863395
24494,ds005280,sub-178,0,4.0,3.5,3,-64.94885,38.675503
24495,ds005280,sub-178,1,5.0,4.0,1,18.82658,48.149406
24496,ds005280,sub-178,2,7.0,4.0,0,27.025621,-6.695077
24497,ds005280,sub-178,3,4.0,4.0,3,-80.25831,-0.90347236
24498,ds005280,sub-178,4,4.0,4.0,2,-11.61347,-3.4267237
24499,ds005280,sub-178,5,6.0,3.5,3,-64.15316,32.550755
24500,ds005280,sub-178,6,5.0,3.5,3,-52.586357,39.412113
24501,ds005280,sub-178,7,7.0,3.5,3,-58.63812,0.849606
24502,ds005280,sub-178,8,7.0,3.5,1,19.248205,43.81312
24503,ds005280,sub-178,9,8.0,4.0,0,87.1482,4.777727
24504,ds005280,sub-178,10,4.0,3.5,2,1.8694583,-17.535114
24505,ds005280,sub-178,11,4.0,3.5,3,-28.11721,5.5654607
24506,ds005280,sub-178,12,7.0,4.0,0,46.664963,-4.4974403
24507,ds005280,sub-178,13,4.0,3.5,3,-47.998577,-3.7756832
24508,ds005280,sub-178,14,4.0,3.5,0,42.130554,0.77832794
24509,ds005280,sub-178,15,7.0,4.0,0,84.764725,-4.693969
24510,ds005280,sub-178,16,8.0,4.0,0,84.54008,-5.3155
24511,ds005280,sub-178,17,3.0,3.5,3,-46.716885,-17.287365
24512,ds005280,sub-178,18,7.0,4.0,0,77.284386,33.913425
24513,ds005280,sub-178,19,5.0,4.0,1,17.72262,45.954784
24514,ds005280,sub-178,20,3.0,3.5,2,9.680553,-39.34333
24515,ds005280,sub-178,21,4.0,3.5,0,39.76346,3.8240256
24516,ds005280,sub-178,22,6.0,3.5,0,72.6242,-11.889318
24517,ds005280,sub-178,23,5.0,3.5,1,15.941135,46.501286
24518,ds005280,sub-178,24,8.0,4.0,0,78.25675,12.435858
24519,ds005280,sub-178,25,4.0,3.5,1,22.918127,36.337746
24520,ds005280,sub-178,26,7.0,4.0,0,82.96644,-4.041702
24521,ds005280,sub-178,27,6.0,4.0,0,84.763145,-4.915269
24522,ds005280,sub-178,28,8.0,4.0,0,67.52912,7.823053
24523,ds005280,sub-179,0,4.0,3.5,2,-13.726127,-58.077293
24524,ds005280,sub-179,1,9.0,4.0,0,67.547005,-6.1690764
24525,ds005280,sub-179,2,10.0,4.0,0,64.773026,3.7500074
24526,ds005280,sub-179,3,9.0,4.0,0,49.794495,-27.856895
24527,ds005280,sub-179,4,5.0,4.0,1,6.503135,7.4992123
24528,ds005280,sub-179,5,7.0,3.5,1,6.3513365,16.035242
24529,ds005280,sub-179,6,4.0,3.5,2,-22.238693,-15.354211
24530,ds005280,sub-179,7,3.0,3.5,1,-8.75824,2.6509607
24531,ds005280,sub-179,8,4.0,3.5,1,-18.559132,7.93417
24532,ds005280,sub-179,9,5.0,4.0,2,23.455923,-51.961277
24533,ds005280,sub-179,10,5.0,3.5,3,-50.397484,-8.1789665
24534,ds005280,sub-179,11,7.0,4.0,3,-52.832417,-5.6913896
24535,ds005280,sub-179,12,5.0,3.5,3,-54.94367,13.102771
24536,ds005280,sub-179,13,9.0,4.0,0,41.293156,13.2098875
24537,ds005280,sub-179,14,3.0,3.5,0,33.21157,18.700726
24538,ds005280,sub-179,15,4.0,3.5,1,-17.534882,28.516317
24539,ds005280,sub-179,16,4.0,4.0,2,37.865665,-42.21435
24540,ds005280,sub-179,17,6.0,4.0,2,11.88934,-19.020494
24541,ds005280,sub-179,18,5.0,3.5,0,50.55923,9.738684
24542,ds005280,sub-179,19,10.0,4.0,0,45.468525,38.332832
24543,ds005280,sub-179,20,5.0,4.0,2,20.459322,-41.667854
24544,ds005280,sub-179,21,3.0,3.5,2,13.384167,-43.915348
24545,ds005280,sub-179,22,2.0,3.5,1,35.737114,56.284443
24546,ds005280,sub-179,23,4.0,3.5,2,11.724775,-46.5193
24547,ds005280,sub-179,24,2.0,3.5,3,-23.10205,-10.172052
24548,ds005280,sub-179,25,4.0,4.0,2,-25.485567,-35.237785
24549,ds005280,sub-179,26,10.0,3.5,0,35.805405,-5.361767
24550,ds005280,sub-179,27,6.0,4.0,3,-74.49594,8.415285
24551,ds005280,sub-179,28,3.0,4.0,1,-4.1756625,8.636592
24552,ds005280,sub-179,29,5.0,4.0,2,34.85858,-44.348587
24553,ds005280,sub-180,0,4.0,3.5,0,45.343605,34.532948
24554,ds005280,sub-180,1,5.0,4.0,3,-60.774906,-9.721494
24555,ds005280,sub-180,2,6.0,4.0,2,36.528675,-39.96797
24556,ds005280,sub-180,3,6.0,4.0,0,71.38342,7.757201
24557,ds005280,sub-180,4,4.0,4.0,0,52.138344,47.934666
24558,ds005280,sub-180,5,2.0,3.5,0,32.955597,-12.009895
24559,ds005280,sub-180,6,4.0,3.5,2,1.1493791,-5.1157126
24560,ds005280,sub-180,7,4.0,3.5,2,26.984102,-24.547682
24561,ds005280,sub-180,8,6.0,3.5,1,7.832188,28.146156
24562,ds005280,sub-180,9,6.0,4.0,0,42.071323,13.324346
24563,ds005280,sub-180,10,4.0,3.5,0,43.717472,34.542953
24564,ds005280,sub-180,11,7.0,4.0,0,51.79768,40.902596
24565,ds005280,sub-180,12,5.0,3.5,2,10.640028,-27.86005
24566,ds005280,sub-180,13,8.0,4.0,0,73.37717,9.561877
24567,ds005280,sub-180,14,4.0,3.5,0,55.076008,15.352265
24568,ds005280,sub-180,15,4.0,3.5,0,51.030785,7.213857
24569,ds005280,sub-180,16,5.0,4.0,0,68.699295,21.295078
24570,ds005280,sub-180,17,5.0,4.0,0,54.854145,26.86696
24571,ds005280,sub-180,18,4.0,3.5,2,10.295563,-27.822666
24572,ds005280,sub-180,19,5.0,4.0,0,48.965374,10.940508
24573,ds005280,sub-180,20,6.0,4.0,0,70.92534,24.26077
24574,ds005280,sub-180,21,5.0,3.5,0,71.40202,7.099686
24575,ds005280,sub-180,22,7.0,3.5,0,70.913086,23.577894
24576,ds005280,sub-180,23,4.0,3.5,3,-42.885708,-18.553457
24577,ds005280,sub-180,24,4.0,3.5,2,8.82534,-49.595802
24578,ds005280,sub-180,25,5.0,4.0,0,61.713966,15.247504
24579,ds005280,sub-180,26,4.0,3.5,0,52.646294,24.483452
24580,ds005280,sub-180,27,7.0,4.0,0,43.225338,11.609062
24581,ds005280,sub-180,28,3.0,4.0,1,1.8923842,27.57769
24582,ds005280,sub-180,29,6.0,4.0,0,52.852448,1.9636264
24583,ds005280,sub-181,0,4.0,3.5,3,-41.30588,-1.5467832
24584,ds005280,sub-181,1,7.0,4.0,0,78.957436,15.3972025
24585,ds005280,sub-181,2,4.0,4.0,0,55.917084,10.722789
24586,ds005280,sub-181,3,7.0,4.0,1,39.926113,57.11429
24587,ds005280,sub-181,4,3.0,4.0,1,34.22779,52.123985
24588,ds005280,sub-181,5,4.0,3.5,1,27.316017,53.910892
24589,ds005280,sub-181,6,4.0,3.5,2,34.2057,-37.99418
24590,ds005280,sub-181,7,2.0,3.5,1,-16.357075,23.15171
24591,ds005280,sub-181,8,4.0,3.5,3,-43.925304,-47.58941
24592,ds005280,sub-181,9,6.0,4.0,0,34.2233,-10.593462
24593,ds005280,sub-181,10,3.0,3.5,3,-37.458763,-27.216305
24594,ds005280,sub-181,11,4.0,4.0,2,-10.406491,-47.63051
24595,ds005280,sub-181,12,4.0,3.5,2,-0.42542738,-14.890086
24596,ds005280,sub-181,13,6.0,4.0,1,9.695335,17.46051
24597,ds005280,sub-181,14,4.0,3.5,3,-41.411274,-1.5631051
24598,ds005280,sub-181,15,6.0,3.5,2,21.84481,-33.127514
24599,ds005280,sub-181,16,7.0,4.0,0,73.77724,6.760565
24600,ds005280,sub-181,17,7.0,4.0,0,72.92175,20.759556
24601,ds005280,sub-181,18,6.0,3.5,2,-12.9369,-17.611345
24602,ds005280,sub-181,19,8.0,4.0,0,68.15346,16.140928
24603,ds005280,sub-181,20,6.0,4.0,0,57.926254,10.25036
24604,ds005280,sub-181,21,4.0,3.5,1,32.34099,55.340923
24605,ds005280,sub-181,22,3.0,3.5,3,-40.464268,-3.9109788
24606,ds005280,sub-181,23,3.0,3.5,1,36.721046,56.47453
24607,ds005280,sub-181,24,5.0,3.5,1,4.299167,27.424295
24608,ds005280,sub-181,25,8.0,4.0,1,42.226395,49.887615
24609,ds005280,sub-181,26,5.0,3.5,1,29.659101,49.100754
24610,ds005280,sub-181,27,7.0,4.0,1,37.290245,48.09679
24611,ds005280,sub-181,28,7.0,4.0,0,79.06785,15.786193
24612,ds005280,sub-181,29,8.0,4.0,1,35.646038,49.915672
24613,ds005280,sub-182,0,6.0,3.0,1,15.920803,42.37828
24614,ds005280,sub-182,1,8.0,3.5,1,16.70516,43.284817
24615,ds005280,sub-182,2,8.0,3.5,0,74.96528,34.011555
24616,ds005280,sub-182,3,9.0,3.5,1,-1.7130256,63.461292
24617,ds005280,sub-182,4,8.0,3.5,1,16.406511,44.748875
24618,ds005280,sub-182,5,7.0,3.0,0,50.988388,-11.09141
24619,ds005280,sub-182,6,8.0,3.0,1,-1.6955808,63.18842
24620,ds005280,sub-182,7,9.0,3.0,1,16.89957,43.441536
24621,ds005280,sub-182,8,7.0,3.0,0,60.969746,45.733868
24622,ds005280,sub-182,9,9.0,3.5,1,16.753443,51.182587
24623,ds005280,sub-182,10,8.0,3.0,1,16.951715,38.82025
24624,ds005280,sub-182,11,9.0,3.5,1,18.286795,40.811596
24625,ds005280,sub-182,12,6.0,3.0,1,18.46492,44.358242
24626,ds005280,sub-182,13,9.0,3.5,1,16.390356,41.630527
24627,ds005280,sub-182,14,7.0,3.0,1,17.29404,51.67021
24628,ds005280,sub-182,15,6.0,3.0,1,-11.958888,50.442802
24629,ds005280,sub-182,16,8.0,3.5,0,75.14963,36.732742
24630,ds005280,sub-182,17,9.0,3.5,1,18.309727,40.87573
24631,ds005280,sub-182,18,7.0,3.0,1,6.5468535,58.452415
24632,ds005280,sub-182,19,8.0,3.5,0,57.39175,24.820436
24633,ds005280,sub-182,20,8.0,3.5,0,27.887758,9.231156
24634,ds005280,sub-182,21,3.0,3.0,1,-10.844356,34.395447
24635,ds005280,sub-182,22,3.0,3.0,1,-23.955067,57.24165
24636,ds005280,sub-182,23,8.0,3.0,1,17.103765,39.249115
24637,ds005280,sub-182,24,8.0,3.0,1,14.216534,40.36068
24638,ds005280,sub-182,25,8.0,3.5,1,15.455868,41.46812
24639,ds005280,sub-182,26,9.0,3.0,0,76.52976,34.143482
24640,ds005280,sub-182,27,8.0,3.5,0,75.39918,34.698288
24641,ds005280,sub-182,28,9.0,3.5,1,-1.8383557,63.815872
24642,ds005280,sub-182,29,9.0,3.5,0,61.07967,45.40604
24643,ds005280,sub-183,0,2.0,3.0,0,72.96063,3.0529087
24644,ds005280,sub-183,1,3.0,3.5,0,79.673035,-7.4028735
24645,ds005280,sub-183,2,4.0,3.5,0,85.02002,0.1485476
24646,ds005280,sub-183,3,3.0,3.5,0,81.59108,6.4369693
24647,ds005280,sub-183,4,4.0,3.5,0,78.6243,10.182606
24648,ds005280,sub-183,5,3.0,3.0,0,74.19556,-6.096294
24649,ds005280,sub-183,6,3.0,3.0,0,58.788265,-4.7542586
24650,ds005280,sub-183,7,2.0,3.0,0,60.485035,-10.167293
24651,ds005280,sub-183,8,2.0,3.0,0,58.76839,7.6033587
24652,ds005280,sub-183,9,4.0,3.5,0,79.042076,-8.969903
24653,ds005280,sub-183,10,3.0,3.0,0,59.342155,-7.152487
24654,ds005280,sub-183,11,5.0,3.5,0,82.30938,-7.4410567
24655,ds005280,sub-183,12,3.0,3.0,0,50.55554,-22.852552
24656,ds005280,sub-183,13,2.0,3.5,2,14.2051,-2.9481359
24657,ds005280,sub-183,14,2.0,3.0,2,24.915323,-40.582268
24658,ds005280,sub-183,15,5.0,3.5,0,77.50168,10.385717
24659,ds005280,sub-183,16,5.0,3.5,0,86.29144,1.9403695
24660,ds005280,sub-183,17,3.0,3.0,2,30.04747,-19.936142
24661,ds005280,sub-183,18,6.0,3.5,0,66.2084,27.38701
24662,ds005280,sub-183,19,4.0,3.5,0,57.82829,-13.637915
24663,ds005280,sub-183,20,4.0,3.0,0,65.269966,1.647766
24664,ds005280,sub-183,21,5.0,3.0,0,32.66455,17.11447
24665,ds005280,sub-183,22,4.0,3.0,0,50.566933,-33.489132
24666,ds005280,sub-183,23,5.0,3.0,2,38.059963,-27.734179
24667,ds005280,sub-183,24,6.0,3.5,0,77.64044,1.2178282
24668,ds005280,sub-183,25,5.0,3.0,0,40.303123,-14.121081
24669,ds005280,sub-183,26,5.0,3.5,0,58.020992,-6.7946973
24670,ds005280,sub-183,27,6.0,3.5,0,71.68068,10.668013
24671,ds005280,sub-184,0,5.0,3.5,3,-40.91142,-46.22783
24672,ds005280,sub-184,1,4.0,4.0,0,48.9228,4.1668544
24673,ds005280,sub-184,2,5.0,4.0,1,31.224817,27.619886
24674,ds005280,sub-184,3,7.0,4.0,1,28.866375,33.31696
24675,ds005280,sub-184,4,5.0,4.0,1,-10.8522215,40.884068
24676,ds005280,sub-184,5,5.0,3.5,1,2.118791,54.58155
24677,ds005280,sub-184,6,4.0,3.5,2,1.0012033,-45.068428
24678,ds005280,sub-184,7,3.0,3.5,3,-63.973125,-8.263514
24679,ds005280,sub-184,8,4.0,3.5,3,-74.60746,23.070671
24680,ds005280,sub-184,9,5.0,4.0,0,43.78058,-12.728827
24681,ds005280,sub-184,10,3.0,3.5,3,-62.733173,21.672739
24682,ds005280,sub-184,11,4.0,4.0,1,-20.520761,15.090436
24683,ds005280,sub-184,12,3.0,3.5,1,-19.346182,11.473251
24684,ds005280,sub-184,13,7.0,4.0,2,18.722246,-17.178942
24685,ds005280,sub-184,14,2.0,3.5,3,-59.628067,4.55349
24686,ds005280,sub-184,15,5.0,3.5,3,-47.23952,6.4815392
24687,ds005280,sub-184,16,8.0,4.0,0,22.321129,6.546881
24688,ds005280,sub-184,17,6.0,4.0,0,36.230038,9.294474
24689,ds005280,sub-184,18,5.0,3.5,2,30.2679,-35.65494
24690,ds005280,sub-184,19,6.0,4.0,2,15.030917,-28.406683
24691,ds005280,sub-184,20,4.0,4.0,2,-5.4613366,-33.349056
24692,ds005280,sub-184,21,3.0,3.5,3,-43.30928,7.8916736
24693,ds005280,sub-184,22,5.0,3.5,3,-55.14349,-30.999105
24694,ds005280,sub-184,23,3.0,3.5,3,-68.47382,-11.224224
24695,ds005280,sub-184,24,3.0,3.5,0,44.771927,25.706303
24696,ds005280,sub-184,25,7.0,4.0,2,21.210556,-15.3742
24697,ds005280,sub-184,26,4.0,3.5,3,-37.667133,10.607592
24698,ds005280,sub-184,27,8.0,4.0,2,27.893059,-21.378113
24699,ds005280,sub-184,28,8.0,4.0,1,7.0647326,56.645515
24700,ds005280,sub-184,29,7.0,4.0,0,40.42093,3.8699229
24701,ds005280,sub-185,0,5.0,3.0,0,52.6349,15.286342
24702,ds005280,sub-185,1,9.0,3.5,0,80.8123,8.110945
24703,ds005280,sub-185,2,8.0,3.5,0,67.56162,30.500433
24704,ds005280,sub-185,3,9.0,3.5,0,67.516815,38.786247
24705,ds005280,sub-185,4,7.0,3.5,0,60.79793,9.987896
24706,ds005280,sub-185,5,3.0,3.0,0,44.44356,22.647375
24707,ds005280,sub-185,6,6.0,3.0,0,64.953606,30.707088
24708,ds005280,sub-185,7,3.0,3.0,1,31.666544,35.8543
24709,ds005280,sub-185,8,4.0,3.0,0,38.641575,26.74367
24710,ds005280,sub-185,9,8.0,3.5,0,68.252266,28.664112
24711,ds005280,sub-185,10,2.0,3.0,2,19.182085,-29.303911
24712,ds005280,sub-185,11,4.0,3.5,1,29.714338,32.99604
24713,ds005280,sub-185,12,4.0,3.0,1,0.3958726,38.41814
24714,ds005280,sub-185,13,10.0,3.5,0,67.389595,30.22055
24715,ds005280,sub-185,14,8.0,3.0,0,62.11481,37.578735
24716,ds005280,sub-185,15,4.0,3.0,0,27.340458,14.215847
24717,ds005280,sub-185,16,6.0,3.5,0,64.64071,29.862923
24718,ds005280,sub-185,17,9.0,3.5,0,68.48088,30.58987
24719,ds005280,sub-185,18,2.0,3.0,1,25.686785,43.812073
24720,ds005280,sub-185,19,7.0,3.5,0,73.01405,31.67472
24721,ds005280,sub-185,20,4.0,3.5,0,52.756214,20.87394
24722,ds005280,sub-185,21,2.0,3.0,2,-13.437376,-17.358812
24723,ds005280,sub-185,22,8.0,3.0,0,67.53001,30.768425
24724,ds005280,sub-185,23,4.0,3.0,0,67.63961,38.53808
24725,ds005280,sub-185,24,4.0,3.0,0,63.365437,16.05933
24726,ds005280,sub-185,25,6.0,3.5,0,66.54045,16.42909
24727,ds005280,sub-185,26,6.0,3.0,0,59.261814,30.152435
24728,ds005280,sub-185,27,8.0,3.5,0,66.31183,28.595678
24729,ds005280,sub-185,28,3.0,3.5,1,15.568024,7.1825247
24730,ds005280,sub-185,29,6.0,3.5,0,58.027023,29.411552
24731,ds005280,sub-186,0,7.0,3.5,1,-7.0987587,17.841026
24732,ds005280,sub-186,1,8.0,4.0,0,49.988228,47.288296
24733,ds005280,sub-186,2,8.0,4.0,0,66.31161,-13.921637
24734,ds005280,sub-186,3,8.0,4.0,2,35.67166,-24.876772
24735,ds005280,sub-186,4,9.0,4.0,0,62.331707,-10.399515
24736,ds005280,sub-186,5,8.0,3.5,2,-17.366377,-14.776148
24737,ds005280,sub-186,6,9.0,3.5,2,5.456462,-38.088596
24738,ds005280,sub-186,7,8.0,3.5,0,30.485922,3.3110497
24739,ds005280,sub-186,8,7.0,3.5,3,-62.709488,-24.88408
24740,ds005280,sub-186,9,9.0,4.0,0,36.585754,7.0636277
24741,ds005280,sub-186,10,6.0,3.5,2,-19.43405,-33.93441
24742,ds005280,sub-186,11,10.0,4.0,0,41.923748,-11.225737
24743,ds005280,sub-186,12,6.0,3.5,2,16.43814,-45.68383
24744,ds005280,sub-186,13,9.0,4.0,0,77.77306,1.5424604
24745,ds005280,sub-186,14,8.0,3.5,2,-20.671753,-34.61765
24746,ds005280,sub-186,15,6.0,3.5,1,-27.412315,33.834908
24747,ds005280,sub-186,16,8.0,4.0,2,21.915474,-5.3203354
24748,ds005280,sub-186,17,9.0,4.0,0,31.763098,-1.9843627
24749,ds005280,sub-186,18,6.0,3.5,2,-22.386003,-47.902084
24750,ds005280,sub-186,19,8.0,4.0,0,61.802826,20.528786
24751,ds005280,sub-186,20,7.0,4.0,2,10.643462,-1.6119381
24752,ds005280,sub-186,21,5.0,3.5,3,-58.832245,13.177822
24753,ds005280,sub-186,22,6.0,3.5,2,24.324438,-26.356804
24754,ds005280,sub-186,23,6.0,3.5,1,15.799521,14.117757
24755,ds005280,sub-186,24,5.0,3.5,1,-4.78998,5.0665097
24756,ds005280,sub-186,25,8.0,4.0,0,49.212093,-17.921001
24757,ds005280,sub-186,26,7.0,3.5,0,25.876673,-0.88255256
24758,ds005280,sub-186,27,8.0,4.0,1,29.57421,26.287754
24759,ds005280,sub-186,28,7.0,4.0,0,53.376488,32.64235
24760,ds005280,sub-186,29,7.0,4.0,1,19.536507,26.571186
24761,ds005280,sub-187,0,6.0,3.5,1,17.31923,27.475208
24762,ds005280,sub-187,1,7.0,4.0,1,-0.13279414,47.726395
24763,ds005280,sub-187,2,5.0,4.0,0,55.64729,24.428577
24764,ds005280,sub-187,3,8.0,4.0,0,41.321323,39.24229
24765,ds005280,sub-187,4,3.0,3.5,0,33.722122,10.425222
24766,ds005280,sub-187,5,6.0,3.5,2,16.347443,-13.650227
24767,ds005280,sub-187,6,7.0,3.5,1,24.355614,35.63013
24768,ds005280,sub-187,7,7.0,4.0,0,56.360775,23.037703
24769,ds005280,sub-187,8,7.0,3.5,0,55.40702,24.681593
24770,ds005280,sub-187,9,9.0,4.0,0,42.443214,21.50662
24771,ds005280,sub-187,10,5.0,3.5,1,-10.923912,34.433598
24772,ds005280,sub-187,11,8.0,4.0,1,40.20455,48.556114
24773,ds005280,sub-187,12,7.0,3.5,1,8.264088,18.975681
24774,ds005280,sub-187,13,4.0,3.5,1,19.998652,18.570044
24775,ds005280,sub-187,14,9.0,4.0,0,62.338116,24.662607
24776,ds005280,sub-187,15,8.0,4.0,0,70.96438,17.436747
24777,ds005280,sub-187,16,7.0,3.5,1,11.76955,31.705141
24778,ds005280,sub-187,17,8.0,4.0,1,13.418965,22.679773
24779,ds005280,sub-187,18,7.0,3.5,1,11.757456,11.776513
24780,ds005280,sub-187,19,3.0,3.5,2,12.29458,-24.130657
24781,ds005280,sub-187,20,2.0,3.5,0,55.383198,16.230677
24782,ds005280,sub-187,21,8.0,3.5,1,13.984472,16.020445
24783,ds005280,sub-187,22,6.0,4.0,2,9.836716,-38.248123
24784,ds005280,sub-187,23,8.0,3.5,1,-9.943667,62.466957
24785,ds005280,sub-187,24,9.0,4.0,0,85.83681,19.418634
24786,ds005280,sub-187,25,5.0,4.0,1,32.03949,40.711746
24787,ds005280,sub-187,26,7.0,4.0,1,33.294403,43.489433
24788,ds005280,sub-188,0,2.0,3.0,3,-50.676655,-1.8910819
24789,ds005280,sub-188,1,6.0,3.5,0,39.76028,-4.3887877
24790,ds005280,sub-188,2,6.0,3.5,0,34.333576,-11.642292
24791,ds005280,sub-188,3,8.0,3.5,0,40.508987,0.14789498
24792,ds005280,sub-188,4,5.0,3.5,0,55.74159,-13.4217615
24793,ds005280,sub-188,5,1.0,3.0,2,-12.515403,-13.23339
24794,ds005280,sub-188,6,2.0,3.0,3,-43.081978,0.15784237
24795,ds005280,sub-188,7,2.0,3.0,1,-19.380629,55.399143
24796,ds005280,sub-188,8,1.0,3.0,3,-46.643497,11.140357
24797,ds005280,sub-188,9,7.0,3.5,0,47.788017,-1.4991167
24798,ds005280,sub-188,10,4.0,3.0,3,-72.21674,-13.85831
24799,ds005280,sub-188,11,6.0,3.5,0,23.63784,0.7899218
24800,ds005280,sub-188,12,1.0,3.0,3,-47.33574,-27.454166
24801,ds005280,sub-188,13,5.0,3.5,0,30.757322,-9.527916
24802,ds005280,sub-188,14,3.0,3.0,2,-23.735966,-16.063467
24803,ds005280,sub-188,15,4.0,3.0,2,-34.25582,-41.171955
24804,ds005280,sub-188,16,7.0,3.5,0,63.632202,-4.8148875
24805,ds005280,sub-188,17,3.0,3.5,0,33.89639,6.8970947
24806,ds005280,sub-188,18,2.0,3.0,3,-66.2224,12.198333
24807,ds005280,sub-188,19,7.0,3.5,1,8.030962,51.39548
24808,ds005280,sub-188,20,6.0,3.5,0,38.1321,-7.155818
24809,ds005280,sub-188,21,3.0,3.0,3,-51.21955,11.784335
24810,ds005280,sub-188,22,3.0,3.0,2,10.100082,-48.33616
24811,ds005280,sub-188,23,2.0,3.0,3,-37.75234,-9.229087
24812,ds005280,sub-188,24,2.0,3.0,2,-15.138324,-7.5517693
24813,ds005280,sub-188,25,3.0,3.5,2,-18.297924,-23.705149
24814,ds005280,sub-188,26,6.0,3.0,0,39.476475,-6.4324255
24815,ds005280,sub-188,27,3.0,3.5,1,-14.334201,15.709394
24816,ds005280,sub-188,28,6.0,3.5,2,16.073183,-6.1281934
24817,ds005280,sub-189,0,4.0,3.0,0,31.779135,9.064187
24818,ds005280,sub-189,1,5.0,3.5,0,61.88388,-5.66102
24819,ds005280,sub-189,2,6.0,3.5,0,58.66655,-9.464092
24820,ds005280,sub-189,3,5.0,3.5,0,61.155933,7.493954
24821,ds005280,sub-189,4,5.0,3.5,0,63.475407,6.662148
24822,ds005280,sub-189,5,4.0,3.0,0,57.700035,11.172671
24823,ds005280,sub-189,6,2.0,3.0,2,14.237428,-11.403381
24824,ds005280,sub-189,7,3.0,3.0,0,25.41327,3.2064087
24825,ds005280,sub-189,8,4.0,3.0,0,40.140965,-23.39279
24826,ds005280,sub-189,9,4.0,3.5,0,46.852726,3.5848467
24827,ds005280,sub-189,10,4.0,3.0,2,30.87142,-24.546537
24828,ds005280,sub-189,11,6.0,3.5,0,63.22434,2.2146585
24829,ds005280,sub-189,12,4.0,3.0,0,56.073643,-10.496902
24830,ds005280,sub-189,13,6.0,3.5,0,80.15764,19.338682
24831,ds005280,sub-189,14,3.0,3.0,2,23.60467,-34.756134
24832,ds005280,sub-189,15,3.0,3.0,2,22.855158,-45.85452
24833,ds005280,sub-189,16,6.0,3.5,0,75.561134,9.807126
24834,ds005280,sub-189,17,5.0,3.5,0,51.41622,-17.435677
24835,ds005280,sub-189,18,4.0,3.0,0,63.529274,11.393142
24836,ds005280,sub-189,19,5.0,3.5,2,31.153318,-18.959255
24837,ds005280,sub-189,20,5.0,3.5,0,66.52283,2.2207954
24838,ds005280,sub-189,21,4.0,3.0,2,7.1191263,-39.025166
24839,ds005280,sub-189,22,4.0,3.0,1,11.725214,9.423472
24840,ds005280,sub-189,23,3.0,3.0,0,30.726297,-0.9418793
24841,ds005280,sub-189,24,3.0,3.0,2,40.007744,-42.37346
24842,ds005280,sub-189,25,4.0,3.5,0,56.543232,-2.7015061
24843,ds005280,sub-189,26,4.0,3.0,2,40.588146,-42.87357
24844,ds005280,sub-189,27,5.0,3.5,0,48.737286,2.21803
24845,ds005280,sub-189,28,4.0,3.5,0,66.54707,5.4887185
24846,ds005280,sub-189,29,5.0,3.5,0,46.465466,36.89094
24847,ds005280,sub-190,0,4.0,3.0,2,4.9447885,-24.715971
24848,ds005280,sub-190,1,5.0,3.5,1,18.808294,31.6891
24849,ds005280,sub-190,2,6.0,3.5,1,3.308249,8.281718
24850,ds005280,sub-190,3,7.0,3.5,2,19.584246,-9.780727
24851,ds005280,sub-190,4,5.0,3.5,3,-35.064903,-17.951712
24852,ds005280,sub-190,5,6.0,3.0,2,-18.920559,-55.620373
24853,ds005280,sub-190,6,5.0,3.0,1,-0.24212745,24.820642
24854,ds005280,sub-190,7,5.0,3.0,3,-51.421684,-30.269762
24855,ds005280,sub-190,8,4.0,3.0,2,19.189459,-42.836678
24856,ds005280,sub-190,9,6.0,3.5,0,48.834507,1.0974239
24857,ds005280,sub-190,10,4.0,3.0,2,6.9066157,-47.118626
24858,ds005280,sub-190,11,5.0,3.5,2,17.781782,-16.681679
24859,ds005280,sub-190,12,3.0,3.0,3,-51.523033,-16.940495
24860,ds005280,sub-190,13,5.0,3.0,1,6.113907,11.903027
24861,ds005280,sub-190,14,6.0,3.5,0,44.839714,-3.7524498
24862,ds005280,sub-190,15,6.0,3.5,0,34.885696,8.040656
24863,ds005280,sub-190,16,6.0,3.0,3,-38.698467,-34.912846
24864,ds005280,sub-190,17,5.0,3.0,3,-43.419243,3.7555835
24865,ds005280,sub-190,18,6.0,3.0,0,55.972324,-31.870583
24866,ds005280,sub-190,19,5.0,3.0,1,15.813908,9.460783
24867,ds005280,sub-190,20,5.0,3.5,2,17.743965,-1.3028826
24868,ds005280,sub-190,21,5.0,3.0,1,-22.053108,47.49513
24869,ds005280,sub-190,22,7.0,3.5,0,45.89294,3.0276294
24870,ds005280,sub-190,23,7.0,3.5,0,27.00212,17.080694
24871,ds005280,sub-191,0,5.0,3.0,1,-1.1091017,8.403354
24872,ds005280,sub-191,1,8.0,3.5,0,34.84228,-9.530844
24873,ds005280,sub-191,2,9.0,3.5,1,34.87129,53.42537
24874,ds005280,sub-191,3,10.0,3.5,1,34.45566,50.313385
24875,ds005280,sub-191,4,9.0,3.5,0,49.78567,9.606729
24876,ds005280,sub-191,5,8.0,3.0,1,3.064013,22.110582
24877,ds005280,sub-191,6,4.0,3.0,1,-5.8597736,9.901967
24878,ds005280,sub-191,7,7.0,3.0,1,35.956043,51.596283
24879,ds005280,sub-191,8,5.0,3.0,3,-52.697918,4.0227776
24880,ds005280,sub-191,9,7.0,3.5,0,31.26485,14.742081
24881,ds005280,sub-191,10,4.0,3.0,2,-19.96473,-17.069727
24882,ds005280,sub-191,11,8.0,3.5,1,35.9583,51.884724
24883,ds005280,sub-191,12,6.0,3.0,1,-3.2833133,13.372403
24884,ds005280,sub-191,13,8.0,3.5,2,27.76507,-27.370726
24885,ds005280,sub-191,14,4.0,3.0,3,-30.472761,-16.625698
24886,ds005280,sub-191,15,6.0,3.0,1,15.159051,21.93361
24887,ds005280,sub-191,16,8.0,3.5,2,34.85372,-44.03232
24888,ds005280,sub-191,17,4.0,3.5,2,0.927469,-59.62582
24889,ds005280,sub-191,18,3.0,3.0,3,-46.786606,18.647652
24890,ds005280,sub-191,19,5.0,3.5,1,6.9018455,26.499376
24891,ds005280,sub-191,20,5.0,3.5,3,-28.378536,-12.246324
24892,ds005280,sub-191,21,4.0,3.0,2,-10.343522,-23.31652
24893,ds005280,sub-191,22,4.0,3.0,3,-20.397617,-1.752304
24894,ds005280,sub-191,23,7.0,3.0,3,-39.34885,18.934175
24895,ds005280,sub-191,24,4.0,3.5,1,-12.701711,7.501438
24896,ds005280,sub-191,25,4.0,3.5,1,6.4382744,20.263372
24897,ds005280,sub-191,26,4.0,3.5,2,-7.985651,-14.87276
24898,ds005280,sub-191,27,4.0,3.5,2,-22.441183,-23.715488
24899,ds005280,sub-192,0,4.0,3.0,0,36.74139,28.091446
24900,ds005280,sub-192,1,5.0,3.5,1,31.841642,34.231514
24901,ds005280,sub-192,2,4.0,3.5,0,53.461517,32.51369
24902,ds005280,sub-192,3,5.0,3.5,0,36.800594,30.11941
24903,ds005280,sub-192,4,5.0,3.5,0,36.347412,16.782887
24904,ds005280,sub-192,5,4.0,3.0,2,16.908451,-8.623983
24905,ds005280,sub-192,6,4.0,3.0,0,36.25256,24.155445
24906,ds005280,sub-192,7,3.0,3.0,1,9.061197,17.86176
24907,ds005280,sub-192,8,3.0,3.0,2,20.489769,-3.8002958
24908,ds005280,sub-192,9,5.0,3.5,0,28.40687,11.478626
24909,ds005280,sub-192,10,4.0,3.0,2,17.998629,-5.270625
24910,ds005280,sub-192,11,5.0,3.5,1,-2.6827698,32.356144
24911,ds005280,sub-192,12,4.0,3.0,1,11.959941,31.746769
24912,ds005280,sub-192,13,5.0,3.5,1,9.891354,41.803135
24913,ds005280,sub-192,14,4.0,3.0,1,-11.294372,50.651367
24914,ds005280,sub-192,15,5.0,3.5,2,4.3610005,-50.29888
24915,ds005280,sub-192,16,5.0,3.5,0,48.167683,-7.842359
24916,ds005280,sub-192,17,4.0,3.0,0,27.37232,10.223982
24917,ds005280,sub-192,18,5.0,3.5,2,1.7338812,-49.643753
24918,ds005280,sub-192,19,5.0,3.5,1,16.713327,44.801395
24919,ds005280,sub-192,20,4.0,3.0,0,25.448496,-5.857659
24920,ds005280,sub-192,21,5.0,3.0,1,4.001555,32.51164
24921,ds005280,sub-192,22,4.0,3.0,2,-8.662827,-29.578615
24922,ds005280,sub-192,23,5.0,3.0,0,22.146513,1.1264957
24923,ds005280,sub-192,24,5.0,3.5,1,28.239405,29.344769
24924,ds005280,sub-192,25,5.0,3.0,1,10.17939,35.534603
24925,ds005280,sub-192,26,6.0,3.5,2,9.757001,-33.158245
24926,ds005280,sub-192,27,6.0,3.5,1,7.940378,41.478508
24927,ds005280,sub-192,28,5.0,3.5,0,43.624702,-23.206171
24928,ds005280,sub-193,0,5.0,3.5,3,-39.56035,-31.743006
24929,ds005280,sub-193,1,7.0,4.0,2,-13.44683,-31.164268
24930,ds005280,sub-193,2,6.0,4.0,0,29.368048,4.474756
24931,ds005280,sub-193,3,7.0,4.0,1,-14.799287,16.872147
24932,ds005280,sub-193,4,3.0,3.5,3,-74.188126,-22.096922
24933,ds005280,sub-193,5,4.0,3.5,1,-45.254616,47.520584
24934,ds005280,sub-193,6,2.0,3.5,3,-42.429775,-29.432121
24935,ds005280,sub-193,7,5.0,4.0,3,-42.3896,-26.311224
24936,ds005280,sub-193,8,4.0,3.5,2,-27.14936,-49.87229
24937,ds005280,sub-193,9,7.0,4.0,3,-40.966278,-15.318692
24938,ds005280,sub-193,10,5.0,3.5,3,-27.350365,-17.192575
24939,ds005280,sub-193,11,7.0,4.0,0,29.49046,8.631246
24940,ds005280,sub-193,12,7.0,3.5,1,-21.126978,55.302868
24941,ds005280,sub-193,13,6.0,3.5,3,-50.56573,-43.474403
24942,ds005280,sub-193,14,8.0,4.0,2,8.414515,-32.246986
24943,ds005280,sub-193,15,5.0,4.0,1,-22.164555,47.667664
24944,ds005280,sub-193,16,4.0,3.5,3,-64.65006,29.843977
24945,ds005280,sub-193,17,7.0,4.0,1,17.697607,9.220119
24946,ds005280,sub-193,18,8.0,4.0,1,8.443292,36.192642
24947,ds005280,sub-193,19,4.0,3.5,1,-13.942877,26.010088
24948,ds005280,sub-193,20,3.0,3.5,2,-29.493895,-43.55688
24949,ds005280,sub-193,21,6.0,3.5,3,-46.062477,-8.133622
24950,ds005280,sub-193,22,5.0,3.5,3,-52.33799,-22.382551
24951,ds005280,sub-193,23,6.0,4.0,2,1.7238357,-49.133423
24952,ds005280,sub-193,24,5.0,3.5,2,-1.186126,-9.310949
24953,ds005280,sub-193,25,8.0,4.0,1,28.103636,34.331703
24954,ds005280,sub-193,26,4.0,4.0,1,-37.36481,43.149704
24955,ds005280,sub-193,27,8.0,4.0,0,23.593967,1.344074
24956,ds005280,sub-194,0,9.0,3.5,0,77.25409,13.538121
24957,ds005280,sub-194,1,9.0,3.5,0,88.24792,17.116838
24958,ds005280,sub-194,2,9.0,3.5,0,78.405136,11.801578
24959,ds005280,sub-194,3,7.0,3.0,0,52.725815,20.518433
24960,ds005280,sub-194,4,5.0,3.0,0,58.838734,37.92306
24961,ds005280,sub-194,5,4.0,3.0,1,21.20858,31.33741
24962,ds005280,sub-194,6,8.0,3.0,1,13.479446,55.521793
24963,ds005280,sub-194,7,9.0,3.5,0,88.86319,16.92737
24964,ds005280,sub-194,8,3.0,3.0,2,-13.545215,-43.054634
24965,ds005280,sub-194,9,5.0,3.5,0,22.9862,4.5464196
24966,ds005280,sub-194,10,4.0,3.0,0,52.821655,20.952765
24967,ds005280,sub-194,11,7.0,3.5,0,68.65288,22.083624
24968,ds005280,sub-194,12,5.0,3.0,0,52.22055,2.8645866
24969,ds005280,sub-194,13,5.0,3.0,0,55.216953,14.730519
24970,ds005280,sub-194,14,8.0,3.5,0,78.27168,3.9787817
24971,ds005280,sub-194,15,8.0,3.5,0,70.84337,34.155594
24972,ds005280,sub-194,16,5.0,3.0,0,57.140446,24.388296
24973,ds005280,sub-194,17,7.0,3.5,0,75.58624,16.178549
24974,ds005280,sub-194,18,7.0,3.5,0,77.9255,12.053854
24975,ds005280,sub-194,19,5.0,3.0,0,32.69192,21.228243
24976,ds005280,sub-194,20,6.0,3.0,0,63.925617,33.20007
24977,ds005280,sub-194,21,5.0,3.0,0,49.187344,45.830715
24978,ds005280,sub-194,22,5.0,3.0,0,58.768623,38.045033
24979,ds005280,sub-194,23,7.0,3.5,0,58.008625,34.941696
24980,ds005280,sub-194,24,5.0,3.0,1,13.510706,50.92045
24981,ds005280,sub-194,25,8.0,3.5,0,77.56398,11.736504
24982,ds005280,sub-194,26,7.0,3.5,0,73.23017,14.982891
24983,ds005280,sub-194,27,6.0,3.5,0,66.73173,8.349418
24984,ds005280,sub-195,0,5.0,3.5,3,-30.768988,3.7102442
24985,ds005280,sub-195,1,7.0,4.0,2,3.2923384,-0.72297335
24986,ds005280,sub-195,2,8.0,4.0,1,-20.416016,10.675957
24987,ds005280,sub-195,3,6.0,4.0,2,-8.441801,-0.23111615
24988,ds005280,sub-195,4,7.0,4.0,2,28.993906,-21.638468
24989,ds005280,sub-195,5,7.0,3.5,3,-38.456173,-31.041878
24990,ds005280,sub-195,6,3.0,3.5,3,-45.601025,-13.20842
24991,ds005280,sub-195,7,7.0,3.5,3,-39.543247,-29.438908
24992,ds005280,sub-195,8,4.0,3.5,3,-44.05112,10.819803
24993,ds005280,sub-195,9,7.0,4.0,3,-40.328808,-19.406284
24994,ds005280,sub-195,10,6.0,3.5,1,-25.923103,35.017868
24995,ds005280,sub-195,11,7.0,4.0,0,53.95003,5.0422406
24996,ds005280,sub-195,12,7.0,3.5,1,5.220445,54.90493
24997,ds005280,sub-195,13,6.0,4.0,0,27.149437,-2.109607
24998,ds005280,sub-195,14,6.0,3.5,1,14.715003,18.568434
24999,ds005280,sub-195,15,6.0,3.5,0,44.36438,5.2075543
25000,ds005280,sub-195,16,6.0,4.0,3,-23.122007,-4.612702
25001,ds005280,sub-195,17,4.0,4.0,2,19.346731,-7.1234326
25002,ds005280,sub-195,18,6.0,3.5,3,-33.52645,-17.881191
25003,ds005280,sub-195,19,6.0,4.0,3,-68.448296,16.381258
25004,ds005280,sub-195,20,5.0,4.0,3,-54.810863,-22.708504
25005,ds005280,sub-195,21,6.0,3.5,2,0.15640065,-16.296125
25006,ds005280,sub-195,22,4.0,3.5,3,-58.2723,-16.98932
25007,ds005280,sub-195,23,6.0,3.5,3,-75.73475,-3.3640141
25008,ds005280,sub-195,24,4.0,3.5,3,-78.502174,-6.138865
25009,ds005280,sub-195,25,5.0,4.0,3,-40.622486,-22.95146
25010,ds005280,sub-195,26,5.0,3.5,3,-24.572542,10.462822
25011,ds005280,sub-195,27,7.0,4.0,2,26.372633,-21.667494
25012,ds005280,sub-195,28,6.0,4.0,2,14.597532,2.1731596
25013,ds005280,sub-195,29,5.0,4.0,1,-21.132614,26.253443
25014,ds005280,sub-196,0,3.0,3.5,1,12.557481,23.221176
25015,ds005280,sub-196,1,7.0,4.0,1,15.560337,34.809578
25016,ds005280,sub-196,2,10.0,4.0,1,5.508818,49.663403
25017,ds005280,sub-196,3,8.0,4.0,0,71.163605,-8.007977
25018,ds005280,sub-196,4,6.0,4.0,0,57.64157,17.347073
25019,ds005280,sub-196,5,6.0,3.5,0,34.961025,-10.399743
25020,ds005280,sub-196,6,3.0,3.5,1,37.936016,56.474888
25021,ds005280,sub-196,7,5.0,3.5,1,-1.6202285,22.38903
25022,ds005280,sub-196,8,4.0,3.5,1,3.7277057,31.101267
25023,ds005280,sub-196,9,9.0,4.0,1,31.954872,53.058636
25024,ds005280,sub-196,10,3.0,3.5,1,31.93666,55.337795
25025,ds005280,sub-196,11,9.0,4.0,0,71.12053,-7.895831
25026,ds005280,sub-196,12,4.0,3.5,1,32.138023,52.896435
25027,ds005280,sub-196,13,9.0,4.0,1,8.353371,30.300972
25028,ds005280,sub-196,14,3.0,3.5,1,-12.958823,37.950127
25029,ds005280,sub-196,15,3.0,3.5,2,-12.500342,-16.228395
25030,ds005280,sub-196,16,9.0,4.0,1,-3.9450567,29.907097
25031,ds005280,sub-196,17,4.0,4.0,1,33.958435,55.126842
25032,ds005280,sub-196,18,6.0,3.5,1,-11.989856,30.566635
25033,ds005280,sub-196,19,10.0,4.0,0,76.16024,3.8200178
25034,ds005280,sub-196,20,6.0,4.0,2,-3.854227,-53.935715
25035,ds005280,sub-196,21,7.0,3.5,1,5.2715583,21.891842
25036,ds005280,sub-196,22,9.0,3.5,0,91.540245,15.298154
25037,ds005280,sub-196,23,5.0,3.5,2,6.7146783,-37.231895
25038,ds005280,sub-196,24,6.0,3.5,1,12.790842,26.065042
25039,ds005280,sub-196,25,6.0,4.0,1,36.2233,41.541542
25040,ds005280,sub-196,26,4.0,3.5,1,6.3874903,20.255499
25041,ds005280,sub-196,27,7.0,4.0,1,11.306866,39.31765
25042,ds005280,sub-196,28,5.0,4.0,1,33.693848,55.20499
25043,ds005280,sub-196,29,10.0,4.0,1,36.279602,49.54998
25044,ds005280,sub-197,0,7.0,3.5,3,-63.930244,15.647403
25045,ds005280,sub-197,1,8.0,4.0,0,32.42566,12.561509
25046,ds005280,sub-197,2,7.0,4.0,3,-47.244995,40.044086
25047,ds005280,sub-197,3,5.0,4.0,3,-45.730053,9.663916
25048,ds005280,sub-197,4,10.0,4.0,1,28.379124,22.244457
25049,ds005280,sub-197,5,7.0,3.5,3,-25.243313,-9.892304
25050,ds005280,sub-197,6,5.0,3.5,3,-62.890858,16.60261
25051,ds005280,sub-197,7,7.0,3.5,3,-31.805632,4.5231147
25052,ds005280,sub-197,8,7.0,3.5,3,-56.02986,11.352927
25053,ds005280,sub-197,9,7.0,4.0,3,-77.93422,12.484215
25054,ds005280,sub-197,10,6.0,3.5,2,16.813099,-14.083838
25055,ds005280,sub-197,11,8.0,4.0,0,32.739246,23.294569
25056,ds005280,sub-197,12,5.0,3.5,3,-47.333824,-15.296644
25057,ds005280,sub-197,13,5.0,3.5,3,-64.09368,14.252364
25058,ds005280,sub-197,14,6.0,3.5,3,-59.648293,16.047987
25059,ds005280,sub-197,15,7.0,4.0,3,-58.511757,-8.185355
25060,ds005280,sub-197,16,4.0,3.5,3,-53.77354,-34.78954
25061,ds005280,sub-197,17,5.0,4.0,1,-43.21689,41.99078
25062,ds005280,sub-197,18,4.0,3.5,3,-58.554794,13.680113
25063,ds005280,sub-197,19,6.0,3.5,3,-41.085026,31.490574
25064,ds005280,sub-197,20,8.0,4.0,3,-30.067148,-11.473803
25065,ds005280,sub-197,21,6.0,3.5,3,-29.9285,-11.838222
25066,ds005280,sub-197,22,10.0,4.0,3,-22.48984,-0.47330564
25067,ds005280,sub-197,23,7.0,4.0,3,-29.321053,-8.574577
25068,ds005280,sub-197,24,4.0,4.0,3,-68.338974,35.224426
25069,ds005280,sub-198,0,8.0,3.5,3,-73.08333,-8.165017
25070,ds005280,sub-198,1,9.0,4.0,1,-3.2178984,58.148014
25071,ds005280,sub-198,2,10.0,4.0,1,26.966127,28.701717
25072,ds005280,sub-198,3,10.0,4.0,1,-3.6433256,65.17991
25073,ds005280,sub-198,4,10.0,4.0,1,18.654362,46.49531
25074,ds005280,sub-198,5,8.0,3.5,1,-13.334937,62.712803
25075,ds005280,sub-198,6,9.0,3.5,1,-5.7756577,68.26597
25076,ds005280,sub-198,7,6.0,3.5,1,-15.340273,53.485924
25077,ds005280,sub-198,8,6.0,3.5,3,-74.21122,-1.8803426
25078,ds005280,sub-198,9,10.0,4.0,1,-9.860919,44.46816
25079,ds005280,sub-198,10,9.0,3.5,1,-4.8681126,65.43704
25080,ds005280,sub-198,11,9.0,4.0,1,-8.531653,65.47564
25081,ds005280,sub-198,12,8.0,3.5,1,-8.526581,64.89956
25082,ds005280,sub-198,13,7.0,4.0,1,-7.0755105,65.97589
25083,ds005280,sub-198,14,9.0,3.5,1,-10.66036,57.03718
25084,ds005280,sub-198,15,9.0,3.5,1,-5.733983,68.184296
25085,ds005280,sub-198,16,10.0,4.0,0,58.57182,40.730907
25086,ds005280,sub-198,17,10.0,4.0,0,61.215187,45.03972
25087,ds005280,sub-198,18,9.0,3.5,1,-5.803182,67.00705
25088,ds005280,sub-198,19,10.0,4.0,1,-5.5872393,55.930466
25089,ds005280,sub-198,20,8.0,4.0,1,-4.4748077,65.38994
25090,ds005280,sub-198,21,8.0,3.5,1,-5.8371043,66.82645
25091,ds005280,sub-198,22,8.0,3.5,1,-7.0353026,66.19722
25092,ds005280,sub-198,23,8.0,3.5,1,-8.808283,65.81114
25093,ds005280,sub-198,24,8.0,3.5,1,-5.7879763,68.29058
25094,ds005280,sub-198,25,9.0,4.0,1,42.51488,54.49707
25095,ds005280,sub-198,26,9.0,3.5,1,-7.967535,65.55418
25096,ds005280,sub-198,27,9.0,4.0,1,25.56463,45.584713
25097,ds005280,sub-198,28,9.0,4.0,1,-40.270306,38.673466
25098,ds005280,sub-198,29,10.0,4.0,1,24.208296,34.91607
25099,ds005280,sub-199,0,4.0,3.0,3,-34.511433,26.257204
25100,ds005280,sub-199,1,4.0,3.5,0,50.71113,12.205006
25101,ds005280,sub-199,2,3.0,3.5,3,-44.39066,-23.064583
25102,ds005280,sub-199,3,4.0,3.5,0,68.4926,19.564665
25103,ds005280,sub-199,4,4.0,3.5,0,52.9952,44.801075
25104,ds005280,sub-199,5,7.0,3.0,0,38.740833,22.001986
25105,ds005280,sub-199,6,4.0,3.0,1,-22.4695,49.287453
25106,ds005280,sub-199,7,2.0,3.0,0,61.36712,41.290077
25107,ds005280,sub-199,8,7.0,3.0,1,-16.655312,13.516179
25108,ds005280,sub-199,9,7.0,3.5,0,72.62331,28.519289
25109,ds005280,sub-199,10,4.0,3.0,2,-12.458765,-16.11486
25110,ds005280,sub-199,11,5.0,3.5,0,32.16766,14.252429
25111,ds005280,sub-199,12,4.0,3.0,1,-29.936054,41.686287
25112,ds005280,sub-199,13,6.0,3.5,0,36.340942,32.931843
25113,ds005280,sub-199,14,5.0,3.0,1,-8.466951,47.864777
25114,ds005280,sub-199,15,4.0,3.0,2,-10.891204,-39.22727
25115,ds005280,sub-199,16,7.0,3.5,0,62.885105,38.47713
25116,ds005280,sub-199,17,7.0,3.5,0,52.50522,39.692497
25117,ds005280,sub-199,18,4.0,3.0,1,13.176639,6.020929
25118,ds005280,sub-199,19,7.0,3.5,2,19.14623,-6.137915
25119,ds005280,sub-199,20,4.0,3.5,2,-14.786702,-7.442027
25120,ds005280,sub-199,21,5.0,3.0,3,-34.182312,25.833496
25121,ds005280,sub-199,22,4.0,3.0,1,13.206952,3.9385893
25122,ds005280,sub-199,23,5.0,3.0,1,6.3178115,27.502403
25123,ds005280,sub-199,24,4.0,3.0,3,-25.243366,-1.6892473
25124,ds005280,sub-199,25,7.0,3.5,0,53.327866,12.379709
25125,ds005280,sub-199,26,6.0,3.0,3,-45.090878,-43.008766
25126,ds005280,sub-199,27,7.0,3.5,0,65.09822,23.881088
25127,ds005280,sub-199,28,5.0,3.5,0,33.530525,24.60859
25128,ds005280,sub-199,29,4.0,3.5,0,51.43227,11.613652
25129,ds005280,sub-200,0,3.0,3.0,2,-12.443455,-20.229725
25130,ds005280,sub-200,1,7.0,3.5,2,9.36735,-0.28163952
25131,ds005280,sub-200,2,7.0,3.5,0,37.126617,6.2281594
25132,ds005280,sub-200,3,5.0,3.5,1,18.952984,25.61558
25133,ds005280,sub-200,4,8.0,3.5,0,34.228054,7.336649
25134,ds005280,sub-200,5,3.0,3.0,2,-15.121576,-17.878103
25135,ds005280,sub-200,6,4.0,3.0,2,13.639488,-45.246822
25136,ds005280,sub-200,7,4.0,3.0,3,-38.69349,-27.024858
25137,ds005280,sub-200,8,4.0,3.0,1,27.144266,24.09226
25138,ds005280,sub-200,9,5.0,3.5,2,10.215088,-1.5467708
25139,ds005280,sub-200,10,3.0,3.0,3,-31.134995,4.110682
25140,ds005280,sub-200,11,9.0,3.5,1,-31.85421,32.400627
25141,ds005280,sub-200,12,4.0,3.0,1,-27.937769,38.719414
25142,ds005280,sub-200,13,6.0,3.5,2,12.901401,0.2646471
25143,ds005280,sub-200,14,2.0,3.0,3,-41.198006,-4.256693
25144,ds005280,sub-200,15,3.0,3.0,1,9.373018,34.493347
25145,ds005280,sub-200,16,4.0,3.5,1,4.2503963,38.268604
25146,ds005280,sub-200,17,6.0,3.5,2,7.1683555,-11.376095
25147,ds005280,sub-200,18,3.0,3.0,2,-19.269571,-10.558957
25148,ds005280,sub-200,19,7.0,3.5,1,8.932789,18.546635
25149,ds005280,sub-200,20,3.0,3.5,2,-9.265328,-14.762205
25150,ds005280,sub-200,21,2.0,3.0,3,-73.700424,14.658817
25151,ds005280,sub-200,22,8.0,3.0,2,18.7755,-39.490303
25152,ds005280,sub-200,23,1.0,3.0,3,-25.41675,-1.921827
25153,ds005280,sub-200,24,7.0,3.0,0,34.231094,-17.228804
25154,ds005280,sub-200,25,4.0,3.5,1,14.760671,4.745545
25155,ds005280,sub-200,26,3.0,3.0,1,-14.438508,18.024458
25156,ds005280,sub-200,27,4.0,3.5,2,-23.302736,-46.98467
25157,ds005280,sub-200,28,6.0,3.5,0,42.298195,5.392121
25158,ds005280,sub-201,0,3.0,3.0,1,-19.85669,48.24033
25159,ds005280,sub-201,1,4.0,3.5,1,16.087168,25.643513
25160,ds005280,sub-201,2,4.0,3.5,1,15.599746,19.911453
25161,ds005280,sub-201,3,4.0,3.5,1,-2.1096768,55.17522
25162,ds005280,sub-201,4,5.0,3.5,0,47.773872,5.967326
25163,ds005280,sub-201,5,3.0,3.0,1,-13.834796,56.495758
25164,ds005280,sub-201,6,2.0,3.0,1,-12.342967,37.06061
25165,ds005280,sub-201,7,3.0,3.0,1,-25.201967,24.950447
25166,ds005280,sub-201,8,3.0,3.0,3,-67.46562,28.6628
25167,ds005280,sub-201,9,4.0,3.5,0,41.34051,-6.578548
25168,ds005280,sub-201,10,3.0,3.0,0,43.396,18.248184
25169,ds005280,sub-201,11,5.0,3.5,0,42.404526,23.171911
25170,ds005280,sub-201,12,3.0,3.0,1,21.742346,18.572271
25171,ds005280,sub-201,13,4.0,3.5,1,16.076761,6.6626105
25172,ds005280,sub-201,14,5.0,3.0,1,24.120535,30.629513
25173,ds005280,sub-201,15,4.0,3.0,1,11.619978,11.383578
25174,ds005280,sub-201,16,5.0,3.5,1,24.079615,30.471298
25175,ds005280,sub-201,17,4.0,3.5,1,26.142828,21.062897
25176,ds005280,sub-201,18,4.0,3.0,3,-60.771927,-10.773725
25177,ds005280,sub-201,19,5.0,3.5,0,49.308746,17.166643
25178,ds005280,sub-201,20,3.0,3.5,3,-44.002758,29.486454
25179,ds005280,sub-201,21,3.0,3.0,1,24.139687,41.726746
25180,ds005280,sub-201,22,4.0,3.0,0,43.862717,34.01298
25181,ds005280,sub-201,23,3.0,3.0,1,-23.716303,24.450558
25182,ds005280,sub-201,24,4.0,3.0,2,1.7015018,-10.502358
25183,ds005280,sub-201,25,3.0,3.5,3,-41.35186,19.273613
25184,ds005280,sub-201,26,0.0,3.0,3,-72.75208,26.04004
25185,ds005280,sub-201,27,5.0,3.5,1,19.065636,55.637245
25186,ds005280,sub-201,28,4.0,3.5,0,40.447857,-8.847017
25187,ds005280,sub-201,29,5.0,3.5,1,-2.79166,54.775604
25188,ds005280,sub-202,0,8.0,3.5,3,-57.2215,-28.080488
25189,ds005280,sub-202,1,9.0,4.0,1,-6.6732817,62.131042
25190,ds005280,sub-202,2,10.0,4.0,3,-64.6102,33.490612
25191,ds005280,sub-202,3,9.0,4.0,3,-62.09417,8.427514
25192,ds005280,sub-202,4,10.0,4.0,3,-49.0516,21.42899
25193,ds005280,sub-202,5,8.0,3.5,3,-62.76269,8.436853
25194,ds005280,sub-202,6,10.0,3.5,1,-10.841613,32.157593
25195,ds005280,sub-202,7,10.0,3.5,3,-45.602486,-3.7927935
25196,ds005280,sub-202,8,10.0,3.5,3,-73.96286,32.01325
25197,ds005280,sub-202,9,10.0,4.0,1,-9.940772,57.860508
25198,ds005280,sub-202,10,10.0,3.5,1,-11.071412,63.2571
25199,ds005280,sub-202,11,10.0,4.0,3,-72.21983,17.721178
25200,ds005280,sub-202,12,10.0,3.5,3,-78.190636,10.33438
25201,ds005280,sub-202,13,7.0,4.0,3,-52.503292,13.057558
25202,ds005280,sub-202,14,8.0,3.5,1,-13.528959,26.003202
25203,ds005280,sub-202,15,9.0,3.5,1,-7.911518,60.81153
25204,ds005280,sub-202,16,10.0,4.0,1,-5.99655,35.743027
25205,ds005280,sub-202,17,10.0,4.0,1,-33.985218,34.306263
25206,ds005280,sub-202,18,8.0,3.5,1,-45.623264,52.49835
25207,ds005280,sub-202,19,10.0,4.0,1,-42.77254,41.80633
25208,ds005280,sub-202,20,10.0,4.0,3,-74.584206,11.973746
25209,ds005280,sub-202,21,6.0,3.5,1,-41.36456,53.06575
25210,ds005280,sub-202,22,7.0,3.5,3,-60.415375,-2.302332
25211,ds005280,sub-202,23,10.0,3.5,3,-67.31567,-23.844429
25212,ds005280,sub-202,24,10.0,3.5,3,-71.55132,23.407473
25213,ds005280,sub-202,25,10.0,4.0,3,-82.46014,14.692743
25214,ds005280,sub-202,26,10.0,3.5,1,-11.357453,64.21176
25215,ds005280,sub-202,27,10.0,4.0,3,-64.85899,11.000713
25216,ds005280,sub-202,28,10.0,4.0,3,-68.33642,25.909555
25217,ds005280,sub-202,29,9.0,4.0,3,-74.371185,10.792458
25218,ds005280,sub-203,0,3.0,3.5,1,-29.939363,29.617125
25219,ds005280,sub-203,1,6.0,4.0,0,76.2853,19.938559
25220,ds005280,sub-203,2,4.0,4.0,2,9.08316,-48.59426
25221,ds005280,sub-203,3,3.0,4.0,3,-45.52947,26.92242
25222,ds005280,sub-203,4,4.0,4.0,3,-68.96416,9.784044
25223,ds005280,sub-203,5,4.0,3.5,3,-49.603683,-8.197155
25224,ds005280,sub-203,6,3.0,3.5,3,-50.873554,-7.2032146
25225,ds005280,sub-203,7,4.0,3.5,3,-59.352364,28.432922
25226,ds005280,sub-203,8,3.0,3.5,1,-16.191883,55.396317
25227,ds005280,sub-203,9,4.0,4.0,3,-71.712494,32.78825
25228,ds005280,sub-203,10,3.0,3.5,3,-36.60576,-12.043916
25229,ds005280,sub-203,11,7.0,4.0,0,51.598007,16.738483
25230,ds005280,sub-203,12,2.0,3.5,3,-44.431286,17.249228
25231,ds005280,sub-203,13,4.0,4.0,1,-6.635723,26.827095
25232,ds005280,sub-203,14,4.0,3.5,3,-45.74169,14.97973
25233,ds005280,sub-203,15,2.0,3.5,3,-39.348434,-34.48559
25234,ds005280,sub-203,16,4.0,4.0,3,-42.218445,7.7459517
25235,ds005280,sub-203,17,4.0,4.0,3,-43.54666,-11.25099
25236,ds005280,sub-203,18,3.0,3.5,3,-60.56973,-26.292133
25237,ds005280,sub-203,19,8.0,4.0,0,78.59959,15.003655
25238,ds005280,sub-203,20,4.0,4.0,1,-19.238348,8.8566675
25239,ds005280,sub-203,21,2.0,3.5,2,11.923366,-48.506042
25240,ds005280,sub-203,22,3.0,3.5,3,-47.654198,14.858592
25241,ds005280,sub-203,23,4.0,3.5,3,-50.04749,34.253494
25242,ds005280,sub-203,24,5.0,3.5,3,-27.221054,-16.756016
25243,ds005280,sub-203,25,2.0,4.0,3,-43.774513,26.15221
25244,ds005280,sub-203,26,4.0,3.5,1,3.9152277,28.984083
25245,ds005280,sub-203,27,3.0,4.0,3,-60.86521,12.453937
25246,ds005280,sub-203,28,3.0,4.0,3,-47.795235,-3.1289475
25247,ds005280,sub-203,29,4.0,4.0,2,-13.723454,-41.244633
25248,ds005280,sub-204,0,6.0,3.5,1,2.6435466,58.17319
25249,ds005280,sub-204,1,9.0,4.0,0,55.8409,18.947731
25250,ds005280,sub-204,2,8.0,4.0,1,16.2314,25.650118
25251,ds005280,sub-204,3,9.0,4.0,0,37.42189,11.167397
25252,ds005280,sub-204,4,8.0,4.0,2,20.44089,-6.468261
25253,ds005280,sub-204,5,7.0,3.5,0,27.246578,-8.33037
25254,ds005280,sub-204,6,6.0,3.5,2,15.600505,-19.202065
25255,ds005280,sub-204,7,7.0,3.5,1,-33.882397,31.116444
25256,ds005280,sub-204,8,5.0,3.5,3,-59.79113,-5.7454095
25257,ds005280,sub-204,9,7.0,4.0,2,21.79789,-6.9694757
25258,ds005280,sub-204,10,7.0,3.5,2,19.003101,-12.517605
25259,ds005280,sub-204,11,9.0,4.0,1,7.8020267,41.409687
25260,ds005280,sub-204,12,4.0,3.5,1,-19.627983,47.580463
25261,ds005280,sub-204,13,10.0,4.0,0,34.932243,22.579617
25262,ds005280,sub-204,14,5.0,3.5,2,33.580765,-41.423637
25263,ds005280,sub-204,15,4.0,3.5,2,25.911783,-42.90476
25264,ds005280,sub-204,16,8.0,4.0,0,56.300858,20.238438
25265,ds005280,sub-204,17,8.0,4.0,1,14.468367,54.842026
25266,ds005280,sub-204,18,5.0,3.5,1,22.880125,23.150734
25267,ds005280,sub-204,19,6.0,4.0,1,1.3387249,46.272976
25268,ds005280,sub-204,20,7.0,4.0,2,30.695036,-38.765083
25269,ds005280,sub-204,21,6.0,3.5,1,21.047232,24.540514
25270,ds005280,sub-204,22,5.0,3.5,2,1.1999742,-53.1951
25271,ds005280,sub-204,23,6.0,3.5,3,-36.6916,26.19269
25272,ds005280,sub-204,24,3.0,3.5,1,-7.861522,63.728874
25273,ds005280,sub-204,25,4.0,4.0,1,14.614529,30.208923
25274,ds005280,sub-204,26,7.0,3.5,0,62.382786,13.367404
25275,ds005280,sub-204,27,8.0,4.0,0,50.410088,29.34133
25276,ds005280,sub-204,28,8.0,4.0,0,50.252888,29.767761
25277,ds005280,sub-204,29,5.0,4.0,2,31.390577,-36.370007
25278,ds005280,sub-205,0,3.0,3.0,2,15.1293545,-27.898155
25279,ds005280,sub-205,1,5.0,3.5,1,37.278423,52.03917
25280,ds005280,sub-205,2,7.0,3.5,1,36.91443,55.83557
25281,ds005280,sub-205,3,8.0,3.5,0,55.45939,16.149986
25282,ds005280,sub-205,4,6.0,3.5,1,34.884205,53.631195
25283,ds005280,sub-205,5,8.0,3.0,1,37.65221,53.67758
25284,ds005280,sub-205,6,4.0,3.0,1,3.9053931,19.515827
25285,ds005280,sub-205,7,8.0,3.0,1,40.185375,57.751415
25286,ds005280,sub-205,8,4.0,3.0,1,2.8158298,15.610963
25287,ds005280,sub-205,9,9.0,3.5,1,33.09068,48.598976
25288,ds005280,sub-205,10,3.0,3.0,1,33.223133,55.38171
25289,ds005280,sub-205,11,7.0,3.5,1,30.96581,49.91897
25290,ds005280,sub-205,12,2.0,3.0,1,40.309036,57.81865
25291,ds005280,sub-205,13,8.0,3.5,1,39.468754,58.50648
25292,ds005280,sub-205,14,5.0,3.0,1,-3.0190177,8.854156
25293,ds005280,sub-205,15,4.0,3.0,1,-9.041949,7.5291133
25294,ds005280,sub-205,16,8.0,3.5,1,40.17833,58.138824
25295,ds005280,sub-205,17,7.0,3.5,1,26.561058,52.356056
25296,ds005280,sub-205,18,3.0,3.0,1,36.400303,55.29996
25297,ds005280,sub-205,19,5.0,3.5,1,40.151184,57.693104
25298,ds005280,sub-205,20,7.0,3.5,1,36.15451,53.565624
25299,ds005280,sub-205,21,5.0,3.0,1,39.740627,54.823338
25300,ds005280,sub-205,22,8.0,3.0,1,36.924988,50.853313
25301,ds005280,sub-205,23,9.0,3.0,1,39.389328,57.30963
25302,ds005280,sub-205,24,6.0,3.0,1,39.765514,57.56008
25303,ds005280,sub-205,25,8.0,3.5,1,36.68673,55.47675
25304,ds005280,sub-205,26,9.0,3.0,1,40.746544,58.093006
25305,ds005280,sub-205,27,4.0,3.5,1,37.236504,56.139576
25306,ds005280,sub-205,28,8.0,3.5,1,33.357456,31.47979
25307,ds005280,sub-205,29,7.0,3.5,1,39.828728,56.65255
25308,ds005280,sub-206,0,4.0,3.5,2,30.943863,-40.2416
25309,ds005280,sub-206,1,7.0,4.0,0,78.050865,11.20032
25310,ds005280,sub-206,2,8.0,4.0,0,71.001945,24.20763
25311,ds005280,sub-206,3,5.0,4.0,0,67.47206,8.869681
25312,ds005280,sub-206,4,4.0,4.0,0,45.107365,10.062417
25313,ds005280,sub-206,5,4.0,3.5,1,11.193347,39.720703
25314,ds005280,sub-206,6,4.0,3.5,0,46.47046,36.709606
25315,ds005280,sub-206,7,5.0,3.5,1,31.372316,27.520359
25316,ds005280,sub-206,8,4.0,3.5,0,53.503258,-2.0077062
25317,ds005280,sub-206,9,5.0,4.0,0,52.22259,-7.348069
25318,ds005280,sub-206,10,3.0,3.5,0,49.66207,22.396673
25319,ds005280,sub-206,11,5.0,4.0,0,54.005737,-0.69244
25320,ds005280,sub-206,12,3.0,3.5,0,46.044857,44.156403
25321,ds005280,sub-206,13,5.0,4.0,0,77.69599,5.9104686
25322,ds005280,sub-206,14,4.0,3.5,0,62.782005,29.405241
25323,ds005280,sub-206,15,4.0,3.5,2,14.689055,0.23895839
25324,ds005280,sub-206,16,5.0,4.0,0,68.23977,10.555635
25325,ds005280,sub-206,17,5.0,4.0,0,39.950695,-8.560915
25326,ds005280,sub-206,18,3.0,3.5,0,45.090008,7.488955
25327,ds005280,sub-206,19,6.0,4.0,0,44.696316,-9.076026
25328,ds005280,sub-206,20,4.0,4.0,0,66.57565,13.5766535
25329,ds005280,sub-206,21,3.0,3.5,0,39.25277,23.1522
25330,ds005280,sub-206,22,6.0,3.5,0,56.241936,-2.6502607
25331,ds005280,sub-206,23,4.0,3.5,3,-47.83513,-3.1264906
25332,ds005280,sub-206,24,3.0,3.5,2,0.9613009,-37.87915
25333,ds005280,sub-206,25,4.0,4.0,1,32.600292,31.718435
25334,ds005280,sub-206,26,3.0,3.5,0,44.848682,21.39401
25335,ds005280,sub-206,27,4.0,4.0,0,54.064526,7.844813
25336,ds005280,sub-206,28,4.0,4.0,0,68.89547,5.055227
25337,ds005280,sub-206,29,5.0,4.0,0,50.37845,38.95487
25338,ds005280,sub-207,0,4.0,3.0,2,-5.7271757,-51.873768
25339,ds005280,sub-207,1,6.0,3.5,0,62.848915,17.926027
25340,ds005280,sub-207,2,7.0,3.5,0,39.00335,10.065698
25341,ds005280,sub-207,3,7.0,3.5,0,32.693752,-0.75619596
25342,ds005280,sub-207,4,7.0,3.5,1,15.59011,19.82819
25343,ds005280,sub-207,5,2.0,3.0,2,-8.180095,-4.9684515
25344,ds005280,sub-207,6,5.0,3.0,1,33.957077,51.4482
25345,ds005280,sub-207,7,4.0,3.0,2,29.665483,-30.615446
25346,ds005280,sub-207,8,4.0,3.0,1,-0.98569095,7.3803043
25347,ds005280,sub-207,9,7.0,3.5,1,34.1431,36.235973
25348,ds005280,sub-207,10,4.0,3.0,1,-6.0595946,30.810825
25349,ds005280,sub-207,11,7.0,3.5,2,-17.930859,-21.397345
25350,ds005280,sub-207,12,3.0,3.0,3,-33.923946,-6.6396976
25351,ds005280,sub-207,13,8.0,3.5,2,4.0735526,-12.523584
25352,ds005280,sub-207,14,4.0,3.0,3,-45.052986,31.736801
25353,ds005280,sub-207,15,6.0,3.0,1,37.258423,44.26674
25354,ds005280,sub-207,16,7.0,3.5,1,9.305797,13.644194
25355,ds005280,sub-207,17,7.0,3.5,0,48.295246,-25.237196
25356,ds005280,sub-207,18,3.0,3.0,2,-4.2570443,-48.57978
25357,ds005280,sub-207,19,7.0,3.5,2,-16.005844,-26.883846
25358,ds005280,sub-207,20,6.0,3.5,1,29.886755,49.362465
25359,ds005280,sub-207,21,4.0,3.0,1,15.539245,20.886408
25360,ds005280,sub-207,22,3.0,3.0,3,-52.555,-12.547051
25361,ds005280,sub-207,23,6.0,3.0,1,9.8108,16.047651
25362,ds005280,sub-207,24,4.0,3.0,2,-26.842278,-36.424435
25363,ds005280,sub-207,25,7.0,3.5,0,34.610607,10.035128
25364,ds005280,sub-207,26,2.0,3.0,1,-5.783818,8.87343
25365,ds005280,sub-207,27,8.0,3.5,0,62.431717,18.687702
25366,ds005280,sub-207,28,7.0,3.5,2,9.031521,-35.97799
25367,ds005280,sub-207,29,4.0,3.5,0,62.065582,-12.9881115
25368,ds005280,sub-208,0,7.0,3.0,3,-44.047157,-1.904198
25369,ds005280,sub-208,1,8.0,3.5,0,30.492006,18.804678
25370,ds005280,sub-208,2,9.0,3.5,2,-18.94765,-46.571808
25371,ds005280,sub-208,3,10.0,3.5,1,-16.39765,10.613375
25372,ds005280,sub-208,4,8.0,3.5,2,3.9623964,-10.85492
25373,ds005280,sub-208,5,6.0,3.0,3,-31.728567,8.535835
25374,ds005280,sub-208,6,4.0,3.0,2,-29.065405,-27.427649
25375,ds005280,sub-208,7,4.0,3.0,2,-19.993189,-56.38532
25376,ds005280,sub-208,8,4.0,3.0,3,-48.95307,29.138145
25377,ds005280,sub-208,9,5.0,3.5,1,-25.825787,19.080107
25378,ds005280,sub-208,10,4.0,3.0,3,-79.10825,7.429598
25379,ds005280,sub-208,11,10.0,3.5,2,-29.79815,-31.648312
25380,ds005280,sub-208,12,4.0,3.0,3,-73.48761,-10.955512
25381,ds005280,sub-208,13,4.0,3.0,3,-62.53208,25.260534
25382,ds005280,sub-208,14,4.0,3.5,2,-20.288069,-37.56719
25383,ds005280,sub-208,15,10.0,3.5,3,-33.855324,0.32056028
25384,ds005280,sub-208,16,10.0,3.5,1,9.4798765,6.3902416
25385,ds005280,sub-208,17,6.0,3.5,3,-30.754766,8.210965
25386,ds005280,sub-208,18,5.0,3.0,3,-58.556725,-51.45198
25387,ds005280,sub-208,19,10.0,3.0,0,32.198418,-4.846038
25388,ds005280,sub-208,20,10.0,3.0,2,14.283963,-46.129345
25389,ds005280,sub-208,21,4.0,3.0,2,-25.589514,-54.34874
25390,ds005280,sub-208,22,7.0,3.5,2,14.13931,-4.1224427
25391,ds005280,sub-208,23,5.0,3.0,1,-11.714445,4.653885
25392,ds005280,sub-208,24,10.0,3.5,2,18.226868,-10.411404
25393,ds005280,sub-208,25,9.0,3.5,3,-57.66514,-17.336828
25394,ds005280,sub-208,26,8.0,3.5,2,17.913582,-14.231803
25395,ds005280,sub-209,0,6.0,3.0,0,29.680489,-1.6131123
25396,ds005280,sub-209,1,7.0,3.5,0,42.888287,1.5204473
25397,ds005280,sub-209,2,8.0,3.5,0,57.940716,-9.950251
25398,ds005280,sub-209,3,8.0,3.5,0,55.610962,-14.532916
25399,ds005280,sub-209,4,8.0,3.5,0,68.10927,2.1695855
25400,ds005280,sub-209,5,9.0,3.0,0,36.134487,-10.050554
25401,ds005280,sub-209,6,7.0,3.0,0,39.99213,-13.204579
25402,ds005280,sub-209,7,8.0,3.0,0,57.478554,-8.751612
25403,ds005280,sub-209,8,7.0,3.0,0,24.138992,1.7949879
25404,ds005280,sub-209,9,9.0,3.5,0,55.657597,-14.409063
25405,ds005280,sub-209,10,7.0,3.0,2,8.962538,-11.328512
25406,ds005280,sub-209,11,8.0,3.5,2,13.764564,-2.451077
25407,ds005280,sub-209,12,7.0,3.0,2,21.063698,-28.181395
25408,ds005280,sub-209,13,9.0,3.5,0,66.941086,1.9233391
25409,ds005280,sub-209,14,7.0,3.0,0,38.004375,0.83089215
25410,ds005280,sub-209,15,8.0,3.0,0,43.882687,-29.762411
25411,ds005280,sub-209,16,8.0,3.5,0,43.353813,-14.391372
25412,ds005280,sub-209,17,9.0,3.5,2,7.5917478,-32.763336
25413,ds005280,sub-209,18,6.0,3.0,1,25.401518,17.454882
25414,ds005280,sub-209,19,8.0,3.5,2,19.774902,-5.0484457
25415,ds005280,sub-209,20,8.0,3.5,0,23.346506,9.731373
25416,ds005280,sub-209,21,6.0,3.0,0,39.554207,7.851225
25417,ds005280,sub-209,22,9.0,3.0,0,40.53413,-11.311723
25418,ds005280,sub-209,23,6.0,3.0,0,34.44742,7.735253
25419,ds005280,sub-209,24,7.0,3.0,0,47.154633,3.7465441
25420,ds005280,sub-209,25,8.0,3.5,0,41.11705,1.7663256
25421,ds005280,sub-209,26,8.0,3.0,0,64.597275,-10.906237
25422,ds005280,sub-209,27,8.0,3.5,0,37.211956,-3.7864707
25423,ds005280,sub-209,28,8.0,3.5,0,37.616863,8.563022
25424,ds005280,sub-209,29,8.0,3.5,0,35.082012,13.084721
25425,ds005280,sub-210,0,5.0,3.5,0,59.901775,32.221897
25426,ds005280,sub-210,1,6.0,4.0,0,55.14277,13.443398
25427,ds005280,sub-210,2,6.0,4.0,0,75.78196,25.559032
25428,ds005280,sub-210,3,5.0,4.0,0,49.935116,28.085976
25429,ds005280,sub-210,4,4.0,4.0,0,80.48012,4.160999
25430,ds005280,sub-210,5,3.0,3.5,2,10.206742,-38.569397
25431,ds005280,sub-210,6,4.0,3.5,1,10.491691,3.166645
25432,ds005280,sub-210,7,4.0,3.5,1,4.290126,38.182713
25433,ds005280,sub-210,8,3.0,3.5,2,-14.808021,-58.638214
25434,ds005280,sub-210,9,6.0,4.0,1,14.467192,42.51464
25435,ds005280,sub-210,10,5.0,3.5,0,58.487823,4.836047
25436,ds005280,sub-210,11,7.0,4.0,0,53.191708,-0.10540078
25437,ds005280,sub-210,12,4.0,3.5,3,-53.477993,-24.962236
25438,ds005280,sub-210,13,6.0,4.0,0,51.831085,-1.30299
25439,ds005280,sub-210,14,4.0,3.5,2,34.104416,-29.459885
25440,ds005280,sub-210,15,3.0,3.5,3,-42.147125,-17.934528
25441,ds005280,sub-210,16,5.0,4.0,0,80.36452,4.2981
25442,ds005280,sub-210,17,5.0,4.0,1,-7.4040055,44.61185
25443,ds005280,sub-210,18,3.0,3.5,2,-10.749414,-59.056385
25444,ds005280,sub-210,19,5.0,4.0,0,29.868246,11.144609
25445,ds005280,sub-210,20,4.0,4.0,2,29.39443,-55.37113
25446,ds005280,sub-210,21,4.0,3.5,1,5.9031205,45.6855
25447,ds005280,sub-210,22,4.0,3.5,0,34.937122,3.427575
25448,ds005280,sub-210,23,3.0,3.5,1,-11.08203,48.560707
25449,ds005280,sub-210,24,3.0,3.5,2,0.38123065,-14.72813
25450,ds005280,sub-210,25,4.0,4.0,1,2.8216217,40.487633
25451,ds005280,sub-210,26,3.0,3.5,3,-26.113905,-9.037451
25452,ds005280,sub-210,27,5.0,4.0,1,15.860055,41.865726
25453,ds005280,sub-210,28,4.0,4.0,2,30.42927,-35.47818
25454,ds005280,sub-210,29,3.0,4.0,3,-44.421707,4.525818
25455,ds005280,sub-211,0,10.0,4.0,0,48.81497,35.777027
25456,ds005280,sub-211,1,10.0,4.0,0,36.514492,1.0951794
25457,ds005280,sub-211,2,9.0,4.0,0,67.855995,0.026819248
25458,ds005280,sub-211,3,10.0,4.0,0,56.609035,-26.203716
25459,ds005280,sub-211,4,8.0,3.5,2,36.15806,-37.3726
25460,ds005280,sub-211,5,7.0,3.5,2,36.405567,-41.909996
25461,ds005280,sub-211,6,8.0,3.5,3,-38.38796,-15.929357
25462,ds005280,sub-211,7,10.0,4.0,0,67.9906,-0.7009179
25463,ds005280,sub-211,8,9.0,3.5,2,38.535686,-40.229973
25464,ds005280,sub-211,9,10.0,4.0,0,61.910175,3.6453447
25465,ds005280,sub-211,10,8.0,3.5,2,24.040762,-39.604656
25466,ds005280,sub-211,11,10.0,4.0,1,11.446867,49.005005
25467,ds005280,sub-211,12,8.0,3.5,3,-42.959793,-47.302986
25468,ds005280,sub-211,13,7.0,3.5,2,-5.0895314,-20.631174
25469,ds005280,sub-211,14,10.0,4.0,0,49.021324,-38.788017
25470,ds005280,sub-211,15,7.0,3.5,2,-5.63905,-52.187073
25471,ds005280,sub-211,16,10.0,4.0,0,49.602016,-39.175716
25472,ds005280,sub-211,17,10.0,4.0,0,50.366432,8.064766
25473,ds005280,sub-211,18,9.0,3.5,3,-34.643524,9.229492
25474,ds005280,sub-211,19,5.0,3.5,3,-39.908764,-8.246202
25475,ds005280,sub-211,20,7.0,3.5,3,-41.934856,-19.941551
25476,ds005280,sub-211,21,7.0,3.5,3,-37.35308,-28.178625
25477,ds005280,sub-211,22,10.0,4.0,0,46.523422,36.63347
25478,ds005280,sub-211,23,8.0,3.5,2,-7.814279,-48.322456
25479,ds005280,sub-211,24,10.0,4.0,0,51.590496,9.593769
25480,ds005280,sub-211,25,9.0,4.0,0,48.517864,-38.462307
25481,ds005280,sub-212,0,6.0,3.0,0,63.95013,12.783938
25482,ds005280,sub-212,1,7.0,3.5,0,79.68286,4.9757442
25483,ds005280,sub-212,2,8.0,3.5,0,66.58637,28.59779
25484,ds005280,sub-212,3,6.0,3.5,0,79.86135,5.4014225
25485,ds005280,sub-212,4,6.0,3.5,0,73.88134,24.334835
25486,ds005280,sub-212,5,5.0,3.0,0,56.709488,-25.861713
25487,ds005280,sub-212,6,6.0,3.0,0,63.181725,22.355742
25488,ds005280,sub-212,7,3.0,3.0,1,13.025269,22.282614
25489,ds005280,sub-212,8,4.0,3.0,0,57.39279,14.538003
25490,ds005280,sub-212,9,7.0,3.5,0,78.32399,2.7876146
25491,ds005280,sub-212,10,5.0,3.0,0,66.11032,14.021179
25492,ds005280,sub-212,11,6.0,3.5,0,65.66232,8.575908
25493,ds005280,sub-212,12,7.0,3.0,0,64.8064,27.206236
25494,ds005280,sub-212,13,5.0,3.5,0,71.583466,40.716244
25495,ds005280,sub-212,14,5.0,3.0,0,62.73751,19.59534
25496,ds005280,sub-212,15,4.0,3.0,0,41.68011,24.413233
25497,ds005280,sub-212,16,5.0,3.5,0,56.74019,26.019064
25498,ds005280,sub-212,17,5.0,3.5,0,74.11609,17.989069
25499,ds005280,sub-212,18,4.0,3.0,0,57.120567,26.123291
25500,ds005280,sub-212,19,4.0,3.5,0,59.550922,27.579737
25501,ds005280,sub-212,20,4.0,3.5,1,22.410461,11.910691
25502,ds005280,sub-212,21,3.0,3.0,3,-39.741905,-33.53337
25503,ds005280,sub-212,22,4.0,3.0,1,11.734283,43.85954
25504,ds005280,sub-212,23,4.0,3.0,0,68.144936,37.20203
25505,ds005280,sub-212,24,4.0,3.0,0,42.84857,15.033322
25506,ds005280,sub-212,25,5.0,3.5,0,68.33204,28.954245
25507,ds005280,sub-212,26,3.0,3.0,1,19.548101,6.526801
25508,ds005280,sub-212,27,6.0,3.5,0,22.907755,7.876805
25509,ds005280,sub-212,28,4.0,3.5,0,56.693005,20.195309
25510,ds005280,sub-212,29,5.0,3.5,0,76.65521,1.0762582
25511,ds005280,sub-213,0,6.0,3.0,0,46.80056,34.858257
25512,ds005280,sub-213,1,7.0,3.5,0,74.619446,31.21801
25513,ds005280,sub-213,2,7.0,3.0,0,68.12229,18.949509
25514,ds005280,sub-213,3,7.0,3.0,0,61.968056,37.834866
25515,ds005280,sub-213,4,9.0,3.5,0,66.386154,32.57494
25516,ds005280,sub-213,5,4.0,3.0,0,45.57171,34.368374
25517,ds005280,sub-213,6,5.0,3.0,0,54.92976,35.957035
25518,ds005280,sub-213,7,8.0,3.5,0,84.25039,17.465134
25519,ds005280,sub-213,8,5.0,3.0,0,51.33097,47.32678
25520,ds005280,sub-213,9,4.0,3.0,0,55.368317,15.98442
25521,ds005280,sub-213,10,6.0,3.5,0,47.019146,34.959347
25522,ds005280,sub-213,11,4.0,3.5,0,45.11701,35.00843
25523,ds005280,sub-213,12,7.0,3.0,2,-11.860801,-61.74458
25524,ds005280,sub-213,13,9.0,3.5,0,67.883194,8.890224
25525,ds005280,sub-213,14,4.0,3.5,0,45.640945,30.058924
25526,ds005280,sub-213,15,3.0,3.0,3,-76.711876,-11.158882
25527,ds005280,sub-213,16,4.0,3.0,2,2.8949602,-50.380283
25528,ds005280,sub-213,17,2.0,3.0,1,13.119137,34.700214
25529,ds005280,sub-213,18,6.0,3.0,2,-11.378456,-27.349247
25530,ds005280,sub-213,19,4.0,3.5,0,50.81862,47.463535
25531,ds005280,sub-213,20,4.0,3.0,2,-13.176174,-26.26845
25532,ds005280,sub-213,21,2.0,3.5,2,22.65761,-18.346926
25533,ds005280,sub-213,22,4.0,3.5,3,-31.943855,-4.2548156
25534,ds005280,sub-213,23,5.0,3.5,0,65.17299,32.932617
25535,ds005280,sub-214,0,4.0,3.0,1,-25.839228,52.956635
25536,ds005280,sub-214,1,5.0,3.5,0,71.3351,32.84066
25537,ds005280,sub-214,2,6.0,3.5,1,17.073368,53.3813
25538,ds005280,sub-214,3,4.0,3.5,1,-12.926656,51.209896
25539,ds005280,sub-214,4,4.0,3.5,1,18.278374,48.24824
25540,ds005280,sub-214,5,6.0,3.0,0,61.4463,44.4003
25541,ds005280,sub-214,6,3.0,3.0,3,-58.30732,-43.227234
25542,ds005280,sub-214,7,4.0,3.0,0,48.374367,33.167213
25543,ds005280,sub-214,8,2.0,3.0,2,-1.367571,-9.424439
25544,ds005280,sub-214,9,3.0,3.5,1,-9.839869,63.68121
25545,ds005280,sub-214,10,1.0,3.0,3,-62.87311,32.046257
25546,ds005280,sub-214,11,3.0,3.5,1,-30.1245,23.256178
25547,ds005280,sub-214,12,2.0,3.0,3,-71.06378,10.407077
25548,ds005280,sub-214,13,3.0,3.5,1,8.362992,22.350164
25549,ds005280,sub-214,14,2.0,3.0,3,-53.866768,-29.119642
25550,ds005280,sub-214,15,3.0,3.0,2,-13.405542,-26.316338
25551,ds005280,sub-214,16,1.0,3.5,3,-73.961655,-21.724642
25552,ds005280,sub-214,17,2.0,3.5,2,-3.2402687,-48.987625
25553,ds005280,sub-214,18,3.0,3.0,1,-17.730042,56.48401
25554,ds005280,sub-214,19,4.0,3.5,2,23.457918,-54.24911
25555,ds005280,sub-214,20,2.0,3.5,2,-4.8270993,-33.09809
25556,ds005280,sub-214,21,1.0,3.0,3,-62.428417,1.3561853
25557,ds005280,sub-214,22,1.0,3.0,1,-13.223834,51.85092
25558,ds005280,sub-214,23,3.0,3.0,3,-58.461353,13.765445
25559,ds005280,sub-214,24,2.0,3.0,3,-58.302834,-51.226547
25560,ds005280,sub-214,25,3.0,3.5,1,2.3548708,25.902163
25561,ds005280,sub-214,26,3.0,3.0,1,6.9743557,26.87583
25562,ds005280,sub-214,27,1.0,3.5,1,-4.7258196,17.550467
25563,ds005280,sub-214,28,2.0,3.5,1,7.6915555,2.0338097
25564,ds005280,sub-214,29,2.0,3.5,3,-63.475277,-40.960384
25565,ds005280,sub-215,0,5.0,3.5,1,-17.119137,34.523113
25566,ds005280,sub-215,1,7.0,4.0,0,68.66173,19.851751
25567,ds005280,sub-215,2,7.0,4.0,0,70.61796,31.407745
25568,ds005280,sub-215,3,8.0,4.0,0,75.03153,34.85743
25569,ds005280,sub-215,4,7.0,4.0,0,75.89893,34.203056
25570,ds005280,sub-215,5,5.0,3.5,3,-46.50814,-18.518812
25571,ds005280,sub-215,6,6.0,3.5,3,-63.726223,-1.2567409
25572,ds005280,sub-215,7,8.0,3.5,1,-0.22038618,56.283047
25573,ds005280,sub-215,8,7.0,3.5,0,76.071945,20.43057
25574,ds005280,sub-215,9,8.0,4.0,1,17.382496,41.589447
25575,ds005280,sub-215,10,6.0,3.5,1,-8.916208,65.70861
25576,ds005280,sub-215,11,8.0,4.0,1,-2.3878794,65.80991
25577,ds005280,sub-215,12,6.0,3.5,1,-8.271604,33.232777
25578,ds005280,sub-215,13,8.0,4.0,0,75.90547,33.992115
25579,ds005280,sub-215,14,5.0,3.5,1,-16.079485,45.23679
25580,ds005280,sub-215,15,6.0,3.5,2,34.140682,-38.50529
25581,ds005280,sub-215,16,7.0,4.0,1,2.508908,58.539516
25582,ds005280,sub-215,17,7.0,4.0,0,61.8759,37.532993
25583,ds005280,sub-215,18,5.0,3.5,3,-39.675278,-14.967563
25584,ds005280,sub-215,19,6.0,4.0,0,43.26535,11.687356
25585,ds005280,sub-215,20,6.0,4.0,0,54.940876,7.900447
25586,ds005280,sub-215,21,5.0,3.5,1,-40.800167,51.605465
25587,ds005280,sub-215,22,8.0,3.5,0,61.3356,35.854942
25588,ds005280,sub-215,23,6.0,3.5,0,73.567825,30.922117
25589,ds005280,sub-215,24,5.0,3.5,3,-71.55555,-5.6437607
25590,ds005280,sub-215,25,6.0,4.0,1,-3.6593173,55.47081
25591,ds005280,sub-215,26,7.0,3.5,1,-1.1442376,64.364395
25592,ds005280,sub-215,27,8.0,4.0,0,49.316998,26.444382
25593,ds005280,sub-215,28,7.0,4.0,1,-43.202484,50.41451
25594,ds005280,sub-215,29,7.0,4.0,0,52.586548,39.56627
25595,ds005280,sub-216,0,7.0,3.5,3,-43.816685,-16.15856
25596,ds005280,sub-216,1,9.0,4.0,2,43.583744,-45.24984
25597,ds005280,sub-216,2,8.0,4.0,0,57.612362,-8.876769
25598,ds005280,sub-216,3,9.0,4.0,1,17.590061,25.348988
25599,ds005280,sub-216,4,9.0,4.0,1,10.985657,26.00857
25600,ds005280,sub-216,5,6.0,3.5,3,-67.06388,-30.000586
25601,ds005280,sub-216,6,8.0,3.5,3,-34.056934,4.236856
25602,ds005280,sub-216,7,8.0,3.5,2,8.15065,-2.8765094
25603,ds005280,sub-216,8,8.0,3.5,2,-35.21192,-47.982594
25604,ds005280,sub-216,9,9.0,4.0,1,13.241903,6.0606666
25605,ds005280,sub-216,10,9.0,3.5,2,-1.665131,-34.342785
25606,ds005280,sub-216,11,9.0,4.0,2,-19.179298,-9.824746
25607,ds005280,sub-216,12,9.0,3.5,3,-58.0105,33.644867
25608,ds005280,sub-216,13,10.0,4.0,0,51.717976,-24.750214
25609,ds005280,sub-216,14,8.0,3.5,1,-26.65625,28.535358
25610,ds005280,sub-216,15,9.0,3.5,1,-5.773229,9.189747
25611,ds005280,sub-216,16,10.0,4.0,2,20.412144,-4.183313
25612,ds005280,sub-216,17,9.0,4.0,3,-41.018486,30.138435
25613,ds005280,sub-216,18,9.0,3.5,2,-3.5986218,-11.558394
25614,ds005280,sub-216,19,10.0,4.0,0,30.680574,10.984667
25615,ds005280,sub-216,20,9.0,4.0,1,-3.4251685,50.592617
25616,ds005280,sub-216,21,9.0,3.5,3,-23.035881,-5.790387
25617,ds005280,sub-216,22,8.0,3.5,1,10.50225,3.1968048
25618,ds005280,sub-216,23,9.0,3.5,3,-53.981895,45.521828
25619,ds005280,sub-216,24,9.0,3.5,2,-9.892923,-38.64144
25620,ds005280,sub-216,25,10.0,4.0,1,-11.740888,15.427242
25621,ds005280,sub-216,26,9.0,3.5,1,-14.234841,60.987137
25622,ds005280,sub-216,27,10.0,4.0,0,73.8684,-9.603423
25623,ds005280,sub-216,28,10.0,4.0,0,49.356003,35.622242
25624,ds005280,sub-216,29,9.0,4.0,2,34.59042,-40.237255
25625,ds005280,sub-217,0,8.0,3.5,1,-8.395973,2.4656322
25626,ds005280,sub-217,1,9.0,4.0,2,-7.847805,-57.747066
25627,ds005280,sub-217,2,10.0,4.0,2,8.350149,-31.783056
25628,ds005280,sub-217,3,9.0,4.0,0,56.925884,9.6707735
25629,ds005280,sub-217,4,10.0,4.0,0,54.46539,-1.6245041
25630,ds005280,sub-217,5,8.0,3.5,1,-0.063517876,2.0024757
25631,ds005280,sub-217,6,8.0,3.5,1,-3.0585,19.957857
25632,ds005280,sub-217,7,8.0,3.5,3,-75.14596,-23.518564
25633,ds005280,sub-217,8,7.0,3.5,0,41.870174,31.411127
25634,ds005280,sub-217,9,9.0,4.0,1,16.370192,38.31187
25635,ds005280,sub-217,10,9.0,3.5,2,-28.971897,-38.875183
25636,ds005280,sub-217,11,10.0,4.0,1,5.185489,58.976265
25637,ds005280,sub-217,12,6.0,3.5,2,7.004373,-25.674028
25638,ds005280,sub-217,13,10.0,4.0,1,18.764557,25.626965
25639,ds005280,sub-217,14,7.0,3.5,1,-0.2328988,31.622818
25640,ds005280,sub-217,15,7.0,3.5,3,-52.706116,-19.747414
25641,ds005280,sub-217,16,10.0,4.0,1,17.206545,38.732697
25642,ds005280,sub-217,17,10.0,4.0,1,12.530959,39.592297
25643,ds005280,sub-217,18,6.0,3.5,3,-29.78139,-11.322486
25644,ds005280,sub-217,19,10.0,4.0,0,42.64562,22.104118
25645,ds005280,sub-217,20,9.0,4.0,0,43.667255,7.936263
25646,ds005280,sub-217,21,7.0,3.5,1,20.08075,13.816657
25647,ds005280,sub-217,22,5.0,3.5,1,27.124788,50.733437
25648,ds005280,sub-217,23,9.0,3.5,2,28.99096,-16.295815
25649,ds005280,sub-217,24,4.0,3.5,2,-2.2336154,-7.213266
25650,ds005280,sub-217,25,9.0,4.0,1,15.863611,38.701576
25651,ds005280,sub-217,26,7.0,3.5,1,-5.975565,33.232536
25652,ds005280,sub-217,27,10.0,4.0,1,11.0,42.61647
25653,ds005280,sub-217,28,10.0,4.0,1,5.9963403,28.556702
25654,ds005280,sub-217,29,9.0,4.0,0,62.26827,41.540096
25655,ds005280,sub-218,0,3.0,3.0,0,29.92342,-3.6847267
25656,ds005280,sub-218,1,3.0,3.5,3,-42.557545,0.7638937
25657,ds005280,sub-218,2,3.0,3.5,0,53.237083,-12.645314
25658,ds005280,sub-218,3,4.0,3.5,0,79.53609,8.152677
25659,ds005280,sub-218,4,4.0,3.0,0,51.666645,47.15124
25660,ds005280,sub-218,5,2.0,3.0,0,20.895803,1.0598302
25661,ds005280,sub-218,6,3.0,3.0,1,-6.2962694,46.69097
25662,ds005280,sub-218,7,3.0,3.0,3,-72.72374,14.649455
25663,ds005280,sub-218,8,4.0,3.5,0,61.619267,28.666725
25664,ds005280,sub-218,9,3.0,3.0,1,-19.132605,51.931625
25665,ds005280,sub-218,10,3.0,3.5,0,61.123775,8.832013
25666,ds005280,sub-218,11,3.0,3.0,0,42.5624,31.645214
25667,ds005280,sub-218,12,6.0,3.5,0,84.26061,4.976889
25668,ds005280,sub-218,13,3.0,3.0,2,16.7741,-21.964228
25669,ds005280,sub-218,14,2.0,3.0,3,-64.523796,-8.3155575
25670,ds005280,sub-218,15,5.0,3.5,0,61.863106,9.552849
25671,ds005280,sub-218,16,4.0,3.5,2,9.415126,-25.86218
25672,ds005280,sub-218,17,3.0,3.0,2,0.25475386,-26.248611
25673,ds005280,sub-218,18,4.0,3.5,0,33.708607,0.0881701
25674,ds005280,sub-218,19,3.0,3.5,0,60.352577,16.17403
25675,ds005280,sub-218,20,3.0,3.0,3,-76.88681,-16.112675
25676,ds005280,sub-218,21,3.0,3.0,3,-30.54012,12.740759
25677,ds005280,sub-218,22,4.0,3.0,2,20.422262,-0.25849062
25678,ds005280,sub-218,23,3.0,3.0,2,-28.469616,-46.978394
25679,ds005280,sub-218,24,4.0,3.5,0,49.688873,39.510483
25680,ds005280,sub-218,25,3.0,3.0,2,-12.524225,-11.539167
25681,ds005280,sub-218,26,5.0,3.5,0,60.41809,-9.978985
25682,ds005280,sub-218,27,5.0,3.5,1,17.647451,7.526769
25683,ds005280,sub-218,28,6.0,3.5,0,49.26989,17.190863
25684,ds005280,sub-219,0,6.0,3.5,3,-57.196915,-10.516658
25685,ds005280,sub-219,1,6.0,3.0,3,-69.457886,-32.355427
25686,ds005280,sub-219,2,6.0,3.0,3,-39.757885,-4.549471
25687,ds005280,sub-219,3,5.0,3.0,3,-32.28432,13.338491
25688,ds005280,sub-219,4,6.0,3.0,2,-34.161602,-42.464344
25689,ds005280,sub-219,5,6.0,3.5,3,-39.57301,1.2570572
25690,ds005280,sub-219,6,6.0,3.0,1,-16.106766,14.091876
25691,ds005280,sub-219,7,7.0,3.5,2,9.645451,-14.582494
25692,ds005280,sub-219,8,6.0,3.0,2,-11.684396,-3.5261548
25693,ds005280,sub-219,9,5.0,3.5,3,-67.351456,-28.606813
25694,ds005280,sub-219,10,6.0,3.0,2,1.1114944,-30.324463
25695,ds005280,sub-219,11,5.0,3.0,3,-75.96131,-5.7376432
25696,ds005280,sub-219,12,7.0,3.5,2,42.46177,-34.606556
25697,ds005280,sub-219,13,6.0,3.5,2,20.546501,-20.2044
25698,ds005280,sub-219,14,6.0,3.0,3,-28.87591,-9.269467
25699,ds005280,sub-219,15,7.0,3.5,3,-31.815422,15.767712
25700,ds005280,sub-219,16,5.0,3.5,3,-44.24013,-11.43116
25701,ds005280,sub-219,17,6.0,3.0,2,5.37842,-19.370443
25702,ds005280,sub-219,18,4.0,3.0,2,-21.724205,-30.47828
25703,ds005280,sub-219,19,7.0,3.0,3,-39.936687,-7.8995223
25704,ds005280,sub-219,20,4.0,3.0,3,-58.72973,-34.605698
25705,ds005280,sub-219,21,5.0,3.5,3,-71.37108,26.732935
25706,ds005280,sub-219,22,6.0,3.0,2,-0.34096247,-29.280462
25707,ds005280,sub-219,23,6.0,3.5,2,-2.123063,-6.9987946
25708,ds005280,sub-219,24,6.0,3.5,2,12.8403635,-52.78422
25709,ds005280,sub-219,25,7.0,3.5,0,40.041435,-20.802217
25710,ds005280,sub-220,0,4.0,3.0,2,-1.9662486,-41.161404
25711,ds005280,sub-220,1,5.0,3.5,0,32.21349,24.05489
25712,ds005280,sub-220,2,4.0,3.5,2,32.58571,-25.237434
25713,ds005280,sub-220,3,5.0,3.5,0,37.62222,20.957565
25714,ds005280,sub-220,4,4.0,3.5,2,16.131334,1.6653384
25715,ds005280,sub-220,5,6.0,3.0,1,3.128106,40.510864
25716,ds005280,sub-220,6,3.0,3.0,2,-10.113031,-51.34819
25717,ds005280,sub-220,7,4.0,3.0,3,-37.37176,8.76569
25718,ds005280,sub-220,8,4.0,3.0,1,-9.916737,44.4978
25719,ds005280,sub-220,9,5.0,3.5,0,44.434673,17.659796
25720,ds005280,sub-220,10,4.0,3.0,1,-25.161964,40.426136
25721,ds005280,sub-220,11,6.0,3.5,1,-5.936337,22.645927
25722,ds005280,sub-220,12,3.0,3.0,3,-47.469982,28.446415
25723,ds005280,sub-220,13,6.0,3.5,1,21.29121,52.536396
25724,ds005280,sub-220,14,4.0,3.0,2,39.019848,-39.370735
25725,ds005280,sub-220,15,3.0,3.0,3,-40.558628,-16.370739
25726,ds005280,sub-220,16,6.0,3.5,1,5.069608,58.57261
25727,ds005280,sub-220,17,4.0,3.5,3,-47.948166,13.091588
25728,ds005280,sub-220,18,3.0,3.0,1,-15.221972,57.67765
25729,ds005280,sub-220,19,5.0,3.5,0,70.00156,7.2346663
25730,ds005280,sub-220,20,4.0,3.5,0,61.510704,20.595276
25731,ds005280,sub-220,21,3.0,3.0,1,2.816926,57.24324
25732,ds005280,sub-220,22,3.0,3.0,2,-20.202541,-8.417577
25733,ds005280,sub-220,23,3.0,3.0,2,-12.273289,-24.720522
25734,ds005280,sub-220,24,4.0,3.0,2,7.5168204,-3.0691216
25735,ds005280,sub-220,25,4.0,3.5,1,13.179129,38.222755
25736,ds005280,sub-220,26,4.0,3.0,0,43.964764,-13.512092
25737,ds005280,sub-220,27,4.0,3.5,1,-24.546808,40.451534
25738,ds005280,sub-220,28,5.0,3.5,0,48.684067,4.0823975
25739,ds005280,sub-220,29,6.0,3.5,1,19.290792,11.289487
25740,ds005280,sub-221,0,4.0,3.0,2,-24.17246,-50.957817
25741,ds005280,sub-221,1,6.0,3.5,0,57.30168,3.3011024
25742,ds005280,sub-221,2,4.0,3.5,1,-17.105886,42.512203
25743,ds005280,sub-221,3,5.0,3.5,3,-54.475216,-22.177708
25744,ds005280,sub-221,4,4.0,3.5,2,-4.8450522,-45.898468
25745,ds005280,sub-221,5,3.0,3.0,3,-40.4357,-45.708897
25746,ds005280,sub-221,6,3.0,3.0,3,-49.3893,-5.621201
25747,ds005280,sub-221,7,4.0,3.0,1,-17.186022,15.239469
25748,ds005280,sub-221,8,3.0,3.0,3,-45.61573,18.924738
25749,ds005280,sub-221,9,5.0,3.5,2,-31.277538,-32.42954
25750,ds005280,sub-221,10,1.0,3.0,3,-24.891079,12.992675
25751,ds005280,sub-221,11,4.0,3.5,2,17.484653,-40.83279
25752,ds005280,sub-221,12,3.0,3.0,3,-72.549576,-11.284798
25753,ds005280,sub-221,13,4.0,3.5,2,34.756355,-35.072083
25754,ds005280,sub-221,14,3.0,3.0,2,-10.132977,-28.228218
25755,ds005280,sub-221,15,4.0,3.0,2,-11.525005,-49.359245
25756,ds005280,sub-221,16,5.0,3.5,2,18.082312,-40.65092
25757,ds005280,sub-221,17,6.0,3.5,2,29.858282,-43.469433
25758,ds005280,sub-221,18,2.0,3.0,2,3.9476426,-34.675636
25759,ds005280,sub-221,19,7.0,3.5,2,40.021584,-29.934528
25760,ds005280,sub-221,20,5.0,3.5,2,-13.860514,-8.472415
25761,ds005280,sub-221,21,3.0,3.0,2,-5.562253,-59.078037
25762,ds005280,sub-221,22,2.0,3.0,2,-5.8585644,-48.817326
25763,ds005280,sub-221,23,2.0,3.0,2,-29.301943,-33.947075
25764,ds005280,sub-221,24,1.0,3.0,3,-57.564857,-26.808746
25765,ds005280,sub-221,25,3.0,3.5,2,-19.134613,-47.010906
25766,ds005280,sub-221,26,1.0,3.0,3,-33.66954,-11.948196
25767,ds005280,sub-221,27,3.0,3.5,2,-21.795313,-37.165977
25768,ds005280,sub-221,28,2.0,3.5,3,-26.877245,-7.152514
25769,ds005280,sub-221,29,2.0,3.5,3,-33.8729,4.4951696
25770,ds005280,sub-222,0,5.0,3.0,2,8.134677,-29.240643
25771,ds005280,sub-222,1,6.0,3.5,0,49.999672,14.326981
25772,ds005280,sub-222,2,5.0,3.5,2,28.98772,-56.61108
25773,ds005280,sub-222,3,4.0,3.5,0,57.51026,14.592404
25774,ds005280,sub-222,4,3.0,3.0,2,-23.920425,-24.808872
25775,ds005280,sub-222,5,3.0,3.0,2,-29.081326,-38.841408
25776,ds005280,sub-222,6,2.0,3.0,2,-14.112071,-35.09241
25777,ds005280,sub-222,7,3.0,3.0,0,40.44506,-27.94116
25778,ds005280,sub-222,8,4.0,3.5,2,5.24,-36.34163
25779,ds005280,sub-222,9,3.0,3.0,2,-2.7232542,-2.9067445
25780,ds005280,sub-222,10,3.0,3.5,2,-22.597525,-22.36477
25781,ds005280,sub-222,11,4.0,3.0,1,-1.3089374,4.7376337
25782,ds005280,sub-222,12,5.0,3.5,0,57.72416,-30.775885
25783,ds005280,sub-222,13,4.0,3.0,1,-9.962282,18.48319
25784,ds005280,sub-222,14,3.0,3.0,2,14.69983,-40.233177
25785,ds005280,sub-222,15,5.0,3.5,2,-11.874254,-59.190136
25786,ds005280,sub-222,16,5.0,3.5,2,-1.0767894,-37.591087
25787,ds005280,sub-222,17,3.0,3.0,3,-52.26429,29.989668
25788,ds005280,sub-222,18,6.0,3.5,2,25.403276,-58.84258
25789,ds005280,sub-222,19,4.0,3.5,2,17.14332,-57.10999
25790,ds005280,sub-222,20,3.0,3.0,2,8.174058,-39.109818
25791,ds005280,sub-222,21,2.0,3.0,1,-6.880357,3.0032928
25792,ds005280,sub-222,22,3.0,3.0,2,-24.341785,-24.698545
25793,ds005280,sub-222,23,4.0,3.0,1,0.3804357,17.04675
25794,ds005280,sub-222,24,5.0,3.5,0,57.7369,-28.52484
25795,ds005280,sub-222,25,3.0,3.0,1,1.716012,13.517189
25796,ds005280,sub-222,26,6.0,3.5,2,26.122572,-57.54594
25797,ds005280,sub-222,27,5.0,3.5,1,10.388003,20.57234
25798,ds005280,sub-222,28,6.0,3.5,2,25.182314,-59.810253
25799,ds005280,sub-223,0,3.0,3.0,3,-37.418987,-27.09598
25800,ds005280,sub-223,1,4.0,3.5,2,28.083256,-55.675983
25801,ds005280,sub-223,2,5.0,3.5,0,46.64461,1.6389319
25802,ds005280,sub-223,3,4.0,3.5,2,25.522945,-41.699158
25803,ds005280,sub-223,4,5.0,3.5,0,79.39961,8.001514
25804,ds005280,sub-223,5,3.0,3.0,2,18.811014,-42.65574
25805,ds005280,sub-223,6,3.0,3.0,2,-9.412573,-39.881477
25806,ds005280,sub-223,7,3.0,3.0,0,35.28006,17.844763
25807,ds005280,sub-223,8,3.0,3.0,2,-14.664179,-49.400745
25808,ds005280,sub-223,9,5.0,3.5,0,32.10398,-4.921071
25809,ds005280,sub-223,10,5.0,3.0,2,18.55522,-15.068492
25810,ds005280,sub-223,11,3.0,3.5,3,-40.41826,8.672635
25811,ds005280,sub-223,12,2.0,3.0,2,-16.416046,-24.845228
25812,ds005280,sub-223,13,3.0,3.5,2,-10.828876,-58.930843
25813,ds005280,sub-223,14,3.0,3.0,1,-9.807702,42.948902
25814,ds005280,sub-223,15,3.0,3.0,2,-0.99788356,-7.556123
25815,ds005280,sub-223,16,5.0,3.5,0,48.420864,-38.36208
25816,ds005280,sub-223,17,3.0,3.5,2,-1.0090525,-21.654848
25817,ds005280,sub-223,18,4.0,3.0,2,-4.4748335,-42.359123
25818,ds005280,sub-223,19,4.0,3.5,2,24.86179,-40.421295
25819,ds005280,sub-223,20,3.0,3.0,1,-19.315668,12.542218
25820,ds005280,sub-223,21,3.0,3.5,1,-20.388393,41.458656
25821,ds005280,sub-223,22,2.0,3.0,1,-15.250383,54.468212
25822,ds005473,sub-001,0,4.0,3.0,3,-59.465675,-41.60788
25823,ds005473,sub-001,1,2.0,1.5,3,-60.84464,-19.715967
25824,ds005473,sub-001,2,7.0,4.0,0,41.373177,-3.5618553
25825,ds005473,sub-001,3,4.0,1.75,3,-35.04633,16.133205
25826,ds005473,sub-001,4,4.5,3.5,2,21.014431,-0.72583115
25827,ds005473,sub-001,5,4.3,1.75,2,6.4977183,-10.145155
25828,ds005473,sub-001,6,4.7,2.75,3,-81.09462,-3.2220507
25829,ds005473,sub-001,7,3.8,1.75,1,11.919606,4.7243915
25830,ds005473,sub-001,8,8.0,4.0,0,38.766064,-9.142666
25831,ds005473,sub-001,9,5.0,2.25,3,-43.731155,-47.430996
25832,ds005473,sub-001,10,4.8,3.25,0,40.687756,31.576982
25833,ds005473,sub-001,11,4.2,2.0,3,-39.151665,9.4173975
25834,ds005473,sub-001,12,6.0,4.0,0,36.385754,-12.996736
25835,ds005473,sub-001,13,4.0,2.5,2,-18.473864,-36.068733
25836,ds005473,sub-001,14,4.5,3.5,0,33.285038,-10.618033
25837,ds005473,sub-001,15,0.0,1.25,3,-49.009033,-49.018612
25838,ds005473,sub-001,16,4.5,3.0,3,-64.65519,-19.795076
25839,ds005473,sub-001,17,4.0,2.0,2,-6.59157,-3.756961
25840,ds005473,sub-001,18,4.0,2.5,2,-24.270203,-21.441212
25841,ds005473,sub-001,19,8.0,3.75,0,64.43835,-16.55466
25842,ds005473,sub-001,20,4.0,1.75,2,2.8760808,-13.744246
25843,ds005473,sub-001,21,3.7,3.25,2,-18.089884,-30.567886
25844,ds005473,sub-001,22,4.0,2.25,2,-19.70663,-13.07762
25845,ds005473,sub-001,23,3.8,1.25,3,-34.42848,-13.541046
25846,ds005473,sub-001,24,5.0,3.25,2,-4.0216846,-42.544075
25847,ds005473,sub-001,25,3.0,2.0,3,-38.888805,-11.087839
25848,ds005473,sub-001,26,5.5,3.5,0,30.846474,-0.95867944
25849,ds005473,sub-001,27,3.5,1.25,1,-28.120073,23.38723
25850,ds005473,sub-001,28,4.8,3.25,1,-7.457766,19.955538
25851,ds005473,sub-001,29,1.5,1.0,3,-37.154423,18.838078
25852,ds005473,sub-001,30,5.0,3.75,2,-4.44134,-15.711942
25853,ds005473,sub-001,31,3.5,1.5,3,-42.799187,-13.881114
25854,ds005473,sub-001,32,5.0,2.75,2,10.423871,-41.745975
25855,ds005473,sub-001,33,0.0,1.0,2,0.84674096,-19.315748
25856,ds005473,sub-001,34,6.0,4.0,2,29.846842,-17.789822
25857,ds005473,sub-001,35,3.0,1.5,3,-42.199253,-4.58587
25858,ds005473,sub-001,36,1.5,3.0,1,-33.525757,48.272324
25859,ds005473,sub-001,37,2.5,1.0,3,-36.440666,-33.535126
25860,ds005473,sub-001,38,5.0,2.75,3,-65.268555,-32.930996
25861,ds005473,sub-001,39,4.0,1.75,2,-12.908355,-18.088732
25862,ds005473,sub-001,40,3.8,2.25,2,-28.439512,-41.16628
25863,ds005473,sub-001,41,4.5,3.75,2,30.29935,-18.193304
25864,ds005473,sub-001,42,3.0,1.25,3,-25.894238,-12.784226
25865,ds005473,sub-001,43,4.0,3.5,2,-5.2021604,-7.4521585
25866,ds005473,sub-001,44,4.2,2.0,2,-7.2062697,-7.334295
25867,ds005473,sub-001,45,3.9,1.5,0,51.783054,49.072548
25868,ds005473,sub-001,46,5.0,3.75,3,-22.610788,-8.702095
25869,ds005473,sub-001,47,0.0,2.25,3,-22.380413,-2.4226286
25870,ds005473,sub-001,48,6.0,3.5,1,26.129223,23.923792
25871,ds005473,sub-001,49,3.0,1.25,2,-20.459173,-41.789665
25872,ds005473,sub-001,50,5.0,3.25,1,6.9324675,29.915066
25873,ds005473,sub-001,51,4.5,2.5,3,-74.5689,-22.82846
25874,ds005473,sub-001,52,4.5,2.75,2,-19.945976,-16.795946
25875,ds005473,sub-001,53,0.0,1.0,3,-25.153961,-8.102944
25876,ds005473,sub-001,54,6.5,3.75,0,48.453682,-34.592083
25877,ds005473,sub-001,55,1.5,2.0,2,-24.325182,-18.81229
25878,ds005473,sub-001,56,4.0,3.0,3,-31.414791,5.360925
25879,ds005473,sub-001,57,3.5,1.5,3,-29.38218,-5.2493153
25880,ds005473,sub-001,58,2.0,1.0,2,-28.776598,-37.913815
25881,ds005473,sub-001,59,7.0,4.0,0,49.2855,-24.826052
25882,ds005473,sub-001,60,4.5,2.75,2,-8.643484,-3.4577339
25883,ds005473,sub-001,61,3.8,2.5,3,-46.987877,-0.18959935
25884,ds005473,sub-001,62,3.5,2.25,3,-23.848032,5.3107
25885,ds005473,sub-001,63,5.5,3.0,1,-31.191896,31.839844
25886,ds005473,sub-001,64,4.5,3.0,2,-14.059424,-15.345825
25887,ds005473,sub-001,65,4.3,2.5,3,-45.450504,22.729372
25888,ds005473,sub-001,66,6.5,4.0,0,42.23572,-4.1694555
25889,ds005473,sub-001,67,4.1,2.0,2,8.849907,0.5014285
25890,ds005473,sub-001,68,5.0,3.25,2,4.2566032,-6.650258
25891,ds005473,sub-001,69,4.2,2.25,2,8.992375,-20.643082
25892,ds005473,sub-001,70,6.7,3.75,0,30.869883,-6.9581676
25893,ds005473,sub-001,71,3.8,1.25,3,-49.523975,4.819695
25894,ds005473,sub-001,72,5.5,3.5,0,41.224438,-17.180838
25895,ds005473,sub-001,73,3.9,1.5,3,-43.39333,-21.348894
25896,ds005473,sub-001,74,3.8,2.25,2,-12.638354,-3.8999996
25897,ds005473,sub-001,75,6.0,3.75,0,37.02591,-5.0634036
25898,ds005473,sub-001,76,2.0,1.25,2,-12.923254,-18.156748
25899,ds005473,sub-001,77,5.5,2.75,2,-10.769137,-24.315825
25900,ds005473,sub-001,78,4.0,1.5,2,-19.854826,-25.144142
25901,ds005473,sub-001,79,4.5,3.0,1,-39.667717,50.055637
25902,ds005473,sub-001,80,4.6,2.5,2,-7.915072,-2.6194274
25903,ds005473,sub-001,81,4.7,3.25,0,30.017775,2.2013028
25904,ds005473,sub-001,82,4.0,2.5,2,-15.733703,-12.104548
25905,ds005473,sub-001,83,6.5,3.75,0,35.394848,-7.125836
25906,ds005473,sub-001,84,4.0,2.0,1,-7.003959,2.8498268
25907,ds005473,sub-001,85,5.5,3.5,2,14.284095,-49.170944
25908,ds005473,sub-001,86,5.0,2.5,3,-36.027836,-3.1788344
25909,ds005473,sub-001,87,6.5,4.25,0,51.329468,-23.525812
25910,ds005473,sub-001,88,5.0,2.5,1,-0.31052855,16.851336
25911,ds005473,sub-001,89,4.2,2.75,2,14.841171,-29.400946
25912,ds005473,sub-001,90,1.0,1.0,2,27.519308,-27.81061
25913,ds005473,sub-001,91,4.0,1.75,1,-5.221249,11.44938
25914,ds005473,sub-001,92,4.5,3.25,2,27.142782,-10.780648
25915,ds005473,sub-001,93,4.7,2.75,1,-27.429804,31.269821
25916,ds005473,sub-001,94,3.8,1.75,2,-5.360095,-26.284456
25917,ds005473,sub-001,95,6.0,4.0,0,36.961002,-9.78494
25918,ds005473,sub-001,96,4.0,1.75,3,-58.591473,-44.48799
25919,ds005473,sub-001,97,4.5,3.25,1,5.8052864,30.721117
25920,ds005473,sub-001,98,3.0,1.0,1,-4.447308,9.064506
25921,ds005473,sub-001,99,4.8,3.5,2,8.573428,-8.86303
25922,ds005473,sub-001,100,4.0,2.0,2,6.838772,-15.4781475
25923,ds005473,sub-001,101,4.3,3.25,1,-10.137932,4.864246
25924,ds005473,sub-001,102,3.0,2.25,1,-12.224642,46.050327
25925,ds005473,sub-001,103,6.0,3.75,0,35.27935,-6.8939633
25926,ds005473,sub-001,104,3.9,1.5,3,-50.352978,14.900721
25927,ds005473,sub-001,105,4.1,2.75,2,-18.495531,-29.894495
25928,ds005473,sub-001,106,4.0,2.0,1,-7.419822,8.320102
25929,ds005473,sub-001,107,3.8,2.25,2,-13.175589,-49.434204
25930,ds005473,sub-001,108,7.0,4.25,0,76.78801,-12.591664
25931,ds005473,sub-001,109,7.5,3.5,0,41.92147,29.431679
25932,ds005473,sub-001,110,4.0,2.25,2,-21.63056,-50.94854
25933,ds005473,sub-001,111,5.0,3.5,0,36.250114,-7.883842
25934,ds005473,sub-001,112,2.5,1.25,3,-44.56133,-1.7905724
25935,ds005473,sub-001,113,8.0,4.25,0,61.76081,-23.020784
25936,ds005473,sub-001,114,3.5,1.25,3,-23.326044,-7.269376
25937,ds005473,sub-001,115,4.7,3.0,3,-49.311172,-1.0754414
25938,ds005473,sub-001,116,0.0,1.75,3,-47.46495,39.113155
25939,ds005473,sub-001,117,3.0,1.0,3,-19.879541,3.442366
25940,ds005473,sub-001,118,6.5,3.75,0,60.655807,-33.49533
25941,ds005473,sub-001,119,0.0,1.75,3,-50.46814,15.027371
25942,ds005473,sub-001,120,4.0,2.75,3,-21.416739,-7.337615
25943,ds005473,sub-001,121,3.0,1.25,2,-17.183916,-7.627748
25944,ds005473,sub-001,122,6.8,4.0,0,48.400192,0.8910873
25945,ds005473,sub-001,123,4.2,1.5,3,-25.70515,-4.3698583
25946,ds005473,sub-001,124,4.5,3.0,2,16.852982,-27.736065
25947,ds005473,sub-001,125,3.0,1.5,3,-67.08991,-7.3456855
25948,ds005473,sub-001,126,7.0,4.25,0,58.688316,-14.49369
25949,ds005473,sub-001,127,2.0,1.0,1,-15.848013,41.647457
25950,ds005473,sub-001,128,4.7,3.0,2,7.9800997,-48.84007
25951,ds005473,sub-001,129,0.0,1.0,3,-57.075703,16.354101
25952,ds005473,sub-001,130,3.5,2.0,1,-9.432199,10.472499
25953,ds005473,sub-001,131,5.6,4.0,0,63.178627,-18.670086
25954,ds005473,sub-002,0,6.0,3.0,1,-19.200548,19.075079
25955,ds005473,sub-002,1,4.0,2.5,3,-67.61448,14.251732
25956,ds005473,sub-002,2,3.5,2.0,3,-64.21026,18.564228
25957,ds005473,sub-002,3,6.5,3.25,2,19.48899,-34.425674
25958,ds005473,sub-002,4,3.0,2.25,3,-64.313576,19.892405
25959,ds005473,sub-002,5,2.0,1.25,3,-41.29833,27.843943
25960,ds005473,sub-002,6,6.5,3.5,1,16.04835,7.650612
25961,ds005473,sub-002,7,1.5,1.5,3,-73.86248,22.618525
25962,ds005473,sub-002,8,4.0,2.25,2,-21.378149,-50.616405
25963,ds005473,sub-002,9,7.0,3.75,0,41.70288,-16.87945
25964,ds005473,sub-002,10,1.0,1.25,3,-40.87261,24.086988
25965,ds005473,sub-002,11,5.0,2.75,3,-57.33707,-4.416619
25966,ds005473,sub-002,12,1.0,1.5,2,-29.437578,-27.60868
25967,ds005473,sub-002,13,6.5,3.0,2,-7.4603233,-4.6945086
25968,ds005473,sub-002,14,4.0,2.5,3,-76.1475,4.578376
25969,ds005473,sub-002,15,7.5,3.25,1,16.532616,3.7877524
25970,ds005473,sub-002,16,5.0,2.5,3,-66.58807,-18.705069
25971,ds005473,sub-002,17,8.0,3.75,2,13.779461,-5.9726996
25972,ds005473,sub-002,18,4.0,2.0,3,-75.99368,13.767366
25973,ds005473,sub-002,19,7.0,3.5,2,29.512127,-17.526817
25974,ds005473,sub-002,20,5.5,2.5,3,-56.930374,24.978266
25975,ds005473,sub-002,21,2.0,1.0,3,-79.12838,15.318916
25976,ds005473,sub-002,22,4.0,2.5,3,-52.298973,30.332417
25977,ds005473,sub-002,23,5.5,2.75,3,-66.237206,36.719986
25978,ds005473,sub-002,24,2.0,1.75,3,-80.80255,11.366568
25979,ds005473,sub-002,25,6.0,3.25,0,54.20999,-33.833767
25980,ds005473,sub-002,26,1.0,1.75,3,-50.157757,3.3248177
25981,ds005473,sub-002,27,5.5,2.75,3,-35.442806,1.1554482
25982,ds005473,sub-002,28,2.0,1.75,3,-65.26212,21.38643
25983,ds005473,sub-002,29,6.0,3.25,3,-50.15378,30.082518
25984,ds005473,sub-002,30,1.0,1.0,3,-50.689743,2.8377895
25985,ds005473,sub-002,31,6.5,3.5,2,-3.1958272,-26.766096
25986,ds005473,sub-002,32,3.5,2.0,3,-52.945843,19.662638
25987,ds005473,sub-002,33,7.0,3.25,2,30.672518,-18.9707
25988,ds005473,sub-002,34,4.5,2.25,3,-63.031006,12.502515
25989,ds005473,sub-002,35,7.5,3.75,1,22.382809,12.0623865
25990,ds005473,sub-002,36,2.0,1.5,3,-58.973667,21.660345
25991,ds005473,sub-002,37,5.5,2.75,1,-20.483997,22.484913
25992,ds005473,sub-002,38,4.0,2.0,3,-42.44396,-18.920156
25993,ds005473,sub-002,39,5.0,2.25,3,-68.20264,13.940626
25994,ds005473,sub-002,40,7.5,3.5,1,8.261293,3.3774867
25995,ds005473,sub-002,41,3.5,2.25,3,-57.58471,9.443159
25996,ds005473,sub-002,42,6.0,3.5,2,10.779885,-8.71498
25997,ds005473,sub-002,43,1.0,1.25,3,-51.51955,20.89585
25998,ds005473,sub-002,44,2.5,1.25,3,-26.823061,12.171676
25999,ds005473,sub-002,45,5.5,3.0,1,21.558554,15.102983
26000,ds005473,sub-002,46,3.0,1.75,3,-51.620247,-16.521166
26001,ds005473,sub-002,47,2.0,1.0,3,-51.979763,21.529278
26002,ds005473,sub-002,48,7.0,3.75,0,39.227528,-15.44108
26003,ds005473,sub-002,49,1.0,1.75,3,-55.437214,-13.732148
26004,ds005473,sub-002,50,4.5,2.75,2,-2.1706781,-12.669747
26005,ds005473,sub-002,51,3.0,1.25,3,-46.08347,24.803059
26006,ds005473,sub-002,52,3.5,1.5,3,-29.384417,-8.191067
26007,ds005473,sub-002,53,7.0,3.0,0,31.153742,-0.11562192
26008,ds005473,sub-002,54,4.0,1.5,3,-50.264515,19.228653
26009,ds005473,sub-002,55,1.0,1.0,3,-52.298737,31.268724
26010,ds005473,sub-002,56,1.0,1.0,3,-24.868008,-13.89834
26011,ds005473,sub-002,57,5.0,2.0,3,-53.13603,6.862985
26012,ds005473,sub-002,58,3.0,3.0,2,28.63264,-42.28966
26013,ds005473,sub-002,59,1.5,1.5,3,-73.815056,25.9515
26014,ds005473,sub-002,60,6.0,4.0,2,7.679644,-6.55773
26015,ds005473,sub-002,61,4.0,1.75,3,-61.701412,19.66775
26016,ds005473,sub-002,62,6.5,3.5,0,29.45862,18.89618
26017,ds005473,sub-002,63,3.5,1.75,3,-74.6971,25.949076
26018,ds005473,sub-002,64,4.0,2.75,3,-79.950554,7.9565783
26019,ds005473,sub-002,65,2.0,1.75,3,-48.99576,-18.12081
26020,ds005473,sub-002,66,7.0,4.0,0,46.413933,-7.6629634
26021,ds005473,sub-002,67,4.0,2.25,3,-78.71196,14.275417
26022,ds005473,sub-002,68,5.0,3.25,2,4.7802587,-0.8064487
26023,ds005473,sub-002,69,3.5,2.0,3,-66.56154,9.272643
26024,ds005473,sub-002,70,7.0,4.0,1,-19.883904,19.138859
26025,ds005473,sub-002,71,4.0,2.5,3,-49.179962,-32.15491
26026,ds005473,sub-002,72,7.0,3.5,1,-19.928455,19.097412
26027,ds005473,sub-002,73,3.5,1.25,3,-55.77601,44.037197
26028,ds005473,sub-002,74,6.0,3.0,2,17.193497,-36.827927
26029,ds005473,sub-002,75,4.0,2.0,3,-47.74839,-14.979812
26030,ds005473,sub-002,76,4.0,2.5,2,-26.408154,-24.756948
26031,ds005473,sub-002,77,7.0,3.75,0,37.802174,-23.8778
26032,ds005473,sub-002,78,4.0,1.75,3,-74.99385,8.755122
26033,ds005473,sub-002,79,6.5,3.25,2,22.205399,-34.11817
26034,ds005473,sub-002,80,4.0,2.25,3,-47.52885,7.8613343
26035,ds005473,sub-002,81,3.0,1.25,3,-46.34167,24.557667
26036,ds005473,sub-002,82,5.5,3.25,2,27.231997,-19.092216
26037,ds005473,sub-002,83,2.5,2.0,3,-55.19541,26.473536
26038,ds005473,sub-002,84,7.0,3.5,2,4.1470876,-12.493828
26039,ds005473,sub-002,85,1.0,1.25,3,-67.232765,8.1972065
26040,ds005473,sub-002,86,6.0,3.25,1,8.367635,3.473496
26041,ds005473,sub-002,87,2.0,1.0,3,-61.984882,25.205101
26042,ds005473,sub-002,88,6.5,3.75,1,17.841433,9.170223
26043,ds005473,sub-002,89,1.0,1.5,3,-76.6664,-1.9832724
26044,ds005473,sub-002,90,5.0,2.75,1,1.2929311,2.0485
26045,ds005473,sub-002,91,2.0,1.0,2,-25.426641,-32.947514
26046,ds005473,sub-002,92,7.5,4.0,2,25.362165,-16.453232
26047,ds005473,sub-002,93,1.0,1.5,3,-77.69989,-15.8652525
26048,ds005473,sub-002,94,5.0,3.0,2,18.963776,2.1147993
26049,ds005473,sub-002,95,1.0,1.0,3,-69.74901,24.482286
26050,ds005473,sub-002,96,4.5,2.75,1,-25.327261,30.520096
26051,ds005473,sub-002,97,2.0,1.75,3,-74.428116,0.94140375
26052,ds005473,sub-002,98,4.5,2.25,3,-41.13354,30.394958
26053,ds005473,sub-002,99,7.5,3.75,0,46.914158,-16.835722
26054,ds005473,sub-002,100,1.0,1.25,3,-69.50703,0.82420355
26055,ds005473,sub-002,101,6.5,3.5,2,15.481184,-1.7791013
26056,ds005473,sub-002,102,4.0,2.0,3,-64.04045,-9.825824
26057,ds005473,sub-002,103,3.0,1.5,3,-70.7473,0.7682915
26058,ds005473,sub-002,104,7.0,3.75,2,31.525455,-19.445602
26059,ds005473,sub-002,105,4.0,2.25,3,-56.267326,-10.711639
26060,ds005473,sub-002,106,5.5,3.5,3,-61.658253,-0.9695305
26061,ds005473,sub-002,107,3.0,1.25,3,-58.25761,6.71641
26062,ds005473,sub-002,108,6.0,3.25,0,22.24946,6.457165
26063,ds005473,sub-002,109,4.5,2.5,2,-23.893112,-28.702185
26064,ds005473,sub-002,110,4.0,2.75,3,-69.52932,5.6361094
26065,ds005473,sub-002,111,1.5,1.0,1,-6.7238197,13.291162
26066,ds005473,sub-002,112,5.0,3.75,2,34.62782,-31.048738
26067,ds005473,sub-002,113,3.5,2.0,3,-73.98711,2.522324
26068,ds005473,sub-002,114,5.0,3.0,0,21.349184,0.7123881
26069,ds005473,sub-002,115,2.5,1.5,3,-65.45194,-1.030846
26070,ds005473,sub-002,116,2.0,1.0,3,-76.82916,20.546883
26071,ds005473,sub-002,117,7.0,4.0,1,-22.528181,12.720556
26072,ds005473,sub-002,118,4.0,2.75,3,-47.040424,2.9717913
26073,ds005473,sub-002,119,4.0,2.5,3,-53.81514,-1.6018584
26074,ds005473,sub-002,120,4.5,2.5,3,-40.10682,33.16587
26075,ds005473,sub-002,121,4.0,2.25,3,-50.736248,5.464257
26076,ds005473,sub-002,122,6.0,3.0,1,-28.976532,25.105915
26077,ds005473,sub-003,0,8.0,3.0,1,-17.19068,4.826499
26078,ds005473,sub-003,1,6.0,1.5,3,-64.30916,18.330137
26079,ds005473,sub-003,2,9.0,4.0,2,39.84616,-30.637064
26080,ds005473,sub-003,3,4.0,1.75,2,-16.019512,-0.49835032
26081,ds005473,sub-003,4,9.0,3.5,0,46.47743,1.4551053
26082,ds005473,sub-003,5,3.0,1.75,3,-74.20097,30.374294
26083,ds005473,sub-003,6,6.0,2.75,3,-39.85839,-33.093765
26084,ds005473,sub-003,7,5.0,1.75,3,-51.902412,18.165136
26085,ds005473,sub-003,8,9.0,4.0,1,-19.732752,33.520306
26086,ds005473,sub-003,9,8.0,2.25,1,-18.480694,27.24729
26087,ds005473,sub-003,10,8.0,3.25,3,-67.65472,9.849415
26088,ds005473,sub-003,11,7.0,2.0,3,-63.811535,17.163372
26089,ds005473,sub-003,12,9.0,4.0,1,-18.127644,16.856464
26090,ds005473,sub-003,13,7.0,2.5,3,-48.274635,-19.331814
26091,ds005473,sub-003,14,8.0,3.5,3,-76.98625,7.6583734
26092,ds005473,sub-003,15,6.0,1.25,3,-71.33632,-11.149167
26093,ds005473,sub-003,16,5.0,3.0,2,-24.400774,-24.792252
26094,ds005473,sub-003,17,5.0,2.0,3,-47.63228,28.232359
26095,ds005473,sub-003,18,5.0,2.5,3,-69.0001,-29.331104
26096,ds005473,sub-003,19,10.0,3.75,1,27.031511,51.480824
26097,ds005473,sub-003,20,6.0,1.75,3,-45.155785,-0.81763035
26098,ds005473,sub-003,21,9.0,3.25,3,-23.692142,-1.2342641
26099,ds005473,sub-003,22,3.0,2.25,3,-65.34519,-30.537762
26100,ds005473,sub-003,23,4.0,1.25,3,-55.4882,-25.517956
26101,ds005473,sub-003,24,8.0,3.25,2,-6.1143064,-26.178871
26102,ds005473,sub-003,25,6.0,2.0,1,-13.214724,33.29012
26103,ds005473,sub-003,26,9.0,3.5,3,-41.24864,-10.3174515
26104,ds005473,sub-003,27,7.0,1.25,3,-23.538307,-9.014827
26105,ds005473,sub-003,28,8.0,3.25,3,-44.22326,-15.850383
26106,ds005473,sub-003,29,5.0,1.0,3,-69.64729,24.489002
26107,ds005473,sub-003,30,9.0,3.75,2,13.08246,-30.83399
26108,ds005473,sub-003,31,8.0,1.5,2,-16.421953,-24.786343
26109,ds005473,sub-003,32,9.0,2.75,1,-10.800183,30.954807
26110,ds005473,sub-003,33,2.0,1.0,3,-38.9286,-35.207993
26111,ds005473,sub-003,34,10.0,4.0,1,15.327156,30.368393
26112,ds005473,sub-003,35,6.0,1.5,3,-34.407024,-6.646813
26113,ds005473,sub-003,36,8.0,3.0,3,-28.826073,-14.358912
26114,ds005473,sub-003,37,2.0,1.0,3,-69.96828,-31.897217
26115,ds005473,sub-003,38,5.0,2.75,3,-51.35251,-18.691946
26116,ds005473,sub-003,39,5.0,1.75,3,-42.704617,9.328491
26117,ds005473,sub-003,40,7.0,2.25,1,-11.681191,13.679934
26118,ds005473,sub-003,41,10.0,3.75,2,14.022969,-45.640427
26119,ds005473,sub-003,42,5.0,1.25,3,-45.285263,-16.895037
26120,ds005473,sub-003,43,9.0,3.5,2,19.871408,-6.523687
26121,ds005473,sub-003,44,7.0,2.0,2,-11.2979765,-24.843431
26122,ds005473,sub-003,45,0.0,1.5,1,-1.9314126,22.75435
26123,ds005473,sub-003,46,8.0,3.75,0,26.079481,-0.29218397
26124,ds005473,sub-003,47,7.0,2.25,3,-65.41365,-31.056307
26125,ds005473,sub-003,48,9.0,3.5,1,-6.255521,46.545433
26126,ds005473,sub-003,49,0.0,1.25,3,-28.578974,-12.234106
26127,ds005473,sub-003,50,9.0,3.25,1,-15.13725,29.821651
26128,ds005473,sub-003,51,8.0,2.5,3,-67.7587,-25.113903
26129,ds005473,sub-003,52,8.0,2.75,2,-20.607328,-17.141064
26130,ds005473,sub-003,53,8.0,1.0,3,-55.095505,-9.432987
26131,ds005473,sub-003,54,10.0,3.75,2,11.99603,-2.8558767
26132,ds005473,sub-003,55,6.0,2.0,3,-59.313263,10.322884
26133,ds005473,sub-003,56,9.0,3.0,2,-17.683945,-22.724277
26134,ds005473,sub-003,57,5.0,1.5,3,-51.063637,1.4191297
26135,ds005473,sub-003,58,2.0,1.0,1,-32.70107,32.25471
26136,ds005473,sub-003,59,10.0,4.0,1,19.666033,5.9115887
26137,ds005473,sub-003,60,7.0,2.75,3,-53.864723,19.6127
26138,ds005473,sub-003,61,9.0,2.5,1,-10.960049,34.429447
26139,ds005473,sub-003,62,9.0,2.5,2,-19.616716,-7.487603
26140,ds005473,sub-003,63,8.0,2.25,3,-56.85878,-29.677328
26141,ds005473,sub-003,64,9.0,3.0,2,28.20979,-37.67103
26142,ds005473,sub-003,65,8.0,3.0,3,-28.160664,-5.089076
26143,ds005473,sub-003,66,5.0,1.5,3,-69.006096,10.864128
26144,ds005473,sub-003,67,10.0,4.0,2,37.56724,-37.51087
26145,ds005473,sub-003,68,7.0,1.75,3,-30.560318,-14.750013
26146,ds005473,sub-003,69,10.0,3.5,2,7.964136,-8.015063
26147,ds005473,sub-003,70,4.0,1.75,3,-28.458258,-14.318924
26148,ds005473,sub-003,71,8.0,2.75,3,-74.06544,8.306979
26149,ds005473,sub-003,72,5.0,1.75,3,-39.67169,-33.818348
26150,ds005473,sub-003,73,10.0,4.0,2,-16.330938,-11.912833
26151,ds005473,sub-003,74,7.0,2.25,3,-42.63602,26.812809
26152,ds005473,sub-003,75,8.0,3.25,3,-50.081818,-40.67327
26153,ds005473,sub-003,76,6.0,2.0,3,-71.296074,8.471645
26154,ds005473,sub-003,77,10.0,4.0,2,2.7196844,-8.056673
26155,ds005473,sub-003,78,6.0,2.5,3,-73.506935,21.759485
26156,ds005473,sub-003,79,9.0,3.5,1,-23.819643,24.41276
26157,ds005473,sub-003,80,3.0,1.25,2,-0.47303328,-12.312023
26158,ds005473,sub-003,81,7.0,3.0,3,-59.144253,17.293446
26159,ds005473,sub-003,82,7.0,2.0,3,-53.53684,-32.164963
26160,ds005473,sub-003,83,8.0,2.5,3,-72.29933,33.352802
26161,ds005473,sub-003,84,10.0,3.75,0,53.90176,7.705441
26162,ds005473,sub-003,85,3.0,1.75,3,-67.07885,7.0973086
26163,ds005473,sub-003,86,8.0,3.25,2,-6.786555,-29.643671
26164,ds005473,sub-003,87,6.0,2.25,3,-32.87521,-11.264562
26165,ds005473,sub-003,88,3.0,1.25,1,2.5059247,22.92123
26166,ds005473,sub-003,89,9.0,3.25,1,7.8303847,6.941486
26167,ds005473,sub-003,90,7.0,2.0,3,-67.35711,1.2068253
26168,ds005473,sub-003,91,10.0,3.5,1,27.453613,22.886597
26169,ds005473,sub-003,92,5.0,1.25,1,-0.690873,16.913471
26170,ds005473,sub-003,93,7.0,3.25,3,-44.751167,15.593248
26171,ds005473,sub-003,94,4.0,1.0,1,0.19288738,15.667119
26172,ds005473,sub-003,95,10.0,3.75,1,8.164409,13.457297
26173,ds005473,sub-003,96,6.0,1.5,3,-70.11077,-31.555313
26174,ds005473,sub-003,97,8.0,2.75,2,-28.341843,-41.083576
26175,ds005473,sub-003,98,3.0,1.0,2,-21.414124,-21.126429
26176,ds005473,sub-003,99,10.0,4.0,1,32.972965,35.17052
26177,ds005473,sub-003,100,5.0,1.5,1,-15.1135435,34.0774
26178,ds005473,sub-003,101,8.0,3.0,1,-17.44121,34.1024
26179,ds005473,sub-003,102,4.0,1.0,3,-72.99858,3.4597726
26180,ds005473,sub-003,103,9.0,2.75,1,-5.564513,6.113479
26181,ds005473,sub-003,104,8.0,1.75,3,-43.114635,-3.8410783
26182,ds005473,sub-003,105,6.0,2.25,1,-27.714632,38.3349
26183,ds005473,sub-003,106,10.0,3.75,2,10.079933,-0.7180141
26184,ds005473,sub-003,107,2.0,1.25,3,-47.217735,26.500587
26185,ds005473,sub-003,108,9.0,3.5,0,35.407784,9.797512
26186,ds005473,sub-003,109,7.0,2.0,1,3.8892624,4.3756523
26187,ds005473,sub-003,110,3.0,1.5,3,-59.573326,13.720196
26188,ds005473,sub-003,111,10.0,3.75,0,55.961845,-10.488439
26189,ds005473,sub-003,112,7.0,2.25,3,-60.86342,12.108747
26190,ds005473,sub-003,113,9.0,3.5,0,32.559208,26.113426
26191,ds005473,sub-003,114,4.0,1.25,3,-25.399233,2.9862318
26192,ds005473,sub-003,115,9.0,3.25,1,-40.141174,44.67597
26193,ds005473,sub-003,116,6.0,2.5,1,-45.2056,47.80394
26194,ds005473,sub-003,117,8.0,2.75,3,-53.82664,-4.8861876
26195,ds005473,sub-003,118,4.0,1.0,3,-67.837906,-25.336012
26196,ds005473,sub-003,119,9.0,3.75,1,-31.494164,32.0653
26197,ds005473,sub-003,120,7.0,2.0,3,-51.90583,5.468048
26198,ds005473,sub-003,121,8.0,3.0,3,-44.921238,4.1641393
26199,ds005473,sub-003,122,5.0,1.5,2,-25.834475,-42.89446
26200,ds005473,sub-003,123,5.0,1.0,3,-67.69134,-25.674854
26201,ds005473,sub-003,124,10.0,4.0,1,10.629944,20.560518
26202,ds005473,sub-003,125,8.0,2.75,2,-13.584402,-12.365995
26203,ds005473,sub-003,126,5.0,2.5,3,-74.43867,31.838768
26204,ds005473,sub-003,127,7.0,2.5,1,36.226448,54.036083
26205,ds005473,sub-003,128,5.0,2.25,3,-50.71785,-13.732441
26206,ds005473,sub-003,129,8.0,3.0,3,-51.94771,-0.2898624
26207,ds005473,sub-004,0,7.0,3.0,0,40.5222,8.118263
26208,ds005473,sub-004,1,4.0,1.5,3,-36.390995,-17.659836
26209,ds005473,sub-004,2,9.0,4.0,0,48.184246,-13.5974
26210,ds005473,sub-004,3,4.0,1.75,3,-83.09907,12.00371
26211,ds005473,sub-004,4,9.0,3.5,0,57.673325,-1.2971421
26212,ds005473,sub-004,5,4.0,1.75,3,-37.662918,4.529137
26213,ds005473,sub-004,6,5.0,2.75,3,-35.469566,-23.04714
26214,ds005473,sub-004,7,4.0,1.75,3,-38.41745,-29.669254
26215,ds005473,sub-004,8,9.0,4.0,2,23.352524,-12.324072
26216,ds005473,sub-004,9,5.0,2.25,2,-20.045242,-25.605915
26217,ds005473,sub-004,10,7.0,3.25,0,61.25304,-2.4676478
26218,ds005473,sub-004,11,4.0,2.0,3,-56.892,-38.40323
26219,ds005473,sub-004,12,9.0,4.0,0,50.990803,44.41853
26220,ds005473,sub-004,13,6.0,2.5,3,-44.1054,-36.36638
26221,ds005473,sub-004,14,8.0,3.5,0,58.627434,-1.0474473
26222,ds005473,sub-004,15,4.0,1.25,3,-48.590015,-38.69048
26223,ds005473,sub-004,16,5.0,3.0,2,20.816309,-28.549627
26224,ds005473,sub-004,17,5.0,2.0,3,-29.993093,20.947668
26225,ds005473,sub-004,18,6.0,2.5,3,-42.634384,13.307698
26226,ds005473,sub-004,19,9.0,3.75,0,53.967392,-29.790556
26227,ds005473,sub-004,20,5.0,1.75,3,-65.88009,-10.691566
26228,ds005473,sub-004,21,6.0,3.25,2,26.254583,-35.011665
26229,ds005473,sub-004,22,4.0,2.25,3,-38.09137,5.441523
26230,ds005473,sub-004,23,4.0,1.25,3,-59.2991,-45.309105
26231,ds005473,sub-004,24,7.0,3.25,2,27.903425,-44.190495
26232,ds005473,sub-004,25,6.0,2.0,3,-53.5526,-48.020973
26233,ds005473,sub-004,26,9.0,3.5,1,12.274334,49.181614
26234,ds005473,sub-004,27,5.0,1.25,3,-51.828156,-39.524677
26235,ds005473,sub-004,28,9.0,3.25,0,43.771484,-27.929064
26236,ds005473,sub-004,29,3.0,1.0,3,-30.663221,7.104843
26237,ds005473,sub-004,30,4.0,1.5,2,-8.313874,-31.163057
26238,ds005473,sub-004,31,5.0,2.75,1,-24.405241,15.657776
26239,ds005473,sub-004,32,3.0,1.0,3,-63.218533,-5.91883
26240,ds005473,sub-004,33,9.0,4.0,0,45.442753,-10.987337
26241,ds005473,sub-004,34,4.0,1.5,2,5.402828,-19.38181
26242,ds005473,sub-004,35,7.0,3.0,0,66.64169,-6.9034615
26243,ds005473,sub-004,36,4.0,1.0,3,-31.674156,8.249947
26244,ds005473,sub-004,37,8.0,2.75,3,-34.066666,7.4953504
26245,ds005473,sub-004,38,4.0,1.75,2,14.639918,-40.380295
26246,ds005473,sub-004,39,5.0,2.25,3,-29.222738,11.557315
26247,ds005473,sub-004,40,10.0,3.75,0,62.792065,2.4955482
26248,ds005473,sub-004,41,4.0,1.25,3,-36.24919,15.071564
26249,ds005473,sub-004,42,9.0,3.5,0,57.914337,-25.87617
26250,ds005473,sub-004,43,8.0,2.0,0,54.38605,-35.300068
26251,ds005473,sub-004,44,4.0,1.5,3,-29.92861,-13.45248
26252,ds005473,sub-004,45,10.0,3.75,0,52.72422,-1.834697
26253,ds005473,sub-004,46,7.0,2.25,3,-73.38428,2.8127158
26254,ds005473,sub-004,47,9.0,3.5,0,62.81211,-14.7420225
26255,ds005473,sub-004,48,4.0,1.25,2,-11.356268,-43.314156
26256,ds005473,sub-004,49,9.0,3.25,0,64.77115,-11.879713
26257,ds005473,sub-004,50,7.0,2.5,3,-56.841473,-43.38682
26258,ds005473,sub-004,51,8.0,2.75,2,22.14693,-23.64791
26259,ds005473,sub-004,52,4.0,1.0,3,-29.19874,9.996216
26260,ds005473,sub-004,53,10.0,3.75,0,53.869144,-25.512737
26261,ds005473,sub-004,54,8.0,2.0,3,-73.44684,-15.660202
26262,ds005473,sub-004,55,6.0,3.0,3,-57.8292,-2.4158547
26263,ds005473,sub-004,56,4.0,1.5,2,7.295981,-33.99083
26264,ds005473,sub-004,57,4.0,1.0,1,-1.3661625,1.7605456
26265,ds005473,sub-004,58,9.0,4.0,0,47.239883,-19.632486
26266,ds005473,sub-004,59,6.0,2.75,2,-5.8156157,-60.103493
26267,ds005473,sub-004,60,6.0,2.5,3,-45.96873,21.667986
26268,ds005473,sub-004,61,5.0,2.5,2,-2.6526134,-4.9424524
26269,ds005473,sub-004,62,7.0,2.25,2,6.5053678,-47.663277
26270,ds005473,sub-004,63,9.0,3.0,0,41.676426,-27.530838
26271,ds005473,sub-004,64,6.0,3.0,0,50.26093,-27.711617
26272,ds005473,sub-004,65,5.0,1.5,2,-10.7475395,-49.300476
26273,ds005473,sub-004,66,10.0,4.0,0,58.891506,-3.4542322
26274,ds005473,sub-004,67,4.0,1.75,3,-44.773,11.7375
26275,ds005473,sub-004,68,10.0,3.5,0,61.846867,-15.102466
26276,ds005473,sub-004,69,5.0,1.75,3,-52.201862,29.677065
26277,ds005473,sub-004,70,7.0,2.75,0,33.094368,-15.104214
26278,ds005473,sub-004,71,6.0,1.75,2,-19.282625,-55.501385
26279,ds005473,sub-004,72,10.0,4.0,0,51.893574,-16.563786
26280,ds005473,sub-004,73,5.0,2.25,2,2.226772,-22.037514
26281,ds005473,sub-004,74,9.0,3.25,0,63.673344,2.0118442
26282,ds005473,sub-004,75,5.0,2.0,3,-27.042725,3.1639004
26283,ds005473,sub-004,76,10.0,4.0,0,61.739693,0.68836856
26284,ds005473,sub-004,77,7.0,2.5,2,-4.300445,-41.860584
26285,ds005473,sub-004,78,10.0,3.5,0,51.318962,-16.308912
26286,ds005473,sub-004,79,4.0,1.25,3,-44.248085,-36.381187
26287,ds005473,sub-004,80,7.0,3.0,2,-22.178764,-28.060043
26288,ds005473,sub-004,81,7.0,2.0,3,-35.76081,-20.526615
26289,ds005473,sub-004,82,9.0,2.5,2,-17.569069,-47.834362
26290,ds005473,sub-004,83,10.0,3.75,0,68.598465,-2.7481902
26291,ds005473,sub-004,84,4.0,1.75,2,-17.074217,-58.754723
26292,ds005473,sub-004,85,9.0,3.25,0,62.15712,-0.97616994
26293,ds005473,sub-004,86,4.0,2.25,2,1.1667738,-15.468269
26294,ds005473,sub-004,87,4.0,1.25,3,-45.599773,2.4729843
26295,ds005473,sub-004,88,7.0,3.25,0,56.201786,-33.40674
26296,ds005473,sub-004,89,5.0,2.0,2,13.597427,-7.341449
26297,ds005473,sub-004,90,9.0,3.5,0,64.53948,3.5587316
26298,ds005473,sub-004,91,5.0,1.25,3,-50.629215,28.727541
26299,ds005473,sub-004,92,9.0,3.25,0,61.770786,-1.1568676
26300,ds005473,sub-004,93,4.0,1.0,2,-21.731213,-51.40084
26301,ds005473,sub-004,94,10.0,3.75,0,57.279312,-5.0270767
26302,ds005473,sub-004,95,5.0,1.5,3,-31.142984,14.336695
26303,ds005473,sub-004,96,9.0,2.75,2,-29.471865,-26.523129
26304,ds005473,sub-004,97,4.0,1.0,1,-20.864416,12.481147
26305,ds005473,sub-004,98,10.0,4.0,0,63.1855,-18.815863
26306,ds005473,sub-004,99,4.0,1.5,3,-39.161846,-35.616432
26307,ds005473,sub-004,100,7.0,3.0,3,-32.532097,0.34981441
26308,ds005473,sub-004,101,3.0,1.0,3,-36.13787,15.484156
26309,ds005473,sub-004,102,8.0,2.75,2,20.69148,-11.921328
26310,ds005473,sub-004,103,3.0,1.75,1,-18.18943,7.487423
26311,ds005473,sub-004,104,7.0,2.25,2,23.286503,-47.86515
26312,ds005473,sub-004,105,10.0,3.75,0,61.55096,2.2760582
26313,ds005473,sub-004,106,5.0,1.25,3,-32.306858,-24.162714
26314,ds005473,sub-004,107,10.0,3.5,0,52.07632,-17.06092
26315,ds005473,sub-004,108,5.0,2.0,3,-51.78307,-28.76821
26316,ds005473,sub-004,109,5.0,1.5,3,-34.25306,-26.981215
26317,ds005473,sub-004,110,9.0,3.75,0,46.905685,36.970394
26318,ds005473,sub-004,111,4.0,2.25,3,-29.074316,9.8897705
26319,ds005473,sub-004,112,10.0,3.5,0,65.17849,-18.82447
26320,ds005473,sub-004,113,4.0,1.25,1,-11.560575,1.9849582
26321,ds005473,sub-004,114,5.0,3.25,2,39.06052,-39.258904
26322,ds005473,sub-004,115,4.0,2.5,3,-72.75843,25.972668
26323,ds005473,sub-004,116,9.0,2.75,2,22.065035,-4.928439
26324,ds005473,sub-004,117,3.0,1.0,2,-11.045578,-28.371738
26325,ds005473,sub-004,118,10.0,3.75,0,62.549175,1.2446487
26326,ds005473,sub-004,119,6.0,2.0,3,-66.78891,6.8706083
26327,ds005473,sub-004,120,7.0,3.0,2,-8.893741,-11.49494
26328,ds005473,sub-004,121,4.0,1.5,2,-17.196909,-47.106087
26329,ds005473,sub-004,122,4.0,1.0,3,-62.574993,5.8138223
26330,ds005473,sub-004,123,4.0,4.0,0,67.044365,-21.264135
26331,ds005473,sub-004,124,6.0,2.75,2,22.48482,-23.629148
26332,ds005473,sub-004,125,7.0,2.5,2,13.847479,-7.6007633
26333,ds005473,sub-004,126,5.0,2.5,2,-15.484684,-48.79726
26334,ds005473,sub-004,127,6.0,2.25,2,-3.2012844,-4.962898
26335,ds005473,sub-004,128,7.0,3.0,2,39.566,-49.713722
26336,ds005473,sub-005,0,4.5,3.0,2,-25.161497,-47.38863
26337,ds005473,sub-005,1,4.8,2.5,2,-25.99169,-48.47898
26338,ds005473,sub-005,2,7.0,4.0,0,50.1461,-32.80793
26339,ds005473,sub-005,3,0.0,2.0,2,15.222272,-11.120343
26340,ds005473,sub-005,4,5.0,3.25,3,-51.290253,1.4655145
26341,ds005473,sub-005,5,5.2,2.25,2,-2.4693573,-35.645065
26342,ds005473,sub-005,6,7.2,3.75,2,28.766552,-40.368137
26343,ds005473,sub-005,7,1.0,1.25,0,47.825737,47.007042
26344,ds005473,sub-005,8,5.5,3.5,2,-6.623278,-35.308155
26345,ds005473,sub-005,9,0.2,1.5,1,-13.088237,2.561675
26346,ds005473,sub-005,10,4.8,2.25,2,-17.73343,-44.092766
26347,ds005473,sub-005,11,7.2,3.75,2,2.2541409,-34.679096
26348,ds005473,sub-005,12,0.0,1.5,2,-13.190484,-2.6425202
26349,ds005473,sub-005,13,5.0,3.0,2,2.2410052,-53.87386
26350,ds005473,sub-005,14,0.0,2.5,3,-37.56916,7.9870796
26351,ds005473,sub-005,15,6.5,3.25,2,-41.361897,-49.619522
26352,ds005473,sub-005,16,3.0,2.5,2,14.673822,-13.817542
26353,ds005473,sub-005,17,5.0,3.75,0,50.40539,-33.778606
26354,ds005473,sub-005,18,1.5,2.0,2,-7.8208656,-41.53975
26355,ds005473,sub-005,19,6.0,3.5,2,21.27945,-53.70334
26356,ds005473,sub-005,20,0.0,2.5,2,-26.212608,-53.966274
26357,ds005473,sub-005,21,8.5,4.25,0,80.21347,-3.5640116
26358,ds005473,sub-005,22,3.5,2.5,2,2.4542675,-32.092422
26359,ds005473,sub-005,23,5.0,2.75,2,4.2294207,-24.166998
26360,ds005473,sub-005,24,1.5,1.0,2,-25.079721,-49.643024
26361,ds005473,sub-005,25,9.0,4.0,0,80.59541,27.611458
26362,ds005473,sub-005,26,3.0,1.75,2,-9.072713,-60.25813
26363,ds005473,sub-005,27,4.5,3.25,2,-20.626942,-34.42076
26364,ds005473,sub-005,28,4.0,2.75,2,4.0452595,-30.685617
26365,ds005473,sub-005,29,1.0,1.75,3,-52.57891,-21.68385
26366,ds005473,sub-005,30,7.5,4.0,0,74.17262,-10.863397
26367,ds005473,sub-005,31,1.0,1.75,3,-22.53422,-12.046355
26368,ds005473,sub-005,32,4.0,3.25,2,23.784225,-26.844946
26369,ds005473,sub-005,33,0.0,1.0,1,5.13654,14.850285
26370,ds005473,sub-005,34,5.0,3.5,0,48.952076,-30.00385
26371,ds005473,sub-005,35,0.0,2.0,2,3.373126,-16.237028
26372,ds005473,sub-005,36,4.0,3.25,1,-9.001688,36.886444
26373,ds005473,sub-005,37,1.0,2.25,3,-54.82505,-38.34688
26374,ds005473,sub-005,38,6.5,3.75,0,50.288357,-32.37903
26375,ds005473,sub-005,39,1.0,1.5,2,-23.623451,-48.528038
26376,ds005473,sub-005,40,4.0,2.75,2,-17.526255,-22.178886
26377,ds005473,sub-005,41,0.5,2.0,3,-44.20485,-46.2435
26378,ds005473,sub-005,42,3.5,2.25,2,-11.282409,-25.431812
26379,ds005473,sub-005,43,9.2,4.25,0,85.098625,-0.036940992
26380,ds005473,sub-005,44,7.5,3.5,0,38.568485,-1.2455214
26381,ds005473,sub-005,45,3.5,2.25,2,-3.8036306,-19.024761
26382,ds005473,sub-005,46,6.5,3.5,0,30.91374,-6.9112644
26383,ds005473,sub-005,47,0.0,1.25,1,-18.473639,6.8561497
26384,ds005473,sub-005,48,9.2,4.25,0,85.86132,2.5436878
26385,ds005473,sub-005,49,0.5,1.25,1,-11.181262,1.9451747
26386,ds005473,sub-005,50,4.0,3.0,2,-8.862202,-14.818914
26387,ds005473,sub-005,51,0.5,1.75,3,-54.80873,-33.201366
26388,ds005473,sub-005,52,0.5,1.0,2,-16.939596,-45.1529
26389,ds005473,sub-005,53,4.5,3.75,2,-13.065408,-58.10151
26390,ds005473,sub-005,54,0.5,1.75,2,-26.36032,-42.204475
26391,ds005473,sub-005,55,4.0,2.75,2,-17.857456,-29.715189
26392,ds005473,sub-005,56,1.5,1.25,2,11.2188,-55.1638
26393,ds005473,sub-005,57,9.5,4.0,0,78.78665,-6.23987
26394,ds005473,sub-005,58,0.5,1.5,2,-25.378,-54.597103
26395,ds005473,sub-005,59,4.0,3.0,2,-8.126362,-5.134822
26396,ds005473,sub-005,60,0.0,1.5,1,-27.054869,34.18129
26397,ds005473,sub-005,61,9.2,4.25,0,75.49994,-9.425781
26398,ds005473,sub-005,62,1.5,1.0,3,-28.768158,13.595314
26399,ds005473,sub-005,63,0.0,3.0,2,-14.446977,0.60499495
26400,ds005473,sub-005,64,0.5,1.0,3,-48.95824,-6.544415
26401,ds005473,sub-005,65,0.5,2.0,3,-31.671274,17.842505
26402,ds005473,sub-005,66,7.5,4.0,0,72.381714,-0.068683885
26403,ds005473,sub-005,67,4.0,3.0,3,-54.1037,-45.41575
26404,ds005473,sub-005,68,4.0,2.5,2,-8.626653,-24.522312
26405,ds005473,sub-005,69,6.0,2.0,3,-39.87461,24.117622
26406,ds005473,sub-005,70,6.5,3.25,0,34.61233,-13.785896
26407,ds005473,sub-005,71,4.0,2.25,1,-16.526264,10.307174
26408,ds005473,sub-005,72,8.0,3.75,0,62.215427,18.728987
26409,ds005473,sub-005,73,3.5,1.25,2,-11.471162,-27.812239
26410,ds005473,sub-005,74,5.0,3.5,0,74.98781,-3.0868695
26411,ds005473,sub-005,75,4.0,1.5,2,2.6612163,-42.07139
26412,ds005473,sub-005,76,4.0,2.25,2,6.6582365,-27.351986
26413,ds005473,sub-005,77,8.0,3.75,0,58.595978,-21.716202
26414,ds005473,sub-005,78,0.5,1.25,3,-43.218887,-23.546232
26415,ds005473,sub-005,79,8.5,4.25,0,76.30731,-3.6998537
26416,ds005473,sub-005,80,4.5,2.75,3,-40.863068,-8.242569
26417,ds005473,sub-005,81,0.0,1.5,1,-37.648487,43.175747
26418,ds005473,sub-005,82,4.5,3.0,0,30.055195,-12.22335
26419,ds005473,sub-005,83,4.0,2.5,2,2.9733045,-28.854755
26420,ds005473,sub-005,84,5.5,3.25,1,10.630704,24.04907
26421,ds005473,sub-005,85,2.0,2.5,2,-14.543484,-10.134548
26422,ds005473,sub-005,86,7.0,3.75,0,75.261635,-13.424
26423,ds005473,sub-005,87,0.0,2.0,2,11.900132,-32.401608
26424,ds005473,sub-005,88,7.5,3.5,0,75.90592,-9.739674
26425,ds005473,sub-005,89,4.0,2.5,1,-13.68475,11.129567
26426,ds005473,sub-005,90,9.2,4.25,0,78.89909,9.504428
26427,ds005473,sub-005,91,4.0,2.5,2,2.3396807,-18.512175
26428,ds005473,sub-005,92,4.0,2.75,2,7.6748075,-47.123104
26429,ds005473,sub-005,93,0.5,1.0,2,11.676189,-50.390263
26430,ds005473,sub-005,94,9.0,4.0,0,87.58425,10.339064
26431,ds005473,sub-005,95,3.5,1.75,2,9.33381,-17.920809
26432,ds005473,sub-005,96,5.5,3.25,0,75.26296,-13.462904
26433,ds005473,sub-005,97,2.0,2.75,2,-18.767523,-33.534504
26434,ds005473,sub-005,98,2.0,1.75,1,-20.998753,55.197205
26435,ds005473,sub-005,99,8.5,4.0,0,77.198746,-7.60775
26436,ds005473,sub-005,100,0.5,1.75,2,10.997903,-34.79114
26437,ds005473,sub-005,101,5.5,3.25,3,-29.359911,-20.816095
26438,ds005473,sub-005,102,0.5,1.0,2,4.604883,-38.159824
26439,ds005473,sub-005,103,6.0,3.5,1,8.32986,51.52456
26440,ds005473,sub-005,104,1.0,2.0,2,1.574571,-48.88304
26441,ds005473,sub-005,105,4.0,3.25,2,35.653824,-42.165222
26442,ds005473,sub-005,106,4.0,2.25,2,-12.882571,-17.811161
26443,ds005473,sub-005,107,6.5,3.75,0,54.792995,-17.10685
26444,ds005473,sub-005,108,0.5,1.5,1,-2.8282967,10.759138
26445,ds005473,sub-005,109,4.0,2.75,2,-7.730362,0.67616934
26446,ds005473,sub-005,110,2.5,2.0,2,9.488487,-36.56384
26447,ds005473,sub-005,111,2.5,2.25,1,0.4393659,19.021564
26448,ds005473,sub-005,112,6.5,3.5,0,53.34795,-12.55732
26449,ds005473,sub-005,113,0.5,2.25,2,-16.615448,-55.097126
26450,ds005473,sub-005,114,4.0,3.5,2,-4.2538557,-36.28802
26451,ds005473,sub-005,115,0.0,1.25,2,6.7687716,-10.381864
26452,ds005473,sub-005,116,8.5,4.25,0,76.90399,-2.9112422
26453,ds005473,sub-005,117,2.5,1.25,2,10.660131,-16.171144
26454,ds005473,sub-005,118,4.0,3.0,0,32.584183,-7.486242
26455,ds005473,sub-005,119,0.5,1.75,1,-11.91668,9.912225
26456,ds005473,sub-005,120,0.5,1.0,3,-28.665546,-12.18597
26457,ds005473,sub-005,121,8.0,3.75,0,78.041824,-9.202067
26458,ds005473,sub-005,122,0.5,1.75,1,-27.760576,19.178904
26459,ds005473,sub-005,123,3.5,2.75,1,9.974407,16.25496
26460,ds005473,sub-005,124,3.0,1.25,2,7.32505,-23.314106
26461,ds005473,sub-005,125,7.0,4.0,0,80.38648,-9.992066
26462,ds005473,sub-005,126,1.5,1.5,2,4.121292,-4.965553
26463,ds005473,sub-005,127,4.0,3.0,2,-17.781881,-33.04072
26464,ds005473,sub-005,128,0.0,1.5,1,-12.195961,7.1811504
26465,ds005473,sub-005,129,9.0,4.25,0,80.60063,27.619553
26466,ds005473,sub-005,130,0.5,1.0,2,21.899832,-53.708572
26467,ds005473,sub-005,131,4.5,3.0,2,20.354422,-48.64913
26468,ds005473,sub-005,132,0.0,1.0,3,-17.61536,2.5948446
26469,ds005473,sub-005,133,0.5,2.0,2,-16.712196,-18.81916
26470,ds005473,sub-006,0,6.0,3.0,2,15.86458,-34.337624
26471,ds005473,sub-006,1,4.0,1.5,1,-1.6894826,4.4923964
26472,ds005473,sub-006,2,7.0,4.0,2,18.088058,-24.679121
26473,ds005473,sub-006,3,4.0,1.75,2,-4.119888,-40.232735
26474,ds005473,sub-006,4,7.0,3.5,0,40.073586,-21.277218
26475,ds005473,sub-006,5,4.0,1.75,1,-13.320336,23.278105
26476,ds005473,sub-006,6,5.0,2.75,1,-31.6066,25.616892
26477,ds005473,sub-006,7,4.0,1.75,3,-73.519936,-15.579908
26478,ds005473,sub-006,8,8.0,4.0,0,63.0423,-0.8435137
26479,ds005473,sub-006,9,4.0,2.25,3,-31.260792,17.651035
26480,ds005473,sub-006,10,6.0,3.25,0,37.108036,-18.838476
26481,ds005473,sub-006,11,3.0,2.0,3,-70.1901,5.4997864
26482,ds005473,sub-006,12,8.0,4.0,0,62.54509,-0.26196635
26483,ds005473,sub-006,13,4.0,2.5,3,-57.455276,-28.88668
26484,ds005473,sub-006,14,6.0,3.5,0,40.751114,-21.870783
26485,ds005473,sub-006,15,3.0,1.25,3,-78.447014,-6.110974
26486,ds005473,sub-006,16,5.0,3.0,2,21.633299,-36.036537
26487,ds005473,sub-006,17,4.0,2.0,3,-58.183376,-2.5624237
26488,ds005473,sub-006,18,5.0,2.5,2,-25.24425,-38.491432
26489,ds005473,sub-006,19,7.0,3.75,0,65.63103,-12.691671
26490,ds005473,sub-006,20,3.0,1.75,3,-59.455067,-4.0168924
26491,ds005473,sub-006,21,6.0,3.25,0,60.407574,0.5728065
26492,ds005473,sub-006,22,4.0,2.25,2,22.567366,-40.499615
26493,ds005473,sub-006,23,3.0,1.25,1,-16.410276,7.2858124
26494,ds005473,sub-006,24,6.0,3.25,2,30.690763,-24.90824
26495,ds005473,sub-006,25,4.0,2.0,1,-9.150189,3.2001371
26496,ds005473,sub-006,26,6.0,3.5,2,24.384941,-9.126529
26497,ds005473,sub-006,27,4.0,1.25,3,-49.233406,31.805494
26498,ds005473,sub-006,28,6.0,3.25,2,33.014103,-27.78149
26499,ds005473,sub-006,29,3.0,1.0,3,-68.05939,-31.12855
26500,ds005473,sub-006,30,8.0,3.75,0,60.489254,0.52229583
26501,ds005473,sub-006,31,4.0,1.5,3,-26.105968,0.46096194
26502,ds005473,sub-006,32,5.0,2.75,3,-55.965412,-3.0980427
26503,ds005473,sub-006,33,3.0,1.0,3,-61.589836,11.391388
26504,ds005473,sub-006,34,7.0,4.0,2,23.828398,-11.11114
26505,ds005473,sub-006,35,2.0,1.5,3,-65.55404,-17.46762
26506,ds005473,sub-006,36,4.0,3.0,1,-2.2198465,4.5673842
26507,ds005473,sub-006,37,3.0,1.0,2,-12.27968,-8.502936
26508,ds005473,sub-006,38,5.0,2.75,1,24.556406,17.379116
26509,ds005473,sub-006,39,5.0,1.75,2,13.766869,-21.622683
26510,ds005473,sub-006,40,4.0,2.25,2,-2.384121,-29.736185
26511,ds005473,sub-006,41,7.0,3.75,2,32.962727,-18.293762
26512,ds005473,sub-006,42,3.0,1.25,2,-14.232177,-45.626953
26513,ds005473,sub-006,43,6.0,3.5,0,46.58589,5.2049394
26514,ds005473,sub-006,44,6.0,2.0,2,22.498869,-41.651592
26515,ds005473,sub-006,45,3.0,1.5,2,5.344976,-24.00064
26516,ds005473,sub-006,46,7.0,3.75,2,30.685875,-26.76781
26517,ds005473,sub-006,47,4.0,2.25,2,-30.15816,-29.222107
26518,ds005473,sub-006,48,7.0,3.5,2,24.896408,-19.212208
26519,ds005473,sub-006,49,3.0,1.25,3,-61.757748,-4.066979
26520,ds005473,sub-006,50,5.0,3.25,2,-13.974978,-39.929523
26521,ds005473,sub-006,51,4.0,2.5,3,-50.055237,27.879005
26522,ds005473,sub-006,52,5.0,2.75,3,-26.748535,15.897304
26523,ds005473,sub-006,53,3.0,1.0,3,-57.323456,-4.475644
26524,ds005473,sub-006,54,8.0,3.75,0,44.980587,-20.174578
26525,ds005473,sub-006,55,5.0,2.0,1,-13.91306,7.4566283
26526,ds005473,sub-006,56,5.0,3.0,1,-1.8870099,4.7061057
26527,ds005473,sub-006,57,4.0,1.5,3,-35.068943,10.092678
26528,ds005473,sub-006,58,3.0,1.0,3,-39.141636,0.39887488
26529,ds005473,sub-006,59,8.0,4.0,0,42.961163,35.50932
26530,ds005473,sub-006,60,7.0,2.75,2,12.962954,-24.486217
26531,ds005473,sub-006,61,6.0,2.5,3,-73.254295,-13.562392
26532,ds005473,sub-006,62,6.0,2.5,2,-12.091457,-7.2633343
26533,ds005473,sub-006,63,4.0,2.25,3,-40.686424,25.741695
26534,ds005473,sub-006,64,7.0,3.0,2,17.301043,-38.45423
26535,ds005473,sub-006,65,6.0,3.0,1,25.850714,44.087753
26536,ds005473,sub-006,66,3.0,1.5,2,12.963374,-35.33739
26537,ds005473,sub-006,67,8.0,4.0,0,60.9508,-3.893504
26538,ds005473,sub-006,68,4.0,1.75,1,2.697562,7.0309424
26539,ds005473,sub-006,69,6.0,3.5,0,38.615105,-15.516154
26540,ds005473,sub-006,70,4.0,1.75,3,-65.57394,14.580568
26541,ds005473,sub-006,71,5.0,2.75,2,-11.706326,-7.04916
26542,ds005473,sub-006,72,3.0,1.75,2,-7.361085,-2.9251783
26543,ds005473,sub-006,73,9.0,4.0,0,42.045372,-18.368877
26544,ds005473,sub-006,74,4.0,2.25,2,22.475632,-43.197876
26545,ds005473,sub-006,75,5.0,3.25,2,39.72228,-49.393593
26546,ds005473,sub-006,76,4.0,2.0,2,-7.004102,-2.8111491
26547,ds005473,sub-006,77,8.0,4.0,1,11.958641,17.239487
26548,ds005473,sub-006,78,4.0,2.5,3,-29.875158,12.12982
26549,ds005473,sub-006,79,7.0,3.5,0,26.380346,2.2658675
26550,ds005473,sub-006,80,4.0,1.25,2,-5.673574,-12.34953
26551,ds005473,sub-006,81,7.0,3.0,2,6.8961263,-15.522093
26552,ds005473,sub-006,82,5.0,2.0,3,-47.778698,-44.18505
26553,ds005473,sub-006,83,5.0,2.5,3,-49.58402,-12.388096
26554,ds005473,sub-006,84,6.0,3.75,0,49.366077,41.46133
26555,ds005473,sub-006,85,4.0,1.75,1,-15.692722,50.798244
26556,ds005473,sub-006,86,7.0,3.25,2,35.430157,-45.480816
26557,ds005473,sub-006,87,4.0,2.25,2,7.714706,-47.58097
26558,ds005473,sub-006,88,3.0,1.25,3,-41.196594,27.947224
26559,ds005473,sub-006,89,4.0,3.25,2,21.04104,-36.32499
26560,ds005473,sub-006,90,4.0,2.0,3,-40.291065,25.601254
26561,ds005473,sub-006,91,8.0,3.5,0,36.532032,-15.536782
26562,ds005473,sub-006,92,3.0,1.25,2,-9.520639,0.4633103
26563,ds005473,sub-006,93,7.0,3.25,2,12.705419,-24.008114
26564,ds005473,sub-006,94,3.0,1.0,2,-24.636,-31.357553
26565,ds005473,sub-006,95,8.0,3.75,0,50.5975,-2.8188255
26566,ds005473,sub-006,96,4.0,1.5,1,-1.144646,13.450947
26567,ds005473,sub-006,97,4.0,2.75,3,-46.914253,-10.359456
26568,ds005473,sub-006,98,3.0,1.0,3,-68.057396,-8.630781
26569,ds005473,sub-006,99,9.0,4.0,0,41.324383,-17.28104
26570,ds005473,sub-006,100,3.0,1.5,2,-24.754189,-30.516695
26571,ds005473,sub-006,101,4.0,3.0,2,21.875772,-35.25286
26572,ds005473,sub-006,102,2.0,1.0,2,-30.070091,-29.265871
26573,ds005473,sub-006,103,3.0,2.75,0,46.65032,-33.41677
26574,ds005473,sub-006,104,3.0,1.75,2,-7.499671,-1.1415943
26575,ds005473,sub-006,105,4.0,2.25,2,-16.72769,-18.669958
26576,ds005473,sub-006,106,8.0,3.75,0,61.543633,0.025421321
26577,ds005473,sub-006,107,2.0,1.25,2,-1.074492,0.8916055
26578,ds005473,sub-006,108,7.0,3.5,0,26.378384,-0.7523784
26579,ds005473,sub-006,109,3.0,2.0,1,3.8342907,17.445206
26580,ds005473,sub-006,110,3.0,1.5,2,0.03175604,-2.7395883
26581,ds005473,sub-006,111,8.0,3.75,2,14.598122,-21.356617
26582,ds005473,sub-006,112,3.0,2.25,3,-25.040312,3.2743325
26583,ds005473,sub-006,113,9.0,3.5,2,10.821558,-18.678864
26584,ds005473,sub-006,114,3.0,1.25,3,-57.04404,-28.182178
26585,ds005473,sub-006,115,8.0,3.25,0,41.895023,-18.392286
26586,ds005473,sub-006,116,4.0,2.5,2,-24.857347,-24.615343
26587,ds005473,sub-006,117,4.0,2.75,1,-10.449665,7.865443
26588,ds005473,sub-006,118,4.0,1.0,3,-44.740723,11.930531
26589,ds005473,sub-006,119,8.0,3.75,0,38.52851,-18.69797
26590,ds005473,sub-006,120,3.0,2.0,1,24.469433,17.372253
26591,ds005473,sub-006,121,5.0,3.0,0,25.567667,1.1749785
26592,ds005473,sub-006,122,4.0,1.5,2,-11.1944,-33.320004
26593,ds005473,sub-006,123,3.0,1.0,2,-24.12584,-35.035236
26594,ds005473,sub-006,124,8.0,4.0,1,38.091602,56.5055
26595,ds005473,sub-006,125,5.0,2.75,2,16.05089,-31.08938
26596,ds005473,sub-006,126,4.0,2.5,2,23.038755,-25.81061
26597,ds005473,sub-006,127,5.0,2.5,2,16.196907,-30.79632
26598,ds005473,sub-006,128,4.0,2.25,1,-0.9710901,10.154401
26599,ds005473,sub-006,129,6.0,3.0,2,-7.663598,-2.8917415
26600,ds005473,sub-007,0,3.0,2.5,0,62.83091,-31.128042
26601,ds005473,sub-007,1,1.0,2.0,3,-75.477486,11.408392
26602,ds005473,sub-007,2,8.0,3.25,1,-13.635684,40.4672
26603,ds005473,sub-007,3,4.0,2.25,1,-15.192876,61.892914
26604,ds005473,sub-007,4,4.0,1.25,3,-75.410995,17.183178
26605,ds005473,sub-007,5,10.0,3.5,1,-9.306471,59.96859
26606,ds005473,sub-007,6,1.0,1.5,2,21.190834,-14.750169
26607,ds005473,sub-007,7,5.0,2.25,3,-59.33749,-7.365919
26608,ds005473,sub-007,8,7.5,3.75,2,46.431446,-39.565815
26609,ds005473,sub-007,9,4.3,1.25,1,-5.816092,56.688057
26610,ds005473,sub-007,10,7.5,2.75,2,23.432798,-37.035152
26611,ds005473,sub-007,11,4.9,1.5,3,-82.78941,14.512838
26612,ds005473,sub-007,12,7.5,3.0,1,-39.6061,37.859077
26613,ds005473,sub-007,13,4.3,2.5,3,-77.393425,2.1793258
26614,ds005473,sub-007,14,5.5,3.25,1,-18.292698,11.678912
26615,ds005473,sub-007,15,4.0,2.5,3,-32.673107,10.502033
26616,ds005473,sub-007,16,8.0,3.75,0,66.492676,-27.945692
26617,ds005473,sub-007,17,0.0,2.0,1,-6.9475675,66.15416
26618,ds005473,sub-007,18,9.0,3.5,1,5.191449,41.738495
26619,ds005473,sub-007,19,5.0,2.5,0,66.40476,-28.027004
26620,ds005473,sub-007,20,4.5,1.0,1,-10.571589,58.70549
26621,ds005473,sub-007,21,5.0,2.5,1,-33.61649,39.154324
26622,ds005473,sub-007,22,6.0,2.75,1,-8.555779,63.63387
26623,ds005473,sub-007,23,3.0,1.75,3,-74.18447,22.66799
26624,ds005473,sub-007,24,4.1,3.25,3,-78.46782,14.904298
26625,ds005473,sub-007,25,2.0,1.75,3,-65.482475,33.31283
26626,ds005473,sub-007,26,6.7,2.75,1,-13.056929,50.295998
26627,ds005473,sub-007,27,4.1,1.75,3,-78.33715,19.286907
26628,ds005473,sub-007,28,6.5,3.25,3,-60.521782,1.3767272
26629,ds005473,sub-007,29,0.0,1.0,3,-33.713184,11.103231
26630,ds005473,sub-007,30,9.9,3.5,2,13.075797,-38.051445
26631,ds005473,sub-007,31,7.3,2.0,3,-79.109344,13.142338
26632,ds005473,sub-007,32,10.0,3.25,1,2.2166536,3.3253255
26633,ds005473,sub-007,33,7.8,2.25,3,-64.91627,28.687662
26634,ds005473,sub-007,34,7.5,3.75,1,-39.93117,37.59613
26635,ds005473,sub-007,35,7.1,1.5,3,-42.45999,32.158222
26636,ds005473,sub-007,36,3.5,2.75,3,-59.768627,4.5208335
26637,ds005473,sub-007,37,3.5,2.0,3,-58.372704,-17.047342
26638,ds005473,sub-007,38,3.5,2.25,3,-58.209473,-28.346992
26639,ds005473,sub-007,39,7.0,3.5,1,-16.468668,53.118095
26640,ds005473,sub-007,40,5.0,2.25,2,0.08814826,-54.59238
26641,ds005473,sub-007,41,7.0,3.5,2,-9.791587,-32.564682
26642,ds005473,sub-007,42,0.5,1.25,3,-31.463877,11.960471
26643,ds005473,sub-007,43,0.0,1.25,1,-19.457838,58.388535
26644,ds005473,sub-007,44,5.5,3.0,3,-73.75711,3.5923393
26645,ds005473,sub-007,45,3.0,1.75,3,-64.268234,-11.472904
26646,ds005473,sub-007,46,3.0,1.0,1,-23.836521,57.22316
26647,ds005473,sub-007,47,10.0,3.75,1,-10.9165,20.774475
26648,ds005473,sub-007,48,4.5,1.75,1,-13.1294775,61.98355
26649,ds005473,sub-007,49,4.0,2.75,1,-31.774052,44.484917
26650,ds005473,sub-007,50,1.0,1.25,3,-66.373085,-28.957056
26651,ds005473,sub-007,51,0.0,1.5,3,-79.53343,16.706589
26652,ds005473,sub-007,52,3.5,3.0,3,-55.9455,17.726885
26653,ds005473,sub-007,53,3.0,1.5,3,-63.270103,-41.570072
26654,ds005473,sub-007,54,1.0,1.0,1,-29.147795,40.315887
26655,ds005473,sub-007,55,5.0,3.0,1,-40.528122,46.64251
26656,ds005473,sub-007,56,4.0,1.0,3,-26.166864,7.9580083
26657,ds005473,sub-007,57,7.5,3.75,2,-2.5652106,-42.684135
26658,ds005473,sub-007,58,5.0,2.0,3,-40.18018,-20.50899
26659,ds005473,sub-007,59,4.5,3.0,2,-9.14887,-40.35951
26660,ds005473,sub-007,60,4.0,2.5,3,-62.63645,25.878454
26661,ds005473,sub-007,61,4.0,2.0,1,-18.834106,11.838714
26662,ds005473,sub-007,62,4.5,3.25,3,-59.753105,-14.998312
26663,ds005473,sub-007,63,4.0,2.25,3,-56.4211,-39.98757
26664,ds005473,sub-007,64,3.0,1.25,1,-21.841375,52.221638
26665,ds005473,sub-007,65,9.0,3.5,1,12.653569,10.174951
26666,ds005473,sub-007,66,3.5,1.5,3,-61.36452,21.71544
26667,ds005473,sub-007,67,4.0,2.25,3,-64.083496,29.391983
26668,ds005473,sub-007,68,9.8,3.75,0,22.469696,6.927732
26669,ds005473,sub-007,69,3.0,1.25,1,-15.445459,50.692944
26670,ds005473,sub-007,70,6.0,2.75,3,-39.757435,-15.169398
26671,ds005473,sub-007,71,4.2,1.5,3,-55.95747,20.487276
26672,ds005473,sub-007,72,7.0,3.0,3,-36.253746,1.2261096
26673,ds005473,sub-007,73,7.0,2.5,3,-47.65542,-31.468685
26674,ds005473,sub-007,74,5.7,3.25,3,-56.45572,-14.089593
26675,ds005473,sub-007,75,4.1,2.5,2,-15.750754,-0.3859687
26676,ds005473,sub-007,76,10.0,3.75,1,-22.368652,18.266996
26677,ds005473,sub-007,77,4.0,2.0,3,-59.452824,29.769173
26678,ds005473,sub-007,78,10.0,3.5,1,17.743956,4.571024
26679,ds005473,sub-007,79,5.0,2.5,3,-71.72754,1.293243
26680,ds005473,sub-007,80,2.0,1.0,3,-84.06262,10.78868
26681,ds005473,sub-007,81,7.0,2.5,3,-65.039635,31.560593
26682,ds005473,sub-007,82,6.0,2.75,3,-64.66723,30.148455
26683,ds005473,sub-007,83,4.3,1.75,3,-61.401794,21.635275
26684,ds005473,sub-007,84,7.8,3.25,3,-32.26788,23.019037
26685,ds005473,sub-007,85,4.2,1.75,3,-44.003643,37.374836
26686,ds005473,sub-007,86,4.3,2.75,3,-66.61278,30.11601
26687,ds005473,sub-007,87,4.0,1.75,3,-23.73826,10.758551
26688,ds005473,sub-007,88,7.0,3.25,2,15.85187,-60.752766
26689,ds005473,sub-007,89,2.0,1.0,3,-73.76585,5.119509
26690,ds005473,sub-007,90,4.0,2.0,3,-40.554092,33.121235
26691,ds005473,sub-007,91,7.8,3.25,1,-5.392755,55.42149
26692,ds005473,sub-007,92,4.2,2.25,3,-73.85552,4.9518023
26693,ds005473,sub-007,93,9.0,3.75,1,31.10768,49.858505
26694,ds005473,sub-007,94,3.0,1.5,3,-68.87963,12.02524
26695,ds005473,sub-007,95,4.5,2.75,2,-26.512714,-34.451584
26696,ds005473,sub-007,96,1.0,2.0,3,-52.482338,-34.878986
26697,ds005473,sub-007,97,4.0,2.25,3,-41.35605,-40.251858
26698,ds005473,sub-007,98,10.0,3.5,1,-0.7395241,64.61075
26699,ds005473,sub-007,99,5.0,2.25,3,-80.06707,12.808987
26700,ds005473,sub-007,100,0.0,1.25,3,-52.802223,-5.8198047
26701,ds005473,sub-007,101,4.0,1.25,3,-66.69925,-26.924559
26702,ds005473,sub-007,102,5.5,3.0,3,-63.36172,32.35031
26703,ds005473,sub-007,103,5.5,1.75,3,-74.80706,6.6349835
26704,ds005473,sub-007,104,4.1,1.0,3,-29.684273,7.889777
26705,ds005473,sub-007,105,0.0,1.75,1,-18.351568,45.098812
26706,ds005473,sub-007,106,4.0,2.75,3,-53.89386,-24.715029
26707,ds005473,sub-007,107,4.0,1.25,3,-73.31513,-2.908528
26708,ds005473,sub-007,108,4.0,1.5,3,-80.36286,12.196058
26709,ds005473,sub-007,109,9.0,3.0,1,-29.320248,40.3688
26710,ds005473,sub-007,110,0.0,1.5,3,-63.65098,18.733374
26711,ds005473,sub-007,111,0.0,1.0,1,-13.111335,59.823547
26712,ds005473,sub-007,112,8.0,3.0,2,12.973991,-38.143204
26713,ds005473,sub-007,113,0.0,1.0,3,-72.60755,10.002436
26714,ds005473,sub-007,114,10.0,3.75,0,23.23405,3.8281398
26715,ds005473,sub-007,115,6.0,2.0,3,-80.88588,11.300317
26716,ds005473,sub-008,0,0.5,3.0,1,-21.53774,50.536686
26717,ds005473,sub-008,1,0.8,1.5,3,-67.88531,37.030136
26718,ds005473,sub-008,2,4.5,4.0,1,-25.53995,54.166065
26719,ds005473,sub-008,3,3.2,1.75,1,-19.763004,52.11853
26720,ds005473,sub-008,4,5.0,3.5,2,11.382869,-4.7978916
26721,ds005473,sub-008,5,2.4,1.75,3,-70.487144,16.079811
26722,ds005473,sub-008,6,5.2,2.75,2,31.81552,-17.7889
26723,ds005473,sub-008,7,1.9,1.75,1,-12.068832,65.099075
26724,ds005473,sub-008,8,5.8,4.0,1,9.12687,51.507214
26725,ds005473,sub-008,9,2.3,2.25,3,-77.48146,19.90566
26726,ds005473,sub-008,10,2.8,3.25,1,-25.337622,30.759598
26727,ds005473,sub-008,11,1.0,2.0,1,-13.641939,61.10201
26728,ds005473,sub-008,12,7.0,4.0,1,8.540161,49.326103
26729,ds005473,sub-008,13,1.3,2.5,1,17.318687,22.607077
26730,ds005473,sub-008,14,3.4,3.5,2,26.75613,-23.161177
26731,ds005473,sub-008,15,0.3,1.25,3,-47.45166,6.933411
26732,ds005473,sub-008,16,3.1,3.0,3,-28.67978,19.23448
26733,ds005473,sub-008,17,0.7,2.0,3,-44.983917,1.2361833
26734,ds005473,sub-008,18,2.3,2.5,3,-50.64055,-27.616253
26735,ds005473,sub-008,19,7.2,3.75,1,11.224074,55.41749
26736,ds005473,sub-008,20,4.3,1.75,3,-50.54203,-28.51818
26737,ds005473,sub-008,21,4.6,3.25,1,-6.051146,50.185875
26738,ds005473,sub-008,22,4.2,2.25,3,-36.45695,1.1391222
26739,ds005473,sub-008,23,0.1,1.25,3,-65.32296,27.588394
26740,ds005473,sub-008,24,7.5,3.25,1,-1.8719031,29.289036
26741,ds005473,sub-008,25,1.8,2.0,2,9.105325,-23.137104
26742,ds005473,sub-008,26,4.2,3.5,1,-4.075741,25.351147
26743,ds005473,sub-008,27,0.6,1.25,2,-31.669752,-45.677273
26744,ds005473,sub-008,28,7.3,3.25,0,80.94562,-0.76154685
26745,ds005473,sub-008,29,0.2,1.0,1,-2.0007706,18.962599
26746,ds005473,sub-008,30,7.7,3.75,0,40.538036,19.189926
26747,ds005473,sub-008,31,0.0,1.5,3,-58.274666,-31.023668
26748,ds005473,sub-008,32,1.5,2.75,3,-61.758896,33.467064
26749,ds005473,sub-008,33,1.3,1.0,1,0.5598547,11.945312
26750,ds005473,sub-008,34,8.0,4.0,0,62.27452,-22.687016
26751,ds005473,sub-008,35,0.1,1.5,1,-2.600879,53.020866
26752,ds005473,sub-008,36,3.6,3.0,2,-2.3439176,-0.8253472
26753,ds005473,sub-008,37,0.2,1.0,3,-34.156216,-12.215542
26754,ds005473,sub-008,38,3.3,2.75,1,-22.61924,24.163366
26755,ds005473,sub-008,39,3.5,1.75,3,-60.91573,-19.472198
26756,ds005473,sub-008,40,0.8,2.25,1,-15.063504,54.647335
26757,ds005473,sub-008,41,8.1,3.75,0,44.840374,-21.997099
26758,ds005473,sub-008,42,0.0,1.25,1,-8.129846,65.61859
26759,ds005473,sub-008,43,8.2,3.5,0,50.00878,-24.609224
26760,ds005473,sub-008,44,0.9,2.0,1,2.9017167,21.94963
26761,ds005473,sub-008,45,0.1,1.5,1,-6.9281054,52.562603
26762,ds005473,sub-008,46,3.8,3.75,2,17.20438,-12.589476
26763,ds005473,sub-008,47,3.5,2.25,2,-22.14615,-28.082455
26764,ds005473,sub-008,48,4.6,3.5,1,-13.702586,11.203125
26765,ds005473,sub-008,49,2.8,1.25,1,-18.111307,48.562714
26766,ds005473,sub-008,50,3.1,3.25,1,-4.7973027,53.198162
26767,ds005473,sub-008,51,1.2,2.5,1,3.0943007,34.639668
26768,ds005473,sub-008,52,1.9,2.75,1,-16.67678,45.46083
26769,ds005473,sub-008,53,1.6,1.0,1,-19.274326,12.545289
26770,ds005473,sub-008,54,8.3,3.75,1,19.774233,47.359745
26771,ds005473,sub-008,55,0.1,2.0,3,-67.24237,34.317913
26772,ds005473,sub-008,56,0.3,3.0,1,-0.14365703,43.56812
26773,ds005473,sub-008,57,1.8,1.5,2,28.477987,-45.611313
26774,ds005473,sub-008,58,1.5,1.0,1,-36.305454,38.4277
26775,ds005473,sub-008,59,8.6,4.0,0,41.54931,16.978445
26776,ds005473,sub-008,60,0.3,2.75,1,-13.061308,61.884506
26777,ds005473,sub-008,61,0.5,2.5,1,-2.8603487,12.313779
26778,ds005473,sub-008,62,2.3,2.5,1,-18.987514,24.840822
26779,ds005473,sub-008,63,2.4,2.25,2,-18.704905,-38.20185
26780,ds005473,sub-008,64,2.6,3.0,0,31.013533,23.853539
26781,ds005473,sub-008,65,2.0,3.0,1,-15.73659,45.50798
26782,ds005473,sub-008,66,1.4,1.5,3,-41.253906,32.78915
26783,ds005473,sub-008,67,8.1,4.0,2,27.290976,-24.525496
26784,ds005473,sub-008,68,1.3,1.75,1,-6.8223243,26.833576
26785,ds005473,sub-008,69,5.6,3.5,1,1.7307873,44.34783
26786,ds005473,sub-008,70,2.7,1.75,0,52.388298,-21.08613
26787,ds005473,sub-008,71,2.2,2.75,1,-3.9981916,44.592384
26788,ds005473,sub-008,72,1.5,1.75,3,-60.0191,-23.465282
26789,ds005473,sub-008,73,8.4,4.0,0,31.684916,-3.1371741
26790,ds005473,sub-008,74,3.5,2.25,1,7.1023226,30.992754
26791,ds005473,sub-008,75,4.2,3.25,1,22.10597,53.5287
26792,ds005473,sub-008,76,0.1,2.0,3,-57.541004,9.4068365
26793,ds005473,sub-008,77,8.5,4.0,0,47.323467,42.162167
26794,ds005473,sub-008,78,3.6,2.5,1,-11.563281,64.03168
26795,ds005473,sub-008,79,4.5,3.5,1,13.9703865,4.6763396
26796,ds005473,sub-008,80,3.8,1.25,1,-36.142033,38.764824
26797,ds005473,sub-008,81,1.7,3.0,1,-15.700539,21.576912
26798,ds005473,sub-008,82,0.2,2.0,1,-6.4647207,13.303115
26799,ds005473,sub-008,83,3.1,2.5,1,-2.388223,12.34498
26800,ds005473,sub-008,84,7.3,3.75,0,32.116375,-10.005485
26801,ds005473,sub-008,85,2.4,1.75,2,-9.776767,-44.34656
26802,ds005473,sub-008,86,4.1,3.25,2,8.2755165,-36.996334
26803,ds005473,sub-008,87,0.4,2.25,1,-14.696717,34.80423
26804,ds005473,sub-008,88,0.0,1.25,3,-37.677776,-8.323606
26805,ds005473,sub-008,89,4.0,3.25,1,2.5930247,15.576928
26806,ds005473,sub-008,90,2.5,2.0,1,-14.574197,34.729786
26807,ds005473,sub-008,91,3.9,3.5,1,-11.082333,29.43621
26808,ds005473,sub-008,92,1.1,1.25,1,-15.236617,21.471302
26809,ds005473,sub-008,93,6.1,3.25,1,2.3901398,34.790936
26810,ds005473,sub-008,94,0.0,1.0,3,-38.533928,-33.777634
26811,ds005473,sub-008,95,7.5,3.75,0,47.619843,42.142036
26812,ds005473,sub-008,96,0.6,1.5,1,0.55279124,25.607784
26813,ds005473,sub-008,97,1.3,2.75,1,29.478762,53.513054
26814,ds005473,sub-008,98,0.4,1.0,3,-49.590893,5.094659
26815,ds005473,sub-008,99,8.5,4.0,0,39.79726,11.28342
26816,ds005473,sub-008,100,0.0,1.5,3,-84.517365,14.685544
26817,ds005473,sub-008,101,3.0,3.0,2,12.190181,-2.2140722
26818,ds005473,sub-008,102,0.6,1.0,3,-26.888378,-9.060183
26819,ds005473,sub-008,103,2.4,2.75,3,-52.923992,-17.920507
26820,ds005473,sub-008,104,0.3,1.75,3,-59.664963,-25.202785
26821,ds005473,sub-008,105,3.7,2.25,1,27.52415,24.196156
26822,ds005473,sub-008,106,8.8,3.75,1,19.258135,47.8274
26823,ds005473,sub-008,107,0.4,1.25,2,-23.442936,-46.75001
26824,ds005473,sub-008,108,2.1,3.5,2,29.779636,-19.931986
26825,ds005473,sub-008,109,0.8,2.0,2,-0.6546308,-23.394506
26826,ds005473,sub-008,110,0.1,1.5,3,-62.931763,-32.382294
26827,ds005473,sub-008,111,7.6,3.75,2,27.258835,-18.903196
26828,ds005473,sub-008,112,0.0,2.25,1,2.384137,43.513386
26829,ds005473,sub-008,113,6.5,3.5,0,31.521421,22.584375
26830,ds005473,sub-008,114,0.0,1.25,3,-55.62839,46.213943
26831,ds005473,sub-008,115,0.9,3.25,1,-13.379253,11.169718
26832,ds005473,sub-008,116,1.6,2.5,1,-9.83069,53.911526
26833,ds005473,sub-008,117,1.0,2.75,1,-16.159708,36.26302
26834,ds005473,sub-008,118,0.1,1.0,1,-7.962943,55.431583
26835,ds005473,sub-008,119,8.5,3.75,1,35.590523,49.797203
26836,ds005473,sub-008,120,3.2,2.0,1,-10.425672,61.078583
26837,ds005473,sub-008,121,2.0,3.0,1,-10.256772,64.1137
26838,ds005473,sub-008,122,1.0,1.5,3,-62.023262,-10.937615
26839,ds005473,sub-008,123,0.0,1.0,1,-9.2213,59.91479
26840,ds005473,sub-008,124,8.6,4.0,0,30.446142,6.630047
26841,ds005473,sub-008,125,0.8,2.75,3,-67.873825,36.97084
26842,ds005473,sub-008,126,1.0,2.5,1,-8.02984,55.49733
26843,ds005473,sub-008,127,2.7,2.5,1,-10.906115,18.026712
26844,ds005473,sub-008,128,0.8,2.25,1,2.1991854,14.294664
26845,ds005473,sub-008,129,2.6,3.0,1,-11.530089,27.218443
26846,ds005473,sub-009,0,6.0,3.0,0,50.17579,-28.77771
26847,ds005473,sub-009,1,6.0,2.5,1,-15.700327,49.132072
26848,ds005473,sub-009,2,4.0,2.0,2,-2.8142586,-29.833488
26849,ds005473,sub-009,3,9.0,3.25,2,35.55498,-25.558867
26850,ds005473,sub-009,4,4.0,2.25,0,46.70216,-31.219627
26851,ds005473,sub-009,5,3.0,1.25,2,-28.737946,-31.903051
26852,ds005473,sub-009,6,2.0,1.5,1,-4.5431137,2.1479554
26853,ds005473,sub-009,7,5.0,2.25,2,-30.707436,-32.785145
26854,ds005473,sub-009,8,9.5,3.75,0,48.492775,-14.024156
26855,ds005473,sub-009,9,0.0,1.25,1,-22.51968,14.740621
26856,ds005473,sub-009,10,3.0,2.75,3,-71.055214,-18.376217
26857,ds005473,sub-009,11,3.0,1.5,3,-46.41619,-40.459797
26858,ds005473,sub-009,12,6.0,3.0,2,18.580868,-30.072554
26859,ds005473,sub-009,13,6.0,2.5,2,13.972573,-34.101856
26860,ds005473,sub-009,14,7.5,3.25,2,16.525246,-38.51886
26861,ds005473,sub-009,15,4.5,2.5,2,-31.55097,-51.10132
26862,ds005473,sub-009,16,8.0,3.75,0,61.10137,-3.8319225
26863,ds005473,sub-009,17,4.0,2.0,3,-57.518513,-4.444578
26864,ds005473,sub-009,18,9.5,3.5,2,22.25112,-19.283512
26865,ds005473,sub-009,19,4.0,2.5,2,-23.895927,-41.470383
26866,ds005473,sub-009,20,2.0,1.0,3,-26.198053,12.761739
26867,ds005473,sub-009,21,4.5,2.5,2,-2.7352288,-39.80506
26868,ds005473,sub-009,22,4.5,2.75,3,-31.02369,8.558867
26869,ds005473,sub-009,23,4.0,1.75,3,-26.530048,15.430078
26870,ds005473,sub-009,24,7.0,3.25,2,15.282492,-39.255844
26871,ds005473,sub-009,25,5.0,1.75,2,-3.455975,-7.0975833
26872,ds005473,sub-009,26,6.5,2.75,2,38.411148,-27.781921
26873,ds005473,sub-009,27,6.0,1.75,3,-57.723427,-48.479786
26874,ds005473,sub-009,28,8.0,3.25,1,11.605923,8.381685
26875,ds005473,sub-009,29,2.0,1.0,2,-1.901496,-30.396444
26876,ds005473,sub-009,30,8.0,3.5,0,59.091644,-2.5299666
26877,ds005473,sub-009,31,0.0,2.0,2,-25.573421,-49.076294
26878,ds005473,sub-009,32,6.5,3.25,2,35.390015,-27.472734
26879,ds005473,sub-009,33,5.5,2.25,2,-4.918182,-45.747074
26880,ds005473,sub-009,34,8.5,3.75,0,40.86913,-23.446482
26881,ds005473,sub-009,35,2.0,1.5,3,-51.863525,-16.755968
26882,ds005473,sub-009,36,4.0,2.75,2,-6.7961864,-32.449883
26883,ds005473,sub-009,37,2.0,2.0,3,-43.50061,-28.206966
26884,ds005473,sub-009,38,2.0,2.25,3,-31.549854,19.72588
26885,ds005473,sub-009,39,9.0,3.5,1,11.388272,8.683086
26886,ds005473,sub-009,40,2.0,2.25,3,-57.02594,-33.233677
26887,ds005473,sub-009,41,8.0,3.5,0,59.053772,-1.9246622
26888,ds005473,sub-009,42,4.0,1.25,2,-0.65736336,-35.75776
26889,ds005473,sub-009,43,2.0,1.25,1,-17.774303,5.9969945
26890,ds005473,sub-009,44,6.5,3.0,2,34.544292,-23.366604
26891,ds005473,sub-009,45,3.0,1.75,2,-3.6135004,-29.456495
26892,ds005473,sub-009,46,4.5,1.0,3,-36.97754,16.589716
26893,ds005473,sub-009,47,9.5,3.75,0,52.065834,-17.276854
26894,ds005473,sub-009,48,3.0,1.75,2,-4.2211175,-29.883709
26895,ds005473,sub-009,49,4.5,2.75,3,-33.68093,4.7297893
26896,ds005473,sub-009,50,4.0,1.25,2,-37.752193,-45.820663
26897,ds005473,sub-009,51,3.0,1.5,3,-17.825884,2.6424918
26898,ds005473,sub-009,52,7.0,3.0,3,-37.784916,14.443139
26899,ds005473,sub-009,53,6.0,1.5,3,-35.573505,-16.371794
26900,ds005473,sub-009,54,4.0,1.0,2,1.9867688,-0.2917096
26901,ds005473,sub-009,55,5.5,3.0,3,-37.521744,17.563444
26902,ds005473,sub-009,56,0.0,1.0,3,-34.162716,12.276973
26903,ds005473,sub-009,57,8.0,3.75,1,25.828943,43.18178
26904,ds005473,sub-009,58,5.0,2.0,2,-4.0174685,-29.486069
26905,ds005473,sub-009,59,6.5,3.0,2,5.4982243,-55.774384
26906,ds005473,sub-009,60,7.0,2.5,2,-35.724495,-44.938328
26907,ds005473,sub-009,61,5.0,2.0,3,-40.5501,-6.5780926
26908,ds005473,sub-009,62,9.5,3.25,0,52.289696,-17.575233
26909,ds005473,sub-009,63,6.0,2.25,3,-32.235783,-25.671782
26910,ds005473,sub-009,64,4.0,1.25,2,-7.683866,-20.26904
26911,ds005473,sub-009,65,8.5,3.5,0,55.23439,-33.698837
26912,ds005473,sub-009,66,3.0,1.5,2,-32.06326,-51.26147
26913,ds005473,sub-009,67,6.5,2.25,2,-3.3557355,-39.921745
26914,ds005473,sub-009,68,9.0,3.75,2,0.29873773,-33.14299
26915,ds005473,sub-009,69,1.0,1.25,3,-55.284748,-42.04503
26916,ds005473,sub-009,70,3.0,2.75,2,-7.6060953,-44.405476
26917,ds005473,sub-009,71,0.0,1.5,2,-4.7113295,-42.328568
26918,ds005473,sub-009,72,6.5,3.0,2,5.693328,-43.72208
26919,ds005473,sub-009,73,6.0,2.5,3,-39.34394,-20.028503
26920,ds005473,sub-009,74,7.0,3.25,2,1.1935903,-0.2533359
26921,ds005473,sub-009,75,7.0,2.5,2,-11.380582,-27.459778
26922,ds005473,sub-009,76,9.5,3.75,0,59.52574,-1.8465687
26923,ds005473,sub-009,77,5.0,2.0,3,-69.07598,-13.182567
26924,ds005473,sub-009,78,8.0,3.5,2,30.396162,-25.560848
26925,ds005473,sub-009,79,4.0,2.5,2,-4.099735,-29.846474
26926,ds005473,sub-009,80,0.0,1.0,3,-42.106823,-7.3207755
26927,ds005473,sub-009,81,6.0,2.5,0,42.128212,-28.129194
26928,ds005473,sub-009,82,6.0,2.75,2,4.5400414,-4.9083414
26929,ds005473,sub-009,83,5.0,1.75,2,-14.64943,0.91162735
26930,ds005473,sub-009,84,8.0,3.25,0,36.21691,-21.448061
26931,ds005473,sub-009,85,5.5,1.75,2,21.376741,-24.163067
26932,ds005473,sub-009,86,6.5,2.75,2,12.6270075,-25.419825
26933,ds005473,sub-009,87,4.0,1.75,2,10.599084,-57.350994
26934,ds005473,sub-009,88,8.5,3.25,0,34.341103,-14.0699625
26935,ds005473,sub-009,89,3.0,1.0,2,-8.0714035,-42.88423
26936,ds005473,sub-009,90,8.0,3.5,0,43.77205,-28.24432
26937,ds005473,sub-009,91,4.0,2.0,2,-37.737053,-44.512104
26938,ds005473,sub-009,92,7.0,3.25,0,37.86026,-11.696155
26939,ds005473,sub-009,93,5.5,2.25,2,11.739222,-57.661777
26940,ds005473,sub-009,94,8.5,3.75,2,29.444891,-24.115473
26941,ds005473,sub-009,95,0.0,1.5,3,-27.349741,7.646857
26942,ds005473,sub-009,96,8.0,2.75,2,22.618584,-10.183108
26943,ds005473,sub-009,97,6.0,2.0,2,-21.839485,-30.78072
26944,ds005473,sub-009,98,6.5,2.25,2,2.789173,-1.3910702
26945,ds005473,sub-009,99,8.0,3.5,2,22.510523,-19.800997
26946,ds005473,sub-009,100,6.0,2.25,2,-2.2129421,-38.774273
26947,ds005473,sub-009,101,9.0,3.5,0,41.591007,-21.7802
26948,ds005473,sub-009,102,3.0,1.25,3,-32.38272,-24.88754
26949,ds005473,sub-009,103,4.0,1.25,2,11.6289215,-58.753292
26950,ds005473,sub-009,104,8.5,3.0,0,39.834984,-22.108007
26951,ds005473,sub-009,105,6.0,1.75,3,-39.995235,-7.7123017
26952,ds005473,sub-009,106,2.0,1.0,2,-16.641006,-34.96273
26953,ds005473,sub-009,107,9.5,3.75,0,39.89481,-21.858698
26954,ds005473,sub-009,108,3.0,1.75,2,-12.283505,-51.827896
26955,ds005473,sub-009,109,6.5,2.75,3,-40.308002,-11.62591
26956,ds005473,sub-009,110,3.5,1.25,3,-49.68222,16.42981
26957,ds005473,sub-009,111,4.0,1.5,3,-32.96185,13.782705
26958,ds005473,sub-009,112,7.5,3.0,2,3.049289,-57.728798
26959,ds005473,sub-009,113,4.0,1.5,3,-38.732327,-38.198925
26960,ds005473,sub-009,114,3.0,1.0,3,-47.13721,-11.9370365
26961,ds005473,sub-009,115,7.5,3.0,0,40.425163,-24.873337
26962,ds005473,sub-009,116,3.0,1.0,2,3.6579118,-37.48896
26963,ds005473,sub-009,117,9.5,3.75,0,46.46672,-21.920427
26964,ds005473,sub-009,118,0.0,2.0,2,-20.001642,-48.16052
26965,ds005473,sub-010,0,7.0,3.0,2,33.04547,-47.546333
26966,ds005473,sub-010,1,8.0,2.5,3,-21.143227,-1.7068272
26967,ds005473,sub-010,2,7.0,3.25,2,-11.8955765,-51.58627
26968,ds005473,sub-010,3,6.0,2.25,2,-14.668528,-29.538876
26969,ds005473,sub-010,4,5.0,1.25,3,-51.364033,13.3790045
26970,ds005473,sub-010,5,8.0,3.5,3,-20.94483,0.13097467
26971,ds005473,sub-010,6,4.0,1.5,3,-38.836063,-29.320961
26972,ds005473,sub-010,7,7.0,2.25,3,-52.310993,-21.4464
26973,ds005473,sub-010,8,9.0,3.75,2,33.359756,-34.766235
26974,ds005473,sub-010,9,5.0,1.25,2,-10.938951,-20.277693
26975,ds005473,sub-010,10,6.0,2.75,2,-5.508814,-59.262863
26976,ds005473,sub-010,11,5.0,1.5,3,-56.674454,-25.776108
26977,ds005473,sub-010,12,7.0,3.0,3,-36.100994,-4.2701044
26978,ds005473,sub-010,13,7.0,2.5,2,29.33279,-29.18552
26979,ds005473,sub-010,14,8.0,3.25,2,42.280544,-32.47332
26980,ds005473,sub-010,15,6.0,2.5,1,-18.186003,5.08675
26981,ds005473,sub-010,16,9.0,3.75,0,70.47967,3.6860383
26982,ds005473,sub-010,17,8.0,2.0,3,-47.881176,-23.382853
26983,ds005473,sub-010,18,8.0,3.5,2,43.70321,-39.76013
26984,ds005473,sub-010,19,6.0,2.5,2,-18.918571,-16.007128
26985,ds005473,sub-010,20,3.0,1.0,3,-34.02526,22.723177
26986,ds005473,sub-010,21,6.0,2.5,2,12.1474085,-12.4281
26987,ds005473,sub-010,22,5.0,2.75,3,-54.20224,-11.912326
26988,ds005473,sub-010,23,5.0,1.75,3,-62.403576,-33.063602
26989,ds005473,sub-010,24,7.0,3.25,2,39.94698,-43.898727
26990,ds005473,sub-010,25,4.0,1.75,2,5.9742775,-5.688961
26991,ds005473,sub-010,26,6.0,2.75,3,-53.924347,-47.96794
26992,ds005473,sub-010,27,5.0,1.75,3,-62.30616,-22.175604
26993,ds005473,sub-010,28,8.0,3.25,1,-19.170843,8.2949
26994,ds005473,sub-010,29,5.0,1.0,3,-51.83613,28.888206
26995,ds005473,sub-010,30,9.0,3.5,0,30.012764,-12.490616
26996,ds005473,sub-010,31,6.0,2.0,2,-23.27208,-37.137337
26997,ds005473,sub-010,32,7.0,3.25,3,-26.258375,-8.560944
26998,ds005473,sub-010,33,6.0,2.25,1,-4.346301,10.0767975
26999,ds005473,sub-010,34,9.0,3.75,2,31.712957,-29.37406
27000,ds005473,sub-010,35,6.0,1.5,3,-42.97491,-47.43499
27001,ds005473,sub-010,36,7.0,2.75,2,10.315339,-16.392517
27002,ds005473,sub-010,37,5.0,2.0,1,-3.6215868,14.8892975
27003,ds005473,sub-010,38,6.0,2.25,3,-23.291405,-7.543793
27004,ds005473,sub-010,39,8.0,3.5,2,32.5905,-49.665688
27005,ds005473,sub-010,40,4.0,2.25,2,-21.07877,-17.421875
27006,ds005473,sub-010,41,8.0,3.5,1,-1.903781,16.792688
27007,ds005473,sub-010,42,4.0,1.25,3,-37.80583,-8.549945
27008,ds005473,sub-010,43,3.0,1.25,2,-29.074015,-38.489536
27009,ds005473,sub-010,44,5.0,3.0,1,-1.6766813,15.912833
27010,ds005473,sub-010,45,5.0,1.75,3,-52.81077,4.4068856
27011,ds005473,sub-010,46,5.0,1.0,3,-42.76689,-13.908076
27012,ds005473,sub-010,47,10.0,3.75,0,34.563095,7.7994137
27013,ds005473,sub-010,48,7.0,1.75,2,-21.03842,-11.823212
27014,ds005473,sub-010,49,8.0,2.75,2,-11.112182,-9.340077
27015,ds005473,sub-010,50,5.0,1.25,2,-19.211567,-21.841349
27016,ds005473,sub-010,51,5.0,1.5,3,-40.278328,11.239762
27017,ds005473,sub-010,52,6.0,3.0,2,-12.778308,-61.673267
27018,ds005473,sub-010,53,5.0,1.5,3,-26.904615,-7.5537267
27019,ds005473,sub-010,54,4.0,1.0,2,3.3518698,-13.973792
27020,ds005473,sub-010,55,6.0,3.0,1,-4.2162046,12.182114
27021,ds005473,sub-010,56,4.0,1.0,3,-22.66011,-8.70332
27022,ds005473,sub-010,57,9.0,3.75,0,66.75499,-17.743292
27023,ds005473,sub-010,58,6.0,2.0,2,-8.250585,-15.977144
27024,ds005473,sub-010,59,7.0,3.0,2,26.476713,-41.343567
27025,ds005473,sub-010,60,7.0,2.5,2,-15.652455,-37.98566
27026,ds005473,sub-010,61,6.0,2.0,3,-42.693874,23.686394
27027,ds005473,sub-010,62,8.0,3.25,0,35.2071,-15.419991
27028,ds005473,sub-010,63,6.0,2.25,1,7.0515423,26.56582
27029,ds005473,sub-010,64,5.0,1.25,2,-9.326904,-20.151402
27030,ds005473,sub-010,65,9.0,3.5,2,42.846455,-35.35283
27031,ds005473,sub-010,66,6.0,1.5,2,-16.031754,-15.09027
27032,ds005473,sub-010,67,6.0,2.25,3,-28.459969,-9.472036
27033,ds005473,sub-010,68,9.0,3.75,0,54.717182,-9.448421
27034,ds005473,sub-010,69,4.0,1.25,1,-22.141403,11.505129
27035,ds005473,sub-010,70,7.0,2.75,0,60.280293,-33.39331
27036,ds005473,sub-010,71,4.0,1.5,1,-0.33345377,15.701393
27037,ds005473,sub-010,72,7.0,3.0,2,-29.792292,-37.35314
27038,ds005473,sub-010,73,6.0,2.5,3,-73.182236,24.374449
27039,ds005473,sub-010,74,7.0,3.25,2,29.114285,-43.241943
27040,ds005473,sub-010,75,6.0,2.5,2,-17.164095,-36.562862
27041,ds005473,sub-010,76,9.0,3.75,0,71.205734,4.716178
27042,ds005473,sub-010,77,7.0,2.0,2,18.540728,-51.935925
27043,ds005473,sub-010,78,8.0,3.5,0,54.518234,-30.004906
27044,ds005473,sub-010,79,5.0,2.5,3,-47.250233,14.954934
27045,ds005473,sub-010,80,4.0,1.0,1,-23.509054,21.76165
27046,ds005473,sub-010,81,6.0,2.5,3,-40.230618,25.184772
27047,ds005473,sub-010,82,6.0,2.75,2,-0.06206406,-53.34414
27048,ds005473,sub-010,83,5.0,1.75,3,-65.75503,-29.155886
27049,ds005473,sub-010,84,7.0,3.25,2,20.876493,-48.785656
27050,ds005473,sub-010,85,6.0,1.75,2,5.755986,-35.661766
27051,ds005473,sub-010,86,5.0,2.75,2,-4.8430133,-51.20757
27052,ds005473,sub-010,87,5.0,1.75,3,-51.583073,-5.192891
27053,ds005473,sub-010,88,6.0,3.25,2,-1.9980758,-12.668191
27054,ds005473,sub-010,89,3.0,1.0,3,-30.084885,-16.017763
27055,ds005473,sub-010,90,10.0,3.5,2,9.489582,-36.46945
27056,ds005473,sub-010,91,5.0,2.0,1,0.10910662,12.8971195
27057,ds005473,sub-010,92,10.0,3.25,0,68.69056,-18.499025
27058,ds005473,sub-010,93,6.0,2.25,2,-29.625645,-34.72283
27059,ds005473,sub-010,94,9.0,3.75,0,53.55795,-14.46013
27060,ds005473,sub-010,95,3.0,1.5,2,-0.29882637,-32.30059
27061,ds005473,sub-010,96,6.0,2.75,2,-11.051104,-56.166634
27062,ds005473,sub-010,97,3.0,2.0,3,-47.604084,1.49391
27063,ds005473,sub-010,98,5.0,2.25,2,-2.8653846,-20.705383
27064,ds005473,sub-010,99,8.0,3.5,0,64.80675,-11.331095
27065,ds005473,sub-010,100,7.0,2.25,2,4.6471753,-30.506634
27066,ds005473,sub-010,101,9.0,3.5,0,72.20246,4.764505
27067,ds005473,sub-010,102,3.0,1.25,1,1.7464106,17.742785
27068,ds005473,sub-010,103,2.0,1.25,1,-2.1356606,15.609634
27069,ds005473,sub-010,104,5.0,3.0,0,26.833223,-2.4070191
27070,ds005473,sub-010,105,4.0,1.75,3,-46.70071,-23.47046
27071,ds005473,sub-010,106,3.0,1.0,3,-49.72793,-8.739545
27072,ds005473,sub-010,107,10.0,3.75,0,36.583206,-3.1258893
27073,ds005473,sub-010,108,7.0,1.75,3,-25.375872,-8.199607
27074,ds005473,sub-010,109,7.0,2.75,2,32.794857,-48.80506
27075,ds005473,sub-010,110,4.0,1.25,1,34.73433,56.450672
27076,ds005473,sub-010,111,3.0,1.5,1,37.435883,56.6137
27077,ds005473,sub-010,112,5.0,3.0,1,2.3747966,14.243903
27078,ds005473,sub-010,113,5.0,1.5,2,30.105629,-52.987247
27079,ds005473,sub-010,114,4.0,1.0,3,-57.71552,-20.798485
27080,ds005473,sub-010,115,7.0,3.0,3,-48.757378,-48.75395
27081,ds005473,sub-010,116,3.0,1.0,3,-68.644424,-31.584854
27082,ds005473,sub-010,117,9.0,3.75,0,71.04136,4.472653
27083,ds005473,sub-010,118,4.0,2.0,1,36.962437,56.111584
27084,ds005473,sub-011,0,7.0,3.0,0,87.49503,3.1314778
27085,ds005473,sub-011,1,5.0,1.5,1,-21.365204,55.714294
27086,ds005473,sub-011,2,9.0,4.0,0,76.685394,-4.2395835
27087,ds005473,sub-011,3,4.0,1.75,1,-7.8797827,49.537033
27088,ds005473,sub-011,4,7.0,3.5,0,78.342964,-9.751821
27089,ds005473,sub-011,5,4.0,1.75,3,-31.343542,-27.386467
27090,ds005473,sub-011,6,4.0,2.75,0,27.620352,-8.589459
27091,ds005473,sub-011,7,4.0,1.75,1,-16.182682,50.056988
27092,ds005473,sub-011,8,9.0,4.0,0,88.82848,8.832433
27093,ds005473,sub-011,9,4.0,2.25,2,-12.727725,-41.04663
27094,ds005473,sub-011,10,6.0,3.25,0,87.375755,2.3096557
27095,ds005473,sub-011,11,4.0,2.0,1,-16.366125,6.1509748
27096,ds005473,sub-011,12,9.0,4.0,0,88.00334,9.475493
27097,ds005473,sub-011,13,4.0,2.5,2,39.558514,-44.555923
27098,ds005473,sub-011,14,6.0,3.5,1,9.078286,51.866093
27099,ds005473,sub-011,15,3.8,1.25,1,-24.189669,34.10671
27100,ds005473,sub-011,16,6.0,3.0,0,71.02751,18.126158
27101,ds005473,sub-011,17,2.0,2.0,1,-16.172386,40.46312
27102,ds005473,sub-011,18,4.0,2.5,3,-50.5547,-27.922197
27103,ds005473,sub-011,19,7.0,3.75,0,87.03229,1.7449797
27104,ds005473,sub-011,20,3.0,1.75,3,-55.0243,7.132422
27105,ds005473,sub-011,21,4.0,3.25,2,11.941553,-46.350414
27106,ds005473,sub-011,22,3.8,2.25,2,16.904177,-35.68435
27107,ds005473,sub-011,23,3.0,1.25,3,-36.066067,-8.739015
27108,ds005473,sub-011,24,5.0,3.25,0,52.077038,34.93482
27109,ds005473,sub-011,25,4.0,2.0,3,-55.849403,17.730457
27110,ds005473,sub-011,26,6.0,3.5,0,58.599617,7.463878
27111,ds005473,sub-011,27,3.0,1.25,2,-36.49655,-44.683475
27112,ds005473,sub-011,28,5.0,3.25,0,82.84203,-2.0474904
27113,ds005473,sub-011,29,2.0,1.0,3,-37.612164,-23.594507
27114,ds005473,sub-011,30,7.0,3.75,0,84.65551,8.570609
27115,ds005473,sub-011,31,4.0,1.5,2,-3.082908,-50.883316
27116,ds005473,sub-011,32,4.0,2.75,2,-13.054228,-43.48514
27117,ds005473,sub-011,33,2.0,1.0,3,-39.074512,-29.081078
27118,ds005473,sub-011,34,8.0,4.0,0,86.15623,3.0962286
27119,ds005473,sub-011,35,1.0,1.5,2,-0.41348523,-13.070545
27120,ds005473,sub-011,36,5.0,3.0,0,81.17889,-1.7576457
27121,ds005473,sub-011,37,1.0,1.0,3,-73.142235,-14.203293
27122,ds005473,sub-011,38,4.0,2.75,2,15.500378,-43.340755
27123,ds005473,sub-011,39,0.0,1.75,1,-19.964111,47.236004
27124,ds005473,sub-011,40,4.0,2.25,3,-69.14806,-6.716534
27125,ds005473,sub-011,41,7.0,3.75,0,88.34496,12.694043
27126,ds005473,sub-011,42,0.0,1.25,3,-52.228176,21.07751
27127,ds005473,sub-011,43,6.0,3.5,0,87.82841,3.0799317
27128,ds005473,sub-011,44,3.9,2.0,3,-34.421066,-2.062908
27129,ds005473,sub-011,45,3.8,1.5,2,-20.215542,-57.370525
27130,ds005473,sub-011,46,9.0,3.75,0,85.07744,4.5100574
27131,ds005473,sub-011,47,2.0,2.25,3,-35.869987,-16.719028
27132,ds005473,sub-011,48,7.0,3.5,0,84.74795,7.256719
27133,ds005473,sub-011,49,1.0,1.25,3,-36.47398,-20.073868
27134,ds005473,sub-011,50,5.0,3.25,0,88.04786,2.3646743
27135,ds005473,sub-011,51,4.0,2.5,2,-3.6232116,-14.787507
27136,ds005473,sub-011,52,5.0,2.75,0,42.673492,-19.391397
27137,ds005473,sub-011,53,0.0,1.0,1,-3.459285,51.28905
27138,ds005473,sub-011,54,8.0,3.75,0,86.14108,14.786022
27139,ds005473,sub-011,55,4.0,2.0,3,-46.991535,16.514652
27140,ds005473,sub-011,56,4.5,3.0,0,31.831549,-9.989067
27141,ds005473,sub-011,57,0.0,1.5,3,-32.116074,-1.124775
27142,ds005473,sub-011,58,2.0,1.0,2,-5.7253194,-49.126114
27143,ds005473,sub-011,59,7.0,4.0,0,84.82741,4.544297
27144,ds005473,sub-011,60,4.0,2.75,2,-28.989668,-33.830894
27145,ds005473,sub-011,61,4.0,2.5,3,-76.61764,9.949892
27146,ds005473,sub-011,62,4.0,2.5,2,-15.463256,-48.12374
27147,ds005473,sub-011,63,3.8,2.25,2,-12.796702,-46.179794
27148,ds005473,sub-011,64,3.9,3.0,1,-5.845194,1.6941624
27149,ds005473,sub-011,65,4.0,3.0,0,48.764137,7.0037937
27150,ds005473,sub-011,66,3.9,1.5,1,25.67237,28.24525
27151,ds005473,sub-011,67,7.0,4.0,0,79.10078,-10.061337
27152,ds005473,sub-011,68,2.0,1.75,3,-53.974083,26.228745
27153,ds005473,sub-011,69,5.0,3.5,0,54.708286,-14.574496
27154,ds005473,sub-011,70,2.0,1.75,2,-0.9688341,-22.01157
27155,ds005473,sub-011,71,4.0,2.75,0,66.04203,-11.649307
27156,ds005473,sub-011,72,3.0,1.75,3,-46.73229,-0.23043941
27157,ds005473,sub-011,73,9.0,4.0,0,86.706276,1.7936318
27158,ds005473,sub-011,74,3.0,2.25,3,-32.814896,0.28680158
27159,ds005473,sub-011,75,5.0,3.25,0,51.00572,-22.44648
27160,ds005473,sub-011,76,3.0,2.0,3,-53.36814,-6.2884192
27161,ds005473,sub-011,77,7.0,4.0,0,88.83148,8.890948
27162,ds005473,sub-011,78,4.0,2.5,2,-24.064032,-49.09114
27163,ds005473,sub-011,79,6.0,3.5,0,85.56721,7.751538
27164,ds005473,sub-011,80,2.0,1.25,2,-9.67418,-28.06846
27165,ds005473,sub-011,81,4.0,3.0,0,45.763054,-20.841478
27166,ds005473,sub-011,82,3.8,2.0,2,-0.71335274,-11.47218
27167,ds005473,sub-011,83,4.0,2.5,3,-64.980774,-19.043428
27168,ds005473,sub-011,84,8.0,3.75,0,85.85627,4.170875
27169,ds005473,sub-011,85,3.9,1.75,0,33.315815,-10.90276
27170,ds005473,sub-011,86,7.0,3.25,0,79.75169,13.545718
27171,ds005473,sub-011,87,4.0,2.25,2,-24.224836,-32.141144
27172,ds005473,sub-011,88,3.0,1.25,3,-77.00609,10.697452
27173,ds005473,sub-011,89,4.0,3.25,0,73.22971,1.2252774
27174,ds005473,sub-011,90,1.0,2.0,3,-49.201443,-47.862083
27175,ds005473,sub-011,91,8.0,3.5,0,89.186134,12.411267
27176,ds005473,sub-011,92,1.0,1.25,2,-18.954313,-6.0114737
27177,ds005473,sub-011,93,7.0,3.25,0,78.21783,18.656698
27178,ds005473,sub-011,94,1.0,1.0,3,-32.302727,-4.782552
27179,ds005473,sub-011,95,8.0,3.75,0,85.26844,6.9957232
27180,ds005473,sub-011,96,3.8,1.5,2,14.161358,-10.356362
27181,ds005473,sub-011,97,4.0,2.75,0,50.86794,-26.9611
27182,ds005473,sub-011,98,1.0,1.0,2,-15.410439,-9.875052
27183,ds005473,sub-011,99,9.0,4.0,0,88.11686,5.309669
27184,ds005473,sub-011,100,3.9,1.5,2,-25.278635,-30.811249
27185,ds005473,sub-011,101,4.0,3.0,0,61.741985,-5.8879375
27186,ds005473,sub-011,102,3.5,1.0,2,6.8479967,-53.379036
27187,ds005473,sub-011,103,4.0,2.75,3,-41.153175,15.887957
27188,ds005473,sub-011,104,3.5,1.75,3,-38.252384,21.67818
27189,ds005473,sub-011,105,3.9,2.25,3,-68.121414,-18.371744
27190,ds005473,sub-011,106,8.0,3.75,0,80.338806,-6.0427356
27191,ds005473,sub-011,107,1.0,1.25,3,-61.198776,3.9154582
27192,ds005473,sub-011,108,7.0,3.5,0,86.16282,3.4027267
27193,ds005473,sub-011,109,4.0,2.0,3,-23.16694,0.0412066
27194,ds005473,sub-011,110,1.0,1.5,3,-39.767887,-19.108109
27195,ds005473,sub-011,111,8.0,3.75,0,52.54388,31.886305
27196,ds005473,sub-011,112,3.8,2.25,3,-60.49905,-46.46674
27197,ds005473,sub-011,113,8.0,3.5,0,83.961784,-1.6091901
27198,ds005473,sub-011,114,1.0,1.25,3,-42.17742,-47.265034
27199,ds005473,sub-011,115,7.0,3.25,0,87.026535,2.3235765
27200,ds005473,sub-011,116,4.0,2.5,3,-63.53416,-18.921646
27201,ds005473,sub-011,117,3.5,2.75,1,-12.253537,1.6744126
27202,ds005473,sub-011,118,3.0,1.0,2,-26.07262,-48.27124
27203,ds005473,sub-011,119,8.0,3.75,0,84.9547,-0.03286576
27204,ds005473,sub-011,120,3.5,2.0,3,-50.61417,2.8048704
27205,ds005473,sub-011,121,4.0,3.0,0,48.610786,0.16487694
27206,ds005473,sub-011,122,2.0,1.5,2,-10.994356,-21.362682
27207,ds005473,sub-011,123,2.0,1.0,3,-36.238,-27.368313
27208,ds005473,sub-011,124,7.0,4.0,0,86.13625,1.1755594
27209,ds005473,sub-011,125,4.0,2.75,2,-15.645531,-56.73002
27210,ds005473,sub-011,126,4.0,2.5,3,-76.33602,-16.919773
27211,ds005473,sub-011,127,4.0,2.5,2,30.159317,-44.5057
27212,ds005473,sub-011,128,4.0,2.25,2,-20.306452,-28.995083
27213,ds005473,sub-011,129,5.0,3.0,1,19.83194,28.086882
27214,ds005473,sub-012,0,9.0,3.0,0,77.169136,8.340292
27215,ds005473,sub-012,1,5.0,1.5,1,26.291218,23.476728
27216,ds005473,sub-012,2,10.0,4.0,0,84.86286,9.074879
27217,ds005473,sub-012,3,4.0,1.75,0,51.255272,11.297595
27218,ds005473,sub-012,4,7.0,3.5,0,84.57587,8.854832
27219,ds005473,sub-012,5,4.0,1.75,0,34.915813,-15.432614
27220,ds005473,sub-012,6,5.0,2.75,0,73.380455,-1.5948347
27221,ds005473,sub-012,7,3.0,1.75,2,18.621433,-30.188156
27222,ds005473,sub-012,8,9.0,4.0,0,83.430016,4.6747713
27223,ds005473,sub-012,9,5.0,2.25,2,-1.5813154,-6.4491906
27224,ds005473,sub-012,10,6.0,3.25,0,75.30569,25.345177
27225,ds005473,sub-012,11,4.0,2.0,2,-8.8209715,-39.087894
27226,ds005473,sub-012,12,10.0,4.0,0,83.134575,9.661806
27227,ds005473,sub-012,13,5.0,2.5,1,-20.475227,22.394535
27228,ds005473,sub-012,14,9.0,3.5,0,87.30532,12.399705
27229,ds005473,sub-012,15,3.0,1.25,3,-58.624638,1.5174587
27230,ds005473,sub-012,16,6.0,3.0,0,63.92871,10.995453
27231,ds005473,sub-012,17,4.0,2.0,2,28.892735,-33.844093
27232,ds005473,sub-012,18,5.0,2.5,1,-0.3619583,8.575547
27233,ds005473,sub-012,19,8.0,3.75,0,72.97117,1.584355
27234,ds005473,sub-012,20,5.0,1.75,2,10.218049,-11.468473
27235,ds005473,sub-012,21,7.0,3.25,0,54.26984,12.7284155
27236,ds005473,sub-012,22,5.0,2.25,1,9.100654,41.885693
27237,ds005473,sub-012,23,3.0,1.25,1,12.10687,12.98388
27238,ds005473,sub-012,24,6.0,3.25,0,70.72826,12.22543
27239,ds005473,sub-012,25,0.0,2.0,0,41.702763,41.093636
27240,ds005473,sub-012,26,7.0,3.5,0,84.08375,11.86803
27241,ds005473,sub-012,27,2.0,1.25,2,-25.490564,-43.353195
27242,ds005473,sub-012,28,7.0,3.25,0,61.260162,29.94172
27243,ds005473,sub-012,29,2.0,1.0,2,22.201723,-39.621758
27244,ds005473,sub-012,30,9.0,3.75,0,83.13445,9.560948
27245,ds005473,sub-012,31,2.0,1.5,2,13.618182,-21.804644
27246,ds005473,sub-012,32,4.0,2.75,1,12.544539,39.03207
27247,ds005473,sub-012,33,2.0,1.0,1,0.89422464,14.011723
27248,ds005473,sub-012,34,9.0,4.0,0,77.20095,8.303023
27249,ds005473,sub-012,35,1.0,1.5,2,-13.218329,-4.081447
27250,ds005473,sub-012,36,5.0,3.0,0,81.57836,11.393473
27251,ds005473,sub-012,37,3.0,1.0,2,8.703329,-37.694332
27252,ds005473,sub-012,38,5.0,2.75,0,37.21391,23.122252
27253,ds005473,sub-012,39,4.0,1.75,1,-5.1818266,52.37295
27254,ds005473,sub-012,40,4.5,2.25,1,16.82044,29.97561
27255,ds005473,sub-012,41,10.0,3.75,0,83.88456,12.598456
27256,ds005473,sub-012,42,1.0,1.25,3,-75.0477,-23.28621
27257,ds005473,sub-012,43,8.0,3.5,0,69.04831,32.934345
27258,ds005473,sub-012,44,3.0,2.0,2,9.905916,-11.569926
27259,ds005473,sub-012,45,3.5,1.5,2,4.4265575,-52.429756
27260,ds005473,sub-012,46,10.0,3.75,0,80.760414,7.744672
27261,ds005473,sub-012,47,5.0,2.25,0,55.994465,8.91722
27262,ds005473,sub-012,48,8.0,3.5,0,58.583153,5.743378
27263,ds005473,sub-012,49,3.0,1.25,2,-9.523362,-7.5460596
27264,ds005473,sub-012,50,6.0,3.25,0,82.18693,12.433372
27265,ds005473,sub-012,51,4.0,2.5,0,55.322563,13.652216
27266,ds005473,sub-012,52,4.0,2.75,0,45.226852,25.130884
27267,ds005473,sub-012,53,2.5,1.0,2,-31.411655,-46.076546
27268,ds005473,sub-012,54,9.0,3.75,0,86.714134,12.06662
27269,ds005473,sub-012,55,5.0,2.0,0,37.64624,-11.652499
27270,ds005473,sub-012,56,7.0,3.0,0,68.4515,5.582752
27271,ds005473,sub-012,57,2.0,1.5,1,-9.0491085,16.225042
27272,ds005473,sub-012,58,1.0,1.0,2,13.595178,-5.41884
27273,ds005473,sub-012,59,9.0,4.0,0,87.52435,12.344343
27274,ds005473,sub-012,60,8.0,2.75,0,41.91463,0.5363987
27275,ds005473,sub-012,61,4.5,2.5,2,34.138744,-20.072062
27276,ds005473,sub-012,62,5.0,2.5,2,9.311677,-24.222435
27277,ds005473,sub-012,63,4.0,2.25,0,37.73122,4.638898
27278,ds005473,sub-012,64,5.0,3.0,1,7.384426,26.437063
27279,ds005473,sub-012,65,7.0,3.0,0,54.421886,-4.9952803
27280,ds005473,sub-012,66,4.0,1.5,0,31.640263,0.6501935
27281,ds005473,sub-012,67,10.0,4.0,0,87.5937,10.431917
27282,ds005473,sub-012,68,5.0,1.75,1,-3.161316,43.68475
27283,ds005473,sub-012,69,10.0,3.5,0,73.08876,13.617788
27284,ds005473,sub-012,70,4.0,1.75,2,-4.2697353,-22.916304
27285,ds005473,sub-012,71,5.0,2.75,0,55.994423,13.435027
27286,ds005473,sub-012,72,2.0,1.75,3,-20.629822,-3.6661556
27287,ds005473,sub-012,73,10.0,4.0,0,78.45581,9.53414
27288,ds005473,sub-012,74,4.0,2.25,1,-4.286537,26.077719
27289,ds005473,sub-012,75,6.0,3.25,0,44.358624,8.189701
27290,ds005473,sub-012,76,3.5,2.0,3,-44.396935,-3.3800507
27291,ds005473,sub-012,77,10.0,4.0,0,79.95286,13.012387
27292,ds005473,sub-012,78,6.0,2.5,2,9.423361,-21.351835
27293,ds005473,sub-012,79,9.0,3.5,0,86.91617,10.3779
27294,ds005473,sub-012,80,3.0,1.25,2,16.047052,-43.74532
27295,ds005473,sub-012,81,6.0,3.0,0,74.18315,12.2908325
27296,ds005473,sub-012,82,5.0,2.0,2,-13.827623,-9.907939
27297,ds005473,sub-012,83,5.0,2.5,2,-4.9706125,-26.997433
27298,ds005473,sub-012,84,8.0,3.75,0,86.41842,19.093725
27299,ds005473,sub-012,85,4.0,1.75,2,14.394262,-21.696146
27300,ds005473,sub-012,86,8.0,3.25,0,41.92426,8.267717
27301,ds005473,sub-012,87,5.0,2.25,2,10.554125,-23.12258
27302,ds005473,sub-012,88,1.0,1.25,3,-47.128796,34.751904
27303,ds005473,sub-012,89,7.0,3.25,0,71.13115,12.2922535
27304,ds005473,sub-012,90,4.0,2.0,2,15.744219,-28.265808
27305,ds005473,sub-012,91,7.0,3.5,0,81.81633,11.218978
27306,ds005473,sub-012,92,3.0,1.25,1,31.560776,45.469307
27307,ds005473,sub-012,93,7.0,3.25,0,80.65981,2.0371659
27308,ds005473,sub-012,94,3.0,1.0,1,38.91624,57.48016
27309,ds005473,sub-012,95,9.0,3.75,0,84.1226,5.5247226
27310,ds005473,sub-012,96,4.0,1.5,2,0.32554707,-24.245245
27311,ds005473,sub-012,97,5.5,2.75,2,34.349102,-20.154367
27312,ds005473,sub-012,98,0.0,1.0,1,-17.081577,43.894234
27313,ds005473,sub-012,99,7.0,4.0,0,80.036896,1.8023088
27314,ds005473,sub-012,100,2.0,1.5,1,-9.923193,29.752787
27315,ds005473,sub-012,101,4.0,3.0,2,8.116131,-29.255154
27316,ds005473,sub-012,102,1.0,1.0,3,-42.607723,32.961735
27317,ds005473,sub-012,103,5.0,2.75,1,-10.299314,54.444313
27318,ds005473,sub-012,104,4.0,1.75,3,-65.50045,34.91151
27319,ds005473,sub-012,105,5.0,2.25,1,-6.555767,55.105865
27320,ds005473,sub-012,106,9.0,3.75,0,72.00604,4.6877127
27321,ds005473,sub-012,107,4.0,1.25,2,17.166441,-15.936603
27322,ds005473,sub-012,108,9.0,3.5,0,70.63802,12.220623
27323,ds005473,sub-012,109,3.0,2.0,1,-19.124111,57.891014
27324,ds005473,sub-012,110,3.0,1.5,1,-0.6572355,20.71013
27325,ds005473,sub-012,111,8.0,3.75,0,72.86134,27.632563
27326,ds005473,sub-012,112,4.0,2.25,1,-5.1191897,15.278976
27327,ds005473,sub-012,113,8.0,3.5,0,62.470493,9.579145
27328,ds005473,sub-012,114,2.0,1.25,2,-16.986809,-33.0014
27329,ds005473,sub-012,115,5.0,3.25,0,53.03196,-5.824427
27330,ds005473,sub-012,116,3.5,2.5,1,-30.085567,34.81777
27331,ds005473,sub-012,117,5.0,2.75,0,53.44131,12.37414
27332,ds005473,sub-012,118,4.0,1.0,1,30.36053,57.319294
27333,ds005473,sub-012,119,8.0,3.75,0,80.367615,6.060948
27334,ds005473,sub-012,120,4.0,2.0,2,27.7432,-14.528566
27335,ds005473,sub-012,121,6.0,3.0,0,70.79925,13.148593
27336,ds005473,sub-012,122,2.0,1.5,1,-4.5575733,51.483368
27337,ds005473,sub-012,123,1.0,1.0,1,5.1555195,15.04672
27338,ds005473,sub-012,124,9.0,4.0,0,65.11383,4.5083933
27339,ds005473,sub-012,125,2.0,2.75,2,22.471039,-3.2930713
27340,ds005473,sub-012,126,4.0,2.5,3,-44.728172,-46.118435
27341,ds005473,sub-012,127,5.0,2.5,1,-7.081609,17.891031
27342,ds005473,sub-012,128,6.0,2.25,2,-10.734106,-9.561341
27343,ds005473,sub-012,129,7.0,3.0,0,54.68591,25.023172
27344,ds005473,sub-013,0,5.5,3.0,2,-19.230776,-14.5588665
27345,ds005473,sub-013,1,2.5,1.5,3,-50.875233,6.2221074
27346,ds005473,sub-013,2,9.0,4.0,0,57.06105,-19.034973
27347,ds005473,sub-013,3,3.0,1.75,2,-11.192643,-20.004463
27348,ds005473,sub-013,4,7.0,3.5,0,43.89856,-19.472237
27349,ds005473,sub-013,5,4.0,1.75,2,17.298162,-31.898056
27350,ds005473,sub-013,6,6.5,2.75,2,18.128733,-29.014038
27351,ds005473,sub-013,7,2.0,1.75,2,-2.157043,1.5099272
27352,ds005473,sub-013,8,9.0,4.0,0,44.352104,-18.430307
27353,ds005473,sub-013,9,4.0,2.25,2,-16.774754,-18.792967
27354,ds005473,sub-013,10,7.5,3.25,2,19.247597,-26.189648
27355,ds005473,sub-013,11,4.0,2.0,3,-25.57123,-0.59564644
27356,ds005473,sub-013,12,9.0,4.0,0,36.103416,-14.604529
27357,ds005473,sub-013,13,4.0,2.5,3,-59.368015,-4.02999
27358,ds005473,sub-013,14,8.0,3.5,0,40.80325,-17.429327
27359,ds005473,sub-013,15,2.5,1.25,3,-40.800056,25.890306
27360,ds005473,sub-013,16,6.0,3.0,2,-6.8042955,-26.165268
27361,ds005473,sub-013,17,3.0,2.0,3,-32.815334,18.05862
27362,ds005473,sub-013,18,4.5,2.5,1,1.1800002,16.09673
27363,ds005473,sub-013,19,9.0,3.75,0,49.831257,-17.94696
27364,ds005473,sub-013,20,1.0,1.75,3,-34.857018,17.71828
27365,ds005473,sub-013,21,6.5,3.25,0,40.314117,-8.923044
27366,ds005473,sub-013,22,1.0,2.25,2,-25.948845,-19.441032
27367,ds005473,sub-013,23,0.0,1.25,2,-17.444454,-2.9647067
27368,ds005473,sub-013,24,5.5,3.25,2,11.37858,-19.03595
27369,ds005473,sub-013,25,2.0,2.0,3,-43.13343,24.515207
27370,ds005473,sub-013,26,8.0,3.5,0,36.924175,-14.158252
27371,ds005473,sub-013,27,1.0,1.25,3,-47.84833,23.803753
27372,ds005473,sub-013,28,7.0,3.25,2,22.983541,-17.214663
27373,ds005473,sub-013,29,2.0,1.0,3,-51.38539,-37.49521
27374,ds005473,sub-013,30,9.5,3.75,1,21.625814,14.966072
27375,ds005473,sub-013,31,1.0,1.5,2,-26.667118,-38.76274
27376,ds005473,sub-013,32,2.0,2.75,3,-52.74933,-2.847765
27377,ds005473,sub-013,33,1.0,1.0,3,-56.818867,-17.911299
27378,ds005473,sub-013,34,8.5,4.0,0,46.466667,-18.37632
27379,ds005473,sub-013,35,0.0,1.5,2,-12.266846,-11.045692
27380,ds005473,sub-013,36,6.0,3.0,3,-68.60364,3.845712
27381,ds005473,sub-013,37,1.0,1.0,3,-36.555595,-13.100095
27382,ds005473,sub-013,38,6.0,2.75,3,-49.154537,10.897087
27383,ds005473,sub-013,39,2.0,1.75,1,-16.26925,3.0460353
27384,ds005473,sub-013,40,1.5,2.25,3,-61.90645,-31.711243
27385,ds005473,sub-013,41,8.5,3.75,0,54.675278,-33.788666
27386,ds005473,sub-013,42,1.0,1.25,2,-9.278416,-35.684834
27387,ds005473,sub-013,43,8.0,3.5,0,40.911148,31.136366
27388,ds005473,sub-013,44,1.0,2.0,2,-28.767742,-51.653503
27389,ds005473,sub-013,45,1.5,1.5,3,-74.83549,-14.36097
27390,ds005473,sub-013,46,9.0,3.75,0,39.887287,-18.278269
27391,ds005473,sub-013,47,1.0,2.25,3,-26.729637,3.2671409
27392,ds005473,sub-013,48,8.0,3.5,0,39.125732,-11.342888
27393,ds005473,sub-013,49,2.0,1.25,3,-26.163786,-18.383049
27394,ds005473,sub-013,50,7.0,3.25,1,-14.03439,5.330755
27395,ds005473,sub-013,51,3.0,2.5,3,-50.046417,-7.275683
27396,ds005473,sub-013,52,1.0,2.75,3,-60.87254,14.371965
27397,ds005473,sub-013,53,0.0,1.0,3,-51.19329,11.787678
27398,ds005473,sub-013,54,8.0,3.75,2,24.519693,-17.282036
27399,ds005473,sub-013,55,2.0,2.0,3,-54.846264,-35.12471
27400,ds005473,sub-013,56,6.0,3.0,2,17.319221,-31.15744
27401,ds005473,sub-013,57,1.0,1.5,3,-40.516926,-11.786127
27402,ds005473,sub-013,58,2.0,1.0,3,-65.33525,8.2891445
27403,ds005473,sub-013,59,9.0,4.0,2,13.699666,-10.0861845
27404,ds005473,sub-013,60,4.0,2.75,2,-26.210056,-26.51167
27405,ds005473,sub-013,61,2.0,2.5,3,-62.803062,-24.956154
27406,ds005473,sub-013,62,4.5,2.25,3,-55.331146,-12.1631975
27407,ds005473,sub-013,63,6.0,3.0,2,24.819513,-16.225456
27408,ds005473,sub-013,64,4.5,3.0,1,0.7947949,1.9513664
27409,ds005473,sub-013,65,2.0,1.5,3,-50.38741,20.547207
27410,ds005473,sub-013,66,9.0,4.0,2,32.91563,-18.691853
27411,ds005473,sub-013,67,4.0,1.75,2,-10.500491,-0.53454286
27412,ds005473,sub-013,68,8.5,3.5,0,37.879566,-21.964418
27413,ds005473,sub-013,69,2.5,1.75,2,-22.586102,-42.257217
27414,ds005473,sub-013,70,5.0,2.75,2,-0.5032075,-4.380727
27415,ds005473,sub-013,71,1.0,1.75,3,-75.98051,8.749391
27416,ds005473,sub-013,72,9.0,4.0,2,23.922377,-9.553314
27417,ds005473,sub-013,73,3.0,2.25,3,-52.959766,-11.793569
27418,ds005473,sub-013,74,7.5,3.25,0,39.553574,-11.3700695
27419,ds005473,sub-013,75,4.0,2.0,2,1.4048297,-0.2831895
27420,ds005473,sub-013,76,9.0,4.0,0,60.06652,-19.460415
27421,ds005473,sub-013,77,8.0,2.5,0,32.656586,7.879026
27422,ds005473,sub-013,78,8.5,3.5,0,43.392185,-14.633764
27423,ds005473,sub-013,79,1.0,1.25,3,-38.411392,6.0872374
27424,ds005473,sub-013,80,4.0,3.0,2,-26.725203,-47.87263
27425,ds005473,sub-013,81,2.0,2.0,1,3.8188865,16.384697
27426,ds005473,sub-013,82,5.0,2.5,3,-19.85098,3.4642632
27427,ds005473,sub-013,83,9.0,3.75,2,4.733101,0.43379328
27428,ds005473,sub-013,84,2.0,1.75,3,-46.186424,16.513884
27429,ds005473,sub-013,85,8.0,3.25,2,-6.7411947,0.53849155
27430,ds005473,sub-013,86,0.0,2.25,3,-38.430164,17.88026
27431,ds005473,sub-013,87,1.0,1.25,3,-45.75183,9.472935
27432,ds005473,sub-013,88,7.5,3.25,0,38.921165,-24.921482
27433,ds005473,sub-013,89,2.5,2.0,3,-73.293304,2.9866395
27434,ds005473,sub-013,90,9.0,3.5,2,31.263584,-18.52555
27435,ds005473,sub-013,91,1.0,1.25,1,-24.816547,27.478804
27436,ds005473,sub-013,92,9.0,3.25,0,25.6896,-0.26192066
27437,ds005473,sub-013,93,2.0,1.0,3,-67.37586,-26.357624
27438,ds005473,sub-013,94,2.0,1.5,3,-34.640213,-13.997961
27439,ds005473,sub-013,95,1.0,2.75,2,-7.8815336,-51.21456
27440,ds005473,sub-013,96,0.0,1.0,3,-61.906334,15.750861
27441,ds005473,sub-013,97,9.0,4.0,0,57.120728,-19.12164
27442,ds005473,sub-013,98,1.5,1.5,2,-22.706886,-43.397186
27443,ds005473,sub-013,99,5.0,3.0,1,0.37242964,15.188241
27444,ds005473,sub-013,100,2.0,1.0,3,-30.10626,-11.999007
27445,ds005473,sub-013,101,4.5,2.75,3,-51.66549,16.25242
27446,ds005473,sub-013,102,4.0,1.75,3,-70.83433,26.43995
27447,ds005473,sub-013,103,6.0,2.25,3,-30.887371,-27.090322
27448,ds005473,sub-013,104,9.0,3.75,2,29.231623,-19.146484
27449,ds005473,sub-013,105,0.0,1.25,3,-21.53389,-6.8397655
27450,ds005473,sub-013,106,9.0,3.5,0,38.42022,-19.102293
27451,ds005473,sub-013,107,2.0,2.0,3,-56.237724,-9.663619
27452,ds005473,sub-013,108,3.5,1.5,3,-53.99746,-16.580328
27453,ds005473,sub-013,109,9.0,3.75,2,24.541586,-17.48722
27454,ds005473,sub-013,110,4.0,2.25,2,-31.816347,-45.07714
27455,ds005473,sub-013,111,7.5,3.5,0,35.876614,-14.88883
27456,ds005473,sub-013,112,0.0,1.25,2,-13.527343,-30.871094
27457,ds005473,sub-013,113,6.5,3.25,3,-46.725407,-10.410496
27458,ds005473,sub-013,114,3.0,2.5,3,-47.178703,19.841185
27459,ds005473,sub-013,115,0.0,2.75,1,0.45678753,12.836744
27460,ds005473,sub-013,116,0.0,1.0,1,-28.071642,41.871773
27461,ds005473,sub-013,117,9.0,3.75,0,32.376617,-1.468555
27462,ds005473,sub-013,118,3.5,2.0,3,-49.134266,19.150206
27463,ds005473,sub-013,119,6.0,3.0,3,-63.361065,-32.3462
27464,ds005473,sub-013,120,2.0,1.5,3,-49.80577,-7.764928
27465,ds005473,sub-013,121,1.0,1.0,3,-38.270863,-2.9514248
27466,ds005473,sub-013,122,9.0,4.0,0,38.026028,0.26422974
27467,ds005473,sub-013,123,6.0,2.75,1,-6.828327,46.083797
27468,ds005473,sub-013,124,4.5,2.5,3,-54.69208,-1.0439919
27469,ds005473,sub-013,125,3.5,2.5,3,-23.804853,5.316704
27470,ds005473,sub-013,126,4.0,2.25,2,14.894146,-28.903599
27471,ds005473,sub-013,127,5.0,3.0,2,4.087324,-5.402444
27472,ds005473,sub-014,0,4.5,3.0,2,-5.4887657,-23.625025
27473,ds005473,sub-014,1,2.0,1.5,0,65.19809,-30.685902
27474,ds005473,sub-014,2,10.0,4.0,0,46.61998,37.315723
27475,ds005473,sub-014,3,2.0,1.75,2,-11.113004,-43.08118
27476,ds005473,sub-014,4,8.8,3.5,0,60.982845,-3.6087508
27477,ds005473,sub-014,5,0.0,1.75,2,-10.555715,-53.726448
27478,ds005473,sub-014,6,4.0,2.75,3,-74.80846,0.58410954
27479,ds005473,sub-014,7,1.5,1.75,3,-45.669804,-30.46527
27480,ds005473,sub-014,8,9.8,4.0,0,67.75518,-9.318592
27481,ds005473,sub-014,9,3.0,2.25,2,-22.604794,-42.465725
27482,ds005473,sub-014,10,5.0,3.25,2,2.2979755,-46.570877
27483,ds005473,sub-014,11,6.5,2.0,2,-9.254711,-35.36466
27484,ds005473,sub-014,12,8.0,4.0,0,39.993008,-21.9769
27485,ds005473,sub-014,13,3.0,2.5,3,-66.12893,-15.331201
27486,ds005473,sub-014,14,4.5,3.5,3,-26.96571,9.626366
27487,ds005473,sub-014,15,1.0,1.25,3,-52.23069,15.342327
27488,ds005473,sub-014,16,6.0,3.0,3,-45.398716,19.065983
27489,ds005473,sub-014,17,2.0,2.0,3,-57.731873,-48.74934
27490,ds005473,sub-014,18,3.8,2.5,3,-57.401474,-49.318573
27491,ds005473,sub-014,19,5.0,3.75,0,55.160503,-28.13298
27492,ds005473,sub-014,20,1.5,1.75,3,-46.821968,-51.77111
27493,ds005473,sub-014,21,3.0,3.25,0,64.41437,-29.036448
27494,ds005473,sub-014,22,3.5,2.25,3,-49.010918,24.073486
27495,ds005473,sub-014,23,2.0,1.25,3,-35.45662,3.9845824
27496,ds005473,sub-014,24,5.0,3.25,3,-61.93635,-43.528896
27497,ds005473,sub-014,25,0.0,2.0,3,-17.948595,0.9263298
27498,ds005473,sub-014,26,4.0,3.5,3,-65.95158,-14.74304
27499,ds005473,sub-014,27,3.0,1.25,3,-75.45938,-3.5565333
27500,ds005473,sub-014,28,4.5,3.25,2,20.303835,-20.791647
27501,ds005473,sub-014,29,3.0,1.0,2,17.456598,-59.833355
27502,ds005473,sub-014,30,8.0,3.75,0,41.27673,-24.497444
27503,ds005473,sub-014,31,0.0,1.5,3,-54.091026,-16.117624
27504,ds005473,sub-014,32,3.0,2.75,3,-40.25485,-22.417204
27505,ds005473,sub-014,33,0.0,1.0,3,-57.244675,-50.27112
27506,ds005473,sub-014,34,9.0,4.0,0,58.697094,-0.8787235
27507,ds005473,sub-014,35,0.0,1.5,3,-57.486317,-40.579678
27508,ds005473,sub-014,36,4.0,3.0,0,63.297897,-29.595406
27509,ds005473,sub-014,37,1.0,1.0,3,-51.982456,-36.770493
27510,ds005473,sub-014,38,3.0,2.75,3,-44.84776,6.640612
27511,ds005473,sub-014,39,3.0,1.75,3,-50.099495,28.521503
27512,ds005473,sub-014,40,4.5,2.25,2,-10.839196,-28.7653
27513,ds005473,sub-014,41,5.0,3.75,3,-42.166737,-18.97885
27514,ds005473,sub-014,42,2.0,1.25,3,-39.229336,-3.9681466
27515,ds005473,sub-014,43,6.0,3.5,2,24.681238,-46.729023
27516,ds005473,sub-014,44,3.0,2.0,2,-20.930115,-51.44357
27517,ds005473,sub-014,45,0.0,1.5,3,-34.35097,-28.536016
27518,ds005473,sub-014,46,7.5,3.75,2,17.713593,-59.568737
27519,ds005473,sub-014,47,3.5,2.25,2,-6.794688,-60.705845
27520,ds005473,sub-014,48,5.0,3.5,2,14.040805,-10.253904
27521,ds005473,sub-014,49,1.0,1.25,2,-2.373447,-39.314617
27522,ds005473,sub-014,50,5.5,3.25,2,-3.57507,-38.975452
27523,ds005473,sub-014,51,2.0,2.5,3,-60.129826,8.35486
27524,ds005473,sub-014,52,3.8,2.75,2,-8.214033,-31.183338
27525,ds005473,sub-014,53,0.0,1.0,3,-57.101048,21.007776
27526,ds005473,sub-014,54,8.0,3.75,2,12.626501,-57.46284
27527,ds005473,sub-014,55,1.0,2.0,3,-50.77529,-42.330627
27528,ds005473,sub-014,56,5.5,3.0,3,-49.33528,3.394521
27529,ds005473,sub-014,57,1.0,1.5,3,-54.083435,7.1067276
27530,ds005473,sub-014,58,1.0,1.0,2,-17.138664,-49.717182
27531,ds005473,sub-014,59,9.0,4.0,2,30.57536,-54.552525
27532,ds005473,sub-014,60,4.0,2.75,2,21.973398,-18.907255
27533,ds005473,sub-014,61,0.0,2.5,3,-53.830093,24.91291
27534,ds005473,sub-014,62,2.0,2.5,3,-65.096466,20.791328
27535,ds005473,sub-014,63,3.0,2.25,2,-16.423367,-10.656688
27536,ds005473,sub-014,64,5.0,3.0,2,-0.5657732,-36.660603
27537,ds005473,sub-014,65,5.5,3.0,2,10.975285,-55.363037
27538,ds005473,sub-014,66,4.0,1.5,3,-51.8638,-17.387045
27539,ds005473,sub-014,67,9.9,4.0,0,62.766975,-10.715454
27540,ds005473,sub-014,68,2.0,1.75,3,-34.08607,-22.040663
27541,ds005473,sub-014,69,8.0,3.5,0,64.417046,-11.742247
27542,ds005473,sub-014,70,1.5,1.75,3,-51.397053,28.725245
27543,ds005473,sub-014,71,4.0,2.75,3,-32.83576,-29.14086
27544,ds005473,sub-014,72,1.0,1.75,2,-7.4667826,-32.320156
27545,ds005473,sub-014,73,9.8,4.0,0,58.8437,-0.7267322
27546,ds005473,sub-014,74,2.0,2.25,2,-28.41695,-26.190731
27547,ds005473,sub-014,75,6.0,3.25,2,34.963135,-23.53212
27548,ds005473,sub-014,76,3.5,2.0,2,-1.8090978,-43.70257
27549,ds005473,sub-014,77,8.0,4.0,0,58.884796,-1.323115
27550,ds005473,sub-014,78,4.0,2.5,3,-57.271038,-50.69474
27551,ds005473,sub-014,79,5.0,3.5,2,14.450562,-54.13486
27552,ds005473,sub-014,80,3.0,1.25,3,-50.232338,18.465776
27553,ds005473,sub-014,81,2.8,3.0,0,63.43533,-29.737753
27554,ds005473,sub-014,82,3.0,2.0,3,-42.14295,6.5876985
27555,ds005473,sub-014,83,3.5,2.5,3,-35.45305,-23.110912
27556,ds005473,sub-014,84,7.0,3.75,0,57.55455,-29.182718
27557,ds005473,sub-014,85,3.8,1.75,2,1.7388178,-22.465708
27558,ds005473,sub-014,86,5.0,3.25,2,20.850243,-26.16595
27559,ds005473,sub-014,87,4.0,2.25,3,-24.460514,-13.427565
27560,ds005473,sub-014,88,1.0,1.25,3,-35.728867,9.241597
27561,ds005473,sub-014,89,6.0,3.25,3,-21.142876,-6.5554824
27562,ds005473,sub-014,90,2.0,2.0,1,-27.078978,19.076916
27563,ds005473,sub-014,91,8.2,3.5,2,23.870945,-34.441864
27564,ds005473,sub-014,92,1.5,1.25,0,64.80794,-29.594173
27565,ds005473,sub-014,93,3.0,3.25,3,-47.923515,-40.677296
27566,ds005473,sub-014,94,0.0,1.0,0,65.41063,-29.307564
27567,ds005473,sub-014,95,5.2,3.75,0,62.88149,-30.873724
27568,ds005473,sub-014,96,1.5,1.5,0,63.958073,-28.66465
27569,ds005473,sub-014,97,3.8,2.75,3,-35.351715,-30.530117
27570,ds005473,sub-014,98,2.0,1.0,0,63.40992,-28.808844
27571,ds005473,sub-014,99,8.5,4.0,0,58.33165,-1.1545635
27572,ds005473,sub-014,100,1.0,1.5,1,-26.336906,40.51461
27573,ds005473,sub-014,101,5.0,3.0,0,65.23141,-29.234114
27574,ds005473,sub-014,102,2.0,1.0,2,-11.017677,-30.456158
27575,ds005473,sub-014,103,2.0,2.75,3,-57.202427,-32.759647
27576,ds005473,sub-014,104,1.5,1.75,3,-37.37841,16.615097
27577,ds005473,sub-014,105,1.0,2.25,3,-66.28439,21.795254
27578,ds005473,sub-014,106,4.5,3.75,0,62.915977,-30.798744
27579,ds005473,sub-014,107,1.0,1.25,3,-49.435696,-19.593143
27580,ds005473,sub-014,108,4.0,3.5,0,62.106747,-27.917603
27581,ds005473,sub-014,109,1.0,2.0,2,3.8664904,-16.96969
27582,ds005473,sub-014,110,1.0,1.5,3,-52.24246,-16.580664
27583,ds005473,sub-014,111,7.8,3.75,0,54.10495,-25.20669
27584,ds005473,sub-014,112,3.8,2.25,3,-70.825455,0.6279202
27585,ds005473,sub-014,113,6.0,3.5,2,19.310448,-24.723518
27586,ds005473,sub-014,114,2.0,1.25,3,-28.028996,-20.14111
27587,ds005473,sub-014,115,5.8,3.25,0,57.612846,-29.121119
27588,ds005473,sub-014,116,3.0,2.5,2,1.2163852,-2.7615712
27589,ds005473,sub-014,117,2.0,2.75,0,65.129906,-29.219465
27590,ds005473,sub-014,118,1.0,1.0,2,-25.029976,-55.152866
27591,ds005473,sub-014,119,5.0,3.75,2,14.887057,-36.211033
27592,ds005473,sub-014,120,2.0,2.0,2,-22.574976,-13.204144
27593,ds005473,sub-014,121,1.5,3.0,1,-24.081749,36.048565
27594,ds005473,sub-014,122,1.5,1.5,2,-10.568978,-54.1934
27595,ds005473,sub-014,123,0.0,1.0,3,-31.504644,19.67773
27596,ds005473,sub-014,124,8.8,4.0,0,56.766125,-26.908045
27597,ds005473,sub-014,125,4.0,2.75,3,-63.733856,-12.412192
27598,ds005473,sub-014,126,2.0,2.5,3,-59.105045,-41.184914
27599,ds005473,sub-014,127,2.0,2.5,3,-68.73159,-7.043622
27600,ds005473,sub-014,128,2.0,2.25,3,-35.570454,-33.86708
27601,ds005473,sub-014,129,4.5,3.0,3,-53.988728,-21.04029
27602,ds005473,sub-015,0,5.0,3.0,3,-30.23687,17.243258
27603,ds005473,sub-015,1,4.7,1.5,3,-63.534798,21.108614
27604,ds005473,sub-015,2,8.0,4.0,0,49.46933,-12.616829
27605,ds005473,sub-015,3,2.0,1.75,3,-35.313026,15.52644
27606,ds005473,sub-015,4,5.0,3.5,0,20.163448,2.7085712
27607,ds005473,sub-015,5,1.0,1.75,3,-64.90826,22.577974
27608,ds005473,sub-015,6,4.0,2.75,3,-70.39072,-12.841437
27609,ds005473,sub-015,7,1.5,1.75,3,-48.866356,24.604069
27610,ds005473,sub-015,8,8.0,4.0,0,32.780827,2.7523491
27611,ds005473,sub-015,9,2.5,2.25,3,-56.363815,-32.15168
27612,ds005473,sub-015,10,5.0,3.25,3,-63.98827,5.1770673
27613,ds005473,sub-015,11,1.0,2.0,3,-78.37487,-6.487336
27614,ds005473,sub-015,12,7.5,4.0,2,16.001232,-22.37808
27615,ds005473,sub-015,13,4.0,2.5,1,-12.79587,20.100779
27616,ds005473,sub-015,14,4.5,3.5,1,0.6886196,2.2648282
27617,ds005473,sub-015,15,1.0,1.25,3,-70.13936,-19.215292
27618,ds005473,sub-015,16,4.0,3.0,3,-64.33108,5.018435
27619,ds005473,sub-015,17,3.5,2.0,3,-74.21651,-12.116838
27620,ds005473,sub-015,18,3.0,2.5,3,-79.03332,15.310046
27621,ds005473,sub-015,19,5.0,3.75,1,-41.163486,50.005287
27622,ds005473,sub-015,20,2.0,1.75,3,-66.07306,23.13836
27623,ds005473,sub-015,21,4.0,3.25,2,20.96411,-1.3319501
27624,ds005473,sub-015,22,2.0,2.25,3,-73.50569,-8.85721
27625,ds005473,sub-015,23,0.0,1.25,3,-75.95168,14.086645
27626,ds005473,sub-015,24,4.5,3.25,3,-55.08249,-30.873089
27627,ds005473,sub-015,25,4.0,2.0,1,-12.989575,20.062422
27628,ds005473,sub-015,26,3.5,3.5,3,-63.58692,22.360928
27629,ds005473,sub-015,27,1.0,1.25,3,-63.401806,25.175829
27630,ds005473,sub-015,28,5.0,3.25,3,-75.75632,-1.6067271
27631,ds005473,sub-015,29,1.0,1.0,3,-75.24505,-11.372215
27632,ds005473,sub-015,30,6.0,3.75,2,25.72612,-16.78503
27633,ds005473,sub-015,31,2.0,1.5,3,-72.98392,14.565757
27634,ds005473,sub-015,32,3.5,2.75,3,-58.51693,-34.503586
27635,ds005473,sub-015,33,0.5,1.0,3,-67.893074,22.443602
27636,ds005473,sub-015,34,5.0,4.0,0,44.073082,-13.175569
27637,ds005473,sub-015,35,2.0,1.5,3,-60.57547,-2.2165964
27638,ds005473,sub-015,36,4.0,3.0,2,3.119328,-1.0046417
27639,ds005473,sub-015,37,2.0,1.0,3,-77.98348,-11.514868
27640,ds005473,sub-015,38,4.5,2.75,2,-13.186349,-49.197037
27641,ds005473,sub-015,39,1.0,1.75,3,-68.395454,14.44098
27642,ds005473,sub-015,40,0.0,2.25,3,-77.2721,20.392548
27643,ds005473,sub-015,41,7.0,3.75,0,73.15662,-5.606892
27644,ds005473,sub-015,42,1.0,1.25,3,-65.41788,37.76765
27645,ds005473,sub-015,43,5.0,3.5,0,19.841722,2.7133086
27646,ds005473,sub-015,44,3.5,2.0,3,-68.59563,7.653283
27647,ds005473,sub-015,45,2.5,1.5,3,-75.03814,-1.431817
27648,ds005473,sub-015,46,5.5,3.75,3,-28.900602,13.998002
27649,ds005473,sub-015,47,4.0,2.25,3,-70.673584,-1.8994433
27650,ds005473,sub-015,48,5.0,3.5,0,28.283852,-4.051958
27651,ds005473,sub-015,49,2.5,1.25,3,-74.93663,0.81278765
27652,ds005473,sub-015,50,4.0,3.25,3,-53.468307,17.96054
27653,ds005473,sub-015,51,4.0,2.5,2,-3.5926867,-41.1517
27654,ds005473,sub-015,52,3.5,2.75,3,-65.58033,16.38606
27655,ds005473,sub-015,53,2.0,1.0,3,-68.87624,2.2796178
27656,ds005473,sub-015,54,6.5,3.75,1,9.540281,51.585125
27657,ds005473,sub-015,55,2.0,2.0,3,-45.956276,-40.57542
27658,ds005473,sub-015,56,2.0,3.0,1,-16.195026,60.264362
27659,ds005473,sub-015,57,1.0,1.5,3,-73.63619,-11.313446
27660,ds005473,sub-015,58,0.0,1.0,3,-73.638145,22.263355
27661,ds005473,sub-015,59,7.0,4.0,0,53.58428,-26.78505
27662,ds005473,sub-015,60,4.5,2.75,2,-32.9353,-36.127586
27663,ds005473,sub-015,61,3.0,2.5,3,-72.70008,25.245789
27664,ds005473,sub-015,62,1.0,2.5,3,-67.03607,2.0877094
27665,ds005473,sub-015,63,4.0,2.25,1,-21.376663,60.2184
27666,ds005473,sub-015,64,5.0,3.0,3,-29.392937,12.298059
27667,ds005473,sub-015,65,5.0,3.0,0,44.643112,-15.178092
27668,ds005473,sub-015,66,0.5,1.5,3,-58.63557,1.5650665
27669,ds005473,sub-015,67,7.5,4.0,0,51.781612,-24.877277
27670,ds005473,sub-015,68,1.0,1.75,1,0.8305402,3.2159398
27671,ds005473,sub-015,69,6.5,3.5,0,59.93961,-18.3833
27672,ds005473,sub-015,70,2.0,1.75,3,-76.40823,6.3161645
27673,ds005473,sub-015,71,2.5,2.75,3,-78.60925,19.07287
27674,ds005473,sub-015,72,0.5,1.75,3,-73.8743,-9.213618
27675,ds005473,sub-015,73,8.5,4.0,0,59.49481,-7.196348
27676,ds005473,sub-015,74,4.0,2.25,3,-74.965996,-6.461424
27677,ds005473,sub-015,75,7.0,3.25,0,44.06404,-15.3117485
27678,ds005473,sub-015,76,5.0,2.0,2,-35.36371,-45.536167
27679,ds005473,sub-015,77,8.5,4.0,0,56.707787,-22.218348
27680,ds005473,sub-015,78,4.0,2.5,3,-66.43822,24.838882
27681,ds005473,sub-015,79,7.0,3.5,0,50.719604,-12.931216
27682,ds005473,sub-015,80,0.5,1.25,3,-72.55209,15.091502
27683,ds005473,sub-015,81,4.5,3.0,0,49.714447,-22.795404
27684,ds005473,sub-015,82,4.0,2.0,3,-68.05912,17.327106
27685,ds005473,sub-015,83,3.5,2.5,3,-62.700123,20.833511
27686,ds005473,sub-015,84,6.0,3.75,0,45.507908,-15.217858
27687,ds005473,sub-015,85,0.5,1.75,3,-65.722145,21.098753
27688,ds005473,sub-015,86,4.0,3.25,0,36.112343,-18.978502
27689,ds005473,sub-015,87,2.0,2.25,3,-31.611193,11.971662
27690,ds005473,sub-015,88,2.0,1.25,3,-64.35717,-16.920315
27691,ds005473,sub-015,89,5.0,3.25,1,0.9242499,3.0026574
27692,ds005473,sub-015,90,1.0,2.0,3,-65.206215,16.99451
27693,ds005473,sub-015,91,7.0,3.5,0,59.862095,-18.116688
27694,ds005473,sub-015,92,0.5,1.25,3,-34.247314,12.491139
27695,ds005473,sub-015,93,6.5,3.25,0,46.013054,-14.846498
27696,ds005473,sub-015,94,2.5,1.0,3,-33.534996,-1.9996457
27697,ds005473,sub-015,95,6.5,3.75,0,41.705223,-15.933696
27698,ds005473,sub-015,96,3.0,1.5,1,-11.522214,16.076477
27699,ds005473,sub-015,97,4.0,2.75,2,24.09247,-36.18362
27700,ds005473,sub-015,98,1.0,1.0,2,-29.469389,-27.400671
27701,ds005473,sub-015,99,6.0,4.0,0,77.87647,-5.3087153
27702,ds005473,sub-015,100,0.5,1.5,3,-61.05964,-0.6909371
27703,ds005473,sub-015,101,1.0,3.0,3,-69.18022,0.9193168
27704,ds005473,sub-015,102,0.5,1.0,3,-51.961826,15.191597
27705,ds005473,sub-015,103,3.0,2.75,3,-64.5508,-11.897147
27706,ds005473,sub-015,104,0.0,1.75,3,-44.563835,-34.698826
27707,ds005473,sub-015,105,3.5,2.25,1,20.187168,22.292364
27708,ds005473,sub-015,106,5.0,3.75,0,47.00894,-11.738954
27709,ds005473,sub-015,107,1.0,1.25,3,-75.598274,-13.09593
27710,ds005473,sub-015,108,5.0,3.5,2,29.502567,-19.512323
27711,ds005473,sub-015,109,1.0,2.0,3,-51.436527,-3.4225292
27712,ds005473,sub-015,110,2.0,1.5,3,-63.9493,15.364957
27713,ds005473,sub-015,111,7.5,3.75,0,59.583286,-17.983936
27714,ds005473,sub-015,112,4.0,2.25,3,-56.79891,19.644184
27715,ds005473,sub-015,113,6.5,3.5,0,46.424885,-14.301746
27716,ds005473,sub-015,114,3.0,1.25,3,-44.498585,20.211527
27717,ds005473,sub-015,115,6.0,3.25,0,60.19476,-13.907089
27718,ds005473,sub-015,116,2.0,2.5,3,-56.522488,-32.30634
27719,ds005473,sub-015,117,3.5,2.75,1,-36.223736,34.032784
27720,ds005473,sub-015,118,0.0,1.0,3,-79.06784,6.6668262
27721,ds005473,sub-015,119,6.5,3.75,0,58.717484,-17.729832
27722,ds005473,sub-015,120,2.0,2.0,3,-75.122765,-10.030334
27723,ds005473,sub-015,121,3.5,3.0,2,-7.593176,-32.363594
27724,ds005473,sub-015,122,2.0,1.5,3,-68.05681,22.60269
27725,ds005473,sub-015,123,1.0,1.0,3,-70.10436,5.696307
27726,ds005473,sub-015,124,5.5,4.0,0,59.98251,-18.669039
27727,ds005473,sub-015,125,4.0,2.75,3,-48.701744,16.880468
27728,ds005473,sub-015,126,4.0,2.5,2,23.444008,-22.924297
27729,ds005473,sub-015,127,3.5,2.5,3,-73.94415,29.163626
27730,ds005473,sub-015,128,3.5,2.25,3,-58.565876,26.354383
27731,ds005473,sub-015,129,4.5,3.0,0,50.282875,-20.588257
27732,ds005473,sub-016,0,9.0,3.0,3,-65.81682,-13.29857
27733,ds005473,sub-016,1,6.0,1.5,3,-48.58661,-20.653284
27734,ds005473,sub-016,2,10.0,4.0,2,12.40294,-1.8674719
27735,ds005473,sub-016,3,8.0,1.75,2,-19.42588,-6.696022
27736,ds005473,sub-016,4,5.0,3.5,3,-42.590893,-21.1373
27737,ds005473,sub-016,5,6.0,1.75,3,-61.89932,30.268795
27738,ds005473,sub-016,6,4.0,2.75,3,-31.022888,10.4701805
27739,ds005473,sub-016,7,6.0,1.75,3,-55.028503,26.395977
27740,ds005473,sub-016,8,10.0,4.0,0,59.16058,-22.144674
27741,ds005473,sub-016,9,8.0,2.25,2,43.68454,-40.418934
27742,ds005473,sub-016,10,5.0,3.25,3,-33.293205,-16.947866
27743,ds005473,sub-016,11,4.0,2.0,3,-34.704144,26.151575
27744,ds005473,sub-016,12,10.0,4.0,0,24.87243,-1.5561393
27745,ds005473,sub-016,13,4.0,2.5,3,-53.605858,-18.697647
27746,ds005473,sub-016,14,6.0,3.5,3,-50.003082,-18.776985
27747,ds005473,sub-016,15,3.0,1.25,2,14.353223,-3.696454
27748,ds005473,sub-016,16,5.0,3.0,3,-64.49387,-12.891114
27749,ds005473,sub-016,17,4.0,2.0,1,-20.25708,36.334915
27750,ds005473,sub-016,18,6.0,2.5,3,-52.133358,9.968285
27751,ds005473,sub-016,19,10.0,3.75,0,47.606518,3.9554515
27752,ds005473,sub-016,20,2.0,1.75,3,-32.530342,23.30637
27753,ds005473,sub-016,21,8.0,3.25,3,-45.53772,8.848869
27754,ds005473,sub-016,22,0.0,2.25,3,-65.5533,36.948055
27755,ds005473,sub-016,23,4.0,1.25,2,-9.035574,0.43469524
27756,ds005473,sub-016,24,5.0,3.25,3,-29.598148,7.1451354
27757,ds005473,sub-016,25,6.0,2.0,3,-26.854412,-5.830024
27758,ds005473,sub-016,26,9.0,3.5,0,42.84063,-9.657855
27759,ds005473,sub-016,27,2.0,1.25,3,-35.643723,-1.4919997
27760,ds005473,sub-016,28,8.0,3.25,3,-66.82056,-18.150526
27761,ds005473,sub-016,29,3.0,1.0,3,-72.01522,1.519149
27762,ds005473,sub-016,30,10.0,3.75,2,14.724054,-37.65959
27763,ds005473,sub-016,31,2.0,1.5,3,-34.904427,9.977416
27764,ds005473,sub-016,32,5.0,2.75,3,-52.04626,-47.350494
27765,ds005473,sub-016,33,2.0,1.0,3,-56.272465,22.992088
27766,ds005473,sub-016,34,10.0,4.0,0,47.896584,-12.995928
27767,ds005473,sub-016,35,3.0,1.5,3,-59.658142,25.989574
27768,ds005473,sub-016,36,2.0,3.0,3,-52.793056,39.05207
27769,ds005473,sub-016,37,3.0,1.0,3,-62.16818,-27.580585
27770,ds005473,sub-016,38,4.0,2.75,3,-59.702206,-11.561655
27771,ds005473,sub-016,39,1.0,1.75,3,-55.334663,22.131859
27772,ds005473,sub-016,40,4.0,2.25,3,-45.149296,-20.971327
27773,ds005473,sub-016,41,9.0,3.75,2,37.660095,-36.299095
27774,ds005473,sub-016,42,3.0,1.25,3,-67.74098,22.670816
27775,ds005473,sub-016,43,10.0,3.5,0,49.83501,-34.543953
27776,ds005473,sub-016,44,4.0,2.0,1,-18.743103,57.50298
27777,ds005473,sub-016,45,6.0,1.5,3,-61.964386,-7.388005
27778,ds005473,sub-016,46,10.0,3.75,0,51.84634,7.937104
27779,ds005473,sub-016,47,8.0,2.25,2,-0.87730473,-19.2565
27780,ds005473,sub-016,48,9.0,3.5,2,-17.542736,-55.056282
27781,ds005473,sub-016,49,3.0,1.25,3,-49.846508,4.463035
27782,ds005473,sub-016,50,6.0,3.25,3,-31.593369,15.530395
27783,ds005473,sub-016,51,5.0,2.5,3,-49.7254,-26.86711
27784,ds005473,sub-016,52,8.0,2.75,3,-56.038048,30.391298
27785,ds005473,sub-016,53,1.0,1.0,2,-13.834653,-5.497918
27786,ds005473,sub-016,54,6.0,3.75,2,18.91899,1.6310099
27787,ds005473,sub-016,55,2.0,2.0,3,-68.089226,-4.2378564
27788,ds005473,sub-016,56,4.0,3.0,1,-19.666979,48.156116
27789,ds005473,sub-016,57,2.0,1.5,3,-49.793987,0.9770551
27790,ds005473,sub-016,58,0.0,1.0,3,-47.214653,-4.040181
27791,ds005473,sub-016,59,10.0,4.0,0,54.551094,-10.073278
27792,ds005473,sub-016,60,8.0,2.75,3,-65.44721,-17.343431
27793,ds005473,sub-016,61,5.0,2.5,3,-50.571808,21.471626
27794,ds005473,sub-016,62,8.0,2.5,3,-27.483543,10.814388
27795,ds005473,sub-016,63,9.0,2.25,2,-10.841604,-55.18297
27796,ds005473,sub-016,64,6.0,3.0,3,-47.145267,39.768196
27797,ds005473,sub-016,65,4.0,3.0,3,-55.906715,2.7278905
27798,ds005473,sub-016,66,2.0,1.5,3,-65.279236,8.290261
27799,ds005473,sub-016,67,10.0,4.0,0,42.482872,-4.1718354
27800,ds005473,sub-016,68,1.0,1.75,3,-44.574055,33.0368
27801,ds005473,sub-016,69,6.0,3.5,0,51.414528,-12.844002
27802,ds005473,sub-016,70,3.0,1.75,3,-45.120235,-25.365652
27803,ds005473,sub-016,71,5.0,2.75,2,22.986584,-39.659668
27804,ds005473,sub-016,72,4.0,1.75,3,-46.967228,-2.042437
27805,ds005473,sub-016,73,9.0,4.0,1,32.033337,31.839973
27806,ds005473,sub-016,74,3.0,2.25,3,-36.485287,-8.351106
27807,ds005473,sub-016,75,7.0,3.25,2,2.413017,-6.902697
27808,ds005473,sub-016,76,2.0,2.0,3,-42.198494,-9.387424
27809,ds005473,sub-016,77,10.0,4.0,2,36.09714,-26.353882
27810,ds005473,sub-016,78,4.0,2.5,3,-69.748215,-3.0127327
27811,ds005473,sub-016,79,5.0,3.5,2,0.08100561,-3.5563476
27812,ds005473,sub-016,80,2.0,1.25,3,-70.42853,-5.905788
27813,ds005473,sub-016,81,4.0,3.0,3,-32.316555,-19.433441
27814,ds005473,sub-016,82,1.0,2.0,3,-58.41063,-25.986118
27815,ds005473,sub-016,83,5.0,2.5,3,-26.805838,8.220394
27816,ds005473,sub-016,84,9.0,3.75,0,32.02411,26.899527
27817,ds005473,sub-016,85,4.0,1.75,3,-46.2636,-30.548243
27818,ds005473,sub-016,86,3.0,3.25,1,-15.347279,45.994877
27819,ds005473,sub-016,87,5.0,2.25,3,-77.30234,15.279156
27820,ds005473,sub-016,88,2.0,1.25,3,-56.451714,-21.07398
27821,ds005473,sub-016,89,6.0,3.25,2,23.108555,-38.4041
27822,ds005473,sub-016,90,1.0,2.0,3,-63.018105,-42.05409
27823,ds005473,sub-016,91,5.0,3.5,3,-53.913853,11.461477
27824,ds005473,sub-016,92,0.0,1.25,3,-48.862373,3.6853411
27825,ds005473,sub-016,93,4.0,3.25,3,-35.34423,-25.253191
27826,ds005473,sub-016,94,2.0,1.0,3,-75.83311,-1.6655599
27827,ds005473,sub-016,95,10.0,3.75,2,23.813572,-6.062719
27828,ds005473,sub-016,96,3.0,1.5,1,-24.688017,24.916088
27829,ds005473,sub-016,97,4.0,2.75,1,-13.966907,54.54305
27830,ds005473,sub-016,98,0.0,1.0,3,-46.212,18.567583
27831,ds005473,sub-016,99,9.0,4.0,0,20.179585,3.9961646
27832,ds005473,sub-016,100,1.0,1.5,3,-40.695255,23.639965
27833,ds005473,sub-016,101,6.0,3.0,3,-37.238537,19.22104
27834,ds005473,sub-016,102,0.0,1.0,1,-16.875727,7.284737
27835,ds005473,sub-016,103,2.0,2.75,3,-70.44999,3.5016944
27836,ds005473,sub-016,104,3.0,1.75,2,12.93043,-59.721107
27837,ds005473,sub-016,105,8.0,2.25,3,-42.4989,-34.010303
27838,ds005473,sub-016,106,9.0,3.75,2,-11.705667,-46.1035
27839,ds005473,sub-016,107,1.0,1.25,3,-73.13107,-8.318412
27840,ds005473,sub-016,108,4.0,3.5,3,-48.464436,16.43812
27841,ds005473,sub-016,109,6.0,2.0,3,-44.467373,-27.489344
27842,ds005473,sub-016,110,3.0,1.5,3,-44.782463,9.947779
27843,ds005473,sub-016,111,10.0,3.75,0,53.54643,-26.335897
27844,ds005473,sub-016,112,7.0,3.5,3,-56.90882,-6.5371394
27845,ds005473,sub-016,113,3.0,1.25,3,-48.205936,18.623688
27846,ds005473,sub-016,114,5.0,3.25,3,-33.45028,16.170763
27847,ds005473,sub-016,115,2.0,2.5,3,-75.39829,7.577567
27848,ds005473,sub-016,116,5.0,2.75,3,-48.87012,6.547744
27849,ds005473,sub-016,117,0.0,1.0,3,-73.14843,25.201902
27850,ds005473,sub-016,118,8.0,3.75,1,-16.141912,50.19848
27851,ds005473,sub-016,119,4.0,2.0,3,-55.489902,21.749533
27852,ds005473,sub-016,120,9.0,3.0,3,-76.878494,8.719631
27853,ds005473,sub-016,121,3.0,1.5,3,-63.0356,-40.028427
27854,ds005473,sub-016,122,1.0,1.0,3,-54.892387,-2.4756856
27855,ds005473,sub-016,123,10.0,4.0,2,18.531694,-38.756756
27856,ds005473,sub-016,124,6.0,2.75,3,-48.99817,27.246496
27857,ds005473,sub-016,125,4.0,2.5,3,-71.54834,9.908872
27858,ds005473,sub-016,126,3.0,2.5,3,-42.513737,31.362345
27859,ds005473,sub-016,127,2.0,2.25,3,-41.798367,24.336641
27860,ds005473,sub-016,128,4.0,3.0,3,-55.264675,14.44783
27861,ds005473,sub-017,0,4.0,1.5,3,-57.120773,-50.79839
27862,ds005473,sub-017,1,4.6,1.75,1,-5.8749123,56.79356
27863,ds005473,sub-017,2,9.0,3.5,0,61.138054,28.94317
27864,ds005473,sub-017,3,5.0,1.75,1,20.361395,24.16247
27865,ds005473,sub-017,4,4.9,2.75,1,-10.851195,63.604443
27866,ds005473,sub-017,5,2.0,1.75,3,-75.411446,9.291752
27867,ds005473,sub-017,6,9.4,4.0,1,9.837052,56.808437
27868,ds005473,sub-017,7,4.5,2.25,1,-18.131071,42.015404
27869,ds005473,sub-017,8,6.9,3.25,0,78.780266,-10.19697
27870,ds005473,sub-017,9,1.5,2.0,1,-25.450096,51.44272
27871,ds005473,sub-017,10,5.6,2.5,2,-12.619081,-23.916899
27872,ds005473,sub-017,11,7.3,3.5,0,58.701374,7.0109196
27873,ds005473,sub-017,12,1.0,1.25,3,-74.78527,-12.636199
27874,ds005473,sub-017,13,4.2,3.0,2,-34.132988,-38.51304
27875,ds005473,sub-017,14,2.0,2.0,3,-23.657524,-7.80626
27876,ds005473,sub-017,15,4.2,2.5,2,-8.056974,-29.490496
27877,ds005473,sub-017,16,2.3,1.75,3,-64.370995,10.105859
27878,ds005473,sub-017,17,3.9,3.25,2,18.475197,1.6944889
27879,ds005473,sub-017,18,2.5,2.25,3,-71.42557,-23.293283
27880,ds005473,sub-017,19,1.3,1.25,3,-65.04315,32.460648
27881,ds005473,sub-017,20,3.0,3.25,3,-66.970276,-27.471512
27882,ds005473,sub-017,21,2.3,2.0,3,-62.474197,-39.498844
27883,ds005473,sub-017,22,8.3,3.5,1,15.745599,46.995426
27884,ds005473,sub-017,23,2.0,1.25,3,-47.67558,-2.0629253
27885,ds005473,sub-017,24,7.9,3.25,1,9.38241,56.449875
27886,ds005473,sub-017,25,1.2,1.0,3,-28.637712,16.237156
27887,ds005473,sub-017,26,8.9,3.75,0,50.036343,20.953754
27888,ds005473,sub-017,27,3.4,1.5,2,-0.7333503,-11.296826
27889,ds005473,sub-017,28,4.5,2.75,1,-5.664025,15.450749
27890,ds005473,sub-017,29,1.0,1.0,1,-10.449113,64.369545
27891,ds005473,sub-017,30,1.5,1.5,3,-44.070694,2.2523282
27892,ds005473,sub-017,31,5.6,3.0,3,-42.799995,-0.0396419
27893,ds005473,sub-017,32,1.0,1.0,3,-59.289898,31.549389
27894,ds005473,sub-017,33,4.5,2.75,3,-67.80879,-12.714091
27895,ds005473,sub-017,34,3.2,1.75,2,-35.110367,-48.302483
27896,ds005473,sub-017,35,1.3,2.25,3,-46.968765,1.0508622
27897,ds005473,sub-017,36,2.0,1.25,3,-56.472103,36.832607
27898,ds005473,sub-017,37,7.3,3.5,1,23.396343,29.670708
27899,ds005473,sub-017,38,2.5,2.0,3,-67.24241,0.88583416
27900,ds005473,sub-017,39,2.8,1.5,3,-44.631165,-26.160189
27901,ds005473,sub-017,40,7.0,3.75,1,12.401054,57.88427
27902,ds005473,sub-017,41,5.3,2.25,3,-45.75466,27.85484
27903,ds005473,sub-017,42,7.8,3.5,1,18.788916,46.78801
27904,ds005473,sub-017,43,3.2,1.25,3,-49.207268,1.1083207
27905,ds005473,sub-017,44,4.6,3.25,1,2.1384103,5.2143526
27906,ds005473,sub-017,45,4.0,2.5,1,-39.179535,37.50825
27907,ds005473,sub-017,46,5.2,2.75,3,-23.136967,-2.3891456
27908,ds005473,sub-017,47,3.2,1.0,3,-51.89783,22.520668
27909,ds005473,sub-017,48,5.0,2.0,1,-21.597946,54.672794
27910,ds005473,sub-017,49,5.3,3.0,3,-41.889694,18.233864
27911,ds005473,sub-017,50,3.8,1.5,3,-53.36583,8.310372
27912,ds005473,sub-017,51,1.8,1.0,3,-53.08564,16.833227
27913,ds005473,sub-017,52,8.2,4.0,0,62.38651,-7.9806376
27914,ds005473,sub-017,53,4.3,2.75,3,-69.47531,-17.222685
27915,ds005473,sub-017,54,4.2,2.5,3,-51.443676,-31.639725
27916,ds005473,sub-017,55,6.0,2.5,1,22.277733,12.152704
27917,ds005473,sub-017,56,3.9,2.25,1,-4.395978,36.619915
27918,ds005473,sub-017,57,4.1,3.0,3,-56.786873,0.14588812
27919,ds005473,sub-017,58,6.8,3.0,1,19.277168,48.61301
27920,ds005473,sub-017,59,3.5,1.5,1,-9.522933,23.763077
27921,ds005473,sub-017,60,3.2,1.75,3,-60.80242,3.7677808
27922,ds005473,sub-017,61,6.7,3.5,1,14.536014,45.406845
27923,ds005473,sub-017,62,3.5,1.75,3,-68.09677,11.588904
27924,ds005473,sub-017,63,7.0,2.75,1,-0.3596658,48.79382
27925,ds005473,sub-017,64,3.7,1.75,3,-61.59945,8.315261
27926,ds005473,sub-017,65,3.5,2.25,3,-55.774334,2.678935
27927,ds005473,sub-017,66,5.2,3.25,2,28.735357,-41.874092
27928,ds005473,sub-017,67,3.3,2.0,3,-60.52334,-9.563028
27929,ds005473,sub-017,68,4.5,2.5,2,12.883851,-1.2097428
27930,ds005473,sub-017,69,5.3,3.5,1,10.923244,4.9108887
27931,ds005473,sub-017,70,2.0,1.25,3,-46.708317,-20.96588
27932,ds005473,sub-017,71,4.6,3.0,1,19.938887,18.264784
27933,ds005473,sub-017,72,3.9,2.0,3,-42.54444,-10.333491
27934,ds005473,sub-017,73,5.3,2.5,1,-9.80704,43.030804
27935,ds005473,sub-017,74,7.9,3.75,1,15.213977,50.771404
27936,ds005473,sub-017,75,1.2,1.75,1,-18.407454,34.54583
27937,ds005473,sub-017,76,4.5,3.25,2,-3.0516331,-57.85644
27938,ds005473,sub-017,77,4.3,2.25,3,-47.055336,-52.7312
27939,ds005473,sub-017,78,1.7,1.25,3,-37.913406,28.017326
27940,ds005473,sub-017,79,7.5,3.25,1,2.353454,36.243793
27941,ds005473,sub-017,80,2.0,2.0,3,-54.856087,-9.036327
27942,ds005473,sub-017,81,7.6,3.5,0,32.198383,11.545053
27943,ds005473,sub-017,82,1.5,1.25,1,-11.492271,41.406143
27944,ds005473,sub-017,83,4.7,3.25,1,-20.404694,41.25898
27945,ds005473,sub-017,84,1.8,1.0,3,-49.174614,-49.522274
27946,ds005473,sub-017,85,2.2,1.5,3,-60.96232,-36.00829
27947,ds005473,sub-017,86,4.3,2.75,3,-76.1338,-0.99599123
27948,ds005473,sub-017,87,1.2,1.0,3,-69.95623,33.58276
27949,ds005473,sub-017,88,2.3,1.5,3,-52.878315,-0.792091
27950,ds005473,sub-017,89,4.0,3.0,1,18.864117,31.709633
27951,ds005473,sub-017,90,1.7,1.0,3,-48.572773,32.036373
27952,ds005473,sub-017,91,4.6,2.75,1,33.25217,36.345043
27953,ds005473,sub-017,92,1.2,1.75,3,-48.745487,18.759003
27954,ds005473,sub-017,93,1.3,2.25,3,-54.14048,-45.269257
27955,ds005473,sub-017,94,6.3,3.75,0,55.049564,-3.863276
27956,ds005473,sub-017,95,2.3,1.25,3,-43.89633,-34.03827
27957,ds005473,sub-017,96,5.2,3.5,2,18.447369,-44.380405
27958,ds005473,sub-017,97,1.5,2.0,2,12.958558,-5.532922
27959,ds005473,sub-017,98,1.0,1.5,3,-78.28776,10.430444
27960,ds005473,sub-017,99,6.8,3.75,0,73.455215,-12.35583
27961,ds005473,sub-017,100,4.2,2.25,2,-13.085661,-48.37452
27962,ds005473,sub-017,101,5.7,3.5,1,19.792162,33.711735
27963,ds005473,sub-017,102,3.9,1.25,3,-50.368557,-16.442196
27964,ds005473,sub-017,103,6.7,3.25,0,41.535675,-0.82068026
27965,ds005473,sub-017,104,4.0,2.5,3,-67.44172,-10.989523
27966,ds005473,sub-017,105,4.2,2.75,3,-60.489506,1.3702718
27967,ds005473,sub-017,106,3.7,1.0,0,65.71289,-28.622425
27968,ds005473,sub-017,107,3.3,2.0,3,-66.17025,8.212565
27969,ds005473,sub-017,108,3.2,3.0,3,-49.085213,21.43668
27970,ds005473,sub-017,109,2.9,1.5,3,-30.76928,0.017805541
27971,ds005473,sub-017,110,2.1,1.0,3,-47.310787,-10.39279
27972,ds005473,sub-017,111,3.2,2.75,3,-53.2974,16.840214
27973,ds005473,sub-017,112,3.8,2.5,3,-49.709232,-2.7355523
27974,ds005473,sub-017,113,5.8,2.5,2,-33.14312,-35.849644
27975,ds005473,sub-017,114,4.3,2.25,1,-13.501612,34.69194
27976,ds005473,sub-017,115,4.6,3.0,3,-49.590015,13.251855
27977,ds005473,sub-018,0,8.0,3.0,0,63.670883,7.7053223
27978,ds005473,sub-018,1,5.0,1.5,3,-62.190975,-3.1677766
27979,ds005473,sub-018,2,10.0,4.0,0,63.14617,5.957843
27980,ds005473,sub-018,3,4.0,1.75,2,-14.729371,-23.183624
27981,ds005473,sub-018,4,10.0,3.5,0,62.330246,33.600616
27982,ds005473,sub-018,5,6.0,1.75,1,26.906298,27.90897
27983,ds005473,sub-018,6,7.0,2.75,0,26.332752,2.8469622
27984,ds005473,sub-018,7,5.0,1.75,3,-54.84975,32.563694
27985,ds005473,sub-018,8,10.0,4.0,0,81.49732,16.956648
27986,ds005473,sub-018,9,6.0,2.25,2,-4.2970467,-22.952406
27987,ds005473,sub-018,10,7.0,3.25,0,26.575817,0.03614364
27988,ds005473,sub-018,11,5.0,2.0,2,-28.350193,-26.484362
27989,ds005473,sub-018,12,9.0,4.0,0,65.11302,36.797573
27990,ds005473,sub-018,13,8.0,3.5,1,16.924986,6.8557873
27991,ds005473,sub-018,14,6.0,1.25,1,-19.893814,11.005572
27992,ds005473,sub-018,15,7.0,3.0,2,2.187308,-1.8334332
27993,ds005473,sub-018,16,4.0,2.0,3,-78.32321,-3.5807002
27994,ds005473,sub-018,17,6.0,2.5,2,-4.481687,-23.689621
27995,ds005473,sub-018,18,10.0,3.75,0,55.240715,34.063572
27996,ds005473,sub-018,19,6.0,1.75,2,-3.828895,-24.346613
27997,ds005473,sub-018,20,8.0,3.25,2,-19.68557,-39.67273
27998,ds005473,sub-018,21,4.0,2.25,1,-38.49806,37.357227
27999,ds005473,sub-018,22,3.0,1.25,2,-35.136597,-52.92814
28000,ds005473,sub-018,23,6.0,2.0,2,2.560425,-1.4573263
28001,ds005473,sub-018,24,9.0,3.5,0,48.573593,20.955585
28002,ds005473,sub-018,25,2.0,1.25,3,-21.93179,6.013845
28003,ds005473,sub-018,26,7.0,3.25,2,-25.793459,-42.73225
28004,ds005473,sub-018,27,3.0,1.0,3,-76.11518,15.651411
28005,ds005473,sub-018,28,10.0,3.75,0,64.91082,32.95304
28006,ds005473,sub-018,29,5.0,1.5,1,-24.087158,26.94691
28007,ds005473,sub-018,30,7.0,2.75,2,23.51709,-39.541225
28008,ds005473,sub-018,31,6.0,1.0,3,-64.835365,-8.760551
28009,ds005473,sub-018,32,10.0,4.0,0,62.327183,35.96619
28010,ds005473,sub-018,33,4.0,1.5,2,-13.01221,-1.7206651
28011,ds005473,sub-018,34,7.0,3.0,3,-35.411686,1.1813802
28012,ds005473,sub-018,35,6.0,1.0,3,-77.877235,-7.9660187
28013,ds005473,sub-018,36,8.5,2.75,2,-7.76609,-44.408707
28014,ds005473,sub-018,37,7.0,1.75,2,0.8196608,-26.961876
28015,ds005473,sub-018,38,7.0,2.25,3,-69.39435,7.6475463
28016,ds005473,sub-018,39,9.5,3.75,0,57.02665,34.8564
28017,ds005473,sub-018,40,7.0,1.25,2,-10.322156,-39.84164
28018,ds005473,sub-018,41,9.0,3.5,0,49.58905,21.603127
28019,ds005473,sub-018,42,7.0,2.0,1,1.7389063,53.98938
28020,ds005473,sub-018,43,6.0,1.5,3,-33.136894,10.442813
28021,ds005473,sub-018,44,9.5,3.75,1,9.742854,58.06263
28022,ds005473,sub-018,45,7.0,2.25,2,-2.648595,-24.68463
28023,ds005473,sub-018,46,9.0,3.5,0,50.52081,20.869947
28024,ds005473,sub-018,47,5.0,1.25,3,-76.02445,4.6529655
28025,ds005473,sub-018,48,7.0,3.25,3,-74.3422,-9.102427
28026,ds005473,sub-018,49,7.0,2.5,3,-72.3819,23.587133
28027,ds005473,sub-018,50,8.0,2.75,1,-7.969479,44.841995
28028,ds005473,sub-018,51,4.0,1.0,3,-71.47784,-17.178747
28029,ds005473,sub-018,52,10.0,3.75,0,62.49959,35.35493
28030,ds005473,sub-018,53,6.0,2.0,2,3.5983598,-21.798965
28031,ds005473,sub-018,54,8.0,3.0,0,49.024048,35.73374
28032,ds005473,sub-018,55,7.0,1.5,1,-31.799173,25.771494
28033,ds005473,sub-018,56,7.0,1.0,3,-64.79466,23.564775
28034,ds005473,sub-018,57,9.5,4.0,0,50.678288,21.686314
28035,ds005473,sub-018,58,9.0,2.75,3,-31.974958,24.171627
28036,ds005473,sub-018,59,8.0,2.5,3,-68.539696,-8.560412
28037,ds005473,sub-018,60,8.0,2.5,3,-61.309273,22.815975
28038,ds005473,sub-018,61,7.0,2.25,1,-39.135685,37.439102
28039,ds005473,sub-018,62,8.0,3.0,1,-42.936974,46.045364
28040,ds005473,sub-018,63,7.0,3.0,3,-56.379055,-28.24269
28041,ds005473,sub-018,64,6.0,1.5,3,-59.334976,-15.280186
28042,ds005473,sub-018,65,9.0,4.0,0,51.072025,20.833534
28043,ds005473,sub-018,66,6.0,1.75,3,-60.730938,21.057463
28044,ds005473,sub-018,67,10.0,3.5,0,58.063923,8.355332
28045,ds005473,sub-018,68,6.0,1.75,2,4.2029376,-22.183481
28046,ds005473,sub-018,69,8.0,2.75,0,22.48026,6.6465783
28047,ds005473,sub-018,70,5.0,1.75,3,-33.0797,10.617782
28048,ds005473,sub-018,71,10.0,4.0,0,62.076702,35.530937
28049,ds005473,sub-018,72,8.0,2.25,3,-73.996346,-13.377274
28050,ds005473,sub-018,73,9.0,3.25,0,47.640358,23.0788
28051,ds005473,sub-018,74,7.0,2.0,2,0.973706,-27.238552
28052,ds005473,sub-018,75,10.0,4.0,0,47.337025,22.0494
28053,ds005473,sub-018,76,7.0,2.5,3,-41.80356,36.15687
28054,ds005473,sub-018,77,8.0,3.5,0,49.417698,21.550367
28055,ds005473,sub-018,78,7.0,1.25,2,-2.5144515,-62.983025
28056,ds005473,sub-018,79,8.0,3.0,0,50.228676,8.263207
28057,ds005473,sub-018,80,7.0,2.0,3,-72.932274,1.7393992
28058,ds005473,sub-018,81,8.0,2.5,3,-61.32157,22.297253
28059,ds005473,sub-018,82,9.0,3.75,1,7.0811324,59.820297
28060,ds005473,sub-018,83,6.0,1.75,1,-30.249685,40.16413
28061,ds005473,sub-018,84,9.0,3.25,0,55.54298,3.908706
28062,ds005473,sub-018,85,7.0,2.25,3,-63.988716,22.879826
28063,ds005473,sub-018,86,7.0,1.25,3,-56.03242,7.721016
28064,ds005473,sub-018,87,9.0,3.25,0,48.079403,20.281866
28065,ds005473,sub-018,88,8.0,2.0,3,-61.646614,-3.981921
28066,ds005473,sub-018,89,9.0,3.5,0,60.53578,28.53731
28067,ds005473,sub-018,90,7.0,1.25,3,-70.3428,-11.839588
28068,ds005473,sub-018,91,9.0,3.25,0,49.46824,19.064466
28069,ds005473,sub-018,92,7.0,1.0,3,-74.18365,-17.981895
28070,ds005473,sub-018,93,10.0,3.75,0,62.00758,7.277393
28071,ds005473,sub-018,94,8.0,1.5,2,-13.653956,-40.048008
28072,ds005473,sub-018,95,9.0,2.75,1,21.938984,31.36059
28073,ds005473,sub-018,96,6.0,1.0,3,-65.6866,23.91966
28074,ds005473,sub-018,97,6.0,1.5,3,-77.899155,1.6751156
28075,ds005473,sub-018,98,8.0,3.0,3,-55.10466,-5.9783344
28076,ds005473,sub-018,99,5.0,1.0,3,-54.79751,32.690327
28077,ds005473,sub-018,100,8.0,2.75,3,-53.937984,32.788216
28078,ds005473,sub-018,101,7.0,1.75,3,-49.86134,-40.555862
28079,ds005473,sub-018,102,9.0,2.25,3,-61.078857,-3.9043438
28080,ds005473,sub-018,103,10.0,3.75,0,63.394558,6.4509025
28081,ds005473,sub-018,104,4.0,1.25,1,-18.503538,51.623726
28082,ds005473,sub-018,105,8.0,3.5,0,58.902397,8.627638
28083,ds005473,sub-018,106,7.0,2.0,2,12.887025,-33.67876
28084,ds005473,sub-018,107,8.0,1.5,1,-30.999546,27.061043
28085,ds005473,sub-018,108,9.0,3.75,0,62.653366,33.609776
28086,ds005473,sub-018,109,6.0,2.25,3,-53.77206,-27.045938
28087,ds005473,sub-018,110,9.0,3.5,0,55.834236,11.063765
28088,ds005473,sub-018,111,6.0,1.25,3,-69.82662,-14.528744
28089,ds005473,sub-018,112,8.0,3.25,1,6.0312176,45.249676
28090,ds005473,sub-018,113,7.0,2.5,1,-31.53116,25.537354
28091,ds005473,sub-018,114,7.0,2.75,3,-33.201862,24.091906
28092,ds005473,sub-018,115,6.0,1.0,3,-57.57964,-0.29012474
28093,ds005473,sub-018,116,10.0,3.75,0,67.86162,4.4347115
28094,ds005473,sub-018,117,7.0,2.0,2,-5.878272,0.27779475
28095,ds005473,sub-018,118,9.0,3.0,0,55.019997,2.7946362
28096,ds005473,sub-018,119,6.0,1.5,2,-29.994993,-43.930412
28097,ds005473,sub-018,120,6.0,1.0,3,-54.011395,-32.7061
28098,ds005473,sub-018,121,10.0,4.0,0,56.189228,41.20009
28099,ds005473,sub-018,122,9.0,2.75,3,-71.02655,28.219622
28100,ds005473,sub-018,123,8.0,2.5,2,21.324673,-38.59257
28101,ds005473,sub-018,124,7.0,2.5,3,-75.663605,4.0815535
28102,ds005473,sub-018,125,8.0,2.25,2,-4.4076815,-25.218193
28103,ds005473,sub-018,126,7.0,3.0,2,-14.294051,-42.020267
28104,ds005473,sub-019,0,6.0,3.0,0,55.37465,2.3136501
28105,ds005473,sub-019,1,3.0,1.5,2,22.522257,-41.79174
28106,ds005473,sub-019,2,8.0,4.0,0,58.178753,-20.582626
28107,ds005473,sub-019,3,2.0,1.75,3,-39.942493,-6.991328
28108,ds005473,sub-019,4,5.0,3.5,2,30.645693,-19.812838
28109,ds005473,sub-019,5,4.0,1.75,2,15.632936,-23.708145
28110,ds005473,sub-019,6,4.0,2.75,1,-14.36222,54.69037
28111,ds005473,sub-019,7,3.0,1.75,2,-5.7397103,-18.234001
28112,ds005473,sub-019,8,6.0,4.0,0,64.370575,-16.535955
28113,ds005473,sub-019,9,1.0,2.25,2,-7.9145174,-43.055416
28114,ds005473,sub-019,10,4.0,3.25,0,48.609863,-34.78372
28115,ds005473,sub-019,11,7.0,4.0,0,57.552998,-22.212004
28116,ds005473,sub-019,12,1.0,2.5,2,12.256162,-14.298023
28117,ds005473,sub-019,13,5.0,3.5,0,59.337513,-10.339717
28118,ds005473,sub-019,14,1.0,1.25,2,1.7018833,-23.044966
28119,ds005473,sub-019,15,4.0,3.0,2,20.997076,-10.671167
28120,ds005473,sub-019,16,1.0,2.0,3,-59.789837,40.107433
28121,ds005473,sub-019,17,1.0,2.5,3,-45.746933,2.8219013
28122,ds005473,sub-019,18,7.0,3.75,0,48.216213,-30.020857
28123,ds005473,sub-019,19,1.0,1.75,3,-44.75791,6.7855344
28124,ds005473,sub-019,20,4.0,3.25,0,38.547596,-18.081562
28125,ds005473,sub-019,21,3.0,2.25,2,43.445133,-35.553032
28126,ds005473,sub-019,22,1.0,1.25,1,-14.584652,1.9658512
28127,ds005473,sub-019,23,4.0,3.25,2,35.072205,-21.326818
28128,ds005473,sub-019,24,2.0,2.0,2,-10.258906,-40.522125
28129,ds005473,sub-019,25,4.0,3.5,0,42.64856,-18.790672
28130,ds005473,sub-019,26,3.0,1.25,3,-74.304306,-4.056651
28131,ds005473,sub-019,27,4.0,3.25,2,31.458584,-21.110052
28132,ds005473,sub-019,28,1.0,1.0,2,-30.598846,-49.490612
28133,ds005473,sub-019,29,7.0,3.75,0,48.326122,-14.886238
28134,ds005473,sub-019,30,1.0,1.5,3,-36.613266,20.68641
28135,ds005473,sub-019,31,3.0,2.75,2,-2.9852219,-27.203623
28136,ds005473,sub-019,32,6.0,4.0,0,66.69851,-14.395018
28137,ds005473,sub-019,33,1.0,1.5,3,-47.57829,-24.61219
28138,ds005473,sub-019,34,3.0,3.0,3,-22.98638,-12.344976
28139,ds005473,sub-019,35,1.0,1.0,3,-23.454327,-7.259048
28140,ds005473,sub-019,36,2.0,2.75,3,-38.97541,-19.946297
28141,ds005473,sub-019,37,2.0,1.75,3,-38.25426,-14.511876
28142,ds005473,sub-019,38,3.0,2.25,2,-15.452522,-12.268024
28143,ds005473,sub-019,39,5.0,3.75,0,43.68961,-21.087881
28144,ds005473,sub-019,40,3.0,1.25,3,-39.929764,-19.678448
28145,ds005473,sub-019,41,4.0,3.5,0,44.892006,-5.923435
28146,ds005473,sub-019,42,2.0,2.0,3,-75.9509,-5.1475167
28147,ds005473,sub-019,43,1.0,1.5,3,-56.756546,-38.61561
28148,ds005473,sub-019,44,6.0,3.75,0,45.259983,-30.504368
28149,ds005473,sub-019,45,2.0,2.25,3,-65.30298,27.417356
28150,ds005473,sub-019,46,5.0,3.5,2,19.962076,-0.68572104
28151,ds005473,sub-019,47,0.0,1.25,3,-48.38004,-29.31649
28152,ds005473,sub-019,48,4.0,3.25,2,4.0201664,-37.226505
28153,ds005473,sub-019,49,1.0,2.5,3,-37.2205,18.159437
28154,ds005473,sub-019,50,1.0,2.75,3,-44.863773,-32.367165
28155,ds005473,sub-019,51,1.0,1.0,2,-24.300627,-45.72956
28156,ds005473,sub-019,52,6.0,3.75,0,37.154263,-5.154119
28157,ds005473,sub-019,53,4.0,2.0,2,22.84536,-38.514668
28158,ds005473,sub-019,54,4.0,3.0,3,-40.000195,-22.817429
28159,ds005473,sub-019,55,2.0,1.5,3,-62.11642,-7.1466293
28160,ds005473,sub-019,56,1.0,1.0,3,-30.626028,2.402738
28161,ds005473,sub-019,57,5.0,4.0,0,63.958607,-27.102564
28162,ds005473,sub-019,58,3.0,2.75,2,5.1427164,-30.073963
28163,ds005473,sub-019,59,2.0,2.5,2,-10.337369,-23.371199
28164,ds005473,sub-019,60,1.0,2.5,3,-45.49618,18.488129
28165,ds005473,sub-019,61,1.0,2.25,3,-42.915745,-37.06977
28166,ds005473,sub-019,62,3.0,3.0,2,1.2369052,-32.340363
28167,ds005473,sub-019,63,4.0,2.5,0,46.26119,35.427227
28168,ds005473,sub-019,64,6.0,4.0,0,78.44077,-3.6569376
28169,ds005473,sub-019,65,0.0,2.0,3,-73.858765,-11.972097
28170,ds005473,sub-019,66,7.0,4.5,0,50.78404,-22.218307
28171,ds005473,sub-019,67,3.0,3.25,2,2.280507,-46.48548
28172,ds005473,sub-019,68,2.0,2.25,3,-56.193325,2.6591163
28173,ds005473,sub-019,69,0.0,1.25,3,-66.514565,-26.956505
28174,ds005473,sub-019,70,1.0,3.75,3,-52.436974,-38.339478
28175,ds005473,sub-019,71,5.0,3.5,0,38.428753,-7.7400584
28176,ds005473,sub-019,72,3.0,1.5,2,23.335928,-41.52273
28177,ds005473,sub-019,73,7.0,4.5,0,43.261253,-7.160869
28178,ds005473,sub-019,74,2.0,2.25,3,-55.13717,-49.092903
28179,ds005473,sub-019,75,5.0,3.75,0,51.015438,-34.07962
28180,ds005473,sub-019,76,0.0,1.25,3,-59.28507,25.661758
28181,ds005473,sub-019,77,5.0,4.25,0,39.163155,-20.021694
28182,ds005473,sub-019,78,2.0,2.75,3,-37.571342,-17.613953
28183,ds005473,sub-019,79,1.0,1.5,2,-3.2895815,-6.17314
28184,ds005473,sub-019,80,4.0,3.0,0,44.955135,36.36592
28185,ds005473,sub-019,81,2.0,2.5,1,-5.735674,1.6342834
28186,ds005473,sub-019,82,3.0,3.25,1,10.789312,48.57114
28187,ds005473,sub-019,83,3.0,2.5,3,-26.783386,12.247837
28188,ds005473,sub-019,84,4.0,3.75,2,8.800409,-9.174427
28189,ds005473,sub-019,85,3.0,2.0,3,-26.779062,9.036282
28190,ds005473,sub-019,86,3.0,3.5,2,3.2875717,-26.427952
28191,ds005473,sub-019,87,2.0,2.5,3,-46.116817,-30.279982
28192,ds005473,sub-019,88,5.0,4.25,0,33.783424,-2.427669
28193,ds005473,sub-019,89,2.0,2.5,2,-9.6234,-44.27575
28194,ds005473,sub-019,90,1.0,2.75,2,-11.158473,-56.261593
28195,ds005473,sub-019,91,1.0,1.0,1,-26.045403,35.07919
28196,ds005473,sub-019,92,5.0,4.0,0,63.968582,-27.119865
28197,ds005473,sub-019,93,0.0,1.75,1,-5.545568,2.7094643
28198,ds005473,sub-019,94,1.0,3.25,3,-64.881256,-19.649042
28199,ds005473,sub-019,95,1.0,2.75,3,-38.7894,20.59743
28200,ds005473,sub-019,96,1.0,1.75,3,-37.998222,-1.2884161
28201,ds005473,sub-019,97,5.0,4.0,0,66.40249,-17.759233
28202,ds005473,sub-019,98,4.0,3.25,0,46.236153,1.136274
28203,ds005473,sub-019,99,3.0,1.75,2,-19.249102,-34.27274
28204,ds005473,sub-019,100,2.0,1.0,3,-45.38741,-22.407625
28205,ds005473,sub-019,101,1.0,3.5,2,-16.325706,-9.894642
28206,ds005473,sub-019,102,2.0,2.0,1,-22.00896,59.137318
28207,ds005473,sub-019,103,3.0,3.25,3,-78.87169,9.129953
28208,ds005473,sub-019,104,2.0,2.25,2,-5.13746,-28.09411
28209,ds005473,sub-019,105,6.0,4.5,0,38.831066,3.648601
28210,ds005473,sub-019,106,6.0,3.75,0,37.210136,-21.353973
28211,ds005473,sub-019,107,1.0,1.5,3,-53.45797,4.5255322
28212,ds005473,sub-019,108,2.0,2.75,2,-29.459734,-31.438385
28213,ds005473,sub-019,109,1.0,2.0,3,-60.123936,-30.023493
28214,ds005473,sub-019,110,3.0,2.25,3,-68.37094,-4.19773
28215,ds005473,sub-019,111,5.0,4.25,0,44.41858,-5.7865963
28216,ds005473,sub-019,112,4.0,3.5,2,9.945466,-13.932283
28217,ds005473,sub-019,113,2.0,2.25,2,-20.350286,-54.91094
28218,ds005473,sub-019,114,3.0,3.5,2,-16.985554,-59.303238
28219,ds005473,sub-019,115,1.0,1.25,3,-23.12934,8.616757
28220,ds005473,sub-019,116,6.0,4.25,2,25.748487,-11.906874
28221,ds005473,sub-019,117,1.0,1.25,3,-16.307621,1.1755747
28222,ds005473,sub-019,118,3.0,3.0,3,-58.489323,-30.71857
28223,ds005473,sub-019,119,2.0,1.75,3,-40.53167,-22.710285
28224,ds005473,sub-019,120,7.0,4.5,0,40.57667,8.027479
28225,ds005473,sub-019,121,1.0,1.0,3,-43.383343,-36.523193
28226,ds005473,sub-019,122,5.0,3.75,2,32.053722,-19.733343
28227,ds005473,sub-019,123,0.0,1.75,3,-23.837717,-12.841563
28228,ds005473,sub-019,124,4.0,4.0,0,46.790962,-4.9868
28229,ds005473,sub-019,125,2.0,3.0,2,-14.814397,-55.34712
28230,ds005473,sub-019,126,1.0,2.75,3,-32.183727,-8.396006
28231,ds005473,sub-019,127,0.0,1.25,2,6.025601,-5.6307197
28232,ds005473,sub-019,128,4.0,3.0,0,42.115868,33.917023
28233,ds005473,sub-019,129,2.0,1.5,3,-58.9302,25.647947
28234,ds005473,sub-019,130,3.0,3.0,2,-8.304684,-18.317642
28235,ds005473,sub-019,131,2.0,1.5,3,-23.896706,8.927367
28236,ds005473,sub-019,132,5.0,4.25,2,28.308624,-22.789377
28237,ds005473,sub-019,133,2.0,1.0,3,-45.227947,1.6554471
28238,ds005473,sub-019,134,5.0,4.5,0,31.453762,-15.390944
28239,ds005473,sub-019,135,0.0,1.0,2,-27.529703,-44.33534
28240,ds005473,sub-019,136,1.0,2.0,2,3.339871,-26.455378
28241,ds005473,sub-019,137,5.0,4.0,0,43.742847,-15.495689
28242,ds005473,sub-020,0,4.0,3.0,3,-54.4102,19.641287
28243,ds005473,sub-020,1,5.0,2.5,3,-51.193142,-34.95055
28244,ds005473,sub-020,2,7.0,4.0,3,-56.59801,21.770773
28245,ds005473,sub-020,3,5.5,2.0,3,-72.53186,23.808455
28246,ds005473,sub-020,4,6.0,3.25,3,-63.835865,33.04711
28247,ds005473,sub-020,5,5.0,2.25,2,-13.305335,-20.618114
28248,ds005473,sub-020,6,8.0,3.75,1,5.7289124,4.8449273
28249,ds005473,sub-020,7,3.0,1.25,2,-23.971281,-28.11321
28250,ds005473,sub-020,8,8.0,3.5,3,-49.871964,-25.942738
28251,ds005473,sub-020,9,6.0,1.5,3,-73.2907,14.409101
28252,ds005473,sub-020,10,4.0,2.25,2,-18.812872,-11.994078
28253,ds005473,sub-020,11,6.0,3.75,1,-41.10708,44.42731
28254,ds005473,sub-020,12,5.0,1.25,3,-69.31225,-15.132629
28255,ds005473,sub-020,13,9.0,4.25,2,13.989549,-37.72333
28256,ds005473,sub-020,14,4.5,2.75,2,-27.752016,-22.319487
28257,ds005473,sub-020,15,3.0,1.5,1,-36.84039,38.104893
28258,ds005473,sub-020,16,5.0,3.0,3,-26.710356,-19.053354
28259,ds005473,sub-020,17,5.5,2.5,3,-53.68062,24.834604
28260,ds005473,sub-020,18,6.0,3.25,2,-27.420172,-29.658337
28261,ds005473,sub-020,19,7.0,2.5,3,-63.76644,-13.506766
28262,ds005473,sub-020,20,7.5,3.75,2,-26.442944,-42.253605
28263,ds005473,sub-020,21,8.0,2.0,3,-59.147694,17.392797
28264,ds005473,sub-020,22,3.0,3.5,2,-26.092346,-27.63039
28265,ds005473,sub-020,23,4.5,2.5,1,-9.727484,10.737075
28266,ds005473,sub-020,24,5.5,4.25,0,51.814533,48.881805
28267,ds005473,sub-020,25,5.0,2.5,3,-46.084347,-5.5867167
28268,ds005473,sub-020,26,4.5,2.75,1,-2.1848948,10.502191
28269,ds005473,sub-020,27,1.0,1.0,3,-53.72197,17.142767
28270,ds005473,sub-020,28,8.5,4.0,2,-33.28302,-38.816685
28271,ds005473,sub-020,29,4.0,1.75,3,-75.48037,-13.099281
28272,ds005473,sub-020,30,6.0,3.25,1,6.129278,12.022232
28273,ds005473,sub-020,31,7.0,2.75,3,-28.323694,-0.3685022
28274,ds005473,sub-020,32,4.5,1.75,2,-30.479094,-54.52066
28275,ds005473,sub-020,33,7.5,4.0,1,13.453489,7.016836
28276,ds005473,sub-020,34,0.0,1.75,3,-37.896397,1.5638583
28277,ds005473,sub-020,35,5.0,3.25,3,-33.372562,9.078134
28278,ds005473,sub-020,36,5.0,1.0,3,-38.531715,-28.657494
28279,ds005473,sub-020,37,7.0,3.5,3,-80.49478,11.877708
28280,ds005473,sub-020,38,6.0,2.0,3,-61.368317,-1.6187783
28281,ds005473,sub-020,39,6.5,3.25,3,-64.56511,-27.16588
28282,ds005473,sub-020,40,5.0,2.25,3,-28.645462,-9.539552
28283,ds005473,sub-020,41,8.0,3.75,2,34.72524,-33.934685
28284,ds005473,sub-020,42,2.0,1.5,3,-37.254498,-8.987232
28285,ds005473,sub-020,43,7.5,2.75,3,-58.90842,9.877961
28286,ds005473,sub-020,44,6.0,2.0,3,-53.103813,0.27849376
28287,ds005473,sub-020,45,5.0,2.25,3,-55.323505,-12.305622
28288,ds005473,sub-020,46,9.0,4.25,2,5.71024,-24.627602
28289,ds005473,sub-020,47,7.0,3.5,3,-56.243958,-3.9892132
28290,ds005473,sub-020,48,3.0,2.25,3,-45.880474,39.460434
28291,ds005473,sub-020,49,7.5,3.5,2,-12.368088,-13.273454
28292,ds005473,sub-020,50,1.0,1.25,3,-68.20973,5.52549
28293,ds005473,sub-020,51,9.0,4.25,0,54.430378,-29.119438
28294,ds005473,sub-020,52,0.0,1.25,3,-33.16986,-30.836143
28295,ds005473,sub-020,53,7.0,3.0,3,-58.667515,-7.9981737
28296,ds005473,sub-020,54,4.0,1.75,3,-73.843834,11.536545
28297,ds005473,sub-020,55,3.0,1.0,3,-24.928995,-14.853279
28298,ds005473,sub-020,56,6.0,3.75,3,-54.07325,-32.59629
28299,ds005473,sub-020,57,6.5,1.75,2,-13.960034,-31.857054
28300,ds005473,sub-020,58,5.0,2.75,3,-23.944847,-10.641339
28301,ds005473,sub-020,59,1.0,1.25,3,-57.65011,21.382957
28302,ds005473,sub-020,60,9.0,4.0,2,32.939568,-25.510565
28303,ds005473,sub-020,61,4.0,1.5,3,-60.901363,-46.58274
28304,ds005473,sub-020,62,4.5,3.0,1,-15.096952,33.229477
28305,ds005473,sub-020,63,3.0,1.5,1,-26.551632,28.418617
28306,ds005473,sub-020,64,4.5,1.0,1,-19.90899,30.525024
28307,ds005473,sub-020,65,6.0,3.0,3,-55.25001,45.80863
28308,ds005473,sub-020,66,2.0,1.0,3,-26.10338,8.698116
28309,ds005473,sub-020,67,4.0,2.0,3,-25.03681,-12.906541
28310,ds005473,sub-020,68,8.5,4.0,2,-4.33346,-55.459293
28311,ds005473,sub-020,69,4.5,3.0,3,-46.6521,4.6689944
28312,ds005473,sub-020,70,5.0,2.5,1,-27.597277,19.868471
28313,ds005473,sub-020,71,7.0,4.0,0,32.067863,18.064749
28314,ds005473,sub-020,72,4.5,2.0,3,-40.89088,14.963311
28315,ds005473,sub-020,73,6.0,3.25,3,-25.31541,-13.028972
28316,ds005473,sub-020,74,3.0,2.25,1,-19.414604,34.11819
28317,ds005473,sub-020,75,7.5,3.75,3,-33.976925,-33.53293
28318,ds005473,sub-020,76,4.0,1.25,3,-59.32775,3.502396
28319,ds005473,sub-020,77,7.5,3.5,3,-53.69347,-6.478661
28320,ds005473,sub-020,78,5.0,1.5,3,-57.64233,12.959952
28321,ds005473,sub-020,79,4.5,2.25,3,-52.453697,-41.603924
28322,ds005473,sub-020,80,8.0,3.75,1,-12.294659,25.370882
28323,ds005473,sub-020,81,5.0,1.25,2,-18.352142,-5.7788844
28324,ds005473,sub-020,82,8.0,4.25,1,-2.8667526,46.1331
28325,ds005473,sub-020,83,5.5,2.75,3,-33.227566,23.978876
28326,ds005473,sub-020,84,6.0,1.5,3,-46.228283,-4.268106
28327,ds005473,sub-020,85,7.0,3.0,1,-36.262924,38.796505
28328,ds005473,sub-020,86,5.0,2.5,2,-21.812193,-22.325537
28329,ds005473,sub-020,87,6.0,3.25,3,-51.988,-13.192698
28330,ds005473,sub-020,88,4.0,2.5,3,-41.732887,-29.450197
28331,ds005473,sub-020,89,8.0,3.75,1,27.94929,21.310606
28332,ds005473,sub-020,90,4.0,2.0,2,-16.044151,-11.113718
28333,ds005473,sub-020,91,7.0,3.5,1,-1.8213736,19.043867
28334,ds005473,sub-020,92,7.0,2.5,3,-58.247025,13.388979
28335,ds005473,sub-020,93,9.5,4.25,0,61.922207,-25.729797
28336,ds005473,sub-020,94,5.0,2.5,2,-10.741154,-42.30561
28337,ds005473,sub-020,95,4.5,2.75,3,-61.533638,17.369753
28338,ds005473,sub-020,96,3.0,1.0,3,-58.731155,17.188028
28339,ds005473,sub-020,97,4.0,4.0,2,-14.181795,-21.545284
28340,ds005473,sub-020,98,4.5,1.75,3,-64.41156,-27.039862
28341,ds005473,sub-020,99,6.0,3.25,2,-18.594244,-40.539963
28342,ds005473,sub-020,100,7.0,2.75,1,-2.3952818,20.784733
28343,ds005473,sub-020,101,5.0,1.75,2,-23.08125,-15.812733
28344,ds005473,sub-020,102,9.0,4.0,0,62.68633,-6.23701
28345,ds005473,sub-020,103,6.0,1.75,1,-19.958145,30.397215
28346,ds005473,sub-020,104,5.0,3.25,2,-18.606237,-21.539642
28347,ds005473,sub-020,105,3.0,1.0,3,-45.664974,-17.083252
28348,ds005473,sub-020,106,7.0,3.5,2,-4.491765,-35.5904
28349,ds005473,sub-020,107,4.5,2.0,3,-68.611595,35.446526
28350,ds005473,sub-020,108,6.0,3.25,3,-40.070393,12.778086
28351,ds005473,sub-020,109,3.0,2.25,3,-73.39858,17.736156
28352,ds005473,sub-020,110,8.0,3.75,0,65.8695,-10.825471
28353,ds005473,sub-020,111,5.0,1.5,3,-55.826244,22.918667
28354,ds005473,sub-020,112,6.0,2.75,3,-42.639957,-26.253775
28355,ds005473,sub-020,113,2.0,2.0,3,-48.40381,-15.319729
28356,ds005473,sub-020,114,6.0,2.25,2,2.8407843,-8.428496
28357,ds005473,sub-020,115,7.0,3.5,3,-46.2775,-5.527514
28358,ds005473,sub-020,116,2.0,2.25,1,-15.7690525,4.758092
28359,ds005473,sub-020,117,7.0,3.5,2,-24.946278,-51.894703
28360,ds005473,sub-020,118,1.0,1.25,1,2.1146321,17.025513
28361,ds005473,sub-020,119,9.0,4.25,0,53.411816,-28.451584
28362,ds005473,sub-020,120,5.0,1.25,3,-57.632637,-8.806446
28363,ds005473,sub-020,121,4.5,3.0,1,-6.7861676,27.399443
28364,ds005473,sub-020,122,4.0,1.75,3,-60.85263,19.87946
28365,ds005473,sub-020,123,5.0,1.0,1,-16.76259,28.641956
28366,ds005473,sub-020,124,5.0,3.75,3,-59.92301,12.105217
28367,ds005473,sub-020,125,4.0,1.75,3,-57.87318,17.356009
28368,ds005473,sub-020,126,5.0,2.75,3,-43.02599,39.94684
28369,ds005473,sub-020,127,5.0,1.25,1,-14.664702,9.095156
28370,ds005473,sub-020,128,7.0,4.0,2,-13.550699,-57.909607
28371,ds005473,sub-020,129,5.0,1.5,3,-51.193123,1.4743466
28372,ds005473,sub-020,130,6.0,3.0,3,-38.041225,-35.833084
28373,ds005473,sub-020,131,3.0,1.5,1,-42.222473,42.626335
28374,ds005473,sub-020,132,9.0,4.25,0,75.34938,-8.51605
28375,ds005473,sub-020,133,6.0,1.0,1,-33.049862,38.87843
28376,ds005473,sub-020,134,5.0,3.0,3,-34.583935,-29.325241
28377,ds005473,sub-020,135,3.0,1.0,1,-22.51039,27.817877
28378,ds005473,sub-020,136,5.0,2.0,3,-59.734653,16.248318
28379,ds005473,sub-020,137,8.0,4.0,2,1.7289696,-24.820965
28380,ds005473,sub-021,0,4.0,3.0,3,-61.92008,-43.74121
28381,ds005473,sub-021,1,3.0,1.5,2,3.1252868,-13.727846
28382,ds005473,sub-021,2,7.0,4.0,2,33.386066,-46.889626
28383,ds005473,sub-021,3,6.0,1.75,3,-69.4123,-0.6525311
28384,ds005473,sub-021,4,8.0,3.5,2,-2.0749714,-27.814074
28385,ds005473,sub-021,5,7.0,1.75,3,-53.77316,21.545406
28386,ds005473,sub-021,6,8.0,2.75,3,-43.36162,29.916111
28387,ds005473,sub-021,7,7.0,1.75,2,6.994492,-21.607517
28388,ds005473,sub-021,8,9.0,4.0,0,48.57961,-24.977987
28389,ds005473,sub-021,9,6.0,2.25,3,-54.15115,12.935637
28390,ds005473,sub-021,10,8.0,3.25,0,43.77619,-20.903538
28391,ds005473,sub-021,11,5.0,4.0,2,-26.05692,-35.295647
28392,ds005473,sub-021,12,5.0,2.5,3,-32.93369,19.530426
28393,ds005473,sub-021,13,6.0,3.5,3,-34.832226,5.6205444
28394,ds005473,sub-021,14,5.0,1.25,3,-37.9995,24.06447
28395,ds005473,sub-021,15,6.0,3.0,2,-7.8090262,-21.324423
28396,ds005473,sub-021,16,3.0,2.0,1,-23.888079,35.48886
28397,ds005473,sub-021,17,3.0,2.5,1,-25.24858,20.01791
28398,ds005473,sub-021,18,9.0,3.75,0,41.042427,29.746191
28399,ds005473,sub-021,19,3.0,1.75,1,-28.541914,21.381325
28400,ds005473,sub-021,20,5.0,3.25,2,-26.921362,-21.669462
28401,ds005473,sub-021,21,4.0,2.25,1,-9.199891,2.1083472
28402,ds005473,sub-021,22,3.0,1.25,3,-44.31388,-25.566149
28403,ds005473,sub-021,23,5.0,3.25,1,-7.3767715,46.28077
28404,ds005473,sub-021,24,4.0,1.25,3,-60.021458,-46.411427
28405,ds005473,sub-021,25,6.0,3.25,2,-3.2092662,-31.91037
28406,ds005473,sub-021,26,3.0,1.0,2,-20.092546,-48.09075
28407,ds005473,sub-021,27,9.0,3.75,0,52.83813,-23.073717
28408,ds005473,sub-021,28,5.0,1.5,1,-24.221443,33.44215
28409,ds005473,sub-021,29,4.0,2.75,2,-7.1554356,0.8544485
28410,ds005473,sub-021,30,3.0,1.0,1,-24.392792,15.810033
28411,ds005473,sub-021,31,10.0,4.0,2,32.846874,-22.603199
28412,ds005473,sub-021,32,3.0,1.5,1,-0.81733066,4.1480737
28413,ds005473,sub-021,33,6.0,3.0,1,20.116343,4.2024727
28414,ds005473,sub-021,34,2.0,1.0,2,26.139868,-8.529789
28415,ds005473,sub-021,35,6.0,2.75,2,-37.59936,-44.62941
28416,ds005473,sub-021,36,3.0,1.75,1,-27.662626,19.876993
28417,ds005473,sub-021,37,4.0,2.25,2,-9.270177,-21.591242
28418,ds005473,sub-021,38,8.0,3.75,0,44.574276,-13.462902
28419,ds005473,sub-021,39,4.0,1.25,3,-47.47212,3.0868747
28420,ds005473,sub-021,40,6.0,3.5,0,37.926544,-23.825089
28421,ds005473,sub-021,41,4.0,1.5,2,9.247105,-16.646698
28422,ds005473,sub-021,42,10.0,3.75,0,57.941326,6.2718134
28423,ds005473,sub-021,43,5.0,2.25,2,-1.9997991,-27.736958
28424,ds005473,sub-021,44,9.0,3.5,0,51.062286,35.29116
28425,ds005473,sub-021,45,10.0,3.25,0,51.17728,34.32557
28426,ds005473,sub-021,46,4.0,2.5,3,-76.30844,-17.30682
28427,ds005473,sub-021,47,6.0,2.75,3,-31.139505,22.142975
28428,ds005473,sub-021,48,1.0,1.0,1,-15.5924835,1.2695614
28429,ds005473,sub-021,49,5.0,3.75,0,45.621025,29.908249
28430,ds005473,sub-021,50,3.0,2.0,1,-22.372234,14.643214
28431,ds005473,sub-021,51,7.0,3.0,3,-38.176453,4.16703
28432,ds005473,sub-021,52,3.0,1.5,2,-10.686275,-29.325304
28433,ds005473,sub-021,53,4.0,1.0,3,-36.531597,31.361647
28434,ds005473,sub-021,54,8.0,4.0,0,50.616306,-9.929453
28435,ds005473,sub-021,55,6.0,2.75,2,9.6877365,-1.9838915
28436,ds005473,sub-021,56,5.0,2.5,0,45.67848,-7.4567437
28437,ds005473,sub-021,57,5.0,2.5,3,-56.645603,-39.554966
28438,ds005473,sub-021,58,4.0,2.25,0,29.742186,19.918144
28439,ds005473,sub-021,59,6.0,3.0,1,7.0845575,2.6989841
28440,ds005473,sub-021,60,4.0,3.0,0,45.61375,29.891003
28441,ds005473,sub-021,61,3.0,1.5,3,-61.36171,-44.42128
28442,ds005473,sub-021,62,10.0,4.0,0,58.12424,-20.826649
28443,ds005473,sub-021,63,4.0,1.75,3,-37.931732,24.284529
28444,ds005473,sub-021,64,9.0,3.5,0,51.906,35.186172
28445,ds005473,sub-021,65,5.0,1.75,2,-11.445032,-9.373076
28446,ds005473,sub-021,66,6.0,2.75,2,25.987562,-21.399984
28447,ds005473,sub-021,67,3.0,1.75,1,-20.767456,14.67768
28448,ds005473,sub-021,68,10.0,4.0,0,71.942406,-10.553839
28449,ds005473,sub-021,69,4.0,2.25,1,7.212511,2.6091564
28450,ds005473,sub-021,70,3.0,3.25,2,15.123251,-22.156055
28451,ds005473,sub-021,71,9.0,4.0,0,77.78429,-5.2787952
28452,ds005473,sub-021,72,8.0,2.5,2,15.732557,-11.305912
28453,ds005473,sub-021,73,9.0,3.5,0,79.38523,-9.256063
28454,ds005473,sub-021,74,3.0,1.25,1,-16.208914,40.77018
28455,ds005473,sub-021,75,8.0,3.0,0,34.32656,-17.517288
28456,ds005473,sub-021,76,5.0,2.0,3,-47.93371,26.068161
28457,ds005473,sub-021,77,6.0,2.5,2,-21.593178,-51.147484
28458,ds005473,sub-021,78,10.0,3.75,0,58.656036,5.800556
28459,ds005473,sub-021,79,6.0,1.75,2,-13.006892,-49.53106
28460,ds005473,sub-021,80,6.0,3.25,2,26.099825,-22.317282
28461,ds005473,sub-021,81,4.0,2.25,3,-28.790337,16.184614
28462,ds005473,sub-021,82,3.0,1.25,3,-26.792368,15.5438595
28463,ds005473,sub-021,83,3.0,2.0,3,-39.307255,6.124319
28464,ds005473,sub-021,84,7.0,3.5,0,58.7697,-21.142458
28465,ds005473,sub-021,85,8.0,3.25,2,-1.9547197,-42.436584
28466,ds005473,sub-021,86,0.0,1.0,2,13.584001,-25.21253
28467,ds005473,sub-021,87,9.0,3.75,0,52.379616,-21.112
28468,ds005473,sub-021,88,4.0,1.5,2,-1.0779698,-24.418472
28469,ds005473,sub-021,89,6.0,2.75,0,42.531006,-16.852152
28470,ds005473,sub-021,90,1.0,1.0,2,-15.150128,-34.636623
28471,ds005473,sub-021,91,5.0,1.5,2,-4.8736105,-27.84084
28472,ds005473,sub-021,92,6.0,3.0,3,-34.110413,12.912366
28473,ds005473,sub-021,93,1.0,1.0,3,-57.45535,21.407146
28474,ds005473,sub-021,94,5.0,2.75,0,35.673424,-10.815452
28475,ds005473,sub-021,95,2.0,1.75,3,-53.947273,-15.464256
28476,ds005473,sub-021,96,4.0,2.25,3,-56.13671,1.0166548
28477,ds005473,sub-021,97,9.0,3.75,0,73.56999,8.725652
28478,ds005473,sub-021,98,3.0,1.25,3,-45.057156,31.588486
28479,ds005473,sub-021,99,0.0,2.0,2,-21.364132,-27.649364
28480,ds005473,sub-021,100,2.0,1.5,3,-28.111755,6.947309
28481,ds005473,sub-021,101,8.0,3.75,0,87.10983,0.09091097
28482,ds005473,sub-021,102,7.0,2.25,3,-58.89749,-44.90747
28483,ds005473,sub-021,103,8.0,3.5,0,70.69851,-3.3763876
28484,ds005473,sub-021,104,1.0,1.25,2,-20.098812,-8.190659
28485,ds005473,sub-021,105,7.0,3.25,0,77.0901,-8.012901
28486,ds005473,sub-021,106,5.0,2.5,0,51.060978,37.36884
28487,ds005473,sub-021,107,6.0,2.75,3,-30.654856,10.383615
28488,ds005473,sub-021,108,2.0,1.0,2,12.957097,-59.77631
28489,ds005473,sub-021,109,3.0,2.0,2,1.595951,-10.525941
28490,ds005473,sub-021,110,6.0,3.0,2,-8.49917,-22.55311
28491,ds005473,sub-021,111,3.0,1.5,3,-44.01074,-18.22828
28492,ds005473,sub-021,112,3.0,1.0,3,-55.080093,-40.923065
28493,ds005473,sub-021,113,9.0,4.0,0,75.788795,-5.31288
28494,ds005473,sub-021,114,6.0,2.75,1,-24.762762,16.218094
28495,ds005473,sub-021,115,6.0,2.5,3,-26.420364,12.22942
28496,ds005473,sub-021,116,4.0,2.5,3,-51.045708,26.94358
28497,ds005473,sub-021,117,6.0,2.25,3,-71.62882,9.803383
28498,ds005473,sub-021,118,7.0,3.0,1,5.0774927,3.0490632
28499,ds005473,sub-022,0,4.0,3.0,0,41.461536,-27.236069
28500,ds005473,sub-022,1,3.0,1.5,3,-53.35482,25.496042
28501,ds005473,sub-022,2,6.0,4.0,1,-23.123737,19.90928
28502,ds005473,sub-022,3,2.0,1.75,2,-13.078462,-27.71208
28503,ds005473,sub-022,4,7.0,3.5,1,-18.055208,17.157696
28504,ds005473,sub-022,5,2.0,1.75,3,-37.902725,10.666805
28505,ds005473,sub-022,6,3.0,2.75,3,-29.746744,15.890008
28506,ds005473,sub-022,7,3.0,1.75,3,-39.840794,17.827179
28507,ds005473,sub-022,8,7.0,4.0,2,35.27084,-22.934551
28508,ds005473,sub-022,9,4.0,2.25,3,-55.522697,-47.277702
28509,ds005473,sub-022,10,5.0,3.25,1,-0.9702621,50.873276
28510,ds005473,sub-022,11,3.0,2.0,3,-38.622868,-30.643526
28511,ds005473,sub-022,12,7.0,4.0,0,66.037544,-21.724968
28512,ds005473,sub-022,13,3.0,2.5,3,-40.128872,7.092439
28513,ds005473,sub-022,14,5.0,3.5,0,25.062574,-2.978631
28514,ds005473,sub-022,15,3.0,1.25,3,-36.35413,-20.195358
28515,ds005473,sub-022,16,4.0,3.0,2,-26.461512,-21.164225
28516,ds005473,sub-022,17,5.0,2.0,3,-22.578726,8.110401
28517,ds005473,sub-022,18,6.0,2.5,2,10.827943,-41.755955
28518,ds005473,sub-022,19,7.0,3.75,2,37.063618,-27.722204
28519,ds005473,sub-022,20,1.0,1.75,3,-58.250282,15.025081
28520,ds005473,sub-022,21,4.0,3.25,0,46.027985,-27.632618
28521,ds005473,sub-022,22,4.0,2.25,0,24.402863,-2.308322
28522,ds005473,sub-022,23,2.0,1.25,3,-55.112404,-45.254723
28523,ds005473,sub-022,24,7.0,3.25,0,27.393074,-8.649925
28524,ds005473,sub-022,25,2.0,2.0,3,-48.52855,2.9431877
28525,ds005473,sub-022,26,5.0,3.5,0,65.47669,-18.873226
28526,ds005473,sub-022,27,2.0,1.25,3,-51.07674,-34.710567
28527,ds005473,sub-022,28,5.0,3.25,2,-7.0743375,-37.976055
28528,ds005473,sub-022,29,1.0,1.0,3,-52.82058,27.659058
28529,ds005473,sub-022,30,7.0,3.75,2,26.76873,-18.480902
28530,ds005473,sub-022,31,2.0,1.5,3,-56.811184,2.8764021
28531,ds005473,sub-022,32,3.0,2.75,3,-23.126982,-9.313744
28532,ds005473,sub-022,33,2.0,1.0,2,-26.197855,-46.041824
28533,ds005473,sub-022,34,5.0,4.0,0,47.476273,-30.817675
28534,ds005473,sub-022,35,0.0,1.5,2,2.1637712,-19.289955
28535,ds005473,sub-022,36,4.0,3.0,2,20.95436,-13.345798
28536,ds005473,sub-022,37,1.0,1.0,3,-51.03258,12.981841
28537,ds005473,sub-022,38,2.0,2.75,2,14.7369,-39.43232
28538,ds005473,sub-022,39,1.0,1.75,2,-14.596723,-36.57393
28539,ds005473,sub-022,40,1.0,2.25,3,-30.340456,20.803299
28540,ds005473,sub-022,41,5.0,3.75,0,42.990322,-32.34197
28541,ds005473,sub-022,42,1.0,1.25,3,-64.6032,-16.733503
28542,ds005473,sub-022,43,7.0,3.5,2,24.611607,-10.43071
28543,ds005473,sub-022,44,3.0,2.0,3,-41.889618,-29.323837
28544,ds005473,sub-022,45,1.0,1.5,3,-52.201023,-2.5569878
28545,ds005473,sub-022,46,5.0,3.75,1,-17.563202,15.82366
28546,ds005473,sub-022,47,1.0,2.25,2,23.06425,-20.452486
28547,ds005473,sub-022,48,7.0,3.5,0,39.93342,-26.337523
28548,ds005473,sub-022,49,3.0,1.25,2,3.107064,-16.025959
28549,ds005473,sub-022,50,4.0,3.25,2,39.72611,-36.955956
28550,ds005473,sub-022,51,2.0,2.5,3,-50.956608,-42.27617
28551,ds005473,sub-022,52,1.0,2.75,3,-23.357887,11.775211
28552,ds005473,sub-022,53,1.0,1.0,2,-33.088585,-40.323067
28553,ds005473,sub-022,54,5.0,3.75,0,47.857285,46.72999
28554,ds005473,sub-022,55,1.0,2.0,2,-6.014128,-32.023113
28555,ds005473,sub-022,56,3.0,3.0,0,49.720703,47.14955
28556,ds005473,sub-022,57,0.0,1.5,1,-32.34086,28.89435
28557,ds005473,sub-022,58,2.0,1.0,3,-59.272358,-46.477978
28558,ds005473,sub-022,59,5.0,4.0,2,12.025736,-12.920131
28559,ds005473,sub-022,60,3.0,2.75,2,36.54899,-30.91324
28560,ds005473,sub-022,61,2.0,2.5,2,-5.2790875,-33.896954
28561,ds005473,sub-022,62,3.0,2.5,0,25.869812,9.699145
28562,ds005473,sub-022,63,2.0,2.25,3,-35.09346,-25.682964
28563,ds005473,sub-022,64,5.0,3.0,0,47.751717,-26.388
28564,ds005473,sub-022,65,3.0,2.5,3,-39.530445,0.4858305
28565,ds005473,sub-022,66,5.0,4.0,0,38.599724,-25.482355
28566,ds005473,sub-022,67,2.0,2.0,2,-12.178592,-28.308168
28567,ds005473,sub-022,68,5.0,3.25,2,36.872814,-31.708363
28568,ds005473,sub-022,69,4.0,2.25,3,-29.794352,7.353252
28569,ds005473,sub-022,70,5.0,3.75,0,42.576767,-9.382217
28570,ds005473,sub-022,71,2.0,1.25,3,-66.73095,-19.311628
28571,ds005473,sub-022,72,5.0,3.5,0,42.902405,-32.303112
28572,ds005473,sub-022,73,1.0,1.5,3,-52.723087,-49.98842
28573,ds005473,sub-022,74,1.0,2.25,2,-28.467815,-52.046886
28574,ds005473,sub-022,75,5.0,3.75,2,3.2703042,1.7807547
28575,ds005473,sub-022,76,1.0,1.25,2,21.043129,-22.48771
28576,ds005473,sub-022,77,7.0,4.25,0,46.44097,-26.77166
28577,ds005473,sub-022,78,2.0,2.75,3,-61.64204,-2.001412
28578,ds005473,sub-022,79,1.0,1.5,2,13.803676,-34.172832
28579,ds005473,sub-022,80,4.0,3.0,2,43.59912,-34.157356
28580,ds005473,sub-022,81,3.0,2.5,3,-53.92273,-21.045494
28581,ds005473,sub-022,82,4.0,3.25,0,45.151646,-27.316269
28582,ds005473,sub-022,83,5.0,3.75,0,47.567543,-22.228987
28583,ds005473,sub-022,84,1.0,2.0,3,-63.470787,-29.543621
28584,ds005473,sub-022,85,5.0,3.5,2,22.613855,-10.92258
28585,ds005473,sub-022,86,4.0,2.5,0,32.084698,26.02844
28586,ds005473,sub-022,87,7.0,4.25,0,42.9078,4.7249
28587,ds005473,sub-022,88,2.0,2.5,3,-34.10149,19.939535
28588,ds005473,sub-022,89,2.0,2.75,2,6.5121994,-40.022984
28589,ds005473,sub-022,90,1.0,1.0,3,-55.088387,-48.076626
28590,ds005473,sub-022,91,7.0,4.0,0,38.79737,-25.251152
28591,ds005473,sub-022,92,1.0,1.75,2,-20.750118,-15.379967
28592,ds005473,sub-022,93,4.0,3.25,0,45.880386,-27.365387
28593,ds005473,sub-022,94,3.0,2.75,1,0.5073481,13.008371
28594,ds005473,sub-022,95,2.0,1.75,3,-37.918903,1.3125863
28595,ds005473,sub-022,96,5.0,4.0,0,45.0627,-12.914282
28596,ds005473,sub-022,97,2.0,1.75,3,-62.319244,-28.167585
28597,ds005473,sub-022,98,5.0,3.25,2,38.1403,-32.267784
28598,ds005473,sub-022,99,1.0,1.0,2,-1.2532456,-53.587048
28599,ds005473,sub-022,100,5.0,3.5,2,18.660387,-4.6275225
28600,ds005473,sub-022,101,1.0,2.0,2,-33.109924,-44.199932
28601,ds005473,sub-022,102,5.0,3.25,2,22.540197,-19.823847
28602,ds005473,sub-022,103,3.0,2.25,2,13.479263,-13.100257
28603,ds005473,sub-022,104,6.0,3.75,2,12.600616,-22.484268
28604,ds005473,sub-022,105,2.0,1.5,3,-27.737616,7.3766117
28605,ds005473,sub-022,106,4.0,2.75,0,39.625763,-21.296633
28606,ds005473,sub-022,107,3.0,2.0,3,-52.537525,-51.238514
28607,ds005473,sub-022,108,4.0,2.25,3,-45.197453,-45.217545
28608,ds005473,sub-022,109,7.0,4.25,2,18.369087,-23.71384
28609,ds005473,sub-022,110,7.0,3.5,0,30.24177,-11.373573
28610,ds005473,sub-022,111,1.0,2.25,3,-64.88004,5.056077
28611,ds005473,sub-022,112,5.0,3.5,2,21.109982,-28.782755
28612,ds005473,sub-022,113,1.0,1.25,3,-19.632359,-1.6839764
28613,ds005473,sub-022,114,7.0,4.25,2,24.863121,-23.055586
28614,ds005473,sub-022,115,1.0,1.25,2,-20.750391,-35.00422
28615,ds005473,sub-022,116,5.0,3.0,2,-9.275639,-60.263706
28616,ds005473,sub-022,117,2.0,1.75,3,-45.1663,-28.403181
28617,ds005473,sub-022,118,1.0,1.0,3,-54.00519,-2.4891195
28618,ds005473,sub-022,119,7.0,3.75,0,43.779736,-20.715984
28619,ds005473,sub-022,120,2.0,1.75,3,-64.86204,12.038614
28620,ds005473,sub-022,121,1.0,2.75,2,-20.980618,-19.250574
28621,ds005473,sub-022,122,1.0,1.25,3,-40.30904,-10.9794655
28622,ds005473,sub-022,123,5.0,4.0,2,22.589893,-19.966305
28623,ds005473,sub-022,124,1.0,1.5,3,-68.62862,-6.648433
28624,ds005473,sub-022,125,4.0,3.0,2,20.827925,-16.711428
28625,ds005473,sub-022,126,1.0,1.5,2,-20.935345,-26.663445
28626,ds005473,sub-022,127,7.0,4.25,1,12.097924,19.39063
28627,ds005473,sub-022,128,1.0,1.0,3,-25.183632,-16.048414
28628,ds005473,sub-022,129,2.0,3.0,1,-17.332815,15.389592
28629,ds005473,sub-022,130,1.0,1.0,2,-19.596739,-48.20274
28630,ds005473,sub-022,131,2.0,2.0,3,-33.858425,-28.660477
28631,ds005473,sub-022,132,5.0,4.0,0,46.59798,-31.497335
28632,ds005473,sub-023,0,5.3,3.0,2,5.3440742,-57.588985
28633,ds005473,sub-023,1,4.5,1.5,3,-53.73684,-32.546425
28634,ds005473,sub-023,2,9.0,4.0,3,-60.62375,-27.294184
28635,ds005473,sub-023,3,8.0,1.75,2,12.809645,-33.604897
28636,ds005473,sub-023,4,9.5,3.5,2,27.09337,-28.895758
28637,ds005473,sub-023,5,5.0,1.75,3,-47.54031,-40.963028
28638,ds005473,sub-023,6,6.0,2.75,3,-31.532711,18.058681
28639,ds005473,sub-023,7,5.0,1.75,2,-33.533813,-46.420273
28640,ds005473,sub-023,8,8.0,4.0,2,-25.439812,-43.93696
28641,ds005473,sub-023,9,4.0,2.25,3,-34.22576,-32.62607
28642,ds005473,sub-023,10,4.0,3.25,3,-50.631554,-2.065145
28643,ds005473,sub-023,11,4.0,2.0,2,-27.54072,-44.355038
28644,ds005473,sub-023,12,6.0,4.0,3,-18.482372,1.2692333
28645,ds005473,sub-023,13,3.0,2.5,2,-34.247784,-42.295284
28646,ds005473,sub-023,14,7.0,3.5,3,-41.54085,4.189636
28647,ds005473,sub-023,15,3.0,1.25,2,-5.2354665,-45.0996
28648,ds005473,sub-023,16,6.0,3.0,3,-59.83171,-29.25221
28649,ds005473,sub-023,17,3.0,2.0,3,-60.27105,19.004469
28650,ds005473,sub-023,18,7.5,2.5,2,20.88738,-26.997019
28651,ds005473,sub-023,19,9.5,3.75,1,-22.93647,18.86559
28652,ds005473,sub-023,20,2.0,1.75,3,-54.540447,-16.506615
28653,ds005473,sub-023,21,4.5,3.25,3,-32.01071,8.826371
28654,ds005473,sub-023,22,4.0,2.25,3,-54.830326,-43.13689
28655,ds005473,sub-023,23,1.0,1.25,3,-35.08773,14.346739
28656,ds005473,sub-023,24,6.0,3.25,3,-58.21153,14.881509
28657,ds005473,sub-023,25,6.0,2.0,3,-73.589806,-22.131245
28658,ds005473,sub-023,26,7.5,3.5,1,-18.812397,8.1517105
28659,ds005473,sub-023,27,3.0,1.25,3,-21.331816,0.09450315
28660,ds005473,sub-023,28,7.0,3.25,2,-16.381433,-55.8359
28661,ds005473,sub-023,29,1.0,1.0,3,-57.60576,-26.248186
28662,ds005473,sub-023,30,6.0,3.75,2,-14.063587,-31.796711
28663,ds005473,sub-023,31,4.0,1.5,3,-44.77755,-28.786297
28664,ds005473,sub-023,32,5.0,2.75,3,-32.940975,-11.708494
28665,ds005473,sub-023,33,0.0,1.0,2,-32.864456,-44.189682
28666,ds005473,sub-023,34,8.0,4.0,3,-33.55486,-2.7129288
28667,ds005473,sub-023,35,1.0,1.5,3,-69.224434,-29.779308
28668,ds005473,sub-023,36,5.0,3.0,2,-30.031633,-52.064644
28669,ds005473,sub-023,37,1.0,1.0,1,-0.011385733,13.920506
28670,ds005473,sub-023,38,7.0,2.75,3,-67.528465,-31.268106
28671,ds005473,sub-023,39,0.0,1.75,3,-75.595535,-11.663251
28672,ds005473,sub-023,40,1.0,2.25,3,-67.17536,-35.090683
28673,ds005473,sub-023,41,8.0,3.75,2,-15.619192,-4.8785944
28674,ds005473,sub-023,42,3.0,1.25,1,-1.4604777,13.415091
28675,ds005473,sub-023,43,7.0,3.5,3,-39.15577,-10.490967
28676,ds005473,sub-023,44,2.0,2.0,3,-28.011724,-18.033598
28677,ds005473,sub-023,45,2.0,1.5,3,-52.609097,28.574776
28678,ds005473,sub-023,46,6.0,3.75,3,-29.856691,14.534746
28679,ds005473,sub-023,47,1.0,2.25,3,-43.27793,-30.946005
28680,ds005473,sub-023,48,5.0,3.5,3,-62.75812,-33.341984
28681,ds005473,sub-023,49,1.0,1.25,3,-29.392723,-5.588083
28682,ds005473,sub-023,50,4.0,3.25,3,-62.212162,-26.395697
28683,ds005473,sub-023,51,3.0,2.5,3,-57.35633,-24.712833
28684,ds005473,sub-023,52,5.0,2.75,3,-38.692207,-35.508053
28685,ds005473,sub-023,53,1.0,1.0,3,-38.924698,-35.69831
28686,ds005473,sub-023,54,6.0,3.75,3,-69.82975,-31.777636
28687,ds005473,sub-023,55,4.0,2.0,3,-39.357407,-18.750914
28688,ds005473,sub-023,56,3.0,3.0,3,-38.160336,13.772752
28689,ds005473,sub-023,57,1.0,1.5,2,-28.954826,-39.10199
28690,ds005473,sub-023,58,1.0,1.0,2,-31.776518,-54.8549
28691,ds005473,sub-023,59,8.5,4.0,2,3.2371182,-4.9179006
28692,ds005473,sub-023,60,5.0,2.75,1,-0.334357,15.668115
28693,ds005473,sub-023,61,2.0,2.5,2,-12.361093,-6.960137
28694,ds005473,sub-023,62,4.0,2.5,2,-35.874557,-44.83642
28695,ds005473,sub-023,63,4.0,2.25,2,-11.985789,-35.51212
28696,ds005473,sub-023,64,4.5,3.0,2,-31.7093,-54.835796
28697,ds005473,sub-023,65,4.0,3.0,3,-33.792126,2.9454443
28698,ds005473,sub-023,66,8.0,1.5,3,-41.342194,-40.23801
28699,ds005473,sub-023,67,6.0,4.0,1,-1.1185793,1.9497485
28700,ds005473,sub-023,68,2.0,1.75,3,-63.552895,16.346355
28701,ds005473,sub-023,69,7.0,3.5,2,14.720409,-24.814096
28702,ds005473,sub-023,70,4.0,1.75,3,-51.43608,-23.828186
28703,ds005473,sub-023,71,4.5,2.75,1,-17.864996,4.808634
28704,ds005473,sub-023,72,4.0,1.75,3,-67.825386,-31.173416
28705,ds005473,sub-023,73,9.5,4.0,2,1.4133697,-0.59074247
28706,ds005473,sub-023,74,3.0,2.25,2,-18.824112,-48.56406
28707,ds005473,sub-023,75,5.0,3.25,1,3.093926,13.076782
28708,ds005473,sub-023,76,1.0,2.0,3,-42.57558,23.60595
28709,ds005473,sub-023,77,10.0,4.0,2,18.627876,-23.788158
28710,ds005473,sub-023,78,3.0,2.5,3,-44.231422,-49.416725
28711,ds005473,sub-023,79,9.0,3.5,1,-7.3528056,15.644711
28712,ds005473,sub-023,80,3.0,1.25,2,-27.761122,-44.09958
28713,ds005473,sub-023,81,4.0,3.0,2,-28.49683,-51.27359
28714,ds005473,sub-023,82,0.0,2.0,2,-23.736624,-23.618753
28715,ds005473,sub-023,83,4.5,2.5,3,-51.26185,-36.14884
28716,ds005473,sub-023,84,9.5,3.75,2,5.169794,-2.930871
28717,ds005473,sub-023,85,2.0,1.75,2,-9.649427,-14.690229
28718,ds005473,sub-023,86,6.5,3.25,2,-4.780828,-36.299976
28719,ds005473,sub-023,87,0.0,2.25,3,-65.14243,-32.810444
28720,ds005473,sub-023,88,1.0,1.25,3,-44.147053,-16.089516
28721,ds005473,sub-023,89,6.0,3.25,2,-4.6978364,-31.354015
28722,ds005473,sub-023,90,4.0,2.0,1,-6.607351,13.31555
28723,ds005473,sub-023,91,6.0,3.5,2,16.741045,-14.256454
28724,ds005473,sub-023,92,2.0,1.25,3,-26.96506,-4.279108
28725,ds005473,sub-023,93,3.0,3.25,2,-35.58301,-46.49737
28726,ds005473,sub-023,94,2.0,1.0,3,-71.59222,26.454256
28727,ds005473,sub-023,95,9.0,3.75,3,-25.298529,0.11809707
28728,ds005473,sub-023,96,2.0,1.5,2,-29.429523,-35.043766
28729,ds005473,sub-023,97,4.0,2.75,2,4.004434,-16.929895
28730,ds005473,sub-023,98,0.0,1.0,1,-2.2390301,15.550942
28731,ds005473,sub-023,99,10.0,4.0,2,34.546474,-30.760603
28732,ds005473,sub-023,100,2.0,1.5,1,7.4370084,9.793309
28733,ds005473,sub-023,101,5.0,3.0,3,-17.673117,0.40826526
28734,ds005473,sub-023,102,1.0,1.0,3,-78.598816,-7.252475
28735,ds005473,sub-023,103,5.0,2.75,2,14.791851,-15.146554
28736,ds005473,sub-023,104,4.0,1.75,3,-56.09185,11.28449
28737,ds005473,sub-023,105,0.0,2.25,3,-38.38611,17.720129
28738,ds005473,sub-023,106,7.0,3.75,2,7.6292844,-8.030905
28739,ds005473,sub-023,107,2.0,1.25,3,-39.245007,-10.927445
28740,ds005473,sub-023,108,7.0,3.5,2,-22.045807,-15.131929
28741,ds005473,sub-023,109,1.0,2.0,3,-50.677494,-37.802025
28742,ds005473,sub-023,110,1.0,1.5,3,-63.227745,-16.296392
28743,ds005473,sub-023,111,10.0,3.75,2,-14.052489,-10.014679
28744,ds005473,sub-023,112,1.0,2.25,3,-44.145638,14.994618
28745,ds005473,sub-023,113,8.0,3.5,2,-2.4943628,-25.014174
28746,ds005473,sub-023,114,0.0,1.25,3,-54.978134,-15.134927
28747,ds005473,sub-023,115,7.0,3.25,1,35.237095,57.34371
28748,ds005473,sub-023,116,2.0,2.5,1,-1.4522401,13.23452
28749,ds005473,sub-023,117,4.0,2.75,3,-39.707355,-27.444605
28750,ds005473,sub-023,118,1.0,1.0,3,-69.09866,-26.83266
28751,ds005473,sub-023,119,9.0,3.75,3,-47.586975,-10.562136
28752,ds005473,sub-023,120,1.0,2.0,3,-71.685326,34.96727
28753,ds005473,sub-023,121,4.0,3.0,3,-52.750687,11.945792
28754,ds005473,sub-023,122,2.0,1.5,1,-3.6460922,13.375067
28755,ds005473,sub-023,123,1.0,1.0,2,-32.39476,-51.176258
28756,ds005473,sub-023,124,10.0,4.0,2,12.066086,-10.865244
28757,ds005473,sub-023,125,4.0,2.75,3,-40.28066,23.0293
28758,ds005473,sub-023,126,2.0,2.5,3,-53.402035,-27.428404
28759,ds005473,sub-023,127,3.0,2.5,3,-25.628942,-4.6071157
28760,ds005473,sub-023,128,1.0,2.25,2,-14.421559,-22.412642
28761,ds005473,sub-023,129,3.0,3.0,3,-34.274616,23.671154
28762,ds005473,sub-024,0,0.0,3.0,2,-8.304784,0.605962
28763,ds005473,sub-024,1,0.0,1.5,3,-44.153255,-27.997353
28764,ds005473,sub-024,2,6.0,4.0,2,-2.7874875,-10.634375
28765,ds005473,sub-024,3,4.0,1.75,3,-52.48749,-2.6406772
28766,ds005473,sub-024,4,7.0,3.5,3,-31.65639,16.210733
28767,ds005473,sub-024,5,3.0,1.75,3,-35.258232,-4.258779
28768,ds005473,sub-024,6,2.0,2.75,2,-7.0046687,-26.956352
28769,ds005473,sub-024,7,0.0,1.75,2,14.66868,-6.532707
28770,ds005473,sub-024,8,8.0,4.0,0,68.049515,-10.8275795
28771,ds005473,sub-024,9,2.0,2.25,3,-53.904884,-41.170048
28772,ds005473,sub-024,10,6.0,3.25,0,63.2594,-17.110388
28773,ds005473,sub-024,11,4.0,2.0,2,-6.657122,-27.51036
28774,ds005473,sub-024,12,8.0,4.0,0,50.281548,43.815804
28775,ds005473,sub-024,13,4.0,2.5,3,-70.89506,14.691638
28776,ds005473,sub-024,14,7.0,3.5,0,46.02389,-27.604383
28777,ds005473,sub-024,15,2.0,1.25,2,-11.494828,-17.41224
28778,ds005473,sub-024,16,3.0,3.0,3,-50.893692,-2.50639
28779,ds005473,sub-024,17,4.0,2.0,3,-47.3296,5.174101
28780,ds005473,sub-024,18,6.0,2.5,2,-0.07683725,-41.84913
28781,ds005473,sub-024,19,9.0,3.75,0,54.526077,-16.329802
28782,ds005473,sub-024,20,6.0,1.75,2,-19.442127,-24.78214
28783,ds005473,sub-024,21,7.0,3.25,2,-3.4438317,1.0341958
28784,ds005473,sub-024,22,2.0,2.25,1,-17.514793,18.175343
28785,ds005473,sub-024,23,1.0,1.25,0,47.914413,46.928413
28786,ds005473,sub-024,24,7.0,3.25,3,-58.85806,-40.973606
28787,ds005473,sub-024,25,2.0,2.0,3,-48.13451,0.48754355
28788,ds005473,sub-024,26,9.0,3.5,2,25.339151,-16.103098
28789,ds005473,sub-024,27,1.0,1.25,3,-22.94752,-5.315652
28790,ds005473,sub-024,28,7.0,3.25,1,-13.695738,43.650898
28791,ds005473,sub-024,29,3.0,1.0,3,-54.08121,-48.539577
28792,ds005473,sub-024,30,6.0,3.75,3,-54.634315,-41.708584
28793,ds005473,sub-024,31,0.0,1.5,3,-62.769913,-6.356531
28794,ds005473,sub-024,32,4.0,2.75,3,-32.292213,13.582975
28795,ds005473,sub-024,33,4.0,1.0,3,-35.680725,-20.590868
28796,ds005473,sub-024,34,9.0,4.0,0,49.683483,-16.437132
28797,ds005473,sub-024,35,5.0,1.5,3,-25.155811,-0.7116129
28798,ds005473,sub-024,36,3.0,1.0,2,-12.591403,-3.69493
28799,ds005473,sub-024,37,4.0,2.75,2,29.75739,-30.349575
28800,ds005473,sub-024,38,0.0,1.75,2,-19.808392,-37.461517
28801,ds005473,sub-024,39,3.0,2.25,3,-46.79769,-27.08015
28802,ds005473,sub-024,40,7.0,3.75,0,44.697502,-18.584318
28803,ds005473,sub-024,41,1.0,1.25,3,-43.1321,15.789009
28804,ds005473,sub-024,42,9.0,3.5,0,37.551483,-19.052162
28805,ds005473,sub-024,43,4.0,2.0,3,-46.75629,6.913314
28806,ds005473,sub-024,44,2.0,1.5,2,-26.720356,-51.663765
28807,ds005473,sub-024,45,9.0,3.75,0,79.84477,-8.733874
28808,ds005473,sub-024,46,5.0,2.25,0,44.614254,-25.235975
28809,ds005473,sub-024,47,6.0,3.5,2,-7.8214498,0.66444415
28810,ds005473,sub-024,48,1.0,1.25,3,-47.780273,-24.750486
28811,ds005473,sub-024,49,6.0,3.25,3,-24.56848,-6.4571586
28812,ds005473,sub-024,50,6.0,2.5,2,-14.529859,-48.958275
28813,ds005473,sub-024,51,3.0,2.75,3,-24.871805,-4.234442
28814,ds005473,sub-024,52,0.0,1.0,2,-22.250614,-43.03953
28815,ds005473,sub-024,53,5.0,3.75,2,-10.01506,-44.32655
28816,ds005473,sub-024,54,2.0,2.0,3,-42.890728,-32.484074
28817,ds005473,sub-024,55,7.0,3.0,1,-20.928164,12.773345
28818,ds005473,sub-024,56,5.0,1.5,2,-23.8031,-19.694675
28819,ds005473,sub-024,57,3.0,1.0,3,-35.149433,7.700977
28820,ds005473,sub-024,58,6.0,4.0,3,-53.16083,-47.324646
28821,ds005473,sub-024,59,7.0,2.75,3,-33.770267,3.1650429
28822,ds005473,sub-024,60,6.0,2.5,2,-12.198585,-20.30102
28823,ds005473,sub-024,61,3.0,2.5,2,6.540438,-17.888361
28824,ds005473,sub-024,62,5.0,2.25,2,-16.781471,-51.86193
28825,ds005473,sub-024,63,4.0,3.0,3,-45.700294,10.353736
28826,ds005473,sub-024,64,6.0,3.0,2,16.207512,-23.630085
28827,ds005473,sub-024,65,5.0,1.5,2,-14.937928,-49.2828
28828,ds005473,sub-024,66,10.0,4.0,0,42.677624,-29.890753
28829,ds005473,sub-024,67,3.0,1.75,3,-55.4329,-15.557975
28830,ds005473,sub-024,68,9.0,3.5,0,50.26382,43.993217
28831,ds005473,sub-024,69,2.0,1.75,3,-33.27284,-3.1223314
28832,ds005473,sub-024,70,7.0,2.75,2,-6.54897,-24.869734
28833,ds005473,sub-024,71,5.0,1.75,3,-44.55041,19.919727
28834,ds005473,sub-024,72,10.0,4.0,0,79.94769,-10.12203
28835,ds005473,sub-024,73,7.0,2.25,2,-29.75386,-35.017036
28836,ds005473,sub-024,74,9.0,3.25,2,19.992624,-10.862259
28837,ds005473,sub-024,75,5.0,2.0,2,-2.0444236,-52.054226
28838,ds005473,sub-024,76,6.0,2.5,2,-23.842064,-29.499035
28839,ds005473,sub-024,77,9.0,3.5,0,66.61488,-3.9700274
28840,ds005473,sub-024,78,2.0,1.25,1,-16.88065,3.3751204
28841,ds005473,sub-024,79,7.0,3.0,0,42.471573,-27.209644
28842,ds005473,sub-024,80,9.0,3.75,0,40.770565,-12.470651
28843,ds005473,sub-024,81,2.0,1.75,3,-50.521027,20.622484
28844,ds005473,sub-024,82,9.0,3.25,0,48.236217,-24.0446
28845,ds005473,sub-024,83,1.0,2.25,3,-25.996605,14.719718
28846,ds005473,sub-024,84,5.0,1.25,3,-66.05287,-0.82384
28847,ds005473,sub-024,85,4.0,2.0,3,-48.728962,-20.169344
28848,ds005473,sub-024,86,9.0,3.5,0,49.006958,-31.507183
28849,ds005473,sub-024,87,2.0,1.25,3,-32.219883,22.54566
28850,ds005473,sub-024,88,9.0,3.25,0,59.108097,-22.093456
28851,ds005473,sub-024,89,4.0,1.0,3,-31.879257,0.06327996
28852,ds005473,sub-024,90,9.0,3.75,0,72.98072,-11.690691
28853,ds005473,sub-024,91,5.0,1.5,3,-44.42179,-33.36227
28854,ds005473,sub-024,92,6.0,2.75,2,-30.142323,-43.994026
28855,ds005473,sub-024,93,1.0,1.0,3,-34.111988,19.801111
28856,ds005473,sub-024,94,10.0,4.0,0,75.54407,-9.987583
28857,ds005473,sub-024,95,1.0,1.5,2,-26.691818,-30.81653
28858,ds005473,sub-024,96,6.0,3.0,2,-17.207422,-36.484562
28859,ds005473,sub-024,97,0.0,1.0,1,-9.2242155,1.8814256
28860,ds005473,sub-024,98,1.0,1.75,3,-49.5426,-5.0275464
28861,ds005473,sub-024,99,6.0,2.25,2,-9.072797,-7.626145
28862,ds005473,sub-024,100,9.0,3.75,0,73.42418,-1.1547791
28863,ds005473,sub-024,101,8.0,1.25,2,14.538258,-25.164436
28864,ds005473,sub-024,102,7.0,3.5,0,46.70459,29.579405
28865,ds005473,sub-024,103,4.0,2.0,1,-6.5053053,2.2436438
28866,ds005473,sub-024,104,2.0,1.5,2,-20.10864,-37.54451
28867,ds005473,sub-024,105,9.0,3.75,0,48.86744,-23.970306
28868,ds005473,sub-024,106,5.0,2.25,2,2.1456902,-34.768883
28869,ds005473,sub-024,107,4.0,1.25,3,-38.21772,13.383401
28870,ds005473,sub-024,108,6.0,3.25,2,24.965027,-19.520779
28871,ds005473,sub-024,109,7.0,2.75,3,-48.558254,-37.845615
28872,ds005473,sub-024,110,4.0,1.0,3,-55.82959,-37.542988
28873,ds005473,sub-024,111,10.0,3.75,0,78.58075,-3.5769758
28874,ds005473,sub-024,112,3.0,2.0,2,12.710977,-52.65204
28875,ds005473,sub-024,113,5.0,3.0,2,-4.8889327,-31.144709
28876,ds005473,sub-024,114,0.0,1.5,3,-42.33918,-5.5081344
28877,ds005473,sub-024,115,4.0,1.0,3,-73.351,-22.294552
28878,ds005473,sub-024,116,9.0,4.0,0,60.532036,-23.802776
28879,ds005473,sub-024,117,6.0,2.75,0,50.603645,48.033283
28880,ds005473,sub-024,118,3.0,2.5,3,-50.54125,-19.192617
28881,ds005473,sub-024,119,5.0,2.5,3,-57.211376,-1.88572
28882,ds005473,sub-024,120,4.0,2.25,2,4.1357217,-26.264496
28883,ds005473,sub-025,0,5.0,3.0,1,-22.88085,21.63987
28884,ds005473,sub-025,1,6.0,1.5,3,-46.64853,31.826372
28885,ds005473,sub-025,2,4.0,1.75,3,-64.76396,32.065155
28886,ds005473,sub-025,3,9.0,3.5,1,9.306427,50.97365
28887,ds005473,sub-025,4,3.0,1.75,3,-50.17883,33.513184
28888,ds005473,sub-025,5,5.0,2.75,1,-13.82398,56.890633
28889,ds005473,sub-025,6,2.0,1.75,2,-3.3016007,-28.546204
28890,ds005473,sub-025,7,9.0,4.0,0,34.68585,28.804455
28891,ds005473,sub-025,8,5.0,2.25,3,-52.04769,-2.4168463
28892,ds005473,sub-025,9,6.0,3.25,1,18.054523,14.323385
28893,ds005473,sub-025,10,4.0,2.0,1,-15.6225,57.287598
28894,ds005473,sub-025,11,8.0,4.0,0,78.47912,-1.4371799
28895,ds005473,sub-025,12,6.0,2.5,3,-38.48577,24.474867
28896,ds005473,sub-025,13,8.0,3.5,0,63.216938,27.098549
28897,ds005473,sub-025,14,5.0,1.25,3,-58.97775,-37.25825
28898,ds005473,sub-025,15,5.0,3.0,3,-74.68337,-1.4932886
28899,ds005473,sub-025,16,4.0,2.0,3,-45.045124,-5.574949
28900,ds005473,sub-025,17,5.0,2.5,3,-44.86889,-6.0189147
28901,ds005473,sub-025,18,7.0,3.75,0,23.373137,9.723528
28902,ds005473,sub-025,19,4.0,1.75,3,-70.28065,-11.743649
28903,ds005473,sub-025,20,7.0,3.25,1,-15.17264,48.028236
28904,ds005473,sub-025,21,5.0,2.25,3,-53.33459,-14.277076
28905,ds005473,sub-025,22,3.0,1.25,3,-53.974854,32.74503
28906,ds005473,sub-025,23,7.0,3.25,1,3.2808204,3.0623045
28907,ds005473,sub-025,24,4.0,2.0,1,-15.581546,62.10415
28908,ds005473,sub-025,25,6.0,3.5,0,39.089382,23.096525
28909,ds005473,sub-025,26,3.0,1.25,3,-57.03608,24.859797
28910,ds005473,sub-025,27,6.0,3.25,3,-38.476406,21.516975
28911,ds005473,sub-025,28,4.0,1.0,3,-61.399914,-1.9849784
28912,ds005473,sub-025,29,9.0,3.75,0,65.37891,28.95782
28913,ds005473,sub-025,30,5.0,1.5,3,-67.01011,-15.029836
28914,ds005473,sub-025,31,4.0,2.75,3,-65.217384,31.629215
28915,ds005473,sub-025,32,3.0,1.0,3,-62.02521,27.473309
28916,ds005473,sub-025,33,8.0,4.0,0,63.580765,28.290375
28917,ds005473,sub-025,34,5.0,1.5,3,-54.061275,13.6068
28918,ds005473,sub-025,35,6.0,3.0,2,7.3893237,-13.973987
28919,ds005473,sub-025,36,2.0,1.0,1,-24.406378,19.059734
28920,ds005473,sub-025,37,5.0,2.75,3,-44.079605,-33.95203
28921,ds005473,sub-025,38,2.0,1.75,2,6.1554446,-53.005276
28922,ds005473,sub-025,39,3.0,2.25,3,-54.658894,-23.071245
28923,ds005473,sub-025,40,8.0,3.75,0,59.390167,25.412733
28924,ds005473,sub-025,41,2.0,1.25,3,-44.775078,-33.918697
28925,ds005473,sub-025,42,7.0,3.5,0,65.28002,20.069664
28926,ds005473,sub-025,43,2.0,2.0,3,-45.18841,33.25197
28927,ds005473,sub-025,44,4.825396825,1.5,1,-13.180512,6.1785984
28928,ds005473,sub-025,45,9.0,3.75,0,63.50196,38.72867
28929,ds005473,sub-025,46,4.825396825,2.25,1,-15.602953,57.036095
28930,ds005473,sub-025,47,6.0,3.5,1,-11.740742,60.650414
28931,ds005473,sub-025,48,1.0,1.25,1,-0.3174493,1.7630725
28932,ds005473,sub-025,49,2.0,3.25,1,-15.835958,23.925077
28933,ds005473,sub-025,50,3.0,2.5,3,-31.244614,-20.808622
28934,ds005473,sub-025,51,3.0,2.75,3,-41.8033,-29.444641
28935,ds005473,sub-025,52,1.0,1.0,3,-66.73872,13.441501
28936,ds005473,sub-025,53,9.0,3.75,0,63.901707,28.52811
28937,ds005473,sub-025,54,5.0,2.0,3,-33.641678,20.895042
28938,ds005473,sub-025,55,5.0,3.0,3,-52.20044,10.064262
28939,ds005473,sub-025,56,3.0,1.5,3,-40.284508,9.139437
28940,ds005473,sub-025,57,1.0,1.0,3,-74.69866,-12.976434
28941,ds005473,sub-025,58,7.0,4.0,1,34.628838,46.0698
28942,ds005473,sub-025,59,5.0,2.75,3,-78.86339,6.493241
28943,ds005473,sub-025,60,5.0,2.5,1,-17.821064,8.345898
28944,ds005473,sub-025,61,3.0,2.5,3,-57.404846,2.9355516
28945,ds005473,sub-025,62,1.0,2.25,3,-61.657177,21.363567
28946,ds005473,sub-025,63,1.0,3.0,1,16.16885,31.598177
28947,ds005473,sub-025,64,5.0,3.0,2,-6.6197095,-26.912071
28948,ds005473,sub-025,65,4.0,1.5,3,-37.967094,-0.8831758
28949,ds005473,sub-025,66,9.0,4.0,0,36.92982,11.121406
28950,ds005473,sub-025,67,2.0,1.75,1,-8.028697,21.984451
28951,ds005473,sub-025,68,8.0,3.5,2,6.4675994,0.74172884
28952,ds005473,sub-025,69,1.0,1.75,3,-75.876915,-5.0974946
28953,ds005473,sub-025,70,3.0,2.75,3,-36.58647,25.778027
28954,ds005473,sub-025,71,2.0,1.75,2,-25.890406,-33.037796
28955,ds005473,sub-025,72,6.0,4.0,1,13.670728,14.735727
28956,ds005473,sub-025,73,5.0,2.25,3,-54.38801,17.464716
28957,ds005473,sub-025,74,5.0,3.25,1,-8.947734,64.883354
28958,ds005473,sub-025,75,3.0,2.0,3,-72.5356,-28.793306
28959,ds005473,sub-025,76,9.0,4.0,0,68.52437,28.230509
28960,ds005473,sub-025,77,1.0,2.5,3,-49.09637,32.034813
28961,ds005473,sub-025,78,8.0,3.5,0,43.283512,-10.062471
28962,ds005473,sub-025,79,1.0,1.25,3,-53.41972,-4.6739397
28963,ds005473,sub-025,80,5.0,3.0,1,-19.182486,34.586216
28964,ds005473,sub-025,81,1.0,2.0,3,-45.682953,21.790176
28965,ds005473,sub-025,82,2.0,2.5,3,-43.295494,19.961384
28966,ds005473,sub-025,83,8.0,3.75,1,39.039726,49.61551
28967,ds005473,sub-025,84,4.0,1.75,3,-76.0303,20.651577
28968,ds005473,sub-025,85,6.0,3.25,2,-32.044483,-43.90898
28969,ds005473,sub-025,86,4.0,2.25,3,-53.940243,-43.185726
28970,ds005473,sub-025,87,4.0,1.25,3,-45.65915,-32.055286
28971,ds005473,sub-025,88,7.0,3.25,0,51.75438,9.598619
28972,ds005473,sub-025,89,2.0,2.0,3,-39.483036,-1.5818815
28973,ds005473,sub-025,90,8.0,3.5,0,64.94134,27.273777
28974,ds005473,sub-025,91,3.0,1.25,2,-14.197039,-2.794804
28975,ds005473,sub-025,92,5.0,3.25,3,-65.61963,12.800328
28976,ds005473,sub-025,93,1.0,1.0,3,-73.698875,28.330002
28977,ds005473,sub-025,94,7.0,3.75,0,41.94032,35.575005
28978,ds005473,sub-025,95,2.0,1.5,3,-70.90692,11.499074
28979,ds005473,sub-025,96,3.0,2.75,3,-69.02697,17.987362
28980,ds005473,sub-025,97,1.0,1.0,1,-14.588324,58.591278
28981,ds005473,sub-025,98,2.0,1.5,3,-63.844353,24.260567
28982,ds005473,sub-025,99,5.0,3.0,1,-9.896401,18.44421
28983,ds005473,sub-025,100,1.0,1.0,3,-72.82816,-12.201208
28984,ds005473,sub-025,101,4.0,2.75,3,-40.290997,2.5022705
28985,ds005473,sub-025,102,1.0,1.75,3,-52.105827,-32.73848
28986,ds005473,sub-025,103,5.0,2.25,3,-48.878956,-6.692708
28987,ds005473,sub-025,104,7.0,3.75,0,34.729847,28.818611
28988,ds005473,sub-025,105,4.0,1.25,3,-78.38868,-15.635941
28989,ds005473,sub-025,106,7.0,3.5,0,38.588108,-17.953442
28990,ds005473,sub-025,107,1.0,2.0,2,0.45465684,-2.6305761
28991,ds005473,sub-025,108,1.0,1.5,2,-10.534986,-12.565047
28992,ds005473,sub-025,109,6.0,3.75,1,16.669727,12.993957
28993,ds005473,sub-025,110,2.0,2.25,3,-66.89189,34.1288
28994,ds005473,sub-025,111,6.0,3.5,1,-21.051836,51.51435
28995,ds005473,sub-025,112,1.0,1.25,3,-46.53545,7.015843
28996,ds005473,sub-025,113,6.0,3.25,1,1.7960184,27.568428
28997,ds005473,sub-025,114,4.0,2.5,3,-53.77256,32.105312
28998,ds005473,sub-025,115,3.0,2.75,3,-75.29763,-12.801826
28999,ds005473,sub-025,116,2.0,1.0,3,-68.64047,4.6143923
29000,ds005473,sub-025,117,7.0,3.75,0,70.8047,17.180696
29001,ds005473,sub-025,118,2.0,2.0,3,-70.82262,5.947816
29002,ds005473,sub-025,119,5.0,3.0,1,-1.1466249,4.176562
29003,ds005473,sub-025,120,3.0,1.5,3,-51.242817,41.497337
29004,ds005473,sub-025,121,1.0,1.0,1,-23.253548,56.776196
29005,ds005473,sub-025,122,8.0,4.0,0,61.55667,28.277128
29006,ds005473,sub-025,123,6.0,2.75,3,-65.25592,34.834347
29007,ds005473,sub-025,124,5.0,2.5,2,-16.900791,-41.889935
29008,ds005473,sub-025,125,4.0,2.5,3,-70.11266,-10.612521
29009,ds005473,sub-025,126,1.0,2.25,3,-40.429413,37.338985
29010,ds005473,sub-025,127,4.0,3.0,0,25.506172,1.2712169
29011,ds005473,sub-026,0,4.0,3.0,3,-65.23202,29.503668
29012,ds005473,sub-026,1,5.0,2.5,3,-78.669624,-4.419378
29013,ds005473,sub-026,2,5.0,2.0,1,-11.364899,64.86822
29014,ds005473,sub-026,3,6.0,2.25,3,-78.783226,18.812832
29015,ds005473,sub-026,4,4.0,1.25,3,-54.51862,44.701954
29016,ds005473,sub-026,5,10.0,3.5,1,37.226593,46.45664
29017,ds005473,sub-026,6,3.0,1.5,3,-78.28852,-11.972427
29018,ds005473,sub-026,7,6.0,2.25,3,-66.95171,24.826937
29019,ds005473,sub-026,8,5.0,1.25,3,-79.53966,-3.065903
29020,ds005473,sub-026,9,7.0,2.75,3,-46.177437,-34.029556
29021,ds005473,sub-026,10,4.0,1.5,3,-54.710476,-41.81673
29022,ds005473,sub-026,11,6.0,3.0,3,-52.487247,-51.337234
29023,ds005473,sub-026,12,6.0,2.5,3,-68.373436,10.669653
29024,ds005473,sub-026,13,7.0,3.25,2,16.721972,-7.8361864
29025,ds005473,sub-026,14,6.0,2.5,3,-77.12348,13.301339
29026,ds005473,sub-026,15,9.0,3.75,0,48.38649,-11.27447
29027,ds005473,sub-026,16,4.0,2.0,3,-74.78184,16.47637
29028,ds005473,sub-026,17,10.0,3.5,1,-3.088482,58.23459
29029,ds005473,sub-026,18,6.0,2.5,3,-73.74433,18.386885
29030,ds005473,sub-026,19,3.0,1.0,3,-59.017303,14.151236
29031,ds005473,sub-026,20,6.0,2.5,3,-68.86115,30.765024
29032,ds005473,sub-026,21,6.0,2.75,3,-68.66075,30.289204
29033,ds005473,sub-026,22,3.0,1.75,3,-78.92125,-3.7495644
29034,ds005473,sub-026,23,7.0,3.25,1,-15.62546,18.446842
29035,ds005473,sub-026,24,4.0,1.75,3,-73.51591,31.981897
29036,ds005473,sub-026,25,5.0,2.75,3,-69.94846,23.910032
29037,ds005473,sub-026,26,3.0,1.75,3,-79.99738,13.535631
29038,ds005473,sub-026,27,7.0,3.25,3,-44.034073,0.9201578
29039,ds005473,sub-026,28,3.0,1.0,3,-45.087093,25.278713
29040,ds005473,sub-026,29,10.0,3.5,0,49.582787,-8.552982
29041,ds005473,sub-026,30,3.0,2.0,3,-55.117195,29.249554
29042,ds005473,sub-026,31,8.0,3.25,0,26.488766,6.7431602
29043,ds005473,sub-026,32,4.0,2.25,3,-27.911007,-17.42767
29044,ds005473,sub-026,33,9.0,3.75,1,14.689035,44.96824
29045,ds005473,sub-026,34,4.0,1.5,3,-63.85971,26.063604
29046,ds005473,sub-026,35,5.0,2.75,1,-17.48678,42.067673
29047,ds005473,sub-026,36,4.0,2.0,3,-71.87573,19.541945
29048,ds005473,sub-026,37,5.0,2.25,3,-47.16322,34.597977
29049,ds005473,sub-026,38,7.0,3.5,1,7.4277134,39.70279
29050,ds005473,sub-026,39,4.0,2.25,3,-47.007607,-8.546095
29051,ds005473,sub-026,40,4.0,1.25,3,-63.195675,-16.268574
29052,ds005473,sub-026,41,3.0,1.25,1,-6.6354723,30.411701
29053,ds005473,sub-026,42,8.0,3.0,3,-79.52529,7.6865854
29054,ds005473,sub-026,43,4.0,1.75,3,-69.6386,19.813139
29055,ds005473,sub-026,44,4.0,1.0,3,-69.963196,19.75335
29056,ds005473,sub-026,45,9.0,3.75,0,47.10042,-10.505812
29057,ds005473,sub-026,46,3.0,1.75,3,-76.68571,21.338905
29058,ds005473,sub-026,47,6.0,2.75,2,-35.199375,-48.48155
29059,ds005473,sub-026,48,3.0,1.25,3,-75.03796,11.529434
29060,ds005473,sub-026,49,4.0,1.5,3,-67.1407,14.993974
29061,ds005473,sub-026,50,8.0,3.0,3,-64.60398,-18.487133
29062,ds005473,sub-026,51,4.0,1.5,3,-69.66893,31.217295
29063,ds005473,sub-026,52,4.0,1.0,3,-59.89611,24.20823
29064,ds005473,sub-026,53,7.0,3.0,1,23.587479,42.23031
29065,ds005473,sub-026,54,3.0,1.0,3,-76.924805,19.575869
29066,ds005473,sub-026,55,10.0,3.75,1,17.027285,41.72675
29067,ds005473,sub-026,56,3.0,2.0,3,-74.391945,10.134876
29068,ds005473,sub-026,57,5.0,3.0,2,-9.601043,-27.39488
29069,ds005473,sub-026,58,5.0,2.5,2,-17.162584,-59.381714
29070,ds005473,sub-026,59,5.0,2.0,3,-68.28036,21.944906
29071,ds005473,sub-026,60,7.0,3.25,2,-8.026006,-29.531065
29072,ds005473,sub-026,61,5.0,2.25,3,-85.348274,13.794861
29073,ds005473,sub-026,62,4.0,1.25,3,-37.519985,30.51084
29074,ds005473,sub-026,63,4.0,1.5,3,-43.95308,-25.696512
29075,ds005473,sub-026,64,5.0,2.25,3,-70.650566,17.047668
29076,ds005473,sub-026,65,3.0,1.25,3,-61.385204,25.415977
29077,ds005473,sub-026,66,7.0,2.75,1,-16.771152,44.211216
29078,ds005473,sub-026,67,4.0,1.5,3,-76.513374,13.357259
29079,ds005473,sub-026,68,6.0,3.0,3,-55.722176,14.373013
29080,ds005473,sub-026,69,4.0,2.5,3,-54.521076,-41.28456
29081,ds005473,sub-026,70,8.0,3.25,1,26.108074,28.592503
29082,ds005473,sub-026,71,5.0,2.5,3,-68.00951,22.758785
29083,ds005473,sub-026,72,9.0,3.75,0,53.709503,-5.682693
29084,ds005473,sub-026,73,4.0,2.0,3,-78.45169,9.99461
29085,ds005473,sub-026,74,6.0,3.5,1,19.638783,43.538364
29086,ds005473,sub-026,75,4.0,2.5,3,-29.207249,-14.338391
29087,ds005473,sub-026,76,3.0,1.0,3,-70.4793,24.141916
29088,ds005473,sub-026,77,4.0,2.5,3,-66.63018,3.0242362
29089,ds005473,sub-026,78,3.0,2.75,3,-70.92456,19.602201
29090,ds005473,sub-026,79,3.0,1.75,3,-69.31218,20.069876
29091,ds005473,sub-026,80,6.0,3.25,1,7.398434,39.639053
29092,ds005473,sub-026,81,4.0,1.75,3,-68.2731,33.098404
29093,ds005473,sub-026,82,5.0,2.75,1,-18.69513,37.383537
29094,ds005473,sub-026,83,4.0,1.75,3,-55.048084,-22.473673
29095,ds005473,sub-026,84,8.0,3.25,2,-34.22904,-36.627155
29096,ds005473,sub-026,85,3.0,1.0,3,-68.28662,33.776417
29097,ds005473,sub-026,86,6.0,3.5,1,13.812353,11.343582
29098,ds005473,sub-026,87,3.0,2.0,3,-66.20109,19.330769
29099,ds005473,sub-026,88,8.0,3.25,1,7.6233873,40.855076
29100,ds005473,sub-026,89,3.0,2.25,3,-49.742546,-8.180047
29101,ds005473,sub-026,90,10.0,3.75,0,48.661194,-9.0168915
29102,ds005473,sub-026,91,3.0,1.5,3,-47.371944,-7.6682487
29103,ds005473,sub-026,92,5.0,2.75,3,-34.76932,-24.6915
29104,ds005473,sub-026,93,4.0,2.0,3,-65.647194,28.876688
29105,ds005473,sub-026,94,3.0,2.25,1,-11.412283,65.3608
29106,ds005473,sub-026,95,7.0,3.5,0,53.269424,-28.424015
29107,ds005473,sub-026,96,3.0,2.25,3,-74.98377,16.882502
29108,ds005473,sub-026,97,7.0,3.5,2,13.946572,2.1894898
29109,ds005473,sub-026,98,3.0,1.25,3,-62.788593,26.845953
29110,ds005473,sub-026,99,3.0,1.25,3,-48.697956,3.0912275
29111,ds005473,sub-026,100,4.0,3.0,3,-62.855328,17.10153
29112,ds005473,sub-026,101,4.0,1.75,3,-63.56882,17.29802
29113,ds005473,sub-026,102,3.0,1.0,3,-72.78989,17.577263
29114,ds005473,sub-026,103,10.0,3.75,0,71.90774,-5.926337
29115,ds005473,sub-026,104,3.0,1.75,3,-52.14597,15.497804
29116,ds005473,sub-026,105,6.0,2.75,3,-63.157955,16.451372
29117,ds005473,sub-026,106,4.0,1.25,2,-14.677257,-58.352818
29118,ds005473,sub-026,107,3.0,1.5,3,-73.733894,22.65265
29119,ds005473,sub-026,108,7.0,3.0,3,-47.541744,42.36327
29120,ds005473,sub-026,109,5.0,1.5,3,-69.008156,11.918608
29121,ds005473,sub-026,110,3.0,1.0,3,-41.586246,19.143831
29122,ds005473,sub-026,111,7.0,3.0,3,-37.7283,30.747683
29123,ds005473,sub-026,112,3.0,1.0,3,-83.39556,12.657115
29124,ds005473,sub-026,113,10.0,3.75,0,48.307266,-9.579083
29125,ds005473,sub-026,114,4.0,2.0,3,-54.15867,-24.745262
29126,ds005473,sub-027,0,4.0,3.0,2,-6.945595,-47.93174
29127,ds005473,sub-027,1,3.0,1.5,1,-0.84021753,33.30859
29128,ds005473,sub-027,2,6.0,4.0,1,22.713945,32.686043
29129,ds005473,sub-027,3,3.5,1.75,2,-22.839836,-40.124847
29130,ds005473,sub-027,4,7.0,3.5,0,50.526436,-19.356106
29131,ds005473,sub-027,5,5.0,1.75,1,-13.166716,31.677628
29132,ds005473,sub-027,6,4.5,2.75,3,-42.38132,26.541857
29133,ds005473,sub-027,7,5.0,1.75,3,-62.332455,-36.041977
29134,ds005473,sub-027,8,7.5,4.0,0,47.055202,-10.989841
29135,ds005473,sub-027,9,5.0,2.25,3,-47.36294,-23.488949
29136,ds005473,sub-027,10,2.0,2.0,2,-6.2659216,-36.440475
29137,ds005473,sub-027,11,8.0,4.0,0,48.21204,-7.765875
29138,ds005473,sub-027,12,4.5,2.5,3,-41.591286,20.67955
29139,ds005473,sub-027,13,4.0,3.5,1,2.9094687,35.134758
29140,ds005473,sub-027,14,3.0,1.25,3,-69.82003,-33.28953
29141,ds005473,sub-027,15,7.5,3.0,1,7.545435,22.939396
29142,ds005473,sub-027,16,4.5,2.0,1,-20.420193,28.77649
29143,ds005473,sub-027,17,4.0,2.5,1,-5.312098,31.993
29144,ds005473,sub-027,18,6.0,3.75,0,31.345705,25.071169
29145,ds005473,sub-027,19,3.0,1.75,1,-34.271633,45.186005
29146,ds005473,sub-027,20,3.0,3.25,1,-20.318039,15.172364
29147,ds005473,sub-027,21,2.0,2.25,3,-46.42188,-0.6031695
29148,ds005473,sub-027,22,1.0,1.25,1,-4.16419,17.463642
29149,ds005473,sub-027,23,5.0,3.25,1,33.092686,44.822514
29150,ds005473,sub-027,24,1.0,2.0,1,23.58181,42.199276
29151,ds005473,sub-027,25,6.5,3.5,1,13.644371,6.6810265
29152,ds005473,sub-027,26,4.0,1.25,2,-18.639997,-43.332047
29153,ds005473,sub-027,27,5.0,3.25,1,-14.001649,36.777504
29154,ds005473,sub-027,28,1.0,1.0,1,14.374589,18.614954
29155,ds005473,sub-027,29,6.0,3.75,1,24.508694,13.24589
29156,ds005473,sub-027,30,3.0,1.5,3,-29.098032,-11.629785
29157,ds005473,sub-027,31,5.0,2.75,1,-20.005278,27.801834
29158,ds005473,sub-027,32,3.0,1.0,2,-26.02842,-22.820766
29159,ds005473,sub-027,33,8.0,4.0,0,25.540596,10.445401
29160,ds005473,sub-027,34,1.0,1.5,3,-43.80209,-22.906475
29161,ds005473,sub-027,35,4.0,3.0,0,50.5652,46.414234
29162,ds005473,sub-027,36,4.5,1.0,3,-44.202724,-2.2749038
29163,ds005473,sub-027,37,4.5,2.75,2,-0.3260174,-27.74268
29164,ds005473,sub-027,38,3.0,1.75,2,-23.766115,-53.293797
29165,ds005473,sub-027,39,3.5,2.25,1,-10.73774,31.907555
29166,ds005473,sub-027,40,7.0,3.75,2,22.338423,-26.353802
29167,ds005473,sub-027,41,4.0,1.25,2,-32.700745,-38.799797
29168,ds005473,sub-027,42,8.0,3.5,0,40.06102,11.822633
29169,ds005473,sub-027,43,4.0,2.0,1,-40.14223,44.708813
29170,ds005473,sub-027,44,3.0,1.5,3,-59.48447,15.160902
29171,ds005473,sub-027,45,6.0,3.75,1,17.744818,16.851423
29172,ds005473,sub-027,46,3.0,2.25,3,-48.529846,-28.947746
29173,ds005473,sub-027,47,8.0,3.5,1,7.8363676,48.636387
29174,ds005473,sub-027,48,2.0,3.25,1,-19.498037,26.96596
29175,ds005473,sub-027,49,5.0,2.5,2,24.626265,-26.785477
29176,ds005473,sub-027,50,4.5,2.75,3,-47.048412,-52.59594
29177,ds005473,sub-027,51,2.0,1.0,1,0.6864663,4.1614194
29178,ds005473,sub-027,52,8.5,3.75,2,25.458864,-14.191987
29179,ds005473,sub-027,53,2.0,2.0,1,-3.0631728,20.773369
29180,ds005473,sub-027,54,9.0,3.0,0,25.797066,10.089038
29181,ds005473,sub-027,55,3.0,1.5,1,-6.7604704,23.110607
29182,ds005473,sub-027,56,2.0,1.0,3,-41.298874,28.414045
29183,ds005473,sub-027,57,4.5,2.75,1,-5.119748,30.772354
29184,ds005473,sub-027,58,4.0,2.5,3,-56.591373,36.90421
29185,ds005473,sub-027,59,3.0,2.5,3,-47.271324,-3.1878192
29186,ds005473,sub-027,60,4.0,2.25,3,-72.232544,-1.3330386
29187,ds005473,sub-027,61,4.5,3.0,3,-51.264687,-14.609374
29188,ds005473,sub-027,62,5.0,3.0,2,28.931679,-21.486721
29189,ds005473,sub-027,63,4.0,1.5,1,-24.674541,24.892904
29190,ds005473,sub-027,64,4.0,1.75,2,10.482075,-49.270824
29191,ds005473,sub-027,65,6.0,3.5,0,55.217327,41.856968
29192,ds005473,sub-027,66,2.0,1.75,1,-2.220911,31.7885
29193,ds005473,sub-027,67,5.0,2.75,1,-22.953321,28.23248
29194,ds005473,sub-027,68,4.0,1.75,2,-15.630746,-15.366312
29195,ds005473,sub-027,69,8.0,4.0,0,57.753635,-22.401043
29196,ds005473,sub-027,70,2.0,2.25,1,2.2034068,40.175358
29197,ds005473,sub-027,71,3.0,3.25,3,-27.763891,-17.804594
29198,ds005473,sub-027,72,2.5,2.0,2,-20.088503,-27.557682
29199,ds005473,sub-027,73,9.0,4.0,0,31.060616,22.547232
29200,ds005473,sub-027,74,5.0,2.5,3,-23.484306,-2.947321
29201,ds005473,sub-027,75,8.0,3.5,0,52.055134,46.60273
29202,ds005473,sub-027,76,3.0,1.25,2,-26.51639,-42.21772
29203,ds005473,sub-027,77,4.0,3.0,3,-46.09183,-8.332981
29204,ds005473,sub-027,78,2.0,2.0,3,-33.80597,-6.7125974
29205,ds005473,sub-027,79,3.0,2.5,3,-52.609573,39.485176
29206,ds005473,sub-027,80,6.0,3.75,2,26.626005,-17.752413
29207,ds005473,sub-027,81,3.0,1.75,2,-28.43417,-47.013397
29208,ds005473,sub-027,82,5.0,3.25,0,30.672407,-9.510147
29209,ds005473,sub-027,83,4.0,2.25,3,-59.00719,-1.9639645
29210,ds005473,sub-027,84,2.0,1.25,1,-23.788046,15.960635
29211,ds005473,sub-027,85,3.0,2.0,1,0.2656142,31.706594
29212,ds005473,sub-027,86,9.0,3.5,0,54.076252,26.663307
29213,ds005473,sub-027,87,1.0,1.25,2,-23.320055,-17.961338
29214,ds005473,sub-027,88,5.0,3.25,1,-2.034062,34.727993
29215,ds005473,sub-027,89,1.0,1.0,3,-42.419773,-25.542736
29216,ds005473,sub-027,90,8.0,3.75,0,41.48302,-9.82921
29217,ds005473,sub-027,91,4.0,1.5,3,-30.213835,-16.33724
29218,ds005473,sub-027,92,4.5,2.75,2,-21.42766,-40.42778
29219,ds005473,sub-027,93,3.0,1.0,2,-16.946564,-14.452693
29220,ds005473,sub-027,94,9.0,4.0,1,4.4210534,27.414417
29221,ds005473,sub-027,95,5.0,1.5,1,-14.869094,34.53497
29222,ds005473,sub-027,96,2.0,3.0,1,-3.9189038,17.462961
29223,ds005473,sub-027,97,2.0,1.0,2,-23.282839,-47.467216
29224,ds005473,sub-027,98,5.0,2.75,1,-26.566015,38.644417
29225,ds005473,sub-027,99,4.5,1.75,1,-12.601541,25.863504
29226,ds005473,sub-027,100,3.0,2.25,1,36.48746,55.880547
29227,ds005473,sub-027,101,7.0,3.75,0,39.209312,26.614712
29228,ds005473,sub-027,102,1.0,1.25,3,-57.59594,23.537022
29229,ds005473,sub-027,103,6.0,3.5,2,6.24213,-25.91677
29230,ds005473,sub-027,104,3.0,2.0,1,-16.250607,29.507128
29231,ds005473,sub-027,105,2.0,1.5,2,-24.764694,-47.898483
29232,ds005473,sub-027,106,1.0,2.25,1,-7.491369,53.004005
29233,ds005473,sub-027,107,7.0,3.5,0,54.333477,26.041685
29234,ds005473,sub-027,108,2.0,1.25,3,-61.573704,10.552519
29235,ds005473,sub-027,109,5.0,3.25,3,-37.5922,7.9651585
29236,ds005473,sub-027,110,1.0,2.5,3,-31.749731,-4.7185354
29237,ds005473,sub-027,111,2.0,2.75,1,1.388616,22.333189
29238,ds005473,sub-027,112,2.0,1.0,3,-43.527607,21.911737
29239,ds005473,sub-027,113,8.0,3.75,0,51.17339,-10.725965
29240,ds005473,sub-027,114,5.0,2.0,1,-38.217796,43.784157
29241,ds005473,sub-027,115,4.0,3.0,2,-15.019337,-54.500492
29242,ds005473,sub-027,116,3.5,1.5,3,-40.949043,-29.882204
29243,ds005473,sub-027,117,2.0,1.0,2,-15.297922,-4.6609716
29244,ds005473,sub-027,118,7.0,4.0,2,37.21756,-30.376028
29245,ds005473,sub-027,119,1.0,2.75,3,-48.652405,17.182981
29246,ds005473,sub-027,120,4.5,2.5,1,-7.00855,26.302406
29247,ds005473,sub-027,121,3.0,2.5,3,-56.105896,11.317716
29248,ds005473,sub-027,122,3.0,2.25,3,-50.19887,8.834053
29249,ds005473,sub-027,123,4.0,3.0,2,13.394709,-34.090836
29250,ds005473,sub-028,0,7.0,3.0,1,20.109419,24.385052
29251,ds005473,sub-028,1,4.0,2.5,3,-73.74977,25.16949
29252,ds005473,sub-028,2,4.0,2.0,1,-6.1124783,38.8253
29253,ds005473,sub-028,3,7.0,3.25,1,19.472275,24.040405
29254,ds005473,sub-028,4,6.0,2.25,1,18.107162,15.714759
29255,ds005473,sub-028,5,3.0,1.25,1,-31.943457,29.557364
29256,ds005473,sub-028,6,6.5,3.5,1,11.90045,54.41343
29257,ds005473,sub-028,7,4.5,1.5,3,-54.37311,-26.087227
29258,ds005473,sub-028,8,5.0,2.25,1,6.4222693,29.674791
29259,ds005473,sub-028,9,7.0,3.75,0,51.083645,32.622845
29260,ds005473,sub-028,10,4.0,1.25,2,-34.05406,-37.396717
29261,ds005473,sub-028,11,4.5,2.75,3,-52.33212,32.241306
29262,ds005473,sub-028,12,4.0,1.5,3,-53.162853,7.3543735
29263,ds005473,sub-028,13,5.0,3.0,2,3.740205,0.92338973
29264,ds005473,sub-028,14,5.4,2.5,2,-14.020691,-41.281685
29265,ds005473,sub-028,15,6.0,3.25,1,-4.2090354,57.49769
29266,ds005473,sub-028,16,5.5,2.5,3,-72.76805,25.48386
29267,ds005473,sub-028,17,7.5,3.75,1,2.4185193,50.045868
29268,ds005473,sub-028,18,4.0,2.0,3,-41.830334,32.341923
29269,ds005473,sub-028,19,8.0,3.5,1,17.121828,28.653715
29270,ds005473,sub-028,20,5.0,2.5,3,-70.09512,1.0214117
29271,ds005473,sub-028,21,4.0,1.0,1,-8.47984,47.89076
29272,ds005473,sub-028,22,5.0,2.5,1,-28.435637,39.972374
29273,ds005473,sub-028,23,5.0,2.75,1,-10.106493,24.474506
29274,ds005473,sub-028,24,5.0,1.75,3,-57.462902,-14.054262
29275,ds005473,sub-028,25,8.2,3.25,1,2.5339167,50.01473
29276,ds005473,sub-028,26,5.0,1.75,3,-56.80007,-18.00324
29277,ds005473,sub-028,27,6.0,2.75,1,-26.097475,27.893522
29278,ds005473,sub-028,28,6.0,1.75,3,-58.598766,-25.583035
29279,ds005473,sub-028,29,7.5,3.25,0,40.236794,-17.841082
29280,ds005473,sub-028,30,4.0,1.0,1,-17.590746,28.60219
29281,ds005473,sub-028,31,7.0,3.5,1,20.049385,20.589687
29282,ds005473,sub-028,32,4.0,2.0,3,-59.61896,-7.2259946
29283,ds005473,sub-028,33,7.2,3.25,0,38.065144,35.369312
29284,ds005473,sub-028,34,5.5,2.25,1,3.1030927,31.220097
29285,ds005473,sub-028,35,8.5,3.75,1,22.654537,32.506004
29286,ds005473,sub-028,36,4.5,1.5,1,-33.700787,44.37973
29287,ds005473,sub-028,37,6.0,2.75,1,-10.724317,20.661337
29288,ds005473,sub-028,38,6.3,2.0,2,-26.552723,-34.50602
29289,ds005473,sub-028,39,6.5,2.25,2,-23.26315,-28.548515
29290,ds005473,sub-028,40,4.5,2.25,1,-36.006557,44.0496
29291,ds005473,sub-028,41,4.0,1.25,2,-23.728365,-18.32925
29292,ds005473,sub-028,42,3.0,1.25,3,-76.078804,-22.548643
29293,ds005473,sub-028,43,4.5,3.0,3,-38.091858,27.669275
29294,ds005473,sub-028,44,5.0,1.75,1,-5.0378785,11.6253
29295,ds005473,sub-028,45,4.0,1.0,3,-52.688282,-30.92301
29296,ds005473,sub-028,46,5.5,1.75,3,-63.530975,19.052158
29297,ds005473,sub-028,47,6.0,2.75,2,-13.751182,-35.081665
29298,ds005473,sub-028,48,5.0,1.25,2,-15.989352,-11.610745
29299,ds005473,sub-028,49,5.0,1.5,3,-54.342636,44.69607
29300,ds005473,sub-028,50,7.5,3.0,1,-5.464801,37.097244
29301,ds005473,sub-028,51,4.0,1.5,3,-73.23158,-1.3257929
29302,ds005473,sub-028,52,4.5,1.0,1,-31.211977,26.724432
29303,ds005473,sub-028,53,7.0,3.0,2,5.1145816,-49.81372
29304,ds005473,sub-028,54,4.0,1.0,2,-10.469405,-32.564655
29305,ds005473,sub-028,55,4.0,2.0,2,-16.863903,-42.009907
29306,ds005473,sub-028,56,6.0,3.0,1,19.856878,6.8935056
29307,ds005473,sub-028,57,6.5,2.5,1,-14.047461,58.786087
29308,ds005473,sub-028,58,5.5,2.0,3,-63.87554,22.599855
29309,ds005473,sub-028,59,7.5,3.25,1,4.565562,50.25861
29310,ds005473,sub-028,60,4.5,2.25,2,-30.502811,-49.003006
29311,ds005473,sub-028,61,3.0,1.25,1,-21.645815,26.00743
29312,ds005473,sub-028,62,8.0,3.5,1,11.973782,54.38155
29313,ds005473,sub-028,63,4.0,1.5,1,-33.220795,39.180786
29314,ds005473,sub-028,64,4.5,2.25,3,-48.83124,24.704105
29315,ds005473,sub-028,65,8.5,3.75,1,14.309802,57.50443
29316,ds005473,sub-028,66,4.0,1.25,3,-28.252434,-22.61976
29317,ds005473,sub-028,67,6.0,2.75,2,-8.939543,-3.866096
29318,ds005473,sub-028,68,4.5,1.5,2,-26.070683,-28.113306
29319,ds005473,sub-028,69,5.0,3.0,3,-30.506914,-16.71913
29320,ds005473,sub-028,70,4.0,2.5,3,-48.471725,26.540834
29321,ds005473,sub-028,71,6.5,3.25,1,21.267199,26.213121
29322,ds005473,sub-028,72,5.0,2.5,3,-50.235035,21.775085
29323,ds005473,sub-028,73,8.5,3.75,1,-5.0538397,67.45815
29324,ds005473,sub-028,74,4.5,2.0,3,-69.55264,-6.7887893
29325,ds005473,sub-028,75,5.5,3.5,2,22.560743,-3.2490213
29326,ds005473,sub-028,76,4.5,2.5,1,-26.31843,23.762167
29327,ds005473,sub-028,77,3.0,1.0,2,-4.454719,-7.8779445
29328,ds005473,sub-028,78,3.5,2.5,3,-29.298187,14.204161
29329,ds005473,sub-028,79,5.0,2.75,1,20.432175,33.05154
29330,ds005473,sub-028,80,4.0,1.75,3,-47.95103,28.764612
29331,ds005473,sub-028,81,8.0,3.25,1,-4.1308365,50.336487
29332,ds005473,sub-028,82,3.5,1.75,3,-68.92971,0.23170781
29333,ds005473,sub-028,83,4.5,2.75,1,-26.40903,26.651585
29334,ds005473,sub-028,84,4.0,1.75,1,-7.245845,24.443132
29335,ds005473,sub-028,85,5.5,3.25,2,-29.878925,-49.67764
29336,ds005473,sub-028,86,4.5,1.0,2,-11.022697,-16.100185
29337,ds005473,sub-028,87,7.0,3.5,1,18.15004,27.95659
29338,ds005473,sub-028,88,4.5,2.0,1,-18.223463,7.6014767
29339,ds005473,sub-028,89,7.5,3.25,2,-12.381675,-44.642197
29340,ds005473,sub-028,90,5.5,2.25,1,-5.366139,21.499084
29341,ds005473,sub-028,91,8.5,3.75,1,20.927496,18.821497
29342,ds005473,sub-028,92,4.0,1.5,3,-52.88533,-0.45383027
29343,ds005473,sub-028,93,5.0,2.75,2,-22.187084,-29.688545
29344,ds005473,sub-028,94,4.0,2.0,3,-40.326164,15.025547
29345,ds005473,sub-028,95,3.5,2.25,3,-72.330414,-28.965836
29346,ds005473,sub-028,96,6.0,3.5,1,20.16095,23.18977
29347,ds005473,sub-028,97,6.5,2.25,1,-6.0546703,30.573751
29348,ds005473,sub-028,98,8.0,3.5,1,20.62331,32.690308
29349,ds005473,sub-028,99,3.0,1.25,3,-65.928406,-31.517988
29350,ds005473,sub-028,100,2.0,1.25,3,-62.02789,-43.993614
29351,ds005473,sub-028,101,5.0,3.0,1,-30.153137,25.11714
29352,ds005473,sub-028,102,4.5,1.75,3,-59.775227,-11.592623
29353,ds005473,sub-028,103,4.0,1.0,3,-60.028374,-25.4103
29354,ds005473,sub-028,104,8.0,3.75,1,33.93667,35.91267
29355,ds005473,sub-028,105,3.5,1.75,2,-34.161335,-41.307575
29356,ds005473,sub-028,106,4.2,2.75,3,-52.909706,-11.810473
29357,ds005473,sub-028,107,4.0,1.25,2,-21.967209,-37.78922
29358,ds005473,sub-028,108,4.0,1.5,3,-65.105225,17.105186
29359,ds005473,sub-028,109,4.2,3.0,2,-17.66992,-43.598236
29360,ds005473,sub-028,110,4.3,1.5,3,-57.248035,21.561756
29361,ds005473,sub-028,111,5.0,1.0,3,-26.341919,-1.0912676
29362,ds005473,sub-028,112,6.0,3.0,3,-47.452248,-30.960821
29363,ds005473,sub-028,113,4.0,1.0,3,-26.089342,-15.066585
29364,ds005473,sub-028,114,7.5,3.75,1,22.616295,13.276373
29365,ds005473,sub-028,115,4.0,2.0,3,-47.162853,20.17194
29366,ds005473,sub-029,0,4.0,2.5,2,-18.511581,-53.069
29367,ds005473,sub-029,1,5.0,4.0,3,-45.959404,-22.211864
29368,ds005473,sub-029,2,0.0,2.0,3,-68.45834,-24.667364
29369,ds005473,sub-029,3,6.5,4.5,2,7.1355443,-1.2196513
29370,ds005473,sub-029,4,5.5,3.25,2,-25.299076,-38.415005
29371,ds005473,sub-029,5,4.5,2.25,3,-33.623276,16.370167
29372,ds005473,sub-029,6,4.0,1.25,2,-35.499313,-45.183487
29373,ds005473,sub-029,7,5.0,3.75,1,-18.387909,7.1700172
29374,ds005473,sub-029,8,5.5,3.5,3,-25.02733,7.109988
29375,ds005473,sub-029,9,5.5,1.5,1,2.0491288,16.42933
29376,ds005473,sub-029,10,7.0,4.5,2,22.725786,-11.020785
29377,ds005473,sub-029,11,5.0,2.25,3,-60.144985,13.740319
29378,ds005473,sub-029,12,5.5,3.75,1,1.8948145,13.353088
29379,ds005473,sub-029,13,5.0,1.25,2,-21.808018,-21.503353
29380,ds005473,sub-029,14,7.5,4.25,0,47.724277,-22.658892
29381,ds005473,sub-029,15,4.5,2.75,3,-46.738056,1.6498786
29382,ds005473,sub-029,16,4.0,1.5,3,-71.98715,-13.716628
29383,ds005473,sub-029,17,4.5,3.0,3,-58.597626,-47.17472
29384,ds005473,sub-029,18,4.5,2.5,3,-35.112953,3.9301898
29385,ds005473,sub-029,19,5.0,3.25,2,34.245407,-29.904297
29386,ds005473,sub-029,20,4.5,2.5,2,-30.646622,-29.107002
29387,ds005473,sub-029,21,7.0,3.75,2,26.31301,-25.206924
29388,ds005473,sub-029,22,4.5,2.0,3,-26.228737,3.7588263
29389,ds005473,sub-029,23,5.0,3.5,1,-26.205315,40.163097
29390,ds005473,sub-029,24,5.5,2.5,3,-54.160202,-32.912586
29391,ds005473,sub-029,25,7.5,4.25,2,14.33952,-22.52888
29392,ds005473,sub-029,26,6.0,2.5,1,-27.114246,39.105793
29393,ds005473,sub-029,27,5.0,2.75,3,-56.876915,28.932392
29394,ds005473,sub-029,28,4.5,1.0,3,-70.57924,11.5073
29395,ds005473,sub-029,29,5.5,4.0,2,-11.288596,-51.633156
29396,ds005473,sub-029,30,4.5,1.75,3,-68.88805,-11.616166
29397,ds005473,sub-029,31,5.0,3.25,3,-38.561913,20.233793
29398,ds005473,sub-029,32,4.0,2.75,3,-55.73655,-11.213994
29399,ds005473,sub-029,33,4.5,1.75,3,-51.763306,-39.504803
29400,ds005473,sub-029,34,6.5,4.0,2,21.625198,-17.383724
29401,ds005473,sub-029,35,6.0,3.25,3,-55.331165,-26.26756
29402,ds005473,sub-029,36,4.5,1.75,3,-64.026,7.98664
29403,ds005473,sub-029,37,1.0,1.0,3,-62.42833,-28.294565
29404,ds005473,sub-029,38,5.0,3.5,3,-66.41688,9.098986
29405,ds005473,sub-029,39,5.0,2.0,2,-23.0551,-44.997173
29406,ds005473,sub-029,40,5.5,3.25,3,-38.62199,31.648506
29407,ds005473,sub-029,41,5.0,2.25,3,-50.512882,21.895086
29408,ds005473,sub-029,42,7.5,4.5,0,44.52425,-33.843533
29409,ds005473,sub-029,43,6.0,3.75,2,-6.895163,-15.954481
29410,ds005473,sub-029,44,5.0,1.5,2,-4.452623,-7.763917
29411,ds005473,sub-029,45,5.5,2.75,3,-63.793533,12.309703
29412,ds005473,sub-029,46,1.0,2.0,2,-16.395252,-15.010364
29413,ds005473,sub-029,47,4.5,2.25,1,-17.459959,60.154774
29414,ds005473,sub-029,48,7.5,4.25,2,35.396576,-22.580425
29415,ds005473,sub-029,49,5.0,3.5,3,-48.733353,-46.49526
29416,ds005473,sub-029,50,4.5,2.25,3,-71.453926,9.02666
29417,ds005473,sub-029,51,6.0,3.5,0,40.314884,-24.424368
29418,ds005473,sub-029,52,1.0,1.25,2,-16.366312,-24.803774
29419,ds005473,sub-029,53,7.5,4.25,0,57.258076,-32.0862
29420,ds005473,sub-029,54,4.0,1.25,2,22.504173,-13.517601
29421,ds005473,sub-029,55,5.0,3.0,3,-49.095955,-19.287725
29422,ds005473,sub-029,56,5.0,1.75,3,-45.27023,16.963024
29423,ds005473,sub-029,57,7.5,4.5,0,52.720085,-18.601137
29424,ds005473,sub-029,58,5.0,3.75,3,-71.15933,-12.405161
29425,ds005473,sub-029,59,4.0,1.75,3,-46.824818,18.324604
29426,ds005473,sub-029,60,5.0,4.0,3,-47.88333,-6.8481526
29427,ds005473,sub-029,61,5.5,3.0,2,-3.334756,-7.668191
29428,ds005473,sub-029,62,5.0,2.75,3,-41.40583,14.105515
29429,ds005473,sub-029,63,4.5,1.25,3,-66.192635,14.6090355
29430,ds005473,sub-029,64,4.5,3.0,3,-52.855217,-1.1292309
29431,ds005473,sub-029,65,3.0,1.5,3,-55.4953,-45.317413
29432,ds005473,sub-029,66,4.0,3.0,2,-14.335249,-29.636387
29433,ds005473,sub-029,67,4.0,1.5,2,-21.105461,-51.942627
29434,ds005473,sub-029,68,8.0,4.25,0,40.191452,-18.342777
29435,ds005473,sub-029,69,1.0,1.0,3,-33.029213,23.200289
29436,ds005473,sub-029,70,7.5,4.5,2,38.38427,-38.20745
29437,ds005473,sub-029,71,1.0,1.0,3,-54.0769,-34.585114
29438,ds005473,sub-029,72,4.0,2.0,2,-18.765083,-48.452778
29439,ds005473,sub-029,73,5.5,4.0,2,3.1890008,-8.989358
29440,ds005473,sub-029,74,4.5,2.5,2,-5.020151,-45.55929
29441,ds005473,sub-029,75,7.5,4.0,0,45.024864,-17.448912
29442,ds005473,sub-029,76,4.5,2.0,2,-17.208437,-55.861332
29443,ds005473,sub-029,77,8.0,4.5,0,49.84466,-19.091066
29444,ds005473,sub-029,78,5.0,3.25,3,-22.353437,9.55933
29445,ds005473,sub-029,79,3.0,2.25,3,-44.428814,-10.505063
29446,ds005473,sub-029,80,4.0,1.25,1,-23.621923,35.868763
29447,ds005473,sub-029,81,5.0,3.75,2,19.465006,-10.634987
29448,ds005473,sub-029,82,6.5,3.5,2,15.374496,-24.626188
29449,ds005473,sub-029,83,4.5,1.5,1,-18.461641,6.3624744
29450,ds005473,sub-029,84,8.0,4.5,0,46.5148,-18.412815
29451,ds005473,sub-029,85,4.0,2.25,1,3.9647183,15.902784
29452,ds005473,sub-029,86,7.5,3.75,0,36.228577,-7.978999
29453,ds005473,sub-029,87,4.5,1.25,3,-52.827072,-48.332443
29454,ds005473,sub-029,88,8.0,4.25,1,18.72706,3.8035429
29455,ds005473,sub-029,89,4.5,2.75,3,-21.409595,0.16776444
29456,ds005473,sub-029,90,3.0,1.5,3,-67.95188,12.191972
29457,ds005473,sub-029,91,4.5,3.0,2,-31.922596,-43.85674
29458,ds005473,sub-029,92,5.0,2.5,3,-66.50749,-27.06021
29459,ds005473,sub-029,93,5.5,3.25,2,-17.820147,-21.634016
29460,ds005473,sub-029,94,4.5,2.5,1,0.50562793,12.326461
29461,ds005473,sub-029,95,7.5,3.75,0,26.370287,-2.9792657
29462,ds005473,sub-029,96,4.0,2.0,1,1.1506454,15.094186
29463,ds005473,sub-029,97,4.5,3.5,2,-6.3572164,-3.7531667
29464,ds005473,sub-029,98,4.5,2.5,3,-51.479523,-23.992182
29465,ds005473,sub-029,99,8.0,4.25,0,44.259438,-18.341038
29466,ds005473,sub-029,100,4.5,2.5,1,-6.7119117,29.38171
29467,ds005473,sub-029,101,6.0,2.75,3,-67.27458,-31.212034
29468,ds005473,sub-029,102,1.0,1.0,3,-40.862007,-23.092508
29469,ds005473,sub-029,103,6.5,4.0,0,44.830532,-24.092813
29470,ds005473,sub-029,104,4.5,1.75,3,-66.561935,-19.19579
29471,ds005473,sub-029,105,4.5,3.25,2,12.909051,-9.353949
29472,ds005473,sub-029,106,4.0,2.75,1,3.4043498,4.7765846
29473,ds005473,sub-029,107,3.0,1.75,3,-49.81235,11.785184
29474,ds005473,sub-029,108,6.5,4.0,0,40.45904,-18.395855
29475,ds005473,sub-029,109,6.0,3.25,2,-21.473516,-51.95698
29476,ds005473,sub-029,110,5.0,1.75,3,-71.486115,-5.7777834
29477,ds005473,sub-029,111,3.0,1.0,1,-21.783146,13.603877
29478,ds005473,sub-029,112,5.5,3.5,1,-24.067825,38.77078
29479,ds005473,sub-029,113,4.5,2.0,3,-55.297916,-35.323093
29480,ds005473,sub-029,114,5.0,3.25,1,-17.031324,7.915671
29481,ds005473,sub-029,115,5.0,2.25,1,-21.764557,27.58208
29482,ds005473,sub-029,116,8.0,4.5,0,49.4579,-18.951511
29483,ds005473,sub-029,117,6.5,3.75,2,12.578904,-30.341629
29484,ds005473,sub-029,118,3.0,1.5,3,-45.035877,34.012527
29485,ds005473,sub-029,119,4.0,2.75,2,-3.6815815,-13.077967
29486,ds005473,sub-029,120,3.0,2.0,2,-9.263224,-35.127632
29487,ds005473,sub-029,121,4.5,2.25,1,-11.962551,47.01886
29488,ds005473,sub-029,122,7.5,4.25,0,38.545414,-13.473839
29489,ds005473,sub-029,123,5.5,3.5,3,-65.62997,-31.373095
29490,ds005473,sub-029,124,5.0,2.25,3,-52.769264,5.239909
29491,ds005473,sub-029,125,5.0,3.5,3,-47.3357,-41.18943
29492,ds005473,sub-029,126,1.0,1.25,2,-5.143567,-35.926247
29493,ds005473,sub-029,127,7.5,4.25,0,46.504223,-20.04789
29494,ds005473,sub-029,128,1.0,1.25,2,11.767927,-5.7300873
29495,ds005473,sub-029,129,4.5,3.0,3,-49.32775,-49.40177
29496,ds005473,sub-029,130,3.0,1.75,3,-24.825914,-4.1349025
29497,ds005473,sub-029,131,8.0,4.5,0,37.43522,-23.856298
29498,ds005473,sub-029,132,4.0,1.0,1,-0.6819952,20.711441
29499,ds005473,sub-029,133,7.5,3.75,0,42.560814,-21.050999
29500,ds005473,sub-029,134,5.0,1.75,1,-21.84953,33.892815
29501,ds005473,sub-029,135,7.0,4.0,0,45.827633,-23.070547
29502,ds005473,sub-029,136,5.0,3.0,3,-31.937727,-23.895782
29503,ds005473,sub-029,137,4.5,2.75,3,-43.589855,-51.21611
29504,ds005473,sub-029,138,2.0,1.25,3,-49.96649,-24.586187
29505,ds005473,sub-029,139,5.5,3.0,2,-6.6862197,-43.175182
29506,ds005473,sub-029,140,3.0,1.5,1,0.78072,17.552147
29507,ds005473,sub-029,141,5.0,3.0,3,-44.847458,-46.1986
29508,ds005473,sub-029,142,4.0,1.5,2,-32.356106,-31.931887
29509,ds005473,sub-029,143,7.0,4.25,0,46.601604,-20.679308
29510,ds005473,sub-029,144,4.0,1.0,3,-39.995472,22.371737
29511,ds005473,sub-029,145,7.5,4.5,0,53.494465,-18.626772
29512,ds005473,sub-029,146,3.0,1.0,3,-69.20994,-30.244743
29513,ds005473,sub-029,147,4.0,2.0,2,-24.718573,-38.33005
29514,ds005473,sub-029,148,6.0,4.0,2,10.884571,-41.722298
