dataset,subject,epoch,vertex_channel,sfreq,n2_amp,n2_lat,p2_amp,p2_lat,n2p2_amp,gamma_power,gamma_band_hz,alpha_erd_pct,beta_erd_pct,psd_delta,psd_theta,psd_alpha,psd_beta,psd_gamma,plv_Fz-Cz,plv_Cz-Pz,plv_C3-C4,perm_entropy,spectral_entropy,sample_entropy,higuchi_fd,dfa,hjorth_mobility,hjorth_complexity,rating,laser_power
ds005286,sub-001,0,Cz,1000.0,-7.398910999298096,0.161,9.574518203735352,0.55,16.973429203033447,0.06465411723713901,30.0-100.0,45.333655194596204,20.163253148412437,5.953036984645831,2.7327819021375266,0.29067775352416625,1.3979186689466667,0.22791780583894072,0.7043718908879377,0.12060679357957309,0.22038505943471728,0.5180770511021917,0.3811402111981514,0.20298551713493765,1.0349736519478598,1.8086199712018656,0.06270307,2.211622,7,2.25
ds005286,sub-001,1,Cz,1000.0,-5.894631862640381,0.34,7.675580024719238,0.38,13.57021188735962,0.062220744934790705,30.0-100.0,3.7717908602935535,-2.542091266135091,4.184215235524913,7.11685386005702,0.6032274595640608,2.445615273998527,0.09930764054195598,0.6965993981244687,0.013035925104670922,0.6502906818032512,0.49350871164901355,0.3477360109168577,0.2219780113047952,1.0240555767204653,1.7974777083787012,0.06471725,1.8768725,8,2.25
ds005286,sub-001,2,Cz,1000.0,-13.713569641113281,0.276,4.208817481994629,0.536,17.92238712310791,0.043142855451659017,30.0-100.0,65.790269764849,-30.06031887912976,9.785370080505437,5.685802702104606,1.0629018787273954,3.1129164573685832,0.12074306546518984,0.32391117002752295,0.40984927974713636,0.3715317182621893,0.5015650835049721,0.3685890645350586,0.20032434285718775,1.0344402304608071,1.7878550635034653,0.057520185,2.554429,6,2.25
ds005286,sub-001,3,Cz,1000.0,-12.758377075195312,0.319,9.400312423706055,0.55,22.158689498901367,0.1384434450287269,30.0-100.0,88.07019246595834,-21.680678649744024,4.194311111272373,5.484148082669646,1.1988296757527643,3.6782082314959634,0.3503275584630121,0.050878148028035385,0.5717619233115225,0.5913935829702986,0.5054577629705244,0.3693421614425971,0.20178167557014812,1.032914406185249,1.7414914005968691,0.057811692,2.403608,8,2.25
ds005286,sub-001,4,Cz,1000.0,-9.223397254943848,0.206,9.777871131896973,0.361,19.00126838684082,0.23912204222766797,30.0-100.0,-54.32732672568859,-35.4407628433213,4.241212226706789,1.7302975008940191,5.237135320868791,2.1343772164179002,0.171113097264089,0.7197953345761844,0.26568345423907425,0.4298494740296335,0.5031044981086299,0.3513886094019436,0.23148383754165452,1.028795538063042,1.7847085269824072,0.062506594,2.0450592,4,2.25
ds005286,sub-001,5,Cz,1000.0,-7.088829517364502,0.35,1.0368099212646484,0.3,8.12563943862915,0.022082409758084637,30.0-100.0,-173.27127348694225,-174.96178223865246,1.7372672751000136,2.761244674633928,0.892455980065925,1.8914521296615074,0.1700873880363338,0.3068419919426979,0.30668135213360503,0.4537936083992643,0.5204683616215368,0.4136348490687651,0.2263826991544208,1.0445492949570518,1.701446775686084,0.07411507,2.0183496,7,2.25
ds005286,sub-001,6,Cz,1000.0,3.168881893157959,0.15,23.843433380126953,0.55,20.674551486968994,0.022205956618049937,30.0-100.0,-15.063653794941597,-64.53784422543156,6.6076685135954625,2.0013787803321774,6.124846943210681,5.138542271579938,0.09185405643801078,0.5968984302717021,0.5402848308219281,0.211943659991287,0.5064191292082083,0.36585837653499714,0.13013948469810235,1.0314541252242964,1.7898581682094858,0.0411721,3.2733128,9,2.25
ds005286,sub-001,7,Cz,1000.0,-10.052285194396973,0.157,15.348705291748047,0.365,25.40099048614502,0.05341492668426958,30.0-100.0,-58.45359068633803,-327.10421058342706,11.422845287936905,1.05380828385877,2.3004793035864948,2.4323921596898086,0.13949214114959557,0.49079718585619586,0.027640729117697556,0.3143876805054541,0.49300880095016725,0.3498263066476114,0.1936925283460332,1.0234749834544778,1.842246371850262,0.05999742,2.0157487,8,2.25
ds005286,sub-001,8,Cz,1000.0,-4.127684593200684,0.23,16.068632125854492,0.327,20.196316719055176,0.07414513771432052,30.0-100.0,-134.22240116135066,-52.137163915826655,8.307633468763413,6.951579110868497,3.8451320190937737,2.781941804551125,0.06963909816841299,0.8978040013112147,0.2563720852312083,0.21126729844907632,0.5047694038399657,0.3749002360860137,0.2021569506052702,1.0292762199171395,1.7989628505188722,0.056569945,2.208849,7,2.25
ds005286,sub-001,9,Cz,1000.0,-0.38126587867736816,0.154,8.968050003051758,0.363,9.349315881729126,0.029361521647025296,30.0-100.0,74.5146314711354,70.89703281890074,6.488915553500464,4.39268145524172,3.4201726003174757,2.047366441974828,0.056071127185542455,0.286774802458468,0.46790043360556616,0.23024584540694465,0.48507175940290537,0.3919586666934855,0.21471697610678614,1.0216134172780542,1.7949485609110865,0.0655791,1.9467195,7,2.25
ds005286,sub-001,10,Cz,1000.0,-0.37748026847839355,0.196,9.265874862670898,0.55,9.643355131149292,0.014595052363040305,30.0-100.0,-4.0953259729993325,-10.10657564791787,1.3720774888727694,2.9129403148189623,7.061089315636705,2.4926862974013386,0.10211594763034273,0.6261704177765508,0.25553599672312793,0.057734702942354436,0.4858202798797683,0.3369059530796035,0.24642241570559223,1.0194688944430281,1.8660304168011628,0.0638382,1.7461227,6,2.25
ds005286,sub-001,11,Cz,1000.0,-8.802528381347656,0.272,8.640552520751953,0.395,17.44308090209961,0.006684277200471388,30.0-100.0,-2025.608972082746,-540.6384679213886,0.352802488965279,4.484293066568828,9.368755311997692,1.9067496130579917,0.022406948641714657,0.5069592453893568,0.6409815208554375,0.8833376796805121,0.48287761869554324,0.354436987539991,0.25412600359176607,1.020393421266782,1.832409927005977,0.070099175,1.6041589,7,2.25
ds005286,sub-001,12,Cz,1000.0,-4.091337203979492,0.212,11.521839141845703,0.516,15.613176345825195,0.06103094178548985,30.0-100.0,36.52034849321321,-25.807925676068844,2.767361493803949,5.846391275905478,1.645792172301754,2.1913803728311825,0.04371799898299677,0.7843688279186892,0.2934809361246499,0.40441873998482114,0.4947508067666041,0.318529954119975,0.1806866568370812,1.0255667560848194,1.8230851871419536,0.053642433,2.138803,10,2.25
ds005286,sub-001,13,Cz,1000.0,-12.455235481262207,0.277,1.4514987468719482,0.542,13.906734228134155,0.05106614995521759,30.0-100.0,-7325.6250839695995,-41.03531585108908,6.907146064343383,7.626683297220796,1.315290602409879,1.9304999372571479,0.09907242812827914,0.6022591272077115,0.17388172423335174,0.5459125918398241,0.5041281528433897,0.3214432635674834,0.1791117017566963,1.0317211758056695,1.7954179311714806,0.052185494,2.6517055,6,2.25
ds005286,sub-001,14,Cz,1000.0,-1.8110575675964355,0.15,32.06928253173828,0.546,33.88034009933472,0.03230165575226458,30.0-100.0,67.31046897376739,-30.67341721197457,17.281668829203447,5.688630581960562,1.3940220866166262,3.207936831289999,0.04822500872615382,0.46246693026482266,0.2854068000900659,0.18998838231873147,0.4948030499726393,0.34463649746023434,0.13716596494183927,1.0272795088039195,1.810675211639624,0.04439862,2.722424,6,2.25
ds005286,sub-001,15,Cz,1000.0,-13.089543342590332,0.347,-0.10458815097808838,0.405,12.984955191612244,0.02288062682209712,30.0-100.0,-67.45031749809863,-44.56528140337816,3.1310365546689045,3.257527666271857,2.8551686617166423,2.5999227830195397,0.1377180793988182,0.23344830040782694,0.4295409230186027,0.4175025529545733,0.5021627433914753,0.3497405127775088,0.19768649725388612,1.0249789364282722,1.829225132001348,0.05945629,2.1024282,7,2.25
ds005286,sub-001,16,Cz,1000.0,0.25887012481689453,0.225,11.469293594360352,0.339,11.210423469543457,0.016324508413031586,30.0-100.0,57.26735486875219,51.917333931890916,2.484826612948842,0.8593642056716003,0.658379725028619,2.5553341766821425,0.046035066680667744,0.18927409368886658,0.4007636535407955,0.5080107939765012,0.5034680470195398,0.39552936149829376,0.21734945288062665,1.0279276130324482,1.7186043637966235,0.05884137,2.2481928,6,2.25
ds005286,sub-001,17,Cz,1000.0,-10.134847640991211,0.221,5.078983783721924,0.536,15.213831424713135,0.03564136897502057,30.0-100.0,13.091800810246337,-284.10917760281353,6.823065013652636,1.7644087479064257,4.747340999353472,2.6954959831991285,0.11260244829628437,0.563650408353094,0.736586401705361,0.1381983288940435,0.4806451526869833,0.3132816383484396,0.20477615751689188,1.0200998684778855,1.81817466697925,0.056714296,2.0876107,6,2.25
ds005286,sub-001,18,Cz,1000.0,-11.901660919189453,0.35,8.512134552001953,0.456,20.413795471191406,0.0519831211650538,30.0-100.0,85.89992535334463,80.63172642817328,29.519533079022438,8.013792493102551,11.357573438828585,1.93784178775238,0.1157587475482526,0.4245054525617843,0.29006032659976533,0.32102899238583626,0.475385489413265,0.31448897995844466,0.1625306345766087,1.0140556579727305,1.9317455679349027,0.048778757,1.9474492,7,2.25
ds005286,sub-001,19,Cz,1000.0,-12.07310676574707,0.329,1.8769313097000122,0.47,13.950038075447083,0.010893372197091904,30.0-100.0,67.56285351503254,58.998297148908264,1.3631584906286986,1.1359716989885555,0.7939796717000187,4.077198370447698,0.20504023985837483,0.4639693003059968,0.33780747229681946,0.049631501404082005,0.5164821159725952,0.4180835717598096,0.2797898083081385,1.036754649913783,1.6971191692298662,0.07815032,1.9279048,5,2.25
ds005286,sub-001,20,Cz,1000.0,-14.184619903564453,0.153,-0.6287232637405396,0.518,13.555896639823914,0.07642193319289503,30.0-100.0,-170.19381784811628,-13.102860026079208,1.9658907139870223,4.462489012740427,7.268028968446922,2.3448073701079233,0.13725681223527558,0.4202056031519098,0.6865492329270433,0.27461141241703635,0.49514924790361897,0.3734106089345484,0.22307926950272622,1.0285571184455928,1.7983255886069078,0.06054695,2.1391823,6,2.25
ds005286,sub-001,21,Cz,1000.0,-2.880152940750122,0.161,17.368112564086914,0.487,20.248265504837036,0.014253197550895968,30.0-100.0,62.03016632323114,-384.1987681828674,7.337478633461464,1.6657475890647553,0.06882541013941514,2.0898601854763736,0.03593445338537134,0.18116977363349265,0.15357111017492753,0.33349361687169515,0.4912155347052479,0.3298081532635955,0.10396744351274709,1.0296085173364227,1.7796381210921155,0.03642898,3.6629326,7,2.25
ds005286,sub-001,22,Cz,1000.0,-4.558892726898193,0.162,13.705053329467773,0.522,18.263946056365967,0.020892139910340255,30.0-100.0,2.2761838882184713,-56.59816507964756,1.631297229000519,3.5400681040527817,1.3701365836849484,2.2173661730364875,0.09818616407030266,0.3384776884812965,0.4257112089070144,0.21758730312395844,0.48635366552606074,0.3876708551436252,0.2546301498970447,1.0274295501775876,1.7955047595164693,0.065383546,2.0273473,7,2.25
ds005286,sub-001,23,Cz,1000.0,-1.9549617767333984,0.214,9.795641899108887,0.55,11.750603675842285,0.24055501080290298,30.0-100.0,-47.0396834445261,55.02435883161433,2.0082360764057867,0.7743094195007083,0.46698864834687015,1.7351214427678747,0.2958402602232042,0.460399351500114,0.14660924348245055,0.47837004656147514,0.5155443523503482,0.394011660954969,0.24732011651210412,1.0431357316398666,1.6248426810257195,0.08034059,1.981344,6,2.25
ds005286,sub-001,24,Cz,1000.0,-7.517730236053467,0.153,14.543045043945312,0.546,22.06077527999878,0.029442207661881735,30.0-100.0,82.83182264176416,-24.704430308672173,4.193960628022628,9.829028597417867,9.028703602781304,2.734456393251674,0.21282514015940804,0.6190717100238138,0.12622463501363662,0.35425151223368984,0.4844342911389163,0.32001486552268193,0.1993864901294887,1.0221042939800826,1.8120988218537242,0.056977924,2.109714,7,2.25
ds005286,sub-001,25,Cz,1000.0,-5.944671630859375,0.321,9.568724632263184,0.359,15.513396263122559,0.06935336433647322,30.0-100.0,-48.50352546720509,0.10219942542466912,0.5619340017024472,1.0187699811969295,5.333133331281889,1.235733344142101,0.07808119211743572,0.7352332485117219,0.4037151184638038,0.33742521507449913,0.4809281952967327,0.35190604598120007,0.28025824001040495,1.016506935858326,1.8283272780052364,0.07218016,1.5701673,8,2.25
ds005286,sub-001,26,Cz,1000.0,-12.58706283569336,0.212,15.806159019470215,0.473,28.393221855163574,0.07713616775715253,30.0-100.0,-419.1635871110794,-80.25894351552995,2.889205626192421,3.9384789789688828,12.919889570737912,3.2617420673403426,0.11073426687560241,0.648193698161309,0.8099460758472578,0.3097384738849059,0.4819289712154508,0.354115641535032,0.20614363515348233,1.0196114165096857,1.8195213358151896,0.060391627,1.8358271,7,2.25
ds005286,sub-001,27,Cz,1000.0,-8.45794677734375,0.212,6.541904926300049,0.515,14.999851703643799,0.2600134137205871,30.0-100.0,48.1596616969246,-37.97428636875983,0.8272873310084876,3.3648062857089114,1.436611395597986,2.048749976959927,0.33076857852518454,0.6545407046362608,0.026298789717940366,0.18486569766324976,0.5108215676174792,0.3934718963507031,0.2728525034410601,1.034939000862503,1.732357836889318,0.07627873,1.8009676,6,2.25
ds005286,sub-001,28,Cz,1000.0,-13.261800765991211,0.237,17.665077209472656,0.391,30.926877975463867,0.0002646520444403173,30.0-100.0,-4566.175858000106,-35.22506751038089,14.889246086433909,1.7277800274411257,24.594164582653654,2.9149045681913734,0.012376651038071399,0.8871735446670219,0.807430833623458,0.2006457514672445,0.4788235917211324,0.32091193416045327,0.22830941726768803,1.0163090092397462,1.8688217026514733,0.06125306,1.7043427,5,2.25
ds005286,sub-001,29,Cz,1000.0,-8.33009147644043,0.151,13.848453521728516,0.527,22.178544998168945,0.05987591926486551,30.0-100.0,-1340.2793918386053,21.16764967507399,8.324751049511704,9.421514882628578,23.618234249119226,6.441246821533694,0.1588729254909358,0.48031638440289154,0.34480994612332944,0.5020439613011509,0.48462221582721265,0.32429929751036063,0.20520651497717904,1.0284694851481841,1.8195510351649014,0.06599718,1.7794898,6,2.25
ds005286,sub-002,0,Cz,1000.0,-2.343609094619751,0.16,6.485140323638916,0.525,8.828749418258667,0.038398056183336686,30.0-100.0,58.673480670325986,-32.91478627449529,2.276329763986162,2.6479517580004823,0.1741850771398576,2.248743535551789,0.05310044337594301,0.6911170968881369,0.3623545265660819,0.12397381357590231,0.5173069761333042,0.40124034146222565,0.2313744555020392,1.0424661434361395,1.6884989088160285,0.073388785,2.1442184,7,3.75
ds005286,sub-002,1,Cz,1000.0,-0.8042449951171875,0.186,9.083572387695312,0.31,9.8878173828125,0.04651666709905712,30.0-100.0,-106.99942213756542,-63.90910214638284,5.09151383060197,4.225038033346753,0.571164989908051,1.0667494089899792,0.01985989682543306,0.7643327106967431,0.5390542076643076,0.2483086558760376,0.5222556354260508,0.3279503169070734,0.16755695531394274,1.0332346265521408,1.7999576415117151,0.052953437,2.6688166,8,3.75
ds005286,sub-002,2,Cz,1000.0,-20.60374641418457,0.246,-1.7238595485687256,0.35,18.879886865615845,0.035079509933320846,30.0-100.0,-870.6041978186777,-331.0319726983341,39.962810893169916,9.111377957393803,2.576999076860197,2.053444822640319,0.057863730971512435,0.6912030202049335,0.5620672939988715,0.3379208348474703,0.49037222127561386,0.2786864920796721,0.08017544809982811,1.02471351395838,1.8879172739832017,0.033001963,3.728982,9,3.75
ds005286,sub-002,3,Cz,1000.0,-0.7791973352432251,0.33,3.11503267288208,0.308,3.894230008125305,0.01706895462644408,30.0-100.0,-49.25866127735125,-136.48189210075142,4.20026959113355,1.8799396585280301,0.31758451236868807,0.8706133096860297,0.05399883653378404,0.8372413731517391,0.3709323892957062,0.15428611118012156,0.5162129250002544,0.3370700167100567,0.16579424603173284,1.0398808654643188,1.769795765711137,0.05845521,2.5759861,7,3.75
ds005286,sub-002,4,Cz,1000.0,-22.90990447998047,0.15,-0.008659839630126953,0.549,22.901244640350342,0.007063945797480224,30.0-100.0,-428.0742766424843,-560.0446546579465,23.76035950689284,8.150521446676812,1.0489355545329724,2.283301754347095,0.02175501536997023,0.9014607161764879,0.19551307518160585,0.47636093572630767,0.5118571086297283,0.30843953392871587,0.11303444784933936,1.0294236255844769,1.7839152597701615,0.04181023,3.1819596,10,3.75
ds005286,sub-002,5,Cz,1000.0,-7.432985305786133,0.277,-0.6111016273498535,0.526,6.821883678436279,0.051801679902496255,30.0-100.0,29.307549514126542,-147.51408871585136,0.3807601435203002,0.6221568048595718,0.4163142810518812,1.6004639583640832,0.040785578947773064,0.6536852983155461,0.18372236736076109,0.12638994518328056,0.5288901206872226,0.3955668022476671,0.22943266839167714,1.0430135805302931,1.6884314625731638,0.064724505,2.3894517,9,3.75
ds005286,sub-002,6,Cz,1000.0,-13.641617774963379,0.199,8.292228698730469,0.312,21.933846473693848,0.11059260475811772,30.0-100.0,37.9113931562474,-110.7974552364419,21.244878906520967,9.634073778209622,0.494946484825058,1.1734107321130314,0.10790796028365045,0.7364547758205313,0.20634250834120188,0.37168530059353444,0.4951998408292522,0.23817772855737396,0.1068902967984292,1.02470849782101,1.898568339525783,0.035593532,3.5132124,9,3.75
ds005286,sub-002,7,Cz,1000.0,-11.97474479675293,0.179,4.680177688598633,0.301,16.654922485351562,0.025837113782856292,30.0-100.0,-1483.0351395988857,-100.15877204281836,14.535862650643708,5.882668574562876,3.3860306496360852,0.8145516389954037,0.12378047409065276,0.9298492199333414,0.3127445034838006,0.4670102367409714,0.49171347587187886,0.3247236049528871,0.15771725456156244,1.0317939983232924,1.8566829832627483,0.04660706,2.7433326,6,3.75
ds005286,sub-002,8,Cz,1000.0,-21.62033462524414,0.189,-2.172715663909912,0.55,19.44761896133423,0.003184420564603928,30.0-100.0,-434.8524205622043,-75.04582676781214,30.23268459375108,9.70818199936743,1.5395279068264127,2.0618805605980186,0.03240209708648841,0.7573743691471259,0.5554394932476028,0.4098764038375806,0.5001612140844783,0.31000398881529956,0.11197449492314403,1.0293360125340552,1.8215557867010337,0.036203865,3.7167265,7,3.75
ds005286,sub-002,9,Cz,1000.0,-14.941535949707031,0.154,2.125401020050049,0.322,17.06693696975708,0.10780314066546962,30.0-100.0,-79.98937854703586,-177.14810260972922,10.137573331098313,3.0419919122998644,0.3047790688428445,2.8125412108895507,0.22486986312780946,0.5948619239830989,0.2476263450155797,0.5060537701767985,0.5107753143524282,0.3311151436594648,0.1792133761795482,1.0407108637114084,1.733052662575049,0.051261928,2.9328437,7,3.75
ds005286,sub-002,10,Cz,1000.0,1.4952623844146729,0.35,5.8714070320129395,0.3,4.376144647598267,0.11335164681096488,30.0-100.0,-49.900458457984335,52.94363292745442,2.7464093696263996,3.192616488110608,0.6739000203739124,3.0553684829342505,0.4197467976227949,0.7601534248085086,0.33360841566704086,0.41648116407257485,0.5145501695572479,0.39412077144913327,0.27093473771884546,1.0353396200606024,1.7145378521027776,0.0722257,2.0894976,6,3.75
ds005286,sub-002,11,Cz,1000.0,-17.291189193725586,0.15,6.334030628204346,0.419,23.62521982192993,0.05976997469704308,30.0-100.0,-3044.849984213317,-56.22846439889554,22.932534212542162,5.78689760426173,6.523579921362535,1.3055775116107835,0.13896698079543499,0.7604802257628948,0.3103054380947644,0.5703868311918947,0.5024557715983105,0.3188572695563443,0.12448819539990794,1.0307982163010658,1.84491856503411,0.04476332,2.9421105,4,3.75
ds005286,sub-002,12,Cz,1000.0,-3.0789990425109863,0.173,9.140308380126953,0.394,12.21930742263794,0.034395348745842914,30.0-100.0,-539.8588426661177,-144.56492800929573,1.5232724434263036,1.2585736405968533,0.8356287397369825,2.044976687887797,0.11676560295426236,0.7961571708622893,0.2362926487322255,0.23715354027780258,0.5173632948600327,0.3761146030400384,0.28003168508303117,1.0365514689578057,1.6850997647979036,0.08003027,1.869498,3,3.75
ds005286,sub-002,13,Cz,1000.0,-12.084150314331055,0.2,12.869208335876465,0.322,24.95335865020752,0.017758713222742632,30.0-100.0,-3683.5232228591885,-38.12988794462473,17.684779871052562,6.179985142706766,1.5922529451325784,1.5940896011103405,0.1331643977424066,0.7197294818222405,0.3269805267660753,0.2667148238665882,0.5058545871622626,0.29729676542619754,0.17714642541024392,1.0291015040537739,1.7711041156712035,0.049762413,2.7843885,4,3.75
ds005286,sub-002,14,Cz,1000.0,-9.513975143432617,0.35,5.141165256500244,0.423,14.655140399932861,0.013580586898430112,30.0-100.0,-69.64712474174587,-116.27717323092521,4.875540733337402,2.8660001355191307,2.1022721281591457,1.2396888240973378,0.03429561478971863,0.7564979033723167,0.19315587810192375,0.2623820381240115,0.501076400452376,0.3460987937868656,0.22501468269995203,1.0355244965503607,1.7389351743754877,0.060858935,2.4521487,9,3.75
ds005286,sub-002,15,Cz,1000.0,-11.44248104095459,0.264,7.324553489685059,0.377,18.76703453063965,0.2565393878549805,30.0-100.0,-82.91608003305635,-497.9078597001779,4.211658113672254,4.039974244400345,0.31506635670392014,1.3402096025819386,0.3289585664334891,0.8417581058923111,0.46453366806115554,0.21855899910557783,0.5232847255058133,0.32743937400827283,0.19947911810019084,1.046636191324913,1.688347265814075,0.06872622,2.333069,7,3.75
ds005286,sub-002,16,Cz,1000.0,-4.467532634735107,0.15,9.025070190429688,0.428,13.492602825164795,0.10187989890641622,30.0-100.0,63.29388647616884,11.237312335153698,1.5848058045373508,7.985252452875744,0.8768509746788609,0.9635804716154485,0.13975359103923687,0.758541271278714,0.5309749125101995,0.2511768496178316,0.5079420314655129,0.3098359225545817,0.18768476747471813,1.0321951387077843,1.8062445767869135,0.054548923,2.5571387,7,3.75
ds005286,sub-002,17,Cz,1000.0,-6.930729389190674,0.35,-0.5273128151893616,0.371,6.403416574001312,0.03013132264387005,30.0-100.0,-64.66948299471592,48.02766021682782,4.437712268215438,2.3457554812965857,0.3502874425328133,1.546210037765571,0.24711378138185316,0.623390039329608,0.5798835055863854,0.10415695652225081,0.5231825871496962,0.37707750228064457,0.19892683699078192,1.0403444714864318,1.7366827662585274,0.060042188,2.590967,5,3.75
ds005286,sub-002,18,Cz,1000.0,-7.73077392578125,0.193,15.596487998962402,0.309,23.327261924743652,0.21412234376795677,30.0-100.0,-847.9103129142695,-377.3396068885851,3.5673418267320978,5.311413425187292,0.5725153600931427,5.56797667775514,0.33893856738586875,0.8934664347692989,0.3357088068566015,0.257357439541775,0.49938806083651527,0.3979549772090634,0.21724611129427368,1.0347683010394693,1.6790672872317738,0.07388217,2.0976956,8,3.75
ds005286,sub-002,19,Cz,1000.0,-26.224775314331055,0.15,21.225433349609375,0.366,47.45020866394043,0.0656546482332071,30.0-100.0,-965.2163407384421,63.9928723763913,115.50240299677876,22.16324848551861,0.26262601574967626,1.863101617196424,0.18574662202943354,0.786758827925513,0.264977678059906,0.5600280892510553,0.5045760292594318,0.20302126376941648,0.09740893550252332,1.0303767633378054,1.843087233330374,0.031987,4.3410587,8,3.75
ds005286,sub-002,20,Cz,1000.0,-2.361168622970581,0.156,6.5073089599609375,0.447,8.868477582931519,0.008556401381009549,30.0-100.0,81.15295247862876,42.64087813424579,1.5817658684229876,1.3810203355901378,0.4136870789871891,0.7222103395320466,0.032767151926289415,0.5732750256737635,0.30752453300186067,0.26238596760528987,0.5269365233211841,0.39225057617908565,0.3393720213201916,1.0489317214138738,1.7046804588257567,0.08725926,1.9049637,8,3.75
ds005286,sub-002,21,Cz,1000.0,-7.871055603027344,0.215,8.910087585449219,0.498,16.781143188476562,0.0569837315385537,30.0-100.0,-160.16685071006188,-95.48705333263526,2.0360944009118285,2.206435792983306,0.8036876624485227,1.5106859216911013,0.09765492627360498,0.6784576954970377,0.11235919399214445,0.19095825103271463,0.521890765570085,0.3782364468173787,0.25465408141453105,1.0376672098095379,1.6870237532782506,0.069524385,2.1759582,7,3.75
ds005286,sub-002,22,Cz,1000.0,-8.154375076293945,0.187,6.679872512817383,0.406,14.834247589111328,0.04482181825129053,30.0-100.0,-473.35370410797157,-153.29742260892453,5.256803662874855,2.738584159613978,0.7943310066809531,1.5973926115611554,0.15594368109287327,0.7581029446136084,0.19404127616812922,0.3041252509904397,0.4956462512439611,0.3848447803050771,0.31227382436428325,1.0368393102566424,1.703911219286076,0.07782867,1.8815078,4,3.75
ds005286,sub-002,23,Cz,1000.0,-6.782534599304199,0.312,1.934075117111206,0.452,8.716609716415405,0.04030059797340918,30.0-100.0,-15.085817713838637,-324.1644705602052,16.396647420495782,2.8056721973101646,2.7643047876813176,1.6653362297753775,0.06035461725482832,0.8841677291341699,0.039879700767851786,0.17044588366351843,0.4902675379495078,0.34782160097529924,0.14046498168791538,1.027707196213192,1.7923131161531793,0.04528334,2.9333231,4,3.75
ds005286,sub-002,24,Cz,1000.0,-5.550373077392578,0.15,5.012479305267334,0.333,10.562852382659912,0.05103675102519167,30.0-100.0,-142.47151839163752,20.456783935761408,1.9796291546075377,2.7994767542552204,1.1853411314093178,1.2179614643211762,0.05276748515561233,0.6576009836477361,0.24143643530794706,0.3019491357402858,0.5121537481764241,0.3504105139285172,0.24464879382393645,1.0395736031970793,1.7310694093680876,0.06876267,2.048163,5,3.75
ds005286,sub-002,25,Cz,1000.0,-9.294795989990234,0.277,-0.5264414548873901,0.478,8.768354535102844,0.010649685094961735,30.0-100.0,-53.502985084606294,-70.17008254814905,3.7942775478638238,0.6354266444797916,0.5023727290638279,1.4772896151514219,0.030195699914515792,0.6545678696245997,0.3397794570262983,0.1763898401409986,0.5111042364637611,0.3882107283230899,0.23974390467114226,1.0392648801396032,1.7048740973879064,0.06703548,2.1484406,4,3.75
ds005286,sub-002,26,Cz,1000.0,-0.20812153816223145,0.301,9.305509567260742,0.436,9.513631105422974,0.08680842553511894,30.0-100.0,-259.7694063414777,-44.09953275548879,6.61216671273658,0.921935239986627,0.5395865020291523,1.1567346571834054,0.16543243807684302,0.6305900920979843,0.1777897295551793,0.24710662587477264,0.5223647108628283,0.3941382996753752,0.20308692734520514,1.0417770741241852,1.6682720159766815,0.05943168,2.663299,5,3.75
ds005286,sub-002,27,Cz,1000.0,-4.31097936630249,0.166,10.207136154174805,0.465,14.518115520477295,0.02651034877760353,30.0-100.0,-7.56063292842015,58.024940231249786,6.9538242412063305,1.1744711560493832,0.34091784541270825,0.9457502497585447,0.08282018903693658,0.5507236812123047,0.2529165621690739,0.053578861954689166,0.5002043508018439,0.3036319410631669,0.16052713547868597,1.0282870562452215,1.7700327349126992,0.05129942,2.660979,4,3.75
ds005286,sub-002,28,Cz,1000.0,-0.1321558952331543,0.188,16.677959442138672,0.533,16.810115337371826,0.06882658805902603,30.0-100.0,-739.987103723921,-9.014593558925878,2.248941198173294,2.388734267104611,0.5564871972858837,1.858127265176286,0.18299170573826662,0.7437441997415568,0.21884305435697957,0.06770837511297054,0.5224152827652313,0.3797180343920688,0.17217151409578385,1.0437238554400219,1.662913703437313,0.051574696,3.056015,4,3.75
ds005286,sub-003,0,Cz,1000.0,-10.738819122314453,0.345,8.876931190490723,0.54,19.615750312805176,0.007573678152384662,30.0-100.0,-11280.642823027587,-113.23981191165873,5.059123171553363,2.1937914217484247,2.0952221423751367,2.371628920689275,0.036266489934187705,0.5367119738307499,0.19761422593803535,0.36422245510185436,0.4947458316410484,0.3372419196108692,0.19300760579168985,1.0252289529716747,1.8094080891997883,0.055682715,2.1595154,3,3.0
ds005286,sub-003,1,Cz,1000.0,-1.9207712411880493,0.35,10.3585205078125,0.496,12.27929174900055,0.025609655661636626,30.0-100.0,-389.8951816859032,0.9667874155786637,1.6783919768381064,1.1912399404718397,1.2341956799223475,1.1435521758274154,0.02999205037649492,0.4240182970755618,0.3246813459152603,0.33578955601627664,0.5027452018646927,0.3738088367933673,0.17613754079099675,1.0249655153680988,1.8125283348163677,0.05375877,2.2523282,2,3.0
ds005286,sub-003,2,Cz,1000.0,-5.3432488441467285,0.35,6.465487957000732,0.479,11.808736801147461,0.020051796072318127,30.0-100.0,-97.67932706334841,-255.90997575449154,1.0360315954777826,1.8869414842882901,0.2528776339235632,1.0396630361626598,0.04139340852621074,0.6345447661070522,0.3195937755567254,0.12100536713614914,0.505096572944525,0.3617293326891437,0.24504300830475867,1.033641487293802,1.7686386232583027,0.06879081,1.9543831,4,3.0
ds005286,sub-003,3,Cz,1000.0,-2.0679149627685547,0.227,8.765345573425293,0.503,10.833260536193848,0.002936820149543479,30.0-100.0,-262.42434111833524,51.33604286657278,2.480120161397343,4.2340681039532875,0.8294239441774259,0.852360305367048,0.02578553284582763,0.6752570826778678,0.11212910111514267,0.07086989377066304,0.4952142287962493,0.30689210794786154,0.15027753667665283,1.0227009551773862,1.867500492528499,0.048566822,2.547426,4,3.0
ds005286,sub-003,4,Cz,1000.0,-9.058186531066895,0.15,8.829023361206055,0.541,17.88720989227295,0.002946377348140417,30.0-100.0,79.62488183044746,32.14185866261149,8.000862849803928,4.164157644096146,0.5352159716048328,1.6255877275313435,0.04345833886148417,0.5599598850877411,0.1185145552679745,0.48354916216237687,0.5042979668762464,0.30316291771341924,0.1648292532187024,1.0293623680059876,1.7733763136963936,0.055788025,2.3940737,5,3.0
ds005286,sub-003,5,Cz,1000.0,-2.290062665939331,0.241,3.137993097305298,0.314,5.428055763244629,0.07360278712633286,30.0-100.0,-57.485383953833804,-74.97308505974215,1.9920132930217913,1.4753818975040038,0.48113477051456544,2.593970359339234,0.18936537450835378,0.5106433099519821,0.37898856209913556,0.29634647685007853,0.5095071694671873,0.3975180349055436,0.22513678964021505,1.0288096702725535,1.7904656407640267,0.0685495,1.9985179,6,3.0
ds005286,sub-003,6,Cz,1000.0,-9.800762176513672,0.213,9.5502290725708,0.328,19.350991249084473,0.08384572428109058,30.0-100.0,-473.91332100407186,-92.76577179181861,4.359163534098804,2.076304547662344,0.8316460695039147,1.93127899841053,0.1179825949806524,0.7911339747928385,0.2858898511645108,0.13320958554942824,0.500498824925962,0.365152274647754,0.20833310587415166,1.0263912072789814,1.7361988878119679,0.05971102,2.2346206,5,3.0
ds005286,sub-003,7,Cz,1000.0,-4.438957691192627,0.198,4.350835800170898,0.3,8.789793491363525,0.01973906549796651,30.0-100.0,47.3743445873693,46.92978303828593,2.0150785043951407,2.7443316086018648,1.4919600926017127,1.4228719998808463,0.020869079235201524,0.5302983308564562,0.3591833068367656,0.45919325047540555,0.4847985642549349,0.3510836806342744,0.22234288691853557,1.0210695900048687,1.8163052564664917,0.060279235,1.9995869,4,3.0
ds005286,sub-003,8,Cz,1000.0,-15.966617584228516,0.35,3.3856635093688965,0.46,19.352281093597412,0.02458674192831735,30.0-100.0,83.07383620930034,-3.2350385814397726,9.801655313150995,10.247509963769097,1.5901712479522563,3.8824064138197607,0.1018866174161719,0.8950437388878841,0.1795122149650781,0.41113800162597297,0.4885522452525743,0.31896364140685457,0.1543644849580596,1.0273127058995,1.8467175489837286,0.048470613,2.4646175,5,3.0
ds005286,sub-003,9,Cz,1000.0,-7.456928253173828,0.329,9.130902290344238,0.462,16.587830543518066,0.014091138525040769,30.0-100.0,-1621.3726897951367,-155.64910226666407,1.6016082282071635,2.4282468542803928,7.220578478126224,3.7223760381787514,0.028193594120001792,0.5788703850789914,0.10266060818238085,0.4762990398213467,0.4923295552764323,0.3665639596214536,0.23250560925900435,1.0220854596820599,1.8191373880955557,0.068854086,1.6807098,7,3.0
ds005286,sub-003,10,Cz,1000.0,-16.277862548828125,0.195,4.287198066711426,0.395,20.56506061553955,0.012948529181019302,30.0-100.0,-1086.3805215624943,-292.1868072792493,8.799081637248081,3.6331433699477653,3.276117501592265,0.8413577907109893,0.06180844384698359,0.5391111661810826,0.47448214083502604,0.4463714462190331,0.49803425817628955,0.34230355705053367,0.16104400190296062,1.0293608640546446,1.811944283243546,0.04741931,2.7130346,5,3.0
ds005286,sub-003,11,Cz,1000.0,-13.147607803344727,0.299,6.535510063171387,0.346,19.683117866516113,0.033733040330339456,30.0-100.0,-46.28208912886014,-194.04411279370515,1.017801968027299,2.2516986903022316,4.74883630855234,2.9002947652181166,0.06884352533918833,0.8499840830623121,0.3432267048197385,0.08563504084212088,0.47423360410783216,0.3505624144270057,0.2916375647081456,1.0262118232442574,1.82806791689524,0.07540614,1.5742819,6,3.0
ds005286,sub-003,12,Cz,1000.0,-14.950769424438477,0.35,5.633115768432617,0.473,20.583885192871094,0.09791675778819432,30.0-100.0,-146.83514507574102,-57.55819989609229,4.681437182241222,0.654906146104275,4.313563930075386,1.8865723663178189,0.15272839193237703,0.7247463589410355,0.07915789479777333,0.18330639385941827,0.49578947004532853,0.3616844789061723,0.17769172291091936,1.022870061208047,1.8368685927319863,0.05413107,2.2386105,6,3.0
ds005286,sub-003,13,Cz,1000.0,-6.532261848449707,0.329,10.693918228149414,0.3,17.22618007659912,0.003557652539542964,30.0-100.0,-457.61543408317965,-867.1530208628575,5.1655234824804035,2.2325147931504326,3.9830698024948745,3.0469524857074384,0.01177498993130978,0.8795558742286469,0.23885062226181386,0.2781240843543917,0.4922294793660253,0.3646275500695283,0.18778488001764446,1.0179764743127009,1.8179021698349362,0.061629783,1.833815,2,3.0
ds005286,sub-003,14,Cz,1000.0,-6.216279983520508,0.234,10.633682250976562,0.541,16.84996223449707,0.05064852802588373,30.0-100.0,-23.856620493256838,-116.73520390915111,0.31866417674721936,7.06658537988525,1.5209717769072397,1.6266988338664852,0.12958704412873848,0.5692569646567297,0.4010625773274715,0.11375753691143763,0.49318080966023,0.3318453521826762,0.1996483440774705,1.0189168139468563,1.8382592571347653,0.058052324,1.9700676,6,3.0
ds005286,sub-003,15,Cz,1000.0,-7.7124786376953125,0.215,7.444336891174316,0.313,15.156815528869629,0.03274429680778913,30.0-100.0,-737.2935472748852,-237.62624826459287,6.810316631981852,7.029668604758681,0.8864845009675697,1.065154128876431,0.07741364074468253,0.6416860764386724,0.35307182032169854,0.10275473389548279,0.5019234048010646,0.2825027674592363,0.1478421968653448,1.029697295793906,1.876158462868801,0.049222376,2.5504422,7,3.0
ds005286,sub-003,16,Cz,1000.0,7.648459434509277,0.35,16.05792236328125,0.328,8.409462928771973,0.03913486398092052,30.0-100.0,-107.54533908657571,-239.6420578618292,9.453024504319677,0.7057607537766011,0.5185155861584112,1.6535743241499157,0.06724306117434004,0.5821288825436515,0.4215461969552525,0.28119706235302055,0.4947458316410484,0.332304910274374,0.09880985151115006,1.0223028613422063,1.8085965393885985,0.03427667,3.359568,7,3.0
ds005286,sub-003,17,Cz,1000.0,-7.624788284301758,0.285,3.1497268676757812,0.344,10.774515151977539,0.001666344325357098,30.0-100.0,-1314.5356610348745,58.17701279272849,0.8128228515684273,2.6067213861315155,0.9561817799503607,1.7298074035009123,0.0058928512290065274,0.2116414004817309,0.6539793107145975,0.2479727194952785,0.48555813742277787,0.38242793194052493,0.23346516064737588,1.0249642426655017,1.7402475200777257,0.07623102,1.7028584,7,3.0
ds005286,sub-003,18,Cz,1000.0,-20.652938842773438,0.32,6.212811470031738,0.492,26.865750312805176,0.028097369918487207,30.0-100.0,-33076.497899399474,-690.2054244528096,20.652651389880926,13.503447224641347,1.6996834704137664,2.702661532961394,0.08894653043179716,0.7388481287008264,0.551468509171701,0.0254132294283841,0.4897586061036083,0.2884702838767819,0.12905213068116467,1.0252416018693271,1.8153886108353394,0.042663287,2.6914363,8,3.0
ds005286,sub-003,19,Cz,1000.0,-9.807473182678223,0.164,3.9275293350219727,0.3,13.735002517700195,0.023963752657153878,30.0-100.0,-150.4610728226428,-86.8451929275128,8.461579366211886,3.6898390963657044,1.5218065065496105,1.164287544237026,0.10863054685445216,0.5279486149762656,0.3098223989753714,0.2626007745233282,0.49506749188835625,0.31080238631245904,0.11161820964925818,1.0239611627374117,1.8051506494747815,0.036881827,3.4722471,9,3.0
ds005286,sub-003,20,Cz,1000.0,0.03145505487918854,0.232,6.592639446258545,0.33,6.561184391379356,0.0792876751096211,30.0-100.0,54.18257725650827,-60.58731379168888,3.051889260257124,2.6516645782927952,1.2395158327379976,1.815201170932704,0.1579850598345091,0.5395915689350144,0.2080200479242218,0.3794414091174754,0.5055459668875687,0.4037590646921276,0.2753729956249811,1.0358173185270156,1.7254288112955702,0.06949659,2.021462,8,3.0
ds005286,sub-003,21,Cz,1000.0,-4.8333258628845215,0.165,7.593334197998047,0.43,12.426660060882568,0.02642115287966479,30.0-100.0,50.042302228939384,79.21859080463496,0.6992846694294276,1.7261970519490295,1.1080209409753963,1.9990118601866949,0.058653793478815865,0.40398125217472136,0.38048952312760076,0.13407623240195332,0.5046437664969964,0.4026002131290003,0.23043475495759969,1.0315868767688032,1.7369252557508272,0.0679244,1.9398975,8,3.0
ds005286,sub-003,22,Cz,1000.0,-2.983224391937256,0.164,9.934264183044434,0.539,12.91748857498169,0.05675813251722794,30.0-100.0,40.942197562271176,-38.35833664562352,1.590498941190764,1.9061108275867586,1.024617537541871,0.9453555354052587,0.0890129651694458,0.4958051011741787,0.3036484298863104,0.6555316574620743,0.49396149887218643,0.3576503131764172,0.19081339294426766,1.0327585309768026,1.778162061609261,0.060704824,2.0790699,6,3.0
ds005286,sub-003,23,Cz,1000.0,-1.8913748264312744,0.196,15.545502662658691,0.503,17.436877489089966,0.019145385072941085,30.0-100.0,74.05328361594007,34.108998886249445,2.618905442139417,2.2748649517254087,0.4235735032852165,1.1547005432477007,0.1334852129069475,0.5296845508802775,0.052136285965107824,0.3651889631856423,0.5006791688755619,0.3062079562335662,0.1513265694647523,1.031917357075474,1.824726157013187,0.04925716,2.419786,7,3.0
ds005286,sub-003,24,Cz,1000.0,-5.148402690887451,0.15,9.243112564086914,0.373,14.391515254974365,0.022010764564406753,30.0-100.0,44.99503611143441,-113.9171236215666,5.448024360241821,1.4939436670413422,0.8883616007393125,2.592717829707195,0.0963792527919843,0.05212711384488468,0.27101786481594536,0.4454569987896768,0.5026830167087724,0.36741055441360093,0.21665237220747433,1.0311456617624524,1.7411288298001222,0.06011496,2.1937387,6,3.0
ds005286,sub-003,25,Cz,1000.0,0.9385313987731934,0.166,10.052621841430664,0.36,9.11409044265747,0.10135129398319173,30.0-100.0,-912.5386154516658,-26.893802538020406,5.436130686684797,1.7592705678728129,1.073529515890911,1.8032193349283623,0.1111177564898612,0.4579653818714485,0.2966962914214991,0.1301201973188234,0.5094654906977281,0.3710843472191385,0.17320104507951645,1.0306317657459865,1.8175748325462289,0.052443933,2.545567,8,3.0
ds005286,sub-003,26,Cz,1000.0,0.21288204193115234,0.223,10.055740356445312,0.335,9.84285831451416,0.07273067501522287,30.0-100.0,-6.983322499504231,-165.83408771582845,9.831626989468353,2.0681594174921702,0.18374355185309732,2.153952799315722,0.05325669999803097,0.6516452395896132,0.4487911087917643,0.396628384485425,0.49590935812210235,0.36125823633572784,0.17569078239575775,1.0309022995875798,1.7895786032794696,0.055034593,2.4123552,3,3.0
ds005286,sub-003,27,Cz,1000.0,-4.458597660064697,0.223,13.024598121643066,0.407,17.483195781707764,0.019686808971951,30.0-100.0,-613.8589812564907,-327.02513157045246,2.5766540182285116,0.2560354624518279,0.8910104516608335,1.5598689862315054,0.016508322969858946,0.44441176965581514,0.13089858026098466,0.28001550755168086,0.5055831049473133,0.39030405343645225,0.20957105899862183,1.0315643874512028,1.7694722175873048,0.061910942,2.1707077,4,3.0
ds005286,sub-003,28,Cz,1000.0,-5.634721279144287,0.26,8.894245147705078,0.55,14.528966426849365,0.005479428571123772,30.0-100.0,-805.1611825092534,64.68694043975279,0.9942595887263527,5.094553005946727,0.9016674280695858,1.5434018428231717,0.025889807394519924,0.5395327922609267,0.41449259063569627,0.2156347592142889,0.49954898307691514,0.30244582653139757,0.15019290749840045,1.0245486516011988,1.8467777811569197,0.047147296,2.5597296,6,3.0
ds005286,sub-003,29,Cz,1000.0,-17.678598403930664,0.331,8.204009056091309,0.456,25.882607460021973,0.0263879491603359,30.0-100.0,-82.7140687195967,-562.6062371552716,5.567754677741826,3.670052405070517,0.7933360027287826,2.0264792240552447,0.07764642234765255,0.6214239577899494,0.0162300585814866,0.17073952571974943,0.48083983393306473,0.34899703052447767,0.15562352038615765,1.0183926078977348,1.804675627022745,0.05102733,2.2729094,6,3.0
ds005286,sub-004,0,Cz,1000.0,-8.127095222473145,0.314,4.81544828414917,0.489,12.942543506622314,0.037438631379852406,30.0-100.0,48.427534508096436,-86.68841179771411,1.276310057804137,0.6791745022055047,2.2981296501202007,2.4353261152230674,0.16160752911277518,0.5547069569974199,0.2870024294123849,0.526668532878488,0.5189806927228269,0.39745868469687484,0.3215221420282489,1.0375289799240612,1.701422064848484,0.08265545,1.802978,3,3.25
ds005286,sub-004,1,Cz,1000.0,-7.757061004638672,0.157,4.7272844314575195,0.342,12.484345436096191,0.07251396621674149,30.0-100.0,68.44758177775354,-45.57662495585055,0.565057920165914,3.8462236904013025,0.8485720438115738,5.080161310244479,0.15042031876955536,0.20663861787355692,0.2267346312368508,0.4053270983480036,0.5113789179572213,0.41522237922919775,0.3459138017082208,1.039280586289609,1.7136637171320441,0.09243794,1.5938591,5,3.25
ds005286,sub-004,2,Cz,1000.0,-3.9654526710510254,0.188,5.901091575622559,0.318,9.866544246673584,0.11177102581175492,30.0-100.0,72.08116472992698,-9.38176760423465,5.367087868024718,0.9975942734475931,0.9415567285080464,6.475649071189592,0.10929120566835755,0.2859706410649326,0.29357215615111326,0.24824317056918432,0.5000948154427273,0.413830419319752,0.2826573812828759,1.0332937486521188,1.7410885853459142,0.07739004,1.7747185,3,3.25
ds005286,sub-004,3,Cz,1000.0,-13.384943008422852,0.265,11.147945404052734,0.398,24.532888412475586,0.10183223950027478,30.0-100.0,-5372.188923125248,-117.61023459959381,9.051977595796066,6.156776774339748,4.028205072443175,2.2908880584123854,0.16305430748717856,0.34730187224670994,0.19627552110410101,0.28734549205846166,0.4931316540656684,0.321753306281892,0.1904293962749518,1.0249707961301056,1.8571626666363243,0.054381892,2.2183752,8,3.25
ds005286,sub-004,4,Cz,1000.0,-22.734956741333008,0.211,17.978652954101562,0.361,40.71360969543457,0.06560344376888848,30.0-100.0,28.869456772484277,-491.7135284241547,19.08299237588931,14.839357329526301,1.0435262345579701,11.66629463384604,0.3845302301169684,0.5697618049976756,0.47715784300246195,0.7061635844885744,0.5271339210630457,0.35579816854354246,0.25347667772862315,1.0474450480367317,1.6357897367361847,0.07093584,2.2772067,9,3.25
ds005286,sub-004,5,Cz,1000.0,-6.056682109832764,0.15,6.34244441986084,0.484,12.399126529693604,0.03773964175613409,30.0-100.0,85.76477956101397,-133.51066110621196,2.8612531647168833,1.0123127672436767,0.152611788713707,4.097125706956469,0.07622736403042522,0.04069784731474964,0.2105207772509665,0.4267245458540873,0.5211061633576766,0.4076411465421694,0.40185458685474235,1.0387166994338397,1.5986928620644891,0.1074663,1.457443,6,3.25
ds005286,sub-004,6,Cz,1000.0,-6.487090110778809,0.269,13.00400161743164,0.399,19.49109172821045,0.10524845585248858,30.0-100.0,17.460079882373027,-1623.2513408622765,2.797358374749119,2.5648669847240715,0.9034226889350963,6.834163695375345,0.22569971702868385,0.5609847964810663,0.2797301395887808,0.3232663927046221,0.5136085874280225,0.3968257724511247,0.30513836067363587,1.0374781724462518,1.6371680754027338,0.08626676,1.7882005,6,3.25
ds005286,sub-004,7,Cz,1000.0,-6.896580696105957,0.29,8.035685539245605,0.529,14.932266235351562,0.08536116169951913,30.0-100.0,-155.71197853829452,-94.59343203300857,5.93967866421275,1.6442641169328933,0.43370985693725184,3.4806914214090297,0.24822815393804146,0.4121481678339717,0.4408247536932217,0.22449446049682364,0.5138517751849049,0.36081600369188827,0.23027219867155327,1.0396008100562362,1.6687482426347706,0.0663769,2.3669658,6,3.25
ds005286,sub-004,8,Cz,1000.0,-11.857583045959473,0.189,4.9381866455078125,0.536,16.795769691467285,0.19122811242891943,30.0-100.0,-7.926074235377878,-103.39635297397203,2.128575208052149,3.3732227956282834,0.9745488090070582,2.2179203192712724,0.22898470700635243,0.4091435860421953,0.30924255028920106,0.1267730060140919,0.5119317847692091,0.3415198956770007,0.24745794907405155,1.0392106881686622,1.728514406040754,0.06574743,2.3232405,7,3.25
ds005286,sub-004,9,Cz,1000.0,-5.884243011474609,0.263,5.8687968254089355,0.546,11.753039836883545,0.11394068795497947,30.0-100.0,-405.47252113548717,36.061123148094154,2.198592043346358,0.5764442761650889,2.541530277832235,3.5012471432757297,0.1694892443959762,0.5715211337823976,0.3664253932696374,0.36172924316634597,0.5043135696563253,0.41869279489714006,0.31444287950962146,1.0341115520172417,1.727687936175023,0.080273196,1.7649722,6,3.25
ds005286,sub-004,10,Cz,1000.0,-11.41034984588623,0.23,5.889917373657227,0.532,17.300267219543457,0.0499850124166346,30.0-100.0,-208.57238358099903,-67.01008059856022,1.6710651039944902,4.514759441591658,0.1720369655998645,2.5873479136698916,0.11283175365468796,0.6507069806626536,0.2783255042178655,0.30599087369233374,0.5056634308091352,0.3578502601739017,0.2545941975143486,1.036128081591987,1.676159242480388,0.074394226,2.0354145,8,3.25
ds005286,sub-004,11,Cz,1000.0,0.4465363025665283,0.33,11.64355182647705,0.502,11.197015523910522,0.12749315561005167,30.0-100.0,66.43638974634507,-247.50429131382683,4.310934048778606,3.016894453770577,0.472955488404476,3.2938871518207447,0.17748783462530207,0.32002386130913874,0.10744471504695927,0.10797694847332505,0.5005695526928045,0.4005255705864044,0.2980984963337083,1.0354189931848672,1.6950377597144244,0.07711152,1.8646626,9,3.25
ds005286,sub-004,12,Cz,1000.0,-9.396672248840332,0.279,3.555793046951294,0.417,12.952465295791626,0.17461794572705164,30.0-100.0,24.03770509446503,-58.77943424757439,0.9376044146361017,0.6150905121444463,2.266439329109234,2.6611905197688395,0.3508854235471084,0.30673148754065405,0.29467551154103827,0.3324815751563784,0.5146945246463626,0.41934287921037267,0.35449893358479745,1.0395862314438309,1.6915128102125057,0.09573252,1.5958723,6,3.25
ds005286,sub-004,13,Cz,1000.0,-4.225486755371094,0.15,6.590425968170166,0.53,10.81591272354126,0.0313849600459891,30.0-100.0,-142.23190825941728,-155.79609100065352,9.278991510812503,2.1907943202705678,0.21271847114049625,4.411188056578779,0.07173293438152066,0.576454871907642,0.16308600680183746,0.10688454316158467,0.5177110042698897,0.3605160077272671,0.273511520785743,1.0406347008293504,1.6577510957800943,0.07799236,1.9412495,7,3.25
ds005286,sub-004,14,Cz,1000.0,-8.038591384887695,0.166,7.940639972686768,0.498,15.979231357574463,0.09907143751022177,30.0-100.0,-436.4090236613521,51.408968259491274,0.6065709344819435,2.632235084866048,3.8196508680675976,4.011456382261396,0.10849211813424478,0.43984846315208964,0.3057567479628055,0.16089228407733974,0.5050501927271283,0.40434887327701846,0.338645787050575,1.0292953972757717,1.7383351460168945,0.085157126,1.6582409,5,3.25
ds005286,sub-004,15,Cz,1000.0,-6.4958906173706055,0.305,5.990185737609863,0.479,12.486076354980469,0.010171349983891196,30.0-100.0,47.106105461626804,32.88830729530633,2.214345762652906,1.289758297896941,0.5170977059400307,1.6206891403081813,0.018382784344136836,0.48161626252018536,0.15139293030949943,0.25484984262986515,0.5123282202705339,0.34237536992185125,0.2585151490376019,1.0397135234657593,1.7059833616305444,0.0711124,2.0624242,6,3.25
ds005286,sub-004,16,Cz,1000.0,-11.385973930358887,0.35,11.279221534729004,0.549,22.66519546508789,0.011023031903070806,30.0-100.0,-70.68889150999016,-293.99522592231835,2.992746237247818,1.0375651085416429,0.636138286561468,2.5194618234888435,0.020283206236974896,0.690744768944094,0.19257637407602385,0.23873026309063491,0.4996689785176934,0.39403963705924333,0.1656333823829507,1.0279446854514382,1.7573895895398375,0.05512537,2.3983817,8,3.25
ds005286,sub-004,17,Cz,1000.0,-8.2967529296875,0.333,10.165555953979492,0.542,18.462308883666992,0.03878439647314729,30.0-100.0,-6559.3043397387855,13.579426153768823,10.13160228200017,1.6259335055864605,2.410384182395469,2.3846331607554516,0.04578103057281683,0.5555698452531193,0.2682969714442004,0.21024921010683634,0.5000934136923133,0.35620407072925053,0.19884988096569264,1.0307389207233464,1.707720351278672,0.057808742,2.3230155,7,3.25
ds005286,sub-004,18,Cz,1000.0,-5.956684589385986,0.235,4.686635971069336,0.328,10.643320560455322,0.01760509549936892,30.0-100.0,30.495780226287234,-256.7110140783251,0.13884974356232155,0.9053233394876832,1.1545398523751955,2.5122460478153927,0.0284651806319609,0.18375581766012908,0.1955841008249541,0.2061319337444099,0.5077126565024686,0.42262671129656243,0.3663656157006446,1.0316519032735627,1.714922833906792,0.09488154,1.5178564,1,3.25
ds005286,sub-004,19,Cz,1000.0,-0.07212626934051514,0.171,9.175168991088867,0.331,9.247295260429382,0.06979278325417175,30.0-100.0,19.559604271356783,-11.884396173712691,4.168629910916785,0.16952768282408714,1.6772193331829583,2.771327294797929,0.1224593588670604,0.5621915996535664,0.15748520884588194,0.10600509154235487,0.49719288488291846,0.4182519882795024,0.2935063285417653,1.0323934622790596,1.6948374825139154,0.07356356,1.8936739,8,3.25
ds005286,sub-004,20,Cz,1000.0,-0.15124112367630005,0.337,9.342977523803711,0.522,9.494218647480011,0.028620107005429662,30.0-100.0,83.269823241368,-299.49186920520066,3.9934229506768872,1.4624174572651445,0.1489221967020786,2.9182307769468965,0.11743186876568706,0.39362429374694424,0.17708212339469742,0.35005960802390784,0.5075838508121016,0.3712784290774714,0.23368276520238085,1.0292848130421421,1.7317834834468384,0.06562011,2.1242044,7,3.25
ds005286,sub-004,21,Cz,1000.0,-7.3103203773498535,0.233,9.3472900390625,0.319,16.657610416412354,0.04389628031100352,30.0-100.0,-1243.5443199850758,46.69460187307114,5.195963263643965,4.050345187975749,0.7874634774292217,1.7480394478936936,0.06384842414970632,0.6160244244172111,0.21303389818350937,0.3202277363084095,0.5036760048905132,0.3585722604371583,0.18925418130465257,1.029172125476809,1.7558651043902744,0.058813013,2.3351817,10,3.25
ds005286,sub-004,22,Cz,1000.0,-5.050909996032715,0.211,4.722384929656982,0.3,9.773294925689697,0.05415927983759373,30.0-100.0,88.09939184784379,48.492446714775376,2.3978553654483368,3.947795165101113,1.4031208580262648,3.6101104251287883,0.20236761680933305,0.6336153716937105,0.3495894057703417,0.40931391667402395,0.5156207866511938,0.3923938537406483,0.25177821083176555,1.0399332423024468,1.7207383239250411,0.07360701,2.080431,8,3.25
ds005286,sub-004,23,Cz,1000.0,-4.478606224060059,0.177,3.7770168781280518,0.334,8.25562310218811,0.02424836039643982,30.0-100.0,56.58481511806476,33.132267283754146,0.3410981147323676,1.376762622336833,1.1263702738695216,1.768867544143499,0.19842953262143007,0.4856457650288792,0.05932020224379487,0.46983757824886685,0.5180231735744519,0.42319367247721185,0.34174213683229776,1.0344964925595035,1.7338576383617494,0.09066236,1.5320193,3,3.25
ds005286,sub-004,24,Cz,1000.0,-8.242725372314453,0.204,10.787446022033691,0.308,19.030171394348145,0.06415784494375772,30.0-100.0,-3.487231509816609,-4.143051862911349,6.810824429155321,1.4340800463690213,0.6567304902250046,7.72490941265083,0.09467333678613801,0.4591556503651923,0.14780326060823476,0.25574231127175967,0.5077488352184465,0.41216707661910906,0.38164674070178617,1.0390172309111618,1.642315195135241,0.09355803,1.5893917,8,3.25
ds005286,sub-004,25,Cz,1000.0,-5.8813323974609375,0.344,10.136201858520508,0.408,16.017534255981445,0.16250597940880013,30.0-100.0,47.4316230893583,-271.13194445999915,1.3715729332393598,4.5653121188266415,0.44716866511218945,5.42002750537901,0.2736656939094932,0.2702341946386682,0.4920650715176977,0.2302106423549567,0.5118571086297283,0.41385852718700933,0.4028824867482383,1.0372388148237441,1.6295493095500966,0.108543,1.3611008,6,3.25
ds005286,sub-005,0,Cz,1000.0,-10.209614753723145,0.207,18.140565872192383,0.351,28.350180625915527,0.21311707651881498,30.0-100.0,-244.17215297268632,-46.18013608545094,20.62107058661627,3.5366720781474483,3.098563666348981,1.200800798792024,0.5152854763902386,0.43471435734695535,0.22870605235543348,0.32663573023464765,0.5042886701025173,0.3093616180078146,0.10564936493752142,1.0338186233587148,1.790449194993894,0.038720865,3.7390296,6,4.25
ds005286,sub-005,1,Cz,1000.0,-4.980309009552002,0.17,15.499208450317383,0.3,20.479517459869385,0.016742579074363582,30.0-100.0,-260.6713122370857,-4.753659757548141,24.914537232935626,0.6045944633150471,1.2247270339072474,2.5165831043770512,0.027612500686848895,0.6920331049319847,0.29066925346286954,0.21073212682034143,0.5015964780429023,0.32853118364934125,0.11985579921450307,1.0244215253949311,1.8154053303894868,0.038866535,2.9649231,7,4.25
ds005286,sub-005,2,Cz,1000.0,-22.626720428466797,0.153,7.475545406341553,0.318,30.10226583480835,0.030876150932446573,30.0-100.0,-10.341075539686743,15.987001145872885,58.79941764602915,23.14017483185187,4.369447286861982,3.1175845148626893,0.07805730479420045,0.7385644363555166,0.37946283993575697,0.2795688646922223,0.4924174285452328,0.27750651423271255,0.12108774746703686,1.0269649483571346,1.866799243561866,0.04081007,3.0779192,8,4.25
ds005286,sub-005,3,Cz,1000.0,-17.321645736694336,0.159,5.956666946411133,0.36,23.27831268310547,0.0724581057131636,30.0-100.0,-722.23696183229,-251.90827482858856,10.044133623485163,17.507176023476926,3.5996261434205765,2.560570344047727,0.1593556275045322,0.5651249531381248,0.5040448903340043,0.0698826513606094,0.51209672556586,0.27327231291242077,0.1696391515147223,1.0330506244178073,1.7863768217699711,0.056166776,2.424623,6,4.25
ds005286,sub-005,4,Cz,1000.0,-21.970434188842773,0.15,10.107038497924805,0.342,32.07747268676758,0.014471533090192732,30.0-100.0,60.23963681842238,-79.86243209132978,37.587063161699675,22.26006971479918,2.7788258948416074,2.3815994348364584,0.08714623181099933,0.7720683241702503,0.35943030447298746,0.29231088949777667,0.49558226142755585,0.26069632874990883,0.1375119593223592,1.023201091452846,1.8844202056334276,0.04357668,2.7961154,7,4.25
ds005286,sub-005,5,Cz,1000.0,-8.357255935668945,0.221,15.250250816345215,0.465,23.60750675201416,0.029039738731359007,30.0-100.0,28.368279110383483,-30.632841766067877,3.848333337595407,8.358477223065,3.894591801174474,2.0970827822349176,0.03852807847694898,0.8344384745839782,0.5374832844682454,0.24758042510112693,0.48605232077568056,0.3219904173360835,0.20573154673689562,1.021280303653505,1.8063372343696413,0.058192052,2.0186343,7,4.25
ds005286,sub-005,6,Cz,1000.0,-1.3626857995986938,0.295,8.96194076538086,0.351,10.324626564979553,0.010848449507622513,30.0-100.0,-2222.578887164905,8.737625008953978,3.81128213778717,1.9365822964582533,5.290787042708826,0.9906773003734043,0.029329742079519033,0.7584629482282951,0.4321018157682493,0.330817424530191,0.48836890067947625,0.34714892340410075,0.20880163911029254,1.0237963298499533,1.8147772283301484,0.06471507,1.8487847,8,4.25
ds005286,sub-005,7,Cz,1000.0,-4.247188091278076,0.172,10.379495620727539,0.388,14.626683712005615,0.04955519957532794,30.0-100.0,87.73399403648419,-33.84788461046278,2.848228921371612,1.2485355006470924,0.6383232912927304,1.9761923179609264,0.09798680234165792,0.418745654626426,0.49122259403309343,0.21825959587901442,0.5107865202295383,0.3363652802347215,0.18007632820409455,1.0325222287441358,1.7290310568474083,0.05878156,2.3600726,7,4.25
ds005286,sub-005,8,Cz,1000.0,-6.265634059906006,0.309,-0.7621166706085205,0.367,5.503517389297485,0.00926169630085785,30.0-100.0,55.44814154256623,-124.922413837636,1.877662509712871,4.08511315281198,0.24820883219832177,1.0515332953812146,0.06446440996933107,0.8039496578134941,0.2975900620171041,0.44639064580603294,0.50562549741406,0.3421664342205974,0.16317684933717658,1.0326408099676616,1.7630226705048584,0.04963847,2.8849068,7,4.25
ds005286,sub-005,9,Cz,1000.0,-4.818960666656494,0.249,8.675860404968262,0.52,13.494821071624756,0.10917392698644182,30.0-100.0,-29.215235016134077,-1253.6188712123037,1.2040866929603602,2.9922384235358783,0.4814870812652112,1.9315570845091912,0.0926152128583379,0.5895472822829808,0.1584971487414364,0.4335884285810832,0.5150450070233588,0.3858814419464603,0.2678226377741222,1.0358959854696288,1.7494596672642204,0.06911494,2.1602414,7,4.25
ds005286,sub-005,10,Cz,1000.0,-2.1949238777160645,0.265,4.791558742523193,0.395,6.986482620239258,0.012802636627289199,30.0-100.0,97.83745823807874,63.189351994913565,2.324890614085139,0.7607204204923436,0.7292864788385658,1.327907025698287,0.1708971926553078,0.8682789160167025,0.2705768229010343,0.05030116602818505,0.5009780987151643,0.37266287204720566,0.2632232664457067,1.0348011551793954,1.7655548708830755,0.07542544,1.8100826,8,4.25
ds005286,sub-005,11,Cz,1000.0,-4.6078691482543945,0.306,6.833375453948975,0.546,11.44124460220337,0.05148668034354107,30.0-100.0,77.26961639800761,36.8417799906029,0.3220352791787252,0.2685242583696109,1.497733837756412,1.9711291874354735,0.03334811587398835,0.4914852944122412,0.2975729390307237,0.30463071623913235,0.501835386668377,0.3942262986761961,0.35096032252669357,1.0271949243568448,1.7670077226052512,0.08955676,1.5168899,8,4.25
ds005286,sub-005,12,Cz,1000.0,-10.430277824401855,0.168,6.627126693725586,0.443,17.05740451812744,0.1185924070466478,30.0-100.0,-395.7808162924373,-340.24842758091734,6.648296521321253,1.1374906251221466,0.4264540747056128,1.6820592248603519,0.2541023214951173,0.6471124458878791,0.08831929742600059,0.2525038740395992,0.5117764085397302,0.3626604533541395,0.17060868560649378,1.0412475545481226,1.7075367686274219,0.049811378,2.8861213,7,4.25
ds005286,sub-005,13,Cz,1000.0,-12.810354232788086,0.262,0.9696216583251953,0.55,13.779975891113281,0.0802969732560276,30.0-100.0,-556.7089108584,-143.04961158494217,4.650929725659674,1.0453553066137231,1.0097271594302635,1.985139586651629,0.1272559361466038,0.5402148435767037,0.28356654969278533,0.2928051422929976,0.49822298308925134,0.3942646574487741,0.18705615835216022,1.0291013468853791,1.7971363549565065,0.054159865,2.5215285,7,4.25
ds005286,sub-005,14,Cz,1000.0,-10.941920280456543,0.244,9.924165725708008,0.315,20.86608600616455,0.060736171580389374,30.0-100.0,-8.664637604822538,-91.08754054198313,7.969061092584168,4.683012273017892,0.9800082984298767,1.1818552871423873,0.07398339686228447,0.37479867970909103,0.3456731889127754,0.14009216254081694,0.4823034373660047,0.3388952695880306,0.13556130665986788,1.0233300770669296,1.8105167841292453,0.04642502,2.4526577,7,4.25
ds005286,sub-005,15,Cz,1000.0,-9.922012329101562,0.15,2.4807419776916504,0.331,12.402754306793213,0.07071511201439078,30.0-100.0,-355.33062492345664,37.82496334157971,18.680838183742782,9.47330291739579,5.075113490207347,1.0014178167271957,0.10988705656739685,0.7841740710354012,0.25995019520595025,0.28063130288163557,0.48355374381630967,0.3039877407194119,0.09991987870238557,1.0198294775742125,1.890492609839146,0.039315976,3.0719285,7,4.25
ds005286,sub-005,16,Cz,1000.0,0.5871002674102783,0.234,11.695289611816406,0.513,11.108189344406128,0.02385428559823457,30.0-100.0,-639.379397573313,-1068.330967431841,5.602773630394125,4.678746703991481,0.540941081254781,2.0286243524687664,0.028577843135512197,0.7209934744496249,0.0965722109878852,0.22986110951011113,0.49579810257823104,0.36978164372638544,0.14479217201664582,1.0228105864456565,1.793595473164474,0.044015836,2.920991,5,4.25
ds005286,sub-005,17,Cz,1000.0,-19.611364364624023,0.15,7.997068405151367,0.442,27.60843276977539,0.04781554529748909,30.0-100.0,-435.9597144699585,-565.736766002271,14.27319523496977,17.001200198597964,6.1650804092034655,2.6835843747053767,0.18732469607820995,0.6208180747807015,0.35912457231527306,0.30875389928172725,0.5045127579619197,0.30206641168828363,0.1370662375357,1.0295911338971473,1.835962588165088,0.05427485,2.341305,6,4.25
ds005286,sub-005,18,Cz,1000.0,-7.889474868774414,0.18,3.302631378173828,0.3,11.192106246948242,0.05929858159618009,30.0-100.0,45.88258188153236,64.97033291324531,7.704282574330794,2.0740471788569375,0.26461659423122136,0.6933906823644759,0.05888865008939964,0.3918625020264054,0.4244877656215455,0.5777419937730631,0.5043364992523744,0.28928098663484353,0.15105478155450328,1.0303520738066383,1.7688460597518816,0.046472818,2.6523395,4,4.25
ds005286,sub-005,19,Cz,1000.0,-1.5868544578552246,0.219,8.951010704040527,0.383,10.537865161895752,0.005003388466862738,30.0-100.0,22.549140905446478,-11.027028983441278,0.893023299191821,0.7216912620885916,0.6588492108370436,1.6268936805551109,0.13384239788137348,0.46395135362702966,0.5159797329087145,0.7132760375126181,0.5169151312270845,0.4172343857373174,0.2337420830138215,1.0354379815502295,1.6995920584155562,0.070961975,2.0558484,6,4.25
ds005286,sub-005,20,Cz,1000.0,-5.827704429626465,0.19,7.611661434173584,0.437,13.439365863800049,0.04420347701099134,30.0-100.0,-624.2038903712868,-129.803329202303,1.2693648597641074,5.225055159527506,0.3396607811390097,1.0805991576461493,0.054643917935391584,0.9051140798956379,0.20801856749032932,0.0792287001381284,0.483279201738542,0.31580616362781555,0.17333017484313087,1.0280023385950279,1.8372002836772447,0.05169113,2.2875898,6,4.25
ds005286,sub-005,21,Cz,1000.0,-5.883534908294678,0.234,5.450568675994873,0.378,11.33410358428955,0.0771373129418172,30.0-100.0,50.40326997316181,-103.42733482942714,1.3780311725777339,0.7900034349316631,0.7254821015780296,2.8704668164716307,0.10130465958457129,0.45478853426357724,0.3860908357719206,0.29940274469067135,0.5000878880911367,0.41944445237761563,0.25447536977889307,1.0333543179410156,1.721654088035806,0.08031209,1.5763371,7,4.25
ds005286,sub-005,22,Cz,1000.0,-6.625436782836914,0.169,4.084197044372559,0.407,10.709633827209473,0.012242136499389383,30.0-100.0,-136.69529719446197,10.2588837935087,3.855525719603476,1.271818523666305,3.1384098013815405,3.8495286823675183,0.1423258594555871,0.7877183782992695,0.2245801220108407,0.55696661144665,0.4907843261399015,0.39773567222114553,0.24371367091148494,1.0256762777934296,1.7834346089860695,0.06905089,1.8978262,5,4.25
ds005286,sub-005,23,Cz,1000.0,-2.8029000759124756,0.275,9.151412963867188,0.402,11.954313039779663,0.051922650523978264,30.0-100.0,-357.5559265704408,-135.72450181849584,3.574482476406965,1.7305674417963566,5.109772764220748,1.425910986066857,0.12798113426808788,0.6828144929854085,0.5051519590054495,0.5245791041597191,0.497887915256938,0.35391723915373097,0.23422168067900695,1.0249374947680396,1.7988069136826033,0.06533211,1.9268277,6,4.25
ds005286,sub-005,24,Cz,1000.0,-6.9777913093566895,0.35,-1.6558265686035156,0.429,5.321964740753174,0.05403098624638155,30.0-100.0,-82.11823255298464,-85.15753524172565,2.3808109508899684,0.42571279568624537,0.5201688666851753,1.5664055620988908,0.07427836879239548,0.4167334802066313,0.31431165174500686,0.26771423940108163,0.5009469274626936,0.37288423685883515,0.17966144810210605,1.0382669432489593,1.696590229490323,0.053574517,2.8782372,6,4.25
ds005286,sub-005,25,Cz,1000.0,-12.84395694732666,0.239,3.5740551948547363,0.319,16.418012142181396,0.04867410103794563,30.0-100.0,-488.81715796033546,-25.05941063672022,6.525801500919524,3.7723997986144666,4.1020186442249225,1.2627624111719322,0.1588811359787042,0.7080461011232474,0.675607844260859,0.40183476763945813,0.49547807459134197,0.3442661306649773,0.17384922130232192,1.0210165442043142,1.8457515199159547,0.053985137,2.2695003,6,4.25
ds005286,sub-005,26,Cz,1000.0,-2.2390267848968506,0.24,4.049487113952637,0.43,6.288513898849487,0.0018432236991807066,30.0-100.0,-128.11207472310164,-21.112992601760368,1.3492124591365902,3.9826839930738642,0.33566950263246714,1.2377136465488674,0.019813837293725534,0.5020276602911204,0.5744170889825475,0.36525360046650895,0.4984353655751397,0.3752813295705204,0.2621016207154286,1.0309015578188088,1.7441494021073867,0.076212294,1.8504844,5,4.25
ds005286,sub-005,27,Cz,1000.0,-8.899713516235352,0.15,0.3172492980957031,0.304,9.216962814331055,0.005656142505748127,30.0-100.0,60.04491779071201,-40.80013884479984,7.069086261118423,1.2511037596057974,0.7913360386656869,1.474442282954146,0.022976878189867673,0.39472492325829855,0.019892289319118298,0.6031712607886754,0.5081563959998863,0.38724477773887506,0.1863728161281548,1.0284927916182023,1.7660305620340815,0.055197697,2.5017939,4,4.25
ds005286,sub-005,28,Cz,1000.0,-4.25124454498291,0.15,12.769567489624023,0.536,17.020812034606934,0.011146292059108893,30.0-100.0,-88.07983040565001,26.320046767349893,3.81540034904861,1.958182894032486,1.1311082477442562,2.10683984675762,0.03378241756891427,0.7431390143256668,0.07959749331299924,0.47709819049761526,0.5074071412943703,0.36002878532357324,0.18599185731253878,1.0326282606090982,1.791553415888493,0.055246957,2.421082,5,4.25
ds005286,sub-006,0,Cz,1000.0,-3.5520179271698,0.155,1.6487696170806885,0.3,5.200787544250488,0.032444783051398085,30.0-100.0,-384.29820732643935,-200.06457181095308,3.0684293837975973,1.6987967107457407,1.1375878547854739,1.7612477781025735,0.0910253305991176,0.3078610495687391,0.32107353258584553,0.1460288632945684,0.48311443909391616,0.3410843967090192,0.1411913147849678,1.0208094468630247,1.9123002161866824,0.04560799,2.4994633,4,4.0
ds005286,sub-006,1,Cz,1000.0,-16.018291473388672,0.271,6.020326137542725,0.427,22.038617610931396,0.0562987305696948,30.0-100.0,67.50013413401098,-426.398431136694,7.409168798042323,8.928082362396205,2.15904141769028,3.4603728425919544,0.04893546580131993,0.9180282333535148,0.09642683708937866,0.2614950930568193,0.48721345887630635,0.3376014716163512,0.20690557687116373,1.0209694303005468,1.8003658895492927,0.057746056,1.981132,5,4.0
ds005286,sub-006,2,Cz,1000.0,-20.905088424682617,0.182,18.96718406677246,0.345,39.87227249145508,0.054853588415296306,30.0-100.0,-23.905861393582096,-107.09705888420673,63.359632079265225,22.821227400734212,1.0789881205056007,4.450538992617159,0.1750663272673547,0.2848894990791611,0.5274512344016138,0.2943557189749728,0.48256466763981776,0.25820902797964596,0.09728354902108202,1.0254887806517967,1.839717245944839,0.034860533,3.1499598,7,4.0
ds005286,sub-006,3,Cz,1000.0,-21.623685836791992,0.153,21.572568893432617,0.3,43.19625473022461,0.04611227483149157,30.0-100.0,41.05982977542643,57.86181400828604,85.39460210768416,21.80160269488505,3.5030647004219593,2.4017933363324393,0.07373810826034963,0.7991747022174611,0.710625921019925,0.48011777356397356,0.4754128489836237,0.22050537534319214,0.10613300817292866,1.0173085633412118,1.9009082640042183,0.035059404,3.1247299,7,4.0
ds005286,sub-006,4,Cz,1000.0,-21.663795471191406,0.151,27.066566467285156,0.307,48.73036193847656,0.04692700686123383,30.0-100.0,2.7416200351741815,-205.93277962064715,83.34243892961813,35.29462644977125,2.003141963124672,2.625072755324721,0.07303316728886966,0.530381562037257,0.28656555448650395,0.3926647681837421,0.48268892767637334,0.20916217902782674,0.0826329401429717,1.0134570629355908,1.9311368859577236,0.03205565,3.123448,7,4.0
ds005286,sub-006,5,Cz,1000.0,-6.406052112579346,0.254,17.656726837158203,0.504,24.06277894973755,0.06105488903214358,30.0-100.0,-93.67372786264696,-144.9646019311664,12.366355722408315,4.647505005509421,2.462709419735264,2.0956012281329763,0.06830889738478299,0.37861460390459306,0.5122882274312235,0.5154803195431304,0.4798093546681282,0.2751257526487841,0.1029847318120441,1.0176792473696914,1.8693832557040713,0.032912467,3.3118002,4,4.0
ds005286,sub-006,6,Cz,1000.0,-12.259355545043945,0.265,15.018792152404785,0.418,27.27814769744873,0.011348277061696933,30.0-100.0,-654.8230192031028,4.939725982539824,8.247858676211814,3.0849758581104334,1.4196624038751329,3.6674186496372094,0.0360308981351897,0.07577397820879155,0.33135467889154413,0.3681838131610777,0.4911116721717604,0.32704356715277455,0.16968151545025786,1.0216127155626769,1.8680357996784194,0.050051544,2.272245,4,4.0
ds005286,sub-006,7,Cz,1000.0,-20.618297576904297,0.2,18.484251022338867,0.332,39.102548599243164,0.0648710711204269,30.0-100.0,-1865.9131849828213,-692.1965084370522,48.82856214483094,8.720854675597806,6.934157222277847,2.631585615026567,0.15662204370290525,0.48647352183742787,0.5765016906940232,0.4377450806184706,0.5011859819984035,0.2754855999438561,0.10869074679023746,1.02145172081996,1.9002864291686263,0.037879243,2.9863398,4,4.0
ds005286,sub-006,8,Cz,1000.0,-11.927092552185059,0.15,13.512640953063965,0.49,25.439733505249023,0.07113435428699878,30.0-100.0,75.99372070955557,-114.94162358396025,11.789660607273385,5.694815473471842,1.1662425892996076,2.8481029189056346,0.20132517151797538,0.6509613892011389,0.3148978298912271,0.19126583309433262,0.5120901447371076,0.34206727698099193,0.17517912348957312,1.033886048410367,1.747611380943663,0.0567454,2.4504137,3,4.0
ds005286,sub-006,9,Cz,1000.0,-10.003437995910645,0.211,9.593833923339844,0.323,19.59727191925049,0.011719219277910255,30.0-100.0,-436.81169209567724,-1775.5767917356125,0.981143093797131,12.089820336819225,3.5788739693416214,3.2156727728449415,0.06269589436329712,0.8520117431363449,0.7750863069841845,0.39853183252645574,0.48956587542269075,0.3081920194965322,0.17962640663374965,1.0210093843906298,1.8768662106204697,0.055877708,1.9875151,2,4.0
ds005286,sub-006,10,Cz,1000.0,-15.800863265991211,0.214,9.56110954284668,0.452,25.36197280883789,0.11981411065192851,30.0-100.0,-50.64693242859987,13.306685936912107,9.48193546934477,7.884994331131234,4.815385952906125,1.3430509385502958,0.13665317261920926,0.8258265508694645,0.6120146421716532,0.40562357955320766,0.49814864732407754,0.3443197215615386,0.16917960285907477,1.0274834993295336,1.828996117909526,0.050427586,2.4435694,3,4.0
ds005286,sub-006,11,Cz,1000.0,-9.973567008972168,0.196,6.360343933105469,0.3,16.333910942077637,0.0630094012591818,30.0-100.0,-51.4099846684794,-964.9386089929685,4.187622689512805,4.032306943696559,4.958454862683512,8.06292824521578,0.07795693545948079,0.591757680234907,0.5108855429160735,0.36979323884460347,0.4936408057252042,0.3910947846743086,0.24689254004117836,1.0272522921972727,1.7446866999591748,0.07310715,1.7320848,6,4.0
ds005286,sub-006,12,Cz,1000.0,-15.776286125183105,0.183,10.363059043884277,0.342,26.139345169067383,0.15100865503461997,30.0-100.0,-355.2505416978869,-11.22664480378302,11.647164887778633,21.030373631518636,2.5493129178236638,1.4696423146257651,0.19865985183304055,0.7372928076024965,0.6734647908053814,0.1860893241723133,0.48359975073755634,0.27037140682788335,0.14248552423688868,1.0200595268293164,1.8662339935943768,0.04498127,2.4535992,5,4.0
ds005286,sub-006,13,Cz,1000.0,-14.323403358459473,0.179,5.123997211456299,0.512,19.44740056991577,0.0524402596221739,30.0-100.0,-81.05931391806698,-103.97366591305726,16.60483949853895,14.175245552825082,3.447155510545703,4.128360597790943,0.06077473356966989,0.5080723107894397,0.14623245382954073,0.18499797649334596,0.4752410131608238,0.2938673544453987,0.16147510610638335,1.0212164186974229,1.862748513293126,0.049428716,2.309739,4,4.0
ds005286,sub-006,14,Cz,1000.0,-7.883255481719971,0.15,19.46181297302246,0.322,27.34506845474243,0.011105547586889258,30.0-100.0,53.96215711841662,-8.245909029050633,21.337582189155604,10.341120480697242,1.0493805385985466,2.90817550934446,0.07323652029952589,0.7257719636961631,0.3668780803314029,0.1452909705910268,0.4877457120772575,0.29924149155603624,0.12993194865123134,1.027708483779339,1.8035983605754713,0.039279427,3.2355733,6,4.0
ds005286,sub-006,15,Cz,1000.0,-21.10805892944336,0.254,7.995336532592773,0.524,29.103395462036133,0.030516280026429317,30.0-100.0,-33.17900220895621,-77.33591248480607,48.39903083149257,12.339478724540006,1.8105661697048983,1.513831154107386,0.11018223326718989,0.8310526387699757,0.35487914799393444,0.24568913049109864,0.49598881141805595,0.2362754765220504,0.07835159345332297,1.02560584229825,1.8357109696245817,0.03243504,3.6692915,4,4.0
ds005286,sub-006,16,Cz,1000.0,-12.661813735961914,0.183,2.7545342445373535,0.491,15.416347980499268,0.00442305918195943,30.0-100.0,-134.1919308336599,29.196996239089597,8.491434876318115,1.1242068766489144,1.1211220882047421,2.391233990644906,0.05272648514846868,0.4810202384654845,0.24793968663944374,0.2489889764243467,0.5122990744861402,0.37108514015610394,0.15939250494514492,1.0313156237793253,1.7488622687720592,0.048858777,2.8736625,3,4.0
ds005286,sub-006,17,Cz,1000.0,-6.391136169433594,0.196,14.792030334472656,0.342,21.18316650390625,0.01709249573461837,30.0-100.0,-902.7700601608249,-167.00027318086663,12.454391716587688,2.633259047678652,3.220103887818365,2.783498020799258,0.10637956410274119,0.22710711188172383,0.2992478736258607,0.5285459622199535,0.5036335069569503,0.3026124964249331,0.1555125535019388,1.0299856886928738,1.8208327840906289,0.048378944,2.6359763,4,4.0
ds005286,sub-006,18,Cz,1000.0,-4.485166549682617,0.21,15.482726097106934,0.312,19.96789264678955,0.07184830344515289,30.0-100.0,24.70811888501282,7.257040812537717,12.248865639859114,3.0376414016931093,0.8371049800802943,2.063040182275592,0.08847648785417421,0.3884679362834277,0.4959134274073003,0.16842242773933144,0.48716497264498937,0.2867944362466757,0.11080937070759282,1.0224338987583945,1.8403236567962487,0.037558064,3.1128495,5,4.0
ds005286,sub-006,19,Cz,1000.0,-11.37735652923584,0.318,-0.3517352342605591,0.496,11.02562129497528,0.009751960167851719,30.0-100.0,87.6561765174815,-179.6191056417561,2.633979397264622,0.9091496798359725,1.2415891614526542,1.8694315324811375,0.03639374846117544,0.6611366807601613,0.18236467329523165,0.09200691598423803,0.48681245584779737,0.3272993986847231,0.15795223679739703,1.023771920503077,1.8504454577375633,0.050505556,2.4024255,4,4.0
ds005286,sub-006,20,Cz,1000.0,-18.646669387817383,0.233,18.114274978637695,0.349,36.76094436645508,0.12418161007916972,30.0-100.0,77.58338849413674,12.937028624296579,50.32106245000672,6.7319901748978985,3.3229455831445147,1.021836477059966,0.23740459433244665,0.7689970914886152,0.6072364970026122,0.19614369523593805,0.4796007163405306,0.29263914269384167,0.09812751589728426,1.020563728732542,1.865345241686266,0.033661,3.4675183,4,4.0
ds005286,sub-006,21,Cz,1000.0,-9.312225341796875,0.15,8.770340919494629,0.52,18.082566261291504,0.22716681180387724,30.0-100.0,82.71960602968018,-595.7305910359615,24.323837077048722,4.838397116560518,1.7354542949752718,2.8194990898012184,0.39827115820955666,0.5220312457587098,0.4603138107273414,0.4531503065331061,0.503108129847188,0.3267366144358372,0.1416694558292615,1.0307535026612036,1.815610418902809,0.045716435,3.0324197,3,4.0
ds005286,sub-006,22,Cz,1000.0,-10.357101440429688,0.329,0.5649008750915527,0.486,10.92200231552124,0.10962936687165296,30.0-100.0,-733.0999893395499,-52.9566012085839,11.594601926475464,5.278079279519608,2.3730970117016454,2.053472985586897,0.23908825427615701,0.5669639041771221,0.5342424606689571,0.3735372690229032,0.48707771376954206,0.2951257569898838,0.14002317132446668,1.0164493411689233,1.8589077539426437,0.044385966,2.5392113,2,4.0
ds005286,sub-006,23,Cz,1000.0,-10.668620109558105,0.25,6.5448503494262695,0.55,17.213470458984375,0.0760803089752905,30.0-100.0,92.72775657235495,27.65505195795439,1.3264726917698697,8.013887225456957,1.2349709289584645,2.3389654430446027,0.14608654449327854,0.38725931978862,0.5691279104419859,0.6920392233458016,0.4962908919517614,0.3564265610167217,0.2380260763288565,1.0290530486529028,1.770329068544874,0.062026434,2.167849,2,4.0
ds005286,sub-006,24,Cz,1000.0,-22.423358917236328,0.15,4.849648475646973,0.55,27.2730073928833,0.03169765502941235,30.0-100.0,4.863242914280385,16.51944106411855,42.96145931332807,13.510745436316988,1.0668720458773735,3.4420763501084997,0.15204869171419522,0.7730450730552259,0.26491157222146033,0.30423764356516153,0.5023151395364509,0.270760623675095,0.117047039195637,1.0280387856198823,1.833370484763525,0.03818888,3.42493,4,4.0
ds005286,sub-006,25,Cz,1000.0,-12.039072036743164,0.161,29.607683181762695,0.329,41.64675521850586,0.05537475353058883,30.0-100.0,60.446150464090856,-237.55443872822224,35.9897094878981,14.920340526381821,1.9296674299716419,8.762558506642536,0.13917455457389505,0.6065037723148283,0.5045181651425052,0.10879395162248308,0.5054332128091865,0.2929404365996826,0.09920080027892177,1.0249215503032412,1.827852753901418,0.03709496,3.1574287,5,4.0
ds005286,sub-006,26,Cz,1000.0,-3.885523796081543,0.35,6.90575647354126,0.306,10.791280269622803,0.006283476909406453,30.0-100.0,88.149823030011,19.35020786830714,6.643965029954645,2.7019120876849945,0.14547352471309283,4.233421383634392,0.03286831366900168,0.608449944359964,0.4184000643699627,0.10072391349605359,0.4933257233969957,0.3495427495287274,0.24074725573245767,1.0269851190307187,1.77567806089176,0.06417533,1.9426737,4,4.0
ds005286,sub-006,27,Cz,1000.0,-21.520231246948242,0.341,10.001219749450684,0.3,31.521450996398926,0.10040257333128197,30.0-100.0,-412.7363578129298,-1199.3721206703776,2.7112567861389767,5.990912726399108,5.188267053695154,8.505846705539906,0.13664660085577657,0.47390788179907894,0.7515847102349114,0.01341197120479501,0.4930715219095782,0.3596464827129812,0.17306304217761542,1.0218892017611452,1.811773395417763,0.06308743,1.7362776,4,4.0
ds005286,sub-006,28,Cz,1000.0,-16.98613166809082,0.279,16.094322204589844,0.438,33.080453872680664,0.14535846957406492,30.0-100.0,-97.61377759252582,-101.42631207288811,40.573340277296055,7.856640514073176,3.3923041542679817,2.7321926364623477,0.21267161891865527,0.8686021669249665,0.4414296061503057,0.026215064835756415,0.49137722483630886,0.26897645869948156,0.12389674886041482,1.0258594109672785,1.8770266210341053,0.040120367,3.0527792,4,4.0
ds005286,sub-006,29,Cz,1000.0,-26.339832305908203,0.151,26.99445343017578,0.335,53.334285736083984,0.03426295171506307,30.0-100.0,-564.9279187984239,-488.8388327295903,90.6692445608937,31.586043181085955,2.1253533487711564,3.3100156793649926,0.05091176075094815,0.7781458317591388,0.5680394850965255,0.5148890115841935,0.47791243995446464,0.24896274132714757,0.08486570992525594,1.0181134728415142,1.8678948956551944,0.032989025,3.1284091,6,4.0
ds005286,sub-007,0,Cz,1000.0,-11.594231605529785,0.168,12.001070976257324,0.3,23.59530258178711,0.04718711300474898,30.0-100.0,80.56580347675416,-74.56587677601144,14.185370933202474,12.19145068847114,0.8135587514505273,2.235856818884909,0.12519040203904888,0.6627500365416956,0.48566890729194784,0.2533402794917323,0.49003579864792085,0.3039480694702734,0.14629617141005402,1.0201894693516245,1.7889767838261712,0.048591778,2.2727752,4,3.75
ds005286,sub-007,1,Cz,1000.0,-6.732457637786865,0.35,16.71802520751953,0.437,23.450482845306396,0.015021954311983601,30.0-100.0,-6601.709826726826,-3784.551497192806,6.555987780419623,7.912324218453631,0.9831447117071966,3.1011061955834593,0.05459037242307175,0.6680279444732269,0.17585343293574116,0.34670805962511225,0.49799879911877465,0.31648869479590563,0.12207035108993829,1.026656226226721,1.768719635829922,0.044703566,2.7470717,6,3.75
ds005286,sub-007,2,Cz,1000.0,-5.593561172485352,0.15,5.618687152862549,0.317,11.2122483253479,0.060362174384596456,30.0-100.0,-696.1494383458322,-208.85876845252227,20.573109024505108,8.43817505005594,4.746700497499183,3.0094361052611682,0.07894165694466274,0.6399048411771647,0.404649116133626,0.04666879639438118,0.5013591980860815,0.3088861117713799,0.14227120977933141,1.030123635873909,1.8733739454521634,0.0504343,2.5156636,8,3.75
ds005286,sub-007,3,Cz,1000.0,-7.659692764282227,0.194,19.471302032470703,0.433,27.13099479675293,0.04089240668714999,30.0-100.0,-121.62606084444019,-46.91844345824253,12.810613418392812,1.0266430866175829,1.6980523803787144,4.281360056503498,0.11404894861387554,0.6037278585180521,0.26364676575425167,0.3851398026848116,0.5093873577485747,0.36563673295592536,0.15707957490796093,1.0274586533656531,1.784224347821835,0.04991452,2.629979,7,3.75
ds005286,sub-007,4,Cz,1000.0,-14.959232330322266,0.157,25.204574584960938,0.321,40.1638069152832,0.011734804740477141,30.0-100.0,-958.9919978356651,-831.9622940671144,46.274803322507324,9.484848489242708,0.8185274328428687,3.403504084502156,0.015929524830801317,0.4325025423705665,0.2030713086946475,0.24555660147433114,0.4940004970053214,0.26096310008074847,0.08550513905332666,1.0219210555610465,1.8601097299047147,0.0324,3.408874,7,3.75
ds005286,sub-007,5,Cz,1000.0,-12.081944465637207,0.218,10.058838844299316,0.333,22.140783309936523,0.05112509864055948,30.0-100.0,44.899101522275394,31.494918151463065,5.723003806602147,5.7398893195437,2.9357617160720895,1.6211380915391727,0.12762094698949952,0.630376416327358,0.07563830336585059,0.3098654796826973,0.493149787565488,0.3564873286215613,0.19572875578072682,1.0225688459416147,1.8232646891419366,0.06092224,2.0292645,8,3.75
ds005286,sub-007,6,Cz,1000.0,-8.605521202087402,0.193,12.481532096862793,0.3,21.087053298950195,0.022906217803370658,30.0-100.0,72.818467600352,-6.404116874587144,27.74252663971184,3.6179202378259254,4.023129482248118,14.857731186903672,0.10441139927109004,0.4164370028664692,0.12155712922153022,0.22403986331222833,0.4784363344793681,0.3412656532826287,0.1913192345889005,1.0136816355242333,1.8319713366051045,0.05716485,1.8014247,8,3.75
ds005286,sub-007,7,Cz,1000.0,-8.649957656860352,0.208,18.679370880126953,0.3,27.329328536987305,0.14264669283757078,30.0-100.0,-795.4984809761702,47.36756781658439,13.167101323406122,13.56012231104911,3.51250548738486,4.015969223116465,0.18938221201366573,0.7197219006153925,0.5471486785478633,0.14761579440258155,0.4824027563224557,0.30630119606159883,0.16767349632209588,1.0202764844544128,1.8405394644144122,0.049190816,2.3762553,8,3.75
ds005286,sub-007,8,Cz,1000.0,-5.1037397384643555,0.187,10.054204940795898,0.415,15.157944679260254,0.022060803611574153,30.0-100.0,-20.696575271628635,50.99844312536862,3.180888066942763,2.6655627474536105,1.8663260502767618,1.6709461861954673,0.09389092056324572,0.7933108080835104,0.2890044983714918,0.1762701795373303,0.5164063291428147,0.31524891344324485,0.21769020947324869,1.0346452006958637,1.7947162060369461,0.060918674,2.3139472,7,3.75
ds005286,sub-007,9,Cz,1000.0,-5.842953205108643,0.177,14.449663162231445,0.3,20.292616367340088,0.01750228819723111,30.0-100.0,90.09473311999791,-37.993205289514314,30.640161791599283,9.39809429261846,10.528319948389047,1.1280014093853656,0.06424072604996196,0.8801030689042257,0.3366990356408707,0.5912016884469817,0.4827283002591002,0.29280147480491936,0.13943254696959906,1.0183724636926854,1.845000762535796,0.04573381,2.166727,8,3.75
ds005286,sub-007,10,Cz,1000.0,-13.456480026245117,0.171,3.4633514881134033,0.418,16.91983151435852,0.020816154626881536,30.0-100.0,44.792669293067924,-114.87113156889255,11.667209777662677,6.7968119791689245,0.837293865942664,2.3983052242278524,0.036680409380826985,0.8596092806124206,0.3498092917365254,0.216027990084272,0.49498111200288913,0.30988000765034673,0.1771554125983996,1.0248411740890198,1.7649790952897833,0.05293702,2.4149034,6,3.75
ds005286,sub-007,11,Cz,1000.0,-12.040406227111816,0.15,17.48902702331543,0.319,29.529433250427246,0.06629009803262705,30.0-100.0,78.55097665494964,-38.23391101677155,49.44876269680281,14.705300066500207,2.0125366160263636,3.7679369380484675,0.05339475052838952,0.4444539526730584,0.10540811783686616,0.11392366685960678,0.48920054776529226,0.26582223970213154,0.08929205750375065,1.0192621066205179,1.8529492043842886,0.034738783,3.1357114,7,3.75
ds005286,sub-007,12,Cz,1000.0,-8.749385833740234,0.174,10.526445388793945,0.33,19.27583122253418,0.05546268138799577,30.0-100.0,24.237459451244455,70.39470889509923,21.800017383334108,10.598301887512207,3.083966879151373,3.8571862879102756,0.09499333169355538,0.8269454322348093,0.6726267115796026,0.4032500338506315,0.49349819016575736,0.2775510667801708,0.16030556524362294,1.0232380690571035,1.859829124421977,0.050019443,2.2911274,6,3.75
ds005286,sub-007,13,Cz,1000.0,-16.744388580322266,0.15,10.763968467712402,0.325,27.508357048034668,0.029046582640109907,30.0-100.0,-481.34254329811847,-661.8113608343205,28.06867796361248,4.238136732882586,3.5479663314088974,2.942498969213911,0.031225130539534806,0.6473468752873373,0.45053037909255006,0.15240158244988042,0.4855771776355286,0.2765527615194321,0.1154712068957391,1.0176737235297102,1.8604494460303236,0.039606046,2.8304832,7,3.75
ds005286,sub-007,14,Cz,1000.0,-18.72704315185547,0.154,12.192481994628906,0.3,30.919525146484375,0.09947941737081595,30.0-100.0,44.087751431913915,10.20615395022867,36.06057881515113,10.165946498165916,2.1634643337173536,1.1500084822321441,0.10597523034209283,0.5925895801294458,0.32193520954596794,0.15927014141495238,0.4828658385756799,0.22498805607267366,0.09278752061957322,1.0162581467431915,1.913490804118531,0.033300523,3.197077,8,3.75
ds005286,sub-007,15,Cz,1000.0,-4.370718955993652,0.304,5.8985443115234375,0.498,10.26926326751709,0.05430810057800834,30.0-100.0,33.935178083120476,56.44669279639369,0.6792486937805498,0.40272468459129845,0.45307056686854386,1.497024736397142,0.11972583451666581,0.6276769177544992,0.33654956124249474,0.33129500676761725,0.5075552242350895,0.4262757336271748,0.3297846237113126,1.0396833503473808,1.7047882761213875,0.08759664,1.643995,4,3.75
ds005286,sub-007,16,Cz,1000.0,-9.253689765930176,0.165,3.115635395050049,0.346,12.369325160980225,0.038081912144892975,30.0-100.0,-148.90089751639863,-70.24580936203925,1.9049385808548838,6.150927712994066,4.249365890727322,4.999581918732306,0.11675379872213205,0.509077310316634,0.6109641728967554,0.20705517573520682,0.49509148679873743,0.3533729519281435,0.19974581515723547,1.027429941340419,1.8435320614775486,0.06576947,1.8770928,2,3.75
ds005286,sub-007,17,Cz,1000.0,-7.010892391204834,0.28,7.409313201904297,0.388,14.42020559310913,0.039247664517296374,30.0-100.0,-2114.565815955228,55.270042957999024,1.9820506842631214,8.377664229449104,0.7834881709497857,2.2179079422940156,0.02988486266177602,0.7260446358190306,0.3879712469623953,0.27773674766353573,0.5015261844616814,0.31865090375836075,0.18513204381433399,1.0276085350877076,1.7183913246095301,0.06797901,1.9866227,2,3.75
ds005286,sub-007,18,Cz,1000.0,-10.587764739990234,0.161,13.498274803161621,0.303,24.086039543151855,0.011478504237223295,30.0-100.0,-3544.598824675871,-7.426660198766323,10.292699149128598,4.595176725091204,1.7452402067237363,1.5824117122029888,0.12148654369690949,0.5782348121317281,0.15426422851378568,0.21693955585631655,0.5030641527353122,0.29159610405542097,0.17084598608788257,1.0292085700892317,1.8231068854234735,0.053585555,2.5340173,6,3.75
ds005286,sub-007,19,Cz,1000.0,0.13245511054992676,0.25,14.25855827331543,0.415,14.126103162765503,0.06567690815998421,30.0-100.0,-502.23167854291705,20.92327659295653,3.0702810308644826,1.0677850272890992,1.361320835107175,1.5073257057072715,0.06637158256746023,0.5290201117105509,0.16718708527321532,0.3615852865450664,0.48915056990248923,0.355155581701713,0.18478948638036097,1.0278485818889476,1.7558051252689506,0.054681387,2.422332,4,3.75
ds005286,sub-007,20,Cz,1000.0,-8.961591720581055,0.15,0.7389827966690063,0.302,9.700574517250061,0.014456328519148843,30.0-100.0,-746.0762741545188,-31.79192774629828,6.19402312809037,1.577611404835979,5.323816351303117,2.9285522002094195,0.04534603350006618,0.4810102867328739,0.18797934907404584,0.23001115231740377,0.4958863506115949,0.3834083523729548,0.20134755307470958,1.0250036876613613,1.8002234409667028,0.061793063,2.0106094,3,3.75
ds005286,sub-007,21,Cz,1000.0,-13.476962089538574,0.167,13.179571151733398,0.3,26.656533241271973,0.06238598351299672,30.0-100.0,89.38925814116241,3.0141121245943427,28.957845368210666,10.480096549225701,2.0869101059688178,6.653321127548863,0.21198067608546545,0.7060177799077045,0.11283658059265804,0.4949535836945249,0.5042179288290031,0.2902657937313576,0.1332424448738968,1.0283794302862295,1.8476215566749448,0.049529746,2.5232506,7,3.75
ds005286,sub-007,22,Cz,1000.0,-12.734376907348633,0.238,3.561335325241089,0.3,16.29571223258972,0.04867476851100079,30.0-100.0,-55.23020264906434,-37.60736253574732,5.3299714404920095,3.6191041276404636,2.482830981964806,2.9245162802385574,0.08224030404536281,0.5393768272222131,0.18402944083887507,0.3370152001216008,0.49255436837597677,0.3547862279679041,0.20379687706276636,1.0295663576270953,1.80943046909334,0.060614992,2.04021,4,3.75
ds005286,sub-007,23,Cz,1000.0,-24.461891174316406,0.15,14.588830947875977,0.479,39.05072212219238,0.041894013676488075,30.0-100.0,-861.9644771484594,-4.2166446699540545,21.910855296449313,14.620562901639776,3.4992441154611234,4.349750382918759,0.2583729217980202,0.7424505043985558,0.530421821192707,0.3740125866550487,0.5053133046033299,0.3228044474851723,0.14639975691046078,1.0273768393163987,1.833447052503387,0.049227007,2.648022,5,3.75
ds005286,sub-007,24,Cz,1000.0,-6.166116237640381,0.269,9.237933158874512,0.313,15.404049396514893,0.02254705472501367,30.0-100.0,44.54687922247399,-44.621224853391396,3.2713001761399414,2.5979985672149484,1.8299752546600434,2.091914243772874,0.0520219373264836,0.30944882769487225,0.4361622318638894,0.384356939953494,0.49105186957123054,0.3719995796080095,0.2516842829539934,1.024646660250202,1.7665855949831195,0.07218936,1.6120175,3,3.75
ds005286,sub-007,25,Cz,1000.0,-7.865833282470703,0.171,13.431917190551758,0.325,21.29775047302246,0.025329322664827677,30.0-100.0,24.444231997875306,-3.499185769845936,11.557548345127593,7.0273181574458405,1.8494979258250448,1.7802275962234537,0.03204705701633592,0.7018910750061352,0.3412601162736856,0.33948881836699657,0.49769328343390634,0.30320888908368526,0.1605057955197047,1.0215346586547691,1.8526142536591639,0.051713154,2.2289357,4,3.75
ds005286,sub-007,26,Cz,1000.0,-9.287528038024902,0.15,13.693585395812988,0.3,22.98111343383789,0.0847744834063061,30.0-100.0,58.426147078905565,-88.74124695624226,40.49360844721143,27.24966992284032,1.1043239314601103,1.7555605813439163,0.12956121424052428,0.8684819377455739,0.3937930471202567,0.45203209519995696,0.49744180179023445,0.24471392006109277,0.09542521407442142,1.0248636385325711,1.8667400062493364,0.03684113,3.3638613,6,3.75
ds005286,sub-007,27,Cz,1000.0,-10.187742233276367,0.15,5.122396945953369,0.528,15.310139179229736,0.04258861950716458,30.0-100.0,56.352230047700324,-8.001746859584637,10.436562401605366,1.808693452627624,1.1283244594485065,1.3242504641115993,0.0775352899769157,0.5536680758765612,0.23868100762743494,0.34992157169836613,0.4928486922048807,0.3390281910568226,0.18201161885285594,1.0247486923766662,1.8089049051429624,0.05360365,2.4576697,5,3.75
ds005286,sub-007,28,Cz,1000.0,-5.3462018966674805,0.212,8.963369369506836,0.369,14.309571266174316,0.017411047912124635,30.0-100.0,-720.4763062703622,-42.879376877708495,1.50407207395869,0.8920248965841283,3.580558379402965,2.07706742592313,0.15423325780295974,0.3598139504235081,0.5838002210589077,0.1647276104443349,0.5046779607693754,0.40175804425525,0.27980150018214545,1.0300767449962325,1.7538965533191422,0.08211095,1.730079,2,3.75
ds005286,sub-007,29,Cz,1000.0,-7.741243839263916,0.289,6.277505397796631,0.513,14.018749237060547,0.05289475307669658,30.0-100.0,41.22883821655955,30.753028948839845,1.645956200844175,8.502918925057768,3.2589280777316243,0.6258842999427751,0.08563586640945818,0.7088058344556304,0.46400441781454543,0.3608569234709795,0.48536231875198693,0.3369026078993944,0.18692459194506875,1.020296289651639,1.826518392458815,0.054528706,2.1038613,4,3.75
ds005286,sub-008,0,Cz,1000.0,-16.51253318786621,0.166,11.579873085021973,0.537,28.092406272888184,0.0214118493044365,30.0-100.0,6.657881164682371,-84.18704971753085,24.55869498977915,16.102462444665296,0.7344462498443636,1.6071226542916863,0.015362975801803548,0.5979964690224728,0.041729777484786346,0.3521106737099951,0.496465455039659,0.1967762087241978,0.09681815169977942,1.0267073696894216,1.8720731340662686,0.037925888,3.0731308,3,4.25
ds005286,sub-008,1,Cz,1000.0,-2.425171136856079,0.159,17.20804214477539,0.3,19.63321328163147,0.0061346384102825705,30.0-100.0,-130.76749489311766,-54.38391025575441,23.72844158346195,5.510414050236659,0.7496994654425766,1.3520520720031366,0.07872392668701082,0.7973229078559323,0.0549615743015209,0.47166373740645773,0.49673976480730964,0.21288023387050187,0.12429835424367285,1.0292089808874405,1.8261634422071622,0.039066117,3.419833,3,4.25
ds005286,sub-008,2,Cz,1000.0,-15.205954551696777,0.227,9.20195484161377,0.305,24.407909393310547,0.021233470750636987,30.0-100.0,-306.19596730531043,-56.385465663653676,22.847766219974226,3.8028943882665933,7.014680715829764,4.507756695103781,0.03088899106250771,0.5919374220273589,0.5277907628929991,0.36826646470737767,0.4912155347052479,0.3513113211612344,0.18469327846906133,1.017164004239751,1.8439484736791807,0.056682933,1.9867735,5,4.25
ds005286,sub-008,3,Cz,1000.0,-10.054752349853516,0.15,4.03715705871582,0.3,14.091909408569336,0.04855919086861169,30.0-100.0,-1080.2093953150393,-137.21444176005957,19.46854300292562,12.633256920169913,4.160756607034494,2.9931300083024377,0.03391937985636802,0.6016592340154105,0.5533030744249425,0.2434449112810891,0.4865813964803535,0.2683239052051817,0.13914943852786082,1.020668412524208,1.8417200850803117,0.04800464,2.4604375,6,4.25
ds005286,sub-008,4,Cz,1000.0,-15.561844825744629,0.156,5.626048564910889,0.525,21.187893390655518,0.0025592990646211506,30.0-100.0,-160.2135206199602,-97.39185143249145,19.756209175541713,5.362488056525803,0.42594633955140493,4.4737084128880475,0.04809225963284448,0.34543053480224606,0.46443499154672846,0.42823750564530266,0.49681643332420905,0.3305688787834852,0.19930770688711621,1.031562496838641,1.7680020466835376,0.057868257,2.3356762,6,4.25
ds005286,sub-008,5,Cz,1000.0,-19.328636169433594,0.165,3.1137630939483643,0.434,22.442399263381958,0.07455240792306901,30.0-100.0,49.895977673059875,36.34293054316288,31.339679256528115,16.82273952598445,1.4304350338024512,1.008264707002404,0.09447315116433981,0.7960722968066685,0.05395863319715874,0.49660635887095395,0.48664288607396217,0.21888353650623313,0.10004773317087665,1.0229337899975337,1.871933776158727,0.035413455,3.0495074,5,4.25
ds005286,sub-008,6,Cz,1000.0,-21.124446868896484,0.152,9.855786323547363,0.3,30.980233192443848,0.07504977781081575,30.0-100.0,-9078.682935792722,-16.87213136793724,18.62847553638454,13.42102981169401,4.478861370044331,1.8844289661743798,0.06483069469564892,0.36041202623945484,0.3199673475876692,0.03240488304552029,0.4931362735031207,0.2567156589276484,0.11459469316952846,1.0229398894275552,1.8917999881396432,0.0442837,2.5830474,5,4.25
ds005286,sub-008,7,Cz,1000.0,-10.469998359680176,0.15,3.468628406524658,0.3,13.938626766204834,0.00334172620357264,30.0-100.0,-256.4279576776466,32.614442152044454,6.869712230500317,5.964043402380737,3.6537189627858044,3.2337527436831683,0.02406040258333216,0.7496909670497921,0.30858713367694574,0.4121012833209006,0.485341259179361,0.36341214065220423,0.21472382284813338,1.0211371579478845,1.8461796681518305,0.06166883,1.9169925,4,4.25
ds005286,sub-008,8,Cz,1000.0,-5.641426086425781,0.193,4.924655437469482,0.362,10.566081523895264,0.04347050134412718,30.0-100.0,91.73688208099381,62.58415891444766,3.9103191250833893,2.4102445315573764,1.6893015783714267,2.1234770883267524,0.12326785304288468,0.4994990740744526,0.14258139044927215,0.5460578091296306,0.4824188319444271,0.3838468542805356,0.24213181839811004,1.0205684546348421,1.8039869983205798,0.06721067,1.8184482,5,4.25
ds005286,sub-008,9,Cz,1000.0,-23.432279586791992,0.15,5.499020099639893,0.478,28.931299686431885,0.058037872499674244,30.0-100.0,9.740110575685515,10.495693101012629,65.6123441808364,19.693362196859855,10.77629723374243,2.005162356332457,0.16974219809475566,0.578577902293436,0.3449987231987836,0.33416830563798167,0.497221785645373,0.28172445713807187,0.09279928600318012,1.02245104479617,1.9003449615404246,0.038117226,2.9797757,5,4.25
ds005286,sub-008,10,Cz,1000.0,-9.333855628967285,0.15,9.041634559631348,0.546,18.375490188598633,0.00923865839418363,30.0-100.0,27.24916894254788,-775.9558379432472,25.67787360933327,11.809258561552433,3.4911324260766703,2.488677149078293,0.049178798940856805,0.6454090819433868,0.46096962878771175,0.524239740952896,0.507587092605804,0.31565015947172403,0.1255008882939536,1.0264344320002512,1.7944496601042925,0.04655117,2.6823936,4,4.25
ds005286,sub-008,11,Cz,1000.0,-6.0970611572265625,0.15,7.554274559020996,0.521,13.651335716247559,0.01893383092709627,30.0-100.0,-186.6887916177819,-7.973856256704001,20.743991108766274,19.18827151087889,13.684454821587668,1.4680181138969945,0.026683240303045815,0.6296291486325668,0.5358369529380715,0.43023769343717194,0.48301944245269407,0.2698546679104783,0.12269129062930342,1.0187528824905592,1.9083831791963313,0.044742078,2.2716382,8,4.25
ds005286,sub-008,12,Cz,1000.0,-9.332959175109863,0.15,7.7500715255737305,0.531,17.083030700683594,0.046855289999166314,30.0-100.0,-63.591614867942006,40.28774014681319,37.07736499036986,28.63820252751934,3.2809174947283504,1.5454471977499957,0.06979721451708318,0.7229283145340255,0.3270764749512224,0.20156565329760015,0.48086627830781054,0.2454976767640561,0.10401949359820219,1.0168024170310148,1.9220139962942495,0.0393096,2.644177,4,4.25
ds005286,sub-008,13,Cz,1000.0,-12.011590957641602,0.183,5.167429447174072,0.307,17.179020404815674,0.05872631015287834,30.0-100.0,28.64083155390786,-24.1357426775057,11.123660666564195,6.0561526231839835,0.3121820062431987,2.9392479800026905,0.11441540368866052,0.6356185957468551,0.42977954433478344,0.23299761621082438,0.49838631494184094,0.31702945647396513,0.19821775483911924,1.0249448858941554,1.7963109617383162,0.05467237,2.2706573,3,4.25
ds005286,sub-008,14,Cz,1000.0,-15.33101749420166,0.15,1.462261438369751,0.46,16.79327893257141,0.038853852822998074,30.0-100.0,20.153342656298793,-228.37121927734896,29.759316015719833,15.801526068582652,5.850541075644031,3.123521052309199,0.09792496489726424,0.5615765525485039,0.25725891869223244,0.2707128426167397,0.4860637778572127,0.27845761951431,0.1198351079945109,1.0192946747987077,1.881023623786458,0.046066765,2.5747511,5,4.25
ds005286,sub-008,15,Cz,1000.0,-17.849170684814453,0.15,7.754976272583008,0.532,25.60414695739746,0.010436810620691708,30.0-100.0,-674.7967714034553,-4.843224973970315,24.03849105326899,14.735533050638722,12.15961823585163,3.446173667597619,0.03799767161048895,0.6338339244760961,0.6216783120277578,0.31630081436802043,0.47398364832388523,0.2824987586518451,0.12175201326715308,1.0183845244234817,1.8817732663504736,0.046490807,2.114266,7,4.25
ds005286,sub-008,16,Cz,1000.0,-15.017590522766113,0.15,0.3551369607448578,0.3,15.372727483510971,0.00525999311684843,30.0-100.0,-589.236535854368,9.882068725182242,4.432862130439242,11.807943951673433,6.116360988257066,1.379209182966298,0.044145815972135884,0.3825338508595637,0.2224868714558217,0.06949574530230547,0.48855962387283214,0.3156106207793442,0.1689220711663803,1.0219390363948824,1.8840988417333182,0.054928795,2.0719464,4,4.25
ds005286,sub-008,17,Cz,1000.0,5.1440324783325195,0.209,14.752524375915527,0.35,9.608491897583008,0.026590424082604952,30.0-100.0,-37.51769278848335,68.07671356051853,17.664339910204482,5.797024307716699,3.278753502122836,1.0715285719234855,0.0916683058041161,0.3131017130813006,0.5916246878530862,0.24083798190121666,0.4864198923530002,0.3287579466471226,0.11249795548117777,1.0217332543575257,1.8332685728481122,0.039197225,3.1264536,4,4.25
ds005286,sub-008,18,Cz,1000.0,-10.487776756286621,0.15,2.218592643737793,0.351,12.706369400024414,0.006825262959582572,30.0-100.0,24.54462139204054,72.18777274411299,4.866924190627087,2.3207504397359453,2.0036706649238343,2.523307774327571,0.029371910548540443,0.3585273121887274,0.15612382674804434,0.7702687329478237,0.48497279627123957,0.3762993744125084,0.20851265438545882,1.0276248679974473,1.7417398513864857,0.062665984,1.9636327,6,4.25
ds005286,sub-008,19,Cz,1000.0,-15.153175354003906,0.15,7.800067901611328,0.545,22.953243255615234,0.003058246016506743,30.0-100.0,4.309141645385968,-8.665095406685083,33.97197067142194,11.0128850704028,4.190925091141205,1.1043178928513637,0.019036342962599102,0.6312075727704766,0.22878067587665302,0.46431344234185745,0.49274057245719094,0.2290831655088334,0.10902436312408312,1.022550234784118,1.9000770178306814,0.036674105,2.6902559,8,4.25
ds005286,sub-008,20,Cz,1000.0,-0.3821598291397095,0.246,7.516932964324951,0.319,7.899092793464661,0.009919305428794637,30.0-100.0,47.819174318416536,50.604039874792385,2.4406411142380997,2.046233425526719,0.38156013410707945,2.704894604299892,0.026452163231168457,0.16208143892603055,0.6834624093568378,0.4094403399843,0.4880685753723831,0.3995049935115876,0.2587772371421815,1.0273088543452755,1.7903107644508078,0.07114669,1.7818958,8,4.25
ds005286,sub-008,21,Cz,1000.0,-14.64871883392334,0.203,3.2038159370422363,0.418,17.852534770965576,0.0283475909833121,30.0-100.0,-191.3359754089217,-154.81163124341563,6.32045615658776,8.495524244488408,1.7501691006926134,2.5759599978862933,0.05033816982156229,0.4561618574172884,0.2322734202981666,0.23903956351650105,0.49982538759332135,0.35276898222544206,0.19433420472541005,1.0267907052932452,1.8297576687677695,0.061078746,2.152604,6,4.25
ds005286,sub-008,22,Cz,1000.0,-7.313784122467041,0.183,8.391201972961426,0.401,15.704986095428467,0.018555090359798108,30.0-100.0,-61.738600274828535,-267.4399965975439,2.382152683859263,1.926174290172268,1.8412473959875149,2.7526875670490734,0.045399226712405656,0.3107660874859454,0.1546698055950806,0.3809945242158509,0.49958810819240856,0.3941494559514848,0.24512245803298496,1.0325665226541474,1.763218836861429,0.07308313,1.8521304,7,4.25
ds005286,sub-008,23,Cz,1000.0,-12.553487777709961,0.184,7.760540008544922,0.348,20.314027786254883,0.0023453072118223687,30.0-100.0,-70.81539331974949,70.85623237487664,6.961818011301869,5.631266039828218,1.1487165910422341,1.1563487971133317,0.012563352340547363,0.5762858744068861,0.6750773204918932,0.1391098813276743,0.49133692388070205,0.2900467664183199,0.12997940472837677,1.0217904475411548,1.8393845971113099,0.042659555,2.6589937,5,4.25
ds005286,sub-008,24,Cz,1000.0,-7.550615310668945,0.216,11.664193153381348,0.381,19.214808464050293,0.019247867499340737,30.0-100.0,-68.36066678028313,-4.1909247828980165,3.7987581500731875,4.34874138742123,1.2450563193161401,2.8934152052633366,0.043332869203633884,0.622049005676892,0.3182239293145407,0.12397964356500261,0.4883680014883144,0.35628698349261456,0.19456620469434813,1.0259516898588987,1.8185407934774027,0.058536947,2.0708113,4,4.25
ds005286,sub-008,25,Cz,1000.0,-12.680167198181152,0.176,6.125499725341797,0.335,18.80566692352295,0.009552683686775356,30.0-100.0,-657.4572052625964,-155.54958633695549,16.32594003793799,8.262320443342846,1.614626484626406,3.492645048986,0.035108253686481995,0.49606795192059877,0.3139019446753656,0.44844135865829715,0.5069819565069169,0.31353658094789244,0.1288102991589249,1.0266999061260471,1.824772291363807,0.048117917,2.6491277,5,4.25
ds005286,sub-008,26,Cz,1000.0,-20.428462982177734,0.35,-9.277596473693848,0.54,11.150866508483887,0.045271640245729,30.0-100.0,95.77904452342959,40.24948414071216,7.026458818560567,21.495144322233376,12.31391256577961,2.783648828902467,0.07600619208269796,0.556697650836923,0.28686656718953274,0.11758736712663419,0.4813264985882539,0.30327626047802764,0.1269407325336819,1.0110254095355868,1.9232865943149644,0.044141073,2.112791,4,4.25
ds005286,sub-009,0,Cz,1000.0,-5.72582483291626,0.15,18.509952545166016,0.467,24.235777378082275,0.05061362687730679,30.0-100.0,-10.429792354996133,-24.284807881364465,23.1566804892215,11.17177808721375,6.5521263785155845,1.5196479799083285,0.14523676698096946,0.7626814294417054,0.12567187162085044,0.1278525223552544,0.4824396252322374,0.31641057215721186,0.13108656485249257,1.0255623449351146,1.8864376685154365,0.041944217,2.717328,4,3.75
ds005286,sub-009,1,Cz,1000.0,-19.164953231811523,0.156,18.379798889160156,0.451,37.54475212097168,0.07223747564241938,30.0-100.0,-364.28179441254525,-25.118126029766763,43.93879449063215,44.07437077902266,2.5733761266121986,1.907424483402786,0.05906833107322634,0.6397635241426006,0.15504753913050592,0.6229223559308508,0.4836912915870134,0.22531549711451548,0.09113779568179657,1.0154716888162494,1.914153791990651,0.032773282,2.8599093,5,3.75
ds005286,sub-009,2,Cz,1000.0,-13.910459518432617,0.202,31.387372970581055,0.356,45.29783248901367,0.19502369916573697,30.0-100.0,-202.84939374384297,-168.2781896861906,39.29828724241945,12.970684536553915,42.596700056543895,4.324972207816142,0.24698510655922062,0.773194972305019,0.7679829887138121,0.6833742231244118,0.4664621487693938,0.2989560734122225,0.16482641014298127,1.0115184080849116,1.888053503572935,0.049062528,1.9108043,8,3.75
ds005286,sub-009,3,Cz,1000.0,-8.672727584838867,0.15,39.13435745239258,0.345,47.807085037231445,0.05445518049400839,30.0-100.0,-947.0359844900053,-274.7655861861261,67.15796552143668,31.325339212534026,21.139316368314724,2.44397358487171,0.04230809507767154,0.5518518991886321,0.5496443678314102,0.6632177612114082,0.45127913809420145,0.2697049205644943,0.11640297911613312,1.012385242714347,1.8799297056013349,0.040009625,2.0293312,7,3.75
ds005286,sub-009,4,Cz,1000.0,-10.751083374023438,0.15,23.346006393432617,0.3,34.097089767456055,0.04738274473649377,30.0-100.0,74.18094413211381,-84.88270232738603,28.349312243530406,28.635476987713847,42.12524359022473,5.982338892219466,0.1151814657405438,0.6253023612183805,0.39747865718177505,0.36667475781063397,0.4749714253048546,0.293152526042347,0.16538363974357653,1.0149473768323003,1.8957199830718963,0.050827675,1.658809,9,3.75
ds005286,sub-009,5,Cz,1000.0,-9.658031463623047,0.15,18.936445236206055,0.428,28.5944766998291,0.15089969927929608,30.0-100.0,60.02232324210679,7.653033577476659,53.90344634569445,31.962263465059976,24.933492171512984,2.663901123268887,0.1294233187481601,0.5647451486304249,0.3217676484524336,0.10758792662159189,0.4769010007473687,0.30758642709405853,0.1395177431892234,1.0148734780096904,1.917870590225306,0.044748705,2.0722973,9,3.75
ds005286,sub-009,6,Cz,1000.0,-26.741226196289062,0.15,14.789676666259766,0.3,41.53090286254883,0.16719655187848076,30.0-100.0,54.82190203690042,-39.584677481140226,79.84904417319515,62.53406130910316,9.009878590421856,4.837797307610909,0.23551094224119015,0.7704049291943686,0.4645402943653209,0.4679787252768255,0.48515318196678614,0.2516797962690389,0.10081130749606851,1.0207021363226392,1.900120633295312,0.03880563,2.7095404,9,3.75
ds005286,sub-009,7,Cz,1000.0,-17.38873291015625,0.15,2.1916348934173584,0.457,19.58036780357361,0.021546034300557047,30.0-100.0,86.8077090007844,18.52599370367758,14.67915036437514,11.8955118410066,16.243331175665475,2.764619851730904,0.07060159955955171,0.8938691177665676,0.1946229946849461,0.1160647033142166,0.4624888883656689,0.3099894897576867,0.20402465384046997,1.0116265855831603,1.9142029134827676,0.057575237,1.6288625,9,3.75
ds005286,sub-009,8,Cz,1000.0,-12.12034797668457,0.15,37.799861907958984,0.3,49.920209884643555,0.04005683819188005,30.0-100.0,-1180.6869462176835,-43.77259760222274,72.94369273127515,12.83049662819713,78.30042315111572,2.840602126481068,0.04818345994279553,0.9335160729222812,0.9093093596036366,0.8231866636405345,0.4590338692753371,0.28134272566333046,0.1344833089517209,1.010133000143171,1.9055913081014024,0.044973418,1.7697423,9,3.75
ds005286,sub-009,9,Cz,1000.0,-18.986255645751953,0.2,21.061315536499023,0.324,40.04757118225098,0.008208198384581875,30.0-100.0,-1260.699709349099,-84.47292720782268,18.146601686467076,40.77384897924289,12.12208755273004,2.879255245564781,0.058212598219289514,0.6416388039324867,0.17264562649083254,0.27936701030116734,0.48121643295215016,0.29296463701475406,0.11831486225025899,1.0146527058339163,1.943117868422042,0.04188909,2.1973295,9,3.75
ds005286,sub-009,10,Cz,1000.0,-23.84138298034668,0.155,14.27043628692627,0.379,38.11181926727295,0.02745896103593147,30.0-100.0,-171.0015087885544,-197.02606834135875,38.40412813074448,44.89756847724533,19.24035340117561,3.495907532950485,0.037254030611513514,0.7044896245030842,0.040357717808541554,0.37044928575595754,0.47286383210699934,0.2830576697430167,0.11317981301434307,1.0162024510601653,1.9212767179154513,0.041691978,2.3046064,9,3.75
ds005286,sub-009,11,Cz,1000.0,-10.922154426574707,0.15,20.185302734375,0.3,31.107457160949707,0.034913031491052376,30.0-100.0,-1114.3469464774978,-61.69200853581492,36.562643358101454,32.39563064490518,18.901490874084068,3.0960438154910697,0.1293377207289741,0.640814721186362,0.43523011686898866,0.6101124681266907,0.4835794968415491,0.3044983545825639,0.10377158473282125,1.0190410985126825,1.9291712254837632,0.044241052,2.2816405,10,3.75
ds005286,sub-009,12,Cz,1000.0,-2.458832263946533,0.15,26.83780288696289,0.456,29.296635150909424,0.008542666144086636,30.0-100.0,-113.33871236912965,-31.333972296433103,23.717209184077152,24.868300434751852,28.053668971596235,2.5755252263257558,0.047536916609454014,0.6396032036163827,0.5220854028919579,0.47382168119070855,0.44662316526028745,0.27648202890010576,0.19680782662099444,1.0046527995619818,1.9074323829236448,0.05657768,1.3780363,5,3.75
ds005286,sub-009,13,Cz,1000.0,-7.669691562652588,0.15,24.22599220275879,0.3,31.895683765411377,0.12524027066870103,30.0-100.0,-33.77704537478646,-67.29771823312521,73.13066793731791,21.76438425807127,109.4248112245617,6.472835604609977,0.16702043544237546,0.8977514643736428,0.8404015797425912,0.6800083513131157,0.4597639658287288,0.2843640298661185,0.18700462116295646,1.006925210297416,1.9184323964141619,0.054605614,1.4749256,10,3.75
ds005286,sub-009,14,Cz,1000.0,-19.6920108795166,0.15,23.1408634185791,0.307,42.8328742980957,0.021001197861592553,30.0-100.0,-227.10574479107902,24.17942132355314,40.14677795003706,20.812356908630978,63.1050349075707,3.3125543323956372,0.13166128391216617,0.904264407034777,0.6944639837931726,0.42608372442292825,0.45682590000383966,0.2892439206688728,0.20653153244555222,1.0104339866608736,1.914754570424938,0.056186847,1.4694576,8,3.75
ds005286,sub-009,15,Cz,1000.0,-29.861440658569336,0.159,19.604597091674805,0.302,49.46603775024414,0.1322259051919728,30.0-100.0,-9380.8154998426,-219.2952867917569,49.85336405323295,24.93779376132639,18.35158186138801,4.243866048472109,0.22626134787679653,0.48450421040574415,0.24402793301825404,0.11969373144365986,0.4820807672205124,0.26316137879748824,0.10039676654588843,1.0221607543999296,1.9070777779718922,0.041274734,2.4421673,8,3.75
ds005286,sub-009,16,Cz,1000.0,-18.852294921875,0.214,19.018320083618164,0.339,37.870615005493164,0.11167885238499178,30.0-100.0,-328.7737880756687,-43.41858107177634,19.097938918643997,14.10573013085504,33.939113362912465,3.1889159574517607,0.22517094202133206,0.7261928795344583,0.3388568708540289,0.4729461552356398,0.46942703070854264,0.31723543630795603,0.20378518550885188,1.0146052437210509,1.9061493992199585,0.05790358,1.729339,10,3.75
ds005286,sub-009,17,Cz,1000.0,-20.752063751220703,0.155,9.987348556518555,0.311,30.739412307739258,0.015979346753049527,30.0-100.0,30.598081328248032,-13.755993558545047,29.975165008307826,18.878472631964645,5.860992197720511,3.8536557975275807,0.05461944446930684,0.5550994395553435,0.6120105249093896,0.42039033472976417,0.5000705830126935,0.30978179202448974,0.17970825252155315,1.0312853037948957,1.8115097022096098,0.054906454,2.4196684,9,3.75
ds005286,sub-009,18,Cz,1000.0,-14.403635025024414,0.15,6.13688325881958,0.51,20.540518283843994,0.08040896468930912,30.0-100.0,-386.73717769598,-137.4095134487435,3.5645806299859486,38.13885742763302,5.835658966767272,6.765125519890632,0.18985286904550244,0.5212194816294389,0.44537239703481835,0.2692220689715157,0.48883023715555796,0.3180566174666574,0.185931105098108,1.0200755578098892,1.8808584269211457,0.055376783,1.9247295,3,3.75
ds005286,sub-009,19,Cz,1000.0,-15.059183120727539,0.183,-1.167622685432434,0.485,13.891560435295105,0.031303567741375,30.0-100.0,89.55974819598052,-60.64490767264134,0.9395124248077019,8.42188359894578,6.370177279566554,4.194545614368774,0.07742313412786574,0.7357855488947875,0.5861608608505668,0.4344431937090634,0.4616974613152958,0.311275873920351,0.1484639654035155,1.0117600789806607,1.9031650461586762,0.05634483,1.57928,7,3.75
ds005286,sub-009,20,Cz,1000.0,-9.720922470092773,0.294,9.573543548583984,0.38,19.294466018676758,0.047719845302570764,30.0-100.0,18.178819041293607,12.666820284334394,2.8613705878517073,6.831950008803017,2.4302071260162244,1.7972526271785145,0.32509098009729687,0.37316790775674746,0.326557674108108,0.2745543064620901,0.5048051693493529,0.35761584186505513,0.23256542302348757,1.0338753706188943,1.772180198819176,0.06685137,2.0875728,3,3.75
ds005286,sub-009,21,Cz,1000.0,-8.674220085144043,0.251,13.145176887512207,0.4,21.81939697265625,0.007314873196524916,30.0-100.0,78.78836639348086,9.53323344192665,4.497524768477936,1.4986089047263647,10.635757552135267,3.2279157719588305,0.05604761553607887,0.8380342659994788,0.687051215771446,0.6292578212298766,0.4683448111088594,0.30580665981891625,0.2092586609551796,1.0173522487312423,1.8753151182949377,0.06222654,1.5344911,4,3.75
ds005286,sub-009,22,Cz,1000.0,-11.61523723602295,0.191,2.336951732635498,0.44,13.952188968658447,0.022179919172153655,30.0-100.0,89.19026682075571,27.457523117606502,4.994220924165749,4.177303875193875,4.310597590151161,2.1639824860401595,0.06036617401016161,0.4389622853547495,0.32916593079541506,0.44320591755938205,0.48149197935251054,0.2525983168278988,0.15681346484142886,1.016472185950725,1.912817253861797,0.058033742,1.509078,2,3.75
ds005286,sub-009,23,Cz,1000.0,-21.236373901367188,0.174,38.63929748535156,0.3,59.87567138671875,0.06730669196401919,30.0-100.0,-77.09975595973972,-237.31987267310552,22.469211497926022,25.224256991810854,80.89215535831771,5.696958114912984,0.08450867412670247,0.73427654033671,0.8099675678860017,0.7760386760115361,0.4519933859244096,0.2883900941679947,0.19216776188751558,1.0057727400639291,1.920031145751669,0.054070495,1.421326,8,3.75
ds005286,sub-009,24,Cz,1000.0,-10.228243827819824,0.296,7.566922664642334,0.542,17.795166492462158,0.08119335808074854,30.0-100.0,49.47818500860647,50.3410380906392,3.049147645059092,0.9993183096823228,10.717552192467826,1.569766646352381,0.0853731330742209,0.5949017639331381,0.4769216963454498,0.4230461845333105,0.4670655080484056,0.27301070270881944,0.2221865100420814,1.0138616977611687,1.8648668796078822,0.06534628,1.456935,5,3.75
ds005286,sub-009,25,Cz,1000.0,-11.475975036621094,0.295,11.437761306762695,0.534,22.91373634338379,0.004610715335579566,30.0-100.0,-479.07932568726557,-28.285899638563816,6.127651206131913,8.761060621577016,5.778317181569227,1.2610763180628832,0.019953024775505295,0.5882038917042647,0.8536772532468971,0.35116578974701895,0.48271256452535155,0.28166727399439023,0.1543956308279039,1.0181151667623993,1.8805085589002923,0.045394335,2.2333891,7,3.75
ds005286,sub-009,26,Cz,1000.0,-12.692988395690918,0.157,5.538093566894531,0.543,18.23108196258545,0.013893876313310924,30.0-100.0,-62.281787550719756,-34.35328956358643,14.03439508029544,1.4286190602146958,3.2306535378280423,1.720851090851423,0.05783500752238461,0.7965126033171017,0.42355785019410636,0.1904966075035991,0.48427450218635115,0.35581459718581143,0.1613116570703171,1.0248758350535232,1.8285235314922927,0.04878634,2.5035136,9,3.75
ds005286,sub-009,27,Cz,1000.0,-9.414921760559082,0.229,0.2801947593688965,0.547,9.695116519927979,0.010464805790728145,30.0-100.0,-1537.592989015302,42.14438502998388,2.3183409831632384,2.5059024779566386,0.4924689559110921,2.617373421672446,0.016460868470409666,0.5671863908143064,0.3632896051395518,0.4438126295880235,0.4862916983546461,0.3420016866691077,0.15929624280884683,1.026263180599494,1.8338003279706396,0.047094226,2.4662623,7,3.75
ds005286,sub-009,28,Cz,1000.0,-1.784285306930542,0.177,12.793858528137207,0.535,14.578143835067749,0.12292654425957361,30.0-100.0,2.811967229857744,-1161.7820070667115,5.215524436366412,3.656516196857414,2.340509478709806,2.243736536592477,0.14310698949310244,0.2328716531079719,0.24242503249855749,0.36800001153351275,0.48600029403051087,0.29466279384748123,0.15624931648417947,1.0209292642451344,1.8657921795427095,0.05012359,2.3395996,7,3.75
ds005286,sub-009,29,Cz,1000.0,-12.721099853515625,0.15,12.622678756713867,0.348,25.343778610229492,0.010435396003123276,30.0-100.0,-486.2372175755404,-515.9620025352635,43.991476264301596,20.92168995331183,11.230354965328505,2.2856527391602017,0.016434935039937947,0.4057993680824059,0.5414430508111898,0.28527882641948293,0.4878966461061769,0.30090388221514514,0.12056294542208049,1.0135609709006022,1.9017131917134735,0.039433826,2.5798025,10,3.75
ds005286,sub-010,0,Cz,1000.0,-6.224587917327881,0.15,11.060342788696289,0.317,17.28493070602417,0.004946846298304917,30.0-100.0,-37.613405409337,-369.74973304077554,3.9092910938072416,1.8807163712187163,3.7646571486427556,3.1675745905702573,0.02656001798906279,0.4134517127641847,0.10619441838866402,0.3174868007525346,0.4837597217727624,0.36684591784849296,0.22149821875046427,1.0221948136065846,1.775814991076832,0.061476354,1.826011,4,3.75
ds005286,sub-010,1,Cz,1000.0,-13.737630844116211,0.15,10.246563911437988,0.375,23.9841947555542,0.03317937478034777,30.0-100.0,-577.7738553839124,-105.42969407282479,9.009157248527703,2.595420682866883,11.345611428314783,4.028015941604723,0.054788245999078604,0.4043298456809975,0.5147989243331194,0.2340547964577843,0.4829734348798773,0.3414727366567013,0.19175750923013504,1.0161132038148344,1.8621573298757241,0.06289616,1.5567763,6,3.75
ds005286,sub-010,2,Cz,1000.0,-14.983542442321777,0.151,-0.2264643907546997,0.51,14.757078051567078,0.053939075017645895,30.0-100.0,-15446.726697521131,33.02699429075004,11.230874670200157,1.5150484247556935,7.976015916013555,1.745138247058077,0.0900971722022202,0.5629629365226763,0.4184942568299478,0.05494050935544172,0.4785430861004282,0.3403103595418838,0.16481867907951883,1.0238865734655358,1.8301840059747543,0.052381895,2.1832607,5,3.75
ds005286,sub-010,3,Cz,1000.0,-5.192662239074707,0.307,8.558969497680664,0.515,13.751631736755371,0.03683546668794789,30.0-100.0,-4.87965853745029,50.974777750729594,8.170735690490519,5.463381718583694,4.530161652263341,1.1084341742801216,0.10133435628738119,0.6080161444373835,0.27457210814419863,0.743864717472673,0.49320891680156265,0.33796900177730776,0.2017444599664145,1.0294384271470711,1.806992572011845,0.058507726,2.3401005,7,3.75
ds005286,sub-010,4,Cz,1000.0,-4.882865905761719,0.326,0.39826858043670654,0.378,5.281134486198425,0.006228498254933214,30.0-100.0,-464.56266771972514,-12.813615739715209,2.5794660873074378,2.431483895876563,0.6414772394825432,1.4570795814119089,0.013111617180003789,0.8774107946214728,0.4556808630222609,0.3677450431649548,0.49060683918106784,0.332569362858106,0.14669280043318003,1.0257829079739835,1.7953473124151376,0.04461868,2.8922656,5,3.75
ds005286,sub-010,5,Cz,1000.0,-9.765938758850098,0.246,8.913786888122559,0.378,18.679725646972656,0.008642327296277208,30.0-100.0,-127.2452993015957,-10.89323254755421,1.7076927205169372,6.658016312267884,1.4527875363628286,0.6120305562125193,0.03173360923733803,0.705220980741212,0.13022611363087058,0.5233193073520359,0.4840649198916159,0.33113253531736947,0.2032641421505074,1.0229517311356469,1.8602331824773335,0.058288295,2.129033,5,3.75
ds005286,sub-010,6,Cz,1000.0,0.4206717014312744,0.224,8.02280044555664,0.5,7.602128744125366,0.00789950747219054,30.0-100.0,86.53545024822566,78.65982645166886,0.6172890701516222,1.503958686210471,0.6853932520988641,1.398874433053767,0.017972334157540196,0.18037195782063342,0.3027101543405831,0.2390946913855112,0.4930842077705131,0.38913953950571584,0.22698745285191402,1.0329407418560763,1.7719760855035687,0.06930835,1.6411259,4,3.75
ds005286,sub-010,7,Cz,1000.0,-1.1385904550552368,0.294,2.2338414192199707,0.318,3.3724318742752075,0.0318875358157768,30.0-100.0,-44.41204113416147,-109.64938509808842,3.94656509987919,0.6436373372784466,0.47165797103390694,0.768245292928785,0.04336610697651325,0.3100878501151916,0.3345149470542934,0.6049295626399527,0.497367200174727,0.36984136921024985,0.20083940209744008,1.0292483047470802,1.78209532157305,0.056618113,2.4414198,4,3.75
ds005286,sub-010,8,Cz,1000.0,-7.095818519592285,0.288,4.717606544494629,0.38,11.813425064086914,0.06484041504890022,30.0-100.0,-26.843791688188645,-2115.836967377792,1.3701080879016667,1.091978393834121,2.224997744443811,3.310800611675116,0.08490204153423332,0.47058015866901537,0.23761340795396768,0.2369646194923799,0.48216866297328054,0.4021459237182131,0.25131442828090605,1.0238269362185888,1.7654078394899122,0.08264464,1.360215,5,3.75
ds005286,sub-010,9,Cz,1000.0,-8.143741607666016,0.221,9.402789115905762,0.304,17.546530723571777,0.012767473412756436,30.0-100.0,-1672.286829894638,-134.10771520225154,1.9069996711019668,4.675529640866701,0.8027489885241289,2.0343195957097575,0.013570109074951674,0.4813861818372608,0.3276357955753071,0.354478334996789,0.4884993084723295,0.36781135890624556,0.24809827651101662,1.0218571491620865,1.8084008564615772,0.06977221,1.7554635,3,3.75
ds005286,sub-010,10,Cz,1000.0,-5.539157390594482,0.266,1.3921781778335571,0.544,6.9313355684280396,0.03657618084647717,30.0-100.0,97.04992086908412,17.072556024117432,5.074096705090589,2.5907254113208964,1.5724786907665997,1.8240196338868169,0.10229606962424026,0.28220696646717164,0.26552679240852867,0.6229817187516903,0.5028491603343381,0.38761285049507715,0.23005612412704238,1.0266685074558843,1.794122476962546,0.06565871,1.8918647,5,3.75
ds005286,sub-010,11,Cz,1000.0,-2.9383304119110107,0.223,2.305293321609497,0.317,5.243623733520508,0.04774481578595923,30.0-100.0,-728.5620121134767,-201.93979809718718,2.3657581319290313,1.9659882248043345,1.1197065357759701,2.1476013881550253,0.06534371308231002,0.5407109117067344,0.33649937460259455,0.6337141747111038,0.48905890029651716,0.3301339268520579,0.18063074401355325,1.0184519078893628,1.840648389816799,0.051002204,2.1806545,3,3.75
ds005286,sub-010,12,Cz,1000.0,-3.895386219024658,0.195,1.8381950855255127,0.3,5.733581304550171,0.006920515537054016,30.0-100.0,83.64024376273481,65.56677862919413,1.2134119752509216,0.5949291149433393,0.23151720283794858,2.334935528605548,0.033493533063275294,0.4794435109129653,0.011205068007789889,0.5727406292859953,0.4834126368177238,0.38441447612169993,0.2054756156790519,1.0238885676931644,1.7974128155883295,0.06144362,1.9076332,3,3.75
ds005286,sub-010,13,Cz,1000.0,-5.904540061950684,0.192,5.877832412719727,0.424,11.78237247467041,0.014322215929725008,30.0-100.0,85.25616767882774,29.028244870434012,1.1062682104957486,1.375264749675162,0.9125260725104707,1.710288431268024,0.029168497346672238,0.7713261613172383,0.1420826412425605,0.47414592194486455,0.48701010311970866,0.37612686479826973,0.29901850277512726,1.029251934610607,1.7894173548936394,0.07901177,1.4589401,1,3.75
ds005286,sub-010,14,Cz,1000.0,-6.633044719696045,0.155,2.3651509284973145,0.377,8.99819564819336,0.037683783385867475,30.0-100.0,4.1252520051625705,40.173336029333896,4.406876093010261,5.8967351384221125,2.0749387016042355,1.0891481908400034,0.10783875726638867,0.49063720802731986,0.16556240138652506,0.2919592119093102,0.5063941499541976,0.328746271145402,0.1907661604912749,1.0284840077462631,1.824262217153564,0.058681726,2.1895158,3,3.75
ds005286,sub-010,15,Cz,1000.0,-3.236144542694092,0.213,1.7072389125823975,0.321,4.943383455276489,0.0007474582806681213,30.0-100.0,43.153458673697145,-106.65035547028737,0.6044635034427791,1.2523168232808763,0.26695735413543925,1.4642403395402015,0.011885649078493715,0.44935883454782044,0.34443260049572577,0.2742097371357724,0.48002726087956216,0.33873497978419026,0.1806087014644508,1.0244558435918678,1.846271355536693,0.054278154,2.1040342,4,3.75
ds005286,sub-010,16,Cz,1000.0,-0.6875128746032715,0.158,7.050312042236328,0.342,7.7378249168396,0.028584688988821876,30.0-100.0,66.78017556560619,-119.39491787785781,3.3846905705137598,1.1558409875360103,1.3533486311761176,1.39641728289384,0.07722284646913179,0.5958366959733271,0.3876201860216593,0.19589169661744063,0.5022491674085122,0.36743700153052394,0.15763244402946683,1.0285464411613852,1.748099694855702,0.049274832,2.7359583,3,3.75
ds005286,sub-010,17,Cz,1000.0,-4.350771903991699,0.258,4.227697372436523,0.493,8.578469276428223,0.04166923510966533,30.0-100.0,-16.120469666337335,50.46106500244919,7.992661621144556,3.6358374205069586,1.2951463824768568,1.5381515981189149,0.0697481958467628,0.5169850681200856,0.19812441931473013,0.6664904606605113,0.49106860792717305,0.3474918265705364,0.2115395449832125,1.0189923229806126,1.8176633178715285,0.059400614,1.9535447,2,3.75
ds005286,sub-010,18,Cz,1000.0,-1.8744944334030151,0.293,4.5642523765563965,0.516,6.438746809959412,0.010635867427034939,30.0-100.0,-205.6891676206705,60.37506454081204,0.39855547075663234,0.4176428990147089,0.13925045207721676,0.4809447073198846,0.021438989687712916,0.18797018221017195,0.267547579042619,0.20573166217936162,0.5048368694053118,0.39823469722266763,0.2623833241965985,1.0349782941920491,1.6895014629213327,0.069916904,2.0064626,2,3.75
ds005286,sub-010,19,Cz,1000.0,-0.8707426190376282,0.18,9.161073684692383,0.477,10.031816303730011,0.010382730832697964,30.0-100.0,58.701682768549425,63.05565535131284,2.4665459147039446,0.5296302688505488,1.048403760039978,0.9132650092690687,0.011741493336793894,0.24156485112427506,0.15947430542104465,0.605903898536957,0.49432482084225216,0.370664625477078,0.22967623623312103,1.0217612516809764,1.7984621256299214,0.074659064,1.6135384,2,3.75
ds005286,sub-010,20,Cz,1000.0,-9.150975227355957,0.15,3.4966490268707275,0.326,12.647624254226685,0.03463421545549874,30.0-100.0,16.129793312721624,-316.18971481219756,3.4170099156810494,5.61789773015944,0.4155419345171947,1.8452159498614586,0.05134431913880217,0.4827877737005037,0.28698008168943356,0.24092600457664773,0.4749400572422934,0.325515550580334,0.23174466054373383,1.0217569790105958,1.8273013733199,0.06407523,1.959445,6,3.75
ds005286,sub-010,21,Cz,1000.0,-4.386989593505859,0.151,8.24073600769043,0.511,12.627725601196289,0.047845770635043666,30.0-100.0,34.08824521086265,-84.90506224062109,2.3161469236198196,0.41135933485862003,0.1630130638425278,1.7703920168663632,0.03620941519061108,0.5578541988821858,0.3629219605222273,0.25644913846140116,0.4972769166709302,0.40823720103070793,0.2324768749792383,1.0307733350947517,1.7373178558368467,0.06743054,1.963243,5,3.75
ds005286,sub-010,22,Cz,1000.0,0.1763007640838623,0.26,9.23196792602539,0.467,9.055667161941528,0.004379687272219659,30.0-100.0,96.33014691439816,80.53811137339642,0.685420668746999,1.1706138226088882,2.4340993556277732,0.9582597249653706,0.0053346018020873345,0.5134669727778943,0.4593569780905238,0.566935890859297,0.4765576802282472,0.3504688452090172,0.15020698133054108,1.0191229627016065,1.8328157125759956,0.060919166,1.8496809,3,3.75
ds005286,sub-010,23,Cz,1000.0,-7.632544040679932,0.305,6.1671857833862305,0.397,13.799729824066162,0.0031230447561700152,30.0-100.0,65.60437345626526,-67.60413882593429,1.2740991951755096,1.2755493543521148,1.095991594082242,2.094206689122019,0.0214745589248105,0.44814958572852254,0.4189434375771234,0.500424848058882,0.4829229243917774,0.3454385635615937,0.21737615307829314,1.0155994316705852,1.8054635047643193,0.0619738,1.7820779,2,3.75
ds005286,sub-010,24,Cz,1000.0,-4.162468910217285,0.301,6.615452289581299,0.388,10.777921199798584,0.08274830121165816,30.0-100.0,-74.82215574605321,-751.1311293472868,3.145781129631694,2.6806919741445316,0.3234302701550504,0.902143069806526,0.07368694266692376,0.4312252631835023,0.05174286411916274,0.4070971268142038,0.517029068685153,0.353711706659622,0.19840515799065184,1.0359836359019308,1.7374897821802573,0.061088763,2.2598414,1,3.75
ds005286,sub-010,25,Cz,1000.0,-6.385869979858398,0.288,5.278051853179932,0.474,11.66392183303833,0.0014982614081715197,30.0-100.0,-665.9531474763637,-13.677355035836483,3.9841066322369,0.8831164333452526,0.596125609139094,1.2728688115880438,0.00708932783353026,0.5043551127870356,0.3952062407924482,0.3732780357358205,0.4999387233529742,0.39750889707660325,0.2568377174035096,1.0286009007382297,1.772081645496182,0.07143622,1.8241907,2,3.75
ds005286,sub-010,26,Cz,1000.0,-7.831801891326904,0.228,7.164543151855469,0.511,14.996345043182373,0.0038701188220426827,30.0-100.0,-5654.079654153794,-385.0298619261584,2.856348119221305,3.695295765979441,3.6585643209442567,1.4313482875820998,0.03805589438909582,0.4150284786989177,0.46375545638719146,0.5837797564968267,0.4976919276775454,0.3629103395908731,0.21961427828610186,1.0285126170035248,1.7844971906549443,0.059702124,2.150239,2,3.75
ds005286,sub-010,27,Cz,1000.0,-3.411139488220215,0.229,2.2057809829711914,0.324,5.616920471191406,0.007097691630665201,30.0-100.0,58.15630444660395,32.48715629735842,0.6110800324745898,1.060513459088138,1.5553753909868875,0.8495643530268385,0.01181225704180565,0.8052122877815641,0.4660563431427125,0.7984926136592918,0.4918064912374514,0.3699294047600465,0.22259956840811937,1.0289401289354088,1.7920912208730095,0.06124056,2.0532944,4,3.75
ds005286,sub-010,28,Cz,1000.0,-16.39647674560547,0.153,1.7125214338302612,0.55,18.10899817943573,0.015270360783709518,30.0-100.0,-575.4315576303926,-20.480113788057537,9.855678422866465,6.385051979208892,2.285750374016037,0.8305982847054069,0.030107787750062887,0.5025508078048444,0.24638233785917363,0.31601501036900354,0.48295380562189827,0.28591391617842987,0.13099855178782688,1.0193019350629848,1.8306261495384346,0.043958582,2.5205398,7,3.75
ds005286,sub-011,0,Cz,1000.0,-12.304750442504883,0.153,13.409917831420898,0.327,25.71466827392578,0.1062907349213917,30.0-100.0,-4274.419705023191,-43.718675609984814,2.7283829999684492,5.1326362724177175,6.08973431666604,3.1180047821853054,0.1864824337206567,0.5159620972795941,0.5184929952273358,0.5893167776743734,0.4922294793660253,0.33947701209206826,0.2376045776020911,1.0251434046744603,1.848612581579795,0.06634813,1.8826588,5,3.75
ds005286,sub-011,1,Cz,1000.0,-0.5337393283843994,0.3,6.786576271057129,0.488,7.320315599441528,0.010162976294779764,30.0-100.0,39.58421888099537,21.779858638408125,1.2158709810788304,3.149648419230944,0.6769261716737863,1.5070669396421759,0.031752058039933514,0.7030219240949388,0.585824013024829,0.3523858495974735,0.47833300936942613,0.30149283904147106,0.21276961976269582,1.0189948106463464,1.8909924076186757,0.058294654,2.0413394,5,3.75
ds005286,sub-011,2,Cz,1000.0,-11.092142105102539,0.319,6.986015796661377,0.399,18.078157901763916,0.042081976063910564,30.0-100.0,-1804.3329316296215,-92.39879877884859,3.2745046700277554,0.9297308130613573,1.2319777057517518,1.2153808966064032,0.1201295301952549,0.7278272494564392,0.11517144995609113,0.31985831717260066,0.4911288972249327,0.38487166083314794,0.24492232659464303,1.0322366571252155,1.715786846136465,0.07504534,1.9484588,6,3.75
ds005286,sub-011,3,Cz,1000.0,-5.489649295806885,0.221,7.7252678871154785,0.372,13.214917182922363,0.06895525631438998,30.0-100.0,-572.0891679446106,-50.98232587207503,1.79059120447072,4.332642708713814,2.357000912995503,2.0921154776701782,0.20953001451671324,0.7340942027778817,0.45438315405140245,0.39456007297104534,0.5010796083721953,0.3890113193556464,0.2582994718709631,1.0298081709026974,1.7634041770964892,0.07533394,1.8431612,5,3.75
ds005286,sub-011,4,Cz,1000.0,-5.206468105316162,0.33,4.4574503898620605,0.304,9.663918495178223,0.0369636874437011,30.0-100.0,-197.7206194809274,5.29552017489685,2.5175206536855073,4.424883244966427,4.777665672767969,1.5547530690454083,0.14553582222195002,0.7445599292421,0.4690182771857286,0.13167434527229804,0.4982393881637661,0.33593666467515126,0.22943191106870944,1.0267970978259688,1.793593606434564,0.06615023,2.0319462,6,3.75
ds005286,sub-011,5,Cz,1000.0,-7.057925701141357,0.19,9.809951782226562,0.3,16.86787748336792,0.01997672974180444,30.0-100.0,-180.38744382538837,5.453268721800535,5.248476477230296,8.252073472136265,1.5087607301167987,2.1478206737920003,0.10599332671879325,0.304755254381211,0.3442453110916506,0.1338318656725504,0.5046955823843113,0.32978699422632946,0.1713701113760707,1.0260725043855512,1.8340094264506825,0.051028285,2.481283,7,3.75
ds005286,sub-011,6,Cz,1000.0,-2.03593111038208,0.268,11.70895004272461,0.309,13.74488115310669,0.0454195042072878,30.0-100.0,-2397.193541190997,-88.38873145788824,3.644954218848564,1.3413861245082301,3.5712114317171046,2.225139499802171,0.19521226273483436,0.37639308402966676,0.3973818739971329,0.2742132471104549,0.5078935423291837,0.384351801921373,0.2688665136823224,1.0338278730034147,1.74535208538842,0.072777115,1.9574573,5,3.75
ds005286,sub-011,7,Cz,1000.0,-12.270492553710938,0.182,6.48582649230957,0.341,18.756319046020508,0.08690788266802674,30.0-100.0,-74.48318691400318,-75.38946195117275,6.284378741875075,8.973761483381908,2.274824465551599,0.9942385409395318,0.1251801184769894,0.45975528004448946,0.3850568016035988,0.3654350997592336,0.49586343582820397,0.3147025871413217,0.16636624219947305,1.0250212873960662,1.7972693869641656,0.05024361,2.4827316,8,3.75
ds005286,sub-011,8,Cz,1000.0,-10.569499015808105,0.226,4.959578990936279,0.399,15.529078006744385,0.00823488639536561,30.0-100.0,-341.42885575014475,32.47715509348008,7.125430578132315,5.679031058765542,2.598460321288791,2.6013301592423566,0.005860939572099059,0.48790110968821654,0.5333810232397648,0.25741529458627876,0.5025559380232867,0.3615223474785712,0.24009039973674448,1.0311081971893807,1.7973144238869545,0.06583813,2.000625,7,3.75
ds005286,sub-011,9,Cz,1000.0,-5.711033821105957,0.35,6.009003639221191,0.301,11.720037460327148,0.06365879755041956,30.0-100.0,-10696.346448231992,-203.03161678382077,3.2249877640727354,1.0822224167158019,2.229466819339799,2.3701350296641825,0.14432067537969637,0.42571766663802874,0.09086075288799285,0.239104462905306,0.5000705830126935,0.3884717491743686,0.28170097087191404,1.02894007524517,1.7436486976372716,0.071693346,1.9741292,6,3.75
ds005286,sub-011,10,Cz,1000.0,-5.712541103363037,0.316,0.6361657381057739,0.55,6.348706841468811,0.06653138318313265,30.0-100.0,-324.139033719233,-11.365545484329877,3.275622405963521,2.0526910860186542,0.764738739396835,1.9663682829725089,0.15244436221221025,0.6032822753962747,0.25107317830714687,0.30839229031062754,0.4981486119197046,0.3929637022944555,0.21724931988623453,1.0326678182447022,1.798469193653544,0.062109232,2.2431343,5,3.75
ds005286,sub-011,11,Cz,1000.0,-10.278275489807129,0.256,2.862102508544922,0.503,13.14037799835205,0.028255938418247972,30.0-100.0,37.32258155215339,38.075525601448795,3.59406157683056,0.6821071532669659,2.9402980529243226,1.2201615335310205,0.04910186485264557,0.2932829600580192,0.5893201652795153,0.1642441688597912,0.4996536882853849,0.39743161864494786,0.2466605210307658,1.0327708589545799,1.7579412295401988,0.06823139,2.0761323,6,3.75
ds005286,sub-011,12,Cz,1000.0,-6.1991376876831055,0.192,6.597800254821777,0.314,12.796937942504883,0.015461517202950562,30.0-100.0,-60.55494460322679,-6.442380547522511,1.174386942161704,11.217010007978937,0.8774006348537413,3.9473498295930587,0.01248645620384653,0.8094737189255281,0.26797656823093896,0.18501885321081932,0.495795283798403,0.330100065790178,0.203713338472015,1.025532002734629,1.7996368501657862,0.06770534,1.9306654,6,3.75
ds005286,sub-011,13,Cz,1000.0,-9.364523887634277,0.218,4.122341156005859,0.433,13.486865043640137,0.044855407946177345,30.0-100.0,-53.462623108055766,-182.96396355912742,1.427271720704175,1.731175164403714,1.173047226885712,2.7651728175324153,0.07446726670571274,0.49062664180927984,0.18567235547315905,0.1323240277312632,0.5120757097583042,0.40720433385394095,0.25549068530616126,1.028474561778523,1.7613139219042457,0.07920493,1.7056901,7,3.75
ds005286,sub-011,14,Cz,1000.0,-0.6269166469573975,0.272,17.1464786529541,0.362,17.7733952999115,0.2753106776231618,30.0-100.0,40.122056460087734,24.13905829566927,4.4491640338622505,2.8798721077439513,0.4575760610252785,2.5132216686810818,0.38040543439054697,0.6298587626226917,0.016509177284522964,0.20827361948336898,0.5088946100808696,0.37178155198578083,0.20164365870647874,1.0313016243214526,1.7307545848759702,0.055611223,2.6397624,7,3.75
ds005286,sub-011,15,Cz,1000.0,-3.005735397338867,0.246,5.9626784324646,0.462,8.968413829803467,0.003994512685059929,30.0-100.0,-917.6268190931988,-73.21883682543768,5.408949116358613,2.3220923050129976,1.3512705393821893,3.7119678582388347,0.08559401761590994,0.6866561448231092,0.16039968602584878,0.279695912706965,0.5159085733910069,0.4004217519381284,0.2794402325060987,1.0379284461589333,1.7345958969536988,0.07453907,1.9541622,7,3.75
ds005286,sub-011,16,Cz,1000.0,-10.274072647094727,0.223,19.05877113342285,0.3,29.332843780517578,0.006750718403043355,30.0-100.0,-356.03711664419194,-695.1304671013188,6.308300645978548,21.034886913744113,1.812209068207312,3.711311990078891,0.04340955442035624,0.34457165090129305,0.5330758008909711,0.23534762237424264,0.49559277158965154,0.32465446046119306,0.14600576407339996,1.0202722417216987,1.9057059665202583,0.047165405,2.3551047,8,3.75
ds005286,sub-011,17,Cz,1000.0,-3.2518649101257324,0.245,8.257155418395996,0.363,11.509020328521729,0.05714721990811468,30.0-100.0,45.280313021867,-100.0816948884585,1.0950136330230915,3.793159944235815,0.9305498642344582,1.790807625851475,0.044079099731220726,0.4669958476489291,0.06934580029927653,0.44198064579544,0.5100326596771622,0.33545147896673555,0.24972316729664104,1.0284440026437665,1.7899359452583752,0.06598957,2.03283,8,3.75
ds005286,sub-011,18,Cz,1000.0,-2.309321403503418,0.332,4.454383373260498,0.395,6.763704776763916,0.042429216802332685,30.0-100.0,-26.872519444662267,-477.7788024056292,1.501907783660719,2.6714478626632268,0.5708505439837686,0.9806147362048698,0.10406122250074368,0.5165562917820469,0.48609683182122737,0.3350534049397218,0.5195817335019325,0.3297521287072193,0.23746540252091772,1.0396569631719423,1.715860722052343,0.065103434,2.3311076,2,3.75
ds005286,sub-011,19,Cz,1000.0,-3.4620351791381836,0.247,0.5510869026184082,0.36,4.013122081756592,0.0684438976878643,30.0-100.0,-27.837164393997117,54.8427412472577,1.3136857754647002,1.6451122096587762,0.6508456086212735,1.5981094591261678,0.15431000321096472,0.3012550560917913,0.27690000516080704,0.3167452193804181,0.4961126300446177,0.41768449241093664,0.2473339035061584,1.0345822905993523,1.6858007268011381,0.0695874,2.1586456,4,3.75
ds005286,sub-011,20,Cz,1000.0,-8.927163124084473,0.175,3.2085928916931152,0.321,12.135756015777588,0.02754807654565482,30.0-100.0,-178.53164462515963,10.564210962208742,0.8131773908778643,1.2930480806729636,0.7311639424566421,2.7395512326749736,0.08312727014073293,0.45764489480484505,0.45276308361187745,0.33362059412939454,0.5131887489970594,0.41747484054644357,0.28271542028517127,1.0362696279777603,1.7039614705492725,0.078878745,1.8874574,3,3.75
ds005286,sub-011,21,Cz,1000.0,-4.197948455810547,0.242,10.27346420288086,0.509,14.471412658691406,0.19991957220932,30.0-100.0,53.216883003688174,-549.5298784256512,1.8034547600444493,2.6247238742392276,0.6826037042810438,2.122182518938405,0.17093210376406356,0.6138482207176169,0.07219176307878401,0.3769402679210868,0.49608496878049396,0.37901977755583793,0.2206873000188561,1.034285888457996,1.7715143961669504,0.06143298,2.2101831,2,3.75
ds005286,sub-011,22,Cz,1000.0,-3.3620951175689697,0.192,9.314105987548828,0.537,12.676201105117798,0.08576898029190032,30.0-100.0,-75.31234415901086,-270.290336146413,0.782537109711591,4.966486042797498,0.8751441053756731,3.283282235413624,0.1461130111817641,0.5412152059593804,0.3064083005460523,0.31047349497189386,0.5026340301036966,0.39089340307742027,0.236706024368989,1.0273332547003549,1.7478445586800169,0.068841696,1.9886672,2,3.75
ds005286,sub-011,23,Cz,1000.0,-8.37624740600586,0.343,1.5635075569152832,0.405,9.939754962921143,0.05897150295693091,30.0-100.0,-7.7142722436902025,-531.9904806008585,1.3529772102237407,1.442342335058502,1.0318378034098425,3.6251497879773207,0.12058409346499493,0.46195248125637595,0.19421343774570324,0.04279321896780478,0.4863015331877034,0.4112948836779377,0.28125784944854,1.0278171283439843,1.6860377695967672,0.07877554,1.7504576,4,3.75
ds005286,sub-011,24,Cz,1000.0,-3.118450164794922,0.172,3.348766803741455,0.401,6.467216968536377,0.0036005405609657194,30.0-100.0,74.0799049063149,-98.27905432647611,0.5780612258085532,0.8278966826551097,1.322555389838266,1.7779051997056943,0.018389529106295124,0.4512846665068946,0.41877486504137457,0.16459407610866367,0.5016052859781668,0.3748315037759716,0.21793406753827776,1.0262827514085606,1.8085477084566506,0.06256716,2.0382717,6,3.75
ds005286,sub-011,25,Cz,1000.0,-3.5917739868164062,0.29,7.270835876464844,0.333,10.86260986328125,0.012360744193760435,30.0-100.0,-133.08433592200748,-35.34617350103114,2.246033205970146,2.7144317092429775,0.717087108207728,2.4207758093945326,0.14524650383486773,0.6065500224899181,0.07266169242223688,0.1624456748073239,0.5071176914784145,0.37403131926915,0.1748573955975883,1.0290417341912466,1.7755366417105598,0.05351175,2.4840946,3,3.75
ds005286,sub-011,26,Cz,1000.0,-8.510790824890137,0.331,2.629108428955078,0.509,11.139899253845215,0.0825929365650927,30.0-100.0,-24.34001745232832,-142.44257689279175,7.3253232551600105,2.471213798544118,3.424022623754368,3.7358743939693437,0.07566104003212772,0.3816162781504594,0.3692145428261345,0.184741392608455,0.5155995659790391,0.3736813435480593,0.25161691566018163,1.0385111967254301,1.7531983234007533,0.06902952,2.0668223,3,3.75
ds005286,sub-011,27,Cz,1000.0,-7.928545951843262,0.177,-1.2571287155151367,0.357,6.671417236328125,0.031245609580534503,30.0-100.0,8.128030803443737,-120.05252583693485,2.302902123242716,1.4081654882060564,0.6506833662335799,1.7073303709151868,0.05720170096221176,0.4491044191797967,0.17966371474113907,0.19590209740129097,0.49563391424443304,0.3908672035443373,0.22184168594754047,1.0320189343585973,1.7668408938575768,0.06105087,2.2986217,3,3.75
ds005286,sub-011,28,Cz,1000.0,-7.209115028381348,0.15,6.554581642150879,0.306,13.763696670532227,0.052258682511324026,30.0-100.0,-681.5730874469318,-34.14359039714995,2.8789412565157226,1.0030441622887545,1.2395113673511804,2.663708408750784,0.10564112827193678,0.5870976479517406,0.16813220144708318,0.3057761681363797,0.5121632005514486,0.41214296570915915,0.354620950136201,1.0361253581125158,1.6834358216906522,0.085514404,1.7543163,4,3.75
ds005286,sub-011,29,Cz,1000.0,-14.561746597290039,0.184,15.69639778137207,0.308,30.25814437866211,0.11632842895501852,30.0-100.0,29.55484706530041,-424.47901961323566,16.35166966293284,10.304943967474156,0.6887491267343997,5.916063275837342,0.16089112348195614,0.6780031940223019,0.6316774710623958,0.2818605518979578,0.5111078585104528,0.31357377996192337,0.1703978513319769,1.031874442660329,1.8062969223344452,0.053041272,2.620636,6,3.75
ds005286,sub-012,0,Cz,1000.0,3.4415409564971924,0.211,10.669357299804688,0.311,7.227816343307495,0.01144862016789775,30.0-100.0,83.12519909612848,-530.7988487972489,5.478315692101414,4.72010002284415,1.2269685092432783,1.7978764623899701,0.016920558755008266,0.49905631136301515,0.47857278449197005,0.30854827846325417,0.48965646394048723,0.34462171002878095,0.16232488242997178,1.0220901911542621,1.8321754995697295,0.050714597,2.320792,2,4.25
ds005286,sub-012,1,Cz,1000.0,-14.6747465133667,0.182,10.805562019348145,0.462,25.480308532714844,0.007758547645533031,30.0-100.0,82.00665876848244,-7.220869001848046,8.529603812062117,15.152103760663202,0.9560471402685864,2.422984090988234,0.026396503553389468,0.6807021814522718,0.5531377539709017,0.14325768412207068,0.4801384843924745,0.3068127866366831,0.14174707389916974,1.0246206787234635,1.838289671617985,0.051496584,1.9729238,4,4.25
ds005286,sub-012,2,Cz,1000.0,-11.017067909240723,0.216,10.103939056396484,0.348,21.121006965637207,0.009923663507265644,30.0-100.0,-1501.4812804832225,-120.97551958978781,7.034246982400875,3.387012125120047,9.056963084408235,1.539852238620955,0.16104909760023808,0.34782313253611924,0.3164964834994602,0.5659963926963627,0.4889739182544532,0.33433649359044504,0.20605061697139423,1.0227900324524881,1.8555217214484996,0.05579472,2.1305807,2,4.25
ds005286,sub-012,3,Cz,1000.0,-12.222357749938965,0.15,9.112154006958008,0.3,21.334511756896973,0.011662480730186692,30.0-100.0,-21.941102907767597,-108.7446173055656,77.22978242626465,38.76326695398803,5.52711502693337,4.426227987937208,0.06451872418803362,0.44068639650556596,0.2235318617078506,0.4608132025870117,0.4909015837136091,0.27668042034676926,0.07188703845692669,1.0218908684241095,1.8269258370749715,0.03624268,2.939775,5,4.25
ds005286,sub-012,4,Cz,1000.0,-21.599916458129883,0.15,13.275360107421875,0.336,34.87527656555176,0.06631816169869802,30.0-100.0,-193.7798198487315,-296.93009550482066,42.05588998064216,38.33211672292829,3.892246679248873,1.393745470374459,0.11141607234527888,0.7022811029276872,0.2248342354239525,0.405504078060551,0.48843550945321057,0.2595966113167751,0.09532283033433703,1.02155023564539,1.944643740012999,0.035906248,2.914351,4,4.25
ds005286,sub-012,5,Cz,1000.0,-11.017988204956055,0.338,2.5217790603637695,0.455,13.539767265319824,0.04503761619361447,30.0-100.0,-18.078300663852474,-19.553779869208864,1.8506224094564456,2.701533290575135,0.4423647688972566,0.803540842183819,0.06402948191468967,0.37863533055442694,0.5555159520757431,0.19175693353915113,0.4926244385195853,0.36365981454873164,0.17057428933198943,1.0328112040077198,1.709844787380671,0.057996865,2.4783156,2,4.25
ds005286,sub-012,6,Cz,1000.0,-17.980236053466797,0.212,16.84296226501465,0.344,34.823198318481445,0.003146980266512492,30.0-100.0,-40.911405350023735,-1036.7338039899992,24.10903702036257,26.511427300354747,1.4995098047859794,2.285816164048477,0.05103106475962089,0.8045388015145639,0.242329938094957,0.40233107595710565,0.4801846392991231,0.2908055672014651,0.1168487689693318,1.0154555582081592,1.9216475821130852,0.040447045,2.3229911,3,4.25
ds005286,sub-012,7,Cz,1000.0,-24.643287658691406,0.277,11.824010848999023,0.382,36.46729850769043,0.08312287227740704,30.0-100.0,-262.2280610900099,11.309764491756221,32.056323696056026,14.569952008991473,2.9900584713071083,0.8637958865707841,0.08887234059743271,0.6789599635354817,0.3369300915864373,0.11546215650183092,0.4861294485986081,0.25190928811427926,0.08479755431900347,1.0225117763754357,1.8603716732999396,0.034423992,3.0140386,2,4.25
ds005286,sub-012,8,Cz,1000.0,-23.39580726623535,0.182,17.592472076416016,0.395,40.98827934265137,0.03151539936774084,30.0-100.0,-6.8135441642612555,-144.66039200657372,47.336993286268296,26.87175107187489,2.8139641229373367,2.094451203677683,0.03983510847780708,0.707597246692433,0.16756540208171428,0.5528988000601511,0.46525707597397353,0.2883766481920314,0.10943756674052106,1.0135858839506233,1.8734358689131776,0.03765264,2.6574247,5,4.25
ds005286,sub-012,9,Cz,1000.0,-26.70624542236328,0.172,11.203369140625,0.389,37.90961456298828,0.004128431713511814,30.0-100.0,-78.46059071475841,-47.49939085212812,44.37022997721715,38.28483733961505,4.304137399273364,1.6280627860113996,0.021389639388535588,0.7927724213961306,0.3719057428512803,0.13383816357009115,0.4701108949348152,0.2778615738230914,0.10327972507824465,1.0154887117422644,1.880794105728534,0.035715844,2.6271598,5,4.25
ds005286,sub-012,10,Cz,1000.0,-13.352992057800293,0.187,7.768845558166504,0.55,21.121837615966797,0.04286573950022044,30.0-100.0,-1043.5802746679237,52.0727811488689,25.35813339013238,4.3711208973026165,2.3353538712637523,1.5466835465567488,0.05805543424754885,0.41069887384898524,0.6741482315930413,0.5477883235854877,0.5036504992880815,0.3197954234120661,0.12918815702716818,1.0272614906746278,1.8411241278292216,0.039149057,3.320536,1,4.25
ds005286,sub-012,11,Cz,1000.0,-32.50252151489258,0.15,10.043923377990723,0.41,42.5464448928833,0.03579157143522689,30.0-100.0,40.377649583525304,-289.50505969248843,54.39638482876014,55.43554477501127,5.809602508534335,2.619399359402196,0.08113506656498978,0.7902468233996531,0.23844473301479546,0.6211875557300538,0.48109499192480554,0.22700079745282667,0.10697845548168888,1.015063841285498,1.9332611194169367,0.04014779,2.5701814,5,4.25
ds005286,sub-012,12,Cz,1000.0,-13.87296199798584,0.161,12.862760543823242,0.3,26.735722541809082,0.028965453440820906,30.0-100.0,-1.4754275675366384,-316.0773160252108,39.2397140689219,13.70175525165689,1.160683199250605,2.12168718350185,0.09048447224903415,0.6821247492811493,0.4042560771854101,0.06874909246059606,0.494345901463172,0.2390800463043168,0.08255382510502769,1.0218696107565097,1.9423213012440699,0.03141023,3.4610052,4,4.25
ds005286,sub-012,13,Cz,1000.0,-27.908466339111328,0.165,14.852492332458496,0.325,42.760958671569824,0.021727431457575073,30.0-100.0,65.42096129168468,-23.802011591331834,56.50460415754413,16.66259183470867,33.337082899900174,1.9869930302097842,0.061488756798744125,0.7426501807029395,0.6325706001688187,0.42171558206178356,0.4682368178430775,0.3105843376731526,0.1703217954803439,1.014931263768945,1.8722977093527504,0.050618805,1.7309531,6,4.25
ds005286,sub-012,14,Cz,1000.0,-27.095090866088867,0.18,6.48486328125,0.355,33.57995414733887,0.09808400830835096,30.0-100.0,-1077.5747470716499,-371.55169853927737,24.15254510335467,18.970463569632642,4.613387002532146,5.863218358433604,0.1025619710142819,0.5705714896674204,0.6460360533687322,0.49183794189222146,0.48565776291572993,0.29557561477020566,0.13127372642911983,1.021353178194829,1.8004126144222576,0.052658066,2.1984417,4,4.25
ds005286,sub-012,15,Cz,1000.0,-13.554895401000977,0.154,2.024007797241211,0.3,15.578903198242188,0.10302029871530291,30.0-100.0,-3.336645072060551,-78.57744519171197,39.27411408588439,8.774793637579476,1.6833933093042395,1.6836848618518503,0.18458494935185532,0.5269586321468532,0.3136724092692664,0.37944252759264024,0.48517612432943014,0.28155529341442226,0.11265919865651405,1.0156727002409542,1.8473948659144017,0.036714297,3.0865946,5,4.25
ds005286,sub-012,16,Cz,1000.0,-26.039161682128906,0.221,13.065529823303223,0.338,39.10469150543213,0.05753615867538581,30.0-100.0,-544.8127568622692,-97.20251065416933,43.75408651032273,16.37967974443679,1.100925739015246,1.7196721625777915,0.065779249667206,0.4133964079783578,0.5111352816452314,0.46155992195195006,0.47031646802353416,0.2992404107703119,0.09126478560009833,1.0138835920928633,1.8868301347443424,0.034112062,3.0333366,2,4.25
ds005286,sub-012,17,Cz,1000.0,-5.595210075378418,0.15,11.989986419677734,0.33,17.585196495056152,0.027629760437359107,30.0-100.0,-151.37275472671746,-28.072301824709754,62.54758845423488,17.80237553519229,3.303831213719307,2.370395332773306,0.05096114383820082,0.5224427797053715,0.345434890660518,0.2491534575178675,0.48036674537979035,0.2698067291535441,0.08910778987825602,1.0182950591758186,1.8594318809151893,0.03416333,2.9537039,5,4.25
ds005286,sub-012,18,Cz,1000.0,-12.733010292053223,0.219,4.500042915344238,0.407,17.23305320739746,0.14363235213661718,30.0-100.0,61.72479500844431,11.96594120411789,2.718999700726203,2.8204608307562173,7.58365970869837,2.28986569104528,0.16596245051879893,0.7893897978086231,0.4163334122787679,0.19282167797975264,0.48552136058029277,0.32419302365170605,0.19945876961619483,1.0207135020727192,1.8618358972214102,0.058428384,1.8160955,3,4.25
ds005286,sub-012,19,Cz,1000.0,-31.685409545898438,0.177,16.976966857910156,0.3,48.662376403808594,0.03652405406362541,30.0-100.0,-2895.6248925661857,-1212.3564297826736,80.06811194890875,35.288867886931726,9.1647907314237,4.195259156307158,0.06240623964162503,0.6926202002370477,0.19381928947351162,0.49457849538916365,0.4598652080862388,0.26920064018550455,0.10511379226943174,1.0116583775433803,1.8604624891929835,0.04199853,2.1933355,4,4.25
ds005286,sub-012,20,Cz,1000.0,-25.15800666809082,0.235,9.220303535461426,0.334,34.378310203552246,0.019141374012606332,30.0-100.0,37.115028986804276,-513.7039911241894,24.87159966099408,30.52229198578592,1.374991699540522,3.3818777199921404,0.028571257674920914,0.8407693298835536,0.28744869199440637,0.021066418258399305,0.4943551161322837,0.2972441831817158,0.11836856251419478,1.0159579181359264,1.8686739204881648,0.044935413,2.3106678,4,4.25
ds005286,sub-012,21,Cz,1000.0,-6.815581798553467,0.192,15.88230037689209,0.325,22.697882175445557,0.0002259752030709972,30.0-100.0,-433.8791086100599,-606.8458329615942,9.1895228882344,3.0328321883601705,2.776539037944736,3.128561686381252,0.006832978710039282,0.6806338344608877,0.4363728074542123,0.260059038638767,0.47838798663741894,0.34807724519083677,0.1887666621109561,1.0189681572007914,1.8412175108897393,0.05745112,1.9355934,2,4.25
ds005286,sub-012,22,Cz,1000.0,-18.082775115966797,0.29,4.196918487548828,0.507,22.279693603515625,0.013751451334778902,30.0-100.0,91.51621107123516,-169.3505788831825,12.662342465281089,19.32541657235064,2.8692900340644423,2.7872163359981266,0.08955082219836634,0.5173454139909073,0.511817098840017,0.41957830633686793,0.47955423138428643,0.2965064323451593,0.11181320703361022,1.0208544399995487,1.8521514309589142,0.043401033,2.5563622,2,4.25
ds005286,sub-012,23,Cz,1000.0,-13.520879745483398,0.264,8.528532981872559,0.449,22.049412727355957,0.047293324458614235,30.0-100.0,-72.91302269354269,-364.6344256715629,23.349687870546397,2.721192172576531,0.20509022603288996,1.3880901964800996,0.07268865834411786,0.2659205639095156,0.8045021752184565,0.06002954514245404,0.4925100777401709,0.268174504675037,0.14786815152688434,1.0275938604373411,1.8189087054056199,0.042356376,3.0239217,2,4.25
ds005286,sub-012,24,Cz,1000.0,-12.240875244140625,0.299,3.838930606842041,0.431,16.079805850982666,0.02252894728504503,30.0-100.0,80.17563135186741,-115.82426526616018,11.735608919082285,6.306532452029739,0.5752222486394356,1.8475261381460344,0.04441199556932872,0.6544236666738209,0.31614571916662043,0.12827876256511386,0.4818767961863709,0.26345329711220755,0.14029366082689274,1.0219445694200264,1.8641055951844605,0.04753682,2.3523917,2,4.25
ds005286,sub-012,25,Cz,1000.0,-5.5646467208862305,0.207,6.664585590362549,0.328,12.22923231124878,0.004220388535923033,30.0-100.0,44.92435002114669,-54.277310834541396,3.926194600603821,1.8678815677745497,2.949146134210346,1.6660253764373083,0.053366990597256046,0.5099479767012489,0.32800773162477126,0.3148997398893104,0.48298655617212877,0.35214622091159276,0.21191573751351853,1.0232099461052504,1.8220823122724104,0.06136441,2.0657222,2,4.25
ds005286,sub-012,26,Cz,1000.0,-25.391098022460938,0.15,4.862614631652832,0.342,30.25371265411377,0.029831545662674964,30.0-100.0,-56.087521156546174,-63.85287977644213,69.29187160750207,16.781521954891023,6.660255951833779,1.5828711984391743,0.06740844214863848,0.5179513759468256,0.29867752030468353,0.39106434221320874,0.4864528532978793,0.2267758034259499,0.09549525749542011,1.0176412083539899,1.90036040563228,0.033991177,3.2060413,6,4.25
ds005286,sub-012,27,Cz,1000.0,-8.763367652893066,0.25,8.16689682006836,0.451,16.930264472961426,0.023436282698875852,30.0-100.0,29.171312710950918,-14.4589100763088,5.16218787160486,2.4125023634399345,1.001207780229397,0.6343523571712195,0.051197539028178286,0.4319765763169386,0.14843119534025054,0.2733718296505767,0.48327824870198416,0.31502528760581094,0.17507416846411297,1.023332079173361,1.772634052227824,0.052795187,2.1171117,4,4.25
ds005286,sub-012,28,Cz,1000.0,-23.294050216674805,0.173,14.521991729736328,0.315,37.81604194641113,0.030051771636712084,30.0-100.0,-422.84329314528054,-87.23367073166126,41.45954610504929,26.472687456636933,4.091969638500574,1.4750688273736692,0.04594178813245259,0.6551018743381036,0.3975124199253334,0.5824506611467565,0.4904644576577303,0.24503957794184592,0.10634197162286822,1.0137947737476263,1.8758828692602443,0.037069645,2.7768185,7,4.25
ds005286,sub-012,29,Cz,1000.0,-24.281341552734375,0.15,7.621833324432373,0.481,31.903174877166748,0.05937057531630112,30.0-100.0,-2766.9223203172323,-29.04981920888135,21.916926105596644,17.553550950959572,4.458730612425639,1.9602950178624254,0.04328514051166175,0.6697295829654704,0.495560715785858,0.1803859131054498,0.4616590645802132,0.26865743779600276,0.13888320769646986,1.01456305130129,1.8675329615485883,0.04603134,2.0766377,4,4.25
ds005286,sub-013,0,Cz,1000.0,-16.180410385131836,0.246,36.8003044128418,0.348,52.98071479797363,0.06625325680638164,30.0-100.0,-51.84089880118139,12.048195621663426,76.80275014185085,25.033399876161635,1.843084373431782,5.035112949954418,0.2521359001471128,0.3322917274043675,0.4412316543224892,0.3922246837637418,0.48296365074140757,0.2848134426516723,0.09742017170846755,1.0220864591639527,1.8495737509436196,0.031698342,3.7970939,4,4.0
ds005286,sub-013,1,Cz,1000.0,-4.502791881561279,0.179,17.211469650268555,0.392,21.714261531829834,0.20631018142622426,30.0-100.0,-312.31486590944087,-100.68422773408041,14.033993923174553,6.007440611472008,8.691455098024083,8.791894415242561,0.5960437831520198,0.41312742765744864,0.5417225777717767,0.21949772415267138,0.5044464298722098,0.38901679038475306,0.21268243102719503,1.0268510500355938,1.735851507423053,0.06673062,1.9666609,5,4.0
ds005286,sub-013,2,Cz,1000.0,-22.023818969726562,0.15,2.5176186561584473,0.3,24.54143762588501,0.2730517903482714,30.0-100.0,-669.8746980002387,-140.5442181147342,113.21259815076347,63.192609412291745,8.9148085866202,6.1079907819182155,0.3077405886787224,0.39307974104716886,0.291972404228183,0.26961195465003707,0.4733191421762802,0.24464200803333394,0.0930418795450021,1.0134800712522951,1.8776279306722456,0.03474013,2.9497879,6,4.0
ds005286,sub-013,3,Cz,1000.0,-7.952737808227539,0.153,2.3162014484405518,0.348,10.26893925666809,0.04463135426484136,30.0-100.0,-1986.5793831198398,-613.1885844697593,37.42870982823176,36.542942733002555,6.921369412895309,7.287847827065665,0.14155827179807512,0.5739658882789787,0.5536429635439123,0.05328762751937554,0.48382953714280436,0.3082398579789077,0.13098977871921774,1.0193087788272868,1.8381923116779324,0.046065867,2.4004593,5,4.0
ds005286,sub-013,4,Cz,1000.0,-21.469654083251953,0.342,-1.4064834117889404,0.32,20.063170671463013,0.2837058542069235,30.0-100.0,-18.83053393797066,-163.50193677493013,60.776512577848614,59.694169496457924,7.42454626716334,9.382301137330925,0.6274925572811927,0.7138624808649211,0.3015124693959531,0.07535181685328346,0.4912794040778996,0.323093869633727,0.13759898622365482,1.0224189722899522,1.7962833819239996,0.04627293,2.6508334,6,4.0
ds005286,sub-013,5,Cz,1000.0,-27.309303283691406,0.197,24.843944549560547,0.401,52.15324783325195,0.08848425095338426,30.0-100.0,-845.1418110142715,-664.9403426982428,43.12728856432848,13.281032194969523,12.384956340810959,10.116825601733087,0.2937273031327912,0.3884460759317224,0.34078361183042677,0.04299864706695615,0.4854722026033124,0.32813165321233007,0.1691781271072629,1.0202393296822712,1.8489422185272488,0.052779872,2.1970444,5,4.0
ds005286,sub-013,6,Cz,1000.0,-18.180009841918945,0.157,9.668832778930664,0.357,27.84884262084961,0.2618100242329262,30.0-100.0,-49.25416025316011,-59.43671017127612,88.72384633393452,43.46018599617098,18.846394880762638,6.543517154078107,0.3325851730307329,0.5513937531082442,0.291987931546268,0.19337410206736613,0.5074351133645261,0.3124408228640063,0.14266106572143109,1.0284986776480411,1.8050871099243533,0.046541534,2.6726425,7,4.0
ds005286,sub-013,7,Cz,1000.0,-16.752347946166992,0.15,17.633996963500977,0.535,34.38634490966797,0.05626418075312778,30.0-100.0,-20.1377275899547,-438.41825759656825,75.14013063894392,31.056101393620256,13.189388829780604,10.032664231964272,0.03969697831476466,0.5272241346202964,0.24053287489794944,0.4735031989772966,0.4805279039964249,0.2865934219324446,0.11501978463931001,1.017425209788833,1.9179828059619901,0.04257131,2.518648,6,4.0
ds005286,sub-013,8,Cz,1000.0,-19.757633209228516,0.151,8.321839332580566,0.544,28.079472541809082,0.07925037728727068,30.0-100.0,49.825123921307664,-91.85881550356933,104.67650384934709,35.11857615988474,4.045720370310657,5.451824754832123,0.23684124167198148,0.47574097854736597,0.2487121310751753,0.4198615650101197,0.4982437093853112,0.2827771187973435,0.10673816354232354,1.023480255055443,1.8439348884709366,0.03839553,3.157989,7,4.0
ds005286,sub-013,9,Cz,1000.0,-17.985897064208984,0.161,30.31292724609375,0.331,48.298824310302734,0.11740460404638813,30.0-100.0,-126.79596916990556,24.807537955240946,50.08088682388492,77.88757743369723,11.008897711513573,3.85885901922788,0.1860315334381694,0.842781799216067,0.5667012300817843,0.19657168968366945,0.4470733957525913,0.2863921034733195,0.13824957306885305,1.0101250279892597,1.9429896865117746,0.041985575,2.0644703,6,4.0
ds005286,sub-013,10,Cz,1000.0,-25.139556884765625,0.151,29.08135223388672,0.3,54.220909118652344,0.0884613996611559,30.0-100.0,-112.94639317908329,-196.45973655301813,151.07977271212323,56.36025110174893,10.716645222789833,6.533421842705925,0.2181918056327843,0.38217124342732306,0.25862247100528213,0.21334855185496718,0.497899515942313,0.23632925270041757,0.08968290620149455,1.020803465536319,1.8765388822404014,0.03259952,3.5264797,7,4.0
ds005286,sub-013,11,Cz,1000.0,-36.34113311767578,0.15,12.286168098449707,0.3,48.62730121612549,0.015555768207700346,30.0-100.0,-53.71821581630574,8.84988522948162,119.03468564930026,59.56980126282483,5.141727403054358,2.650126159505363,0.02979195064061205,0.7657879944580028,0.2800940582033875,0.24131164061493932,0.46840861681770024,0.19855481856645427,0.08333133574996067,1.010182916452479,1.9332314813993756,0.03046287,2.7784097,6,4.0
ds005286,sub-013,12,Cz,1000.0,-18.83786392211914,0.15,25.560626983642578,0.475,44.39849090576172,0.11298157009943476,30.0-100.0,-48.39866688445948,-114.69855256172966,90.40203157990145,26.958812222496647,23.187327728948897,3.2721719354159546,0.2846545738552549,0.25301475652585875,0.1605980797182367,0.2060460718934234,0.4768736484403121,0.2787447578011405,0.09834658831677531,1.0195816685362744,1.8988587972963133,0.033577524,3.3084714,5,4.0
ds005286,sub-013,13,Cz,1000.0,-12.723331451416016,0.15,14.8889741897583,0.392,27.612305641174316,0.029336751720636402,30.0-100.0,-115.69520758029907,43.36749522355258,88.69620353876552,47.22558142210085,13.529075766509433,2.5464796557294807,0.07471183973027627,0.25983121341705173,0.2688567943382789,0.020993661774015685,0.48661615247322354,0.27643669858783526,0.11883865276514508,1.0231657733580792,1.8343555503417144,0.039375726,2.8849683,7,4.0
ds005286,sub-013,14,Cz,1000.0,1.6542887687683105,0.15,23.363203048706055,0.501,21.708914279937744,0.20312032792553228,30.0-100.0,80.82611172066125,-140.8726573766056,98.04931623689606,75.48312315268733,18.275068285197978,6.17123426731002,0.08493837023572523,0.38297130038194355,0.20806748572991793,0.6449113417425152,0.4894189486446159,0.30617853409854767,0.11931416853373872,1.0226707122465193,1.8575282851216206,0.041120328,2.8949184,8,4.0
ds005286,sub-013,15,Cz,1000.0,-10.912250518798828,0.15,21.401561737060547,0.407,32.313812255859375,0.0077066180760092485,30.0-100.0,7.840108613701695,-359.55840884341023,23.91920502521883,49.875673258079665,8.38553614409994,2.9111426741248634,0.028108079679438323,0.437413566732953,0.2562515634514169,0.5867364183104282,0.4589738751720879,0.2892935348060964,0.14913387858060048,1.0135293068378803,1.9212054085685353,0.044321414,2.0170326,5,4.0
ds005286,sub-013,16,Cz,1000.0,-29.011138916015625,0.227,13.903797149658203,0.307,42.91493606567383,0.05949231346888279,30.0-100.0,65.44828807194432,-60.444680680866284,67.146297035683,44.367672732879264,1.5055045659150437,6.551424487929101,0.14131617260562393,0.3671151365108782,0.5941694148056651,0.44723850603815485,0.4859731057438769,0.3118353797546218,0.14776266938844937,1.017217583978577,1.8756711209221988,0.045037284,2.479521,5,4.0
ds005286,sub-013,17,Cz,1000.0,-6.348320484161377,0.309,14.03959846496582,0.34,20.387918949127197,0.02990042160561255,30.0-100.0,-160.92124957100202,-63.540402161514855,90.70791229688366,104.12802574504889,12.108296982853052,7.010923384313578,0.09995934408455626,0.611884949627777,0.13727963087463566,0.2759457568616511,0.4674977533437312,0.29397682849318624,0.12040550031765013,1.0146520792035152,1.8528951294968476,0.041962788,2.3198562,6,4.0
ds005286,sub-013,18,Cz,1000.0,-28.85430335998535,0.15,23.49904441833496,0.331,52.35334777832031,0.1599461453308999,30.0-100.0,-10.386459832046652,-179.97485691928827,100.1661726160928,21.82487404174466,8.652691438909898,7.804162372379138,0.5315552817585107,0.4437121586949295,0.4177744650267988,0.3124397297948008,0.4831180205365447,0.28863938421162494,0.1210088449052661,1.024628547529296,1.8642627885349468,0.04269498,2.8318436,5,4.0
ds005286,sub-013,19,Cz,1000.0,-16.450637817382812,0.258,1.8207077980041504,0.352,18.271345615386963,0.21679746362029487,30.0-100.0,-235.24356795028356,-645.5346509773005,5.957716313107031,8.302912331050823,12.992006295529109,7.503991892828,0.20408825339079278,0.39349306073893064,0.6503279282180333,0.2228069845127889,0.48409334840936974,0.3639607392138383,0.20414972037496748,1.0216415862183212,1.7966983492409707,0.0689349,1.7968249,5,4.0
ds005286,sub-013,20,Cz,1000.0,-10.317137718200684,0.255,3.2389864921569824,0.333,13.556124210357666,0.03408063192113519,30.0-100.0,-4003.6403369674163,-983.2931786880272,10.057722820955163,5.822955834349568,2.9396653572277276,3.934462925834741,0.15891819358024012,0.25914169126897985,0.6057879465855688,0.29183015380708,0.494738253211768,0.3095277762228595,0.14784678993677644,1.0244301044948882,1.788752919291453,0.044548947,2.9756465,4,4.0
ds005286,sub-013,21,Cz,1000.0,-7.831637382507324,0.15,18.06719398498535,0.366,25.898831367492676,0.0845481799475171,30.0-100.0,-13.007119229851103,-217.20324099509898,21.972289492896074,18.9121481316468,5.606300293671568,3.8492734400301223,0.09893943168566299,0.38578463442770433,0.6471343692637151,0.4162421960071135,0.5006662409254008,0.3537914977034812,0.15378752452249683,1.030547111615313,1.8166188297626098,0.052159462,2.401265,4,4.0
ds005286,sub-013,22,Cz,1000.0,-25.37143898010254,0.156,20.084074020385742,0.3,45.45551300048828,0.049295203008138284,30.0-100.0,31.72448712598726,50.47279916882833,65.76025155223037,44.310387707709204,13.71558630770769,3.3293412450481856,0.3085034097910403,0.7695007239403368,0.3217238168056786,0.4322008552902471,0.4885093449285709,0.2743458239431285,0.14240411605473688,1.0238863951106874,1.850259186415853,0.04502025,2.712406,5,4.0
ds005286,sub-013,23,Cz,1000.0,-10.831808090209961,0.291,15.82022476196289,0.423,26.65203285217285,0.025262426669345334,30.0-100.0,-2523.182954830565,-117.50913046749451,44.62939652962636,48.23992387303766,17.696919901654134,2.9170824944576066,0.10393906385389591,0.44568777501654283,0.3409185209970494,0.022575451639009772,0.4734054030194881,0.30833416361207205,0.1293818631623384,1.0126212038478535,1.9278409576193252,0.047110382,1.9304014,5,4.0
ds005286,sub-013,24,Cz,1000.0,-19.7698974609375,0.189,27.06822967529297,0.308,46.83812713623047,0.06073856454763785,30.0-100.0,-446.26717742845364,-283.068117711393,74.21157362723059,19.45808857315521,11.98637101811653,9.963037195996888,0.21569382607567864,0.2794305856521521,0.39499713972412565,0.258049091583999,0.49421688427224103,0.2888987781858145,0.11347676769786064,1.0263415104112992,1.7798642725724516,0.04261924,2.8500288,6,4.0
ds005286,sub-013,25,Cz,1000.0,0.372509241104126,0.333,13.414115905761719,0.3,13.041606664657593,0.019172567615135788,30.0-100.0,-13.223905709995535,-35.02556576839059,48.731703340147234,14.169360305307709,1.4083043121206644,5.162256994138946,0.04295729455940828,0.21479548554070393,0.27579256032009664,0.3304865536105194,0.49280818135225873,0.29773534919930683,0.13001322592214715,1.0258369607411104,1.7857114494165036,0.040948577,3.1103413,7,4.0
ds005286,sub-013,26,Cz,1000.0,-13.144429206848145,0.213,32.00558090209961,0.389,45.150010108947754,0.007317438595219613,30.0-100.0,55.29107961569116,-107.68991644517327,64.25810971614655,12.99778113222281,8.799901945344878,2.1567767471505057,0.061229296309973556,0.6374827908822314,0.46601845420026716,0.05086473838785495,0.4583093225430362,0.2953738476618307,0.08990977711572191,1.0157401080013673,1.8605363878289594,0.03405563,2.9184113,5,4.0
ds005286,sub-013,27,Cz,1000.0,-17.421409606933594,0.15,15.728997230529785,0.344,33.15040683746338,0.2619026110271033,30.0-100.0,-917.7641780695258,-9.941215250670593,33.57300668392541,11.265671610435287,30.766637423194595,8.66346063710476,0.7892545337049333,0.3302478343798747,0.6755783522522809,0.3282259114096826,0.5069301620696749,0.36590626444655944,0.18659143028772066,1.0231344554451618,1.850398605013865,0.05637146,2.1282547,7,4.0
ds005286,sub-013,28,Cz,1000.0,-4.741158485412598,0.15,10.542654037475586,0.32,15.283812522888184,0.021097655169463544,30.0-100.0,-123.05666563872715,-39.458740433522124,12.707191090472662,20.941230750639605,7.193888133426883,3.4366178747006053,0.06483533544985294,0.33556499944690577,0.6248359746304231,0.21095049281696016,0.49108583390130967,0.3041675730138034,0.2034403256057185,1.0193364394689357,1.8804943111192367,0.05881841,1.9586495,5,4.0
ds005286,sub-013,29,Cz,1000.0,-32.13329315185547,0.174,12.91446304321289,0.322,45.04775619506836,0.08507115804656457,30.0-100.0,-507.68205643338257,-269.22254878000115,61.46970996581489,10.968283066871292,11.032581064730186,8.735372656987325,0.19426940449571953,0.46008843558209583,0.269486723544575,0.024939897575787268,0.5018504802060663,0.36934088309576363,0.1404168361375079,1.0228066243175105,1.7889853784940744,0.046901133,2.621806,5,4.0
ds005286,sub-014,0,Cz,1000.0,-6.952963829040527,0.15,9.040422439575195,0.341,15.993386268615723,0.008677901668781109,30.0-100.0,-145.12945652036996,-541.5200840052088,8.481645954568165,5.116557506027812,0.4132971432179907,1.6157756963709615,0.06310336472584131,0.8644869256883374,0.33313394835952487,0.18867106788568055,0.4914606424156753,0.329618389125269,0.17440931846113586,1.026245291467712,1.8223325091066953,0.0541394,2.3251114,2,4.25
ds005286,sub-014,1,Cz,1000.0,0.9105820059776306,0.346,8.331068992614746,0.3,7.4204869866371155,0.056614615520006725,30.0-100.0,-18.83540178376722,-120.05878655198397,27.87687722903642,23.445037308331997,3.4440534890161105,3.132892381834005,0.10177017487347133,0.6499439383137163,0.15831260158491092,0.5337058174326923,0.5075345525304481,0.29332221180842594,0.09329442674661696,1.023598308189379,1.845401732904092,0.04027082,2.7821827,5,4.25
ds005286,sub-014,2,Cz,1000.0,-14.854204177856445,0.15,14.656177520751953,0.3,29.5103816986084,0.02324377403372104,30.0-100.0,-816.568779973966,-747.1579881009891,68.476694934773,29.766569126988614,3.685273817191511,3.4792216103958102,0.049234482750467816,0.7506007595025658,0.052715554365260264,0.25882418339769725,0.484196697236371,0.2599231350846807,0.08063634794064563,1.0185786103351595,1.9388948876997714,0.03299898,3.154708,3,4.25
ds005286,sub-014,3,Cz,1000.0,-20.10040283203125,0.15,12.612622261047363,0.3,32.71302509307861,0.010104567807918123,30.0-100.0,-95.68303891472044,-19.911869499051736,31.351074659070214,28.276091542810235,4.339757227606567,4.283459234846285,0.04530667096720628,0.8351358197723198,0.6541609125784331,0.4719157412418591,0.4983369371806982,0.23994935060597675,0.09805634826411366,1.0222836219876879,1.8651294881992957,0.042148802,2.5586221,5,4.25
ds005286,sub-014,4,Cz,1000.0,-13.527685165405273,0.201,7.754708766937256,0.546,21.28239393234253,0.050210475969003396,30.0-100.0,-853.1835399872767,-289.1769328448935,6.455411392364332,3.4546096634520804,3.1858531801602683,1.1141330260084685,0.10415439835570009,0.3279256108651878,0.44599638792575336,0.44931936257209404,0.49726749437700835,0.3435788416251155,0.1483134103909246,1.0273854571753507,1.7943564512160197,0.047463074,2.4842343,3,4.25
ds005286,sub-014,5,Cz,1000.0,-3.0882985591888428,0.15,8.764976501464844,0.333,11.853275060653687,0.024802921629996567,30.0-100.0,-96.50216089150338,-91.99258085435409,34.93665511018031,15.71106063935918,4.812984699414387,3.3927344697445925,0.06212408445174706,0.791987621405128,0.2444215109825935,0.11694022795432955,0.4970858813106655,0.31089191992077825,0.09868679464503902,1.0223204610992835,1.8479315289576295,0.0407414,2.7583578,8,4.25
ds005286,sub-014,6,Cz,1000.0,-7.556446075439453,0.15,7.913905143737793,0.416,15.470351219177246,0.01775061010201562,30.0-100.0,-1449.525840941267,-12.125511068210608,21.020949614564003,24.1509171887058,1.150079360944978,3.53218268057317,0.10566660815676926,0.8599284951343518,0.5597588235237236,0.4234309304195427,0.49497433332638835,0.281018755130381,0.11969952203201004,1.0271661290482075,1.8705204013338221,0.045369294,2.6692462,8,4.25
ds005286,sub-014,7,Cz,1000.0,-2.900118112564087,0.215,6.604039669036865,0.315,9.504157781600952,0.02273225435314192,30.0-100.0,-435.5944408520276,-143.1378168648032,0.8385860827336962,3.024423989021817,1.4863966837045748,1.1092788151172832,0.09641480545256054,0.8035712618642903,0.1893408820239399,0.08521315969501499,0.5123435238523483,0.37181375136826356,0.2163898428355714,1.0274145265544419,1.7986223229354754,0.063311055,2.0222785,2,4.25
ds005286,sub-014,8,Cz,1000.0,-11.098104476928711,0.182,6.906268119812012,0.482,18.004372596740723,0.046624002568923566,30.0-100.0,-8841.647433247348,-233.36935867722644,8.82347918773994,9.972114475665162,2.5610506997653557,0.6209932170502354,0.07157066077778754,0.7200162346038743,0.28830479894236244,0.35015362027528335,0.49969408060930637,0.3050352388408853,0.15202529647710036,1.0277596326160674,1.834024180965218,0.047140535,2.675454,5,4.25
ds005286,sub-014,9,Cz,1000.0,-6.591228008270264,0.326,3.1066083908081055,0.532,9.69783639907837,0.015200281009635174,30.0-100.0,-2.4116585740032797,-114.32727503614699,1.5005922476274192,1.4961095284939336,0.4881345455045839,0.4774568040134773,0.07397733146671992,0.463366850509161,0.3341103178509935,0.17934582350494296,0.5145095069347321,0.35941185110275115,0.18992477951866327,1.035535517761237,1.7347912771274903,0.055161193,2.5658574,1,4.25
ds005286,sub-014,10,Cz,1000.0,-9.351714134216309,0.168,9.064785957336426,0.496,18.416500091552734,0.054139289068306104,30.0-100.0,75.6111473531418,-128.2299482222217,5.91881452469397,4.3901211016715305,0.9761341370964686,0.7864540684699481,0.1655613971313151,0.6801229163298379,0.298137846398437,0.10877747013834475,0.4975125910423326,0.31460192038968915,0.15146400346263836,1.0312620134242398,1.776833805948342,0.046811115,2.914796,4,4.25
ds005286,sub-014,11,Cz,1000.0,-3.2064502239227295,0.152,8.18880558013916,0.3,11.39525580406189,0.13131213044480378,30.0-100.0,-497.9028018306393,-393.11968135551405,1.9608142637915404,1.788409879548965,0.4535600394175928,1.5848258036818275,0.18725542753571323,0.7920596321925255,0.3181133253520136,0.45437859507537165,0.517029068685153,0.39229243935606606,0.267229050266866,1.0411155012933138,1.6431243130095545,0.07767468,2.0592818,3,4.25
ds005286,sub-014,12,Cz,1000.0,-8.947388648986816,0.235,17.11620330810547,0.393,26.063591957092285,0.24048365552183035,30.0-100.0,-153.16083833828714,37.50260302311632,15.59660252138195,5.444305850715934,0.2786958306928585,3.3678606971188736,0.4959810332194851,0.7800459723059278,0.5079284033689935,0.3395028078331896,0.4978424537308814,0.29303096556381686,0.1656269623890233,1.032630249770497,1.714639281750344,0.047656473,3.1948829,5,4.25
ds005286,sub-014,13,Cz,1000.0,-10.662845611572266,0.156,7.1074299812316895,0.335,17.770275592803955,0.013081943340999498,30.0-100.0,-39.85544670421043,31.014551359980196,6.09933099524427,3.0938412055588183,2.85198090476016,1.367229429775483,0.03870417972342138,0.7081081453095056,0.2950567801405706,0.5500109260393955,0.5059784130139057,0.3665542256715773,0.21984711452302697,1.0326565905705496,1.8000404157220167,0.062075883,2.2015388,3,4.25
ds005286,sub-014,14,Cz,1000.0,-6.4893622398376465,0.271,7.825732231140137,0.44,14.315094470977783,0.015175213556373551,30.0-100.0,7.82622241188686,-89.6814596377502,3.967764242640081,0.464862851337111,0.13712707795326765,1.1746429545715964,0.04091353807873141,0.39297123178155885,0.24963986107089442,0.1043277121676561,0.5098500707787045,0.35928484195542976,0.19003553238859494,1.0379340963337955,1.7050994683595246,0.052346557,2.8380053,5,4.25
ds005286,sub-014,15,Cz,1000.0,-3.4917054176330566,0.207,4.350266456604004,0.363,7.8419718742370605,0.010088602816941584,30.0-100.0,-2664.5363000493585,-41.42005097714023,0.21687705694107579,0.22661506475365978,3.788919232529356,1.0700778297658238,0.0215075486404442,0.48583223358666183,0.8311048822271935,0.22023962112281842,0.4981789017391044,0.32916318968993347,0.3060103091091176,1.0238986671494537,1.8051884056743746,0.08352691,1.5709379,1,4.25
ds005286,sub-014,16,Cz,1000.0,-12.678468704223633,0.196,15.024953842163086,0.3,27.70342254638672,0.04952959586508849,30.0-100.0,-2550.147176215423,-138.1112599124385,23.30527586095473,15.271583222654895,2.6101657209068234,1.856839958243444,0.06206083759307271,0.9123932291635712,0.09292521859675026,0.38726853342557555,0.49235926681317105,0.2510162848030782,0.09107443619849856,1.023738199708143,1.8531488034762502,0.038239732,2.9891398,3,4.25
ds005286,sub-014,17,Cz,1000.0,-14.01220989227295,0.15,6.4279890060424805,0.3,20.44019889831543,0.1688406913343323,30.0-100.0,-174.80197379468464,-111.41073377087258,17.069883272465272,26.390043400500907,2.1473968465637814,2.313861803262268,0.24127987966706904,0.9250340141531672,0.47741178156915176,0.585026808845981,0.5044930206634624,0.2529271263809667,0.11459070863338472,1.0286868409848053,1.8593857843246853,0.044877816,2.809155,4,4.25
ds005286,sub-014,18,Cz,1000.0,-13.911317825317383,0.16,9.135319709777832,0.308,23.046637535095215,0.08575846809516108,30.0-100.0,-105.66859346020468,-23.709778157363637,19.806083907827023,4.5260388102303875,2.30633808955236,2.3248626930136793,0.09333002865071675,0.6555335674534221,0.2846825312786453,0.2923694683570284,0.5026755398148975,0.31594183842162704,0.17507364085596083,1.0297606281584615,1.7948510426813646,0.053428356,2.5599988,4,4.25
ds005286,sub-014,19,Cz,1000.0,0.7233098745346069,0.324,11.037534713745117,0.534,10.31422483921051,0.003136433178317158,30.0-100.0,15.685932094399254,-237.27952481990374,28.461092187879352,22.474715897563296,1.9102497450122553,1.0667021771878433,0.050661301288579416,0.6433306855417565,0.4307673715267785,0.7400429653181824,0.4922643454602785,0.2728536876676713,0.09058137432796161,1.0183824246399142,1.8821917037795468,0.03598663,2.9238906,7,4.25
ds005286,sub-014,20,Cz,1000.0,-6.3783183097839355,0.322,5.989899158477783,0.432,12.368217468261719,0.01616866329557687,30.0-100.0,-334.1326481259996,-2211.918527691962,2.06888793708217,0.8605804778098001,0.46652714235007287,2.7301653921934927,0.024831214726819262,0.6934975847041169,0.48502535858806256,0.39759557771416515,0.4986000030717347,0.40882603859043226,0.2319545267903258,1.029648947702318,1.7480983307267666,0.070713095,1.9437001,0,4.25
ds005286,sub-014,21,Cz,1000.0,-12.346059799194336,0.152,15.335138320922852,0.3,27.681198120117188,0.0086858246208556,30.0-100.0,-415.468663199138,-242.06360469569907,10.542110121342766,21.253445833822198,1.4066577090010393,1.6483998134914168,0.03670432848083524,0.8108719288571005,0.43040001373602726,0.44949578234792786,0.49796978980510925,0.2528103368989297,0.12190169899713962,1.026484003207081,1.8526745227574255,0.043024663,2.7206292,5,4.25
ds005286,sub-014,22,Cz,1000.0,-3.7632155418395996,0.173,3.820735216140747,0.487,7.583950757980347,0.06415549542155402,30.0-100.0,-297.4327384771046,35.29264962773263,4.551590878214609,0.639646244829688,0.4443749537346233,1.2882851331921645,0.07759311341500984,0.6186113481278764,0.20525136085496437,0.0920130186489014,0.4998002855017084,0.3817871917812989,0.2514555675035395,1.0333949218552043,1.7184725632014288,0.069830604,1.9047415,1,4.25
ds005286,sub-014,23,Cz,1000.0,-16.558349609375,0.174,8.072897911071777,0.3,24.631247520446777,0.10116745226588343,30.0-100.0,32.69937934565155,-51.75260426649195,17.847279729642032,13.706555641716252,0.5291309228350928,0.9339045033946253,0.08868745032142698,0.7816665505590532,0.39424612677230875,0.297797395161691,0.5002117534480506,0.24131775635420025,0.11034833815933993,1.0242421142413014,1.8259728922752687,0.039572198,3.0770745,6,4.25
ds005286,sub-014,24,Cz,1000.0,-5.625653266906738,0.261,5.500612258911133,0.332,11.126265525817871,0.08159231110488938,30.0-100.0,-1502.8512224659605,8.349165884204663,0.2648227007751592,1.3536482255546152,1.4932336374604613,0.9609486533796103,0.10033241231096435,0.6287691766960513,0.3472207380304191,0.1874229131756938,0.4829810734425676,0.365808594641761,0.2974450917430315,1.0259401901286636,1.8206433959072483,0.07422189,1.7581217,1,4.25
ds005286,sub-014,25,Cz,1000.0,-2.6071345806121826,0.164,9.09593391418457,0.331,11.703068494796753,0.015550176379008076,30.0-100.0,-537.8475553644915,-856.5731476783994,2.378690454459746,1.189099308454765,1.0252176524531695,2.3811562720698602,0.01983929233386871,0.8261194975902673,0.3457224007367611,0.23093134390434364,0.5090477745391587,0.3844219407527493,0.23240732112453785,1.0342504977069467,1.7923313752206234,0.06754603,1.9335605,2,4.25
ds005286,sub-014,26,Cz,1000.0,-4.6341142654418945,0.15,8.78561782836914,0.55,13.419732093811035,0.03832144694070825,30.0-100.0,-588.4724254459976,-177.73378642490218,0.6952579655208015,0.5236242822351784,1.4273991496131635,1.1726684814585697,0.1202368905872343,0.4130432363959624,0.22070884463011298,0.36642930719623734,0.5050097062915309,0.3773532207734311,0.23063764766809447,1.0319432324522881,1.7690230516712753,0.06160996,2.2929504,3,4.25
ds005286,sub-014,27,Cz,1000.0,-7.608308792114258,0.196,5.207274913787842,0.486,12.8155837059021,0.029607227445478192,30.0-100.0,33.131067174405594,-637.9746330416637,2.177069771964595,4.012906723361168,0.4528441304107352,1.378499597856789,0.06885675739124965,0.7859097877668444,0.48012625885846627,0.09185100772453768,0.4990941636826413,0.322340903566104,0.1800446928613435,1.0303354434059986,1.815020724190869,0.056331296,2.4870353,3,4.25
ds005286,sub-014,28,Cz,1000.0,-6.523529529571533,0.15,1.1763739585876465,0.374,7.69990348815918,0.012569774950874945,30.0-100.0,34.36084488497208,21.835783540382423,0.796902424487369,0.671726766225368,0.10762240874118992,1.4814845804170547,0.058936013809033745,0.7842800024337201,0.1615458242799469,0.19810407436405633,0.5180547725064062,0.37638747778983844,0.2133132507055688,1.03530573995738,1.755608641366336,0.067410044,2.1410494,1,4.25
ds005286,sub-014,29,Cz,1000.0,-14.142918586730957,0.151,10.860130310058594,0.3,25.00304889678955,0.004099613027042127,30.0-100.0,-204.41431750400648,-54.577336326680346,19.677221444285536,18.6535235118125,2.05570981981487,1.3100871326325338,0.007111227546959844,0.917388864629993,0.09171177729757377,0.4928318345898209,0.484035774072213,0.2311681993810439,0.12029684256920065,1.0205159997274993,1.86819725616077,0.04133136,2.6050186,4,4.25
ds005286,sub-015,0,Cz,1000.0,-10.260452270507812,0.35,9.72768783569336,0.44,19.988140106201172,0.11317852344265501,30.0-100.0,57.833308210993,9.863636679539763,3.4350704538173864,5.858377796431359,2.6253351360790997,3.5115977155910874,0.24628366993834006,0.35688711028451336,0.1804288285311775,0.5081583308204747,0.4851417452772553,0.35246209562935565,0.2402885409075069,1.0185910729692935,1.845417985581566,0.06487687,1.7593442,4,4.0
ds005286,sub-015,1,Cz,1000.0,-11.965230941772461,0.35,24.51750946044922,0.504,36.48274040222168,0.04277783316913623,30.0-100.0,44.52298689205945,-54.74358848073755,10.587892045456083,7.7165099280523535,18.498620367738177,10.564779095789968,0.17527451259916924,0.8243991867282577,0.3320497090757137,0.6354495258201938,0.4703853547588022,0.2921836625834026,0.22378067280833228,1.0151978110564643,1.8706392071425373,0.064492226,1.4468595,4,4.0
ds005286,sub-015,2,Cz,1000.0,-8.201784133911133,0.262,24.35123634338379,0.413,32.55302047729492,0.19470571496698222,30.0-100.0,-90.68904196172981,24.070647282979422,9.21973496774722,9.451246949597017,13.738677980632545,5.104821367596547,0.4492712402198719,0.8127703801878091,0.4769363358102003,0.07698871960704379,0.4925679230047108,0.3539578113929666,0.2088750400724936,1.0215608127623819,1.8243685977877362,0.055989403,2.0966024,3,4.0
ds005286,sub-015,3,Cz,1000.0,-13.82220458984375,0.307,10.295257568359375,0.433,24.117462158203125,0.3936759417092527,30.0-100.0,-948.7465165857101,-118.41113480360414,2.1429652643785886,4.302958934076882,16.021108918396404,2.893956359496524,1.2457403270815304,0.8611702485032536,0.6143443811416772,0.4235762541688062,0.5124536489186061,0.35252030012990276,0.27776849808645765,1.029978367406688,1.8154917670013488,0.07626923,1.8844823,3,4.0
ds005286,sub-015,4,Cz,1000.0,-12.374488830566406,0.221,-1.6490325927734375,0.374,10.725456237792969,0.03266650710806237,30.0-100.0,-235.71212937963284,3.651832508989372,11.40726631410114,2.83798148708788,54.7283735709238,4.979367652178208,0.16713855926310972,0.5253823331607141,0.2897817536517937,0.4250157149629542,0.472807275886366,0.29218361857088354,0.20762747504364307,1.0156741746314515,1.890478572466744,0.058025386,1.6938734,2,4.0
ds005286,sub-015,5,Cz,1000.0,-8.946435928344727,0.236,12.842002868652344,0.315,21.78843879699707,0.21050352903197223,30.0-100.0,22.42716045052745,-20.90907368452105,7.057988286415295,5.379441443346978,39.559364318847656,4.798856046005305,0.7641219845579598,0.8088739441637555,0.2858910387996661,0.4870436300576717,0.4856037829272685,0.3403606368527215,0.23347448136078613,1.0258997527150207,1.835473670674731,0.06655435,1.7332789,7,4.0
ds005286,sub-015,6,Cz,1000.0,-15.893177032470703,0.243,3.189574956893921,0.55,19.082751989364624,0.45779431414215344,30.0-100.0,78.708442133738,17.17403708886107,4.087641917905056,3.0835864943484212,18.853871856757195,4.00265700676862,0.750238307922057,0.7635209285997266,0.6853910123027773,0.09985182477435556,0.49034351264901477,0.3136101121350038,0.23057500681195633,1.0258864285873401,1.8336082499327684,0.067046866,1.8164254,4,4.0
ds005286,sub-015,7,Cz,1000.0,-20.025827407836914,0.345,18.327348709106445,0.483,38.35317611694336,0.012910694731267498,30.0-100.0,-25.610906664195554,-93.77030352396915,13.210169086181098,6.727457972663092,28.640724842609234,6.986470117784632,0.20362488167229056,0.8412876271654925,0.4900027600669463,0.6259335776296381,0.4792828744403131,0.3232538864841881,0.24094161015353438,1.0132351163101014,1.885168381860679,0.06707021,1.5529794,5,4.0
ds005286,sub-015,8,Cz,1000.0,-6.046113967895508,0.158,15.77011489868164,0.3,21.81622886657715,0.2112367843783323,30.0-100.0,88.73965344196965,-297.9935074753785,5.414218934341752,9.18324514975426,34.108369384833374,14.960794003636929,0.43863606641622316,0.7320354266156721,0.13647498327934696,0.7374006099900244,0.4673512595670263,0.2926818872727029,0.2422579473375251,1.015532726921797,1.8740512083872467,0.06450272,1.5520437,5,4.0
ds005286,sub-015,9,Cz,1000.0,-12.862398147583008,0.164,21.223766326904297,0.32,34.086164474487305,0.0135483864080792,30.0-100.0,-963.8748594388346,-73.70496223587494,24.104862975227448,3.683634656383247,176.20590497862617,8.59841234469321,0.05571014907319588,0.9727236454228452,0.6105538413589784,0.3595971262301905,0.4553264496589276,0.25348863433485297,0.2024113257819009,1.0093730261001883,1.9155897860593558,0.061541323,1.391867,5,4.0
ds005286,sub-015,10,Cz,1000.0,-3.3608837127685547,0.229,13.663893699645996,0.368,17.02477741241455,0.05748169762864516,30.0-100.0,-622.74113251204,93.09360020147278,2.2608892502186695,2.431127822624062,40.558506460750806,6.259263934491081,0.11984582224802275,0.9507501987429577,0.8067203846921984,0.6113240491653005,0.4872195484908376,0.35969651458569446,0.3037525424843899,1.0256324923824198,1.772961767294545,0.08335175,1.4794681,6,4.0
ds005286,sub-015,11,Cz,1000.0,-5.120306968688965,0.226,7.720338344573975,0.383,12.84064531326294,0.8088278594879114,30.0-100.0,-345.0784038262359,-314.472283804472,4.400928462385204,1.6900780926004757,2.7753301915794317,2.087515459440392,1.5722069468418396,0.7356591655108979,0.4715179034706424,0.34386259215152254,0.5299396080168053,0.411155489438751,0.33799604001371575,1.0513011267145924,1.651769366692812,0.08458301,1.9474856,3,4.0
ds005286,sub-015,12,Cz,1000.0,-15.962608337402344,0.252,31.242626190185547,0.404,47.20523452758789,0.0858213426979054,30.0-100.0,-12.671570819178122,25.87300475355506,12.80948139321923,5.597823467953223,28.15432236276641,9.337234708762725,0.04705399943693527,0.8307020046348218,0.4190460286666258,0.24743922966136236,0.474623103550781,0.32614507271807214,0.26438143868351727,1.0202552745774227,1.816740722085426,0.069205455,1.5248361,6,4.0
ds005286,sub-015,13,Cz,1000.0,-8.811503410339355,0.311,22.697998046875,0.381,31.509501457214355,0.15839731325328893,30.0-100.0,-0.44629580099332933,-199.73171786352907,12.594348714830607,5.29285236680415,20.24418770539244,5.660177608507454,0.2508947060074054,0.7375333842765742,0.26528866905192383,0.34536345061294266,0.4829080366400702,0.3103291094453891,0.2383832871432624,1.020218858493681,1.8682489256177603,0.06450942,1.5241228,5,4.0
ds005286,sub-015,14,Cz,1000.0,-21.980873107910156,0.303,2.5621910095214844,0.352,24.54306411743164,0.021574596111303374,30.0-100.0,-3389.6919414767203,4.0636905514855535,4.601515755140027,3.9970723293994546,26.535655496916938,8.070511931551415,0.07939164636395145,0.5431450808945557,0.42493789920608416,0.6330551419535337,0.4802480886621206,0.34987076263700995,0.22302014784641566,1.019713823581615,1.8195292551698865,0.0646021,1.6921917,4,4.0
ds005286,sub-015,15,Cz,1000.0,-12.212510108947754,0.152,10.323270797729492,0.475,22.535780906677246,0.09601983403593013,30.0-100.0,18.07787268834849,-90.18876966556199,2.312995815912177,6.034005098416987,65.57204323788726,6.240844538954233,0.44926805521738716,0.9265757977131368,0.512939535346702,0.5309762260783812,0.4596443852902776,0.264367827864035,0.26130720118219913,1.013791664316202,1.8870018151782415,0.07213079,1.3792101,4,4.0
ds005286,sub-015,16,Cz,1000.0,-14.467243194580078,0.197,9.144794464111328,0.453,23.612037658691406,0.052137500549616585,30.0-100.0,-84.53687693589173,-177.7634778600179,4.017163725460277,8.939173060172669,44.32552636132787,4.34650796631994,0.26665514523519296,0.9341414592279079,0.4598965904859416,0.8391265848250805,0.47803813711702337,0.2895481554752854,0.20694395445814742,1.0187778404453938,1.896873298086267,0.06950343,1.6610464,7,4.0
ds005286,sub-015,17,Cz,1000.0,-10.254541397094727,0.15,2.215747117996216,0.33,12.470288515090942,0.06921094834568256,30.0-100.0,88.56096833754816,47.782432768725315,7.006109885449678,3.61295505845454,23.212050227293297,7.6542736985178035,0.21045605049747798,0.6500946948992413,0.278941877799999,0.18680790735306077,0.48860550542750303,0.33351861285837653,0.21890606582272937,1.019712742217784,1.8341614930542103,0.07024531,1.6131411,6,4.0
ds005286,sub-015,18,Cz,1000.0,-18.01757049560547,0.207,12.103462219238281,0.549,30.12103271484375,0.08920566924058972,30.0-100.0,-117.46237252926868,40.177955924209705,17.98328892901523,11.84441564350361,67.93546941251257,8.291659192425035,0.3271028308000684,0.8675951384535429,0.18974910307091314,0.49360914354303564,0.4890334681642189,0.32652345776337516,0.2325709791428266,1.0170970713391168,1.8797419062760252,0.06709158,1.4822757,5,4.0
ds005286,sub-015,19,Cz,1000.0,-14.483660697937012,0.15,16.942855834960938,0.505,31.42651653289795,0.06455118881696331,30.0-100.0,69.21738442862679,21.473069742218247,23.040216850255355,10.361700555460565,2.212099507699135,4.64912799996356,0.14903456303282553,0.21298994196294208,0.4058649092169462,0.12693402880266902,0.4911116721717604,0.36100589163748203,0.17277319192526008,1.0229250835945778,1.85847064947457,0.05379202,2.326153,5,4.0
ds005286,sub-015,20,Cz,1000.0,-17.583791732788086,0.193,17.15481185913086,0.434,34.738603591918945,0.22900116982361252,30.0-100.0,-255.0449570036657,-241.34342995644724,2.6368944017789206,6.594754747227741,29.77135655088774,5.982449958380002,0.382630820903126,0.9334853769008025,0.48164003880014683,0.3289251632901558,0.491126026408317,0.3311489564683869,0.2071616265343917,1.0222508489814321,1.8493916447635375,0.06394759,1.7428802,2,4.0
ds005286,sub-015,21,Cz,1000.0,-19.45021629333496,0.192,16.727373123168945,0.455,36.177589416503906,0.24944102978385327,30.0-100.0,-155.15520078644255,-142.63368742692177,6.938951393872599,8.0992819598724,33.84986225428777,6.855493446566023,0.6492176838125134,0.8039917204629049,0.6542157941924343,0.36053991833447885,0.49075040687959615,0.35487674728848617,0.24567810820277372,1.027762815391587,1.7821070220307051,0.06535449,1.7840163,4,4.0
ds005286,sub-015,22,Cz,1000.0,-9.976707458496094,0.163,10.601938247680664,0.478,20.578645706176758,0.4758024882391321,30.0-100.0,79.65005548275195,67.06126649667648,5.6048221514042424,5.465891993667652,5.3108560787586185,3.7114099412329584,0.8827788127454121,0.659775459662961,0.5000274259126495,0.09958593295090208,0.48333419426614616,0.3465037441477266,0.26835449349804746,1.0259180090840578,1.8387502699698997,0.071993716,1.7196323,8,4.0
ds005286,sub-015,23,Cz,1000.0,-13.309958457946777,0.15,20.787673950195312,0.467,34.09763240814209,0.023588941887658667,30.0-100.0,-1631.649320731454,-171.33058331043551,9.317692059126333,7.233812330036395,69.79637273011541,6.066829793064232,0.09397082128820552,0.9756226295688764,0.5773697176272575,0.4789349919939356,0.47029912543165575,0.2960669896014171,0.21832153263770332,1.0106666277060705,1.8623056312844555,0.06437911,1.4415979,3,4.0
ds005286,sub-015,24,Cz,1000.0,-14.088545799255371,0.196,11.982226371765137,0.309,26.070772171020508,0.1326774036982039,30.0-100.0,-83.51991587174504,-47.48159794882265,9.90642585712056,21.696466452273622,13.438991912858732,3.4099562252798297,0.6633743357605246,0.5657317747732344,0.5609824067875775,0.2535829591355055,0.5136859905060123,0.33866274625401693,0.213153405641856,1.030615611969639,1.842758231722291,0.06053236,2.1831272,5,4.0
ds005286,sub-015,25,Cz,1000.0,-7.978947639465332,0.15,26.44944953918457,0.3,34.4283971786499,0.04173458766547273,30.0-100.0,-2493.951042286703,-589.7883932368353,25.379817043901415,6.55684599468896,17.200052936651332,6.283018699786174,0.1740125142887382,0.8732864152033787,0.4382136393599789,0.6169211514827764,0.5044115676728818,0.36296978557655873,0.20616229045153747,1.0292318594507113,1.8150786505868672,0.058434162,2.140433,7,4.0
ds005286,sub-015,26,Cz,1000.0,-9.452848434448242,0.31,25.640039443969727,0.473,35.09288787841797,0.18777194424791743,30.0-100.0,-1141.5348007069458,-137.82937789203302,9.006796348902016,4.1729186007238255,121.50147805335652,8.177498088825025,0.5281237476268513,0.9509629299399985,0.0632856217595071,0.8476813469950538,0.4746226026027187,0.27523648429182,0.2329167358715629,1.015800045733423,1.878060347683774,0.067531504,1.4536152,2,4.0
ds005286,sub-015,27,Cz,1000.0,-11.566228866577148,0.15,21.282814025878906,0.303,32.849042892456055,0.3831372230177756,30.0-100.0,-48.05169161217621,54.885463805844815,6.07030002708308,7.838196283439949,83.99276542875268,6.780383109914079,0.5118158076855182,0.9509548362350336,0.1787449788366296,0.7382936182839575,0.48002726087956216,0.3083106358485074,0.22663074364236913,1.01527625860581,1.9090392346031106,0.066417515,1.5818825,4,4.0
ds005286,sub-015,28,Cz,1000.0,-28.748058319091797,0.16,13.598053932189941,0.495,42.34611225128174,0.17492644079273345,30.0-100.0,54.82367521122684,-288.3202172345385,34.46928589510732,2.224295008328064,24.736918169967858,12.435535132289592,0.38410177309441107,0.7036566142776607,0.45325953454854473,0.614728532791262,0.4809281952967327,0.30032745828522933,0.20199914137602717,1.0208320956820736,1.8296022852388167,0.06058518,1.6733826,5,4.0
ds005286,sub-015,29,Cz,1000.0,-15.03310489654541,0.19,7.945061683654785,0.304,22.978166580200195,0.3680817239734201,30.0-100.0,71.87155515816653,-174.14117575151158,11.847831565187985,10.11657767766853,1.5709750131020668,4.650804785790375,0.6081665235332364,0.20468431058937,0.5179734017131611,0.3919434822420746,0.5115716817254589,0.37827916748566204,0.2559646739234256,1.034457833060341,1.779342867056959,0.07174538,2.0141778,8,4.0
ds005286,sub-016,0,Cz,1000.0,-6.241308212280273,0.278,4.772988319396973,0.549,11.014296531677246,0.012428291288087699,30.0-100.0,-160.6329166620345,9.238890303145709,2.150306294152263,1.9388169414063003,1.7312245151972792,1.8954888052337044,0.10724778805332036,0.675791802809599,0.40046957723725274,0.37888955460426105,0.4948976339862218,0.3978877617409452,0.3204189364897743,1.0284220372625668,1.754224087775586,0.07916243,1.6243976,3,3.0
ds005286,sub-016,1,Cz,1000.0,-8.143478393554688,0.15,6.192468643188477,0.3,14.335947036743164,0.016976714441821666,30.0-100.0,-76.85084937985215,-45.24031794916068,2.045428779360721,1.1614920958033148,1.9226955388415266,4.350518040797289,0.02078446868514106,0.45483212138927054,0.40528200419512567,0.19914241171543742,0.5048330585525513,0.40771510177187126,0.30604263179482527,1.0299286121682611,1.7137285595881997,0.08122563,1.740811,4,3.0
ds005286,sub-016,2,Cz,1000.0,-11.697547912597656,0.244,8.383685111999512,0.508,20.081233024597168,0.04393955163515196,30.0-100.0,-76.43855277836126,33.333205945294296,5.0620895114775895,7.824873553793649,1.7356628781550465,3.0147268557786684,0.2808891460686126,0.462299786699092,0.5246581964964417,0.1326021999283684,0.515598947966327,0.3783464106219247,0.2765135239803513,1.038629037612053,1.7215434933107359,0.07597143,1.9033387,4,3.0
ds005286,sub-016,3,Cz,1000.0,-9.62170696258545,0.291,2.7088210582733154,0.517,12.330528020858765,0.08271618192111345,30.0-100.0,-649.6328497191133,29.340265720183933,1.5075569610616872,3.5889299543001805,0.9485372775270462,1.4443546595603856,0.07643309127721278,0.8226197888367335,0.3421507968119911,0.3655251214865982,0.5097265026529826,0.3466117852224913,0.24879184987849587,1.0385481484394803,1.7323586608681831,0.06653111,2.0431693,6,3.0
ds005286,sub-016,4,Cz,1000.0,-9.057829856872559,0.162,7.231922626495361,0.538,16.28975248336792,0.11027124548971905,30.0-100.0,-221.15325775299993,2.5225927578273546,1.4326772864465576,1.677178450085876,6.02803590162745,4.129655299487045,0.24068695234139453,0.7024750578546279,0.30472705772326203,0.27319988254205,0.4982107970756248,0.4126338204984737,0.3369795208249412,1.0293298146252163,1.6955502716500135,0.08351146,1.6254132,9,3.0
ds005286,sub-016,5,Cz,1000.0,-9.072062492370605,0.173,14.811930656433105,0.303,23.88399314880371,0.09982022585378045,30.0-100.0,-247.62495887985799,-250.3470201679158,5.034814598028456,5.409454531992447,3.150991078354541,4.529909400804823,0.13783770114560212,0.6896078204061135,0.5145024936582157,0.33817300574166964,0.49989421704708925,0.35496802226722834,0.26258185247871946,1.024273738992367,1.8091615190010524,0.06737565,1.8646895,7,3.0
ds005286,sub-016,6,Cz,1000.0,-11.473945617675781,0.174,5.639638423919678,0.55,17.11358404159546,0.03783584196389773,30.0-100.0,-14.906720722118704,-2.2898750331904454,3.474918375004674,9.945825122702004,1.5687381189221414,4.1901747325019745,0.08585276776702973,0.8000429727078607,0.1912291199246576,0.07946231740480342,0.4973548221435843,0.34558389470876033,0.21195717035689768,1.0281981373481142,1.7073211647351885,0.062494285,2.1708019,9,3.0
ds005286,sub-016,7,Cz,1000.0,-11.748876571655273,0.243,0.18201732635498047,0.543,11.930893898010254,0.055215812184759364,30.0-100.0,4.0091319101420035,-86.07985767401884,7.433486963879652,8.803035985351801,2.4629696360174216,2.150256624993155,0.09021036428468893,0.3624148384492367,0.4048250812553132,0.237594605899592,0.49600439573239813,0.318271242076364,0.16110353624160473,1.0241228856541924,1.8208385920543377,0.04989121,2.4971743,10,3.0
ds005286,sub-016,8,Cz,1000.0,-9.913633346557617,0.298,9.246063232421875,0.376,19.159696578979492,0.32071884375083837,30.0-100.0,-73.5342291526449,20.42656907827918,3.2837285053452163,9.73527254195642,1.7329657514404906,1.9306346710014686,0.5081786471444565,0.37475359170931644,0.4665771550331515,0.42656571790696096,0.49731928881425025,0.30991444870455853,0.19166137391979485,1.0271648959577464,1.8501851437414225,0.05469324,2.4330306,10,3.0
ds005286,sub-016,9,Cz,1000.0,-7.5154218673706055,0.35,5.844583034515381,0.485,13.360004901885986,0.007260334917874053,30.0-100.0,-119.66447023473164,-482.5942142347799,5.697970385027514,0.39088525928217877,1.9945582327382279,2.7392448590743816,0.05325347336024975,0.4470969596587163,0.3214215150708521,0.32214275748222365,0.5052945414782946,0.38558272410694505,0.23245378852970555,1.0322171517774057,1.7021359869487502,0.07421306,1.8704237,9,3.0
ds005286,sub-016,10,Cz,1000.0,-2.0467989444732666,0.319,15.598188400268555,0.365,17.64498734474182,0.006688337438087403,30.0-100.0,-562.3872697299271,-2005.6078566587087,5.107605232382721,2.18693710259936,3.076022658311037,4.198394151410703,0.04862654358414771,0.7705450501030231,0.448111623077888,0.1927708034394726,0.47750542657428485,0.35739437810958397,0.22166244838577345,1.0209127780960638,1.840053285842504,0.061491966,1.8356613,4,3.0
ds005286,sub-016,11,Cz,1000.0,-8.9037504196167,0.18,7.918129920959473,0.499,16.821880340576172,0.03642563434619676,30.0-100.0,30.367200638790298,-60.36242125491046,15.86730048870802,8.04334872306121,1.8643684908499596,4.062709844072703,0.06127573910578747,0.32273465053026223,0.18596751287398383,0.5470115173849339,0.5042819956476302,0.3151942728770726,0.16544628173407627,1.030147281953813,1.7707979738742103,0.053233434,2.453203,6,3.0
ds005286,sub-016,12,Cz,1000.0,-5.9365739822387695,0.214,2.231327772140503,0.362,8.167901754379272,0.017733470132712644,30.0-100.0,90.4018491188712,40.58195803647088,1.2513956139804785,5.616296541677595,0.5385815832644005,0.9939227667694022,0.07316593111291955,0.8540848409229082,0.5513979236217246,0.37165523491474267,0.4911001885983336,0.36329908479915796,0.23022158885451016,1.0224984154060026,1.7979028849519951,0.065276176,1.8418775,9,3.0
ds005286,sub-016,13,Cz,1000.0,-4.233206748962402,0.259,6.305617332458496,0.369,10.538824081420898,0.004072930774150941,30.0-100.0,35.966321594042945,-92.44324770773144,1.8398904641645728,1.2059181630942186,0.9477530481018845,2.9585256172007113,0.09044583243741014,0.6407944559111936,0.26278787358815586,0.4154050123516558,0.49948132542699447,0.4127971592161817,0.28008067339171466,1.0260756023158708,1.7342936310163952,0.07372539,1.8226424,9,3.0
ds005286,sub-016,14,Cz,1000.0,-2.040285587310791,0.17,8.305480003356934,0.356,10.345765590667725,0.046464763845423626,30.0-100.0,-180.66591479492513,-238.95519490813996,5.113916577033277,1.8673285792326422,0.41218555545833324,1.7696453855847414,0.12050270213006775,0.2847411794478538,0.556796798593562,0.3293300801661124,0.5067699851377998,0.39975728686295386,0.1645054387662762,1.0400962493344714,1.8030621700076037,0.060417518,2.3031254,1,3.0
ds005286,sub-016,15,Cz,1000.0,-5.687136650085449,0.217,6.369894981384277,0.342,12.057031631469727,0.038454426095925476,30.0-100.0,-1007.2520006314929,19.22515690820102,2.424372486216114,0.7624712077018025,3.4993799624511848,5.042211027540986,0.0772642106690979,0.6693361498788937,0.24345391115381834,0.36383413307955464,0.49839657817754185,0.41672706201982335,0.3318272904647316,1.0298052878862862,1.7085460431776505,0.08524123,1.6558609,8,3.0
ds005286,sub-016,16,Cz,1000.0,-4.63688850402832,0.315,9.628199577331543,0.378,14.265088081359863,0.051037818714919435,30.0-100.0,-1536.5913846929684,-205.75250294872646,2.191850797714589,4.443492463373318,3.0604354813943013,3.861316329862644,0.05120775802457126,0.6783961678055725,0.19239475765178948,0.32231743434327165,0.5074969882924533,0.3793940014603997,0.30730072831657484,1.0327780589465274,1.7341284711309723,0.075069115,1.8744417,5,3.0
ds005286,sub-016,17,Cz,1000.0,-5.728928565979004,0.264,10.605507850646973,0.545,16.334436416625977,0.06904501346391374,30.0-100.0,-256.71941366784364,-51.415587258790865,1.7855363865935971,2.057905169358925,1.160075658566414,6.293929675046135,0.15093509626656226,0.454334351906849,0.2374214534999496,0.47570463578210276,0.49096063330942225,0.4387833581383819,0.3142944966042607,1.0267690502227391,1.6939495200722883,0.0876451,1.6048423,9,3.0
ds005286,sub-016,18,Cz,1000.0,-4.099914073944092,0.185,15.009955406188965,0.469,19.109869480133057,0.11368979732685314,30.0-100.0,42.58609777962949,17.4654119263338,5.272763947667874,2.594515300881981,1.3231347655085686,2.8752936226017067,0.27513428335945994,0.6945233204197915,0.07181714949843765,0.29707328454248383,0.5092046489382791,0.40886673684824804,0.2605973418303228,1.0346972468662177,1.7285940345272477,0.07003356,2.00993,4,3.0
ds005286,sub-016,19,Cz,1000.0,-1.21309232711792,0.346,6.582461357116699,0.468,7.795553684234619,0.058011253965317124,30.0-100.0,76.8616377754471,50.550764350773804,7.049886288574083,5.0336076205102245,1.1008839297638615,1.4137118707486445,0.11323430067260246,0.5947407760332215,0.28211882985653053,0.3449143388609277,0.500367588889827,0.37383594963184064,0.24264934317468964,1.0372956142354104,1.7629148855171746,0.066320196,2.0737622,9,3.0
ds005286,sub-016,20,Cz,1000.0,-11.636995315551758,0.195,10.120912551879883,0.348,21.75790786743164,0.0320469921413951,30.0-100.0,-157.58554046403643,-484.94317245341944,2.9668547337116067,12.975644324384174,4.216382228309387,4.7034519196350475,0.1323762126534894,0.5844349825935408,0.3398120760286979,0.4236413396160503,0.4887198302472891,0.3481082140372489,0.23882312601259656,1.024507794397756,1.8355328806269662,0.06573994,1.8410869,9,3.0
ds005286,sub-016,21,Cz,1000.0,-8.936192512512207,0.171,6.6228532791137695,0.475,15.559045791625977,0.02789105055454295,30.0-100.0,6.250357418256049,-147.51994795222842,0.31790434156485586,3.8418873036476664,1.4243495054170903,3.724210075910031,0.0737093055509472,0.7165153552843421,0.28667603659631297,0.5386093285126543,0.4952903956687244,0.3841859886962544,0.292030189367305,1.0267799255126793,1.770111930012261,0.076284066,1.7513295,7,3.0
ds005286,sub-016,22,Cz,1000.0,-5.173297882080078,0.337,10.083832740783691,0.486,15.25713062286377,0.16379291342359573,30.0-100.0,45.51598337606878,-276.1725372372121,1.9262880913822287,6.501160041076627,1.4795075510768065,3.6107817794982924,0.5618388138586019,0.4882372370096346,0.5089302841431236,0.437925092866156,0.5076026085053307,0.3559450972685403,0.26332574587099783,1.033580542826936,1.746070694588328,0.07289083,2.011808,4,3.0
ds005286,sub-016,23,Cz,1000.0,-5.892704010009766,0.169,3.88921856880188,0.493,9.781922578811646,0.02402729317898581,30.0-100.0,-55.993951234952966,-93.53385205993402,6.072830280638429,5.877721455200397,0.5654791963351815,5.002833133797004,0.20215516758217567,0.7278192021289459,0.23186381261033984,0.5594423905005464,0.5075352247222573,0.4248705227333019,0.24655487578446508,1.0354670390533944,1.6634726419762174,0.07588903,1.9701676,5,3.0
ds005286,sub-016,24,Cz,1000.0,-3.693307399749756,0.181,7.934235572814941,0.34,11.627542972564697,0.030978384057137025,30.0-100.0,-857.5669962069176,-376.3087226043667,2.105653749057376,2.8067944317096876,1.1054999158861367,4.856801410924051,0.06175463910652602,0.48581474805644503,0.26772784877169614,0.4131994511829415,0.5002665878938664,0.38929473644507706,0.25217159723250876,1.0306322318996437,1.751045619082303,0.07143503,1.8966116,7,3.0
ds005286,sub-016,25,Cz,1000.0,-9.292802810668945,0.247,4.54096794128418,0.319,13.833770751953125,0.005230585914362834,30.0-100.0,-71.07916313278413,-14.527659262141151,3.5750404182205453,5.249267611466556,1.5000659273678931,4.998486748504784,0.08008592131940234,0.553414058058184,0.4432962406786293,0.2077169359520924,0.49948198790952186,0.36776204355279024,0.23239087054880272,1.025665639473416,1.7716350199402489,0.06485531,2.0136979,9,3.0
ds005286,sub-016,26,Cz,1000.0,-3.399247646331787,0.327,5.348559856414795,0.302,8.747807502746582,0.03611098194324214,30.0-100.0,-146.10944547562633,-8.142080678433162,11.500046335235155,10.058454879777678,0.8221706344470061,1.3400200923923384,0.12932989021283706,0.717060297307145,0.6093640902041468,0.13086572825853787,0.49305982955871436,0.3221805310206469,0.17201575134160044,1.0226786769186396,1.8270412013348962,0.05136648,2.427993,5,3.0
ds005286,sub-016,27,Cz,1000.0,-7.488465309143066,0.35,7.305472373962402,0.303,14.793937683105469,0.015357098337435909,30.0-100.0,-18214.73053320952,32.50773384688092,10.007157574483212,5.719546571820479,1.638938167383614,2.7328541545770015,0.03736223163698405,0.5682588208917976,0.35340016830576987,0.552189655306363,0.49409015306162407,0.29741055985444126,0.16410662075595783,1.0308131593003393,1.7891474926836144,0.049760435,2.5939808,7,3.0
ds005286,sub-017,0,Cz,1000.0,-2.5106382369995117,0.32,6.068914890289307,0.368,8.579553127288818,0.0420547113627333,30.0-100.0,75.48719035016913,-98.96712859552473,3.7807681319716235,0.8007832425548285,0.18030579525410917,1.4594157012417237,0.08158672301298663,0.3335151139741779,0.3623275991706621,0.43733457996419983,0.5066783064488872,0.3556133471499737,0.22537349911307009,1.031994958586581,1.7227440047806215,0.061930254,2.2742305,5,2.75
ds005286,sub-017,1,Cz,1000.0,-6.736682891845703,0.184,-1.293391227722168,0.5,5.443291664123535,0.03723624156728545,30.0-100.0,-40.307513879326756,83.75015560767456,3.118593803918057,1.1702004600973692,1.2020604988843298,1.5691580389368944,0.07743374473833849,0.027788121484504446,0.28002517500094004,0.18210240077635806,0.5026841711977628,0.42352062284876507,0.1922990975254633,1.0306538870311222,1.736064098855756,0.059795167,2.3121042,5,2.75
ds005286,sub-017,2,Cz,1000.0,-6.214468002319336,0.199,13.250643730163574,0.308,19.46511173248291,0.011367032710988986,30.0-100.0,-32.538754030372495,-269.2943315895993,11.771972118551272,3.617547725334548,1.0130447599123107,1.3237810289522387,0.014598406671303885,0.47537021584313655,0.04299926468822622,0.0801906793109308,0.5089960830188244,0.3210662244960079,0.12362548961563503,1.0257197370335622,1.8502629876374141,0.042649563,2.7919686,6,2.75
ds005286,sub-017,3,Cz,1000.0,-8.495599746704102,0.217,10.829197883605957,0.358,19.32479763031006,0.004480200775834075,30.0-100.0,-227.39685328264042,-38.78092748004573,6.940328056089886,1.948011371324647,0.9086194895745378,1.6582564458035995,0.008355210178439173,0.5552127646550251,0.05548991055128438,0.3633216215096647,0.4821860446056218,0.34385634176078456,0.17727911153713796,1.024516599430294,1.8142996665477857,0.05216471,2.3642764,7,2.75
ds005286,sub-017,4,Cz,1000.0,-10.226653099060059,0.339,-5.933116912841797,0.539,4.293536186218262,0.014786656637219788,30.0-100.0,38.300766110243586,33.97425877219378,8.906010517666527,1.808240463942719,0.9038557487640209,2.0381928872230253,0.049978812443371615,0.15399882900980577,0.3323978825386102,0.6232520613692609,0.5095294336682509,0.3401017014280162,0.12971440830553654,1.0299008983757347,1.7405681163201745,0.042474095,2.8633685,8,2.75
ds005286,sub-017,5,Cz,1000.0,0.7552202939987183,0.285,15.483925819396973,0.365,14.728705525398254,0.0045183251662649524,30.0-100.0,-513.169370900817,21.6902202748178,1.9835457288464746,4.366759719382908,0.6660614968933881,2.152702643987738,0.011457993027922855,0.7627109966077712,0.22409997276252694,0.500022533944496,0.49064129776322674,0.3265943158855534,0.15901242596727833,1.0244148691364436,1.8124433981428978,0.049282372,2.487385,5,2.75
ds005286,sub-017,6,Cz,1000.0,-5.961376667022705,0.174,6.751882553100586,0.419,12.713259220123291,0.038294943325396354,30.0-100.0,-638.1564836432767,-298.3252607737282,1.0709252526836839,2.510297708585444,1.1090056414609482,2.309296366972611,0.03882579794492688,0.3570456672895799,0.29210330733402257,0.14854376254830562,0.504490638332217,0.4053264200459248,0.2723583403339723,1.038066193949377,1.7397705240017167,0.07453442,1.8275504,7,2.75
ds005286,sub-017,7,Cz,1000.0,-7.506284713745117,0.17,22.694238662719727,0.398,30.200523376464844,0.05759870468016687,30.0-100.0,-350.7627261238047,-189.33376509096422,10.35786918741749,6.3562222511469315,3.601623362097703,0.9882322002975445,0.0779250584143437,0.5590631306067069,0.35171928224544663,0.31734515483833303,0.4820026145524689,0.2533963987528993,0.09484467709153326,1.0159958828185833,1.8495607790018047,0.038051303,2.6129498,8,2.75
ds005286,sub-017,8,Cz,1000.0,-6.409985065460205,0.219,7.44990348815918,0.422,13.859888553619385,0.002667471508353896,30.0-100.0,-22.180029298047106,16.6826489757739,1.7605390188828953,0.967619438282525,2.6449989465444643,1.6709150184156758,0.035420578284463614,0.6553803111088795,0.4226383754660559,0.3509896065470775,0.4973441530601325,0.3805713009545551,0.25419100339039535,1.0275218928351286,1.8178577412418395,0.06875877,1.8725963,7,2.75
ds005286,sub-017,9,Cz,1000.0,2.572974681854248,0.204,10.020605087280273,0.332,7.447630405426025,0.03495406310215426,30.0-100.0,89.09969764197643,11.556125611447738,5.8421370191923385,1.027235659986701,1.6839772495921772,3.891886138542247,0.097020299389309,0.40794005517156273,0.4529806824447755,0.05192003064706997,0.4830453172658214,0.3501600127684821,0.2545054867157569,1.0190372110641308,1.8254650821539815,0.06954097,1.6305604,8,2.75
ds005286,sub-017,10,Cz,1000.0,-5.992091178894043,0.289,2.7249574661254883,0.413,8.717048645019531,0.056711000132993426,30.0-100.0,-178.41253486401004,36.54749219988243,1.4872209610340994,2.955413403839171,0.4787092550877856,1.688470544043378,0.0959365971953704,0.5399562902438332,0.3917828658336713,0.18197237379203968,0.4951758677483117,0.3700716660928059,0.2479531709651228,1.0252366691473447,1.7989744007446167,0.06542086,1.9514652,6,2.75
ds005286,sub-017,11,Cz,1000.0,-0.3720467984676361,0.189,10.58123779296875,0.327,10.953284591436386,0.030585953500601656,30.0-100.0,60.61670274469265,-223.5743480665235,3.9442644002831866,2.0556329159307953,0.2698403360377934,0.4731469501335005,0.059526217558048246,0.5638164255786031,0.4395960883420209,0.40755238493624996,0.49974695287586407,0.33241296519732283,0.12748698230638583,1.0277220813040588,1.8306474567599633,0.040125117,3.2792327,8,2.75
ds005286,sub-017,12,Cz,1000.0,-5.933993339538574,0.177,10.251187324523926,0.55,16.1851806640625,0.07999865357448907,30.0-100.0,-27.459815783091777,-203.34244519473964,1.0946348028362922,1.7632663117661718,1.2773401398505273,2.980290825264766,0.14123312067350277,0.6602595226551005,0.3557493845394154,0.31024063155370946,0.47664638204376253,0.36489055602918835,0.19924779572009393,1.0214543622348906,1.8025311060816263,0.053070527,2.2645638,9,2.75
ds005286,sub-017,13,Cz,1000.0,-9.21359920501709,0.175,7.456820964813232,0.3,16.670420169830322,0.02701510663747802,30.0-100.0,-1443.6350089889813,-73.52219182446667,1.5131532815135147,7.749125377981034,11.078129333343671,2.1968767818034554,0.05098690350038867,0.45634479640448333,0.6630649627888006,0.37178973232364804,0.484997572611483,0.35727317637560346,0.20966994679691353,1.0239920987153208,1.8323404012308213,0.060982816,1.8453096,7,2.75
ds005286,sub-017,14,Cz,1000.0,-4.706263542175293,0.338,7.888556957244873,0.52,12.594820499420166,0.011642133537481242,30.0-100.0,-1777.487226073459,-536.6934122011583,1.8939049738758014,1.1623579673841178,0.3639434554203766,0.7885530250938765,0.01746320316441187,0.3159042581218893,0.4892666859433396,0.22999246884966298,0.49034269989905915,0.2943838255058542,0.17844468058800303,1.0237534856288488,1.8129535732373774,0.053465586,2.2151604,7,2.75
ds005286,sub-017,15,Cz,1000.0,-5.811875820159912,0.176,13.998139381408691,0.373,19.810015201568604,0.04072027535080405,30.0-100.0,87.23673146787988,-176.9118653906355,2.7330036830161175,1.958252669836123,3.483571897733222,3.843864043564696,0.06102287698128263,0.9102333013072311,0.4059277869536366,0.3934129724341103,0.47443477511951504,0.3316139467411023,0.26694408709374917,1.0170720271130647,1.882597887924184,0.07045056,1.4646881,7,2.75
ds005286,sub-017,16,Cz,1000.0,-2.647573232650757,0.15,8.681991577148438,0.343,11.329564809799194,0.04086472748566139,30.0-100.0,-3.5646605204809583,-356.72245063249215,8.592646870840667,2.7629899131868036,4.659852230059318,3.61340733598525,0.0822895050924641,0.3194698538799545,0.10237397950853157,0.26693257432941414,0.5021204911612728,0.36134082748114904,0.1811544514128046,1.0243310666028065,1.7905003026523383,0.06235248,1.9267006,6,2.75
ds005286,sub-017,17,Cz,1000.0,-3.103396415710449,0.179,5.97885799407959,0.538,9.082254409790039,0.10001967419510874,30.0-100.0,-187.55363441807532,58.573392965436945,0.0700918496581214,0.679687641304685,0.5023429184722052,0.7493124704200207,0.12945520892392323,0.42952439106529167,0.3559507179510006,0.2881883875939652,0.5070003677511922,0.40884100413446434,0.2238687084864321,1.0355514719097545,1.7728747091722514,0.061260346,2.3596175,9,2.75
ds005286,sub-017,18,Cz,1000.0,-12.82185173034668,0.178,-2.1288163661956787,0.544,10.693035364151001,0.01472983384997905,30.0-100.0,81.77941569880048,21.950714662753352,3.6973291708282567,0.7771760489911533,0.9601618453744513,1.3864674718097496,0.0452933898599614,0.5613266669060472,0.32482447642454926,0.3178370598063937,0.4827364718645147,0.36064172877349315,0.14421002703467825,1.0231249307566272,1.8361165016516088,0.049991593,2.223076,7,2.75
ds005286,sub-017,19,Cz,1000.0,-9.782858848571777,0.152,20.26779556274414,0.425,30.050654411315918,0.056980189403210084,30.0-100.0,-282.69725985531676,-1091.0162634877072,2.6338692510564634,2.944442527275635,17.977983784860818,4.059496841142234,0.11876631786588339,0.978646190874945,0.4411073185167206,0.8540565587876369,0.4699336121415937,0.2906060863468759,0.25430266771624943,1.0119127612499887,1.890436926932776,0.06577008,1.4092331,9,2.75
ds005286,sub-017,20,Cz,1000.0,-1.1705098152160645,0.242,17.22921371459961,0.359,18.399723529815674,0.023995292679564385,30.0-100.0,-1142.4865366740798,-103.47608477923296,5.909656710947525,3.3931396116030204,16.626390315319398,1.6730377878518268,0.04315201415511788,0.8194388753235416,0.3090587014051941,0.6877223802338148,0.47235097731790193,0.34360556787197616,0.17415835474652244,1.0146434677566665,1.8848896451603163,0.054934684,1.8989106,8,2.75
ds005286,sub-017,21,Cz,1000.0,-9.817221641540527,0.349,4.042611122131348,0.419,13.859832763671875,0.013647333859908871,30.0-100.0,-131.02038558705883,-34.96076046759192,2.3917019962602923,3.4512528833353286,0.8631596521585021,1.8341717611043222,0.06282399107727313,0.3376691272784626,0.4164100722231082,0.26970775877358255,0.504544948342127,0.35484570825628925,0.24968983690493488,1.0310287254519819,1.7968853821436026,0.06668028,1.9627799,7,2.75
ds005286,sub-017,22,Cz,1000.0,-0.9544253349304199,0.227,11.387212753295898,0.361,12.341638088226318,0.09358564256266316,30.0-100.0,-269.2591462871725,-228.7772930900569,1.3873032671497612,2.2470900472605004,1.8612300846870413,1.4417275991063405,0.09354921623505369,0.29019027550774606,0.1612714589492403,0.18461843447025109,0.4973787234838759,0.3850961323393162,0.24410760875895096,1.0259347105704641,1.787150799844233,0.06431731,2.0161936,8,2.75
ds005286,sub-017,23,Cz,1000.0,-7.889591217041016,0.227,5.075977325439453,0.329,12.965568542480469,0.01261421101848105,30.0-100.0,75.10402248760745,49.08940381275262,2.6941640792491035,4.712018532705359,4.175070917169738,2.2054851183318402,0.023430777589603505,0.640393963485302,0.32843396368958033,0.3419498413606152,0.48111247974188154,0.35223634680365845,0.17905665558751208,1.024193924368739,1.841368154427448,0.052754223,2.0349455,9,2.75
ds005286,sub-017,24,Cz,1000.0,-10.047141075134277,0.236,3.5398292541503906,0.365,13.586970329284668,0.02485747491092524,30.0-100.0,-65.46966900951259,-56.79703713802492,6.909941991875888,3.719641716445855,0.7028040061647962,1.136729326285215,0.03043405320721307,0.17037005683905632,0.39160134502925953,0.015169081354846297,0.508850974410809,0.29649325351329026,0.15394475121274967,1.0280556952130369,1.7927938287515124,0.04851359,2.7914624,9,2.75
ds005286,sub-017,25,Cz,1000.0,-4.505239963531494,0.163,4.460175514221191,0.383,8.965415477752686,0.05215791206949408,30.0-100.0,-1043.9112579009025,-63.34566363328153,1.574583773343068,0.11205920881357095,1.406938069139284,1.2879071903976298,0.16422121495187406,0.252152016611042,0.30426611507308066,0.07476893993166912,0.507091896494989,0.42821109510647654,0.2777361806946719,1.0347458143677526,1.701417726439764,0.07221188,2.0945213,8,2.75
ds005286,sub-017,26,Cz,1000.0,-1.4018815755844116,0.15,4.192902565002441,0.322,5.594784140586853,0.012022006498377369,30.0-100.0,-486.98790741677084,-239.2815372322318,4.696857386767929,0.6839624553356529,0.6337698143839705,1.0406789757501536,0.03276715324003369,0.4936069594688224,0.1301183457802079,0.26790530835131915,0.5164957370050202,0.3621805867667251,0.23330715594930324,1.040245727136347,1.7394589825927256,0.06752726,2.2601674,5,2.75
ds005286,sub-017,27,Cz,1000.0,-7.76241397857666,0.161,6.292083263397217,0.504,14.054497241973877,0.0127653428369619,30.0-100.0,51.273613420361265,-92.39017254632623,3.4458158283466505,8.746922214605435,2.506978255794789,3.5567616601448755,0.04409598632999328,0.6854439084542919,0.09362395106666312,0.48154783711524796,0.47309929280235463,0.33149472218241455,0.24660137166488572,1.0186697120760972,1.8539524452821696,0.06689837,1.5511297,5,2.75
ds005286,sub-017,28,Cz,1000.0,-2.2943227291107178,0.28,6.394089698791504,0.547,8.688412427902222,0.04368378506772063,30.0-100.0,61.21550675333193,-300.86053170687245,4.399981800379949,3.1435830347016696,0.9208064976992796,2.464020577208713,0.0863074044792512,0.285534099535495,0.24093137074939772,0.21225139769493453,0.4937383216623317,0.39037575910113703,0.23044580990519364,1.0259293381374854,1.7449470926736321,0.06584681,2.043482,7,2.75
ds005286,sub-017,29,Cz,1000.0,-11.048837661743164,0.205,8.259570121765137,0.41,19.3084077835083,0.025636764179550547,30.0-100.0,-763.7744401735267,-59.0638080785034,18.4479320750517,0.39437105600100897,0.4383449077804661,1.6628797176386025,0.06533698810996484,0.4397175147201019,0.37276354198992956,0.23804956527906482,0.5082942058310977,0.32234660611075355,0.16470994720527646,1.0309580244459264,1.762842965508461,0.049352594,2.8725984,9,2.75
ds005286,sub-018,0,Cz,1000.0,-22.76715850830078,0.198,9.43449592590332,0.339,32.2016544342041,0.19354430526342137,30.0-100.0,-269.8579536959726,-16.43861648328547,19.728240903289148,39.619988791818216,12.99469253993061,3.3785935106804046,0.18506079708024772,0.7049460601447962,0.7817935222014307,0.49317287416973543,0.4992356491622628,0.29180433544460177,0.1292698425749033,1.0234693719057362,1.9016092854662716,0.04470819,2.4967968,5,2.75
ds005286,sub-018,1,Cz,1000.0,3.0842771530151367,0.35,11.099823951721191,0.458,8.015546798706055,0.05775466327825761,30.0-100.0,-675.7198554256825,39.794794764809616,18.70719283058429,8.877375811239192,3.9498107414796015,2.4859249823365963,0.050247365947008266,0.5013993554683661,0.1646974890502483,0.3228939499576736,0.4897448947187634,0.3345447572325762,0.1638780432078448,1.0207690231634559,1.8461558663974433,0.05048171,2.446123,7,2.75
ds005286,sub-018,2,Cz,1000.0,-13.309636116027832,0.174,7.616447925567627,0.33,20.92608404159546,0.09171564052544273,30.0-100.0,-58.67061046319213,-50.58487982289478,6.427882911097857,13.462823715379313,0.7090730991599036,1.9742659035735208,0.11306111134674414,0.691998639783253,0.07242287778694886,0.28903480112211677,0.5045803899113741,0.2985681798358497,0.1855592904405363,1.0296892674827554,1.7578563965155944,0.056617945,2.436834,8,2.75
ds005286,sub-018,3,Cz,1000.0,-17.954448699951172,0.185,14.329597473144531,0.318,32.2840461730957,0.07525266628114004,30.0-100.0,-2343.0856374868163,-684.5453481384947,14.714660178807943,22.824663697813243,5.575526435420198,6.802910209099012,0.05599572081873866,0.6528718336116274,0.4205782545384154,0.2378678260524601,0.5018825360662491,0.30390187151234127,0.14224720328576798,1.027614904607114,1.8424944305032078,0.052328352,2.2502465,5,2.75
ds005286,sub-018,4,Cz,1000.0,-2.3272852897644043,0.179,15.016864776611328,0.3,17.344150066375732,0.02234812551766991,30.0-100.0,-56.238485179580564,-35.66873190130868,30.507850858665066,4.567570149170836,7.287560636539439,1.9353953149835355,0.045850501610800266,0.6364595519254533,0.6154059246103151,0.011626188727865219,0.47055494537460696,0.27781656268378174,0.12682735004631995,1.011407972935799,1.8710982246400536,0.040360294,2.4870958,4,2.75
ds005286,sub-018,5,Cz,1000.0,-7.231212615966797,0.221,14.265357971191406,0.361,21.496570587158203,0.16561656810874545,30.0-100.0,-3.574744678770297,-237.2969531454352,7.377825090279193,10.263848913364217,1.450426769044899,2.072534731668849,0.3771235394239279,0.6225442455168139,0.6228656368380785,0.17560292356458196,0.5072255332051753,0.34712739683663285,0.21331487336637042,1.035002580303199,1.7807059936212815,0.056685407,2.5346243,6,2.75
ds005286,sub-018,6,Cz,1000.0,-10.56649112701416,0.203,19.7879638671875,0.3,30.35445499420166,0.04821374579627924,30.0-100.0,-246.59148415384396,-15.864666229207842,11.716297543406089,29.813945359580387,4.109070383086717,2.222040442793271,0.1130799789591257,0.41435142167739464,0.3288348622592177,0.5178026100940478,0.48150122970284526,0.2906236394839659,0.12809453143451358,1.0190859452621626,1.9004899070057313,0.04429312,2.4030335,7,2.75
ds005286,sub-018,7,Cz,1000.0,-9.387617111206055,0.177,5.3659868240356445,0.524,14.7536039352417,0.16397905526634934,30.0-100.0,-780.2075311619866,-163.41392522564874,12.94752601513455,22.059310951190568,8.500585942368925,1.4180511693066022,0.4799491003030674,0.4923539418516565,0.5806289467560748,0.26977558462757867,0.5074901008948428,0.26732952859731063,0.15203827590874258,1.0322482877480565,1.852091587301327,0.052102916,2.3656592,8,2.75
ds005286,sub-018,8,Cz,1000.0,-6.434196472167969,0.15,11.54411506652832,0.304,17.97831153869629,0.03664224576148939,30.0-100.0,-769.4703128327245,46.435988086327285,29.09606781175213,14.618277682051406,3.1623719931971883,2.1838126487029377,0.06673741496273687,0.3645623439381932,0.5213203294038343,0.8181181230783766,0.4957463605056945,0.32788629298192395,0.15070989202574636,1.0267021170297324,1.845732938246533,0.046020783,2.6245167,9,2.75
ds005286,sub-018,9,Cz,1000.0,-0.43081188201904297,0.205,14.144397735595703,0.325,14.575209617614746,0.02193123139348349,30.0-100.0,-1147.743251254758,-206.90093338212313,9.701246691332276,10.070856615123684,4.676479875181412,2.3086411500149104,0.1894383062847572,0.3852594860573897,0.37102765359938816,0.3249887665273067,0.4957463059897516,0.3223324233942949,0.16689880628495418,1.0340967544598672,1.7719402599076912,0.050117,2.7298048,8,2.75
ds005286,sub-018,10,Cz,1000.0,-7.877957820892334,0.179,20.89369010925293,0.324,28.771647930145264,0.15594954256814852,30.0-100.0,-1037.0116967629774,-2.165865107866337,17.452716827392578,13.512649493794328,10.916679469118106,4.511195550218936,0.14503629325230324,0.4106610261194119,0.20820261534973666,0.35928604831938016,0.478487422666085,0.32177720519496766,0.13521096752715003,1.0192956824644672,1.8037516385597678,0.044989545,2.4692595,9,2.75
ds005286,sub-018,11,Cz,1000.0,-14.454452514648438,0.287,6.5499267578125,0.374,21.004379272460938,0.025538111986855835,30.0-100.0,-139.82757244592855,55.826010383818605,4.856500456256422,3.3131272559954517,2.708768672604407,1.7269493828007696,0.054135831764086,0.31287504592439636,0.3602201775930771,0.7638715860929665,0.49768849996246817,0.31257800389961,0.17909945539533026,1.0244306819574487,1.819879464721406,0.058526494,2.123822,9,2.75
ds005286,sub-018,12,Cz,1000.0,-3.799490451812744,0.315,12.546238899230957,0.365,16.3457293510437,0.02724405962989302,30.0-100.0,-20.90461216726992,-374.7737645791195,2.7535721146967775,6.521916482080762,1.0990921436880328,2.298014513428812,0.060393785149575274,0.17225019457741536,0.7239116186585423,0.5584807060016397,0.4955688479232117,0.3277287294142154,0.2144340543182252,1.028365957453245,1.8097005558100927,0.058461595,2.3278272,8,2.75
ds005286,sub-018,13,Cz,1000.0,-2.2497615814208984,0.308,3.3623881340026855,0.327,5.612149715423584,0.06979020843457469,30.0-100.0,-706.2396209561177,-50.170095991438565,18.28484953309799,11.957806302492944,5.38844181086194,2.1874443043879217,0.18957259864603204,0.6059886435943136,0.23920659280266848,0.1865988906159807,0.49749226658548024,0.3349389313250036,0.12119293451924851,1.0285174119130245,1.8412393011735841,0.04686219,2.7005997,10,2.75
ds005286,sub-018,14,Cz,1000.0,-4.976102828979492,0.211,12.566360473632812,0.368,17.542463302612305,0.10777211313127551,30.0-100.0,-285.3942376411003,23.00437705633578,2.232193285299591,3.8497227013574182,1.3701406314754065,1.4899046822853137,0.1536266091243743,0.5410246418729888,0.31236606992163896,0.3057102781280103,0.4981846320554067,0.32352826147123437,0.1924558986262724,1.0282821860626912,1.8404096617399681,0.055636816,2.2809143,9,2.75
ds005286,sub-018,15,Cz,1000.0,-6.974194526672363,0.21,14.723908424377441,0.332,21.698102951049805,0.09662928070572954,30.0-100.0,-335.59516497286705,-171.32283980951112,5.1361688233903715,20.54847967082202,6.238267900676495,2.374128572907418,0.14670405688807606,0.6192553494157289,0.3486806349191894,0.5484866509113278,0.4947588884896798,0.3145892322605098,0.15648325762112877,1.0232589510634074,1.8734807166022505,0.04986092,2.311463,6,2.75
ds005286,sub-018,16,Cz,1000.0,-6.65084981918335,0.312,8.055498123168945,0.399,14.706347942352295,0.11560848986368862,30.0-100.0,-351.40109272811526,-42.3008111307768,8.720050244431913,4.227061382805996,1.3153976063087964,3.968614522578581,0.2036388432754592,0.6608031983297433,0.39601721532322637,0.3045996381209798,0.5039304441284446,0.35989032723804343,0.23813585551438982,1.0336410776438774,1.751520387577697,0.06676918,2.1928947,7,2.75
ds005286,sub-018,17,Cz,1000.0,-3.8819549083709717,0.15,5.135415077209473,0.3,9.017369985580444,0.026461633118326257,30.0-100.0,-242.02851847071466,-38.5040123990428,17.708006233274602,2.3022350606060984,1.846302958095774,1.198901919923003,0.1404268730430269,0.5640044615416197,0.4051109206951297,0.21189266727258976,0.5004498398377375,0.3041214110166939,0.1342770007155734,1.0277109552367305,1.8055876474484345,0.043093603,3.0518677,8,2.75
ds005286,sub-018,18,Cz,1000.0,-7.065516948699951,0.278,12.005426406860352,0.355,19.070943355560303,0.09974695495412092,30.0-100.0,-1638.171375616571,-658.3932036881581,5.905217917989546,5.613614531124338,1.8285763647394888,2.9614200023779187,0.16570101631092754,0.5729179679774989,0.28067556211366596,0.2082448158709633,0.5048999629398697,0.378268225597599,0.2189257626493916,1.033218765581426,1.7589533362184169,0.062709056,2.2566392,7,2.75
ds005286,sub-018,19,Cz,1000.0,-3.239774703979492,0.315,1.668839454650879,0.3,4.908614158630371,0.03427653105173629,30.0-100.0,-99.24381856633923,-1176.6202676056346,7.627561274961414,3.0411838426706392,0.7636147684579949,1.6589121444442294,0.05832354871599226,0.6049590392562227,0.2256658307625129,0.4283835880167158,0.5037995518116811,0.3610831209402502,0.17374977298678929,1.0310238972768844,1.7912563018993624,0.05358922,2.6149888,8,2.75
ds005286,sub-018,20,Cz,1000.0,-2.3854336738586426,0.151,13.104601860046387,0.543,15.49003553390503,0.05874509944568067,30.0-100.0,-23.90393968305967,16.57112960416646,23.203756647819155,7.80778071459602,0.3485168339674267,2.3741395937301606,0.0885489877611191,0.38601909272167023,0.5786395250033338,0.4295259189694392,0.48746676003123024,0.2630950614745072,0.11270952218934342,1.0193737305073753,1.8615408609389847,0.03528081,3.3116138,7,2.75
ds005286,sub-018,21,Cz,1000.0,0.9305688738822937,0.29,20.698875427246094,0.355,19.7683065533638,0.08725167141766879,30.0-100.0,-452.8181353639855,-68.98504500518912,7.986499255028998,6.9354057444319475,0.9058124812673386,1.5740400225701394,0.1396002163289786,0.2583627180814848,0.4634702968723301,0.355602940866196,0.5040973841868462,0.29447743317500275,0.11522929689886582,1.0299063909626653,1.8181398351874662,0.043009654,3.1305463,8,2.75
ds005286,sub-018,22,Cz,1000.0,0.5006427764892578,0.325,10.032522201538086,0.3,9.531879425048828,0.06693143745714814,30.0-100.0,-429.51564018254425,-856.3703536397023,4.55861417090853,6.442497493688856,1.6349696954267805,1.1935872408239943,0.13712891537822908,0.3751502163353239,0.3547350325062714,0.3544492370994109,0.47147486750665124,0.2976585938349483,0.14334607555326215,1.0229593112941526,1.8092584679449908,0.043262627,2.9512417,6,2.75
ds005286,sub-018,23,Cz,1000.0,-5.264023780822754,0.292,4.681110382080078,0.395,9.945134162902832,0.12596204942651462,30.0-100.0,50.422093792766006,-199.01011618022218,5.734663824659341,3.720177595940864,0.6411686688496192,0.8961860820254132,0.20096440232975085,0.18697631332062892,0.21502729636638565,0.1371615231383543,0.5052714118931703,0.33036880449147604,0.2036360380387026,1.0311633611981506,1.8165657039862102,0.05727372,2.3986075,10,2.75
ds005286,sub-018,24,Cz,1000.0,-5.296942234039307,0.316,7.95454216003418,0.358,13.251484394073486,0.045197798496464534,30.0-100.0,-15.016587791774349,-479.5734188655176,7.294025325880992,1.5270444052862406,1.4107776733402664,1.5693603230270246,0.07434677707072689,0.5472964220755617,0.3078434561563936,0.7160062964208856,0.49964154394891136,0.3616285472659938,0.1777476501995995,1.0312400600336942,1.7730623764726463,0.051790997,2.5983393,10,2.75
ds005286,sub-018,25,Cz,1000.0,-8.871450424194336,0.276,15.827495574951172,0.351,24.698945999145508,0.010654039189915558,30.0-100.0,-119.9041597980615,-367.19861262784053,0.6164935036054859,24.648680141842718,2.4542024113097285,2.458885465061228,0.16941686702862283,0.5301196449149108,0.4564829316720441,0.23541283799311621,0.4876959867686059,0.294040979462504,0.17749084968315795,1.0239867162098517,1.7970131211361444,0.054686125,2.2399502,8,2.75
ds005286,sub-018,26,Cz,1000.0,-9.18712043762207,0.228,7.575916290283203,0.355,16.763036727905273,0.028864569652911738,30.0-100.0,-54.51905883213195,-399.1661575520112,6.4940039775480045,11.050794021403219,2.4301186782803037,4.251088231768909,0.0867857608732155,0.21825965955322743,0.507002349949895,0.40782977189202124,0.4809177445122846,0.3345943806468456,0.1742176834368081,1.0234732932782262,1.8201703303601198,0.050448015,2.5990927,10,2.75
ds005286,sub-018,27,Cz,1000.0,-0.46701788902282715,0.159,5.261611461639404,0.3,5.7286293506622314,0.01031224395856736,30.0-100.0,33.965446033892796,-190.8007493707235,15.563753151337924,3.181646471547498,1.8011224388943918,2.2097849426636027,0.0741752798554302,0.5560647922254381,0.23468006671296443,0.4395982088273587,0.4928011086012796,0.33863216278278696,0.15857760184069053,1.025370893673381,1.83579452562859,0.04849325,2.4426475,9,2.75
ds005286,sub-019,0,Cz,1000.0,-0.20164507627487183,0.35,5.262014389038086,0.533,5.463659465312958,0.00479948944428379,30.0-100.0,68.97982316787653,-11.897741020203693,3.6659504015093765,1.3583374936361026,0.06090966337562002,0.47935081540413615,0.012230116403820037,0.3012403404036172,0.3282492275082423,0.47337249913764856,0.502913878360257,0.29788605071232577,0.16446932678457035,1.0263710153578125,1.778082333975897,0.04799864,2.7913735,5,3.75
ds005286,sub-019,1,Cz,1000.0,-2.8635025024414062,0.323,3.4067466259002686,0.3,6.270249128341675,0.0024254787388111195,30.0-100.0,-158.20909553217314,-44.75418132314421,3.423268734151859,1.3377717246490635,0.3750281166554025,0.7102468198828903,0.010722656026245971,0.4484273313661751,0.2935720380559229,0.3478533019157355,0.4793381857164547,0.37044235346012905,0.2062273992393113,1.0229203860959257,1.7951797698777574,0.059509125,2.0643823,6,3.75
ds005286,sub-019,2,Cz,1000.0,-6.679152488708496,0.35,6.5695366859436035,0.3,13.2486891746521,0.11646786335642849,30.0-100.0,-2810.0389804794895,-6.955746286984916,4.0371521199318465,7.221264791541571,2.5459037769118633,1.6429741953713584,0.1009706661132922,0.39074251489935363,0.05368730644174983,0.34431747497111875,0.5113781787468253,0.33388779437403515,0.192094444204569,1.029753853577672,1.7683299770523266,0.06040965,2.2048962,10,3.75
ds005286,sub-019,3,Cz,1000.0,-3.632216215133667,0.332,4.340906620025635,0.518,7.973122835159302,0.04776749147968081,30.0-100.0,84.59774349715696,14.943523436642591,0.5290076946974065,1.4363677467278446,0.05529599923735583,1.150427882318756,0.043268721424947185,0.42663890901923834,0.2537531319999444,0.22326404388765012,0.49543485091836614,0.3834902631989871,0.2897852676691087,1.0337498116886867,1.749922722977034,0.077008635,1.6892556,0,3.75
ds005286,sub-019,4,Cz,1000.0,-32.4314079284668,0.15,-0.33704471588134766,0.3,32.09436321258545,0.07534410810364457,30.0-100.0,-2078.8128926605204,-30.99859975486426,59.547276131717794,4.579052940986794,5.267700066709359,1.0700960406882647,0.11508141182880717,0.47381416391291037,0.38228101671127973,0.27421993258936284,0.4952416745301446,0.2585557561048944,0.06074189411234729,1.0253604092450006,1.8822242160241633,0.023326227,5.1762753,10,3.75
ds005286,sub-019,5,Cz,1000.0,-2.445669651031494,0.21,6.3012495040893555,0.338,8.74691915512085,0.06847160091723158,30.0-100.0,86.69757956720775,-302.79958807362027,1.6839409641896712,3.5896264223359133,0.2556083502700669,1.062195952237479,0.06349025229619305,0.77942948668451,0.4495047398053867,0.45746338669070985,0.505321899102261,0.35218851503188336,0.17951899990291856,1.0290227848725582,1.779351640975367,0.04977058,2.7796183,9,3.75
ds005286,sub-019,6,Cz,1000.0,-0.9282724261283875,0.238,9.078250885009766,0.339,10.006523311138153,0.023618562839264928,30.0-100.0,23.800575046443612,-5.568415336867711,3.356772310593549,1.9249994799775898,0.13283374703816914,0.7511210957589608,0.08553799999092096,0.7447361213011513,0.17803849881078873,0.4994887976975034,0.49558226142755585,0.3326947463416708,0.19154912341311486,1.0331210905956645,1.822248707200131,0.05361842,2.592379,8,3.75
ds005286,sub-019,7,Cz,1000.0,-4.607236385345459,0.321,1.975132942199707,0.537,6.582369327545166,0.02229394895738244,30.0-100.0,-426.993629964874,21.571503997255526,0.49594551589459873,0.7279730762678562,0.39858304865484606,0.8496736591324194,0.05352768889337146,0.42589090762428455,0.16558230239227859,0.41172675310442125,0.5098646274353799,0.4087804956243298,0.2645657091001139,1.032928082011946,1.669026947358512,0.074143805,1.9805093,7,3.75
ds005286,sub-019,8,Cz,1000.0,-16.89100456237793,0.283,7.981003761291504,0.528,24.872008323669434,0.009647741199496428,30.0-100.0,-4236.710815656031,-124.79266845611865,2.2480959500641986,8.45827511227488,2.211720545204578,2.343663743197852,0.010128199557183956,0.6079951421433251,0.30079642728941103,0.38408303244667924,0.4897032364536742,0.29490658808911574,0.13896958972821305,1.02012010737628,1.7943054633692253,0.05746048,1.9952847,5,3.75
ds005286,sub-019,9,Cz,1000.0,-9.807263374328613,0.187,9.57274341583252,0.524,19.380006790161133,0.030484340841843906,30.0-100.0,-1812.5183262238004,-79.98868714238402,3.496778659630033,3.339318535833326,2.241434155240837,2.339018352710116,0.023903758779807636,0.9106894429634548,0.11154703611812382,0.28855184414056767,0.48012506642908376,0.350672078000896,0.1521214403176573,1.0207080361782672,1.8288226760022188,0.051740147,2.251347,9,3.75
ds005286,sub-019,10,Cz,1000.0,-4.964608192443848,0.185,5.102723598480225,0.303,10.067331790924072,0.0026609680959159376,30.0-100.0,71.98093348353991,58.09756087112714,1.5987083729311047,2.865618328407787,0.17972434400585985,0.469612102380868,0.0360759739497884,0.6426744163006605,0.18583468916879994,0.42000024138883807,0.4935687490615944,0.3581185750533164,0.22471255468902665,1.0311106827667256,1.7969246626458522,0.06253813,2.08876,4,3.75
ds005286,sub-019,11,Cz,1000.0,-7.413712501525879,0.194,7.452085971832275,0.508,14.865798473358154,0.005308835297423062,30.0-100.0,-61.69478471217191,-70.28164647445337,2.5341613972755965,1.7804318209996366,0.9597888532674533,1.111297445427564,0.014080362899018335,0.4986815084867842,0.12759710006378164,0.42814347661141927,0.49340365311186274,0.37398287086819465,0.21975837259530742,1.0279442681936586,1.8020768590570804,0.064455986,2.0178225,7,3.75
ds005286,sub-019,12,Cz,1000.0,-5.852602958679199,0.155,12.307769775390625,0.331,18.160372734069824,0.013343491711022767,30.0-100.0,-2216.336194821722,-1009.242487244653,7.482770015873205,3.731605215421925,1.4328547111494299,1.6716463554890357,0.04988497225232252,0.3378228361289347,0.34271022167242365,0.6103425220890234,0.49711507993293835,0.26082617878980724,0.1143569019063646,1.025152574321586,1.8398206390944691,0.039110705,3.2580442,7,3.75
ds005286,sub-019,13,Cz,1000.0,-13.743074417114258,0.242,12.518345832824707,0.319,26.261420249938965,0.028593083655917607,30.0-100.0,-5997.098356637842,-55.586516161559594,11.600986569623704,6.912506645448199,4.599592926499582,0.8430466852817564,0.03843375225474668,0.7214874266730045,0.4321687670406991,0.28391112404487856,0.4793700489706747,0.2943584516544443,0.10685398876272742,1.0177967165251969,1.9221526646013092,0.041304085,2.5218177,6,3.75
ds005286,sub-019,14,Cz,1000.0,-1.2064383029937744,0.218,8.177098274230957,0.399,9.383536577224731,0.020707886451126988,30.0-100.0,-816.1227165457651,-5.160113139017943,0.7250551444444222,0.8362244140691683,0.46145270157865875,0.5035678154223502,0.02091319651917699,0.4974888006673503,0.09366315515227573,0.23150115205225394,0.5123032290957735,0.3607648558677075,0.19111337080529428,1.0312841137196733,1.7758443707341296,0.055711903,2.397075,5,3.75
ds005286,sub-019,15,Cz,1000.0,-9.803525924682617,0.15,12.851550102233887,0.39,22.655076026916504,0.017239360272351453,30.0-100.0,-528.6647078662533,-1323.1386430428247,14.58440160380881,9.315475771879646,3.6706798746106895,2.7092143388818557,0.01745651718640716,0.8200318532075112,0.27256129942054313,0.32066462047330274,0.4701304300018592,0.2761863980462729,0.09887581728329277,1.0184889395064733,1.8572020189464469,0.043215677,2.5144155,10,3.75
ds005286,sub-019,16,Cz,1000.0,-5.379245281219482,0.155,2.4719371795654297,0.324,7.851182460784912,0.006451277591209445,30.0-100.0,-82.78299399207755,-1077.912731421648,1.2234762625212674,0.9540387581244161,0.5066965713882023,0.8248551237034084,0.025716805635742995,0.5388366331050095,0.36548023599206275,0.4843805541976927,0.5045534581997098,0.36706088920520547,0.24824630530527866,1.035090578299604,1.7559508542241857,0.06600402,2.0765522,4,3.75
ds005286,sub-019,17,Cz,1000.0,-8.533860206604004,0.252,9.987794876098633,0.457,18.521655082702637,0.010651462714542474,30.0-100.0,-21633.63341490406,-846.2316050049806,5.123143720044677,1.2988360819885387,1.534878479918417,0.6458967485848596,0.015451231331073862,0.5330337318508616,0.40159627659501923,0.6076000390572545,0.4796043955115282,0.34507502549352853,0.09906676839990909,1.0175406505570306,1.9051719353136167,0.040732916,2.541378,6,3.75
ds005286,sub-019,18,Cz,1000.0,-3.1713478565216064,0.187,5.949051856994629,0.336,9.120399713516235,0.034390997170867146,30.0-100.0,-254.57119951258474,68.8177067002005,2.023894302588324,0.6772554112592096,0.6206874279811829,0.46381084703231495,0.06664322261959953,0.7080091326972139,0.2731703875611105,0.6024375695484806,0.5094173657875665,0.39336472897359115,0.24101078843118798,1.0378829503083065,1.719384438694122,0.066094466,2.2419,6,3.75
ds005286,sub-019,19,Cz,1000.0,-3.899894952774048,0.15,6.468481063842773,0.3,10.368376016616821,0.005272741289774545,30.0-100.0,-323.17697561057514,-41.991215862203795,5.081876798157687,2.6491171908828446,0.9212898758222471,1.005152629566411,0.01699959435770851,0.5521409201241707,0.3760400607387114,0.4404176668887954,0.48768060603226177,0.30460186979729165,0.1884337783987431,1.022372450532228,1.8130449203569607,0.053053383,2.2281563,8,3.75
ds005286,sub-019,20,Cz,1000.0,-3.83268666267395,0.284,3.719177007675171,0.49,7.551863670349121,0.022805549632364475,30.0-100.0,-13963.024014891456,-207.99401658459198,0.3556762630746314,0.2506042434756419,0.4863625725154472,1.4597040815041145,0.030902909933366467,0.6561364481823349,0.21988328634108406,0.4401833787926873,0.492520444499834,0.4131155595181853,0.3008014471942644,1.0284745268709212,1.747131249381786,0.076964654,1.7354797,4,3.75
ds005286,sub-019,21,Cz,1000.0,-1.583662509918213,0.331,5.191385746002197,0.3,6.77504825592041,0.028652916993635025,30.0-100.0,15.921123937114176,-83.72864603702634,1.3699886139966009,1.1824750476883725,0.37282936432120817,1.0671170997421993,0.03491987499725847,0.6676041835588141,0.11946079289800209,0.6618277066513157,0.4910863281533894,0.36584435769462154,0.2268669505583644,1.027111254575486,1.8048167226395502,0.064778365,1.960681,3,3.75
ds005286,sub-019,22,Cz,1000.0,-3.0576841831207275,0.157,7.981163501739502,0.339,11.03884768486023,0.015472944052917914,30.0-100.0,66.12546170105587,-47.959219204058606,2.513386234723767,0.609264910618023,0.1970858651148228,1.1568450085719537,0.024993260669273022,0.6337231635642344,0.23412658108108872,0.37422857144953525,0.5129115629939532,0.3732939312716528,0.1791886986431033,1.0336680965620075,1.7653111217799198,0.055112105,2.5255482,3,3.75
ds005286,sub-019,23,Cz,1000.0,-5.885679244995117,0.175,5.955118656158447,0.471,11.840797901153564,0.010273706803611124,30.0-100.0,-106.70037970479957,0.03657123556234656,4.4814087574542825,1.1481420611435509,0.5356966539572399,0.37143783763745647,0.010062390796278412,0.7534105407304212,0.28037449806908843,0.48626839836250313,0.5075993834474699,0.3632687079821679,0.1772900561619357,1.0274520028343008,1.7978050791300915,0.05219141,2.541303,5,3.75
ds005286,sub-019,24,Cz,1000.0,-3.6232242584228516,0.253,5.121526718139648,0.353,8.7447509765625,0.03481282408486731,30.0-100.0,-221.98414306785338,-21.72983970876684,1.1716265392621006,0.6929525028455268,0.5214503148651283,0.6560914406550844,0.08485703659420388,0.20240755245970019,0.1982946268518759,0.30170223327807094,0.502996087112413,0.3953509694856193,0.21410073359153886,1.0355389780068989,1.6686975441403276,0.061561257,2.4603736,4,3.75
ds005286,sub-019,25,Cz,1000.0,-53.49784469604492,0.302,20.603219985961914,0.381,74.10106468200684,0.016037046485385988,30.0-100.0,-13656.368814161628,-929.2999426198672,190.26600692698216,34.222763730471456,15.700662043462449,2.3401232351539663,0.06975112884693788,0.5343637894500202,0.25817127751970204,0.039734814497018295,0.4688694236400452,0.20743925850222422,0.03984755838850971,1.0075777524356693,1.983911575952837,0.02339067,3.3418236,3,3.75
ds005286,sub-019,26,Cz,1000.0,-1.6631139516830444,0.343,3.18839693069458,0.364,4.8515108823776245,0.0037108307246039767,30.0-100.0,-28.9069304238389,-131.42660426100835,4.339969250788037,0.10874017051831465,0.1427953386809532,1.0044178496488059,0.008077882140543094,0.4145423636914148,0.044669533837930465,0.3556685880199743,0.5143933165673445,0.4205664175283095,0.21464355925143044,1.0372714876048474,1.6475293996505291,0.06279319,2.3767557,4,3.75
ds005286,sub-019,27,Cz,1000.0,-4.626893043518066,0.19,14.17318344116211,0.34,18.800076484680176,0.017263042400463086,30.0-100.0,-206.049677517344,-192.64398709309248,10.830043026398076,2.143038099799119,0.9567602873510052,1.127113053755014,0.03517000327954767,0.6199366726965209,0.635552145694166,0.5570893137731598,0.4948467456979506,0.3099436518911505,0.11728587174024256,1.023164634893143,1.8390784742227246,0.041833118,2.9176195,6,3.75
ds005286,sub-020,0,Cz,1000.0,-1.6800867319107056,0.252,2.389695644378662,0.309,4.069782376289368,0.018974314816283085,30.0-100.0,-112.95580099805453,-156.84773637389603,0.9095126330918661,0.1410628140766533,0.39586135404356043,0.7580371199384516,0.06455175357496612,0.441142260185634,0.10968500467319214,0.22661772764679924,0.5076967373484109,0.39871076088768315,0.2667747023942032,1.042147790153024,1.758935249210902,0.07106008,1.9979792,4,3.0
ds005286,sub-020,1,Cz,1000.0,-6.985116004943848,0.152,5.114515781402588,0.305,12.099631786346436,0.06149151991114608,30.0-100.0,-51.44160015711815,-112.27261135581641,1.8739122132482326,0.8236291538200419,12.698923377165126,1.9665915026979621,0.0835756530337831,0.9569985079175426,0.6783637504866779,0.531625267211136,0.46511584900694614,0.3252485228778937,0.1822585507768591,1.0130582229420082,1.852060391207285,0.053005893,1.7196051,6,3.0
ds005286,sub-020,2,Cz,1000.0,-12.780854225158691,0.232,9.841768264770508,0.3,22.6226224899292,0.016808797596598885,30.0-100.0,-48.88745586730067,-88.8691366252736,5.613067438546878,6.730786240458088,22.56860823001502,1.1622603201244304,0.0655585223601825,0.9190812420158749,0.554092865401294,0.5160814361851841,0.4670066184802625,0.2899248033000999,0.1385203469201318,1.0094699104481275,1.9245731233945753,0.043249305,1.7255124,5,3.0
ds005286,sub-020,3,Cz,1000.0,-4.4211506843566895,0.35,6.324262619018555,0.314,10.745413303375244,0.020993652724541782,30.0-100.0,39.01928891318606,26.37024022842868,5.303325187352865,0.31943178087572144,4.002088976488526,1.0966126559990625,0.07587408641782545,0.7845897106041793,0.5891351966192269,0.14741271168564832,0.4796813640354799,0.3421188662648296,0.27514073581882365,1.024491390013792,1.7898331587012652,0.071333475,1.6061964,5,3.0
ds005286,sub-020,4,Cz,1000.0,-5.2884440422058105,0.18,1.2941224575042725,0.502,6.582566499710083,0.0006137806730019629,30.0-100.0,22.363097337474557,-493.1729157095467,0.878444836618633,1.162825361076126,0.13105610548854535,1.1692850010161528,0.0375703549468065,0.4578159640429718,0.3809889064809278,0.15973972309938717,0.48888654138614396,0.3758748241816121,0.18171831345569375,1.0263001585750948,1.8176320251383793,0.050292067,2.4784102,6,3.0
ds005286,sub-020,5,Cz,1000.0,-4.089511871337891,0.206,6.859111785888672,0.479,10.948623657226562,0.027725097443216676,30.0-100.0,31.96768499155176,-31.753079880684087,1.2879251243007037,0.2937962422013017,1.4740054172098838,0.4346168049085021,0.04259568324472672,0.8162973368039099,0.426144259059089,0.38444564092962186,0.4923091185931163,0.3347296288404295,0.19002047327077476,1.0287219227702316,1.7659284828759796,0.059089918,2.2413862,5,3.0
ds005286,sub-020,6,Cz,1000.0,-14.238016128540039,0.314,12.719740867614746,0.456,26.957756996154785,0.041255340071020705,30.0-100.0,-22.069340789924212,-8.087142042368223,9.687236358269999,5.570325946702015,0.865357284011375,0.5553348540854574,0.11246041034294596,0.8901456728305694,0.31878240194741436,0.22578588344728617,0.4908786146017905,0.2538776987972922,0.09509908609779101,1.0224230295327137,1.8953392412522452,0.032636225,3.4780238,6,3.0
ds005286,sub-020,7,Cz,1000.0,-14.848210334777832,0.228,4.183038711547852,0.3,19.031249046325684,0.022479269674085135,30.0-100.0,-68.40706007554587,47.08606964315732,2.404532673356271,2.470517661277779,29.04505615890622,0.40493496992396855,0.033963185367589854,0.9416787559429691,0.7004717785478787,0.6781581983615858,0.4597224944981953,0.22670484151304246,0.21115996547036772,1.0095436243395388,1.9186302968026543,0.05825834,1.2777212,7,3.0
ds005286,sub-020,8,Cz,1000.0,-10.686939239501953,0.234,6.952286243438721,0.39,17.639225482940674,0.001989906697439303,30.0-100.0,-86.38469210918309,-88.05747863703594,1.2655236513315637,0.2780257745932262,15.893325821540998,1.0970527043650866,0.007366009676928409,0.9808142805318986,0.4379430725076614,0.6837102358854056,0.4507760462409561,0.28311603935580143,0.22313679932490485,1.0101618972211117,1.8746641647241657,0.06020022,1.5098418,6,3.0
ds005286,sub-020,9,Cz,1000.0,-10.296751022338867,0.337,13.328673362731934,0.5,23.6254243850708,0.0045095054721718646,30.0-100.0,-474.3093198710299,-24.39945911791423,6.987544196295023,1.6261073579798788,5.884409678498331,0.89781680304586,0.03732048130439686,0.8657576611915075,0.7618115920026192,0.5457126754704401,0.4531352163980586,0.3026196507025899,0.16249225124244698,1.0150833035924411,1.8663004984452227,0.05074113,1.8235438,6,3.0
ds005286,sub-020,10,Cz,1000.0,-6.070461273193359,0.35,13.527521133422852,0.531,19.59798240661621,0.025299967350190567,30.0-100.0,-43.22552365913421,-86.53797514496948,0.5941508414345761,3.639326111457985,8.690802953087134,1.4204307729078585,0.04292498171652985,0.8666248367341152,0.6910311093727125,0.5860988265352586,0.4623285966071081,0.31628680519912195,0.20070613910063528,1.0113024970774167,1.8703268598794813,0.056840844,1.5888722,6,3.0
ds005286,sub-020,11,Cz,1000.0,-17.476558685302734,0.233,2.874922513961792,0.373,20.351481199264526,0.04129632035751551,30.0-100.0,-285.893463416426,-57.81562102794836,14.936416977385965,0.5633771320294327,9.807671611502222,2.4961573521417466,0.040056726929907215,0.9756195913160636,0.8202217820899368,0.6619243752998812,0.4682368178430775,0.28646765299861815,0.15982934750734146,1.0137572766778387,1.8796601080460464,0.047196586,1.9467081,6,3.0
ds005286,sub-020,12,Cz,1000.0,-11.492183685302734,0.204,19.588369369506836,0.334,31.08055305480957,0.007533592905899667,30.0-100.0,-1578.287245186877,-118.14353133736103,8.136948523060992,10.938263958222858,7.775256689327804,1.2172352291073045,0.017607260690759616,0.8528756239605699,0.4459601436487173,0.4729756355719757,0.4751395115156193,0.3159901538357849,0.13760088545642435,1.0146676512787733,1.8746619690457629,0.048629556,2.0491655,8,3.0
ds005286,sub-020,13,Cz,1000.0,-6.372828006744385,0.219,4.538490295410156,0.55,10.911318302154541,0.018117894337394913,30.0-100.0,86.81588929585774,-10.617362291023758,1.7807371873040574,0.8328967333898428,2.6004203945629873,0.7704630624358184,0.04621824073719899,0.42284182058620046,0.16315069404964647,0.5449129272205744,0.46476105141115187,0.32074771918967165,0.16255156931861026,1.0119581008272935,1.895026523498284,0.056648687,1.6438545,6,3.0
ds005286,sub-020,14,Cz,1000.0,-0.3707490563392639,0.156,14.46741771697998,0.524,14.838166773319244,0.06865724189603015,30.0-100.0,-1296.4558105156464,1.0948421633666383,5.196731839407562,7.462111879532928,6.291293012976778,1.1042708502079748,0.05132805427838675,0.5812349133867525,0.4788171446664689,0.4869576339491433,0.4833887703748861,0.3077191100535642,0.17188076752146564,1.0158047514971462,1.8484170663619197,0.051124465,1.9342335,9,3.0
ds005286,sub-020,15,Cz,1000.0,-12.737505912780762,0.195,11.262995719909668,0.52,24.00050163269043,0.014326769458203225,30.0-100.0,58.94060587630264,80.55693228126016,4.4869853971271745,3.172367579664427,12.005169701232235,0.8424655694543455,0.03997606008189193,0.8857288979546005,0.11891474556220832,0.22678065980603787,0.4727385503559267,0.28677347978869916,0.17924422426260203,1.0105552233769002,1.8812179023246451,0.056108322,1.6774251,8,3.0
ds005286,sub-020,16,Cz,1000.0,-5.753680229187012,0.16,11.39200210571289,0.461,17.145682334899902,0.026978851904657493,30.0-100.0,9.559686847273815,7.865531456797147,1.2186383962895841,3.4131845676409407,2.3594313403477796,1.1247635377647478,0.035309751089655825,0.8075851033398549,0.08818083183770924,0.2275079971400829,0.4837920692989317,0.3079588638023029,0.22711330342365868,1.0205003657100116,1.8730536699829097,0.061860655,1.662754,8,3.0
ds005286,sub-020,17,Cz,1000.0,-4.140133857727051,0.174,9.114690780639648,0.531,13.2548246383667,0.0018544832499370228,30.0-100.0,-175.3283910911128,-95.73166537936658,1.6257885293611278,4.117991101331636,1.9380078463919552,1.2002056909024248,0.022215806766986427,0.7974177277871086,0.5459674603908201,0.33279934950542267,0.47675234926332805,0.3368977445238167,0.1887079953805585,1.0172305232290813,1.833012847328317,0.054729555,1.9745786,9,3.0
ds005286,sub-020,18,Cz,1000.0,-12.512253761291504,0.321,1.9850447177886963,0.55,14.4972984790802,0.020611303258565743,30.0-100.0,-882.9031996605696,-335.66974221582524,4.658684349483443,0.546637992813902,1.8902883578616956,0.7941898963229106,0.03670545880846417,0.44259687486603005,0.2604732608379563,0.1720877618109887,0.47442424632547064,0.3281672629194156,0.11177135893336466,1.0239707692424616,1.8443320284287423,0.033821356,3.697875,6,3.0
ds005286,sub-020,19,Cz,1000.0,-5.45860481262207,0.35,0.9455322027206421,0.464,6.404137015342712,0.07679299396796468,30.0-100.0,-87.54461914569201,-86.2653483164815,4.8397513526129,1.040074556702117,0.8185128955280079,0.578452042251263,0.16075642894391343,0.2630568721907831,0.41446544212421943,0.20131721325043433,0.5181796204584187,0.36228231039691267,0.19561326516307423,1.0406856184402105,1.754034904191517,0.058190353,2.4790719,6,3.0
ds005286,sub-020,20,Cz,1000.0,-9.796655654907227,0.323,2.3666887283325195,0.469,12.163344383239746,0.004866463560765272,30.0-100.0,-1.9783403542591644,33.108574453136725,2.852863397503005,1.2037070027731367,3.8453916069140845,0.6474714103949719,0.057723689322194,0.8045809145662707,0.29374286853799114,0.6107353048654686,0.47306279569263315,0.33533367328934305,0.20061378852489567,1.015983363913994,1.8798018916907755,0.055489,1.9077353,5,3.0
ds005286,sub-020,21,Cz,1000.0,-9.197406768798828,0.199,1.046083688735962,0.401,10.24349045753479,0.012658782809961801,30.0-100.0,-4896.203916061282,-646.4859711387371,0.6567004253544103,4.420370293510342,3.306378204205986,0.9919945522729351,0.02955925845195531,0.8210357830930738,0.3087104757820191,0.3922721674611479,0.49276348030997197,0.3544252265748717,0.1930779819539277,1.0203797190411203,1.8719257164339396,0.060837064,1.8587294,7,3.0
ds005286,sub-020,22,Cz,1000.0,-6.173455238342285,0.292,9.739659309387207,0.537,15.913114547729492,0.05831351206244662,30.0-100.0,14.236699682724288,-144.3632272900305,0.354406770140958,2.7037347924299153,2.3072414869208977,1.4601873821030047,0.08968650614089203,0.6998933780060114,0.8856294195173797,0.18701333651538596,0.47263479537727204,0.3012685659164754,0.2442103571278824,1.0143261241035706,1.870469323241646,0.06466749,1.5202866,7,3.0
ds005286,sub-020,23,Cz,1000.0,-3.7069497108459473,0.189,6.598006725311279,0.341,10.304956436157227,0.0038946078480936053,30.0-100.0,-166.59334557554456,-47.187324757468545,4.699468877286414,0.8755505837491827,0.7281093532581306,0.50444042617114,0.014251766601727524,0.6458529758816804,0.26465777200343804,0.2992047104571088,0.5003301339013186,0.3282121641317394,0.1474440378558169,1.0313735910275041,1.8300340856138961,0.044146243,3.0036864,7,3.0
ds005286,sub-020,24,Cz,1000.0,-15.158060073852539,0.307,7.0670647621154785,0.409,22.225124835968018,0.005111655447122992,30.0-100.0,-68.3742975889671,-144.31540083240154,10.124574887765764,3.4955575913356225,1.148070598416005,1.2059447249102007,0.01224202180093491,0.6573217575277831,0.2894653696057628,0.057129808381144745,0.4925191037367852,0.24993828738206916,0.10239773730621958,1.0228368270666102,1.873790082591534,0.038013447,2.9189847,8,3.0
ds005286,sub-020,25,Cz,1000.0,-14.215095520019531,0.15,13.793903350830078,0.3,28.00899887084961,0.029975358571992603,30.0-100.0,92.05421551378066,-89.46621777412433,59.69688339318075,6.771116754191034,2.5351779177768377,1.3063520252018268,0.061034964483133385,0.3083865078210381,0.42609252814777415,0.23488789021805534,0.47248479244041974,0.3002810182123675,0.1018697675029317,1.0221950579371493,1.8809725408704674,0.034098372,3.0338464,10,3.0
ds005286,sub-020,26,Cz,1000.0,-5.643342018127441,0.291,6.016701698303223,0.466,11.660043716430664,0.0052248155538072655,30.0-100.0,2.0738727308622766,-16.321158834472243,0.7132133686052973,1.2939424149601098,11.205742282422877,0.924216143034407,0.008464076275180657,0.9553495843321269,0.8771194190207561,0.7442725692983292,0.4540814381912415,0.29064044304007364,0.2153880179181717,1.011956366303238,1.9140434708122156,0.060832467,1.323085,5,3.0
ds005286,sub-020,27,Cz,1000.0,-8.078373908996582,0.245,8.755572319030762,0.475,16.833946228027344,0.003241655197065931,30.0-100.0,-460.08646556257304,-178.1814893482526,0.6584178958166718,0.3010133461205993,12.178922863832188,1.021997318846007,0.009777306887118628,0.9482353742958896,0.9227793309867706,0.7119645456656128,0.45453779433952424,0.29332437003098666,0.2565378771789977,1.0116285540223313,1.8978072617380461,0.06838253,1.4133109,6,3.0
ds005286,sub-020,28,Cz,1000.0,-3.8677263259887695,0.186,4.066285133361816,0.549,7.934011459350586,0.007160420653492345,30.0-100.0,-858.5541247872492,32.18179604425859,0.9717926068787568,1.7553368018946298,4.157919399481634,0.959939986971785,0.02310363019678218,0.6818440552416268,0.5729139467140885,0.46527852606937564,0.48386987424891187,0.3372703808844297,0.22943620120396818,1.0231369683703522,1.8509288659558145,0.062449094,1.7452387,5,3.0
ds005286,sub-020,29,Cz,1000.0,-9.272186279296875,0.185,5.511668682098389,0.453,14.783854961395264,0.0420748244728776,30.0-100.0,75.5079287417497,-8.270028519655991,7.106623295012377,1.8832114639874966,0.6550807799403857,0.9067194064981927,0.05500840918452565,0.7697907019942098,0.34951778554047536,0.25464359550100246,0.4836048054147494,0.3172001928503217,0.13221116934328256,1.0253706330977292,1.8261247549235855,0.043118518,2.8888717,8,3.0
ds005286,sub-021,0,Cz,1000.0,-17.112686157226562,0.15,7.986791133880615,0.348,25.099477291107178,0.1672747308982938,30.0-100.0,57.514671178463416,-158.87308913487476,8.92084234959542,17.48260885443989,8.13547236541003,8.84281756246791,0.4115294359444932,0.5358468882410498,0.2884725595913472,0.21283986685626602,0.5004570362824741,0.35632552222350766,0.2127391811001222,1.0337504429168918,1.7693612179815814,0.066802874,1.9250675,5,3.75
ds005286,sub-021,1,Cz,1000.0,-9.892176628112793,0.348,0.7155842781066895,0.446,10.607760906219482,0.04002686469002678,30.0-100.0,-4131.7089508407125,-133.83034263027062,18.747429207347736,13.131486191998311,2.9050130293715943,5.537657557131844,0.12538775999334748,0.4845103128924149,0.4680277757219133,0.3500685780720147,0.5054844552751065,0.3218425188426483,0.1563084447509824,1.0304833463969585,1.8880310524564352,0.05242196,2.4297597,5,3.75
ds005286,sub-021,2,Cz,1000.0,-13.963506698608398,0.153,5.922858715057373,0.3,19.88636541366577,0.01455406820612992,30.0-100.0,1.323594250877751,26.694515477455706,8.536644172456764,1.9121772044242156,0.9795247053068032,2.7501462451228824,0.013909988918801231,0.6181202935335445,0.43059479231602393,0.3820873827429053,0.48274631171152815,0.33532509470816224,0.17910353309975383,1.0280964408268651,1.808182202348783,0.05370768,2.3901505,4,3.75
ds005286,sub-021,3,Cz,1000.0,-20.18344497680664,0.15,5.204774856567383,0.55,25.388219833374023,0.01890224107816181,30.0-100.0,-142.02187129663804,-134.0847658479852,44.140139377606694,39.64188413799933,3.6580354868373375,2.5984250374973543,0.09213993613505207,0.6332383026162459,0.41927356174985897,0.7756244146783344,0.4946360270510126,0.2682434058215281,0.09681833887223956,1.022524264438249,1.920902853758586,0.03706113,3.0732348,10,3.75
ds005286,sub-021,4,Cz,1000.0,-22.953123092651367,0.15,6.448342323303223,0.3,29.40146541595459,0.008237907952443843,30.0-100.0,-9692.842803071195,-289.0800390951934,82.05122106215532,50.944406634297934,7.862437578470143,8.0768442841931,0.05892183172359396,0.38882349084752943,0.4994660917583464,0.7635422275263904,0.5034333148235273,0.26221763377759233,0.0879373598882369,1.0195468426255754,1.9758817466194976,0.037846252,2.7153409,10,3.75
ds005286,sub-021,5,Cz,1000.0,-3.3651182651519775,0.15,11.622138977050781,0.3,14.987257242202759,0.03020426402671014,30.0-100.0,3.6027596080507664,-53.34240124003401,41.02988671780162,28.135317147241185,6.2913076991378665,6.226436018976864,0.05599612336631007,0.47984978058120975,0.41383329745304265,0.533821827501122,0.49157284233686965,0.308596795097854,0.09246427364543186,1.017978868412647,1.8105997373575442,0.041479614,2.3705335,10,3.75
ds005286,sub-021,6,Cz,1000.0,-8.854378700256348,0.341,4.558481216430664,0.538,13.412859916687012,0.009331532576490867,30.0-100.0,-320058.9490566178,-404.56720810122107,12.195193674932177,5.424415893215981,6.077069487344148,2.297522603522792,0.08682353671476563,0.5826237690455535,0.22604954477292796,0.35288610216125244,0.5042198104917097,0.287523082140746,0.15302125339632242,1.0260649858399253,1.8621733360903356,0.047140855,2.562923,5,3.75
ds005286,sub-021,7,Cz,1000.0,-15.234908103942871,0.178,3.0482752323150635,0.349,18.283183336257935,0.029087415074971066,30.0-100.0,-2544.760924345151,-41.75285283673025,19.26397986205648,6.837622439292375,12.449852502041729,10.670295855512098,0.10988596548179586,0.714118079176558,0.1395969672517963,0.4317855900686816,0.49811348540536754,0.3409634711480929,0.15093894344437067,1.0262784247041652,1.8493236788280296,0.060479626,1.9396288,8,3.75
ds005286,sub-021,8,Cz,1000.0,-15.23137092590332,0.187,6.79897928237915,0.325,22.03035020828247,0.10426457803299877,30.0-100.0,-52.9114113897639,-96.02835658123458,33.46993576540931,18.18951544301227,16.221051210833174,6.252619248714615,0.19707207281467365,0.7638620230570958,0.07827995299068917,0.5767003576062736,0.48239656892526045,0.27179242304043677,0.11619515846640795,1.0185854205203095,1.9341285269668818,0.04443464,2.4742897,9,3.75
ds005286,sub-021,9,Cz,1000.0,-22.475927352905273,0.161,7.56085729598999,0.51,30.036784648895264,0.04448447761953447,30.0-100.0,-786.6708465800853,-425.599295217161,4.232391136203304,16.9922540772636,11.162318611780094,7.825222341850251,0.11662584391076967,0.6842587267570587,0.3062336014681611,0.16747935333545058,0.49472400474280054,0.3122339244143343,0.14539853022633276,1.0191213919733209,1.8702914597756568,0.057543676,1.8827266,5,3.75
ds005286,sub-021,10,Cz,1000.0,-28.23800277709961,0.15,11.877811431884766,0.349,40.115814208984375,0.01973775410751261,30.0-100.0,-147.70010784346138,-211.06934149070594,42.84798159583427,30.85185896675542,5.801047125084947,8.473403772006385,0.04694957827596351,0.5704251865210271,0.4591164953001337,0.43232897030092743,0.4905399826078357,0.25348100685313213,0.10613721166376971,1.0206913664785038,1.8202342985215245,0.04457548,2.434388,10,3.75
ds005286,sub-021,11,Cz,1000.0,-18.159740447998047,0.261,13.464688301086426,0.4,31.624428749084473,0.1412873113749642,30.0-100.0,-242.30693329660312,-7.995536352312945,7.9609448055051395,6.3927184199122555,8.830867252921424,4.035828558606128,0.202733254177459,0.7147801374306793,0.2399169206830611,0.340261338039856,0.49350871164901355,0.32035272824844957,0.17464761605699247,1.020286092316269,1.81962186246565,0.059077278,1.9890856,4,3.75
ds005286,sub-021,12,Cz,1000.0,-20.594942092895508,0.181,9.516164779663086,0.344,30.111106872558594,0.05390293667954314,30.0-100.0,14.911882559753176,-161.40553943926452,15.17434284239842,9.600947620336804,6.280870204760417,4.622902000709525,0.10860059027946077,0.6164465698570183,0.3796769988396235,0.3430091719253468,0.4888130318784771,0.3276284493384132,0.16328636820886844,1.021989327032776,1.8180275837239677,0.048835564,2.2692394,6,3.75
ds005286,sub-021,13,Cz,1000.0,0.2014995813369751,0.15,11.429988861083984,0.3,11.22848927974701,0.005551184721251861,30.0-100.0,31.538369164015013,-7.025867632386386,11.610626248223138,10.796555668347152,10.251138900943124,7.808501544831263,0.030606139512456276,0.5549502147671943,0.26062270058922343,0.35435267841785634,0.4780932927985566,0.33535242825133865,0.15403672620625863,1.0212027724361992,1.867865770925581,0.05173358,2.0391457,4,3.75
ds005286,sub-021,14,Cz,1000.0,-11.903507232666016,0.216,8.743315696716309,0.409,20.646822929382324,0.0167718949268879,30.0-100.0,-739.6296411808291,-126.47202483240359,54.00480890644509,22.396669866771468,30.240782886975083,13.940831143967184,0.02140505465255311,0.9303851246021889,0.5007855767276991,0.13183223025580684,0.5004135414266921,0.3110440100720087,0.10386136088994917,1.0177369321774132,1.8924577961483098,0.052156333,2.0039182,10,3.75
ds005286,sub-021,15,Cz,1000.0,-21.517343521118164,0.161,13.184006690979004,0.3,34.70135021209717,0.039013559711124135,30.0-100.0,-31.75809452348974,-234.25580271368003,63.81580170727728,26.042969986283683,4.563460008682607,8.299613435578001,0.05959104160102683,0.7587861260580625,0.41255195245266935,0.41635765266452957,0.4932926630428439,0.27368266202746283,0.10294370984244737,1.0238293772911657,1.922489805351344,0.04243972,2.6850464,10,3.75
ds005286,sub-021,16,Cz,1000.0,-17.277769088745117,0.188,7.922038555145264,0.308,25.19980764389038,0.02820942345175959,30.0-100.0,-207.09895942135466,-98.38738539351868,39.057135714277976,9.07409879131931,7.914996967463857,3.814140007056949,0.14549372595267954,0.3415163259730429,0.08807512517545994,0.1766065314194418,0.4898807234125078,0.30093167942909005,0.12814710637661858,1.0250247315414323,1.8675590659890478,0.04634636,2.5525658,10,3.75
ds005286,sub-021,17,Cz,1000.0,-4.258536338806152,0.15,5.820639610290527,0.332,10.07917594909668,0.041168149099481854,30.0-100.0,-23.56607646633487,-22.97938337698619,16.068677658775407,8.574870000536512,17.254438834237998,1.9360026727109054,0.06352365285117818,0.8382702424395296,0.5098134211851683,0.30287021092026023,0.48491976766150297,0.3169838748213337,0.1620529937593553,1.0175477614232837,1.8931322714623482,0.053861015,1.9355487,8,3.75
ds005286,sub-021,18,Cz,1000.0,-6.515617370605469,0.15,3.8853750228881836,0.348,10.400992393493652,0.016666336756958403,30.0-100.0,-134.0587804264834,-1024.3156172964473,4.59182116882121,1.5861170736454702,0.4584052321913503,1.9380471666036512,0.04114064727805391,0.1769931989574731,0.4634961588009867,0.1367182309178794,0.5140739422753984,0.3897317023257199,0.28678115057135356,1.0426080242445868,1.6311150198180935,0.0733952,2.1541133,5,3.75
ds005286,sub-021,19,Cz,1000.0,-27.710121154785156,0.15,2.618504285812378,0.316,30.328625440597534,0.12653915636509208,30.0-100.0,35.40134594765024,-154.51906131672914,64.03315477445308,48.70063959559908,4.384499874284343,6.62855542658701,0.15879267691666688,0.37159982569416516,0.5314060378964235,0.5274682139861504,0.49753717407814957,0.2728815670871676,0.09696176488469246,1.021445934200089,1.9146894502079663,0.04129806,2.758745,10,3.75
ds005286,sub-021,20,Cz,1000.0,-34.266483306884766,0.156,11.440807342529297,0.38,45.70729064941406,0.06236364149234678,30.0-100.0,-406.16004624473084,-606.5661621532778,79.50994256598571,5.779280448198055,24.477393460458966,7.336347828000021,0.03449737018468238,0.41973329226851436,0.6012508224124823,0.43094932055649404,0.497094667086299,0.33244270572512147,0.11973062704364393,1.0241118214529814,1.8122478990539663,0.043413103,2.6968076,10,3.75
ds005286,sub-021,21,Cz,1000.0,-16.861923217773438,0.15,1.7132720947265625,0.3,18.5751953125,0.0067733850740650725,30.0-100.0,-215.93876516428793,-25.72331389247495,43.34302535993807,38.487591568823,8.025355926496738,3.071354768268937,0.027353075938093885,0.29435660659724355,0.578196331641427,0.3881379107962508,0.49049437098515186,0.2680911854671022,0.08085372465457678,1.0204036044398803,1.9109610241324202,0.036813185,2.6986134,10,3.75
ds005286,sub-021,22,Cz,1000.0,-5.586338043212891,0.349,12.920007705688477,0.454,18.506345748901367,0.03412961063078562,30.0-100.0,3.900456401763977,61.21640034014496,1.8663319710489117,1.3743622784609266,2.4219427865565013,4.567927702616376,0.029930653851431205,0.6991537459067512,0.11283125725895965,0.4867654712714395,0.5018231113958577,0.40105818726462,0.3282864188890615,1.0220816473992187,1.7652896899528645,0.08742956,1.4170978,5,3.75
ds005286,sub-021,23,Cz,1000.0,-18.55810546875,0.272,4.042054176330566,0.409,22.600159645080566,0.12671315762900448,30.0-100.0,-2214.7681061026256,-678.9036123823095,3.698591254527508,11.064874477576996,5.366668055510015,4.086778351373466,0.19463076113499317,0.5585722820089519,0.4935938783334706,0.3288181073193674,0.5031682970563193,0.3646626523915769,0.20600278007818468,1.029748211351259,1.7958240716281981,0.06807507,1.9053134,5,3.75
ds005286,sub-021,24,Cz,1000.0,-5.8285322189331055,0.198,13.443025588989258,0.336,19.271557807922363,0.026760797421503103,30.0-100.0,-544.5658821467144,-374.268621872021,3.870652730139458,2.5246256464197154,3.6083401638712655,3.6677617939410276,0.11966974504616865,0.5201473914945853,0.3352496712166381,0.5040902118728775,0.5073858925066078,0.4041708011511662,0.2646106726855441,1.0344341267152912,1.7217892288671914,0.076069646,1.9198184,6,3.75
ds005286,sub-021,25,Cz,1000.0,-19.297027587890625,0.15,14.055192947387695,0.3,33.35222053527832,0.06752156603799778,30.0-100.0,-873.566797072259,21.147692868604224,52.482960623721034,7.921084579696403,10.934120013102572,9.995940148098587,0.15355249787408695,0.8191588137715846,0.32452293858733605,0.5144113569382112,0.4903570545960831,0.33924656419539445,0.1600651379650724,1.022463543942605,1.7868973814408484,0.0520956,2.3587923,10,3.75
ds005286,sub-021,26,Cz,1000.0,-9.2228422164917,0.151,7.396945953369141,0.305,16.61978816986084,0.19312154061338588,30.0-100.0,-844.6090097188627,-123.22901431431094,19.216413635524873,17.024805490237625,3.4944860308072405,2.673601146609616,0.20967936529479803,0.3714782846802923,0.1364916175546551,0.38365953829591853,0.5140339759275423,0.28207058358132325,0.13028989870035165,1.0324660283996816,1.8631030621549314,0.049247503,2.6187491,9,3.75
ds005286,sub-021,27,Cz,1000.0,-15.410762786865234,0.15,3.3008759021759033,0.3,18.711638689041138,0.09022230430461625,30.0-100.0,15.37251379752994,-78.78404569653178,5.731930214080641,15.731425449400977,3.2999474518042415,2.002520776135675,0.2468963523237078,0.6728533073118426,0.1072797739160542,0.10423835641086025,0.5068886858085946,0.2670529168130365,0.15328836181291286,1.0338159033461352,1.777773804925922,0.048380733,2.9431756,8,3.75
ds005286,sub-021,28,Cz,1000.0,-21.55963706970215,0.155,9.581174850463867,0.302,31.140811920166016,0.02572166090506374,30.0-100.0,-881.1609431013766,-173.47831011198758,11.927064859642172,3.7040331056723983,10.197560874524047,9.303503209822185,0.06092985754906691,0.7622178094875346,0.33287640337559327,0.2674296969223168,0.5039922142768267,0.37286981691453397,0.20601928828672542,1.0276851759078607,1.8287156313100068,0.06914152,1.7581545,10,3.75
ds005286,sub-022,0,Cz,1000.0,-9.964530944824219,0.278,12.463089942932129,0.467,22.427620887756348,0.007958629711030549,30.0-100.0,81.96835785286926,-186.27460143614698,2.701997756958008,4.415555763059399,0.6702397593382856,1.5959023403936163,0.06495921536715447,0.5042306568363573,0.45629168205554166,0.4209208898051487,0.48855543950868735,0.3248475264524361,0.17549236290831607,1.0235294752698276,1.8161078324815896,0.052929986,2.4168222,8,3.0
ds005286,sub-022,1,Cz,1000.0,-11.935502052307129,0.212,2.1699378490448,0.314,14.105439901351929,0.04735109465218437,30.0-100.0,-457.9272365713439,68.95456827080206,16.819582927504865,3.0867445482133355,3.0029478930474376,1.5802407770579914,0.1337102125313491,0.5074895931766256,0.4436646912598453,0.07258159648844287,0.4776889986490037,0.34624990903330793,0.12528277687435288,1.0179985057200776,1.859925874948146,0.042678744,2.6801,9,3.0
ds005286,sub-022,2,Cz,1000.0,-2.993840456008911,0.344,13.682744026184082,0.461,16.676584482192993,0.08319324310792767,30.0-100.0,60.85744234637023,6.5569017921886115,12.957364419985822,4.694858745782409,0.7449717288805826,2.575501354595236,0.05130857470469382,0.6430740224352252,0.5645638229850606,0.1416298380933029,0.49901679838393515,0.3351457773401785,0.15267081352400214,1.0246684052910293,1.7851547870323072,0.046779487,2.7633853,9,3.0
ds005286,sub-022,3,Cz,1000.0,-6.023658752441406,0.219,9.723934173583984,0.403,15.74759292602539,0.1684151584886671,30.0-100.0,44.74419187348308,-3.518982860678628,7.834577401655496,1.5946403393867141,1.3579797499981625,1.9317229901679216,0.2257106820809026,0.3598856709960289,0.1475832185647708,0.34469368034528974,0.5120444998806537,0.3774268519102811,0.2251199514227632,1.0323807497666626,1.791133110922664,0.066858195,2.0322587,7,3.0
ds005286,sub-022,4,Cz,1000.0,-6.083012580871582,0.35,10.688471794128418,0.488,16.771484375,0.017688881607426567,30.0-100.0,-588.8200051158078,3.656842015637058,3.6531342782667284,2.5180465108678813,1.3569978321101377,1.7354808464547111,0.04106441512391819,0.3934348604033206,0.5852800040694106,0.3697593294661507,0.48920582707459204,0.2886773300179716,0.17166909256958804,1.0286132146106222,1.8178458201164338,0.048779093,2.8021667,8,3.0
ds005286,sub-022,5,Cz,1000.0,-4.540009498596191,0.227,10.723443031311035,0.536,15.263452529907227,0.1251030080017494,30.0-100.0,20.22707124256919,3.9385183645204846,4.0688840186556225,1.6183759872444987,0.9980685306045245,1.0832671973271322,0.12038847176876154,0.35224987155272597,0.16634081203906423,0.18160899633612443,0.4949261855545197,0.3242663572820716,0.1765563025236438,1.0263001152476607,1.7757058306334108,0.051747836,2.5554945,6,3.0
ds005286,sub-022,6,Cz,1000.0,-2.5124547481536865,0.35,5.148932456970215,0.329,7.661387205123901,0.013371735635135058,30.0-100.0,59.68737200929737,-14.324452108541339,3.1903242562110887,1.827444273412029,2.798048161243095,1.0159144614235014,0.05424436078214516,0.501141697654526,0.6565867565199702,0.10276145302517133,0.48593828078915663,0.3409567847481303,0.21305023151520538,1.0201969960457609,1.8656346752687039,0.059904527,1.8835433,9,3.0
ds005286,sub-022,7,Cz,1000.0,-7.187581539154053,0.187,6.808905124664307,0.529,13.99648666381836,0.02942965550218071,30.0-100.0,22.069194791339942,18.757721898447464,1.3776653747050531,1.8539666699516393,1.3139692117583075,3.0357249031519387,0.044856541660263816,0.5466529283211327,0.2976460855500636,0.08109853294867539,0.4992495574077638,0.39771940618700125,0.24505762106551696,1.0248029879790608,1.7857477266594004,0.07011835,1.8036364,9,3.0
ds005286,sub-022,8,Cz,1000.0,-10.602872848510742,0.207,4.535260200500488,0.409,15.13813304901123,0.04481703542271252,30.0-100.0,-553.2065891476208,-327.2381469287222,1.6652959565343655,2.9020502617568207,2.0720647662448024,1.1277348733404762,0.06412872223521357,0.616100305149613,0.41712220730559385,0.32650143009639737,0.4925191037367852,0.35381092954228693,0.2088299842695391,1.0214500032076377,1.7973020124527597,0.060714897,2.0168796,9,3.0
ds005286,sub-022,9,Cz,1000.0,-2.7220051288604736,0.251,16.166860580444336,0.394,18.88886570930481,0.07232344556558512,30.0-100.0,-56.325195172967845,-312.14696819842914,1.2801593204714217,4.8146639494731875,1.1661235453947527,2.816754344697798,0.1472352627715762,0.7005548972941813,0.33642930785901054,0.11610606360585563,0.5007331699912131,0.3658052779240429,0.21841409801646838,1.0300705369466017,1.73457858071209,0.06434484,2.0421498,8,3.0
ds005286,sub-022,10,Cz,1000.0,-8.753483772277832,0.222,6.973752498626709,0.521,15.727236270904541,0.0770653053522136,30.0-100.0,82.77316921474788,-36.810521057949515,12.124886126417696,2.5510157517402465,0.169250117687221,1.0699102743947408,0.1019605746475857,0.28411480480786555,0.36830772976428056,0.16613360673014685,0.49542334073024447,0.3480615968733137,0.16962322077744837,1.0314567088327864,1.7464539891114006,0.051160976,2.7661052,5,3.0
ds005286,sub-022,11,Cz,1000.0,-7.185310363769531,0.167,3.5432190895080566,0.541,10.728529453277588,0.026058388301913035,30.0-100.0,-157.59605043672687,-53.60547894457278,2.3186263709962693,0.7567241473679536,1.354009144578737,1.241167602062093,0.07032685207734887,0.4404441199042586,0.2728018929416918,0.10751238430380786,0.5165306328200684,0.36510494198960686,0.24215653136529022,1.0390804567836514,1.7650021464136483,0.06503332,2.296653,8,3.0
ds005286,sub-022,12,Cz,1000.0,-4.736830711364746,0.232,7.146000862121582,0.471,11.882831573486328,0.026586356136825553,30.0-100.0,-635.2128157420084,-23.777241835521284,0.2110835896612669,4.31382391481897,1.3852994330847563,1.1608833230031317,0.10663073996023535,0.5623142601630522,0.23243692739072824,0.1992998185684377,0.5116262636263168,0.3372755088421467,0.24283747136091807,1.038031099503414,1.729347207713973,0.0674588,2.2150018,7,3.0
ds005286,sub-022,13,Cz,1000.0,-4.06376838684082,0.275,8.550204277038574,0.378,12.613972663879395,0.04445941426969983,30.0-100.0,-1583.0855568708578,-124.93341313882131,2.531318103565889,7.208346328248459,0.47256797552108754,0.9256839663302989,0.1093997690993351,0.7675056478379931,0.5763239670017003,0.6024685382597683,0.5053516360530562,0.31557075829511233,0.16823138297861204,1.0316983448681538,1.8004869264142371,0.053097297,2.5924835,0,3.0
ds005286,sub-022,14,Cz,1000.0,-1.717198371887207,0.198,7.981788635253906,0.312,9.698987007141113,0.014372899204373329,30.0-100.0,19.0252360046749,-362.1056175207958,3.7322043711019806,1.8650810012012946,0.8216647805437264,2.26286106167173,0.14628389944414333,0.7579486679462913,0.18700398004005828,0.23368538524125665,0.5168880477533789,0.3984525893874457,0.19631859692568765,1.0357066097952081,1.7437521184090434,0.055894595,2.6186786,4,3.0
ds005286,sub-022,15,Cz,1000.0,-3.8898632526397705,0.215,2.7831034660339355,0.483,6.672966718673706,0.04027567916563411,30.0-100.0,29.872113815761587,-209.6290648255276,0.8107111370656123,0.7198654057315399,0.8249058079110921,1.6539347173023835,0.08574306040773351,0.43769523853876935,0.6653738841546477,0.3670380649778326,0.5010383552760117,0.4109759178501677,0.28298887246725035,1.036042082995364,1.7299557143644568,0.07517142,1.9308175,5,3.0
ds005286,sub-022,16,Cz,1000.0,-6.101248264312744,0.151,5.305809020996094,0.539,11.407057285308838,0.05937845331236605,30.0-100.0,84.92281326949275,-44.288711626804364,6.952231255805453,0.6256772165954707,0.7016831113813188,1.521870557975425,0.1970391540900661,0.36899832289313705,0.3274138967692836,0.37432739223556444,0.5096237672149921,0.3467540202645086,0.17429673313082575,1.0326140487661575,1.7456335774704521,0.057075214,2.3949711,7,3.0
ds005286,sub-022,17,Cz,1000.0,-7.969560623168945,0.275,7.44260311126709,0.43,15.412163734436035,0.03508271640865706,30.0-100.0,-53.55826301281083,-253.32932326638527,5.374396019320641,2.0561561600349587,0.33277579139789903,2.203944385192304,0.07378405280949907,0.45876906514845467,0.4445201713926711,0.28390118442968637,0.5058680994672519,0.3588318574808829,0.17645888954504535,1.0347998477260925,1.7801851244668416,0.05873678,2.4119797,0,3.0
ds005286,sub-022,18,Cz,1000.0,-7.5989089012146,0.15,7.050953388214111,0.307,14.649862289428711,0.019924555182991556,30.0-100.0,-9.475934973144309,-124.85822966165185,5.345504635843664,3.1997630254806873,0.8323576288932433,1.641086585143711,0.0456939988602779,0.7201462200710536,0.4136629718859859,0.2780855921449579,0.5169360079028898,0.3522992259223589,0.1614285477218699,1.036350197691056,1.7779669999518264,0.052355077,2.640825,4,3.0
ds005286,sub-022,19,Cz,1000.0,2.743612766265869,0.19,12.644658088684082,0.53,9.901045322418213,0.08952178524683976,30.0-100.0,-25.58493503442899,58.12761441062084,3.560914580485929,2.8627275362131197,0.897286569370943,0.6459651811546608,0.11791147735859507,0.33428575430096097,0.6976883630598807,0.3651525047441989,0.504524321751264,0.29844876316085556,0.14353009489986393,1.0285238488135546,1.822285704107252,0.044957947,3.0548553,7,3.0
ds005286,sub-022,20,Cz,1000.0,-8.088111877441406,0.243,12.28908920288086,0.356,20.377201080322266,0.032515407201960264,30.0-100.0,-1354.8140880501546,-68.42653754492476,5.807881614608849,2.792474816860291,0.99444048650786,1.4667425709843767,0.07197895398526807,0.645069613440105,0.38434579689896836,0.29156709899822786,0.5069030697724155,0.33405265506773874,0.15495703761375598,1.0265870445639942,1.7734456909500935,0.049889956,2.69339,0,3.0
ds005286,sub-022,21,Cz,1000.0,-6.194061279296875,0.333,6.438836574554443,0.55,12.632897853851318,0.04575859770942219,30.0-100.0,23.260339667144294,15.08336189006706,2.9212563204580086,0.9539764411706109,0.20357464893941213,0.7559493210964674,0.1051093336610671,0.2499809643707761,0.49110007630609454,0.0663404676939052,0.5186101763051242,0.4183969604872947,0.2612430902301857,1.041523386106872,1.7544351071635396,0.07016562,2.1935747,4,3.0
ds005286,sub-022,22,Cz,1000.0,-7.069042205810547,0.184,6.0746870040893555,0.306,13.143729209899902,0.015707047616248793,30.0-100.0,66.38542986308332,-78.20756354424776,7.0502456364435835,1.622573955276036,0.6672271861220304,1.031657534090184,0.05728367832652418,0.6821329148474313,0.5796219006411384,0.14122719789229066,0.49119543726975884,0.3098921328098187,0.1788085354988271,1.0242564973311217,1.793914803273731,0.053123575,2.4709976,0,3.0
ds005286,sub-022,23,Cz,1000.0,-4.216747283935547,0.194,11.272930145263672,0.416,15.489677429199219,0.050173396044500954,30.0-100.0,63.593635514064594,7.873830807356677,2.4973416037353107,1.3944609845253526,0.10200906193481299,0.9318732601754807,0.05253715156755815,0.6299052627489833,0.502344530886427,0.35721820868780735,0.502428701230704,0.2592251973967201,0.17780725001617073,1.028071613597137,1.8194586790360623,0.05130544,2.5729854,7,3.0
ds005286,sub-022,24,Cz,1000.0,-1.7457849979400635,0.265,8.709805488586426,0.345,10.45559048652649,0.00681254862612202,30.0-100.0,47.43652704407872,61.31346134132794,2.233314395083174,1.7244727841757241,1.0931623828794792,0.7395534161126837,0.0741998868081085,0.3791812062621469,0.3522118998474176,0.309877726717906,0.4916351708169375,0.3771287458604147,0.24522017688135136,1.035228540408525,1.7778846694535602,0.06585621,2.0293198,6,3.0
ds005286,sub-022,25,Cz,1000.0,-8.055641174316406,0.189,2.4748003482818604,0.519,10.530441522598267,0.01779362597424289,30.0-100.0,-127.26274486052054,-272.4607005067221,0.9448391682035253,5.246285295380604,1.282671613248683,2.417418919710419,0.03946831148039162,0.7017300513657164,0.4525110982286307,0.27983012693588655,0.48779615485833255,0.37053481628491297,0.22803646951530046,1.026891146430022,1.796388162411068,0.06625034,1.9802073,8,3.0
ds005286,sub-022,26,Cz,1000.0,-3.4430947303771973,0.294,5.053340911865234,0.346,8.496435642242432,0.04445162075666825,30.0-100.0,-34.62621361333366,-49.03776390203418,0.7947527211196679,1.2733557744243167,0.7100181858759214,0.7868163405476213,0.14072204104333802,0.413706307934262,0.3580703161721961,0.21306710770835083,0.4981124024012961,0.3505745814164241,0.25680651876046645,1.0338812377622022,1.7693906946773437,0.07011708,2.0186713,5,3.0
ds005286,sub-022,27,Cz,1000.0,-0.8318665027618408,0.245,9.15576457977295,0.389,9.98763108253479,0.01340157163305835,30.0-100.0,93.27643609064258,51.301534275290535,0.6496891726664247,1.2467294832180924,0.5434854545286305,0.9959817990106623,0.10187622597443198,0.6557249396898733,0.18925153605136538,0.26924336258595133,0.5112501486807365,0.39021842607411994,0.22240807399188345,1.0325711672764313,1.7220096510609526,0.06906574,2.0769556,7,3.0
ds005286,sub-022,28,Cz,1000.0,-3.2481353282928467,0.252,3.3081459999084473,0.362,6.556281328201294,0.008913246145253517,30.0-100.0,53.184533911908616,-146.32051370835114,1.4382865399816853,1.0496462621911116,0.8993308730712872,2.2297073134968466,0.1074650091097813,0.6965807940811984,0.18770951928083662,0.2534684539035957,0.5000934136923133,0.4014089458423125,0.2635767289562596,1.0315914603234433,1.763915905819436,0.075510494,1.7903898,4,3.0
ds005286,sub-022,29,Cz,1000.0,1.9730433225631714,0.226,9.024612426757812,0.538,7.051569104194641,0.008894202152311747,30.0-100.0,77.63007342341174,83.37099159529208,3.5000355473898357,0.9154830206512213,0.8521201905611481,1.4758448526842085,0.050965600623757185,0.29139285202258175,0.6322532445521383,0.26480396806701023,0.4908020849862458,0.3634985764691482,0.2139495686816178,1.0262769160303309,1.8125957661092522,0.06298931,1.90857,7,3.0
ds005286,sub-023,0,Cz,1000.0,-1.098198652267456,0.278,6.222593307495117,0.355,7.320791959762573,0.07214788286898377,30.0-100.0,64.66394736375923,76.03226987108285,1.1822338837233022,2.2319467297933997,0.15365828725857678,1.194856252591565,0.17793984056402223,0.5577661914689557,0.1706863865042499,0.1332865753109404,0.525174887889889,0.4049727149095952,0.2899001812698927,1.0420858828060902,1.619360495730542,0.08675249,1.7871643,7,2.75
ds005286,sub-023,1,Cz,1000.0,-8.66856861114502,0.185,7.185614585876465,0.454,15.854183197021484,0.10925475006341544,30.0-100.0,-114.3046023291936,-27.36103521644572,9.447416375400488,6.461151167502281,0.23860382650059947,1.3986169034976936,0.14869256721308935,0.6470885758713016,0.31979984195902356,0.28944000510628093,0.5182124246904375,0.35214012227453845,0.18293616948137598,1.037280128689974,1.6952292632357218,0.053040992,2.7769659,8,2.75
ds005286,sub-023,2,Cz,1000.0,-10.814748764038086,0.16,-0.23238253593444824,0.398,10.582366228103638,0.1600368930934972,30.0-100.0,80.26361966155216,16.052632629550054,4.9015419861585,1.2398348432799158,0.8799940281517631,1.7264491602464198,0.22682842177609588,0.6557272145588101,0.5404157025504646,0.16881792978367807,0.5008492630880551,0.37427970901798613,0.18028570244604378,1.0317536136774057,1.7167252791208971,0.05387366,2.562459,7,2.75
ds005286,sub-023,3,Cz,1000.0,-6.339237213134766,0.194,10.3232421875,0.312,16.662479400634766,0.014152290449792418,30.0-100.0,-403.0359595497714,-425.9360795762504,5.270994728333942,1.879720937266334,1.7480481081083001,3.3326834175615803,0.028674424287388624,0.60091238113584,0.06291478382747884,0.3487131805429414,0.5136304048537335,0.38121718833842916,0.2981551767288735,1.0381613213114047,1.6486077024373975,0.07696982,1.9937646,9,2.75
ds005286,sub-023,4,Cz,1000.0,-1.2615283727645874,0.222,11.467691421508789,0.331,12.729219794273376,0.08342291780836963,30.0-100.0,10.00215495684387,-270.94165954302935,1.7643125684359227,0.5317797799585395,1.6269056864504547,4.232284512689189,0.19508142541736248,0.6508451212013618,0.5528944509842078,0.09706317898033026,0.4975157590306523,0.38160110262857727,0.22260260033529042,1.0260552705332067,1.782865862851559,0.06431473,1.9949135,9,2.75
ds005286,sub-023,5,Cz,1000.0,0.5188863277435303,0.187,9.658780097961426,0.397,9.139893770217896,0.029073548951492775,30.0-100.0,66.27027197734134,10.581494508907143,8.094507105210248,0.457488637123997,0.5441325717707983,2.617502950967086,0.19049754329849275,0.3039761241780149,0.5023342887775966,0.3170861682406626,0.516815506780909,0.4142857703986532,0.27181023582675823,1.0437343248482456,1.6061073115644635,0.068918906,2.268864,7,2.75
ds005286,sub-023,6,Cz,1000.0,-9.213506698608398,0.159,2.310779333114624,0.386,11.524286031723022,0.06934976919820529,30.0-100.0,-405.0532418191846,-99.50676801702599,2.2043403192577298,1.5878551014255602,0.47970855077284136,2.793038803484542,0.05325439589892571,0.6589533498308611,0.109947709024576,0.1616022922175453,0.4960215946083246,0.41010097633362297,0.2543584206864716,1.033576958006003,1.7014275163395542,0.072615184,1.9719802,8,2.75
ds005286,sub-023,7,Cz,1000.0,-0.43599510192871094,0.177,9.153142929077148,0.503,9.58913803100586,0.02163311534053616,30.0-100.0,-1194.23000886544,45.93559741533365,0.5312684704275692,1.008753043565316,1.4704808873950312,0.9230869929704164,0.035536171272025394,0.5729521546578417,0.47810833329333896,0.14222457140777023,0.5145660224496065,0.38309597281232305,0.23189708103215553,1.0265901870878453,1.7927057813570049,0.069575265,1.9092246,9,2.75
ds005286,sub-023,8,Cz,1000.0,-1.2422908544540405,0.178,4.784445762634277,0.336,6.026736617088318,0.07745173818607357,30.0-100.0,91.55461287717903,57.957485177971,1.1301390603432777,0.7917787404224426,0.08993222585958852,0.964564057304777,0.21994254223541065,0.5535378051909159,0.4126423752132518,0.5931037032048105,0.5185526218293226,0.4048520859797827,0.312078142800755,1.045165443719382,1.6583361520637656,0.08599148,1.8631436,9,2.75
ds005286,sub-023,9,Cz,1000.0,-11.348756790161133,0.341,-2.1065192222595215,0.55,9.242237567901611,0.04668564204403751,30.0-100.0,14.970570065415298,-403.7650399074557,4.455063769079075,0.9773268253768852,0.743168849626207,1.4598513400382658,0.10483082991978186,0.528293996827589,0.1691037697193964,0.24158571130135725,0.48536232617329633,0.3431724208519628,0.1452017673590032,1.0272485431837874,1.7774470965139533,0.04518142,3.1278784,5,2.75
ds005286,sub-023,10,Cz,1000.0,1.2686924934387207,0.161,15.954221725463867,0.329,14.685529232025146,0.049855709620404205,30.0-100.0,72.94195044485944,63.48631291160892,17.68567744687977,1.295190755191045,0.43806069831340066,2.1100200921478987,0.04552507425972429,0.5237398127509572,0.14497482680082138,0.15726915648059953,0.5119484953448501,0.37075690961785396,0.1499883346938291,1.0379166060325187,1.7452053802685363,0.0449792,3.2441337,8,2.75
ds005286,sub-023,11,Cz,1000.0,-4.453066825866699,0.179,7.3900909423828125,0.412,11.843157768249512,0.07342633935213172,30.0-100.0,57.1465837406697,-26.013167877942678,6.448791241407658,3.8941428478761733,0.1745004223434296,2.0313794568561416,0.1304158741771268,0.4248534610974019,0.37503522106188775,0.2571568239735128,0.5168802369432991,0.365723720685792,0.2500654166113663,1.038590429178462,1.682881150417844,0.0683444,2.2727678,9,2.75
ds005286,sub-023,12,Cz,1000.0,-6.999156475067139,0.242,7.234308242797852,0.374,14.23346471786499,0.11170722120123962,30.0-100.0,-1196.8721348527088,-300.4892300519896,7.50258865949184,2.352488953847599,1.0007942688716502,3.7611872247202145,0.33911134041581176,0.8097481947118439,0.10245512230744222,0.16299389295847463,0.5117201318104897,0.4106065777742571,0.2709915365228476,1.0384401145520084,1.755130864502898,0.077246465,1.9256357,9,2.75
ds005286,sub-023,13,Cz,1000.0,-3.193615436553955,0.16,5.732385158538818,0.443,8.926000595092773,0.07793730382799507,30.0-100.0,-590.3296918791217,41.73770923890326,2.7040426395047916,1.156890035072521,0.4210942750434897,2.364859348793537,0.10081308283951944,0.3701135567287731,0.3133136416913068,0.250896492698174,0.5257557022999277,0.4276874628496254,0.35746368910198806,1.0423383528359584,1.6546038944155117,0.09773324,1.6197798,9,2.75
ds005286,sub-023,14,Cz,1000.0,-2.0903103351593018,0.15,5.461220741271973,0.301,7.551531076431274,0.06346501135046141,30.0-100.0,-4750.394194928104,-6.371139172701418,2.7868549249545316,2.184449369449595,1.2153506973607415,2.6091898933102624,0.07837658742069002,0.6861948772508853,0.45909828862708973,0.22110433501319632,0.5058345966460076,0.3922718072707542,0.29248234164470555,1.0312041703045927,1.7136153379756864,0.07604348,1.8138409,9,2.75
ds005286,sub-023,15,Cz,1000.0,-11.482233047485352,0.19,3.3352246284484863,0.429,14.817457675933838,0.010918443003846125,30.0-100.0,-94.08957495756826,37.54927967738238,11.426074655683138,2.0282086931772687,1.7078842359959876,1.2728048531911214,0.12482118771718959,0.8580795819020648,0.21965535382920987,0.28612945725603783,0.500888351934423,0.33469994737170566,0.20180762409322775,1.033776693318026,1.7853452604857463,0.05689276,2.4466593,10,2.75
ds005286,sub-023,16,Cz,1000.0,-0.9633042812347412,0.189,8.662386894226074,0.434,9.625691175460815,0.02842153233995408,30.0-100.0,-11.856707725264192,-617.2523881755128,6.942734734199685,0.7571200617939464,0.6238153322158456,1.4991789299593647,0.05600028823780249,0.6078921509991511,0.11450579153873595,0.37855933745840814,0.5084376254937079,0.3825782785601959,0.19953935273417756,1.0357805536982636,1.741605331692061,0.05809965,2.5058494,10,2.75
ds005286,sub-023,17,Cz,1000.0,-9.025723457336426,0.15,2.7983896732330322,0.516,11.824113130569458,0.03382190274531458,30.0-100.0,-27.831307910862968,-246.59665934241733,4.031360877076211,1.9537504187699293,0.3894119049018284,2.6751656258906698,0.08553474004982732,0.7345238355511364,0.30912715768549026,0.2822874573662716,0.5123289758288194,0.4060691703098097,0.2958212358474282,1.037010830898442,1.6552448802205664,0.08420729,1.8474644,8,2.75
ds005286,sub-023,18,Cz,1000.0,-0.314586341381073,0.35,5.215987682342529,0.318,5.530574023723602,0.011643509753121123,30.0-100.0,-64.44714847455988,-1049.9601195170444,4.495272228905681,1.4407146519482068,0.1384718607197392,3.2050393554862664,0.07214723170868843,0.5208792772229651,0.26469833367432877,0.3530221543563861,0.501823398137006,0.3565342147545742,0.1437899805845609,1.0325278209760405,1.7204671566645005,0.050656866,2.8876965,10,2.75
ds005286,sub-023,19,Cz,1000.0,-8.291743278503418,0.35,0.5778239965438843,0.503,8.869567275047302,0.08332709704525457,30.0-100.0,87.97467532713316,61.679095040638245,2.10469140858285,0.9822897555163906,0.45823906191710495,3.838293572740998,0.20014714203873035,0.16727613191675986,0.3458238417616922,0.06393848224230343,0.5212669442597263,0.4188756608372017,0.3506078029869112,1.0431946096022287,1.6201573882084226,0.09583116,1.6420653,9,2.75
ds005286,sub-023,20,Cz,1000.0,-2.73164439201355,0.187,9.182844161987305,0.546,11.914488554000854,0.1149028376416118,30.0-100.0,-1064.081104106776,-98.70519088607243,0.6909682007132306,1.2483036313019897,2.7218670413708455,3.1840443759991235,0.21073759669154996,0.3974357456599675,0.1806422687014947,0.29402410370077536,0.5050718914474511,0.4153896753059617,0.34777707463704555,1.0298420223097944,1.7093719588841005,0.089401044,1.5633216,7,2.75
ds005286,sub-023,21,Cz,1000.0,-13.153097152709961,0.155,2.8505513668060303,0.327,16.00364851951599,0.07619155346427466,30.0-100.0,84.8085267680155,31.813561341640384,8.368039369318513,8.175659523687667,10.92627998462131,2.1740498225908564,0.1418080482817166,0.42535925620152476,0.4167143853996837,0.41059449503856693,0.4834494147403159,0.3091232582278328,0.19942491776815324,1.020168831459738,1.8387427551677005,0.062090397,1.7936406,9,2.75
ds005286,sub-023,22,Cz,1000.0,-11.807080268859863,0.35,11.970711708068848,0.314,23.77779197692871,0.019589470377533332,30.0-100.0,-803.1292789341547,-52.74343115568222,6.353620154479235,6.103147809434015,9.261216492816954,4.57441366869919,0.017945980982427355,0.7668764830462614,0.24673272452423342,0.2582590767059157,0.4884825592975316,0.3016034607328352,0.1902375458347679,1.0140491305596153,1.8733780768216346,0.054542605,1.8415697,8,2.75
ds005286,sub-023,23,Cz,1000.0,0.8723672032356262,0.343,8.950339317321777,0.364,8.077972114086151,0.014358046233806583,30.0-100.0,82.68443116812524,8.602101236044595,1.4491008137756924,0.7813020829487587,16.879681080215914,1.5296278238197274,0.0767279264641691,0.5358884307164565,0.36275871983482727,0.4524058774955767,0.5027914072952464,0.2993331387232188,0.25144192716546354,1.0268745420506504,1.8141159380771765,0.07347899,1.6436584,10,2.75
ds005286,sub-023,24,Cz,1000.0,-1.3708014488220215,0.246,11.70638370513916,0.457,13.077185153961182,0.0640991322910369,30.0-100.0,2.8959511928754424,-32.061567178112995,0.9027561307218046,2.0584102376848947,1.8984768684378732,1.374090360177807,0.13294514569114405,0.6579812378467632,0.057463334723459485,0.40411946602045945,0.49541095446465294,0.36377154934403333,0.2569273462428434,1.0284066527784363,1.7681964301664272,0.07290008,1.8394408,10,2.75
ds005286,sub-023,25,Cz,1000.0,-10.596667289733887,0.332,4.421062469482422,0.465,15.017729759216309,0.08675256016020592,30.0-100.0,-24.63304611034058,-232.13787267786194,6.137614244890795,7.814830204225933,8.533455026268829,3.437684466452497,0.22840472950592747,0.6025996649311476,0.4511279160195176,0.36307529404649164,0.48432926686553734,0.3313815942135358,0.21923567164428343,1.0265912508264354,1.8215048655519688,0.06620297,1.8856971,8,2.75
ds005286,sub-023,26,Cz,1000.0,-11.149698257446289,0.317,4.680872917175293,0.351,15.830571174621582,0.05306775722838525,30.0-100.0,-251.89276264749307,54.24322233233726,1.7259314772026917,4.999052803471402,12.394592314793186,3.7291600357546777,0.0993166293125469,0.7735101133303165,0.15306150648427402,0.1704319885843101,0.495544223838704,0.3675807107339472,0.25721725979798543,1.0333624269430237,1.7904627709571552,0.07213053,1.9434968,9,2.75
ds005286,sub-023,27,Cz,1000.0,-4.621880054473877,0.35,13.051132202148438,0.3,17.673012256622314,0.2526156954355543,30.0-100.0,-1997.579041310217,-243.26984473889124,2.4136773224808397,8.296766503404964,1.2823323513506257,2.764561873541257,0.18481256997867107,0.6703246684245443,0.5214805391044972,0.39919055338368986,0.5127306577246427,0.320499134232892,0.2427266999780839,1.039554943165384,1.741596005095079,0.07159021,2.1845098,7,2.75
ds005286,sub-023,28,Cz,1000.0,-15.577922821044922,0.283,5.2710747718811035,0.514,20.848997592926025,0.09793659458285671,30.0-100.0,-441.1729833676525,12.32169718162311,7.356719224487372,0.48467363091340726,24.747731550684513,2.353974300685786,0.11879451415790507,0.9317803023175445,0.39214971188731956,0.7615417343081958,0.4782989949593264,0.3181626077567507,0.23475447435049426,1.0173256976879923,1.8620955373326378,0.061477095,1.7151241,8,2.75
ds005286,sub-023,29,Cz,1000.0,-5.612573623657227,0.259,6.714820384979248,0.374,12.327394008636475,0.08218013515547612,30.0-100.0,75.84860529611993,35.69347528567994,2.013284808126062,1.5597489479511613,0.1260844285658806,1.509062354592451,0.29434946877422036,0.5153690211749361,0.22585397050776573,0.37078100449190937,0.5173354084185683,0.3923015292348702,0.27248562557049855,1.0372516536922998,1.7117116883941086,0.07367492,2.0989692,9,2.75
ds005286,sub-024,0,Cz,1000.0,-4.066768646240234,0.154,12.165586471557617,0.494,16.23235511779785,0.07451980980451778,30.0-100.0,-350.60493966237027,-231.62950564297557,0.6489179672861469,2.97559875494632,0.7375716071546938,2.4928464187302946,0.19765079021394755,0.38660045368821255,0.3424069766607477,0.27768100007944224,0.5147510401612371,0.36832696567938894,0.2469427829366041,1.0367069561127817,1.713037263752122,0.06460349,2.259902,2,3.75
ds005286,sub-024,1,Cz,1000.0,-6.34647274017334,0.318,7.851494789123535,0.404,14.197967529296875,0.11786534669468396,30.0-100.0,1.1304624899446123,49.94423302807044,4.22865410359136,0.9332196363201416,0.44879471918322,0.6188017344071252,0.4034371702654849,0.5791189703005465,0.18198315904073672,0.19396343043280104,0.5120965697460179,0.3715854976996942,0.28825165841494355,1.0424610907923142,1.7255156274974892,0.07414195,2.066737,3,3.75
ds005286,sub-024,2,Cz,1000.0,-6.433761119842529,0.15,8.586181640625,0.538,15.01994276046753,0.05095193711276212,30.0-100.0,-25335.639358069475,-16.37142003818305,1.537177624898269,10.953450705711372,1.7813189114370571,2.0236361567158414,0.09193229761361012,0.5277178290291423,0.43684292228304983,0.2548057395649675,0.48558638068897025,0.33097711741948344,0.21740226320368247,1.0289145290105406,1.8035674026160018,0.06004885,2.1704938,6,3.75
ds005286,sub-024,3,Cz,1000.0,-20.524612426757812,0.188,20.052902221679688,0.432,40.5775146484375,0.06788268835871579,30.0-100.0,-7912.405837111105,-40.842325843504995,15.892511996524316,19.51332388654533,5.249173606804817,3.307712765681359,0.15379584196349322,0.7636427815172133,0.5342761003747131,0.20360807850224596,0.4898888841784835,0.3265104837402647,0.12312444893727616,1.0258900453246578,1.890272442422373,0.045039702,2.720045,7,3.75
ds005286,sub-024,4,Cz,1000.0,-32.55255126953125,0.2,11.188644409179688,0.385,43.74119567871094,0.02677793864482279,30.0-100.0,-104.81931312278643,-78.77330005240412,20.15116370875351,31.096632022836495,35.4821377668476,2.781167126092212,0.08591250749134297,0.377192739555348,0.5123945999187332,0.4198125142408627,0.46125515686693336,0.28318750043609964,0.1465649833498608,1.0136038956237305,1.932029073924998,0.05009384,1.7961463,6,3.75
ds005286,sub-024,5,Cz,1000.0,-12.30195426940918,0.241,7.694698810577393,0.52,19.996653079986572,0.071083120748502,30.0-100.0,41.92314791359269,-63.67410125355693,4.801917684726524,3.9146776072325364,7.263006433662641,2.492572111671958,0.06742770001015054,0.5541644383018689,0.3629895049588429,0.620042164981818,0.4981846320554067,0.35421803950765335,0.19934212313367433,1.0300497936921742,1.7486174382157325,0.055041153,2.4044814,3,3.75
ds005286,sub-024,6,Cz,1000.0,-8.725099563598633,0.231,14.344173431396484,0.339,23.069272994995117,0.23800268407041056,30.0-100.0,-134.79882595343693,7.428365557634059,3.09915891895019,7.678961780306765,10.02795767704734,3.193030838795692,0.3638019104694354,0.7680169684576904,0.14627619741421855,0.029637954914252473,0.4845177108391465,0.35914043536093415,0.17879029645168373,1.0218270355314674,1.8527072839422098,0.05706049,2.1589344,4,3.75
ds005286,sub-024,7,Cz,1000.0,-9.556318283081055,0.15,14.974468231201172,0.309,24.530786514282227,0.02712212494790153,30.0-100.0,-1248.0930357988548,-509.3551063077636,63.3839597712611,36.333048118735256,4.106663969592432,3.6682765600121643,0.06950501013910669,0.5982820980230509,0.18216962120439284,0.13794224940935632,0.4702355028097598,0.28315472819367743,0.09387075364507323,1.0168140374547348,1.9369416541933657,0.037452746,2.7080503,8,3.75
ds005286,sub-024,8,Cz,1000.0,-28.459869384765625,0.18,24.23985481262207,0.315,52.699724197387695,0.059131754097936154,30.0-100.0,-293.75852055168343,-111.12918129568028,86.54826647962767,46.631592889207845,3.3478396846504506,2.5533849877883146,0.10997002709974255,0.7757557020281224,0.4746373814096199,0.2839661846298711,0.4983607688524715,0.21962891024051384,0.06789857171673737,1.0220553333792248,1.8731143274768902,0.030531002,3.3752007,8,3.75
ds005286,sub-024,9,Cz,1000.0,-19.137521743774414,0.15,6.114889144897461,0.324,25.252410888671875,0.00868286597032976,30.0-100.0,-39.122595315981165,-2.944618732510414,32.360928966255486,33.01027109567386,9.834122313775708,2.520781374235661,0.09713864138966893,0.36867910568536505,0.2313978574234882,0.43342197936154353,0.4895439742916656,0.29959176033307533,0.12694004857598803,1.0225715748724082,1.9162437885703933,0.046540793,2.2902298,9,3.75
ds005286,sub-024,10,Cz,1000.0,-17.69194984436035,0.15,15.158498764038086,0.498,32.85044860839844,0.21835569070111532,30.0-100.0,-104.44699213521214,-96.78118654415562,15.199393993212565,24.49873205559632,5.183691057592598,2.5353204587125084,0.34599735197239717,0.5502764610997719,0.28851183178507345,0.6486775565928292,0.4954176423165368,0.26995668100270265,0.1241925046831867,1.03083167896703,1.8748445418803075,0.043098193,3.0321329,7,3.75
ds005286,sub-024,11,Cz,1000.0,-16.56019401550293,0.15,27.44168472290039,0.334,44.00187873840332,0.10488057370364796,30.0-100.0,-55.60404250909304,63.983608571725604,98.33680300019293,39.361916689179445,4.285481079304786,6.353003583790591,0.2709424261169983,0.8406034863699084,0.5545963522180501,0.5928290926493811,0.4909790996302421,0.27350064202984953,0.09893950515675577,1.0255325857423403,1.9104094496219213,0.03721069,3.1819558,10,3.75
ds005286,sub-024,12,Cz,1000.0,-16.06842613220215,0.187,10.497797012329102,0.309,26.56622314453125,0.052736041846410286,30.0-100.0,-16710.842658148656,-38.077613388614836,11.94033797387939,13.44029461503955,3.2122101423875336,2.4934854858723385,0.09208114960891309,0.5243269074549973,0.3323770466367717,0.5578984925567952,0.49396244258058414,0.29975162777716663,0.16474452959321342,1.0290313980773766,1.8309412025603182,0.052338287,2.6297998,5,3.75
ds005286,sub-024,13,Cz,1000.0,-34.42365264892578,0.15,16.017915725708008,0.3,50.44156837463379,0.1836853842468886,30.0-100.0,-287.6223085567238,56.404496816756776,155.7848778998812,104.57108526198104,7.533953404188422,5.695404656454673,0.19311791541423642,0.6389244223377626,0.5251662136844029,0.48403869475234634,0.5031686959638194,0.24180548379559355,0.0769926952560842,1.0229174440329056,1.960017948314299,0.034745198,3.1202288,10,3.75
ds005286,sub-024,14,Cz,1000.0,-10.736720085144043,0.15,11.765685081481934,0.324,22.502405166625977,0.11758863068289246,30.0-100.0,-1481.503782820502,17.686979703205687,37.369712211448,41.8071767995413,12.210278611601257,3.05415617589416,0.2465845997694756,0.3293052096604329,0.2360560176020918,0.46460574680455646,0.49286240997558306,0.28442780335188866,0.11215912668013496,1.0212052552673374,1.9229934548109096,0.044766586,2.3801084,7,3.75
ds005286,sub-024,15,Cz,1000.0,-24.983680725097656,0.17,16.30911636352539,0.3,41.29279708862305,0.029574251176935,30.0-100.0,-1629.1600779275868,-48.84441723705715,32.197246276313535,60.202236577752686,6.817180626135685,2.628095824267306,0.17315715913592788,0.6101356866814063,0.1072742072040367,0.8176078207520551,0.48330147127594153,0.23508111535056378,0.11025278046637386,1.0203063967373573,1.8773360583386078,0.038269598,2.6811662,7,3.75
ds005286,sub-024,16,Cz,1000.0,-5.226766586303711,0.211,9.591597557067871,0.403,14.818364143371582,0.0265230420534643,30.0-100.0,14.758220705374695,-37.84464128769135,0.5444924157943895,2.299281918380686,0.6189082731615818,3.8224378896341733,0.2147566317969211,0.3588605800994796,0.3567812467888191,0.11130157353475703,0.501491805223771,0.42221975600397765,0.3590479991897517,1.0398844755557706,1.6911783970504506,0.096868485,1.5063977,5,3.75
ds005286,sub-024,17,Cz,1000.0,-21.4215087890625,0.218,7.28399133682251,0.3,28.70550012588501,0.2522391177615846,30.0-100.0,-2448.6169555485603,-871.1090447946311,3.5452607866132695,24.653778753587595,10.273513267360439,5.199878399036038,0.46073034238678007,0.41044134924640746,0.14888531323596044,0.3924517888313616,0.5092902178174157,0.32118108145772933,0.1683092914581025,1.0308717208723945,1.8584000983486195,0.0608717,2.1543474,4,3.75
ds005286,sub-024,18,Cz,1000.0,-9.517759323120117,0.15,14.669278144836426,0.418,24.187037467956543,0.009313123446361558,30.0-100.0,-191.75279850911824,-94.97091506357971,16.230405369291823,23.612339409289422,6.722563247172602,4.485141762948857,0.0307063105180023,0.8852893357678671,0.4361579810094209,0.32202608417010675,0.47795912329289025,0.3144365515934603,0.13704844864751883,1.014670537854606,1.887064023008057,0.04783649,1.9630126,6,3.75
ds005286,sub-024,19,Cz,1000.0,0.49457669258117676,0.35,12.2560453414917,0.55,11.761468648910522,0.09560440606222476,30.0-100.0,-68.14174667961225,76.67208960327933,32.86701672349733,5.917211219288002,1.857880746881652,4.552736799837349,0.2743283164092492,0.48923986487152893,0.4094307023816445,0.4143787937908351,0.5104363541907626,0.38913525178182196,0.21586087566267745,1.0361447800125427,1.7318299119491216,0.06027102,2.5356448,5,3.75
ds005286,sub-024,20,Cz,1000.0,-4.210635185241699,0.189,6.323675155639648,0.313,10.534310340881348,0.08913077410649335,30.0-100.0,-173.98584025118524,-55.2021644847086,10.155679383103246,1.3177915208546087,7.706971531041323,3.610927270483494,0.12523445706715122,0.6914103068869943,0.19135584214601273,0.2353535680331815,0.49823076379706455,0.35570594169733544,0.2476183262779207,1.0356560274131514,1.7595437771810036,0.06924973,2.1152036,7,3.75
ds005286,sub-024,21,Cz,1000.0,-10.275978088378906,0.349,2.3060333728790283,0.3,12.582011461257935,0.07928739405480743,30.0-100.0,-168.54725860008236,25.54399480725435,6.109116940069675,1.707151102172944,10.018005222909064,2.735278996061141,0.12355620213691751,0.7535068626306665,0.5247432784465984,0.059683398266057855,0.4918875808126441,0.34414417441817075,0.1961518017760002,1.0288561436692407,1.8088334506956991,0.054421216,2.3473492,6,3.75
ds005286,sub-024,22,Cz,1000.0,-13.856966018676758,0.15,15.405075073242188,0.516,29.262041091918945,0.10451233809380184,30.0-100.0,-761.9430379563868,-4.756994627047127,24.60141557699832,0.9410018132344203,0.9441043970719816,2.9710965658993884,0.20842907288739745,0.8733087477504466,0.5633987606005183,0.46670604776397623,0.49796513634819484,0.3152217721874742,0.1242053948911087,1.0262069869550334,1.79852304382391,0.037246764,3.4939535,5,3.75
ds005286,sub-024,23,Cz,1000.0,-2.8775477409362793,0.291,5.727653503417969,0.479,8.605201244354248,0.059902507239813,30.0-100.0,39.01005848904336,-235.63259643870205,3.889604361022881,0.19561234948439288,0.819784178751025,2.926669623103245,0.09932565064452296,0.2958372739212798,0.20772907756551692,0.3337228146600552,0.5019275504806439,0.3957565747641103,0.20829654923601446,1.0320303552672485,1.7486893737198383,0.059161503,2.3133001,5,3.75
ds005286,sub-024,24,Cz,1000.0,-8.126375198364258,0.187,9.023492813110352,0.55,17.14986801147461,0.08805722291902725,30.0-100.0,-7.849479907091431,29.91621630295032,3.309095177084174,11.592951916431083,3.75165427300033,1.48131968463863,0.11588112617609517,0.5942041433462876,0.282611134443852,0.2532055248774739,0.48113215177880697,0.2883370995656312,0.16745669807225844,1.0199935201859378,1.8651013590047372,0.054697625,2.1135547,4,3.75
ds005286,sub-024,25,Cz,1000.0,-8.339310646057129,0.226,5.548425674438477,0.526,13.887736320495605,0.07811705366259225,30.0-100.0,-2576.4016212663714,-300.2967086623804,1.996555881415567,4.08987504131389,3.131834535831617,1.9626008092397857,0.12546958334065592,0.6475347312908251,0.3287947792739317,0.18590092300531894,0.5073985326776475,0.34523968210959277,0.22472488523506426,1.0320829676242118,1.7912359514571286,0.06433993,2.0783043,1,3.75
ds005286,sub-024,26,Cz,1000.0,-15.09363079071045,0.15,19.76140785217285,0.413,34.8550386428833,0.02015386041709624,30.0-100.0,-366.7000438864243,15.089017122845426,50.35328838589717,31.338441120532988,17.31102051136893,2.448981891403783,0.03595359016985482,0.507967407635656,0.14599590827783418,0.3829757400764235,0.4831146603361894,0.294535106746648,0.08980598295650861,1.0140849154777525,1.932645423049366,0.035887584,2.4101794,7,3.75
ds005286,sub-024,27,Cz,1000.0,-14.154483795166016,0.298,16.87605094909668,0.355,31.030534744262695,0.11474415157435688,30.0-100.0,-531.7421332895271,-414.3026644600951,9.493068108680378,7.581156181310045,9.406696016859929,6.288995513574661,0.11773210185293513,0.8092848763557245,0.18391794984943188,0.20846768892476555,0.4909790996302421,0.31989265467835004,0.18726895259775841,1.020384689255545,1.8473559591936228,0.05482338,2.1741436,6,3.75
ds005286,sub-024,28,Cz,1000.0,-17.774965286254883,0.15,10.264976501464844,0.312,28.039941787719727,0.07171280251004977,30.0-100.0,-1721.3570807189608,-21.924714095275117,65.60992665349048,66.75072859447619,7.284807444412621,4.111536860168311,0.04695502662902134,0.6109162974392622,0.684039284297912,0.5905002024469124,0.47749756013614775,0.2584419820278502,0.06781416942277006,1.013475175261997,1.9720989872313108,0.03593647,2.5470765,10,3.75
ds005286,sub-024,29,Cz,1000.0,-0.31958985328674316,0.15,13.057536125183105,0.512,13.377125978469849,0.01772164403876642,30.0-100.0,-58.30910605906039,-10.723293135050755,34.26058787219929,16.078894993044294,8.001591600932503,7.883032190548327,0.13428959026847298,0.5047869355578138,0.3327735597553907,0.5568313346571061,0.48067303730499195,0.3248053866109842,0.14385988755052445,1.0163882223005292,1.8577684387932496,0.048697393,2.1747003,7,3.75
ds005286,sub-025,0,Cz,1000.0,-1.3842554092407227,0.299,6.0939226150512695,0.351,7.478178024291992,0.01657653477561079,30.0-100.0,-129.40892928526907,-162.71897258620956,60.763798331579274,53.29167432710942,4.740937766965299,3.1059093020864643,0.02538848831500463,0.36363735259285546,0.7955231395258183,0.5401400453915403,0.4929301478861718,0.28493071895000416,0.09254343944692713,1.0197874470145198,1.8856680455264014,0.036612913,2.8299122,6,4.5
ds005286,sub-025,1,Cz,1000.0,-8.210061073303223,0.346,1.9713847637176514,0.523,10.181445837020874,0.2512530247344546,30.0-100.0,68.3706726264221,-72.73250619187776,37.87738660331836,22.583104661778524,2.3051876074466007,3.8823377336897402,0.34973150172446776,0.3877250677466377,0.17222516226171666,0.020577875368645377,0.5073679304950608,0.3152746202779198,0.1496998935936476,1.0329325377053977,1.826104192582711,0.04778447,2.9153128,6,4.5
ds005286,sub-025,2,Cz,1000.0,-8.337008476257324,0.337,-2.594386577606201,0.498,5.742621898651123,0.1604302944412316,30.0-100.0,-1104.2036615937886,-698.6789375005875,14.419298987012857,28.157444296613512,1.750381884643689,6.924607734155576,0.2178009991247869,0.49181877901681376,0.38088203472400867,0.46104662555818593,0.5098094897917012,0.318719681138132,0.12977416660361463,1.0349435254373054,1.807169145977977,0.050597258,2.640213,7,4.5
ds005286,sub-025,3,Cz,1000.0,-8.776910781860352,0.35,3.479245185852051,0.407,12.256155967712402,0.08870050443215886,30.0-100.0,38.049946277893575,-264.28676410726786,17.764722335087207,26.122204339199932,2.759717810034883,7.8523299790149785,0.18152172581402576,0.4393764376875997,0.3222333950153382,0.28755709423967935,0.4831663102246694,0.3279092407118505,0.16703907150788866,1.0246546423812168,1.8109341851126095,0.055583734,2.129429,6,4.5
ds005286,sub-025,4,Cz,1000.0,-3.368472099304199,0.291,16.333120346069336,0.341,19.701592445373535,0.012363318422250831,30.0-100.0,-26544.57864073807,-517.2455956724045,9.075944616844863,19.510964574612732,0.5751260526304632,5.703053847534147,0.05137405038401247,0.38722475426611913,0.7390257582223966,0.08172714957560723,0.49287509583651795,0.37413164594073833,0.17559137836561423,1.0279471704387402,1.7494597983727862,0.056484487,2.433392,6,4.5
ds005286,sub-025,5,Cz,1000.0,-0.5772292613983154,0.15,6.470763206481934,0.329,7.047992467880249,0.02658213496151831,30.0-100.0,-6835.748330862581,-170.2662509552581,27.959480666690872,35.40031917881092,2.0564276555534473,9.53211691581978,0.02859396704576782,0.398657334719101,0.5087908226240643,0.6198134831850887,0.501865210748038,0.32663442722028546,0.12037736664835881,1.0255708860480603,1.8464659919985997,0.04518428,2.6465232,7,4.5
ds005286,sub-025,6,Cz,1000.0,-7.316239833831787,0.326,7.904951572418213,0.55,15.22119140625,0.1325741431529738,30.0-100.0,-163.88586063075735,-28.727931674584617,15.298140564980965,28.067706295441045,1.642740990028,2.3685663413425915,0.11000896694588654,0.5162095613635075,0.3163112080587354,0.27429741000956614,0.49698377294892326,0.2935828362796865,0.12283195922909003,1.020732039627461,1.8821907863468568,0.045999892,2.536503,5,4.5
ds005286,sub-025,7,Cz,1000.0,-9.501203536987305,0.291,-1.1869914531707764,0.43,8.314212083816528,0.013832772167701946,30.0-100.0,-80.75321762595323,-70.72035901266374,9.401585232801363,40.52686850053489,4.293023812254843,3.8121280577715977,0.03207368097177285,0.4856001880727948,0.5663389637926001,0.5012352819483858,0.48069122365976846,0.29404170097668786,0.13534738749401123,1.0236725092531653,1.865623192328816,0.04993129,2.4347956,8,4.5
ds005286,sub-025,8,Cz,1000.0,-9.893991470336914,0.15,0.9408347010612488,0.321,10.834826171398163,0.061578461889167636,30.0-100.0,-6683.518787507691,76.81699278311531,23.773875008941886,61.1115221707326,7.70483270998668,3.3740268443420645,0.16239198090821005,0.35891283973157506,0.666255383075426,0.2793685302809442,0.49761517067814687,0.286329983094487,0.11408610661509856,1.0243305120128112,1.9086186522815698,0.041677568,2.5838208,9,4.5
ds005286,sub-025,9,Cz,1000.0,-12.906087875366211,0.322,10.031235694885254,0.55,22.937323570251465,0.049477457024808234,30.0-100.0,-995.6227231872763,-1077.9057479624892,12.966250870521536,17.829234274590057,3.0452761877654786,8.729716053813467,0.15505763144807952,0.448794329970455,0.22684023236258274,0.2713967447949659,0.49244882681131635,0.3257358217944973,0.1601822853353248,1.0304540058551965,1.7931650025989743,0.05291125,2.491099,9,4.5
ds005286,sub-025,10,Cz,1000.0,-18.09963035583496,0.34,8.283136367797852,0.55,26.382766723632812,0.4062281432037174,30.0-100.0,-34.1344195663994,-697.3609124348707,28.648370643302417,49.90969117023836,2.596205135561384,10.737274573923612,0.6452395482228287,0.542288835732258,0.3778838944193799,0.36349598023952345,0.495530486875274,0.32089678406056993,0.1387300235603578,1.0244354018973019,1.8517366782470928,0.05070968,2.5609534,9,4.5
ds005286,sub-025,11,Cz,1000.0,-19.81060218811035,0.152,3.559875249862671,0.328,23.370477437973022,0.014909609931222928,30.0-100.0,-218.74264291334887,-55.15827249809854,12.954304141553735,32.96576382449676,2.3563456257493067,7.299221828827979,0.12265163564936298,0.02622724605855233,0.7377848213691978,0.29762835275017263,0.4905258010012625,0.2952410675094738,0.2031857271747928,1.0281906914078836,1.7862946814720644,0.06050239,2.133371,7,4.5
ds005286,sub-025,12,Cz,1000.0,-12.240474700927734,0.35,0.04911427199840546,0.476,12.28958897292614,0.13247720042032884,30.0-100.0,20.479338435586996,-420.50680892242235,45.86660319507188,38.214987575941684,2.70671208082108,4.003971356166718,0.14232583545398722,0.5792168179274655,0.7591111309529178,0.4974881544410722,0.5000273186823607,0.29692661490504446,0.10776933763159381,1.0231841468999272,1.8774238482586183,0.041267503,2.8772984,9,4.5
ds005286,sub-025,13,Cz,1000.0,-4.86391544342041,0.35,9.342586517333984,0.305,14.206501960754395,0.1130413815193225,30.0-100.0,-760.1763531757504,-846.6331048029067,43.03838198510444,23.115350191918647,1.288090723997744,11.6214565767366,0.1439299751626339,0.2424932401669584,0.20808705462019708,0.17097791937476767,0.5030014564975075,0.31460002882488497,0.08790832942187107,1.0225127882548457,1.8207919025890116,0.04191818,2.5391252,8,4.5
ds005286,sub-025,14,Cz,1000.0,-8.27817153930664,0.15,7.680794715881348,0.313,15.958966255187988,0.045797306343475716,30.0-100.0,-1341.3804549839642,-102.79688233360727,24.469360262651684,40.06269266549807,8.773631446237172,4.774401611446938,0.0467286729838879,0.1432853687872326,0.5160913521514028,0.5085935835331016,0.47895627279843217,0.3176793704457307,0.14080466944895598,1.020688228925314,1.9017127721755256,0.046823762,2.2362003,8,4.5
ds005286,sub-025,15,Cz,1000.0,-19.184986114501953,0.338,4.612655162811279,0.3,23.797641277313232,0.16894626327205417,30.0-100.0,-509.5669538070919,-949.3881756730486,14.94350708549745,18.308446886272193,11.534748013884851,6.636989020745575,0.39775692855631933,0.48932479587411387,0.2724191294496671,0.27583587817002947,0.4979406463495828,0.3558216776976064,0.1801154374110859,1.0270765968345468,1.7821769555543856,0.057895336,2.2908385,9,4.5
ds005286,sub-025,16,Cz,1000.0,-13.415907859802246,0.15,5.089588165283203,0.345,18.50549602508545,0.19696418874873922,30.0-100.0,-547.3102101150884,-262.6650541501784,15.36224261505093,21.665078289103956,3.4400122808695617,4.5677503316635315,0.35236767693498006,0.34433040394352593,0.23987134218420625,0.19249191547728972,0.4881298654368253,0.34600852581175445,0.19973857980109894,1.0243625947191846,1.8042187308398556,0.0593894,2.2058065,9,4.5
ds005286,sub-025,17,Cz,1000.0,-4.973232269287109,0.275,4.777681827545166,0.344,9.750914096832275,0.17693391760904642,30.0-100.0,37.17810717797845,-232.68475024011332,23.310034177147188,43.91286640400098,4.486366659899002,6.962270148255584,0.25270705970101287,0.43417777490290504,0.5458807961306545,0.4600157787763189,0.49661170167472735,0.31091110826388174,0.13566604819222433,1.0224239394225425,1.818296163069902,0.047313865,2.4837077,9,4.5
ds005286,sub-025,18,Cz,1000.0,-25.229143142700195,0.347,-13.7590913772583,0.317,11.470051765441895,0.09954908620523059,30.0-100.0,-629.9468154476733,-880.312152558718,40.53365112541783,29.548760391895833,3.078520827235179,11.020982338241678,0.32507511657542554,0.23229075565927634,0.6269629486766888,0.29969317248335886,0.5071103089747641,0.31927191181214526,0.10887196332338221,1.0297679215604436,1.7790565793711997,0.0385272,3.3562758,8,4.5
ds005286,sub-025,19,Cz,1000.0,-12.64600658416748,0.294,-1.4570534229278564,0.55,11.188953161239624,0.08772390597501338,30.0-100.0,-895.222769080132,-15.517449374170964,13.773190723804468,11.65860143803333,4.3204472411618235,8.382840919309398,0.2666145842444068,0.14786575587882397,0.3600309597687907,0.555378412712753,0.5121663544896443,0.3552641359646289,0.17494935552953383,1.028528860851277,1.8006404283742912,0.053763393,2.4919016,8,4.5
ds005286,sub-025,20,Cz,1000.0,-4.683313369750977,0.268,8.135074615478516,0.347,12.818387985229492,0.09458786626752073,30.0-100.0,-10971.964663843699,-132.0001024257476,6.551544092074614,32.07778454356135,2.9791716597850266,5.054959859885068,0.12096965920033484,0.0694885839202347,0.5907656172819931,0.25449806212239684,0.4925191037367852,0.3236856036667069,0.20314043601286705,1.0262717464546758,1.7803860570114576,0.060785156,2.1314187,8,4.5
ds005286,sub-025,21,Cz,1000.0,-11.861347198486328,0.153,-2.7627391815185547,0.3,9.098608016967773,0.026783029932455866,30.0-100.0,-64.41222098171863,-803.2425336108231,15.956421935730319,20.62366117250906,2.2997394055293485,3.4105828224157246,0.19754329535190873,0.46109078855754804,0.49412541267084387,0.15921933766661683,0.5019978059108996,0.31688331392840774,0.14378242344117925,1.027351929405825,1.8102783701734688,0.0462353,2.8333983,8,4.5
ds005286,sub-025,22,Cz,1000.0,-2.939692974090576,0.178,7.890263557434082,0.48,10.829956531524658,0.046102513416641476,30.0-100.0,-1313.491893260306,-411.6820654398813,24.76614826130417,41.62959967813269,3.5640805728162945,5.879763774284379,0.04541782518237557,0.3527997293178643,0.4815004368779393,0.31466742102747236,0.49198358588332347,0.2928555740996597,0.11868680281675228,1.024849191459707,1.8881603716663637,0.04509065,2.4769588,7,4.5
ds005286,sub-025,23,Cz,1000.0,-8.240548133850098,0.35,4.755903244018555,0.321,12.996451377868652,0.009975405974229329,30.0-100.0,-3408.748171179539,-222.71895430990241,33.09124556021738,3.366725426270615,12.727587654376268,2.546454111029384,0.057047146682473265,0.041823933435445076,0.521964348292611,0.26007507607506203,0.5164100187452189,0.3346005930583608,0.1191527012963932,1.0323964134268104,1.8388675221401698,0.04245175,3.118441,8,4.5
ds005286,sub-025,24,Cz,1000.0,-9.57583236694336,0.333,5.806359767913818,0.305,15.382192134857178,0.5076765566477345,30.0-100.0,-277.8937150732341,-612.835758534628,20.90550633302407,24.872691464609368,4.177686509228705,7.613017171059013,1.4209079851666238,0.22675128577021383,0.50391518019061,0.24542436078087237,0.49674573323493093,0.34480777320567774,0.16651111614519376,1.0359594084021775,1.7819132085736,0.052948177,2.7862568,8,4.5
ds005286,sub-025,25,Cz,1000.0,-16.56828498840332,0.35,-2.680164098739624,0.537,13.888120889663696,0.14493477453439743,30.0-100.0,-33.83433688382371,-241.42291640219747,14.19827940725989,9.042342018737116,0.9860751631521888,4.499143636583884,0.3057563886577023,0.4998569787848578,0.20197273670690774,0.0992716873248829,0.49600721451222607,0.3464208706955237,0.1373903100304486,1.0282688969244502,1.772650603694863,0.040947594,3.2091968,8,4.5
ds005286,sub-025,26,Cz,1000.0,-17.888999938964844,0.332,-4.195494651794434,0.532,13.69350528717041,0.07083458251954627,30.0-100.0,-172.08098389013412,-35.46494837425757,10.220935156819028,11.085667964753247,1.153348369335758,1.8735276400778318,0.10863382131141336,0.648383343187954,0.2701983439752422,0.14334792913717928,0.5013198632275586,0.297602094004165,0.13274158496305108,1.0295953651692107,1.8329945741327,0.04152047,2.9298873,8,4.5
ds005286,sub-025,27,Cz,1000.0,-2.989269495010376,0.157,17.077449798583984,0.3,20.06671929359436,0.043538602438830835,30.0-100.0,-67.4790639069341,-67.10489280996515,18.90820747739599,6.038086660429587,2.642692326176313,2.8856338997196804,0.07143179467130148,0.4545080581547524,0.166904734370745,0.2641437041451982,0.5092521362356467,0.31214927641635865,0.15130259894541617,1.027802384625554,1.7989693263212436,0.045772582,2.8331606,8,4.5
ds005286,sub-025,28,Cz,1000.0,-2.0746188163757324,0.35,7.759548187255859,0.3,9.834167003631592,0.08487193544307257,30.0-100.0,-37996.88901549703,12.88392462458147,61.12151828643087,22.599375869801776,6.856576848638706,1.8639808518607395,0.24221240194661856,0.6922598092608231,0.13156065411395243,0.09818674472019272,0.47089155743066385,0.3110972385098312,0.1414460991753714,1.0287240695991113,1.8423835376928726,0.042635936,2.8464808,8,4.5
ds005286,sub-025,29,Cz,1000.0,-10.432499885559082,0.35,0.9802706241607666,0.318,11.412770509719849,0.11644023878736771,30.0-100.0,-241.69982089826343,60.422617400961244,39.97725043259767,14.28885279961352,9.611599585589238,7.442958003838239,0.2640612777433384,0.42285594929289033,0.5844651919773703,0.1782699027602631,0.5000150184858413,0.3602609984348655,0.1779789456574697,1.035101131455753,1.8036550417754542,0.05327356,2.6338196,8,4.5
ds005286,sub-026,0,Cz,1000.0,-11.50933837890625,0.155,3.350621461868286,0.3,14.859959840774536,0.04956388706646029,30.0-100.0,-351.9719745137173,-1254.8117817178268,6.6788201856031,1.5611295297857657,0.7472616453943455,2.345487457823078,0.11866668549575822,0.3022812160302855,0.4343440192363228,0.11620851184241335,0.49464795179242976,0.29571026286932584,0.06612380237654365,1.0342070995897708,1.815195916259358,0.03173834,3.2786603,6,3.25
ds005286,sub-026,1,Cz,1000.0,-15.931790351867676,0.232,13.484622955322266,0.502,29.41641330718994,0.039063001063240226,30.0-100.0,-780.6365237386984,-63.11803809357621,14.401867175340387,9.053690915102434,7.968693673941456,1.1065618427559216,0.14282812191350341,0.6621627717713879,0.18840762845978615,0.3744860113061546,0.49774647766216196,0.28113610108515286,0.14932617514572802,1.0231861503148556,1.8862221758319437,0.045539655,2.5958314,7,3.25
ds005286,sub-026,2,Cz,1000.0,-17.88008689880371,0.171,20.51740264892578,0.368,38.39748954772949,0.1643656647324054,30.0-100.0,-103.12070095072252,-759.4726024350473,27.341259438771914,24.947813692421015,4.31676901934811,3.9645112538245093,0.218412703348063,0.27619082495531194,0.47949562780926086,0.3024449784422792,0.49189750587388614,0.29113679430572215,0.12425916427736414,1.0166561694596759,1.854641086309491,0.041534033,2.5912068,8,3.25
ds005286,sub-026,3,Cz,1000.0,-6.473750114440918,0.3,1.0557929277420044,0.372,7.529543042182922,0.08480302345684572,30.0-100.0,-105.64167810947656,-55.13837300322384,6.141119077388242,1.6018263706224207,1.2921472633056983,1.5737973008879544,0.15078579517440646,0.6271192653255744,0.26776305429992747,0.13980174688392394,0.49433725416708424,0.3522005966761504,0.10905332826644523,1.0242671585919938,1.8031935666225851,0.040165834,3.215524,8,3.25
ds005286,sub-026,4,Cz,1000.0,-19.452646255493164,0.219,4.8371076583862305,0.469,24.289753913879395,0.2461847337678356,30.0-100.0,-211.54541305886846,-70.19823496442727,10.094533882183452,16.025588726759217,0.13758636572781732,1.5772972803782013,0.3196548829220898,0.603438682910107,0.3755781118141424,0.31609946804050626,0.49600721451222607,0.2967522615232882,0.14599119765052873,1.0281123302127464,1.8375035959722923,0.045935214,2.929555,8,3.25
ds005286,sub-026,5,Cz,1000.0,-11.708696365356445,0.338,18.227344512939453,0.456,29.9360408782959,0.006460850769767784,30.0-100.0,-601.1715949113117,-895.4981777104538,4.25300997713959,17.661592407311236,1.991236481100288,1.939754726904776,0.035501553240364206,0.6030433377717883,0.6001184021481496,0.47893281937796656,0.48145235140831766,0.2803252334507789,0.14745698659084852,1.0185132493749969,1.874314457795167,0.043989208,2.6307812,7,3.25
ds005286,sub-026,6,Cz,1000.0,-8.57547664642334,0.264,18.70070457458496,0.467,27.2761812210083,0.014318170988137698,30.0-100.0,-407.9811774657019,-210.88164998388223,20.870786660519343,5.0105576245289924,1.1153313249647283,3.5535879185078016,0.1502137040180833,0.6705738429253217,0.6032326729543311,0.0983516551593512,0.48482080346578665,0.3235202463629795,0.15882786171420146,1.021361938508358,1.8168960568450978,0.047768544,2.6735785,8,3.25
ds005286,sub-026,7,Cz,1000.0,-22.001041412353516,0.302,19.327953338623047,0.47,41.32899475097656,0.08397269867804698,30.0-100.0,-528.887235545165,-103.34631236167797,15.087611402708468,24.299300868026954,9.318859542778936,4.833058754889734,0.11584091989182178,0.815359794604459,0.5531743597006528,0.14873929612068554,0.47063746645956517,0.2917869448756546,0.11697184766082462,1.0110294682786647,1.9252391175760875,0.037554022,2.6690738,9,3.25
ds005286,sub-026,8,Cz,1000.0,-22.695884704589844,0.332,2.473121166229248,0.386,25.169005870819092,0.09406837362750922,30.0-100.0,-4.717311266690329,-248.60694804352113,11.116500699956726,15.237683329015933,1.7300987746421812,2.868817281908254,0.11584323116482927,0.5581103525924548,0.5593704226496505,0.32191451104811286,0.4868529820414872,0.30256410109752974,0.13152269946572367,1.0281473226457685,1.8299934850531898,0.047981318,2.576298,7,3.25
ds005286,sub-026,9,Cz,1000.0,-19.570026397705078,0.283,24.43055534362793,0.415,44.00058174133301,0.031343087236464104,30.0-100.0,-719.3507100883647,-220.31211159662814,26.163116014757904,18.254081628695705,1.7880103266596397,2.672166781671569,0.07132032491063267,0.6348912973588415,0.3352523344635558,0.777343860201921,0.4876333243960517,0.25410058905242733,0.07948920428506867,1.0209113357379038,1.8841712260375545,0.029849036,3.709819,8,3.25
ds005286,sub-026,10,Cz,1000.0,-30.5872745513916,0.243,20.997129440307617,0.438,51.58440399169922,0.3891738079352467,30.0-100.0,-210.3506503847225,-1104.0371656010227,54.68875321907949,25.26249975528357,5.587045148792331,2.8120382140069107,0.49425021506386024,0.2146485341611976,0.6357189306166423,0.4216676729226027,0.4722431682501337,0.26526107835393237,0.08839933450517454,1.0169994202934738,1.8688058485962893,0.034171358,3.1958737,8,3.25
ds005286,sub-026,11,Cz,1000.0,-8.769432067871094,0.237,6.767014026641846,0.437,15.53644609451294,0.008689674392698276,30.0-100.0,85.42783847943156,-66.44865577818419,10.511168629162583,3.860326771201622,0.9678642241724589,2.601326696500265,0.11313490162846324,0.3930973333500501,0.49337699913556093,0.10762256248689048,0.4894056098682117,0.27113331194206064,0.13713583886058167,1.0212556951588225,1.7969491437010143,0.04615328,2.3809755,7,3.25
ds005286,sub-026,12,Cz,1000.0,-7.3424177169799805,0.283,18.504322052001953,0.478,25.846739768981934,0.031976774969186814,30.0-100.0,42.99835035486031,-180.50048018906105,3.914166237749614,0.662106255712308,1.110569916078438,4.935767059188573,0.07762729607800392,0.41914848702563295,0.41525766131245434,0.1644071430231369,0.5004135414266923,0.39204841035416205,0.20572785501666144,1.0264855754105227,1.7766283245392538,0.06139656,2.0849798,9,3.25
ds005286,sub-026,13,Cz,1000.0,-30.462297439575195,0.25,16.671789169311523,0.425,47.13408660888672,0.4364203353369285,30.0-100.0,-349.645516781281,-448.9405261929407,61.065989249819,25.89662067104259,2.5082058402462626,6.496824696246579,0.5887311312858139,0.2720690022551386,0.42569745308254603,0.12001631231904601,0.5123902111743599,0.2923115176517745,0.08328120229204666,1.0344692589081692,1.791430308611031,0.03783564,3.5189927,8,3.25
ds005286,sub-026,14,Cz,1000.0,-18.130239486694336,0.238,19.41394805908203,0.311,37.54418754577637,0.16319886226154579,30.0-100.0,-1362.66404303582,-88.13936152631354,23.88980941687784,14.323367130478532,4.365928958973265,2.952807676977375,0.24466879931273125,0.18794457554561525,0.6522072038713318,0.36769847084335944,0.4921753284632065,0.3117475290507578,0.14676783909799004,1.0267140571675608,1.8811261781722313,0.046005048,2.575535,9,3.25
ds005286,sub-026,15,Cz,1000.0,-5.534989833831787,0.195,22.366132736206055,0.46,27.901122570037842,0.02824226432191874,30.0-100.0,-468.96327734850036,10.881666359459391,2.8166421642578667,17.453792754076954,0.6218663397163449,2.1542525384058306,0.07082244498299448,0.44789119781635345,0.33401592209165204,0.3711313313567005,0.5049136343875782,0.32584475090268655,0.13098061493998905,1.0259767507523658,1.8641949643373081,0.042808823,2.7968817,9,3.25
ds005286,sub-026,16,Cz,1000.0,-11.50070571899414,0.336,-2.5836801528930664,0.511,8.917025566101074,0.05081049936445607,30.0-100.0,74.32399142056586,4.459469162642925,2.2176024519510724,0.7561185086077774,0.4600832749418626,1.5425460121607808,0.11594768717607848,0.1245149311913744,0.4378093600320398,0.46086722034499716,0.5101740570117682,0.37413509576883636,0.15908685692138008,1.034812230338191,1.8071771325584622,0.048626386,2.874147,8,3.25
ds005286,sub-026,17,Cz,1000.0,-19.35934066772461,0.34,37.46955490112305,0.517,56.828895568847656,0.0690327600855193,30.0-100.0,-309.66107991560705,-116.32340941211119,23.676521902475983,28.814997445465323,2.4039567376876643,1.6986577917349324,0.06886431462077314,0.46084989975003016,0.4387667846908107,0.23371293346509736,0.48303231691607484,0.26845904873212945,0.07702848669685643,1.01479755926712,1.9328162629870838,0.031700663,2.6376414,9,3.25
ds005286,sub-026,18,Cz,1000.0,-11.551163673400879,0.346,25.496875762939453,0.522,37.04803943634033,0.1580572528060379,30.0-100.0,-72.98551994075557,-58.47383467280585,9.44218968974631,3.8440430931722145,0.7365205212517927,1.583082419504865,0.26176766041860244,0.5317274762867576,0.637866421365224,0.12403093681015606,0.5008910202256819,0.2345884487536287,0.08733729333671278,1.0218176171727762,1.9229737391566555,0.034285657,3.2665067,8,3.25
ds005286,sub-026,19,Cz,1000.0,-20.17828369140625,0.235,17.27245330810547,0.468,37.45073699951172,0.026308155345134476,30.0-100.0,-59.775691720270096,-151.9929647495685,29.709497381923725,10.758965182119148,0.7989519212671972,4.254608089466074,0.16787157888481472,0.2201451022225154,0.6899004614580934,0.07851096463140426,0.507026769379452,0.33648151699618006,0.12801603910545614,1.0298767608419712,1.7733319919559336,0.045587514,2.9626627,6,3.25
ds005286,sub-026,20,Cz,1000.0,-4.491765022277832,0.202,9.630239486694336,0.361,14.122004508972168,0.08476358034102849,30.0-100.0,-476.1607454023844,-12.7818466025133,10.056703125067742,5.724998081431668,1.417977448044289,1.452749260142032,0.13413932696573608,0.5707125376329018,0.5917062006113838,0.18715733319673764,0.49173728986204446,0.3101435665929226,0.09117205440124157,1.027547292048009,1.7864808839025654,0.04060611,2.8751268,8,3.25
ds005286,sub-026,21,Cz,1000.0,-11.670321464538574,0.35,14.068269729614258,0.536,25.738591194152832,0.2364473906752854,30.0-100.0,-641.3039360591713,-278.88626532187493,5.603614843116617,4.076018383712005,0.8096611178940059,3.6579559781442867,0.34253690302082407,0.2946284766296813,0.5172140593972425,0.2645691501557505,0.5049958827172183,0.29912177603510265,0.12814926559760473,1.0311837992669484,1.8120588837799965,0.042058285,3.3014245,9,3.25
ds005286,sub-026,22,Cz,1000.0,-9.92055892944336,0.283,17.741960525512695,0.368,27.662519454956055,0.014030418014057341,30.0-100.0,-102.65917198209955,-749.9346128789052,4.527821657263346,9.079036516831003,1.0056546274221163,2.882420958808471,0.21396685141094882,0.3551538413774733,0.46670751793309495,0.15948089514007815,0.5111654180037241,0.2884331337298686,0.18083951337110277,1.0320573186935849,1.78516718558963,0.056365047,2.482778,6,3.25
ds005286,sub-026,23,Cz,1000.0,-6.574699401855469,0.35,12.495588302612305,0.502,19.070287704467773,0.03464973433910419,30.0-100.0,78.97847700896993,-91.96612062090557,6.978996321310875,8.848413246188654,1.4662788922461236,1.8318000411848383,0.0636921242118515,0.6765929474189701,0.24378611162579383,0.12769630642383176,0.48949475790053776,0.291640604570292,0.121259895498815,1.024779648537133,1.8338296292737728,0.03874941,3.2770238,5,3.25
ds005286,sub-026,24,Cz,1000.0,-13.136377334594727,0.257,5.270660877227783,0.372,18.40703821182251,0.01456042105829004,30.0-100.0,-218.25405718829956,-101.0337590488197,4.4632534869635405,3.5669909465590797,2.8955707539464193,2.8631372923045912,0.041604566094491924,0.5456001174376848,0.6735834391407179,0.3612079364437044,0.4977983397201221,0.39837397069025166,0.190579198228188,1.0232189753477485,1.7959138026578072,0.063586295,1.974282,7,3.25
ds005286,sub-026,25,Cz,1000.0,-7.891933917999268,0.284,23.1656551361084,0.516,31.057589054107666,0.18495484219901923,30.0-100.0,-349.3147844258215,-182.34516353402245,4.2391472995347375,2.4742928481393074,1.0851978362598902,1.716188637831235,0.3729946557166883,0.5997591969506149,0.4449451208156493,0.3312215950811635,0.5098307146150184,0.32554164906216515,0.1085674684949859,1.0379225939303545,1.7782816738920275,0.038437087,3.6015358,8,3.25
ds005286,sub-026,26,Cz,1000.0,-17.9435977935791,0.32,21.33930206298828,0.486,39.28289985656738,0.014093413791372005,30.0-100.0,-19042.0877273639,-304.7557228304913,11.294778523249313,16.29895031386025,2.145398172501322,1.7229053031624222,0.11978894014542465,0.3108403176370609,0.4570379424141195,0.3026352346360054,0.4997229171118219,0.2510148816298303,0.08358225328969367,1.025652125844484,1.9122906140599276,0.030068884,3.5848851,7,3.25
ds005286,sub-026,27,Cz,1000.0,-7.122272491455078,0.232,14.344959259033203,0.523,21.46723175048828,0.059184889048036475,30.0-100.0,-281.87355395226035,34.809179433667126,6.715417040571917,1.8762240266958694,0.9643189385781408,1.214026264664402,0.15975221240339502,0.27603105715109666,0.360060727265693,0.7134317365526085,0.5048368694053118,0.30199233593290864,0.11204896842145654,1.032367071482663,1.8049518054252138,0.03582074,3.7842572,6,3.25
ds005286,sub-026,28,Cz,1000.0,-6.927319049835205,0.23,3.5602078437805176,0.306,10.487526893615723,0.006637418613884866,30.0-100.0,-39.79595859944466,-186.20900469139508,0.8193600786380577,2.175104207918461,1.0483653907902895,1.1270346055913316,0.023214020909948636,0.5949171191226721,0.49593844093602063,0.26479409712321006,0.49567723867759966,0.36400140512172297,0.2847615263529549,1.0326593684640126,1.7689875369597654,0.074153125,1.5866568,6,3.25
ds005286,sub-026,29,Cz,1000.0,-13.696746826171875,0.194,27.0391845703125,0.414,40.735931396484375,0.29048901406879574,30.0-100.0,-414.72754359544285,-299.91930625867195,33.36590799719062,5.757671879081428,0.7837134910608893,8.536821398697997,0.2990188277689984,0.5584694233136651,0.13589648954454922,0.4472425279577223,0.49048622252781365,0.27968930983476087,0.0848542438701967,1.020141125938416,1.840902871057497,0.034053292,3.541762,7,3.25
ds005286,sub-027,0,Cz,1000.0,-8.764585494995117,0.273,-0.6432352066040039,0.491,8.121350288391113,0.018347054622005834,30.0-100.0,21.622513096145497,-71.56865984858337,1.2508764052629204,1.5900702309793688,1.215113618397686,2.822638368368413,0.03273935746876002,0.2571725761346738,0.5560865742019594,0.37102120556000506,0.5051830728965515,0.4192324147827229,0.27167727740710007,1.0376797315764816,1.683325780122717,0.074852884,1.9373233,2,4.5
ds005286,sub-027,1,Cz,1000.0,-10.00761604309082,0.32,1.0296579599380493,0.3,11.03727400302887,0.04636911224407075,30.0-100.0,-102.43117027901516,-102.38380338846476,2.2444230205607862,1.6625212809354162,0.5572459988138914,2.9118736414083757,0.07752594512955889,0.29140870769720584,0.13766747742496677,0.10520874005659825,0.5072041707978528,0.4313237554517914,0.277816261336253,1.0355225639121326,1.6964428368926312,0.077602245,1.8893619,5,4.5
ds005286,sub-027,2,Cz,1000.0,-7.902715682983398,0.244,3.5682592391967773,0.503,11.470974922180176,0.01157203843794438,30.0-100.0,86.12278789290086,2.662236439719071,2.582856738210121,2.8627127838981545,0.26566029157278664,1.0503896602019087,0.06891399145513068,0.7509780254088214,0.2622343806819559,0.39921852129831065,0.5072456087096383,0.2864198570290968,0.22067958189139916,1.0440259022676284,1.686806507821262,0.07056874,2.1312013,3,4.5
ds005286,sub-027,3,Cz,1000.0,-3.6040849685668945,0.18,6.562414169311523,0.33,10.166499137878418,0.01241385114254714,30.0-100.0,32.46139034439705,-96.49633277068281,1.4926578506380814,0.9078427603453827,1.0578839085607497,3.0410557553238258,0.020160697312219575,0.33749821238135863,0.2608869106526982,0.29781386716517644,0.5154727020302717,0.42280002572170805,0.3887086062417509,1.0342468188473135,1.6546136663856488,0.09864123,1.5284418,4,4.5
ds005286,sub-027,4,Cz,1000.0,-10.168757438659668,0.311,3.5317189693450928,0.457,13.70047640800476,0.011183825970131593,30.0-100.0,-8.458966668414154,-19.428829228565274,9.264254014314742,0.9216998148705399,0.9196161165353858,2.1596816756021435,0.07256821355178615,0.44125839839474984,0.14447822666158022,0.3278346778191292,0.5091216899999833,0.3981553482115344,0.25081403412439074,1.035933498624267,1.6908734226765993,0.0674419,2.176066,5,4.5
ds005286,sub-027,5,Cz,1000.0,-4.363760471343994,0.227,6.074554920196533,0.308,10.438315391540527,0.03964662337185047,30.0-100.0,-145.30010010160618,-7.257664266549262,6.62122820643553,2.8522639110535537,0.2846775388347189,1.6177299026230327,0.07204132347537383,0.47924438064287067,0.11688026817203503,0.09546059800501588,0.513241368380456,0.35342094172654254,0.2804981196733772,1.0428697109161207,1.6671477198171383,0.07236553,2.179917,0,4.5
ds005286,sub-027,6,Cz,1000.0,-7.518746376037598,0.156,7.792548179626465,0.542,15.311294555664062,0.06633993570991535,30.0-100.0,32.67454558632992,11.015317771967874,6.591822542704964,0.9098258386309216,0.4538466676358508,2.6560480955504415,0.1559333813286522,0.1883043155422673,0.5937023693506204,0.5670755010004803,0.5143582967916507,0.31301860925957337,0.15824798064386614,1.0344823296278018,1.703953402441015,0.05056075,2.9851372,5,4.5
ds005286,sub-027,7,Cz,1000.0,-14.596431732177734,0.25,3.2480506896972656,0.524,17.844482421875,0.04122687409310231,30.0-100.0,-327.33362687639504,-52.7633581280172,10.52828872375827,2.0228752351627493,0.5396016760750959,5.439064319717898,0.12518235056725197,0.31834081565920963,0.1515585222696515,0.2543836604123297,0.5168485843694237,0.4154827012703785,0.22887356782151366,1.0399569954573569,1.6535950210428219,0.06799002,2.2421234,6,4.5
ds005286,sub-027,8,Cz,1000.0,-8.96904182434082,0.151,10.378944396972656,0.365,19.347986221313477,0.05502665904463841,30.0-100.0,10.574297327457941,-26.384860844218082,18.664649006529203,1.849965038363068,0.9508549290544849,1.3609388781159488,0.08899077911723761,0.362510440003435,0.04494765480365763,0.0635610557336456,0.5001019614409573,0.35402629743054076,0.1462893210582765,1.033041612882704,1.7733300761664799,0.04329887,3.3559484,6,4.5
ds005286,sub-027,9,Cz,1000.0,-3.9224343299865723,0.255,6.081457614898682,0.341,10.003891944885254,0.09107412632080304,30.0-100.0,-3003.5587504938544,-64.6973113848408,2.2450146346986624,3.0152763298957646,0.9730777452047603,4.427051537574064,0.26097724581636034,0.4522667570405137,0.31242656991294177,0.3080517161145612,0.5162780015658526,0.4192623527860424,0.3823517848970269,1.043941594492275,1.610906748259101,0.10822699,1.5124776,3,4.5
ds005286,sub-027,10,Cz,1000.0,-8.799643516540527,0.339,9.719581604003906,0.479,18.519225120544434,0.06892558247131222,30.0-100.0,76.23153165047863,-94.80068652236014,4.296546770915075,2.9387750087117777,0.18717097190852688,2.1747062923376355,0.051119392954047216,0.29120252831714827,0.4235788386237767,0.31996128628070614,0.49596709782183057,0.33280486834346695,0.17147470897837044,1.0329321824782443,1.7704224687390229,0.052104432,2.6609015,5,4.5
ds005286,sub-027,11,Cz,1000.0,-7.049272060394287,0.341,6.047753810882568,0.404,13.097025871276855,0.03300348448607202,30.0-100.0,-519.2892099240308,35.5256467397984,8.749904166845052,1.794951638159291,0.22033611922364651,2.860470043369191,0.06320658680830567,0.43366921188120666,0.2353286987226788,0.19346682657101086,0.5124035188224211,0.38009328206904436,0.2013364845642129,1.0332735199578265,1.7130273417021973,0.06056515,2.4529257,6,4.5
ds005286,sub-027,12,Cz,1000.0,-13.073193550109863,0.169,14.655779838562012,0.417,27.728973388671875,0.08971947222129997,30.0-100.0,1.2470045751293708,-6.690306721000697,21.550266380183043,2.080763153707015,1.478909420781871,3.5025708565486378,0.11374873704952228,0.23252066450861922,0.24030916607436348,0.4802285392713344,0.501426351045583,0.307397166566969,0.15267638276099588,1.0295701065644365,1.7353455027016904,0.046911016,2.957755,5,4.5
ds005286,sub-027,13,Cz,1000.0,-8.69401741027832,0.348,1.2442771196365356,0.55,9.938294529914856,0.25330493057527087,30.0-100.0,-2435.0689805638476,47.57527576087813,6.035146385133597,1.2841318608918015,0.45583412034662396,1.4515680805692133,0.30451322908776807,0.20742278788463855,0.330438134516091,0.11508350919620133,0.5208230076744298,0.3818773970716831,0.21528888162395596,1.0414409928029102,1.6935555739290722,0.067243315,2.3242397,4,4.5
ds005286,sub-027,14,Cz,1000.0,-7.427075386047363,0.171,3.3678643703460693,0.55,10.794939756393433,0.013540503814823055,30.0-100.0,-137491.18166938794,28.288386463506587,1.9324427836478484,1.1508821713408406,1.1872772239024574,3.4030216552738874,0.03246754568359086,0.19004616597367513,0.4801836460910562,0.1857170524592721,0.5101137968882832,0.4154955748951083,0.2795059001990465,1.038235250732628,1.6529730295517444,0.08300198,1.8094499,5,4.5
ds005286,sub-027,15,Cz,1000.0,-19.011905670166016,0.172,12.60458755493164,0.44,31.616493225097656,0.10419134477174916,30.0-100.0,-1156.0407845624075,59.80566464849668,39.216974070016605,5.967860613493755,1.4336091795983772,3.405812958236804,0.06533132713650529,0.39461196531803094,0.32228809469194825,0.24226723246007698,0.5090740383305437,0.3119522648473506,0.1290564889764632,1.0309590597563885,1.7619180571517172,0.043246068,3.2335756,5,4.5
ds005286,sub-027,16,Cz,1000.0,-10.746221542358398,0.16,11.270283699035645,0.353,22.016505241394043,0.1282403267162083,30.0-100.0,8.952985599901025,-276.4754155553828,22.858307443633592,1.8761324366507068,0.8087825116915386,1.4064237082606543,0.20669769703169905,0.4338094042979402,0.34423064362844585,0.33779919616880777,0.5073782876216585,0.3063468208596643,0.11171298050590935,1.027977052740467,1.8007114788654703,0.03707003,3.6244469,6,4.5
ds005286,sub-027,17,Cz,1000.0,-1.0511841773986816,0.213,13.37306022644043,0.406,14.424244403839111,0.05030960811944915,30.0-100.0,51.58845001000893,-83.10931338427933,5.973131820708348,1.777246974813819,1.2324550142563404,0.9727322669094065,0.1039796150933507,0.30849968828713425,0.34673779372050195,0.22165972920148289,0.5160507189873955,0.33316556603645975,0.21510195014702307,1.042692257803181,1.6734103273742105,0.06260219,2.4905212,5,4.5
ds005286,sub-027,18,Cz,1000.0,-9.634073257446289,0.184,6.342168807983398,0.426,15.976242065429688,0.05139239686542137,30.0-100.0,90.6129108108073,-91.3445286239515,3.114917302105191,2.0462891436311166,0.1982722832479169,1.8911559639145077,0.09019261921057223,0.5106551345264814,0.30522000711225056,0.6013362408357694,0.5052380152260179,0.3315596609763534,0.19135600510854214,1.035129052417424,1.7578161342694107,0.06138408,2.382856,3,4.5
ds005286,sub-027,19,Cz,1000.0,-3.383676528930664,0.21,6.806393146514893,0.437,10.190069675445557,0.003139461619080779,30.0-100.0,-9355.796082788345,-133.6874843706931,0.9568612795161883,0.9055106459261968,0.1778400024516997,1.1470700003264616,0.023886194789190282,0.2792347985169875,0.488970024769976,0.4620770469243511,0.5119680575259032,0.37038301404316604,0.2326332352501922,1.0384151670942259,1.7531464266624337,0.06292177,2.2732449,4,4.5
ds005286,sub-027,20,Cz,1000.0,-3.783148765563965,0.17,12.567472457885742,0.348,16.350621223449707,0.15588996164353922,30.0-100.0,35.47833188663884,-60.657896616645814,11.445290505158384,1.5077040872880805,0.5480986539187624,1.6702616320598402,0.2063914372585399,0.6124611627957524,0.18584310396018366,0.390408118370424,0.5152695296018751,0.3486360140197126,0.1586056937574334,1.0398545902964844,1.7227890326690778,0.04627464,3.406128,6,4.5
ds005286,sub-027,21,Cz,1000.0,-22.778322219848633,0.15,15.580154418945312,0.313,38.358476638793945,0.07603826190758063,30.0-100.0,-1135.884020864773,86.98304690981098,58.432533526658744,8.622521830187257,1.6377174960124767,1.8642596377434,0.1372013384079786,0.370758072068391,0.30524938770036814,0.2623569673705338,0.5026755398148975,0.2534206863059755,0.14508004286561066,1.0314866099882891,1.7774898851560055,0.04580884,3.146079,6,4.5
ds005286,sub-027,22,Cz,1000.0,-16.083311080932617,0.172,7.014455795288086,0.545,23.097766876220703,0.005141193191035554,30.0-100.0,-473.4166909307433,90.86690271593397,24.031587234480135,2.4930926724094133,1.424300187700464,1.7957131861069229,0.011093093775107732,0.4400108132595062,0.19189063107722956,0.28310636411880563,0.4816937110211671,0.3340823911506002,0.16628169834648282,1.0226774562118326,1.7059762659126545,0.04565235,2.8433335,7,4.5
ds005286,sub-027,23,Cz,1000.0,-8.061681747436523,0.159,12.601963996887207,0.41,20.66364574432373,0.027672272547864307,30.0-100.0,57.406688834337,75.04081973265508,15.342541460720998,2.6552691708394347,0.9596024647140073,2.0446885153899315,0.2279940886258082,0.22230825637438997,0.1610794987673911,0.17623453046277768,0.5040547885418726,0.37547159087744864,0.18747042836085342,1.0376355734785327,1.731529587166446,0.053106673,2.7739806,6,4.5
ds005286,sub-027,24,Cz,1000.0,-13.88490104675293,0.279,12.584311485290527,0.524,26.469212532043457,0.01798123094990193,30.0-100.0,-4533.935159396358,-14.127630934776308,17.528280698498925,11.094235156669995,2.667981647492514,1.7200145729870162,0.11968180577064198,0.3585002338455625,0.6539410390844891,0.1683723204270872,0.5049524122822839,0.31756779861477746,0.14823053208474585,1.0390537172929246,1.733130133357846,0.045457978,3.2010305,6,4.5
ds005286,sub-027,25,Cz,1000.0,-5.296879768371582,0.291,7.405454635620117,0.394,12.7023344039917,0.05510655693808296,30.0-100.0,-93.66780155152021,10.809994373838688,2.272993425417952,1.7169594235478436,0.2648883171536681,1.9780292788667238,0.09795518112443345,0.26745311717532744,0.3523953924714483,0.05130587467464824,0.4951521433442582,0.37996003968450004,0.27509411092226294,1.0316808359247347,1.7206379675724555,0.069744356,2.1093307,5,4.5
ds005286,sub-027,26,Cz,1000.0,-5.528445243835449,0.258,4.753072738647461,0.343,10.28151798248291,0.037406642126541746,30.0-100.0,-217.19440513790684,-413.1381205575623,0.5762607487669,3.441035549066439,0.09127575118553624,0.8192318114353867,0.08454379264296254,0.652888583275964,0.24236234562553652,0.19194213908148366,0.5237290477237305,0.34192764212469395,0.22269016874871814,1.0349564745571433,1.7768873551367939,0.06631531,2.269759,6,4.5
ds005286,sub-027,27,Cz,1000.0,-11.742779731750488,0.197,10.183216094970703,0.541,21.92599582672119,0.10823445371954976,30.0-100.0,-116.94503982825833,30.49255369217448,10.291408619261475,2.1312482216778923,1.7372741881803453,1.6490264933196601,0.18251550715441264,0.4182223675512781,0.13753040115440066,0.17106942500254282,0.49111791389164067,0.40296379986347636,0.16375978096065616,1.0282325194164437,1.735803761566081,0.051869143,2.657864,7,4.5
ds005286,sub-027,28,Cz,1000.0,-11.360868453979492,0.235,2.3970987796783447,0.445,13.757967233657837,0.010810494800306561,30.0-100.0,-185.80038882723176,23.424349948067814,3.254648054082703,1.4157390157866818,1.9680894704558343,1.986835536430202,0.12916952960527447,0.47482309608522094,0.11408097054020024,0.3441606903001949,0.5100848202599091,0.4224655499299366,0.2917687963055362,1.0413279964637214,1.6442962344997365,0.07379091,2.0605693,4,4.5
ds005286,sub-027,29,Cz,1000.0,-13.070425987243652,0.172,6.898196697235107,0.414,19.96862268447876,0.23448489202751738,30.0-100.0,-5927.167592904874,-4.1609828387224885,7.078338277988243,2.74207146133355,1.4177738098669528,2.0167079023380126,0.3209923183421531,0.19056635316616932,0.377102339121741,0.12178081819283418,0.510189572978351,0.3864419762685977,0.22694630671787244,1.0415189098820279,1.683183535086584,0.06622653,2.2627943,6,4.5
ds005286,sub-028,0,Cz,1000.0,2.5555169582366943,0.185,22.238706588745117,0.3,19.683189630508423,0.028574606167019963,30.0-100.0,-220.40591241572534,26.842676169690655,20.11042350404932,4.050821925903135,0.7927768494722979,1.016312569264037,0.14030739700963807,0.36025409030540473,0.7381182650697201,0.22475281712407333,0.5026393955125527,0.26250941545507966,0.09615542427115827,1.0323485578237466,1.7997559949012025,0.031601958,4.4508066,6,4.25
ds005286,sub-028,1,Cz,1000.0,-10.071502685546875,0.15,13.395718574523926,0.315,23.4672212600708,0.017199167949786445,30.0-100.0,-225.7757496327326,-24.926529589816703,28.41363498293996,6.438090653054326,0.511933287624249,0.6409358475088546,0.07395592253028158,0.5079708408725531,0.3936111403270565,0.3269811835350626,0.4981846320554067,0.1983588071372853,0.09617620295109391,1.0252138095025627,1.8658309855624486,0.032275707,3.8251154,7,4.25
ds005286,sub-028,2,Cz,1000.0,-3.3979439735412598,0.15,9.178918838500977,0.412,12.576862812042236,0.004759871982129811,30.0-100.0,20.196341387817256,-94.32307503527205,45.21517483693249,14.052120615189665,0.9728344973925085,1.1826244988618266,0.025058573950190725,0.19393309292889568,0.8982502392203268,0.5715583691632481,0.4881967808676022,0.26806331908790154,0.09320239799636142,1.0235275766110248,1.8301994423225805,0.031603098,3.9429474,8,4.25
ds005286,sub-028,3,Cz,1000.0,-4.334772109985352,0.15,12.12728214263916,0.3,16.46205425262451,0.025399533122461595,30.0-100.0,-887.741040001882,30.75874732506798,37.903052191358555,10.856615584116268,0.5184171553887221,0.7841661872216122,0.03872603415391101,0.5660411409835946,0.49299339921865165,0.32248472068584216,0.5008183664829304,0.248579987991174,0.10130668759225325,1.028612034444016,1.849693903025219,0.034476347,3.8199997,9,4.25
ds005286,sub-028,4,Cz,1000.0,-10.731555938720703,0.15,5.8965535163879395,0.352,16.628109455108643,0.031683328829733216,30.0-100.0,-979.1782978488403,-205.44518328640962,22.36030210268484,10.693591919114665,3.9594168800624967,0.8165728751483159,0.07030485396436056,0.5052043580200904,0.4680818474463433,0.38378655269301654,0.5019126653619866,0.2646103344281362,0.0952283500919106,1.0192911350767935,1.9410194248678139,0.039583,2.711907,9,4.25
ds005286,sub-028,5,Cz,1000.0,-10.223691940307617,0.15,21.464370727539062,0.323,31.68806266784668,0.055630196184542686,30.0-100.0,-5510.375404761753,-144.19844454773792,30.030912088104145,11.162102950135294,1.7468734467598497,2.235565284943078,0.154542198782944,0.4628041085738624,0.28964816601206506,0.49319615350062784,0.49282477094816,0.2722335042181465,0.12040230749997832,1.0238502109901,1.8960709322200227,0.038775228,3.2293358,9,4.25
ds005286,sub-028,6,Cz,1000.0,-14.29279899597168,0.182,3.2190680503845215,0.3,17.5118670463562,0.0053505384079664976,30.0-100.0,-651.9234951880327,50.475606016810424,11.486991264182375,8.490298881911809,0.9362151583741429,2.3427875309388724,0.024631029825557878,0.6883123646741016,0.38790457860296135,0.23591996867434714,0.48135221746226997,0.3056652545181535,0.15888328110813038,1.0215397154272172,1.750780423396414,0.052813705,2.3092792,7,4.25
ds005286,sub-028,7,Cz,1000.0,-17.557260513305664,0.151,8.678008079528809,0.303,26.235268592834473,0.04109269984768814,30.0-100.0,-13265.929433475972,-677.4993959938839,33.94616536638978,11.880278984264582,0.5429009188557834,1.5967611355767,0.11778869552401766,0.4463681026816663,0.7801595862169263,0.3137183432466024,0.5109046557161165,0.20852389400758842,0.07290323769600217,1.0269624799789023,1.8938746593607776,0.033317644,3.780882,7,4.25
ds005286,sub-028,8,Cz,1000.0,-10.844585418701172,0.179,14.170642852783203,0.339,25.015228271484375,0.00875458828162135,30.0-100.0,68.81288364849739,-47.53437107651895,19.231358590586467,1.6294019038351744,0.9739409044765337,1.5928056525205008,0.028936040854736014,0.38433074356472047,0.4399142304671315,0.0007806998990430285,0.49446759787895855,0.30312575653838486,0.11436849604269038,1.0190084883538293,1.8060815740874694,0.03826565,3.1871448,8,4.25
ds005286,sub-028,9,Cz,1000.0,-8.852819442749023,0.15,4.677113056182861,0.354,13.529932498931885,0.0291268442902422,30.0-100.0,-872.9670412545331,-97.93304418965837,11.138898551001002,4.426464256515249,0.6246299345405992,1.100947682463567,0.07545602084981627,0.6788047802609088,0.5292351513634945,0.30910807961751874,0.5012261777749014,0.28121444475405544,0.16981352137846228,1.0249692513854196,1.812214856675175,0.048785638,2.5530663,6,4.25
ds005286,sub-028,10,Cz,1000.0,-15.226428031921387,0.15,12.21733283996582,0.376,27.443760871887207,0.04243804167708327,30.0-100.0,-68.09823950575378,-26.21347714934072,17.819171211166466,3.3015272064293653,0.850010377982348,2.1379746695139037,0.10864243322716569,0.5533114659289416,0.1445091855850771,0.3452730877132214,0.5113410318024824,0.32401686773595323,0.14794447837620303,1.0353545361159793,1.7392320625599975,0.048598934,2.8947637,5,4.25
ds005286,sub-028,11,Cz,1000.0,-11.71070671081543,0.15,8.661735534667969,0.332,20.3724422454834,0.03152569532901375,30.0-100.0,-576.0443556082971,29.82067878273063,25.743796743378127,4.286124161160349,3.388019169078153,1.3602546991968525,0.08214390514895104,0.4730501794386891,0.3176452263349025,0.17987756700044222,0.4960317968922874,0.30537608278180634,0.13583096140700954,1.0311355568177512,1.8104481525092169,0.044106025,3.1019711,9,4.25
ds005286,sub-028,12,Cz,1000.0,-3.431220054626465,0.154,17.656959533691406,0.371,21.08817958831787,0.019004099665690808,30.0-100.0,-59.24595167300228,-653.907722184358,27.666589925344724,0.9163750064756706,0.32403009977774677,2.286243104643615,0.06785844485998392,0.4927074736152169,0.15053598221819245,0.32414876127963654,0.5182235707947686,0.3227267232668448,0.08936297299165674,1.0326807418682635,1.786601543279064,0.03389825,4.270516,9,4.25
ds005286,sub-028,13,Cz,1000.0,-7.217083930969238,0.224,0.171616792678833,0.543,7.388700723648071,0.021566831420013755,30.0-100.0,44.11937380181135,-52.86549591663475,1.7812113783071095,0.7937615871694057,0.8448374092777352,1.29210470362125,0.04854017620159275,0.4640086968259288,0.32158201259353125,0.6686768156393008,0.5051920292184154,0.39357531274513696,0.1988107992214205,1.0287082929678972,1.7977969808849603,0.060480304,2.2288625,3,4.25
ds005286,sub-028,14,Cz,1000.0,-7.720810413360596,0.15,1.3100996017456055,0.395,9.030910015106201,0.04791560726902913,30.0-100.0,-210.73046299027655,56.74084178128444,3.2766799418696024,0.7576675678331499,0.8597674631781373,0.5200266100044519,0.05586146266647212,0.19250663545422506,0.4695220768027742,0.5791063130641789,0.5052453903102969,0.37433370572968516,0.20780292269535414,1.0365014810138997,1.72257704924035,0.06268341,2.3719347,5,4.25
ds005286,sub-028,15,Cz,1000.0,-0.6408510208129883,0.15,11.989066123962402,0.3,12.62991714477539,0.047791348636756076,30.0-100.0,74.71148713523719,-370.59018385100717,16.921298485352644,1.3861534796597292,0.7881400248782089,1.9038177439560497,0.05518660458805455,0.3350697783417418,0.6053534045723861,0.2640253002980528,0.5053103073335143,0.3184487870364825,0.14190440916767327,1.0253517267426906,1.8094087715555895,0.040455684,3.2075303,7,4.25
ds005286,sub-028,16,Cz,1000.0,-6.4062910079956055,0.25,13.905033111572266,0.334,20.31132411956787,0.022557494075525528,30.0-100.0,-791.1805648766641,-16.91744675996114,7.118368783880947,6.8925591340737125,0.5913815904536868,1.3111424937298504,0.06959071031348159,0.19857517689168047,0.7777360368823482,0.38907508888203607,0.49667651521505785,0.29272716742097293,0.09593846147468023,1.0284049190235,1.8058113722392564,0.03583923,3.5461006,6,4.25
ds005286,sub-028,17,Cz,1000.0,-5.750655651092529,0.341,4.416017532348633,0.3,10.166673183441162,0.004328082405523631,30.0-100.0,-89.1117646343984,-380.6308637773675,3.696220101050611,2.030644842840061,1.147611755112829,1.412527782601675,0.018977988855388102,0.4287547247485845,0.47025206555135496,0.15106903825235682,0.4963072657435464,0.35799250334619415,0.13591394158866812,1.0270374468486285,1.786215971964356,0.045882307,2.922346,2,4.25
ds005286,sub-028,18,Cz,1000.0,-3.5749428272247314,0.161,7.35228157043457,0.3,10.927224397659302,0.003445923700188541,30.0-100.0,76.9805669726913,-266.8510988422938,4.144860557657765,4.569386271604819,1.0693877869255664,1.3846256124159604,0.03174791798179218,0.4107633224785402,0.353166493792454,0.2814404124645443,0.4835188208736851,0.3098577582605609,0.12869378927528002,1.023099350502644,1.8315619716944072,0.043884043,2.7272267,6,4.25
ds005286,sub-028,19,Cz,1000.0,-11.774702072143555,0.167,6.4787821769714355,0.433,18.25348424911499,0.01661871869776141,30.0-100.0,18.88049325373655,-389.87698527424925,12.82388282801282,2.5632112854461155,0.12549498406849735,0.9402686432334746,0.13595439466922782,0.5329530269380236,0.3673102465751379,0.2733305672887426,0.5191727880708086,0.3119529441594297,0.15093368819390873,1.0389950886888757,1.7279596473523668,0.04682161,3.3406415,5,4.25
ds005286,sub-028,20,Cz,1000.0,-2.886776924133301,0.195,8.372232437133789,0.336,11.25900936126709,0.0069408572788928905,30.0-100.0,-472.3196208581135,-121.1022101967384,13.77130639672147,2.067726374201716,1.2081476480397213,0.8296228420158867,0.013714414156943387,0.41291921675708515,0.3809261703287017,0.5720838436778173,0.49523512088166743,0.35156127726056635,0.11597586165966096,1.0230668554573845,1.7581052818022012,0.04081193,3.0306168,4,4.25
ds005286,sub-028,21,Cz,1000.0,-4.258686542510986,0.211,4.031981468200684,0.335,8.29066801071167,0.02921783795967957,30.0-100.0,69.97453510457588,-531.6031181405214,4.790665902255245,2.1798502194894662,0.2854540530637684,0.8381996117738982,0.0494113105003177,0.3581533558635739,0.4712356983633654,0.11334855445534331,0.49291849370387325,0.33973721040661664,0.1426393326599237,1.0304029548115206,1.800401006895078,0.042779356,3.102223,3,4.25
ds005286,sub-028,22,Cz,1000.0,-6.234956741333008,0.279,10.144922256469727,0.486,16.379878997802734,0.00958994239780721,30.0-100.0,-1280.2822482058414,-115.24415474773018,1.6845755121948716,1.8019837623960302,0.34213467985887763,0.672225879668594,0.03220044694798473,0.35022761923923773,0.5950262384320887,0.3340237273420039,0.4941662858442283,0.3047880042036833,0.1684672188159087,1.026564301547405,1.7767848145151037,0.05071754,2.5213544,6,4.25
ds005286,sub-028,23,Cz,1000.0,-7.195786476135254,0.171,9.514025688171387,0.305,16.70981216430664,0.014817559998786839,30.0-100.0,56.67922390285754,32.33442639028706,10.069156725054707,3.13055983327999,0.6571985971385179,0.5260937930923058,0.024549225873635692,0.42639924678158014,0.5532998457558254,0.0795744673192677,0.48731332376532394,0.3128469257042575,0.14661293961839097,1.0252278772452879,1.8205904191921898,0.043207217,2.7483175,7,4.25
ds005286,sub-028,24,Cz,1000.0,-1.8671724796295166,0.175,12.025191307067871,0.379,13.892363786697388,0.09022738827191887,30.0-100.0,-3025.5071253731803,7.255865646570685,3.4395275052459073,1.0985502855362292,0.8871751805389101,0.7708316522089147,0.13501266036462306,0.37625534453963955,0.41982123087300716,0.4864067195596842,0.4976830861503693,0.35121222419187603,0.18066895422000606,1.0275131302261562,1.798045991785647,0.05363414,2.4244769,4,4.25
ds005286,sub-028,25,Cz,1000.0,-2.642685890197754,0.15,6.960058212280273,0.325,9.602744102478027,0.0042748396662285115,30.0-100.0,61.97104017670965,-1.8806835744054635,5.420991239219606,0.562975710293032,0.6522459704656316,0.7955842844849362,0.03466002653466096,0.5009984674501547,0.6389936700682116,0.15332634347302718,0.49700665549172923,0.33047402966233147,0.15108545014549868,1.0258073102415681,1.860914791861561,0.04648989,2.523351,4,4.25
ds005286,sub-028,26,Cz,1000.0,-3.6027848720550537,0.15,13.579912185668945,0.375,17.182697057724,0.0065226557545973,30.0-100.0,-106.37119343833123,20.873993409498446,20.642054067732357,4.639759643228681,0.17630265039556164,1.0574918569010845,0.020835933888965992,0.4734524554376778,0.5953848833525592,0.24216761783509835,0.5064788464772164,0.2517627351626674,0.10978192105821338,1.036727537122624,1.8064643019999198,0.0348423,3.9489985,8,4.25
ds005286,sub-028,27,Cz,1000.0,-3.115464210510254,0.211,2.4471487998962402,0.55,5.562613010406494,0.010129637517832548,30.0-100.0,49.5941978532555,-331.8714145330061,0.13959313950580973,0.411872391265452,0.3012102366023005,1.357551722321659,0.025088638091091582,0.07753748519558516,0.4687066072251247,0.21310607947273116,0.4921431951747173,0.3979604886931103,0.3080628087054797,1.0252053856652765,1.7724803519088164,0.084052674,1.4987733,5,4.25
ds005286,sub-028,28,Cz,1000.0,-5.6396164894104,0.23,13.289923667907715,0.376,18.929540157318115,0.013155125656388779,30.0-100.0,-2324.8507259591365,-66.08518894148524,8.98453609792559,1.6833381700462826,1.2137001746238005,0.6631993028137845,0.025035878263790237,0.519110625442342,0.7991749962100517,0.32747511128181583,0.4909647453936855,0.31520659127306716,0.12703437287894248,1.023416136927119,1.848530114724039,0.038549367,3.1493723,6,4.25
ds005286,sub-028,29,Cz,1000.0,5.464599132537842,0.15,12.800042152404785,0.3,7.335443019866943,0.01345806161498325,30.0-100.0,-1271.831482621918,-37.69920573242136,26.730161660519343,7.551415249721854,1.862776547372671,1.5490723408957099,0.0709193982863211,0.38614539253998664,0.6036366080056691,0.38061598932343293,0.49073018498819543,0.30031175551654954,0.10507759020679484,1.0320114035865433,1.811504653783437,0.034063227,3.6638925,7,4.25
ds005286,sub-029,0,Cz,1000.0,-9.598150253295898,0.15,17.04876708984375,0.3,26.64691734313965,0.10989546459816274,30.0-100.0,-39.24234346966738,-88.00338626210363,63.84677654101237,20.049798766463233,20.205120929205723,7.905462147930551,0.4182440626548356,0.7291535125912381,0.23059832722674292,0.20054553415290544,0.5039757122941684,0.291645249313878,0.09648057235378413,1.0223072280469712,1.946982325343086,0.043134306,2.5519173,7,3.5
ds005286,sub-029,1,Cz,1000.0,-15.347800254821777,0.175,17.32338523864746,0.302,32.67118549346924,0.030910097645467458,30.0-100.0,-22.080684699659923,-60.65362441791472,31.503711238949993,29.95280923113045,5.261342877420812,1.7143509740404757,0.09034608223159425,0.5688761458133241,0.6511752775063122,0.21280591359060588,0.4875833964802194,0.26681219918151716,0.11258484331452015,1.0243802139942957,1.8441068492093018,0.035899878,3.0978317,8,3.5
ds005286,sub-029,2,Cz,1000.0,-10.93484878540039,0.202,12.510286331176758,0.313,23.44513511657715,0.21789428697039545,30.0-100.0,14.551918793957915,42.021045492076404,30.139207575350305,8.491256790076456,20.228301777559167,3.366326849151002,0.2665164656681355,0.38055839397464397,0.24279263527272005,0.5341063517148903,0.500498824925962,0.30842359425275384,0.16516165284990722,1.0214735108095765,1.8459220807285508,0.05246101,2.2273107,6,3.5
ds005286,sub-029,3,Cz,1000.0,-28.211694717407227,0.151,6.814452648162842,0.309,35.02614736557007,0.010383277836276529,30.0-100.0,61.60495819510787,-1545.9329305564759,39.68563778418944,15.158801642427434,4.698917286245196,7.879730971420512,0.08991651103943639,0.590293254385193,0.3726763171423727,0.3714879936144474,0.4828275259716372,0.3214521260186948,0.14148250484988178,1.0232111729276576,1.8177769623082065,0.04694473,2.393314,6,3.5
ds005286,sub-029,4,Cz,1000.0,-13.561464309692383,0.15,7.10493803024292,0.334,20.666402339935303,0.03858202184999265,30.0-100.0,-3515.709262061926,-715.3895073408398,63.72628333698235,29.360043486532707,13.602439359607757,5.3782396950861315,0.11964615373029046,0.5808186848424786,0.27995891592378247,0.6896762087900118,0.4828379018012991,0.27431760836613855,0.10682500544643203,1.0177102284034265,1.9385014003450287,0.042035423,2.2394617,8,3.5
ds005286,sub-029,5,Cz,1000.0,-20.082326889038086,0.189,15.172648429870605,0.414,35.25497531890869,0.030003584323591643,30.0-100.0,-1300.5875437269046,-444.26668525388413,45.89090760090242,8.441002334526985,1.8670083117670264,4.1418084099508405,0.02967743627463017,0.6400567523074153,0.42455590406355526,0.2607345681159787,0.4974318315414361,0.30138699790060325,0.12041116540277061,1.0310207827846927,1.787385281326575,0.039749023,3.3747199,7,3.5
ds005286,sub-029,6,Cz,1000.0,-7.788187026977539,0.246,12.320053100585938,0.407,20.108240127563477,0.07529824352764646,30.0-100.0,-78.19533749806412,-76.54268424942548,8.862981785680027,2.855570612684074,3.5245219425408867,4.132821353836673,0.13786098366884145,0.2239933377781654,0.12992620691603052,0.15215888405875855,0.5028343681045658,0.3628400733193815,0.21285195627319473,1.0353107400699448,1.7513440655620476,0.060117427,2.3396933,9,3.5
ds005286,sub-029,7,Cz,1000.0,-36.93899154663086,0.15,21.82811164855957,0.43,58.76710319519043,0.020702925362931706,30.0-100.0,-49.008697734453136,-150.6753673651765,132.01895829178517,66.10687882468913,7.206091870213717,5.376329798495334,0.13308474728893097,0.4390630916097194,0.3355874872906925,0.2951634731910207,0.47975235740102284,0.22429153101174432,0.07026902525047903,1.0161611497748393,1.9360091224021225,0.030602958,3.1456978,10,3.5
ds005286,sub-029,8,Cz,1000.0,-31.123994827270508,0.15,16.750398635864258,0.406,47.874393463134766,0.060465502039889096,30.0-100.0,-2399.6599514115205,-231.38384134705956,220.72735954733454,76.2828547470313,7.542478257622755,5.261741722256905,0.14935685001567695,0.7444469977256913,0.6622684960071552,0.6301206228133331,0.4968899354368172,0.26761213797490924,0.06535589740540519,1.0210922558197904,1.916393918566494,0.030302044,3.448468,10,3.5
ds005286,sub-029,9,Cz,1000.0,-21.237165451049805,0.182,9.350913047790527,0.319,30.588078498840332,0.09639416016634604,30.0-100.0,-1240.5980605945183,65.70253908299324,38.65753029877284,12.000581532815982,16.733056300223595,8.872974306845274,0.31828628683240795,0.7627890535607744,0.2134007309250669,0.40883980196124364,0.5072773276424172,0.3297014524443062,0.15217274550500362,1.025591743697617,1.7809256640823425,0.056527663,2.114242,7,3.5
ds005286,sub-029,10,Cz,1000.0,-27.63713836669922,0.15,21.79547119140625,0.362,49.43260955810547,0.03355620550429179,30.0-100.0,-125.91180188793658,-503.6243879115863,56.420369629854626,59.50235076802684,13.69608123347444,6.586940262412921,0.03665832425199055,0.6926651346536056,0.6961236546556844,0.6295534479184686,0.4704721583396613,0.2752994566338706,0.13426437083264833,1.0149632773787052,1.8938260842594583,0.04634137,2.0790021,8,3.5
ds005286,sub-029,11,Cz,1000.0,-42.532779693603516,0.185,20.083017349243164,0.388,62.61579704284668,0.051432595774493044,30.0-100.0,-2835.797248957917,-32.280569919704774,119.2755281065201,56.52344054837073,13.722875935917559,2.2589460647893405,0.0946417311660651,0.48523199526079014,0.5272296579522836,0.56582661308791,0.4839729106629432,0.2702545654791746,0.07076694813129793,1.017284035099142,1.8323399060042487,0.035062775,2.7217946,8,3.5
ds005286,sub-029,12,Cz,1000.0,-27.265642166137695,0.16,15.069061279296875,0.321,42.33470344543457,0.12480478776919898,30.0-100.0,39.820680501493584,-93.53765376659696,188.16409603207808,27.1815528615598,7.09048651167079,5.148951605078118,0.3380676485570619,0.30933397464414053,0.33455577757545235,0.3762208100733511,0.49831719311374617,0.25130650124202975,0.06863586998530563,1.025632750409205,1.8916100341729514,0.029731032,3.729799,9,3.5
ds005286,sub-029,13,Cz,1000.0,-26.332504272460938,0.161,25.941247940063477,0.311,52.273752212524414,0.10243994585011866,30.0-100.0,-213.13836797674512,-109.82997771161169,41.65090969479441,24.1459582939529,19.952237936817976,3.698518990717836,0.14092979295708344,0.3582547417250632,0.3694620890434732,0.4016922042571167,0.48615887540273506,0.28189986901161795,0.10536676290513301,1.0170190735569347,1.8694758502052071,0.040360186,2.4417877,9,3.5
ds005286,sub-029,14,Cz,1000.0,4.066777229309082,0.345,9.460912704467773,0.323,5.394135475158691,0.044144010876973276,30.0-100.0,42.09118547020035,0.5449828019149852,7.262601175001274,0.9719790946630208,1.0678885581093807,2.150803200743439,0.05466968322113878,0.284390037689761,0.36909121735742484,0.4003604166273904,0.5098500707787045,0.361533886423003,0.15027648584294795,1.0301038122727817,1.8091208825715013,0.04904512,2.5422268,3,3.5
ds005286,sub-029,15,Cz,1000.0,-25.917776107788086,0.174,27.12058448791504,0.341,53.038360595703125,0.18663529442087295,30.0-100.0,-4359.707012907871,-105.33327119356231,84.8219275606856,10.144041394287687,6.799742595998614,4.713189522513538,0.23975330548389684,0.19919167327344708,0.39736169658260145,0.3562571534959145,0.5089467977761563,0.2996700238385285,0.12029117861497164,1.0304286345063152,1.7524613258376716,0.039744604,3.411886,8,3.5
ds005286,sub-029,16,Cz,1000.0,-13.699978828430176,0.167,16.0455265045166,0.353,29.745505332946777,0.20823199981534984,30.0-100.0,-43453.69996915101,-151.29894495183706,101.86019457140719,45.4801888629943,26.000716710064175,10.473895983379766,0.3125240013143229,0.5654018507917535,0.12473600055538664,0.4373573887582057,0.48958102077181764,0.27996420900049757,0.10578474332438784,1.0189840981454072,1.9110032852769283,0.042185444,2.489414,10,3.5
ds005286,sub-029,17,Cz,1000.0,-9.609018325805664,0.35,7.636961936950684,0.404,17.245980262756348,0.08078490771325286,30.0-100.0,70.72286138458863,-264.6155897844536,2.460717559522317,3.978688298795913,1.9361985047305468,3.21492668526551,0.09989573307242096,0.5961488089268403,0.45336887423676614,0.09284615043708888,0.4929229624704547,0.35732327187276647,0.21514703529011353,1.026525136052321,1.8049115950272223,0.064037316,2.019771,8,3.5
ds005286,sub-029,18,Cz,1000.0,-15.589218139648438,0.19,14.890185356140137,0.366,30.479403495788574,0.07608646305869798,30.0-100.0,-1058.7205732358907,-36.563980644596,27.51328175128763,6.654242564253218,1.5674144625002222,2.1785023652190767,0.1506075767698165,0.3983943156091831,0.25035385659506676,0.10483706287910642,0.4850981240923002,0.29987647233506215,0.1436314510361452,1.0277689430438717,1.810463496429483,0.04546643,2.7281787,9,3.5
ds005286,sub-029,19,Cz,1000.0,-11.351092338562012,0.277,10.162130355834961,0.399,21.513222694396973,0.01006442262153403,30.0-100.0,43.86839177931411,-1102.1372130108361,13.382809540540078,3.2315756484750375,0.6521190211722641,4.186859391588349,0.053668369361127136,0.3717964171698705,0.36525103375794715,0.06021237914395864,0.48631401743665853,0.3386930280920394,0.17819934319539166,1.0220121837096299,1.8002093874738399,0.0532849,2.289408,3,3.5
ds005286,sub-029,20,Cz,1000.0,-32.04670333862305,0.184,7.725360870361328,0.362,39.772064208984375,0.08697526419231419,30.0-100.0,-203.33826436587935,-5.529101900213428,40.00342619935098,37.02910758811281,7.498504252862456,3.2968479193143385,0.09009260796050683,0.8441700459321653,0.11501256709629856,0.6304382921330481,0.4924612369348435,0.29403310131357785,0.13545104435890384,1.023012796379226,1.8530792709088648,0.045309577,2.4605474,7,3.5
ds005286,sub-029,21,Cz,1000.0,-35.83937072753906,0.165,16.175153732299805,0.41,52.01452445983887,0.04123390266053561,30.0-100.0,-133.94223085635926,-39.645011882345074,57.219612214726695,43.1890604101725,11.885538746858145,4.530981216129002,0.1312700586932753,0.6987159138989485,0.4452681130444252,0.5654924985763227,0.48765552382954835,0.3014322360590412,0.12212327291630408,1.0270042232193541,1.8520007545498085,0.044245403,2.5660756,9,3.5
ds005286,sub-029,22,Cz,1000.0,-16.120323181152344,0.178,9.114542961120605,0.33,25.23486614227295,0.11524819521997601,30.0-100.0,-250.70876373966337,-207.70717469829387,30.390556326981518,9.411129120584333,9.608362676300828,5.8637432956636015,0.12139654950572695,0.7502446523846155,0.17668681757655935,0.35670693535437564,0.4777369523836534,0.32639346201310615,0.16896932277262902,1.0251731542520242,1.815888853741878,0.051933616,2.326341,9,3.5
ds005286,sub-029,23,Cz,1000.0,-39.31844711303711,0.164,8.1512451171875,0.383,47.46969223022461,0.005890573195874665,30.0-100.0,-185.7832357042613,12.284573580667471,122.79159088642827,38.71677665414079,5.58872175269598,2.539720419343648,0.0707343270069218,0.7031043561621536,0.46903849715660145,0.5470545588948259,0.495157250330992,0.25329899805616796,0.09935480933873916,1.0244615921053568,1.8429752584482477,0.033296704,3.4111373,10,3.5
ds005286,sub-029,24,Cz,1000.0,-30.924564361572266,0.152,11.407437324523926,0.393,42.33200168609619,0.10837178006352853,30.0-100.0,-644.9431919281094,-33.928365957661086,29.34659413836243,33.93378876951769,7.866807836009712,3.322758764590857,0.25006716916057137,0.6745539747240049,0.23633732006075328,0.2678278926012779,0.5000878880911367,0.28210255853783467,0.09939698658776508,1.0233525131774803,1.8647366481736642,0.041229974,2.7204545,7,3.5
ds005286,sub-029,25,Cz,1000.0,-18.88921356201172,0.15,24.577186584472656,0.373,43.466400146484375,0.027132626791773376,30.0-100.0,-1085.560893897888,-100.78200220080835,86.82057913082684,44.370037337122156,24.722734910666478,12.616755368475378,0.13363988129038976,0.6395438345863764,0.45998714927154594,0.36136470528487236,0.5004382457087894,0.29795754007625264,0.08293414178209554,1.0242650800328255,1.9106108230119683,0.041807335,2.3599596,9,3.5
ds005286,sub-029,26,Cz,1000.0,-21.147836685180664,0.15,18.390859603881836,0.353,39.5386962890625,0.027777701134470104,30.0-100.0,63.376549468052524,36.48705492463234,109.73112591098865,33.328467018728645,2.1806687414315373,2.490005054853269,0.1346857483364904,0.5684660312572376,0.25103034667181806,0.3752273275137786,0.4754927923007377,0.24275840325374137,0.08965481267979052,1.0181369305439911,1.8899418808120105,0.03389027,3.143437,10,3.5
ds005286,sub-029,27,Cz,1000.0,0.9836423397064209,0.172,13.394418716430664,0.3,12.410776376724243,0.032323360154672624,30.0-100.0,-96.5341112287538,-30.97539762195976,16.279821258273955,0.5029173656785395,3.12294229683151,2.6853264709490117,0.08435066695674488,0.5331678365626449,0.514042312782308,0.4305023896887131,0.5167831559723306,0.378135132274795,0.2259139850217261,1.03915438909447,1.7771455205628552,0.059664663,2.4781504,8,3.5
ds005286,sub-030,0,Cz,1000.0,-7.707963466644287,0.238,22.91554069519043,0.36,30.623504161834717,0.012222784624062745,30.0-100.0,-181.26300438761288,-80.20929734390775,12.453806387068296,5.967740676511538,0.7020839377328109,3.1623439449862416,0.06762873474468628,0.41428818192077516,0.2254283495979616,0.6835721724189762,0.4847084687933123,0.2895958467169496,0.12487813670500009,1.0267718155872976,1.8123556022867722,0.039249886,3.0646036,6,3.5
ds005286,sub-030,1,Cz,1000.0,-12.740456581115723,0.15,3.395200490951538,0.316,16.13565707206726,0.009356710242326786,30.0-100.0,-462.0437719886084,-5.565011266311794,11.106370424192303,7.118929371849679,7.345981523808046,1.5297120335727894,0.09347931611231619,0.5625841432340539,0.37328878258863685,0.6282186814135735,0.5018103951782185,0.31413804563872866,0.15925200227106107,1.02343347199377,1.8460328457519832,0.050081346,2.2504647,7,3.5
ds005286,sub-030,2,Cz,1000.0,-4.243856430053711,0.318,10.963366508483887,0.437,15.207222938537598,0.10373650860727651,30.0-100.0,40.392451621012285,31.749712968403575,1.870191917567618,2.043754457765891,0.6689276219605078,1.5736508987364375,0.19700204709555497,0.623859955762295,0.3880184963575172,0.2908576688356585,0.49014826684383683,0.34847440872045976,0.21151409106633567,1.0260367491980855,1.791513369471351,0.055458594,2.3319144,7,3.5
ds005286,sub-030,3,Cz,1000.0,-0.22461962699890137,0.25,15.928486824035645,0.464,16.153106451034546,0.21399973834931196,30.0-100.0,-537.4662650195316,-71.74498575292347,2.4067517390658666,4.256425038823542,1.5866993931633782,1.7301944186797282,0.3829640467583451,0.7028155528313642,0.45737096454341203,0.4903985425235705,0.4892863223815324,0.3729065338856868,0.17805934786124772,1.0253595084076037,1.813559993310734,0.05258521,2.354475,7,3.5
ds005286,sub-030,4,Cz,1000.0,-3.704329490661621,0.156,13.7702054977417,0.378,17.47453498840332,0.0021063229175964436,30.0-100.0,6.695309693769003,-169.0879097460973,5.937334964595545,7.112145820812431,2.720665124624339,3.1964860274585654,0.005665544451110985,0.5329508621589314,0.38938858260805403,0.1103077059038022,0.4876172122839311,0.32996125027935364,0.15217582878629196,1.0147336846662502,1.9102567799039614,0.046048958,2.2026803,7,3.5
ds005286,sub-030,5,Cz,1000.0,-2.1447019577026367,0.284,10.694697380065918,0.37,12.839399337768555,0.16163712288042095,30.0-100.0,-170.89143565975334,42.538988004178016,1.186447356570177,2.68804411776984,0.689774470509223,1.6461866850924416,0.15041505191341137,0.5251998920142721,0.5044200977941613,0.580642203219862,0.5080704444162946,0.3623923382055316,0.2400490033318021,1.0283448284291392,1.7683318318271106,0.06662486,1.980678,6,3.5
ds005286,sub-030,6,Cz,1000.0,-5.750187397003174,0.167,15.488739013671875,0.336,21.23892641067505,0.13784997329433687,30.0-100.0,-570.7061366257255,-411.7887250176869,12.054739728751906,3.8075226128564417,1.9146382775608348,2.138489315681135,0.1708357119875411,0.7122680953466546,0.24667289448974455,0.47059607519616065,0.48931825003699053,0.3380711599509056,0.1474044300934339,1.0197983465857554,1.7907413251707185,0.046753183,2.5145893,7,3.5
ds005286,sub-030,7,Cz,1000.0,-9.194055557250977,0.22,8.886100769042969,0.329,18.080156326293945,0.07381474555901393,30.0-100.0,67.09710859987791,-49.99158706110064,6.821704096058497,13.435393538776697,1.2534885903971311,1.4267890723411831,0.10870086091778575,0.5102311005127229,0.2866934260217427,0.11013743838823907,0.49536636226498726,0.300302050766714,0.1652989174546683,1.0274540815051536,1.854564974963983,0.048478354,2.5757406,7,3.5
ds005286,sub-030,8,Cz,1000.0,-3.731191396713257,0.324,10.291275978088379,0.356,14.022467374801636,0.0518154314505481,30.0-100.0,-223.74313187468044,-1477.531989467588,5.039004057017335,1.0474727930424612,1.2820903852697745,2.922795667467053,0.12242382070844428,0.8873423026852792,0.3123707684754039,0.4136729619189707,0.49966354306810945,0.36561594741056536,0.18183406492989124,1.0268957980721718,1.7775111316521917,0.053806543,2.3631318,7,3.5
ds005286,sub-030,9,Cz,1000.0,-2.7608509063720703,0.225,11.934555053710938,0.331,14.695405960083008,0.08403856188363153,30.0-100.0,-880.9887053402994,-159.0565166861424,7.7310420829104,3.3705134635230944,1.7441067923187017,2.156766539167708,0.11098150357644467,0.3901543612261213,0.4687969325506828,0.24274612376036495,0.4906551582081709,0.3499927633957011,0.16226842354035617,1.025228402045667,1.788871188994078,0.051286254,2.322035,8,3.5
ds005286,sub-030,10,Cz,1000.0,-9.238001823425293,0.23,11.648582458496094,0.347,20.886584281921387,0.0038377694468123558,30.0-100.0,-273.5560530469172,-123.44606176619052,10.307792553494163,3.9838473090321047,3.0044412507068814,2.7919107144667485,0.018046387862469978,0.4883634926785083,0.26549395794826025,0.5333513492481984,0.487749719328102,0.342872028799994,0.16779585261859953,1.023310573487257,1.826868962398721,0.050912485,2.1856568,8,3.5
ds005286,sub-030,11,Cz,1000.0,-9.459994316101074,0.219,4.773815155029297,0.442,14.233809471130371,0.05198343305269564,30.0-100.0,28.45425831284894,-82.82277796738401,1.9531828846439272,2.26234450324394,2.1172545924700064,1.1535591955454845,0.1347229209168125,0.7126442511504913,0.10223560433997826,0.1869795242508601,0.49949728261420445,0.3295308530845838,0.20137778014842658,1.0256581249600851,1.8226152086287906,0.057943407,2.0824223,7,3.5
ds005286,sub-030,12,Cz,1000.0,1.5062586069107056,0.297,15.4151611328125,0.336,13.908902525901794,0.059988169263961916,30.0-100.0,-1152.3588317567269,-178.6111264337386,6.197207643506793,1.8518042485007438,2.870236861454395,1.318017920100861,0.041265764156364744,0.3706349755239114,0.2109948300909003,0.5023270665772526,0.4893135757134456,0.33559559932199673,0.142313818672095,1.0282562065852523,1.7524194302599143,0.044102024,2.926914,8,3.5
ds005286,sub-030,13,Cz,1000.0,-2.278228282928467,0.204,13.515181541442871,0.324,15.793409824371338,0.002457781073715678,30.0-100.0,-1577.8374410310894,-39.751769508684056,5.262829487384622,1.7433747334961882,3.299592139321347,1.7371727618803325,0.07873110216008948,0.34877649422030127,0.17728558521120302,0.15775790306446677,0.49729774879203525,0.3670897287823245,0.18061057209182366,1.0302544095301185,1.7867189363877887,0.055025175,2.417426,8,3.5
ds005286,sub-030,14,Cz,1000.0,-8.795262336730957,0.242,10.618856430053711,0.345,19.414118766784668,0.01798525893401578,30.0-100.0,53.80764039842207,-23.07914992839634,12.995742137371236,4.977347186614617,2.2194003820683914,1.273573884796289,0.047398140511441714,0.7273543774041177,0.49492075115831996,0.6916514984457404,0.47753659538778376,0.3472310216844792,0.1442604490029978,1.0179072448240212,1.8237771176992903,0.04561303,2.3254123,8,3.5
ds005286,sub-030,15,Cz,1000.0,5.159540176391602,0.296,9.302485466003418,0.406,4.142945289611816,0.06127698099671909,30.0-100.0,8.988842970649797,-104.73882719501688,9.108665516056309,1.5163504653977233,1.853103312218229,1.669564018735081,0.0836046476450407,0.6797637927017348,0.32853899862253433,0.6106209717118812,0.4932732894063165,0.3461129218517511,0.14492788555061717,1.0298595559832553,1.7608113599823108,0.043266032,2.9772,9,3.5
ds005286,sub-030,16,Cz,1000.0,0.4110236167907715,0.19,8.864858627319336,0.353,8.453835010528564,0.03816746605224088,30.0-100.0,72.86450657144616,-16.0244572084588,5.4890735035598865,0.5905152681995841,1.0421734208139803,3.9845158435925256,0.08234129762603302,0.4511387553411191,0.1703095116138168,0.2433748127035828,0.484196697236371,0.3812481604769708,0.19280828192914432,1.0196754988843288,1.806862108348917,0.052993722,2.3210716,9,3.5
ds005286,sub-030,17,Cz,1000.0,-12.549293518066406,0.169,13.447650909423828,0.339,25.996944427490234,0.0283415743062338,30.0-100.0,73.4254498388249,-748.2229224041129,19.371904358350477,6.447393211487528,1.2165038256216518,2.8270709790396897,0.06208360647696295,0.11523856354577741,0.3324501766262985,0.31071133633251086,0.4883050652893455,0.3084281079826246,0.12125075662149885,1.0185351996913872,1.8627358611476408,0.03807417,2.9129415,9,3.5
ds005286,sub-030,18,Cz,1000.0,-2.5540456771850586,0.262,7.291346549987793,0.332,9.845392227172852,0.01812978270346534,30.0-100.0,-3013.967062334374,-957.9955716493866,10.949097251257012,5.56285809994273,9.70317917843902,3.4185488833389455,0.05202186520905892,0.6141738916171122,0.3927776335250153,0.3247326477901919,0.4912367696172051,0.35284719900265965,0.16470445188085564,1.024664145036297,1.8214208036266142,0.053302877,2.1735702,10,3.5
ds005286,sub-030,19,Cz,1000.0,-4.203248977661133,0.155,8.133003234863281,0.531,12.336252212524414,0.01578862462327924,30.0-100.0,68.35125850795698,37.87864048677295,13.607199792724337,1.4724581606777076,1.1852658813722126,1.518990027901203,0.09199667843647175,0.6347990557579783,0.19662153321872697,0.43681655931173186,0.4885194753708312,0.3700669421704119,0.17742293825280045,1.0248583429517693,1.7998436073091941,0.050606575,2.5523036,10,3.5
ds005286,sub-030,20,Cz,1000.0,-3.5036938190460205,0.257,18.04668617248535,0.353,21.550379991531372,0.023003472174556765,30.0-100.0,-153.69914956009484,-602.3245766717263,5.6758469402723914,7.59147089408849,2.29645575852558,1.4634886250048715,0.03476990604982236,0.7571729123284329,0.42171406033878744,0.3026600420457472,0.485385482809053,0.2953827718142526,0.11122235499314609,1.01660650620948,1.8905442496246276,0.038932927,2.638945,8,3.5
ds005286,sub-030,21,Cz,1000.0,-8.400888442993164,0.35,6.527564525604248,0.435,14.928452968597412,0.012288742593156599,30.0-100.0,-311.1248892624265,-133.88836127040514,10.35190978140201,4.232067643736098,0.7276795845846751,1.5704619628971606,0.03956485267198672,0.7461857059490267,0.12612819884974535,0.315203145182383,0.4622595271270846,0.29821607914035053,0.1326407314895886,1.0143779278581873,1.8623945189094402,0.040665932,2.5829375,8,3.5
ds005286,sub-030,22,Cz,1000.0,-2.8223257064819336,0.309,12.995325088500977,0.487,15.81765079498291,0.015140266089551836,30.0-100.0,74.40087627257536,81.52259832622624,2.13755301709445,2.1092477569834105,0.8545285555948556,2.065029990684642,0.05782083213997531,0.8005207111172602,0.3469222078305714,0.3299955007081919,0.4861340032859159,0.3755381524192139,0.1640263730350833,1.0178286843902324,1.7936028020370889,0.052398924,2.1736488,7,3.5
ds005286,sub-030,23,Cz,1000.0,-15.70964527130127,0.152,4.196732521057129,0.3,19.9063777923584,0.010633605904313077,30.0-100.0,94.12576115565565,78.98897921088145,12.59604781105304,12.974387532995229,1.2375264367570358,3.0609247306740115,0.028673388163757762,0.7167016454413101,0.3984466247895176,0.38287654981679786,0.47791243995446464,0.31133288335111775,0.20094600615200162,1.0164642847436087,1.8416795796989422,0.057147454,1.8876681,7,3.5
ds005286,sub-030,24,Cz,1000.0,-9.932145118713379,0.265,3.6552767753601074,0.424,13.587421894073486,0.016364721533426274,30.0-100.0,80.17318270643895,66.42081104021129,2.0154491645779116,3.6413346755253215,1.6412548762182804,2.4375179027942115,0.014433533364512231,0.614181058194056,0.09566587045703669,0.32769070690983937,0.48615887540273506,0.39097814080573245,0.20109085384754563,1.023829760479338,1.8043401465471982,0.06367641,1.8409793,8,3.5
ds005286,sub-030,25,Cz,1000.0,-6.947577476501465,0.299,10.388322830200195,0.491,17.33590030670166,0.04038102095770749,30.0-100.0,-190.58867224265046,-99.50882810646291,11.636789048816201,2.4395773598674135,4.4076108641418035,2.834761323000032,0.05641472808662176,0.6840847059733198,0.14320612005066977,0.027446413292099788,0.48369592531840044,0.33740562646956646,0.19006487367562935,1.0244970872706294,1.8124318764956837,0.053932577,2.190966,7,3.5
ds005286,sub-030,26,Cz,1000.0,-1.6241804361343384,0.15,13.892629623413086,0.391,15.516810059547424,0.01252471274868575,30.0-100.0,-323.33407709759337,-134.8711796889972,28.910112963135578,3.3493143869160806,0.5166464041790344,2.5352660269909575,0.03517867918935652,0.44706698178556753,0.6387102893400536,0.3894507791959074,0.48872232272977945,0.278654615019851,0.0992987637032391,1.0231969502894267,1.818301528704056,0.031326044,3.6605606,6,3.5
ds005286,sub-030,27,Cz,1000.0,-15.69051742553711,0.281,7.210633277893066,0.474,22.901150703430176,0.06277194934624623,30.0-100.0,-36.693261685841975,-33.307985696227774,3.989272522476484,7.755172636347525,0.7950620070414062,1.7066816763164732,0.12745648147869737,0.8102636095468829,0.3165889510895847,0.30803853308718365,0.49004841560284035,0.3127659769275095,0.17005472618123432,1.0244141030123748,1.7969669264345942,0.053284306,2.220685,7,3.5
ds005286,sub-030,28,Cz,1000.0,-5.448276519775391,0.278,9.81542682647705,0.388,15.263703346252441,0.005825661298172088,30.0-100.0,-227.9551416289588,-163.30799372518325,1.5575870557312959,3.79204918753426,1.0603016343683032,2.3381274718621725,0.03413642103070711,0.6115495678593132,0.528293041037803,0.4418726131525327,0.5143613612427087,0.3416401848555339,0.2256503761067841,1.0323438101506166,1.7847618629780349,0.06229022,2.047225,8,3.5
