dataset,subject,epoch,vertex_channel,sfreq,n2_amp,n2_lat,p2_amp,p2_lat,n2p2_amp,gamma_power,gamma_band_hz,alpha_erd_pct,beta_erd_pct,psd_delta,psd_theta,psd_alpha,psd_beta,psd_gamma,plv_Fz-Cz,plv_Cz-Pz,plv_C3-C4,perm_entropy,spectral_entropy,sample_entropy,higuchi_fd,dfa,hjorth_mobility,hjorth_complexity,rating,laser_power
ds005289,sub-001,0,Cz,1000.0,-4.169558048248291,0.179,13.335784912109375,0.461,17.505342960357666,0.023284140123048733,30.0-100.0,,-718.0769007988882,0.0,0.0,0.0,2.392430993495509,0.10846001145440459,0.6278521221598414,0.5031203743752786,0.39367423254219797,0.49516243090935064,0.38900741859343707,0.20775212091733497,1.0244374809880477,1.7833169629866028,0.06382278,1.9561961,,
ds005289,sub-001,1,Cz,1000.0,-13.596090316772461,0.238,18.17373275756836,0.346,31.76982307434082,0.07396980529452737,30.0-100.0,,-166.67896758704194,0.0,0.0,0.0,1.6655748477205634,0.06762442063097326,0.888127220637646,0.05486989228320018,0.36187778383685687,0.5056048141541338,0.3063776002773937,0.09928081935505803,1.0281710038414158,1.8080222271818363,0.037422422,3.3403163,,
ds005289,sub-001,2,Cz,1000.0,-8.934525489807129,0.211,9.660654067993164,0.395,18.595179557800293,0.24672832126750033,30.0-100.0,,29.006968438981488,0.0,0.0,0.0,0.7731437799520791,0.12034191071544874,0.5675987795550924,0.36238340503920774,0.17963091403457243,0.516600687327862,0.2911710085760527,0.15179155916084835,1.029201375469022,1.8072001400126303,0.04751087,2.9227502,,
ds005289,sub-001,3,Cz,1000.0,-11.638765335083008,0.237,4.369639873504639,0.405,16.008405208587646,0.024771061169788673,30.0-100.0,,41.925946901279076,0.0,0.0,0.0,0.7826223009033129,0.043455749873458,0.7003742944409839,0.2083243499311858,0.2614948438141564,0.4854587787443106,0.3201867580292742,0.14860508108736933,1.021885588404859,1.8747459824832517,0.050122373,2.2208972,,
ds005289,sub-001,4,Cz,1000.0,-6.515573501586914,0.291,15.663034439086914,0.374,22.178607940673828,0.05903100243327458,30.0-100.0,,-56.19057944358461,0.0,0.0,0.0,0.632308074273169,0.05789195181473642,0.8800582904591252,0.3780433864432896,0.37386024015191466,0.4811796388099182,0.2692102673671351,0.13460881123400903,1.0218066796445233,1.9068780491658273,0.040812135,2.5918167,,
ds005289,sub-001,5,Cz,1000.0,-15.520008087158203,0.203,15.114703178405762,0.48,30.634711265563965,0.05185746777773472,30.0-100.0,,9.12731417694343,0.0,0.0,0.0,0.9046993945958093,0.17294724950571785,0.6380427115676144,0.35412307321668823,0.383708360339935,0.5089319002104893,0.30454717293022643,0.09014407232137342,1.0307299724549814,1.785047440215235,0.029668305,4.7580414,,
ds005289,sub-001,6,Cz,1000.0,-10.24924087524414,0.216,13.888071060180664,0.417,24.137311935424805,0.05545940927781384,30.0-100.0,,69.00903273882243,0.0,0.0,0.0,2.5354154058732092,0.09007190684725934,0.722170126322052,0.11479057439346282,0.2216159233027441,0.49305982955871425,0.35869482062648167,0.20631982274901156,1.0311491019352383,1.7457812830697617,0.055104684,2.5158777,,
ds005289,sub-001,7,Cz,1000.0,-11.987090110778809,0.251,5.413185119628906,0.534,17.400275230407715,0.12465835488571342,30.0-100.0,,49.69002342437535,0.0,0.0,0.0,0.6586328381672502,0.07917703015293108,0.5620244389234162,0.17318773203353602,0.40843518052438027,0.4951394085544468,0.30861619161067055,0.11708780260944655,1.0261637900944653,1.8438691229419943,0.04214758,2.905627,,
ds005289,sub-001,8,Cz,1000.0,-11.061686515808105,0.235,11.305169105529785,0.423,22.36685562133789,0.05041141984429495,30.0-100.0,,-36.583318398157445,0.0,0.0,0.0,0.5550177156692371,0.13667275438877974,0.774805504614961,0.4564795840640561,0.46817071252930686,0.4929129027806395,0.3134414147031817,0.1177740815417439,1.0286753268820907,1.7996531402467408,0.03667408,3.7748952,,
ds005289,sub-001,9,Cz,1000.0,2.427337408065796,0.15,8.693828582763672,0.525,6.266491174697876,0.05175461037511438,30.0-100.0,,31.337718261194414,0.0,0.0,0.0,1.030184721457772,0.06379270028916954,0.4673957098624938,0.19153745475178227,0.24293446033160895,0.4805170194728027,0.31818532746465483,0.1398278617557801,1.0171388763630098,1.8423279918395499,0.04611351,2.475721,,
ds005289,sub-002,0,Cz,1000.0,-14.451827049255371,0.323,2.8500795364379883,0.55,17.30190658569336,0.1934034926670894,30.0-100.0,,15.182890957295031,0.0,0.0,0.0,1.5080943994689733,0.14279940352701637,0.6511640962404559,0.6120445004199923,0.24443778004089034,0.4800012771323641,0.31366055697597545,0.17548153266875519,1.02046290483356,1.8678823672364755,0.049459193,2.293716,,
ds005289,sub-002,1,Cz,1000.0,-2.937398672103882,0.301,18.959108352661133,0.497,21.896507024765015,0.24722019871548698,30.0-100.0,,-139.60286008055232,0.0,0.0,0.0,3.3633183338679373,0.1955728432970166,0.4635036858342151,0.29678647053434243,0.4080644095017676,0.5076040535967351,0.2964727295900279,0.11540599354198212,1.024371103477784,1.8724872774391226,0.050812103,2.2283812,,
ds005289,sub-002,2,Cz,1000.0,-32.52021789550781,0.331,4.429952621459961,0.41,36.95017051696777,0.23516890716629435,30.0-100.0,,-160.15788902969211,0.0,0.0,0.0,2.753116248641163,0.337584395668826,0.6927618341848417,0.34541735212595004,0.28560291957135225,0.5122672206738967,0.32131615671524033,0.12387724314115389,1.0253345078170657,1.8497780805036355,0.05177904,2.312552,,
ds005289,sub-002,3,Cz,1000.0,-4.9626994132995605,0.257,17.51181411743164,0.422,22.4745135307312,0.11166772164100669,30.0-100.0,,-375.873939935099,0.0,0.0,0.0,1.0341342422179878,0.2020785311508122,0.7561509037197909,0.45980140725537055,0.39034281013150834,0.4832520189478201,0.28682957926046515,0.16167947536195404,1.0224901856625046,1.9064356452122642,0.04872097,2.3744986,,
ds005289,sub-002,4,Cz,1000.0,-8.442253112792969,0.35,4.9831695556640625,0.493,13.425422668457031,0.0881166942427675,30.0-100.0,,-73.79428967491441,0.0,0.0,0.0,1.6295359819196165,0.21365200226786205,0.3028113011998545,0.4588516813689499,0.12129513164911875,0.5027075636757452,0.3626290913045236,0.21139598596425946,1.027868581425429,1.811863365389582,0.062413096,2.10049,,
ds005289,sub-002,5,Cz,1000.0,-0.21299123764038086,0.178,8.441690444946289,0.446,8.65468168258667,0.2374537886561045,30.0-100.0,,29.667825678816488,0.0,0.0,0.0,1.2355261133052409,0.22084251468659777,0.26302847397061974,0.4483082122548463,0.3105192698137144,0.5028456226550948,0.33011703984268004,0.20817049624772604,1.0328466025315095,1.8178413114656353,0.06261633,2.10192,,
ds005289,sub-002,6,Cz,1000.0,-16.3092098236084,0.334,25.436250686645508,0.516,41.745460510253906,0.1392778600427637,30.0-100.0,,-555.0248009534993,0.0,0.0,0.0,1.3252682401798666,0.15011819051411954,0.43115484196338283,0.508662944127216,0.33719842375464837,0.5015987985599807,0.25289386425721455,0.0841440895795554,1.0263924717342119,1.899869132498936,0.035247892,3.3082304,,
ds005289,sub-002,7,Cz,1000.0,-19.642026901245117,0.302,9.899744033813477,0.386,29.541770935058594,0.06490330454244492,30.0-100.0,,-245.42687817455112,0.0,0.0,0.0,2.045174245722592,0.1768816425108859,0.4830402615435219,0.15353988679215833,0.39973173038331994,0.4851686304552693,0.308345840046849,0.17028582160186997,1.020970111744522,1.8669701981179616,0.056056783,2.1605651,,
ds005289,sub-002,8,Cz,1000.0,-16.151155471801758,0.313,10.58979606628418,0.388,26.740951538085938,0.029564001061015144,30.0-100.0,,-211.56947491159443,0.0,0.0,0.0,1.4661486202385277,0.0837640735086749,0.38303713490506613,0.492972479006408,0.17835380327685474,0.4831583853714927,0.29966396455806843,0.17109591389298132,1.0211032124653523,1.8781208228832817,0.053015012,2.03493,,
ds005289,sub-002,9,Cz,1000.0,-3.3752570152282715,0.315,10.550102233886719,0.373,13.92535924911499,0.10990395061414616,30.0-100.0,,-51.94025274362279,0.0,0.0,0.0,1.0986747220158577,0.14200318870207124,0.5217225185573331,0.7216966770674529,0.6666251899085752,0.49341444868567663,0.3026469095761091,0.1515653022149327,1.0239710819224423,1.891959524993233,0.048455678,2.4080195,,
ds005289,sub-003,0,Cz,1000.0,-10.141576766967773,0.234,18.23768424987793,0.339,28.379261016845703,0.008235629760589697,30.0-100.0,,-365.4729080646012,0.0,0.0,0.0,1.5761417598696426,0.06075614063084239,0.6264841164937506,0.24972319409429533,0.041496321832093015,0.4871221562025172,0.3120310014631361,0.12371432240770845,1.0186104565572733,1.8547873968053508,0.043461,2.448541,,
ds005289,sub-003,1,Cz,1000.0,-27.780078887939453,0.232,9.278647422790527,0.334,37.05872631072998,0.21924131039843114,30.0-100.0,,-8.422795832139034,0.0,0.0,0.0,1.2940859887748957,0.1508126005571528,0.6712429761753779,0.4617593293662802,0.41014675132943507,0.4980558868864216,0.2954164686058273,0.09036184959260332,1.0241292952875747,1.891816467432682,0.034672864,3.1545286,,
ds005289,sub-003,2,Cz,1000.0,-23.286413192749023,0.232,18.880125045776367,0.327,42.16653823852539,0.013851900114098328,30.0-100.0,,-135.560826747835,0.0,0.0,0.0,0.958190968958661,0.04478292115655397,0.5671630753590066,0.27407505303106644,0.4654169815618002,0.48441952716219555,0.2747983216516243,0.08320051030904665,1.0151602791270036,1.92275365163161,0.035306558,2.663454,,
ds005289,sub-003,3,Cz,1000.0,-19.09425163269043,0.26,27.38374137878418,0.353,46.47799301147461,0.030479054962132858,30.0-100.0,,-980.4279219042523,0.0,0.0,0.0,0.9090545063372701,0.12425005048472514,0.4574894191549682,0.5592024275805104,0.5817674829855106,0.48837388823324995,0.2621758424368748,0.07341594040595964,1.01744750476282,1.9075887229079898,0.03507845,2.84766,,
ds005289,sub-003,4,Cz,1000.0,-15.926639556884766,0.241,22.78185272216797,0.323,38.708492279052734,0.014241458008046326,30.0-100.0,,-255.83177352420213,0.0,0.0,0.0,1.0664999717846513,0.042243425404389634,0.7922692633211321,0.6574595369695235,0.498702633232225,0.48624679256831743,0.28142718820015733,0.0942275223973311,1.0204568811008665,1.9196022232570713,0.03673084,2.7798848,,
ds005289,sub-003,5,Cz,1000.0,-17.65538787841797,0.232,18.611190795898438,0.315,36.266578674316406,0.08709619454471546,30.0-100.0,,-320.0575785765072,0.0,0.0,0.0,1.170770134194754,0.06250980044224079,0.1203760038987299,0.5967886889818811,0.26328735191443003,0.4791768866595232,0.3020027244683402,0.09656508831023375,1.0142597089942471,1.9148527890235147,0.041091174,2.3170788,,
ds005289,sub-003,6,Cz,1000.0,-12.620407104492188,0.236,26.007518768310547,0.342,38.627925872802734,0.0839978317735135,30.0-100.0,,-421.3369310385808,0.0,0.0,0.0,1.3445632794173434,0.052281734529147084,0.7871564195411939,0.2241410234741004,0.28283512224943325,0.47532199496947497,0.29538706047733543,0.08649863534890344,1.0123978546097658,1.9220818437562759,0.03408452,2.7315097,,
ds005289,sub-003,7,Cz,1000.0,-13.497021675109863,0.248,30.003366470336914,0.348,43.50038814544678,0.30388986752776653,30.0-100.0,,-158.22491556294545,0.0,0.0,0.0,1.447949092835188,0.14595895672019077,0.7446389930816065,0.6781398283266257,0.36129384649042207,0.49253240228244344,0.277619358175304,0.09417353786166298,1.0187013400565024,1.8853836838724736,0.034534942,3.0906672,,
ds005289,sub-003,8,Cz,1000.0,-15.812623977661133,0.225,15.942728042602539,0.335,31.755352020263672,0.11644597541369486,30.0-100.0,,-12.44943617678703,0.0,0.0,0.0,1.514657458756119,0.06826240764788022,0.39806514428274237,0.28404739420896735,0.18797509726480732,0.4882934991080723,0.3231505678120018,0.11917273786009293,1.0202259054186096,1.8640629841445004,0.042334087,2.5721385,,
ds005289,sub-003,9,Cz,1000.0,-10.924629211425781,0.212,18.626211166381836,0.309,29.550840377807617,0.14229918163424782,30.0-100.0,,40.55088621521744,0.0,0.0,0.0,0.6452726811403409,0.057903042257707524,0.5789428209742781,0.3223664090589616,0.02150926005248701,0.4957261619703082,0.2841553950991648,0.08336238072399504,1.0182624683053518,1.9102052752814271,0.037545007,2.6971364,,
ds005289,sub-004,0,Cz,1000.0,-13.638997077941895,0.201,45.211856842041016,0.334,58.85085391998291,0.21873528780912144,30.0-100.0,,-458.110361677946,0.0,0.0,0.0,3.074191336054355,0.2556113891643147,0.9318396650044525,0.29549644536334985,0.3891644863250858,0.4901202659850894,0.29587813451220907,0.09024244558176797,1.020567497809068,1.88784664821864,0.033491492,3.3063862,,
ds005289,sub-004,1,Cz,1000.0,-17.113271713256836,0.229,29.494482040405273,0.362,46.60775375366211,0.4507915803678873,30.0-100.0,,-311.54137658957774,0.0,0.0,0.0,1.8768952577374876,0.33604928938436684,0.7079104567682108,0.4232515237831862,0.1782895089465205,0.5074713015213156,0.2721111303247394,0.11446821658489005,1.0278356024376178,1.8653906076524953,0.038752113,3.419768,,
ds005289,sub-004,2,Cz,1000.0,-18.408645629882812,0.236,32.55873489379883,0.355,50.96738052368164,0.22101351913127176,30.0-100.0,,-224.53467538645526,0.0,0.0,0.0,2.6470148586668074,0.21762304398689064,0.6572317396732865,0.2987121026121181,0.3046209015829663,0.486273917651282,0.29712193438820395,0.10919615025206102,1.02014323515741,1.877266661840235,0.04049996,2.8193002,,
ds005289,sub-004,3,Cz,1000.0,-20.293872833251953,0.207,20.151777267456055,0.373,40.44565010070801,0.4630870490534567,30.0-100.0,,-24.41010359861856,0.0,0.0,0.0,3.820846905000508,0.45375879336607283,0.3977740611144589,0.24740402302710007,0.09405939457323549,0.4998503741552907,0.33385828709665855,0.15851147167911978,1.0262971041481763,1.8085755019557939,0.05201905,2.5148928,,
ds005289,sub-004,4,Cz,1000.0,-5.754961013793945,0.237,36.08824920654297,0.361,41.843210220336914,0.1626320209930053,30.0-100.0,,-549.8683547781492,0.0,0.0,0.0,1.3637607917189598,0.5055163892448526,0.725955538987945,0.2647001092756963,0.20365679841417567,0.5115507448232598,0.30346156119244166,0.08365401507412211,1.0314098497216408,1.8345412387722841,0.034169,3.8657172,,
ds005289,sub-004,5,Cz,1000.0,-26.25189781188965,0.238,21.608346939086914,0.396,47.86024475097656,0.17446772409614522,30.0-100.0,,-315.73499921958836,0.0,0.0,0.0,1.8386812880635262,0.19081690538599178,0.715601922927134,0.2378774771274486,0.09649708220290812,0.5025442328308826,0.25429053099812365,0.08270800909758909,1.0281330940890085,1.8771441127320643,0.029978905,4.1018653,,
ds005289,sub-004,6,Cz,1000.0,-21.497074127197266,0.223,22.460153579711914,0.36,43.95722770690918,0.04337840532217552,30.0-100.0,,-454.7969506647819,0.0,0.0,0.0,2.2616666392423213,0.4950510890580906,0.7104684306036737,0.5127093652890793,0.1280627863603462,0.5000009604449966,0.2994112870444734,0.1318375943998398,1.0252568980027277,1.8443672842020944,0.04528603,2.804096,,
ds005289,sub-004,7,Cz,1000.0,-24.759729385375977,0.218,26.089902877807617,0.353,50.849632263183594,0.1990999139292668,30.0-100.0,,29.103844669718292,0.0,0.0,0.0,2.788799931295216,0.38843920268133436,0.6456431646890042,0.31753203116999146,0.5549288460395045,0.48846884920864264,0.3040789494574306,0.1315882262247325,1.0269225993930096,1.8529678993329197,0.0423895,2.843776,,
ds005289,sub-004,8,Cz,1000.0,-14.806350708007812,0.188,25.103843688964844,0.313,39.910194396972656,0.5940839647346902,30.0-100.0,,-249.1279409427014,0.0,0.0,0.0,1.1007635621353984,0.3036787108786909,0.5607719483547403,0.3996403510816763,0.10277736050989116,0.499529719285485,0.24950917965437475,0.11643919573757416,1.0317007488353591,1.8505157387072886,0.038263816,3.3544192,,
ds005289,sub-004,9,Cz,1000.0,-15.918760299682617,0.202,27.12765121459961,0.349,43.04641151428223,0.7730023228060129,30.0-100.0,,39.36759328627854,0.0,0.0,0.0,3.2132560154423118,0.5690766842379389,0.7463835555034136,0.2075329587739043,0.13447983422681178,0.4788709858750034,0.329331617174563,0.18016185503798643,1.0334247614041603,1.758336762983853,0.04935697,2.9339545,,
ds005289,sub-005,0,Cz,1000.0,-16.38633918762207,0.26,18.97085952758789,0.437,35.35719871520996,0.41255540376544775,30.0-100.0,,-712.6407345783231,0.0,0.0,0.0,2.653761999681592,0.19242059549222715,0.6890561790946875,0.5186198338743396,0.6216325686434638,0.4971828564353098,0.30495411908045683,0.15018774594932116,1.0256467093228463,1.799643431695177,0.050030436,2.6259458,,
ds005289,sub-005,1,Cz,1000.0,-21.322792053222656,0.251,3.5599822998046875,0.387,24.882774353027344,0.03901465269684815,30.0-100.0,,23.895918011873256,0.0,0.0,0.0,2.0614358654711396,0.07859727011699011,0.6459369531330953,0.44194836007195837,0.09156936037471192,0.4789788237671842,0.3237035377715525,0.17560772541823857,1.0163634873819496,1.8766577202789176,0.055043384,1.8416396,,
ds005289,sub-005,2,Cz,1000.0,-15.705290794372559,0.307,12.173757553100586,0.417,27.879048347473145,0.25613413001334373,30.0-100.0,,12.238281531660618,0.0,0.0,0.0,2.0493848714977503,0.1004882687005472,0.3916025190318083,0.5740506296581025,0.4393763524478968,0.4794312541076055,0.3269836490582112,0.19853216547997632,1.014855417008544,1.9057724756823369,0.059934575,1.6508005,,
ds005289,sub-005,3,Cz,1000.0,-28.038951873779297,0.26,7.987466812133789,0.417,36.026418685913086,0.14865651799954913,30.0-100.0,,-12.931951068336994,0.0,0.0,0.0,1.9489873375277966,0.11266873097831587,0.41386807367526296,0.22264743191495823,0.14761114661513333,0.4889612540666054,0.26026625020345023,0.11115799102830413,1.0209860159932045,1.8352255088990341,0.03674321,3.1489346,,
ds005289,sub-005,4,Cz,1000.0,-15.243586540222168,0.277,4.542339324951172,0.409,19.78592586517334,0.22273944183863642,30.0-100.0,,43.83725374305564,0.0,0.0,0.0,4.479119437746704,0.1509124337183065,0.6392065911328519,0.6206447073101096,0.5340012420776008,0.4802579539274414,0.3398872914155168,0.23352747550974903,1.0177081388080578,1.8267488356848185,0.064881615,1.7126172,,
ds005289,sub-005,5,Cz,1000.0,-7.875898838043213,0.347,27.586626052856445,0.458,35.46252489089966,0.28672272627369627,30.0-100.0,,53.08288082320981,0.0,0.0,0.0,6.088485359214246,0.1818487481378868,0.46449554743900046,0.19011807565758132,0.6170895043337122,0.4678493061999757,0.3288621403536921,0.21649385929446324,1.0128094375986787,1.856565582329089,0.06406168,1.5317417,,
ds005289,sub-005,6,Cz,1000.0,-16.124122619628906,0.238,25.345300674438477,0.4,41.46942329406738,0.036688119267576716,30.0-100.0,,-336.80902532101516,0.0,0.0,0.0,2.4571356480009854,0.1203358609165716,0.2889312897501078,0.21046162866021556,0.07820017473778067,0.4849075252150274,0.3103242787190134,0.1268763576524353,1.0210116742472994,1.8399679661305766,0.046816573,2.3828516,,
ds005289,sub-005,7,Cz,1000.0,-14.817657470703125,0.268,-0.5885067582130432,0.508,14.229150712490082,0.011205989018578865,30.0-100.0,,24.048352296619395,0.0,0.0,0.0,0.9683797397883609,0.0980547884923289,0.7664013714385612,0.3818123201895442,0.21744186230536683,0.46999588552016,0.32318482751346567,0.1425440118811564,1.0169798149981544,1.872913461618663,0.045009278,2.3529453,,
ds005289,sub-005,8,Cz,1000.0,-21.975664138793945,0.236,15.819873809814453,0.387,37.7955379486084,0.02949453100338159,30.0-100.0,,-283.9996438332819,0.0,0.0,0.0,2.210676553659141,0.07914340146260995,0.5951584393839676,0.1989002116795427,0.04795795918690624,0.47914634571863135,0.2807469033309963,0.1267607952839479,1.0155753462194228,1.9048465942637003,0.042209733,2.3937194,,
ds005289,sub-005,9,Cz,1000.0,-26.582000732421875,0.253,14.959945678710938,0.435,41.54194641113281,0.16564899027768887,30.0-100.0,,-552.7895716708306,0.0,0.0,0.0,1.2877029075752944,0.14994686231498913,0.6946965308974472,0.5783455873170568,0.2265894108019439,0.4953508774705076,0.30070852535083975,0.1191825007952635,1.0264236179974078,1.900608335991433,0.04573903,2.325089,,
ds005289,sub-006,0,Cz,1000.0,-8.149555206298828,0.23,22.783348083496094,0.344,30.932903289794922,0.03871198750732274,30.0-100.0,,-30.91035945055774,0.0,0.0,0.0,1.6657548840157688,0.14424317531057038,0.6059451533294125,0.513500773011871,0.4417007054444989,0.5019328948431685,0.30477802074299715,0.10713387011222497,1.0223356617720263,1.824249177118797,0.03882738,3.074628,,
ds005289,sub-006,1,Cz,1000.0,-12.024964332580566,0.191,21.04376983642578,0.33,33.06873416900635,0.2571166252805235,30.0-100.0,,38.394423165042795,0.0,0.0,0.0,1.654744235565886,0.11427786193862408,0.708326644599568,0.8416962210767576,0.0590740919045537,0.4858495793015994,0.2891737690656024,0.11319414366135594,1.0204139741290006,1.8861836762574522,0.03864289,2.9974716,,
ds005289,sub-006,2,Cz,1000.0,-7.066013336181641,0.23,14.612378120422363,0.317,21.678391456604004,0.09523952717405484,30.0-100.0,,-138.5113258034353,0.0,0.0,0.0,0.682817684719339,0.1528725580305125,0.464043652215548,0.2693296920068872,0.39741803487607913,0.505310413734354,0.3004609890356413,0.13375522645122498,1.0338786933520747,1.811912497113902,0.04659427,2.9124076,,
ds005289,sub-006,3,Cz,1000.0,-10.972846984863281,0.204,12.50528335571289,0.312,23.478130340576172,0.13379637407285802,30.0-100.0,,-26.509902126512202,0.0,0.0,0.0,0.7597387739224359,0.06866331086593375,0.3461048316004801,0.34566557805116,0.2658486010477,0.4784369416309533,0.27881291230014615,0.1378775633153412,1.0230640326110148,1.8956058957453563,0.04234706,2.8137162,,
ds005289,sub-006,4,Cz,1000.0,-13.086925506591797,0.19,16.060382843017578,0.324,29.147308349609375,0.03958694319904435,30.0-100.0,,-91.87967102363287,0.0,0.0,0.0,1.2625255330931395,0.0831970315050461,0.6551239149600875,0.41884364542749164,0.07606737860616974,0.500757044950408,0.2863933582236888,0.12598260041158577,1.019343340323415,1.9175364452555228,0.041368056,2.5357444,,
ds005289,sub-006,5,Cz,1000.0,-9.116905212402344,0.253,17.53350830078125,0.369,26.650413513183594,0.04896843995731682,30.0-100.0,,66.10589618752752,0.0,0.0,0.0,1.5331911854445934,0.04737556059969915,0.5525297373767146,0.2994621468727786,0.2618028347077983,0.48521225457114076,0.28682539310262106,0.1613886278030468,1.019551788367808,1.8165253034541238,0.04717048,2.313536,,
ds005289,sub-006,6,Cz,1000.0,-11.534085273742676,0.225,22.77949333190918,0.347,34.313578605651855,0.02080677376979992,30.0-100.0,,59.29069393832166,0.0,0.0,0.0,1.7888442671392113,0.11262272845238494,0.47126876801880513,0.4380877400763707,0.4391858770470971,0.4680055038797092,0.3151858435516018,0.1189943652979987,1.013897790599302,1.888668828869,0.03924254,2.6380224,,
ds005289,sub-006,7,Cz,1000.0,-14.138059616088867,0.239,4.794025897979736,0.306,18.932085514068604,0.031997172402317,30.0-100.0,,47.64300749439929,0.0,0.0,0.0,1.230387730174698,0.11778749510421485,0.6746585594647229,0.32339500016420236,0.34257077392185015,0.48927912269860213,0.3498236895002643,0.18063097284251586,1.0253609382048423,1.8346735064726125,0.051220283,2.3910542,,
ds005289,sub-006,8,Cz,1000.0,-14.766735076904297,0.186,14.572711944580078,0.311,29.339447021484375,0.04262355580864942,30.0-100.0,,-984.3681322709583,0.0,0.0,0.0,1.334972883341834,0.08137466775714683,0.39018826028489956,0.48572828807398455,0.5444507585533983,0.48456725179117643,0.3096683663429648,0.13266354567323077,1.0204682636576996,1.887325963075544,0.043908276,2.6106932,,
ds005289,sub-006,9,Cz,1000.0,-19.089004516601562,0.202,13.4259672164917,0.325,32.51497173309326,0.019198360941048535,30.0-100.0,,-417.5351047478883,0.0,0.0,0.0,1.1327014944981784,0.07356310528454889,0.6992288468821328,0.5686895899285971,0.17834639972782085,0.4700425579213985,0.27888425634542896,0.11060892069637261,1.0161010059972022,1.9488506231934197,0.038876355,2.6005268,,
ds005289,sub-007,0,Cz,1000.0,-17.795259475708008,0.232,12.3719482421875,0.329,30.167207717895508,0.07421551480485616,30.0-100.0,,-53.451110650099864,0.0,0.0,0.0,1.3731199724134058,0.0745975591714236,0.38456367411077014,0.261852058753665,0.2654655452324651,0.48790371624555445,0.3311683048265064,0.13174121644651457,1.019270168753811,1.8527798789168528,0.046500184,2.3433225,,
ds005289,sub-007,1,Cz,1000.0,-9.602323532104492,0.247,16.46846580505371,0.364,26.070789337158203,0.06682148993401624,30.0-100.0,,-87.65918530619737,0.0,0.0,0.0,1.4840468065813184,0.07383878755964304,0.5865652066407151,0.18028207335407007,0.3410346903559564,0.498071658969147,0.3057761638339562,0.14310233593187005,1.0269259023953878,1.8450451789217026,0.046962086,2.6153822,,
ds005289,sub-007,2,Cz,1000.0,-11.504558563232422,0.234,7.743481636047363,0.309,19.248040199279785,0.040479340338291786,30.0-100.0,,-175.34515489324014,0.0,0.0,0.0,0.8956914971349761,0.08973041868397778,0.7759106884821496,0.3687465927199558,0.5151664532633495,0.4953145378275617,0.3445275931223673,0.1695895829789097,1.025666597824996,1.8304585374087727,0.05048068,2.5166924,,
ds005289,sub-007,3,Cz,1000.0,-11.50102424621582,0.262,7.9634480476379395,0.341,19.46447229385376,0.46028681733929944,30.0-100.0,,-259.0579991128989,0.0,0.0,0.0,1.38257016078569,0.20848481408582836,0.24489849749905973,0.5586439262180349,0.40478836313708133,0.5011715908550997,0.32652395235222087,0.19308136412098983,1.0314443687621255,1.7941299220366982,0.056125253,2.3690846,,
ds005289,sub-007,4,Cz,1000.0,-6.0780768394470215,0.237,10.947755813598633,0.383,17.025832653045654,0.11810405062298926,30.0-100.0,,66.01386929724505,0.0,0.0,0.0,1.1135207605548203,0.09683170635850155,0.5987489395468041,0.06488926280555911,0.4698837408848955,0.47578658724495615,0.36469170444143634,0.2015965817389508,1.0204996630939867,1.8386165379814714,0.056514543,2.1529858,,
ds005289,sub-007,5,Cz,1000.0,-14.617472648620605,0.253,5.971233367919922,0.333,20.588706016540527,0.056515181596044226,30.0-100.0,,21.54709800742597,0.0,0.0,0.0,1.0348775249440223,0.08247369555194634,0.4297203335924991,0.15340951753480433,0.338884792991972,0.4906752543542276,0.31047058838556957,0.17560685410029692,1.0229536981189933,1.8169385664742692,0.050524782,2.4764364,,
ds005289,sub-007,6,Cz,1000.0,-14.087089538574219,0.253,8.98936653137207,0.331,23.07645606994629,0.014271085611374272,30.0-100.0,,-90.52779021025795,0.0,0.0,0.0,1.3463305367622524,0.0484764551288994,0.7843236017303621,0.2476309389974721,0.4818761419487377,0.45945772542387364,0.3387870893244611,0.17568541574582788,1.0155508892071852,1.8866663141461708,0.05357488,1.8429173,,
ds005289,sub-007,7,Cz,1000.0,-21.87320899963379,0.233,11.178555488586426,0.427,33.051764488220215,0.0841252563048211,30.0-100.0,,4.78113596699116,0.0,0.0,0.0,1.3620058889500797,0.1532324195246612,0.8632367834538989,0.13437903122437858,0.4394447483750999,0.4995268351316822,0.29217567623420204,0.1208956628642805,1.0268675580272526,1.8795500638635223,0.044222146,2.6203752,,
ds005289,sub-008,0,Cz,1000.0,-18.134267807006836,0.247,13.932263374328613,0.369,32.06653118133545,0.05681169981351956,30.0-100.0,,31.468405782216855,0.0,0.0,0.0,2.3653462412767112,0.17201247103991457,0.428183007143707,0.3526067570522295,0.40898199387147105,0.4911764603494233,0.26097720210951036,0.16298193615718443,1.0210668747274179,1.8215735676466622,0.048191853,2.5158763,,
ds005289,sub-008,1,Cz,1000.0,-15.409558296203613,0.236,11.969244956970215,0.384,27.378803253173828,0.3308783091053401,30.0-100.0,,8.180984032301039,0.0,0.0,0.0,1.8516838608775288,0.196716475713188,0.5701333602609183,0.25432625414327814,0.1863897817019365,0.506445367343176,0.307469036588753,0.14931643575473533,1.0301719528810915,1.7843642547791831,0.049046163,2.6436217,,
ds005289,sub-008,2,Cz,1000.0,-3.4152324199676514,0.315,8.562289237976074,0.447,11.977521657943726,0.007294100937174988,30.0-100.0,,-229.75880066615568,0.0,0.0,0.0,2.2257326636463404,0.09869985625845894,0.2801799457170845,0.5640258702387343,0.11866145385730995,0.49833758078246754,0.3969478104676041,0.23395314022700794,1.0256644455227015,1.7557583621228,0.06243921,2.0523286,,
ds005289,sub-008,3,Cz,1000.0,-28.2734375,0.238,4.824430465698242,0.459,33.09786796569824,0.09502187263183207,30.0-100.0,,-216.73144088410754,0.0,0.0,0.0,1.7856827471405268,0.11349766536810323,0.16495234349473617,0.4225079394271171,0.3132346682068796,0.4905541944350437,0.3044428168264083,0.11658406009174806,1.0231801830733582,1.7951077616589393,0.045165364,2.5238483,,
ds005289,sub-008,4,Cz,1000.0,-2.667407512664795,0.282,5.1961164474487305,0.355,7.863523960113525,0.11190644384140974,30.0-100.0,,-35.55751986764708,0.0,0.0,0.0,1.4796173491049558,0.09957472920775652,0.48561142520544415,0.12562520784595863,0.23123425761887606,0.49498837071044005,0.3752034793590959,0.1848711224659077,1.0245838194805623,1.8031861295425977,0.05450382,2.327626,,
ds005289,sub-008,5,Cz,1000.0,-10.23031234741211,0.179,5.7077317237854,0.474,15.93804407119751,0.19527277352377173,30.0-100.0,,44.58901936298266,0.0,0.0,0.0,2.245610114187002,0.11470816071619452,0.6156111249032766,0.34754478138543116,0.22706483878528122,0.4874089687682175,0.35121114491912,0.23863674765735193,1.0249651752878606,1.7962555184352953,0.06512317,1.8300805,,
ds005289,sub-008,6,Cz,1000.0,-22.9886417388916,0.239,8.092177391052246,0.363,31.080819129943848,0.052707531626850976,30.0-100.0,,39.66910114958133,0.0,0.0,0.0,1.5708182036178187,0.132588332750809,0.3636840628271686,0.51034243761238,0.3831436648644339,0.4886532009016846,0.28856519367025724,0.107663141531305,1.0242154015817733,1.8246510783192642,0.035043243,3.5102398,,
ds005289,sub-008,7,Cz,1000.0,-24.85407066345215,0.242,13.38898754119873,0.36,38.24305820465088,0.2524712340425317,30.0-100.0,,-698.8509334396492,0.0,0.0,0.0,1.808246219297871,0.1326158247205722,0.5831365305438936,0.525997290109575,0.40607733111772154,0.4885063952774209,0.2978561215990941,0.12914901691399877,1.0214255522706213,1.8780266693874612,0.04316285,2.5343797,,
ds005289,sub-008,8,Cz,1000.0,-22.527063369750977,0.228,14.613527297973633,0.38,37.14059066772461,0.18453147503677722,30.0-100.0,,-510.6055274793309,0.0,0.0,0.0,1.5942947065923363,0.0752757610903397,0.6513633240766616,0.11451309379629428,0.050022526657584346,0.49564845887847325,0.27601489260994005,0.09974125547381545,1.022297245547975,1.8496264395818136,0.03895914,2.6245036,,
ds005289,sub-008,9,Cz,1000.0,-12.485591888427734,0.236,5.68765115737915,0.423,18.173243045806885,0.158529765374904,30.0-100.0,,7.162731879447053,0.0,0.0,0.0,1.372044935123995,0.0813794145828996,0.7572313135553357,0.20584486923160583,0.3341921221116227,0.49101453777625814,0.2974125281054433,0.17625218069576856,1.0194122356333966,1.8594243185522412,0.051334504,2.1579523,,
ds005289,sub-009,0,Cz,1000.0,-14.57577133178711,0.246,13.356555938720703,0.38,27.932327270507812,0.1367190526312817,30.0-100.0,,-219.7620977554355,0.0,0.0,0.0,1.9817650027107447,0.13121116740014324,0.6618810801005449,0.5635149949390381,0.3129882355418798,0.47450654981101353,0.2876212751971543,0.1449537611499353,1.0173842317500015,1.8296050073391705,0.0489894,2.196447,,
ds005289,sub-009,1,Cz,1000.0,-20.789669036865234,0.223,12.786538124084473,0.355,33.57620716094971,0.025842758829461385,30.0-100.0,,-320.3471055111379,0.0,0.0,0.0,1.0269686172250658,0.08084349306330257,0.5091908294243561,0.25305416826536986,0.17815910577964786,0.47474014041272145,0.29254289462809846,0.12685785971780575,1.0239566606507025,1.8622548781407946,0.04486402,2.2651668,,
ds005289,sub-009,2,Cz,1000.0,-8.836462020874023,0.296,19.061811447143555,0.368,27.898273468017578,0.02486612084036388,30.0-100.0,,22.21022443250035,0.0,0.0,0.0,2.3067904403433204,0.07305221279260178,0.48472819463772604,0.2823075140548083,0.5152172960761215,0.4883437076456771,0.3055833259493422,0.18082740059357869,1.0243814801079827,1.8426717141859235,0.051840097,2.1037402,,
ds005289,sub-009,3,Cz,1000.0,-11.447159767150879,0.285,21.68941879272461,0.38,33.13657855987549,0.003025425117170015,30.0-100.0,,-126.79755470145176,0.0,0.0,0.0,1.8641580827534199,0.07380961556128357,0.7980607479801471,0.2976066810597337,0.33317722555577156,0.4756982967830177,0.2835807704187654,0.15625163514894388,1.014823777218083,1.8865209530247913,0.049059607,2.0374627,,
ds005289,sub-009,4,Cz,1000.0,-30.985095977783203,0.211,22.65810203552246,0.338,53.643198013305664,0.17017616266100205,30.0-100.0,,-194.06953355307343,0.0,0.0,0.0,1.8717357306741178,0.10967442535765592,0.5429407781742492,0.5397013380118436,0.37271585222823506,0.4823430130597963,0.2854384373338531,0.09217896479346116,1.0132294297736633,1.9028046881162313,0.039532416,2.303834,,
ds005289,sub-009,5,Cz,1000.0,-23.47229766845703,0.233,9.221837997436523,0.348,32.694135665893555,0.021695489917025745,30.0-100.0,,-1.5283145407061054,0.0,0.0,0.0,2.356777447857894,0.09087096475603879,0.27902753968811334,0.23695520885913263,0.274522810683991,0.4975663750418322,0.2845446154293811,0.11937020784442802,1.0187934771393008,1.8443910428120034,0.04086145,2.5655754,,
ds005289,sub-009,6,Cz,1000.0,-23.664735794067383,0.257,8.67922592163086,0.356,32.34396171569824,0.08839288524094963,30.0-100.0,,18.010568890051047,0.0,0.0,0.0,1.2812882050639018,0.10877797205907126,0.23676514721399605,0.3043001578950617,0.25022536424058717,0.48998464616876547,0.27702963912023165,0.11225942572748361,1.020584137571556,1.9043899357436997,0.041072134,2.8089776,,
ds005289,sub-009,7,Cz,1000.0,-30.555517196655273,0.229,12.25267219543457,0.332,42.808189392089844,0.01893628257824964,30.0-100.0,,-142.7380338783722,0.0,0.0,0.0,3.2280750456266105,0.08452418213913612,0.6116670540277727,0.6658995262286007,0.4227916115418631,0.4982799543080925,0.31647008680695626,0.127581912422009,1.0210824750878726,1.843182965921014,0.04581351,2.274099,,
ds005289,sub-010,0,Cz,1000.0,-19.779714584350586,0.202,30.184803009033203,0.365,49.96451759338379,0.07520506424510409,30.0-100.0,,-124.23379055932364,0.0,0.0,0.0,5.217794561758637,0.2668012520748095,0.4004405872362666,0.2762115503769935,0.29238747182400115,0.49082792279622917,0.3062341631411042,0.1374754282273117,1.0287106951064817,1.8206174248617828,0.04457139,2.9847598,,
ds005289,sub-010,1,Cz,1000.0,-29.112266540527344,0.214,42.322242736816406,0.347,71.43450927734375,0.5032879397805362,30.0-100.0,,-658.3634368288504,0.0,0.0,0.0,2.5409606751054525,0.1958450964884284,0.6945331347303988,0.6466406370266932,0.410327951544341,0.48118154275575425,0.2697278374630317,0.06844544286709447,1.013161700902642,1.9296064133397195,0.032816727,2.8806887,,
ds005289,sub-010,2,Cz,1000.0,-26.051807403564453,0.213,30.63241958618164,0.361,56.684226989746094,0.021597699401956424,30.0-100.0,,-375.1176340849056,0.0,0.0,0.0,3.2001978252083063,0.31049950247527547,0.5289973438513711,0.3080362692072426,0.4922219386171766,0.4969968896325728,0.28468640635908865,0.11966797689218012,1.0248900415464601,1.8749428511599189,0.041663866,2.6891088,,
ds005289,sub-010,3,Cz,1000.0,-26.44852066040039,0.2,34.50513458251953,0.334,60.95365524291992,0.46531220290269015,30.0-100.0,,-393.86397314693846,0.0,0.0,0.0,2.2340010618790984,0.19125657339604668,0.5658460831836226,0.30041709066584765,0.46913071746943763,0.4859520643756489,0.2548736589470779,0.07489335359413374,1.0199127575246365,1.9123356272588135,0.03162501,3.6217206,,
ds005289,sub-010,4,Cz,1000.0,-23.372665405273438,0.199,22.329553604125977,0.337,45.702219009399414,0.21206263149526566,30.0-100.0,,-343.0347588044613,0.0,0.0,0.0,3.998607222456485,0.22923817416830097,0.6322124829381747,0.4634982948471798,0.48545075477625177,0.49253240228244344,0.3153176825250377,0.15876366674757084,1.0214533763118019,1.8732735042670239,0.048158467,2.1784027,,
ds005289,sub-010,5,Cz,1000.0,-8.419939994812012,0.217,41.598548889160156,0.338,50.01848888397217,0.19636654588690503,30.0-100.0,,-131.97220861518113,0.0,0.0,0.0,2.353737480007112,0.22102045980855467,0.6486443933577215,0.15689536313566924,0.5858694967289085,0.4945928435571407,0.28408873343453955,0.08786947727154934,1.0219856040745268,1.87162167415427,0.032908287,3.3330033,,
ds005289,sub-010,6,Cz,1000.0,-19.024396896362305,0.205,35.71259689331055,0.388,54.73699378967285,0.13668090516573417,30.0-100.0,,-410.9303322295165,0.0,0.0,0.0,2.4360725074075162,0.20731532294355343,0.45951322347766593,0.4622402570959222,0.46756996432034775,0.4941808096222364,0.2484710528350288,0.08492398656606391,1.0206438645288096,1.8846076947996728,0.033622887,3.2992916,,
ds005289,sub-010,7,Cz,1000.0,-21.9608097076416,0.197,29.12236976623535,0.352,51.08317947387695,0.014860767757897408,30.0-100.0,,-260.97302429975014,0.0,0.0,0.0,5.65475900657475,0.04281159969980741,0.3656240765160055,0.7000108329767045,0.3133533105385228,0.4744254678109347,0.29665389600668585,0.12763331788139645,1.0157842664306571,1.905369413535147,0.0420128,2.4658797,,
ds005289,sub-010,8,Cz,1000.0,-31.62952995300293,0.196,13.615579605102539,0.332,45.24510955810547,0.45346107097985006,30.0-100.0,,-503.76723199888824,0.0,0.0,0.0,2.4028999032452703,0.3568874381036785,0.5739578272918009,0.12133651972517817,0.19619755022095978,0.4963535042451303,0.3087004768522073,0.15814373450881486,1.0210840820648601,1.8484093304490312,0.052822005,2.1472874,,
ds005289,sub-010,9,Cz,1000.0,-22.640605926513672,0.198,38.78824234008789,0.348,61.42884826660156,0.16631538410632682,30.0-100.0,,-158.99622231003832,0.0,0.0,0.0,8.839497342705727,0.29704492199696814,0.5469617930780448,0.22190357529770569,0.3248860221042801,0.4860160857391368,0.32247678320727596,0.12417563013165572,1.0225349838137423,1.7984011666212356,0.043027703,2.8482757,,
ds005289,sub-011,0,Cz,1000.0,-7.093231678009033,0.253,6.199575901031494,0.413,13.292807579040527,0.02925066843495862,30.0-100.0,,-147.85079060124826,0.0,0.0,0.0,1.9843869376927614,0.10415563680123488,0.6278618988131947,0.25513587369520896,0.2964115817782393,0.5077228111938984,0.42963690716130987,0.3532963484171964,1.0377028131835047,1.6799156967340532,0.09732226,1.5138192,,
ds005289,sub-011,1,Cz,1000.0,-1.99165940284729,0.316,11.296327590942383,0.489,13.287986993789673,0.15209460288051696,30.0-100.0,,-42.11748991536541,0.0,0.0,0.0,2.0524966821540147,0.16087425486706722,0.6089190309189829,0.5917301067605224,0.19201798151358823,0.5050580678731384,0.42404251549351596,0.2809588095284251,1.030566198828805,1.728317256286602,0.07869713,1.7297579,,
ds005289,sub-011,2,Cz,1000.0,-5.880743503570557,0.204,8.749600410461426,0.47,14.630343914031982,0.27251957395473675,30.0-100.0,,-655.8755570241125,0.0,0.0,0.0,1.6539859643671662,0.11978372937435176,0.5028860847064621,0.32576552866485803,0.4975682908868738,0.5090859482674843,0.41421804917155486,0.2988395701437514,1.0363382082480932,1.696663264398342,0.07516133,1.9883604,,
ds005289,sub-011,3,Cz,1000.0,-5.047534942626953,0.321,5.6489081382751465,0.432,10.6964430809021,0.28079343481367264,30.0-100.0,,-48.84418519949844,0.0,0.0,0.0,1.1118453840026632,0.29030406042469553,0.43689545776975447,0.7109710703664275,0.2534869388485866,0.5099833937735062,0.4014278676676226,0.27465931188539994,1.031519791650888,1.7470204486661216,0.076095544,1.8907597,,
ds005289,sub-011,4,Cz,1000.0,-7.001745223999023,0.337,5.38083553314209,0.525,12.382580757141113,0.053182973894144725,30.0-100.0,,-76.81363670835599,0.0,0.0,0.0,1.9590873271226883,0.1565039509006062,0.47922035047366784,0.5125199117157246,0.44027662585694766,0.5099342440825895,0.41187551617689006,0.3283303293079174,1.0353284120258528,1.7015295643729749,0.09523227,1.4737691,,
ds005289,sub-011,5,Cz,1000.0,-6.753662109375,0.246,8.124471664428711,0.425,14.878133773803711,0.1884865066056015,30.0-100.0,,-52.39835512675337,0.0,0.0,0.0,0.957739946898073,0.20585113336058988,0.4900251263685532,0.6000787950777631,0.4513460531674991,0.5098307146150184,0.3980776458822235,0.25404985372396777,1.0372524040814886,1.7269170926591582,0.0691723,2.1839452,,
ds005289,sub-011,6,Cz,1000.0,-4.155381202697754,0.316,3.613220691680908,0.539,7.768601894378662,0.1384417268538503,30.0-100.0,,-36.92008176851541,0.0,0.0,0.0,0.7740592700429261,0.09657882170676983,0.16899635781203623,0.6161399925940426,0.20668064003334854,0.51189772624116,0.41390613237938806,0.2822373825921423,1.0360087564469094,1.7134430202721804,0.08700583,1.6870857,,
ds005289,sub-011,7,Cz,1000.0,-4.1816911697387695,0.162,9.108866691589355,0.418,13.290557861328125,0.03452644808167041,30.0-100.0,,-4.772934345338859,0.0,0.0,0.0,1.1568012123461813,0.26765483614532654,0.3900457052583866,0.3020933412370416,0.13179245646676485,0.5087939859405114,0.42140763991550895,0.3081110468752665,1.0386772663979258,1.7082446273435208,0.08579562,1.8110582,,
ds005289,sub-011,8,Cz,1000.0,-4.505814552307129,0.25,8.936532974243164,0.38,13.442347526550293,0.04705638298665245,30.0-100.0,,-272.182217191629,0.0,0.0,0.0,1.3342777092475444,0.12228218820431892,0.21926080896396372,0.6978403261942996,0.16983647346682176,0.5007174879298041,0.4046851066624773,0.2933478099874583,1.0343251821446795,1.7484624495843664,0.08511026,1.6770595,,
ds005289,sub-011,9,Cz,1000.0,-4.831535339355469,0.247,13.404678344726562,0.446,18.23621368408203,0.11927287239239195,30.0-100.0,,-61.52095569348332,0.0,0.0,0.0,1.5029514324851334,0.11046149856034586,0.34109935391971863,0.5460672072088558,0.3961021984328689,0.49271069733807943,0.3875250136993992,0.24554722071557386,1.028168447935909,1.7950578746645334,0.073591135,1.7808735,,
ds005289,sub-012,0,Cz,1000.0,-24.777931213378906,0.289,42.582252502441406,0.387,67.36018371582031,0.16380734855861792,30.0-100.0,,10.725903515277329,0.0,0.0,0.0,3.941612085327506,0.07581193552648469,0.6365107730802017,0.7329430441016942,0.3123790438082128,0.4681743581165882,0.22752555458939944,0.11530376899744146,1.0113658610037835,1.901680899984177,0.03867501,2.5537004,,
ds005289,sub-012,1,Cz,1000.0,-27.114994049072266,0.251,46.888580322265625,0.348,74.00357437133789,0.03516051728573791,30.0-100.0,,-71.57560968116164,0.0,0.0,0.0,2.628430724143982,0.0627978714362945,0.42102973713416386,0.6393137532787502,0.4000142211809546,0.48370139392483535,0.259290916746928,0.07852088913786502,1.0132896922327683,1.9342913662992571,0.033676665,2.5245488,,
ds005289,sub-012,2,Cz,1000.0,-19.622764587402344,0.202,15.626802444458008,0.3,35.24956703186035,0.10524025654407021,30.0-100.0,,-173.61367062830092,0.0,0.0,0.0,4.398060933453962,0.05782804272068398,0.6365043751065358,0.2025694343449697,0.6128117372470081,0.48514956435288553,0.3170502071365452,0.16023765514310748,1.0199392674137462,1.884796357644078,0.053335473,1.9468921,,
ds005289,sub-012,3,Cz,1000.0,-38.172157287597656,0.264,41.61617660522461,0.364,79.78833389282227,0.19654056407505602,30.0-100.0,,-1901.2597248040286,0.0,0.0,0.0,3.515356162097305,0.0883262182381217,0.6630267388983448,0.6689167713304526,0.7283240647332732,0.46532487108999404,0.24756443639505477,0.07468814032442386,1.008452497714204,1.9203536942183301,0.03478788,2.1572447,,
ds005289,sub-012,4,Cz,1000.0,-54.502811431884766,0.239,42.874149322509766,0.338,97.37696075439453,0.08003075645345026,30.0-100.0,,-922.7325868153081,0.0,0.0,0.0,2.14620481710881,0.07504380192671634,0.49104758306363105,0.6305383773960955,0.797622388188262,0.4619544304247052,0.2532475299247449,0.06063965414583301,1.011168442510766,1.9591113430700788,0.031784207,2.05495,,
ds005289,sub-012,5,Cz,1000.0,-29.921998977661133,0.276,45.946773529052734,0.377,75.86877250671387,0.04151897886638979,30.0-100.0,,-241.21008616491264,0.0,0.0,0.0,1.8822318234015256,0.04117260536196099,0.5806517768249841,0.774067106889929,0.6087092299849598,0.46478968227147766,0.2030499944325143,0.07475062275244013,1.0053418262145675,1.947799705961699,0.029177679,2.2701716,,
ds005289,sub-012,6,Cz,1000.0,-30.14042854309082,0.265,44.589324951171875,0.339,74.7297534942627,0.10708704718449813,30.0-100.0,,-107.5631176333818,0.0,0.0,0.0,5.02821386908181,0.10300073721845882,0.7890228476619606,0.5349628408998408,0.8245350596879648,0.4748078054888412,0.2737651690272076,0.09430897548587514,1.0103526464054515,1.8753441434505282,0.038161315,2.1192997,,
ds005289,sub-012,7,Cz,1000.0,-31.34943962097168,0.245,44.335391998291016,0.358,75.6848316192627,0.12217243343142989,30.0-100.0,,-124.2616013707414,0.0,0.0,0.0,3.8939666701480746,0.12471584340656428,0.7449226448590021,0.6239353908284047,0.49963671445794344,0.4578653725908975,0.27302860449487415,0.10591339258217566,1.0103028654727295,1.9416922150920455,0.038232826,2.057751,,
ds005289,sub-012,8,Cz,1000.0,-27.46384620666504,0.239,44.30219268798828,0.346,71.76603889465332,0.1265017087305753,30.0-100.0,,-140.81941033653865,0.0,0.0,0.0,1.7483645933680236,0.13036177614214606,0.8008139988913484,0.4339191482829153,0.4231200792852643,0.4735429012185485,0.2597588775111228,0.06997992385456006,1.0115726139126713,1.9664843627166704,0.030844845,2.5506504,,
ds005289,sub-012,9,Cz,1000.0,-23.9766788482666,0.244,45.933143615722656,0.338,69.90982246398926,0.038951309780904664,30.0-100.0,,-179.01435652204242,0.0,0.0,0.0,3.7588030681945384,0.07459072021153562,0.7479760987906376,0.49337796113909743,0.8413462906169186,0.46781491591704266,0.28156695442863766,0.09497924573991633,1.0116252580644374,1.936183173666252,0.036075458,2.2276397,,
ds005289,sub-013,0,Cz,1000.0,-29.906543731689453,0.264,22.920930862426758,0.359,52.82747459411621,0.27204900342892024,30.0-100.0,,-360.27329005298736,0.0,0.0,0.0,4.721267847344279,0.4128135776532461,0.5761543798463424,0.5876444297993796,0.3533929203675752,0.5026396823817916,0.2949249391490915,0.16518057080381765,1.0305151840031743,1.7960883629005766,0.05257842,2.4459608,,
ds005289,sub-013,1,Cz,1000.0,-25.822097778320312,0.195,30.202091217041016,0.345,56.02418899536133,0.17358916448755035,30.0-100.0,,-134.22591444776373,0.0,0.0,0.0,3.3803489059209824,0.26784090729979615,0.42352597565488187,0.6160245085752131,0.47460587284522776,0.49492448414389323,0.2801687798522876,0.10397273170308657,1.0215497379143683,1.887942036584936,0.03754354,3.2456262,,
ds005289,sub-013,2,Cz,1000.0,-29.060041427612305,0.231,21.17485809326172,0.394,50.23489952087402,0.07306300189008959,30.0-100.0,,-70.48032682044298,0.0,0.0,0.0,2.7540199225768447,0.1437117441638741,0.605381166064538,0.4418488803332572,0.14056715139600415,0.49151950694081764,0.29171583274504703,0.09858002609639248,1.0221660224970224,1.870924165548524,0.0367478,3.0962842,,
ds005289,sub-013,3,Cz,1000.0,-33.09016036987305,0.217,22.77896499633789,0.339,55.86912536621094,0.05612940709362815,30.0-100.0,,-284.8632032397814,0.0,0.0,0.0,2.3806679528206587,0.13772222045577154,0.2662419891748866,0.6599868730199075,0.3633598329303053,0.46514996959030347,0.27984291482027046,0.09176451124152785,1.0129744241179175,1.8996015566911932,0.0371204,2.5660777,,
ds005289,sub-013,4,Cz,1000.0,-6.976998329162598,0.3,6.355223655700684,0.478,13.332221984863281,0.41940133386172274,30.0-100.0,,37.21595982281538,0.0,0.0,0.0,3.2738304580561817,0.5562432905210557,0.30371896670115356,0.48719859438841484,0.2599516216887696,0.5108435563742418,0.34774989129327477,0.22035074217862416,1.0403125566454212,1.726608249591361,0.062470008,2.3877301,,
ds005289,sub-013,5,Cz,1000.0,-49.943939208984375,0.232,30.731836318969727,0.332,80.6757755279541,0.19288351599350795,30.0-100.0,,-704.1278527252981,0.0,0.0,0.0,2.7060225256718695,0.23165339881495162,0.5329093827345256,0.4953430948757891,0.388929045172447,0.5003601105175232,0.27607699243413464,0.06157774867747746,1.020242511315673,1.9038843541185357,0.035674337,2.5526857,,
ds005289,sub-013,6,Cz,1000.0,-27.50135040283203,0.212,18.56610107421875,0.396,46.06745147705078,0.2807030416347688,30.0-100.0,,-180.87369919004797,0.0,0.0,0.0,4.971598042175174,0.28469856157765233,0.5693595502163348,0.5796472561809545,0.2954587693973663,0.5021287857186955,0.34697497939013605,0.1479407476478544,1.027458400617031,1.817995874153282,0.05003413,2.5227046,,
ds005289,sub-013,7,Cz,1000.0,-26.77634620666504,0.246,18.807634353637695,0.392,45.583980560302734,0.25635943775288283,30.0-100.0,,-469.627065807248,0.0,0.0,0.0,2.1219286718405783,0.3029201797428976,0.5847156430690902,0.2961103590472406,0.3929653799827285,0.4980619867023855,0.2796310564635011,0.1504873489523523,1.0264108597284376,1.8169849319968785,0.04758298,2.6506212,,
ds005289,sub-013,8,Cz,1000.0,-12.901012420654297,0.228,15.940513610839844,0.372,28.84152603149414,0.008292420439325737,30.0-100.0,,42.72181990442523,0.0,0.0,0.0,1.9341905717737973,0.20064995332868749,0.5213920811114302,0.5028877764650108,0.15858348244743692,0.4995317712705651,0.3165784711404477,0.14136544109138297,1.0258792503632475,1.8605611896498269,0.044883866,2.8036506,,
ds005289,sub-014,0,Cz,1000.0,-22.47246742248535,0.245,30.185964584350586,0.397,52.65843200683594,0.020049756232896898,30.0-100.0,,-111.00669681905342,0.0,0.0,0.0,1.6247507010120898,0.12916580328917182,0.4643950035977322,0.28480842384710603,0.1987977716451473,0.48249976801176947,0.176436684208532,0.06755602294227366,1.0146787171191674,1.9057388832409818,0.029916726,3.4544768,,
ds005289,sub-014,1,Cz,1000.0,-42.8983039855957,0.236,15.00194263458252,0.361,57.90024662017822,0.21179629427078225,30.0-100.0,,-166.8958464989391,0.0,0.0,0.0,1.8039250862784684,0.16407146615123047,0.494901776618943,0.27483490865770316,0.3110998607886494,0.49577795985720685,0.25836319331203733,0.06293509501848987,1.0223270754850062,1.8904312588500607,0.033708792,2.8693962,,
ds005289,sub-014,2,Cz,1000.0,-38.33732604980469,0.241,14.702885627746582,0.437,53.04021167755127,0.22864105322587153,30.0-100.0,,-1087.3767264067155,0.0,0.0,0.0,2.0356991444714367,0.19025363317112798,0.48447546928292906,0.5180871794877839,0.09117490796106145,0.4976874864448282,0.2609553300926337,0.07279095934556204,1.0225316022225037,1.8501256221071052,0.032649063,2.98873,,
ds005289,sub-014,3,Cz,1000.0,-29.321399688720703,0.226,13.819231986999512,0.355,43.140631675720215,0.6197051559064893,30.0-100.0,,-261.7763516337057,0.0,0.0,0.0,0.8891460165614262,0.34061143556646245,0.5779017837176489,0.19985727963258065,0.22765719418299774,0.48183581792439606,0.24941568581378884,0.09470227508436661,1.0230935980929106,1.902119416381706,0.036152337,3.4004908,,
ds005289,sub-014,4,Cz,1000.0,-41.227272033691406,0.257,25.377613067626953,0.391,66.60488510131836,0.13360750719150494,30.0-100.0,,-308.1671366374413,0.0,0.0,0.0,1.915413304232061,0.11251832843353973,0.7522332339076601,0.180372314035863,0.568615486475127,0.49201010993508265,0.18409630633769758,0.048865567577701836,1.0164248891242238,1.9476366951289033,0.027783213,3.2088926,,
ds005289,sub-014,5,Cz,1000.0,-43.18534469604492,0.222,21.61101531982422,0.346,64.79636001586914,0.05903004770044934,30.0-100.0,,-1120.3549422457972,0.0,0.0,0.0,2.6417941553518176,0.08883886413103836,0.5655748537063097,0.17944134639285578,0.2632595269338569,0.4858269566303047,0.2728042305534031,0.055122413087616624,1.0186579968998848,1.8883188787237435,0.03008613,3.2310812,,
ds005289,sub-014,6,Cz,1000.0,-41.623260498046875,0.224,25.810312271118164,0.361,67.43357276916504,0.05599414922297379,30.0-100.0,,-111.04968172659665,0.0,0.0,0.0,1.599319017259404,0.09175840804603874,0.5284199632930537,0.34952370620927864,0.3663739706808371,0.49237379334214537,0.24472746132127787,0.051947039702753384,1.0138505178929338,1.9362048667098088,0.028345589,2.9774978,,
ds005289,sub-014,7,Cz,1000.0,-12.240796089172363,0.217,12.149039268493652,0.404,24.389835357666016,0.047047504483102576,30.0-100.0,,-157.5288942658336,0.0,0.0,0.0,1.3176777865737677,0.07712492527836047,0.4160567245346498,0.15512239441315467,0.1494964008612436,0.48684238306338007,0.31896231855351687,0.15947223906487504,1.0254269979565813,1.8551505553216923,0.046338886,2.470971,,
ds005289,sub-014,8,Cz,1000.0,-33.00120544433594,0.218,19.707473754882812,0.372,52.70867919921875,0.05850997935808594,30.0-100.0,,-1187.5697501410746,0.0,0.0,0.0,2.4984583142213523,0.07414024173053868,0.5629275705094398,0.26743590642908693,0.05059145611122188,0.4814660390674992,0.24638183309003703,0.05971459122245394,1.0189460560134027,1.8999720763270989,0.029675737,3.251829,,
ds005289,sub-014,9,Cz,1000.0,-35.77471923828125,0.222,25.153846740722656,0.349,60.928565979003906,0.02981929486666618,30.0-100.0,,-353.3123167809841,0.0,0.0,0.0,2.114298433298245,0.061832962778299305,0.4910016888857737,0.39112830109988245,0.5336379967551994,0.478616378222765,0.2699295852171507,0.056465490858703886,1.0132122951602947,1.917738236754473,0.028479828,2.9965148,,
ds005289,sub-015,0,Cz,1000.0,-8.181417465209961,0.261,15.846700668334961,0.422,24.028118133544922,0.1223934830704113,30.0-100.0,,-235.05859798240402,0.0,0.0,0.0,1.189555914606899,0.1654032243276495,0.24408482802834808,0.3417643308072836,0.3476691874679418,0.5035922809559189,0.30596070638129724,0.1439740805829674,1.0345150735768565,1.7695599271623321,0.048268784,2.9015648,,
ds005289,sub-015,1,Cz,1000.0,-14.191140174865723,0.236,16.18644905090332,0.386,30.377589225769043,0.16438038176011224,30.0-100.0,,-115.48788754782255,0.0,0.0,0.0,1.0052599536720663,0.18835975098195015,0.4599237495778872,0.3201377283775736,0.12264671440574255,0.5027406867126375,0.2570411134391315,0.09929648809175833,1.0307512572609712,1.7825706830262233,0.035173316,3.66713,,
ds005289,sub-015,2,Cz,1000.0,-12.571414947509766,0.284,4.866611480712891,0.364,17.438026428222656,0.08971619656711946,30.0-100.0,,-20.799695916778045,0.0,0.0,0.0,0.8509793115081266,0.10206112905743712,0.3837285075184402,0.45511635949859636,0.36763369926594225,0.49003579864792096,0.3096664723845809,0.1867274619006225,1.023184073207137,1.8569985630583405,0.056458674,2.1863952,,
ds005289,sub-015,3,Cz,1000.0,-13.229263305664062,0.256,11.889902114868164,0.385,25.119165420532227,0.1031780139276058,30.0-100.0,,-296.3727462134127,0.0,0.0,0.0,1.0361132444813848,0.06882808390246131,0.6792289128290845,0.5340715308841707,0.32676574854063606,0.4858229218272517,0.2375583589645213,0.10864002629306191,1.0201290549863278,1.8773813951111917,0.038470343,2.8851867,,
ds005289,sub-015,4,Cz,1000.0,-5.902734279632568,0.295,9.78901481628418,0.451,15.691749095916748,0.0707343066403877,30.0-100.0,,37.5059115992242,0.0,0.0,0.0,1.15167727926746,0.06694551741766741,0.11791691720671889,0.1852396947532211,0.26549256523627623,0.5030353762805352,0.35308967929267737,0.20501632056448155,1.0313216439584854,1.7720790848665453,0.058701184,2.3232698,,
ds005289,sub-015,5,Cz,1000.0,-16.60372543334961,0.256,6.582371711730957,0.432,23.186097145080566,0.16017050234901162,30.0-100.0,,5.686810875548649,0.0,0.0,0.0,1.1126206954941154,0.14435272931487317,0.3688295736889424,0.15285613966715034,0.3377949599845779,0.4954521158914417,0.2962169257845914,0.15137709488794454,1.0332105473747393,1.7822943525277295,0.045707222,2.835531,,
ds005289,sub-015,6,Cz,1000.0,-9.787144660949707,0.243,9.837961196899414,0.479,19.62510585784912,0.09923996429418083,30.0-100.0,,42.155910579730715,0.0,0.0,0.0,1.5997089794836938,0.13009602411269416,0.28500786654506527,0.19969776700658673,0.4335251860423864,0.5019125337162681,0.3642645250301964,0.1855578125647103,1.0265771073312484,1.7467423667195017,0.055887006,2.3703558,,
ds005289,sub-015,7,Cz,1000.0,-7.874838829040527,0.259,9.926902770996094,0.392,17.80174160003662,0.12872617549439583,30.0-100.0,,-11.322882606855247,0.0,0.0,0.0,1.0095857724081725,0.09243159635091269,0.19860326250796512,0.4317146072204138,0.5149058064576106,0.5111855423677455,0.3583040113536583,0.2256191405306603,1.0299960783057485,1.7721202046117104,0.06449148,2.0486639,,
ds005289,sub-015,8,Cz,1000.0,-2.372786283493042,0.243,17.029451370239258,0.366,19.4022376537323,0.09620769587893607,30.0-100.0,,-116.76204843465214,0.0,0.0,0.0,1.391534140566364,0.09287020634405306,0.34382416592718545,0.27917671402889255,0.5779271366372811,0.5052525941606644,0.3130696884285545,0.11102422084727884,1.0274387895211243,1.8168146299046726,0.03943794,3.2360337,,
ds005289,sub-015,9,Cz,1000.0,-9.083078384399414,0.256,7.948105812072754,0.411,17.031184196472168,0.029099760035759467,30.0-100.0,,23.114716195907672,0.0,0.0,0.0,1.2174324656371027,0.05120317046836457,0.40148989957046805,0.6379021690310573,0.1661593534570203,0.48575864715551614,0.337382828068216,0.20752207008754672,1.0190900769042388,1.8477396053979651,0.057010982,2.0196984,,
ds005289,sub-016,0,Cz,1000.0,-13.73092269897461,0.237,5.07187557220459,0.37,18.8027982711792,0.9984991940181677,30.0-100.0,,-1.5915833989458112,0.0,0.0,0.0,1.9845680217258632,0.2695766270613552,0.24255274693400852,0.44107650279613475,0.039541198708154666,0.5078443816997446,0.3228939324538542,0.1976661615736542,1.0372227422314135,1.7369610681724177,0.06774408,2.1762755,,
ds005289,sub-016,1,Cz,1000.0,-24.627952575683594,0.282,7.019550323486328,0.504,31.647502899169922,0.15861108115133166,30.0-100.0,,-623.5456782882059,0.0,0.0,0.0,1.8165655783377588,0.1293367545625087,0.4900587107436056,0.34070930436301966,0.3701356169621222,0.4901827254259957,0.257182761044635,0.13068422221613588,1.0223392682348866,1.8420270295592975,0.043541778,2.4799035,,
ds005289,sub-016,2,Cz,1000.0,-27.923967361450195,0.23,11.326168060302734,0.346,39.25013542175293,0.27528504233500717,30.0-100.0,,-274.36661178728735,0.0,0.0,0.0,2.80625227605924,0.2775964701688949,0.8999473952291808,0.09496511439055978,0.5352888053428804,0.4848880026987644,0.30964451969173307,0.13714279299223814,1.0228451461594161,1.821888876309204,0.044074908,2.8292928,,
ds005289,sub-016,3,Cz,1000.0,-28.03042984008789,0.245,10.59053897857666,0.337,38.62096881866455,0.08964857777042506,30.0-100.0,,-189.95685894303276,0.0,0.0,0.0,1.7401563236489892,0.18339642771373482,0.6633260736821737,0.5449870558038304,0.5779200569626395,0.49557971156102115,0.2795162620295493,0.11857063682781135,1.0235666808207564,1.8517720675887221,0.041896146,2.6028073,,
ds005289,sub-016,4,Cz,1000.0,-29.346088409423828,0.245,4.712832450866699,0.365,34.05892086029053,0.011777157494474852,30.0-100.0,,-697.3224656887788,0.0,0.0,0.0,0.9686300909379497,0.0847257272004135,0.47296823053517517,0.1449773166377854,0.4158974696004431,0.49509148531581876,0.27298778489524456,0.09671405176535061,1.023097357872563,1.8669223890402713,0.039269645,2.747901,,
ds005289,sub-016,5,Cz,1000.0,-36.61836624145508,0.25,16.581201553344727,0.526,53.199567794799805,0.16423873106751874,30.0-100.0,,-814.4827601227041,0.0,0.0,0.0,2.2505728993564844,0.1438844216805589,0.6972553125831806,0.600727435230265,0.6387830933348277,0.4727921035226342,0.2566341969087716,0.10705418780345438,1.0172046642199888,1.8683180628164047,0.038741186,2.615522,,
ds005289,sub-016,6,Cz,1000.0,-32.48208999633789,0.233,12.793219566345215,0.343,45.275309562683105,0.08986537184058063,30.0-100.0,,-434.4606252036873,0.0,0.0,0.0,2.2164980764500797,0.13741427223884842,0.6220026685865938,0.3983698190097951,0.5922028173926472,0.48867294222976376,0.2841954062590357,0.1002097653743368,1.0160231036698135,1.8966033096180392,0.042666174,2.2990606,,
ds005289,sub-016,7,Cz,1000.0,-21.060197830200195,0.276,14.509167671203613,0.391,35.56936550140381,0.1376212122230847,30.0-100.0,,-36.78563681079711,0.0,0.0,0.0,2.022843633312732,0.1589887240367061,0.806006038516521,0.1595625986333583,0.4459694947102289,0.4962154225501377,0.29007997410497177,0.12630344004000754,1.0220639323549772,1.796002131734132,0.043581057,2.6712582,,
ds005289,sub-016,8,Cz,1000.0,-39.415550231933594,0.258,15.65877914428711,0.362,55.0743293762207,0.10869229783666556,30.0-100.0,,-136.97113468182843,0.0,0.0,0.0,1.9016964361071587,0.2605572591304903,0.6807985056191342,0.6115257071260816,0.7903247730941678,0.4729010410438146,0.24353232061618424,0.10610842427977228,1.012277522100031,1.8898378389372752,0.04078653,2.4348602,,
ds005289,sub-017,0,Cz,1000.0,-13.811067581176758,0.251,17.357080459594727,0.324,31.168148040771484,0.045689697803000945,30.0-100.0,,-221.62238035533002,0.0,0.0,0.0,1.425040711183101,0.09172462929675929,0.32636397518745447,0.7120087288583608,0.3899439112735882,0.49591999371561635,0.3162522123574636,0.16088233337103663,1.0239974315260831,1.8663053862416832,0.049897283,2.372386,,
ds005289,sub-017,1,Cz,1000.0,-22.047225952148438,0.252,4.101555824279785,0.527,26.148781776428223,0.015388643997025706,30.0-100.0,,4.152383893579476,0.0,0.0,0.0,0.9036370029207319,0.06926909905090664,0.43410133294717373,0.38103230510837804,0.12366455546413378,0.4912155347052479,0.2992186230774584,0.12259997677848439,1.0220759535805546,1.8252428771739175,0.042784233,2.5103116,,
ds005289,sub-017,2,Cz,1000.0,-32.37373733520508,0.248,15.914730072021484,0.347,48.28846740722656,0.026863528327291872,30.0-100.0,,-167.57956658753213,0.0,0.0,0.0,1.444428227841854,0.08906003513379362,0.557027363710277,0.21024994935374616,0.6063669654996943,0.4746278757921793,0.26773023715753463,0.09278766162138724,1.0205219414981825,1.9165951855609167,0.035883956,2.7125883,,
ds005289,sub-017,3,Cz,1000.0,-25.441556930541992,0.27,9.763278007507324,0.382,35.204834938049316,0.10154847720016177,30.0-100.0,,-58.79517189066642,0.0,0.0,0.0,1.3864314896636643,0.06073160259380955,0.7029545778226204,0.7337674050763209,0.09944316202567596,0.4732518928339576,0.2728263607035875,0.11710928800882972,1.0131572892878402,1.8929992695854938,0.04351065,2.0698688,,
ds005289,sub-017,4,Cz,1000.0,-24.512008666992188,0.242,18.696733474731445,0.373,43.20874214172363,0.014033917040249394,30.0-100.0,,-151.32707101523326,0.0,0.0,0.0,1.1355848691891879,0.03680710746132784,0.6001064531293178,0.480206059894915,0.27436197287711067,0.48631401743665853,0.2870603100932141,0.09016932063649175,1.0124390118758113,1.9195936158971598,0.03660998,2.2221549,,
ds005289,sub-017,5,Cz,1000.0,-19.666593551635742,0.239,19.50767707824707,0.337,39.17427062988281,0.013750652615754713,30.0-100.0,,-110.12860656804774,0.0,0.0,0.0,1.0259916016366333,0.06122529069195817,0.5063837961595126,0.5967611999198745,0.4928321289931274,0.4911288972249327,0.27736454664675414,0.0929071830690501,1.0180806216279996,1.9028341876041575,0.034204658,2.7840853,,
ds005289,sub-017,6,Cz,1000.0,-24.420663833618164,0.243,10.920921325683594,0.353,35.34158515930176,0.09970974754532243,30.0-100.0,,-398.9531313050637,0.0,0.0,0.0,1.0870441910810769,0.1059424407492942,0.19917279991505119,0.57403733273167,0.47179698917991547,0.4925100777401709,0.30078701327379237,0.12100801498888453,1.0211258645914165,1.9034805442979916,0.040939797,2.4076633,,
ds005289,sub-017,7,Cz,1000.0,-19.333274841308594,0.24,18.845151901245117,0.327,38.17842674255371,0.02346889504590416,30.0-100.0,,-535.8760063008655,0.0,0.0,0.0,0.9439149289391935,0.052769293507592616,0.6593069886480974,0.326954978817319,0.7603856341218838,0.4831767183615563,0.29198994561945363,0.09036595913578292,1.0136761359365625,1.9035345121681346,0.03415186,2.6835544,,
ds005289,sub-017,8,Cz,1000.0,-18.751644134521484,0.263,12.667232513427734,0.346,31.41887664794922,0.060666658362308265,30.0-100.0,,0.39523927366819617,0.0,0.0,0.0,1.7351745918858796,0.11751831892088324,0.7423916897553623,0.7198427506826779,0.3917021342830896,0.4744066143563706,0.2971782059076713,0.1770221476413155,1.0168448110477863,1.8519679768792197,0.050908208,2.1291466,,
ds005289,sub-017,9,Cz,1000.0,-16.013530731201172,0.248,15.505922317504883,0.335,31.519453048706055,0.11452982836967357,30.0-100.0,,-39.437746169182134,0.0,0.0,0.0,1.3439436443150043,0.045979512018675534,0.3700783989078985,0.5729004293417914,0.13981801810856384,0.47146131661676444,0.30424493683887577,0.12433347469118353,1.0187358129188884,1.9051709914216532,0.041247,2.372695,,
ds005289,sub-018,0,Cz,1000.0,-3.8385190963745117,0.304,8.912158966064453,0.5,12.750678062438965,0.20567848684646672,30.0-100.0,,-57.61325509806189,0.0,0.0,0.0,1.0452786809764802,0.15824696797842866,0.29187039497837114,0.5691122264396293,0.021606809882674462,0.5048051693493529,0.35196852123622496,0.26077015683000304,1.032647161347015,1.759027350582618,0.06928493,2.0212986,,
ds005289,sub-018,1,Cz,1000.0,-11.441229820251465,0.229,12.038479804992676,0.346,23.47970962524414,0.050587007915464666,30.0-100.0,,-721.7519483980733,0.0,0.0,0.0,0.7162092952057719,0.1977617744497121,0.23902898037042944,0.28630969779309196,0.4999045022780701,0.5053446029284997,0.32550831441549777,0.13004542817312206,1.0292958214558803,1.8573554930111276,0.039566692,3.3159072,,
ds005289,sub-018,2,Cz,1000.0,-9.688285827636719,0.3,6.186712265014648,0.473,15.874998092651367,0.05314548184795487,30.0-100.0,,-135.63208873259006,0.0,0.0,0.0,1.680935500189662,0.09999884378666946,0.3374040575521203,0.6436952933126332,0.29680478028201795,0.4775210543212215,0.3522375150527392,0.17789094916604128,1.0222433536055762,1.8849636398862846,0.05552002,1.9114413,,
ds005289,sub-018,3,Cz,1000.0,-11.214216232299805,0.292,17.862581253051758,0.387,29.076797485351562,0.12272606484271201,30.0-100.0,,-44.927276477131734,0.0,0.0,0.0,1.7482007388025522,0.10233752137694951,0.6505749194623308,0.37942601341005183,0.2008508946728121,0.49097098711356585,0.2613346600367681,0.11881038786031603,1.0234078924392926,1.87053935765603,0.042505838,2.749107,,
ds005289,sub-018,4,Cz,1000.0,-13.70932388305664,0.269,12.119929313659668,0.51,25.82925319671631,0.2056923414187899,30.0-100.0,,-89.94269128626232,0.0,0.0,0.0,1.221983606228605,0.08038939903904763,0.7210932299813156,0.3779207652792106,0.21006984052649316,0.49771427392876694,0.30428164660726054,0.12130205273294603,1.0267714094275466,1.812422781112261,0.042559285,2.6932504,,
ds005289,sub-018,5,Cz,1000.0,-11.270694732666016,0.219,8.26131534576416,0.39,19.532010078430176,0.022411264738142825,30.0-100.0,,49.24123851697578,0.0,0.0,0.0,3.0964637408033013,0.15753356489058362,0.6632260961400609,0.2828439205190145,0.4813117898953657,0.48173186471412743,0.35181655147147345,0.20536177146704637,1.0166924212425212,1.829805669422884,0.057213753,2.0038383,,
ds005289,sub-018,6,Cz,1000.0,-20.136343002319336,0.236,8.590911865234375,0.421,28.72725486755371,0.1310771689174489,30.0-100.0,,-16.132409714453008,0.0,0.0,0.0,2.431915170745924,0.1416387334253035,0.6452149380462888,0.29776076796642564,0.32989928958673975,0.49736430127490383,0.31418824209202817,0.15054912157917505,1.0261319559678785,1.7733769023487742,0.05115458,2.4158573,,
ds005289,sub-018,7,Cz,1000.0,-12.86652946472168,0.23,12.158506393432617,0.316,25.025035858154297,0.13520250061738875,30.0-100.0,,26.67172318626895,0.0,0.0,0.0,1.9123979145660996,0.0646226324045665,0.60658619893362,0.4634577968423441,0.3694092630158322,0.4880375373018048,0.3763739157953006,0.18125866918281816,1.0201841872123762,1.8404581639726492,0.05534982,2.148831,,
ds005289,sub-018,8,Cz,1000.0,-14.05613899230957,0.269,18.458457946777344,0.434,32.514596939086914,0.23684058216077802,30.0-100.0,,49.522494479713075,0.0,0.0,0.0,0.8742935897316784,0.12743979417059043,0.45864666976051577,0.2903668291019708,0.3839542430670287,0.48522400154185547,0.2517181826373452,0.09638677517577787,1.020355529536518,1.8750127938202172,0.03356938,3.4028723,,
ds005289,sub-018,9,Cz,1000.0,-12.362210273742676,0.23,17.80480194091797,0.406,30.167012214660645,0.19628166455666402,30.0-100.0,,-10.371848686191726,0.0,0.0,0.0,0.8666108478792012,0.14831975804324887,0.5693765249277963,0.291133719910479,0.3443688317387816,0.48860550542750303,0.2693122780076374,0.1125916107705559,1.0207911449657192,1.8170579353792564,0.036388166,3.2796743,,
ds005289,sub-019,0,Cz,1000.0,-17.873075485229492,0.325,26.904268264770508,0.438,44.77734375,0.04218131899435748,30.0-100.0,,-347.0433047493823,0.0,0.0,0.0,0.5378631612984464,0.05087166122799691,0.9039404786446499,0.6156353290381003,0.7094151665922369,0.48133792929984415,0.23352307850777812,0.0707403565545483,1.0103797383586328,1.972863863753794,0.03392527,2.3591247,,
ds005289,sub-019,1,Cz,1000.0,-3.9828333854675293,0.35,5.116789817810059,0.3,9.099623203277588,0.059367688913957405,30.0-100.0,,-2.2751883367561354,0.0,0.0,0.0,0.5971852951915935,0.05789528862590321,0.6553826048569165,0.16308786342438022,0.36882258363454773,0.5000541038259843,0.3072334800704114,0.1567251255982551,1.0282913466023764,1.8300910437875202,0.047105096,2.7711937,,
ds005289,sub-019,2,Cz,1000.0,1.2787166833877563,0.297,5.176159858703613,0.322,3.897443175315857,0.05744679685282836,30.0-100.0,,-365.62517775040044,0.0,0.0,0.0,0.41173667705152184,0.06342949257259863,0.31509247540764607,0.40127225825845475,0.3834067846551669,0.49422105285834456,0.30904723324749067,0.15826843742854302,1.0265758518203996,1.8543067893453977,0.045524325,2.6583357,,
ds005289,sub-019,3,Cz,1000.0,-14.748856544494629,0.263,6.463397026062012,0.363,21.21225357055664,0.027852494021109696,30.0-100.0,,-118.65803443161708,0.0,0.0,0.0,1.0759085125755519,0.05156429315660797,0.7166604395729687,0.4266818302034007,0.3625725057041675,0.4955754741989823,0.3204193169988034,0.16298711540229957,1.0211622903344735,1.8854765435044296,0.049348067,2.1858428,,
ds005289,sub-019,4,Cz,1000.0,-3.447572708129883,0.256,2.8046927452087402,0.35,6.252265453338623,0.18598294329014983,30.0-100.0,,-52.35749550125307,0.0,0.0,0.0,1.270382635993883,0.060812795189476264,0.40453657658137815,0.5375212145130334,0.5010329112818495,0.4856373727229668,0.3792188381140492,0.18337511264206527,1.0187355420237176,1.820608068960668,0.05857047,1.9898946,,
ds005289,sub-019,5,Cz,1000.0,-10.01797866821289,0.229,8.587188720703125,0.417,18.605167388916016,0.41174234982068947,30.0-100.0,,-256.9249041860356,0.0,0.0,0.0,0.5394103936851025,0.3061245415871116,0.7347182471873894,0.28125539672037164,0.24095626326633007,0.49699688963257294,0.3094559438171006,0.17101729091817702,1.0243541111722176,1.8694911971228896,0.052971024,2.5170999,,
ds005289,sub-019,6,Cz,1000.0,-14.776548385620117,0.284,-3.1174843311309814,0.499,11.659064054489136,0.023198589929874364,30.0-100.0,,63.824560098625874,0.0,0.0,0.0,0.725169520592317,0.0560780731151721,0.5710966638106346,0.146308632536126,0.20287648199528915,0.4884870778327087,0.35930499716590003,0.11857123329490021,1.023692033891038,1.8396104471104011,0.038341276,3.1336968,,
ds005289,sub-019,7,Cz,1000.0,-13.534300804138184,0.276,12.951608657836914,0.412,26.485909461975098,0.06859977275635101,30.0-100.0,,-36.294165888851055,0.0,0.0,0.0,0.4326835769461468,0.0442535743947097,0.5240236212032284,0.6186268969842729,0.3913259170592732,0.47500031523678077,0.2089426351882054,0.11648457711815109,1.016958921924114,1.9064283867155742,0.037956547,2.6181152,,
ds005289,sub-019,8,Cz,1000.0,-14.158784866333008,0.319,11.369508743286133,0.445,25.52829360961914,0.06268693831920072,30.0-100.0,,-360.8096286422804,0.0,0.0,0.0,0.9233723976649344,0.037656522613322474,0.48153930073531476,0.4964061628084754,0.22331118692783253,0.48756420256795685,0.305954172169107,0.13068740107063642,1.0182329402878139,1.9138328241046272,0.04423993,2.2159657,,
ds005289,sub-019,9,Cz,1000.0,-19.534732818603516,0.249,20.596370697021484,0.377,40.131103515625,0.006664499780364638,30.0-100.0,,-174.04416863444027,0.0,0.0,0.0,1.2469626672100276,0.04285243216040242,0.5721924023156019,0.4257168085227882,0.40661461171644325,0.47881171927136656,0.25267194564276896,0.08173827182807086,1.012606733253668,1.9277118264376194,0.031785686,2.9676924,,
ds005289,sub-020,0,Cz,1000.0,-2.5405991077423096,0.265,17.309289932250977,0.368,19.849889039993286,0.3498003389770348,30.0-100.0,,-153.47704502862499,0.0,0.0,0.0,7.503005093894899,0.213606226243699,0.6376220509784268,0.2590897188034323,0.3187423272904145,0.5071078156490466,0.40721572032543746,0.19971351000269216,1.0364172505091738,1.703059404000864,0.07294219,1.7985302,,
ds005289,sub-020,1,Cz,1000.0,-10.198149681091309,0.206,10.70881175994873,0.362,20.90696144104004,1.0103480813031565,30.0-100.0,,-119.3589681291293,0.0,0.0,0.0,4.475964931771159,0.5515994177758538,0.5947667438870418,0.32494545573078076,0.3891429524394083,0.5121532995297587,0.38450592082433066,0.2893794357261502,1.0348969991222172,1.7159317680676036,0.080688484,1.7719668,,
ds005289,sub-020,2,Cz,1000.0,-16.858476638793945,0.225,20.260391235351562,0.303,37.11886787414551,0.385966706610244,30.0-100.0,,53.3148460796775,0.0,0.0,0.0,6.476135575212538,0.1982752756948033,0.7972753098585238,0.04548922162452403,0.18768964053938095,0.4895813114151188,0.37916113564881554,0.16327680708824374,1.0207729023824041,1.8200882663142912,0.05785206,2.0904112,,
ds005289,sub-020,3,Cz,1000.0,-14.674943923950195,0.27,18.849220275878906,0.465,33.5241641998291,0.8550711956028748,30.0-100.0,,65.34705477014991,0.0,0.0,0.0,18.686991184949875,0.5002730408236942,0.47954752574870385,0.2349240804647752,0.2895407092896309,0.5004914175015382,0.41546449967137095,0.38465329787814845,1.0319253354364586,1.6936443868120075,0.0977018,1.3816822,,
ds005289,sub-020,4,Cz,1000.0,-11.524824142456055,0.206,14.685441017150879,0.528,26.210265159606934,0.018674882439125018,30.0-100.0,,-112.59210193900803,0.0,0.0,0.0,5.6531596928834915,0.1832649076843572,0.6310026044386784,0.46612124498045676,0.3625913574032414,0.4865271999974014,0.3633869230800322,0.21499404822665008,1.0197983256836907,1.8367299226262264,0.06609508,1.7703943,,
ds005289,sub-020,5,Cz,1000.0,-33.39610290527344,0.2,20.884042739868164,0.322,54.2801456451416,0.07145111227453184,30.0-100.0,,-1980.641899528237,0.0,0.0,0.0,8.460006501991302,0.1402355601264893,0.6680617216727647,0.2160281889135145,0.1123673014888511,0.4911001885983336,0.3528985956019748,0.13129725344921692,1.018073957391972,1.8582418430196033,0.049473092,2.2436967,,
ds005289,sub-020,6,Cz,1000.0,-27.48603630065918,0.211,29.01563262939453,0.313,56.50166893005371,0.26815220643927606,30.0-100.0,,-339.1670060975544,0.0,0.0,0.0,6.576622719876468,0.24550563108997892,0.3262957297056277,0.06494986506793356,0.17201223512553726,0.4934395898209188,0.3273745405578655,0.12755122332081517,1.022462510810365,1.8473762177952997,0.04441522,2.5989745,,
ds005289,sub-020,7,Cz,1000.0,-5.868124008178711,0.275,12.355344772338867,0.368,18.223468780517578,0.0637541393655747,30.0-100.0,,-369.6155394703718,0.0,0.0,0.0,2.9563825810328126,0.21322340509054466,0.6091962667725946,0.08406638089001303,0.320342446477376,0.5086491436675913,0.3843360551036882,0.26173621950384685,1.0355091175299747,1.7509437801923569,0.0696665,1.9077134,,
ds005289,sub-020,8,Cz,1000.0,-20.625091552734375,0.221,22.947633743286133,0.371,43.57272529602051,0.0639682079260212,30.0-100.0,,-893.2741662913555,0.0,0.0,0.0,6.284810660872608,0.13714299473698358,0.5847435547622802,0.19455864818867444,0.49403933157610946,0.4796657527354675,0.3306965545682613,0.16082347815780879,1.0192274017502203,1.8536297963920663,0.053638257,1.9538376,,
ds005289,sub-020,9,Cz,1000.0,-22.585641860961914,0.222,12.633773803710938,0.34,35.21941566467285,0.15931767477805198,30.0-100.0,,-789.7347364253324,0.0,0.0,0.0,5.568302236497402,0.10745230595018279,0.6945278411024366,0.20000551613626333,0.2027885959330762,0.49350871164901355,0.36519513406034054,0.19691489841694673,1.027015195382271,1.8083272226117684,0.06680685,1.7517606,,
ds005289,sub-021,0,Cz,1000.0,-20.48398208618164,0.255,46.21439743041992,0.347,66.69837951660156,0.30627856407911686,30.0-100.0,,-438.0309490226136,0.0,0.0,0.0,5.769712442997843,0.31215662893264995,0.7184326301857782,0.7216826551864831,0.6079778214269838,0.4908580878495652,0.2974078790956778,0.10726453146516322,1.0203391212195931,1.8601544100724896,0.0422605,2.5134733,,
ds005289,sub-021,1,Cz,1000.0,-31.30440902709961,0.241,42.600399017333984,0.338,73.9048080444336,0.7880218594408239,30.0-100.0,,-576.3108929422347,0.0,0.0,0.0,3.907224629074335,0.3795741776061179,0.8635044760357248,0.5176327375115729,0.25680804815219804,0.4953313026097371,0.29543524370834706,0.07676954473427841,1.0179387610563282,1.8870003910831856,0.033040285,3.301507,,
ds005289,sub-021,2,Cz,1000.0,-25.337751388549805,0.244,30.03045082092285,0.33,55.368202209472656,0.13721630288759945,30.0-100.0,,-128.4876427245242,0.0,0.0,0.0,2.173856017179787,0.19743626817762122,0.8504694968089662,0.6944311843269517,0.4429809108152063,0.47420369143107677,0.2583498004266537,0.10858412165847321,1.0173719229815856,1.9000796201246462,0.037231255,2.6271782,,
ds005289,sub-021,3,Cz,1000.0,-25.830963134765625,0.251,15.602068901062012,0.364,41.43303203582764,0.5983190783869531,30.0-100.0,,-536.8908948883623,0.0,0.0,0.0,3.055414359550923,0.511179812691203,0.6453620689888161,0.80881434451577,0.7781708721799281,0.494285994304189,0.25895608716923396,0.16575822363172915,1.027174235685889,1.8215338271519672,0.050346505,2.4774232,,
ds005289,sub-021,4,Cz,1000.0,-16.207965850830078,0.227,29.06266975402832,0.321,45.2706356048584,0.40852014827924554,30.0-100.0,,-299.78348795100766,0.0,0.0,0.0,2.8004635823890567,0.28031396731792446,0.7368153525595985,0.6187898326354169,0.550810491430703,0.5084940215429299,0.2873441705216933,0.12563340898491776,1.0245036026131378,1.873313999836636,0.04409357,2.720263,,
ds005289,sub-021,5,Cz,1000.0,-23.214017868041992,0.237,30.043962478637695,0.359,53.25798034667969,0.2805795233745828,30.0-100.0,,-437.1865091564604,0.0,0.0,0.0,5.229344358667731,0.21374779723078857,0.5441893632894625,0.5991228807829261,0.32482619764545306,0.5047327708410166,0.3210370381685017,0.123683553475378,1.0197084659965931,1.8518442273882632,0.043455884,2.519269,,
ds005289,sub-021,6,Cz,1000.0,-28.830974578857422,0.229,36.55047607421875,0.335,65.38145065307617,0.0586073501428197,30.0-100.0,,-308.7401234064773,0.0,0.0,0.0,2.068019093712792,0.12063954660850029,0.6759430737980708,0.5369747342544765,0.5476426128184787,0.4872177601382208,0.2852665011140332,0.08560129031556046,1.0165508152360494,1.898553205939253,0.038380798,2.26732,,
ds005289,sub-021,7,Cz,1000.0,-23.662273406982422,0.246,42.30276107788086,0.336,65.96503448486328,0.43437499862053475,30.0-100.0,,-331.1747720148512,0.0,0.0,0.0,3.4732799394987524,0.4166642192061573,0.9159019777385178,0.8430019366685715,0.8233180076675068,0.48813963470172206,0.2868880286546456,0.13838381833227673,1.0184920713083279,1.8901076514992714,0.04507151,2.4656408,,
ds005289,sub-021,8,Cz,1000.0,-22.6533145904541,0.249,35.92535400390625,0.349,58.57866859436035,0.5476895579804575,30.0-100.0,,-147.78736795458414,0.0,0.0,0.0,2.5346214533783495,0.27119482089137115,0.8248307639923808,0.8068452409310646,0.7668088612801687,0.48523349106765057,0.2879976449769507,0.09546564735877736,1.0155613078302426,1.8863158706964205,0.043497197,2.41722,,
ds005289,sub-021,9,Cz,1000.0,-34.16500473022461,0.255,41.12842559814453,0.337,75.29343032836914,0.038680549342369475,30.0-100.0,,-122.15039253517553,0.0,0.0,0.0,3.6391137400642037,0.14618574485972258,0.7565301689300139,0.6220563202409545,0.3365924215925653,0.479626054428575,0.26072009159374665,0.10801167917017597,1.016136024467415,1.9067367810564126,0.038597908,2.5483968,,
ds005289,sub-022,0,Cz,1000.0,-7.8496904373168945,0.15,12.789542198181152,0.452,20.639232635498047,0.5329516388426075,30.0-100.0,,-167.29698519466567,0.0,0.0,0.0,2.5003741029649973,0.22084751919238066,0.5787414068543189,0.1750479615221269,0.4798448550923178,0.49553719405575647,0.3428649759269289,0.18681437633740355,1.0260612410444727,1.7899839571811091,0.05532908,2.2425804,,
ds005289,sub-022,1,Cz,1000.0,-38.05070877075195,0.27,8.468217849731445,0.363,46.5189266204834,0.12950336569967497,30.0-100.0,,-394.0314471690889,0.0,0.0,0.0,1.9517607288435102,0.1287301938941755,0.7196136758049676,0.18331703577280806,0.39023621358480765,0.49207558917203437,0.22743599680084295,0.09986383533445348,1.0176628244181363,1.8617729497914461,0.04211354,2.345458,,
ds005289,sub-022,2,Cz,1000.0,-37.67143630981445,0.267,12.417501449584961,0.369,50.088937759399414,0.015250742380430206,30.0-100.0,,-95.71172152172025,0.0,0.0,0.0,1.4181066071614623,0.09325474324082704,0.7497312519722064,0.41987735161313255,0.6235896612873711,0.4858494529418354,0.24055903944802687,0.10570819574477192,1.0164250946392526,1.8760469109099362,0.04064965,2.2101185,,
ds005289,sub-022,3,Cz,1000.0,-25.529037475585938,0.257,20.306421279907227,0.343,45.835458755493164,0.261957301076296,30.0-100.0,,-490.0312492679209,0.0,0.0,0.0,1.9286524620838463,0.28940449327874085,0.7267802953611987,0.2911958835884266,0.5291216579876369,0.48582443370700257,0.26979905765977236,0.1480752784310099,1.0163053152210835,1.9002208751087355,0.048398744,2.1330204,,
ds005289,sub-022,4,Cz,1000.0,-33.0931282043457,0.239,13.313400268554688,0.454,46.40652847290039,0.06364570470804558,30.0-100.0,,-174.43975795512475,0.0,0.0,0.0,2.5114365271292627,0.08892322253754512,0.44233498473412697,0.1740407023360197,0.47328760427224054,0.4777033920158565,0.25299722524256957,0.0831936146199589,1.018937208180919,1.8658827051443154,0.03542081,2.8602688,,
ds005289,sub-022,5,Cz,1000.0,-31.76613998413086,0.286,19.765844345092773,0.363,51.53198432922363,0.04380329937363897,30.0-100.0,,-156.03819492066884,0.0,0.0,0.0,1.41729527967982,0.09162606282618786,0.3921159226627667,0.5402869357427552,0.7201536912149153,0.4721533070529389,0.22868349970370644,0.09854507150086537,1.015514173637648,1.9180306318685796,0.04268499,2.0578215,,
ds005289,sub-022,6,Cz,1000.0,-33.61024856567383,0.239,9.573904991149902,0.444,43.18415355682373,0.15464464887558588,30.0-100.0,,-271.2064517910901,0.0,0.0,0.0,1.6377924475818872,0.08738549469661239,0.6279222853512572,0.3548668586795307,0.299543522397315,0.49753717407814946,0.2678064747480878,0.09644551923864005,1.0261731633648365,1.8506897025186395,0.03617626,2.997288,,
ds005289,sub-022,7,Cz,1000.0,-31.46976089477539,0.283,13.163639068603516,0.396,44.633399963378906,0.1464874726420165,30.0-100.0,,-114.27070681564891,0.0,0.0,0.0,1.1018436634913087,0.17936931203363285,0.6862529839931844,0.8779332862240355,0.3723864782570627,0.48621376423825496,0.20887074868364505,0.08702370455777061,1.0211590847669925,1.8769111683650457,0.036810156,2.863602,,
ds005289,sub-022,8,Cz,1000.0,-16.462190628051758,0.263,14.636273384094238,0.342,31.098464012145996,0.051646271640832034,30.0-100.0,,-964.5551757217955,0.0,0.0,0.0,1.3358035066630691,0.11876961620057441,0.7192188173199963,0.5941305765202529,0.5189355119004285,0.493628289776098,0.2814672473613943,0.13692378011394463,1.0235404715052063,1.8743699074223001,0.04538429,2.504783,,
ds005289,sub-022,9,Cz,1000.0,-12.892909049987793,0.333,16.186838150024414,0.403,29.079747200012207,0.04741059733776265,30.0-100.0,,-152.95518301420086,0.0,0.0,0.0,1.0046275274362415,0.0719283663830764,0.4446626911587074,0.41467496758237865,0.37120210756111777,0.4836081070386785,0.2841998225810523,0.12329421135731033,1.0193566081897896,1.8467402020082022,0.042260136,2.4733748,,
ds005289,sub-023,0,Cz,1000.0,-15.897873878479004,0.213,14.715222358703613,0.325,30.613096237182617,0.07816945087862556,30.0-100.0,,-454.56460826056934,0.0,0.0,0.0,4.490145656745881,0.21167751625590647,0.5249940355923783,0.5064815695797082,0.38580379956733996,0.4986752235251248,0.3715661511786145,0.1408513831616663,1.0281225369688285,1.8079341436329266,0.055158053,2.1841087,,
ds005289,sub-023,1,Cz,1000.0,-15.940126419067383,0.206,23.585548400878906,0.402,39.52567481994629,0.033131917529815626,30.0-100.0,,-1511.672871736828,0.0,0.0,0.0,4.383298830362037,0.12727087598029055,0.4968067900664674,0.7632335822224635,0.541899538607582,0.49029183454236513,0.3177245962807177,0.11321035378137446,1.0173016798554426,1.898227418477289,0.045613926,2.1583395,,
ds005289,sub-023,2,Cz,1000.0,-14.570937156677246,0.22,22.6126766204834,0.365,37.183613777160645,0.7211408612336871,30.0-100.0,,-1025.7097689691955,0.0,0.0,0.0,2.900175255490467,0.3392083259095638,0.8184879916006889,0.5881671957920518,0.49914289391095273,0.49523437151727345,0.2894481051233877,0.1666266949766217,1.0239794959093547,1.8855728534487144,0.05985501,1.8181494,,
ds005289,sub-023,3,Cz,1000.0,-19.354005813598633,0.197,11.008726119995117,0.361,30.36273193359375,0.2781081795254041,30.0-100.0,,-332.9588930184089,0.0,0.0,0.0,2.6717128057498485,0.14557924674341896,0.12384760147370184,0.263207134878304,0.28419323619645187,0.5028719989654347,0.3436188479007534,0.15878016265194062,1.0239180018893133,1.8467345408242233,0.057146292,1.9532988,,
ds005289,sub-023,4,Cz,1000.0,-21.749996185302734,0.216,17.750690460205078,0.363,39.50068664550781,0.08416828515724442,30.0-100.0,,-130.19025228716464,0.0,0.0,0.0,3.177356207743287,0.3823278190804025,0.47799161164795967,0.5539641876602385,0.6312594950686374,0.4930276197849079,0.32954986079931814,0.1255950754169851,1.0235174053368434,1.8653516274133464,0.04906891,2.35275,,
ds005289,sub-023,5,Cz,1000.0,-17.42477798461914,0.228,21.7728328704834,0.38,39.19761085510254,0.07439741264488736,30.0-100.0,,-171.65008751098446,0.0,0.0,0.0,4.253902938216925,0.15785369291897514,0.39124453956871547,0.5902012880058967,0.4474690381494933,0.48851554326378993,0.36783897522710407,0.15917780203834322,1.0233296026227565,1.807119167877855,0.055752184,2.0182664,,
ds005289,sub-023,6,Cz,1000.0,-23.975622177124023,0.218,17.78360939025879,0.38,41.75923156738281,0.2089264375167198,30.0-100.0,,-1206.6997025106996,0.0,0.0,0.0,6.1261660302989185,0.11894148935225751,0.5109892728251679,0.5380554164192607,0.6800529657430728,0.4883504387017059,0.3677711277488488,0.13643019250589464,1.0229540670091728,1.7951993747971813,0.06277589,1.7900548,,
ds005289,sub-023,7,Cz,1000.0,-20.818687438964844,0.215,19.549388885498047,0.388,40.36807632446289,0.09816925113929897,30.0-100.0,,-105.20738759384125,0.0,0.0,0.0,3.5991024342365563,0.14179353897578184,0.5868148624115329,0.5312894128629299,0.27080030607123046,0.5049958827172183,0.34534916828685874,0.13710183199547282,1.0236025725180686,1.8635669779991357,0.04888155,2.1600373,,
ds005289,sub-023,8,Cz,1000.0,-8.08664321899414,0.215,19.49679183959961,0.364,27.58343505859375,0.2930312283742167,30.0-100.0,,-165.86029004707754,0.0,0.0,0.0,3.036531386896968,0.4907225780937472,0.4238002496216282,0.5988086142936786,0.3203128740558362,0.4925299475901688,0.37924446583128774,0.19749918424640012,1.0266900090642073,1.777064735665464,0.06384432,2.130863,,
ds005289,sub-023,9,Cz,1000.0,-18.2619686126709,0.206,27.08843994140625,0.354,45.35040855407715,0.21034545612282074,30.0-100.0,,-214.67665923972933,0.0,0.0,0.0,5.063412827439606,0.3829102782155133,0.5100727664390032,0.46403891024108984,0.1778265345921761,0.496556519400631,0.3518165170067415,0.15202923354259965,1.0268087187391643,1.8208282884029336,0.04940205,2.430313,,
ds005289,sub-024,0,Cz,1000.0,-25.002696990966797,0.178,9.408727645874023,0.307,34.41142463684082,0.2780285767291033,30.0-100.0,,-96.31794696277895,0.0,0.0,0.0,4.552005790174007,0.3755058599571853,0.7197682847554322,0.4905390141957116,0.2510022428262695,0.5078443816997446,0.2854494928236893,0.20815756163252902,1.0323621347815661,1.7307167830420527,0.05979439,2.3420584,,
ds005289,sub-024,1,Cz,1000.0,-22.20726776123047,0.2,17.422744750976562,0.426,39.63001251220703,1.2304665954503342,30.0-100.0,,-89.25263390138848,0.0,0.0,0.0,6.330324336886406,0.40964608395516533,0.6655912548899461,0.5727378694739662,0.44315952354341237,0.5070730825403102,0.3514824004323476,0.24710689845090175,1.0282152554237074,1.7729737571615791,0.07190583,1.8605062,,
ds005289,sub-024,2,Cz,1000.0,-18.202829360961914,0.194,18.290159225463867,0.332,36.49298858642578,0.10359697394235479,30.0-100.0,,-69.06215422459357,0.0,0.0,0.0,8.147186366841197,0.47077458241215164,0.43110117709961526,0.4807687075753403,0.49886582854363265,0.5074404727775788,0.36522634536747206,0.22469326249162208,1.0335932156168053,1.7555212739449164,0.062832884,2.1359997,,
ds005289,sub-024,3,Cz,1000.0,-24.848711013793945,0.183,12.399730682373047,0.3,37.24844169616699,0.1392226982337946,30.0-100.0,,20.433066877843565,0.0,0.0,0.0,4.222688730806112,0.19746299475626242,0.31951483380113527,0.5791768049452626,0.3260186598342751,0.4911116721717604,0.2815436130810232,0.18469607603113322,1.02514008586479,1.8031623882169865,0.05240058,2.312714,,
ds005289,sub-024,4,Cz,1000.0,-21.265806198120117,0.196,11.593756675720215,0.3,32.85956287384033,0.6948824458453,30.0-100.0,,-64.78561655330927,0.0,0.0,0.0,4.360439372248948,0.3131971625213569,0.6539504196681761,0.4397181537896058,0.5437409238188076,0.5007897996765667,0.2969631744890493,0.16886666445977142,1.0286883805946934,1.792282576762466,0.055505533,2.2805684,,
ds005289,sub-024,5,Cz,1000.0,-26.628442764282227,0.19,21.332529067993164,0.413,47.96097183227539,0.3371585731923692,30.0-100.0,,28.67407515230339,0.0,0.0,0.0,10.038303211331367,0.16366267214606642,0.7891643868964003,0.252241685863369,0.3559721428786313,0.4959554724396896,0.35581539534861434,0.18777868262541456,1.0262715570672352,1.8068042729657032,0.060815528,1.99625,,
ds005289,sub-024,6,Cz,1000.0,-24.31660270690918,0.195,26.263519287109375,0.3,50.580121994018555,0.38954115414900625,30.0-100.0,,-92.85770977093618,0.0,0.0,0.0,6.8887583911418915,0.1437002081002628,0.5064099082828694,0.7142108314282405,0.3618011134214349,0.5021854667864084,0.2871649372890749,0.1548437885686535,1.0240565517904945,1.7768666941421984,0.04991093,2.4495044,,
ds005289,sub-024,7,Cz,1000.0,-25.150474548339844,0.193,17.062156677246094,0.3,42.21263122558594,0.5848816599420894,30.0-100.0,,-21.996792287833696,0.0,0.0,0.0,3.9684989023953676,0.5000375395300057,0.12379189299585275,0.5950584568455695,0.0666177039107908,0.49201489097647955,0.3045920196345058,0.18957219107636253,1.02870337411564,1.802989509591272,0.056250196,2.3341434,,
ds005289,sub-024,8,Cz,1000.0,-10.972137451171875,0.167,12.68846321105957,0.302,23.660600662231445,0.056769439571960345,30.0-100.0,,-128.505113682003,0.0,0.0,0.0,4.208724829368293,0.12308429414021986,0.24281603055172385,0.5444249149706117,0.04813702183637939,0.48317524852827337,0.3450338588135849,0.21175440400019896,1.0235976044052177,1.7607359582882636,0.057844575,2.171398,,
ds005289,sub-024,9,Cz,1000.0,-20.559541702270508,0.18,21.108116149902344,0.301,41.66765785217285,0.26482427427554356,30.0-100.0,,-127.49854124555495,0.0,0.0,0.0,4.285976989194751,0.37731555153200025,0.2998451908805076,0.33027678352566664,0.36880383261996036,0.5052699404716348,0.2968466064154853,0.1853146605852423,1.0289915292826726,1.748027157604493,0.05663368,2.320714,,
ds005289,sub-025,0,Cz,1000.0,-22.102392196655273,0.208,26.526145935058594,0.31,48.62853813171387,0.025018498192933003,30.0-100.0,,-278.4511228099563,0.0,0.0,0.0,1.4661032473668456,0.06487025299334315,0.46541202336567594,0.2776213261261468,0.3456955067200691,0.48650376826233355,0.2631277314355638,0.09340702231387321,1.0173723187603498,1.9221095394342742,0.035563026,2.9584546,,
ds005289,sub-025,1,Cz,1000.0,-31.59677505493164,0.223,16.503698348999023,0.327,48.100473403930664,0.07554449947802348,30.0-100.0,,-77.52373975613263,0.0,0.0,0.0,2.510043457732536,0.07881881544761007,0.5510759413137591,0.6275475897818042,0.33242207131961315,0.4825087470603321,0.3110729310681032,0.11194053247474837,1.0137022617340958,1.8813589718205255,0.04231889,2.1674216,,
ds005289,sub-025,2,Cz,1000.0,-30.102251052856445,0.207,22.459836959838867,0.326,52.56208801269531,0.03215165380372753,30.0-100.0,,-200.7673620996377,0.0,0.0,0.0,3.0851671181153506,0.0534435809857875,0.7797004106787968,0.10657674529570633,0.20336256100392724,0.48069122365976846,0.31297075292602927,0.08897225134678319,1.014251087761153,1.9158419489581362,0.034842514,2.711029,,
ds005289,sub-025,3,Cz,1000.0,-34.75070571899414,0.227,35.42074203491211,0.354,70.17144775390625,0.10936704329807342,30.0-100.0,,-963.584880566457,0.0,0.0,0.0,2.6281958271283656,0.15093702938361042,0.5726369566531113,0.6369467877397769,0.1750968576212895,0.47356141306892435,0.28015040977866146,0.06777682362211306,1.015624116795891,1.9010879709534134,0.033631664,2.652085,,
ds005289,sub-025,4,Cz,1000.0,-36.043724060058594,0.201,20.246068954467773,0.316,56.28979301452637,0.057647442839273144,30.0-100.0,,-909.6432685208827,0.0,0.0,0.0,1.4531934866681695,0.10337496112761135,0.5716957214751693,0.4336554367340407,0.29118239131910534,0.4726514985500899,0.25395981416547897,0.065838294738436,1.0137406995209892,1.982010311157224,0.029932009,3.0700831,,
ds005289,sub-025,5,Cz,1000.0,-30.575231552124023,0.203,14.390707015991211,0.33,44.965938568115234,0.10879697880959369,30.0-100.0,,-739.9750095574061,0.0,0.0,0.0,2.4559612065786496,0.1752027094149844,0.4532478962250165,0.42637842190513575,0.33421659970212575,0.48884267837992895,0.3173452701459808,0.09540632129327738,1.0216691225725176,1.918141729140978,0.041954946,2.4364283,,
ds005289,sub-025,6,Cz,1000.0,-27.41985511779785,0.22,24.02474594116211,0.349,51.44460105895996,0.005587744156114807,30.0-100.0,,-850.4278428881495,0.0,0.0,0.0,1.7479501548223197,0.05363889341034739,0.597469580084513,0.30666337622991324,0.7020207405921397,0.48633856053260327,0.264313906689803,0.07237701533537023,1.0171031053112725,1.9390390348307924,0.033384778,2.4535003,,
ds005289,sub-025,7,Cz,1000.0,-28.39034080505371,0.211,18.432809829711914,0.315,46.823150634765625,0.1951164373371686,30.0-100.0,,-808.0687795090765,0.0,0.0,0.0,1.4335874293465167,0.08230059641534115,0.6928704804905272,0.18011163828740315,0.4098908703083206,0.5002318011575257,0.27202490183873357,0.08312447563115714,1.0206305514283895,1.9122556201305092,0.033863343,3.223997,,
ds005289,sub-025,8,Cz,1000.0,-23.14337921142578,0.218,18.042346954345703,0.344,41.185726165771484,0.06446968522719893,30.0-100.0,,-88.55380460531758,0.0,0.0,0.0,1.1222690518479794,0.1594401791208261,0.5066748353469239,0.598741415120842,0.275204943273537,0.48200630114518717,0.28053882721835544,0.09436514421894682,1.0209604388150986,1.9025928223196766,0.03530686,3.0412066,,
ds005289,sub-025,9,Cz,1000.0,-29.372024536132812,0.207,22.10021209716797,0.318,51.47223663330078,0.09327143557784356,30.0-100.0,,-158.4329322692449,0.0,0.0,0.0,2.252596110338345,0.08302964165127213,0.45508197941047446,0.4878739023943782,0.41540910662146296,0.4833842869900522,0.30502771621813035,0.09379860447711445,1.018845021320103,1.9172498310117205,0.036328252,2.7694564,,
ds005289,sub-026,0,Cz,1000.0,-17.04192543029785,0.281,18.878740310668945,0.374,35.9206657409668,0.05091138772135052,30.0-100.0,,79.9591370656898,0.0,0.0,0.0,2.3318350431509316,0.2165523466932419,0.6344750982168192,0.4800686464969375,0.33442474048613574,0.4919823835748452,0.2542240920021341,0.1502192008914932,1.0228296432198285,1.853226204706039,0.04829161,2.457619,,
ds005289,sub-026,1,Cz,1000.0,-18.513418197631836,0.296,5.818515777587891,0.387,24.331933975219727,0.1977409694266831,30.0-100.0,,88.61936383304698,0.0,0.0,0.0,1.7315063741989434,0.14316990095348744,0.7881546014732516,0.6276758983084403,0.20172376148663168,0.4858202798797683,0.2770996018422856,0.16755419833578597,1.0233188686446495,1.8416950033907151,0.048719753,2.45494,,
ds005289,sub-026,2,Cz,1000.0,-15.045372009277344,0.15,6.727198123931885,0.55,21.77257013320923,0.11318270060953034,30.0-100.0,,-119.3805504896146,0.0,0.0,0.0,7.247779576573521,0.13684059047991068,0.44778424385666904,0.1933793595999866,0.2536201345334633,0.4904141195412391,0.3744540822378507,0.19385775000949096,1.0175954414422903,1.8008668877755756,0.07287844,1.5535884,,
ds005289,sub-026,3,Cz,1000.0,-15.238061904907227,0.254,26.264537811279297,0.383,41.50259971618652,0.035365305919454575,30.0-100.0,,-54.857895076356634,0.0,0.0,0.0,1.7625618493184447,0.15455356057263953,0.8141684763048029,0.3441830474363252,0.15114277951964808,0.4818513040853596,0.2544258814873697,0.1277447164528965,1.026191298457179,1.8471102702515543,0.041026205,2.8587196,,
ds005289,sub-026,4,Cz,1000.0,-28.664579391479492,0.213,15.702022552490234,0.327,44.36660194396973,0.28819424790869214,30.0-100.0,,-18.516302970968752,0.0,0.0,0.0,3.3912568469531834,0.22158190507588077,0.8184607750384845,0.7058827732070374,0.5877059446936459,0.5006287355904104,0.32843940690995055,0.14637285770216518,1.0291257079964795,1.8425406350825533,0.050410572,2.5036867,,
ds005289,sub-026,5,Cz,1000.0,-10.17601490020752,0.317,14.671764373779297,0.373,24.847779273986816,0.2480544473172433,30.0-100.0,,12.739558217786612,0.0,0.0,0.0,1.4650728553533554,0.27771145824325233,0.7536206776010941,0.43256304764119696,0.5075223426406911,0.48803753730180494,0.31461349349767165,0.2290558884459734,1.0271202402637896,1.835378136267208,0.06472416,1.9620982,,
ds005289,sub-026,6,Cz,1000.0,-21.079729080200195,0.274,12.224069595336914,0.382,33.30379867553711,0.014615700357809014,30.0-100.0,,-44.40073160507999,0.0,0.0,0.0,2.740692056249827,0.09973311833081505,0.7104673449338029,0.46837136471195284,0.6747012539232244,0.4836113406148321,0.32004480077563446,0.16002774266644273,1.0157965588428,1.8654471552067051,0.05285134,1.956234,,
ds005289,sub-026,7,Cz,1000.0,-9.518546104431152,0.251,18.68814468383789,0.379,28.206690788269043,0.050254753106416215,30.0-100.0,,57.983674426344415,0.0,0.0,0.0,1.9534793682396412,0.12398407104842468,0.31219471951950595,0.5727496050608194,0.16503455876582235,0.4807877693111441,0.3060547394257317,0.1552737142047245,1.023471448555266,1.8379892554906974,0.048109513,2.4440086,,
ds005289,sub-026,8,Cz,1000.0,-18.663101196289062,0.236,9.208505630493164,0.339,27.871606826782227,0.2189126031748971,30.0-100.0,,-17.218586559436517,0.0,0.0,0.0,2.653610281413421,0.18504912775338736,0.8615216796691896,0.3209716254766554,0.43236817112591547,0.49310796509101806,0.33591149697155087,0.17659953565684766,1.0261319442572725,1.825324650920295,0.05318944,2.199753,,
ds005289,sub-027,0,Cz,1000.0,-34.60789108276367,0.212,31.88565444946289,0.343,66.49354553222656,0.27390155249043535,30.0-100.0,,-13.413291080910817,0.0,0.0,0.0,2.1557261934503913,0.2553737528871308,0.7006471599538149,0.5716029479438857,0.3022929160484047,0.4848880026987644,0.25808424832101495,0.09044487820742765,1.0196794721338502,1.939201911342079,0.03330317,3.1929467,,
ds005289,sub-027,1,Cz,1000.0,-29.61825942993164,0.209,19.33852767944336,0.322,48.956787109375,0.06563030897541872,30.0-100.0,,-151.51362553649028,0.0,0.0,0.0,2.339392784051597,0.10780592222569413,0.5980211034539683,0.6087625554124694,0.1038470232150896,0.4732265819502046,0.27974615822097093,0.11074360089296185,1.0159390189825863,1.9275759145121525,0.03856457,2.3594794,,
ds005289,sub-027,2,Cz,1000.0,-42.979888916015625,0.201,26.151126861572266,0.346,69.13101577758789,0.22697265727648214,30.0-100.0,,-72.04792535749698,0.0,0.0,0.0,4.03413618914783,0.2345830080945216,0.661882436007637,0.5294082740202702,0.19320872823393376,0.48555000755329253,0.2628744859339595,0.07779742319477367,1.0184350338022712,1.9407540821079516,0.034631446,3.116933,,
ds005289,sub-027,3,Cz,1000.0,-37.15772247314453,0.207,21.685073852539062,0.34,58.842796325683594,0.043779965550900385,30.0-100.0,,31.589122020848237,0.0,0.0,0.0,1.6979668871499598,0.16928580925643089,0.03265178197158156,0.5546840061617103,0.28374647646288054,0.496519293910083,0.2644024114586862,0.09285166061906651,1.0281689608651894,1.913304833306111,0.034037802,3.177448,,
ds005289,sub-027,4,Cz,1000.0,-30.798324584960938,0.22,21.726083755493164,0.332,52.5244083404541,0.04728024771268741,30.0-100.0,,-53.56553477387174,0.0,0.0,0.0,1.1155869578942657,0.08821114602237251,0.8891957991560692,0.5861573233698719,0.2162404290439759,0.4691792028495547,0.24761763876296625,0.0675080401136855,1.0143813694681059,1.9770783274962158,0.028098457,3.2429788,,
ds005289,sub-027,5,Cz,1000.0,-37.1880989074707,0.199,18.842926025390625,0.316,56.03102493286133,0.0096567539824427,30.0-100.0,,9.50781236858407,0.0,0.0,0.0,2.016664220718667,0.08216428334106851,0.8095684519157118,0.37598131103604376,0.3868198933328184,0.4901953423809152,0.2656553986137538,0.08197481684680326,1.0143756123193777,1.9516035752319572,0.032846354,2.8457367,,
ds005289,sub-027,6,Cz,1000.0,-25.36471939086914,0.203,22.362926483154297,0.3,47.72764587402344,0.11937493828196796,30.0-100.0,,-205.3680660917242,0.0,0.0,0.0,1.712444645818323,0.1183169916391634,0.567018052944199,0.16886109811681765,0.5599121309274206,0.49831719311374617,0.2661773003998481,0.09070165078689578,1.0228368763804183,1.9488284461152,0.035676613,2.8989909,,
ds005289,sub-027,7,Cz,1000.0,-29.449626922607422,0.199,17.93010711669922,0.318,47.37973403930664,0.24083158617142775,30.0-100.0,,-847.4012767150106,0.0,0.0,0.0,2.308535506017506,0.1659245623567146,0.8868028519410789,0.5953257717596356,0.45888423525029004,0.48271256452535155,0.27762426316355987,0.09659104266234715,1.0196018797492044,1.9415798908381054,0.041970756,2.589283,,
ds005289,sub-027,8,Cz,1000.0,-28.319862365722656,0.223,20.403972625732422,0.31,48.72383499145508,0.49933809544733254,30.0-100.0,,-20.79379510815121,0.0,0.0,0.0,1.8123607151210308,0.19102598400459747,0.8861659759755584,0.40101819071426814,0.4127971885533091,0.4760667921534711,0.27845767932497906,0.12097366706140823,1.0140929012237871,1.930083335275701,0.039543167,2.469694,,
ds005289,sub-027,9,Cz,1000.0,-31.27818489074707,0.196,19.04712677001953,0.305,50.3253116607666,0.02937924676814016,30.0-100.0,,-43.2968449343926,0.0,0.0,0.0,3.176245547365397,0.08664574899844985,0.4924257086860031,0.40829177842282177,0.5909115108424138,0.4874045556446651,0.2618181406320259,0.07886659736390933,1.0138705351341593,1.9544118518299185,0.036488447,2.5613554,,
ds005289,sub-028,0,Cz,1000.0,-16.529796600341797,0.261,23.078960418701172,0.4,39.60875701904297,0.12933930834818297,30.0-100.0,,-1910.4104883406549,0.0,0.0,0.0,1.10579066677019,0.09882241707415748,0.48518352172464035,0.1922565919550062,0.1773367772266007,0.49450472006699764,0.25242284794267583,0.08074970485767478,1.022502652789926,1.9043897959830371,0.035712563,2.9435115,,
ds005289,sub-028,1,Cz,1000.0,-14.273250579833984,0.257,15.649664878845215,0.33,29.9229154586792,0.048106117814882,30.0-100.0,,-11.407472663224532,0.0,0.0,0.0,1.0279513953719288,0.07700387339348684,0.7324665170199169,0.4183987186931917,0.31686747067249704,0.49520619256183657,0.28625769207594826,0.1175993640606793,1.0190444098665692,1.8847858668107842,0.041092686,2.5958083,,
ds005289,sub-028,2,Cz,1000.0,-24.695892333984375,0.26,13.956942558288574,0.357,38.65283489227295,0.032527208976841984,30.0-100.0,,-104.23477523024978,0.0,0.0,0.0,1.3464897056110203,0.13748444385581515,0.4947345408548845,0.5392665771791154,0.1923833525120334,0.49075040687959615,0.2608342294399418,0.12883622316732798,1.0201085002525951,1.8805457476317116,0.045900073,2.2995098,,
ds005289,sub-028,3,Cz,1000.0,-20.693769454956055,0.242,11.520547866821289,0.55,32.214317321777344,0.10713832528506723,30.0-100.0,,-317.3814443499092,0.0,0.0,0.0,2.0183116430416703,0.1513607994414216,0.5771127399049083,0.3230095552037844,0.378264072873041,0.49068386683477,0.33010966051935386,0.14051050267231577,1.0252337487500005,1.842992000299187,0.052490856,2.179816,,
ds005289,sub-028,4,Cz,1000.0,-17.463869094848633,0.23,10.308871269226074,0.329,27.772740364074707,0.18027003502321778,30.0-100.0,,23.352304412092273,0.0,0.0,0.0,1.4756607124581933,0.18548959466588646,0.6207622932010329,0.05632952720238332,0.19319760550530013,0.5047074212095821,0.32697528642463264,0.15052748745783795,1.0321323783541483,1.7873880147327776,0.049673695,2.6214733,,
ds005289,sub-028,5,Cz,1000.0,-21.502588272094727,0.244,9.399812698364258,0.438,30.902400970458984,0.17813441083983692,30.0-100.0,,9.261919375269336,0.0,0.0,0.0,3.823257749900222,0.09705480754433356,0.5745009856767264,0.3158577785238109,0.6662177274159607,0.490372221275614,0.3272512046503896,0.21333518021568965,1.0235830528042758,1.8112359171306542,0.06053538,1.9018178,,
ds005289,sub-028,6,Cz,1000.0,-16.10076904296875,0.267,9.521739959716797,0.465,25.622509002685547,0.22495277994650542,30.0-100.0,,-145.8699880201228,0.0,0.0,0.0,0.8216236310545355,0.10500113990208684,0.8776514647528179,0.264355465897496,0.3464162687689805,0.48615760486756154,0.2696654937502711,0.13879673844157872,1.0239839544083575,1.8506085951824502,0.043928143,2.8441975,,
ds005289,sub-028,7,Cz,1000.0,-9.581489562988281,0.253,16.12883758544922,0.522,25.7103271484375,0.014248794805565672,30.0-100.0,,9.80370982789239,0.0,0.0,0.0,1.2005566095467657,0.12868955466387685,0.8236764368585758,0.35459333139621346,0.13933374564465517,0.5042009364978719,0.27826820504567407,0.11938863280269017,1.027654928045765,1.8079868866922364,0.04171804,3.1110618,,
ds005289,sub-028,8,Cz,1000.0,-22.441099166870117,0.225,13.3845853805542,0.334,35.825684547424316,0.015562504958379145,30.0-100.0,,-44.774922246102854,0.0,0.0,0.0,1.607360871275887,0.09373006817047294,0.7889537298577,0.3099463596833271,0.13830832499269208,0.48854098374551297,0.3114468026905658,0.10759221683640281,1.0204587202700703,1.8718962768228598,0.04592888,2.3820279,,
ds005289,sub-028,9,Cz,1000.0,-13.966473579406738,0.23,14.351608276367188,0.318,28.318081855773926,0.11169087770644964,30.0-100.0,,-139.94670987974067,0.0,0.0,0.0,1.6253422654699534,0.1836848591526934,0.5662514318264655,0.206221156260469,0.17933623648746413,0.5153595671934484,0.33810443099225695,0.14403843256895726,1.0369162109125425,1.7887942754760529,0.046426605,3.0385072,,
ds005289,sub-029,0,Cz,1000.0,-18.022165298461914,0.284,22.288558959960938,0.491,40.31072425842285,0.3823961838879361,30.0-100.0,,33.115148477080645,0.0,0.0,0.0,3.0897544929757714,0.33773222641260603,0.7135990401158387,0.5018535083729864,0.12016632773821209,0.512359744610648,0.3227693665669776,0.1310977607638977,1.0356938630893426,1.7649482367266554,0.04298497,3.145521,,
ds005289,sub-029,1,Cz,1000.0,-5.528145790100098,0.25,5.247867584228516,0.387,10.776013374328613,0.05051908111898193,30.0-100.0,,-13.72429974881677,0.0,0.0,0.0,1.3743687013629824,0.18552345332226855,0.7099905051924993,0.4879384412702258,0.07640205946343262,0.5021437166651244,0.3103958671914432,0.1949891305124046,1.0341248365792304,1.7630506120574458,0.05773533,2.4817793,,
ds005289,sub-029,2,Cz,1000.0,-24.967660903930664,0.294,19.590166091918945,0.348,44.55782699584961,0.05143480728375671,30.0-100.0,,-555.1858772728589,0.0,0.0,0.0,2.4918958370108157,0.1906697345380702,0.4019962300836035,0.21882527904021853,0.18335227027326312,0.4884563523642833,0.24544158679498917,0.08953136040256682,1.0198018659225692,1.8418078119757975,0.03533424,2.9605317,,
ds005289,sub-029,3,Cz,1000.0,-14.671388626098633,0.327,14.091658592224121,0.468,28.763047218322754,0.08322712258453102,30.0-100.0,,-61.88042136313052,0.0,0.0,0.0,1.1544135049916804,0.11270148534600621,0.6015115455235369,0.3592619184119926,0.4749538619096276,0.4859520643756489,0.28892600207207997,0.14760797543457096,1.017233583850177,1.885636030871428,0.046092488,2.3575742,,
ds005289,sub-029,4,Cz,1000.0,-18.301546096801758,0.261,0.8232905864715576,0.511,19.124836683273315,0.03727276285600501,30.0-100.0,,-109.05639154766993,0.0,0.0,0.0,1.0988744907081127,0.09792767334133261,0.5909786031443425,0.3552946148066131,0.4181218449130258,0.48779753417468663,0.3086036239764529,0.14344710403194452,1.0189395890471085,1.859762107721601,0.042855542,2.7507875,,
ds005289,sub-029,5,Cz,1000.0,-21.85184097290039,0.262,29.162212371826172,0.524,51.01405334472656,0.04185741175508073,30.0-100.0,,-57.13458001998505,0.0,0.0,0.0,2.2153692843858153,0.11843314370405672,0.7104112303508382,0.6482167624163649,0.6150005428443667,0.4750330136697367,0.236995896246146,0.09024878870325256,1.0153847853320326,1.892671433893747,0.034308866,2.9197495,,
ds005289,sub-029,6,Cz,1000.0,-17.309307098388672,0.284,24.676231384277344,0.542,41.985538482666016,0.06758941375680991,30.0-100.0,,-846.9524491870955,0.0,0.0,0.0,2.275226986967027,0.17374784527724937,0.7421062526169386,0.38254118922456953,0.6631316537233183,0.4945873544668795,0.26840001252481593,0.11043351139010509,1.0203327867614367,1.8666869017196355,0.039028883,2.7897584,,
ds005289,sub-030,0,Cz,1000.0,-31.294580459594727,0.224,12.378066062927246,0.351,43.67264652252197,0.3420702859618686,30.0-100.0,,-194.25748945262987,0.0,0.0,0.0,1.6237235977314413,0.1663219038491627,0.6599735757218621,0.4116503939415149,0.6429979815219814,0.49152691899053214,0.28817606481012503,0.10508272303891296,1.018155498179926,1.9152386117208207,0.040808417,2.5019026,,
ds005289,sub-030,1,Cz,1000.0,-8.542957305908203,0.286,5.7810750007629395,0.434,14.324032306671143,0.03908036947363077,30.0-100.0,,29.79240210255828,0.0,0.0,0.0,0.9008909983094782,0.10050071628110377,0.3696579790734626,0.251124891277245,0.37430754988452447,0.49803082292632805,0.3417901992941805,0.17041513614638765,1.0269817412650604,1.7931834661076427,0.06058316,2.101467,,
ds005289,sub-030,2,Cz,1000.0,-16.98651885986328,0.23,13.447437286376953,0.341,30.433956146240234,0.16767596028366763,30.0-100.0,,-249.98875592524837,0.0,0.0,0.0,0.8483469719067216,0.1577069135533203,0.5272050577573768,0.4377078362002,0.8114008434553406,0.49073018498819543,0.29180607092972727,0.13174365363760282,1.0224285254373995,1.8579116646455673,0.0408102,2.954386,,
ds005289,sub-030,3,Cz,1000.0,-11.34657096862793,0.258,4.16100549697876,0.395,15.50757646560669,0.07426061754827687,30.0-100.0,,2.2458044872167173,0.0,0.0,0.0,0.5499067192431539,0.11336457728207167,0.38907901605172707,0.3432658140345906,0.33927897129158846,0.5029833935775065,0.32843984796000975,0.19499041254939242,1.0294767446318964,1.7946321846344953,0.0561045,2.3757553,,
ds005289,sub-030,4,Cz,1000.0,-5.2092790603637695,0.247,6.156894207000732,0.492,11.366173267364502,0.02221259639171788,30.0-100.0,,-526.998061655346,0.0,0.0,0.0,1.1299851757939905,0.0992079147618427,0.7137615485377312,0.4357369391950528,0.40927756794528003,0.5121105851026049,0.36043603150810477,0.25719893731063137,1.0302212266232806,1.7743292689801986,0.07022417,1.9891062,,
ds005289,sub-030,5,Cz,1000.0,-13.076140403747559,0.247,4.548373222351074,0.39,17.624513626098633,0.0800122958676539,30.0-100.0,,-102.98373234962396,0.0,0.0,0.0,1.255904557183385,0.15959324354416093,0.6945449875310569,0.5469337261007725,0.2107549252238998,0.5068993943391988,0.3210941792610764,0.19255735931841744,1.0273093039713834,1.8181256912609134,0.05915052,2.1569233,,
ds005289,sub-030,6,Cz,1000.0,-16.646076202392578,0.235,5.621683120727539,0.301,22.267759323120117,0.06102601363875719,30.0-100.0,,-30.078804239435907,0.0,0.0,0.0,0.784378411481157,0.1138380008869175,0.13340566123323636,0.705305211073667,0.34847488098850815,0.49308511281645895,0.3040213658959965,0.1493385653267617,1.0249149249841583,1.8702309330105407,0.0452392,2.6180723,,
ds005289,sub-031,0,Cz,1000.0,-18.446622848510742,0.297,15.336660385131836,0.487,33.78328323364258,0.5436640312771398,30.0-100.0,,-69.00959774661906,0.0,0.0,0.0,4.69059613533318,0.3899181450433388,0.3218991865921941,0.6351065732837476,0.3038526072697008,0.47755319453708045,0.34732374518416614,0.23186823318731437,1.0241857746342784,1.7808426323041182,0.06264351,2.0009189,,
ds005289,sub-031,1,Cz,1000.0,-8.200082778930664,0.322,7.697843551635742,0.402,15.897926330566406,0.5256018669537393,30.0-100.0,,21.725849119507355,0.0,0.0,0.0,1.8582853372208774,0.41551581923598635,0.42590088786408653,0.10837468515178462,0.28762864561066737,0.5114661761173792,0.36749035293413784,0.20853119078173418,1.0390819949365007,1.7827889255878668,0.05895053,2.3749568,,
ds005289,sub-031,2,Cz,1000.0,-42.19618606567383,0.251,26.4174747467041,0.369,68.61366081237793,0.40166882115588126,30.0-100.0,,-230.19283844870122,0.0,0.0,0.0,2.9954513302072883,0.15854745529318703,0.6327886586968425,0.39843723974383444,0.41591047844225537,0.4726371740395593,0.23491742061052115,0.08143640166659649,1.0158558686966375,1.908719871895623,0.03459196,2.7052844,,
ds005289,sub-031,3,Cz,1000.0,-23.095401763916016,0.244,13.116105079650879,0.435,36.211506843566895,0.09793063378042699,30.0-100.0,,-215.57175357019926,0.0,0.0,0.0,2.0174110250081867,0.08219572265184827,0.8478089763508819,0.24518435506121922,0.21463594429127045,0.49101453777625814,0.3028767324320163,0.10897067852871588,1.0181810873179402,1.9057439385445711,0.040700655,2.4031332,,
ds005289,sub-031,4,Cz,1000.0,-17.689212799072266,0.265,21.203083038330078,0.347,38.892295837402344,0.1464529063595643,30.0-100.0,,24.78786689029193,0.0,0.0,0.0,3.667253360617906,0.18933786987632845,0.5354603805941255,0.29109790291781623,0.15539048533557112,0.4839432926365879,0.29226781085490905,0.1784618317170047,1.0221862468070166,1.8142076339089028,0.052708607,2.150381,,
ds005289,sub-031,5,Cz,1000.0,-13.940380096435547,0.28,30.593505859375,0.37,44.53388595581055,0.4169673524482137,30.0-100.0,,63.375911537409145,0.0,0.0,0.0,1.9957668555434793,0.21213261010025536,0.7478825030488033,0.3623209859378447,0.5265374172631069,0.4755132899897772,0.2889421681900123,0.13018436049546955,1.0151990293091986,1.8942081692215564,0.046966076,2.0842834,,
ds005289,sub-031,6,Cz,1000.0,-25.19723129272461,0.303,26.07843017578125,0.418,51.27566146850586,0.06441831516992846,30.0-100.0,,-274.9313686384007,0.0,0.0,0.0,2.695829258300364,0.15618936046924575,0.5369700722833199,0.6854582108305423,0.06961720577435446,0.4899640082707896,0.2561946449883071,0.10887845543008995,1.01925707718386,1.9463083849715432,0.039582446,2.694847,,
ds005289,sub-031,7,Cz,1000.0,-15.448663711547852,0.234,15.324823379516602,0.342,30.773487091064453,0.3449961402458568,30.0-100.0,,52.97319791798436,0.0,0.0,0.0,2.511915983632207,0.2289375581077981,0.2803523908009981,0.23215139036477198,0.1608730819106408,0.4989408509739945,0.3348303386722672,0.15306887945690187,1.0297898662116918,1.8149636671787637,0.04813576,2.6589901,,
ds005289,sub-031,8,Cz,1000.0,-22.071914672851562,0.275,24.4014892578125,0.374,46.47340393066406,0.20735431456311154,30.0-100.0,,-210.81007283558142,0.0,0.0,0.0,4.644721280783415,0.11871057542623635,0.8417718634463144,0.5202957509565558,0.4434459319623304,0.46948425675864364,0.2621471994262991,0.1386665404365218,1.015924067776497,1.8902613229107705,0.043405183,2.3211083,,
ds005289,sub-031,9,Cz,1000.0,-36.577720642089844,0.26,18.560604095458984,0.386,55.13832473754883,0.6532622492178243,30.0-100.0,,-254.75652315502703,0.0,0.0,0.0,4.513726569712162,0.3699787669964958,0.3715292581459064,0.7024538313060911,0.27844362233692843,0.48152691439309425,0.32449714690592335,0.13626116520086307,1.0199326179692292,1.8517672454515752,0.047184177,2.5397232,,
ds005289,sub-032,0,Cz,1000.0,-17.058433532714844,0.211,22.434377670288086,0.36,39.49281120300293,0.25396411450322176,30.0-100.0,,43.13831578536735,0.0,0.0,0.0,3.848231164738536,0.24586616275900502,0.4700368886733578,0.8855382996995023,0.40454224875351175,0.5078675358892413,0.32788524904626465,0.17032132516673787,1.0303738299997296,1.786511940072479,0.05026991,2.5924065,,
ds005289,sub-032,1,Cz,1000.0,-25.68001937866211,0.208,21.397796630859375,0.312,47.077816009521484,0.11549288708428973,30.0-100.0,,1.2345874128857106,0.0,0.0,0.0,6.3310443656519055,0.18882569063433108,0.7115332485491427,0.9721311596940906,0.6051388688918277,0.4831583853714927,0.3464634592450919,0.16627462476196825,1.019072680897596,1.8307581323338282,0.05250229,2.2087777,,
ds005289,sub-032,2,Cz,1000.0,-35.82564163208008,0.264,9.062220573425293,0.376,44.88786220550537,0.9225448392440041,30.0-100.0,,-684.7733019893169,0.0,0.0,0.0,2.6412735460326076,0.6853146928837914,0.490486256195766,0.8608429045143986,0.5122319310268254,0.5084865779348142,0.272289958869041,0.12386647503826895,1.0337722010201644,1.7888868131919486,0.050105028,2.750308,,
ds005289,sub-032,3,Cz,1000.0,-32.6639289855957,0.245,23.15771484375,0.354,55.8216438293457,0.26916157076031094,30.0-100.0,,-78.56402377269983,0.0,0.0,0.0,4.185732104815543,0.36071719745734554,0.8653046155051282,0.9623038199246634,0.8768180684954547,0.5046437664969964,0.3020596066201436,0.12564252114120678,1.0231152312544274,1.8732560334406472,0.04751537,2.468726,,
ds005289,sub-032,4,Cz,1000.0,-17.11323356628418,0.252,18.427501678466797,0.33,35.54073524475098,0.1766090955309446,30.0-100.0,,-57.58827128692181,0.0,0.0,0.0,2.501848037354648,0.1745705270402107,0.6646144727298106,0.9331387724656555,0.667405937619082,0.4886876116393976,0.3325491302665084,0.1412780437339642,1.024293286191719,1.8584818174294706,0.04798861,2.4598587,,
ds005289,sub-032,5,Cz,1000.0,-10.938722610473633,0.256,26.328840255737305,0.357,37.26756286621094,0.05314813051651712,30.0-100.0,,-32.354599450385166,0.0,0.0,0.0,4.453645553439856,0.2472358468826666,0.7400944671877228,0.9451560223928208,0.6932829737097751,0.4803388808732522,0.33113997979557913,0.17223100325448834,1.0228689110706264,1.8377667076478275,0.04787026,2.3982306,,
ds005289,sub-032,6,Cz,1000.0,-21.866838455200195,0.215,17.213294982910156,0.326,39.08013343811035,0.12640320259273835,30.0-100.0,,-101.41209422158211,0.0,0.0,0.0,2.497306966688484,0.15384167269142518,0.6194561132942114,0.8941898222139878,0.6240377552693478,0.4885983366066636,0.31922341885522715,0.11848538388668682,1.0200569978651204,1.8673605417256027,0.040472917,2.822962,,
ds005289,sub-032,7,Cz,1000.0,-26.613037109375,0.211,13.45845890045166,0.3,40.07149600982666,0.07505925860513962,30.0-100.0,,-162.4140051663746,0.0,0.0,0.0,4.0191703592427075,0.19573716831029764,0.5113223113944257,0.8837743643204243,0.4982515980847537,0.4919553726758277,0.33022487112649523,0.13355091504113814,1.023962650866605,1.8653514234722843,0.043170195,2.6522002,,
ds005289,sub-032,8,Cz,1000.0,-22.38648223876953,0.266,20.36713409423828,0.398,42.75361633300781,0.11984378722941155,30.0-100.0,,-124.27682464417114,0.0,0.0,0.0,3.807340282946825,0.10000418040278722,0.579662542600188,0.8303751721818622,0.6404302343465813,0.49742219878553584,0.2706152645045971,0.13572846786893028,1.0245861926690045,1.8450163168558826,0.046360414,2.3788629,,
ds005289,sub-032,9,Cz,1000.0,-17.13439178466797,0.275,22.57086944580078,0.367,39.70526123046875,0.19842486572936927,30.0-100.0,,-111.29173619246941,0.0,0.0,0.0,3.0213065329007804,0.30871950472548954,0.7558980789788022,0.9203463935424571,0.7045308263506141,0.5038972240565551,0.3019493766830127,0.11216856929012842,1.0274644763389005,1.793222184961255,0.04368871,2.9804375,,
ds005289,sub-033,0,Cz,1000.0,-10.206165313720703,0.302,1.9812899827957153,0.514,12.187455296516418,0.06339901758857167,30.0-100.0,,-251.41367044547013,0.0,0.0,0.0,2.637156838318333,0.09396539418336879,0.654128412032105,0.2803347336784992,0.16557914558812606,0.49367974837603346,0.3880471545260543,0.23218226959553265,1.0243996995383462,1.7933773296821087,0.06487299,1.847779,,
ds005289,sub-033,1,Cz,1000.0,-7.17960786819458,0.231,5.989384174346924,0.305,13.168992042541504,0.28158489631519357,30.0-100.0,,-9.259084597419358,0.0,0.0,0.0,1.0658437095116824,0.15187270890945107,0.14976401511365967,0.3352862890420995,0.2845051256265414,0.5011262005132673,0.3598813983827432,0.19743397055311657,1.0289682293544467,1.8100466784276352,0.054722648,2.4720998,,
ds005289,sub-033,2,Cz,1000.0,-6.8368682861328125,0.182,6.23567533493042,0.405,13.072543621063232,0.038207497310930455,30.0-100.0,,-136.9328147810109,0.0,0.0,0.0,1.2297436769586056,0.10275984931214971,0.2020162836449733,0.8151659036995307,0.3953361982411035,0.5104058929502955,0.34298767791146545,0.13996339032716731,1.0312239981955145,1.7899392264567147,0.045664072,3.0158012,,
ds005289,sub-033,3,Cz,1000.0,-13.54355525970459,0.302,5.183351516723633,0.359,18.726906776428223,0.023444927088420858,30.0-100.0,,-70.16849384041836,0.0,0.0,0.0,0.9522381151327863,0.04273695675821934,0.3113201693898817,0.08716137728868674,0.15765847365192664,0.48125467315446546,0.32285603905414906,0.1910385655114481,1.02237025714423,1.8283843113628413,0.06360253,1.8039852,,
ds005289,sub-033,4,Cz,1000.0,-5.806180000305176,0.318,4.916286468505859,0.366,10.722466468811035,0.029252737295304247,30.0-100.0,,-156.00234428937532,0.0,0.0,0.0,1.1956716480199248,0.11369522685453584,0.3568633567778162,0.4698821239241033,0.03374876123165086,0.49267253194595045,0.35082625881811835,0.18903956802935604,1.0239783292388567,1.786802884549034,0.05502583,2.3432236,,
ds005289,sub-033,5,Cz,1000.0,-9.468094825744629,0.314,5.251307487487793,0.502,14.719402313232422,0.06116201300576836,30.0-100.0,,1.0547842072523286,0.0,0.0,0.0,2.3449360742233694,0.08009552307867637,0.42702979349009584,0.11897056114698118,0.02505590180989315,0.4925000503844691,0.3805924012938078,0.22282098107174308,1.0240566960826176,1.8119567622949586,0.061484937,1.8850528,,
ds005289,sub-033,6,Cz,1000.0,-18.211881637573242,0.313,3.7703709602355957,0.378,21.982252597808838,0.02555144600004805,30.0-100.0,,2.48236161251026,0.0,0.0,0.0,1.0770368098746985,0.05887543216202004,0.7374500568497206,0.6144790735197156,0.1518174829471372,0.49022769738917465,0.2996204758800631,0.14800267968013625,1.0254565964771167,1.8690620969165954,0.051204953,2.2104173,,
ds005289,sub-033,7,Cz,1000.0,-8.427037239074707,0.26,0.3300173282623291,0.3,8.757054567337036,0.16746807559615,30.0-100.0,,-118.66155681624504,0.0,0.0,0.0,0.8841576491249725,0.06280287616089561,0.6097464956977493,0.10402720741002063,0.664643530007985,0.5115400308185098,0.34470276103619246,0.15343421725254547,1.0265667322970187,1.8364599257858911,0.056518525,2.2751858,,
ds005289,sub-033,8,Cz,1000.0,0.3786289691925049,0.245,16.7432918548584,0.385,16.364662885665894,0.04192900529607652,30.0-100.0,,17.989696865881367,0.0,0.0,0.0,2.043916319962591,0.0538887197706478,0.7058919352759309,0.12265576757243184,0.33299589982588845,0.48327737414755517,0.3415423428896465,0.15231638708797496,1.0200890806013005,1.8314481911887228,0.047878657,2.295374,,
ds005289,sub-033,9,Cz,1000.0,-2.8937103748321533,0.35,8.683771133422852,0.409,11.577481508255005,0.23407111090509647,30.0-100.0,,-32.38470693802128,0.0,0.0,0.0,1.3553730968851596,0.1969297989027957,0.5186429176896037,0.377628378785986,0.44156719760556046,0.49416913059888923,0.32551433563963605,0.15706692427955335,1.0245557993301875,1.832748330538124,0.05408182,2.209672,,
ds005289,sub-034,0,Cz,1000.0,-10.700807571411133,0.302,3.443657159805298,0.512,14.14446473121643,0.07005683399344959,30.0-100.0,,-252.5630124655998,0.0,0.0,0.0,2.552566642407328,0.06497086281539652,0.6653186943189943,0.2992695783748082,0.12755167508837723,0.48513452687193426,0.38775401202467874,0.21785309487955018,1.0203173113960062,1.8074635693895857,0.06321804,1.865877,,
ds005289,sub-034,1,Cz,1000.0,-6.120641231536865,0.231,7.765749931335449,0.305,13.886391162872314,0.28422859512636234,30.0-100.0,,-19.362317509410186,0.0,0.0,0.0,1.096973690437153,0.21116110692961412,0.19717609721068022,0.325861843364446,0.41427268535498885,0.501582916431288,0.35820238561723755,0.1855816898299725,1.029939249470896,1.8048624293491182,0.053779606,2.5729897,,
ds005289,sub-034,2,Cz,1000.0,-6.247559547424316,0.184,6.4210333824157715,0.404,12.668592929840088,0.043755859365331856,30.0-100.0,,-141.96454264118742,0.0,0.0,0.0,1.219403144204989,0.0797212400495493,0.23480307703945982,0.7900898655875821,0.35025133593490687,0.5064303381109871,0.33556452988964514,0.16070741549770431,1.028702916892907,1.8148358236787796,0.048773587,2.7236595,,
ds005289,sub-034,3,Cz,1000.0,-13.378300666809082,0.302,4.917342185974121,0.361,18.295642852783203,0.024425005683916673,30.0-100.0,,-49.51060432974063,0.0,0.0,0.0,0.7654575165361166,0.0464175415848052,0.2707236689142805,0.08989112197450616,0.2519632470228159,0.47904985568128805,0.32184514927905505,0.19703777588039686,1.0232293170522695,1.8364932628410184,0.062125184,1.844902,,
ds005289,sub-034,4,Cz,1000.0,-6.461394309997559,0.318,4.381172180175781,0.366,10.84256649017334,0.031490736916824774,30.0-100.0,,-116.99071852634242,0.0,0.0,0.0,1.497265388024971,0.10542087191252411,0.3787929944007909,0.46710280427651907,0.01662084998993582,0.4976409434754313,0.3610487312501308,0.19409043796909947,1.0241334820337251,1.7777414463497663,0.057027128,2.267177,,
ds005289,sub-034,5,Cz,1000.0,-8.904272079467773,0.217,5.398855686187744,0.525,14.303127765655518,0.04422946599845794,30.0-100.0,,-0.33431494849136256,0.0,0.0,0.0,2.5105285458266735,0.07535669083369792,0.4342201722534999,0.12926161487935756,0.06159412322380517,0.49747660631100343,0.38741662239797464,0.23090018249608615,1.0248618191619017,1.8045361352798177,0.063044906,1.8691602,,
ds005289,sub-034,6,Cz,1000.0,-18.9862003326416,0.314,3.5553534030914307,0.377,22.541553735733032,0.057106818079182,30.0-100.0,,9.260210627077768,0.0,0.0,0.0,1.1511336488183588,0.05512942763256142,0.6897490749621424,0.6641493841386641,0.2364656510778669,0.4943710489288467,0.3037089508194028,0.14704768444127442,1.0248974954391177,1.8668475653616379,0.05002275,2.265679,,
ds005289,sub-034,7,Cz,1000.0,-6.334911823272705,0.26,2.29644775390625,0.3,8.631359577178955,0.1598813535874182,30.0-100.0,,-206.20948374794708,0.0,0.0,0.0,0.8990878704935312,0.080117790271954,0.5650754919457391,0.18151817865261258,0.6379455133410352,0.5102685212012991,0.34884213965838323,0.16501641016947485,1.0245999285731042,1.8378562882303802,0.057260472,2.222924,,
ds005289,sub-034,8,Cz,1000.0,-0.3469102382659912,0.245,14.782159805297852,0.384,15.129070043563843,0.051481409140866075,30.0-100.0,,10.173141739709271,0.0,0.0,0.0,1.9868006347678602,0.0789172785422565,0.6910566045857726,0.16301787853561242,0.36561596464987645,0.4832814569642621,0.3399055331461546,0.16590965547060899,1.0190943879368697,1.8245283400694996,0.04996804,2.240876,,
ds005289,sub-034,9,Cz,1000.0,-3.843125820159912,0.35,8.016483306884766,0.409,11.859609127044678,0.20342187731681172,30.0-100.0,,-14.06663122944772,0.0,0.0,0.0,1.291003602091223,0.17669028245850382,0.5652455078568603,0.45969920083870724,0.4332296916750835,0.473522642672299,0.32793714029070753,0.16040568030078373,1.019303783806012,1.8464281497940185,0.05410563,2.1190872,,
ds005289,sub-035,0,Cz,1000.0,-19.16977882385254,0.261,20.62801170349121,0.361,39.79779052734375,0.16399932666430472,30.0-100.0,,-1461.2238682073066,0.0,0.0,0.0,5.254740884993225,0.2317256944912964,0.609519589551462,0.5065371333674795,0.42149157349072053,0.49753717407814946,0.34026922874513194,0.12289319179916786,1.0238859049379407,1.7970334781818937,0.04549978,2.6666896,,
ds005289,sub-035,1,Cz,1000.0,-25.1707706451416,0.258,-4.12384557723999,0.453,21.04692506790161,0.4607395720175123,30.0-100.0,,-10.422069693078484,0.0,0.0,0.0,1.4478677476290613,0.20089867938983924,0.45130584390307266,0.6978729689727469,0.402672796039869,0.4935545765007181,0.28056607736342387,0.11272486057455301,1.0268914039467156,1.7638841022867973,0.03825533,3.4424937,,
ds005289,sub-035,2,Cz,1000.0,-21.79831314086914,0.248,20.202978134155273,0.428,42.001291275024414,1.1431750521450363,30.0-100.0,,-276.37869684745976,0.0,0.0,0.0,6.22901669703424,0.7094340735961935,0.576217322512537,0.5035829133696218,0.6393543135122881,0.512407681036814,0.38384845825470637,0.18003953792483154,1.0304481704972548,1.7057525368403534,0.07483619,1.8777512,,
ds005289,sub-035,3,Cz,1000.0,-19.182313919067383,0.248,29.19876480102539,0.443,48.38107872009277,0.33026584432058886,30.0-100.0,,-130.28202248813392,0.0,0.0,0.0,2.294324222020805,0.32429669579682463,0.5917596567898675,0.3883150618204484,0.7443022623416397,0.5027795508192485,0.2859881862249326,0.09715113952584775,1.0256646017933697,1.8582702853522397,0.037416864,3.317587,,
ds005289,sub-035,4,Cz,1000.0,-10.130436897277832,0.228,28.68474578857422,0.357,38.81518268585205,0.14856070997508117,30.0-100.0,,-58.757968563096384,0.0,0.0,0.0,1.7727768863551319,0.2242994977200187,0.6316223342467058,0.5159263506506735,0.5979491810775509,0.5007310870992946,0.3110732681909116,0.11808782787052709,1.0282204320016495,1.835601878123706,0.037270527,3.5930405,,
ds005289,sub-035,5,Cz,1000.0,-15.350019454956055,0.235,12.685425758361816,0.319,28.03544521331787,0.2730964800562374,30.0-100.0,,-34.6472100286005,0.0,0.0,0.0,2.1503292373381555,0.30123042942995293,0.6654962816339082,0.16897499266483496,0.09606156650529409,0.5073565030197726,0.3618556100722064,0.1474123025505394,1.0303857012897155,1.7651591673593092,0.050621245,2.613693,,
ds005289,sub-035,6,Cz,1000.0,-7.332701683044434,0.21,14.112457275390625,0.325,21.44515895843506,0.10981478289160893,30.0-100.0,,-155.34718052310734,0.0,0.0,0.0,1.7903232364915311,0.1340356317609901,0.5273360115366655,0.2924311750466668,0.38672075534588984,0.49964769026177996,0.3541058216642569,0.18559558324867528,1.024261728665836,1.8098557780632636,0.051507622,2.4183722,,
ds005289,sub-035,7,Cz,1000.0,-25.616535186767578,0.253,12.020116806030273,0.382,37.63665199279785,0.20432014448833713,30.0-100.0,,-18.968499612603086,0.0,0.0,0.0,2.6272470713593066,0.11020493047805141,0.6330503054414282,0.41665722363471713,0.5911477658146689,0.4772061059447951,0.2827830156986712,0.14466215190808895,1.013232661761273,1.9063572172636858,0.047385942,2.078958,,
ds005289,sub-035,8,Cz,1000.0,-24.221961975097656,0.231,15.150049209594727,0.324,39.37201118469238,0.20510138745258483,30.0-100.0,,46.64699371021274,0.0,0.0,0.0,1.602699572686106,0.17337560139994712,0.7805645203007205,0.3602355002849598,0.6157049492884747,0.4855156482092351,0.2946065291362267,0.1114064399445131,1.0182524762592928,1.864824150941924,0.03979986,2.79014,,
ds005289,sub-035,9,Cz,1000.0,-15.870244979858398,0.204,17.186573028564453,0.331,33.05681800842285,0.10392364418138587,30.0-100.0,,-48.78952585429553,0.0,0.0,0.0,1.84692902257666,0.08309373018619559,0.5978301262990355,0.3608091754792095,0.6095566817965646,0.4780481149709828,0.2922639556506948,0.11261261315193205,1.0229896576903337,1.8784270421779536,0.039098166,2.875692,,
ds005289,sub-036,0,Cz,1000.0,-1.6456685066223145,0.327,9.672715187072754,0.537,11.318383693695068,0.021219909527956694,30.0-100.0,,-0.9740373371743536,0.0,0.0,0.0,1.5951893583405763,0.17638008479384107,0.5365374873730138,0.14328939200956173,0.07712693468479248,0.5136506643800327,0.3951762511984638,0.20565461073084232,1.038618907829304,1.6924999096774167,0.059511036,2.5225642,,
ds005289,sub-036,1,Cz,1000.0,-6.082493305206299,0.252,3.947965383529663,0.427,10.030458688735962,0.022253865654408365,30.0-100.0,,49.79313202641375,0.0,0.0,0.0,0.5083212454337627,0.11647032925092907,0.592033890590472,0.4096145321742257,0.20850064580983244,0.5078443816997446,0.29273671304265764,0.20869254648029195,1.0319293629545967,1.7513838274923836,0.05979027,2.400475,,
ds005289,sub-036,2,Cz,1000.0,-2.0877609252929688,0.29,12.316826820373535,0.527,14.404587745666504,0.10724387926009261,30.0-100.0,,-47.66853398984161,0.0,0.0,0.0,0.7383936317637563,0.07828273891630037,0.4308723345816686,0.37811628664740426,0.4058981759037011,0.5026555809727165,0.3624265161777747,0.13776384670836708,1.03146339534927,1.7961039645924286,0.043750264,3.0765038,,
ds005289,sub-036,3,Cz,1000.0,-5.842686176300049,0.278,0.6848532557487488,0.327,6.527539432048798,0.022344218057649724,30.0-100.0,,48.08704033967409,0.0,0.0,0.0,0.5488130555022508,0.06858480693464389,0.4970333615530756,0.5624068926946002,0.33950708007894026,0.5051208877406314,0.3089718940107286,0.1709162789965653,1.0324531387061415,1.792239882640932,0.0517288,2.5787172,,
ds005289,sub-036,4,Cz,1000.0,-6.11059045791626,0.274,3.161921501159668,0.483,9.272511959075928,0.07092691694957076,30.0-100.0,,29.407998902183348,0.0,0.0,0.0,0.8991913346108049,0.11785325459193674,0.24127948605942093,0.7558574961299731,0.23241749115081278,0.5088190936939145,0.35897222534102136,0.23518888469490826,1.030318141521671,1.7401629983538724,0.06687385,2.0427308,,
ds005289,sub-036,5,Cz,1000.0,-6.883771896362305,0.307,8.182111740112305,0.359,15.06588363647461,0.06910998791910149,30.0-100.0,,-63.47219467679533,0.0,0.0,0.0,0.48587432684144005,0.07340412202555502,0.5489421260460609,0.31418890849445164,0.08488880853362421,0.502415964036585,0.30179521449529634,0.163874087732413,1.0304289505978594,1.8387134829499114,0.05174405,2.3546324,,
ds005289,sub-036,6,Cz,1000.0,-7.68487548828125,0.312,1.6047848463058472,0.385,9.289660334587097,0.02589598805119171,30.0-100.0,,-53.521225728558065,0.0,0.0,0.0,0.9239463252015412,0.03394840962679907,0.5599341005259364,0.3851288057569612,0.3415919985880328,0.5021826326341498,0.31692534419302426,0.1961244885820727,1.0320408504514007,1.744518088396942,0.057716962,2.4122818,,
ds005289,sub-036,7,Cz,1000.0,-9.237652778625488,0.15,-2.355802059173584,0.458,6.881850719451904,0.05860553897939647,30.0-100.0,,-188.07694589463694,0.0,0.0,0.0,0.7149155135266483,0.08802877299588993,0.7657746136751808,0.549123043217698,0.13736155055817573,0.505245390310297,0.32750857529705973,0.17475008464334785,1.0294102056110706,1.8361209788323172,0.05527966,2.462897,,
ds005289,sub-036,8,Cz,1000.0,-3.538221597671509,0.158,8.065746307373047,0.3,11.603967905044556,0.025230302131602073,30.0-100.0,,12.992468233913975,0.0,0.0,0.0,0.8153883391059935,0.08980222104697667,0.3808064270789407,0.26370126068918703,0.10617077856839062,0.49989421704708925,0.32792427850276146,0.14447701880616518,1.0236317633530156,1.8277702037192858,0.044172868,2.853292,,
ds005289,sub-036,9,Cz,1000.0,-8.324015617370605,0.27,2.444283962249756,0.342,10.768299579620361,0.08462501489497898,30.0-100.0,,15.284049015687248,0.0,0.0,0.0,0.4568757431115955,0.06001952816408465,0.3431977069341391,0.6961861168933248,0.18428715685513394,0.484880975197324,0.29461645828273086,0.2107570018917253,1.0262996101987338,1.829360694001592,0.059170377,2.1191592,,
ds005289,sub-037,0,Cz,1000.0,-15.196551322937012,0.222,20.983257293701172,0.338,36.179808616638184,0.018294854563491447,30.0-100.0,,60.18816600324621,0.0,0.0,0.0,1.1069258325733244,0.031007130833690666,0.6725544054461209,0.1609787697403075,0.26560617886716703,0.4683502552187658,0.2726960709103008,0.09145506347666567,1.0112326059840935,1.9355591229199578,0.03223621,2.6980338,,
ds005289,sub-037,1,Cz,1000.0,-11.464468955993652,0.219,27.003662109375,0.307,38.46813106536865,0.24785831315754514,30.0-100.0,,-102.423823569711,0.0,0.0,0.0,0.7472772122127935,0.1247298970799178,0.775056223116944,0.6480470206351906,0.6965556024795763,0.48630232468690454,0.25120693720942366,0.07778345239669678,1.019885538345309,1.9193567116406687,0.02762186,3.7627225,,
ds005289,sub-037,2,Cz,1000.0,-9.27164363861084,0.218,22.07022476196289,0.364,31.34186840057373,0.3312645434312804,30.0-100.0,,-952.5816569994466,0.0,0.0,0.0,1.7098093521781266,0.1298434020847918,0.8236687612647716,0.41688869117743776,0.3644941155758392,0.48619611270130186,0.29236010982353716,0.11228384130121631,1.0223167159836413,1.8742879549773999,0.038640786,2.9409103,,
ds005289,sub-037,3,Cz,1000.0,-16.464534759521484,0.206,17.65167999267578,0.313,34.116214752197266,0.021607270721535343,30.0-100.0,,-73.58021658813699,0.0,0.0,0.0,0.6341400294331834,0.04164727931084064,0.6891237596289191,0.25428807374796775,0.23017545584502797,0.4909286848401805,0.26427133099764083,0.07030159972854405,1.0152209423121252,1.9481861768356246,0.027424151,3.3827734,,
ds005289,sub-037,4,Cz,1000.0,-10.270224571228027,0.206,21.288572311401367,0.301,31.558796882629395,0.05245449176080608,30.0-100.0,,-278.7826092781264,0.0,0.0,0.0,0.6037334096617997,0.05962261839689842,0.6986514139703062,0.2501043183991705,0.27637005471716414,0.4799205623632759,0.25601116930671586,0.05980325173017962,1.0175328582285499,1.9232226332325246,0.023313839,4.5101857,,
ds005289,sub-037,5,Cz,1000.0,-14.8516845703125,0.208,25.86162567138672,0.305,40.71331024169922,0.12091850683298988,30.0-100.0,,2.8930995296235937,0.0,0.0,0.0,0.5736069288104773,0.07107633305682495,0.8045660705579217,0.34443371681726664,0.10538207116492315,0.4917819542708647,0.23611114310070813,0.06175383550529976,1.0187072720130481,1.9522558056673447,0.025004495,4.0839705,,
ds005289,sub-037,6,Cz,1000.0,-16.57155418395996,0.198,25.34278106689453,0.3,41.91433525085449,0.028666435695171022,30.0-100.0,,-278.780895465785,0.0,0.0,0.0,0.7375853601843119,0.04938630234543884,0.951605921483338,0.39863969882763794,0.06821418809111844,0.4889470375309807,0.24593582248161344,0.05877422793653489,1.0224210463373986,1.9455455299646214,0.023244249,4.144936,,
ds005289,sub-037,7,Cz,1000.0,-14.612998962402344,0.227,20.533348083496094,0.308,35.14634704589844,0.15769498915485514,30.0-100.0,,-116.71153597459096,0.0,0.0,0.0,0.4191908592474647,0.053418090341428304,0.8539460899216181,0.32248097603687786,0.16315692321049366,0.4713418335382765,0.27771962941833245,0.06541927320951205,1.0147360007318544,1.9444330947265838,0.028339624,3.2044044,,
ds005289,sub-037,8,Cz,1000.0,-13.026010513305664,0.151,26.26103401184082,0.321,39.287044525146484,0.07980258692996678,30.0-100.0,,-260.0058040765161,0.0,0.0,0.0,0.6754771166015416,0.13490950725439724,0.6908702565675225,0.14931289033406525,0.5554264922860236,0.5011488409765774,0.265622488366051,0.06675195384673803,1.0285517711470555,1.8943999546085302,0.028278813,4.0552735,,
ds005289,sub-037,9,Cz,1000.0,-9.962075233459473,0.199,18.058387756347656,0.315,28.02046298980713,0.012400202196456711,30.0-100.0,,-205.22039307292772,0.0,0.0,0.0,0.4078245838172734,0.05891746103051272,0.4924333331208836,0.6563139351451026,0.3677699635545702,0.48599456561168364,0.26074961645409805,0.07470003848244418,1.0214825181407572,1.914238627945414,0.026263164,4.2324777,,
ds005289,sub-038,0,Cz,1000.0,-42.91337966918945,0.238,7.521605014801025,0.362,50.43498468399048,0.8350774355128567,30.0-100.0,,-56.568446262571726,0.0,0.0,0.0,8.853441453538835,0.8383868357410111,0.17706636719896726,0.7202170066530088,0.22740001806736598,0.503936225897739,0.304572396247416,0.15565462797387572,1.0318962991162093,1.7916923438532726,0.05030038,2.448903,,
ds005289,sub-038,1,Cz,1000.0,-38.053836822509766,0.23,15.526073455810547,0.348,53.57991027832031,0.1868623480161726,30.0-100.0,,-195.64450665096606,0.0,0.0,0.0,5.8843978913500905,0.3063223711567975,0.572684936685969,0.49618070647586443,0.3096867189364843,0.4912672115224651,0.3286540719684208,0.11333997056638553,1.0213496333507117,1.844414015632047,0.047268406,2.3346765,,
ds005289,sub-038,2,Cz,1000.0,-44.299774169921875,0.245,-3.221787214279175,0.372,41.0779869556427,0.8059716100803048,30.0-100.0,,-237.16878574982195,0.0,0.0,0.0,2.955398987978697,0.30768355032419203,0.15762199709645214,0.5541560804322291,0.42087272317084673,0.4767761657788918,0.2908641499852104,0.09451653814194347,1.020120461074782,1.878864826481477,0.036726635,2.851293,,
ds005289,sub-038,3,Cz,1000.0,-34.28309631347656,0.26,1.7328271865844727,0.486,36.015923500061035,0.39521219229450566,30.0-100.0,,35.69125733584577,0.0,0.0,0.0,5.420542322099209,0.9927885337157119,0.45527654459489586,0.5032665960151509,0.49249092401032735,0.5116091526466046,0.33964918006459743,0.16838130057617978,1.0328403586249895,1.7341711673310747,0.053795207,2.6033654,,
ds005289,sub-038,4,Cz,1000.0,-26.39226531982422,0.225,9.423114776611328,0.55,35.81538009643555,0.3478472938114735,30.0-100.0,,-320.2480405599158,0.0,0.0,0.0,4.31957293767482,0.746881349397488,0.13333717432974554,0.6313170067679699,0.10885720693736867,0.5089319002104893,0.3167955472295194,0.16200732323977246,1.0343327797126993,1.8029438305971381,0.05281195,2.633552,,
ds005289,sub-038,5,Cz,1000.0,-29.6325626373291,0.227,13.563472747802734,0.32,43.196035385131836,0.47387713988649227,30.0-100.0,,-23.438748519620518,0.0,0.0,0.0,6.289982702583075,0.6247006446528993,0.24375323125895718,0.33762662464184723,0.15072893284571545,0.4932567263337879,0.34295162916006455,0.15707289935410576,1.0282773697935268,1.7755496278476506,0.052346837,2.5356493,,
ds005289,sub-038,6,Cz,1000.0,-34.26817321777344,0.264,0.04723978042602539,0.354,34.31541299819946,1.0055049590148648,30.0-100.0,,-16.623514880358666,0.0,0.0,0.0,5.7936119846999645,0.40222613632484583,0.3689367717791603,0.3296954299421415,0.31908817531972133,0.4904141195412391,0.3315076544970118,0.11515268512946605,1.02244588411814,1.7850720097555086,0.0417769,3.0535095,,
ds005289,sub-039,0,Cz,1000.0,-7.42842960357666,0.35,12.910292625427246,0.3,20.338722229003906,0.08669167871511174,30.0-100.0,,-86.0430291114558,0.0,0.0,0.0,2.798369503580034,0.21149138258037042,0.20293897111622072,0.5152187891712128,0.3875353767933476,0.4969247012833442,0.36539685687544593,0.25105505945698653,1.0333505240850556,1.7958803125674834,0.06899268,1.8971803,,
ds005289,sub-039,1,Cz,1000.0,-12.682792663574219,0.224,16.720680236816406,0.417,29.403472900390625,0.1717542157925224,30.0-100.0,,-437.63879514932063,0.0,0.0,0.0,4.552340600639582,0.1389204730405571,0.7356394471224995,0.43900619436633753,0.42375125272139363,0.476570697219427,0.3211675527475738,0.23659256856829822,1.0179738916640726,1.899018970843771,0.06503153,1.445924,,
ds005289,sub-039,2,Cz,1000.0,-11.862037658691406,0.281,18.738107681274414,0.533,30.60014533996582,0.02721170955577619,30.0-100.0,,-1063.8881166442306,0.0,0.0,0.0,4.39494353486225,0.1709923105970689,0.40640402876141507,0.7398376506929067,0.6292347409672134,0.4835394408640112,0.32160014252009067,0.21805344909152535,1.0185405478576035,1.8632813183147006,0.068054564,1.4508817,,
ds005289,sub-039,3,Cz,1000.0,-15.801438331604004,0.312,34.64274978637695,0.46,50.44418811798096,0.021611496315378925,30.0-100.0,,-972.9818946322794,0.0,0.0,0.0,3.809333371464163,0.04340385883713771,0.5843146695435741,0.7441220076636275,0.6900399961907878,0.4799086658326179,0.2949896914498868,0.14478009250375656,1.0112863035731992,1.8967548029109442,0.056141403,1.4012634,,
ds005289,sub-039,4,Cz,1000.0,-23.68336296081543,0.176,25.768325805664062,0.431,49.45168876647949,0.13591183405131657,30.0-100.0,,-125.94985693539608,0.0,0.0,0.0,2.931940311100334,0.1451774576986739,0.5711180203358305,0.6242534504638605,0.22555522394906594,0.4646814567776212,0.31799058817508946,0.13469021937487596,1.0127305706509206,1.8995545002551775,0.04389479,2.0229087,,
ds005289,sub-039,5,Cz,1000.0,-33.191341400146484,0.294,29.071685791015625,0.363,62.26302719116211,0.09643788251595398,30.0-100.0,,-1533.9555486193444,0.0,0.0,0.0,5.580122291576117,0.1011914709730874,0.8936111621357521,0.2418570514397115,0.6307592122244801,0.46281108924175696,0.2874137702907796,0.1395734980935368,1.0109905014577025,1.928055363841236,0.052335236,1.6016637,,
ds005289,sub-039,6,Cz,1000.0,-17.52037811279297,0.255,23.74642562866211,0.328,41.26680374145508,0.055347868656567545,30.0-100.0,,-291.9282337886668,0.0,0.0,0.0,1.358934721793048,0.24266561469505482,0.7802147114955226,0.47032161953334967,0.5740772403298217,0.4761761524045775,0.30185027816460147,0.165081525850394,1.0132142407854965,1.8978893931189253,0.04981893,1.9696192,,
ds005289,sub-039,7,Cz,1000.0,-1.827742099761963,0.301,12.752059936523438,0.358,14.5798020362854,0.32892363304412586,30.0-100.0,,-360.6725636797548,0.0,0.0,0.0,2.8744995361194015,0.19619869271560608,0.6800705212762874,0.4145303757589025,0.7338335264574259,0.4877192487461402,0.3726726634173396,0.1987619564394596,1.022718333949624,1.8354005209512199,0.06023979,2.0317307,,
