dataset,subject,epoch,vertex_channel,sfreq,n2_amp,n2_lat,p2_amp,p2_lat,n2p2_amp,gamma_power,gamma_band_hz,alpha_erd_pct,beta_erd_pct,psd_delta,psd_theta,psd_alpha,psd_beta,psd_gamma,plv_Fz-Cz,plv_Cz-Pz,plv_C3-C4,plv_FCz-CPz,perm_entropy,spectral_entropy,sample_entropy,higuchi_fd,dfa,hjorth_mobility,hjorth_complexity,rating,laser_power
ds005284,sub-001,0,CZ,1000.0,-22.231401443481445,0.221,10.99229621887207,0.427,33.223697662353516,0.14400496982488326,30.0-100.0,,-166.78940998498842,0.0,0.0,0.0,1.9721562275663018,0.26502060719835185,0.39862972081919523,0.3169024625652486,0.25958049416979684,0.24635001480326948,0.5121434954044974,0.27569433634447027,0.12109534411024639,1.035878757377749,1.7831941748808693,0.03867463,3.6232595,,
ds005284,sub-001,1,CZ,1000.0,-3.065441131591797,0.194,25.04020881652832,0.388,28.105649948120117,0.09337688202410224,30.0-100.0,,-964.430399993438,0.0,0.0,0.0,1.3720908609684557,0.1414522774835468,0.8075119478836525,0.5902238884239511,0.5737525089566908,0.7030460934086128,0.49550397274646085,0.32371288755774835,0.1180689555227911,1.0226930203883111,1.82626730250342,0.04392365,2.4481134,,
ds005284,sub-001,2,CZ,1000.0,-8.20946979522705,0.231,18.109031677246094,0.461,26.318501472473145,0.006866950464514939,30.0-100.0,,-3383.2928398641416,0.0,0.0,0.0,1.8840916600311175,0.027749840991618882,0.9111601831290749,0.5950701767581564,0.17835859696528966,0.5931381171592206,0.4764542703975597,0.334523043060083,0.1872302460879973,1.0111169245792584,1.8424544373067617,0.05761435,1.6239028,,
ds005284,sub-001,3,CZ,1000.0,-16.382238388061523,0.185,13.250682830810547,0.371,29.63292121887207,0.17864659248471143,30.0-100.0,,-1359.2258275268352,0.0,0.0,0.0,1.3613346382044256,0.08561298946744775,0.5903649339107871,0.1050363034498774,0.2937831288883085,0.7076173042744763,0.4898128120643019,0.25927461473304486,0.0997567526827054,1.0247782161518975,1.8800708745070116,0.037086792,3.0778568,,
ds005284,sub-001,4,CZ,1000.0,-26.62097930908203,0.252,7.102807998657227,0.389,33.72378730773926,0.014944916289460347,30.0-100.0,,-78.25694273072133,0.0,0.0,0.0,2.224807452876121,0.05138098623915259,0.47391514066267054,0.37011797140532504,0.3066742249282571,0.48040569419723933,0.4839394465544655,0.29785579100174847,0.140260338828338,1.0126557054490157,1.9004341264975124,0.04974021,1.864374,,
ds005284,sub-001,5,CZ,1000.0,-19.35261344909668,0.309,9.740469932556152,0.366,29.093083381652832,0.05036224367446426,30.0-100.0,,-465.72250561322636,0.0,0.0,0.0,2.030571340583265,0.11891645360624127,0.7193955666419598,0.3638581536011991,0.45998394224425004,0.5071213021839885,0.4681984487680705,0.31958323506030156,0.16790850999323806,1.0131288815502966,1.916118692412146,0.060431186,1.5352545,,
ds005284,sub-001,6,CZ,1000.0,-19.289352416992188,0.209,18.781959533691406,0.366,38.071311950683594,0.2355785815645918,30.0-100.0,,-270.30237625928913,0.0,0.0,0.0,2.0969033357687294,0.16170529379603074,0.8282746049904036,0.5020619978277899,0.3238603363338207,0.4958965625260517,0.48718062759749786,0.32923517129884095,0.1289811576910752,1.0165653078478618,1.8997261282278968,0.05272715,2.0976946,,
ds005284,sub-001,7,CZ,1000.0,-18.122840881347656,0.221,9.491765022277832,0.346,27.61460590362549,0.22112670451266422,30.0-100.0,,19.32986582533563,0.0,0.0,0.0,1.424078393029049,0.08485202172084198,0.454662813978188,0.28803438179544355,0.022091967762567496,0.6494641978250081,0.47595221616161004,0.2991277418473258,0.1376625483155336,1.0145390123460447,1.9004657391693593,0.045573294,2.3139465,,
ds005284,sub-001,8,CZ,1000.0,-14.221817016601562,0.188,15.345293998718262,0.308,29.567111015319824,0.1455454768688226,30.0-100.0,,56.079226774888404,0.0,0.0,0.0,2.229757490567863,0.13622150725273,0.6958826348231567,0.5349550127510649,0.28233762306311255,0.6994617913781505,0.4954940276814092,0.34333983497003423,0.18395519285650969,1.0194741635545796,1.8489865067281495,0.055695992,1.9969225,,
ds005284,sub-001,9,CZ,1000.0,-18.48064613342285,0.204,17.822647094726562,0.424,36.303293228149414,0.05099754080654939,30.0-100.0,,-90.16604919512571,0.0,0.0,0.0,1.319002520176582,0.07110949973177308,0.6325628153837928,0.4490929268791477,0.1798721355963908,0.3118923817554002,0.48275432369237775,0.284871660119424,0.09518628181080604,1.0141414292407687,1.9284426631675158,0.034256753,2.8390844,,
ds005284,sub-001,10,CZ,1000.0,-17.578977584838867,0.228,-1.0458393096923828,0.472,16.533138275146484,0.04051461873646328,30.0-100.0,,17.12964344792159,0.0,0.0,0.0,1.1401327792555094,0.0781561114565222,0.2718510359212976,0.1539754169238413,0.06947461202837057,0.31012672476197584,0.48437496748529957,0.3388615389313975,0.1333210314750371,1.0270928726134507,1.8170839122584725,0.043406133,2.627475,,
ds005284,sub-001,11,CZ,1000.0,-17.308860778808594,0.19,8.019535064697266,0.48,25.32839584350586,0.49327182743956005,30.0-100.0,,34.98547794530163,0.0,0.0,0.0,2.339853090234101,0.14503909028457626,0.9037178423738196,0.6259679599020924,0.48552560909848214,0.6558744301178313,0.4573430765877799,0.3384423816001754,0.22722518963385832,1.0124731001774228,1.8672360378537851,0.060977064,1.6167446,,
ds005284,sub-001,12,CZ,1000.0,-26.532245635986328,0.186,22.593555450439453,0.31,49.12580108642578,0.021676358060038203,30.0-100.0,,-557.0385436989721,0.0,0.0,0.0,2.348165988223627,0.10025117528862301,0.8577231599757346,0.05592909760403922,0.5888298404331186,0.5308850982825627,0.4697784225248028,0.31105439963340376,0.14892902646876238,1.010200497204979,1.9254674217702434,0.050462376,1.6799445,,
ds005284,sub-002,0,CZ,1000.0,-6.364416122436523,0.35,23.549711227416992,0.548,29.914127349853516,0.6995124330826559,30.0-100.0,,-236.87039254756178,0.0,0.0,0.0,5.434618680737913,0.3432106313474605,0.30010881846067766,0.4761196526510512,0.20504048974180183,0.37023524916737693,0.5063781029129467,0.3812157090912675,0.22467022704505402,1.0356663201729366,1.7164148688381093,0.072090715,1.9922246,,
ds005284,sub-002,1,CZ,1000.0,-9.857706069946289,0.152,10.0714111328125,0.401,19.92911720275879,0.7730186014463879,30.0-100.0,,-61.89294560339792,0.0,0.0,0.0,5.349775077775121,0.3602273655503793,0.5748404636561295,0.16577872985430017,0.4920689223575017,0.1969883623557831,0.5093785346689549,0.398067204031772,0.2958127265191113,1.0351996949102784,1.7660986312865843,0.08397496,1.720298,,
ds005284,sub-002,2,CZ,1000.0,-53.813819885253906,0.226,10.929369926452637,0.411,64.74318981170654,0.23304003672780493,30.0-100.0,,-167.3884117421026,0.0,0.0,0.0,4.10519476281479,0.3980550773434455,0.44884874281657183,0.46978971763442545,0.5018329204815895,0.36061514917497983,0.49320152362141184,0.31067486789905135,0.08561918068578359,1.0253515654718328,1.8718630015527489,0.04445543,2.4331694,,
ds005284,sub-002,3,CZ,1000.0,-34.020484924316406,0.249,14.4966459274292,0.32,48.517130851745605,0.08188819543687459,30.0-100.0,,58.13016666347176,0.0,0.0,0.0,9.409244870766997,0.4810947295197481,0.35342929253108146,0.7099279378336552,0.3536734823661354,0.6922227571443514,0.4622616303435083,0.35701341733614067,0.19314712015652244,1.017168885398706,1.8676150326151078,0.0626122,1.8322229,,
ds005284,sub-002,4,CZ,1000.0,-7.79500675201416,0.35,6.692422389984131,0.436,14.487429141998291,0.12017232977878066,30.0-100.0,,48.12428316411378,0.0,0.0,0.0,2.3286998039111495,0.2763912114312258,0.30853326670149844,0.35828677613831234,0.21881270699901137,0.25613821522772356,0.500362994671326,0.35399682544936273,0.1949273641525785,1.0308594078295472,1.817658829277144,0.057773456,2.3292317,,
ds005284,sub-002,5,CZ,1000.0,-4.8431477546691895,0.337,14.101764678955078,0.478,18.944912433624268,0.20860027605921433,30.0-100.0,,-200.86737910231784,0.0,0.0,0.0,3.6172514082863927,0.19210962924665065,0.6047465420676728,0.5542993811136976,0.3565159135872807,0.4970503581506995,0.5101887453215423,0.36885208733771274,0.2590190032775199,1.0332882436070592,1.7536441996393504,0.0715256,1.802279,,
ds005284,sub-002,6,CZ,1000.0,-8.335443496704102,0.197,14.499993324279785,0.477,22.835436820983887,0.3499182380151452,30.0-100.0,,-128.45915215768377,0.0,0.0,0.0,2.402758167590946,0.26676310446986046,0.7455946385060024,0.3721635140075663,0.3094743104299767,0.3427588388244727,0.515844219779428,0.3618281383491487,0.21140857032680055,1.0330994405633642,1.7620995047294767,0.06279579,2.2698376,,
ds005284,sub-002,7,CZ,1000.0,-9.131354331970215,0.321,24.527175903320312,0.426,33.65853023529053,0.32229728427216575,30.0-100.0,,-73.51039435393028,0.0,0.0,0.0,1.935162814334035,0.36746700502634455,0.5914056259569233,0.24945229495805143,0.23158817749990057,0.3798030801372594,0.5013236108679318,0.26533363795443193,0.17035948452999425,1.0348638331701878,1.7886995660673524,0.047476444,2.9764032,,
ds005284,sub-002,8,CZ,1000.0,-10.961167335510254,0.268,13.267815589904785,0.512,24.22898292541504,0.9305633604566695,30.0-100.0,,24.235896931026893,0.0,0.0,0.0,3.7660953821614385,0.5639457843400457,0.6125354304882293,0.31315502721067157,0.1330790425669744,0.6119471098626212,0.5132945926602864,0.40708325622104735,0.2900687717204567,1.0362065305955717,1.6884574149441993,0.07930834,1.9544069,,
ds005284,sub-002,9,CZ,1000.0,-24.04421615600586,0.262,21.538190841674805,0.408,45.582406997680664,0.37090557158853815,30.0-100.0,,-307.8305504833613,0.0,0.0,0.0,3.91863111872226,0.4873497659142116,0.5594243862542914,0.5654680284816295,0.20910517971053028,0.6778962094259874,0.4932935875502173,0.3426898345707884,0.21064688584219982,1.0269407846503371,1.8216423523729846,0.06445687,1.9163176,,
ds005284,sub-002,10,CZ,1000.0,-16.19051170349121,0.215,19.35498046875,0.354,35.54549217224121,0.03799036714000753,30.0-100.0,,64.24803202374525,0.0,0.0,0.0,1.906985999085009,0.10847890814548108,0.372617553295959,0.22380808852728687,0.415299706414057,0.12922576734495136,0.487399562023281,0.28137269951715455,0.11721362281286782,1.02604380449259,1.8464994079369006,0.03726648,3.3545265,,
ds005284,sub-002,11,CZ,1000.0,-3.913656711578369,0.288,10.787984848022461,0.371,14.70164155960083,0.46616460910473523,30.0-100.0,,-16.349742061986067,0.0,0.0,0.0,2.0807540859095752,0.3130562708832185,0.23137000401653074,0.3889026003914884,0.5942174594965082,0.33464356022810704,0.5053133046033299,0.3610792385441961,0.17589947240450415,1.0275405394263482,1.7849301466274774,0.056521382,2.4005702,,
ds005284,sub-002,12,CZ,1000.0,-17.384746551513672,0.209,6.522890090942383,0.322,23.907636642456055,0.03979784701995011,30.0-100.0,,-216.7221989429101,0.0,0.0,0.0,4.111301619559526,0.17992771692797171,0.392905035017676,0.2993797664339614,0.17637785866147038,0.2801067194209307,0.5077126565024686,0.34986300664992503,0.25096010038820166,1.0260292623617806,1.8186954613795567,0.06434554,1.9802606,,
ds005284,sub-002,13,CZ,1000.0,-5.351731300354004,0.269,12.219677925109863,0.487,17.571409225463867,0.5240353592693946,30.0-100.0,,70.67505803482814,0.0,0.0,0.0,6.2472273129969835,0.5876044286735743,0.7881843732806126,0.08693211906997914,0.08144478184973905,0.37595702273546006,0.4972190212367817,0.38409524328114464,0.24116895033388003,1.0316956528701826,1.7863985916440381,0.06952585,1.8530676,,
ds005284,sub-002,14,CZ,1000.0,-24.78232192993164,0.173,5.309650897979736,0.323,30.091972827911377,0.3530083367801924,30.0-100.0,,-16.71883534836528,0.0,0.0,0.0,3.5194550873711705,0.2237284492736819,0.18295652496197032,0.2614861840785498,0.2871948967156629,0.2594835802589517,0.4816523835297471,0.3535398890376563,0.154000209210322,1.0202719397332258,1.846002433741667,0.048230957,2.371605,,
ds005284,sub-002,15,CZ,1000.0,-11.838889122009277,0.193,9.62267780303955,0.376,21.461566925048828,0.033970922910561696,30.0-100.0,,-34.861034777945434,0.0,0.0,0.0,10.135226417332888,0.1523800875779524,0.33150806216790735,0.36000867986281104,0.22663887010414827,0.39703551653178354,0.5063762455150812,0.42199899454845413,0.3283916126564832,1.0324099692857232,1.7325730495751137,0.098895,1.4058015,,
ds005284,sub-003,0,CZ,1000.0,-7.578275203704834,0.286,12.041019439697266,0.418,19.6192946434021,0.21344434049710026,30.0-100.0,,58.116364947306366,0.0,0.0,0.0,1.4592976367566735,0.11437072914716964,0.6013207909452591,0.3007544381709304,0.4913759444430208,0.23207882869508845,0.4738949783730915,0.3126128545157157,0.1904176446332623,1.0153603072713333,1.8435766562222609,0.054366868,2.0409355,,
ds005284,sub-003,1,CZ,1000.0,-12.597227096557617,0.18,23.848129272460938,0.302,36.445356369018555,0.12080421842217137,30.0-100.0,,-113.3163662768126,0.0,0.0,0.0,2.448119194013998,0.14883167724617785,0.6790384264380228,0.592624812656223,0.34580151033663903,0.30422292107565746,0.4924418618393293,0.3420696852158001,0.12197781244055514,1.020376220645852,1.846470172935549,0.044469498,2.4010406,,
ds005284,sub-003,2,CZ,1000.0,-13.706550598144531,0.217,32.83161544799805,0.345,46.53816604614258,0.03370669471203236,30.0-100.0,,-23.181141849344826,0.0,0.0,0.0,2.687403029995039,0.1292558596142461,0.6801527842979256,0.48205293173864117,0.6344869910546943,0.42337831401394677,0.4571306588541327,0.3128113634346265,0.12663455997505346,1.012089822441599,1.8748220660936292,0.040794946,2.2190924,,
ds005284,sub-003,3,CZ,1000.0,-6.0923919677734375,0.202,29.084211349487305,0.3,35.17660331726074,0.060722581064445724,30.0-100.0,,-193.57606353354296,0.0,0.0,0.0,1.3984281104058027,0.10159556921603488,0.4529976457498955,0.29951005245554413,0.33268503440905856,0.4080913506517473,0.48630232468690454,0.29540968896153846,0.10002590091938791,1.0174126399708023,1.8960163393467444,0.034994006,2.9555295,,
ds005284,sub-003,4,CZ,1000.0,-7.121410846710205,0.164,36.816314697265625,0.3,43.93772554397583,0.029554648487334356,30.0-100.0,,-868.1401626498136,0.0,0.0,0.0,3.629717219155282,0.08647855598018298,0.8317005406531672,0.6612955802261765,0.6272443361138326,0.7055974903010525,0.46952219638070763,0.3119023752548105,0.14983044739797097,1.0086765230318462,1.9185645878678457,0.049409598,1.7270929,,
ds005284,sub-003,5,CZ,1000.0,-10.916646003723145,0.23,25.849361419677734,0.31,36.76600742340088,0.04622470038072313,30.0-100.0,,-255.4186942096335,0.0,0.0,0.0,2.1847986499778926,0.06674159825391379,0.7027287093785207,0.1180987326042462,0.49349375324392836,0.6689598826479479,0.4784363344793681,0.3095007923811872,0.11449867938463511,1.0168018419134812,1.9099341677166486,0.04062326,2.268498,,
ds005284,sub-003,6,CZ,1000.0,-20.43581771850586,0.198,16.67453384399414,0.335,37.1103515625,0.0823029198241329,30.0-100.0,,-796.0251036785456,0.0,0.0,0.0,2.9308401281014085,0.08620591138418753,0.7730136431902193,0.13726435995489802,0.5566346633906151,0.5167317667621943,0.481054971711096,0.2848906669209453,0.1389692504824588,1.0151136316384128,1.8827666568964145,0.044906378,2.0997837,,
ds005284,sub-003,7,CZ,1000.0,-5.724222183227539,0.214,25.81578254699707,0.332,31.54000473022461,0.05577321706423666,30.0-100.0,,-345.6667776153056,0.0,0.0,0.0,2.6315879076719284,0.05924986173812957,0.5501615197551063,0.29837781252633666,0.8801421159084576,0.3352192045543338,0.4783720236039688,0.33988966669009063,0.12463212708228616,1.0161510783334418,1.8626798692422548,0.03964508,2.7297125,,
ds005284,sub-003,8,CZ,1000.0,-15.97245979309082,0.21,19.31786346435547,0.331,35.29032325744629,0.060680655276493245,30.0-100.0,,63.12260705683141,0.0,0.0,0.0,1.6202362021431327,0.12589127149128035,0.6379224442977575,0.3909834282793208,0.5086491766123175,0.737771944694863,0.47087929033961845,0.31035084056506995,0.12165053449494646,1.011754983136543,1.9045178583221456,0.03899233,2.6072707,,
ds005284,sub-003,9,CZ,1000.0,-14.475526809692383,0.23,24.913724899291992,0.3,39.389251708984375,0.04190563234010569,30.0-100.0,,-2300.246554523607,0.0,0.0,0.0,1.8461832660250366,0.07443243910509878,0.48635552570111373,0.3278204308179886,0.18203467850082833,0.6331238796980178,0.4862250555412771,0.3243787174773721,0.10130857192618954,1.0179725417206282,1.8987099821766174,0.045301393,2.138367,,
ds005284,sub-003,10,CZ,1000.0,-12.439897537231445,0.225,23.791240692138672,0.301,36.23113822937012,0.033779965868445394,30.0-100.0,,-317.75842641024565,0.0,0.0,0.0,1.933942810865119,0.03916685832263192,0.9154570498394786,0.4160219669258222,0.043614126752248086,0.5378823883760603,0.46395199574148216,0.3176690162402861,0.1532779047065265,1.0133540865120454,1.90715207392226,0.04609892,1.9500954,,
ds005284,sub-003,11,CZ,1000.0,-19.06296730041504,0.2,25.919153213500977,0.322,44.982120513916016,0.03309868504887403,30.0-100.0,,-25.931638696939785,0.0,0.0,0.0,1.7664580082055181,0.05146490962041131,0.6337821487495491,0.5475660352815993,0.7871081322422658,0.6827315466373918,0.4607463241992274,0.29346800192300304,0.11445005806153338,1.0108084711859462,1.937391122154649,0.036613055,2.421722,,
ds005284,sub-003,12,CZ,1000.0,-13.49234676361084,0.212,18.058841705322266,0.304,31.551188468933105,0.0732913918296274,30.0-100.0,,-191.2897120890463,0.0,0.0,0.0,1.765687280567363,0.05873357717012945,0.667475297968272,0.3072457930651611,0.15500609123832237,0.7220038558188716,0.4734279344370363,0.32051198326968167,0.16638639662244636,1.0136034257257642,1.891076424872783,0.048004985,2.1341941,,
ds005284,sub-003,13,CZ,1000.0,-9.355920791625977,0.218,28.860546112060547,0.306,38.21646690368652,0.24739018198330354,30.0-100.0,,34.358776863490334,0.0,0.0,0.0,1.220151869347319,0.06369909187187162,0.6623246418329771,0.38847661770068076,0.5923037255257012,0.6511314773804885,0.4755403117766426,0.28619415468957016,0.11771811496288964,1.0168079474615737,1.9153606444606153,0.036166497,2.7904463,,
ds005284,sub-003,14,CZ,1000.0,-19.62297248840332,0.194,29.87778091430664,0.323,49.50075340270996,0.08507865094904352,30.0-100.0,,-578.9058350998433,0.0,0.0,0.0,4.821046604774892,0.11863558944485986,0.8948489255460307,0.7969276957228477,0.3799114374063096,0.6067955869450607,0.4749714253048546,0.315633019797178,0.20186325274004435,1.0125218473048865,1.874454861895637,0.057460755,1.6174498,,
ds005284,sub-003,15,CZ,1000.0,-14.376888275146484,0.152,24.814573287963867,0.366,39.19146156311035,0.11743872619592727,30.0-100.0,,-353.9325842696629,0.0,0.0,0.0,1.867140003014356,0.08600574556575508,0.7328001724376784,0.7051741531073027,0.1313263309747974,0.6995310712387137,0.4807995518471938,0.31553411030610634,0.09708313681277933,1.0137209026757088,1.8938021687048459,0.03373814,2.9941592,,
ds005284,sub-004,0,CZ,1000.0,-46.83363342285156,0.254,5.859961986541748,0.406,52.69359540939331,0.1312694260212112,30.0-100.0,,-269.79266509200966,0.0,0.0,0.0,16.13394543528557,0.17112950873285349,0.3813136537607028,0.1916084781262151,0.2551354136501006,0.24387419789889006,0.5076088015656376,0.3469939755795769,0.21659198810523972,1.0310140277934523,1.74708778358714,0.061701775,2.1253612,,
ds005284,sub-004,1,CZ,1000.0,-45.24995040893555,0.251,16.60953140258789,0.433,61.85948181152344,0.09346452809351306,30.0-100.0,,-127.18957050468937,0.0,0.0,0.0,22.90443889796734,0.28973974816175196,0.04771113193239783,0.5494046051867687,0.4033475448339109,0.5912064407204726,0.5073164126937314,0.362050459777527,0.31131953660611633,1.0354265413623274,1.7349497447026978,0.083988436,1.6108489,,
ds005284,sub-004,2,CZ,1000.0,-53.86519241333008,0.25,17.559816360473633,0.479,71.42500877380371,0.7220736207514122,30.0-100.0,,-142.03149535824298,0.0,0.0,0.0,21.770022809505463,0.5468647227698936,0.3240314275704233,0.4476512419317911,0.2196648315846246,0.6798362247899952,0.5116097885177072,0.38103231961645223,0.21918289011201425,1.0355337175317783,1.7462025510870929,0.063359916,2.1716344,,
ds005284,sub-004,3,CZ,1000.0,-51.04524612426758,0.226,9.33859634399414,0.326,60.38384246826172,0.8297877696614129,30.0-100.0,,-181.8027390610869,0.0,0.0,0.0,22.375866305083036,0.739501359776372,0.3519163331457597,0.4349310416270567,0.5659788846054974,0.4757075924584299,0.5077213091761255,0.35190962275330456,0.19128234186576362,1.0301284480090698,1.759372530485919,0.061921008,2.1233091,,
ds005284,sub-004,4,CZ,1000.0,-80.47006225585938,0.317,26.26991844177246,0.466,106.73998069763184,1.0282390533971064,30.0-100.0,,-163.09563946932974,0.0,0.0,0.0,27.217811904847622,0.652245206677296,0.2606931213561242,0.6440673381235751,0.503363496384584,0.5619810382953295,0.5018971159426056,0.31047347837211137,0.16897445543253894,1.0326244607769184,1.7653631589984027,0.054612055,2.3972187,,
ds005284,sub-004,5,CZ,1000.0,-40.70417785644531,0.234,18.989078521728516,0.378,59.69325637817383,0.27796456809945413,30.0-100.0,,-46.70731286442143,0.0,0.0,0.0,14.566059922799468,0.26487102066959434,0.20774354578834217,0.19708985534060086,0.49252288550055523,0.3943774669442362,0.5028763302364228,0.3758601757073503,0.2746272422919775,1.0334290469041594,1.7521801806698925,0.07676784,1.716868,,
ds005284,sub-004,6,CZ,1000.0,-55.78729248046875,0.223,23.404191970825195,0.34,79.19148445129395,0.3416583826599943,30.0-100.0,,-62.53374345496376,0.0,0.0,0.0,23.08237412944436,0.1872477766063363,0.36903926684720645,0.6154903502108825,0.2644949438579152,0.5700478032772365,0.5068852600414208,0.33703870796582086,0.2038026457434854,1.0322224210330053,1.7833485293506157,0.058836482,2.2604508,,
ds005284,sub-004,7,CZ,1000.0,-39.891021728515625,0.202,32.207279205322266,0.307,72.09830093383789,0.05691289462694815,30.0-100.0,,-414.7336431740603,0.0,0.0,0.0,18.95061763934791,0.2241951453343105,0.20504878447121502,0.49093674685504574,0.10666214647915304,0.6055553766824182,0.513909660638053,0.343190804415041,0.20265036358409474,1.034453317063691,1.7179058528582765,0.060644202,2.3377092,,
ds005284,sub-004,8,CZ,1000.0,-65.69478607177734,0.214,38.654911041259766,0.363,104.34969711303711,1.2966761856435771,30.0-100.0,,-190.52160426022914,0.0,0.0,0.0,23.999689146876335,0.6441359022081317,0.3673945951132879,0.6336263011443254,0.4599235921208241,0.8267423367014144,0.5077228111938984,0.33864999138025004,0.17517667020150413,1.0327059844007742,1.7757057532958396,0.057133734,2.3704495,,
ds005284,sub-004,9,CZ,1000.0,-43.8834114074707,0.228,18.049461364746094,0.422,61.9328727722168,0.26006223067428014,30.0-100.0,,-10.010042228627409,0.0,0.0,0.0,21.052803844213486,0.29543142127345934,0.45878617127822785,0.2792313577333151,0.3417055881279714,0.3694829425115159,0.5038598832505967,0.3587865416576267,0.27700416557833996,1.0334971361810665,1.7699096545482418,0.071277745,1.8874507,,
ds005284,sub-004,10,CZ,1000.0,-58.67176818847656,0.243,31.27957534790039,0.389,89.95134353637695,0.09729990005816723,30.0-100.0,,-205.9285062406987,0.0,0.0,0.0,34.08319549635053,0.17749849956322575,0.15171785017146022,0.5550442210896147,0.6072097396986053,0.43641049851692254,0.5138124825006627,0.35805364123021727,0.25422693619411024,1.030547479189535,1.723578973673637,0.0739543,1.8322245,,
ds005284,sub-004,11,CZ,1000.0,-42.795433044433594,0.24,21.660768508911133,0.307,64.45620155334473,0.6362752060411203,30.0-100.0,,-41.834068161929686,0.0,0.0,0.0,24.81362782418728,0.35549573635223347,0.4120060992895723,0.3796383219880375,0.3232491336486147,0.7449522282910038,0.509752581665865,0.3738290046126571,0.3465393132268538,1.0326447709967028,1.684307277328849,0.08438703,1.6976523,,
ds005284,sub-005,0,CZ,1000.0,-5.072136878967285,0.156,4.1229400634765625,0.367,9.195076942443848,0.01971361278169017,30.0-100.0,,-168.96107709291206,0.0,0.0,0.0,0.3942764233215712,0.015345877191332534,0.7371045532682191,0.4378978553694682,0.09327490450617831,0.6342097829189692,0.48958992389566114,0.32939463180239587,0.17039521707300126,1.024168589811634,1.8562297501957579,0.048537575,2.2864552,,
ds005284,sub-005,1,CZ,1000.0,-5.071480751037598,0.241,13.070732116699219,0.446,18.142212867736816,0.05349946116835029,30.0-100.0,,-427.3112994020919,0.0,0.0,0.0,1.0926072718575597,0.10427089192241272,0.6744020948332804,0.08332790324906796,0.21056218777823005,0.7785473184917288,0.49522126517235304,0.33704715161286936,0.16159535905548505,1.0267427685277362,1.7689731112023435,0.04932007,2.7263136,,
ds005284,sub-005,2,CZ,1000.0,-10.198966026306152,0.185,10.805885314941406,0.382,21.00485134124756,0.07190428711093683,30.0-100.0,,-27.022949703349003,0.0,0.0,0.0,0.7743025198578835,0.09675935135678576,0.6552987962534779,0.09418159471746393,0.40903473257508755,0.7665207089807514,0.497487834603919,0.3240351868169545,0.12505706077285683,1.031538440339766,1.7483065553766333,0.040375117,3.4431832,,
ds005284,sub-005,3,CZ,1000.0,-16.734479904174805,0.184,12.04664421081543,0.432,28.781124114990234,0.1495189562567903,30.0-100.0,,-356.9848356935995,0.0,0.0,0.0,0.6660690414719284,0.08065871950912497,0.7990209385215685,0.2530337532600931,0.40435489208517295,0.5904421032088498,0.5018964718557943,0.28511351818171227,0.09891210314006559,1.027502990887042,1.8970653428974444,0.03431149,3.348694,,
ds005284,sub-005,4,CZ,1000.0,-9.24305248260498,0.243,5.60386323928833,0.346,14.84691572189331,0.021370843877310634,30.0-100.0,,-58.66082098197138,0.0,0.0,0.0,0.708709645550698,0.050206490873064974,0.49962193574916564,0.150038564516094,0.4650237566075321,0.27655556470827725,0.5003904655812628,0.35427976824345436,0.1840722772953368,1.0329377179189418,1.7741010613600294,0.054514445,2.4004936,,
ds005284,sub-005,5,CZ,1000.0,-6.250674247741699,0.279,13.041754722595215,0.459,19.292428970336914,0.020522979033848164,30.0-100.0,,55.05828574428111,0.0,0.0,0.0,0.5294166330713779,0.07194485132227396,0.4889457594483512,0.21600360112725184,0.3523690473987113,0.721276297559392,0.5116942336327182,0.266180258048995,0.09775259801397988,1.022459458279913,1.8410388263230466,0.03278137,3.6567984,,
ds005284,sub-005,6,CZ,1000.0,-7.830785751342773,0.235,6.851683139801025,0.41,14.682468891143799,0.08060141580340822,30.0-100.0,,-25.236074351284465,0.0,0.0,0.0,0.5860868986928836,0.0749962409874812,0.6305604177894337,0.12990734286581154,0.24657701456135883,0.35365434097354825,0.5048708800858214,0.3006586409173942,0.14866258636701699,1.030778283830677,1.7748505215982702,0.047255423,2.9051695,,
ds005284,sub-005,7,CZ,1000.0,-8.08023738861084,0.348,0.5867215394973755,0.321,8.666958928108215,0.013058166393833427,30.0-100.0,,-191.79916939021368,0.0,0.0,0.0,1.4331043930724263,0.08073675981052751,0.7694900426633466,0.5298826073399121,0.3540250738214983,0.6748417574715446,0.4935492476910387,0.3457273440892727,0.2120562196020138,1.024106756549517,1.8635132843000255,0.060053516,1.9960618,,
ds005284,sub-005,8,CZ,1000.0,-5.490839958190918,0.15,9.369378089904785,0.44,14.860218048095703,0.035562623287859085,30.0-100.0,,-87.88991899092251,0.0,0.0,0.0,0.8844222029438242,0.05343271753460721,0.7078032730381194,0.14859423758923365,0.3174193597068503,0.7489726878341508,0.4831369239593816,0.36277505901440915,0.22304459774808982,1.0189162194292163,1.8222349235387203,0.059848677,1.9138049,,
ds005284,sub-005,9,CZ,1000.0,-5.232564449310303,0.35,1.7688770294189453,0.541,7.001441478729248,0.04391671125007215,30.0-100.0,,-64.93056075660142,0.0,0.0,0.0,0.776504457462579,0.07137584786265186,0.654642877142142,0.27291983542798587,0.1843781123936584,0.6200993190127266,0.4930842077705131,0.3493229351761251,0.16821643576829842,1.0192580882817313,1.813865063080797,0.05690972,2.1059525,,
ds005284,sub-005,10,CZ,1000.0,-7.802401542663574,0.205,9.077645301818848,0.416,16.880046844482422,0.07075834920004712,30.0-100.0,,-21.82994962141449,0.0,0.0,0.0,0.9369890030939132,0.04546481271519229,0.5783743924300913,0.1572175042735075,0.24657972514541937,0.45687061115119154,0.48180738752147007,0.35527978101344976,0.1587891147761374,1.0172549624667733,1.8296113845051534,0.051059645,2.2289922,,
ds005284,sub-005,11,CZ,1000.0,-1.256672739982605,0.164,4.825592517852783,0.312,6.082265257835388,0.039121423775044385,30.0-100.0,,-197.80353856616267,0.0,0.0,0.0,0.44964896369492635,0.03667682581736395,0.5533955306303885,0.32801655658256307,0.2397631367456947,0.40332971735809786,0.5029859806312388,0.3381948906018494,0.14269466794315608,1.0178855963244513,1.836991774766695,0.043918487,2.6931858,,
ds005284,sub-005,12,CZ,1000.0,-2.917818784713745,0.35,5.3555684089660645,0.319,8.27338719367981,0.006125959568730735,30.0-100.0,,-67.66391172264304,0.0,0.0,0.0,0.5316571478033438,0.12228779142298271,0.7316484063945136,0.13981182119930427,0.16795398741064593,0.39284480485966033,0.5040763369560748,0.3580671592904966,0.21971310211733225,1.0287650233572843,1.777900160272253,0.06680328,2.1175406,,
ds005284,sub-005,13,CZ,1000.0,-4.091955184936523,0.15,6.639047622680664,0.48,10.731002807617188,0.05591833758838895,30.0-100.0,,44.32221491494504,0.0,0.0,0.0,0.6561431218869984,0.06573337913835842,0.3380965445264483,0.18509526431454867,0.24052330991511775,0.35309849011201183,0.5082083586862723,0.358871840117092,0.17613250945005557,1.032430042034758,1.8166430916581011,0.052252367,2.5584927,,
ds005284,sub-005,14,CZ,1000.0,-3.795161008834839,0.227,17.16061019897461,0.432,20.95577120780945,0.06356148392614586,30.0-100.0,,-954.2186157729643,0.0,0.0,0.0,0.3583547513699159,0.08391311099726576,0.5533141332618068,0.40900892411521284,0.057510581581048346,0.6335917556425007,0.5047577675402316,0.23530883990629356,0.10054542908897064,1.0289122929336079,1.8897195205616895,0.03431422,3.671969,,
ds005284,sub-005,15,CZ,1000.0,-10.448479652404785,0.196,9.447332382202148,0.304,19.895812034606934,0.147611552401259,30.0-100.0,,-204.94755452765426,0.0,0.0,0.0,1.4941815461497754,0.08934820739537598,0.5345472607905283,0.3072599167986693,0.37840087865857414,0.7842073886847951,0.49326353824107544,0.2911612245864807,0.14889298723099256,1.0227702783222077,1.8934247510434685,0.047075324,2.526764,,
ds005284,sub-006,0,CZ,1000.0,-10.25483512878418,0.169,26.75641441345215,0.386,37.01124954223633,0.039782667175075094,30.0-100.0,,35.36507281064644,0.0,0.0,0.0,2.5906896917149425,0.17431509147557145,0.19202154170693317,0.5710694678331442,0.23353325332799274,0.5129130062444611,0.49049437098515186,0.30629819823377596,0.1189973648887853,1.01719911128144,1.879777724282811,0.03685576,2.9482384,,
ds005284,sub-006,1,CZ,1000.0,-12.42457103729248,0.187,11.338961601257324,0.312,23.763532638549805,0.08470370356060408,30.0-100.0,,46.223532669899434,0.0,0.0,0.0,2.472839376423508,0.17068218112932348,0.26652404519123934,0.6379530166861451,0.33718562449448786,0.5351401298036362,0.4882934991080724,0.33736562673444165,0.23085084128986427,1.0262165911584749,1.7448397287847324,0.06220154,2.0859718,,
ds005284,sub-006,2,CZ,1000.0,-9.382881164550781,0.203,21.53995704650879,0.306,30.92283821105957,0.5271488023706611,30.0-100.0,,-396.8860000841735,0.0,0.0,0.0,4.214766318909824,0.43595336892376413,0.43771155376162746,0.2855737467765755,0.1995078046256828,0.36045344578475963,0.5080924859868104,0.3590711300270834,0.20632647039317656,1.0316531418746049,1.7131570149834852,0.056760415,2.482158,,
ds005284,sub-006,3,CZ,1000.0,-22.914342880249023,0.162,11.437223434448242,0.3,34.351566314697266,0.06247201340234265,30.0-100.0,,76.99119876356974,0.0,0.0,0.0,4.555417224764824,0.12671767588053745,0.14513652148045492,0.28750938348654936,0.19339860982657545,0.6101093299888711,0.49804436357727283,0.3504415619566067,0.2081525699205697,1.0273032423969504,1.7620888667023547,0.063352734,2.0761313,,
ds005284,sub-007,0,CZ,1000.0,-21.65127944946289,0.229,-0.9930143356323242,0.362,20.658265113830566,0.019364943125724232,30.0-100.0,,-1.34006924249547,0.0,0.0,0.0,1.252667178050615,0.071654855682576,0.29736697533233075,0.4991834628985467,0.2832517997633246,0.4163078369183233,0.4885063952774209,0.30814619961126316,0.1163946542939866,1.0192920292083227,1.866541809185201,0.036982026,2.8680625,,
ds005284,sub-007,1,CZ,1000.0,-20.395545959472656,0.248,8.266979217529297,0.338,28.662525177001953,0.07036092304233896,30.0-100.0,,45.77890156117194,0.0,0.0,0.0,1.0420088365208358,0.1184173973162242,0.7217279766746557,0.18354837058764617,0.3890608129258951,0.5962665628254162,0.49113553642691643,0.3024886832187973,0.1305218355190646,1.0222430861893148,1.849739638214785,0.041909922,2.9238122,,
ds005284,sub-007,2,CZ,1000.0,-18.84109878540039,0.17,6.853510856628418,0.3,25.69460964202881,0.02521798754075925,30.0-100.0,,-98.4041209576597,0.0,0.0,0.0,1.977831416297704,0.14735491521613783,0.6183452713741865,0.17001721094288946,0.7931746039165505,0.22218331455039095,0.4977450154773426,0.29478276717782764,0.13834943737156105,1.0260769121420799,1.8212612471797422,0.043399286,2.6464663,,
ds005284,sub-007,3,CZ,1000.0,-3.642800807952881,0.223,18.17778968811035,0.337,21.820590496063232,0.16043306079516206,30.0-100.0,,49.13988317397023,0.0,0.0,0.0,1.4452498871833086,0.18861739955748635,0.6774391438281473,0.0633684021463636,0.17961370221618594,0.5690246028904302,0.5044449536716666,0.3398941198413096,0.1635774474577629,1.0272332674958062,1.8653320027924885,0.050451342,2.4900668,,
ds005284,sub-007,4,CZ,1000.0,-9.731823921203613,0.217,9.65421199798584,0.366,19.386035919189453,0.11432337065215778,30.0-100.0,,-82.04183591140992,0.0,0.0,0.0,1.0632243065629154,0.21393968096685734,0.6659167218422025,0.1685085451242198,0.10066238375805968,0.41949365051289855,0.5090103588900095,0.3730992139092078,0.1868849458461247,1.0347007997143307,1.7746202245354568,0.05524517,2.6182353,,
ds005284,sub-007,5,CZ,1000.0,-7.027997970581055,0.236,6.292679786682129,0.452,13.320677757263184,0.2513225363784937,30.0-100.0,,-29.189961932322177,0.0,0.0,0.0,1.1936388618778437,0.21493734274170428,0.7385172262214016,0.1554387203267081,0.44131624017912346,0.26249145464562085,0.500319731274854,0.35242922276708255,0.2111856819989518,1.0258356541271383,1.769845753007142,0.07007497,1.9017471,,
ds005284,sub-007,6,CZ,1000.0,-6.385049819946289,0.18,17.629751205444336,0.305,24.014801025390625,0.027832486962788006,30.0-100.0,,48.45177714809745,0.0,0.0,0.0,2.247425203677267,0.05233881188441633,0.5026748561174644,0.19243172855553625,0.2784579989701271,0.5761164693969216,0.4769353561064538,0.3401560479038401,0.15252439118004335,1.0249012328558453,1.7919642589640754,0.05089973,2.0657847,,
ds005284,sub-007,7,CZ,1000.0,-6.1363749504089355,0.21,13.588892936706543,0.366,19.72526788711548,0.07073150398500573,30.0-100.0,,-710.7187165623075,0.0,0.0,0.0,1.0341964807594195,0.10394087484795564,0.5763072176633336,0.2669845506644442,0.5361314429888056,0.6688312635506924,0.49336702273934896,0.31101586701355266,0.14962361715971695,1.0242815020687497,1.8515041892585418,0.042774867,2.8896196,,
ds005284,sub-007,8,CZ,1000.0,-11.529260635375977,0.177,18.43231964111328,0.3,29.961580276489258,0.05615563997020748,30.0-100.0,,-146.0432327491528,0.0,0.0,0.0,1.6974796308204532,0.06501193193715789,0.21361259227544727,0.39865367545191155,0.32882458823651767,0.3286480836560774,0.4929026722816752,0.30415335912804353,0.10859376459665579,1.0260212441073708,1.7919876311327712,0.041875202,2.7079751,,
ds005284,sub-007,9,CZ,1000.0,-11.805032730102539,0.184,18.03836441040039,0.332,29.84339714050293,0.039447796926189715,30.0-100.0,,-243.80575690959364,0.0,0.0,0.0,0.9313307527918369,0.08155242693439098,0.4796177108170564,0.3096964175773892,0.19572106264022437,0.1957311829028742,0.49090828573941475,0.30040154332313784,0.10343385088541841,1.0248215088594514,1.8475429969659851,0.03740333,3.3466315,,
ds005284,sub-007,10,CZ,1000.0,-5.268646240234375,0.294,9.482179641723633,0.539,14.750825881958008,0.23936888911940818,30.0-100.0,,12.523821693355172,0.0,0.0,0.0,1.7916920478455722,0.0950838454153787,0.5112114263051478,0.32676567730465683,0.405165094066429,0.5943894820855112,0.49083302441778254,0.4147368058442933,0.2724398405448241,1.025859834555553,1.7363453188435687,0.07087697,1.925913,,
ds005284,sub-008,0,CZ,1000.0,-23.623661041259766,0.231,30.873281478881836,0.32,54.4969425201416,0.2703281069076774,30.0-100.0,,-151.0350570303377,0.0,0.0,0.0,2.9896587366238236,0.1282514796223655,0.5114612273894655,0.33092248197742036,0.5287418676791901,0.6590406289351196,0.477507751364133,0.2807068113381637,0.09237786570746467,1.017131015278852,1.9020898653886427,0.037302893,2.8457556,,
ds005284,sub-008,1,CZ,1000.0,-29.150554656982422,0.214,18.9768009185791,0.354,48.12735557556152,0.08960460005225027,30.0-100.0,,-180.50443501198222,0.0,0.0,0.0,1.4619672438129783,0.17906691429123156,0.46028685403380015,0.6097747870748207,0.29594524471968847,0.5127589652549438,0.4920345183888566,0.2798402485041651,0.1076825171821856,1.0161046533957703,1.9437389596990855,0.039169908,2.480148,,
ds005284,sub-008,2,CZ,1000.0,-40.012882232666016,0.202,23.12055778503418,0.318,63.133440017700195,0.025300335051809883,30.0-100.0,,-243.47530645939148,0.0,0.0,0.0,1.7941394471563399,0.09147375813654823,0.4489578711589565,0.19258586631697616,0.4176593897983774,0.3407762725958046,0.4605668145752717,0.24972048007683673,0.06699422603107319,1.0109462326980725,1.959952545168836,0.029903991,2.8831587,,
ds005284,sub-008,3,CZ,1000.0,-15.031362533569336,0.199,30.920921325683594,0.315,45.95228385925293,0.14593103204257885,30.0-100.0,,-141.33061239565635,0.0,0.0,0.0,1.7100772820413113,0.13595661056745034,0.5641296166530964,0.3902023508745075,0.6281022131415032,0.2713740966911484,0.47471171407177987,0.2845742813207321,0.09255554337996086,1.0158410586726285,1.9020399712970661,0.03263695,3.1304886,,
ds005284,sub-008,4,CZ,1000.0,-31.119253158569336,0.201,19.041168212890625,0.345,50.16042137145996,0.21062887059427465,30.0-100.0,,40.54406267388646,0.0,0.0,0.0,1.9093924638582394,0.09429062967915985,0.41285182268416104,0.4192538527767795,0.25646826952793517,0.3854412078761587,0.4837756495559447,0.2650718582520784,0.08165702858665976,1.0186237403004463,1.9193953883856298,0.029437106,3.2778485,,
ds005284,sub-008,5,CZ,1000.0,-32.47328186035156,0.225,14.097673416137695,0.417,46.57095527648926,0.26358379078158384,30.0-100.0,,51.61734772530466,0.0,0.0,0.0,2.042752574197948,0.1353245506831302,0.4360099151971869,0.43080807461727505,0.2971143702388941,0.6405622474618323,0.4726784086820585,0.290390092758858,0.11213818711450493,1.0162778437090583,1.9385963801898294,0.03633595,2.6298707,,
ds005284,sub-008,6,CZ,1000.0,-26.12447738647461,0.205,12.204730987548828,0.3,38.32920837402344,0.14321439920509174,30.0-100.0,,-124.46153251479029,0.0,0.0,0.0,1.924903379403986,0.063340700480162,0.7972997168810916,0.18022324307066134,0.2129007219596515,0.8463989969887095,0.47349733178854597,0.28666391484917547,0.12133938049419955,1.0124301253336094,1.9190394240998754,0.04283643,2.0261304,,
ds005284,sub-008,7,CZ,1000.0,-38.638877868652344,0.199,17.95810317993164,0.339,56.596981048583984,0.12955346581951763,30.0-100.0,,-108.51729414848195,0.0,0.0,0.0,2.7193031855858862,0.1598604829664979,0.6712214020383711,0.5021602463285367,0.6060225594197642,0.46226275529823946,0.47455990769401235,0.2915384310235005,0.09663228633483693,1.0124199108211622,1.9470103508353669,0.040001523,2.4022882,,
ds005284,sub-008,8,CZ,1000.0,-23.427001953125,0.225,30.233551025390625,0.322,53.660552978515625,0.061909466405954405,30.0-100.0,,-143.69647507315634,0.0,0.0,0.0,1.8496462726034224,0.09132433110978222,0.22389838350306313,0.3614590496006119,0.47922567359104584,0.4735172266839178,0.4743571259538379,0.2647615002623955,0.0836409222880764,1.0155913744447476,1.9036736975998185,0.030414013,3.1883094,,
ds005284,sub-009,0,CZ,1000.0,-46.62760925292969,0.197,13.582239151000977,0.546,60.209848403930664,0.49273424753043005,30.0-100.0,,-346.9206846148465,0.0,0.0,0.0,4.06316778389737,0.42706334979222826,0.4746068434728753,0.8431021002739495,0.3649752389300092,0.7882004056433701,0.5006560930301326,0.2896091520891534,0.09568296922446591,1.0222801036449718,1.8624242157215307,0.037145615,3.03841,,
ds005284,sub-009,1,CZ,1000.0,-45.996639251708984,0.187,11.426798820495605,0.416,57.42343807220459,0.4950568710799406,30.0-100.0,,-82.09128099860501,0.0,0.0,0.0,4.055942525155842,0.2958706015585809,0.09248721439664219,0.7209406423489282,0.21862742600699894,0.8041656699757714,0.5020745948370295,0.3186554434479023,0.09724573865094575,1.023159108739164,1.832793423097505,0.03844106,3.0502396,,
ds005284,sub-009,2,CZ,1000.0,-42.33015441894531,0.196,8.848979949951172,0.323,51.179134368896484,0.5986905320547748,30.0-100.0,,-271.5656363308033,0.0,0.0,0.0,5.003782542189583,0.45489344595485776,0.4155081939771145,0.34747789639460075,0.37132596267642065,0.46729458652533257,0.5054201788212638,0.32519170046466,0.13802657942926932,1.0262643176926793,1.8973764994893731,0.05005173,2.247456,,
ds005284,sub-009,3,CZ,1000.0,-20.214319229125977,0.214,15.02988052368164,0.508,35.24419975280762,0.27279882216705437,30.0-100.0,,5.891609063369926,0.0,0.0,0.0,3.8226029137149453,0.18153541779636004,0.31124320678418366,0.5798446631108107,0.1976394937372888,0.645940818337908,0.49278544749676095,0.33937909397054133,0.1703513029935144,1.021966191452182,1.855855913234339,0.050151654,2.3185728,,
ds005284,sub-009,4,CZ,1000.0,-1.1130638122558594,0.263,3.902230739593506,0.3,5.015294551849365,0.19417062094363724,30.0-100.0,,21.50305040604195,0.0,0.0,0.0,2.6236475678160787,0.24126237650734864,0.1158499550272068,0.4182958027486365,0.2611617941525363,0.44999858670822407,0.49859849416750857,0.3428015718427407,0.16169769685615182,1.0275424067152663,1.7759567378054553,0.050973464,2.5258272,,
ds005284,sub-009,5,CZ,1000.0,-17.509300231933594,0.288,6.406395435333252,0.424,23.915695667266846,0.41018957501968467,30.0-100.0,,-15.892657963414516,0.0,0.0,0.0,4.932053852826357,0.29134717342309785,0.22766319809401542,0.5512433701877187,0.20800070228508197,0.4725104926680562,0.49086820019609045,0.3776104317016513,0.22090396179882318,1.0323150606243912,1.7237318514315358,0.070980154,1.9847893,,
ds005284,sub-009,6,CZ,1000.0,-30.907554626464844,0.217,20.721736907958984,0.331,51.62929153442383,0.1367977807636908,30.0-100.0,,-358.8426236104316,0.0,0.0,0.0,3.6211924161762,0.2868080419626273,0.3078747318841662,0.561999123622509,0.3221336812166705,0.7566977423889341,0.48010127280946063,0.30198369246556656,0.12234726317530593,1.020254819194481,1.8897943536614301,0.042777862,2.6037297,,
ds005284,sub-009,7,CZ,1000.0,-39.823177337646484,0.182,15.59597396850586,0.545,55.419151306152344,1.3576820833984102,30.0-100.0,,-28.78565454497128,0.0,0.0,0.0,3.895384259521961,0.33416567396783725,0.27079547667943205,0.37651728438550414,0.21402934159959644,0.5197068456761448,0.4950847278175157,0.30601961226749685,0.1464852762710081,1.0258307760220855,1.8064220282426102,0.05570151,2.1323469,,
ds005284,sub-009,8,CZ,1000.0,-31.637147903442383,0.198,19.90475082397461,0.413,51.54189872741699,0.5856948294288047,30.0-100.0,,-1108.2039740777852,0.0,0.0,0.0,4.997127689421177,0.1965471972246273,0.3189689962537629,0.4709632184109836,0.2548787193502427,0.6439084352639372,0.4803625635781781,0.34157046539037333,0.14639544144965527,1.0197932281147895,1.8395268459375114,0.048234973,2.2794929,,
ds005284,sub-009,9,CZ,1000.0,-32.98651123046875,0.173,26.3347225189209,0.54,59.32123374938965,0.2568953347828091,30.0-100.0,,-47.902760288055724,0.0,0.0,0.0,3.2244264730252326,0.16843496737202826,0.48603712100677826,0.1879373179985309,0.13351973931362868,0.415520504807066,0.4886925846585727,0.2746959751537745,0.08852953658032864,1.0223478467428648,1.8305262640247828,0.03182603,3.7314446,,
ds005284,sub-009,10,CZ,1000.0,-41.557674407958984,0.176,10.72749137878418,0.383,52.285165786743164,0.1764826511223256,30.0-100.0,,-49.631377589380826,0.0,0.0,0.0,5.925037548877299,0.3507370581283288,0.23749393305941843,0.5778014764846847,0.49727532121724727,0.7032993213433162,0.4921077195681387,0.3204863331239106,0.13594941647099792,1.022524087422413,1.800760691761276,0.047048386,2.549088,,
ds005284,sub-009,11,CZ,1000.0,-21.735950469970703,0.15,16.295948028564453,0.36,38.031898498535156,0.4520866407315329,30.0-100.0,,-85.30176682992584,0.0,0.0,0.0,3.80532827693969,0.31184533031381517,0.22824110867146802,0.40167799830720424,0.14955778177542045,0.2515697830565974,0.485385482809053,0.3330040367201368,0.1594096715718496,1.023620110724589,1.756726419868274,0.05512427,2.3723662,,
ds005284,sub-009,12,CZ,1000.0,-32.19131851196289,0.157,17.892318725585938,0.338,50.08363723754883,1.160398232350892,30.0-100.0,,-1089.998306184463,0.0,0.0,0.0,5.642022122628987,0.46023317802471736,0.31233505517026666,0.5923451743374589,0.232234912375764,0.5002360065854955,0.4984542617213186,0.3539609312618412,0.1340617472364132,1.0283929704743922,1.780635448704634,0.049747083,2.5355031,,
ds005284,sub-010,0,CZ,1000.0,-2.609132766723633,0.233,21.97869873046875,0.507,24.587831497192383,1.0872346692316546,30.0-100.0,,-57.72710412512478,0.0,0.0,0.0,3.2237187260761857,0.44333479721690805,0.6169042273783267,0.6951048682803497,0.09323487773332415,0.7880848089930734,0.5057751593802626,0.3777009858913667,0.2163624688978905,1.0352215566557705,1.7138298872560085,0.061758935,2.3835492,,
ds005284,sub-010,1,CZ,1000.0,-21.760944366455078,0.249,12.089845657348633,0.472,33.85079002380371,0.3370641188846242,30.0-100.0,,-203.47338576474462,0.0,0.0,0.0,4.486285906750709,0.47321075746140784,0.7698356127693866,0.7562252870831997,0.10726268359266321,0.8321978679215744,0.5096703393003732,0.3840430445816073,0.20265351649286353,1.0283465951679653,1.837776502843794,0.06164916,2.0736246,,
ds005284,sub-010,2,CZ,1000.0,-7.152700424194336,0.252,19.82705307006836,0.467,26.979753494262695,0.3032623502774289,30.0-100.0,,-140.46644695363202,0.0,0.0,0.0,4.633163451217115,0.24017103424038394,0.5120654111372294,0.7458509043657984,0.6250210956095215,0.7855761743046324,0.5050097062915309,0.38233255562065777,0.18992242338037732,1.0317870549574106,1.7616156386158701,0.055214833,2.471743,,
ds005284,sub-010,3,CZ,1000.0,-17.093713760375977,0.203,20.123332977294922,0.377,37.2170467376709,0.26979824834638333,30.0-100.0,,-61.99117057996845,0.0,0.0,0.0,2.669046283699572,0.44666672207580377,0.5040813209502585,0.7778325585883461,0.27296085977398227,0.8465656739883445,0.5049149344362626,0.30489617050607043,0.1462688977871983,1.0286770271293129,1.8242374042107914,0.048361517,2.8402388,,
ds005284,sub-010,4,CZ,1000.0,-9.02403450012207,0.174,1.7023345232009888,0.332,10.726369023323059,0.2746524174375951,30.0-100.0,,-126.44140273442572,0.0,0.0,0.0,2.0720776519738138,0.15877382975494625,0.514130043524298,0.8218461142725317,0.11362120189585766,0.6753539382895277,0.5055344030982244,0.31420767923766346,0.1439168809659766,1.0301815955111764,1.75631552279644,0.043993663,3.160062,,
ds005284,sub-010,5,CZ,1000.0,-6.197256565093994,0.187,21.78105926513672,0.395,27.978315830230713,0.0384787974122211,30.0-100.0,,-34.625007092979835,0.0,0.0,0.0,2.531100297346711,0.19489889845095143,0.769887064085927,0.4094181399574754,0.22491166432071172,0.5768741677599711,0.509752581665865,0.32540942456232314,0.15206904779291727,1.029198959902781,1.769373823950597,0.043730993,3.0750675,,
ds005284,sub-010,6,CZ,1000.0,-9.58157730102539,0.262,18.67949867248535,0.398,28.261075973510742,0.10819909905510852,30.0-100.0,,-169.9722750339265,0.0,0.0,0.0,5.330319050699472,0.16485943851012042,0.46632133409494014,0.6718141439641445,0.2401449513675496,0.6748822988997306,0.5075624884047794,0.37375555637942787,0.20430920508257852,1.0306793672212389,1.7431067958095796,0.06468868,1.9791576,,
ds005284,sub-011,0,CZ,1000.0,-7.156027793884277,0.15,0.6735925078392029,0.328,7.82962030172348,0.7165581237673948,30.0-100.0,,61.87770571402138,0.0,0.0,0.0,0.939458841457963,0.23617942875163794,0.41050699037804494,0.2651234579375283,0.1419774758526002,0.4394776598280742,0.4908852989625043,0.34191231531997096,0.2074684258100784,1.0279146744844088,1.8155191032659415,0.058560684,2.3451862,,
ds005284,sub-011,1,CZ,1000.0,-15.720305442810059,0.182,0.8658740520477295,0.3,16.586179494857788,0.07578719079860512,30.0-100.0,,-199.93627003268875,0.0,0.0,0.0,5.683783674612641,0.20870883810165247,0.5716564027525362,0.10241496944033564,0.16320859358575093,0.4858229606638215,0.5064344205317863,0.414514427281748,0.29337550535006474,1.0285571892812475,1.711108682936863,0.07816735,1.741374,,
ds005284,sub-011,2,CZ,1000.0,-6.9035749435424805,0.159,2.4417262077331543,0.379,9.345301151275635,0.1432456394320457,30.0-100.0,,3.489425021001711,0.0,0.0,0.0,1.2018282432109118,0.17132160544925268,0.3476320432117041,0.645642197877794,0.2074242043973545,0.5535631159835875,0.49257699222443013,0.38221875398928395,0.2190065059825522,1.027181025646637,1.8178913216417818,0.060922526,2.1236584,,
ds005284,sub-011,3,CZ,1000.0,-7.52098274230957,0.293,19.880659103393555,0.45,27.401641845703125,0.25291723265540716,30.0-100.0,,-39.26067740328301,0.0,0.0,0.0,3.410987788811326,0.14399608786440712,0.266612352958794,0.2215289759262862,0.2717332966699819,0.4137794296867809,0.49747995940392525,0.3671890468789792,0.18087538585322185,1.0202452108101567,1.8439898609062255,0.054742202,2.1743548,,
ds005284,sub-011,4,CZ,1000.0,-12.306303024291992,0.216,21.229501724243164,0.339,33.535804748535156,0.061872321539592615,30.0-100.0,,51.65345256890035,0.0,0.0,0.0,2.8847564826719463,0.05850406623851903,0.4888942341601294,0.18419429326048284,0.334314014259416,0.06378707848040263,0.4867778062281552,0.35157897126828225,0.11341710096168393,1.0231696968000394,1.8272760847601357,0.037935168,3.06117,,
ds005284,sub-011,5,CZ,1000.0,-26.62881088256836,0.171,13.260976791381836,0.305,39.889787673950195,0.027438713907739637,30.0-100.0,,-615.5927962760285,0.0,0.0,0.0,2.2643383126705885,0.09682234478954402,0.7772995495517215,0.4286297369229645,0.2002198842173152,0.39303899832137384,0.4853003055106327,0.3194826223305816,0.12193079851305898,1.0245924468420502,1.8387705684155042,0.04582168,2.4487236,,
ds005284,sub-011,6,CZ,1000.0,-19.923717498779297,0.201,21.80122947692871,0.402,41.72494697570801,0.09058964679789505,30.0-100.0,,7.6912663331342,0.0,0.0,0.0,2.9921012464910746,0.15615717016707886,0.45460020927019434,0.21002632190800186,0.20259168583096235,0.2497169587881441,0.483199569197575,0.34618080313856703,0.1056316831228912,1.0200549495489613,1.8898275612828392,0.039705183,2.8259103,,
ds005284,sub-011,7,CZ,1000.0,-13.896430969238281,0.175,20.43398094177246,0.382,34.33041191101074,0.07965582698193224,30.0-100.0,,-24.54387757213666,0.0,0.0,0.0,2.7235557208769023,0.16226764411366063,0.1768506059607358,0.26889084303529365,0.22152599375004964,0.3257958302674284,0.5054924544639492,0.33309090548368836,0.12185588269383345,1.0285710093983198,1.794974854244279,0.0380835,3.27908,,
ds005284,sub-011,8,CZ,1000.0,-6.661845684051514,0.197,20.068180084228516,0.435,26.73002576828003,0.09649833412825456,30.0-100.0,,-18.491609802275327,0.0,0.0,0.0,1.2296854401938617,0.11488064368451664,0.23435404535518245,0.19916355477135383,0.16967285732683407,0.12391552683018979,0.49772321285059035,0.32175219174721975,0.0970858071636644,1.0217114725998,1.8443945958135588,0.03087888,4.1888056,,
ds005284,sub-011,9,CZ,1000.0,-6.467377185821533,0.15,6.470146179199219,0.47,12.937523365020752,0.013847228314561042,30.0-100.0,,-284.23975082432804,0.0,0.0,0.0,3.0623511411249638,0.04648030225883233,0.3656328897781083,0.34115765217907623,0.07298749831615436,0.29100272289622975,0.4925191037367852,0.3867936681726004,0.27170783539533006,1.0265575524496413,1.7571981718148653,0.08008599,1.6676265,,
ds005284,sub-011,10,CZ,1000.0,-16.794849395751953,0.249,19.679956436157227,0.373,36.47480583190918,0.06259659849758162,30.0-100.0,,-142.48696529169723,0.0,0.0,0.0,2.64181278180331,0.05676449160736674,0.1563889107013149,0.20027201491692176,0.1695272862713338,0.3765742515448709,0.5078371002606139,0.3413208454670212,0.11444853975748648,1.0256367377005224,1.8544007758649477,0.04371013,2.569593,,
ds005284,sub-011,11,CZ,1000.0,-5.309937000274658,0.15,0.9887635707855225,0.356,6.298700571060181,0.07952284471296553,30.0-100.0,,-56.1265093692233,0.0,0.0,0.0,1.2788531166734174,0.10853567652876932,0.6242985676391971,0.09640554501937908,0.32065330755369437,0.3745414154570946,0.4862873944835041,0.39324334840577324,0.22095296993439106,1.0290191270823916,1.7615707151913194,0.06393732,2.0474734,,
ds005284,sub-011,12,CZ,1000.0,-17.31631088256836,0.187,20.08075714111328,0.405,37.39706802368164,0.033112397473260974,30.0-100.0,,-403.3583303670284,0.0,0.0,0.0,2.6496312930248678,0.08819501114822569,0.5992242806973805,0.1509833971595166,0.43123022909043046,0.457354057078365,0.490523586083982,0.3452566733339587,0.11690362147146456,1.018691434089429,1.838085664654492,0.040994998,2.7506633,,
ds005284,sub-011,13,CZ,1000.0,-22.31418228149414,0.176,10.42294692993164,0.311,32.73712921142578,0.5203497501341958,30.0-100.0,,-226.21773826220868,0.0,0.0,0.0,4.058946971781552,0.21949496262893034,0.3284816925663022,0.17445622640218594,0.14512110821987784,0.3499785148847516,0.5117278533173995,0.396070207748488,0.1445235934448686,1.0305778199024744,1.7526719423596695,0.052604705,2.4846673,,
ds005284,sub-012,0,CZ,1000.0,1.031379222869873,0.171,9.773975372314453,0.312,8.74259614944458,0.16457685629120855,30.0-100.0,,46.58038809841269,0.0,0.0,0.0,0.5652252293657511,0.10316335504337565,0.1639160416372379,0.2981568546791299,0.18734096962386013,0.41601990257642685,0.5015574839469878,0.31846031827415605,0.14940736340002905,1.0349802149952434,1.726723744345203,0.04484071,3.4284348,,
ds005284,sub-012,1,CZ,1000.0,-6.38794469833374,0.243,2.589768886566162,0.348,8.977713584899902,0.2483592830468534,30.0-100.0,,-5.107032048452782,0.0,0.0,0.0,0.689674518071115,0.09203585268000719,0.3442055342818813,0.2651088443326141,0.14624539555893512,0.45143480932703556,0.5011183910485173,0.3569510760455989,0.1630801660287994,1.0354911993130982,1.6978072755051719,0.049885444,2.9970453,,
ds005284,sub-012,2,CZ,1000.0,-8.69417953491211,0.26,4.9381256103515625,0.424,13.632305145263672,0.03307160016710305,30.0-100.0,,-138.2399719315705,0.0,0.0,0.0,0.7707308977842331,0.10058651565264792,0.17957430205333155,0.3505693583450845,0.38675598846791154,0.2994251526758412,0.5096250761665799,0.3082711579050635,0.1797575716381757,1.0355146982364323,1.7643508707306679,0.052755777,2.6731849,,
ds005284,sub-012,3,CZ,1000.0,-4.224723815917969,0.22,7.130131721496582,0.503,11.35485553741455,0.14537464535948677,30.0-100.0,,20.10689410756047,0.0,0.0,0.0,0.7933291053632274,0.0732608081968917,0.3197297579271464,0.6996118489019402,0.5104016581709988,0.27280183557417353,0.5051873201908651,0.38485968096328416,0.20086138171979961,1.0425885984337928,1.7209251618555566,0.055820707,2.6131952,,
ds005284,sub-012,4,CZ,1000.0,-4.887355804443359,0.171,7.396547317504883,0.375,12.283903121948242,0.17856638549288176,30.0-100.0,,-26.449922125971188,0.0,0.0,0.0,0.5628600192721933,0.19813204755874358,0.4919225622284744,0.5363145234723685,0.6013782351883179,0.41740148717334674,0.5138048365145904,0.3667140561691668,0.2692778100831354,1.0421364397718382,1.7043712281968588,0.0686616,2.311263,,
ds005284,sub-012,5,CZ,1000.0,-10.544936180114746,0.206,3.7767765522003174,0.351,14.321712732315063,0.10366413261261517,30.0-100.0,,33.212970936374035,0.0,0.0,0.0,0.7450137054547668,0.07491945814592799,0.7082383856123814,0.6457746046715093,0.5032870909681431,0.29733443707807217,0.5065135795859528,0.34413262717961274,0.200684751006853,1.0328023601540743,1.7528482971649946,0.056041803,2.4242032,,
ds005284,sub-012,6,CZ,1000.0,-2.009437322616577,0.19,16.8624267578125,0.378,18.871864080429077,0.2696822265891019,30.0-100.0,,-82.87185085382005,0.0,0.0,0.0,0.6017046689521521,0.08181961765584955,0.4206689292479508,0.5895985273576069,0.5125336529866786,0.3035004630255029,0.4960820913107394,0.29182649484533213,0.110273378030448,1.034503747726369,1.7997444582351625,0.033034097,4.2304807,,
ds005284,sub-012,7,CZ,1000.0,-9.167750358581543,0.151,4.632708549499512,0.516,13.800458908081055,0.0472145490869446,30.0-100.0,,-185.97217780494762,0.0,0.0,0.0,1.2018224515486509,0.10220313847760128,0.26603828046450345,0.4118347963848235,0.23478082232018627,0.24429276143243783,0.5072041707978528,0.41602816233889867,0.2843913624213505,1.0311296425755168,1.750086239830425,0.07676234,1.744521,,
ds005284,sub-012,8,CZ,1000.0,0.44950324296951294,0.187,3.581176280975342,0.328,3.131673038005829,0.13102207788199055,30.0-100.0,,-73.39356961010857,0.0,0.0,0.0,0.9398291003890336,0.11016966979636228,0.6784179904886112,0.38809242068847866,0.4069347059782509,0.5056979900855914,0.5111078585104528,0.40855067633568065,0.17065844111446327,1.0365745640619268,1.7274200123758738,0.059108924,2.5019612,,
ds005284,sub-012,9,CZ,1000.0,-9.71438217163086,0.301,2.305572271347046,0.502,12.019954442977905,0.20810384208510768,30.0-100.0,,22.064627583415493,0.0,0.0,0.0,1.2142188206780702,0.17666335396328867,0.3261868538642192,0.36392147011781084,0.44809500134933544,0.3222910639877422,0.5015261844616814,0.3846286228478076,0.21642961337486136,1.0342404806399756,1.729579121916906,0.066637754,2.2545528,,
ds005284,sub-012,10,CZ,1000.0,-1.19579017162323,0.204,11.55124568939209,0.386,12.74703586101532,0.10300578190334392,30.0-100.0,,-74.8036260418121,0.0,0.0,0.0,0.8082628482952714,0.27897497280523476,0.3596432803353352,0.46213739739813675,0.33479584603134527,0.24061928455748993,0.5107753143524282,0.3938446689824871,0.15647949938658623,1.03923633287086,1.67861908683784,0.060798686,2.6475098,,
ds005284,sub-012,11,CZ,1000.0,-5.875535488128662,0.238,3.3307180404663086,0.35,9.20625352859497,0.10078734288883166,30.0-100.0,,-1213.2354576841242,0.0,0.0,0.0,0.708411360392347,0.11236211187214476,0.4690122068493401,0.36311866156273975,0.14128410331434277,0.37038261695803176,0.5054953979651068,0.3373896715031281,0.16201651898575836,1.0395692810906008,1.7381174448104788,0.054729085,2.6398292,,
ds005284,sub-012,12,CZ,1000.0,-3.533456802368164,0.164,14.952356338500977,0.349,18.48581314086914,0.22370214551399592,30.0-100.0,,-193.44092269836372,0.0,0.0,0.0,0.7593884220113978,0.19921514882839578,0.2655606616553135,0.3516489289394639,0.49481960599862296,0.2694141517204482,0.5078313571732634,0.3327861318751141,0.09073414146105122,1.0393211427389137,1.7169926659126822,0.0420475,3.712124,,
ds005284,sub-012,13,CZ,1000.0,-14.657812118530273,0.207,-3.395014762878418,0.55,11.262797355651855,0.01625167861337394,30.0-100.0,,-38.76715690222792,0.0,0.0,0.0,1.0994363110512495,0.15840552412359038,0.3331462863392421,0.6115697293492957,0.4930069773840411,0.7688173967110423,0.5105505713906975,0.3564842781855084,0.11767775144154846,1.0366100963471536,1.7609255521131812,0.037791952,4.0119314,,
ds005284,sub-012,14,CZ,1000.0,-6.50131893157959,0.238,7.2905120849609375,0.33,13.791831016540527,0.10388089533883496,30.0-100.0,,-137.73701869803412,0.0,0.0,0.0,1.070078695192933,0.16623782950911295,0.39845520884174723,0.5559171518768712,0.28308489169302004,0.4224716575086761,0.5116577078689353,0.40005463668483393,0.2942547273811239,1.0377389906062953,1.7465924682474265,0.07970026,1.9298083,,
ds005284,sub-012,15,CZ,1000.0,-6.380599498748779,0.188,5.248859405517578,0.364,11.629458904266357,0.25548684904110935,30.0-100.0,,8.71889302828613,0.0,0.0,0.0,0.6890735385240987,0.19286975839366952,0.4257253824384667,0.5805654880938187,0.5741339889268369,0.4670137686406909,0.5305786466551063,0.39391632002881743,0.23802121757766784,1.0460308015855821,1.66535408562527,0.073104925,2.1899002,,
ds005284,sub-013,0,CZ,1000.0,-11.840069770812988,0.254,10.146852493286133,0.337,21.98692226409912,0.23017959939764315,30.0-100.0,,-551.4372288765001,0.0,0.0,0.0,1.3926256797276437,0.27007905245697394,0.24316327979195484,0.3320185487570119,0.44007764253895937,0.5861813061514142,0.5142518706411711,0.3567754327712167,0.19342002089445676,1.0317439433302946,1.8142985895833288,0.06234539,2.2049212,,
ds005284,sub-013,1,CZ,1000.0,-8.219508171081543,0.182,8.359945297241211,0.316,16.579453468322754,0.07810377481994847,30.0-100.0,,-6.456913637190222,0.0,0.0,0.0,4.042190092150122,0.16545168717451741,0.7884996571590844,0.5075706425328795,0.30125261196496633,0.27287556460498025,0.4926674034876305,0.3812540584589097,0.289342463346082,1.0223866888783273,1.7915649685342745,0.078924455,1.5563884,,
ds005284,sub-013,2,CZ,1000.0,-6.988458633422852,0.166,13.713740348815918,0.338,20.70219898223877,0.08964022896661758,30.0-100.0,,-310.3169998475689,0.0,0.0,0.0,1.387163094477728,0.14194182697778532,0.5282778387242627,0.49728110663940484,0.3647460932381893,0.3565825372271126,0.5031044981086299,0.3609691364711128,0.18279408074698889,1.0250298796018142,1.8012173605760882,0.061118435,2.1438107,,
ds005284,sub-013,3,CZ,1000.0,-11.382787704467773,0.166,14.594780921936035,0.3,25.97756862640381,0.09473572914083656,30.0-100.0,,-51.4893606170227,0.0,0.0,0.0,2.186291152611375,0.09484257176653747,0.7980597291036882,0.35449578923590486,0.3941920924360566,0.5964617686995245,0.4830885120759008,0.3396039619032245,0.1850685714893107,1.0196493754773415,1.8432305130667395,0.05980754,1.831935,,
ds005284,sub-013,4,CZ,1000.0,-4.63477897644043,0.25,12.08957290649414,0.34,16.72435188293457,0.019791368590598053,30.0-100.0,,-52.52647379853399,0.0,0.0,0.0,2.176563662942499,0.07154482966085107,0.6314669391324857,0.32206405490729495,0.12754507982629557,0.5605903190841979,0.4881098782644802,0.3611798113351321,0.21252224122921393,1.0226103444734873,1.7951035448348984,0.061167236,2.003981,,
ds005284,sub-013,5,CZ,1000.0,-3.085578441619873,0.178,8.041643142700195,0.445,11.127221584320068,0.01646098724305059,30.0-100.0,,-102.36593591191043,0.0,0.0,0.0,2.598379156552255,0.04802606841789944,0.4758662755487926,0.3466988223108071,0.1015476981420855,0.6391999069576948,0.4811562277343169,0.39193405188480623,0.26579333624550583,1.029515662979909,1.7410216848907416,0.072458535,1.7707871,,
ds005284,sub-013,6,CZ,1000.0,-8.438643455505371,0.15,8.669380187988281,0.336,17.108023643493652,0.07442388809510841,30.0-100.0,,-66.83628734164722,0.0,0.0,0.0,2.266365510877222,0.07432653028009457,0.7841079056791878,0.5880241659762733,0.403584403991254,0.9259387356309645,0.4885983366066636,0.3220517143881484,0.20318023301689633,1.0172209472269178,1.8210013479062142,0.0567554,1.9128271,,
ds005284,sub-013,7,CZ,1000.0,-5.758667469024658,0.152,14.223224639892578,0.446,19.981892108917236,0.04701824208057544,30.0-100.0,,-893.5552403758427,0.0,0.0,0.0,2.422837249469012,0.11243523051939278,0.7172068726089347,0.382797284457593,0.5697063950669203,0.6840573060433326,0.47975235740102284,0.31626123810330464,0.21682013079445428,1.0177147243085616,1.843731696888351,0.060552202,1.6441019,,
ds005284,sub-013,8,CZ,1000.0,-3.3373024463653564,0.17,13.014324188232422,0.518,16.35162663459778,0.023111753348545143,30.0-100.0,,-274.3509759382558,0.0,0.0,0.0,2.1517095883609727,0.0516096229558451,0.6625778700296547,0.30123993491200357,0.5865691690436118,0.5839588346147916,0.48334252274895706,0.3396875584815922,0.21531715151951836,1.0161520976671765,1.844112541285026,0.05930341,1.8083726,,
ds005284,sub-013,9,CZ,1000.0,-13.4735689163208,0.194,11.512502670288086,0.398,24.986071586608887,0.20389075823021818,30.0-100.0,,-284.01187366880794,0.0,0.0,0.0,2.1444218873512,0.1260825806096485,0.9201569059724236,0.4333971492885715,0.3451347566774108,0.513376437280928,0.47605478966646003,0.34826357786605405,0.25190683578841633,1.0265755226613498,1.791830802287354,0.06905995,1.631108,,
ds005284,sub-013,10,CZ,1000.0,-14.671109199523926,0.15,7.444131374359131,0.3,22.115240573883057,0.23960355453385082,30.0-100.0,,-42.71980271729016,0.0,0.0,0.0,3.5518856020644307,0.11083921278335317,0.7048256396415314,0.5960681587203238,0.21509785272728604,0.7420924330830729,0.4786028342671506,0.2999218692715423,0.19122814203633912,1.016221237076328,1.8491818656068022,0.056748267,1.8575718,,
ds005284,sub-013,11,CZ,1000.0,-9.3394136428833,0.167,10.703519821166992,0.377,20.042933464050293,0.11297434968824348,30.0-100.0,,-97.62725004982468,0.0,0.0,0.0,1.6878844471648335,0.18454862922300277,0.5822088786599956,0.446734842745792,0.5774012811505608,0.6568261475086551,0.5030221906034555,0.3580725528314548,0.23286311762267767,1.033612536437468,1.75582903926173,0.06495145,2.0410142,,
ds005284,sub-013,12,CZ,1000.0,-8.362115859985352,0.166,23.286724090576172,0.308,31.648839950561523,0.025401857118440008,30.0-100.0,,-5.165983772460829,0.0,0.0,0.0,1.2890794459963217,0.06969396136159625,0.8596801582223011,0.34972500276026125,0.14068140009177546,0.7049063528115046,0.47882170958094467,0.3064199685793452,0.13958364004912993,1.0131147234494315,1.8619056855727374,0.044080496,2.2831857,,
ds005284,sub-013,13,CZ,1000.0,-4.842654228210449,0.153,12.764932632446289,0.456,17.60758686065674,0.1760852866903983,30.0-100.0,,-158.04286063145338,0.0,0.0,0.0,1.7623513849684969,0.12204440088074871,0.8002732030160374,0.5074213806591283,0.33361636374319326,0.9200548980788498,0.4776368476859819,0.33388244369438075,0.22064819220497062,1.0179439992088333,1.8379884132745579,0.06301077,1.6158904,,
ds005284,sub-014,0,CZ,1000.0,-22.0241641998291,0.246,9.94678020477295,0.464,31.97094440460205,0.03221974600750924,30.0-100.0,,-99.80673999774494,0.0,0.0,0.0,1.4806836552452296,0.1556687333077924,0.4780104045750605,0.3938140240576441,0.17438541651539566,0.5260409907450556,0.49295648422378086,0.30552328854239824,0.14673530101414692,1.0222843753152766,1.8435038467921254,0.049249224,2.3361604,,
ds005284,sub-014,1,CZ,1000.0,-19.74355125427246,0.226,5.56980562210083,0.387,25.31335687637329,0.2707296627558662,30.0-100.0,,-49.81829467098627,0.0,0.0,0.0,1.3915413292124867,0.1130675909703227,0.6739336910964407,0.38960993082124545,0.1925490348322531,0.41975846923241406,0.5008623940833096,0.3433012207450711,0.1565231895354405,1.0254352464672545,1.830905651500384,0.05465702,2.2782218,,
ds005284,sub-014,2,CZ,1000.0,-20.422937393188477,0.226,13.45721435546875,0.386,33.88015174865723,0.039488508227894514,30.0-100.0,,-333.23230678157313,0.0,0.0,0.0,1.874825218692422,0.11212691242861936,0.3065185359729941,0.616470120343929,0.23870025230064815,0.7586392253107754,0.48855962387283214,0.30000934723117584,0.17107959866076197,1.0154438205597045,1.87698889788614,0.053062104,2.0050364,,
ds005284,sub-014,3,CZ,1000.0,-23.713701248168945,0.214,18.410411834716797,0.345,42.12411308288574,0.036463190402966104,30.0-100.0,,-12.952293336665399,0.0,0.0,0.0,2.0981398411095142,0.07395974541739292,0.381465093972489,0.5966979025996136,0.1982295719879705,0.7118541670361135,0.478837014993087,0.29468836189044606,0.10476991366812688,1.0139410847423065,1.8992024558478495,0.043432765,2.2520635,,
ds005284,sub-014,4,CZ,1000.0,-25.974123001098633,0.213,14.848010063171387,0.349,40.82213306427002,0.05027319882528695,30.0-100.0,,-276.6909330346426,0.0,0.0,0.0,1.09684924245812,0.043251592148380036,0.2850928482193344,0.5333047934105573,0.09363064434243043,0.389437796634209,0.49292296247045464,0.2882946432858413,0.09582016422323188,1.015591942175743,1.9228776835197734,0.041289132,2.1899004,,
ds005284,sub-014,5,CZ,1000.0,-18.34618377685547,0.22,6.385976314544678,0.33,24.732160091400146,0.3008315872508704,30.0-100.0,,2.1781358078903725,0.0,0.0,0.0,0.9346749866381288,0.15665684911499167,0.5223379408298553,0.5486107233938168,0.5383259611464456,0.5417229965729239,0.4984067026105623,0.3129031525739496,0.15984210565818335,1.0232467117402961,1.8516308396446246,0.05082149,2.4382336,,
ds005284,sub-014,6,CZ,1000.0,-16.170957565307617,0.287,12.556814193725586,0.36,28.727771759033203,0.16764879612010156,30.0-100.0,,-379.77125098930463,0.0,0.0,0.0,1.9592999597080052,0.10665896670903133,0.48515412233722405,0.6442950332898777,0.30133818048394767,0.781532086619147,0.5005349339413857,0.3017999864944991,0.16857709671330692,1.0268390832383285,1.876747730154942,0.05293031,2.1630995,,
ds005284,sub-014,7,CZ,1000.0,-23.727590560913086,0.202,8.438051223754883,0.357,32.16564178466797,0.02292311455371135,30.0-100.0,,-875.8930607767405,0.0,0.0,0.0,1.5517259889747947,0.06335514061607539,0.4420220566714563,0.4088707163663915,0.20811494251733637,0.6847020518485087,0.49520619256183657,0.3105752111307326,0.12040093845978846,1.0205566965533126,1.881949488739099,0.043001592,2.476492,,
ds005284,sub-014,8,CZ,1000.0,-26.20818519592285,0.219,5.287326812744141,0.362,31.495512008666992,0.14326434571036892,30.0-100.0,,-176.97560614899638,0.0,0.0,0.0,1.753701566485688,0.09172422412611139,0.2358263512350959,0.7109966058375962,0.26645245012986524,0.7056266234062996,0.4803631972950179,0.3071421691265097,0.11409105128890418,1.0169820598243617,1.8602523881885673,0.044303384,2.49194,,
ds005284,sub-014,9,CZ,1000.0,-17.946487426757812,0.194,12.493576049804688,0.318,30.4400634765625,0.033141519848638515,30.0-100.0,,-28.1404559291129,0.0,0.0,0.0,1.981644716579467,0.2521998775278662,0.4864324041524644,0.39996357615674183,0.3419551607304266,0.7863197252109493,0.496505109586692,0.3467574192990267,0.1789342746692807,1.0301853266552647,1.7473645465868113,0.05544998,2.4000695,,
ds005284,sub-014,10,CZ,1000.0,-23.737966537475586,0.27,9.115401268005371,0.432,32.85336780548096,0.03740936334178002,30.0-100.0,,-20.449073585269815,0.0,0.0,0.0,1.2814475048799068,0.06417369326424532,0.5104984297405456,0.186421081682399,0.4492615433814363,0.4346669632748928,0.47326740126426875,0.27113485542992166,0.11639958191881966,1.0147231548392601,1.888209836987675,0.042686082,2.324035,,
ds005284,sub-014,11,CZ,1000.0,-24.99293327331543,0.201,6.5429301261901855,0.392,31.535863399505615,0.24206268142335519,30.0-100.0,,-147.9369303844094,0.0,0.0,0.0,1.4280142495408654,0.15921709350860333,0.2731146316363936,0.5301831757826798,0.07700599978483921,0.20829636167462504,0.5052525941606644,0.3311157365403984,0.10422337806811108,1.0314565421593944,1.8355323593079318,0.041718394,3.1515706,,
ds005284,sub-014,12,CZ,1000.0,-16.674514770507812,0.226,6.084259986877441,0.419,22.758774757385254,0.05346518287902349,30.0-100.0,,-36.188647222357275,0.0,0.0,0.0,4.279613262042403,0.09303627268492272,0.6078952703628464,0.4980569842136775,0.251467004413891,0.6364624589998326,0.48866227269529705,0.3460011272080727,0.20232322103791828,1.0240226465452693,1.7489683653521007,0.057637785,2.1814013,,
ds005284,sub-014,13,CZ,1000.0,-10.249689102172852,0.21,5.533085346221924,0.504,15.782774448394775,0.9319362655169787,30.0-100.0,,-124.83439512625407,0.0,0.0,0.0,2.05726339481771,0.25788268107628487,0.3892273730192281,0.2647876744032871,0.10081511097041199,0.40358947974853177,0.4908274055906418,0.3777384552493343,0.22483931097658955,1.032322246985957,1.7092142082145516,0.06918409,2.01693,,
ds005284,sub-014,14,CZ,1000.0,-22.347492218017578,0.187,6.4245686531066895,0.318,28.772060871124268,0.039142132011883886,30.0-100.0,,-82.96010288297917,0.0,0.0,0.0,1.1869728186866269,0.07785911212915449,0.6471499689493587,0.3304578260887633,0.22958778954723627,0.6090396864332124,0.48946517681506535,0.31080622604052516,0.11287365282101179,1.0208214454666424,1.8822408085819038,0.041614946,2.6208293,,
ds005284,sub-014,15,CZ,1000.0,-21.70148277282715,0.231,5.065858364105225,0.342,26.767341136932373,0.15111717699992697,30.0-100.0,,-289.8077389867222,0.0,0.0,0.0,2.6690750382840633,0.14597313746698634,0.34115688275628064,0.5630822525250294,0.326669406728448,0.602529639680525,0.481894036174867,0.3545522070785512,0.15825233721453885,1.0217525353953005,1.8399789446573391,0.05467248,2.1000438,,
ds005284,sub-015,0,CZ,1000.0,-16.368816375732422,0.199,22.762189865112305,0.316,39.13100624084473,0.07218280067473881,30.0-100.0,,-380.3077302319653,0.0,0.0,0.0,1.2148484238423407,0.10836404824174709,0.7549418503136557,0.3872798194789232,0.3777916191835196,0.8554650768372726,0.46514996959030347,0.2458822182130877,0.09189163569268673,1.010784939272531,1.9183397934453845,0.036109738,2.6168056,,
ds005284,sub-015,1,CZ,1000.0,-30.67215347290039,0.187,22.971227645874023,0.305,53.643381118774414,0.04180144967153021,30.0-100.0,,-977.6100297181093,0.0,0.0,0.0,1.101460904465057,0.04333843233546818,0.7803685772415929,0.4628988664315335,0.46394660727901,0.9024424024727029,0.46722621736293507,0.2581931836136809,0.0728532448572108,1.0079511028480064,1.9344420459802554,0.035588577,2.099626,,
ds005284,sub-015,2,CZ,1000.0,-23.12460708618164,0.214,9.908483505249023,0.305,33.033090591430664,0.18298688782989597,30.0-100.0,,-657.2303250256562,0.0,0.0,0.0,0.9265177141060121,0.08598158654435709,0.6146467761550346,0.22176496265617798,0.4651045525301624,0.5268841078838503,0.47531916433427757,0.2903374038349522,0.09170909337879558,1.0227095071456214,1.9327910857697939,0.039582327,2.5171785,,
ds005284,sub-015,3,CZ,1000.0,-29.8758544921875,0.169,19.632850646972656,0.3,49.508705139160156,0.034716518132204416,30.0-100.0,,-265.10694662205185,0.0,0.0,0.0,1.1892604234162718,0.02521173386707369,0.7669794075356541,0.0519568604350308,0.2692147856344007,0.5617149787279319,0.4547824278678356,0.24752869964392551,0.09763349025295304,1.0082854057553978,1.8992646844474101,0.04107028,1.7987409,,
ds005284,sub-015,4,CZ,1000.0,-36.67926788330078,0.193,17.82223129272461,0.3,54.50149917602539,0.12670217976000486,30.0-100.0,,-2967.813100055713,0.0,0.0,0.0,1.4471750328084454,0.055573294092000486,0.42411634260783515,0.37421407601921297,0.6635035127070813,0.6753139133397774,0.4800945377264061,0.253017925002365,0.057202945339948616,1.01222232050245,1.9297107705095222,0.03952472,1.9310884,,
ds005284,sub-015,5,CZ,1000.0,-33.5991096496582,0.193,20.449350357055664,0.3,54.04846000671387,0.01972858696623614,30.0-100.0,,-346.49690793331496,0.0,0.0,0.0,1.558126270538196,0.04224788472063923,0.8316747187535076,0.3633792396095358,0.2430769185914373,0.8782044578938936,0.47776871185302566,0.2610302203271978,0.07134050236201257,1.0082650676521456,1.9763293510451927,0.036116384,2.1328866,,
ds005284,sub-015,6,CZ,1000.0,-28.11805534362793,0.19,17.387622833251953,0.3,45.50567817687988,0.031181708058658497,30.0-100.0,,-27.99561110098824,0.0,0.0,0.0,0.9400964190717787,0.14547634276586285,0.6782273906643617,0.3495514601007713,0.057446066747593,0.7244012989379696,0.4780333576231573,0.2588780120026225,0.09444675655677397,1.0119216968008244,1.9228674394041385,0.035274707,2.65574,,
ds005284,sub-015,7,CZ,1000.0,-23.734312057495117,0.17,9.318816184997559,0.3,33.053128242492676,0.010053717512197545,30.0-100.0,,-81.16226119211689,0.0,0.0,0.0,0.7242520368890837,0.04057608469812488,0.8316726888324968,0.18676386251595037,0.10506327912851132,0.6307366638976034,0.4774591018261967,0.2594483572538188,0.10627677332280759,1.0115429365883084,1.884102948244456,0.042603236,2.0212355,,
ds005284,sub-015,8,CZ,1000.0,-24.27373695373535,0.188,6.2068095207214355,0.3,30.480546474456787,0.1204879119487837,30.0-100.0,,-297.20297790867687,0.0,0.0,0.0,0.8728665561648086,0.11762017342183996,0.8820954709006731,0.24794584371176723,0.32080743572252585,0.6089203918947115,0.48149197935251054,0.26217803187989,0.10511425520643464,1.025207004263767,1.86318270239574,0.044661395,2.2648118,,
ds005284,sub-015,9,CZ,1000.0,-20.576562881469727,0.169,3.286553382873535,0.303,23.86311626434326,0.13372709334494132,30.0-100.0,,-106.5153503679777,0.0,0.0,0.0,1.8214186711702496,0.054153127202969435,0.6587186758866623,0.7638542947788599,0.18425580334286198,0.6804070338539122,0.482587527064305,0.3335117615859245,0.15295913467724448,1.0130776781991397,1.8976991626535002,0.054271087,1.7673256,,
ds005284,sub-015,10,CZ,1000.0,-29.08452796936035,0.184,18.18008804321289,0.326,47.26461601257324,0.02772058142708894,30.0-100.0,,-1515.8271525306293,0.0,0.0,0.0,0.963273414527066,0.06169054791804393,0.6455821689435578,0.3767260186293126,0.5395314880878838,0.7383410710144253,0.47798710226109153,0.2567116214820871,0.08779292407009422,1.0147608140761406,1.8709481683178206,0.03734858,2.3317666,,
ds005284,sub-015,11,CZ,1000.0,-33.313995361328125,0.186,19.623559951782227,0.3,52.93755531311035,0.07739561966879638,30.0-100.0,,-392.36647851522906,0.0,0.0,0.0,1.0992191237164661,0.061390065956862944,0.8404292186779864,0.43959584540836694,0.6651158277649105,0.8996892426884083,0.4518989292875819,0.23791299134936217,0.08585869585313918,1.0078028314470104,1.9070037257945154,0.036338527,2.0819917,,
ds005284,sub-015,12,CZ,1000.0,-24.507230758666992,0.194,15.749410629272461,0.313,40.25664138793945,0.016819576050212254,30.0-100.0,,-136.16884760590065,0.0,0.0,0.0,1.9179863593308255,0.03175649958267815,0.8816894020928586,0.3965943938190855,0.3577498475114915,0.4290487854268867,0.4878707322792961,0.3035993112083427,0.12358336379448755,1.0146866683921203,1.9009591407018627,0.04972837,1.8242232,,
ds005284,sub-015,13,CZ,1000.0,-23.641555786132812,0.191,19.09330940246582,0.3,42.73486518859863,0.046401957264715146,30.0-100.0,,2.1453590077763787,0.0,0.0,0.0,0.7956130139064044,0.0373230244278544,0.7560507270774599,0.6717452748320569,0.08284543815194637,0.7042963954741509,0.4536679495556265,0.25006358087456537,0.12118455749546456,1.0060061507267632,1.9322778640717586,0.04175402,1.839046,,
ds005284,sub-015,14,CZ,1000.0,-26.264074325561523,0.19,17.677528381347656,0.301,43.94160270690918,0.01798059308753472,30.0-100.0,,-438.0517522873725,0.0,0.0,0.0,1.2236389447934926,0.06945953002149632,0.616489803722209,0.2624563028341541,0.2532744005215522,0.6946705509681931,0.4792629980676192,0.2659896700629701,0.08750384419543565,1.016795380372466,1.9091027524681907,0.03640747,2.7270744,,
ds005284,sub-015,15,CZ,1000.0,-20.38673973083496,0.19,19.042072296142578,0.318,39.42881202697754,0.18883416944252135,30.0-100.0,,23.17396446618413,0.0,0.0,0.0,1.579423958901316,0.08688497671296547,0.8079954819567203,0.28621250316513575,0.40676600525166756,0.4875835294670624,0.47833034669857805,0.2954160202806914,0.11339199740228673,1.011970703092883,1.9240762900426995,0.041328542,2.307644,,
ds005284,sub-016,0,CZ,1000.0,-6.029649257659912,0.159,8.64936637878418,0.349,14.679015636444092,0.0474210426348598,30.0-100.0,,-87.99692991536678,0.0,0.0,0.0,2.2917824098840356,0.15172367524994046,0.10022081214871655,0.6259163605534013,0.17202417112918433,0.3774525122916758,0.5068707850693135,0.3876216476395629,0.2212356299288375,1.03318200336187,1.7184673842154201,0.06370575,2.2223413,,
ds005284,sub-016,1,CZ,1000.0,-14.443962097167969,0.275,-0.9904451370239258,0.474,13.453516960144043,0.44828010868330204,30.0-100.0,,-89.8062920618537,0.0,0.0,0.0,3.0547811184078455,0.2674327125555265,0.17180401936718734,0.5861313543473419,0.36594423913002816,0.36848409708483043,0.5031738031301283,0.38896328242240763,0.24847673089639843,1.0297768454742182,1.7512786683354364,0.06315113,2.1781251,,
ds005284,sub-016,2,CZ,1000.0,-1.5633962154388428,0.189,12.895934104919434,0.465,14.459330320358276,0.37695737809080415,30.0-100.0,,-3.9049006123679737,0.0,0.0,0.0,3.5492187598720193,0.466703827376555,0.24433682043733074,0.5795505387148283,0.24599136240507005,0.42734014340119586,0.5093785529200843,0.4358415483110888,0.26962041296850087,1.0339499613277947,1.6972417816672154,0.07706217,1.9010543,,
ds005284,sub-016,3,CZ,1000.0,-14.503786087036133,0.314,6.710045337677002,0.404,21.213831424713135,0.08473079221014458,30.0-100.0,,48.60233496012037,0.0,0.0,0.0,6.177069968543947,0.3276402546093498,0.6480456856903262,0.6996633112653705,0.1361564295251938,0.8419662913003544,0.5117011370290514,0.41475267971771085,0.31368094834263743,1.0320738018618125,1.7033117767927686,0.08204385,1.7556223,,
ds005284,sub-016,4,CZ,1000.0,-1.023982048034668,0.324,11.939926147460938,0.55,12.963908195495605,0.1815739554791556,30.0-100.0,,71.10289004767336,0.0,0.0,0.0,3.8231080397963524,0.13863900371788046,0.009366501618941645,0.34319196783715994,0.4481984952340523,0.34320697617491136,0.5001914088336044,0.3921360152962089,0.2550168422053494,1.0276693557931162,1.7756661687778839,0.073452264,1.7693485,,
ds005284,sub-016,5,CZ,1000.0,-2.9452435970306396,0.228,10.344700813293457,0.321,13.289944410324097,0.6583683666011144,30.0-100.0,,17.184259406700157,0.0,0.0,0.0,4.9266115529462695,0.5460886508548667,0.2933882150578986,0.5335135664344139,0.3508491247724749,0.3427897600903168,0.503854368415351,0.44057658044209863,0.33167846608261164,1.0399215278638363,1.6875670665401774,0.090644196,1.6926993,,
ds005284,sub-016,6,CZ,1000.0,-10.582344055175781,0.183,-0.1439826488494873,0.451,10.438361406326294,0.08426739032182419,30.0-100.0,,63.86451224962792,0.0,0.0,0.0,3.009013715200126,0.19476171692733163,0.3118163079761453,0.39875473676601264,0.29078899662365254,0.3153307468404185,0.5072450665186676,0.4112313138226389,0.27053964253868373,1.0414207684895762,1.6881730416491039,0.07350343,1.9124191,,
ds005284,sub-016,7,CZ,1000.0,-10.86077880859375,0.183,5.93710994720459,0.446,16.79788875579834,0.34648778494643717,30.0-100.0,,38.65618375061525,0.0,0.0,0.0,4.213471198454499,0.3117869867608203,0.35710941380561284,0.5642714312175169,0.22454042458936552,0.377695055796911,0.5142228214593079,0.4318371169177306,0.35219424525342474,1.0336797648122011,1.6786243743051539,0.091116294,1.6166519,,
ds005284,sub-016,8,CZ,1000.0,-1.654134750366211,0.27,7.752117156982422,0.544,9.406251907348633,0.25505720840464374,30.0-100.0,,-81.19263016423591,0.0,0.0,0.0,5.146873067133129,0.22851421984693837,0.24796159713393803,0.3427074677765306,0.43950593180479935,0.07935007161157089,0.5081482347118499,0.40049683169710193,0.25754858147636983,1.0318490090807975,1.7179082554981269,0.07442037,1.8545026,,
ds005284,sub-016,9,CZ,1000.0,-15.285282135009766,0.214,8.915432929992676,0.488,24.20071506500244,0.25834974310091474,30.0-100.0,,-18.53645617162162,0.0,0.0,0.0,3.2429054845124483,0.3097072889795393,0.29236122554450594,0.4677223051518499,0.08713728067753863,0.19466593282838107,0.5005247860461175,0.42070194416786527,0.245318389494053,1.033635958651652,1.6900376485006967,0.065818325,2.21356,,
ds005284,sub-016,10,CZ,1000.0,-12.583937644958496,0.291,7.124804496765137,0.5,19.708742141723633,0.3523975328151444,30.0-100.0,,46.29060830459215,0.0,0.0,0.0,3.724626498296857,0.3655716826030261,0.26013978055065035,0.5689556786722351,0.4985616264853338,0.3942218961150853,0.5178072110728078,0.42341304026314774,0.3049471918984458,1.0384521647119147,1.6545029189319482,0.08362758,1.8382702,,
ds005284,sub-016,11,CZ,1000.0,-6.987941741943359,0.168,5.184217929840088,0.348,12.172159671783447,0.11077397499438621,30.0-100.0,,-13.201849410042229,0.0,0.0,0.0,2.438447205349803,0.3044357542378072,0.1704926588845959,0.5340230671646737,0.23611090152895767,0.19643135822561353,0.50356047449912,0.40867614897087007,0.2640146661897086,1.0351712032086455,1.7259509749522803,0.07360045,1.9983408,,
ds005284,sub-016,12,CZ,1000.0,-9.768769264221191,0.164,5.1225175857543945,0.462,14.891286849975586,0.07897617495014086,30.0-100.0,,-35.87044663652722,0.0,0.0,0.0,3.703328547999263,0.2970074173820371,0.10491508233996652,0.475858240080294,0.3425270508096282,0.2045016005028246,0.5066222430306759,0.40022454167131394,0.2747338696228156,1.0340910567939452,1.7419760082934717,0.07810903,1.764344,,
ds005284,sub-016,13,CZ,1000.0,-6.586664199829102,0.232,7.123000144958496,0.3,13.709664344787598,0.22275266952342898,30.0-100.0,,23.763879441008058,0.0,0.0,0.0,3.8120533572509885,0.1339698206625382,0.41847427833982315,0.5293523100752968,0.21841891273302624,0.4277693951902284,0.5090897862930358,0.4106444735626144,0.288557393421071,1.0354152378392583,1.7470703539716188,0.08022114,1.6525829,,
ds005284,sub-017,0,CZ,1000.0,-9.381240844726562,0.341,-2.9080495834350586,0.529,6.473191261291504,0.19350793190649804,30.0-100.0,,52.10730179219026,0.0,0.0,0.0,0.8405581611441448,0.11876783107428024,0.3776061718893294,0.4992793665896067,0.45576098320110064,0.4242447793978038,0.51086298145202,0.38015475990123887,0.16277702292619203,1.032672437890362,1.698742381887838,0.04940182,2.7181602,,
ds005284,sub-017,1,CZ,1000.0,-11.769021987915039,0.308,5.716353416442871,0.451,17.48537540435791,0.027032472886769424,30.0-100.0,,-47.437166771339996,0.0,0.0,0.0,1.7129263724200428,0.09495345181432732,0.2947355572152398,0.18133182237375545,0.1486709008713881,0.42189279454639805,0.49291849370387314,0.38186681145027385,0.20147574045397304,1.0237781695798946,1.782053791396682,0.06055755,2.0228105,,
ds005284,sub-017,2,CZ,1000.0,-4.44044303894043,0.193,17.669178009033203,0.503,22.109621047973633,0.2727473083522017,30.0-100.0,,-263.50178068265774,0.0,0.0,0.0,0.9620639903005213,0.16357189006890527,0.5004539591859269,0.5922460811903858,0.296221361152171,0.6438743361696804,0.49490141690073597,0.3573702623004215,0.1063645215203208,1.0313404251038156,1.7735759248829543,0.03544893,3.9671564,,
ds005284,sub-017,3,CZ,1000.0,-10.753260612487793,0.191,21.95827293395996,0.355,32.711533546447754,0.18482707870332016,30.0-100.0,,-31.069110523036457,0.0,0.0,0.0,1.4711403055116534,0.09747249259586463,0.2642065712491473,0.47354318547524943,0.3131280061574682,0.41033203816662966,0.4982728172465504,0.25167360979892245,0.09271406758498642,1.0247176388274488,1.8683304727807055,0.031098692,4.0473194,,
ds005284,sub-017,4,CZ,1000.0,-14.48983383178711,0.215,14.030770301818848,0.386,28.520604133605957,0.034570255960108404,30.0-100.0,,5.267431489373844,0.0,0.0,0.0,1.3634734496008605,0.1014119552215087,0.5224246319050332,0.3865918387188486,0.23403840683399488,0.586484886167777,0.4860780989804909,0.31931026622015335,0.10729618855472682,1.0194270188464798,1.8594739101543947,0.03475235,3.296182,,
ds005284,sub-017,5,CZ,1000.0,-17.539052963256836,0.201,2.2504401206970215,0.522,19.789493083953857,0.14976605552531436,30.0-100.0,,-186.1065900043633,0.0,0.0,0.0,1.1616014235187322,0.20123235405234557,0.6405966702056862,0.29867226644319367,0.09697788104651524,0.5904545232448976,0.5043047961966824,0.38269344261080546,0.12554128385943253,1.034362702520533,1.8057497043104767,0.044687178,3.0699217,,
ds005284,sub-017,6,CZ,1000.0,-4.229721546173096,0.234,16.346847534179688,0.372,20.576569080352783,0.0711832151186276,30.0-100.0,,-293.559095153709,0.0,0.0,0.0,1.3666968152392656,0.11068168192958881,0.44669669284358265,0.4951062907291569,0.3413490006434509,0.6627093057664767,0.5142480547515941,0.35301379254050785,0.13032622835265487,1.0286889572807447,1.7826586073050994,0.049500775,2.7828526,,
ds005284,sub-017,7,CZ,1000.0,-9.069271087646484,0.192,12.146719932556152,0.505,21.215991020202637,0.18018363590452824,30.0-100.0,,-0.6583417053270015,0.0,0.0,0.0,1.4059319510124624,0.11576228268295186,0.49243179457660113,0.31030149090150677,0.07358818938946095,0.5665194104726526,0.49784988277844217,0.3437257440901962,0.161971274578111,1.0265131393787401,1.7903037903843202,0.048163865,2.6245687,,
ds005284,sub-017,8,CZ,1000.0,-7.953005790710449,0.215,12.629613876342773,0.39,20.582619667053223,0.024664217111714654,30.0-100.0,,56.79848606590958,0.0,0.0,0.0,1.6058970359154046,0.14385843780122426,0.1830613248287713,0.44189281054377794,0.27727480237869095,0.34767479117338257,0.49796978980510925,0.3539973089648133,0.12607320177874398,1.0314274728382924,1.7930026003153297,0.041627772,3.1836104,,
ds005284,sub-017,9,CZ,1000.0,-16.325796127319336,0.162,7.567275047302246,0.367,23.893071174621582,0.5121126728388067,30.0-100.0,,-9.179126508751521,0.0,0.0,0.0,1.5329777961596847,0.18443906829953854,0.5165026737574764,0.5955148688074002,0.16832382280725744,0.35118748470589933,0.4865942542541226,0.342224056204807,0.14816378955168252,1.0312618458302176,1.8188589795333245,0.04638196,2.8680503,,
ds005284,sub-017,10,CZ,1000.0,-9.890936851501465,0.203,14.316186904907227,0.469,24.20712375640869,0.6875757355333766,30.0-100.0,,-25.347403365015552,0.0,0.0,0.0,1.0048785770777613,0.2450904782787429,0.45173880556619966,0.2504124905904874,0.16167190276970322,0.28636319442533387,0.5138386229963997,0.35552763356157036,0.17411829154547553,1.0364053937155215,1.744924559540157,0.05152647,2.9278579,,
ds005284,sub-017,11,CZ,1000.0,-14.737137794494629,0.238,10.117838859558105,0.358,24.854976654052734,0.06987317847355431,30.0-100.0,,-71.0354106849204,0.0,0.0,0.0,1.9723241566680372,0.14013124006612837,0.47885897874893607,0.6238373204426569,0.0943276506063847,0.6093827392480495,0.5009358127232941,0.3130632875691743,0.19143484112926681,1.0317491254171922,1.8208875343343003,0.053720348,2.3673983,,
ds005284,sub-017,12,CZ,1000.0,-9.463522911071777,0.289,6.443994522094727,0.528,15.907517433166504,0.08296545152007735,30.0-100.0,,-25.776905920451533,0.0,0.0,0.0,1.0920502245426178,0.13028930966909116,0.48961365257643813,0.638140133591008,0.09806909856804996,0.6357757961963807,0.5010402838710846,0.3352066337695827,0.14462693053720593,1.0299132245122868,1.8144710100089236,0.04458088,2.9259396,,
ds005284,sub-017,13,CZ,1000.0,-12.714327812194824,0.193,10.813323974609375,0.41,23.5276517868042,0.12824164240908195,30.0-100.0,,-81.66450842055978,0.0,0.0,0.0,0.7516527693951502,0.1296094579780185,0.22849678111159166,0.29611877240538703,0.04026139451606788,0.38157897089577375,0.5006257379663929,0.3217714187039088,0.09840618521226034,1.0362552235725977,1.7945044316017587,0.03264231,4.327696,,
ds005284,sub-017,14,CZ,1000.0,-9.119872093200684,0.179,11.169145584106445,0.308,20.28901767730713,0.10357035249614066,30.0-100.0,,51.64401867262642,0.0,0.0,0.0,1.148282695794478,0.09762632903139584,0.4386955092657425,0.15719806446204843,0.17339664069942737,0.5124784764484294,0.4983159390394217,0.3441891485326634,0.13530033258922058,1.029925736249242,1.7598890263084568,0.04621922,2.9243681,,
ds005284,sub-018,0,CZ,1000.0,-10.474334716796875,0.254,11.795557022094727,0.323,22.2698917388916,0.035969412150958606,30.0-100.0,,-272.3673908912775,0.0,0.0,0.0,2.2219331294763833,0.11098621845400443,0.43980752766825054,0.3740887872808009,0.30769887594325107,0.36524981119612865,0.49968806950444916,0.38319245440109084,0.20348973950427313,1.0292719023795593,1.769256623473099,0.067889474,1.9227673,,
ds005284,sub-018,1,CZ,1000.0,-24.607234954833984,0.202,13.40229606628418,0.343,38.009531021118164,0.01854189114734034,30.0-100.0,,-150.18385044161184,0.0,0.0,0.0,2.7046636096201837,0.034414580364440506,0.36488906716966335,0.7860771820626012,0.06740874546135335,0.7330029194916816,0.49049437098515186,0.31971410909512454,0.11847786872550603,1.019594735348317,1.8711969896393263,0.040547248,2.8431468,,
ds005284,sub-018,2,CZ,1000.0,-23.015094757080078,0.207,14.792104721069336,0.325,37.807199478149414,0.09213150295172721,30.0-100.0,,-270.23906024610153,0.0,0.0,0.0,1.2298671063035727,0.09605244316735276,0.5621312769071787,0.4808384608709592,0.19572941013329287,0.49729994949010986,0.4931945411778676,0.2814839344433064,0.10063941496960428,1.0205951061581207,1.893339794264684,0.03822133,2.91332,,
ds005284,sub-018,3,CZ,1000.0,-3.2666382789611816,0.168,14.48164176940918,0.43,17.74828004837036,0.09651238636661057,30.0-100.0,,-6.12897762775033,0.0,0.0,0.0,1.1440096277510747,0.06739225472885291,0.25268680334542326,0.5386688556902838,0.33760721410300526,0.5344892530760459,0.5076924156762922,0.36301309769154416,0.16328162819895042,1.032999304654076,1.8167396082515455,0.05610415,2.171099,,
ds005284,sub-018,4,CZ,1000.0,-12.570883750915527,0.258,18.78323745727539,0.383,31.354121208190918,0.07488156134653062,30.0-100.0,,-1226.1188736033844,0.0,0.0,0.0,2.431043714750558,0.06974417503047801,0.5329361857370006,0.29439317345524035,0.3968092771108548,0.4742178356167107,0.49711507993293835,0.2612522004517947,0.13036156735907264,1.02478813123983,1.8364853393798357,0.043733947,2.6955292,,
ds005284,sub-018,5,CZ,1000.0,-28.490938186645508,0.221,16.44659996032715,0.326,44.937538146972656,0.04230072502782803,30.0-100.0,,-67.16426543298645,0.0,0.0,0.0,2.2261491103563458,0.0897548260365491,0.3349354792960287,0.6410529534481656,0.2974734589274555,0.5052172886800829,0.47828515834705987,0.29281450120520014,0.11065228051527264,1.017901076115367,1.8945959667542072,0.043565728,2.3960156,,
ds005284,sub-018,6,CZ,1000.0,-17.100343704223633,0.233,15.921928405761719,0.35,33.02227210998535,0.09715262189238794,30.0-100.0,,-661.7053320087133,0.0,0.0,0.0,0.9699146612547338,0.08536769326823561,0.6611732315214148,0.1331670370236055,0.4438142612972137,0.5821968829418922,0.4847167293459968,0.2733056565375172,0.12400564855451339,1.021043265675225,1.885692403986528,0.04141942,2.5623448,,
ds005284,sub-018,7,CZ,1000.0,-20.675907135009766,0.282,17.87198829650879,0.391,38.547895431518555,0.020316176685358442,30.0-100.0,,-37.163035763836284,0.0,0.0,0.0,2.0523256971500814,0.10508531887809883,0.8902033351131962,0.4896397696463998,0.31844185240096173,0.8362264211227637,0.4777837744640569,0.2624510185082676,0.12568896414217068,1.0164385929863815,1.8560840053343735,0.04138157,2.2412531,,
ds005284,sub-018,8,CZ,1000.0,-22.975866317749023,0.22,15.998847007751465,0.328,38.97471332550049,0.23132529191342496,30.0-100.0,,36.63996629357237,0.0,0.0,0.0,2.554937935201451,0.11566840068157058,0.5027160021711087,0.1809869520801987,0.32265437547641357,0.5226937609645717,0.4758353618951798,0.28530524989673384,0.12067475063086883,1.01829394947486,1.871291713598523,0.04058389,2.5879853,,
ds005284,sub-018,9,CZ,1000.0,-15.104591369628906,0.208,11.944839477539062,0.314,27.04943084716797,0.4849800211305162,30.0-100.0,,-349.5584044699825,0.0,0.0,0.0,1.753166492562741,0.32805953837374696,0.7264203707239254,0.6442644852596123,0.5452331317450281,0.6503544677452612,0.49466190220753387,0.30712062729600903,0.15530499782571444,1.0224666420782111,1.8831167547467675,0.049358845,2.4177449,,
ds005284,sub-018,10,CZ,1000.0,-1.0293755531311035,0.276,22.352285385131836,0.395,23.38166093826294,0.08959873985566869,30.0-100.0,,-229.65152540049712,0.0,0.0,0.0,1.9188120204489678,0.059979696411199476,0.7308737129238762,0.5450421517286127,0.7142457068860957,0.6665008017317948,0.48988367587286386,0.31699619186954525,0.1336068728676048,1.022165428267616,1.7779321279376632,0.041649863,2.7661436,,
ds005284,sub-018,11,CZ,1000.0,-21.726144790649414,0.214,13.719067573547363,0.328,35.44521236419678,0.47526429025238937,30.0-100.0,,-46.37805720425274,0.0,0.0,0.0,1.9612072210293263,0.3350215919259991,0.5719709128957345,0.8386391387290082,0.40303909961704537,0.6991666799019065,0.5022443330008666,0.3111420973875219,0.14004122566623298,1.0236817037085222,1.8943978423197048,0.047048807,2.6576169,,
ds005284,sub-018,12,CZ,1000.0,-21.174129486083984,0.183,17.680038452148438,0.3,38.85416793823242,0.31521674498940366,30.0-100.0,,-62.92970450184623,0.0,0.0,0.0,1.7726114019751549,0.13082309348646895,0.24165101943918338,0.7295025015791783,0.4369283104047519,0.5240148338920602,0.49090494279315566,0.28681071578716805,0.09496231465800502,1.020460289933639,1.8756067348021261,0.03646404,3.1150007,,
ds005284,sub-019,0,CZ,1000.0,0.05295920372009277,0.247,9.546853065490723,0.532,9.49389386177063,0.08273072435894895,30.0-100.0,,-19.05441512817312,0.0,0.0,0.0,1.2762093247147277,0.16851746376227333,0.23350314176522505,0.3403252428527157,0.3061116654428942,0.13514742472961117,0.4879632614935881,0.380953785715947,0.19461812727767638,1.0271891979377015,1.7932138330757688,0.05470458,2.5078685,,
ds005284,sub-019,1,CZ,1000.0,-7.6488142013549805,0.233,3.191161870956421,0.534,10.839976072311401,0.4039933827237109,30.0-100.0,,-29.505510886369695,0.0,0.0,0.0,1.1719086614903063,0.16291639864197743,0.29858756205655806,0.5259205360955519,0.31227695613090095,0.629780655818703,0.5145356474304691,0.3988486117608856,0.2940046561100047,1.035934023850462,1.6981552768003951,0.07857354,1.8390584,,
ds005284,sub-019,2,CZ,1000.0,-8.139771461486816,0.273,0.9639009237289429,0.498,9.10367238521576,0.029039019109413505,30.0-100.0,,26.459432574227183,0.0,0.0,0.0,1.0803719487739727,0.07611013151572268,0.5425006282152447,0.17875472981117765,0.36358456093661895,0.16242442477380795,0.4998277862434436,0.37092892521255666,0.1858823014933012,1.030885625715398,1.7916233849617722,0.0529908,2.4467835,,
ds005284,sub-019,3,CZ,1000.0,0.4293816089630127,0.35,12.093091011047363,0.315,11.66370940208435,0.04944942262885034,30.0-100.0,,65.1017913737513,0.0,0.0,0.0,2.2017127776052803,0.17948696570336403,0.2510004302335216,0.0736053478985001,0.0382628875180196,0.34484793400615393,0.5025029620353405,0.36912839326918223,0.2053375693348881,1.027939931950762,1.7692142223875242,0.058882784,2.2918901,,
ds005284,sub-019,4,CZ,1000.0,-9.273754119873047,0.349,3.168458938598633,0.406,12.44221305847168,0.10105938243381608,30.0-100.0,,-13.214910488024199,0.0,0.0,0.0,1.058541180100292,0.09712094501226377,0.3424034751928348,0.46643361894544094,0.3017980225936238,0.6081811588746335,0.48452760023716474,0.3316312341013867,0.18016438171531482,1.022284658961104,1.8569009794297542,0.05215961,2.257505,,
ds005284,sub-019,5,CZ,1000.0,-4.547903537750244,0.181,9.362109184265137,0.392,13.91001272201538,0.01574559918273398,30.0-100.0,,-611.4303175418886,0.0,0.0,0.0,2.2105788812041283,0.04158133627992595,0.4946114200597878,0.13656751281992893,0.24856649085601887,0.5516784369519162,0.49532895245335073,0.4015886481212053,0.24258386673281823,1.0235099010685287,1.743381038323633,0.068306446,1.8019441,,
ds005284,sub-019,6,CZ,1000.0,-10.388771057128906,0.342,9.473522186279297,0.493,19.862293243408203,0.29349788491324014,30.0-100.0,,-230.69760540848245,0.0,0.0,0.0,2.0418503263499588,0.15988903046786418,0.6042571280994845,0.3680247069799045,0.5542098446446635,0.43206199099564646,0.5023011501115409,0.3718371393952104,0.24682084164405826,1.0308225954096677,1.7993057482582198,0.06600955,1.9615035,,
ds005284,sub-019,7,CZ,1000.0,-13.625860214233398,0.302,6.8548264503479,0.395,20.4806866645813,0.020305604170035157,30.0-100.0,,-89.80775560322657,0.0,0.0,0.0,1.327251986367628,0.0449597853954941,0.45764057023295834,0.3621239636212424,0.08193254233752105,0.38124734144539135,0.4905832582101206,0.2898128983821104,0.165330892331072,1.0266627827336734,1.8671712077826916,0.047875047,2.4585304,,
ds005284,sub-019,8,CZ,1000.0,-10.767280578613281,0.192,15.635913848876953,0.316,26.403194427490234,0.01277859597889619,30.0-100.0,,40.09149339287253,0.0,0.0,0.0,1.226386972120963,0.04300642027305242,0.6808356320769969,0.3824249273029857,0.16025167035145826,0.5890041290839938,0.47727888740783475,0.2788752088192279,0.14579247480890684,1.0176595494383487,1.8958268840403623,0.041937076,2.4147801,,
ds005284,sub-019,9,CZ,1000.0,-8.018798828125,0.218,4.730590343475342,0.505,12.749389171600342,0.02805846711665489,30.0-100.0,,-3.358717431108503,0.0,0.0,0.0,1.422238041413948,0.06541213946244587,0.10897439781775989,0.3752435071487006,0.23779971911556688,0.13720393582975549,0.5069330620725995,0.3530049015637799,0.20400052445554456,1.0268783960071963,1.7941022757425176,0.056607552,2.2289834,,
ds005284,sub-019,10,CZ,1000.0,-10.782678604125977,0.236,8.769621849060059,0.322,19.552300453186035,0.12670697486978028,30.0-100.0,,-291.6063899340603,0.0,0.0,0.0,1.066794735379517,0.08497867225065259,0.3610268177950752,0.20724396268704273,0.17832390575414597,0.24909433108001047,0.513238378057928,0.29928844588717635,0.14712552617258737,1.0288217786765281,1.8275608580724096,0.048430633,2.706582,,
ds005284,sub-019,11,CZ,1000.0,-4.903669834136963,0.218,11.862825393676758,0.339,16.76649522781372,0.022891100171088148,30.0-100.0,,-28.35213861717699,0.0,0.0,0.0,1.474486489314586,0.10930513635839557,0.5351132931166536,0.3361653369645823,0.2398196070331765,0.29796492252134227,0.4960936615799363,0.3632305408195616,0.21828674197819403,1.0254635170307185,1.814759056846647,0.05849201,2.1313887,,
ds005284,sub-020,0,CZ,1000.0,-9.593238830566406,0.267,18.029891967773438,0.444,27.623130798339844,0.5392772075886896,30.0-100.0,,-336.02279463970854,0.0,0.0,0.0,2.177373506128788,0.2961036648268696,0.4028616175410692,0.43606081669114205,0.5191605264031097,0.5952857300353045,0.49444149019553674,0.35767493617619905,0.14913547623037257,1.0311078918740055,1.8083457840064057,0.052048806,2.4138658,,
ds005284,sub-020,1,CZ,1000.0,-4.639712810516357,0.271,9.103802680969238,0.494,13.743515491485596,0.049297546986296334,30.0-100.0,,57.5801038437241,0.0,0.0,0.0,1.927967939991504,0.09811942712396968,0.3516999979389708,0.17124585639509085,0.1410444637187932,0.5441696960281728,0.4929637034262816,0.38659350627611516,0.2799812643186025,1.0272465760608043,1.7494857324186392,0.072144106,1.8197252,,
ds005284,sub-020,2,CZ,1000.0,-6.514105796813965,0.316,6.562618255615234,0.346,13.0767240524292,0.03972469779250573,30.0-100.0,,-950.2260832867346,0.0,0.0,0.0,1.5739863156341016,0.17121193383743458,0.051885998949167976,0.651592445082631,0.22259757112554696,0.4923679272924493,0.5140171512991584,0.36327702747394575,0.26301536070850257,1.0281874794763104,1.756811725191215,0.07045859,1.9026213,,
ds005284,sub-020,3,CZ,1000.0,-5.795190334320068,0.192,9.129101753234863,0.416,14.924292087554932,0.09170888969599658,30.0-100.0,,-677.3927238506471,0.0,0.0,0.0,1.9068329420406371,0.2385029159337011,0.211896109246107,0.3286070576106205,0.20409635513469712,0.5272600674612198,0.4953346340821803,0.39465512202927316,0.2638612348341447,1.0297154645491677,1.7526982626513468,0.0779509,1.7449845,,
ds005284,sub-020,4,CZ,1000.0,-22.353517532348633,0.202,14.028376579284668,0.444,36.3818941116333,0.18504418547357626,30.0-100.0,,-221.13746998043075,0.0,0.0,0.0,1.9890046678483486,0.16055653172257142,0.6476647600183503,0.381127526131955,0.4651413808883281,0.7876357148295242,0.4831312544727286,0.31550496551572865,0.14075840072983234,1.0185899067796491,1.894875147881224,0.04744612,2.3237433,,
ds005284,sub-020,5,CZ,1000.0,-20.821388244628906,0.308,6.657427787780762,0.529,27.478816032409668,0.0741600480704055,30.0-100.0,,-73.02876745768397,0.0,0.0,0.0,1.0949850111501291,0.12581305717022753,0.49329628601303266,0.3775989839188762,0.06060366532982835,0.5661698191121074,0.4873294415963025,0.32090282594758696,0.13512577838520437,1.022520817609888,1.8678819214101998,0.042273957,2.6061423,,
ds005284,sub-020,6,CZ,1000.0,-13.470891952514648,0.343,13.985967636108398,0.397,27.456859588623047,0.10030239146852603,30.0-100.0,,-58.63592400027411,0.0,0.0,0.0,2.537842286983505,0.07181873494124975,0.6596575534241186,0.2934486179890317,0.289905680331541,0.6417028811166369,0.4897586061036083,0.31332802213740996,0.16589135120784668,1.0203041038929288,1.833751520773325,0.05310701,2.0014591,,
ds005284,sub-020,7,CZ,1000.0,-20.00364875793457,0.214,11.286751747131348,0.445,31.290400505065918,0.14686325311415172,30.0-100.0,,-125.9426059190312,0.0,0.0,0.0,2.1764597622677684,0.17567838646191658,0.3591226717824924,0.2389652845906517,0.19375260699531877,0.7503790192597238,0.49777249491721315,0.3085905685023233,0.13128972419982043,1.0287221451977824,1.8156034758705177,0.04027804,3.294224,,
ds005284,sub-020,8,CZ,1000.0,-6.61760950088501,0.268,5.502023696899414,0.453,12.119633197784424,0.041935900843774465,30.0-100.0,,-128.90737555057063,0.0,0.0,0.0,1.5826923190616071,0.11493518641517328,0.09587318025478928,0.29003162930165616,0.24707631133976027,0.20696672594915755,0.5117278533173995,0.41013280959432685,0.24832622886671613,1.0415412307957188,1.6790611969463916,0.06920172,2.0811245,,
ds005284,sub-020,9,CZ,1000.0,-12.103048324584961,0.284,11.534974098205566,0.389,23.638022422790527,0.19761940582173917,30.0-100.0,,-11.75336611064775,0.0,0.0,0.0,1.8931681115645915,0.12642834153214766,0.5017470763522449,0.3880354467102071,0.23964745150041966,0.765397582732281,0.4986019916559715,0.3438716020667028,0.19081361027598062,1.0242009582946974,1.7846367237529008,0.06450648,1.9602331,,
ds005284,sub-020,10,CZ,1000.0,-23.000080108642578,0.268,5.387547969818115,0.364,28.387628078460693,0.09161334237417842,30.0-100.0,,-455.0139487576819,0.0,0.0,0.0,1.8314909539185464,0.0614488546992341,0.7604777369250859,0.23999935913604745,0.4686126713962026,0.8217976855218636,0.4905399826078357,0.26195804977709153,0.12235395553688012,1.0215087370938098,1.8575696986875705,0.045813095,2.4375696,,
ds005284,sub-020,11,CZ,1000.0,-28.468313217163086,0.246,5.505289554595947,0.389,33.97360277175903,0.23002562890155934,30.0-100.0,,-55.78967573807666,0.0,0.0,0.0,3.175940888468176,0.25791339168765653,0.5420678037245491,0.4833382285084768,0.2717519613932403,0.5884336210254925,0.4975240597359098,0.3336168118544487,0.16148011840041404,1.0229376753662853,1.812699860358096,0.049699835,2.525122,,
ds005284,sub-020,12,CZ,1000.0,-19.72586441040039,0.247,11.137974739074707,0.439,30.863839149475098,0.09540884109167466,30.0-100.0,,-168.15151119135686,0.0,0.0,0.0,1.6398290754295886,0.13499476997072893,0.4308407837815077,0.3068064918171485,0.36936255150779346,0.6971982197905793,0.49093394475976987,0.320191363967045,0.1290023671580766,1.0222670768704165,1.8239672881037752,0.044183426,2.6423054,,
ds005284,sub-020,13,CZ,1000.0,-5.477916240692139,0.303,5.4080071449279785,0.418,10.885923385620117,0.07693880740818108,30.0-100.0,,-777.7241023812466,0.0,0.0,0.0,3.0400391842704266,0.1479000825983963,0.517793618464776,0.21941407860683312,0.33908384860912627,0.8259546442664251,0.4983159390394217,0.3672938460516946,0.24940051546868927,1.0221568741518363,1.8283528475133743,0.072578505,1.6213357,,
ds005284,sub-021,0,CZ,1000.0,-30.42906951904297,0.174,3.6182491779327393,0.375,34.04731869697571,0.3411530081178183,30.0-100.0,,-164.64016333186896,0.0,0.0,0.0,1.8032873631455004,0.17160801594839037,0.11559274215103822,0.25170277614149855,0.2940756170277248,0.3097148791767185,0.4921841544173687,0.3385838833710454,0.1203946294125489,1.0215267017541612,1.8074649163356542,0.047951955,2.3167431,,
ds005284,sub-021,1,CZ,1000.0,-17.117586135864258,0.185,13.233110427856445,0.436,30.350696563720703,0.44989121012028327,30.0-100.0,,-30.302756443141938,0.0,0.0,0.0,2.3769286926835775,0.5622308750632999,0.1392297707245921,0.2817510286867814,0.03609112922547428,0.18352133496371642,0.5232628875781128,0.3619490619208046,0.16829048124027243,1.042107192545826,1.697127080100492,0.051428534,2.9900985,,
ds005284,sub-021,2,CZ,1000.0,-38.814273834228516,0.167,5.583995342254639,0.39,44.398269176483154,0.18360957116934917,30.0-100.0,,-123.29014516310681,0.0,0.0,0.0,2.0557933021336794,0.22870480414039634,0.19043745422782823,0.27885173704007254,0.23910437418743075,0.08818963041762364,0.5031261565722108,0.27250674460699215,0.09565840644840354,1.03009092193183,1.8216698994906073,0.034032293,3.7300391,,
ds005284,sub-021,3,CZ,1000.0,-7.482321262359619,0.153,16.73280906677246,0.3,24.21513032913208,0.11837745521731113,30.0-100.0,,-244.16535275961334,0.0,0.0,0.0,1.5168878599070013,0.15207864531087412,0.20691084512647603,0.4535876880063879,0.3889083946563564,0.22423812989959535,0.48598597290723267,0.31754670750217834,0.15695510970956691,1.0196980779310274,1.8950914251425761,0.04735415,2.3902109,,
ds005284,sub-021,4,CZ,1000.0,-4.237038612365723,0.199,13.476683616638184,0.535,17.713722229003906,0.0946299161383498,30.0-100.0,,-148.8171524967368,0.0,0.0,0.0,2.4653689470142126,0.3674537799760753,0.6050192650163503,0.28462286479149934,0.24779477540942368,0.4163986240465036,0.5087781304191831,0.3768247330340272,0.2530645786798039,1.0359829856647256,1.7557341711858168,0.07615424,1.7859696,,
ds005284,sub-021,5,CZ,1000.0,-26.913169860839844,0.164,9.058365821838379,0.515,35.97153568267822,0.1057666372792517,30.0-100.0,,25.482722905546932,0.0,0.0,0.0,1.9366124470252544,0.08329864823939173,0.4792147655818225,0.27492714570085525,0.19087392251885352,0.5657941191961531,0.48305861416547247,0.2676920217849091,0.12310690902930661,1.0214637035669245,1.8424208306077825,0.039203484,2.7949018,,
ds005284,sub-021,6,CZ,1000.0,-15.838081359863281,0.184,8.408944129943848,0.333,24.24702548980713,0.05450057560840542,30.0-100.0,,-292.059869992456,0.0,0.0,0.0,1.831314293667674,0.16466783852829917,0.32809715563465564,0.39852053713801966,0.3787175498757955,0.3375508875468816,0.5061879458007353,0.3370175683440103,0.17611039614802723,1.0286854987888376,1.779999322830311,0.055285085,2.3304753,,
ds005284,sub-021,7,CZ,1000.0,-25.07728385925293,0.172,3.238858461380005,0.511,28.316142320632935,0.30134077771842543,30.0-100.0,,-124.53361310728044,0.0,0.0,0.0,2.0326044759713113,0.1189665242044037,0.2397008594902825,0.4668091265019246,0.3710401293883219,0.6064765787711327,0.4970511718375164,0.3112662832078084,0.14089459945484692,1.0235404162840076,1.8165960201811588,0.046405744,2.5592864,,
ds005284,sub-021,8,CZ,1000.0,-16.172693252563477,0.216,10.75483512878418,0.3,26.927528381347656,0.15902961578431307,30.0-100.0,,-105.62072213446372,0.0,0.0,0.0,1.705283997580409,0.17516175332358241,0.41783234775774697,0.49256425433730805,0.07313205029100404,0.367770390627834,0.4916767976671849,0.29578887676911725,0.14705764193730292,1.029648115391736,1.8478189809771466,0.045506213,2.8561745,,
ds005284,sub-021,9,CZ,1000.0,-24.291366577148438,0.176,7.801156520843506,0.388,32.09252309799194,0.10399147370007081,30.0-100.0,,-193.4684080448993,0.0,0.0,0.0,1.3621574908029288,0.1770329278683088,0.6819264097467963,0.5122471251873512,0.31586225736620843,0.5323001283472178,0.4988632038735875,0.273056706538279,0.11315729747232416,1.0266892183479244,1.7969104424172349,0.045824096,2.5442994,,
ds005284,sub-021,10,CZ,1000.0,-28.612499237060547,0.173,6.4656901359558105,0.3,35.07818937301636,0.4677079104459352,30.0-100.0,,54.26786634529444,0.0,0.0,0.0,3.672188497148454,0.23369996009798416,0.7297308962119292,0.904364632225365,0.3110139896096677,0.7664568231177296,0.4900807706110999,0.33744014583959614,0.18132959432565413,1.0161721017105037,1.867890909248921,0.055919882,1.8873307,,
ds005284,sub-021,11,CZ,1000.0,-24.105825424194336,0.165,9.464193344116211,0.386,33.57001876831055,0.2662723106417837,30.0-100.0,,-736.0196903523794,0.0,0.0,0.0,2.9755656723864377,0.20138584553973035,0.7234040507112903,0.6157203481071621,0.5248020486552897,0.8868996829017329,0.4716189653098915,0.3116642692287156,0.18766192009157723,1.0128126929854118,1.8605275069673597,0.058427542,1.6816381,,
ds005284,sub-021,12,CZ,1000.0,-27.022289276123047,0.181,13.29566478729248,0.311,40.31795406341553,0.11221944399503886,30.0-100.0,,38.238750900144744,0.0,0.0,0.0,1.383881433866918,0.12054748337906457,0.19809262861578975,0.24033832148694065,0.6138912417384229,0.5669377530995063,0.48831576266945875,0.27208569843925207,0.11198970732857412,1.0199907072243277,1.8721306646233657,0.037802167,2.6434515,,
ds005284,sub-022,0,CZ,1000.0,-6.0645751953125,0.199,6.054025650024414,0.55,12.118600845336914,0.2950874990157292,30.0-100.0,,-299.4998065645143,0.0,0.0,0.0,1.705718575976789,0.2776165242647779,0.8357840234619376,0.8115756308536305,0.42678021290161433,0.8269709698797375,0.5046489038061253,0.37880476042865396,0.2672557652472936,1.0332316916567257,1.7572249629093486,0.07353811,1.8595247,,
ds005284,sub-022,1,CZ,1000.0,-6.664346694946289,0.225,11.30560302734375,0.499,17.96994972229004,0.22534125949988035,30.0-100.0,,-45.73922563312448,0.0,0.0,0.0,1.8362149130553007,0.32235475376837014,0.25168416625160517,0.29932605410596763,0.3767155137059789,0.1657458588055436,0.5106084027571535,0.39452469450653915,0.2505118871075986,1.0349935173350244,1.7641531774793553,0.06526995,2.2254899,,
ds005284,sub-022,2,CZ,1000.0,-0.617874264717102,0.348,8.29588794708252,0.303,8.913762211799622,0.8126308398154862,30.0-100.0,,10.200534176065847,0.0,0.0,0.0,2.3305551731027663,0.2732304696261897,0.6779814589997355,0.5317815125825417,0.17406767233830317,0.6887148179600221,0.5045229039967998,0.4038547498816708,0.2711006232325017,1.0295642323871903,1.722533817750603,0.079724126,1.8082945,,
ds005284,sub-022,3,CZ,1000.0,-4.595270156860352,0.286,14.675884246826172,0.504,19.271154403686523,0.19490267204005582,30.0-100.0,,69.30187418233484,0.0,0.0,0.0,2.9220971919130534,0.16540779618733156,0.5019735171038774,0.25973598823619126,0.541542681143867,0.30001408896410525,0.48989607155277637,0.37637330523058987,0.2385250425763822,1.0221450639645366,1.8411262929956596,0.066167004,1.7658234,,
ds005284,sub-022,4,CZ,1000.0,0.44661879539489746,0.309,11.676704406738281,0.409,11.230085611343384,0.07311525458916605,30.0-100.0,,-25.985596776459907,0.0,0.0,0.0,1.795705407857895,0.1919597290825203,0.4597611695750373,0.36612937495523484,0.29370953347375434,0.17960393033122304,0.49806792094686936,0.37381315603777204,0.20514200768636762,1.0273058801648396,1.7841082958528507,0.05899218,2.177289,,
ds005284,sub-022,5,CZ,1000.0,-7.732400894165039,0.15,10.45656681060791,0.336,18.18896770477295,0.33447614214905264,30.0-100.0,,-337.6786561246313,0.0,0.0,0.0,2.126384060829878,0.24487619530711227,0.21613272745078532,0.49922338003117683,0.41274876480658035,0.3882348480845278,0.5049669735573029,0.3579097601951416,0.2114097853591003,1.030787856815787,1.7675609456671622,0.06161873,2.26474,,
ds005284,sub-022,6,CZ,1000.0,-6.095211982727051,0.303,7.965093612670898,0.55,14.06030559539795,0.014010360413674663,30.0-100.0,,16.319442241583232,0.0,0.0,0.0,1.0123071842826903,0.0794803576332824,0.540588891880307,0.19877587489925846,0.04588167322000155,0.4971817370534108,0.49986289292831176,0.40106556934674326,0.20685691995403122,1.0264510672203153,1.7510251220593729,0.059564605,2.2599938,,
ds005284,sub-022,7,CZ,1000.0,-4.1225080490112305,0.163,10.331053733825684,0.305,14.453561782836914,0.057218328739875104,30.0-100.0,,-178.58091949066701,0.0,0.0,0.0,1.485313754528761,0.11274248919276256,0.8771303503371471,0.6668574172827663,0.44555208521409223,0.5818622069340503,0.47406655328812963,0.3315598179849864,0.29648779172676976,1.021959684240636,1.815959811007126,0.07506797,1.6444411,,
ds005284,sub-022,8,CZ,1000.0,-1.244511365890503,0.244,14.955282211303711,0.536,16.199793577194214,0.07966704145361252,30.0-100.0,,-136.80695373841363,0.0,0.0,0.0,2.072413160931319,0.1092695266966693,0.7238583641908848,0.5477985718887011,0.30173961663489945,0.6509791428264324,0.49323047788692365,0.35597373994052545,0.19073367706883831,1.020615775512525,1.8202269477843243,0.0555612,1.9874675,,
ds005284,sub-022,9,CZ,1000.0,-14.007707595825195,0.202,13.325244903564453,0.505,27.33295249938965,0.29743684324810143,30.0-100.0,,-141.0792097641217,0.0,0.0,0.0,1.5737510257167742,0.1351111151241275,0.7629585466123276,0.40244222117089296,0.8842274847611636,0.5676960976886876,0.47271762822021934,0.3012249622915872,0.21349669615963093,1.016353558031868,1.8859168978413037,0.06097734,1.6567575,,
ds005284,sub-022,10,CZ,1000.0,-6.105319023132324,0.243,9.704614639282227,0.492,15.80993366241455,0.4231276589798817,30.0-100.0,,35.36190843952461,0.0,0.0,0.0,1.9693353679031134,0.1522474731790518,0.4354384533121934,0.2971558848152374,0.4203556838075436,0.45624591973856965,0.4909819704468578,0.33610248247603536,0.21929365925875705,1.0281064690086095,1.8026255623579623,0.059106693,2.1016352,,
ds005284,sub-022,11,CZ,1000.0,-7.538469314575195,0.263,11.179733276367188,0.516,18.718202590942383,0.24526455947332143,30.0-100.0,,-270.74047395363635,0.0,0.0,0.0,1.81810517096892,0.19394986697513977,0.6806402515649922,0.3684947572053799,0.4042046302413781,0.38953594715201273,0.5050688216961364,0.39450467682068163,0.21009461570281127,1.0262975978061835,1.8112247794844007,0.060570035,2.152193,,
ds005284,sub-022,12,CZ,1000.0,-7.394996166229248,0.286,11.322043418884277,0.424,18.717039585113525,0.14218992861980218,30.0-100.0,,13.474618982860848,0.0,0.0,0.0,1.2223153607919812,0.171382134856137,0.1744829396552729,0.5606294025776588,0.1420395440861506,0.3705843766745181,0.5022443330008666,0.40654386215505417,0.22830937618699498,1.033917983534372,1.7500230796637384,0.059901748,2.3429601,,
ds005284,sub-022,13,CZ,1000.0,-4.062220573425293,0.249,5.341829299926758,0.524,9.40404987335205,0.09010609763482509,30.0-100.0,,-34.51858209108277,0.0,0.0,0.0,1.2245030666235834,0.13049940902656246,0.608494242837709,0.17032590525640956,0.47951210129819677,0.13304851165681314,0.5150887637920409,0.4226581045972148,0.3660797723518279,1.0353551612778857,1.6769626724366755,0.093703285,1.5592172,,
ds005284,sub-022,14,CZ,1000.0,-13.435103416442871,0.276,3.1202526092529297,0.371,16.5553560256958,0.20071580338229966,30.0-100.0,,85.49243732658721,0.0,0.0,0.0,1.7639928264543414,0.1757144839640984,0.5689673351255873,0.4140895478515264,0.31015199669364135,0.4789982983212818,0.5059704003380816,0.3145873005650888,0.1957589905462252,1.0298781224748192,1.7729144001866992,0.05768368,2.1872067,,
ds005284,sub-022,15,CZ,1000.0,-4.7926926612854,0.242,17.313692092895508,0.472,22.106384754180908,0.1369629628045927,30.0-100.0,,54.65699291916236,0.0,0.0,0.0,1.122167828725651,0.08762912313022703,0.5307327692872124,0.2410314531092712,0.37191875396170154,0.4313370879774489,0.49712476890151064,0.3596736949193506,0.12722670280238232,1.0308955627583392,1.7759261394786618,0.040103383,3.0948577,,
ds005284,sub-023,0,CZ,1000.0,-2.3417346477508545,0.183,0.9332553148269653,0.323,3.27498996257782,0.09121895743134938,30.0-100.0,,-2.1036679108055836,0.0,0.0,0.0,0.8271915576187894,0.10083163424553197,0.3846796629303025,0.1744996230462836,0.4584835046889128,0.18451827130862808,0.5024679467396136,0.3597718917175667,0.19855610910566945,1.031791463593148,1.7416842904840029,0.057934772,2.4389613,,
ds005284,sub-023,1,CZ,1000.0,-8.018526077270508,0.202,-0.3273868262767792,0.338,7.691139250993729,0.07598262419724384,30.0-100.0,,30.54520976690099,0.0,0.0,0.0,0.657414726447314,0.11887851496875643,0.4266392367235993,0.33403646053003405,0.6055216974922709,0.4910529921862898,0.5047791510584133,0.33684165250278497,0.16495217197105452,1.0363698711248992,1.7834654981817586,0.051336836,2.7859013,,
ds005284,sub-023,2,CZ,1000.0,-10.781522750854492,0.169,10.120878219604492,0.365,20.902400970458984,0.1695587438402896,30.0-100.0,,56.5407024038131,0.0,0.0,0.0,0.7083317177603021,0.06447024643091004,0.12560677573459514,0.31633985315712504,0.6227176510052083,0.10215681389658866,0.48585030710043836,0.32727758107659577,0.13478561327214053,1.0227452995467547,1.827094170828026,0.04687443,2.6261935,,
ds005284,sub-023,3,CZ,1000.0,-17.81646156311035,0.193,7.026819705963135,0.397,24.843281269073486,0.016003052328049557,30.0-100.0,,-144.71467373957734,0.0,0.0,0.0,0.9307505970355123,0.11241439343273163,0.5790445555521709,0.3197844150311798,0.12613532544140266,0.3179071916349251,0.4977193858069751,0.3112567707202154,0.11298386312211603,1.0271365742486256,1.8225021260359802,0.039502833,3.1601293,,
ds005284,sub-023,4,CZ,1000.0,-6.295252323150635,0.201,10.023991584777832,0.373,16.319243907928467,0.09159723446675246,30.0-100.0,,44.21510589503042,0.0,0.0,0.0,0.4614932549884543,0.04382401425048841,0.3157077890640339,0.16490462999454425,0.4377047399750665,0.21365998514820783,0.48069470062449776,0.2672932404643012,0.11144772254041108,1.0222605975279557,1.8808565732890228,0.03597145,3.311499,,
ds005284,sub-023,5,CZ,1000.0,-13.45821762084961,0.197,4.963713645935059,0.312,18.421931266784668,0.2033686514674041,30.0-100.0,,30.520417229377966,0.0,0.0,0.0,0.9884455648716539,0.12242583976768487,0.6415212495241989,0.27672340352946145,0.8808528495370357,0.43342516093051603,0.49522126517235304,0.3248673032952341,0.14828565131786467,1.028870381526712,1.8044824986470172,0.048702087,2.748394,,
ds005284,sub-023,6,CZ,1000.0,-8.69610595703125,0.178,14.299473762512207,0.363,22.995579719543457,0.05803912364226457,30.0-100.0,,40.30308925317495,0.0,0.0,0.0,0.888031383510679,0.1514703271014127,0.45161307466747963,0.2959452815340918,0.339171102214073,0.60731643862073,0.4887352269284969,0.28608133654583046,0.118334220910879,1.0243196359441826,1.8000498089262176,0.04006821,3.2915645,,
ds005284,sub-023,7,CZ,1000.0,-15.035218238830566,0.153,9.765129089355469,0.496,24.800347328186035,0.013960238730331438,30.0-100.0,,45.21290518547843,0.0,0.0,0.0,0.9539584862068295,0.06098086868154551,0.3100470639640649,0.29797325187707746,0.3261265324611776,0.20302505288097952,0.48031277328330335,0.2950248319426118,0.10755490789794597,1.0246114634180787,1.8614094558982122,0.036146972,3.2321227,,
ds005284,sub-023,8,CZ,1000.0,-4.779353618621826,0.217,7.9482855796813965,0.386,12.727639198303223,0.09195154644397627,30.0-100.0,,-17.44351341368265,0.0,0.0,0.0,1.0621734254527837,0.13863936759655418,0.12216038314859047,0.23716569558437936,0.6929212773324832,0.24961931586745667,0.5053581443886791,0.36622187411385615,0.22670537342708005,1.0328267952244083,1.7495931670710212,0.062171225,2.2746384,,
ds005284,sub-023,9,CZ,1000.0,-0.5542225241661072,0.15,7.330711364746094,0.341,7.884933888912201,0.03843382343791388,30.0-100.0,,0.9701498871898995,0.0,0.0,0.0,0.6947451911401004,0.06508067955366977,0.3984022263623318,0.08773225985807366,0.8438696855348234,0.6580364041672843,0.5022188426063664,0.35904822013108045,0.1876601194717455,1.0357722328385888,1.7772576188022249,0.058904577,2.3185868,,
ds005284,sub-023,10,CZ,1000.0,-18.774246215820312,0.165,6.396351337432861,0.332,25.170597553253174,0.04559391154856755,30.0-100.0,,27.367870413710747,0.0,0.0,0.0,1.1374856694601476,0.18555671187432937,0.3808858810416827,0.18576738245892432,0.4867678139352231,0.47453455674883194,0.5160432499832379,0.31466022837884666,0.12310457485420144,1.0285114527914394,1.8173523842495347,0.042214014,3.0154715,,
ds005284,sub-023,11,CZ,1000.0,-13.124822616577148,0.159,8.848183631896973,0.375,21.97300624847412,0.019276891124462344,30.0-100.0,,-14.489877181826957,0.0,0.0,0.0,1.0434762807562947,0.057389172981635664,0.3794559386002654,0.4447660378117532,0.2780208826325969,0.1167895574390599,0.4932305348470725,0.27983724122492293,0.12992598338864197,1.0242434607943554,1.8276132084839636,0.041103035,2.9850962,,
ds005284,sub-023,12,CZ,1000.0,-7.926909446716309,0.194,5.978152275085449,0.367,13.905061721801758,0.03928097221445525,30.0-100.0,,-42.95985293015698,0.0,0.0,0.0,1.034348737448454,0.042040100273340764,0.3579326942458138,0.315990566928074,0.7813027412178563,0.25640456916175647,0.48946517681506535,0.3375244998808995,0.15329498426573565,1.019042827662539,1.8189272965754486,0.047326166,2.5652096,,
ds005284,sub-023,13,CZ,1000.0,-16.16119956970215,0.198,13.811027526855469,0.374,29.972227096557617,0.024303609227418338,30.0-100.0,,-3.202407628794557,0.0,0.0,0.0,0.6668572605121881,0.029807786347582285,0.3160905263172933,0.5961803085794452,0.33685332401431967,0.5740795791074358,0.4811978919542774,0.27626341570367,0.09687248229618005,1.0171904459763512,1.9024669038320976,0.035567697,2.5992353,,
ds005284,sub-023,14,CZ,1000.0,-5.425909996032715,0.261,8.186799049377441,0.429,13.612709045410156,0.08949711577997069,30.0-100.0,,8.223681959763194,0.0,0.0,0.0,0.8890599710866809,0.13291513769469457,0.1556775294479386,0.296453918494485,0.6779580229148193,0.09299842646598921,0.5074437877339845,0.39044131968492085,0.20668927937503923,1.0347980951080047,1.7412837826880598,0.059845656,2.4138594,,
ds005284,sub-023,15,CZ,1000.0,-20.216386795043945,0.184,17.902647018432617,0.364,38.11903381347656,0.02536566019520521,30.0-100.0,,-258.4743471888793,0.0,0.0,0.0,0.6586387899005786,0.07014425411273721,0.35602317422955154,0.15645254101896788,0.38415311090410736,0.3761607325917385,0.47877053488709886,0.2539573925375635,0.06086724967825785,1.0187449730215843,1.857539233035482,0.0303861,3.497324,,
ds005284,sub-024,0,CZ,1000.0,-2.1940433979034424,0.297,5.658251762390137,0.529,7.852295160293579,0.04259127514470002,30.0-100.0,,-53.65346060856718,0.0,0.0,0.0,1.0179225646425039,0.0428098455769266,0.48351058585507384,0.242289054375378,0.05560344304469564,0.6680511820448418,0.5119369973040597,0.4141613766426401,0.2457834053266731,1.0351062737154675,1.7169432264392779,0.06698578,2.1002483,,
ds005284,sub-024,1,CZ,1000.0,-3.691957473754883,0.338,2.4750568866729736,0.542,6.1670143604278564,0.01840938474270931,30.0-100.0,,-123.67036541131289,0.0,0.0,0.0,1.126946328440681,0.05527403208836096,0.7785217561508934,0.20333963044395129,0.49916303610399154,0.647755974457179,0.5031738031301283,0.4029257887493215,0.36233368459899373,1.0327962918882598,1.6822417876635247,0.09223418,1.5227925,,
ds005284,sub-024,2,CZ,1000.0,-19.327041625976562,0.189,16.230545043945312,0.316,35.557586669921875,0.014024028560918889,30.0-100.0,,-457.3838060843796,0.0,0.0,0.0,1.4860288065392524,0.046571857726133634,0.5670502572090445,0.739220547272954,0.44487095399229515,0.8951851354869301,0.46921984599219596,0.29076328272381463,0.12046662496395419,1.0170859621457933,1.8749794732167209,0.045581855,2.296877,,
ds005284,sub-024,3,CZ,1000.0,-22.096736907958984,0.181,16.56892967224121,0.344,38.665666580200195,0.04280369153012581,30.0-100.0,,-874.5739150341968,0.0,0.0,0.0,1.2371457705739886,0.09840625250520305,0.6502215720955838,0.5008860188156363,0.2839845601639962,0.8963332128406274,0.4973486524199103,0.27405805121988597,0.0901066191420367,1.0264879619037055,1.8467003619657765,0.035258047,3.3832319,,
ds005284,sub-024,4,CZ,1000.0,-21.410070419311523,0.225,15.949064254760742,0.335,37.359134674072266,0.12105486374569455,30.0-100.0,,-265.57624855345125,0.0,0.0,0.0,1.1606439657043666,0.05822878938314263,0.46184645435981775,0.3968567575122468,0.4045940100546655,0.6738868686391195,0.49293910346808106,0.2911124267193601,0.0768067129338075,1.0189995481290572,1.890278765215523,0.036733113,2.6641648,,
ds005284,sub-024,5,CZ,1000.0,-7.733553409576416,0.284,-0.8015941381454468,0.339,6.931959271430969,0.020026597989223054,30.0-100.0,,66.41867940517989,0.0,0.0,0.0,1.1703132913680747,0.03548152170737605,0.42121893652025166,0.4964747421782079,0.0974571729453956,0.8620214795561689,0.4722248322426944,0.31635827651749393,0.20590069060512106,1.0143771329114826,1.881892952373808,0.062454253,1.5030665,,
ds005284,sub-024,6,CZ,1000.0,-16.872474670410156,0.205,21.697111129760742,0.347,38.5695858001709,0.07100113120444423,30.0-100.0,,-314.79763201689263,0.0,0.0,0.0,1.0091296571772546,0.08155220048485304,0.710176236517359,0.6132595597223122,0.37017984785494323,0.8035141924440456,0.48155828455667327,0.2812716163641151,0.08003691534362381,1.018197017717032,1.8821170524249435,0.035803508,3.0356383,,
ds005284,sub-024,7,CZ,1000.0,-4.697629928588867,0.272,5.975354194641113,0.468,10.67298412322998,0.06921010746834291,30.0-100.0,,74.27485053107372,0.0,0.0,0.0,0.6771931366529316,0.053327323891589694,0.15660485269509028,0.32586858459716467,0.2540894902685066,0.4361053499840986,0.5077256810289497,0.33217591064749935,0.20880414782093237,1.037276149313473,1.77528845302117,0.06364556,2.1828573,,
ds005284,sub-024,8,CZ,1000.0,-19.14851188659668,0.197,21.184953689575195,0.334,40.333465576171875,0.16565064153656675,30.0-100.0,,-317.20742544826373,0.0,0.0,0.0,1.5939800068736076,0.11567339772580731,0.6316391110914757,0.20320420156835664,0.42509702445087205,0.6321978968627915,0.4797503713554877,0.3065595918793971,0.10401721887112347,1.0169252707790877,1.8820869362245958,0.038008578,2.8687937,,
ds005284,sub-024,9,CZ,1000.0,-5.347445487976074,0.218,15.679791450500488,0.36,21.027236938476562,0.027769358160966894,30.0-100.0,,26.700022849062833,0.0,0.0,0.0,0.9041003067977726,0.05749362395605657,0.43753899909569655,0.3969824813322827,0.33377045737787436,0.6589155769262581,0.49501216190663455,0.2753830275477859,0.1188233322012767,1.0331971459466494,1.8385511665736918,0.038311146,3.2665203,,
ds005284,sub-024,10,CZ,1000.0,-12.998526573181152,0.237,13.475176811218262,0.429,26.473703384399414,0.00929397769307283,30.0-100.0,,45.817733931345984,0.0,0.0,0.0,0.8673409174662083,0.04519625031078594,0.36507837273229976,0.1890151258399501,0.11112184738944983,0.5272617161422366,0.4877192487461402,0.2676203817496341,0.10149073334080382,1.0240757432733305,1.8450568973628174,0.033635378,3.2679985,,
ds005284,sub-024,11,CZ,1000.0,-12.54018497467041,0.185,19.333580017089844,0.315,31.873764991760254,0.06520976195746597,30.0-100.0,,-249.95759158051754,0.0,0.0,0.0,1.3786546187475324,0.09031748579419428,0.5898917595863908,0.43622834222887297,0.47292785938485726,0.547318844009485,0.5029486441576421,0.31099954530743196,0.08908924348117987,1.0255108268681794,1.8479365859040868,0.038476557,3.0709925,,
ds005284,sub-024,12,CZ,1000.0,-14.937376976013184,0.186,20.04758071899414,0.348,34.984957695007324,0.13886233211469687,30.0-100.0,,1.9189916496868291,0.0,0.0,0.0,2.0439925137907267,0.10141300739364631,0.36866202345915355,0.5241792115280188,0.056093176251441036,0.74028240475695,0.486003158224683,0.3369042971040969,0.11803522222993135,1.0203583233466034,1.8324926727157342,0.041423764,2.7644758,,
ds005284,sub-024,13,CZ,1000.0,-18.98861312866211,0.214,12.125096321105957,0.331,31.113709449768066,0.1704613181428439,30.0-100.0,,-501.98101031423386,0.0,0.0,0.0,1.8175216973759234,0.06923035840702974,0.8390176271621671,0.25054367834890523,0.3415964565361179,0.8527203290574046,0.4788539386997572,0.3298076219139312,0.13761321140415145,1.021870034616201,1.8355159029071515,0.04492709,2.6768947,,
ds005284,sub-024,14,CZ,1000.0,-15.06989860534668,0.235,20.278148651123047,0.325,35.34804725646973,0.09137714056356612,30.0-100.0,,-591.3781871323292,0.0,0.0,0.0,0.8362571825273335,0.08212593163025791,0.3147606861210745,0.44869589556219647,0.4302173756877066,0.5526833141798074,0.4831673976380733,0.3014417476262386,0.07927088220917017,1.0172125628574264,1.8738141095721514,0.033958424,3.1120017,,
ds005284,sub-024,15,CZ,1000.0,-6.848198413848877,0.23,16.45703125,0.335,23.305229663848877,0.15087910984514127,30.0-100.0,,-21.449072842748247,0.0,0.0,0.0,0.8579901477787644,0.05899650673589843,0.6964433817962324,0.2224275993184048,0.6130203926591737,0.8609259334061485,0.47916766210590483,0.3128542650663418,0.14337830109175226,1.0233157217741242,1.86014631631816,0.04313591,2.6156943,,
ds005284,sub-025,0,CZ,1000.0,-12.968437194824219,0.196,9.033929824829102,0.443,22.00236701965332,0.1213477659153554,30.0-100.0,,20.93521886416149,0.0,0.0,0.0,0.7894167210906744,0.11196448974573961,0.23340858543415693,0.676942559521174,0.33628294290941607,0.538877840465602,0.4877530689801386,0.3363920589519198,0.12152704242603383,1.0240766193919038,1.866300704676455,0.03878895,3.133979,,
ds005284,sub-025,1,CZ,1000.0,-26.123676300048828,0.223,28.065011978149414,0.389,54.18868827819824,0.6750194596668746,30.0-100.0,,-267.9869342603201,0.0,0.0,0.0,1.2046656047459692,0.142021386176458,0.6568185538441291,0.8144131708118734,0.5920277768837243,0.7192582607270382,0.48269881003777027,0.20035525606630109,0.04926825500251476,1.013645148299544,1.9263457421931631,0.027940998,3.7652006,,
ds005284,sub-025,2,CZ,1000.0,-5.662105083465576,0.35,12.707806587219238,0.529,18.369911670684814,0.14713112372344903,30.0-100.0,,-193.48762142270257,0.0,0.0,0.0,1.515864860266447,0.2501405737055668,0.17222038082144414,0.5398548745812076,0.3042935340336776,0.3538042791747468,0.5106902606334641,0.3033250566827635,0.15284670836878445,1.0336197910854426,1.8056936597584468,0.05376239,2.606129,,
ds005284,sub-025,3,CZ,1000.0,-14.659866333007812,0.301,9.832468032836914,0.454,24.492334365844727,0.018329301979577717,30.0-100.0,,-154.8965164873175,0.0,0.0,0.0,1.1381597141735256,0.11053735809556445,0.25119592793144846,0.6150723816608898,0.25274298575313053,0.6246536526533628,0.495795283798403,0.2810872109127606,0.13071623155953005,1.0308852808071924,1.8241942219314862,0.044612806,2.9609568,,
ds005284,sub-025,4,CZ,1000.0,-26.91217803955078,0.21,26.05036735534668,0.372,52.96254539489746,0.16689456193099947,30.0-100.0,,-796.9018492645148,0.0,0.0,0.0,1.1503205605549738,0.16320433435582787,0.19805127510052511,0.8139401247128537,0.4783356552116023,0.7575341715100685,0.4936926824477666,0.24413057158643714,0.0640521901580925,1.0161889540974494,1.9525952602086432,0.029608825,3.510062,,
ds005284,sub-025,5,CZ,1000.0,-11.371232032775879,0.242,7.666027545928955,0.466,19.037259578704834,0.06754816556993684,30.0-100.0,,-133.91066678126853,0.0,0.0,0.0,1.7016702331602573,0.09165913971619002,0.5257177803961568,0.5751405450825974,0.37039750718585873,0.7653955867030022,0.4955069009998678,0.34056278023866626,0.1609406077483056,1.0238349843836818,1.7872333027410077,0.053720236,2.3167043,,
ds005284,sub-025,6,CZ,1000.0,-18.74332046508789,0.307,10.678803443908691,0.459,29.422123908996582,0.0626068017303312,30.0-100.0,,-100.41871856943354,0.0,0.0,0.0,1.0922653309535235,0.05087637062483642,0.019939628555727677,0.753677423726696,0.22743149384308053,0.5132326600195554,0.4805879603285567,0.3141705228660271,0.11857211925310537,1.0189089847952737,1.8982000384372293,0.045142915,2.2478092,,
ds005284,sub-025,7,CZ,1000.0,-7.711184024810791,0.292,14.811812400817871,0.481,22.522996425628662,0.021508258791300833,30.0-100.0,,-21.357315000795406,0.0,0.0,0.0,1.134042686317116,0.05896412556834641,0.17502694501953783,0.19183068598161843,0.13050406238603743,0.3281657431597893,0.5069224944438051,0.3023965860345031,0.1422640926905914,1.02679964972621,1.7958202751428876,0.044186365,2.8092356,,
ds005284,sub-025,8,CZ,1000.0,-7.452082633972168,0.239,10.91451644897461,0.378,18.366599082946777,0.0915625174372544,30.0-100.0,,42.147612463680716,0.0,0.0,0.0,1.0497918992768973,0.07577189826686115,0.0736521768016027,0.39525950350185235,0.142973238419187,0.728544430673682,0.5073083716343993,0.31413656444625,0.16619390200996173,1.027551735344362,1.7925919209477623,0.05318697,2.435055,,
ds005284,sub-025,9,CZ,1000.0,-19.461721420288086,0.317,1.2075364589691162,0.382,20.669257879257202,0.09181728445342707,30.0-100.0,,-180.38843978281815,0.0,0.0,0.0,1.2688080314546824,0.12656023102272304,0.24585393116671367,0.5219695113472633,0.25056669312367896,0.5431352075752466,0.4973413365565279,0.332572595521942,0.14833488223388022,1.0237200016292785,1.8110084149160748,0.047723856,2.601483,,
ds005284,sub-025,10,CZ,1000.0,-17.714296340942383,0.262,19.504549026489258,0.368,37.21884536743164,0.11823695308719323,30.0-100.0,,-210.07487535054614,0.0,0.0,0.0,0.7198183739092201,0.12627813394456644,0.39255626934086923,0.735074862035632,0.4213594558496943,0.5588540723617609,0.48122647297300636,0.20497847494284055,0.0961870862327802,1.0203852099026987,1.9018939597966007,0.035029378,3.1288753,,
ds005284,sub-025,11,CZ,1000.0,-0.09617424011230469,0.35,7.203291416168213,0.305,7.299465656280518,0.009287376466482304,30.0-100.0,,13.251414388218496,0.0,0.0,0.0,0.8712566050235182,0.05289995696581423,0.08468209793427403,0.548207805162843,0.35077758462188624,0.31050465949040174,0.4873006816870948,0.299304819874079,0.13782484736345402,1.0272499620333704,1.7711285053639816,0.041786876,3.164515,,
ds005284,sub-025,12,CZ,1000.0,-20.970760345458984,0.227,18.49850845336914,0.392,39.469268798828125,0.11502666765202639,30.0-100.0,,-68.86803977528574,0.0,0.0,0.0,1.487774308770895,0.09171166547876017,0.519919418481943,0.8476186620080971,0.3751417331353902,0.66836975904536,0.49550454441493297,0.22748117114685076,0.08434788624420954,1.0202511819182185,1.875909142033427,0.031350043,3.4132717,,
ds005284,sub-025,13,CZ,1000.0,-0.346998929977417,0.215,3.57354736328125,0.3,3.920546293258667,0.05028462770203862,30.0-100.0,,-346.37472039164305,0.0,0.0,0.0,1.0202021803706884,0.06150140054431586,0.15331187464403137,0.4319100605908362,0.3694319930898339,0.09528152738406605,0.4955754741989823,0.3468096755745004,0.14222793984877488,1.0322776547415433,1.8802977563587335,0.050553706,2.3144498,,
ds005284,sub-026,0,CZ,1000.0,-22.795166015625,0.15,7.8563690185546875,0.3,30.651535034179688,0.2244537586000503,30.0-100.0,,-85.24243032100702,0.0,0.0,0.0,2.0493251213338226,0.13422968289332482,0.3261632153130007,0.20100927640385194,0.24318995569126026,0.6241290485333123,0.4835394408640112,0.30028574072360537,0.14399716486346978,1.02437818362969,1.8126942572555427,0.04983876,2.3290322,,
ds005284,sub-026,1,CZ,1000.0,-8.407806396484375,0.251,5.821305751800537,0.33,14.229112148284912,0.18614929892725515,30.0-100.0,,60.13995137927574,0.0,0.0,0.0,1.064735697582364,0.14892650339004426,0.5136510548159311,0.20476683611125626,0.2885120690523009,0.519758972750497,0.5052542143743357,0.3721579593611633,0.24205340499672626,1.0253197688244402,1.8263172979729358,0.06694086,1.9144944,,
ds005284,sub-026,2,CZ,1000.0,-8.501951217651367,0.2,7.954687118530273,0.3,16.45663833618164,0.10774159156289215,30.0-100.0,,-14.043266860278964,0.0,0.0,0.0,1.8439054256305099,0.07620575915978473,0.7086959242133716,0.29661568928241355,0.022956222506537047,0.4528210304524497,0.49108583390130967,0.3255648142409724,0.1806245348277818,1.0256475719206342,1.7677053204828488,0.054501634,2.29351,,
ds005284,sub-026,3,CZ,1000.0,-7.597363471984863,0.186,7.6463775634765625,0.354,15.243741035461426,0.0273854868843032,30.0-100.0,,25.568779525403578,0.0,0.0,0.0,2.0814090385101736,0.18285079135270996,0.6175164478850232,0.38398117994999453,0.4671268124647872,0.6300852795965853,0.5050291587132233,0.37481439881700507,0.2569423983890511,1.0337799258579172,1.7720842592568649,0.07085856,1.9127463,,
ds005284,sub-026,4,CZ,1000.0,-18.215028762817383,0.159,8.93540096282959,0.527,27.150429725646973,0.05751663491931599,30.0-100.0,,32.03050890526886,0.0,0.0,0.0,1.1240440362598747,0.10288122560233368,0.5403697373363502,0.014411672399585327,0.264895161263167,0.19041538097019178,0.49596709782183057,0.3255967141773384,0.13779884529544484,1.022580230304003,1.8063365208813709,0.046968214,2.6493182,,
ds005284,sub-026,5,CZ,1000.0,-11.419306755065918,0.194,6.638155460357666,0.515,18.057462215423584,0.17601210798525196,30.0-100.0,,-286.38987011856085,0.0,0.0,0.0,0.8399997313972563,0.11111833145024258,0.5597786591619609,0.29834027789978396,0.43765539202235987,0.5862760278798387,0.4966878263846461,0.32269491312004817,0.1955694377688155,1.0272001783857507,1.7961124396599997,0.055536944,2.316364,,
ds005284,sub-026,6,CZ,1000.0,-11.71847915649414,0.179,8.313271522521973,0.302,20.031750679016113,0.12265122181318164,30.0-100.0,,-267.39158987374617,0.0,0.0,0.0,2.046561843599193,0.16295078752686645,0.784129799028455,0.16353461818638762,0.3718491067262003,0.41550412017234056,0.4920267224869006,0.3744199493296074,0.21792237897639982,1.0287824163719013,1.7773739644529378,0.068138555,1.7786831,,
ds005284,sub-026,7,CZ,1000.0,-9.915849685668945,0.341,2.622589111328125,0.55,12.53843879699707,0.007330108082183231,30.0-100.0,,70.17816074765663,0.0,0.0,0.0,1.1566060711629689,0.08590567335052882,0.3516893437182138,0.2884061322458392,0.20225179515946293,0.5624491232397921,0.4901892363126306,0.36688513150231916,0.18796274340919428,1.0242401114437354,1.8231950616458317,0.057681743,2.130402,,
ds005284,sub-026,8,CZ,1000.0,-13.468173027038574,0.169,8.323241233825684,0.301,21.791414260864258,0.20051537889472815,30.0-100.0,,7.8540674052861315,0.0,0.0,0.0,0.9491891250945628,0.1876621662357577,0.6476920524982542,0.23925995580030374,0.5294387266720125,0.48251423217965156,0.5099111717811877,0.30669469816261663,0.1645445315407734,1.032465556867354,1.7412971170740554,0.04803126,2.9974053,,
ds005284,sub-026,9,CZ,1000.0,-9.461009979248047,0.205,2.9937057495117188,0.413,12.454715728759766,0.08137727602526502,30.0-100.0,,-1362.611909899065,0.0,0.0,0.0,1.2705820554401726,0.12307892965535312,0.6103006054218725,0.23032445280693853,0.5657668276240447,0.5968645149889633,0.5069904090057757,0.40473135708215713,0.3021282894891541,1.0331042411912363,1.7193658288486466,0.08494572,1.6810446,,
ds005284,sub-026,10,CZ,1000.0,-11.282190322875977,0.15,5.868454456329346,0.55,17.150644779205322,0.09930426802348506,30.0-100.0,,-18.67080403485874,0.0,0.0,0.0,0.9544980712234974,0.0662524555553449,0.29674780810506546,0.26225781108128404,0.14261964234632613,0.561608325293339,0.4845951441767481,0.30761339036191676,0.1838415782430249,1.0216011042896065,1.7936721475538002,0.055013068,2.2956111,,
ds005284,sub-026,11,CZ,1000.0,-21.91094398498535,0.173,3.4170851707458496,0.3,25.3280291557312,0.26555045070302113,30.0-100.0,,-510.8852053079722,0.0,0.0,0.0,0.814276143501047,0.1429239459684235,0.6188103404382417,0.45075494645213426,0.25462797270632925,0.6122154961754075,0.5036637690229651,0.27099081872445235,0.10288244286912636,1.0212673016677063,1.8497063639207836,0.04513953,2.444684,,
