dataset,subject,epoch,vertex_channel,sfreq,n2_amp,n2_lat,p2_amp,p2_lat,n2p2_amp,gamma_power,gamma_band_hz,alpha_erd_pct,beta_erd_pct,psd_delta,psd_theta,psd_alpha,psd_beta,psd_gamma,plv_Fz-Cz,plv_Cz-Pz,plv_C3-C4,perm_entropy,spectral_entropy,sample_entropy,higuchi_fd,dfa,hjorth_mobility,hjorth_complexity,rating,laser_power
ds005291,sub-001,0,Cz,1000.0,-16.153772354125977,0.231,10.163150787353516,0.397,26.316923141479492,0.04003934763743055,30.0-100.0,-362.9137837773127,-163.20420349810905,26.2173113891737,8.662150120497015,2.348545653441638,1.949447791167554,0.08608129125996504,0.3707571856374022,0.38903949571317675,0.40673912079077984,0.49643862101035174,0.2845614188421888,0.11781953906763133,1.0268836302669362,1.8339211391968613,0.042051777,3.0076582,4.0,4.0
ds005291,sub-001,1,Cz,1000.0,-11.806716918945312,0.274,16.014484405517578,0.396,27.82120132446289,0.020255611425782125,30.0-100.0,-572.9346834014034,-117.3771358588138,8.529438956596213,6.337371306467002,2.189461749613484,1.855533231012564,0.09243381412003568,0.5744461998274424,0.5064978666979739,0.5625172395221674,0.48996250302391076,0.25165261923136384,0.12365378261883589,1.0180118854947657,1.9157110193185383,0.041808534,2.4979506,5.0,4.0
ds005291,sub-001,2,Cz,1000.0,-5.737464904785156,0.274,11.980484962463379,0.493,17.717949867248535,0.06394747776690445,30.0-100.0,-547.4608355706681,-191.50141879556094,11.18752959036536,11.3828007574219,1.1324645511053513,1.8453838807074865,0.07550679244551076,0.715557495305988,0.6422283876110605,0.5450913108327059,0.49281850785091275,0.24879692519352156,0.1260486334213581,1.0198893680643506,1.8691445611156245,0.041949518,2.5008738,6.0,4.0
ds005291,sub-001,3,Cz,1000.0,-21.989639282226562,0.15,14.739120483398438,0.309,36.728759765625,0.02393282776569789,30.0-100.0,-247.3735107585686,-36.15990607166273,48.34301490233291,62.44155595887382,1.0255820280174566,5.302414320797951,0.06101328152578961,0.7010836790407615,0.6027030253252592,0.4768964980428649,0.483279201738542,0.22244982498937213,0.0997871463804821,1.0135000238616596,1.9384955423030688,0.037952192,2.3679261,8.0,4.0
ds005291,sub-001,4,Cz,1000.0,-31.353633880615234,0.15,6.1696319580078125,0.3,37.52326583862305,0.08599539050015784,30.0-100.0,-135.2453472974345,-2.8088051595029033,42.60235277317737,76.66013825614498,5.23175515821586,4.883319371019167,0.06894925814514294,0.6524492477590371,0.5512269490555485,0.21643305869826615,0.4781159420670034,0.2125315612871458,0.09731125797534107,1.0118016653379143,1.9070884643907169,0.03960447,2.48584,6.0,4.0
ds005291,sub-001,5,Cz,1000.0,-25.37934684753418,0.16,15.378491401672363,0.382,40.75783824920654,0.06243839549534446,30.0-100.0,-2575.636827783785,-49.03449176297337,38.72288398022921,39.906682237800815,4.041307046596005,2.6119307715127387,0.1280096140977178,0.7060303345025811,0.36473482481575686,0.32990825969405074,0.47671161866401973,0.25475060307389563,0.11223680722775672,1.0171095332360978,1.8682815582920413,0.04155968,2.5521407,8.0,4.0
ds005291,sub-001,6,Cz,1000.0,-12.469460487365723,0.15,8.030046463012695,0.356,20.499506950378418,0.02748424415152301,30.0-100.0,28.758030004472307,-24.711155102436248,30.249126743397092,57.643166392810066,7.261137057356244,6.318244971458973,0.02794732865359291,0.6977922273205475,0.38704187031412757,0.056515762490665304,0.4763429490326503,0.29495304687394386,0.11703181049991132,1.0182548352345564,1.968261113637471,0.045783654,2.0378218,9.0,4.0
ds005291,sub-001,7,Cz,1000.0,-18.931137084960938,0.228,8.336795806884766,0.336,27.267932891845703,0.07453342652676229,30.0-100.0,-387.84253948415966,-25.144308679352495,10.347279539118862,18.287557079048447,0.8465655305144787,2.2527330826872856,0.24523434513829512,0.7925650040531176,0.3275679725363241,0.3709492367229732,0.5003430604320656,0.306922910174611,0.13515191805294263,1.0266711134517026,1.7996979965299047,0.04700351,2.701562,4.0,4.0
ds005291,sub-001,8,Cz,1000.0,-24.932100296020508,0.152,16.437273025512695,0.309,41.3693733215332,0.038468125707973234,30.0-100.0,-705.6756252232767,-286.7092899732501,43.45642580970146,30.88366733936305,14.64518537531947,5.878730501346992,0.09822106725042745,0.5430907596237282,0.5475382138580396,0.18664774422938615,0.47793246459565075,0.2642307953770394,0.08740633929267158,1.012477217414569,1.8899918421644202,0.038729474,2.3250318,6.0,4.0
ds005291,sub-001,9,Cz,1000.0,-6.49660587310791,0.167,8.572208404541016,0.502,15.068814277648926,0.008052553392446385,30.0-100.0,-316.05413922946406,-277.56152364313914,21.89664491405762,13.046980433405835,1.9774265942906968,2.830756941890875,0.032118298926303475,0.40756841825514145,0.49692408028200014,0.3133229003518824,0.4832988329538454,0.287073651090375,0.1331013775673696,1.0178662244623535,1.8819286605921124,0.041616697,2.5667663,3.0,4.0
ds005291,sub-001,10,Cz,1000.0,-7.395936012268066,0.15,17.767717361450195,0.3,25.16365337371826,0.009545290338676932,30.0-100.0,-943.9017756710841,8.749395657144312,27.00294109348716,13.529627754473923,10.517337875281534,1.5593243537514108,0.0524310180719098,0.4645851698662379,0.2567552081888783,0.5703323194368888,0.49743183154143605,0.30349582144917736,0.12086444083955056,1.025132937823324,1.8855401010601984,0.040850535,2.7360265,4.0,4.0
ds005291,sub-001,11,Cz,1000.0,-10.982236862182617,0.233,15.026642799377441,0.463,26.00887966156006,0.046182312936645556,30.0-100.0,76.76697191879893,13.165979514498128,5.891145797204494,11.608616228770469,0.7997452551199249,0.9772549801972277,0.15085693120471197,0.48919161839033554,0.39012205309574044,0.4446173827558258,0.49446273212704367,0.29954904822005923,0.13619957215823444,1.0208397451805655,1.8331262048951387,0.047071673,2.676073,4.0,4.0
ds005291,sub-001,12,Cz,1000.0,-8.490813255310059,0.287,9.915375709533691,0.395,18.40618896484375,0.009862970937578968,30.0-100.0,-532.0103025567757,-176.87709394143567,3.078339764068976,3.5971600260506977,1.419000865087393,0.9431763439460945,0.045850870991559704,0.4908662463523642,0.5263302400809728,0.3815457107541701,0.502554577079323,0.2674732242527575,0.15852381506377136,1.0287210202507528,1.844412855665919,0.048435725,2.3415701,3.0,4.0
ds005291,sub-001,13,Cz,1000.0,-25.051137924194336,0.166,18.376291275024414,0.352,43.42742919921875,0.014686415480238989,30.0-100.0,35.93597907958248,-19.869301875678133,125.07836006325437,31.143956920018333,1.3724772567622003,5.554346425601433,0.07726124342866626,0.42595478240866086,0.6718933719855876,0.19509970270569071,0.4930800245674016,0.2335586711545646,0.06700761526114804,1.0177679490970417,1.9550415789215356,0.028669646,3.56638,9.0,4.0
ds005291,sub-001,14,Cz,1000.0,-14.741290092468262,0.292,8.199469566345215,0.379,22.940759658813477,0.08758874705158685,30.0-100.0,-2231.3413308146232,-19.622041503031696,3.40698627996921,13.590086578132045,1.8869692358404366,1.6078805027903784,0.15009393072590746,0.48957442085373787,0.690693274448133,0.3985314642606961,0.4862357720431906,0.25944739181272763,0.1490808959443479,1.0234119084587698,1.8460511459369997,0.048466563,2.4389012,4.0,4.0
ds005291,sub-001,15,Cz,1000.0,-12.849959373474121,0.281,13.691887855529785,0.385,26.541847229003906,0.06822132342229621,30.0-100.0,-1591.7154416417923,-82.74282026298575,6.359218624932122,6.400393857543131,1.6241529739392588,1.9221790072887506,0.07589616688290068,0.6000340682226409,0.5597925985646865,0.13108793154945372,0.4918649614126273,0.30272272789768506,0.15669586754788484,1.0281111925053357,1.7992332305018608,0.05124452,2.4851348,3.0,4.0
ds005291,sub-001,16,Cz,1000.0,-9.308989524841309,0.347,3.391331434249878,0.55,12.700320959091187,0.10951254243899922,30.0-100.0,54.57817384100198,-17.25585284660311,3.673611152979166,1.861843066527761,0.6823184942365621,1.397219764587617,0.20219599213488013,0.6445984235755604,0.6634603942822322,0.23824180295401773,0.5029166756097403,0.32340799995741115,0.1792065405851831,1.0250136049648892,1.8284532132183084,0.05298544,2.3519166,4.0,4.0
ds005291,sub-001,17,Cz,1000.0,-9.940225601196289,0.272,7.234615325927734,0.36,17.174840927124023,0.010294220655449821,30.0-100.0,-559.3541997319301,-23.97475304921359,5.374258683868306,4.479506899593408,2.7451948174890486,2.566925197277429,0.03213871688700933,0.06203631529343027,0.6306068549282139,0.1730645721531936,0.4985439165411098,0.36323357498214026,0.1880918092939535,1.0298262314946525,1.7683200530546772,0.055029586,2.4880993,4.0,4.0
ds005291,sub-001,18,Cz,1000.0,-6.147622108459473,0.15,8.139740943908691,0.47,14.287363052368164,0.20509217838749583,30.0-100.0,38.03518766230595,16.96084488937904,21.52457009674309,17.492064096025306,2.2659027219215586,1.8285011746543363,0.4167851155374943,0.5528431105468912,0.035305700294169524,0.5775889362137062,0.48105506549692306,0.26813866298782757,0.13288612970337438,1.0185846998330288,1.8915423747505133,0.04418599,2.6667128,5.0,4.0
ds005291,sub-001,19,Cz,1000.0,-3.576303482055664,0.306,5.584261894226074,0.365,9.160565376281738,0.009890576673567547,30.0-100.0,-19.889357365459336,5.21288470538624,5.611803370231264,18.63067740208565,2.0223476083641185,2.2648522376054925,0.0477781098422655,0.7498913546635059,0.20231599659752902,0.39329730429513043,0.49043633143204574,0.3013485567812986,0.16563007447204237,1.0260662387257862,1.8457771956302345,0.05237476,2.1959896,3.0,4.0
ds005291,sub-001,20,Cz,1000.0,-5.327336311340332,0.15,8.563533782958984,0.362,13.890870094299316,0.05386608067842392,30.0-100.0,1.1565964396299981,56.3090793491274,5.543995644487895,6.0136078729745925,0.967373726238289,1.14325561005618,0.06319334933044442,0.23085429460183376,0.5166220693436349,0.48409059524885606,0.49734439383555573,0.3039788163965999,0.15325826468499398,1.0245284964474006,1.880768282408013,0.047076248,2.3926535,4.0,4.0
ds005291,sub-001,21,Cz,1000.0,-13.60411262512207,0.257,10.60159969329834,0.365,24.20571231842041,0.009028635191527903,30.0-100.0,-386.2673282862711,-34.33218795052371,1.8321443080372868,22.304637847544747,1.76051667541034,1.4367444083078056,0.009594069306381492,0.8663701995000651,0.30709574540239143,0.5906481570291695,0.48886552232455005,0.2758152692414687,0.16494044758841583,1.0206074703245818,1.8801947454120227,0.049680904,2.1804595,5.0,4.0
ds005291,sub-001,22,Cz,1000.0,-2.8998074531555176,0.246,7.220717906951904,0.55,10.120525360107422,0.2201926410260114,30.0-100.0,-3287.9587524010985,17.680056103114598,1.0357381037946016,1.7458612924146069,0.8245783834227184,2.01929871046649,0.28903674207154273,0.526051113519795,0.08126719120623546,0.28869707552702145,0.5012278998428232,0.41886598658346147,0.2868180482053513,1.0313102703041153,1.7290956696715916,0.0832624,1.7331799,5.0,4.0
ds005291,sub-001,23,Cz,1000.0,-19.181684494018555,0.169,15.329751014709473,0.345,34.51143550872803,0.023710629456558267,30.0-100.0,-51.63820380235966,-129.49279444807323,21.86863165716749,17.852198402836635,3.615056767183191,3.524405670897016,0.03469954764155013,0.6230637177624464,0.5386943583431261,0.5436481919190926,0.5118059305397153,0.3110529279441145,0.12114478192242688,1.0298550166435532,1.8363612733698729,0.04765113,2.5181913,5.0,4.0
ds005291,sub-001,24,Cz,1000.0,-10.353288650512695,0.211,2.6258034706115723,0.47,12.979092121124268,0.13599233181452972,30.0-100.0,-30.089557546023688,29.149520791867534,3.598693076037408,5.929770467019371,1.1140597316454046,1.3375161618788156,0.3565050627713661,0.2812816427793327,0.22153793822387047,0.05937349604380068,0.5114925383452188,0.3112513232458656,0.17945561048884057,1.036091727676749,1.7951341030072283,0.058743108,2.4439604,4.0,4.0
ds005291,sub-001,25,Cz,1000.0,-11.039897918701172,0.246,1.2854347229003906,0.55,12.325332641601562,0.08842407543497799,30.0-100.0,-11.901044121174404,-4.104359757962199,1.4004701382576692,4.853866671880792,0.8188790903239614,1.4897978696124532,0.10312000437648583,0.671491580486266,0.33948250322754353,0.1630678085383809,0.490523586083982,0.33569166384990656,0.15965980059460982,1.0267883083055223,1.8379057513544943,0.051175833,2.4960139,3.0,4.0
ds005291,sub-001,26,Cz,1000.0,-3.319030284881592,0.35,9.584688186645508,0.439,12.9037184715271,0.09906921364836378,30.0-100.0,-126.9610820713854,-107.65281906878342,4.135053245129516,3.109354819362356,5.162680585693969,2.3089365043432415,0.14973198878824026,0.5257796713189126,0.35700292511718584,0.4519366525543604,0.4952593457649791,0.3741057925845585,0.229031433830595,1.0257561288494894,1.7774730497143783,0.06776182,1.9700387,5.0,4.0
ds005291,sub-001,27,Cz,1000.0,-33.208656311035156,0.157,17.671655654907227,0.331,50.88031196594238,0.02238245579867104,30.0-100.0,-149.92415746822198,-68.00413170269354,91.42425825011054,71.38267923539274,2.8533725177540505,2.5427638657482037,0.10693039216548933,0.5192870653224994,0.4158244401165566,0.5351642579873104,0.5055026018154742,0.18582733162231552,0.07599803833627032,1.0196496583261307,1.9278964753675571,0.03171101,3.1918857,8.0,4.0
ds005291,sub-001,28,Cz,1000.0,-13.257132530212402,0.25,17.85849952697754,0.393,31.11563205718994,0.04482669315817319,30.0-100.0,-127.99308236359852,-237.6362404700819,11.585699731316602,9.961759276712906,1.5977481163037601,2.5664731616218392,0.1197113789376884,0.4952864104503042,0.6807353115409993,0.5481972872753988,0.4911001885983336,0.24098848494512598,0.11589417716026397,1.0250956710487384,1.8798359842257204,0.037089925,3.0214531,7.0,4.0
ds005291,sub-001,29,Cz,1000.0,-17.595544815063477,0.15,13.506268501281738,0.335,31.101813316345215,0.05894853656458948,30.0-100.0,-588.3824776145844,-40.36373021544019,47.05974185109535,51.81412797392274,3.5512575034163767,5.354691367104368,0.04358850257211366,0.6524545319571888,0.5980450542734097,0.5815284435531795,0.49364511694383223,0.2973958400955071,0.11706259449357549,1.023547216194933,1.9293288994577427,0.043334506,2.43642,9.0,4.0
ds005291,sub-002,0,Cz,1000.0,-23.245141983032227,0.206,20.220680236816406,0.38,43.46582221984863,0.016500392198883506,30.0-100.0,-221.81929261653397,-645.4213101084631,24.515658980865986,19.126796828258318,8.578960361014985,13.226625946795899,0.15728381366280483,0.5441636904970784,0.33898114432032744,0.4479133646694408,0.49344373796173446,0.3531031387686393,0.20599071130034874,1.0288444432989066,1.8165292334264511,0.058829784,2.108733,6.0,3.5
ds005291,sub-002,1,Cz,1000.0,-9.322488784790039,0.336,13.662654876708984,0.523,22.985143661499023,0.1480518553189978,30.0-100.0,21.679096150621742,-154.97118663473165,16.899451828426315,24.347116891604813,10.310594302568,6.829087886045564,0.1364917416997139,0.31482252151578954,0.24595962664157334,0.48688555226364183,0.5003269330951389,0.3410974076631725,0.1775591413024118,1.031495218405754,1.7970695555876888,0.05578963,2.277397,10.0,3.5
ds005291,sub-002,2,Cz,1000.0,-23.004987716674805,0.35,19.90146827697754,0.306,42.906455993652344,0.048574423352424165,30.0-100.0,22.803818021422455,-36.15020290339443,17.212128401067226,39.37549781587624,5.896703119944785,16.791806766116256,0.09019445918664412,0.7887357851943458,0.1845292773551176,0.18101386873653474,0.4822203071401637,0.3368276842198974,0.1920567547720287,1.01829048203183,1.8235004778944182,0.06017204,1.8002477,6.0,3.5
ds005291,sub-002,3,Cz,1000.0,-26.002471923828125,0.15,14.979903221130371,0.499,40.982375144958496,0.06845798966695817,30.0-100.0,-22807.99781028132,40.03471047968568,9.154248846225547,15.266934457285686,24.869770109322708,9.895024376690852,0.17378769672424224,0.5727819085406504,0.2846284224490804,0.1977038059967058,0.5075042351926209,0.3771938306517235,0.2489322901664833,1.0286905238602033,1.786990266572339,0.075110294,1.7063471,10.0,3.5
ds005291,sub-002,4,Cz,1000.0,-11.341541290283203,0.15,21.24644660949707,0.316,32.58798789978027,0.17020235756646535,30.0-100.0,36.90136137977152,-21.567503461382,61.566665090546095,23.20856894557669,20.627004854157803,31.154132081189516,0.3556345719593996,0.6550647259380261,0.31303922369482573,0.14731148330345528,0.48394121002223,0.37556944803185827,0.18113030276229136,1.0197030072228577,1.8178665026021243,0.058520705,1.8589424,10.0,3.5
ds005291,sub-002,5,Cz,1000.0,-15.866857528686523,0.172,33.20819854736328,0.312,49.075056076049805,0.029819175371013532,30.0-100.0,-152.0341567123108,-43.79342815793335,38.052729311317506,36.62220063669965,14.541482290337804,6.565144696954088,0.069734019910976,0.8281705541228885,0.16188816985010507,0.33691861243541005,0.4872308415750627,0.28994302314438203,0.13332213652917532,1.0199548267169076,1.8473746059298504,0.048470795,2.3758278,10.0,3.5
ds005291,sub-002,6,Cz,1000.0,-18.48917579650879,0.16,25.94709587097168,0.3,44.43627166748047,0.18600911285889665,30.0-100.0,-3649.1911878305223,-209.30064819373038,17.160265347801488,12.815362473042239,26.38321632021142,6.912653031578073,0.2530686302682556,0.6523001528706899,0.5050900485066204,0.18442062920725238,0.4961512131388341,0.35356187498794983,0.18555234812000537,1.0226796210146705,1.8586148119172705,0.060374696,1.9103291,5.0,3.5
ds005291,sub-002,7,Cz,1000.0,-13.032989501953125,0.15,10.064376831054688,0.431,23.097366333007812,0.05442282739558556,30.0-100.0,32.166594633340104,-19.16410267204764,4.580558867883206,28.223900366305774,9.137287917862194,12.68205413394313,0.2800030409180788,0.6769069955858402,0.07551094255582359,0.6317055368630515,0.4909743323687167,0.3596627981274673,0.2580777148558348,1.02290098998095,1.817323445825668,0.07120113,1.5808201,8.0,3.5
ds005291,sub-002,8,Cz,1000.0,-7.644903659820557,0.151,19.469806671142578,0.339,27.114710330963135,0.7142666478849438,30.0-100.0,9.900492245685088,-61.541427614915214,19.170149317327535,3.081007419230539,5.315217273216795,5.767788370031364,1.2272436632881707,0.1789244837425922,0.3429848127441712,0.18314212050746034,0.5007614388939922,0.3694060154876791,0.20655403325800664,1.0322654928631951,1.7769202998761253,0.059283394,2.3918936,10.0,3.5
ds005291,sub-002,9,Cz,1000.0,-18.579233169555664,0.151,11.362608909606934,0.332,29.941842079162598,0.20681300543643008,30.0-100.0,58.788201414868524,-7.838538320704995,13.952687101544074,24.734365291785977,4.6448911996051825,17.76900202796674,0.494941458659637,0.7279259898649363,0.05925035752128159,0.17230731019653564,0.5007874000141476,0.39143747827839936,0.28848517300432786,1.0320938620357385,1.7916875415215594,0.07926097,1.6969844,10.0,3.5
ds005291,sub-002,10,Cz,1000.0,-20.119508743286133,0.234,6.631424903869629,0.484,26.75093364715576,0.03629920749122138,30.0-100.0,-575.0403462837845,-97.81232832708713,35.43244403157461,33.701159977886434,7.569168966168438,11.621862840110001,0.08183078288104063,0.6359857738130461,0.3687454147518467,0.4559648433867251,0.4950185303665983,0.35308041296078024,0.1865500872477654,1.0275220552986917,1.7417655211282452,0.05376751,2.3453195,10.0,3.5
ds005291,sub-002,11,Cz,1000.0,-14.907251358032227,0.201,15.505517959594727,0.5,30.412769317626953,0.05051348957022626,30.0-100.0,8.853401072028408,50.5269615995015,5.745648014690978,27.944623563980286,4.056269532435477,6.965599267781774,0.21333424617568522,0.6408639371243424,0.4116164341543202,0.27014488502955386,0.5088463313313528,0.3677437054437913,0.28473188308858627,1.0326027477666686,1.7603415940664238,0.07203055,1.8850443,7.0,3.5
ds005291,sub-002,12,Cz,1000.0,-18.512157440185547,0.265,11.77498722076416,0.477,30.287144660949707,0.3289070985460439,30.0-100.0,77.5886411592031,-82.82425266029452,9.510338240273123,28.273435332269692,2.79297895489734,30.73619464856802,0.30831864337999537,0.7753504978624197,0.42794245272383064,0.18769033149310316,0.49760475070874494,0.38376439000766716,0.28049420085595533,1.0281025317250312,1.7554802427787315,0.07646419,1.6954862,4.0,3.5
ds005291,sub-002,13,Cz,1000.0,-6.706220626831055,0.273,15.178252220153809,0.417,21.884472846984863,0.25511127519657795,30.0-100.0,12.903847753376605,31.585361252146242,5.5150291102046305,3.9748821353806494,5.676466272885472,8.51985871312224,0.6070713378197877,0.2439791159881275,0.5889377674623967,0.3088172736804734,0.502558908350311,0.40025743136160247,0.2685784673746336,1.0343630038064027,1.755648880276912,0.07750406,1.6080312,6.0,3.5
ds005291,sub-002,14,Cz,1000.0,-13.314538955688477,0.17,21.044260025024414,0.499,34.35879898071289,0.02119303656076198,30.0-100.0,41.30756908211333,-418.7622755863919,21.609342323159268,48.20770111253337,8.781495157807036,15.040372617203701,0.0224931654619509,0.6580982119359364,0.5814914100786834,0.3715415939608595,0.48099290533210826,0.3345750342042987,0.19339439978114173,1.021933137145002,1.8230707660802588,0.05430021,2.1721003,5.0,3.5
ds005291,sub-002,15,Cz,1000.0,-15.20588207244873,0.296,12.315245628356934,0.398,27.521127700805664,0.2830819985971117,30.0-100.0,1.2426271372404263,8.002665316496012,8.000681720483845,11.762678821661098,1.488382953914765,7.6217980648119115,0.6278220212734313,0.5529746108450588,0.12954086296535228,0.07096740760585368,0.5019826435053628,0.3469078749649308,0.2573505097488609,1.0270500747932783,1.7759783884156903,0.07046558,1.8764299,3.0,3.5
ds005291,sub-002,16,Cz,1000.0,-14.330231666564941,0.337,15.246257781982422,0.454,29.576489448547363,0.04668226346215166,30.0-100.0,-298.8233726300341,-55.503949348683335,28.99268464692822,30.407119141302413,9.897677535883728,2.37319516131735,0.3404479012611091,0.3456613467934639,0.6362376893184353,0.11556343532896263,0.4799205623632759,0.33119072968082053,0.1733483427149857,1.025381301393574,1.777623551151344,0.054092385,2.3440154,10.0,3.5
ds005291,sub-002,17,Cz,1000.0,-24.784563064575195,0.165,16.931713104248047,0.494,41.71627616882324,0.18028885082301405,30.0-100.0,-10600.811353630215,36.63176373377574,39.40024889269626,62.405839215108195,25.710437723852028,21.361178235790707,0.3391369924925162,0.6639916878720474,0.21926089324780335,0.42082043045071793,0.4944304465795025,0.3367608779145436,0.19153656577485992,1.0204027308119337,1.845760801430437,0.061170448,1.8757333,8.0,3.5
ds005291,sub-002,18,Cz,1000.0,-14.332880973815918,0.213,13.2529296875,0.335,27.585810661315918,0.3907406137235678,30.0-100.0,70.8402713329182,-44.54214186088375,16.173727372113394,47.13929585955383,29.416845323772197,11.576666344746899,0.25355466446385694,0.38824033568774496,0.5513421035968585,0.17242532834228796,0.4911724681579402,0.3349387939128541,0.24214005200486485,1.0219623847801376,1.8129543862027997,0.06575842,1.8167244,6.0,3.5
ds005291,sub-002,19,Cz,1000.0,-16.038713455200195,0.234,22.13128089904785,0.35,38.16999435424805,0.0054879568525374334,30.0-100.0,82.13293725534646,52.72289707249139,14.97061218193977,27.099416734905002,20.33648877244414,9.200001662632204,0.05489507355021175,0.8804248497790966,0.24779847908144445,0.19431950931540728,0.480625483484298,0.3162482263616779,0.18898499980935848,1.013228518806981,1.89487455355349,0.05250255,1.936481,2.0,3.5
ds005291,sub-002,20,Cz,1000.0,-7.628285884857178,0.34,0.5337650775909424,0.317,8.16205096244812,0.05815379822663758,30.0-100.0,72.02293470099889,25.915155963136353,9.688704974378783,14.585698219832778,1.5542519244713737,4.304869400211233,0.10216498824620204,0.6559649530166013,0.26330675515148816,0.5494175781919924,0.49127582400300757,0.3512641102409344,0.20966027570050805,1.025432732740672,1.736516105415978,0.06673597,1.9767678,8.0,3.5
ds005291,sub-002,21,Cz,1000.0,-10.893688201904297,0.15,8.447965621948242,0.517,19.34165382385254,0.22558814269296112,30.0-100.0,54.989657075958206,17.33433545360511,20.717011175462595,13.97690603656324,10.95434404769034,7.230382474691302,0.3943737970770174,0.5180800282564492,0.04635442536423812,0.2089040091262319,0.5121146389421312,0.3751739401106537,0.2468643693257784,1.0283489104767491,1.7217061506231495,0.06604719,1.998672,10.0,3.5
ds005291,sub-002,22,Cz,1000.0,-16.443666458129883,0.168,23.029088973999023,0.312,39.472755432128906,0.1558003851343224,30.0-100.0,-412.7793350553912,71.70909481782037,32.137867613188035,24.7301393820099,10.03629491808147,7.868739932395112,0.301960295900982,0.7763727565779142,0.04405501689843845,0.2430615172185221,0.4874787312095856,0.31420855093751643,0.17496771582772358,1.0217329076097876,1.8267046118079446,0.050580233,2.2662792,4.0,3.5
ds005291,sub-002,23,Cz,1000.0,-0.8613529205322266,0.254,8.97691535949707,0.3,9.838268280029297,0.029800974615205436,30.0-100.0,-106.43984251937152,-220.47660932733356,58.17818932739664,37.80543658630167,6.257043826857892,24.141544126776292,0.11910360404600777,0.48203557353885,0.4958796211731861,0.6046269861810659,0.48523349106765057,0.35999106718652757,0.1746536186413167,1.0217530414282012,1.7526157965580378,0.057932515,1.9701321,10.0,3.5
ds005291,sub-002,24,Cz,1000.0,-7.664621829986572,0.163,15.958221435546875,0.3,23.622843265533447,0.043090685094691335,30.0-100.0,-199.1582217697687,-46.25852328880018,15.362630012165031,21.900704645290222,1.584581675196064,4.454279833211751,0.14909971134222452,0.808324439907761,0.42188860005868,0.2145657211997069,0.4877100954123324,0.28539601087880495,0.1721192590457123,1.0229487953559262,1.8151490126805025,0.04857945,2.5117242,5.0,3.5
ds005291,sub-002,25,Cz,1000.0,-39.14397048950195,0.198,6.982708930969238,0.374,46.12667942047119,0.08828377849911968,30.0-100.0,-1067.467952215161,-5.75772833023575,46.20679078435528,54.04007051152473,27.448237471522297,11.145843091636864,0.13517362496839724,0.6827302066439394,0.4441433284805541,0.1629746850881199,0.471173302182467,0.31881330132380054,0.18147810340499457,1.018126858802061,1.8489832203679646,0.053858977,1.9513941,9.0,3.5
ds005291,sub-002,26,Cz,1000.0,-21.28832244873047,0.172,10.935258865356445,0.3,32.223581314086914,0.12138221367708528,30.0-100.0,96.79368792601811,-5.498672263072401,10.903930558216294,55.30946977130581,0.8687655318458123,5.753864723357985,0.14331483016016713,0.5362113553956057,0.4751113394368893,0.22383105629929118,0.4946894740547792,0.2897344688836183,0.18867628782327975,1.0253599708750185,1.7992888024635758,0.05466541,2.2678099,7.0,3.5
ds005291,sub-002,27,Cz,1000.0,-10.625761985778809,0.192,23.54659080505371,0.308,34.17235279083252,0.09825583450828988,30.0-100.0,77.48533630547023,-39.422260873662374,5.208388020539786,7.990105038345455,16.10079272076504,14.221875313318,0.17354940947141304,0.6192473958794749,0.20490045693418277,0.08903777318546632,0.48109160729296613,0.3482738097529585,0.2594465886981192,1.021802854196208,1.8105814837271799,0.073621474,1.5350151,5.0,3.5
ds005291,sub-002,28,Cz,1000.0,-12.26476001739502,0.342,8.768925666809082,0.55,21.0336856842041,0.3434006355201166,30.0-100.0,-125.5515420168412,-496.3428074640488,5.341626033931144,1.9389775299470244,6.312499829587608,10.367116503227296,0.6022525906604597,0.6539318824210946,0.40927569340526104,0.42649129014732223,0.486729721668658,0.3972897472447338,0.26944850479322585,1.0273578945318311,1.8204751339050873,0.07159726,1.7800684,4.0,3.5
ds005291,sub-003,0,Cz,1000.0,-9.313714981079102,0.15,10.47383975982666,0.3,19.78755474090576,0.11237454330153412,30.0-100.0,-181.3950200006603,-71.28184984005026,31.282653554562856,11.262195885644504,4.589276096797015,1.5819095629169193,0.21390448921547234,0.4153423046939058,0.8667116423000303,0.4049620988173118,0.49548047383060945,0.26855644819126717,0.10634803072714395,1.0216349611088975,1.8733711234227255,0.040945616,2.9651294,6.0,4.5
ds005291,sub-003,1,Cz,1000.0,-16.821657180786133,0.15,17.834049224853516,0.301,34.65570640563965,0.014670365368187464,30.0-100.0,-892.7363437434805,-276.32833328586366,91.01980719529298,19.363897357479186,4.419462794601321,2.8792066203965723,0.023933951791307955,0.49474126348379377,0.27526972584640247,0.31990162536641265,0.4904145326219231,0.2552441071170848,0.06527351351225334,1.0198637776664203,1.8956270205957728,0.030881757,3.4023468,4.0,4.5
ds005291,sub-003,2,Cz,1000.0,1.0403985977172852,0.15,11.752618789672852,0.3,10.712220191955566,0.003968991810013733,30.0-100.0,-73.1124964765639,56.90731672472991,55.980229351285026,32.74553756205805,5.260668107857317,1.1664948593639044,0.029203902395748094,0.6937619102316376,0.18908142935164748,0.2708643349813097,0.480505422418467,0.2721931571765158,0.10059592337989319,1.024752834670919,1.8233111140195932,0.036178026,2.865394,5.0,4.5
ds005291,sub-003,3,Cz,1000.0,-17.80150604248047,0.15,9.290138244628906,0.311,27.091644287109375,0.06613006841688471,30.0-100.0,-86656.29807732468,-65.8195332182217,90.67306772585582,40.39675652253113,6.993271005272732,3.040256944136667,0.1550919558410004,0.5406990443017473,0.667926611579721,0.20732719657410695,0.4775478560078893,0.2472493249391382,0.09368884685174639,1.0172933659628691,1.9066900251915908,0.034583285,2.8947005,5.0,4.5
ds005291,sub-003,4,Cz,1000.0,-7.156808853149414,0.151,14.721704483032227,0.3,21.87851333618164,0.028906546367506232,30.0-100.0,-1150.941663695456,-45.64138491224167,67.79306604383258,14.79612312359233,8.563207336324167,2.4306883107246486,0.06431298643463758,0.6185518395317392,0.3411746038059705,0.23336153220761482,0.5027888370176253,0.2868165242104142,0.08697308731290487,1.0263889890515936,1.8216751873752828,0.036637273,3.0608685,6.0,4.5
ds005291,sub-003,5,Cz,1000.0,-4.158012390136719,0.157,22.453472137451172,0.3,26.61148452758789,0.014268545109148942,30.0-100.0,-6661.64832373048,-898.2250601255938,70.65334806960907,38.245730341870036,5.358211075955302,6.862712054710821,0.08427629027203523,0.5616383922170621,0.41642360629710123,0.23981905389676259,0.4958758568464988,0.28745055100922234,0.077655400358723,1.0168477988070264,1.9121016130219062,0.03552757,2.6868086,6.0,4.5
ds005291,sub-003,6,Cz,1000.0,-11.469606399536133,0.15,15.282788276672363,0.3,26.752394676208496,0.0794974957367268,30.0-100.0,-426.1637590318227,-609.2568343237224,103.01896919817824,20.308989663499837,2.3342819344851855,0.8987456572538743,0.2272637351032783,0.42498453442610085,0.21995272104209737,0.463655218203732,0.49283355045358057,0.2600867284475566,0.06151808995619104,1.0216947865331716,1.8658660508937284,0.028128637,3.9308438,7.0,4.5
ds005291,sub-003,7,Cz,1000.0,-11.150747299194336,0.158,13.09223461151123,0.305,24.242981910705566,0.04240488083995868,30.0-100.0,-905.786527179446,-271.56014856682265,30.25085838732788,8.413687265673435,3.537725413282225,3.1154606177096364,0.08485997129620235,0.37281857837217924,0.3181952680991528,0.3296568008000671,0.48589939265338333,0.30653141022159597,0.1333760391584356,1.0218376826738529,1.8439464207462817,0.04339928,2.750994,6.0,4.5
ds005291,sub-003,8,Cz,1000.0,-18.01229476928711,0.15,16.257274627685547,0.3,34.269569396972656,0.10505219960468185,30.0-100.0,-215.81942829244994,-47.20488127463632,91.31917837060384,17.039057152649672,1.6371352757253868,1.6962717810271517,0.08644025356571794,0.46397691145269054,0.42039483846156656,0.5965861658774255,0.4972419690074408,0.20446595128724526,0.07547075813080444,1.017211741933273,1.9064078540633511,0.028911471,3.793011,6.0,4.5
ds005291,sub-003,9,Cz,1000.0,-9.680639266967773,0.173,9.879859924316406,0.3,19.56049919128418,0.011337814290737972,30.0-100.0,26.857221580557976,-46.58750202686869,63.85304051948572,13.416254295493074,5.599963810547077,4.280015230840372,0.011804254682411221,0.5658387664078603,0.20816169117294583,0.2618813566588598,0.5026830167087724,0.2769018777287122,0.10624800366613356,1.024064781551826,1.8055971580700962,0.03806067,3.0862205,7.0,4.5
ds005291,sub-003,10,Cz,1000.0,-17.45085334777832,0.15,7.607022762298584,0.312,25.057876110076904,0.01533362276400794,30.0-100.0,-462.8744583595679,-474.7659809559186,70.70385576220649,16.956581788904526,4.066848066882473,1.7118793214515233,0.0625342042975825,0.43801976390583863,0.3868417180658665,0.16994036400521995,0.4951338407909587,0.26200822686373404,0.05092807281520644,1.0188635835359094,1.9430145707280388,0.028471006,3.475332,4.0,4.5
ds005291,sub-003,11,Cz,1000.0,-15.565183639526367,0.15,16.520702362060547,0.308,32.085886001586914,0.020644124225661576,30.0-100.0,-483.2807388140752,-61.99388493272794,91.0307559268456,22.07971227817345,1.0512858364611168,1.2164226889229905,0.06688389054256873,0.35417837096673926,0.5096348448438593,0.2505633866555792,0.4960677038074184,0.22631405227654938,0.07212851156515009,1.023551636468624,1.9051416089300008,0.029322809,3.7135282,5.0,4.5
ds005291,sub-003,12,Cz,1000.0,-19.995189666748047,0.161,12.001412391662598,0.313,31.996602058410645,0.027574375096637873,30.0-100.0,-600.8377932009713,-255.03871487432178,64.5032939847381,3.0681664882833504,5.843585458368094,2.155135474586394,0.0830365511364175,0.7335983722789495,0.5161152205220793,0.02196380625795454,0.500498895873842,0.3050970342501883,0.10752964199081223,1.0288819509211415,1.781131531783539,0.0370164,3.4058492,3.0,4.5
ds005291,sub-003,13,Cz,1000.0,-23.020374298095703,0.155,7.361830711364746,0.305,30.38220500946045,0.05267353525066365,30.0-100.0,-2202.0204350051145,-78.60891513311039,68.1638961097641,34.644004639721864,5.033651943609,2.5532641486842578,0.10112906192925539,0.5208098741644196,0.45815413159527835,0.1841484865809572,0.49289996870890634,0.25523823658466954,0.08654836744360417,1.0257654287977016,1.8763617871160636,0.034800537,2.9982684,4.0,4.5
ds005291,sub-003,14,Cz,1000.0,-9.664920806884766,0.15,13.43844223022461,0.309,23.103363037109375,0.0018139847225445644,30.0-100.0,-248436.47262088762,-95.98195156760812,50.47450769490063,10.804013062793592,0.7465275027246503,2.189451925245658,0.012989583709401608,0.3600409866088138,0.27889544534640853,0.24772653598343866,0.4768736484403121,0.25526842442934383,0.08439211907255584,1.0123927750006378,1.9189399494074164,0.03208576,2.9341798,5.0,4.5
ds005291,sub-003,15,Cz,1000.0,-16.263410568237305,0.154,17.031152725219727,0.3,33.29456329345703,0.0544360858629353,30.0-100.0,-650.9397909807601,-129.29367215044746,43.29043884785405,21.021998550465845,0.30800041129665817,0.9685866294385292,0.14502660608826404,0.7484082977628176,0.6323605223705904,0.1761446608683087,0.49844129801015746,0.19227448689234353,0.08539868039201899,1.026540319378128,1.858872815920014,0.033531964,3.7406127,2.0,4.5
ds005291,sub-003,16,Cz,1000.0,-19.585037231445312,0.15,9.2993745803833,0.305,28.884411811828613,0.005098389525685222,30.0-100.0,73.24036022392748,-29.301901973049006,41.02497757076556,13.789703790408527,3.030233854194326,2.279241172416957,0.045924021635271976,0.4859772058637309,0.5557344591291041,0.30948212171821676,0.5002822344426772,0.23506186127704948,0.1272654661857122,1.028456283518547,1.8862030765676745,0.040676884,2.9486737,5.0,4.5
ds005291,sub-003,17,Cz,1000.0,-9.148860931396484,0.15,12.377230644226074,0.301,21.52609157562256,0.01274620823266937,30.0-100.0,40.017533439950896,-61.26932731859902,39.44539335803371,26.285259890371105,1.5773581016341536,1.8308306139760486,0.09635215093842688,0.6711396313474233,0.38941101935281613,0.4269777115974171,0.4934478911775758,0.24140675258379496,0.10999731905373025,1.0202165257924893,1.8921146113872225,0.036860555,3.1003458,5.0,4.5
ds005291,sub-003,18,Cz,1000.0,-21.78684425354004,0.15,10.02026081085205,0.335,31.80710506439209,0.02286810524717511,30.0-100.0,-722.5080328783408,-517.3380078327718,51.67831776541689,10.089540322798072,1.058571181207333,2.3958136644896606,0.02498789457830078,0.49613061963700483,0.2222368220893594,0.0998039949405889,0.4945873544668796,0.26013754773975417,0.10395834242319277,1.0227314365156175,1.8796233989742148,0.036159802,3.349425,4.0,4.5
ds005291,sub-003,19,Cz,1000.0,-11.34896469116211,0.165,8.376648902893066,0.3,19.725613594055176,0.07913138737515675,30.0-100.0,89.00973610949092,-25.33903262100172,70.62929769467303,14.41793959095793,2.3033049342105705,2.019366277350768,0.09607953159999737,0.3067543891064597,0.5667843454186259,0.03961430952859917,0.48002726087956216,0.24985857862660238,0.08267401765100124,1.0217339096979565,1.8877398028343044,0.029849213,3.6086593,4.0,4.5
ds005291,sub-003,20,Cz,1000.0,-19.930261611938477,0.15,13.814253807067871,0.303,33.74451541900635,0.0965210787882996,30.0-100.0,-3229.1304507504437,-1343.135447576723,53.54849744451694,19.50582679977163,3.285082542935963,2.4814984733269827,0.2244705918438471,0.4878257034318153,0.4920041244910285,0.25542496011459115,0.5104824233147848,0.23603437186960788,0.06688614506262353,1.0268627764262288,1.9316005612844835,0.032560267,3.4373116,5.0,4.5
ds005291,sub-003,21,Cz,1000.0,-12.92951774597168,0.15,9.325922966003418,0.394,22.255440711975098,0.008767496813040837,30.0-100.0,-9553.120020809358,-141.67323484412137,13.94484971921796,3.86490640576751,4.744576957990537,2.5140717708310327,0.029629745108279502,0.44864027016017366,0.37550069294942445,0.1305179117754686,0.48760443576875573,0.3347920337108159,0.18836441467453183,1.0300967944700576,1.7892880070255281,0.05794716,2.1526215,2.0,4.5
ds005291,sub-003,22,Cz,1000.0,-15.098973274230957,0.163,9.004227638244629,0.31,24.103200912475586,0.05219706886493616,30.0-100.0,-422.5318054530339,-724.0173956824593,26.027883726537027,18.987291528699664,3.782085751852103,1.8533365635592054,0.08238965152183729,0.37083222927552695,0.19606489528522691,0.319805951248831,0.48983268191429985,0.24812557915607752,0.12636574171113768,1.0276555339349631,1.891085833538508,0.0436535,2.633491,5.0,4.5
ds005291,sub-003,23,Cz,1000.0,-15.449407577514648,0.15,14.68047046661377,0.306,30.129878044128418,0.03931397928758957,30.0-100.0,-3655.2339631832892,-412.52752669922285,64.54781289899786,12.601542816839524,2.6040161224898686,3.875834823944725,0.03698862943083489,0.4701229989601012,0.2625155470063733,0.12808143165279046,0.48346209194003226,0.25866338537874506,0.0774694846460399,1.022358194388086,1.8800275527513237,0.03289406,3.1537068,6.0,4.5
ds005291,sub-003,24,Cz,1000.0,-17.987102508544922,0.15,7.930981159210205,0.318,25.918083667755127,0.05560517803332542,30.0-100.0,68.16463232924859,-4.51056351488575,63.89590611600717,28.712180557843716,2.1884785706671446,3.104327691018118,0.1388938244463527,0.780255913800106,0.5771560962254332,0.3567510544019154,0.49120310909740594,0.2620618333222671,0.1058668238077757,1.021507535040004,1.8510536805034212,0.038044106,2.8555205,8.0,4.5
ds005291,sub-003,25,Cz,1000.0,-14.207279205322266,0.15,22.01313018798828,0.3,36.22040939331055,0.029846192193789516,30.0-100.0,76.25817190255411,-572.7828624149433,118.19156981202526,17.843327167693044,2.905298020281352,1.2598579892109285,0.025012126512858102,0.2705494954631685,0.4707328115477946,0.3786915586992546,0.48861315532785476,0.21358737404326789,0.07724191702619436,1.0230577955988376,1.8602533309069695,0.028675968,3.6636999,8.0,4.5
ds005291,sub-003,26,Cz,1000.0,-11.801042556762695,0.15,9.144967079162598,0.323,20.946009635925293,0.041714846231136214,30.0-100.0,-97.44072725396184,-17.08240170536977,34.81905891680955,24.984046436441062,0.6324389699296599,2.1509463099305917,0.049056567534168226,0.5767822443608024,0.3284172260933146,0.30283149035714724,0.500367588889827,0.24631553437397513,0.1186470194757084,1.0278159320765583,1.8634146252297459,0.040619463,3.1593208,8.0,4.5
ds005291,sub-003,27,Cz,1000.0,-13.858531951904297,0.15,11.881742477416992,0.321,25.74027442932129,0.013200173561567885,30.0-100.0,-481.9947022300408,-94.67283201932133,73.58243648008289,12.694910152109298,2.000476011425487,1.1825372778152126,0.040385752033548925,0.5732917779113091,0.10495383555949479,0.3868850286218335,0.4890305340568239,0.2567938632976951,0.08253100873347778,1.0223271271197882,1.840055805008033,0.03067717,3.9160726,5.0,4.5
ds005291,sub-003,28,Cz,1000.0,-11.382242202758789,0.158,16.565879821777344,0.3,27.948122024536133,0.020173931048360988,30.0-100.0,-272.13136795272226,-670.7650387567651,87.06312782888804,17.890307270858713,1.755103816202821,3.7600476166582797,0.04106934204415288,0.5218899338500247,0.27603268896892735,0.13096745781261898,0.49807783197755273,0.2550303036195766,0.08531837159813713,1.023036698398771,1.8788518388031008,0.031644408,3.4173095,7.0,4.5
ds005291,sub-004,0,Cz,1000.0,-23.90530776977539,0.15,16.96322250366211,0.3,40.8685302734375,0.03198467437555782,30.0-100.0,-133.58896336252948,-14.765320375707594,93.94294493206333,30.883966884126146,3.759677613879679,1.8014514655470186,0.04502782956856339,0.8294999118962142,0.6587962514760106,0.5067554292943639,0.486273917651282,0.182433768721735,0.07066453233201359,1.0146109434919768,1.9393922292070511,0.028822953,3.3307776,4.0,4.25
ds005291,sub-004,1,Cz,1000.0,-19.94614601135254,0.154,25.27911376953125,0.3,45.22525978088379,0.23165314630872472,30.0-100.0,80.41353218567437,34.8904171360694,54.430947848879924,26.929593906550775,6.834160077585102,1.719056308728443,0.3281753269052732,0.6995864352224006,0.4783976696063811,0.42990482833825877,0.47902559621476953,0.24278309964557285,0.09540728536508176,1.0169118919873565,1.896645016616699,0.035677887,3.0029612,6.0,4.25
ds005291,sub-004,2,Cz,1000.0,-15.295892715454102,0.15,14.667537689208984,0.3,29.963430404663086,0.009249135265135029,30.0-100.0,60.712327173027646,-68.26331483234341,57.64372737770207,37.73214973170273,6.1001383371808275,1.887269921757934,0.024398004165604514,0.6829094841655856,0.553231578610018,0.08646947921791469,0.4797718127329113,0.243975857099634,0.09590516815952468,1.0193821467070079,1.9112719271926761,0.034639336,3.1332166,7.0,4.25
ds005291,sub-004,3,Cz,1000.0,-2.06950044631958,0.15,17.136207580566406,0.3,19.205708026885986,0.07609566823031721,30.0-100.0,-374.08459530049123,-102.00034050329481,27.600875837556792,17.582218602018536,1.7182811284303399,3.227226866138365,0.1082574063844727,0.7303103992631481,0.47340757419060553,0.4035011214942743,0.4866522839387508,0.2820679211934067,0.10793375819782426,1.0217338838801506,1.8919974521782805,0.0385694,3.0010538,7.0,4.25
ds005291,sub-004,4,Cz,1000.0,-18.54857635498047,0.164,13.06341552734375,0.387,31.61199188232422,0.004360865650329054,30.0-100.0,-1730.2745034484797,65.76974414099462,28.42492348081396,47.647739753342094,1.8059899089868268,1.6241380951308402,0.05108238940550992,0.6895594224356018,0.5142017516443222,0.46472060780637603,0.48541822305741184,0.22194501662192206,0.11074773838768333,1.0163768974077338,1.8773078778557846,0.037725303,2.6004117,6.0,4.25
ds005291,sub-004,5,Cz,1000.0,-33.78349304199219,0.151,14.324686050415039,0.497,48.10817909240723,0.12508018016644723,30.0-100.0,58.632503777519865,-5.89492874685344,102.25712631174778,16.161825627783166,4.106640286503833,0.9622573097971383,0.18385356206199693,0.30006367427427455,0.569891312886424,0.03431963430080151,0.4859169031508754,0.21155993505389187,0.06918467452325841,1.0219787541168563,1.8962780277445994,0.025734445,4.34062,8.0,4.25
ds005291,sub-004,6,Cz,1000.0,-13.795292854309082,0.15,33.88255310058594,0.314,47.67784595489502,0.10550369577723033,30.0-100.0,-4571.166480540033,-468.94101570765304,167.02806512999877,25.889526329082866,6.911940368245895,2.916365741988794,0.1268826410079978,0.5678708682855804,0.4852286748857022,0.468377358095384,0.49063783875846667,0.2354579242260045,0.060856035848063886,1.0206351437176278,1.9401514491570677,0.024831558,4.3936095,9.0,4.25
ds005291,sub-004,7,Cz,1000.0,-0.6909637451171875,0.312,9.393948554992676,0.513,10.084912300109863,0.2553724551206631,30.0-100.0,-20.125752754409447,-747.3865796768598,20.17904095326888,26.57109809900891,2.4058077232157613,3.268987849999744,0.46934777766554076,0.7387398826918373,0.4124612969333886,0.2547536716061685,0.4980590580988173,0.3026249257660459,0.14330616966921722,1.0251258219859263,1.8744758430585373,0.04695407,2.7419991,4.0,4.25
ds005291,sub-004,8,Cz,1000.0,-13.420743942260742,0.15,25.36891746520996,0.3,38.7896614074707,0.003534878602422395,30.0-100.0,-222.12960888832066,-1135.6160352626807,87.30521080364264,57.20434072411946,10.265053707804453,3.235140193117313,0.019260622782640978,0.8667399062412426,0.31514119609355473,0.6625047894145103,0.48076139866865997,0.24251379268910228,0.07238448753145225,1.0128862951240725,1.9676289595159904,0.03126681,2.7288556,7.0,4.25
ds005291,sub-004,9,Cz,1000.0,-23.17128562927246,0.15,15.142230987548828,0.321,38.31351661682129,0.0039041427584587444,30.0-100.0,38.38187865998399,-519.9146329200418,47.08592608554514,25.663528273028884,6.155439936757485,3.479045767184103,0.07736455942818485,0.5839092092461006,0.48095358609958333,0.4314921774241899,0.4960418056522995,0.2630644760713733,0.10604827115595968,1.019462735249822,1.8972431735229367,0.038469203,2.731467,5.0,4.25
ds005291,sub-004,10,Cz,1000.0,-14.436982154846191,0.159,15.294699668884277,0.3,29.73168182373047,0.0043578581640843295,30.0-100.0,-963.7211948507895,-478.41196305277924,29.53661136436674,11.591925340540268,5.425233555157626,3.2015922474163214,0.07734802858560015,0.5225560290369092,0.6477416341392449,0.3275975632803516,0.49266740348763044,0.2778140114652205,0.11457956260956406,1.0271442648869349,1.8387086404750266,0.041427325,2.8904839,5.0,4.25
ds005291,sub-004,11,Cz,1000.0,10.309394836425781,0.15,35.38763427734375,0.3,25.07823944091797,0.045941408426332674,30.0-100.0,-442.1470290021727,-13.393970582494536,110.98604699747676,38.122934982858666,3.9737769686818516,2.154085437842664,0.12431924182388164,0.7263071021429255,0.03060567840053455,0.7320787904848437,0.48472020939943916,0.27665568191144024,0.05428635689849692,1.0185811436547973,1.9099530196059222,0.02162097,4.794925,9.0,4.25
ds005291,sub-004,12,Cz,1000.0,-0.6952967643737793,0.203,27.70830535888672,0.3,28.403602123260498,0.029766804025138913,30.0-100.0,-320.86829882817483,-424.4495941380219,27.50414087293415,22.43117566378611,6.556260466707932,2.1841508314658484,0.04213808376043792,0.7218345060313012,0.15763190221127507,0.5290565454334045,0.47929224402069454,0.28109207961133664,0.0906905994958299,1.0168860818925842,1.924044543023506,0.034995027,2.9573777,2.0,4.25
ds005291,sub-004,13,Cz,1000.0,-9.690132141113281,0.15,12.74311351776123,0.3,22.43324565887451,0.049840921247605634,30.0-100.0,17.36006290484882,-7.147418924149849,22.082657978087497,12.08390181390083,2.673211525071342,2.1933170322837356,0.1276827719748876,0.42275204099043395,0.46299846859626176,0.38318380405542296,0.48697568863802204,0.28612097413656606,0.15788905956790228,1.0230930983356936,1.8344501844386292,0.04615178,2.8135629,2.0,4.25
ds005291,sub-004,14,Cz,1000.0,-22.661277770996094,0.15,22.265596389770508,0.305,44.9268741607666,0.020874823300465636,30.0-100.0,52.42668947716087,-95.96992462339972,73.5371512392914,35.66765335370909,6.802904751404011,4.795484831939128,0.11835902349818232,0.47767909708517925,0.5025590750684621,0.4267442898830641,0.4977577832743338,0.2410002533024492,0.07797533991580988,1.0204544423267912,1.8756333266895973,0.03453179,3.2266603,7.0,4.25
ds005291,sub-004,15,Cz,1000.0,-8.825323104858398,0.15,12.504212379455566,0.3,21.329535484313965,0.03453375132084378,30.0-100.0,-848.8724183885683,-283.271001138586,30.82981173126864,34.85287360425265,6.382949212018181,3.01369811748294,0.034684832509669514,0.8802234908388609,0.3728646842218686,0.46891222457140097,0.48631401743665853,0.2872101979851555,0.12281949428134897,1.0249691781230201,1.8840949179616515,0.041752387,2.7718675,4.0,4.25
ds005291,sub-004,16,Cz,1000.0,-15.925687789916992,0.15,18.89641761779785,0.338,34.822105407714844,0.03410244206986007,30.0-100.0,-461.6553032217336,-89.24549510496345,60.896188649168025,18.670063569199097,1.3349665851889378,3.1192995396987446,0.05643723415200417,0.6173772513518619,0.25161306701844266,0.523536500707002,0.4933231490554076,0.22924826373738036,0.08786535638022094,1.0219293010769868,1.8601204791779653,0.032785844,3.6752706,6.0,4.25
ds005291,sub-004,17,Cz,1000.0,-5.090521812438965,0.15,24.310157775878906,0.314,29.40067958831787,0.03237404855729533,30.0-100.0,-400.1488068132956,-377.7304205491697,113.12723106866935,29.063485703378355,3.394179021346318,2.1068513683858976,0.11658753831026791,0.8184781422801076,0.4122374504035009,0.7049437602584913,0.49016500519977946,0.2406912299648477,0.06140244697332372,1.0200206487919596,1.9635526426998677,0.025465935,3.9780238,6.0,4.25
ds005291,sub-004,18,Cz,1000.0,-6.564218044281006,0.154,7.895529747009277,0.32,14.459747791290283,0.01632580223594336,30.0-100.0,-24.64189534815667,-145.85791738577007,9.500852832518989,10.152628366214188,0.4702824830479681,1.3810397228112359,0.0486801417156131,0.4017984182880304,0.4423707391514013,0.47424625930268405,0.49078773028922185,0.2688545141312911,0.1573404238730916,1.024636739194379,1.7814945801001802,0.04597799,2.701531,3.0,4.25
ds005291,sub-004,19,Cz,1000.0,-5.257732391357422,0.15,31.00210952758789,0.312,36.25984191894531,0.021255604988080497,30.0-100.0,-49.057214214893584,-216.6519008458155,108.0050833614235,7.4755747230944705,3.9177700364497072,3.5943968989550403,0.04893819084735827,0.6227341166206155,0.5973541201290111,0.5315139648803274,0.4799405880069667,0.24755544702094873,0.07007746955928137,1.021122948226606,1.8837569976047082,0.025032304,3.9232988,2.0,4.25
ds005291,sub-004,20,Cz,1000.0,-13.448503494262695,0.15,13.227296829223633,0.3,26.675800323486328,0.04021274638181014,30.0-100.0,-184.74361230893953,-780.6558849986816,78.12586370504127,33.64085965892186,5.195547288054233,3.6566030176213786,0.09498289110067423,0.714374282824524,0.30182250697615537,0.39447644270999804,0.49295648422378086,0.24746562871453923,0.07751806864055816,1.0239290439376993,1.888997716765697,0.034744196,3.1954668,7.0,4.25
ds005291,sub-004,21,Cz,1000.0,-7.448332786560059,0.15,12.348811149597168,0.3,19.797143936157227,0.09481513825047419,30.0-100.0,-94.8897340379856,-155.39495542533405,43.451408699535236,12.671936630011928,4.272372555917958,1.8005676373227455,0.2688445000236968,0.7881082934323573,0.579379483772897,0.5710470060338034,0.4912471153764084,0.2625894227111039,0.10617844807092992,1.023030314966414,1.8809408340195355,0.037886802,3.208389,6.0,4.25
ds005291,sub-004,22,Cz,1000.0,-19.260364532470703,0.16,15.754358291625977,0.317,35.01472282409668,0.16689255596473512,30.0-100.0,-2234.48549019136,-102.07315669525867,43.15148077318062,27.717524707383504,3.18804168277787,1.5296513952736586,0.17376861498637083,0.5587618972016926,0.5182668880083185,0.5786844545726806,0.4980708423740974,0.23486641167870734,0.08775975678238301,1.0265536983285262,1.867993741641468,0.0367755,3.1778717,4.0,4.25
ds005291,sub-004,23,Cz,1000.0,-5.202126979827881,0.15,16.073217391967773,0.3,21.275344371795654,0.01287100221133883,30.0-100.0,-458.5473810239394,-80.08602913678651,102.84856527415285,29.19857668691417,6.121693057040132,1.6717925733916632,0.028647976291637647,0.5471597358342668,0.6550977929043426,0.621536479604573,0.4599096534730778,0.24940416283229871,0.07397798308443786,1.0158591591915183,1.9033150011976019,0.02679708,3.6073155,8.0,4.25
ds005291,sub-004,24,Cz,1000.0,3.099053144454956,0.33,7.471406936645508,0.3,4.372353792190552,0.022604267303438588,30.0-100.0,-104.24305711901889,33.57468734265881,78.2653266661175,31.66665671006689,10.936309441874478,1.6859175304527685,0.10170849034678482,0.8057349315578947,0.254313616179382,0.27840445698592403,0.5053421137903131,0.28393800532973285,0.08818127013888187,1.0258342844011172,1.83116759590413,0.03469781,3.156647,8.0,4.25
ds005291,sub-004,25,Cz,1000.0,2.7996315956115723,0.35,22.353397369384766,0.3,19.553765773773193,0.02981916076955173,30.0-100.0,-845.8603004689376,-263.2367966695115,99.1153653533292,28.033383546208967,7.587379144378559,6.787743673687769,0.05935668983798138,0.5033397094856779,0.129772919940483,0.3606060650273496,0.4811992170693376,0.2783296662128765,0.06865047948895228,1.0185739940640883,1.889634561054492,0.031627268,3.1194754,6.0,4.25
ds005291,sub-004,26,Cz,1000.0,-5.241322994232178,0.15,11.707656860351562,0.309,16.94897985458374,0.009828276523832275,30.0-100.0,-34.63250120133451,-71.4999267050318,67.15694939785871,23.25593459354786,0.9896574618416805,1.9562897829547705,0.05072165740139608,0.7799297027883348,0.3326209020399015,0.571268508461084,0.49421342047562944,0.2590214746284454,0.09416723210602877,1.027078373266815,1.8727312521293242,0.032976728,3.7186391,7.0,4.25
ds005291,sub-004,27,Cz,1000.0,5.484511852264404,0.35,21.09439468383789,0.311,15.609882831573486,0.26355663449576416,30.0-100.0,-114.57923137149686,-1072.3691018037264,114.29327521287111,17.20205025455928,6.04221214861769,5.667477300376129,0.2982952874355739,0.4504616448870613,0.562317570816516,0.16566093908564672,0.4893135757134456,0.2660962877861755,0.06649767555000283,1.0210250795401568,1.8798211172795234,0.029653626,3.8437755,9.0,4.25
ds005291,sub-004,28,Cz,1000.0,-7.0894455909729,0.191,12.073806762695312,0.371,19.163252353668213,0.03598985511659253,30.0-100.0,35.741142189446165,-40.57689296811267,7.677371441061039,2.0730613868323866,0.5763519584272598,1.8558754408928446,0.047674108513010925,0.4142758102169927,0.5615662996915602,0.3386132595959475,0.497063102794438,0.2975909658311046,0.162753727040578,1.0264203500281792,1.7988977853422787,0.045722995,2.8541112,3.0,4.25
ds005291,sub-004,29,Cz,1000.0,-7.8400983810424805,0.35,2.834758758544922,0.324,10.674857139587402,0.06893736487543121,30.0-100.0,-36.20191299899076,-20.862784439817496,31.485363857595292,8.559492399107738,8.515323306558928,4.770972545813774,0.09974540016387264,0.3570608911388606,0.6123389859495331,0.3155328827943705,0.5092859345772114,0.3121571303302372,0.1287253593047128,1.0271909243499577,1.840247485512609,0.04293891,3.001171,4.0,4.25
ds005291,sub-005,0,Cz,1000.0,-10.950493812561035,0.15,5.20219612121582,0.512,16.152689933776855,0.1830758036979708,30.0-100.0,-73.7982304460561,-206.80959862621987,46.596421253403335,60.18422896271937,1.8401883550806923,3.9882561012060593,0.11458572438999728,0.5712280405949312,0.7870640851895699,0.20134352514763698,0.5045865069071843,0.26577408782038225,0.1222393467719558,1.0245977873600889,1.8934384067173489,0.04079398,2.9126487,5.0,3.0
ds005291,sub-005,1,Cz,1000.0,-4.040635108947754,0.32,8.24753189086914,0.404,12.288166999816895,0.060021976809530427,30.0-100.0,-73.32441333744505,-87.80607038764833,14.110758354872894,27.37110277656445,9.618560693637116,3.2502007303753238,0.3282422475043674,0.2235916488976158,0.6094058866333361,0.13285473238708498,0.5047998688172076,0.31923997674770915,0.18110617134196402,1.0311955127211914,1.7464654480596307,0.056228336,2.1372473,8.0,3.0
ds005291,sub-005,2,Cz,1000.0,-26.490745544433594,0.211,2.2765889167785645,0.3,28.767334461212158,0.33618860683531565,30.0-100.0,-1112.0855668112226,-243.19679871069465,28.40231367274209,15.397513481673595,17.385890031363672,10.98290333869587,0.46930129094183615,0.40567184636949616,0.4841129386969389,0.6459849314995104,0.4908020849862458,0.3467760121274585,0.1824538070319435,1.0277023324740269,1.7908958492634146,0.056140427,2.4035,9.0,3.0
ds005291,sub-005,3,Cz,1000.0,-11.066368103027344,0.34,-0.28109025955200195,0.462,10.785277843475342,0.2029595389447444,30.0-100.0,-892.8858407183614,-116.41930745959723,17.537597016938914,28.801851875906383,9.053408768809465,5.6385158599415295,0.4552895314614654,0.5704418785400386,0.4756188029032423,0.12003060952048163,0.4922150386659663,0.321264045732107,0.15506346885779443,1.0298697755105055,1.839471976143313,0.049277704,2.637435,9.0,3.0
ds005291,sub-005,4,Cz,1000.0,-8.901651382446289,0.239,2.116751194000244,0.36,11.018402576446533,0.04901559896184502,30.0-100.0,-101.69202428260282,-296.1705250674869,4.057809330117822,14.97330292480502,4.526355654232776,3.2528927394671663,0.1553543961156723,0.7746643787693722,0.4877232860929713,0.7201983845720406,0.4953226195506374,0.33434493082999606,0.136647789909968,1.0243747659015752,1.786532373517375,0.047394082,2.5897238,8.0,3.0
ds005291,sub-005,5,Cz,1000.0,-1.9954962730407715,0.21,29.409130096435547,0.3,31.40462636947632,0.012652063692503868,30.0-100.0,-43.99251393238303,-30.726001497729044,38.55140571721253,18.08787821135695,5.32626225866303,2.686887512295677,0.028518608020240935,0.22120781703307996,0.45508673026888213,0.5501207039908335,0.4794496710683858,0.2795901160833015,0.11085236232078942,1.0217031814631594,1.8721373204843414,0.03869105,2.7381368,9.0,3.0
ds005291,sub-005,6,Cz,1000.0,-9.63298225402832,0.193,19.940616607666016,0.322,29.573598861694336,0.016178087698510264,30.0-100.0,-938.0227163826746,-46.13837362582196,33.21769790564737,11.642116817597145,9.77003666986768,3.1827976193266636,0.07100197794425059,0.669340547607877,0.5573291707111656,0.4323732446872919,0.4923091185931163,0.3069486600407516,0.12929347893124357,1.0248256739810053,1.8416635931945877,0.04086831,2.928378,10.0,3.0
ds005291,sub-005,7,Cz,1000.0,-8.148748397827148,0.35,11.463000297546387,0.45,19.611748695373535,0.019589600711345738,30.0-100.0,-44.070546573674285,32.48545125015661,13.693063822755803,5.827208933369831,1.0992809551272884,4.3585890166039745,0.03302905332210071,0.5320335653295414,0.23312008727914107,0.32050391426275593,0.4957780511380873,0.34730408322418443,0.22903289692640713,1.0343359253331286,1.746264114584669,0.06432625,2.0296116,10.0,3.0
ds005291,sub-005,8,Cz,1000.0,-1.142290472984314,0.15,8.076089859008789,0.504,9.218380331993103,0.008150981808034516,30.0-100.0,45.39864098158565,37.16195467054831,15.812087932252194,26.001378778082945,2.476018554759474,4.914561772386187,0.01785386781684701,0.44963296008851417,0.6425891369060742,0.07538405714206081,0.4911288972249327,0.31686455825035215,0.1899248630717046,1.026199715361507,1.7723607525299132,0.056595642,2.19736,4.0,3.0
ds005291,sub-005,9,Cz,1000.0,-3.4996445178985596,0.225,15.042778015136719,0.458,18.54242253303528,0.08694011656366468,30.0-100.0,22.336058524698124,-78.17034843794721,2.9789678396845236,3.920598313228932,3.8902694721200755,6.2635117081241,0.35167802766063594,0.3822217075675325,0.2785436593860405,0.37966003150152156,0.5066423172785367,0.4042708725121376,0.23976658487357383,1.0378140616981022,1.693896080197999,0.07538312,1.9898329,5.0,3.0
ds005291,sub-005,10,Cz,1000.0,-2.0639963150024414,0.335,4.317431449890137,0.55,6.381427764892578,0.11018576204936725,30.0-100.0,-37.89107895489875,21.29855286459445,22.78143981188436,26.163250968670603,10.866695186009549,4.382590884208414,0.24856433729734795,0.45175768393833704,0.5486432023986102,0.5088031044064644,0.49342450837549195,0.34321863394306984,0.19719390121448008,1.0304106594138114,1.767807887384733,0.061709248,1.9949694,7.0,3.0
ds005291,sub-005,11,Cz,1000.0,-16.38780403137207,0.161,14.477766036987305,0.434,30.865570068359375,0.02696797969246162,30.0-100.0,-77.31474377432353,-69.56860269514303,15.192513989820068,34.30921256079128,2.4303625214774653,3.518883432452871,0.174109257449207,0.3921919731236707,0.5797044070550187,0.20001752912062132,0.4899690891510764,0.282810231963929,0.18411643827521001,1.0223553504301441,1.843540038231061,0.052088883,2.353528,8.0,3.0
ds005291,sub-005,12,Cz,1000.0,-9.013279914855957,0.205,19.424518585205078,0.366,28.437798500061035,0.011545991960766973,30.0-100.0,-39.14463188835895,-1.5448516165947288,9.229951111246292,20.50817026017641,4.403554903680291,2.401496035632957,0.13464299430534155,0.6184929477178338,0.48445365509606,0.24844984970224349,0.4968790145779532,0.30130152688551115,0.13956967109727333,1.0270748279922624,1.8762168820917913,0.045483537,2.710845,9.0,3.0
ds005291,sub-005,13,Cz,1000.0,4.169009208679199,0.183,17.720600128173828,0.332,13.551590919494629,0.028451901232875172,30.0-100.0,-800.3318770423821,-55.10292571787899,24.13667875706951,2.722337693141382,3.638742898862714,2.482555250530767,0.07441027666415526,0.6551404919887885,0.4732227882922866,0.12253920515796801,0.500269306492516,0.32655443438173204,0.1358607670763404,1.0280532855231113,1.8140474756381493,0.042338084,2.9093885,8.0,3.0
ds005291,sub-005,14,Cz,1000.0,1.4611318111419678,0.221,11.490265846252441,0.354,10.029134035110474,0.020969111713991573,30.0-100.0,-513.8300620795651,-51.85006967415077,7.543780827495816,7.379550118822102,7.481332624395203,4.769820666207325,0.018586529456342614,0.5486421405720897,0.32826656869651977,0.17990899249020484,0.49014490776429037,0.37406797494292876,0.23802799125277518,1.0281507543102841,1.7746989241900617,0.06418661,2.0597763,9.0,3.0
ds005291,sub-005,15,Cz,1000.0,-10.701289176940918,0.225,20.28308868408203,0.361,30.98437786102295,0.16541335536853996,30.0-100.0,-498.5727763359706,-39.46720481829642,9.082394884640845,14.23666387234094,1.3165709611181402,6.9606240991746935,0.30053295901275295,0.5776224841173302,0.11198243685485913,0.3061311557491471,0.498391426820049,0.3357116939173608,0.16840318721710681,1.028243644047347,1.7811296363548288,0.054301664,2.4711928,5.0,3.0
ds005291,sub-005,16,Cz,1000.0,-6.471395492553711,0.289,1.078932285308838,0.531,7.550327777862549,0.002412247474241537,30.0-100.0,-561.6213809672978,-40.389361589765514,21.15634490594218,18.251511682813092,1.5783254367265267,3.254573568949821,0.04540380949661554,0.28854510811564965,0.43669608971469404,0.2110664832737635,0.5038721290155016,0.3115820439703991,0.14439811189044247,1.0346964450489693,1.7091043529471617,0.050627545,2.617659,7.0,3.0
ds005291,sub-005,17,Cz,1000.0,-7.756262302398682,0.329,5.967756271362305,0.482,13.724018573760986,0.1821797030419074,30.0-100.0,-248.84627487775504,6.973681469310073,1.8992304934248674,0.6711276270837814,6.438016891479491,2.8129729393716656,0.25283952977065166,0.3397332950937148,0.6920123721961209,0.5403344833144017,0.4972369540605585,0.38908192138720443,0.3021804480068857,1.0376089530894006,1.747067518321248,0.08437303,1.6533482,7.0,3.0
ds005291,sub-005,18,Cz,1000.0,-12.024858474731445,0.222,37.52902603149414,0.302,49.553884506225586,0.06432981529585288,30.0-100.0,-8949.556573330592,-101.99318233276978,56.20187765750186,27.49772130053792,23.44977763066943,3.1898344280849416,0.1739369236828402,0.564508741131942,0.5416608119927209,0.19130724238888835,0.4832254107935453,0.31232284335813004,0.09661095489509693,1.0194800814626492,1.867817531928512,0.0368186,2.921642,9.0,3.0
ds005291,sub-005,19,Cz,1000.0,-10.038836479187012,0.15,9.682092666625977,0.361,19.72092914581299,0.06376534630957079,30.0-100.0,-14096.430796529126,-257.65548827224956,16.75310780549552,20.04921264309729,10.395451999795554,4.792471522760974,0.14030523189138985,0.3428980881688285,0.7647702434941196,0.26052175638774944,0.49036360879507146,0.35019166009404057,0.16937868440674295,1.0312193356820494,1.8158806873315356,0.056372777,2.131922,8.0,3.0
ds005291,sub-005,20,Cz,1000.0,-20.574113845825195,0.268,8.641536712646484,0.34,29.21565055847168,0.023767105752110395,30.0-100.0,-384.6335354547397,-17.86267501304207,7.595698920788696,16.042865606047595,25.996885606636617,4.763512208553384,0.08970104386964918,0.40236669926413093,0.4458138464885728,0.38333307122898225,0.46922152046800114,0.3092618987452203,0.17830327175740357,1.0150869924509691,1.8853356885253172,0.05085942,1.8449014,9.0,3.0
ds005291,sub-005,21,Cz,1000.0,-8.268195152282715,0.35,0.262975811958313,0.436,8.531170964241028,0.04422375474750048,30.0-100.0,76.56781004609587,73.80163575329235,28.722529141408092,28.225692342574003,2.8485185430528848,6.164146502492959,0.13628628458269043,0.5247141295265251,0.3903331105825516,0.6239810227921428,0.5036043607605412,0.3346714608760091,0.1944833413032415,1.0330900979209892,1.7391482959547455,0.05919223,2.256222,7.0,3.0
ds005291,sub-005,22,Cz,1000.0,-12.272858619689941,0.292,0.580146312713623,0.534,12.853004932403564,0.01307067354064467,30.0-100.0,-499.17098829938647,-109.9025287442964,3.922036564707359,1.2617449913914012,0.6540706763653854,8.075623906379796,0.08824146863530026,0.20591858418926107,0.2252803908805962,0.49268300763223405,0.5072041707978528,0.3719477004210928,0.2912654306533703,1.035030284436034,1.6550690827207568,0.08401998,1.7117751,8.0,3.0
ds005291,sub-005,23,Cz,1000.0,2.3533339500427246,0.15,17.97595977783203,0.315,15.622625827789307,0.07037936027201751,30.0-100.0,-25.59750922636848,84.78355517876224,28.182175791885427,6.332038708452908,3.5800204822146524,3.1472269185176827,0.08406780634129529,0.23623554595814064,0.16138565748082545,0.6374160321594459,0.4885093449285709,0.37784259473306775,0.1872695209815865,1.0284213171370253,1.7317718661267687,0.056079518,2.372751,9.0,3.0
ds005291,sub-005,24,Cz,1000.0,-9.410998344421387,0.255,10.561296463012695,0.43,19.972294807434082,0.0470568556840191,30.0-100.0,29.273331164513305,-419.9686434205977,4.748028205846179,2.37069817282648,0.6755539417663765,6.568458237241825,0.06838785338765863,0.30342501215777506,0.34462173291162207,0.11862707741141805,0.4881995909970431,0.3556398841902062,0.20492318735483836,1.030320987211517,1.7734981969519181,0.057324667,2.306658,9.0,3.0
ds005291,sub-005,25,Cz,1000.0,-6.073209762573242,0.216,21.097381591796875,0.355,27.170591354370117,0.0051340181279450935,30.0-100.0,-568.4045085837257,2.172248560300499,27.430357599628884,3.3040850461521627,11.82409052578908,2.7673900805488145,0.013547235992100129,0.10001081400428599,0.4073814503816544,0.19612901847661854,0.4727617064563635,0.33020562641324963,0.13801035649406002,1.0145729417282705,1.8683926378800166,0.041298002,2.6641226,10.0,3.0
ds005291,sub-005,26,Cz,1000.0,-3.4928994178771973,0.348,9.550814628601074,0.453,13.043714046478271,0.05231889162812116,30.0-100.0,-152.95048814396418,77.73602693427381,6.765286480546924,17.316072550783144,7.8943623157505485,4.37371298819615,0.0728496727748817,0.6274264624998522,0.16835131223062821,0.3470830588674035,0.502996087112413,0.36213382145320805,0.24691664207141883,1.0286954931818466,1.7755803998252115,0.06698226,1.9734894,9.0,3.0
ds005291,sub-005,27,Cz,1000.0,-23.186084747314453,0.163,-11.06210708618164,0.3,12.123977661132812,0.13379809807128218,30.0-100.0,67.69642282568635,-87.03586219655918,11.511301491554251,24.13402281114449,2.9838255520798396,1.302087656764952,0.35797766989827495,0.5654412619256697,0.3795626637205455,0.3578442072579764,0.4805879603285567,0.2613459090673621,0.09086895762367157,1.017524748490026,1.9393661737728753,0.03281393,3.1866274,8.0,3.0
ds005291,sub-005,28,Cz,1000.0,-4.816140174865723,0.278,13.98538589477539,0.44,18.801526069641113,0.006608983429580894,30.0-100.0,-242.3481250448109,73.71634492462186,0.9873976122658208,8.026561250167997,3.3769305551488715,3.7098336007681723,0.0402458479665096,0.5314568440939601,0.23864710469077643,0.44588115912940274,0.5050407225025674,0.3664662298308559,0.2745821778838714,1.0273924443673728,1.7447060423486962,0.074986145,1.7815591,7.0,3.0
ds005291,sub-005,29,Cz,1000.0,-7.259751319885254,0.35,15.150134086608887,0.454,22.40988540649414,0.014981719104225785,30.0-100.0,-526.1314969030145,19.743668036858775,7.144205048928383,5.755484567233644,0.7705065307024448,2.222161648069383,0.05527733531821716,0.34519036760171695,0.299508682989852,0.209009808074779,0.48862845718625303,0.3181916104530165,0.14623397418616688,1.0261293828321678,1.7827591495182697,0.047425818,2.620457,7.0,3.0
ds005291,sub-006,0,Cz,1000.0,-18.937664031982422,0.196,11.841143608093262,0.3,30.778807640075684,0.04360899093951304,30.0-100.0,-4416.561707656776,-51.2225164363204,18.253784730087773,21.480486210390147,2.3667276831763435,1.1942489227728625,0.09779860683748014,0.3871480865725733,0.23268958283510607,0.3672656870052909,0.5068849217193602,0.2912601499843711,0.13438568449284902,1.0315196106663838,1.8370470717364091,0.043320406,2.949516,4.0,4.5
ds005291,sub-006,1,Cz,1000.0,-4.939335346221924,0.173,12.876459121704102,0.305,17.815794467926025,0.03487129130739089,30.0-100.0,-113.71646877099195,-110.03876572045674,43.651663370587585,5.667774711676627,1.4533355220176531,2.764667149686919,0.055237522650654056,0.7060304415198289,0.15703819788969653,0.22527265820427458,0.5008825835956926,0.2950099712143603,0.12362743750757772,1.031594497184234,1.845122364298303,0.040284634,3.1809995,6.0,4.5
ds005291,sub-006,2,Cz,1000.0,-3.9616456031799316,0.164,13.649384498596191,0.323,17.611030101776123,0.009801311811524304,30.0-100.0,-339.6652918838846,-132.5132469214065,41.88337230788219,13.528290916891656,6.309102827912561,1.1761742153026156,0.025179691207433623,0.6201043645421507,0.35223143900865383,0.4156552861688629,0.49480263120402973,0.2891207365787412,0.08400679918999468,1.0187947304926457,1.8019126372081822,0.03350495,3.0978875,8.0,4.5
ds005291,sub-006,3,Cz,1000.0,-12.294150352478027,0.202,8.696579933166504,0.518,20.99073028564453,0.06683772517812832,30.0-100.0,-31.562281825899692,57.320317458599256,44.80586120740952,6.73405735130183,12.197205811308965,2.4161494960315886,0.04367877138544375,0.3992571585424461,0.644980255398552,0.16065978208530377,0.5004654596504248,0.31591444723494505,0.09079793815599449,1.0223325591483852,1.8245327686088244,0.041586,2.7497983,8.0,4.5
ds005291,sub-006,4,Cz,1000.0,-5.49785852432251,0.15,9.850353240966797,0.492,15.348211765289307,0.09529097493607608,30.0-100.0,-60.18700351460069,55.75639643593958,10.69246280471175,10.762332943779775,8.552339312503657,1.535618606413178,0.14212591620293116,0.6691982914573794,0.39949015862582177,0.5089127669755972,0.49295297454695913,0.3528569510693022,0.17499680975321777,1.023609671362997,1.8596481760920456,0.05538915,2.1789062,8.0,4.5
ds005291,sub-006,5,Cz,1000.0,-8.356910705566406,0.15,13.540752410888672,0.333,21.897663116455078,0.027972035503482345,30.0-100.0,-2374.6452524863143,44.165417793682884,37.056190456851866,21.414149746910716,20.23907850902696,1.4737082219431454,0.10074941009042082,0.825234670497909,0.6524749376946781,0.7653649725068637,0.4872515230751014,0.3184096379333623,0.1585803691271796,1.0188827705778831,1.869676312521798,0.053245705,2.046686,9.0,4.5
ds005291,sub-006,6,Cz,1000.0,-11.721090316772461,0.165,14.266928672790527,0.435,25.98801898956299,0.005474764531020213,30.0-100.0,-91.43408915559334,-236.30870984788675,47.17312642392784,22.489740369587174,15.323067346503016,2.5561401428247534,0.01657005535025166,0.7384519540078603,0.37533945481813236,0.4084298575229273,0.47981182022349084,0.3163762220412222,0.10776163586509016,1.0191046384426599,1.829955034682593,0.038668863,2.9290783,9.0,4.5
ds005291,sub-006,7,Cz,1000.0,0.603888750076294,0.15,15.557979583740234,0.467,14.95409083366394,0.007728639226138389,30.0-100.0,-1233.978807855656,-175.45099276687984,47.10873170909818,14.855132383458752,8.89340304375753,4.008968908558874,0.039584862293381456,0.7234056535080324,0.11745352671782712,0.22328249116969015,0.49073018498819543,0.35259334251261004,0.13076174795636225,1.0185655505434856,1.7987849259413042,0.046323072,2.2715273,5.0,4.5
ds005291,sub-006,8,Cz,1000.0,5.118487358093262,0.265,17.0556640625,0.55,11.937176704406738,0.08912629308136118,30.0-100.0,39.50983322850231,4.255241130712307,20.93569049560005,13.744106038693712,3.8624183914637573,1.47165651417665,0.2691586039619989,0.5377386199877905,0.10669980433792546,0.4559519853176901,0.4930636812588509,0.33582565102318884,0.13514846292503324,1.0254904035761678,1.7700346180199624,0.043364797,2.9581773,9.0,4.5
ds005291,sub-006,9,Cz,1000.0,-0.7408695220947266,0.161,29.25772476196289,0.543,29.998594284057617,0.02936547536881694,30.0-100.0,-41.56277402196969,43.515287059444724,18.653864336595948,6.208848212323627,1.1535337180329213,1.3092617513601577,0.0662787019613841,0.8071239333850988,0.21424306901384135,0.44971503425077536,0.4772781086588992,0.3104295604974288,0.06496522569458137,1.0216631069443836,1.8043936460216488,0.02352011,5.462543,4.0,4.5
ds005291,sub-006,10,Cz,1000.0,-0.4762926995754242,0.16,17.67711067199707,0.449,18.153403371572495,0.06671421169641086,30.0-100.0,-175.9645397489544,-74.63542279225994,12.036199707302217,3.795540557717376,0.3690444983202926,2.11866636999307,0.08804803625809517,0.588222890044094,0.10913346351350271,0.3663202566043487,0.5092859345772114,0.31064847407518004,0.13703158376144442,1.0274022036008437,1.788319629937639,0.045123983,2.8192136,3.0,4.5
ds005291,sub-006,11,Cz,1000.0,-16.30946159362793,0.212,12.329315185546875,0.326,28.638776779174805,0.052178853330790816,30.0-100.0,17.962316246613135,1.4634425405277633,24.906006028728928,6.420986104620152,1.257623637820719,3.515259616002523,0.15379727960326794,0.6543711752354899,0.134806079495169,0.34495753023235326,0.5044610813072358,0.3356887676929355,0.17039670867462922,1.0322405302597366,1.7939051214114397,0.049842943,2.6787155,3.0,4.5
ds005291,sub-006,12,Cz,1000.0,-6.647551536560059,0.157,18.509593963623047,0.396,25.157145500183105,0.020321840114684027,30.0-100.0,-120.83884692126571,-73.10146846695254,32.212458493045375,12.239995727793094,7.662989984738837,2.722218314332517,0.02487119986575038,0.6578532931011886,0.45829921576957916,0.6109587966946444,0.47298449931643466,0.32539428488884925,0.15110059802523731,1.0178910589739667,1.8795220605560539,0.046157423,2.1452467,4.0,4.5
ds005291,sub-006,13,Cz,1000.0,-4.534399032592773,0.151,16.62485694885254,0.327,21.159255981445312,0.012474072621695514,30.0-100.0,17.69520075077493,22.219548256673914,12.922440464303442,12.382896044410426,2.0845165594039554,1.6225114450288662,0.01008703325316914,0.6749958959671455,0.39500964598156385,0.4342304992872309,0.4829308004298835,0.307271014025242,0.18168325367651258,1.0192331987220904,1.856127386965263,0.049172897,2.2912068,3.0,4.5
ds005291,sub-006,14,Cz,1000.0,-19.10128402709961,0.17,15.94088363647461,0.3,35.04216766357422,0.09098708637928214,30.0-100.0,-545.2087168683108,-18.67770796147956,43.533388703036124,6.7313963776820245,6.170231017897052,3.2516508947202025,0.1841503857693795,0.5059730391183361,0.48665952215881364,0.2531588853993891,0.5079637699633943,0.31713855276876535,0.13776284483328613,1.0277713111297093,1.764375417134247,0.046418115,2.9332926,5.0,4.5
ds005291,sub-006,15,Cz,1000.0,-6.878322601318359,0.15,11.709878921508789,0.312,18.58820152282715,0.06180102763630493,30.0-100.0,-159.2863611418157,-558.4848043379657,16.76941235507368,11.414377856069347,1.3553885852589325,1.855168805832868,0.058994789535299165,0.7452844908009865,0.16624403683996503,0.1729164910391409,0.49790639829331673,0.27641675100270935,0.14276829061411828,1.0271702753072485,1.8332095101964043,0.045912206,2.840582,6.0,4.5
ds005291,sub-006,16,Cz,1000.0,1.1111400127410889,0.168,14.840104103088379,0.3,13.72896409034729,0.08854365866174525,30.0-100.0,-220.4188630327653,47.004542830406784,41.566306822307894,8.864849508139455,11.365130262554816,1.96886077506693,0.20972821603855069,0.601183756379779,0.493012612171945,0.6579077115141408,0.5026555809727165,0.327993599051267,0.1381965914531984,1.0329000226976341,1.750223704238415,0.045618404,2.7165895,5.0,4.5
ds005291,sub-006,17,Cz,1000.0,1.9137638807296753,0.247,11.10260009765625,0.311,9.188836216926575,0.00044511397390957085,30.0-100.0,-20.836405505872595,-12.142995893178552,15.31211914418143,21.751736694911735,6.590184572666518,1.634374819075757,0.0160712635979283,0.8347570895930031,0.10778239089877564,0.38637010890224555,0.4912486852284422,0.3191338935878593,0.16916560061416433,1.0246446145452066,1.7963803752451786,0.05342127,2.167379,6.0,4.5
ds005291,sub-006,18,Cz,1000.0,-8.115314483642578,0.15,12.131752967834473,0.368,20.24706745147705,0.006147059020785208,30.0-100.0,-164.72588693673157,-11.022761736591862,18.812456882489506,12.694449324189755,7.845774937946182,1.2112848241539562,0.056377873737228024,0.5290817636318845,0.2877530728996008,0.2468999022862138,0.47856592127477915,0.2967095883195634,0.15591080820730974,1.021812833079592,1.8812023821137518,0.047630798,2.3748798,7.0,4.5
ds005291,sub-006,19,Cz,1000.0,-7.382360935211182,0.15,14.439308166503906,0.337,21.821669101715088,0.0329797705893092,30.0-100.0,-547.769978485934,-121.46680240415108,44.18409095620209,14.726872184829624,3.117586478805965,1.2120226660141769,0.167813721171276,0.5835849157589431,0.32787017706468463,0.3758815751525163,0.4950121532383578,0.29497213833626185,0.08804174528182743,1.0181535802235326,1.8590480295736374,0.03377929,3.3755646,8.0,4.5
ds005291,sub-006,20,Cz,1000.0,-5.133296966552734,0.178,18.964054107666016,0.471,24.09735107421875,0.0008743361532017183,30.0-100.0,-742.3497260071349,34.446961528477715,38.92800334291108,20.555695206687663,8.97688950338586,2.970168210946428,0.02193183443972911,0.4209420095813591,0.24168868471406904,0.19373018825622038,0.4941619369948516,0.3199989706649719,0.10192561137168657,1.024432106094275,1.762599645809244,0.03885257,2.933261,9.0,4.5
ds005291,sub-006,21,Cz,1000.0,-26.124765396118164,0.151,6.499858856201172,0.404,32.624624252319336,0.019497254496200687,30.0-100.0,81.52550996316549,51.32132048445336,43.10741911453094,16.446318928065494,4.625414108462656,2.1957629086340176,0.0780598291081804,0.7046171627533626,0.08826597692122087,0.4041250333656725,0.49349819016575736,0.29562719393268566,0.14071944770057246,1.0219675677014926,1.8664490234948783,0.044470906,2.5983756,4.0,4.5
ds005291,sub-006,22,Cz,1000.0,-11.757901191711426,0.15,6.660736083984375,0.348,18.4186372756958,0.033076108998633114,30.0-100.0,-161.69659011104378,56.91728985556945,12.548244489019904,14.099406613890787,3.9268669224738018,1.5054783565751984,0.09867707254279999,0.5524054731313863,0.2628564597455522,0.18462986981137447,0.49398658753343894,0.30405689655331547,0.19451862104084078,1.022051390169107,1.872318445484729,0.052810926,2.341407,7.0,4.5
ds005291,sub-006,23,Cz,1000.0,-14.44929027557373,0.15,12.624992370605469,0.371,27.0742826461792,0.03708456805531049,30.0-100.0,-1.8746703067462764,-438.6916062781129,33.897147988373376,21.579451883805046,4.172070177228548,1.7223170029204111,0.055158996554415834,0.6759585411263469,0.17244048532618866,0.3565134294171161,0.4843453494589444,0.2557048193470809,0.11530551669770657,1.0222510708806412,1.9175180171513695,0.040287312,2.8608565,9.0,4.5
ds005291,sub-006,24,Cz,1000.0,-11.883864402770996,0.15,5.407305717468262,0.322,17.291170120239258,0.018222523897749462,30.0-100.0,48.765515696723156,49.529996929553924,34.452366379072075,27.262780827766775,1.8316845385798075,1.3000204826867443,0.06201291277852817,0.8267064955018507,0.2668678687362552,0.6684612199446581,0.48014597665523057,0.2813831762744878,0.12030704817670491,1.016011826292358,1.9257552068683854,0.04192894,2.5192764,8.0,4.5
ds005291,sub-006,25,Cz,1000.0,-5.462624549865723,0.2,20.83525848388672,0.537,26.29788303375244,0.052745582274000974,30.0-100.0,-5821.56901076715,-18.432381461769243,32.00124133043363,15.001572197206013,11.865282429177542,3.289495050063672,0.02604332056610953,0.6181285893755437,0.13284256824568802,0.06060518826205956,0.49586722440632575,0.2744070622847551,0.12271286776877482,1.0256252756305981,1.8474330089582394,0.04536681,2.5551412,9.0,4.5
ds005291,sub-006,26,Cz,1000.0,-27.256698608398438,0.152,13.396331787109375,0.373,40.65303039550781,0.025245976898031517,30.0-100.0,-389.809584703785,-410.9449003967282,42.654412171155315,32.45967077494461,6.150494272780338,2.0116967987372525,0.07928849033709638,0.730493469171065,0.23594210502908203,0.4124987801034608,0.505096572944525,0.23586228355955546,0.09847067118042946,1.0285330912276107,1.9016421858367927,0.040652167,2.840559,7.0,4.5
ds005291,sub-006,27,Cz,1000.0,1.9831840991973877,0.15,13.111620903015137,0.308,11.128436803817749,0.08434990818261323,30.0-100.0,-26.659471893984154,-378.3133961352656,19.214622717718704,16.64213705539174,6.7046749737365925,1.7410862640985243,0.1714852091033879,0.6860147007168333,0.4109191213733763,0.2401095430621995,0.4943710489288467,0.325703526854097,0.16728683902108762,1.0268883348286917,1.8246394287726202,0.050923057,2.4759245,8.0,4.5
ds005291,sub-006,28,Cz,1000.0,-12.703783988952637,0.15,7.965000152587891,0.373,20.668784141540527,0.006653497199589601,30.0-100.0,-681.6758403388152,37.34970771869895,5.775855198816771,29.106404752233843,3.411180237421846,1.8074881992448577,0.027143019041723036,0.6101513046367776,0.06112512891505951,0.48684918361537766,0.49123276067938454,0.2901190959544996,0.18170884372623966,1.0240163676734158,1.8863549447303833,0.0502477,2.3974807,6.0,4.5
ds005291,sub-007,0,Cz,1000.0,-7.986018180847168,0.288,-2.491558790206909,0.497,5.494459390640259,0.0636260925939963,30.0-100.0,-82.45127454628096,40.07855472928421,16.562142197485105,14.486658983304682,5.914081677744842,2.709557248546135,0.10052351765668657,0.737860172130521,0.21251148799315936,0.2745630172981209,0.5043316250203107,0.3347846920382264,0.13643784668807404,1.028731035948894,1.7457874063624124,0.04772607,2.6921082,4.0,4.25
ds005291,sub-007,1,Cz,1000.0,1.7845103740692139,0.152,7.891796112060547,0.3,6.107285737991333,0.13286257226323098,30.0-100.0,-7995.52900628464,-249.75565828441356,13.527660602734699,10.010597840794976,1.2370719430713886,2.1682300219326773,0.39981979637974824,0.7353127470754749,0.2922675159430737,0.12863987029397733,0.4980216518630693,0.34012600913947233,0.1944433873299056,1.0304084481622067,1.7900612976890726,0.056235943,2.429202,7.0,4.25
ds005291,sub-007,2,Cz,1000.0,0.04479479789733887,0.35,10.690535545349121,0.313,10.645740747451782,0.03372101392776095,30.0-100.0,15.81613918431764,-173.8886492845055,46.02198330861217,7.808224607122592,0.9590454159777914,2.1754245270667933,0.13176267182315932,0.5301666327843515,0.5036140564280819,0.10345982702397699,0.48770707238030525,0.28741441361784453,0.12414457536613305,1.0249578608651961,1.777265940579502,0.039688483,3.2522514,8.0,4.25
ds005291,sub-007,3,Cz,1000.0,-11.273455619812012,0.339,3.550595760345459,0.312,14.82405138015747,0.06995905676912094,30.0-100.0,-316.09967799209664,-303.6609525953644,29.037213087346522,23.49602316116519,2.9191583163465697,2.900037600283617,0.08559462684601453,0.7260465397729653,0.5062854448714246,0.1843583418224225,0.5028070270893061,0.30244148549503025,0.15925358835850162,1.0267657811171842,1.8478025096716362,0.05013351,2.5212283,8.0,4.25
ds005291,sub-007,4,Cz,1000.0,-0.37616991996765137,0.235,5.625290870666504,0.335,6.001460790634155,0.03879360493429971,30.0-100.0,-406.78619258530756,51.72275890046804,8.676256112067998,13.57261454490128,4.921881525418601,4.103755913302716,0.19360200052879512,0.4436316622174466,0.6495618095162404,0.17427410788287684,0.5036431685914631,0.3586944730936679,0.18499825091584535,1.031570719417515,1.7105281554279108,0.055836096,2.4467678,6.0,4.25
ds005291,sub-007,5,Cz,1000.0,3.825969934463501,0.15,16.065635681152344,0.311,12.239665746688843,0.00748444071278079,30.0-100.0,-2887.6513139717003,-50.706601980749646,19.617465968666544,22.965544998050394,0.8387743732111566,2.792410879136455,0.02993721625871511,0.8061383282514788,0.3223376729981611,0.5135924247341993,0.48952405876091376,0.3086962050877717,0.12324230504796437,1.0189637314060536,1.801110157439009,0.040894732,2.820672,6.0,4.25
ds005291,sub-007,6,Cz,1000.0,4.556877136230469,0.35,8.963035583496094,0.335,4.406158447265625,0.09253628073646154,30.0-100.0,-757.9602451112683,25.871493746139123,29.026085475705703,8.341642648610105,2.893821182314483,5.791952525504289,0.21065528508904766,0.5812716708411289,0.3031764382709846,0.08125508892713912,0.49829988562515926,0.36270924046153624,0.14950258378629533,1.0290327855628236,1.8133250537524312,0.05407999,2.4095056,7.0,4.25
ds005291,sub-007,7,Cz,1000.0,-8.753491401672363,0.336,-1.3703383207321167,0.3,7.383153080940247,0.07206360219534766,30.0-100.0,-20.459042231013118,-79.18004647113182,12.91403098323369,9.598726173087572,2.2123604185970187,3.426780330883411,0.3838395952470531,0.42549983038300665,0.4584458208927267,0.4230410152277124,0.5094511721847748,0.34076901237251606,0.18415819290154317,1.0350268421994764,1.7673015475853826,0.050670497,2.94338,8.0,4.25
ds005291,sub-007,8,Cz,1000.0,-0.48038196563720703,0.274,6.913704872131348,0.331,7.394086837768555,0.03658605881665839,30.0-100.0,-262.222195497789,-101.89513419800285,16.060933421110605,12.202696847862725,3.4195700377126643,5.16694087067931,0.042037721796665505,0.7480371299968268,0.31512125048861406,0.3351890304695003,0.5035939982193254,0.34018873927548676,0.18959413560443877,1.0295193115764576,1.834585336491042,0.061223883,2.1835594,5.0,4.25
ds005291,sub-007,9,Cz,1000.0,2.7418112754821777,0.272,8.886431694030762,0.324,6.144620418548584,0.14445657127828268,30.0-100.0,-161.28786202881378,16.6863589586179,13.319625177076468,6.991201711944679,3.377309253027912,2.4309437184467426,0.298226134088591,0.6401142784933096,0.28093078514009145,0.06778516431010424,0.5228759680433138,0.37962675557738274,0.17514813842095497,1.0388456198949192,1.6662469292736715,0.06218398,2.3730044,6.0,4.25
ds005291,sub-007,10,Cz,1000.0,-8.666559219360352,0.305,0.9268709421157837,0.351,9.593430161476135,0.3137166955248746,30.0-100.0,-2605.973376054782,-290.59784449731444,7.518022094794304,10.294682971645273,5.151242580053941,2.980993975875909,0.3311047912967773,0.8256018739227345,0.3371488243878956,0.29523548533613436,0.5169071209445878,0.3498680865726253,0.16098059128815062,1.0324461597378007,1.7462883423443603,0.061507583,2.252749,4.0,4.25
ds005291,sub-007,11,Cz,1000.0,0.9937986135482788,0.15,6.450372695922852,0.321,5.456574082374573,0.31770747783597175,30.0-100.0,-60.55942289752707,-97.73085722019638,27.901834705958223,12.034475340298092,4.675180216079016,2.2303342455367536,0.4095473082851638,0.6940757688986932,0.3981891475810001,0.13418412927911108,0.4977200355523243,0.3284925550784819,0.14541017387334332,1.0257803380296056,1.765602264744725,0.048886035,2.7281804,5.0,4.25
ds005291,sub-007,12,Cz,1000.0,-6.25230073928833,0.284,3.2282557487487793,0.479,9.48055648803711,0.02460320507464416,30.0-100.0,-1481.4189123087137,-67.97807013796657,9.912260893843943,22.222507013200257,2.1585126497372404,1.9863378483963323,0.03300383918395722,0.7929564414077311,0.5680792506001994,0.2814744370825686,0.4934015146139435,0.3061705852011731,0.16907590575320494,1.02686836922841,1.751326959566454,0.05348665,2.3503213,3.0,4.25
ds005291,sub-007,13,Cz,1000.0,-5.688895225524902,0.26,6.956850528717041,0.371,12.645745754241943,0.1455658480084658,30.0-100.0,-127.76542113495258,-40.460038767990056,1.4899360154498031,19.332348837307368,2.965904102473624,3.9232804643591823,0.19107253512853486,0.6774748183696248,0.4901094041534636,0.11591254889178505,0.503936225897739,0.3375063509559273,0.2544054068569034,1.0290259301350098,1.7363240832328757,0.07109276,1.9228328,2.0,4.25
ds005291,sub-007,14,Cz,1000.0,3.5509259700775146,0.34,8.985391616821289,0.319,5.434465646743774,0.020679367657744918,30.0-100.0,57.19559607894396,-55.80249489121517,31.48943152729335,26.242747820177826,2.9065831916842946,4.853480010728593,0.1410144874453319,0.7177083973846191,0.3235582888730968,0.37785123730758685,0.5090074612745178,0.30868604208496175,0.1276127320783857,1.0339259789004809,1.7374877509606137,0.050469935,2.656905,5.0,4.25
ds005291,sub-007,15,Cz,1000.0,0.7258059978485107,0.261,10.268254280090332,0.36,9.542448282241821,0.06525976550508349,30.0-100.0,44.20536510271808,23.50594149773319,6.640774825304646,8.71753745550056,1.1713585168222471,3.2326598237211774,0.12164679785804242,0.7580570543145813,0.5765217159654565,0.24541362970348418,0.4982321860761624,0.3689595591745009,0.18518682445936097,1.0281408317975518,1.7441928901343933,0.056971397,2.2503645,2.0,4.25
ds005291,sub-007,16,Cz,1000.0,-0.22997915744781494,0.269,10.067242622375488,0.338,10.297221779823303,0.10754356188536904,30.0-100.0,64.58366016618086,-3.8888237518463065,14.338241962428626,15.406374396812105,0.8069600632928982,2.0874561607573066,0.26117435215848545,0.614851144778044,0.307362445828278,0.4052537483250149,0.4949326536025173,0.32332887013035666,0.1680824043314623,1.0305130966006077,1.749999429794518,0.05016502,2.6650858,4.0,4.25
ds005291,sub-007,17,Cz,1000.0,0.8594810962677002,0.214,10.677764892578125,0.3,9.818283796310425,0.1731179365300019,30.0-100.0,50.19919283549202,30.680195247787257,26.441462958163346,22.14068868977909,4.320952921411173,3.1110083521007836,0.281079740395069,0.6614456715969442,0.6679469117469631,0.1463622555959195,0.4953715428433459,0.30834640477677855,0.11882805374754424,1.0243962294673485,1.8258747176880992,0.04109061,2.8642783,7.0,4.25
ds005291,sub-007,18,Cz,1000.0,-1.6064472198486328,0.309,7.666447162628174,0.524,9.272894382476807,0.10022341818383824,30.0-100.0,59.87801912061633,-185.61854284730995,18.115471788040143,13.485887603675087,3.084311540859786,2.9680085235113047,0.12581725656843848,0.5447240502824418,0.6626423102361615,0.399301867060381,0.5095050665441972,0.34971993633344034,0.19752819732703739,1.0337845933488625,1.7026296694249357,0.058400314,2.4423306,4.0,4.25
ds005291,sub-007,19,Cz,1000.0,-0.6379705667495728,0.299,5.649421215057373,0.461,6.287391781806946,0.04692339076420864,30.0-100.0,-33.746372414642096,-165.79206041882583,30.789401766727288,12.143758504954347,1.9442191663778057,2.2845703045879953,0.061251775791071814,0.6130249267225143,0.591318612215344,0.3663947415042465,0.49843876869896764,0.3043970207365909,0.11680618689256651,1.0245453482155922,1.7854872430047013,0.0425562,2.895235,6.0,4.25
ds005291,sub-007,20,Cz,1000.0,-5.110626697540283,0.305,2.652092218399048,0.355,7.762718915939331,0.18299388428405805,30.0-100.0,2.4363639249349696,-39.26958294176075,21.278145839847813,15.912736758804746,1.1467343148724742,3.752146708002763,0.06794496334064501,0.7285658526316962,0.4652844951853103,0.40395598211542916,0.5324250135476303,0.32554759812161,0.18943436558231047,1.0414199780510056,1.719037067631945,0.057368264,2.7115567,8.0,4.25
ds005291,sub-007,21,Cz,1000.0,-2.2321841716766357,0.274,8.019356727600098,0.3,10.251540899276733,0.08961655129734807,30.0-100.0,-4073.121093613423,34.64010670768329,4.389747530718093,11.577969253658583,3.6387106157698716,3.1217158525007944,0.25522097341549727,0.8534823712036765,0.1593832699613949,0.31767223568222175,0.5188723827707103,0.34576821919620765,0.2338871798177509,1.032440085518475,1.766273266133224,0.066376396,2.0702558,7.0,4.25
ds005291,sub-007,22,Cz,1000.0,5.9666547775268555,0.15,10.43149185180664,0.315,4.464837074279785,0.04350226635240723,30.0-100.0,-72.01334963720467,5.679772566398481,18.154724324318465,15.631150723032892,0.4911587783419728,2.4252559588632887,0.11301265324170365,0.7138155742457095,0.2660069561757337,0.5250642899807691,0.5069989908076197,0.3411660094790552,0.1456116217824524,1.0304118992693152,1.7942463655403755,0.04753535,2.8383636,4.0,4.25
ds005291,sub-007,23,Cz,1000.0,-5.09515380859375,0.318,-0.008109807968139648,0.448,5.08704400062561,0.001884781782664706,30.0-100.0,32.21051638438892,-208.53396763646583,25.40454377609405,13.661821859658229,3.3504883536488044,3.4839234053344366,0.009386635517261141,0.571326691159298,0.41653140310210224,0.36313402870139144,0.500526686678764,0.3062593386404872,0.11577196762080585,1.0301391854676014,1.8231646124327412,0.043665268,2.7044399,6.0,4.25
ds005291,sub-007,24,Cz,1000.0,-4.48356819152832,0.273,0.8267821669578552,0.314,5.3103503584861755,0.024309191201392882,30.0-100.0,-32.84846426745713,-35.38493305693385,7.995519601015351,13.48253333740573,1.6367871078613991,1.4439157595843508,0.049613775886431004,0.7802250135269623,0.2914210442035436,0.42646503592409984,0.4978905306603611,0.3031085151502671,0.15902727032928843,1.0269439335763506,1.8220690112222326,0.04941075,2.5754163,5.0,4.25
ds005291,sub-007,25,Cz,1000.0,0.2882041931152344,0.182,8.162845611572266,0.311,7.874641418457031,0.02660131460181934,30.0-100.0,58.876966644655035,-520.8728131374534,12.592531600088442,6.673859306233837,1.3157787518813522,3.2001662886723237,0.05481706398185482,0.6562266125316879,0.16222804429206827,0.22586157502357612,0.49752405973590985,0.37886953719503824,0.2117955975637357,1.0279043204015748,1.7564139993815915,0.05865866,2.1522431,5.0,4.25
ds005291,sub-007,26,Cz,1000.0,-1.1674838066101074,0.315,5.515878677368164,0.374,6.6833624839782715,0.022589700501594107,30.0-100.0,-444.9720563775716,-139.89894509116633,5.8085285995432585,15.654694888488564,5.318827753458648,1.836756047907468,0.12959082549979808,0.5853000423732972,0.5507712114423096,0.4496075748670067,0.4992265591033741,0.3307562908342964,0.16261762929700765,1.0271764868853288,1.7742027652123329,0.05268246,2.346727,2.0,4.25
ds005291,sub-007,27,Cz,1000.0,-5.816308498382568,0.15,7.378969669342041,0.359,13.19527816772461,0.0498129728105231,30.0-100.0,-125.6751300192875,-36.0274268488212,8.268396544800481,6.315734092720869,0.8121887666403781,2.474430084360824,0.20523280586757336,0.7938075330829405,0.06856208047202937,0.170737159238402,0.507750310903669,0.36153808184745,0.2176594032225433,1.0372891276119967,1.7644306574641735,0.06350725,2.2416584,1.0,4.25
ds005291,sub-007,28,Cz,1000.0,-4.636954307556152,0.15,13.224313735961914,0.319,17.861268043518066,0.016451992434914988,30.0-100.0,-755.0211752472057,4.387643350171991,25.081672626118547,10.637301054434822,0.6359089393329939,4.394990266957109,0.06658518451375722,0.7772786799294071,0.3718149964038686,0.1860262314884968,0.4889988079869893,0.34359573852487985,0.16852701102412393,1.0243482942460351,1.7804745998536595,0.052647375,2.4034648,4.0,4.25
ds005291,sub-007,29,Cz,1000.0,-5.755311965942383,0.325,2.098938226699829,0.523,7.854250192642212,0.11677766986621507,30.0-100.0,-365.69077511960234,-110.75902164069653,9.52856707387706,9.906747100355888,1.0917534044924109,1.6243712114507163,0.17337462740351742,0.5946222731995144,0.37898281472828577,0.36815540069290914,0.5110515605830841,0.31242087182322176,0.15599395771099964,1.029565734447374,1.742396755665864,0.049952798,2.7022758,2.0,4.25
ds005291,sub-008,0,Cz,1000.0,-10.414806365966797,0.324,3.4486193656921387,0.45,13.863425731658936,0.05548503039060833,30.0-100.0,62.421168535084114,-1.5376228075724114,4.292776793671501,1.2229621476523749,0.33984178642057017,1.621532338163862,0.038337302930976466,0.333061325871486,0.05993132737483823,0.20841237351157088,0.5054201788212638,0.4064046139989082,0.23072267501556137,1.0340994240643038,1.7172982244873625,0.06744006,2.137051,2.0,3.75
ds005291,sub-008,1,Cz,1000.0,-30.461790084838867,0.161,13.152419090270996,0.308,43.61420917510986,0.045151384044410756,30.0-100.0,-136.62767574666879,-100.67589613607042,52.16207091472258,20.51752263248033,8.198636221171217,6.190825894590752,0.08134954327206782,0.4616543572246461,0.057528323990315156,0.2734087767388003,0.48301070712592076,0.2889123356197366,0.11394945969582083,1.0235602840141067,1.8822890893463224,0.04350811,2.58114,6.0,3.75
ds005291,sub-008,2,Cz,1000.0,-9.85146427154541,0.15,11.576227188110352,0.3,21.42769145965576,0.02394068476928434,30.0-100.0,-3551.7357841499575,13.927649920418922,45.58827424552147,6.700246897706976,0.46452335790047755,2.875044123247911,0.06791465073180308,0.13591764671336562,0.09334160314227816,0.4365741837420912,0.502190666642426,0.28023943808696083,0.10089972075803895,1.0294668790833033,1.812768990767248,0.036683824,3.5564766,8.0,3.75
ds005291,sub-008,3,Cz,1000.0,-17.5839900970459,0.15,5.303264617919922,0.353,22.88725471496582,0.022193704607434587,30.0-100.0,-143.8897670440917,-168.39542425269073,15.171356391695046,7.670885450170517,2.8510001735073343,1.8645808323969717,0.04599265288264517,0.6157339847169426,0.18762346601519192,0.21817629169240457,0.5030511615627985,0.31926363136546715,0.15737840962822794,1.0287474350110355,1.8321118668006806,0.048181996,2.5900862,3.0,3.75
ds005291,sub-008,4,Cz,1000.0,-20.6857967376709,0.192,10.012096405029297,0.343,30.697893142700195,0.05416759374473287,30.0-100.0,24.583935802106886,-556.3465577479699,21.282884045261124,17.201204014142,2.0523969658736254,4.766354070651809,0.08995394076330891,0.30666932098522465,0.08461213260298377,0.2677186289869533,0.49047237822706236,0.29989564985820966,0.14218339880797665,1.020912367051675,1.8932302178186398,0.048345648,2.3858006,4.0,3.75
ds005291,sub-008,5,Cz,1000.0,-28.11725425720215,0.189,23.402568817138672,0.323,51.51982307434082,0.0438380337294039,30.0-100.0,-200.10262441047138,-534.2324677484057,119.11669952358706,20.800763705991354,5.970267820834584,11.130015064985985,0.1654660163377346,0.15015893607313258,0.4041375713997415,0.5631627777718743,0.4779450948229139,0.26812069530138427,0.0894626888139342,1.0148550990041452,1.9080943439602212,0.03375248,2.9052641,9.0,3.75
ds005291,sub-008,6,Cz,1000.0,-4.174594402313232,0.169,9.29324722290039,0.3,13.467841625213623,0.03598171568507208,30.0-100.0,70.2288305576301,-84.49824634849506,37.252733101458446,6.465290415697171,0.9459057671909987,1.2560844691170505,0.09220326087871665,0.476301717621339,0.4797335539954726,0.26762031729211144,0.505058702584711,0.28089887964926485,0.1089454987197044,1.0284030991587638,1.8845144634374733,0.036816645,3.4502354,3.0,3.75
ds005291,sub-008,7,Cz,1000.0,-5.3399834632873535,0.172,9.04274845123291,0.327,14.382731914520264,0.002367160967878681,30.0-100.0,81.53956324787573,-44.7963251842321,7.2706388712723165,2.6803543909011482,1.3219770395530843,1.065045852549002,0.0458786005041177,0.531906133936152,0.11586548359625692,0.43243226377764316,0.49315859705755827,0.3438473213929416,0.20128846251713958,1.0228777446468935,1.785805852391265,0.056527935,2.1571908,2.0,3.75
ds005291,sub-008,8,Cz,1000.0,-26.722639083862305,0.191,14.300010681152344,0.329,41.02264976501465,0.03398691071815314,30.0-100.0,1.156475029263992,-252.36499373997802,55.025909373021946,29.52762925532232,0.4586753550168543,2.232182690342444,0.10543269301391173,0.5742429951373955,0.3798685915929348,0.2922630176070944,0.507986344887343,0.24779965810552362,0.1027525417383926,1.0249067229461193,1.8988689750485457,0.03787821,3.3108792,5.0,3.75
ds005291,sub-008,9,Cz,1000.0,-20.08264923095703,0.168,10.025797843933105,0.305,30.108447074890137,0.025713461100888187,30.0-100.0,-1028.5496557560434,-168.08588777543739,26.963643572571275,18.94621823921585,1.3612406235291608,2.557283391417329,0.047128174631803736,0.8074449464893813,0.2036840744587734,0.3230927570103743,0.47284145128048594,0.26262773692571695,0.12230017305502211,1.0179771988348831,1.8731425281529792,0.04098173,2.6373875,5.0,3.75
ds005291,sub-008,10,Cz,1000.0,-29.386728286743164,0.207,10.865727424621582,0.364,40.252455711364746,0.011262363983374704,30.0-100.0,19.970048409205784,-177.26981111278707,44.33577492022752,19.282341400341245,2.098398818556926,4.2774751410301715,0.042945041607589635,0.5476718341204034,0.29003609714870904,0.19992249656747166,0.4893639352221141,0.28170649884237176,0.09046469501287774,1.0178963385932047,1.9203505029313384,0.036542743,2.909186,4.0,3.75
ds005291,sub-008,11,Cz,1000.0,-9.143153190612793,0.231,11.568071365356445,0.373,20.71122455596924,0.13657768644198168,30.0-100.0,-1190.6864644558275,-203.00985627299832,3.521151733186745,10.815229849863,0.8623992794758734,0.8886488636213454,0.3204951154456293,0.18949208784419586,0.22497399776489654,0.260405146095053,0.5092616637452468,0.28864316410972635,0.15029418879429207,1.0333256676395974,1.8833874135383497,0.046913754,2.9156141,3.0,3.75
ds005291,sub-008,12,Cz,1000.0,-10.401867866516113,0.167,9.008392333984375,0.344,19.41026020050049,0.01511264937993505,30.0-100.0,-12227.995229209462,86.00022106384073,6.198857388935661,1.3901448077816805,2.9507495719240717,4.507328079730173,0.04214880683018345,0.17824395028390858,0.1938450301171579,0.4724393798322873,0.49409281516675685,0.40025806767142047,0.26851322427914953,1.0325600118712281,1.732359494719548,0.08253115,1.5671519,2.0,3.75
ds005291,sub-008,13,Cz,1000.0,-6.569441318511963,0.15,6.455152988433838,0.3,13.0245943069458,0.0587400869761268,30.0-100.0,-0.348312364182037,-154.09635434367422,40.11519767600344,58.430891852003086,10.840029880553319,3.7796347268694768,0.09799526725482689,0.4154024868819841,0.3366964159169515,0.42479441901068415,0.47349590619937126,0.27685778428773383,0.08646161892865065,1.0134809221939067,1.8842532635836624,0.040690534,2.2060115,2.0,3.75
ds005291,sub-008,14,Cz,1000.0,-6.515981674194336,0.28,11.839391708374023,0.55,18.35537338256836,0.013315529312471382,30.0-100.0,-5256.502503257471,-369.65661181171106,1.6763682635325305,4.565718965181102,3.427779899453217,1.458502117209508,0.1464157564160942,0.36150739895400474,0.2561894828958682,0.24970093206069208,0.48737915631072143,0.3311278330914961,0.17082939240521972,1.0196388473472993,1.8570880613321668,0.049837068,2.3068342,2.0,3.75
ds005291,sub-008,15,Cz,1000.0,-18.04003143310547,0.151,15.81367015838623,0.43,33.8537015914917,0.02734513366318843,30.0-100.0,-48.7579619472174,-128.0256914823513,10.794479759631226,17.05421168319922,7.130392251348125,2.8570566169264318,0.045958753926985986,0.7846723304389047,0.6199982781981893,0.2851751198442715,0.48101209071297596,0.28393824748166335,0.1304514455395377,1.0187899071477466,1.9185510044881047,0.045954883,2.1727722,4.0,3.75
ds005291,sub-008,16,Cz,1000.0,-6.411187648773193,0.19,6.343503952026367,0.3,12.75469160079956,0.10008919728060187,30.0-100.0,-2143.3483599376036,-75.98881375380422,1.4783361312684156,9.380968045712047,1.0990459103960037,1.7826720993639227,0.12983223211379977,0.45297180656465125,0.32511451700203264,0.591169295116148,0.504966325692237,0.2993683021589716,0.18163210924101938,1.0268433648730335,1.8845048360323002,0.055308715,2.19415,3.0,3.75
ds005291,sub-008,17,Cz,1000.0,-27.39895248413086,0.188,24.267311096191406,0.3,51.666263580322266,0.07253437865584887,30.0-100.0,42.36073721298796,32.1812478908825,72.99602521246466,33.06395867291619,11.892733907329122,5.651923457778717,0.10839068167440385,0.6349933597572707,0.18555596531829693,0.5489084797752396,0.4786756287600254,0.26243927233855885,0.12038307345462375,1.0169447280937376,1.891220969993742,0.040037367,2.6320405,8.0,3.75
ds005291,sub-008,18,Cz,1000.0,-30.147611618041992,0.342,16.022117614746094,0.487,46.169729232788086,0.00771944571469916,30.0-100.0,-333.28994801738395,-1605.9010821733693,12.074231836824914,11.590972592378165,3.225713604430644,4.134570338352935,0.10357155265382802,0.4150992411104525,0.2644030174967907,0.3839812262817341,0.5074541784526628,0.3167403089312575,0.09716977244650267,1.0237856251732718,1.8224201645837868,0.04340636,2.674582,4.0,3.75
ds005291,sub-008,19,Cz,1000.0,-25.457521438598633,0.156,16.306867599487305,0.301,41.76438903808594,0.008007959799777472,30.0-100.0,-1558.1010795379032,-183.46489638973347,54.01671766308648,21.34829991136354,7.933180684122471,5.2453889653653105,0.04285473998323446,0.4141441850961733,0.11383234981947764,0.10089515117446886,0.5067210110826539,0.26716949673492724,0.08787609034500139,1.0233880522982342,1.862192033549092,0.038933452,2.7782474,5.0,3.75
ds005291,sub-008,20,Cz,1000.0,-5.958466529846191,0.229,7.669538497924805,0.33,13.628005027770996,0.06727634478466386,30.0-100.0,-120.32867208605798,-383.1192755320236,11.13431752720366,14.170569399750056,6.1095606341346125,4.967024396861034,0.10067438647128815,0.40617972062059493,0.08067550879164806,0.26497401653881564,0.508280881303945,0.35367355964705266,0.18952826077054896,1.0286244962101585,1.8514739353965801,0.060781583,2.019222,3.0,3.75
ds005291,sub-008,21,Cz,1000.0,-16.947221755981445,0.185,3.6209983825683594,0.35,20.568220138549805,0.018623762797098275,30.0-100.0,1.866593111524105,-508.6061350573781,38.92537306469103,25.272108341559985,7.812478566143277,11.728155498003193,0.027741474653647576,0.2944864299249718,0.323036690171409,0.1997935026851025,0.490214311164247,0.2926152185726685,0.11905165359520335,1.020299841971313,1.8760354018503809,0.05039684,2.192963,7.0,3.75
ds005291,sub-008,22,Cz,1000.0,-31.74603843688965,0.15,13.032293319702148,0.336,44.7783317565918,0.009958121980801999,30.0-100.0,-783.967836171628,64.80204644936452,117.68407959255342,21.488947291485346,5.369013872051344,2.0151234662923114,0.05264733854865211,0.5595841364641733,0.566121442526404,0.26865380283444995,0.48785647937853593,0.24030824709318777,0.10263877169289057,1.0314597562690007,1.865153787273759,0.036509223,3.2331831,9.0,3.75
ds005291,sub-008,23,Cz,1000.0,-24.229660034179688,0.15,9.812002182006836,0.308,34.04166221618652,0.055845961971906964,30.0-100.0,-38.996614929844434,-207.80012111409135,123.95116571051696,26.29548807387612,10.930666251399538,4.542176004966409,0.1512582922404797,0.26800303695719585,0.34616812224667765,0.3069777116325683,0.5031954597193273,0.22067029756035444,0.06972444540692381,1.0170155886557175,1.9692204278716599,0.032176077,3.0650394,8.0,3.75
ds005291,sub-008,24,Cz,1000.0,-5.699556350708008,0.194,7.371790885925293,0.448,13.0713472366333,0.009075069149174709,30.0-100.0,64.32326675060277,6.110397516976731,49.40888196329165,8.636346932388967,3.0788575504781397,1.999993615274159,0.028529241161690932,0.3661396811130811,0.2192861838085646,0.17464364450870454,0.4876129110220167,0.29439592418588584,0.1079277020105362,1.022561648201814,1.851035747246107,0.038653236,2.8069208,8.0,3.75
ds005291,sub-008,25,Cz,1000.0,-15.959515571594238,0.35,2.426640033721924,0.55,18.386155605316162,0.01389280320249366,30.0-100.0,-164.20026403398137,-46.294054402267605,3.793349408944624,7.039073966319498,3.481144248843855,1.7575452406037924,0.0798333916752774,0.8601117842893894,0.20614874110631107,0.483663394043231,0.4929507128916696,0.3077444707318596,0.12218740728221968,1.021133660464118,1.877530525827926,0.038448665,3.0129042,3.0,3.75
ds005291,sub-008,26,Cz,1000.0,-12.726571083068848,0.35,29.83740234375,0.475,42.56397342681885,0.0702549565936176,30.0-100.0,43.91581482699808,61.804706865913374,12.037912563531433,5.868313050561156,13.12770457167207,6.209017231349279,0.09727543152068507,0.7705235533946486,0.4846189279368563,0.41704391945118174,0.47293031828062243,0.33558472977599085,0.206508387258419,1.0150015570719826,1.872733117772128,0.059155706,1.5796481,5.0,3.75
ds005291,sub-008,27,Cz,1000.0,-2.532505512237549,0.321,8.552958488464355,0.535,11.085464000701904,0.009720425060615535,30.0-100.0,84.38083448593655,35.26252547897845,1.2187687855846476,0.36786149124657264,0.8845606965574124,1.774696798087588,0.031839747893793215,0.1826267947198893,0.09402760410848195,0.5080620654186379,0.4937447271775749,0.36044148714064567,0.24831291435707692,1.0238368594517135,1.7688086628847592,0.071705975,1.7392427,2.0,3.75
ds005291,sub-008,28,Cz,1000.0,0.2070833444595337,0.15,10.653054237365723,0.342,10.445970892906189,0.003347237626643336,30.0-100.0,76.56465487370131,-238.28589550210694,4.931794948768404,2.3058681654744877,0.38878914882551957,1.3277800298904738,0.06459961197009446,0.6655468249683284,0.3010319156792503,0.23068607969898772,0.49841825089556296,0.341431318023392,0.13616302376389394,1.0361871456280003,1.7322828905252141,0.051793214,2.7001953,2.0,3.75
ds005291,sub-009,0,Cz,1000.0,-15.576528549194336,0.249,13.399463653564453,0.532,28.97599220275879,0.06782661917340904,30.0-100.0,-145.05556102565652,-423.8685794088078,19.06406601578758,4.689047855224779,0.8413798768036105,2.6216238952106425,0.058279118115271616,0.3344749783786686,0.8540764529946551,0.48325700481315054,0.5001726182599197,0.3036086857351749,0.15428942419099106,1.0312970405658295,1.7517605038820718,0.04965166,2.6513982,3.0,4.25
ds005291,sub-009,1,Cz,1000.0,-17.905235290527344,0.15,1.1962664127349854,0.512,19.10150170326233,0.025306048907602532,30.0-100.0,-701.2360740910328,-422.99419445744826,51.233520253781606,43.51153675379949,9.396407104094207,3.1644327650787294,0.10796142825340106,0.5575581231896881,0.817844247053145,0.5607759016426414,0.49464040004417764,0.2511307814629591,0.09206974213505771,1.0212470339468742,1.9137358632376964,0.03867633,2.7175262,4.0,4.25
ds005291,sub-009,2,Cz,1000.0,-29.311386108398438,0.15,3.831636428833008,0.3,33.143022537231445,0.040448947403056004,30.0-100.0,-5007.367386925065,-91.21306782040227,52.25599248718871,47.72057729079641,14.314683243119624,1.9299415695779725,0.03496180195852138,0.5311046367515151,0.615355994992784,0.4789452771969563,0.4981155102273119,0.26468773699873915,0.11121522361315511,1.025541013539881,1.9299023377438065,0.04185654,2.6387966,4.0,4.25
ds005291,sub-009,3,Cz,1000.0,-11.088409423828125,0.296,5.664478302001953,0.546,16.752887725830078,0.05548130242663897,30.0-100.0,6.247825681779811,-172.85205511264942,8.586139446093425,46.69889731624149,5.38185976453944,1.972602674123582,0.04678634831798643,0.18820570177984727,0.8271956441100322,0.49918559179297683,0.4985167430571384,0.28910654597807384,0.15859683957589893,1.0219228517040495,1.9133925502882103,0.051203143,2.165247,5.0,4.25
ds005291,sub-009,4,Cz,1000.0,-11.588858604431152,0.15,-2.8109688758850098,0.388,8.777889728546143,0.02341799597793165,30.0-100.0,47.95403322607942,-266.83171782707626,12.769355361125577,16.05956251428077,2.8364801248091034,1.4202636041235046,0.1296556444305431,0.4957884830266609,0.3071204433837593,0.40539880887293683,0.49990699081105,0.28987389020126186,0.13211031395981748,1.0274823285508414,1.8647863890745469,0.041505318,3.1908684,5.0,4.25
ds005291,sub-009,5,Cz,1000.0,-33.01993942260742,0.164,-2.764346122741699,0.3,30.255593299865723,0.11264567574528914,30.0-100.0,37.87162495488047,74.080221688286,72.30481138239955,31.62633989018685,5.025064442451469,5.345643612739115,0.18347683812666046,0.1996543832948279,0.8930502399835316,0.6483423576991361,0.4883852067653953,0.23249507045153245,0.08545737512289553,1.0199178194612226,1.9337758320078131,0.02868277,3.714421,6.0,4.25
ds005291,sub-009,6,Cz,1000.0,-8.9429292678833,0.321,14.295398712158203,0.516,23.238327980041504,0.16746175608174033,30.0-100.0,-1107.0182641328101,-54.79482167469971,17.65591084758661,54.75794488396681,19.107422209474013,5.343062499254843,0.16332058844280314,0.3071034414419199,0.8635168886689196,0.703518257479264,0.5077126565024686,0.29931119089449276,0.14955070678913113,1.029974025213187,1.8709577439840361,0.050362807,2.4063816,7.0,4.25
ds005291,sub-009,7,Cz,1000.0,-22.897863388061523,0.151,5.568897247314453,0.41,28.466760635375977,0.09566893315117204,30.0-100.0,-72.03590284988324,-6.567999165665244,34.58677200842379,38.425608295182414,0.923119229031985,4.1690840159483935,0.09012634568215841,0.4897870517704873,0.7118068283990963,0.285982850682007,0.500367588889827,0.22352276068902147,0.1442496088445468,1.0239957821593793,1.8510825777667634,0.04784963,2.6457152,7.0,4.25
ds005291,sub-009,8,Cz,1000.0,-22.401782989501953,0.15,4.929534912109375,0.328,27.331317901611328,0.026031016057103406,30.0-100.0,-13610.802176266026,7.726636333575519,25.181765032396726,19.55852921345125,12.648616329282024,3.079164535485283,0.046717861259866704,0.29505901125731815,0.9117648832281875,0.7989487866798743,0.4981080811797511,0.29368224849068403,0.12817956362838115,1.0241183788356318,1.8940879890093667,0.046082363,2.2383616,7.0,4.25
ds005291,sub-009,9,Cz,1000.0,1.617258071899414,0.35,15.615348815917969,0.318,13.998090744018555,0.003889744332125465,30.0-100.0,-730.750206752969,30.174090834753013,29.348452797740464,27.88750524658473,13.214942220842403,2.1953383475112074,0.03081317697465273,0.45588105225377246,0.7285323999348122,0.7031932625696381,0.4854014542667993,0.2870010316949957,0.12333910439745469,1.0182541789971054,1.8775113590128536,0.04046277,2.65282,8.0,4.25
ds005291,sub-009,10,Cz,1000.0,-11.304692268371582,0.255,3.418318748474121,0.329,14.723011016845703,0.1129641369837477,30.0-100.0,-21.809139550082424,37.905046575847884,6.71174708799305,32.420560601813406,3.314463547808217,2.417332198177273,0.2406619918021581,0.5422230354221595,0.9367646733619522,0.5388439341910438,0.4952212738406296,0.2999323642920155,0.20559294302601042,1.0231450093194532,1.8557362630449161,0.055537857,2.140256,8.0,4.25
ds005291,sub-009,11,Cz,1000.0,-12.978292465209961,0.15,3.994540214538574,0.302,16.972832679748535,0.0975626082815007,30.0-100.0,-4175.953385619322,-560.1072879655165,36.5823656816726,68.65483727492185,4.000674044252369,2.2866253334859366,0.275350312105604,0.550041890600648,0.8053490870116446,0.5346952374480577,0.5039304441284446,0.24101444621640458,0.11422219771324647,1.0255216972717809,1.9291731108238037,0.03790067,3.118202,9.0,4.25
ds005291,sub-009,12,Cz,1000.0,-37.46632385253906,0.15,21.114418029785156,0.334,58.58074188232422,0.043255951689831276,30.0-100.0,-716.3166789783754,-196.00453820469258,218.41694009423122,30.283534698825044,4.0503472387459905,3.653552279818997,0.14013309796771856,0.33281368345660656,0.8192458396015267,0.6525807150669378,0.5118453150204264,0.19482419019809646,0.06472492002224496,1.0258407723889025,1.901438669194725,0.027339475,4.1400213,10.0,4.25
ds005291,sub-009,13,Cz,1000.0,-10.937414169311523,0.322,3.226076364517212,0.431,14.163490533828735,0.023488367311621385,30.0-100.0,-74.74463801270723,-148.63222067120947,2.180703869141167,4.249427943065614,1.5895117599347584,1.4021759754569827,0.05665022680521114,0.345606529114357,0.5154157869470567,0.43893240491009605,0.5024978230587988,0.34390798922085275,0.17394746738342326,1.0256172673471253,1.7996417190155771,0.053711914,2.4554048,1.0,4.25
ds005291,sub-009,14,Cz,1000.0,-12.012649536132812,0.31,-3.36694598197937,0.368,8.645703554153442,0.027488963406575466,30.0-100.0,-170.4187004490445,-133.53085244426606,4.312115953976782,3.6745222241976414,0.323554039927619,2.36210521914222,0.12888137354194854,0.20095143736010343,0.6013483088400301,0.31205586916994443,0.5158680899139528,0.36322252454972986,0.15596698984456117,1.040367921400074,1.748183253095385,0.04783126,3.033052,2.0,4.25
ds005291,sub-009,15,Cz,1000.0,-21.325454711914062,0.163,7.522730827331543,0.463,28.848185539245605,0.002658812092312021,30.0-100.0,-912.1543312779881,-54.97395083809793,12.361298655299315,29.4377589463923,2.0722679372103707,2.424990098828348,0.07981670577324233,0.0437453936194647,0.7414675120161835,0.8096938342522091,0.4949430314102631,0.2567857862043665,0.14854368698674728,1.0260585480210314,1.8241707436954895,0.04933331,2.5032413,2.0,4.25
ds005291,sub-009,16,Cz,1000.0,-20.002771377563477,0.15,22.787548065185547,0.3,42.79031944274902,0.051484865190020504,30.0-100.0,-1789.8610766629972,1.5630396325650224,40.75350745536643,19.932144754602433,2.582925604397925,2.5315246566485086,0.06850645645161123,0.3210533527541921,0.6895068251835454,0.533569094571831,0.5017812267322531,0.24061882755327912,0.09918148474456095,1.0244064058029954,1.8757760808834514,0.038183488,3.2889128,3.0,4.25
ds005291,sub-009,17,Cz,1000.0,-12.8059663772583,0.239,11.459070205688477,0.442,24.265036582946777,0.07951330258272313,30.0-100.0,-590.2103377644332,48.81515225184287,11.790369776853844,9.126285072436739,5.122699430594831,1.7541188604046443,0.17321505108721594,0.2983685908962219,0.5139635910581016,0.5058328233744864,0.49538365965565634,0.3252621862852135,0.16898599172687537,1.0287827102043277,1.832956216142417,0.053884353,2.2615159,4.0,4.25
ds005291,sub-009,18,Cz,1000.0,-17.427871704101562,0.15,2.00528621673584,0.306,19.433157920837402,0.13551460031520274,30.0-100.0,43.0693249554556,-109.32920688009742,21.09858251438289,8.439628053849333,0.22270097154359036,2.0665550184798955,0.2477499963833315,0.18161513455952358,0.6175383241568361,0.33955244997117423,0.5049560002937694,0.2833723853462712,0.13523777074575213,1.031898417388444,1.8131172595915241,0.043001145,3.024413,4.0,4.25
ds005291,sub-009,19,Cz,1000.0,-24.408662796020508,0.157,12.12972640991211,0.473,36.53838920593262,0.25007306066512,30.0-100.0,-432.60872998501236,-151.86864990005373,18.741091136530155,53.63771944543497,3.7482150651506263,1.8131544402119317,0.4698137685046931,0.6213265018366572,0.842471728675134,0.7096224902216877,0.4949326536025173,0.24344279090759957,0.10474036981084606,1.021435971963094,1.9089090235852564,0.043172836,2.5452402,3.0,4.25
ds005291,sub-009,20,Cz,1000.0,-28.52790069580078,0.15,8.080801963806152,0.522,36.608702659606934,0.13334524840455853,30.0-100.0,-168.06006339261853,-25.717683197050373,66.69801930079316,61.36560598832786,8.246223087713004,4.790477264469921,0.28064870375276296,0.2633224784967756,0.8138276030822255,0.5898779684951915,0.5061850026253017,0.24944944324788765,0.10188278914607234,1.0302446493823012,1.9000239883466707,0.04195767,2.9593756,4.0,4.25
ds005291,sub-009,21,Cz,1000.0,-17.041698455810547,0.157,7.24891471862793,0.495,24.290613174438477,0.05131949971902511,30.0-100.0,-292.1465791365758,3.4369951805633465,9.536346637713127,31.262615809297717,1.9427509471922946,1.1571345584142485,0.11238848120020653,0.3975243540902736,0.7903395738625768,0.4097657630860999,0.4929945594307561,0.2116834914793889,0.12652031276172226,1.0258991383046814,1.930513169110382,0.042900555,2.703426,3.0,4.25
ds005291,sub-009,22,Cz,1000.0,-9.132890701293945,0.15,6.715130805969238,0.417,15.848021507263184,0.1167488333436652,30.0-100.0,-1007.3644874472409,45.098668661684876,3.681880652441433,0.73418474356157,0.9200863548441811,2.7182206188997324,0.10128752935100475,0.5074082003770085,0.4665388144287052,0.42172154622175173,0.5095043272006933,0.42791388769332156,0.28975799757919324,1.0376320900778413,1.6848093454507929,0.085920736,1.7597909,2.0,4.25
ds005291,sub-009,23,Cz,1000.0,-4.544593811035156,0.15,16.56313705444336,0.376,21.107730865478516,0.03665134941421362,30.0-100.0,-623.6254798222412,-96.99108975073509,20.434429325353555,26.454222718301274,0.7821660856824866,2.212502701119101,0.08003151402424599,0.2735023900589328,0.8849512961799014,0.6936807484034481,0.5051254821044403,0.2793425711638145,0.13334016975368465,1.0345945593636785,1.8449955494545236,0.044372953,3.1331916,7.0,4.25
ds005291,sub-009,24,Cz,1000.0,-15.35641860961914,0.15,6.690756320953369,0.3,22.04717493057251,0.030678407989976897,30.0-100.0,-2516.0819895510717,-35.681127712557654,29.38068455517226,33.51984807309776,1.704833913722657,3.588261490028256,0.10715670078327755,0.22801572321648417,0.5358589264637927,0.5440049615265875,0.5096703393003731,0.23654286407045158,0.10641846286165976,1.0307222194634313,1.8680088515889053,0.03598118,3.6496458,4.0,4.25
ds005291,sub-009,25,Cz,1000.0,-12.130949974060059,0.258,4.714997291564941,0.341,16.845947265625,0.05405135151308382,30.0-100.0,-3354.656719408778,12.784141452613863,8.190140740059059,44.677373439437396,4.74920663796572,2.356813265451051,0.1413088694587965,0.4345659679565653,0.8146695322099788,0.7151607537231597,0.49840240562039567,0.2625470402440136,0.1636677515864322,1.0225445267144375,1.8755811974955656,0.052333217,2.3019087,5.0,4.25
ds005291,sub-009,26,Cz,1000.0,-31.53069305419922,0.15,3.093679428100586,0.532,34.624372482299805,0.3275978886730667,30.0-100.0,-1740.6636443347115,-136.05257439383743,27.375846803519092,48.5391336328843,9.428862858559528,10.453450530726094,0.842573700976648,0.2476071065241193,0.7321685481766368,0.47753927122250645,0.5122889803660192,0.2911410605062333,0.13355542360847236,1.029083364977962,1.7958088592344887,0.051854372,2.4941502,5.0,4.25
ds005291,sub-010,0,Cz,1000.0,-20.38902473449707,0.15,19.782209396362305,0.3,40.171234130859375,0.14702477316031753,30.0-100.0,-465.5878115876869,-219.49857944601305,133.094415019011,52.69852277309066,37.43530616379208,4.374751802554538,0.239664181291722,0.4315217816434802,0.5734908712569302,0.49907798769050205,0.4620598422803303,0.27260387204035985,0.10434693084478561,1.01664549078176,1.928422901125269,0.04140698,2.4645886,7.0,4.25
ds005291,sub-010,1,Cz,1000.0,-15.691852569580078,0.248,12.745023727416992,0.362,28.43687629699707,0.05435015353375746,30.0-100.0,-23.394251072302577,-369.7794634471019,55.05499802736543,111.7453538088105,9.573463329861351,10.710569973063395,0.05548025853108362,0.7328551110788789,0.32238067023965655,0.7163714875091969,0.4894658847724052,0.3072969143151201,0.14798619229957857,1.021413354886168,1.7671957695156955,0.04882132,2.2781982,8.0,4.25
ds005291,sub-010,2,Cz,1000.0,-26.428298950195312,0.173,13.428740501403809,0.318,39.85703945159912,0.39247091240209603,30.0-100.0,-131.8616673359208,-27.572588149913656,78.41847765855863,68.85535232764106,53.048007893112455,6.738968912954466,0.5304507945364899,0.689022709478973,0.2864098593526072,0.7272231253380499,0.4856037829272685,0.2876149027439555,0.13618738189095997,1.0177786557787794,1.8147130425641558,0.048294805,2.2132537,6.0,4.25
ds005291,sub-010,3,Cz,1000.0,-32.051490783691406,0.15,10.41979694366455,0.312,42.47128772735596,0.1085505149977867,30.0-100.0,-2269.7951025969173,-287.92975634118244,109.9568619976827,71.71443194051693,12.299121815409434,3.6358779025461514,0.13672107944334091,0.6253739275878633,0.31671378495849495,0.5568166933234372,0.48555813742277787,0.2759178998757675,0.10444842587147446,1.0184288082837416,1.9386869138047464,0.040593494,2.3145494,8.0,4.25
ds005291,sub-010,4,Cz,1000.0,-21.255355834960938,0.15,18.74637222290039,0.39,40.00172805786133,0.1589965855552198,30.0-100.0,-496.61514193019667,-42.68349816536669,15.121770090321192,33.096294424245414,86.36984999780518,8.91530706023138,0.14056211846371083,0.9430148262474013,0.5295907367932435,0.6276595007659385,0.47829220611208484,0.292820022398207,0.1862022685526978,1.0125267606868322,1.8936113262017682,0.060567003,1.5341353,5.0,4.25
ds005291,sub-010,5,Cz,1000.0,-29.533849716186523,0.15,9.38078784942627,0.339,38.91463756561279,0.1075684571753576,30.0-100.0,-393.52424666949315,-272.3106929406092,85.66944660013179,54.002318345217006,26.397866493589206,3.768831468729941,0.3209653466805544,0.5051036734947478,0.2357688026774391,0.402022354392622,0.4969128752500459,0.2654649786579202,0.10170217717987938,1.022519183706257,1.9474329348621615,0.042275846,2.5566032,7.0,4.25
ds005291,sub-010,6,Cz,1000.0,-21.52178192138672,0.171,18.55560302734375,0.325,40.07738494873047,0.027475025135315884,30.0-100.0,-9.998616040380199,-0.0704905475159033,157.01200800651185,87.07506304708093,61.10130589492577,4.441911207882069,0.06457750720717284,0.897654242176902,0.3089922076103123,0.7341233878161036,0.4736069789026023,0.27282002411903417,0.12059130450016114,1.0085410705484823,1.8435483035823834,0.041294698,1.9431525,9.0,4.25
ds005291,sub-010,7,Cz,1000.0,-17.46004867553711,0.15,23.823469161987305,0.301,41.283517837524414,0.06345021362872189,30.0-100.0,-3083.389823976502,-141.2122985547286,128.23773806420598,58.53103612292223,52.56988046965772,8.37100905001362,0.240057516750635,0.6767051066256483,0.12807392964952619,0.5924532915683774,0.4887452633847384,0.33258490881066244,0.12936015192433192,1.0179376979148536,1.8765757042840876,0.04724822,2.1886647,8.0,4.25
ds005291,sub-010,8,Cz,1000.0,-19.210498809814453,0.201,15.152792930603027,0.468,34.36329174041748,0.06496025837737099,30.0-100.0,-3745.8730825608436,-321.0463807354217,29.922784896325588,9.567084260177403,2.466728631717119,8.566541285083508,0.3005104807066163,0.6832531899053117,0.11655074070110333,0.12725621636008402,0.49578952862486253,0.34471164333482174,0.1939977890960916,1.0265020155415485,1.791120281171001,0.05757925,2.2615106,7.0,4.25
ds005291,sub-010,9,Cz,1000.0,-27.882843017578125,0.161,10.214557647705078,0.463,38.0974006652832,0.5355552691827636,30.0-100.0,-12.129458106743112,-145.42812329090387,127.85087018113553,122.86911688157906,51.632023810281865,8.418758787404947,0.5771337013607575,0.6528559051131654,0.2816536355040125,0.6315726290427944,0.4777763636313673,0.2826065898474598,0.12164222719305813,1.0154343212565917,1.8788656352437147,0.045552894,2.1893873,10.0,4.25
ds005291,sub-010,10,Cz,1000.0,-21.71575927734375,0.15,16.789615631103516,0.313,38.505374908447266,0.0664017220282441,30.0-100.0,81.86782912504249,-205.05121317967303,90.48955369075051,79.43986708527797,30.79847966658818,10.28465382448841,0.27473191488535986,0.33455966334041165,0.10732891803365906,0.6006039925926533,0.4763065057033756,0.3112450233686263,0.15712614923606466,1.0159740578827425,1.909061664392527,0.048561238,2.0177836,7.0,4.25
ds005291,sub-010,11,Cz,1000.0,-49.35527038574219,0.15,11.322511672973633,0.531,60.67778205871582,0.0761050014084595,30.0-100.0,53.69154006365543,-417.86503824807227,121.07555292025788,143.9244972085053,4.518264340242986,4.997380259762063,0.16903518469003162,0.8841521210654855,0.06837158406156034,0.640629454252976,0.4811282666706764,0.225427023913397,0.10045262406575282,1.0184679654209345,1.9498471307515695,0.039212372,2.5403912,5.0,4.25
ds005291,sub-010,12,Cz,1000.0,-37.13621139526367,0.15,8.781807899475098,0.38,45.91801929473877,0.1913764194441298,30.0-100.0,85.88135389377423,46.41394557336797,166.08338350725757,70.7023029983639,7.468939356745677,3.2962125971020253,0.23147495086131967,0.6419383717131022,0.1161493193299495,0.2879495050036589,0.48725047916180925,0.22713438589919158,0.08157515141417236,1.0208345090849618,1.9532143888994313,0.032213874,3.1365702,7.0,4.25
ds005291,sub-010,13,Cz,1000.0,-15.385920524597168,0.18,15.45438289642334,0.436,30.840303421020508,0.03722917962800445,30.0-100.0,54.31614114209842,-90.87949963960814,21.568987398645056,3.98728750918999,1.2009351883294443,5.504379627789958,0.18008100065949134,0.4329127490310487,0.06836203898112315,0.36301210618911733,0.49760475070874494,0.3706598644983353,0.19415422828172668,1.027724050872426,1.8080536951720878,0.05647444,2.2496066,4.0,4.25
ds005291,sub-010,14,Cz,1000.0,-20.349435806274414,0.15,27.549409866333008,0.341,47.89884567260742,0.02917421130631465,30.0-100.0,-597.701953508039,-22.487531961219005,119.8262713196275,49.80768718147913,56.90598990623481,4.324228210285819,0.0563813039470471,0.8052767638905675,0.42126391684933506,0.6798344949764858,0.4744693905743801,0.30184406117504814,0.13160018120952544,1.013948914430145,1.8994796262610647,0.050496373,1.846701,6.0,4.25
ds005291,sub-010,15,Cz,1000.0,-40.46053695678711,0.17,13.44577407836914,0.305,53.90631103515625,0.590535005587657,30.0-100.0,-549.6147428565598,-593.0243325705319,144.62356059321024,49.014105251706006,19.018168719309678,7.955482419782816,0.7326826052674097,0.5559386980082476,0.7335299812014145,0.17739177266092748,0.4960936615799363,0.25922142740666215,0.12431535813537481,1.020366408914563,1.8587129214432627,0.041340247,2.7734087,6.0,4.25
ds005291,sub-010,16,Cz,1000.0,-27.784442901611328,0.157,8.544561386108398,0.55,36.32900428771973,0.06418512598251391,30.0-100.0,-93.39351005873438,-20.015958654564773,15.758046564066184,44.74864604073544,7.974937144712391,5.371327488192176,0.240442448791147,0.5443486328981583,0.5772165810189824,0.6163901977937408,0.47960286973405536,0.31525125006936655,0.1875972732693564,1.022319014128629,1.8706107373613943,0.05781936,2.0015938,4.0,4.25
ds005291,sub-010,17,Cz,1000.0,-11.458868980407715,0.166,23.13780403137207,0.323,34.596673011779785,0.039931316805053074,30.0-100.0,-778.2957890173387,-17.705125028826053,72.03401444887082,50.3544929157219,11.721726924544829,5.2242574099033705,0.058379766453007964,0.5684699129600573,0.5817534553420933,0.612775762343235,0.47288109520072674,0.27970379017884023,0.1531641748262894,1.0191946616672953,1.879945567402376,0.045579337,2.3170705,7.0,4.25
ds005291,sub-010,18,Cz,1000.0,-18.509206771850586,0.15,18.285245895385742,0.337,36.79445266723633,0.1087077374188495,30.0-100.0,55.61683568348745,-49.73926962590659,36.0689745362141,29.13953779011005,2.825081646111643,3.7460140542816647,0.25688608163379906,0.4607891048851532,0.33956600187636976,0.40490500785396705,0.48869320148769757,0.29213870567002037,0.14635092986410284,1.02109553048222,1.8849214146290827,0.04623467,2.582362,6.0,4.25
ds005291,sub-010,19,Cz,1000.0,-15.874189376831055,0.15,19.10103416442871,0.409,34.975223541259766,0.1653532097003744,30.0-100.0,17.63562976531512,-76.27919789475669,52.094818352329874,29.692860210643097,8.09874333499142,3.9656871876014717,0.36591961879467116,0.3961594659438447,0.15055812721806183,0.5013599516497487,0.4871683471587159,0.30863832431957566,0.13193312270761098,1.0228944305777607,1.8376442825705077,0.047728825,2.2702992,7.0,4.25
ds005291,sub-010,20,Cz,1000.0,-26.74428367614746,0.15,15.205437660217285,0.516,41.949721336364746,0.1336208765742325,30.0-100.0,-186.52837300236538,-265.4249762604977,76.45323115104311,82.5214280140122,17.578003806094085,4.368470119649378,0.31148024773811506,0.685112550524866,0.22811511226913211,0.6051190211803686,0.4517774780209956,0.27207584393481204,0.16533884324920764,1.0138982030688257,1.9208474639950799,0.045890555,1.7714592,8.0,4.25
ds005291,sub-010,21,Cz,1000.0,-1.9355388879776,0.15,16.59857749938965,0.32,18.53411638736725,0.08741319245447282,30.0-100.0,-374.8351999353227,-44.23950585800262,5.3616266007164075,16.583080164732596,3.6800625453910856,6.381041268000459,0.27466499166691766,0.6871349345705516,0.3897036610218168,0.35778229526726535,0.5053377930935692,0.368366732068987,0.23050565801402256,1.0289689221786746,1.8297801122917186,0.06615926,1.9357995,5.0,4.25
ds005291,sub-010,22,Cz,1000.0,-19.6765079498291,0.197,20.380456924438477,0.427,40.05696487426758,0.12056477994185799,30.0-100.0,-455.63459236640824,-321.80215265378064,47.95303937465316,22.721523450032183,87.06511985448567,4.951504182140782,0.27573872986079995,0.8714785051176174,0.506794964674568,0.6728086697259664,0.4610833734549278,0.27530742201545017,0.18358943169426467,1.0123665160592827,1.860342531165945,0.05532406,1.53092,5.0,4.25
ds005291,sub-010,23,Cz,1000.0,-18.89201545715332,0.186,28.288589477539062,0.332,47.18060493469238,0.0899386017151437,30.0-100.0,-830.2211501702324,-82.0951883616866,61.867101078689686,22.34500851668211,17.005820650107054,7.361545108597762,0.14935483508838823,0.8391624522474895,0.23791892678659676,0.33888671685884525,0.47047996268172976,0.3009503283578796,0.1446390496882215,1.0183976181158225,1.8645350976548838,0.04472725,2.325209,4.0,4.25
ds005291,sub-010,24,Cz,1000.0,-8.441874504089355,0.185,7.181382656097412,0.44,15.623257160186768,0.03357069859351149,30.0-100.0,-401.56800683878265,-471.0368607952945,10.106136214058353,2.6322861225835226,35.41195008916145,3.9643235649338844,0.13721533452837723,0.5998709800332894,0.3571066289871753,0.5651909139451755,0.4786756287600254,0.30522042885512074,0.14676946523806536,1.0154764013755662,1.8634851211968246,0.061106697,1.6189293,4.0,4.25
ds005291,sub-010,25,Cz,1000.0,-19.455669403076172,0.15,9.28757095336914,0.418,28.743240356445312,0.27602600380084674,30.0-100.0,-1221.748543257419,-716.8865651430705,133.96679098148326,120.9694272802355,7.424619433353265,7.654461575533521,0.22236213987100112,0.6482379005951121,0.14832648647700147,0.48091154925351504,0.5042586073733202,0.2694416744761382,0.07999296182506595,1.0211438176125274,1.8298948939297652,0.036631066,2.9602869,8.0,4.25
ds005291,sub-010,26,Cz,1000.0,-8.20543098449707,0.15,8.913841247558594,0.325,17.119272232055664,0.08537848856894081,30.0-100.0,87.23597608401874,-51.782258362530165,133.48197725319307,90.62670073683861,15.794760908323706,5.845582180891133,0.1104120419622752,0.8373136818699155,0.33188137233424675,0.5151138153977018,0.47753770024178477,0.28748174518547964,0.11237816931498691,1.0148337606810032,1.8547912301797842,0.041461136,2.3239625,7.0,4.25
ds005291,sub-010,27,Cz,1000.0,-22.253944396972656,0.15,18.498769760131836,0.464,40.75271415710449,0.06788029326133055,30.0-100.0,-158.9066674381627,-826.4179349858867,94.62736343570077,37.98399225588511,3.506868515374524,9.502667476827241,0.18400146927413574,0.4927326014796541,0.3323056220475059,0.5299955284474261,0.497871923355114,0.31678436852830555,0.10032083319461728,1.0283861630987028,1.7942227368822214,0.036958225,3.12688,7.0,4.25
ds005291,sub-010,28,Cz,1000.0,-8.68693733215332,0.308,14.34589672088623,0.461,23.03283405303955,0.058366291134328854,30.0-100.0,-2396.733471575759,-157.77453666740567,9.518027437910785,20.436573769487893,6.658633991033996,5.665589864060828,0.20880045819733314,0.824114654493576,0.10968165053789064,0.4793304953990042,0.5053046319650596,0.368427334107651,0.23741656935654143,1.0215213418849391,1.8306343199587993,0.070699446,1.6608245,4.0,4.25
ds005291,sub-010,29,Cz,1000.0,-31.267385482788086,0.187,18.928199768066406,0.52,50.19558525085449,0.11822196713673341,30.0-100.0,-151.9094623655919,9.65129553831677,43.816874479744726,31.132843068384297,14.262297044980537,7.151606138154748,0.08828110085963803,0.588739427314084,0.208229058566281,0.5187495682420109,0.5098500707787045,0.3643104609725276,0.16344532952502303,1.0294857972244902,1.7448862491529826,0.055045765,2.4115283,4.0,4.25
ds005291,sub-011,0,Cz,1000.0,-18.13168716430664,0.188,1.1313071250915527,0.3,19.262994289398193,0.3132692657181675,30.0-100.0,-1631.0727485577231,-663.9719821691932,17.61947329115788,13.54461848801963,0.9822139431713155,4.872407873763756,0.35601628166910404,0.6050208592521676,0.3479889993905116,0.08774469267473686,0.5008825835956926,0.3709300358271673,0.18494819717094074,1.0326008504200805,1.72490109703596,0.05870347,2.328693,5.0,3.25
ds005291,sub-011,1,Cz,1000.0,-18.64788055419922,0.256,9.510847091674805,0.388,28.158727645874023,0.10187808679809263,30.0-100.0,-1234.1975135855032,-187.16382689802302,32.9786728277852,10.103327618058064,1.2559688150816561,2.3480147375548452,0.11620628326831177,0.6652001269864023,0.4909878558627783,0.320907671664381,0.5015773423728896,0.2768031624614254,0.12793717654665673,1.0299516606307313,1.8227048166731994,0.041868556,3.1302302,7.0,3.25
ds005291,sub-011,2,Cz,1000.0,-8.703835487365723,0.16,10.909446716308594,0.322,19.613282203674316,0.04621810179372488,30.0-100.0,-314.7759807459227,-124.79947520038994,17.56586695087869,37.666336677712145,0.5974907771199442,3.503390297409432,0.1300451930390732,0.8308198972446289,0.37749872337338,0.6234348771916924,0.4919057809333433,0.2756550954244143,0.14708015649215456,1.021358831810167,1.901688629725405,0.046461135,2.418385,8.0,3.25
ds005291,sub-011,3,Cz,1000.0,-12.779173851013184,0.189,7.346505165100098,0.3,20.12567901611328,0.05922902822893769,30.0-100.0,-587.9101889004783,38.44606182614393,3.716441687944859,21.76537074471155,3.6603634418313966,1.7144354597792506,0.11455195420989396,0.4178707246887291,0.6832340426090056,0.18943934318143021,0.48432926686553734,0.2987081164915321,0.15572031336745895,1.025222551777966,1.8426575553658897,0.047767185,2.3376503,8.0,3.25
ds005291,sub-011,4,Cz,1000.0,-14.472270965576172,0.155,14.20775032043457,0.322,28.680021286010742,0.0969898455462032,30.0-100.0,-412.8396145555433,-146.15361839495753,25.957960664365984,10.917630530356304,0.7799673292136742,4.196496554273082,0.24806047305316462,0.6455825149554894,0.3066047033578173,0.18881996751163552,0.5045534581997098,0.27919563051184226,0.14989203550220226,1.0346873487152928,1.8303437541097571,0.047686793,2.7140357,7.0,3.25
ds005291,sub-011,5,Cz,1000.0,-12.45751667022705,0.165,6.275636672973633,0.3,18.733153343200684,0.34731800949848396,30.0-100.0,18.862309767930604,-374.99635101923514,3.4712394254982932,2.6548303060076472,2.379240722423387,2.805604366844026,0.5921023577975909,0.5226734057342781,0.3719272369099052,0.29428866365537193,0.5074969882924533,0.37226830914753684,0.21838168190009577,1.029481084362691,1.7585911187300636,0.065130755,2.1748755,6.0,3.25
ds005291,sub-011,6,Cz,1000.0,-13.719276428222656,0.159,15.245342254638672,0.391,28.964618682861328,0.003395717401926884,30.0-100.0,-267.51066667917695,-150.00932169517637,19.183683342462636,17.11262608738771,10.836012223187616,4.3981862735090065,0.10975756439522534,0.6445288997796191,0.4222027827836679,0.3114737236988408,0.5027378200751854,0.3444501450812136,0.15792506048754745,1.029814357879099,1.801109059230388,0.048294097,2.592672,9.0,3.25
ds005291,sub-011,7,Cz,1000.0,-11.661066055297852,0.209,13.694232940673828,0.394,25.35529899597168,0.012314826224158465,30.0-100.0,34.84568042310639,-191.15503562878305,18.81819162993267,5.340070359317894,1.3773056629892189,3.390145294402378,0.03448791448858236,0.5027979937601165,0.33043941897344403,0.18692241809754442,0.49955640466506734,0.27954295863144024,0.13999435569050808,1.023052345233502,1.863601514212535,0.043977495,2.6975517,9.0,3.25
ds005291,sub-011,8,Cz,1000.0,-5.329599380493164,0.268,4.740746974945068,0.461,10.070346355438232,0.023740203517042268,30.0-100.0,-277.7234109934466,-162.30889725932113,2.5078335427549914,22.62075521572845,3.1112472172185655,4.157449649057696,0.09604676158286689,0.4978086146530965,0.45212915517205926,0.5133774146555191,0.47782670688046003,0.3513841521966927,0.23534463854377333,1.0210224838113988,1.8200963998709099,0.06830417,1.7418796,9.0,3.25
ds005291,sub-011,9,Cz,1000.0,-9.94924259185791,0.208,9.856260299682617,0.455,19.805502891540527,0.028004940829055226,30.0-100.0,28.524704387258872,-147.45855495892545,3.0240688419236195,1.277987687092907,1.6225325677556286,2.3677981309758107,0.0884246405001178,0.38152264020544574,0.17905736929254493,0.40255656980311844,0.4943710489288467,0.38491083125920933,0.2195260162568106,1.0318084120602382,1.7197415473300384,0.06474306,2.0418212,7.0,3.25
ds005291,sub-011,10,Cz,1000.0,-4.435650825500488,0.15,13.264113426208496,0.508,17.699764251708984,0.08244658275980432,30.0-100.0,40.61498144112746,-238.684222465147,17.875360728104027,34.30912894228852,3.747731546450666,5.547264105041867,0.10084031797829218,0.7026669677576232,0.19234208393262392,0.2549433239641209,0.49357613467334405,0.2907274361722167,0.12646460940922086,1.018344581785297,1.9061922762157069,0.04453021,2.4629803,7.0,3.25
ds005291,sub-011,11,Cz,1000.0,-14.066855430603027,0.272,13.798225402832031,0.389,27.86508083343506,0.4366323852187136,30.0-100.0,15.40231942407063,-115.9512933712864,11.178460158200958,5.66840595198789,1.0202458576939077,2.849823109946161,0.7233057536810547,0.5828432184635309,0.5243632547591415,0.3814571018662213,0.4994084054509615,0.29520543984956654,0.18382507886149727,1.0283414084392928,1.795456571131801,0.054451242,2.5485804,8.0,3.25
ds005291,sub-011,12,Cz,1000.0,-25.43776512145996,0.181,18.49359703063965,0.3,43.93136215209961,0.25792152017063025,30.0-100.0,-474.31053766249437,-186.94294430980318,39.335391629946216,41.03752669695347,1.327812969353831,2.0083898821066275,0.46156337885755644,0.921121788112585,0.3255942277360215,0.33052151761911025,0.4758353618951798,0.20973738745545467,0.09258797064931813,1.0196660703273677,1.8744739753584032,0.036411222,3.0362198,8.0,3.25
ds005291,sub-011,13,Cz,1000.0,-19.451213836669922,0.205,21.16889190673828,0.303,40.6201057434082,0.09619860005236648,30.0-100.0,-11891.824006289333,-222.739696560862,26.422269865622397,53.8435881992556,4.530379761601656,7.350563713567503,0.28365304453584783,0.710589474518712,0.4310353911645596,0.5331029594132407,0.4965208438698444,0.2898432801566411,0.10382666023286784,1.0206340547655008,1.8594451087653456,0.044550702,2.4084685,10.0,3.25
ds005291,sub-011,14,Cz,1000.0,-16.145381927490234,0.221,5.512221813201904,0.376,21.65760374069214,0.004387888238363957,30.0-100.0,-752.9148316897454,-293.96281465647553,7.501796665255158,5.213705601623399,3.3403668763502585,1.8504934073255277,0.018413022256522242,0.5824154346585233,0.46774621439803776,0.12836281580190556,0.4928183774071711,0.33610837060944504,0.15540519160630278,1.0223944219760015,1.8386254052006192,0.052037142,2.264046,6.0,3.25
ds005291,sub-011,15,Cz,1000.0,-10.259406089782715,0.232,11.680705070495605,0.443,21.94011116027832,0.03819544749416813,30.0-100.0,-166.28929689281625,-196.65081847384272,7.85037336021364,2.135678083862237,3.1936483893886662,2.857647051664687,0.15128116602872105,0.5587245081578773,0.10499084277244852,0.24625179069788472,0.5053710276532661,0.27827217791399567,0.12258113828633128,1.0306004029686768,1.7805844044360177,0.04511944,2.7285755,7.0,3.25
ds005291,sub-011,16,Cz,1000.0,-14.593079566955566,0.166,11.298018455505371,0.3,25.891098022460938,0.010546230078781912,30.0-100.0,73.98799742419511,39.76310497978533,23.241983534360962,19.715391703107112,1.2042099872519254,1.2081716794698405,0.07465603460338419,0.6912210295117457,0.5307141227995144,0.5376800382159087,0.4764588844561189,0.23381976182143435,0.12314111711867712,1.0177604305308117,1.8689527879098873,0.04269724,2.684739,8.0,3.25
ds005291,sub-011,17,Cz,1000.0,-6.530584335327148,0.233,17.216453552246094,0.311,23.747037887573242,0.24611671921565273,30.0-100.0,-656.7391735457463,-197.28482930178714,7.403433785983645,11.968512381618211,4.999705609947145,1.8692698854783527,0.5673148539437576,0.6896032587286254,0.29525422805511253,0.43287770093695643,0.49708771425276665,0.3301658480873534,0.17132007066177285,1.0264970478653583,1.8196155753304515,0.053347524,2.3888166,6.0,3.25
ds005291,sub-011,18,Cz,1000.0,-9.48768138885498,0.226,2.4016008377075195,0.328,11.8892822265625,0.08765183806592337,30.0-100.0,-745.9180944624203,-62.31827446234441,1.4930901331589304,4.417981278486177,1.7103869860762355,2.263842437924873,0.16604623560997928,0.6274206826141406,0.2878777344926406,0.34080694745215356,0.5004982646335305,0.39170214731256753,0.23090217144716396,1.0333047863352198,1.7476932574225519,0.069822915,2.0472374,7.0,3.25
ds005291,sub-011,19,Cz,1000.0,-12.295109748840332,0.161,7.951501846313477,0.334,20.24661159515381,0.02173494308996408,30.0-100.0,-28.060447696594604,6.268195982560015,8.052520561429953,12.124634592832127,0.9528385365710533,2.847023740344651,0.17963063304249727,0.8659452696625379,0.4002859700637008,0.4021367640713361,0.4984312149789487,0.2983496606210406,0.1814054650062036,1.0273304399465424,1.8429275950271724,0.051835448,2.395419,7.0,3.25
ds005291,sub-011,20,Cz,1000.0,-21.11802101135254,0.164,7.424781799316406,0.3,28.542802810668945,0.005978791639251536,30.0-100.0,-123.13427778886931,-24.993230779328883,18.03806804525733,14.750670645795308,5.143792793303564,2.2401444688356675,0.04705761421738627,0.5558348807168014,0.05360534849347638,0.08216769852731877,0.49349962723349966,0.3030315732639032,0.154513628007428,1.0340245810186892,1.775535890929888,0.049513653,2.6009185,8.0,3.25
ds005291,sub-011,21,Cz,1000.0,-19.25473403930664,0.269,3.233053207397461,0.382,22.4877872467041,0.3155152369410208,30.0-100.0,-936.5347360449109,-1122.943095130941,23.036513291506072,32.90345427992605,4.090384690795965,5.81185296425941,0.4970302443753843,0.6084170434034237,0.14748981599675084,0.46142839690435156,0.49571365634892806,0.33081027453176953,0.13598656980734708,1.0274238232084512,1.7844440095642013,0.05066901,2.465636,9.0,3.25
ds005291,sub-011,22,Cz,1000.0,-15.048022270202637,0.174,6.373259544372559,0.55,21.421281814575195,0.07228792494606469,30.0-100.0,-87.34077290989217,-192.2986666750835,9.907257279068991,8.075516708153863,0.5121684233171162,2.9920600478709996,0.10689378202188189,0.7274736003021964,0.4769522708632019,0.07138244201325035,0.5028546736472237,0.30265661525997933,0.16936188540258923,1.0285056429000556,1.7541843736452065,0.052222032,2.5660133,7.0,3.25
ds005291,sub-011,23,Cz,1000.0,-16.644725799560547,0.218,12.75568962097168,0.532,29.400415420532227,0.08943285424702146,30.0-100.0,-39.297048985851255,9.402467486772384,12.630389612602208,6.9200399183935914,1.2851049431023933,1.8249619338706915,0.14572058550353742,0.17037203839236606,0.33208667624606303,0.19640431470390324,0.5076591240202052,0.26968787854984494,0.12363049282396327,1.0258570117723327,1.821810349374713,0.040818922,3.1592271,5.0,3.25
ds005291,sub-011,24,Cz,1000.0,-17.20694351196289,0.184,8.114748001098633,0.302,25.321691513061523,0.0791968065985156,30.0-100.0,94.60938248885327,70.39291088112115,40.08463352554779,17.785166000552497,1.1373948508441507,4.628611375039212,0.11265227464639155,0.1992352723051448,0.6292716495107763,0.3581448853602244,0.4954613650471793,0.34620793489124424,0.15495877786374831,1.0246541760776977,1.787556837908219,0.05298224,2.4985878,7.0,3.25
ds005291,sub-011,25,Cz,1000.0,-5.707318305969238,0.268,11.25497055053711,0.392,16.962288856506348,0.07515048938570627,30.0-100.0,56.598099365197086,-247.73903681635213,5.318340662449234,2.2051225557972924,1.194378975096606,2.021756300187931,0.09599110831836725,0.4359587799212275,0.3888806442292553,0.32646980614796506,0.489693912025276,0.32209816401299557,0.20442733619198403,1.0324652818278133,1.7619356211224122,0.05768834,2.4028053,4.0,3.25
ds005291,sub-011,26,Cz,1000.0,-12.602670669555664,0.227,11.063763618469238,0.345,23.666434288024902,0.037226728369955914,30.0-100.0,-156.11690744321888,18.96420208277304,5.2776912870206,13.20366629220537,2.5670122227049554,1.4969330543567423,0.07528676239229802,0.8273698079756334,0.3540303501544868,0.5005165765423084,0.5004856491628078,0.31252024790312716,0.17705093624702406,1.0247055737351902,1.817295652171645,0.052802343,2.3115938,3.0,3.25
ds005291,sub-011,27,Cz,1000.0,-15.906206130981445,0.15,12.24754524230957,0.315,28.153751373291016,0.1758845493431461,30.0-100.0,-2945.063208849554,-53.082049287333824,23.985042953067826,8.524891671277047,1.5598178306774342,3.7804446643121246,0.13660262014406852,0.4388463383404728,0.2018241049951349,0.15274833455198877,0.5095960948021563,0.2943569077785375,0.2107131928200167,1.0374370734343563,1.7791896041933843,0.058091782,2.53988,4.0,3.25
ds005291,sub-011,28,Cz,1000.0,-12.696849822998047,0.224,12.722168922424316,0.375,25.419018745422363,0.04734806861347057,30.0-100.0,-722.2697225833175,-262.75326026296267,14.88663115591373,3.244206590472527,1.642223997465381,3.3398651219201545,0.06227901540313813,0.5122999904804403,0.22931823980724464,0.03674909038360707,0.48771228683054485,0.35312827932831337,0.17231639206782431,1.027245582196291,1.7951217329727123,0.051735163,2.4655645,6.0,3.25
ds005291,sub-011,29,Cz,1000.0,-13.87401008605957,0.209,7.388392448425293,0.314,21.262402534484863,0.06487260884964441,30.0-100.0,-52.4861970881122,-464.33839180440054,7.530605091768152,8.30087518850786,1.463468675475803,3.479593118175152,0.08024577294852205,0.44354284540646277,0.4695385761837812,0.08492063726664269,0.4998975116797304,0.3741708070887357,0.23079498471549992,1.029146877539379,1.741560831404862,0.064070135,2.1475284,6.0,3.25
ds005291,sub-012,0,Cz,1000.0,-1.1105527877807617,0.35,15.575417518615723,0.3,16.685970306396484,0.020822633244743354,30.0-100.0,-665.4926851909148,-16.034544999667876,72.85172084592423,53.192751521407956,4.308859396986373,4.805685917161545,0.2690317440573816,0.7680637577255605,0.08471948915265345,0.48124451352736897,0.5026841711977629,0.2711267250884549,0.08992374669052966,1.0258994719377095,1.8716114539347126,0.037014272,3.0169876,7.0,3.75
ds005291,sub-012,1,Cz,1000.0,-8.05823802947998,0.157,8.779847145080566,0.3,16.838085174560547,0.03800054374822603,30.0-100.0,-150.57870359839563,-593.6867319500406,59.4561319636981,21.15606547195824,2.7685561005468493,8.16225866217592,0.07076990155919297,0.6537545599253409,0.01403570696563225,0.6066126453826888,0.4999381848347694,0.3042257285698306,0.09516243931023356,1.021147459842373,1.8524312967940642,0.038028892,2.9027655,8.0,3.75
ds005291,sub-012,2,Cz,1000.0,-0.09755778312683105,0.15,13.273451805114746,0.3,13.371009588241577,0.10196588444262418,30.0-100.0,-2195.1593990680017,-235.3756390514943,117.7715339618306,36.7641337836093,1.4288121303098966,5.073372570262368,0.15990581141795449,0.7472489567096604,0.37214859565693176,0.12924585503646174,0.5077979962253408,0.2806527892732984,0.08345145597407286,1.0273931830644476,1.8433464096351246,0.034194227,3.6397815,10.0,3.75
ds005291,sub-012,3,Cz,1000.0,-21.71692657470703,0.15,8.851567268371582,0.307,30.568493843078613,0.17609736144913984,30.0-100.0,-36.39215318564127,-51.03005551141467,39.77259996860855,34.23828607658699,0.7251609906504606,2.580819653551798,0.14003719441646933,0.7965396778320007,0.2659438196254019,0.43243522735648204,0.5051832051543765,0.218705441935884,0.09897308978784722,1.0216948518075706,1.8954472073370259,0.038487315,2.9014444,5.0,3.75
ds005291,sub-012,4,Cz,1000.0,-0.22745203971862793,0.35,8.917726516723633,0.329,9.14517855644226,0.031131410727523998,30.0-100.0,-1252.566088526984,-318.40193826997546,78.90877845416983,76.33274218086132,5.693078437999931,12.792157586023094,0.08009903395870305,0.4968175565449946,0.5542485689124256,0.5407850263589451,0.5015858283590178,0.293494635441227,0.078674796948579,1.0185989793699974,1.8618153373583126,0.04031356,2.3453193,10.0,3.75
ds005291,sub-012,5,Cz,1000.0,-9.484378814697266,0.164,13.069196701049805,0.32,22.55357551574707,0.011365245967881703,30.0-100.0,-499.11617786672025,-77.15042338122488,77.59805524785828,21.727160528947195,3.7832900501382447,6.472640256340573,0.14805468141699824,0.582075459025008,0.18300852042064678,0.36746115705349364,0.47943759888345544,0.28231602158349645,0.10787743466623187,1.026694925649627,1.854098653871248,0.039988086,2.748532,10.0,3.75
ds005291,sub-012,6,Cz,1000.0,-13.917789459228516,0.15,13.451776504516602,0.3,27.369565963745117,0.039883961647398804,30.0-100.0,-85.91691000670649,-334.96072005662336,81.4211948068769,37.69737872378808,3.3654072440821627,6.993138889774894,0.09111229877405558,0.7115699724280453,0.2708574300250041,0.24337767226713158,0.5001872258697074,0.2865517827474195,0.07910097065322547,1.020557343100941,1.8845358014745779,0.035831496,2.851436,8.0,3.75
ds005291,sub-012,7,Cz,1000.0,-5.857098579406738,0.15,8.425002098083496,0.3,14.282100677490234,0.040911416060511865,30.0-100.0,-2980.2207285838977,-110.71199216499575,74.21159056262356,63.00856985077344,12.28266894883506,8.210580742253313,0.0930508294840717,0.8017467045301429,0.2274246400260415,0.5415394370202472,0.5140661154629785,0.29572262805804433,0.06744574755534181,1.0239395137576417,1.9178548104669835,0.039090514,2.5211499,7.0,3.75
ds005291,sub-012,8,Cz,1000.0,-17.50939178466797,0.15,9.331817626953125,0.315,26.841209411621094,0.0704492902660173,30.0-100.0,-0.5877332821165596,-486.9885299096809,89.91290991102551,17.319791457232306,6.555943325013088,4.899130441603993,0.5414735653716662,0.5676699586382463,0.08650116913117535,0.3383652355786225,0.4880575806519048,0.2686685601477775,0.09621737727455139,1.0263622258344085,1.8830313612665652,0.03660664,3.2627945,10.0,3.75
ds005291,sub-012,9,Cz,1000.0,-3.843970775604248,0.344,7.2788238525390625,0.433,11.12279462814331,0.039735063644888574,30.0-100.0,-643.6986025878057,-382.7175818920126,46.67240401087008,55.43246465041555,3.577006709959346,2.226445338090305,0.0940966014828274,0.7977926614463388,0.5026620275539825,0.4838010014298887,0.4960312010404851,0.26556988430370054,0.07863297878418271,1.0199530927044917,1.8604749291599998,0.036150128,2.5011654,10.0,3.75
ds005291,sub-012,10,Cz,1000.0,-17.805957794189453,0.151,17.875089645385742,0.3,35.681047439575195,0.058742449367041684,30.0-100.0,-365.0494936887911,69.69830999289182,110.17051468149538,33.57786925863082,2.009873682597899,1.0571725972484667,0.07134287102258624,0.8639645704036865,0.44007814024264347,0.1533654685174041,0.48684441073010626,0.19782659391842913,0.07531748298810231,1.0264322372329535,1.9326077763627172,0.02884918,3.652532,5.0,3.75
ds005291,sub-012,11,Cz,1000.0,-19.661792755126953,0.15,11.370221138000488,0.3,31.03201389312744,0.05851863348126821,30.0-100.0,-2819.4635664651023,-1267.718161239531,94.83467804869589,79.18141076091126,4.007934068601482,4.7602315622482125,0.13394449899765956,0.7747144736498671,0.5870160898489141,0.6115196613749997,0.5015284279099796,0.24512329546955816,0.06505674486459999,1.0185199320218903,1.9827897818958982,0.03353575,2.8069046,9.0,3.75
ds005291,sub-012,12,Cz,1000.0,-7.312026500701904,0.174,6.069024562835693,0.314,13.381051063537598,0.024437426070963195,30.0-100.0,-544.4003705292415,-239.80907692256005,13.28779563522762,4.158539327479625,1.7091588558552657,2.9725509713280878,0.21992417544411272,0.43946102868383496,0.43029750322568877,0.3398866585261394,0.4974434692142379,0.3262221943880126,0.19144910667503243,1.0305164345061646,1.7556165299968676,0.055278584,2.4558568,3.0,3.75
ds005291,sub-012,13,Cz,1000.0,-7.627020359039307,0.15,15.395143508911133,0.3,23.02216386795044,0.050405929888592056,30.0-100.0,-15.098933861443669,3.1887825390305684,50.74757397108681,47.19814423318709,6.590363188139207,3.7916131921269653,0.12268386105400793,0.7975435174888351,0.4217833265618706,0.24551774124345715,0.4907847655365416,0.2332196587416255,0.09333258984716504,1.019257307967829,1.948089593212936,0.0359165,2.9375908,4.0,3.75
ds005291,sub-012,14,Cz,1000.0,3.645512580871582,0.15,12.493058204650879,0.3,8.847545623779297,0.012423942701594953,30.0-100.0,13.834294707421188,-123.76341795678813,84.44178302862271,74.72497853269587,4.0289184097179955,5.043161009644033,0.07569391982586451,0.7356559018326378,0.3862538637589621,0.6320079122083658,0.5049516742572111,0.27841495448236564,0.09010254338012955,1.026396684563601,1.8211372712975191,0.037501257,2.8768432,9.0,3.75
ds005291,sub-012,15,Cz,1000.0,-23.964967727661133,0.15,12.311351776123047,0.3,36.27631950378418,0.044091549836967246,30.0-100.0,-4877.016562594789,-66.66191982230536,104.11446896297949,73.9101405678261,5.832731260708249,4.14011353310549,0.1115944645532699,0.6568010917552528,0.17555785157944195,0.695515252727677,0.48921865444316065,0.24357681243209495,0.07682146467047987,1.0172951721525876,1.9367010911729952,0.034312345,2.9380808,5.0,3.75
ds005291,sub-012,16,Cz,1000.0,-12.615762710571289,0.15,12.040496826171875,0.3,24.656259536743164,0.04596915267722346,30.0-100.0,-17214.940400196047,-99.10080062176098,74.6737510858974,25.853498926702535,3.3628390182003987,1.4162294483422142,0.11922912315691697,0.6913716740975332,0.030891365643281078,0.16482474707266276,0.4977612357077886,0.25755462905300375,0.08933337119900614,1.025648779869767,1.9138563171684735,0.033908907,3.3171651,4.0,3.75
ds005291,sub-012,17,Cz,1000.0,-11.278478622436523,0.15,9.450260162353516,0.3,20.72873878479004,0.049449428847749374,30.0-100.0,-20.991846354278515,32.60332474969206,45.72367482920995,39.21187281211658,2.8021428878775714,2.095823666157323,0.17167321995089616,0.6872845733353425,0.46473053813843956,0.22398636830454138,0.49576357189020964,0.2918847783957411,0.12834794497660001,1.0203792519454518,1.9352977858567575,0.040147167,2.9439423,6.0,3.75
ds005291,sub-012,18,Cz,1000.0,-11.49941349029541,0.15,13.787450790405273,0.3,25.286864280700684,0.041110113353374354,30.0-100.0,-460.60469399237974,-618.0074492544156,69.89116647531931,35.43873235467536,5.185772390926584,4.479151611918216,0.03537756505603627,0.8155475187984607,0.5190124341876201,0.5332277026090643,0.49522573898437106,0.26547108139220216,0.08963175976650907,1.0221291108622608,1.9192009832855972,0.037623312,2.8681388,10.0,3.75
ds005291,sub-012,19,Cz,1000.0,-16.616378784179688,0.15,8.686933517456055,0.344,25.303312301635742,0.06964811956587642,30.0-100.0,-15.5084672327853,-388.6268231966518,78.52353848574825,71.51016040594543,9.88310052869587,4.922399026539164,0.10303027926032894,0.6924218564772417,0.3240328986779164,0.38743872726869744,0.49578947004532853,0.26116467057349024,0.07710976926627347,1.0147287765689232,1.96714135116355,0.03756974,2.427873,10.0,3.75
ds005291,sub-012,20,Cz,1000.0,-5.291913986206055,0.167,16.34578514099121,0.521,21.637699127197266,0.03700298966581264,30.0-100.0,-1140.6151166951522,-1647.550091633516,54.479929239186276,31.604237085441902,4.147262009611138,8.766549491591245,0.0829418363015972,0.7860048122038027,0.4621173834621337,0.37499937859562105,0.5125352740729943,0.30421179466156506,0.1045776699553117,1.0258355700699435,1.8754081034627306,0.043065306,2.677648,10.0,3.75
ds005291,sub-012,21,Cz,1000.0,-6.441597938537598,0.15,10.581464767456055,0.3,17.023062705993652,0.04249780922499884,30.0-100.0,-468.90068656714965,59.12351846659934,55.99740395667682,26.122824068736286,1.8847164647296057,1.1113249437343928,0.16749509910726304,0.7758929442072028,0.1599015797816529,0.5194447445419458,0.5001726182599197,0.2645989852016834,0.11748214141110079,1.0231543937816738,1.913807882280056,0.036045834,3.348946,8.0,3.75
ds005291,sub-012,22,Cz,1000.0,-14.454297065734863,0.155,9.478447914123535,0.537,23.9327449798584,0.027706611236537004,30.0-100.0,-598.3148105076237,-15.447639839986103,53.63247582438783,41.69945288180776,3.277148972870109,6.625869699012691,0.06725161949898387,0.6294905490596876,0.34889539326364505,0.6629992039687059,0.47577969859080477,0.29661589556113255,0.11730630468787778,1.0170488747029198,1.878599845531157,0.04168817,2.5687156,9.0,3.75
ds005291,sub-012,23,Cz,1000.0,-10.362861633300781,0.15,18.473995208740234,0.3,28.836856842041016,0.05299495790605237,30.0-100.0,-672.292428702314,-1242.5109138543903,76.56372612245075,49.15744430084737,8.036680412080784,6.6000246975186405,0.13336306936505773,0.8114101973260466,0.44895337155515946,0.46075237017176135,0.4774164348961921,0.24189106387769482,0.07295241145412543,1.0168303440633677,1.9340435309814004,0.035351034,2.7045214,8.0,3.75
ds005291,sub-012,24,Cz,1000.0,-7.58970832824707,0.15,14.40076732635498,0.313,21.99047565460205,0.06821769811721427,30.0-100.0,-4368.462571914721,66.63744112998174,62.94783529774859,39.87892565796034,0.7722038738470889,1.275754532674441,0.17197635431082392,0.6723449955474853,0.282233997702516,0.19649677832693807,0.4910799831559298,0.254787192923038,0.08716079693289971,1.0243964812060184,1.905010372634982,0.03327592,3.444692,8.0,3.75
ds005291,sub-012,25,Cz,1000.0,-13.970151901245117,0.15,11.88148021697998,0.3,25.851632118225098,0.09137525280372544,30.0-100.0,-66.02669540523536,-438.8290420728418,87.91166722576043,56.238739657216804,4.778609027079287,6.479774216204452,0.21524742962215768,0.6431518287089194,0.516364299366498,0.3997421379859896,0.5047907148477576,0.24902477013561997,0.06336409550210452,1.0238960203868257,1.9433949458299085,0.03608495,2.942717,10.0,3.75
ds005291,sub-012,26,Cz,1000.0,-22.16962432861328,0.15,4.80642032623291,0.3,26.97604465484619,0.04138649453812884,30.0-100.0,-156.56283711058992,-1324.391551810069,50.43723818729244,51.496377663395386,2.912479751514938,2.5862684027890315,0.0846204097812784,0.8059409663342791,0.3796603279804532,0.5837282222187818,0.4842429476711154,0.22600130165693175,0.07301716570311559,1.0197592910555526,1.9480019919332936,0.035601072,2.7236059,7.0,3.75
ds005291,sub-012,27,Cz,1000.0,-1.7190852165222168,0.15,7.619342803955078,0.307,9.338428020477295,0.0053501919842953265,30.0-100.0,-847.778108280318,-54.27176899469301,62.70108238838356,62.267846457833855,6.380708447836347,5.33679558184374,0.03581186065622659,0.8310266531976537,0.47952861360686266,0.44364117654076624,0.5054068638165707,0.27330090329491225,0.08735542394855197,1.0220906306079047,1.8844688937788294,0.037711404,2.926563,8.0,3.75
ds005291,sub-012,28,Cz,1000.0,-19.4832763671875,0.15,7.229638576507568,0.302,26.71291494369507,0.0047009495434822005,30.0-100.0,-176.31477609898835,-103.1641882161479,34.212783491704094,41.59688896661857,7.591825214263203,6.655548305377844,0.025583700952506314,0.7071259087814914,0.4021092860564529,0.3081303728432307,0.4947237872501024,0.2800228316594455,0.10843433427356025,1.0219868098038527,1.9041559117031444,0.04454539,2.2021985,8.0,3.75
ds005291,sub-012,29,Cz,1000.0,-8.118158340454102,0.156,-1.8673973083496094,0.522,6.250761032104492,0.03928833434639157,30.0-100.0,31.25170264664912,-378.61725456645155,4.037024442945812,3.5720143413437846,0.3177555201453188,1.5724753231207087,0.13498256663839597,0.5748204115464136,0.2698184345682895,0.16272609197570417,0.501076400452376,0.31522259634961197,0.14049165291195714,1.0342320373640423,1.7621917450567055,0.049888384,2.8124678,2.0,3.75
ds005291,sub-013,0,Cz,1000.0,-10.712722778320312,0.159,7.445648670196533,0.422,18.158371448516846,0.04445762531204646,30.0-100.0,-12078.74528196344,-482.7608372166674,15.5929381257289,13.201372075689488,2.3552948706157997,2.9821791515564673,0.19177035989854235,0.8041175463424153,0.4775048605294447,0.33092471182048383,0.5095698728555696,0.31358276178648636,0.19747252883572544,1.0302112113773383,1.8279827123096168,0.056876674,2.3594942,7.0,4.25
ds005291,sub-013,1,Cz,1000.0,-14.533109664916992,0.17,5.71747350692749,0.383,20.250583171844482,0.016873725505115317,30.0-100.0,39.19403865360656,35.84725151326189,25.2064346076381,10.727154560279633,2.063464774408033,2.9051523907864665,0.029277678252341184,0.5996868814907669,0.6179337458936501,0.5014720001311767,0.4932905152995046,0.32694431602306145,0.2008363031330873,1.0275104320433561,1.773552013462693,0.055977754,2.2161381,8.0,4.25
ds005291,sub-013,2,Cz,1000.0,-8.296244621276855,0.171,10.442329406738281,0.517,18.738574028015137,0.14789992254775852,30.0-100.0,27.189991580695043,36.234400018311334,26.734486536498075,5.72897347887269,1.5245892363833005,3.493313866767714,0.12189061324044469,0.6405492441580533,0.5261528971809842,0.35920510657565957,0.5091642097509604,0.33733668979993753,0.23153164077411464,1.0300238423998571,1.7006370623346496,0.062271543,2.1972582,8.0,4.25
ds005291,sub-013,3,Cz,1000.0,-3.2387213706970215,0.15,4.195733547210693,0.3,7.434454917907715,0.05791786101435997,30.0-100.0,-246.8158157485461,-641.0687845212751,31.065669890646134,29.455384985852852,1.1323815114490197,5.825769830160215,0.09010193625278831,0.8132417563386742,0.4549089860043206,0.354606953613228,0.5138179242612048,0.2805766167556675,0.11748801733360603,1.032778099786385,1.7763279360580075,0.048870753,2.8038218,7.0,4.25
ds005291,sub-013,4,Cz,1000.0,-7.124894618988037,0.326,4.632882595062256,0.439,11.757777214050293,0.008486589579425014,30.0-100.0,-2210.8416561850454,-35.530740996434744,4.427050644496702,17.212586715139373,1.8928963587630738,2.6267831039084717,0.03035812077040936,0.5297973406362562,0.7958645245951641,0.1302924333906909,0.4984804817075384,0.35878275972449386,0.25840280853035735,1.0282866582021433,1.7179982478288984,0.06915868,1.9186374,9.0,4.25
ds005291,sub-013,5,Cz,1000.0,-11.367246627807617,0.35,1.8378925323486328,0.546,13.20513916015625,0.0663256289508214,30.0-100.0,28.024802776326656,63.75171372862738,16.85762987549641,21.37484111214319,2.3408810650468794,1.9054324836465018,0.10383565133868386,0.746617665205303,0.5153058615008322,0.12074275518367296,0.5100326596771622,0.3065518481515774,0.17234587411101693,1.0278260403774964,1.808595851261267,0.050676264,2.5011933,9.0,4.25
ds005291,sub-013,6,Cz,1000.0,-18.245990753173828,0.153,6.601703643798828,0.507,24.847694396972656,0.04913662546770421,30.0-100.0,96.01851052128518,-116.98808699265295,29.415418516914798,9.130619011496863,1.2694717975091456,3.798415472981138,0.23771959475696994,0.5859491355513388,0.5506933942654427,0.2352866538956585,0.5070351789644092,0.310858300995843,0.21622613354295622,1.040695087417007,1.76830652546056,0.06104037,2.3017771,6.0,4.25
ds005291,sub-013,7,Cz,1000.0,-10.89899730682373,0.156,7.5436320304870605,0.546,18.44262933731079,0.06706408376889694,30.0-100.0,85.35095876039593,49.81933872658894,2.9819080488266345,18.439253876926365,1.0870940048871898,2.6954742816259274,0.24489720956660455,0.6887874594464278,0.6893343662433222,0.37233087878587573,0.48866640214890605,0.335001909502511,0.25813771784118644,1.0301968926050806,1.824679559212185,0.06747627,1.848907,7.0,4.25
ds005291,sub-013,8,Cz,1000.0,-17.242443084716797,0.15,6.7357659339904785,0.332,23.978209018707275,0.01143643474982515,30.0-100.0,-260.7729855788477,-25.304165270674005,28.29230559388223,9.928615191138942,8.53683694485951,4.426116675766935,0.031865804660459636,0.8150180540041446,0.31299175664231343,0.16403392038062511,0.49479610932249923,0.3342102334768432,0.19624978646362382,1.028140810086626,1.8289731819431048,0.055774897,2.203141,8.0,4.25
ds005291,sub-013,9,Cz,1000.0,-9.778254508972168,0.15,0.7588680982589722,0.3,10.53712260723114,0.11000825997291776,30.0-100.0,45.67870576747402,-14.010732233587312,5.767895034891652,10.189481104386104,0.70496113530539,3.7569345474309324,0.20636567121705457,0.5069873141824003,0.48942229427373857,0.13356686605713064,0.5026191948743791,0.3450567683796993,0.26198104715915155,1.0280796454292342,1.7474551223617696,0.06889456,2.009024,8.0,4.25
ds005291,sub-013,10,Cz,1000.0,-16.967140197753906,0.161,7.77386999130249,0.335,24.741010189056396,0.01657756453701282,30.0-100.0,-79.33887024405273,-108.80946846673008,42.899124365667916,10.46645548711474,4.611301567657673,3.6303012049886147,0.03135079739774298,0.6612179537998852,0.439646953385774,0.11629301836983036,0.495806735018404,0.28741798325063833,0.14504202643018294,1.0255738813447137,1.8410458867154382,0.0461511,2.709197,8.0,4.25
ds005291,sub-013,11,Cz,1000.0,-9.25680923461914,0.15,12.465177536010742,0.468,21.721986770629883,0.04380316586988062,30.0-100.0,26.494622235146426,-50.20024651533524,4.112902214206946,21.72717772895567,3.8094753430500945,4.359850637226073,0.10626073662596837,0.7046147569068587,0.5439509090652429,0.39807238096481107,0.49559277158965154,0.3526394880585437,0.2093721045728119,1.028978683953013,1.835720229136438,0.062245753,2.0446692,6.0,4.25
ds005291,sub-013,12,Cz,1000.0,-8.68923568725586,0.204,15.522310256958008,0.324,24.211545944213867,0.1126040594510853,30.0-100.0,-1049.840073492105,-159.8174686755462,20.060943048881505,4.524566257965817,7.037516770167036,7.4815888207955705,0.25636871654698595,0.44877855119316157,0.6272345324217868,0.17239106594578457,0.5094800076069097,0.3514421926558704,0.18565774626492562,1.03507475342267,1.775600866349188,0.06628402,2.0696962,6.0,4.25
ds005291,sub-013,13,Cz,1000.0,-7.944331645965576,0.185,4.228992938995361,0.374,12.173324584960938,0.06075306621268329,30.0-100.0,47.171477406118605,65.34670652264161,11.885681110005265,1.0341693637902938,2.6228652810150717,1.9428757413163302,0.05745757774369998,0.3934323180550897,0.28145041617900257,0.45813294027163776,0.49577795985720685,0.36982582919889395,0.1953505906991163,1.0251379780981096,1.7494919757604286,0.059100196,2.2142246,5.0,4.25
ds005291,sub-013,14,Cz,1000.0,-10.382448196411133,0.172,2.8562774658203125,0.55,13.238725662231445,0.12110625728576242,30.0-100.0,51.628921062284086,6.524947870399987,7.624599698116459,4.035035526580471,4.732035439498679,2.891960145531431,0.1252298800274349,0.6963676196776623,0.4541544706883462,0.19293466172507437,0.5048260369142418,0.3636170794470909,0.23002267507394145,1.033260770201626,1.7658738255456354,0.06863074,1.9503362,6.0,4.25
ds005291,sub-013,15,Cz,1000.0,-15.85285758972168,0.171,12.090389251708984,0.35,27.943246841430664,0.10083223658963335,30.0-100.0,-1064.5908154998278,-80.38778116891855,36.33846850294648,4.346798315693879,1.6275288394500362,5.922390365111045,0.23750178176893025,0.7898328734587904,0.03294147199673245,0.20649356511801506,0.4970842554709684,0.3553069013162476,0.13891100052870026,1.028188519100359,1.7586316055688014,0.045866426,2.8790238,5.0,4.25
ds005291,sub-013,16,Cz,1000.0,-16.708492279052734,0.157,3.3943231105804443,0.37,20.10281538963318,0.03401132423932058,30.0-100.0,-530.754730755726,-49.12195787651014,13.58817393718893,8.217120276439468,7.167427971148728,2.9911700797398537,0.04626348019772472,0.6375650947949126,0.3709690444447927,0.3569695394258366,0.4833936455657763,0.3365048382606404,0.19775652104229335,1.0237328631096025,1.842721688110153,0.062298827,1.9483454,8.0,4.25
ds005291,sub-013,17,Cz,1000.0,-19.75112533569336,0.169,-1.8873047828674316,0.486,17.863820552825928,0.036301417169183586,30.0-100.0,-40.10697341912268,54.738467728856776,7.33432865036976,12.914533223481339,1.1231422953547434,4.315499613241404,0.053807746254185225,0.8079265853684179,0.4334948939733363,0.2924000684068898,0.4883910442586626,0.3640096695673012,0.21487547976046842,1.0229578192655844,1.816010547373785,0.059255812,2.024811,8.0,4.25
ds005291,sub-013,18,Cz,1000.0,-19.40476417541504,0.15,4.86855411529541,0.358,24.27331829071045,0.18146410662352272,30.0-100.0,-2280.415033518999,-23.39680228263524,10.454716613634048,8.538951818210036,7.3679705438814995,6.178523381793671,0.1998201294649603,0.604556233117417,0.3753855082098779,0.28119836527971853,0.5100529447533841,0.399323764715145,0.19443333897047696,1.029410112072747,1.742282990622008,0.067065045,2.038823,7.0,4.25
ds005291,sub-013,19,Cz,1000.0,-11.921518325805664,0.195,7.712613582611084,0.415,19.634131908416748,0.09466791833924211,30.0-100.0,-489.805666758471,-119.13593888275331,6.349477333974891,9.934257323151819,6.701379319803827,1.6635397901876385,0.1700164527007219,0.7549087119763592,0.4115725157984087,0.10142157965894363,0.494871014141529,0.3238158550039543,0.22645660481125066,1.025280081005496,1.8326591821771463,0.06736677,1.8302985,7.0,4.25
ds005291,sub-013,20,Cz,1000.0,-13.137306213378906,0.161,5.570342063903809,0.503,18.707648277282715,0.07592577259676575,30.0-100.0,52.75145313320739,-186.50815539101538,11.74905218109571,9.986615538200185,3.778246478420516,2.582827015899041,0.1257053290082131,0.6328122132869769,0.2995100970156387,0.19057654456597425,0.4934076497226433,0.32716621595906314,0.1994684040275782,1.0254283137558142,1.7891537232063999,0.055828586,2.1902373,8.0,4.25
ds005291,sub-013,21,Cz,1000.0,-13.927698135375977,0.158,7.771146774291992,0.538,21.69884490966797,0.025792225045850464,30.0-100.0,-63.27979881346686,-316.50812827808153,8.333102976706925,14.441759155010939,5.4016051096603945,4.372457883731109,0.02661268015050489,0.8414488979943632,0.47505172344296387,0.28763844917232745,0.49489858598877434,0.31638326339548195,0.1538942417507166,1.0241752233546333,1.8758964974006493,0.050607957,2.3916657,8.0,4.25
ds005291,sub-013,22,Cz,1000.0,-17.72484588623047,0.157,11.964432716369629,0.506,29.689278602600098,0.03674623923649883,30.0-100.0,-1271.6868985877531,-56.832009134084174,8.910260639762242,1.882367524484816,3.2424361142148976,2.8989876162562593,0.15534576180882476,0.6103177883017304,0.2810270102420036,0.5613786461466133,0.5031839096113025,0.40209042909684745,0.24708324687420202,1.0278560974987996,1.7017802692413109,0.07820127,1.75822,6.0,4.25
ds005291,sub-013,23,Cz,1000.0,-10.286360740661621,0.15,17.118310928344727,0.343,27.404671669006348,0.40414075123145243,30.0-100.0,-19.558195329875034,-60.94410024523624,8.886832111286665,1.712555328299282,10.663579558161857,3.685351589345244,0.4399387209862383,0.7692434930269595,0.39817238308886155,0.3748158762282822,0.4874868748346108,0.36050167496554325,0.26797174135935603,1.0218423502534102,1.7938547239469032,0.07339787,1.6151594,1.0,4.25
ds005291,sub-013,24,Cz,1000.0,-9.827507019042969,0.15,9.212318420410156,0.332,19.039825439453125,0.2695624586266501,30.0-100.0,83.99683993271461,90.97691806266812,9.692763117918297,23.129904574479962,2.243108906835879,2.436420108118279,0.47343821938058106,0.6679488757237465,0.42219983361176877,0.2805135483293634,0.5067699851377998,0.33829117348257537,0.22017893336774555,1.035885449344913,1.7769829865796305,0.069489576,1.8944415,6.0,4.25
ds005291,sub-013,25,Cz,1000.0,-8.456807136535645,0.15,9.163728713989258,0.351,17.620535850524902,0.04769375940207793,30.0-100.0,24.53975765678481,63.78147799011921,9.099637760835535,4.143429384644367,2.4804416030943055,2.3516946742011364,0.24503556088342057,0.4094522601236182,0.5690479943583928,0.26290842849754115,0.5026191948743791,0.3778051280090265,0.2274625549552471,1.0311261062657575,1.751706664320858,0.067100674,2.1174345,5.0,4.25
ds005291,sub-013,26,Cz,1000.0,-20.07904624938965,0.15,5.343867778778076,0.522,25.422914028167725,0.05248150236844944,30.0-100.0,-56.01966428017088,54.00400656750449,19.96777774755751,10.768919488566034,14.039952006112458,1.7377466591825494,0.13209702346965083,0.8142060113534864,0.4193647309510922,0.49439626654766256,0.5077749151046936,0.3288330936191787,0.19761309978230368,1.0294313470035146,1.811633548159037,0.06208948,2.0504692,7.0,4.25
ds005291,sub-013,27,Cz,1000.0,-15.876018524169922,0.18,2.298203468322754,0.491,18.174221992492676,0.043923583075856094,30.0-100.0,17.576513555722016,22.149720093847204,4.693838123740684,11.637480224541633,3.130919793072869,2.1442886603196114,0.16985654174599188,0.6119634717963164,0.2871015322953471,0.4010276916096449,0.4936408057252042,0.3775601202951091,0.23985517237034362,1.0296080506913645,1.8084657979877456,0.0642251,2.0091872,4.0,4.25
ds005291,sub-013,28,Cz,1000.0,-8.863754272460938,0.15,6.362804412841797,0.322,15.226558685302734,0.09030426668285466,30.0-100.0,80.14047879241136,-3.21366975110179,6.374918528058288,3.1500505686600118,1.4079485696375567,6.225993561162534,0.14040888784052247,0.6368595958481078,0.23982157631241258,0.4839055648630599,0.4973283077849652,0.39382612517671284,0.2976945274494825,1.0321005912669787,1.7047579920505924,0.0807141,1.7596236,5.0,4.25
ds005291,sub-013,29,Cz,1000.0,-3.0937814712524414,0.187,8.22702407836914,0.3,11.320805549621582,0.007062772155404496,30.0-100.0,-248.9083684455208,-640.9655516796505,10.083031045742224,9.260675949473493,29.525092121763578,4.039038003698306,0.07009046516064049,0.8127407172675308,0.5882388631686923,0.3559565023586127,0.48571517767294686,0.33578164930885546,0.19196613082407601,1.0183476070447457,1.831046492299963,0.060655445,1.7959648,7.0,4.25
ds005291,sub-014,0,Cz,1000.0,-15.523639678955078,0.15,9.479704856872559,0.547,25.003344535827637,0.02426608073834144,30.0-100.0,-950.9866273618345,-123.10883666395758,31.354374943774495,29.149188847176642,4.125700078979052,2.000058032613616,0.035994582973549585,0.5571779277623347,0.3050398900849799,0.6927850010959729,0.48298014508989634,0.2752917831472213,0.13332918982045783,1.0193577276572803,1.9011537478310523,0.04209705,2.6435833,9.0,4.5
ds005291,sub-014,1,Cz,1000.0,-9.129311561584473,0.15,13.06873607635498,0.339,22.198047637939453,0.07646686354967602,30.0-100.0,-10.81127868358105,-468.8725827058396,23.41617939871768,18.402678455814275,0.9992634515783492,6.700119677079337,0.09084831682368188,0.23508436177172035,0.18965649262306047,0.4206542285769585,0.49817456704880575,0.32646349420794174,0.1521942963628902,1.0262212593595756,1.8319251557405576,0.050839614,2.480653,6.0,4.5
ds005291,sub-014,2,Cz,1000.0,-23.71112823486328,0.15,5.451388835906982,0.383,29.162517070770264,0.021290615919796085,30.0-100.0,-62.21773074062672,-183.17886575808785,31.6173731288423,66.65973049422082,3.280282252107424,6.719667421081221,0.032824054877053664,0.6375149052112188,0.16369527080214816,0.4095051830631742,0.49969072512992196,0.28578180652927654,0.1532338309020405,1.0215262232798996,1.8715802069662075,0.052281387,2.2281494,6.0,4.5
ds005291,sub-014,3,Cz,1000.0,-0.5032167434692383,0.15,11.886465072631836,0.447,12.389681816101074,0.023024728444899025,30.0-100.0,-220.74079561158473,-157.80584528567135,35.02867991863424,44.05671245646926,3.2322494091918808,2.8282707034053067,0.06119744927099327,0.6895224743538345,0.13588371021100532,0.6086572357621023,0.49338321642854677,0.2777052708240648,0.14000842159753224,1.024558784135338,1.8306020204705113,0.04426326,2.8758137,5.0,4.5
ds005291,sub-014,4,Cz,1000.0,0.9803460836410522,0.329,8.550277709960938,0.549,7.569931626319885,0.03630792461754376,30.0-100.0,-4.687407593127232,17.48464631377922,39.51399440109134,24.406415111613722,10.258330621412409,7.24280686774079,0.0670929426623628,0.34404356226604477,0.3861693379224262,0.7282463033596794,0.4968584677245783,0.3588777002428135,0.18448500827678976,1.0257794199622927,1.7303184680135535,0.058430813,2.156353,9.0,4.5
ds005291,sub-014,5,Cz,1000.0,-3.52268123626709,0.274,11.660873413085938,0.345,15.183554649353027,0.09734521286587797,30.0-100.0,74.51373108222968,8.537048130336778,35.54916593528349,41.156399395569046,3.762840496977743,5.790756223568247,0.14337789671532714,0.5401926013361311,0.13128902123258007,0.2313706761741535,0.4968324730888706,0.3332182626056328,0.18405948726924992,1.028960397549201,1.7757509351795653,0.05482593,2.1011078,10.0,4.5
ds005291,sub-014,6,Cz,1000.0,-6.762828826904297,0.15,7.068055152893066,0.455,13.830883979797363,0.027424125124685016,30.0-100.0,-349.6066635216869,-130.4328146433427,7.580218913155575,11.456003199671533,2.6897940201711696,5.359740706613405,0.09090438800659348,0.22259738366944673,0.30823100915395873,0.535552222392461,0.49962858959821954,0.3532213145759999,0.20853542883994353,1.0249440596170079,1.7869797215241732,0.062523454,2.0823452,5.0,4.5
ds005291,sub-014,7,Cz,1000.0,-2.996980667114258,0.161,9.706947326660156,0.3,12.703927993774414,0.04174778603322471,30.0-100.0,-4.91514919154725,13.949685941942,44.17567194897379,10.298197727224537,7.456567787568391,2.0507780584888105,0.062287851071655194,0.43412225734837345,0.5225027580581123,0.3933887204191324,0.4947458316410484,0.322446145418384,0.15049062677494782,1.0271954006976662,1.8567206813069104,0.04729462,2.6852615,6.0,4.5
ds005291,sub-014,8,Cz,1000.0,-4.2277092933654785,0.35,12.202468872070312,0.3,16.43017816543579,0.1698002428016391,30.0-100.0,-2173.7174764932993,-35.27307959165041,44.38709233630114,35.119815618957446,2.1047845118979907,5.410842192292081,0.1999212912292022,0.38857950984359274,0.29465748770954375,0.5297284817349065,0.5048188140413267,0.3102406598785823,0.13539624380766366,1.027068814531828,1.7919606858881827,0.047704153,2.7316492,7.0,4.5
ds005291,sub-014,9,Cz,1000.0,-8.666022300720215,0.15,6.903441429138184,0.3,15.569463729858398,0.044272813971342195,30.0-100.0,-489.1399671816048,-210.70411010690594,33.94255283537768,17.041268279893814,2.087368320810147,2.3734202788322,0.04469978884208791,0.01696146021516838,0.28157495987423586,0.3513265473335234,0.500319731274854,0.28652644842740926,0.14628391089073875,1.0341012332487352,1.8362124328888356,0.04933486,2.524743,6.0,4.5
ds005291,sub-014,10,Cz,1000.0,-2.3822946548461914,0.276,12.309142112731934,0.33,14.691436767578125,0.05549825892431192,30.0-100.0,-533.1565380447606,-131.32639297422793,12.876996454202903,35.764028970462235,6.202325175260992,6.23033959811324,0.1592535695545093,0.7500733982634518,0.356890959277743,0.3871402743850291,0.5079775479372944,0.34024047154029846,0.17330335151418902,1.0266855518324667,1.8031762588146585,0.058184084,2.142552,9.0,4.5
ds005291,sub-014,11,Cz,1000.0,-0.01282048225402832,0.25,13.516500473022461,0.31,13.52932095527649,0.005668683935251563,30.0-100.0,-1475.5099730124157,-117.96785363794282,17.47853112935226,35.9852835287926,3.84056290299461,3.6909188517058187,0.005694545207977882,0.6378115398660135,0.23079127066252272,0.3820158857184223,0.49608496878049396,0.3164772119363134,0.1785739472959265,1.0265675699538865,1.7774979468860397,0.054623894,2.4026449,9.0,4.5
ds005291,sub-014,12,Cz,1000.0,-5.105539321899414,0.15,5.520876884460449,0.324,10.626416206359863,0.03731599895273495,30.0-100.0,-129.48964156968742,-152.5853437726545,71.47626421692368,23.24027147197829,0.994465806904961,7.620275123964798,0.16407742616029666,0.33026934804993857,0.5064486315610927,0.5466521188654802,0.5088131995396944,0.31222707316562714,0.172835381624593,1.0327440791142504,1.7557660771428818,0.049905196,2.8756406,9.0,4.5
ds005291,sub-014,13,Cz,1000.0,-12.401427268981934,0.155,9.041662216186523,0.55,21.443089485168457,0.11116215786975575,30.0-100.0,-26.430339597345093,-198.79765823452732,10.702299357254418,18.310079828615855,1.5075007302647283,6.309863419729913,0.21591944462814594,0.4282420728319501,0.6217136997452435,0.4069281841360174,0.5147510401612371,0.3363970548464585,0.22118403837619308,1.038338139398331,1.770101430321498,0.0668054,2.1640725,3.0,4.5
ds005291,sub-014,14,Cz,1000.0,-14.238295555114746,0.15,2.6585946083068848,0.3,16.89689016342163,0.1729682477659941,30.0-100.0,-469.48395061309344,-91.72975252876316,38.78352750551687,55.067240199555826,0.4723388102157795,3.4116151536939934,0.21883911003009515,0.5599054935720371,0.6445414031614838,0.42823091264678975,0.5076666892413257,0.2594466651025991,0.11484174303824143,1.0285396710246153,1.8724540601502229,0.04477056,2.9949405,6.0,4.5
ds005291,sub-014,15,Cz,1000.0,-0.23621319234371185,0.15,9.18124008178711,0.421,9.417453274130821,0.015154865574289482,30.0-100.0,-49.68161721926394,-26.42462383434555,42.6984441928673,20.624902748505892,2.0083975249469352,3.629285813237931,0.042884220667603376,0.41323182985140683,0.3256584266537221,0.22539982877111345,0.4932847670131342,0.3102944349654999,0.11887891793239495,1.0208651913396691,1.8371857322632879,0.04040732,2.8206186,5.0,4.5
ds005291,sub-014,16,Cz,1000.0,-2.8305509090423584,0.15,8.302361488342285,0.322,11.132912397384644,0.087958925361332,30.0-100.0,-170.84134310034668,77.70463991403633,33.857065088608685,74.38255335461682,3.0034938279320205,3.5501910201981914,0.14451510558287983,0.4848771834225279,0.2752533637131498,0.4809223585425291,0.48117970559950085,0.29976178856023245,0.14114916381749537,1.0174930725644544,1.8626872243369856,0.047010586,2.0547066,6.0,4.5
ds005291,sub-014,17,Cz,1000.0,-9.570940017700195,0.15,5.542602062225342,0.3,15.113542079925537,0.0182262330916831,30.0-100.0,-87.18546314073116,-96.39748155166065,39.24884224573065,29.35301529845175,4.194491942900004,1.3593467041337401,0.09639951341050403,0.3904558571086514,0.610288786323158,0.3247319555807198,0.4935719563571333,0.2682549732940223,0.09356999115453297,1.0206933366595232,1.9275274063902645,0.037349477,2.9238422,4.0,4.5
ds005291,sub-014,18,Cz,1000.0,-17.449031829833984,0.153,2.185563325881958,0.364,19.634595155715942,0.12757202081541388,30.0-100.0,30.073153611311326,77.92739520533024,19.300155978356294,42.06033975514402,2.7252925884445807,4.0017445463186885,0.24774264676732874,0.593532481909221,0.5198725919054069,0.33825415100585354,0.49308355110884877,0.3221913108491055,0.1602158915232707,1.0214530896946963,1.8876141154999326,0.055568464,2.1617393,6.0,4.5
ds005291,sub-014,19,Cz,1000.0,-10.157767295837402,0.15,8.689311981201172,0.363,18.847079277038574,0.021587554148984275,30.0-100.0,-1320.1577853357912,-434.53877687158763,29.775608922215334,45.50740351025987,7.87967688235538,5.968285716251448,0.056421935955571434,0.4153750588062129,0.3675640103352564,0.4347819537029293,0.4813769396363064,0.3079966733292356,0.1395179888539987,1.017205264703895,1.8936615177791718,0.049298324,2.2045083,6.0,4.5
ds005291,sub-014,20,Cz,1000.0,-2.9752557277679443,0.15,5.941870212554932,0.363,8.917125940322876,0.010071816237871508,30.0-100.0,-163.3018153182419,27.57308508985056,28.721125620716023,15.12933756482191,1.4024587900074943,0.8629191218235517,0.057481142200039546,0.5881867567708142,0.14882438409298446,0.2991173459770695,0.5075349886950088,0.2952854789826391,0.1095561342172879,1.0251708872624996,1.8660753465018867,0.038463496,3.2263668,5.0,4.5
ds005291,sub-014,21,Cz,1000.0,-12.323863983154297,0.15,7.8970232009887695,0.512,20.220887184143066,0.1736808498132663,30.0-100.0,-46.81157385184099,-434.5186315579137,26.07989337679813,33.97765911114997,3.6478085271790883,4.120087385442226,0.4204156670049278,0.6242591972999683,0.5033607113182127,0.37280103982777263,0.5044455747295015,0.3083276962382821,0.16414510771629004,1.0313589007107424,1.8599789992691358,0.050369143,2.5149972,6.0,4.5
ds005291,sub-014,22,Cz,1000.0,-20.495744705200195,0.15,13.094526290893555,0.325,33.59027099609375,0.02212088394994438,30.0-100.0,-52.570595073402245,-50.24000048911288,72.76634952998188,51.5182433726388,4.813353838057947,5.795103314846392,0.09477912890488269,0.6760903483763319,0.16355750179732848,0.6309524833017335,0.4777802299326375,0.2872503174590168,0.11446166450283922,1.012120007860963,1.9041192713963166,0.038893566,2.548004,6.0,4.5
ds005291,sub-014,23,Cz,1000.0,-5.660162448883057,0.156,14.866880416870117,0.419,20.527042865753174,0.10838719596290196,30.0-100.0,-79.55661461776742,25.793352948504843,50.47880081701754,24.29606673720145,21.551615390079004,5.293876428847572,0.3327024559077303,0.07967603878003965,0.39137829025815885,0.34327912840185715,0.48762565798766044,0.3309834803344867,0.1457820225233167,1.0197894259713285,1.8939176679747707,0.049081896,2.3615012,6.0,4.5
ds005291,sub-014,24,Cz,1000.0,-2.422870635986328,0.15,7.786729335784912,0.469,10.20959997177124,0.05214179533899269,30.0-100.0,-292.0717303007675,-167.63327109285186,22.229435970463047,27.556516221837114,7.778683195632783,4.010386657503151,0.0859710326376277,0.5395168364051413,0.5280669537212586,0.6424658374985481,0.47333641319351444,0.31701779908713856,0.13402500013849447,1.0141686557535514,1.906212855689464,0.04587119,2.1953382,5.0,4.5
ds005291,sub-014,25,Cz,1000.0,-6.762015342712402,0.15,4.406729221343994,0.396,11.168744564056396,0.011861265135968784,30.0-100.0,35.90628745764183,-25.20504611797848,27.072720204817998,26.13179823931526,22.426224178267635,3.849063473820819,0.08997096439995456,0.5647496479086017,0.3825940224908699,0.3854547750943058,0.4687065860177651,0.33188533167221995,0.16213991031065567,1.0153920340426381,1.9240699644127885,0.05166419,1.837835,4.0,4.5
ds005291,sub-014,26,Cz,1000.0,2.5392961502075195,0.15,13.859077453613281,0.429,11.319781303405762,0.02736330612212106,30.0-100.0,88.90757275062357,61.97669316310248,46.361266971296,21.203941166334758,5.0459111835001265,5.604733826673189,0.05740451937790226,0.40721345443640233,0.31457110900852353,0.28025565513479966,0.4858140996079541,0.3412298377162111,0.14048024191483655,1.0198158612531807,1.8412889144620095,0.04706734,2.383065,4.0,4.5
ds005291,sub-014,27,Cz,1000.0,3.395084857940674,0.304,12.290868759155273,0.385,8.8957839012146,0.09233817783014395,30.0-100.0,73.4893043256979,5.749419358122962,44.398666618931436,6.4490055138210085,0.8479709944767377,2.205038730563652,0.21264085410881703,0.30688268479342995,0.17329260830934737,0.018348039838862604,0.482191681849275,0.31293045595255486,0.1337637978987403,1.0269384640614532,1.7916072428034227,0.04025067,3.206825,5.0,4.5
ds005291,sub-014,28,Cz,1000.0,0.664281964302063,0.15,16.757753372192383,0.32,16.09347140789032,0.11902774395906929,30.0-100.0,75.72187380805381,64.52825792675978,52.19671014411071,19.61409900085246,2.2171358686440796,3.841081505990717,0.24268731292294593,0.6905827287008006,0.5913213457554181,0.5840553634850383,0.48125445162413083,0.35665281634828017,0.17922535085567862,1.0240594407971098,1.8034148313548122,0.052155655,2.1521833,5.0,4.5
ds005291,sub-014,29,Cz,1000.0,0.5441316366195679,0.166,10.919007301330566,0.319,10.374875664710999,0.11134255531082392,30.0-100.0,-592.0714934356196,-73.20137165918355,27.533225293429393,13.968869001830987,17.533575390340484,3.778433664955125,0.14641795781112463,0.4872913114340632,0.38931486716941544,0.33984869911809407,0.5053125166730804,0.33425921630875566,0.1562006903382365,1.0230004784970248,1.9008222859416812,0.05217443,2.2658634,8.0,4.5
ds005291,sub-015,0,Cz,1000.0,-50.73103332519531,0.15,-6.33149528503418,0.497,44.39953804016113,0.23609261430317732,30.0-100.0,-125.52397932797479,-222.85547557301246,187.90951473731445,71.33438372850154,6.3962730001265395,7.402863471327425,0.43453715414510985,0.7513775186224562,0.7179876460827614,0.41217045314336614,0.4817032946893809,0.21684763324263012,0.07880494979047382,1.0227266209466868,1.9489599966847937,0.029539943,3.5318222,4.0,4.25
ds005291,sub-015,1,Cz,1000.0,-22.512468338012695,0.186,24.940515518188477,0.529,47.45298385620117,0.11978172053023163,30.0-100.0,-70.21251224667839,-2652.0268101114107,85.17040925867417,8.369494225420512,5.374281407725663,4.553025342383474,0.22836832103836105,0.7118697037393327,0.44089289073587296,0.5382014219181057,0.5054722179423041,0.3076519730612353,0.08962401543095957,1.0253240495576676,1.806329565423702,0.031952124,3.9937978,6.0,4.25
ds005291,sub-015,2,Cz,1000.0,-27.525562286376953,0.15,12.956964492797852,0.532,40.482526779174805,0.07221904219530441,30.0-100.0,-78.1763309654847,-242.05605457549376,103.45678297713911,18.60163082160907,2.9682188928458055,8.167702237456275,0.1674194654479327,0.3708967414760136,0.5879774965870587,0.0931653666679351,0.48410238911528114,0.3059230460718733,0.09419231360827178,1.0239911820250742,1.7920221826545928,0.035822514,3.4413295,6.0,4.25
ds005291,sub-015,3,Cz,1000.0,-41.65089797973633,0.153,9.418713569641113,0.516,51.06961154937744,0.06410312581758769,30.0-100.0,-541.9522411627678,-34.843781231687366,226.1005702214553,15.028202838029769,1.6387361003608998,3.310008427762859,0.285271542736605,0.37609736157631135,0.39573483501877754,0.4069264559319595,0.5076116491890835,0.2073302896973077,0.05889838820635717,1.0277729938090179,1.8404570014196202,0.02192035,5.877916,7.0,4.25
ds005291,sub-015,4,Cz,1000.0,-7.219586372375488,0.179,23.788990020751953,0.339,31.00857639312744,0.027855770026488515,30.0-100.0,-45.584405767533006,13.451689111754561,24.52018814002237,10.579433941285433,6.122647855972474,3.9644002930967184,0.1579035069438825,0.6425633088217191,0.24370034373482932,0.4918629173308169,0.4870152201532361,0.29683822855048525,0.14746681478123314,1.0255861021595245,1.8401661786727939,0.048074648,2.684689,5.0,4.25
ds005291,sub-015,5,Cz,1000.0,-15.964570999145508,0.16,5.814579010009766,0.533,21.779150009155273,0.17591763329333682,30.0-100.0,-150.7876697053598,-166.3644145604592,17.66832819524801,12.284870913766994,1.798700479238597,2.81409434374674,0.2587714213146549,0.5639470486661728,0.2984583997970748,0.2742552886307679,0.5095294336682508,0.25876886568572516,0.15328796199616831,1.031187627817607,1.7958407145770567,0.05272999,2.6753232,6.0,4.25
ds005291,sub-015,6,Cz,1000.0,-11.904916763305664,0.168,20.07716941833496,0.3,31.982086181640625,0.007149370840415903,30.0-100.0,-356.78734890548395,-40.60406368607442,66.31932062790476,9.07922829692557,3.280240277471342,2.6225861447235856,0.021156538858854,0.6645346192862318,0.7240590642037243,0.39294300955671013,0.49376827988199845,0.24708367865437375,0.11575849757167102,1.0207599111665002,1.8224367769074683,0.037118196,3.2729464,7.0,4.25
ds005291,sub-015,7,Cz,1000.0,-23.75807762145996,0.179,-4.1583404541015625,0.55,19.5997371673584,0.06650087170472792,30.0-100.0,-133.72667363318166,-751.1350270679584,59.904924111149285,18.671178658979713,3.9241244472753456,4.724960079567546,0.18360503425036429,0.6089721694592358,0.6091882205987414,0.4844750073541121,0.479901798986916,0.28116236264797834,0.08704986917379648,1.0195681176513436,1.8040267883382797,0.031245677,3.7664518,6.0,4.25
ds005291,sub-015,8,Cz,1000.0,-30.097640991210938,0.166,10.112195014953613,0.323,40.20983600616455,0.07062568412400036,30.0-100.0,-676.4566072788158,-205.08779204089956,90.28700427395125,38.41581461035319,4.737843783131977,4.617927275540164,0.3009844785169433,0.6863083767109166,0.5101871598437044,0.6561150819248819,0.5118388324812845,0.22087690994775644,0.09345181330414389,1.0277875938915655,1.8710384347359177,0.035371486,3.6297553,6.0,4.25
ds005291,sub-015,9,Cz,1000.0,-27.657581329345703,0.153,8.324222564697266,0.471,35.98180389404297,0.1559013368517487,30.0-100.0,-202.0707370481742,-39.654074625846995,94.90117063532924,7.993511698486802,8.774901600709633,3.901620162909355,0.07975208654117771,0.4807943402652311,0.4243580392979829,0.6249584712786344,0.5065856478863039,0.2975464801513124,0.09622173502852634,1.0282634763949623,1.7590616591284256,0.03485047,3.728113,7.0,4.25
ds005291,sub-015,10,Cz,1000.0,-33.4813117980957,0.15,11.575909614562988,0.333,45.05722141265869,0.07679254415584798,30.0-100.0,-577.0636654541728,-78.89667581749814,195.57754736761672,14.47580075025823,1.4706552359425396,3.9335184014266917,0.03503835530127112,0.6899290878085055,0.2301311471900934,0.5595306077340454,0.4886821761203991,0.2545190786159229,0.08248149447387969,1.0279119866205424,1.8762686999417668,0.029247778,4.220319,7.0,4.25
ds005291,sub-015,11,Cz,1000.0,-8.199607849121094,0.15,18.925920486450195,0.54,27.12552833557129,0.19367283457046675,30.0-100.0,-595.382373559753,-99.80416126294719,75.15015427465576,43.62324525195936,2.057861143952601,8.566126305936573,0.42413568699203213,0.8389622621027856,0.3554192796258121,0.6124229699402096,0.4898972387688274,0.29079115638196956,0.09568553068019849,1.0238341958596087,1.863770837673224,0.037466202,3.3160934,6.0,4.25
ds005291,sub-015,12,Cz,1000.0,-7.635432243347168,0.15,22.620594024658203,0.316,30.25602626800537,0.05105101231251165,30.0-100.0,-4682.023145092686,58.399598207248516,63.936083218895234,20.045123010311485,8.477873992708226,5.364918686991164,0.15774814948061192,0.6425592009286093,0.4151697015446425,0.6028104768239028,0.49434494937655615,0.2905985302892737,0.10746988674373581,1.0210154451113966,1.8292091383026154,0.0401294,2.7549286,8.0,4.25
ds005291,sub-015,13,Cz,1000.0,-30.345972061157227,0.15,3.2107958793640137,0.309,33.55676794052124,0.04424211359036023,30.0-100.0,-323.0248419814533,-122.43435061954864,78.4272925305975,11.254669691164139,5.070884835045293,4.489188139367183,0.128831099670833,0.4041292148306356,0.2963857725864989,0.7083592196523297,0.5044877474632412,0.2944042334124348,0.10819018456578774,1.0274785996329427,1.8592952815667048,0.03813411,3.362908,7.0,4.25
ds005291,sub-015,14,Cz,1000.0,-23.71654510498047,0.15,22.8865966796875,0.55,46.60314178466797,0.10000123286657965,30.0-100.0,-323.34716340024636,9.366072398868328,82.25986086965003,40.32229530427617,6.6446684441476505,3.2686841044653536,0.3205325581529822,0.7092355760618233,0.4818256338096523,0.6915355524972734,0.4941994421835889,0.2558899619477988,0.10511688062190311,1.022071721519862,1.9090840700002036,0.03364239,3.6501136,6.0,4.25
ds005291,sub-015,15,Cz,1000.0,-11.827848434448242,0.15,26.564594268798828,0.539,38.39244270324707,0.2950761916896161,30.0-100.0,-253.18974411623302,-1754.3834384759407,45.27070069815818,55.49958384658864,10.5564238360931,18.875892440500053,0.6036385469193529,0.7138732995475783,0.3786282087423292,0.6511686341893425,0.474874455900766,0.2919973823476805,0.11611241173553231,1.0169528196957713,1.8675544858953983,0.042503253,2.707821,5.0,4.25
ds005291,sub-015,16,Cz,1000.0,-54.092681884765625,0.15,-4.693936347961426,0.495,49.3987455368042,0.03980575144213018,30.0-100.0,-103.99255757292869,-32.572693369501984,191.6832664565955,24.99910729309827,4.723392766006249,5.355438839780634,0.08153297294728992,0.09849658723425624,0.4698823572271376,0.40563325563067026,0.4862366803527152,0.24319791694261034,0.08206140961995514,1.0290080362021041,1.8565250976537635,0.027419182,4.551573,5.0,4.25
ds005291,sub-015,17,Cz,1000.0,-56.78725051879883,0.193,-30.997055053710938,0.325,25.79019546508789,0.8720739242810329,30.0-100.0,-1307.5379464953473,-9.987251159300325,144.78089886156224,24.52878391041475,21.10007388742597,7.1415911851394975,1.3034344187758304,0.506396970663899,0.39544982329012723,0.5290277198057523,0.5076359001614177,0.3077847583244469,0.05760639997062267,1.0265281462023266,1.7695740785443317,0.02463801,5.4167523,5.0,4.25
ds005291,sub-015,18,Cz,1000.0,-10.075900077819824,0.15,24.525676727294922,0.302,34.601576805114746,0.26271913202940694,30.0-100.0,-193.01384999867096,68.25514563618725,56.02990932655122,12.60568352041975,5.15782138483638,2.716791745767278,0.5681710296118108,0.2779307423735347,0.21033210605092545,0.32491702853164356,0.5072613873793418,0.26843539790429494,0.12097213364949555,1.0301280891164089,1.8450606559920908,0.04048497,3.4038332,3.0,4.25
ds005291,sub-015,19,Cz,1000.0,-33.56890106201172,0.172,3.8163366317749023,0.418,37.38523769378662,0.12650603131537572,30.0-100.0,48.93912707582558,22.915271890103526,212.89205604070563,16.79992536858105,3.611746559397096,2.5659779150795585,0.21162811255004857,0.47103046582930685,0.11793417623180212,0.04621697307172859,0.49589836514313784,0.22746023109420413,0.061005868907289255,1.0244540928265846,1.8549099091656676,0.02637067,4.695932,5.0,4.25
ds005291,sub-015,20,Cz,1000.0,-21.573589324951172,0.15,22.998327255249023,0.334,44.571916580200195,0.34700646793361983,30.0-100.0,-5656.654969589368,-365.27577942453064,84.69067403134972,18.348772438464238,4.241320983683494,6.421705743051925,0.7525017850773834,0.5495114185238269,0.38308658206248725,0.40891083351531,0.507048823687444,0.2964355237251571,0.13260803736441404,1.031432837410088,1.7926339354387526,0.04138595,3.1530857,6.0,4.25
ds005291,sub-015,21,Cz,1000.0,-44.864742279052734,0.15,34.91514205932617,0.55,79.7798843383789,0.5583746214694499,30.0-100.0,15.112543164873534,-57.22356538380493,292.9019568101415,35.90570411724468,4.769932416647045,7.284163339239245,0.926713276737375,0.5290741687328708,0.4397363165392111,0.7231722460635943,0.4967756629587776,0.25204688451995527,0.05125439000567431,1.023521087253454,1.8601230778893012,0.021544168,5.279841,6.0,4.25
ds005291,sub-015,22,Cz,1000.0,-37.13273620605469,0.15,25.582067489624023,0.547,62.71480369567871,0.08193183895813162,30.0-100.0,-125.66610249215131,-156.5803044374883,226.02722303451893,11.577678044284225,8.64231308610008,4.244711568432298,0.1923736978251132,0.6113676611521831,0.20431449660270004,0.3978018484142613,0.4831280141956361,0.23798397230261203,0.060643324840468325,1.0279479704056773,1.8528318022488721,0.025063103,4.928569,5.0,4.25
ds005291,sub-015,23,Cz,1000.0,-34.72200012207031,0.181,17.3892879486084,0.548,52.11128807067871,0.45008385863265793,30.0-100.0,-1248.6901865958905,-301.9105799177168,149.7635793738836,28.510795978541907,4.1591904139545175,11.218017215254436,0.6433599120229375,0.6646615085826427,0.15749156141088544,0.6753255138019604,0.5074693283166785,0.2868771483814423,0.07448306794150733,1.0255945898847554,1.803167120695512,0.029722681,4.3612895,7.0,4.25
ds005291,sub-015,24,Cz,1000.0,-25.459854125976562,0.21,18.285099029541016,0.55,43.74495315551758,0.016410354709917314,30.0-100.0,-114.8098145391204,9.094478543980657,88.19860570571001,8.84025051908673,9.100958258409747,4.017871853117143,0.08900538924346234,0.8060825124775212,0.621621290269383,0.6629529381236793,0.49887975634151627,0.29287255965054104,0.07203950782501045,1.0244749754308455,1.8165586930005537,0.029769152,4.0609436,7.0,4.25
ds005291,sub-015,25,Cz,1000.0,-28.42746925354004,0.15,27.614103317260742,0.472,56.04157257080078,0.25953087025281585,30.0-100.0,-1900.8617671604416,-443.42689625106175,159.65038981210114,29.93015337995896,3.918302575173838,2.539348651083407,0.4053942290516597,0.6782769088913014,0.4524175702154787,0.6501887475422561,0.49096063330942225,0.1988805880518845,0.04528038212124283,1.0247654716591037,1.9059463857724117,0.022670817,5.5620375,7.0,4.25
ds005291,sub-015,26,Cz,1000.0,-31.506656646728516,0.173,10.073586463928223,0.491,41.58024311065674,0.0723785728385618,30.0-100.0,-17.45525033898146,33.826809950715905,138.9587351537571,14.246309901712742,5.876519571530831,3.382627249640577,0.18086758410462397,0.4897618644088139,0.5145987897514682,0.7678781460213827,0.4836547340320604,0.23574054533994485,0.08271252070966975,1.01916904259653,1.8736744959231237,0.030917987,3.753967,7.0,4.25
ds005291,sub-015,27,Cz,1000.0,-19.425758361816406,0.154,13.780865669250488,0.55,33.206624031066895,0.016670341447851084,30.0-100.0,-4503.303406879859,11.386643498088256,31.835369740950807,11.73502438340944,8.094823585366303,1.579884221088906,0.11040495063895107,0.7057241814652727,0.34855299569228304,0.5244363169588803,0.49712375538387077,0.28412487773974743,0.11801895966774183,1.0300687700210975,1.850432187314574,0.039684035,3.0806322,7.0,4.25
ds005291,sub-015,28,Cz,1000.0,-32.180084228515625,0.2,13.352742195129395,0.508,45.53282642364502,0.04863581779227287,30.0-100.0,-317.16094913541264,-89.30715077549695,202.44059843175552,21.57788800611083,9.410433711010658,5.991092245285703,0.1620183510045257,0.3031719728047242,0.5882460511212393,0.5836572468099687,0.4916099182040179,0.24707730313220108,0.05960313113711241,1.0176437598162564,1.8709364846510215,0.025956795,4.133453,7.0,4.25
ds005291,sub-015,29,Cz,1000.0,-23.16986656188965,0.158,8.7073392868042,0.456,31.877205848693848,0.05989859352056406,30.0-100.0,-2950.2372359053925,-2.282187245614141,99.04291997606825,8.453131416661627,2.402821867897296,2.474664860341975,0.38417755382200314,0.6384588530261809,0.2710134094945705,0.24166291581017296,0.5157815770397697,0.24679898009121035,0.10815828891314067,1.044550386729463,1.7498245892433772,0.036668573,4.0446405,7.0,4.25
ds005291,sub-016,0,Cz,1000.0,-6.222020149230957,0.15,12.668810844421387,0.3,18.890830993652344,0.008659121433605333,30.0-100.0,-1063.5683693730539,-444.0698488933437,62.164768130083324,7.966620477534559,1.4808572390500239,1.4431472665131029,0.03374813021182295,0.6347148910827963,0.524442102622148,0.2304419194643723,0.49543485091836614,0.22341795322946476,0.09729050976006175,1.0222389786848434,1.8473091816178189,0.031790715,3.9796925,7.0,4.25
ds005291,sub-016,1,Cz,1000.0,-14.422052383422852,0.15,13.93756103515625,0.321,28.3596134185791,0.1159997913786044,30.0-100.0,-360.3745041144755,-209.3849464728409,14.43834389486535,6.2094655603203455,0.8551134551140365,2.053329951598099,0.15055127797524606,0.39476192754295564,0.7311208421664597,0.5337067394771573,0.5088523391498562,0.2900680566769891,0.17338832439213614,1.0384777855891036,1.782281242602575,0.05407504,2.6652353,8.0,4.25
ds005291,sub-016,2,Cz,1000.0,-17.09328842163086,0.339,1.1271886825561523,0.545,18.22047710418701,0.07151566431726138,30.0-100.0,-80.6953546571299,-175.4082416408574,20.85141468789019,24.76876888105793,3.274156832933162,1.8631910510386,0.0971886500359963,0.6839051174044184,0.6080987545694401,0.36742052574459216,0.5068707850693134,0.24587129054830084,0.09308382711889163,1.024549380151058,1.8259332942363573,0.03205341,3.7221527,9.0,4.25
ds005291,sub-016,3,Cz,1000.0,-7.865266799926758,0.15,6.681377410888672,0.3,14.54664421081543,0.03550894921351222,30.0-100.0,-69.08469202591948,-81.98400234947691,39.771299118736344,12.130728043144474,2.0556181966927674,1.7649788124182915,0.07882161935157826,0.6545807924847155,0.4988520862337885,0.2716829414521708,0.497906570924301,0.2670122584871823,0.11176970953898509,1.0353559926407987,1.7779607312329522,0.04086725,3.2830234,9.0,4.25
ds005291,sub-016,4,Cz,1000.0,-6.46016263961792,0.15,20.607372283935547,0.3,27.067534923553467,0.02819042422646062,30.0-100.0,-657.9924604965039,18.80691935543575,46.69524138828493,12.64161036890434,5.4870282902437095,1.0343532658881867,0.05138675525206576,0.45948876217492307,0.5358592830980304,0.5105085019873198,0.48362468883105353,0.27333907871147434,0.11061439509847176,1.025474033901923,1.8822663780577655,0.033277586,3.5411122,7.0,4.25
ds005291,sub-016,5,Cz,1000.0,-3.047379493713379,0.15,14.06578540802002,0.3,17.1131649017334,0.09387877036277202,30.0-100.0,-1.3963167941001458,-61.67726900462943,70.24729026938384,12.311541676918225,0.85175424384224,2.5552884323086245,0.09992366540741521,0.4224930541371397,0.6445235622297543,0.3276693275498928,0.5006715535644852,0.26360223132212085,0.0837554195629019,1.0353493534988922,1.8303908151037798,0.032369375,4.4253063,9.0,4.25
ds005291,sub-016,6,Cz,1000.0,-6.603289604187012,0.15,6.282200813293457,0.546,12.885490417480469,0.13940078670624134,30.0-100.0,-69.30602532754865,-506.06600670047817,38.30900414537774,8.174431376928231,1.8665141588310548,3.332495495065072,0.12324481931549956,0.4173293865857419,0.6084876125759208,0.10326046479755416,0.5136565099962196,0.2948331428500918,0.12813895111806503,1.0371586035485292,1.7267847639231884,0.04739654,2.9875152,9.0,4.25
ds005291,sub-016,7,Cz,1000.0,-22.265487670898438,0.151,9.863487243652344,0.303,32.12897491455078,0.048269624795378566,30.0-100.0,-40.64439065098704,22.60664387590499,64.24690695369945,8.770481066222196,0.7141032540440957,2.099241879453405,0.015824366318221875,0.3722902182467386,0.6660403321058026,0.46911249500357327,0.5095158623452252,0.23746408021336204,0.12078421997150503,1.0365979074154459,1.8270061295424742,0.038439844,3.6028543,9.0,4.25
ds005291,sub-016,8,Cz,1000.0,-8.627921104431152,0.15,7.737398624420166,0.3,16.36531972885132,0.06057974657907416,30.0-100.0,-208.20298349338256,-241.34931859121,15.606523486273932,6.550338048979922,2.385554448613581,1.4314572011574391,0.05775189151240651,0.38400722768901707,0.5934287423556961,0.1856222840880737,0.49257101910840173,0.26730765689074953,0.13991607333466288,1.0247839543392543,1.8636922251576795,0.043520927,2.6796575,4.0,4.25
ds005291,sub-016,9,Cz,1000.0,-13.51309585571289,0.15,1.9606282711029053,0.442,15.473724126815796,0.042651470235224,30.0-100.0,-3859.661589900076,-5.320263751346545,19.213046667710792,10.19400417738564,0.7795769717134986,2.261097810658048,0.07110819597518424,0.22897682665020402,0.8062340573061328,0.2824908921651772,0.4958154278178463,0.2991558073713556,0.14251124913274033,1.0281405463158086,1.8491156913967164,0.045443844,2.772758,8.0,4.25
ds005291,sub-016,10,Cz,1000.0,-14.385669708251953,0.15,12.933515548706055,0.3,27.319185256958008,0.031906802197995514,30.0-100.0,-170.89459064280192,-442.0748217011429,48.65180638998118,17.361822456419134,2.310159997590771,3.1017050577056793,0.03291912966452942,0.5551982459526593,0.6808741855923334,0.28215035991965753,0.49721284607611743,0.25768608808919985,0.0921617495868904,1.025804284697714,1.8970571853243898,0.035735875,3.42777,9.0,4.25
ds005291,sub-016,11,Cz,1000.0,-22.228527069091797,0.151,19.427724838256836,0.311,41.65625190734863,0.055675179444296556,30.0-100.0,-32.787173366901065,-83.63654331874145,56.256221216606114,17.987672549638315,0.9315718093537596,2.7244498335097926,0.02307254644876405,0.12608410652283158,0.8140309125383448,0.3426169713597962,0.48761651243707277,0.203304678784988,0.09540749077783572,1.024618198691238,1.8603105447950201,0.0364211,3.416226,9.0,4.25
ds005291,sub-016,12,Cz,1000.0,-6.129129886627197,0.35,1.3083324432373047,0.322,7.437462329864502,0.025892837742680724,30.0-100.0,-155.26639124504794,9.392975561228614,16.554527621422704,2.9744718070829355,0.5469818524065344,0.8274798574014985,0.04802398029047664,0.48087304275961007,0.2656010614575358,0.22439346126576268,0.49069251424417626,0.3161828609177806,0.12409832247276219,1.0275000980466935,1.811490881839656,0.03894472,3.0427196,5.0,4.25
ds005291,sub-016,13,Cz,1000.0,-4.599702835083008,0.169,17.255998611450195,0.335,21.855701446533203,0.002610905611775651,30.0-100.0,-204.3146050388092,-117.28820164156318,33.83554973030725,4.781037999046233,0.6908763129756137,2.6058101557302686,0.013507103459953304,0.3939209849196213,0.43697406033854996,0.21182264938140197,0.5084482006313046,0.29203154965838135,0.10803296891547709,1.0325490483801818,1.7527058455222162,0.03517156,4.097929,9.0,4.25
ds005291,sub-016,14,Cz,1000.0,-9.894181251525879,0.15,15.091947555541992,0.379,24.98612880706787,0.11837828887651496,30.0-100.0,30.041246763367024,-58.41636087164635,62.46149738409146,15.259367379708243,3.946438150585821,3.947839116084325,0.13567526676108518,0.4633562150255683,0.562525623547639,0.21613893845802673,0.4983794575904651,0.27738280775996194,0.09773338144220876,1.0298500020330676,1.839454211242963,0.037311647,3.1605475,9.0,4.25
ds005291,sub-016,15,Cz,1000.0,1.5585402250289917,0.15,15.228020668029785,0.3,13.669480443000793,0.06460950991746196,30.0-100.0,-33.535158358219334,-50.50264186566669,39.33354249672672,6.176743586108371,1.1425395387655883,2.2257863813711456,0.0875050854691239,0.26181799640654624,0.6911972762580982,0.32655940370471515,0.5083169676627901,0.2961666584267431,0.13334075052162306,1.0320102498668635,1.792450322317848,0.041632853,3.314318,9.0,4.25
ds005291,sub-016,16,Cz,1000.0,10.562435150146484,0.349,18.95012855529785,0.3,8.387693405151367,0.021357992748447574,30.0-100.0,-302.7560331239203,-0.8592791508702917,47.24070710955925,7.310424210890284,4.280612021519262,2.23077514873493,0.06321512549785253,0.6734507124362334,0.6900649180959422,0.2760682870333558,0.5007614388939922,0.3267649873649737,0.11051838389198583,1.0313741171723498,1.735200943882677,0.036538705,3.621934,9.0,4.25
ds005291,sub-016,17,Cz,1000.0,-0.07150030136108398,0.15,21.309741973876953,0.3,21.381242275238037,0.03196432138946324,30.0-100.0,-78.01773555052928,-214.90959561360253,97.22236099835902,22.781231493320107,0.692689772715976,2.75794880156644,0.11961560726175219,0.785818767624264,0.49467364580866546,0.32782351652618363,0.502913878360257,0.24569156706083278,0.06310767356212113,1.028777315106842,1.8429253767204,0.027053887,4.833044,8.0,4.25
ds005291,sub-016,18,Cz,1000.0,-5.223935604095459,0.15,14.546188354492188,0.306,19.770123958587646,0.0019806200123764204,30.0-100.0,-1488.713252636908,-1075.5721784115053,24.080566507862358,6.336732524613561,1.4122066301987253,2.8476010600764394,0.03909130139886639,0.4497994756010076,0.4105203908780846,0.012347437728084205,0.5037921832594308,0.2931641382837812,0.10904644591986305,1.030047711994687,1.7928706640809486,0.038789943,3.5319984,9.0,4.25
ds005291,sub-016,19,Cz,1000.0,-6.114784240722656,0.15,15.904837608337402,0.3,22.01962184906006,0.017728506964486426,30.0-100.0,28.205078961190726,5.634948182809665,127.81686391205952,19.394930935858625,0.5227657785426232,3.4356470923709552,0.15514824209872746,0.35930605729686504,0.8925472225669071,0.18749614132929834,0.5029847370716142,0.2354865253957181,0.07438281450282769,1.0261052021856898,1.8483425280377224,0.028200509,4.228242,9.0,4.25
ds005291,sub-016,20,Cz,1000.0,-23.7838077545166,0.15,15.369793891906738,0.305,39.15360164642334,0.018356486526413203,30.0-100.0,53.995999597196054,-40.34741516632225,74.95690873936728,9.638754958979431,1.6485826421392609,2.2143567007833,0.05691424103406921,0.4516128830671965,0.7224013330592401,0.09503506273284917,0.4861805982558728,0.23482835570466684,0.10190961046819498,1.0221427541977934,1.867597745854381,0.033395547,3.6035075,7.0,4.25
ds005291,sub-016,21,Cz,1000.0,-9.669424057006836,0.17,24.501312255859375,0.32,34.17073631286621,0.09725812131072609,30.0-100.0,-1624.0679726869835,-299.6756805626576,49.217797807530474,5.533566568191521,1.733499381703621,2.8177709013769423,0.1114030927615682,0.29340676696278134,0.5021738753394471,0.2943565127768512,0.506343059677758,0.2862038590828049,0.07774684503776703,1.0388173031554724,1.75316065404827,0.031047855,4.606928,5.0,4.25
ds005291,sub-016,22,Cz,1000.0,-1.461129903793335,0.15,15.46038818359375,0.3,16.921518087387085,0.027749202111134148,30.0-100.0,-1182.5161354308184,-4.887653072610668,51.632839884530426,20.756166333231363,1.882273137370965,1.9634687166028428,0.07866664501864484,0.6140041139212278,0.7022031274534006,0.3500099723367738,0.4901206111714329,0.23607068069532255,0.07753420193876726,1.021444945790604,1.9186248413088298,0.031194108,3.5326867,8.0,4.25
ds005291,sub-016,23,Cz,1000.0,-9.25465202331543,0.15,8.902015686035156,0.329,18.156667709350586,0.008126979533006895,30.0-100.0,-118.60856036680065,58.221116123706466,17.285640178854006,9.155413683723001,1.1768074133552267,1.0390185702439152,0.06688648114679746,0.19737098833197778,0.6981036889801949,0.26117419426616945,0.4956935382579217,0.267305371604283,0.12223929248007759,1.0308246531361185,1.8240627018412792,0.039230645,3.4275305,9.0,4.25
ds005291,sub-016,24,Cz,1000.0,-6.936125755310059,0.166,18.665529251098633,0.362,25.60165500640869,0.0888732120447422,30.0-100.0,-404.1117746113947,6.938800340338097,26.659902007413095,4.736174092308662,2.614683170826665,3.727669613673605,0.2646666617121168,0.5448401560671043,0.31185016104955465,0.45445396476271577,0.5182153358938715,0.3383289146492792,0.1495046692036974,1.0377828884105507,1.7164565388902435,0.05087822,2.9835527,5.0,4.25
ds005291,sub-016,25,Cz,1000.0,-5.213922500610352,0.151,24.020517349243164,0.323,29.234439849853516,0.06341049319382495,30.0-100.0,-202.00318583787578,-380.17889555346227,36.950990971132335,8.253126674963289,0.3812008854683972,1.9350443118056502,0.10752224421994187,0.390443438877685,0.41560313463000137,0.23529240993601172,0.5156070019577894,0.25480506477393133,0.11184490733824307,1.03093426738205,1.823953952621001,0.037035428,3.8378928,9.0,4.25
ds005291,sub-016,26,Cz,1000.0,-6.970151901245117,0.15,19.738079071044922,0.3,26.70823097229004,0.03594463135223018,30.0-100.0,10.439448462601767,-223.07897927434738,86.34994456029759,14.013613103894098,1.173336253182075,5.166573968863778,0.03244301551183602,0.3151544958952696,0.6136459126969913,0.45531863785819787,0.5029948495881957,0.26572914681589316,0.10824344494526018,1.0282844821089996,1.8102273258502564,0.039250113,3.308033,9.0,4.25
ds005291,sub-016,27,Cz,1000.0,-0.3120841979980469,0.161,16.758363723754883,0.3,17.07044792175293,0.07817537209435363,30.0-100.0,69.13484654119813,43.49578657786377,49.06339994678221,2.3829522527150653,0.9217615695163757,2.2540794691684902,0.07380938965693848,0.6043454644766351,0.39523552715604415,0.5328711296472468,0.5036504992880815,0.29687801552763693,0.09698500290013441,1.0255141844026838,1.7690122472386824,0.03401795,3.7657604,9.0,4.25
ds005291,sub-016,28,Cz,1000.0,-5.280852317810059,0.329,2.158188819885254,0.401,7.4390411376953125,0.04417348904548686,30.0-100.0,-61.50649966802465,-5.688639395136603,4.793525403665252,3.293358955478561,2.0018538561433594,0.872344427745165,0.0806867223915164,0.6509289634645706,0.6067031920816789,0.5872988802226743,0.4928552259865201,0.32002468290068303,0.20606283030291958,1.028608118629113,1.8178086583151896,0.061844613,2.1752684,3.0,4.25
ds005291,sub-016,29,Cz,1000.0,-0.3751644492149353,0.15,16.04366111755371,0.303,16.418825566768646,0.057716987152960114,30.0-100.0,26.101763808354523,-514.6955787349273,43.93864630594369,7.592077756695425,1.9045008406390354,2.920766016850857,0.11791617689740434,0.38350196903928324,0.4312516793940321,0.3442922572281436,0.5213417632120988,0.2974170617471095,0.10723222568148436,1.0332979697480165,1.7760674602652258,0.038707517,3.59674,7.0,4.25
ds005291,sub-017,0,Cz,1000.0,-28.614992141723633,0.161,4.380413055419922,0.333,32.995405197143555,0.3280786424957576,30.0-100.0,-5009.639031185722,-657.185517096149,46.582427326502994,100.79782255217185,8.304924996658647,8.082480325914513,0.35045195888316977,0.6467511179314689,0.654364255613407,0.04595503621398877,0.49552123771953643,0.23405012873605785,0.0944658294738841,1.0198821157123716,1.8976995012154425,0.03759469,2.7917378,8.0,4.25
ds005291,sub-017,1,Cz,1000.0,-16.375709533691406,0.15,6.9205827713012695,0.464,23.296292304992676,0.07683594544687276,30.0-100.0,54.973032531450826,-114.40004206947827,20.332759281374372,43.32268595298572,1.9720551639497603,17.858515304413004,0.2558068131210086,0.6226999072746766,0.5341769649251663,0.5152034585486017,0.49262649151941557,0.3167063617151481,0.16196474803478164,1.0244433539562663,1.802629984671016,0.054193243,2.3379102,7.0,4.25
ds005291,sub-017,2,Cz,1000.0,-23.71149444580078,0.15,15.176795959472656,0.312,38.88829040527344,0.20346386577868036,30.0-100.0,-63.11274948559827,-123.3685558939374,104.03023231836588,42.579373561846424,1.1143704729524746,2.741280405655024,0.31861716641327753,0.542200162018069,0.42155630277385037,0.6078918288772329,0.4991911737595238,0.21352897992989103,0.0774287734766856,1.0225195278201784,1.905554097953448,0.031206766,3.501661,7.0,4.25
ds005291,sub-017,3,Cz,1000.0,-20.140352249145508,0.15,10.948006629943848,0.532,31.088358879089355,0.3214753048873128,30.0-100.0,90.82814845911878,-825.6297125473028,74.46914825270099,34.585399712362516,0.72715701855777,1.2402581412771034,0.5709000974005544,0.8293384871101327,0.2946621117668233,0.2680846016982049,0.497063102794438,0.2072326638923968,0.07662277203132846,1.0247138082169762,1.9161113545201893,0.033659957,3.688714,7.0,4.25
ds005291,sub-017,4,Cz,1000.0,-4.395591735839844,0.15,16.66935157775879,0.3,21.064943313598633,0.06189603846462535,30.0-100.0,-1467.8632300201132,-19.625138532031865,83.20055420734772,8.256906872981133,2.0371887514514477,2.5050739502404027,0.19736197488410478,0.7140646240574223,0.23175379830276543,0.28908186767157024,0.4900380594786176,0.24831333115528045,0.07230959546512492,1.0218130371349712,1.8707077589188617,0.02856855,4.0176907,8.0,4.25
ds005291,sub-017,5,Cz,1000.0,-18.53141975402832,0.15,36.983219146728516,0.441,55.514638900756836,0.11115714647361037,30.0-100.0,-363.287272268329,-16.009185746835254,119.24897341034917,24.500794733536498,1.5037821215080232,2.5429960658626998,0.308117875424049,0.5512588885077164,0.7442484671940137,0.5831651569126813,0.4859169031508754,0.2194620427143268,0.06803689787136098,1.0258589778197154,1.908496588980572,0.028274426,4.2475524,9.0,4.25
ds005291,sub-017,6,Cz,1000.0,-15.654248237609863,0.17,15.796759605407715,0.3,31.451007843017578,0.028607006001123706,30.0-100.0,-0.20465071807696314,-95.98992084315178,38.584764207507604,28.344700524333312,1.2316615150189159,2.5659912864323062,0.10910383023181153,0.679347888790565,0.3858607762840751,0.27237878390421116,0.4958201710437557,0.2221648631350398,0.11299500081499435,1.0266829099336372,1.8982502299486899,0.03730261,3.1949482,8.0,4.25
ds005291,sub-017,7,Cz,1000.0,-8.245500564575195,0.15,24.786911010742188,0.3,33.03241157531738,0.040889579858534586,30.0-100.0,-16.25116490646905,81.01241635108296,67.03568986729697,15.921476546191219,1.5323612256002472,0.9402618730558573,0.07489058060019706,0.6501910237197219,0.2848945302443744,0.2573911040837942,0.47539614621704873,0.21809878466988045,0.0866675394151109,1.0147164534561643,1.915940308756957,0.029975513,3.5717494,7.0,4.25
ds005291,sub-017,8,Cz,1000.0,-27.05054473876953,0.152,31.343215942382812,0.3,58.393760681152344,0.018029211022301383,30.0-100.0,-98.24979618860553,-32.36649928451725,105.22800915513795,10.919852473759626,26.487469011617943,1.639125084134437,0.03006021714165397,0.81895860578676,0.30567490016862214,0.7127921129564577,0.46219294036099096,0.27517066285699426,0.12229582770302923,1.01255762707316,1.9377066185084693,0.038648866,2.101509,7.0,4.25
ds005291,sub-017,9,Cz,1000.0,-28.930570602416992,0.168,26.657962799072266,0.324,55.58853340148926,0.23992054270966037,30.0-100.0,10.312868156491636,-749.5719045781403,152.09256425152608,22.247302280811304,3.0311178684763855,4.794225419202735,0.24383173198028069,0.6679675369794114,0.16817162929329812,0.7411327300891466,0.4642978599835387,0.23308530981610107,0.06809627746662215,1.0219482760316037,1.8700462266047442,0.02756694,4.2187257,8.0,4.25
ds005291,sub-017,10,Cz,1000.0,-14.722981452941895,0.159,30.99798583984375,0.3,45.720967292785645,0.05741113071448775,30.0-100.0,15.616415732477366,-54.19525331575474,65.39267096482423,61.11830056176731,0.1698854274956818,0.8561041296049373,0.12011809569963969,0.6968484103985234,0.4162554598451882,0.6938947701188921,0.46501083650339553,0.18982856754200203,0.0581826100400416,1.0044534367554792,1.9515708250755381,0.024391863,3.1545713,6.0,4.25
ds005291,sub-017,11,Cz,1000.0,-9.10158920288086,0.163,28.843069076538086,0.3,37.944658279418945,0.022013363596548718,30.0-100.0,-308.93530865823976,-241.29536100532044,66.93531591011072,22.437270685253086,2.065510715416878,2.412303567933256,0.13372676609269504,0.612913617859735,0.2152370124194375,0.09379261434535754,0.5018223928085618,0.17476899247029298,0.06109785349085985,1.0234832951733253,1.9071947621363006,0.027841963,4.188445,7.0,4.25
ds005291,sub-017,12,Cz,1000.0,-22.613540649414062,0.168,25.212322235107422,0.316,47.825862884521484,0.08812561973105305,30.0-100.0,-1005.3513570296581,45.53850837840041,64.35202493784033,43.51983297942878,1.9548775485564818,1.5986370094343771,0.2365453917915713,0.6541151465664581,0.419024928530922,0.4955915662465118,0.4884415109959814,0.21570002209788713,0.07147816081779268,1.020579228318267,1.8950494339406792,0.031010404,3.2675116,6.0,4.25
ds005291,sub-017,13,Cz,1000.0,-21.1160888671875,0.349,-10.616622924804688,0.3,10.499465942382812,0.38801970345336145,30.0-100.0,-162.98513619969404,-40.506221795790296,220.72330352071913,0.7484999343703247,0.5698420363710934,1.772292464822696,0.718545284876789,0.3276868785561738,0.46254669381423386,0.23217433397206347,0.5244955169687808,0.19857969529112451,0.030605011749632743,1.039932208371604,1.8192405990995353,0.015176248,10.020114,3.0,4.25
ds005291,sub-017,14,Cz,1000.0,-25.65236473083496,0.15,21.0372314453125,0.3,46.68959617614746,0.039409255056228464,30.0-100.0,59.53260258872729,-43.210779588907386,114.13772362847703,16.385325316451365,9.097904926134927,2.6163844253193913,0.04251247599471767,0.37506537415949776,0.5142088599427984,0.4455220107375972,0.47076834478650514,0.24786111290696763,0.10261514674063356,1.014315690438002,1.9264117381208794,0.033632774,3.014196,7.0,4.25
ds005291,sub-017,15,Cz,1000.0,-15.677644729614258,0.15,63.46636199951172,0.305,79.14400672912598,8.262292632558818,30.0-100.0,-44.0285168094089,-10858.928001036224,186.7506766028198,40.19547170327851,7.837336944554673,30.835786319599293,9.745396031398732,0.4136766658931013,0.24159277508352045,0.6366341955458884,0.4814936641153225,0.3630273804609324,0.14983859416653356,1.0360832804124118,1.63399608648323,0.06835212,2.400779,8.0,4.25
ds005291,sub-017,16,Cz,1000.0,-13.1613187789917,0.15,44.77997970581055,0.317,57.941298484802246,0.7722676716042178,30.0-100.0,-74.74117284705758,-1310.3543788616537,99.94305728146026,37.351240460801215,13.561406490143867,7.1899334380153,1.692342828456346,0.5615242186979982,0.23818058454470434,0.6548082617077542,0.4795701501884202,0.27194440093538524,0.0968950127014172,1.0270625614294862,1.8352243908510149,0.047001738,3.0821986,8.0,4.25
ds005291,sub-017,17,Cz,1000.0,-14.781499862670898,0.18,36.361045837402344,0.313,51.14254570007324,0.02115539479110871,30.0-100.0,-333.4090797885156,48.36356066861789,85.75100745265676,37.93528368417484,12.029726351802537,2.612918017888969,0.03825293753081231,0.8450088575656332,0.436104048641968,0.8232803484101182,0.481021481808336,0.259007617678493,0.11892333664394047,1.0161433906006974,1.8844820823734068,0.037512146,2.506901,6.0,4.25
ds005291,sub-017,18,Cz,1000.0,-14.311752319335938,0.15,16.864910125732422,0.317,31.17666244506836,0.06614635923443124,30.0-100.0,-656.170080023029,-25.858007188256444,65.07029094124475,13.836468231929393,20.8101592767781,4.220015060293026,0.22168017229965709,0.8367407932748334,0.04566163145342466,0.854116485498665,0.4792855095329537,0.29062953929334706,0.13240677638937765,1.017695579733712,1.889996310617439,0.046033118,2.1555362,7.0,4.25
ds005291,sub-017,19,Cz,1000.0,-9.894060134887695,0.242,10.18401050567627,0.346,20.078070640563965,0.003913777812501652,30.0-100.0,-0.6184803401988302,-834.2503075283089,11.821459453722479,7.616622069567341,1.4599685399037485,1.602471510483806,0.02634662133359538,0.23055566619958043,0.6058145298324669,0.22522799587533357,0.46830550604705456,0.29429578974679177,0.1320748319885046,1.014548754161356,1.8760753092640856,0.042728413,2.5585678,5.0,4.25
ds005291,sub-017,20,Cz,1000.0,-24.5728702545166,0.15,19.870407104492188,0.548,44.44327735900879,0.1584386056862598,30.0-100.0,-112.42542134218422,-259.8129391944219,38.65536362693524,33.29015122137377,16.135954830411,3.1109501077451385,0.17571851745627337,0.5731335566047093,0.4978851937468053,0.5422347808384202,0.48201924797754897,0.31166838149002624,0.18364913747350656,1.0160331174513708,1.909777486918137,0.053057134,1.8877366,8.0,4.25
ds005291,sub-017,21,Cz,1000.0,-16.074647903442383,0.203,21.388978958129883,0.32,37.463626861572266,0.019220069907724974,30.0-100.0,-89.79724574910189,-517.4171428949867,18.07340638883635,27.284189281400113,1.9570461388565725,1.4267390315833355,0.023185550199174742,0.6638258172612783,0.467998895757364,0.46359382481804484,0.4822734458058235,0.25498132380507316,0.09799851921675724,1.014571905068157,1.934782880865855,0.03532808,2.8713129,3.0,4.25
ds005291,sub-017,22,Cz,1000.0,-25.960203170776367,0.21,15.166130065917969,0.351,41.126333236694336,0.019015138556483045,30.0-100.0,-73.77639598401915,-128.01548931420848,41.33575685016323,32.086726695662996,1.1658014586974725,1.5975370523535317,0.04140762034139678,0.7527084274847049,0.7862959380032465,0.5075799395926834,0.48277177230408397,0.23551411287536636,0.08324365893976868,1.0149330801469725,1.9392688041847204,0.030058697,3.3499177,5.0,4.25
ds005291,sub-017,23,Cz,1000.0,-35.427642822265625,0.157,16.18527603149414,0.308,51.612918853759766,0.012166951308210916,30.0-100.0,64.15707772829035,-74.2660640952582,110.32587997656682,40.87227219085185,3.20483080951805,2.2587268897533814,0.04210666571427876,0.6262442913328484,0.2863064226383411,0.36021233384461177,0.472131488862665,0.2406269593669767,0.09905017173374674,1.018973850213472,1.884940597616497,0.032789394,2.9206564,8.0,4.25
ds005291,sub-017,24,Cz,1000.0,-27.88443946838379,0.15,21.046178817749023,0.533,48.93061828613281,0.02115941626087498,30.0-100.0,-48.3309653678968,-492.4081340784566,68.44193504070998,18.45227534180873,14.767226580112805,3.572217872021069,0.04220352073755713,0.8497279060580375,0.44699384455977914,0.7135305535471421,0.46429924090231267,0.28383487061893736,0.1283775892103916,1.0151359917673186,1.876031032887512,0.04093251,2.3182847,9.0,4.25
ds005291,sub-017,25,Cz,1000.0,-21.063274383544922,0.15,24.10883903503418,0.321,45.1721134185791,0.005772343144338388,30.0-100.0,69.7591557506964,-456.25134933863023,94.30061619766015,28.617350494160377,1.1123446757997182,1.2339153239187206,0.014289381461831665,0.3839483904986556,0.6399177040161558,0.744612673102483,0.4817748317283455,0.16816786196537764,0.050696007696437895,1.0127363086515864,1.957970839461095,0.025223216,3.5856688,6.0,4.25
ds005291,sub-017,26,Cz,1000.0,-21.237972259521484,0.177,23.6102294921875,0.306,44.848201751708984,0.18932762468157105,30.0-100.0,-152.9593201240587,-48.18407439473159,38.59499953563152,21.922673289969016,15.669616689692582,2.0837328164423763,0.41237314491240795,0.8124261701261457,0.3367823441718905,0.6431677981738483,0.46533729927023454,0.31480689567108705,0.1689539859305723,1.0120199880870395,1.8900996100982657,0.050318405,1.9046425,4.0,4.25
ds005291,sub-018,0,Cz,1000.0,-21.8156681060791,0.176,12.26824951171875,0.355,34.08391761779785,0.34170061568309,30.0-100.0,-402.8714938581918,-246.27648111856467,42.72702055157355,40.83923970687138,3.147317751927857,7.658010350744945,0.3961077428891022,0.29608063965316395,0.6185122238247721,0.6596714227841921,0.4885729034692143,0.24456226518715865,0.11894597490333202,1.0216461247780466,1.8337844873947076,0.04626486,2.5590074,5.0,4.5
ds005291,sub-018,1,Cz,1000.0,-16.830551147460938,0.15,7.676448345184326,0.334,24.506999492645264,0.23270506206268834,30.0-100.0,-2378.8350428526924,2.2756482905504605,26.400647602652867,49.6861090538372,5.937751436339368,4.066301821901584,0.29262295795803367,0.4958694021077816,0.6089922942950848,0.7745201907500947,0.4825376199263059,0.29746998946609327,0.13789681716814448,1.0261466484047757,1.939733437926202,0.05024486,2.4114718,6.0,4.5
ds005291,sub-018,2,Cz,1000.0,-31.8350830078125,0.15,12.918752670288086,0.3,44.753835678100586,0.1615683251106143,30.0-100.0,69.62040669241132,32.0018490471987,97.68024745183303,63.109601112899185,4.70524391244175,4.528372450323402,0.23601936286218414,0.4466889197950075,0.679877863176479,0.5682537985397056,0.49350871164901355,0.22404849943152502,0.11891381374843459,1.0290951688661962,1.8652489591548853,0.04187205,3.01659,7.0,4.5
ds005291,sub-018,3,Cz,1000.0,-21.989166259765625,0.15,10.603233337402344,0.321,32.59239959716797,0.10857444343191847,30.0-100.0,-1573.606373801286,-42.09607847364135,58.1289941277541,40.14448214582809,6.440766643604614,2.925495343173251,0.3529763667608831,0.48729976476968234,0.851566986633593,0.8630810415479476,0.4975905016955191,0.2665179796219391,0.11822473652225514,1.0275989945034902,1.9429918061622207,0.041563883,3.0475724,8.0,4.5
ds005291,sub-018,4,Cz,1000.0,-30.021167755126953,0.15,8.14834976196289,0.358,38.169517517089844,0.019859183600615764,30.0-100.0,22.718710710373994,-275.7382060760412,32.814533940695235,48.484729741442614,4.32657679495351,3.0526412055557888,0.07218411890245971,0.9014724442285614,0.08327273874531493,0.7884246974397812,0.4929551081303336,0.21994161949395186,0.11049717127744306,1.0212926535218898,1.8920483271844897,0.040572878,2.6256185,8.0,4.5
ds005291,sub-018,5,Cz,1000.0,-23.29632568359375,0.15,5.160329341888428,0.358,28.456655025482178,0.097704937921167,30.0-100.0,-156.9261934286967,52.09153152760945,74.93447992830774,55.89942000682293,2.5609130996975074,1.8912180441614657,0.3562871776976343,0.6243319966593867,0.5039467938933349,0.8302299775804383,0.4995665740258276,0.255110268102502,0.08851280391189198,1.0232466657080181,1.9237741149984477,0.035784863,3.2051308,9.0,4.5
ds005291,sub-018,6,Cz,1000.0,-25.684240341186523,0.15,7.693697929382324,0.335,33.37793827056885,0.06455734360856145,30.0-100.0,-968.2881857457264,-209.32397458351568,49.44967614956092,63.32782741127479,2.556390555928999,9.599687537792388,0.1815502753543056,0.5530858013582473,0.6257114463564876,0.677470922961051,0.5101108992727915,0.2783176365955966,0.12480468153207969,1.0301628181490952,1.9224029925468333,0.049159773,2.5432975,8.0,4.5
ds005291,sub-018,7,Cz,1000.0,-28.866117477416992,0.155,3.380098819732666,0.415,32.24621629714966,0.10040149905113532,30.0-100.0,-716.8042338537966,-190.5413489773056,48.015458999278145,20.653243070172678,1.822174455428891,5.877597173252096,0.22071501004365138,0.5406578034417682,0.32935481888432666,0.5112474636135427,0.5077358110694206,0.2836310412379384,0.11872465885824854,1.0299054735870252,1.770125959697108,0.043750886,3.025089,8.0,4.5
ds005291,sub-018,8,Cz,1000.0,-34.37653350830078,0.157,6.275484085083008,0.332,40.65201759338379,0.1785234951327711,30.0-100.0,-31.214121701484455,-517.0029661512687,83.32135224845115,49.32089730452221,2.3900635135292876,2.6651695846155143,0.30932139791848084,0.7408463939338723,0.4060647507410395,0.7690815923564459,0.49883677857920417,0.20589335315099036,0.09699611555701075,1.0240167600863068,1.892425781249023,0.03619864,3.2564652,9.0,4.5
ds005291,sub-018,9,Cz,1000.0,-23.435169219970703,0.155,5.815731048583984,0.303,29.250900268554688,0.06918698484037253,30.0-100.0,-125.16905784292322,0.44984525403416675,61.955927214797136,43.052518804382935,1.2104550622544195,2.347631058495463,0.23428939286748218,0.4761219624193443,0.3942089827156957,0.7444202394322156,0.4860007618965476,0.21647248646897957,0.0930952916329614,1.022014796841181,1.8934488016196354,0.036877412,3.2494156,8.0,4.5
ds005291,sub-018,10,Cz,1000.0,-20.898174285888672,0.15,13.45101547241211,0.328,34.34918975830078,0.1588442832463271,30.0-100.0,-3286.1633713612314,-294.99500788989747,46.15270866537993,71.75527269911686,11.275317242883816,3.2252157055312853,0.15019876865822587,0.8028374769776127,0.5951356849058502,0.7019602702334753,0.49760968149484813,0.24490707698057657,0.1240320282000376,1.020009314946372,1.961663515868893,0.04370984,2.5131598,7.0,4.5
ds005291,sub-018,11,Cz,1000.0,-30.62209129333496,0.15,12.57855224609375,0.311,43.20064353942871,0.09352969364857978,30.0-100.0,-290.3730736447053,-253.8554704842826,97.83535871600998,30.15526021095809,2.895871687940963,4.202706782719932,0.1998538889635941,0.6830352138403184,0.47015774240231933,0.4434963636293404,0.5140955959727713,0.22496979372381676,0.097551674246847,1.038022584264879,1.8522075540462957,0.037712067,3.6826546,7.0,4.5
ds005291,sub-018,12,Cz,1000.0,-30.534358978271484,0.159,4.797473907470703,0.539,35.33183288574219,0.026623385620025447,30.0-100.0,-2932.771328192758,-189.00889366572548,42.35872867766284,45.42497683576949,6.617292546802569,3.0209995169486112,0.053973895950549716,0.9293697504225575,0.3933179401318656,0.7622759176727634,0.4912585989498352,0.244947599125293,0.0933860974794648,1.0169009677813416,1.9061605176271041,0.04055138,2.4627576,6.0,4.5
ds005291,sub-018,13,Cz,1000.0,-30.359210968017578,0.153,3.595780849456787,0.54,33.954991817474365,0.11349732182845741,30.0-100.0,-1912.2866527327847,-134.77593092958148,53.56992495046736,34.63093316250715,2.8621606305489653,7.214639877505625,0.18114834752941578,0.730457090902891,0.618544829496915,0.687302999995607,0.49686654851415235,0.28233051676203796,0.07673567494430684,1.0185882299048974,1.9403661883887475,0.03906244,2.7930462,7.0,4.5
ds005291,sub-018,14,Cz,1000.0,-12.240129470825195,0.15,3.6550064086914062,0.319,15.895135879516602,0.15414287183624065,30.0-100.0,-22.61532824286605,-571.4182385558272,69.17498775909796,54.06592662273581,2.6037708900612544,1.9990504036071424,0.2201011323560203,0.6264730344346089,0.7075955839397495,0.6391071174166237,0.5043509537539698,0.24678083919351812,0.07981146939151133,1.026787482861272,1.9069396729683408,0.034012612,3.173045,8.0,4.5
ds005291,sub-018,15,Cz,1000.0,-19.082019805908203,0.15,16.595544815063477,0.303,35.67756462097168,0.06455627340580707,30.0-100.0,62.44942824356073,-276.4129283414823,87.82072839938046,52.558383983988875,2.028657365321584,2.762402065685401,0.15689053678007753,0.5410176286913497,0.4014842938283809,0.7257679401268182,0.4902694520184135,0.21273224184123718,0.08066174413107008,1.0242155526936831,1.9525878960176783,0.031632245,3.4482908,4.0,4.5
ds005291,sub-018,16,Cz,1000.0,-21.300735473632812,0.153,7.3813652992248535,0.312,28.682100772857666,0.01080358678212831,30.0-100.0,-239.61912275056417,-42.72180814963929,35.27890140817115,25.234437809138665,0.9790346042959064,1.2681226470361937,0.08922197693688687,0.322991161487166,0.8464190509436926,0.6322177393262022,0.4859891370851096,0.21774828525430115,0.10770372924708711,1.0234154601640753,1.886160217026959,0.037522756,3.2349586,5.0,4.5
ds005291,sub-018,17,Cz,1000.0,-29.21078109741211,0.151,8.651430130004883,0.323,37.86221122741699,0.08691255293428045,30.0-100.0,-2298.2551137006553,-16.36460900059597,44.84024428897904,58.29353205504083,2.6201150327358613,3.694772329615567,0.08209234168950445,0.7383275741362202,0.48507203122149906,0.74897239243951,0.497640770844447,0.2211822651454003,0.08966445200910401,1.019972253365131,1.9359994855916598,0.04090411,2.618258,6.0,4.5
ds005291,sub-018,18,Cz,1000.0,-13.129720687866211,0.15,14.436521530151367,0.37,27.566242218017578,0.016267641799523676,30.0-100.0,-6068.269996539617,0.7375215622708432,43.826618681472624,61.823793045027,2.8956420678277386,3.9112604038167618,0.1395611967516712,0.6759776394824666,0.6831119210776458,0.943401778774207,0.4749762747961978,0.2931510011329503,0.09937633150302616,1.0136173727328648,1.929613921816854,0.04077055,2.422289,6.0,4.5
ds005291,sub-018,19,Cz,1000.0,-22.541946411132812,0.15,9.74911880493164,0.506,32.29106521606445,0.03680902028620012,30.0-100.0,-21.685938591575667,13.28907045128056,63.84066921492395,56.81554961548528,2.8128168823716377,3.5197335387374395,0.05251230932569303,0.8438417463488217,0.5206713309381213,0.8621463413046536,0.500433732246565,0.26937548903258457,0.10566833088120071,1.0252090952648714,1.911041932203677,0.040282533,2.9958975,5.0,4.5
ds005291,sub-018,20,Cz,1000.0,-29.860074996948242,0.15,2.3144354820251465,0.322,32.17451047897339,0.17395726253046176,30.0-100.0,-905.1940950600459,-66.07576212639844,55.73703075751877,48.32296551398511,3.1336464905712376,1.6388996653093413,0.19844947677784594,0.6431900237972202,0.48995910557530226,0.5727433045455272,0.5040557994624278,0.21472205076210693,0.07528983594197344,1.0219980982672396,1.9366912032822647,0.035649132,2.877917,4.0,4.5
ds005291,sub-018,21,Cz,1000.0,-29.7170467376709,0.155,15.999357223510742,0.356,45.71640396118164,0.11445239724288418,30.0-100.0,-56.35134518684757,-94.16089321906766,71.40875762363649,72.14357903212738,1.5740188522952776,2.8659297560613504,0.1192129406850584,0.7148825084910813,0.7875747304166121,0.7612375291685687,0.49261249121637524,0.21027062956930423,0.09797793734012139,1.0203208074477756,1.8777461935334254,0.03555272,3.0529234,6.0,4.5
ds005291,sub-018,22,Cz,1000.0,-24.089622497558594,0.15,7.94216251373291,0.538,32.031785011291504,0.11387799832619827,30.0-100.0,-29.515711630826345,-104.2635748694862,31.975038043666757,14.43399837887644,2.4982635241899063,2.2714841618852795,0.1125314892179645,0.7663089438622891,0.3544796311495991,0.6420074987617443,0.5135944583323404,0.26903765675173585,0.0939149012072281,1.025858057643697,1.879667432455347,0.036655452,3.3818777,4.0,4.5
ds005291,sub-018,23,Cz,1000.0,-20.696447372436523,0.15,6.605892181396484,0.483,27.302339553833008,0.014582849910215077,30.0-100.0,-386.3885341658827,-131.83425835884827,22.49118464106857,43.116264681969575,2.324175821424986,3.6500704523328933,0.050017308747963805,0.6786888399887042,0.7421949431674152,0.6674591398239841,0.4951499252879705,0.24219192764682027,0.12517904476260988,1.025639159932614,1.806068343474016,0.04658435,2.5951703,3.0,4.5
ds005291,sub-018,24,Cz,1000.0,-19.212196350097656,0.167,0.5883458852767944,0.34,19.80054223537445,0.014094048588553738,30.0-100.0,-2291.721860972009,-411.7982500247059,12.99305099758271,13.027686786969147,3.589571134231729,2.9554864656300053,0.10279577768949383,0.47448976702718865,0.5096820923953559,0.5773453995394965,0.512407681036814,0.31348542435186977,0.17548664340658543,1.033767701051301,1.7912040269388647,0.054038145,2.5260086,3.0,4.5
ds005291,sub-018,25,Cz,1000.0,-30.240638732910156,0.164,2.4631576538085938,0.548,32.70379638671875,0.0702938248310017,30.0-100.0,-3711.36496950597,-2197.451676292552,43.323862962796866,76.96123366615218,2.3638161848176202,3.5720390053703706,0.0988586900674919,0.7893470835326684,0.6151506353067216,0.7307211395954415,0.49577795985720685,0.20775191288019332,0.08293699073706191,1.0233604638297102,1.8601992237863927,0.03895547,2.694932,3.0,4.5
ds005291,sub-018,26,Cz,1000.0,-26.359304428100586,0.155,5.039727687835693,0.338,31.39903211593628,0.09152771492384762,30.0-100.0,-1939.6769913432295,-175.99705311247322,34.893879482934,37.88110286361236,1.6996838342601004,3.6062764109305605,0.14137365216030598,0.9246164060459103,0.5776182875815784,0.63872384211326,0.5097163054206271,0.25244169387938814,0.12126371796020817,1.0324724544599444,1.9337799735037253,0.044837456,2.7877502,7.0,4.5
ds005291,sub-018,27,Cz,1000.0,-31.5263729095459,0.15,11.12623405456543,0.327,42.65260696411133,0.3404993018527227,30.0-100.0,-128.2371271626798,-345.1373283365645,77.64080864740131,60.485457738946195,6.647863081107526,3.299941638532145,0.38511026073006094,0.8786529200804933,0.11513803107797756,0.7791694590357523,0.4981008790921473,0.23981978836601608,0.07747772747456952,1.0226867496961773,1.9419078013731355,0.036667828,3.0553727,7.0,4.5
ds005291,sub-018,28,Cz,1000.0,-35.56259536743164,0.15,6.003283500671387,0.376,41.56587886810303,0.05858042981586693,30.0-100.0,-6390.540267788222,-96.76918823368585,94.01775703049128,29.87822946512474,2.385270582319761,2.2389640965469004,0.16976883629675818,0.439491865791289,0.46028954640493375,0.6841593443596745,0.500588343266489,0.20231863754629234,0.0761021801172102,1.0252879621242479,1.8758390081294962,0.031149216,3.6543345,5.0,4.5
ds005291,sub-018,29,Cz,1000.0,-32.79663848876953,0.179,2.2606165409088135,0.489,35.057255029678345,0.10915497627988043,30.0-100.0,-47.68227382562613,-356.2046660128508,72.0676185023639,25.627556439906726,0.7049373240436488,4.114319997261817,0.16301503043203536,0.25964699692733567,0.6316614024744591,0.6911646886918437,0.5057186438653881,0.21647010684798038,0.07039422236065099,1.028775497749318,1.7879312141835608,0.032896563,3.675856,5.0,4.5
ds005291,sub-019,0,Cz,1000.0,-25.56094741821289,0.15,16.475500106811523,0.435,42.036447525024414,0.004919552549387806,30.0-100.0,85.28764380561908,50.24670301324912,202.43640692199637,47.023634799444984,2.3435073740342083,2.145333548430994,0.03784494047494033,0.7077666951562226,0.3525217618276732,0.2796340159926732,0.49349819016575736,0.23378868123665894,0.06374508136030922,1.0173345035218295,1.9217367237750322,0.025850916,3.8438456,4.0,4.25
ds005291,sub-019,1,Cz,1000.0,-40.515804290771484,0.15,14.035645484924316,0.319,54.5514497756958,0.05404022631684151,30.0-100.0,-1005.477550085673,-144.20441767912402,200.32975411706175,57.75930931777192,3.7598201093345587,4.0942699494425385,0.08106165708521616,0.7956638116527339,0.47412383843205996,0.5084553105088445,0.5085911891481841,0.1999136101814792,0.06661602181729473,1.0294902705022293,1.894884782246549,0.031804707,4.007134,8.0,4.25
ds005291,sub-019,2,Cz,1000.0,-37.12382125854492,0.15,9.742073059082031,0.331,46.86589431762695,0.01150845081641876,30.0-100.0,-2448.580572025089,-232.93501651922958,185.98179282676367,157.09220555990305,7.221071622215549,8.99349142498565,0.05921255327974413,0.9751051645674857,0.5585834019441491,0.6009800245779684,0.4930715219095782,0.23831796204608413,0.059992248037517494,1.0190650005751054,1.9615020382417792,0.033248678,2.7135122,6.0,4.25
ds005291,sub-019,3,Cz,1000.0,-24.21026611328125,0.15,18.246360778808594,0.309,42.456626892089844,0.019889604254719112,30.0-100.0,-25.4664566169296,33.4003900189389,165.92902586806758,41.152431750535705,5.892391607049567,1.882621007542499,0.042478473136181895,0.7075818940822539,0.6977957777335682,0.3015363242664367,0.48491976766150297,0.20416891227525147,0.06307682647666414,1.0186908449002248,1.9390988308692723,0.02766174,3.3041553,8.0,4.25
ds005291,sub-019,4,Cz,1000.0,-36.13335418701172,0.15,18.541095733642578,0.301,54.6744499206543,0.04865618835795268,30.0-100.0,-854.956587885566,-248.3794461723202,186.28232831034092,96.31086957044528,2.3672833426811044,5.158782410502566,0.1442427590737936,0.8174241616422642,0.43237245881842656,0.7046274700623617,0.4958863506115949,0.21167898540583072,0.06943536124324315,1.0220359900300469,1.9679514981698074,0.030793497,3.2248318,8.0,4.25
ds005291,sub-019,5,Cz,1000.0,-39.25641632080078,0.15,23.244264602661133,0.32,62.500680923461914,0.03746480207077723,30.0-100.0,-988.3798041416052,44.45145168915721,267.38525627720503,85.62539764302684,8.361122584369417,4.84854344084247,0.05018789453942051,0.9016273109226133,0.0808152187030819,0.5833015360054794,0.4910863281533894,0.19772985570221469,0.04821297341103616,1.018576127640121,1.9981504395605054,0.026657823,3.236056,5.0,4.25
ds005291,sub-019,6,Cz,1000.0,-30.974393844604492,0.15,12.703136444091797,0.3,43.67753028869629,0.027015933968374324,30.0-100.0,-230.91134668849676,-9.58227983516067,169.47910761859652,79.75333379984696,3.0126130408902005,3.5838823223881398,0.13679194821355503,0.7083814325518875,0.37701428137477855,0.5088300184748812,0.502364870884005,0.23274948047788388,0.07704688173019794,1.0237196201326528,1.9339332577425132,0.030799966,3.54683,5.0,4.25
ds005291,sub-019,7,Cz,1000.0,-34.12387466430664,0.15,21.801576614379883,0.307,55.92545127868652,0.21533214114069807,30.0-100.0,-346.6520382089426,26.88451507900914,212.08809059812012,97.32964036202722,4.613144813181954,8.199355272487319,0.28343537047114953,0.8625737093337758,0.42397146683879783,0.5676635961803825,0.5052380152260179,0.2235171733558038,0.06861939373788227,1.0246358008832082,1.917112130942491,0.031541225,3.4959476,6.0,4.25
ds005291,sub-019,8,Cz,1000.0,-32.484649658203125,0.15,14.654090881347656,0.3,47.13874053955078,0.0028921488480376256,30.0-100.0,-672.6127750787106,8.275159220190723,239.66056154782444,89.48765901825934,5.530125425340863,3.2653372629352337,0.013730037236921917,0.7169209625161577,0.22875123115602938,0.5932024814520344,0.48574915168032456,0.2165545614460269,0.046910351654867156,1.0165896046390097,1.9560181624651454,0.027566634,2.9120257,6.0,4.25
ds005291,sub-019,9,Cz,1000.0,-32.14814376831055,0.15,23.142559051513672,0.309,55.29070281982422,0.0582949252018172,30.0-100.0,-1582.8820914369662,-318.1072756870515,185.94308698613952,77.65667181830031,10.462404752809649,5.789083493801121,0.13642133324186623,0.8612092157827955,0.4633920684124215,0.4602619045453206,0.4912729531863918,0.23682371865885865,0.06113490849830866,1.0205104749902947,1.968608998489671,0.030685777,3.0587153,7.0,4.25
ds005291,sub-019,10,Cz,1000.0,-31.302574157714844,0.15,7.810039520263672,0.3,39.112613677978516,0.08854643352521326,30.0-100.0,-90.77490622550691,46.6719891848808,137.54555282000035,91.91413354397349,10.09700592032548,7.833531792053372,0.1806363953403518,0.6371944221431667,0.6715622850753507,0.386462366641789,0.48854098374551297,0.25615448856742323,0.06761821047017352,1.0179822120857365,1.9731594955744656,0.033980597,2.785837,5.0,4.25
ds005291,sub-019,11,Cz,1000.0,-29.598186492919922,0.15,24.031103134155273,0.3,53.629289627075195,0.03349062078374959,30.0-100.0,-230.89224285856568,32.00988819810143,91.53769997989428,62.134295801211415,9.254352366355361,2.7341857515316823,0.09949715534857397,0.8576053911258926,0.3177909816511838,0.4478019714812839,0.4758353618951798,0.18262521184068953,0.08759622171188505,1.0203688124219845,1.907210399657693,0.03417645,2.9401402,4.0,4.25
ds005291,sub-019,12,Cz,1000.0,-25.02657127380371,0.15,15.038887977600098,0.3,40.06545925140381,0.36883167749748946,30.0-100.0,-113.5732454773307,-154.10001170768868,189.29235731457234,135.49634910185515,9.469668687911458,3.0830045800230215,0.5794394517500372,0.7960542164195255,0.16361233201738756,0.5613166452732966,0.4974768554676549,0.24542389381919114,0.08526712653465646,1.0211708776887085,1.8830523797574346,0.033491656,3.252938,5.0,4.25
ds005291,sub-019,13,Cz,1000.0,-11.299919128417969,0.15,13.537145614624023,0.3,24.837064743041992,0.014841265100237288,30.0-100.0,-2382.5741723199776,37.55586746559255,154.64237395190239,67.59071455943862,6.334359055750907,3.127071016223131,0.08076220190732868,0.785130081443078,0.26203798028770614,0.5600911316735006,0.48557245900334406,0.25257789038395184,0.06798630991853387,1.0271664780341447,1.8176386254783898,0.033014733,3.2196429,7.0,4.25
ds005291,sub-019,14,Cz,1000.0,-10.708234786987305,0.15,12.073685646057129,0.315,22.781920433044434,0.012429288513025974,30.0-100.0,-191.7962795000739,35.15780529440629,155.60261920077951,93.57059385615104,2.486009444301321,5.9877467423379755,0.06759738650936704,0.7458713577527044,0.5531890773356584,0.4282229063344342,0.5023921117222383,0.25975786352586155,0.0857749641435514,1.030370829625996,1.821465998827218,0.034881752,3.4914606,6.0,4.25
ds005291,sub-019,15,Cz,1000.0,-27.51224708557129,0.15,22.056737899780273,0.366,49.56898498535156,0.1448476524097924,30.0-100.0,-459.7011376806209,-225.8851466099659,230.43856266203784,112.27883773956128,11.3893301452569,7.930212489822331,0.3799464897063863,0.7438973429283763,0.6882441577974939,0.46774364602713747,0.4982523719987858,0.26005903378441525,0.06513162549180687,1.0205153503647106,1.9140403416766145,0.031586125,3.3015797,5.0,4.25
ds005291,sub-019,16,Cz,1000.0,-23.419078826904297,0.15,5.879339218139648,0.309,29.298418045043945,0.0675302031780648,30.0-100.0,-44.1545862730359,-126.1785944592023,203.90740668733957,93.80829797336185,8.047853537590203,6.0188003901503855,0.06681362159143919,0.7712269362162375,0.3781123468732967,0.28668640310984694,0.4801384843924745,0.25980710191807566,0.05371755086603256,1.0180860812771706,1.8939874663622882,0.030613797,2.9625504,5.0,4.25
ds005291,sub-019,17,Cz,1000.0,-6.990094184875488,0.15,7.821547508239746,0.3,14.811641693115234,0.05928170909587666,30.0-100.0,-36.73278518654696,-28.725459710830105,129.35517339674666,72.80639750049858,3.2455144526558897,5.900758613194528,0.23687508740312094,0.5644382511769115,0.5745902635385387,0.6206087266346997,0.49416913059888923,0.2623309338282203,0.08073039784595798,1.0159341525151953,1.8358505449624403,0.034941252,2.99693,6.0,4.25
ds005291,sub-019,18,Cz,1000.0,-27.319337844848633,0.15,22.627166748046875,0.3,49.94650459289551,0.007091872188645084,30.0-100.0,-202.80728462367264,9.76502154617583,249.66767678382524,132.10317376715759,6.031512221803147,8.32120966079431,0.14769236067034358,0.8242186500720654,0.5492378420247574,0.7476982365574752,0.4842381607379586,0.2410937327862498,0.06545440739534951,1.0167891017700346,1.903003460071591,0.030708596,3.134461,7.0,4.25
ds005291,sub-019,19,Cz,1000.0,-24.140676498413086,0.15,11.330090522766113,0.32,35.4707670211792,0.046145248001230106,30.0-100.0,-239.2056873736929,-152.26039546455198,126.72633468509382,61.46789893722958,9.18084058856858,7.954843970766078,0.07911519681070747,0.6528003670356483,0.7119693419494316,0.643343107946636,0.4791768866595232,0.2552796153956097,0.06692893166360636,1.018896833462567,1.9546195997075733,0.034111626,2.8463473,7.0,4.25
ds005291,sub-019,20,Cz,1000.0,-3.5439462661743164,0.152,16.468799591064453,0.314,20.01274585723877,0.1970474236296387,30.0-100.0,16.315594663076546,-542.2049643860461,131.5047828259399,62.232701283580845,8.700966438098698,4.229490747561598,0.32474029254835357,0.8392048597072918,0.23732895313280924,0.24590737896405496,0.5065821626389102,0.2680079198623,0.07859430599962072,1.0264045433277722,1.8351941864016996,0.03322484,3.2644446,7.0,4.25
ds005291,sub-019,21,Cz,1000.0,-14.860862731933594,0.15,7.799196720123291,0.315,22.660059452056885,0.05441654310707705,30.0-100.0,-226.05540301122198,27.486033225490132,118.994540300274,64.23964378704109,4.083075481037981,4.403523791717835,0.07937051426745902,0.7490265764999958,0.28729927164073565,0.42765125203912374,0.48476657363291276,0.2626595787603999,0.0578707054960422,1.0136562951326096,1.907562012408015,0.031143362,2.6834998,5.0,4.25
ds005291,sub-019,22,Cz,1000.0,-9.487923622131348,0.15,13.166265487670898,0.311,22.654189109802246,0.09674089648575022,30.0-100.0,-19.067300087207627,-157.24670718751318,176.1494296769323,107.18685514257433,3.8323816528066272,7.518967123625678,0.18846021082989595,0.8721822075273098,0.06767631822045855,0.24830456823891003,0.4886437520967242,0.2519011698028334,0.06734866373347272,1.0173493362993549,1.8611221641412676,0.031742003,2.8261466,6.0,4.25
ds005291,sub-019,23,Cz,1000.0,-17.73158073425293,0.15,10.116820335388184,0.411,27.848401069641113,0.01991947643334384,30.0-100.0,41.91573413248164,-147.0750226327209,168.48116418497676,130.24114001207425,1.4939611895499831,3.5839319760424324,0.053921520905583616,0.9245828945553873,0.6647155460871247,0.759578416039934,0.4710364238815777,0.23324646792965514,0.07863887028809434,1.016603964119193,1.93221444041546,0.031270687,2.6827774,6.0,4.25
ds005291,sub-019,24,Cz,1000.0,-32.3853645324707,0.15,16.974929809570312,0.307,49.360294342041016,0.06351401749772291,30.0-100.0,-56.6812483046268,78.1444749276691,184.17513357283138,123.03562989907049,0.5787260805594666,3.2731404385377503,0.09174652802741191,0.8041626819806516,0.5094008149562724,0.4817099491381586,0.4760652729305597,0.2011203490709139,0.07984064413355381,1.016509406023042,1.965577421337349,0.03042501,3.130332,7.0,4.25
ds005291,sub-019,25,Cz,1000.0,-0.30145978927612305,0.346,7.483776092529297,0.3,7.78523588180542,0.059467931887581135,30.0-100.0,61.3035263928017,-187.0301372285144,67.75694073371167,43.36323775144316,5.964141310121321,2.009266075759828,0.1725215875329259,0.5720504203620642,0.3331315643863328,0.31808496102205636,0.4980708423740974,0.2738988017109068,0.11318899592445678,1.0267355774598754,1.8619643919828415,0.03695737,3.1295903,5.0,4.25
ds005291,sub-019,26,Cz,1000.0,6.410497665405273,0.15,14.658978462219238,0.385,8.248480796813965,0.023139987624735393,30.0-100.0,-420.0173426941637,44.35372921414699,108.8632039568665,87.14199383700725,5.453042661177862,5.3763166814215575,0.11721186238878148,0.9382732645480425,0.6289030080243219,0.7081952374732929,0.4960988586759017,0.2876220912685563,0.10655569849079127,1.0193653364831226,1.8176776216860195,0.037747286,2.8519444,5.0,4.25
ds005291,sub-019,27,Cz,1000.0,1.3761104345321655,0.35,11.146373748779297,0.402,9.770263314247131,0.1874581227799158,30.0-100.0,8.000248111591471,-119.14025219709576,33.30098616825489,20.16469244157831,4.5761551364809785,3.9304111330675893,0.30003535786632823,0.7197790266717875,0.26522625104321434,0.7607356108695233,0.4932007758937631,0.32939123714425145,0.1594904401424215,1.0252176659981544,1.7767285900808476,0.050100856,2.513085,4.0,4.25
ds005291,sub-019,28,Cz,1000.0,-19.60318374633789,0.16,11.80066967010498,0.322,31.40385341644287,0.04134512098225117,30.0-100.0,-183.8060076404668,-47.769832189924074,96.61980395047169,43.36970125001491,11.678586127887687,3.659715427377248,0.2500396149345273,0.7853924857656733,0.24225738953107614,0.4693540385967883,0.4929586227217001,0.24607149662860336,0.11675852546492786,1.0228122056795914,1.8685356260113297,0.038334176,2.9387493,5.0,4.25
ds005291,sub-019,29,Cz,1000.0,-18.343950271606445,0.15,20.19264793395996,0.326,38.536598205566406,0.04183021313952833,30.0-100.0,-28.84135368196599,6.426359959856192,158.5664399853028,84.87673260924818,2.8620838093572405,6.764642555229407,0.09815912860959052,0.8481946907844787,0.514168801546629,0.3507916926966018,0.4960215946083247,0.24758575366821203,0.07594111891772239,1.019916540368871,1.9106541172876317,0.030296678,3.2445998,7.0,4.25
ds005291,sub-020,0,Cz,1000.0,-13.529877662658691,0.156,8.229565620422363,0.3,21.759443283081055,0.041106238244354686,30.0-100.0,-1921.7633753751031,-54.93053526398008,21.325500903198375,15.950206381896226,3.0909678118342683,2.141733596992413,0.12972586423807486,0.7462648719688871,0.07123698219537682,0.6047573329738525,0.4908676109981833,0.2887781998697715,0.14846163257524528,1.0252671552265937,1.8233140614002443,0.049349815,2.5329313,8.0,4.0
ds005291,sub-020,1,Cz,1000.0,-8.518763542175293,0.195,10.29926586151123,0.526,18.818029403686523,0.09682229267675314,30.0-100.0,-141.58918830643438,-124.93273606900497,2.5675024229466716,1.1378107437415341,2.0924433817741743,1.229709569368921,0.11639065619824693,0.39913057427299703,0.7512485935131854,0.2809706909749267,0.502190666642426,0.36476774698307796,0.1673146677757774,1.0252420859600466,1.802665686663316,0.058602177,2.0848281,6.0,4.0
ds005291,sub-020,2,Cz,1000.0,-16.85353660583496,0.159,9.328058242797852,0.428,26.181594848632812,0.0408503632027506,30.0-100.0,-147.56619067514805,-380.2769253583465,15.985656657838131,33.66826086012557,6.271444997035966,0.950786470126497,0.05720792123664738,0.8328520251159673,0.5023418047637662,0.8687700244773757,0.46529472812517625,0.25297120787099325,0.13255544887138107,1.0109230513094902,1.921403117949581,0.04440443,1.9839822,7.0,4.0
ds005291,sub-020,3,Cz,1000.0,-9.258172988891602,0.15,11.817928314208984,0.3,21.076101303100586,0.020231009184120442,30.0-100.0,-143.7675992784727,-228.64646471085484,21.807650482482572,21.867906742963882,1.5335276011753813,1.0059493447609502,0.021150806708118707,0.726348008187509,0.36316300770578325,0.43670655978119954,0.4886624700418648,0.20360337299072137,0.08683913162321948,1.0229983112722778,1.9092718741000925,0.034542155,3.2077374,9.0,4.0
ds005291,sub-020,4,Cz,1000.0,-8.062788009643555,0.165,14.980207443237305,0.3,23.04299545288086,0.0038330756836829874,30.0-100.0,-125.18260771217751,-312.4918728799981,30.464164954046822,11.020621237294389,2.521970626648998,2.090448167352843,0.051637849988441564,0.47925757791591345,0.3791792353229642,0.2646070663822833,0.4725496608709207,0.2643901349538811,0.10940383256981014,1.0176470849126018,1.8939236177422092,0.03883048,2.8035455,8.0,4.0
ds005291,sub-020,5,Cz,1000.0,-15.184646606445312,0.15,8.418150901794434,0.367,23.602797508239746,0.045469071643441335,30.0-100.0,-8.203677036159615,49.040555512254734,26.28087626974802,27.440667549328055,7.78670501497292,1.2805696595439502,0.19699597389780615,0.7342596225237991,0.4944150671685951,0.7660606092919403,0.49686654851415235,0.270177054371243,0.09740476885909455,1.0195361158302647,1.9606617536414748,0.04320486,2.3721623,9.0,4.0
ds005291,sub-020,6,Cz,1000.0,3.2483065128326416,0.15,9.176558494567871,0.353,5.9282519817352295,0.03583200942602155,30.0-100.0,-1786.4167414890694,-85.15052903132396,58.19387785205565,23.63147640334118,4.718879682242406,1.6051141253685974,0.05542019608363381,0.8878573089041681,0.13981092355740765,0.6721282150400364,0.4949417491169688,0.28475865677517603,0.08706577904661358,1.024064255247112,1.870580147078562,0.033723902,3.2126937,9.0,4.0
ds005291,sub-020,7,Cz,1000.0,-3.7456066608428955,0.15,13.016849517822266,0.363,16.76245617866516,0.0020549498903728414,30.0-100.0,-384.6788287089139,-284.8221110944178,54.5063209321999,20.0758827116328,1.1243136490092558,1.077145719476929,0.05065543846158271,0.728173616520398,0.20899501101944215,0.3530121556898859,0.4779970925706695,0.2468600628324329,0.08590390867751672,1.0217545797416252,1.9122262758897959,0.029918429,3.5695724,9.0,4.0
ds005291,sub-020,8,Cz,1000.0,-1.5208899974822998,0.15,9.589550971984863,0.3,11.110440969467163,0.016575245050116073,30.0-100.0,-232.97741978549973,-4.871868105018996,38.516869158644255,38.64703935206134,3.0235640878285728,1.5778681811164408,0.05360264791562423,0.6746824722411542,0.29516561248116074,0.577641295763256,0.48788150009230724,0.25921047392101315,0.09542332483212569,1.0219576783036801,1.9031174588358208,0.036633737,2.9235895,9.0,4.0
ds005291,sub-020,9,Cz,1000.0,-3.8129665851593018,0.155,5.194296836853027,0.41,9.007263422012329,0.10657540209289966,30.0-100.0,2.631128903968347,-182.5142781454055,12.351484859690945,11.388194944697135,1.8642992277388828,1.718412294258239,0.17001137505912087,0.6072614324163119,0.44508036883707347,0.570047895159412,0.49712996516281704,0.30642928273233294,0.14817136749238788,1.028014991086024,1.871696615222589,0.04993629,2.5991244,7.0,4.0
ds005291,sub-020,10,Cz,1000.0,-5.831645488739014,0.16,20.90757179260254,0.325,26.739217281341553,0.11785501002502687,30.0-100.0,-219.54472373906376,-100.34432005578837,22.605666309826645,3.4817382114444273,11.390171357979387,4.461673600030659,0.19711141044963346,0.9075662988352042,0.4242490887559142,0.7162169657109475,0.47857285816250533,0.3452438071934329,0.12967462710817565,1.0214554512900167,1.879523541273877,0.044675294,2.4452958,7.0,4.0
ds005291,sub-020,11,Cz,1000.0,-18.608339309692383,0.155,5.921116828918457,0.3,24.52945613861084,0.000685657343360707,30.0-100.0,-151.942105821317,-687.6123173132195,18.076841627453327,20.17895786399714,6.393311687897099,3.605713176806679,0.027456639994170348,0.7412960101540303,0.3030191716302702,0.48592548778847783,0.483281235721989,0.28796900018497956,0.12407261794582224,1.0161558140638274,1.947109373760552,0.04686946,2.1077166,7.0,4.0
ds005291,sub-020,12,Cz,1000.0,-9.774409294128418,0.182,14.964638710021973,0.304,24.73904800415039,0.03141008755692155,30.0-100.0,-119.95350676191461,-1393.9317335885296,33.88080533416104,3.512810919843159,6.1725778929004385,7.669008754557629,0.0674271630616991,0.4472013460791084,0.27177384444717523,0.4761243411414984,0.48584561245266905,0.311616473865675,0.1391250716486575,1.020823025865723,1.7872475650801078,0.044658743,2.4847329,7.0,4.0
ds005291,sub-020,13,Cz,1000.0,-3.22517991065979,0.15,7.0022711753845215,0.357,10.227451086044312,0.001823660011852621,30.0-100.0,32.41492945325032,43.537272801981175,25.69016341231639,25.308605568787364,1.6794422688944617,2.9221376348348893,0.030831190931299945,0.7791890022340028,0.25787338120790404,0.6534752755369804,0.4935992650347163,0.30962260826781673,0.11291345080889179,1.0207216896952622,1.865714146715853,0.040802713,2.7378876,8.0,4.0
ds005291,sub-020,14,Cz,1000.0,6.893014430999756,0.15,15.733078956604004,0.3,8.840064525604248,0.015234951704234796,30.0-100.0,-143.664236592332,-23.622317415645007,44.57428452706628,11.03946450812438,2.342723615955433,1.7102094332002247,0.03492321704078331,0.49662864969690196,0.4940644000365015,0.15435600639836136,0.4900807706110999,0.29881980620110266,0.07629125922837615,1.0196699400423097,1.8934770776572434,0.030267816,3.3519797,9.0,4.0
ds005291,sub-020,15,Cz,1000.0,-17.444488525390625,0.15,6.793736457824707,0.302,24.238224983215332,0.05506817534205218,30.0-100.0,92.39800600026231,-25.199558168265103,36.4950584386218,25.213501958815296,1.4399559992664261,1.2971380897089584,0.09880564485887139,0.8177758726184367,0.6767442487718034,0.6875040247674201,0.49031885505926587,0.2399737171781405,0.10628574912108797,1.0180031643945096,1.9258352357020723,0.03773759,2.7354653,8.0,4.0
ds005291,sub-020,16,Cz,1000.0,-10.902789115905762,0.313,6.739739418029785,0.397,17.642528533935547,0.02962183495258544,30.0-100.0,78.74048353803505,17.696598039212468,8.936590148129817,3.9497277183617387,1.0440187171085034,1.6998265186153125,0.0364047893386811,0.7680743647460061,0.5982471288455119,0.40879454833724693,0.49075040687959615,0.29833382554509724,0.12521115482052708,1.0170031866467883,1.8556019187023678,0.04444864,2.3157845,6.0,4.0
ds005291,sub-020,17,Cz,1000.0,-9.528939247131348,0.223,17.885149002075195,0.308,27.414088249206543,0.047567768875295936,30.0-100.0,-1195.2881619347227,-79.05213154442721,2.763180039434401,27.527683186081212,1.6440546406757557,1.7601927880871706,0.055081827067456,0.6192729655330516,0.46411332604149613,0.6952436977988757,0.48705465907825957,0.28530235154055356,0.15582590645852587,1.020620445628516,1.9062980034873764,0.048972223,2.2120695,6.0,4.0
ds005291,sub-020,18,Cz,1000.0,-5.673622131347656,0.203,12.685901641845703,0.313,18.35952377319336,0.03194012912075226,30.0-100.0,72.73906941678842,-8.580551334683113,6.641979355129364,19.11916293526331,0.3381906352217796,1.59211274232306,0.21843148509891144,0.5526123606500152,0.37917800464832135,0.594629902204964,0.5047949559969369,0.2825945435350761,0.13672401857570257,1.0315217134573755,1.8170286655278474,0.04785411,2.717662,7.0,4.0
ds005291,sub-020,19,Cz,1000.0,-17.44711685180664,0.218,14.471281051635742,0.307,31.918397903442383,0.004692447755521599,30.0-100.0,69.40127522348874,-584.3958336717124,46.35448434641306,8.273487615003173,0.3657985424889574,3.0263150720696856,0.009618183726525011,0.8006840201082097,0.13184016454093803,0.31905686293457636,0.48718829400588903,0.2792796527978213,0.1023149951542034,1.0205757210789,1.862957609634456,0.036392927,3.1543224,8.0,4.0
ds005291,sub-020,20,Cz,1000.0,-4.843255043029785,0.35,8.316850662231445,0.3,13.16010570526123,0.013766244660563446,30.0-100.0,40.149004892597745,11.0125113000693,24.273580239959614,23.47921107902908,4.361825764642306,3.6773468191000527,0.03525900339532339,0.8233192030559838,0.16745748625515017,0.44911812449063343,0.4808143761297937,0.3057030678792138,0.12995421020497697,1.0168684842535902,1.9000300085161033,0.043074556,2.4586575,9.0,4.0
ds005291,sub-020,21,Cz,1000.0,-6.2294135093688965,0.15,13.212369918823242,0.317,19.44178342819214,0.019858729467748422,30.0-100.0,-985.9728593984149,-301.91067053189664,24.225750456374968,4.86618263872297,1.0194915380911866,2.905629397463983,0.11546708006343019,0.6338685137575735,0.3506205596214821,0.5767834379919865,0.4777558428041228,0.2696566881895338,0.10740042759094752,1.01915290823399,1.8548132736366765,0.039900728,2.9757369,9.0,4.0
ds005291,sub-020,22,Cz,1000.0,-10.602376937866211,0.162,12.236551284790039,0.302,22.83892822265625,0.0720507762487184,30.0-100.0,-271.18512584751386,54.88993063878145,13.46616025240916,10.895307532425859,0.9675514651720852,2.501196109097489,0.11767990711536204,0.748648531769604,0.5624492977701072,0.762237716256121,0.4885516811256263,0.26633152946979954,0.15733570574176176,1.0239777508666459,1.8052436781313335,0.049633507,2.5983105,7.0,4.0
ds005291,sub-020,23,Cz,1000.0,-4.121270179748535,0.151,11.977029800415039,0.346,16.098299980163574,0.022070114467579647,30.0-100.0,-75.06227954912809,13.146441897558292,22.368461786708345,9.673274846770259,2.250757585222792,2.364238823343328,0.06195827837516281,0.8247072087065686,0.5830793384022742,0.4034800132630091,0.496845034574556,0.31655999931079676,0.1254857938225027,1.02171792403113,1.853962313805146,0.04156593,2.8195043,8.0,4.0
ds005291,sub-020,24,Cz,1000.0,-5.78102970123291,0.15,10.192453384399414,0.385,15.973483085632324,0.18121769292698522,30.0-100.0,-55817.18974321701,-247.16275658812475,44.86652590193839,16.890420500896084,1.7026373734087834,2.2846666163662563,0.26076591026898194,0.5369895156351738,0.5381343509484839,0.24812830028474037,0.509789039971168,0.2678347733289532,0.08719712153834015,1.0299108977314178,1.8652179192888918,0.035595864,3.5056868,9.0,4.0
ds005291,sub-020,25,Cz,1000.0,-15.051016807556152,0.15,8.189286231994629,0.444,23.24030303955078,0.10143438067289154,30.0-100.0,-2546.4266338309512,-248.3721334059208,7.378584007576487,18.52037268923337,3.330002415854975,1.9279542429730312,0.08386212425476403,0.7128666575098737,0.30970893042238945,0.4999771090491709,0.48135507506448144,0.2697298237361695,0.1348726919168542,1.0195474270841332,1.8945856731573583,0.04703118,2.3255956,8.0,4.0
ds005291,sub-020,26,Cz,1000.0,-6.756869792938232,0.2,16.774625778198242,0.317,23.531495571136475,0.012751318470122206,30.0-100.0,-121.08953472320691,-4.328502402195218,13.161825419266137,11.052434902212331,1.0349260153172417,2.078220551083077,0.07235363590048999,0.6771244370668228,0.2449163284177485,0.7486665502535386,0.487150395295711,0.297707969569664,0.14521130734345977,1.0252838257333714,1.8739555907906398,0.042773727,2.8393161,6.0,4.0
ds005291,sub-020,27,Cz,1000.0,-18.018115997314453,0.165,11.360517501831055,0.3,29.378633499145508,0.035360172518688095,30.0-100.0,-396.6756098408785,-142.2800419804792,34.03750217450445,11.823200756119569,7.44739197996692,3.564294566142969,0.10366333198700106,0.8371334452290476,0.19881837233262378,0.50681194652897,0.4519864890654225,0.2947120133115893,0.13981423829966383,1.013595749421012,1.8919244830682316,0.043689936,2.1588223,8.0,4.0
ds005291,sub-020,28,Cz,1000.0,-14.670879364013672,0.24,15.66165542602539,0.403,30.332534790039062,0.03240551795124817,30.0-100.0,-912.9027543841908,-1060.2150877205884,13.231811459929776,4.272356976679507,4.253442193506562,2.351002312874159,0.11940415843192934,0.7989273192700215,0.41889886928214565,0.5485519425799522,0.48813298222330864,0.31204897135103044,0.15358604502065798,1.0211372153897507,1.8298386030521632,0.048158534,2.451975,7.0,4.0
ds005291,sub-021,0,Cz,1000.0,-18.023998260498047,0.23,10.72498893737793,0.338,28.748987197875977,0.30239708945544636,30.0-100.0,79.87654792297889,-52.497660512592546,16.0132708745315,10.485050019360541,1.8065777358151422,2.7289017187338422,0.8746133582469133,0.38267546021345145,0.44529696973491156,0.22465809889916258,0.507685121019336,0.3580493412486079,0.20321970133318976,1.039587547440566,1.7492682653458964,0.06390184,2.3087196,4.0,3.0
ds005291,sub-021,1,Cz,1000.0,-3.5138206481933594,0.215,11.098428726196289,0.339,14.612249374389648,0.061416509773180646,30.0-100.0,32.122231769597306,-155.1201990114974,3.2680981960995212,1.323670810388275,3.0252381778848294,2.376689132174827,0.1486873756565738,0.5224395202298822,0.16303045275010788,0.3135245883243896,0.49612409532368856,0.3930542861257357,0.2285575743013263,1.026846139886903,1.803260110310837,0.06430486,1.9245402,4.0,3.0
ds005291,sub-021,2,Cz,1000.0,-20.394975662231445,0.169,14.074323654174805,0.3,34.46929931640625,0.07291055848805703,30.0-100.0,-246.62367243814938,30.205353576515183,43.93146146547781,24.016411270073863,2.5046243850187246,3.856708735721672,0.05745233055099628,0.6855968776846089,0.48714289277442957,0.03245135635292347,0.4923016269617725,0.240924619305336,0.12858417288119536,1.0228122425715132,1.870467191524836,0.043090824,2.709179,5.0,3.0
ds005291,sub-021,3,Cz,1000.0,-26.365951538085938,0.174,28.751792907714844,0.337,55.11774444580078,0.25328325298061327,30.0-100.0,-1103.273608609934,-979.6958380293808,57.575143270037415,9.69655796902029,5.4689535951773145,12.930541598009615,0.2677190463414958,0.5694806912503051,0.2018204150569074,0.13482109032726897,0.49702554525820425,0.3620443197934032,0.12794527136656192,1.0224302137556687,1.7995746432709638,0.047177967,2.5999796,6.0,3.0
ds005291,sub-021,4,Cz,1000.0,-16.75071144104004,0.163,28.114513397216797,0.3,44.865224838256836,0.17138892658163957,30.0-100.0,-1004.383187040627,53.82753180422804,73.75119343714232,23.34685767530469,1.4245957797692963,3.2415049652942143,0.1615625262011814,0.6165539246383608,0.25185926245375495,0.3213247624368947,0.4981124024012961,0.2525632790006971,0.10825130241322904,1.0259955673521244,1.8462165815831975,0.035096865,3.5174882,7.0,3.0
ds005291,sub-021,5,Cz,1000.0,-13.85435962677002,0.194,13.917149543762207,0.328,27.771509170532227,0.015168484719345756,30.0-100.0,75.47700733043564,75.29524335973673,43.29538292413811,5.184864230478777,1.589833598554994,2.7493300302973336,0.050800733550063065,0.570041739901053,0.2107121035597215,0.2438679948688356,0.48434326684458645,0.317001038981836,0.14754309600581345,1.028180670073811,1.8076886517026378,0.04646722,2.7634213,5.0,3.0
ds005291,sub-021,6,Cz,1000.0,-35.5129508972168,0.183,13.163942337036133,0.314,48.67689323425293,0.009431906137689834,30.0-100.0,-3903.274425942432,-657.5388956320533,65.7090156377354,70.39583377647611,7.059568570271447,3.6839869671338943,0.052944087301551666,0.8471788060771903,0.5080852786901209,0.4070020424153091,0.4776678305555587,0.27736982770162816,0.1205718950052319,1.0164427507396847,1.8943306148765284,0.03976436,2.4907,7.0,3.0
ds005291,sub-021,7,Cz,1000.0,-12.237098693847656,0.181,2.966482400894165,0.367,15.203581094741821,0.10986534451570776,30.0-100.0,-3683.3088523785377,-1093.818065913044,1.381363905759551,6.450945476316054,1.1915230790729925,4.373872704332596,0.29412990240487746,0.866322407464909,0.39173105769177335,0.19916491064145553,0.5060777888360274,0.3852184490813688,0.2731584430509933,1.0329714133799561,1.7099038621725953,0.07477675,1.9027295,4.0,3.0
ds005291,sub-021,8,Cz,1000.0,-32.45100402832031,0.15,12.743447303771973,0.3,45.194451332092285,0.01532328437095593,30.0-100.0,71.10984629054981,-37.01810980754404,81.97434072886138,32.372793002874815,9.16811258229246,6.7571180311344845,0.05963300277728155,0.7766119323099129,0.1783335346522143,0.33440261996396997,0.49134395088377986,0.25317044951991985,0.11839991102900256,1.0235098159563352,1.8963234807269553,0.04242698,2.6130922,8.0,3.0
ds005291,sub-021,9,Cz,1000.0,-30.567209243774414,0.15,25.007413864135742,0.338,55.574623107910156,0.08573322935026204,30.0-100.0,19.626154889231785,25.802572885676607,133.28821095457087,39.585399310146926,29.304539323779235,8.2681412228717,0.25739307590413524,0.6794414542986897,0.27200475405342617,0.5915946594337796,0.47674666505633573,0.2760382955921386,0.10769093456527654,1.0149971434677252,1.905447059724351,0.03869222,2.4713748,9.0,3.0
ds005291,sub-021,10,Cz,1000.0,-26.116104125976562,0.157,9.095823287963867,0.311,35.21192741394043,0.05203906004259115,30.0-100.0,75.41689677979866,-146.25343726526265,50.064518766583134,24.37994112317491,1.0740868292426429,1.4198309556890139,0.4035590778833762,0.60771589411412,0.41237315092667337,0.25222940204922817,0.4881521027704679,0.21479790024551318,0.12486390562816689,1.0262734627817338,1.9072255763758061,0.03907873,3.2848668,9.0,3.0
ds005291,sub-021,11,Cz,1000.0,-13.053328514099121,0.172,15.137223243713379,0.348,28.1905517578125,0.06741266013729454,30.0-100.0,-34.937967725743924,6.6953907415291445,15.515336979771824,8.540794203733896,1.6135451415932012,2.6448342812709615,0.16648619521467586,0.5237142363279348,0.3585298732995657,0.11485024609524509,0.4981010967891243,0.2949316937478791,0.18425190824768045,1.0240371238591066,1.7425399721081272,0.052939188,2.476062,7.0,3.0
ds005291,sub-021,12,Cz,1000.0,-10.415484428405762,0.201,20.041173934936523,0.34,30.456658363342285,0.05158425685729792,30.0-100.0,-425.25117133848767,-8.979420466470984,23.47253191881254,18.841261339769773,3.188358559857197,2.5336890751196197,0.07511416059771991,0.8519245989452378,0.36503924162820633,0.4224231413119761,0.49104851049168396,0.29971820142340105,0.17089275055801423,1.0270311055416694,1.8286720317046778,0.04767121,2.5874805,5.0,3.0
ds005291,sub-021,13,Cz,1000.0,-36.770294189453125,0.174,-3.5154571533203125,0.407,33.25483703613281,0.04150789536209504,30.0-100.0,-118.46169847157914,-442.1266533568466,51.16375066860931,18.001640014987142,1.4018361497004734,5.319085083777843,0.08774397469544212,0.8557836923238771,0.34923798432491826,0.07936241276879409,0.4982523719987858,0.3016136534245742,0.10031867752630305,1.0327092172245491,1.7977584358917469,0.0360743,3.6241653,7.0,3.0
ds005291,sub-021,14,Cz,1000.0,-21.47076416015625,0.15,19.750940322875977,0.319,41.22170448303223,0.049299441641915964,30.0-100.0,58.033771315746804,-24.580972025809753,119.30720575906327,14.909568822608806,10.254809647368536,6.228379429742842,0.10255874124059042,0.32555190220889,0.5527488826181077,0.19144998925158369,0.4901382278199579,0.28571212150649794,0.13195026463487827,1.0180796489759183,1.8453493694755336,0.041423872,2.6936226,8.0,3.0
ds005291,sub-021,15,Cz,1000.0,-20.62638282775879,0.15,25.34615135192871,0.31,45.9725341796875,0.12178431153024619,30.0-100.0,-28.0253542934696,-150.21913917695946,74.98107554512998,16.517043775247284,4.7159565408010184,2.7713036902670587,0.6566003370444442,0.5502228246545183,0.49712952728094095,0.30551056069993854,0.49208006307681695,0.2989568979115423,0.11697680609273811,1.0231943483828723,1.8751414043121581,0.039311387,3.0546796,4.0,3.0
ds005291,sub-021,16,Cz,1000.0,-17.326412200927734,0.174,21.007221221923828,0.3,38.33363342285156,0.08024937066649758,30.0-100.0,-67.37082618653383,-222.95711402856574,42.44327227627397,47.90602936993429,6.494526990113592,7.4793788440087265,0.19986976907308265,0.7725070420245017,0.39615626667683906,0.26298168250879267,0.5018236552749903,0.24736761092344664,0.11295400027598518,1.0233684848940945,1.8156524633199682,0.043510366,2.7528765,5.0,3.0
ds005291,sub-021,17,Cz,1000.0,-18.017799377441406,0.15,12.434021949768066,0.32,30.451821327209473,0.11463306752203645,30.0-100.0,58.256067008865905,-318.252760629656,71.25712658271408,10.869804153696414,12.023642907264362,5.277710309361712,0.22857753464731734,0.39247669194160617,0.1652263293651158,0.12259840816368485,0.48330352240784374,0.3001845890019713,0.1228047812521659,1.017965792424417,1.8918440663119513,0.040835436,2.6349905,7.0,3.0
ds005291,sub-021,18,Cz,1000.0,-22.445491790771484,0.153,22.519269943237305,0.316,44.96476173400879,0.023298717375979338,30.0-100.0,42.8483987990344,-61.64527783501249,57.18594465350999,25.13408502119363,3.556390382870453,2.8565557199126146,0.06274404961425614,0.7952711947349561,0.21018944360295688,0.05294488676736961,0.483877995688686,0.24496692652106228,0.08324426882655402,1.017190840908825,1.869139436207843,0.033536874,3.0716872,7.0,3.0
ds005291,sub-021,19,Cz,1000.0,-13.186995506286621,0.15,15.056159973144531,0.317,28.243155479431152,0.10761092481862487,30.0-100.0,-94.76775598972786,-98.92820724754,103.29243768994735,61.21976261795163,5.1598633566124965,7.261626356251366,0.15205342423466353,0.4905356828514388,0.3027295670004242,0.4510389844242565,0.48456725179117643,0.22427988814228195,0.07236082275757573,1.0205523106717624,1.9607312789732898,0.03328766,2.9951198,9.0,3.0
ds005291,sub-021,20,Cz,1000.0,-30.01471519470215,0.15,24.468759536743164,0.304,54.48347473144531,0.032406270645610705,30.0-100.0,-21.8925030553701,19.315548672816014,85.42768539784353,40.0359387138443,9.498391114382052,3.0610150761993298,0.025441820645219677,0.6925807836820692,0.25976351770172096,0.23790016584650106,0.4705156537115544,0.23260675477856463,0.08139281423133361,1.010611218629009,1.9003798752662686,0.03351148,2.9536927,6.0,3.0
ds005291,sub-021,21,Cz,1000.0,-26.85457992553711,0.151,18.629962921142578,0.312,45.48454284667969,0.07376772364970414,30.0-100.0,80.29752703994362,38.158751569606856,72.8440723990759,37.681823036117635,10.535150468680225,4.228966407783817,0.11978214510693826,0.7545381485958931,0.2896823915747133,0.366707590553543,0.4908274055906418,0.2508165688924694,0.1287970357758328,1.0207223809413843,1.9140267589490132,0.040026326,2.7268488,7.0,3.0
ds005291,sub-021,22,Cz,1000.0,-19.929527282714844,0.192,15.452510833740234,0.324,35.38203811645508,0.006965376199913386,30.0-100.0,-5.695533210567632,-30.137581573617407,40.836318351584715,16.47395113861389,3.675541192392398,2.4596512540926803,0.07253719126805955,0.7392322334165604,0.052388183349282184,0.4099214182614268,0.4774601021885025,0.30583752041497686,0.1593863800829909,1.0190211854961602,1.8292934981300188,0.04668009,2.5556529,6.0,3.0
ds005291,sub-021,23,Cz,1000.0,-21.505817413330078,0.15,13.657383918762207,0.55,35.163201332092285,0.13670987774944035,30.0-100.0,65.43956990752191,-219.18210808927384,4.7711666826402706,47.46558901737056,24.087078695688863,9.526717911715247,0.21678106081217613,0.6379417960974989,0.5681659090498987,0.19149260640166998,0.48096535515073413,0.3232849397851104,0.19418692299799392,1.012490613923014,1.868729944977665,0.056332853,1.7692449,4.0,3.0
ds005291,sub-021,24,Cz,1000.0,-28.433591842651367,0.154,20.64206314086914,0.332,49.07565498352051,0.020991635120380533,30.0-100.0,-248.33926841676313,-600.1703164593393,84.55895054485902,39.00241534268022,8.667165510662386,5.569488876866184,0.13829231960758087,0.8328283039656013,0.3137732804149271,0.4246858759835178,0.4888795912844332,0.258517727885172,0.10318978194714769,1.0225115605228459,1.9172355600085618,0.038763564,2.8224964,6.0,3.0
ds005291,sub-021,25,Cz,1000.0,-23.55380630493164,0.15,17.72699546813965,0.308,41.28080177307129,0.1749975188192943,30.0-100.0,61.6655145703765,-113.80938112578856,107.23567035433719,18.063927067239064,3.025286470216334,5.2652674149329055,0.4317356501090677,0.30630005455824877,0.3070932917614151,0.12424961848816464,0.49210050931480115,0.264033142066216,0.11396922321753568,1.029894648582511,1.843168504082341,0.038846582,3.394903,8.0,3.0
ds005291,sub-021,26,Cz,1000.0,-23.573287963867188,0.186,23.784156799316406,0.335,47.357444763183594,0.029660519580314914,30.0-100.0,-824.4627440575897,-34.569065887301704,50.54341569195577,20.833509479061217,7.259027344008266,6.196679470938663,0.08255815927329294,0.12624762158575778,0.27694843353426196,0.13578311744678087,0.4855409511907229,0.31331203961617415,0.1198257891271596,1.0190468989784407,1.7992959565396243,0.04379503,2.695774,7.0,3.0
ds005291,sub-021,27,Cz,1000.0,-22.255229949951172,0.169,15.848731994628906,0.333,38.10396194458008,0.07142290418467047,30.0-100.0,-1444.0716728835002,-486.1317309284009,28.998662840645267,16.95794614650036,4.578651651558152,4.851055243667568,0.14212146534591474,0.6598018520919968,0.2068275123704673,0.6521552544854343,0.49803082292632816,0.3186951733578008,0.11114329379365788,1.0259817503981143,1.8316320638318604,0.042258035,2.7678692,5.0,3.0
ds005291,sub-021,28,Cz,1000.0,-9.614251136779785,0.283,8.552840232849121,0.55,18.167091369628906,0.039221309793284184,30.0-100.0,81.59531695536295,-319.7898739694482,4.276818758110359,0.9273136743694771,2.58026674770224,5.778173338229066,0.15876095180554925,0.1862247718804521,0.141393889350559,0.024392778348682437,0.4921736492649755,0.40517903649686016,0.3358188178998726,1.0268264745886513,1.738452544008036,0.09091199,1.5156037,4.0,3.0
ds005291,sub-021,29,Cz,1000.0,-6.33984375,0.181,8.726805686950684,0.467,15.066649436950684,0.21504387153307578,30.0-100.0,20.359735902800026,-2.923571095800454,13.486413394703582,3.440157488633473,1.8643900570144396,1.5993758779717868,0.37076086168975375,0.39586156907161124,0.40777316716578,0.40298695226377584,0.5085781808890573,0.3185562667537017,0.2046145295695276,1.0336909144842354,1.783792529213977,0.06171304,2.2373312,2.0,3.0
ds005291,sub-022,0,Cz,1000.0,-18.941823959350586,0.156,7.4360809326171875,0.306,26.377904891967773,0.06365968577791337,30.0-100.0,-562.8166557132715,-349.61351249318164,17.05833545138648,28.698735972752708,2.7622993659232224,3.316310032805248,0.048947593147131166,0.6671594081072106,0.39091691832679343,0.2165206569021863,0.4943072830805715,0.24322991441063146,0.12339171564277344,1.0261578523095791,1.8583164996032235,0.04557572,2.449625,5.0,4.0
ds005291,sub-022,1,Cz,1000.0,-6.012535095214844,0.15,11.655784606933594,0.3,17.668319702148438,0.046228047714473496,30.0-100.0,-219.40664285405504,-185.88455735878097,28.58398598386233,12.36851868962871,1.0301019339000477,5.282294478569258,0.10390278106322101,0.5022858947329271,0.2523631034886295,0.10886420404362546,0.5019817871900814,0.33047730102126743,0.1568925043246748,1.0266726534812707,1.7753804899264491,0.054654524,2.4224956,7.0,4.0
ds005291,sub-022,2,Cz,1000.0,-3.228602409362793,0.15,15.573578834533691,0.302,18.802181243896484,0.033904216147585486,30.0-100.0,-570.3053821812695,-30.691513842174455,59.12641256419191,26.054469647338728,2.140060083715288,3.4787684583935174,0.1684947320076043,0.5139223972133107,0.49299380117183583,0.4250787094563751,0.496929123560839,0.27126863878388513,0.10110951581750242,1.021222570948154,1.9155340645524699,0.03514888,3.1733012,7.0,4.0
ds005291,sub-022,3,Cz,1000.0,-9.49289321899414,0.15,7.508594512939453,0.315,17.001487731933594,0.06651861072597427,30.0-100.0,-109.34627927970557,10.613078867254142,23.048025124874812,20.590404823802817,2.670668636125148,3.1949122799157292,0.08766097988410783,0.4590856217943999,0.4319250415960224,0.33182761902795016,0.49094150533601616,0.2933488052470629,0.14586469133457158,1.0230271430751563,1.9120722283730753,0.04555112,2.5548666,6.0,4.0
ds005291,sub-022,4,Cz,1000.0,2.4175636768341064,0.152,12.998602867126465,0.544,10.581039190292358,0.05230622222967238,30.0-100.0,-1254.5928789391182,-295.57096170535243,27.29829011296855,15.041038278205017,3.0776882806708104,2.926223662234305,0.2388013162549114,0.6716001622114477,0.20259333056033532,0.43102848319417925,0.49664073016625754,0.3033845037855621,0.11529699012439558,1.0272970856334431,1.8479329287332134,0.04045362,3.132423,6.0,4.0
ds005291,sub-022,5,Cz,1000.0,-7.758722305297852,0.337,5.53706169128418,0.55,13.295783996582031,0.33364805852098883,30.0-100.0,-156.12974202466978,-276.8390470512821,18.25415042872963,14.474392731102405,3.2198443661519347,3.212379835355824,0.35382698016498976,0.399961185848383,0.3030499448475216,0.11329838484748427,0.49559762308440897,0.32859014067645353,0.179514868925167,1.0291904558368403,1.750312729238763,0.0550854,2.353286,8.0,4.0
ds005291,sub-022,6,Cz,1000.0,-1.0512559413909912,0.15,15.380517959594727,0.302,16.431773900985718,0.03589189712645691,30.0-100.0,-96.65480132696078,-366.3006732785529,22.37563498409157,17.43514371103505,3.2797646310829567,1.4299872133893254,0.09093058378925586,0.7095809406099873,0.09042630142301356,0.22856748679270633,0.5000009604449966,0.2692869029586595,0.10259702447121133,1.0245239333715401,1.9098752594170152,0.03868927,2.9983096,7.0,4.0
ds005291,sub-022,7,Cz,1000.0,-6.004103660583496,0.15,14.606985092163086,0.302,20.611088752746582,0.011287126013863332,30.0-100.0,29.75375171902804,43.292127368578555,24.774450837705825,10.962216623879959,1.9454941500834173,2.5495398039211175,0.08954740898817498,0.8430915496206515,0.3063919982976608,0.3552060619447128,0.49822659138966774,0.30918495440367105,0.13903003802706584,1.0254713038514827,1.8692873657408517,0.044316564,2.6911304,7.0,4.0
ds005291,sub-022,8,Cz,1000.0,-3.1539411544799805,0.15,8.172808647155762,0.516,11.326749801635742,0.05722578291412533,30.0-100.0,-77.35949806831496,-18.531373761705023,22.12177661891518,17.272701538627867,3.501794843641952,1.6763023370577148,0.07269778122995381,0.36359764268236233,0.5630570536117439,0.4884311019852831,0.5008896330926651,0.31262383849280284,0.1258191004157068,1.0274398037388024,1.8397401727723321,0.042754386,2.964737,6.0,4.0
ds005291,sub-022,9,Cz,1000.0,-8.325788497924805,0.15,10.722613334655762,0.305,19.048401832580566,0.053276206256458944,30.0-100.0,-196.875195203434,-19.04255607584204,24.530249880368384,10.282535267193758,0.7753041588373639,3.547781286606116,0.06156940464179204,0.4732972277655465,0.4978513379191662,0.553966487580121,0.4972501315817826,0.2983016142155585,0.16456931907992925,1.0326425428692314,1.818368558115165,0.047757678,2.7127547,7.0,4.0
ds005291,sub-022,10,Cz,1000.0,-2.515362024307251,0.339,4.525135040283203,0.427,7.040497064590454,0.09408125489706672,30.0-100.0,-866.0581215400581,-336.58266517482025,11.219053236678754,10.951151461500704,4.963074751884637,3.4834098868841075,0.13882156124832432,0.5966542403238366,0.3071656444815211,0.10155153090562223,0.5146493763721192,0.3583878503878417,0.1827830811318724,1.0337194548972353,1.8069372117639748,0.056491885,2.2710745,5.0,4.0
ds005291,sub-022,11,Cz,1000.0,-4.4954705238342285,0.35,14.87111759185791,0.3,19.36658811569214,0.06531008707052945,30.0-100.0,-510.57181158196965,-168.1767738768174,24.02815887586655,9.435457606426752,2.198335233988958,2.8471018908158787,0.09814377281329843,0.764405009704852,0.4545506221591374,0.2902773537078064,0.4927436315842827,0.2836394351655491,0.1201947971263819,1.0231302091080163,1.8892525220173582,0.04122476,2.8111925,7.0,4.0
ds005291,sub-022,12,Cz,1000.0,-5.2526350021362305,0.157,11.526211738586426,0.364,16.778846740722656,0.05788864938298389,30.0-100.0,-26.279622334275786,28.257665634358887,19.012139984029247,7.7644990101770865,0.42317906078302625,1.1827088251594169,0.12439764151649738,0.5096430654951312,0.3370604611030487,0.20289274162820858,0.5115796875715567,0.3056685628737393,0.1161795977192711,1.0380837017073785,1.7711447443340982,0.040650755,3.4408793,7.0,4.0
ds005291,sub-022,13,Cz,1000.0,-2.8541431427001953,0.153,17.249481201171875,0.3,20.10362434387207,0.12629313783544166,30.0-100.0,33.163306779739095,-779.4505971602799,28.945001989569967,6.591777293451882,1.5005792483902405,2.175395859696889,0.2509950438034851,0.8230632182984207,0.20267727519066883,0.25701511385136505,0.4912317672770223,0.2919556795370808,0.12107365171883139,1.0193407753414112,1.852984321503071,0.039060313,3.0967674,7.0,4.0
ds005291,sub-022,14,Cz,1000.0,-2.4614408016204834,0.153,12.627778053283691,0.3,15.089218854904175,0.1455876984298039,30.0-100.0,-326.4237386317744,-44.88255250658705,12.986861640684612,11.041256749008125,0.823481903555126,2.5004851244199813,0.16739887873855047,0.6742648856249097,0.25782589105863923,0.2543858367389415,0.5160787007265409,0.3321372278149927,0.15634849945212376,1.0307241424850961,1.8351561803629342,0.04948617,2.854943,5.0,4.0
ds005291,sub-022,15,Cz,1000.0,-8.538673400878906,0.15,11.323127746582031,0.359,19.861801147460938,0.34614072625541303,30.0-100.0,76.9104055900348,27.84090087260836,24.857999481980197,24.0054723292953,2.0711098143316127,1.7578409611041785,0.4139911487984288,0.6255678508148953,0.3587894473315361,0.20995941843344257,0.5099864033394503,0.29568010099890624,0.14186133125140898,1.0313008922933777,1.8773725356395787,0.04505755,2.882005,6.0,4.0
ds005291,sub-022,16,Cz,1000.0,-8.417510986328125,0.16,8.421609878540039,0.313,16.839120864868164,0.35838351319216066,30.0-100.0,-756.0870596962683,-339.7092294108068,10.278878545390647,9.64905630867436,2.1033185832905317,2.9555139536002897,0.41347964657039427,0.21654930288020785,0.37247466835673093,0.5264519638541603,0.5046648137277677,0.34333680823175666,0.18807141862147642,1.0304037404234907,1.7924226585843932,0.06276724,2.23312,7.0,4.0
ds005291,sub-022,17,Cz,1000.0,-0.3019328713417053,0.34,4.24943208694458,0.52,4.551364958286285,0.06574671338780336,30.0-100.0,43.42727564528202,44.30661868338284,16.47885869795686,13.151113253984018,2.3981471702076087,3.6219598789524685,0.049652998605250506,0.435292629810538,0.4367847677590262,0.16447212322999943,0.5099235663486799,0.3496122612711708,0.18997467302397414,1.0321479058303575,1.7247680984214964,0.056494318,2.349713,6.0,4.0
ds005291,sub-022,18,Cz,1000.0,-0.435735821723938,0.305,4.851674556732178,0.324,5.287410378456116,0.16709137284823944,30.0-100.0,70.34492268991225,-82.1617577912291,14.108471547591435,12.502925708211883,1.0462769789912723,2.4336807731617562,0.21583368227440097,0.4332523767218052,0.09031878979858572,0.2955178510262881,0.5068805120725183,0.3036377088652661,0.15212775124798067,1.0303535428294226,1.7966775945612843,0.046952277,2.9299264,6.0,4.0
ds005291,sub-022,19,Cz,1000.0,-0.1504356861114502,0.15,12.908209800720215,0.3,13.058645486831665,0.028001563442927875,30.0-100.0,42.37026066696763,-213.94733551082288,33.77853990527289,23.396842619952036,3.713008566252002,2.174849769247326,0.03605707729196816,0.6741345891927538,0.3358353228200239,0.44996327459003843,0.48016416301000714,0.2868144351909315,0.10326350037581485,1.0199913128989122,1.8774615939854216,0.037648056,2.7701638,7.0,4.0
ds005291,sub-022,20,Cz,1000.0,-2.918755054473877,0.166,15.502622604370117,0.304,18.421377658843994,0.05863257957773107,30.0-100.0,-150.3562689760838,-183.21633544415917,30.16062449668012,6.937719145572675,2.093779458586833,3.8884676585633406,0.15200295461446392,0.4918004777102685,0.2753803297747641,0.5050309919259451,0.49188421664011933,0.3199481944030954,0.14794162882018685,1.027989020435076,1.8375904829925735,0.045005873,2.7654467,8.0,4.0
ds005291,sub-022,21,Cz,1000.0,-0.5595226287841797,0.15,21.351463317871094,0.324,21.910985946655273,0.059065978210637526,30.0-100.0,-621.9885797734784,-256.3343802481157,25.939249172062507,19.053762416860764,3.376174449391424,5.266393515199721,0.10646199233756691,0.6475013886033147,0.38144485294011526,0.4802315945164046,0.5029166756097403,0.33461869908920605,0.13072891167418255,1.0262745361203687,1.8332314252914887,0.042739097,2.8182254,8.0,4.0
ds005291,sub-022,22,Cz,1000.0,0.10043156147003174,0.153,5.943813323974609,0.42,5.843381762504578,0.28650549113244766,30.0-100.0,-347.2520657148354,-48.011242655105946,8.023044774587888,4.374759575635293,1.0313783316448182,1.7944623640718786,0.23536889393208638,0.18825900671986642,0.3492574971291401,0.40250316727898233,0.5099544124090827,0.37654525554591517,0.2158591343259409,1.0396830511606239,1.6876412167238923,0.067082494,2.255333,7.0,4.0
ds005291,sub-022,23,Cz,1000.0,-4.918076515197754,0.35,3.8668079376220703,0.3,8.784884452819824,0.03353038247907374,30.0-100.0,61.69607009911194,6.596578394988625,23.02924059868917,2.075610527320125,0.404150005053733,0.8893675138795549,0.1731016612886675,0.4195368367188439,0.4534582963711373,0.10775324564774426,0.5073391373147433,0.30912168909376836,0.13418907104349345,1.0306208109033443,1.7945002281061884,0.04220322,3.2743056,6.0,4.0
ds005291,sub-022,24,Cz,1000.0,-2.8121094703674316,0.183,7.222117900848389,0.326,10.03422737121582,0.19870955821796618,30.0-100.0,-504970.5631195619,-513.5649959461638,4.481615686787087,1.2378052257406589,2.062527770869078,1.6547905024839822,0.23692280051191666,0.5747444676425274,0.24015174388348878,0.22892030236411984,0.4999706544569422,0.3387319807573866,0.14999819755665617,1.0297905906088858,1.7897256014150331,0.048854873,2.7753196,7.0,4.0
ds005291,sub-022,25,Cz,1000.0,-4.83991003036499,0.181,16.9505615234375,0.3,21.79047155380249,0.08752112609910156,30.0-100.0,-1037.5937835387274,-541.4471912870882,12.349012821548918,12.107591584043684,0.8755895938645717,3.704779685271302,0.19466911755362626,0.6726669879204528,0.513425780707091,0.3601670105645005,0.4985219431474011,0.3007272002549881,0.15983389479142088,1.028653342324551,1.7781402048984007,0.049619567,2.7216678,6.0,4.0
ds005291,sub-022,26,Cz,1000.0,-4.401732921600342,0.35,2.6704659461975098,0.504,7.072198867797852,0.10568498217466857,30.0-100.0,28.632511278433544,-228.1562647659561,11.915609653993663,6.7739835986815855,5.827435510404631,2.353995583628973,0.1249765052197992,0.6421743146095098,0.3209271301099828,0.22389341840593277,0.5008912360882257,0.33690686784557206,0.1872686056415971,1.0258235501358495,1.8061721247373153,0.054286525,2.2555072,7.0,4.0
ds005291,sub-022,27,Cz,1000.0,-9.621100425720215,0.15,16.14206886291504,0.318,25.763169288635254,0.09337366895440673,30.0-100.0,51.5837462854282,39.69309314194982,54.04983164864559,11.899978286285908,0.7293596615669597,1.9042647663880137,0.3167091286814118,0.6913314929884988,0.29131409506486683,0.12665655413417168,0.49995333909795203,0.28042945794498914,0.10700663483221028,1.0278945467285816,1.8425524391604722,0.035681255,3.7222843,6.0,4.0
ds005291,sub-022,28,Cz,1000.0,-10.91342544555664,0.15,4.051236629486084,0.312,14.964662075042725,0.0903440758952777,30.0-100.0,-47.90925051459431,-352.7021442253562,24.19594998629588,16.039500755157643,2.325661240618978,1.9368580051518969,0.08398168400498812,0.4349004164050022,0.09781914229581819,0.25534619368079964,0.49232225524128137,0.25562484513883776,0.1144201571502353,1.0233289343896286,1.9060426772892447,0.04132046,2.8269634,5.0,4.0
ds005291,sub-022,29,Cz,1000.0,-1.9637763500213623,0.165,13.510174751281738,0.3,15.4739511013031,0.16383970197502815,30.0-100.0,31.30631216939807,-274.39420836452035,16.97821675341878,4.690570915975793,1.3287470621221198,2.9765781259100117,0.32061996690973615,0.5932552814897564,0.2657884339079254,0.14556166685564384,0.5001352809098513,0.33528567662428005,0.1632379819316705,1.0328591283653124,1.789043431897895,0.05153314,2.6966963,6.0,4.0
ds005291,sub-023,0,Cz,1000.0,-6.585287094116211,0.308,7.271219730377197,0.388,13.856506824493408,0.13733777622091647,30.0-100.0,-960.2363599813975,55.46713896460985,3.148519569443545,1.1866721143733117,1.6388950019777146,1.3871030829284547,0.5769781346988782,0.11313340480686361,0.24102139858876034,0.1770847207775813,0.5231271350991558,0.40690651157648067,0.3670995528654303,1.046396815304803,1.619734401146475,0.097095594,1.7166251,4.0,3.75
ds005291,sub-023,1,Cz,1000.0,-11.96914291381836,0.206,11.558170318603516,0.428,23.527313232421875,0.01995392628114003,30.0-100.0,-231.98654449586783,-39.20314019872622,17.84575924889229,1.6399117870944715,2.2790746868781326,1.8027238434099988,0.07121509606485522,0.36193643564387395,0.2316396859375433,0.20987990929932493,0.5069688741520754,0.30445145444446414,0.15806499580813693,1.0369181739823619,1.7833917831759536,0.046298753,3.1758754,5.0,3.75
ds005291,sub-023,2,Cz,1000.0,-21.516437530517578,0.187,16.828725814819336,0.383,38.345163345336914,0.004135091583735589,30.0-100.0,-1206.0914239667093,-2.7238125937134456,43.65270701417912,11.667358756197675,3.0785496041724474,2.0345732048732725,0.032732731548499025,0.3683329779624549,0.2762180563874299,0.20338948073249516,0.4981008790921473,0.2795220908959695,0.10263360717342729,1.0327180163895333,1.8279534531984871,0.037223723,3.6356719,8.0,3.75
ds005291,sub-023,3,Cz,1000.0,-8.996309280395508,0.15,13.25108528137207,0.323,22.247394561767578,0.016549518675170252,30.0-100.0,-144.84305054904476,-92.85469651173312,20.047904383990662,5.809275146065224,2.3147039090621213,2.690763395697242,0.0762578877197562,0.22057055907845222,0.31623130977957403,0.4990264851108745,0.5133776839755868,0.3011858959139388,0.15381525431652823,1.029389436471054,1.7882745275181573,0.04890165,2.8790946,9.0,3.75
ds005291,sub-023,4,Cz,1000.0,-22.186519622802734,0.186,9.045475006103516,0.302,31.23199462890625,0.16151682237284543,30.0-100.0,-1274.4957616102329,32.74141346253279,24.789078783380333,17.68152086636864,1.1177148988323653,1.593488798818895,0.22482995930210395,0.758582157126152,0.15582511025195922,0.19210815376878845,0.5162435261935321,0.2780094368354843,0.1468651044590219,1.0395341105223992,1.720710674681512,0.04750965,3.117879,9.0,3.75
ds005291,sub-023,5,Cz,1000.0,-8.722990036010742,0.174,13.178593635559082,0.361,21.901583671569824,0.027196802079130774,30.0-100.0,65.4656218206645,-306.1906086161561,15.29522661892873,1.6471211375724466,2.029521285362963,2.013402429722523,0.055202083900813756,0.16948349670515933,0.21105407255921102,0.03996080315737694,0.5039811867436453,0.3374344318905249,0.19937889071408535,1.0354478510591922,1.7053432765879653,0.056363136,2.7230225,9.0,3.75
ds005291,sub-023,6,Cz,1000.0,-8.036911010742188,0.211,6.933685302734375,0.42,14.970596313476562,0.008120686550225102,30.0-100.0,18.04070876564731,15.053321325524788,8.07289383916823,4.6829425137527245,0.6586346076543006,2.439167226492102,0.11925015701052827,0.03669722897832507,0.37568305868397156,0.06413442246469794,0.5087612551044378,0.3575716910450934,0.20530248494776407,1.033989868584243,1.7662165850367877,0.057765476,2.4865947,7.0,3.75
ds005291,sub-023,7,Cz,1000.0,-4.568972587585449,0.15,10.903668403625488,0.403,15.472640991210938,0.10369839878947701,30.0-100.0,64.1208747827553,-90.26306841466675,9.73743418609924,9.65868824726998,1.1862931188018153,1.9602004136811615,0.32844016832496337,0.4801438674902813,0.33096388661830833,0.4238476925928553,0.5139606357842837,0.3292629947456953,0.16603717879508165,1.0359446403514432,1.7681250071059067,0.050890733,2.9708347,8.0,3.75
ds005291,sub-023,8,Cz,1000.0,-11.33464527130127,0.265,6.129233360290527,0.34,17.463878631591797,0.059304633115204744,30.0-100.0,3.289031845902033,-69.11180759007436,6.900877852021788,4.626078326482487,0.9480048959183772,2.3740784665125196,0.09915967689482344,0.5590970611972759,0.1934768223618741,0.3887335814942511,0.5047993875800585,0.34465531161856133,0.20867133417170708,1.0380192277015394,1.7518573396442803,0.0619858,2.3091486,6.0,3.75
ds005291,sub-023,9,Cz,1000.0,-11.702051162719727,0.15,5.2498650550842285,0.304,16.951916217803955,0.11342887429179246,30.0-100.0,86.72954032197751,-89.62185337228881,9.77438430278071,6.963776298421337,1.2319402874640701,2.6788501550632633,0.20031828627728487,0.18551502437924539,0.47488074546150183,0.3019104205436587,0.5102295999435863,0.34803942748982014,0.25472628596977526,1.0384982099179794,1.7073444490230762,0.06959541,2.140405,5.0,3.75
ds005291,sub-023,10,Cz,1000.0,-3.5522475242614746,0.154,7.264286518096924,0.326,10.816534042358398,0.4482135649058144,30.0-100.0,1.6535061230109154,50.54001980197697,2.8899689096457157,1.3141983687943806,1.4991420884508135,2.321097693849483,0.974255024650291,0.32007652304594725,0.426984875908324,0.5079680904735844,0.5123237946377955,0.43355872844079874,0.3286460015404384,1.039387677030675,1.6838069298782914,0.09370818,1.6784816,4.0,3.75
ds005291,sub-023,11,Cz,1000.0,-13.966268539428711,0.208,15.083975791931152,0.391,29.050244331359863,0.24229047763957792,30.0-100.0,49.19672711513729,-138.17761492412995,24.296575328221465,5.543654555088935,3.9541354189966946,7.203609627835891,0.3466852782918377,0.4443385827858893,0.32952115852654495,0.21540816858503276,0.5055199481264446,0.34644787831827517,0.16418179667488544,1.0292778490498038,1.7812654761137177,0.05077665,2.6500106,8.0,3.75
ds005291,sub-023,12,Cz,1000.0,-8.639808654785156,0.167,13.993806838989258,0.3,22.633615493774414,0.05435860923775992,30.0-100.0,-127.17009127209073,8.144262292874487,21.366181834027188,14.63553511209943,0.7000279744113322,3.2039887181893563,0.2892727515564796,0.4094421659123046,0.23458061906875,0.4174967940915012,0.5085781808890573,0.28519625217297484,0.18348871413745363,1.0381840157146036,1.7389366478600137,0.051802404,2.9715238,9.0,3.75
ds005291,sub-023,13,Cz,1000.0,-13.8380708694458,0.176,18.89573860168457,0.384,32.73380947113037,0.05816857473939891,30.0-100.0,41.30946641143805,-187.37632261369853,32.56339899840021,8.77937082445185,0.33092537231238917,1.3341761238616652,0.3294077838666554,0.3596879990312278,0.5047538567172405,0.1766534263916116,0.5162005994257245,0.2709527380621711,0.12476360261786379,1.0327285044701868,1.780452858828517,0.040480364,3.56398,10.0,3.75
ds005291,sub-023,14,Cz,1000.0,-15.193940162658691,0.15,10.886551856994629,0.332,26.08049201965332,0.007904286426996069,30.0-100.0,23.452471727218487,30.02641014412406,36.01294590550972,8.68061221267751,1.9233195683800024,3.954872877629562,0.19365723377745558,0.6301313319212967,0.44303507712499157,0.22571922802333666,0.510529418937318,0.3188266980910815,0.20365631811041526,1.0375798281602817,1.7241910388713857,0.058021262,2.6659002,8.0,3.75
ds005291,sub-023,15,Cz,1000.0,-7.435046672821045,0.165,4.310378074645996,0.469,11.745424747467041,0.11999397954575976,30.0-100.0,-12681.62285556557,23.455123277789838,2.0523323996879417,1.6326937373814387,0.5438898573241939,1.4419946447428271,0.3247440309519002,0.4367464485574584,0.19772023491648852,0.08215368212008227,0.5105296203167841,0.36903085607157177,0.2564258927889873,1.0400155165015852,1.6801372810178667,0.072532386,2.0823417,4.0,3.75
ds005291,sub-023,16,Cz,1000.0,-10.355050086975098,0.15,18.245601654052734,0.374,28.600651741027832,0.03180858651072065,30.0-100.0,-1.9296898118360284,63.500378201334954,50.24922886381668,17.84266721659839,0.534422654290575,1.3483674591045398,0.10817924487680863,0.27387524152842263,0.24824912196195653,0.6219646345711768,0.5090424663471299,0.24438628261370107,0.1314653484264097,1.043177027780017,1.74016612179344,0.039000757,4.0465636,9.0,3.75
ds005291,sub-023,17,Cz,1000.0,-3.5391998291015625,0.15,17.297382354736328,0.313,20.83658218383789,0.1281183766735978,30.0-100.0,1.4565973623072135,-403.1205928045855,47.351625465791045,3.8076698052367144,0.9437084330305805,2.0213538572010266,0.1708905236411532,0.3379283546850381,0.4364364499482013,0.3788898673523619,0.5097467864033188,0.2896793108775045,0.12029621422167935,1.0371263159713235,1.7499587012744307,0.04060918,3.7891064,10.0,3.75
ds005291,sub-023,18,Cz,1000.0,-6.695191860198975,0.212,11.220635414123535,0.423,17.91582727432251,0.015923328469623788,30.0-100.0,78.61721260498533,-457.26559914110646,2.648829223048541,3.496666231113057,0.8742613810942519,3.3407093839229933,0.1477529944212365,0.3798271275422524,0.06846859865630565,0.38175154833536046,0.5190906799099261,0.4006174243549435,0.27939450775137536,1.0398397184702612,1.6824686341241464,0.075370364,2.1306717,4.0,3.75
ds005291,sub-023,19,Cz,1000.0,-5.275670528411865,0.245,7.828646183013916,0.397,13.104316711425781,0.016997368353948633,30.0-100.0,-329.7943647586303,-188.322770805196,0.6981871931190363,0.4494835495469177,1.1412975162300758,2.0625728263119676,0.17711767480242402,0.4158102621579982,0.08076532626111246,0.04541447295171582,0.517946893904806,0.4257226460086951,0.32394314773680055,1.042581513736777,1.6581485587556193,0.08510747,1.8237629,4.0,3.75
ds005291,sub-023,20,Cz,1000.0,-14.929922103881836,0.247,9.497655868530273,0.347,24.42757797241211,0.05968150868072939,30.0-100.0,-699.213258030758,-37.520124999246896,15.492082568305182,5.755170799386621,2.1079784625113733,2.953953634261191,0.14484680707577668,0.46409140209832433,0.17838658544691557,0.3529411506472905,0.5142228214593079,0.3495608850607965,0.19103176674258537,1.0357389780606994,1.713163865841544,0.057912797,2.621286,5.0,3.75
ds005291,sub-023,21,Cz,1000.0,-11.60560417175293,0.15,23.414037704467773,0.323,35.0196418762207,0.0783340400636699,30.0-100.0,51.20990066275297,63.398445305243825,56.838002771172214,9.271598814859505,0.5814503965181993,1.182019495540665,0.14094505582972514,0.29510332641234244,0.13932885934424563,0.10382235591544406,0.5029571042679032,0.234302719791844,0.08854756707373293,1.0286352477472678,1.8306400379165386,0.029893804,4.445791,9.0,3.75
ds005291,sub-023,22,Cz,1000.0,-7.122408390045166,0.176,6.791282653808594,0.341,13.91369104385376,0.03464220029927089,30.0-100.0,35.18958255987387,-107.66961803259412,3.392797463742001,8.61215803123076,1.101294381504715,2.5355925744236125,0.07690948398142888,0.4531684290897624,0.3205205991957571,0.485856355675536,0.5131019720217048,0.3491621615546145,0.22131985019544517,1.0342325384481212,1.7265063342693017,0.062879086,2.208516,5.0,3.75
ds005291,sub-023,23,Cz,1000.0,-10.07248306274414,0.196,17.468257904052734,0.328,27.540740966796875,0.019471955927867088,30.0-100.0,29.726225474877477,-169.51028342597695,26.37055023396584,10.188771670190132,0.711702165937053,2.5206643521587266,0.09871349754966592,0.1134797850876566,0.63510376925064,0.11088445014606983,0.5157976896436484,0.29980968052800244,0.14450656900725248,1.0378944435176523,1.7809369852270047,0.04505016,3.2736073,8.0,3.75
ds005291,sub-023,24,Cz,1000.0,-6.027108669281006,0.305,4.521927356719971,0.359,10.549036026000977,0.04856806052058699,30.0-100.0,-205.6050673577845,26.62858226573903,0.7420917445758604,1.0172526758333686,1.664407807634884,1.9755557377912625,0.11324784009001536,0.4112166361590015,0.30496957732912494,0.2805312497447192,0.5140922554819007,0.4404765790891974,0.3707090774869591,1.0467270285814103,1.6205287153183354,0.103539914,1.5511258,4.0,3.75
ds005291,sub-023,25,Cz,1000.0,-9.329811096191406,0.168,14.855751037597656,0.318,24.185562133789062,0.020282166049026787,30.0-100.0,67.0102731729852,-249.15967717632887,20.369230179358006,13.596770104504584,1.0039968360277447,2.0891027514730784,0.03152190599463157,0.5811501929554157,0.2767687861776608,0.4092042656014745,0.5007120829227226,0.2601932924398404,0.126392956859431,1.0279433073791384,1.8261446896627422,0.045428723,3.0082145,7.0,3.75
ds005291,sub-023,26,Cz,1000.0,-5.36729621887207,0.211,13.020806312561035,0.326,18.388102531433105,0.06861965494017787,30.0-100.0,73.00970177051991,15.103859716090954,15.655778489022882,3.226353990515646,1.5286634222384161,2.4966716344626443,0.4248055432098189,0.4171933617856048,0.3814235680091312,0.2849492360795306,0.5157640512920443,0.3791680053087039,0.20735332739778245,1.0419182699461504,1.7119469429513736,0.061024625,2.589209,4.0,3.75
ds005291,sub-023,27,Cz,1000.0,-4.405747413635254,0.185,16.574077606201172,0.358,20.979825019836426,0.16157259754688363,30.0-100.0,-30.782256602947527,-46.276433879561786,14.97471583934788,2.096667852703395,0.5810612545955456,3.7377059498965135,0.24093813386159788,0.4503276529038229,0.04431576773202181,0.20276274275193745,0.5188869389479283,0.35202313952022063,0.20120779361056496,1.0391482440561985,1.6772938116952913,0.05579341,2.7478971,5.0,3.75
ds005291,sub-023,28,Cz,1000.0,-11.977235794067383,0.185,4.415915489196777,0.3,16.39315128326416,0.5096084846921884,30.0-100.0,94.96413031332384,-260.15034576848126,3.6160697153749792,2.1910958661884896,0.28022882279492367,3.7951754958065975,0.67989569831923,0.4510504300001277,0.4106369536367754,0.39729171931917,0.5077342067175101,0.41482540566457554,0.2913584851799258,1.040603068032743,1.654916105696538,0.092490636,1.7240384,3.0,3.75
ds005291,sub-023,29,Cz,1000.0,-13.27283763885498,0.199,10.82100772857666,0.344,24.09384536743164,0.11570548205550299,30.0-100.0,-18.697997545417056,-124.05848489266577,22.644383793533443,2.9241327241840427,0.4901591270798185,2.276220630759272,0.2605646943886871,0.3673900389853492,0.6034645216485506,0.028535479510056735,0.5068371640841428,0.3726666866366184,0.18908942766652834,1.0363169998839332,1.7239663584918472,0.055147335,2.7610052,2.0,3.75
ds005291,sub-024,0,Cz,1000.0,-18.68424415588379,0.305,11.140342712402344,0.493,29.824586868286133,0.3419375161497513,30.0-100.0,22.8401549747744,-44.64395039707826,4.859854457910265,2.3071595884189753,1.8674844046940948,6.431757696758497,0.9937473443421584,0.29035189909639436,0.29870969794501717,0.24537061860575735,0.5235751115447035,0.43023649555043103,0.3121187943200515,1.0417876503507286,1.696453042988812,0.08104149,1.9061903,4.0,4.0
ds005291,sub-024,1,Cz,1000.0,-1.994326114654541,0.175,31.138715744018555,0.323,33.133041858673096,0.014487894885580088,30.0-100.0,3.148604118312707,-237.0878291064026,20.64863770174795,8.37302499023844,6.578723479322798,9.852943208056203,0.1517693340347512,0.4727518031894328,0.5975328084175824,0.2303994486827171,0.49216306502471513,0.37626411849452557,0.18633229972055734,1.0249679892639671,1.7799723218702181,0.05488185,2.386541,5.0,4.0
ds005291,sub-024,2,Cz,1000.0,16.875043869018555,0.165,62.30438995361328,0.396,45.42934608459473,0.5915568720879586,30.0-100.0,69.0130647008972,-485.1105572979667,155.66924515363246,0.5740446103664402,1.5195730523713809,10.477215233574167,0.35308865675166434,0.4053105500606794,0.5016016863427281,0.4371947518524986,0.5028921286427674,0.2613506300873481,0.05242770264617958,1.0337776005880797,1.8091012139703406,0.02147807,6.2924385,4.0,4.0
ds005291,sub-024,3,Cz,1000.0,-1.01588773727417,0.15,33.5139045715332,0.349,34.52979230880737,0.10197568210191936,30.0-100.0,-28.4991491895959,-290.6834369568123,69.44650868067598,5.389129546585675,3.2546997864159044,6.76400726299307,0.11220047822380855,0.20317771864660866,0.6692543311614436,0.46219792191753917,0.5030221906034555,0.3379867919084786,0.10486373516726104,1.0270110583051921,1.7551928228433866,0.0374627,3.479216,9.0,4.0
ds005291,sub-024,4,Cz,1000.0,-12.77880859375,0.265,40.220558166503906,0.316,52.999366760253906,4.765165773407832,30.0-100.0,50.90705622786306,-1788.5598624262016,36.83302643296456,5.945717190267242,5.21942519982832,54.91682228846237,5.212993699042957,0.41687161344321555,0.2871143000232288,0.2204136767001844,0.5123859213446915,0.4461863468931681,0.3163533953877827,1.045534463839988,1.5535270756225315,0.10574811,1.5623254,10.0,4.0
ds005291,sub-024,5,Cz,1000.0,-16.31998062133789,0.182,41.194053649902344,0.329,57.514034271240234,0.5003907646023473,30.0-100.0,-76.81171076307058,-183.1547612099288,56.08968702987349,19.53607552853329,63.9698026447529,14.195714753687579,0.8464933001365795,0.3398646897691944,0.7831033746811799,0.33780818475003993,0.4853793621273623,0.3454216745509424,0.16150712696588343,1.0211670938651962,1.8342466365034324,0.05335199,2.109099,8.0,4.0
ds005291,sub-024,6,Cz,1000.0,-18.110050201416016,0.215,17.55530548095703,0.408,35.66535568237305,0.2978663769905315,30.0-100.0,88.4489482586569,-250.32672320561025,10.15254686463554,6.2261957439545395,25.026278014188332,11.840746571598254,0.5621148260434672,0.7597616884784398,0.7319502138955978,0.4846617771838909,0.478666330298682,0.31149838289868287,0.23648518401599528,1.0150424880975246,1.8399179450665222,0.06649353,1.5338467,7.0,4.0
ds005291,sub-024,7,Cz,1000.0,-0.7504682540893555,0.183,31.837114334106445,0.336,32.5875825881958,0.07279665691311317,30.0-100.0,-229.58965144781595,-314.2678909480864,20.71547005470267,4.5713816048964,7.3353979616662635,6.218476198224988,0.17477754191574843,0.38549239564346605,0.6290829054086488,0.2507645121876177,0.5053465805993349,0.3633351051656111,0.1732248611807766,1.0338160905744005,1.772281256989096,0.05088145,2.8256955,7.0,4.0
ds005291,sub-024,8,Cz,1000.0,-17.9534912109375,0.226,13.912649154663086,0.381,31.866140365600586,0.0388190284840977,30.0-100.0,34.02802389227488,48.830315766882784,42.267171709439594,1.8590172374420506,4.835777224499429,10.871086814352925,0.12940519943390194,0.21246217528977296,0.2705247137392707,0.09216616475277893,0.5095698728555696,0.4109909100049972,0.19502893552425635,1.032235994087831,1.7374727141611948,0.05610123,2.4624085,6.0,4.0
ds005291,sub-024,9,Cz,1000.0,-10.810104370117188,0.257,12.172658920288086,0.488,22.982763290405273,1.79999809981162,30.0-100.0,75.05702489563691,44.93433740015875,5.481806764592076,2.4260836224444824,6.37481539416128,12.393426104602755,2.631281802802342,0.7045811040400656,0.2634621775708978,0.314440104538731,0.5094481038999622,0.43081655984141437,0.330832878838581,1.0392252459009577,1.736480011875605,0.09084068,1.5936136,2.0,4.0
ds005291,sub-024,10,Cz,1000.0,-23.17865753173828,0.183,13.276615142822266,0.316,36.45527267456055,0.18281773531654624,30.0-100.0,21.39571743577375,25.11509367350572,46.340055391605894,5.693654770591812,14.38927518143902,7.162052617055857,0.35677309167017085,0.4168610591749894,0.4009359894936519,0.2790982124686275,0.48966439941182294,0.385784080893386,0.17581769383459703,1.0283672820122762,1.7729571264642316,0.055351853,2.4299812,4.0,4.0
ds005291,sub-024,11,Cz,1000.0,-9.395914077758789,0.15,36.15336990356445,0.381,45.54928398132324,0.07609512359852666,30.0-100.0,26.305881467912855,-67.34887645771988,45.87196801002494,3.157507036952146,14.660950638477857,34.46543616936288,0.3269887341859155,0.6078520025382689,0.43808030628373357,0.4349196168068909,0.4860208129630594,0.39886387471569623,0.19182934852874733,1.0236596039208883,1.7507376906916283,0.057259914,2.2392616,9.0,4.0
ds005291,sub-024,12,Cz,1000.0,-7.873826503753662,0.293,11.357559204101562,0.506,19.231385707855225,0.2645446244225414,30.0-100.0,57.331074224595625,-79.28375863880063,3.5500077904924563,9.342376320528798,18.891066742790116,8.2243017099806,0.9263450823189047,0.6813320804446038,0.2566727002829428,0.15174984002364283,0.4959813733774943,0.3574628497858907,0.3014367631926499,1.0271743173801795,1.8346345168439846,0.08104162,1.6498531,5.0,4.0
ds005291,sub-024,13,Cz,1000.0,-10.459151268005371,0.289,9.85634994506836,0.43,20.31550121307373,0.2254322512704074,30.0-100.0,-348.66870446094,-440.9015592924574,2.0590786399375585,7.940397939988959,2.6651522957127574,6.623346139402948,0.2479624316246105,0.5051403708732836,0.4804606369222395,0.18991955520445905,0.5111301492066191,0.3937808283407996,0.309980585862923,1.030558096582313,1.716132526535865,0.09019866,1.5536879,8.0,4.0
ds005291,sub-024,14,Cz,1000.0,-11.177595138549805,0.176,20.206392288208008,0.544,31.383987426757812,0.006496147287269849,30.0-100.0,78.69394467155206,-83.046190084537,15.621414989001478,2.273564862622801,3.2243188160505705,11.01153129742757,0.03493897339821431,0.40857260443512566,0.25272330675556715,0.306542452633962,0.5121632005514486,0.4001578218256394,0.2431081465688732,1.0267651421688444,1.732523743974645,0.06400066,2.0393727,10.0,4.0
ds005291,sub-024,15,Cz,1000.0,-20.866470336914062,0.184,17.283584594726562,0.383,38.150054931640625,0.1491532415180586,30.0-100.0,20.83536403372072,-18.388174131661437,6.4220965636292515,1.551048670968787,16.107575345647973,25.420882891073877,0.15455367740290088,0.8604574750916052,0.47661019704176305,0.5645849924864117,0.4775725682880285,0.32670535510568255,0.2654296730342072,1.0179364135324578,1.8372506663018766,0.07706321,1.429591,4.0,4.0
ds005291,sub-024,16,Cz,1000.0,-3.368914842605591,0.302,12.837812423706055,0.329,16.206727266311646,0.1488908601299626,30.0-100.0,69.90458594969924,-454.22015513625036,2.651405387395759,1.8760062646654152,0.9171223468441805,7.316842733093689,0.2770812814402791,0.3965226136918789,0.6091769052930779,0.2816105619078274,0.5005997801152795,0.41618909666178194,0.30040222372509745,1.0307769036710976,1.7421403673664575,0.08117605,1.7164451,3.0,4.0
ds005291,sub-024,17,Cz,1000.0,-12.177467346191406,0.304,7.410346508026123,0.392,19.58781385421753,0.08294933036267159,30.0-100.0,80.13121262786447,-88.82908934681696,12.835499978356568,18.176604322799697,22.726258480059325,13.277500867843624,0.17535882129405672,0.7839620692839037,0.43918240659776975,0.35447999156611065,0.4821244063674452,0.3210053792375777,0.1811225060355773,1.0217141783930295,1.8607841004349963,0.063361,1.8872443,5.0,4.0
ds005291,sub-024,18,Cz,1000.0,-10.63653564453125,0.289,5.135499954223633,0.316,15.772035598754883,0.03642045477893072,30.0-100.0,-1215.5907875802236,-345.67610164270434,95.09845949568839,4.614597287744315,8.256079354111547,6.0745848386189785,0.16587079038421143,0.5339908408552287,0.31582362943537984,0.4576907178868892,0.497874132359522,0.36427155739917466,0.10000848008685674,1.0285285474085997,1.7826710071230707,0.03696535,3.5030494,6.0,4.0
ds005291,sub-024,19,Cz,1000.0,-16.097169876098633,0.232,12.334169387817383,0.318,28.431339263916016,0.1171269987146049,30.0-100.0,50.291835581304625,-153.8425072853323,28.34371192076891,4.129465293143353,0.4775944547303904,7.7436976424200274,0.1555054754842478,0.47475929530438454,0.40824217944272456,0.5342965752951718,0.4994213726792392,0.4005048732696187,0.16860211320414328,1.0350361113519415,1.7307293579488179,0.051607653,2.7139583,1.0,4.0
ds005291,sub-024,20,Cz,1000.0,-4.940521240234375,0.205,30.662254333496094,0.322,35.60277557373047,0.09344401494072148,30.0-100.0,92.47953487125888,-90.7256447907783,18.71140603881565,18.08726430336193,16.059922192919668,7.21331980993163,0.13604101369481852,0.6492388114266391,0.6360252427544894,0.435321659955217,0.4857895769321719,0.3613808377936974,0.1906780256014161,1.0278257869660585,1.8141868862643018,0.05529197,2.1672635,7.0,4.0
ds005291,sub-024,21,Cz,1000.0,-7.4731221199035645,0.174,15.424367904663086,0.52,22.89749002456665,0.041386720620308355,30.0-100.0,12.834010833412282,-62.210407024924805,20.212814360691624,7.624685565851106,14.816528949038965,17.71138406686328,0.24553046016670294,0.564740206142316,0.5270948858901757,0.35411728891993177,0.48172234954508875,0.35352601442992165,0.23530624229801284,1.024210483708473,1.7781888175423366,0.06976254,1.6304648,5.0,4.0
ds005291,sub-024,22,Cz,1000.0,-11.48543643951416,0.344,3.243870496749878,0.484,14.729306936264038,0.5996431841343649,30.0-100.0,-878.4598151343939,-65.12941089923119,2.917702931013541,3.149565263805325,1.9383722136870083,4.574271425455974,0.8589313821737848,0.41991499789869574,0.49025001737382984,0.37554521383923306,0.5201877945366893,0.41162500962726417,0.2743798451377043,1.0344676614661634,1.72782435433151,0.078479365,1.8629758,4.0,4.0
ds005291,sub-024,23,Cz,1000.0,-25.330617904663086,0.175,14.109416961669922,0.308,39.44003486633301,0.17763352545870661,30.0-100.0,-15.711667046396919,-45.515559886801014,17.092199357315387,3.1415770175586655,29.958448187757135,15.817927384746985,0.9494499698410198,0.13470472006955572,0.5094804984902191,0.15840772300318573,0.5238408347625072,0.4107539965450729,0.31156683439460586,1.0403585496168823,1.6572402580669654,0.09284458,1.6739111,9.0,4.0
ds005291,sub-024,24,Cz,1000.0,-10.715941429138184,0.264,14.56808090209961,0.318,25.284022331237793,0.35889942917578976,30.0-100.0,49.52245206599274,27.847968489402717,4.531070077326666,4.758509494091376,10.180941961713954,14.418166275492785,0.2752840804736155,0.503789444909639,0.45618831844282315,0.5673680498128137,0.4878897179662569,0.3915797341112013,0.3101243351016467,1.0293002118296737,1.7517539889131528,0.081167154,1.5933824,4.0,4.0
ds005291,sub-024,25,Cz,1000.0,-20.02021026611328,0.261,2.8895106315612793,0.345,22.90972089767456,0.12859500793098297,30.0-100.0,-28.3806621801118,47.00590174228792,23.634866128089556,7.222166733524776,1.5205007116749605,3.7909999952861386,0.1607712777839852,0.3529989688566848,0.7383371426700496,0.3810834876469192,0.5166008166433901,0.36213441325221635,0.19323647414627895,1.038903762280936,1.6941102966036634,0.060397413,2.452708,5.0,4.0
ds005291,sub-024,26,Cz,1000.0,-3.1741139888763428,0.15,12.584572792053223,0.312,15.758686780929565,0.15336576482801886,30.0-100.0,-6552.633534994793,-211.79282315760366,7.430619590158071,2.9756786026779993,4.2031302171594955,5.999458796622751,0.11034309197193568,0.6184599169571307,0.1362798096113973,0.550285175941944,0.5093873577485747,0.3940965868729483,0.28100347342564863,1.0413925767590486,1.758644812542966,0.07974935,1.8654014,4.0,4.0
ds005291,sub-024,27,Cz,1000.0,-19.14525032043457,0.227,9.302337646484375,0.494,28.447587966918945,0.490348434993407,30.0-100.0,-210.55298245427556,-35.0613142617977,25.20633087835619,3.2687867587467396,2.509269975001751,3.0584514149352002,0.850054362262137,0.2893820393731548,0.7145990588827351,0.2208605422031129,0.5093176908387663,0.37738020069185557,0.20704181471564778,1.0373389684017646,1.722049262149518,0.061010767,2.3064344,6.0,4.0
ds005291,sub-024,28,Cz,1000.0,-5.043240547180176,0.15,29.633991241455078,0.374,34.677231788635254,0.06711126924930785,30.0-100.0,-1225.6516072842605,-127.96010554833946,4.388753105612362,2.5724671723178427,10.6614816202043,5.807697152787124,0.13978992527178927,0.4285782899160063,0.4758688585929909,0.5139776598281787,0.4960820913107394,0.3706399770103123,0.2503894657915582,1.0286548434798557,1.8065310632758826,0.07781379,1.6375251,3.0,4.0
ds005291,sub-024,29,Cz,1000.0,-9.984553337097168,0.345,18.613052368164062,0.48,28.59760570526123,0.04975152195115732,30.0-100.0,-974.0657321446384,-29.817679626816467,19.782158431414096,2.719744461093441,4.602002581533924,11.120633903340945,0.09278692701735079,0.7285490691392245,0.4852771301695382,0.5504501459460192,0.4925275829781131,0.38351701243592173,0.28041254181153874,1.0252471039375404,1.7785093425290066,0.074646324,1.6307318,5.0,4.0
ds005291,sub-025,0,Cz,1000.0,-9.048426628112793,0.227,25.025562286376953,0.404,34.073988914489746,0.11281315478171053,30.0-100.0,-76.11789273580048,-30.800304440354747,29.964978369438683,9.113030481285577,1.3064605894019947,1.721940729994488,0.12013199340252671,0.47572506639583473,0.10687546703999996,0.5731005569817674,0.4888412919913697,0.2564588440734706,0.10497915337265787,1.0259512605050252,1.8662329792075598,0.034614224,3.7563717,7.0,4.0
ds005291,sub-025,1,Cz,1000.0,-7.3516387939453125,0.171,24.078134536743164,0.317,31.429773330688477,0.022551331881565082,30.0-100.0,-309.2060483031693,-18.59519781499155,32.265435577629674,7.338503753966948,2.120371275352982,2.1894464267213123,0.09541280910273389,0.5345465162535988,0.3965621815343078,0.7393093876836325,0.5047703635526476,0.28923420526176563,0.11422701440322756,1.0310855360862399,1.8096484253460168,0.037905242,3.6447783,10.0,4.0
ds005291,sub-025,2,Cz,1000.0,-10.433009147644043,0.212,9.975552558898926,0.363,20.40856170654297,0.05607552125766899,30.0-100.0,-70.72574888372237,-20.78129046507571,21.552788695272938,5.174584182332808,3.1373489908584595,1.827666990781465,0.20622140817188547,0.7211509114555713,0.2854493266490036,0.6587653790595129,0.5022825177258112,0.3319875215224258,0.15009834060382496,1.0367715094478998,1.7939326202886576,0.048237387,2.8164234,8.0,4.0
ds005291,sub-025,3,Cz,1000.0,1.2453948259353638,0.213,14.767843246459961,0.3,13.522448420524597,0.02259342336391393,30.0-100.0,-414.05939314468424,25.512526895927902,8.810722338372674,8.276184840948545,1.7141768921757903,2.4636243206431274,0.06939879696973585,0.724640927327038,0.3485559574715384,0.7021517183149876,0.5030353762805352,0.3312845230541482,0.17314516805017258,1.0325925593159528,1.7582082694620944,0.051126897,2.8411942,6.0,4.0
ds005291,sub-025,4,Cz,1000.0,-4.449010848999023,0.268,6.748403072357178,0.318,11.197413921356201,0.012182531792344953,30.0-100.0,-1739.5663825895763,88.98882794608896,1.20498674955802,4.285533539330653,1.0932564867720356,1.0583883256844753,0.04980798154745324,0.576736576563951,0.50031827113747,0.6474805967985386,0.5123651685438512,0.3479213939226508,0.2373590552014587,1.031598783546594,1.7526922025176301,0.06848816,2.115093,4.0,4.0
ds005291,sub-025,5,Cz,1000.0,-5.763436794281006,0.208,7.794571876525879,0.479,13.558008670806885,0.13217742947065725,30.0-100.0,75.37790600658488,-337.55857422248533,0.8133244881619359,0.8544144732309101,0.4469320988416934,4.191155192937358,0.28401810132260125,0.5870230434043512,0.4278505832303955,0.7776866820399853,0.5156586035065603,0.44046893408055765,0.35353195173641944,1.0376392508601067,1.6587925905362946,0.09112167,1.6919613,4.0,4.0
ds005291,sub-025,6,Cz,1000.0,-11.187920570373535,0.227,3.9783692359924316,0.371,15.166289806365967,0.010455008359453422,30.0-100.0,-99.42012487282905,-231.8544821506426,5.019642801316543,2.1490108358211706,1.5032057889161443,1.1806423206308174,0.06486747266830488,0.5727740143520791,0.23327768072089877,0.5758380494302644,0.5094075822235514,0.35012493237434417,0.1763479278488939,1.0388693069770518,1.740665809012095,0.05601075,2.5044088,6.0,4.0
ds005291,sub-025,7,Cz,1000.0,-6.522227764129639,0.183,4.83516788482666,0.513,11.357395648956299,0.05357230096552222,30.0-100.0,-561.2363692470215,-238.31591538769126,3.712347953618565,1.952281538045631,2.9969431716249986,1.4423788592351656,0.29846061469046586,0.6026836882124426,0.38856903753277056,0.7257029985719878,0.4999292442216546,0.3630813933002756,0.2527045578660309,1.0329917534472064,1.7625000645683961,0.06737008,2.0458248,7.0,4.0
ds005291,sub-025,8,Cz,1000.0,-10.015817642211914,0.194,13.91625690460205,0.365,23.932074546813965,0.023339223231934804,30.0-100.0,-81.7948457422003,4.942486394264889,16.47533454852681,4.501390073460823,0.9618375148545626,2.2503695317381753,0.055363508206054006,0.5752971966733724,0.4741092038803759,0.5857437063638788,0.48828175851535766,0.3089454734120054,0.13662649307045951,1.0245886655019414,1.8293284112641812,0.04531603,2.7461934,10.0,4.0
ds005291,sub-025,9,Cz,1000.0,-20.743295669555664,0.159,9.581014633178711,0.346,30.324310302734375,0.03167332571304794,30.0-100.0,-172.7558197394026,-66.14638582812539,35.76223858188709,5.33940683591379,1.927732925171592,3.79934139367809,0.0727538962398108,0.34322691196650057,0.32235799036761,0.5929118270766991,0.4936236983288128,0.28837569718802997,0.10663927701029408,1.0229848427084836,1.8372384518533083,0.040259268,2.970937,10.0,4.0
ds005291,sub-025,10,Cz,1000.0,-15.842264175415039,0.161,11.782341957092285,0.3,27.624606132507324,0.014279164053761915,30.0-100.0,-132.42532584995845,-67.82369563738945,20.803910910620143,7.993916163301626,1.976226397545039,1.9332566469097374,0.014856442229221318,0.5302706138426833,0.16885889939001478,0.8127042476376661,0.49668891858839115,0.2806544230950916,0.13430616458391328,1.0283683352423243,1.8128643695880173,0.04511133,2.9789746,10.0,4.0
ds005291,sub-025,11,Cz,1000.0,-3.0126304626464844,0.192,15.394153594970703,0.324,18.406784057617188,0.04524698206565252,30.0-100.0,-912.2360556760226,-52.034057198576775,5.501847420627877,4.680409944811618,0.316070771045346,1.9982723616369555,0.12571087084664676,0.5398474911754634,0.5932484161277197,0.5814647950538566,0.5095670446364541,0.3585629228688791,0.17841338638854656,1.0393476972609732,1.7386556731168463,0.053096678,2.853071,8.0,4.0
ds005291,sub-025,12,Cz,1000.0,-12.573805809020996,0.19,16.40764808654785,0.359,28.981453895568848,0.03149589601415238,30.0-100.0,-1013.1881725483273,-78.69647796575111,12.24796303633712,11.222539281474631,0.6653531645729589,2.3120994802117845,0.03887637462955626,0.625510795971627,0.4374937068961401,0.7396735645186728,0.4937156758396693,0.29841984355853896,0.14011034399472239,1.0252423202694008,1.8570647712893233,0.043450862,2.7132673,10.0,4.0
ds005291,sub-025,13,Cz,1000.0,-9.645636558532715,0.268,-4.369003772735596,0.325,5.276632785797119,0.019060394817596162,30.0-100.0,14.945785258535494,-90.42315128515307,10.402471587872265,1.8195008794951786,1.0552119864740064,2.0567818682281076,0.025951841112869092,0.6282284629515652,0.5377252845755526,0.43041922968576957,0.5061271286861456,0.27679568997202275,0.09610821763963241,1.0350219460558652,1.7909500934353253,0.03254752,4.167418,5.0,4.0
ds005291,sub-025,14,Cz,1000.0,2.265692710876465,0.202,20.478424072265625,0.305,18.21273136138916,0.01936908919587491,30.0-100.0,38.493240842111454,74.28733633200211,11.510297804905491,9.115073313062119,1.1667088666449115,1.3885109248125593,0.06326744137881571,0.7443516136574556,0.609131450761599,0.6851267064979374,0.49261390419418405,0.3405758733719323,0.09963702333475807,1.0307437958057988,1.7754964167912914,0.034559116,4.19465,4.0,4.0
ds005291,sub-025,15,Cz,1000.0,-13.866754531860352,0.199,15.853795051574707,0.321,29.72054958343506,0.07584432590896815,30.0-100.0,-422.24805903120443,-388.03327880363327,9.87815301241012,8.521798315905572,3.7698536019743334,3.652423700849039,0.19716708477825148,0.6780257765711849,0.4535501542734473,0.8328802176633824,0.4844890955174592,0.31891628344823736,0.1383918135496898,1.023918420347367,1.859619036782924,0.05018089,2.4487052,8.0,4.0
ds005291,sub-025,16,Cz,1000.0,-5.627007007598877,0.172,20.38613510131836,0.331,26.013142108917236,0.04724764079805727,30.0-100.0,-341.087487826725,-206.0268276488306,17.459323218342465,2.3939540727553963,2.8839177482003775,0.9763428567186176,0.14183361523112778,0.216232730253829,0.5332168525984281,0.5375569339440365,0.5005695526928045,0.3427669197004991,0.1262807165192974,1.0324502088546037,1.755888863926871,0.044686515,3.0516334,8.0,4.0
ds005291,sub-025,17,Cz,1000.0,-24.784696578979492,0.161,16.7224178314209,0.36,41.50711441040039,0.008346441064355744,30.0-100.0,7.562947446225849,-438.0983777435644,53.62464955591335,21.649350469040954,2.1721755095512556,2.350496541663226,0.16403681378826787,0.6031101130830305,0.0956449560100181,0.632424812582025,0.5048918048511383,0.2635568379252584,0.07270161124211436,1.0212486566951466,1.8533844682027734,0.033427317,3.5661914,10.0,4.0
ds005291,sub-025,18,Cz,1000.0,-18.22132110595703,0.21,10.522086143493652,0.538,28.743407249450684,0.07093321298395737,30.0-100.0,62.03311859507236,53.7547641260315,28.36741353245607,3.499773908799284,0.6127378486766668,0.7934065951193608,0.16799399691510872,0.6816350398312228,0.27839952458067635,0.6909247394955975,0.4964540186852671,0.29567657301147166,0.0793667170547373,1.0251541786022784,1.8581919541544623,0.027438005,4.633081,6.0,4.0
ds005291,sub-025,19,Cz,1000.0,-11.947969436645508,0.174,12.640392303466797,0.308,24.588361740112305,0.03516512101874362,30.0-100.0,-3537.4788715926506,-414.4196220094584,7.266856192484019,5.101314015049782,3.1908591103209765,2.6418713637763065,0.07242817733065864,0.7683271466041544,0.2058452419694395,0.7077219981220942,0.49558226142755585,0.3385324770921174,0.14600448038286365,1.0268712937479905,1.79522433924077,0.04830033,2.5500548,8.0,4.0
ds005291,sub-025,20,Cz,1000.0,-15.205557823181152,0.15,10.246309280395508,0.3,25.45186710357666,0.04370974003262369,30.0-100.0,-81.1161574697438,-65.18830963061617,20.905437532990145,9.533364420857996,6.663928947491068,2.1576191299697274,0.09931817652271936,0.539008470186081,0.1711988318791606,0.8197276498480658,0.5017695316228157,0.2895951811199299,0.14518397434917257,1.0239043200329212,1.8376981587213221,0.046539646,2.546062,10.0,4.0
ds005291,sub-025,21,Cz,1000.0,-12.955375671386719,0.177,13.456907272338867,0.305,26.412282943725586,0.10603934166175254,30.0-100.0,-152.71659019166862,-200.1181294090185,13.816703305260322,11.807320782135381,1.3371443708781792,1.3642419051052335,0.16898192863075434,0.5495189399978603,0.09389780450989399,0.8384979147155813,0.5014570626335867,0.28056837610223245,0.10273993379795272,1.0285658028300604,1.8140806899814779,0.04005048,3.150944,6.0,4.0
ds005291,sub-025,22,Cz,1000.0,-7.334274768829346,0.161,13.136838912963867,0.363,20.471113681793213,0.01288227970192141,30.0-100.0,-77.72673484524717,-28.53907587671271,17.49553373465924,0.7197662162595532,0.5414862677736101,1.2889481196128303,0.019267068544255382,0.47969790209877256,0.2375188807009967,0.5043287463991802,0.49838631494184094,0.3287971109794844,0.1309084275604663,1.0274712332772993,1.8269561300491968,0.039501183,3.4570787,8.0,4.0
ds005291,sub-025,23,Cz,1000.0,-12.585546493530273,0.15,10.709199905395508,0.3,23.29474639892578,0.0022160841617367088,30.0-100.0,-151.21840838365173,-85.04154892268315,16.883319808163996,10.053651182024383,2.3855599724624583,0.40466348009057895,0.019306055071706525,0.4588924660599823,0.2775004604271467,0.7868811136758437,0.49514176553651246,0.23070742431080682,0.11128184049721328,1.0182610793549165,1.8997452175687235,0.038010035,2.6280906,8.0,4.0
ds005291,sub-025,24,Cz,1000.0,-30.10745620727539,0.15,17.486679077148438,0.34,47.59413528442383,0.051317026518436525,30.0-100.0,-414.3784256393893,-106.86455254791308,76.53217971920304,14.481294432967141,6.147493532839147,3.079897299260066,0.04564104602573816,0.6511955601508589,0.5019198025194883,0.6491548360559593,0.4989311780320531,0.26640964878920037,0.07352156096240559,1.0216304856773408,1.868168151670038,0.033192396,3.304141,10.0,4.0
ds005291,sub-025,25,Cz,1000.0,-3.7357900142669678,0.271,10.732426643371582,0.343,14.46821665763855,0.08980117418547305,30.0-100.0,-42.06953316865679,30.009413803486684,1.8369854488859696,3.2573817969691605,2.0214155167506607,1.6450796268061711,0.1335600821409415,0.803151859701247,0.4343188367351116,0.8351954955584192,0.5049785373466472,0.38066064506295016,0.2513182125832416,1.031347556706428,1.765516074817275,0.06660843,2.123885,3.0,4.0
ds005291,sub-025,26,Cz,1000.0,-12.866109848022461,0.315,-0.6519274711608887,0.457,12.214182376861572,0.017678681508396153,30.0-100.0,56.20587783112767,-77.79113984383444,1.8615015884747648,1.2648557121560522,0.6032630172739014,1.7054624882393352,0.022274394462188846,0.6420270085939127,0.3766490885910652,0.5728853026853111,0.4928486922048807,0.3940864491286632,0.15713679579234852,1.0312831828509856,1.7522313841418804,0.050609604,2.755813,3.0,4.0
ds005291,sub-025,27,Cz,1000.0,-9.496915817260742,0.226,1.7840137481689453,0.522,11.280929565429688,0.06631526130532739,30.0-100.0,-71.66883089355696,-105.65836069136785,0.9286404979083435,2.1160973295916725,0.7755954095579009,1.266183598291596,0.10138401847148301,0.7429343882069713,0.3489318737975921,0.7045925208504348,0.495530486875274,0.34969173370546097,0.2339891807349161,1.0276184422347514,1.7434165377174227,0.06909588,1.9940362,4.0,4.0
ds005291,sub-025,28,Cz,1000.0,-3.6806952953338623,0.206,5.171641826629639,0.543,8.852337121963501,0.009900074649838704,30.0-100.0,-37.195074075450435,67.10051624791963,0.5138304568289651,1.6637572834679604,0.9871761952335639,1.0075098798753948,0.05846410909955387,0.5287693567666655,0.08650300099786395,0.5878374920470505,0.5107701985757374,0.38543208376222077,0.2866981326593962,1.0324641232315521,1.6912904728024916,0.08100611,1.7528881,4.0,4.0
ds005291,sub-025,29,Cz,1000.0,-13.676752090454102,0.27,-7.476115703582764,0.514,6.200636386871338,0.016420312553276,30.0-100.0,-92.38748142841351,-52.42161779530418,11.716203207974957,1.3146281540063054,1.8375298374236362,3.471599815291384,0.13176040611423176,0.5744644929199622,0.44506556840398404,0.5326742581034563,0.5077630364105975,0.38510111981294937,0.14763012993426713,1.0394419400296129,1.6433647648569527,0.04461869,3.6091747,5.0,4.0
ds005291,sub-026,0,Cz,1000.0,-6.873400688171387,0.336,3.8597888946533203,0.387,10.733189582824707,0.05047951524223822,30.0-100.0,-30.38155758299016,-124.43384914821397,1.8852108988195626,4.709238614411518,0.8687502254921114,0.8572030855915388,0.16365316976500185,0.4103752746993965,0.45117619325353847,0.2348228734620225,0.5058711656820835,0.3299778079730706,0.21114632993874435,1.0285133456134912,1.7798319651496086,0.06361667,2.1398778,5.0,3.5
ds005291,sub-026,1,Cz,1000.0,-16.691713333129883,0.182,9.923392295837402,0.364,26.615105628967285,0.051023744087995496,30.0-100.0,-142.41666579535982,-34.193029938606564,31.456953677432516,4.920484355498894,1.7165269094884201,1.186188100552916,0.13052214035211193,0.6677232229358949,0.4169027604379821,0.33118398161734697,0.495795283798403,0.25504243305761065,0.11761033798664097,1.0253770818642263,1.8735025467133823,0.038654495,3.0306013,8.0,3.5
ds005291,sub-026,2,Cz,1000.0,-6.373770713806152,0.242,14.614052772521973,0.301,20.987823486328125,0.06922726292902953,30.0-100.0,48.89209831237765,-11.03881556838198,4.858888611280164,5.042635772654271,2.3705940135443515,1.259742601341532,0.08013067232971827,0.6441230826391712,0.6459016975577184,0.14371219978272912,0.4834578922029808,0.3225832655755091,0.16532584872693867,1.0177756804156188,1.8754590922978542,0.05088801,2.1994045,8.0,3.5
ds005291,sub-026,3,Cz,1000.0,-9.003227233886719,0.196,32.67863845825195,0.3,41.68186569213867,0.0316972490580355,30.0-100.0,57.18907324630793,42.616979194180324,53.04919125369598,33.73620883209195,1.1360612217250061,0.9858822067589659,0.062462260790757465,0.6882141824558401,0.3933469430093361,0.5608169686256764,0.47202081871876544,0.22072070391182388,0.08104804970227107,1.0138954402508944,1.9319461741735704,0.029117402,2.873716,7.0,3.5
ds005291,sub-026,4,Cz,1000.0,-10.422508239746094,0.195,7.873127460479736,0.38,18.29563570022583,0.00395636128451963,30.0-100.0,68.1520811031958,-138.9308462957369,4.870211906094397,2.367643484397151,0.27315291295967126,1.7280146323524825,0.009048693553058006,0.5282035730019374,0.44286751431251914,0.4534913327485103,0.4949417491169688,0.3178982587316848,0.16274163338280653,1.0257986019298369,1.8116372008327637,0.050505154,2.3371263,8.0,3.5
ds005291,sub-026,5,Cz,1000.0,-10.963045120239258,0.154,7.659888744354248,0.537,18.622933864593506,0.019690857889440954,30.0-100.0,-1062.370786825422,-160.13062292781478,4.56544336812213,4.633243486169439,0.7928890547199337,1.2034163608750146,0.06554021274068421,0.6046472594205081,0.20117913313035155,0.06096157715298621,0.5013202009101481,0.3247537151582958,0.15721135651640938,1.0313468661616692,1.82944461322837,0.05221567,2.399823,6.0,3.5
ds005291,sub-026,6,Cz,1000.0,-4.514632701873779,0.15,17.39193344116211,0.354,21.90656614303589,0.007328119477211684,30.0-100.0,-370.80544652385726,-243.45898008562847,16.195976244622674,4.34741778061472,2.8185720713633398,0.8356075549909596,0.09253043110649363,0.45994534806236514,0.3594275231952211,0.524022141948649,0.4755655308998,0.2683265654271126,0.10802864619478576,1.016741005641175,1.8602830541612996,0.036222566,2.9248896,7.0,3.5
ds005291,sub-026,7,Cz,1000.0,-6.165925025939941,0.153,10.202513694763184,0.338,16.368438720703125,0.01654851675160988,30.0-100.0,-69.44845626772198,-534.2325798042897,4.720286179859022,7.126970111199143,1.4149867469542028,2.5542436454953683,0.04913611155398201,0.6311288563870356,0.24373376649436795,0.07969454382001818,0.47573045316381873,0.34748132927701075,0.17941287749774024,1.022610281552871,1.8278973814906692,0.054069374,2.105586,7.0,3.5
ds005291,sub-026,8,Cz,1000.0,-5.578296661376953,0.202,11.306436538696289,0.309,16.884733200073242,0.06295024686266848,30.0-100.0,-97.69367167239467,-902.2042323389915,6.356189968054091,13.178530861349664,1.3823167696909415,1.2050443701032596,0.11315481710272526,0.7408316095504743,0.520643035642201,0.3882238655064313,0.48816883589138393,0.29942897009074343,0.1482377476629811,1.022689976165991,1.8666488847333471,0.048786182,2.4410346,5.0,3.5
ds005291,sub-026,9,Cz,1000.0,-5.447673320770264,0.161,14.112275123596191,0.398,19.559948444366455,0.03589013530736701,30.0-100.0,-432.58327675533803,-130.8360668735412,7.439653299227935,0.7001601167841834,5.803327978517319,4.365377113653076,0.05489084843895834,0.6030791443992123,0.43044412343057314,0.12582972486967212,0.483580029934767,0.37033406792341406,0.20336636556339002,1.023193155607945,1.807593779668132,0.0606947,1.8380985,6.0,3.5
ds005291,sub-026,10,Cz,1000.0,-16.16999626159668,0.214,18.887243270874023,0.343,35.0572395324707,0.04936274240396111,30.0-100.0,-1432.3554585882787,45.40976465814228,28.49443903509176,13.102740876285667,9.498157921959372,0.915715470910072,0.059966654709002955,0.15747367184551558,0.709958985739178,0.5720888682392196,0.473919575616821,0.28634647398114615,0.09725041843694003,1.011926674399841,1.9242500109671126,0.035893068,2.722366,7.0,3.5
ds005291,sub-026,11,Cz,1000.0,-12.796553611755371,0.161,4.285616874694824,0.489,17.082170486450195,0.03273364693721604,30.0-100.0,33.698857885737354,64.48997440499136,2.574790132694054,5.0104059998388415,20.22652197360463,1.1359569319440141,0.13005705583375068,0.9066440863132954,0.7687573289149541,0.4828754380513949,0.4820807672205124,0.2998732459279053,0.24302580579981511,1.0173503515071565,1.8884974691701228,0.06597643,1.4753991,5.0,3.5
ds005291,sub-026,12,Cz,1000.0,-7.6711602210998535,0.228,18.6260986328125,0.34,26.297258853912354,0.007046637304041793,30.0-100.0,33.228300536611236,-131.7963425206874,13.185541055575591,14.717322475505322,0.9744000289336953,2.7592115117894376,0.0383998574926886,0.6754467038378563,0.7970355441696501,0.46310395464082194,0.47883312692675484,0.31417541504375546,0.12514884678990482,1.0145603654172615,1.8544621022997694,0.03935752,2.6690347,6.0,3.5
ds005291,sub-026,13,Cz,1000.0,-7.957233428955078,0.27,6.151320457458496,0.323,14.108553886413574,0.0254246753848322,30.0-100.0,-580.4919607570737,-17.76456588599934,3.3663685260946288,1.9175639824650264,2.436349910583665,1.2158447614024404,0.09916765236979667,0.5140032921600578,0.608644095181256,0.2188954000666407,0.49704260742782463,0.3635568441606713,0.16959679806768066,1.025706584406321,1.8241901493583368,0.051024213,2.3694105,5.0,3.5
ds005291,sub-026,14,Cz,1000.0,-15.700115203857422,0.156,2.8174962997436523,0.3,18.517611503601074,0.06219693318543767,30.0-100.0,-2887.0348284792726,59.877963054026196,10.658421341772216,4.949815133038689,5.7735583361457365,0.9932713324698176,0.11090512860120504,0.7778853749436162,0.05787824674598562,0.11246482209219005,0.4988632038735875,0.33472976121938786,0.19586582055518037,1.030645215797458,1.799003177661559,0.058939338,2.0609422,7.0,3.5
ds005291,sub-026,15,Cz,1000.0,-7.459201335906982,0.209,10.83953857421875,0.432,18.298739910125732,0.014499471229788619,30.0-100.0,-17.809715967950844,19.27501522598819,4.395975653789152,7.96602674647256,15.226714222068658,1.9437042271695641,0.05476136864889299,0.7453576778828804,0.5897932963619847,0.70130970340261,0.4726369099094933,0.2983847439976213,0.20118833321863588,1.0131066120514436,1.8760101843467833,0.059224717,1.5336534,5.0,3.5
ds005291,sub-026,16,Cz,1000.0,-11.946746826171875,0.235,13.716411590576172,0.459,25.663158416748047,0.019742733816271268,30.0-100.0,-785.0850030192737,-24.87657390541869,6.236763296857658,7.116768786168918,8.386049101275955,1.6318509721101058,0.11751974966574776,0.5842319099375904,0.42613332760548306,0.24949176325265968,0.47011571461773677,0.3192007187365293,0.17279076287414813,1.016557812272853,1.8894734239504885,0.05287296,2.023398,4.0,3.5
ds005291,sub-026,17,Cz,1000.0,-6.044784069061279,0.205,11.892967224121094,0.325,17.937751293182373,0.02493695859677351,30.0-100.0,-338.22739595410553,-535.4366906136945,14.98178954129743,2.210979324069854,6.57322630699678,1.1530455840662637,0.03295107661961982,0.7252169937291122,0.48408188913214706,0.2042489552180824,0.4866851699211469,0.32720553217891163,0.16731938526954687,1.019126938775691,1.8823472813884203,0.052103218,1.9987488,7.0,3.5
ds005291,sub-026,18,Cz,1000.0,-18.20792579650879,0.211,15.327929496765137,0.33,33.535855293273926,0.03056104227838676,30.0-100.0,6.00779604350538,4.709590248544693,24.9402568025409,23.720873579730203,2.8781623607470377,1.3412132406489434,0.06528865495887347,0.5621044024451676,0.38967691352323564,0.11457733400075994,0.4976919276775454,0.2824916454192284,0.11493496217425116,1.0195147049043451,1.9120128294697771,0.040127974,2.4809434,8.0,3.5
ds005291,sub-026,19,Cz,1000.0,-6.218432426452637,0.213,17.337007522583008,0.326,23.555439949035645,0.026991567330096916,30.0-100.0,-677.726510886392,-127.65867664317977,5.718808327610299,13.680289244149023,7.366909435665962,2.182260150509524,0.06413121797074031,0.37526546433218216,0.3063109311140521,0.26594000031892273,0.48033641531788956,0.3085845208215542,0.16423285150175804,1.0144108550499018,1.8628252979246929,0.04749682,2.1315656,6.0,3.5
ds005291,sub-026,20,Cz,1000.0,-13.075056076049805,0.217,9.794001579284668,0.349,22.869057655334473,0.014944125846018844,30.0-100.0,83.69212314489998,78.97918803811928,9.192729895969606,8.605101132366423,22.467039533778117,0.4935022763965793,0.049308455109294,0.5999831455103114,0.30856979704686777,0.6703183034524016,0.46989126412762217,0.31284907687841157,0.1896614993377107,1.0164379568859347,1.8846988958509927,0.05567539,1.6172957,7.0,3.5
ds005291,sub-026,21,Cz,1000.0,-1.8682188987731934,0.15,16.143129348754883,0.342,18.011348247528076,0.04336149705926487,30.0-100.0,-70.2128402391572,-47.904531672066106,8.412390781957221,18.12624693181485,6.50967688989163,1.8750853344516931,0.06076119287544568,0.9077559752372509,0.23903913204570618,0.4875823447266373,0.4698973226587227,0.33140857710127647,0.16707162933079392,1.0183504130482008,1.8919876788185497,0.04884102,2.1038406,7.0,3.5
ds005291,sub-026,22,Cz,1000.0,-6.757340908050537,0.17,6.711134433746338,0.371,13.468475341796875,0.013606200954260593,30.0-100.0,78.76555458409116,-25.860501891541276,1.5886246694973385,6.29041118177272,2.226695302588561,1.887311019855122,0.03774071426081051,0.4217588946889185,0.2296712123011714,0.2584206572832319,0.490529301978554,0.32595202940206863,0.22658940859324375,1.0228821616163175,1.817411319403712,0.064182274,1.7918341,5.0,3.5
ds005291,sub-026,23,Cz,1000.0,-15.606887817382812,0.2,7.201606750488281,0.469,22.808494567871094,0.009411088604089688,30.0-100.0,-80.55864952926697,-447.4330312881829,7.843760883106905,1.0882881154760002,3.493883501279366,3.5094036767207553,0.03841244185374264,0.7986585596429805,0.5453167880963586,0.22528165640452086,0.4783801281331199,0.3545141489164249,0.23226807570274255,1.0195168829430108,1.832521508780665,0.0662863,1.6417905,4.0,3.5
ds005291,sub-026,24,Cz,1000.0,-3.7520930767059326,0.35,11.305130004882812,0.465,15.057223081588745,0.038179165553090304,30.0-100.0,63.626840914617524,-281.7893343383384,0.9026691714481561,3.1774860375729297,4.409126714120031,2.576477820473361,0.039585826654233144,0.6619387560342974,0.346210252739639,0.25538393759205863,0.5006560930301326,0.37026109650591,0.23219395959822126,1.0205117548710967,1.7785039842117363,0.064223304,1.7767339,5.0,3.5
ds005291,sub-026,25,Cz,1000.0,-2.749157667160034,0.15,13.887869834899902,0.532,16.637027502059937,0.0390129377234221,30.0-100.0,-23.890237462507883,-470.3874442578579,2.6265858413112015,1.4980308355951677,4.754540129057177,2.2480661611793176,0.08507177299857802,0.45395107871835094,0.25230043333432534,0.665145167009657,0.4888550033762147,0.33610291307476703,0.23923323657783982,1.0219184110589759,1.8526104939837287,0.06541786,1.7145661,5.0,3.5
ds005291,sub-026,26,Cz,1000.0,-13.758105278015137,0.158,17.792110443115234,0.324,31.55021572113037,0.05600527147708347,30.0-100.0,54.92069507939801,22.745950607851757,51.18379158926063,7.882626022271125,3.5501400238268923,0.9360800700863775,0.18653422838925843,0.8338756456766545,0.20488790538263188,0.5811165057725227,0.4771078388596547,0.2593241501104777,0.0908228795898985,1.0152771215753316,1.902060516722808,0.030483788,3.428196,6.0,3.5
ds005291,sub-027,0,Cz,1000.0,-17.805034637451172,0.15,6.295810699462891,0.497,24.100845336914062,0.35214145228861,30.0-100.0,-59.753973639211175,72.91330208146941,16.006091326375913,23.057228055566583,3.4604285917059805,4.915195357025532,0.5197303123140354,0.44518484772603983,0.49154289976322546,0.6056101673021785,0.5048952437084716,0.3207160443573087,0.19413119477650154,1.0321226651807875,1.7654627431294332,0.056905415,2.2926195,8.0,3.5
ds005291,sub-027,1,Cz,1000.0,-29.13838768005371,0.15,11.745870590209961,0.312,40.88425827026367,0.23422536149992612,30.0-100.0,-63.12244581943931,-308.38039609184403,85.06380307687638,4.635246857157293,10.089758895213544,2.9906189724488743,0.3089166704411915,0.5923480220432792,0.009274484487107413,0.14556924551927797,0.4859169031508754,0.29266263348101607,0.09797718101058689,1.0204969136580624,1.8733076401802882,0.034664672,3.3772101,10.0,3.5
ds005291,sub-027,2,Cz,1000.0,-31.692142486572266,0.154,9.441780090332031,0.347,41.1339225769043,0.06519408041548344,30.0-100.0,3.6356712171190644,-77.4387815051104,55.11691170712554,19.325623633991203,2.158101470303719,4.985819257522926,0.11548440570166033,0.11261285500349452,0.4824379881033491,0.4129453473098984,0.49292254213167314,0.2905771913398867,0.1415405360121101,1.02468505462134,1.821165586116101,0.044546153,2.7483985,10.0,3.5
ds005291,sub-027,3,Cz,1000.0,-30.449748992919922,0.207,1.4919447898864746,0.3,31.941693782806396,0.2156743100258894,30.0-100.0,19.90757005185287,13.296718988049411,24.13397967881553,36.31426147562549,5.955797586007069,5.115103129541438,0.20904749100204956,0.7091952910429489,0.49676376076243295,0.5464666038071818,0.49078773028922185,0.3282027274859374,0.16801249436247653,1.0238348557125758,1.7972805435160248,0.05039217,2.464432,10.0,3.5
ds005291,sub-027,4,Cz,1000.0,-23.251001358032227,0.173,8.693543434143066,0.336,31.944544792175293,0.16493724038059293,30.0-100.0,39.55905097426095,-40.10896249984322,39.19411869874673,31.592505621195627,7.286310725153881,3.2673237574484193,0.20428191801187606,0.7857651528684066,0.6302924484949697,0.3081336228023617,0.4859762107780059,0.28834313463297556,0.14078267395576838,1.0162611975067113,1.8826582913585306,0.042621084,2.5164135,10.0,3.5
ds005291,sub-027,5,Cz,1000.0,-11.14886474609375,0.15,40.703407287597656,0.526,51.852272033691406,0.11387857216447679,30.0-100.0,-694.2877896872084,-760.8137591499425,96.14597494144417,6.485507041050511,9.698887379399679,4.745877014016204,0.33731745963200127,0.28244620095324413,0.5278802947898347,0.22391134271858068,0.5114872127608985,0.35758488046807785,0.06562286402617505,1.0373871000452068,1.7688894593018343,0.022940656,6.29852,9.0,3.5
ds005291,sub-027,6,Cz,1000.0,-4.587764739990234,0.341,7.225521087646484,0.426,11.813285827636719,0.0241627808541563,30.0-100.0,-359.8617563863814,67.47893825661592,9.460439692591457,3.6280713520621606,8.404407861097804,3.1976829986858055,0.06997164144658079,0.519789702112202,0.09087667129150943,0.3274680586617153,0.48089287971686084,0.3602960616377152,0.2546069427991865,1.0264379340828127,1.7901352723485269,0.06878224,1.833187,1.0,3.5
ds005291,sub-027,7,Cz,1000.0,-25.27657127380371,0.159,15.218854904174805,0.317,40.495426177978516,0.17238905242593214,30.0-100.0,56.14151325904131,-972.7804141510438,40.820933605537036,5.21965098301658,1.879334763998991,10.24374143364162,0.740293175892111,0.42317302636877047,0.12438640488509167,0.5173268227418746,0.5044857893751361,0.336507313971912,0.14073404994151645,1.0319319093528432,1.7547094720967968,0.043572895,3.3048625,1.0,3.5
ds005291,sub-027,8,Cz,1000.0,-22.375701904296875,0.244,8.599847793579102,0.324,30.975549697875977,0.020092190471064145,30.0-100.0,-422.3426353209957,-41.5859903188438,19.370420923772848,23.005025632902733,2.625375291483516,2.5489733189542867,0.104310752809351,0.5227057614714702,0.36194443278840804,0.17537939689842627,0.5045181701400698,0.29265977831721485,0.14193569365463746,1.0365285581289723,1.8231439791368826,0.04660653,2.7336025,9.0,3.5
ds005291,sub-027,9,Cz,1000.0,-26.420896530151367,0.212,9.952242851257324,0.331,36.37313938140869,0.31233772982301866,30.0-100.0,37.13081459997799,25.55843731632466,46.36510072087871,21.041583406276892,1.4212954289111395,6.565760568892387,0.4119159037489807,0.17161496616452968,0.46706441298561596,0.25349754388373286,0.5024499656071706,0.30402851473909476,0.13197726847362046,1.0274713744969235,1.8102889701054572,0.04616761,2.8691585,18.0,3.5
ds005291,sub-027,10,Cz,1000.0,-23.76727867126465,0.182,1.3062045574188232,0.55,25.07348322868347,0.15859235056846568,30.0-100.0,-455.2926621977827,-44.09759935493835,34.646802684178496,11.612059670468415,3.9800838148686495,3.101490905196235,0.5604635136715028,0.5146428953080188,0.5546589733356728,0.47236792003732686,0.5028447565321623,0.302773369983992,0.1290264583481844,1.0282693680433628,1.8544878871496786,0.040991884,3.1000898,10.0,3.5
ds005291,sub-027,11,Cz,1000.0,-29.59916877746582,0.181,-3.063934326171875,0.515,26.535234451293945,0.13040852427040286,30.0-100.0,-205.68176374616795,-1356.0809617728605,40.877967775198776,37.99799835509915,1.1196827451873168,6.340626093841153,0.28513550702571594,0.6029203504560476,0.1798000071641843,0.38332604297792605,0.4954613650471793,0.29081490400168714,0.15107847002809036,1.0306450525259603,1.7833156069250928,0.04799286,2.7640429,10.0,3.5
ds005291,sub-027,12,Cz,1000.0,-10.720541954040527,0.35,19.681394577026367,0.479,30.401936531066895,0.15468739930402645,30.0-100.0,-3.559509518817139,8.268267386149393,9.186588037556469,11.717291439280789,3.017895957341337,4.3167626778786365,0.14363082669165797,0.3268568713942662,0.6603318383559352,0.3998787187048762,0.5074651501413068,0.34309342379744084,0.18507121594426904,1.027242585752516,1.8349292919316265,0.05848385,2.0915263,5.0,3.5
ds005291,sub-027,13,Cz,1000.0,-26.651369094848633,0.15,10.510178565979004,0.333,37.16154766082764,0.10894459069896596,30.0-100.0,18.66531531965255,49.49379747312544,71.96593628607103,15.015373748626876,1.482413145201849,6.011093092191297,0.18554704041717476,0.727716362570221,0.4279878970449646,0.15008802758752285,0.5025169439273723,0.31010437147198444,0.13017223033918338,1.0301922976593443,1.7956887714437688,0.044172294,2.9466782,10.0,3.5
ds005291,sub-027,14,Cz,1000.0,-0.8902273178100586,0.211,19.046161651611328,0.348,19.936388969421387,0.058334436152780014,30.0-100.0,-196.03498720372346,-118.21976891719301,1.7254705169753943,0.47701910617745813,8.464817201654602,7.888418240896473,0.20085900753609898,0.7458226688043988,0.47261287314141237,0.2489463860136482,0.5131368258252949,0.42027428326375693,0.27802211618638495,1.033830506628823,1.7227099221993933,0.08199354,1.7140198,1.0,3.5
ds005291,sub-027,15,Cz,1000.0,-30.011751174926758,0.17,4.6336669921875,0.3,34.64541816711426,0.067155375199065,30.0-100.0,21.98596836746754,-50.81656080503557,46.498428835852955,15.790001401361431,3.323151917092411,4.706731589136854,0.22361764952632468,0.6664401053166458,0.4190665185224941,0.24030137348887626,0.5025947488773524,0.30318930311998693,0.12203409613342878,1.0309162549392525,1.8371210161388498,0.039874718,3.1397226,8.0,3.5
ds005291,sub-027,16,Cz,1000.0,-9.130791664123535,0.288,5.756869316101074,0.46,14.88766098022461,0.22696508526685402,30.0-100.0,-77.96013734986506,11.08473859180239,2.56038519174489,3.323243540214512,4.53518035012265,4.225720638010267,0.763360412696714,0.6769793221596062,0.17859886286530183,0.28284707194330694,0.5167402744173072,0.3899048949105984,0.29973456157034567,1.0383252347148961,1.7378336963961627,0.075954884,1.9488165,3.0,3.5
ds005291,sub-027,17,Cz,1000.0,-32.07464599609375,0.15,4.753911972045898,0.539,36.82855796813965,0.15029259980244022,30.0-100.0,-539.4784137959482,-93.89359286912875,64.37363873311338,20.058837966305042,2.3911251344373823,3.623764122630595,0.1364295277159908,0.46761951929383566,0.7027958464602153,0.32258192951339754,0.4905832582101206,0.2044490153673811,0.10334279804895977,1.0227066720014804,1.8043031177481617,0.036436282,3.2074916,10.0,3.5
ds005291,sub-027,18,Cz,1000.0,-34.48453140258789,0.15,5.832294464111328,0.32,40.31682586669922,0.1976229873814638,30.0-100.0,-562.4195345646268,25.36567519690327,70.37078950566536,37.17215450172551,1.9008720357727658,5.31318231375183,0.4375381468040787,0.41913746059334234,0.7321342722069355,0.4575636816952407,0.4934260174533322,0.24654117254253266,0.10880018722233735,1.0228806085462168,1.896003107746809,0.03669707,3.2887657,9.0,3.5
ds005291,sub-027,19,Cz,1000.0,-22.352903366088867,0.172,14.630210876464844,0.3,36.98311424255371,0.1350542978220536,30.0-100.0,51.96077792750259,-185.33216790675579,44.56727539130242,21.427401691906724,2.5366638000479806,4.730099107197731,0.18295832655982133,0.5408751861512551,0.21601014238192484,0.05641338936236697,0.49584708168530167,0.32170930108702395,0.16177738086122445,1.0267902135307945,1.8160615924460903,0.049277183,2.5833116,5.0,3.5
ds005291,sub-027,20,Cz,1000.0,-29.7877197265625,0.157,0.8882498741149902,0.303,30.67596960067749,0.08086406229506973,30.0-100.0,28.586570331928208,-173.55968830274387,40.44316426233763,27.766105469799996,1.9259301988980613,5.370096736623761,0.21357490131183035,0.25105019690866215,0.6778525905718115,0.30553661449344843,0.4997511946511987,0.28377301709290687,0.12276331395142409,1.029906633961865,1.8005078383580253,0.039709963,3.3535817,10.0,3.5
ds005291,sub-027,21,Cz,1000.0,-27.53158187866211,0.194,17.455814361572266,0.303,44.987396240234375,0.3235672346616246,30.0-100.0,-1202.3918221120116,-247.58126459710635,52.43845229408188,25.167842551685464,12.696528408291865,3.285535221524561,0.8839425456211839,0.6323802854488247,0.40075147572817166,0.6383253860525963,0.5124424368595661,0.3160440834280705,0.13638540649407938,1.0288586628738035,1.8293313158969169,0.047800038,2.6869082,8.0,3.5
ds005291,sub-027,22,Cz,1000.0,-20.06302833557129,0.179,14.61967658996582,0.364,34.68270492553711,0.050072868073778705,30.0-100.0,-2606.1842787103997,16.99251760131032,36.17812102695681,18.657628227682675,2.337114263189487,1.590556912661657,0.3006194936863106,0.28643797138842625,0.3573521007899816,0.5367652393380395,0.5003185328537225,0.29583933943815605,0.15235406812447047,1.0254538978585,1.7858784748112724,0.04517112,2.901905,6.0,3.5
ds005291,sub-027,23,Cz,1000.0,-2.5791025161743164,0.15,8.329850196838379,0.464,10.908952713012695,0.040076591873819616,30.0-100.0,-8.510677157068615,23.570467081067466,2.452374960024005,0.6193489820327399,0.9790050335120939,2.0060691937026913,0.13737180501239074,0.5063486826454355,0.37454199616469863,0.4099145025157132,0.5117595129467809,0.3939117811295024,0.29152705625698344,1.0317563533988512,1.728122970418679,0.077747,1.802414,2.0,3.5
ds005291,sub-027,24,Cz,1000.0,-34.81814956665039,0.184,9.985030174255371,0.423,44.80317974090576,0.05576801131390121,30.0-100.0,-146.5799155361258,-1367.0724808684065,66.0390610435562,22.00786943044038,5.057525687688727,5.5532622648264525,0.1994669930745367,0.3443847705279393,0.5361722038487836,0.18770096682395004,0.4795337080960668,0.3305828249782933,0.13399416875138148,1.024566567868667,1.8323768900407975,0.04423778,2.709478,4.0,3.5
ds005291,sub-027,25,Cz,1000.0,-28.927276611328125,0.186,5.939575672149658,0.55,34.86685228347778,0.30597945804408183,30.0-100.0,-1738.8374664822732,-131.74506969221972,64.55678865726992,40.76953627557786,4.943660573080827,2.7790894705004217,0.5730597679306161,0.6222686929696182,0.6024662044842396,0.4083444124597797,0.502576051963711,0.255039974006971,0.13385018293694861,1.0278906267472034,1.8289144476145303,0.043885823,3.003907,9.0,3.5
ds005291,sub-027,26,Cz,1000.0,-21.254186630249023,0.286,12.687501907348633,0.426,33.941688537597656,0.019170650888223045,30.0-100.0,-123.1979406441556,-235.38402983613582,18.760592241530674,12.249512227870248,2.921158875794575,2.994493261955422,0.07529932608898401,0.7257366577943212,0.41670478442982495,0.5348286915999442,0.49804326006479066,0.27190607024604946,0.15492457570818197,1.0331764265876524,1.737650211969136,0.04772023,2.9521236,5.0,3.5
ds005291,sub-027,27,Cz,1000.0,-9.45087718963623,0.231,-0.4409356117248535,0.368,9.009941577911377,0.20421969570967463,30.0-100.0,58.536003552280334,-213.88982102418228,6.300826183831387,1.4083317825188248,4.546165069385322,2.892198349110427,0.22242181780495848,0.2968909853076623,0.6348133140126679,0.4611800548582567,0.5055199481264446,0.33275190282915773,0.1918363094986286,1.0284962347317552,1.850405147640615,0.055422384,2.40179,2.0,3.5
ds005291,sub-027,28,Cz,1000.0,2.5983762741088867,0.288,12.364413261413574,0.332,9.766036987304688,0.6066537297198787,30.0-100.0,-16038.609615624848,-73.90968200428593,8.562730499165966,2.7658858653840155,4.496647369583757,3.1690415983128624,0.72154632003377,0.3025207609660792,0.6310854043139456,0.19924847928360803,0.5099516308803552,0.40338279912894526,0.22063119131289485,1.0377720605295988,1.7310240434838637,0.062121026,2.465786,1.0,3.5
ds005291,sub-027,29,Cz,1000.0,-1.340100884437561,0.182,12.837176322937012,0.423,14.177277207374573,0.07558518737534961,30.0-100.0,15.171440652018825,8.63044057695397,2.8732634014083067,5.83999369967394,2.1722632295945106,2.958235774317407,0.11857818075337685,0.6522789323630043,0.3811379325477354,0.239072159250811,0.5117201318104897,0.32487719123315,0.15844019165729253,1.0345931502197694,1.7709445800883683,0.054088414,2.4671633,3.0,3.5
ds005291,sub-028,0,Cz,1000.0,-7.345787048339844,0.311,10.616727828979492,0.55,17.962514877319336,0.13284168459918116,30.0-100.0,87.35407492051628,-98.34569883690052,2.725269368433132,0.7898390756198488,0.34219903517907235,3.3668739107188315,0.2259258686099695,0.5618332342561235,0.37352802433932547,0.4375627495711399,0.500663189085216,0.4179365170718544,0.25265691381263233,1.0290086036926887,1.710475313717235,0.071254335,1.9790349,6.0,3.75
ds005291,sub-028,1,Cz,1000.0,-12.174356460571289,0.181,3.9335803985595703,0.55,16.10793685913086,0.1265514750318341,30.0-100.0,44.9979555055526,-299.23777744599806,3.7231865389630214,0.7331543720919599,0.7432273544627468,3.288950004121837,0.1659938613920958,0.49521757489390894,0.10240439193909114,0.4089604748731917,0.49851762192585597,0.41711501723703925,0.2087916904178441,1.0279672985429356,1.746140605015204,0.061890837,2.0184906,7.0,3.75
ds005291,sub-028,2,Cz,1000.0,-16.231548309326172,0.154,26.283950805664062,0.3,42.515499114990234,0.03213843668915486,30.0-100.0,-361.672916188129,-265.2296913986236,29.879890721328515,7.612931146208904,14.858445898938784,2.668724553483836,0.09125534522357866,0.7739842681795034,0.20429818564400415,0.35943515596368647,0.48635172260126214,0.3023358575561128,0.11410818386909011,1.0223857982759517,1.8838858035185788,0.044755347,2.268653,9.0,3.75
ds005291,sub-028,3,Cz,1000.0,-0.39933156967163086,0.15,23.265762329101562,0.3,23.665093898773193,0.07021393299950265,30.0-100.0,-1180.6683915771168,-93.37484005082057,41.129481646911415,4.968059314342503,1.9730765467610918,4.064822055763263,0.23741329668539463,0.6500966976866517,0.16758565075670567,0.48349528914188766,0.4879106538738299,0.2992127342234983,0.11401516070754221,1.0218295530712083,1.8035822254867198,0.035658255,3.4394317,9.0,3.75
ds005291,sub-028,4,Cz,1000.0,-15.50374698638916,0.15,15.318531036376953,0.331,30.822278022766113,0.013256404845446546,30.0-100.0,-206.43027931068727,2.4239988780185713,58.68921904399842,37.42808110176789,10.956588516489383,2.6608699546107712,0.07347335099231747,0.7261450986696635,0.3725244975910055,0.34129905818736167,0.47264955867783404,0.2690412085080179,0.09426470140277193,1.012829221476417,1.9543338415525793,0.038515657,2.2610483,10.0,3.75
ds005291,sub-028,5,Cz,1000.0,-9.706968307495117,0.161,28.6539249420166,0.305,38.36089324951172,0.010559886514314944,30.0-100.0,-1355.7925970419562,-116.24352430672118,44.831298167644675,6.939429024877349,6.2804048783771185,2.145725613528166,0.022670622735965075,0.6765226885441593,0.10551226129842158,0.12125907658931243,0.4885040250015797,0.2945182218426637,0.08330486775717595,1.016547803222261,1.8936405214105645,0.03172877,3.2431884,10.0,3.75
ds005291,sub-028,6,Cz,1000.0,-2.2141993045806885,0.15,15.588751792907715,0.482,17.802951097488403,0.0006067401979596675,30.0-100.0,83.65586918028768,10.057853436337421,14.552486855764101,2.274935240221606,5.0565741302964415,1.7261676083047042,0.011072961122314425,0.6832999828379015,0.34546792883780864,0.21614252796445113,0.49122340839130635,0.36300262483028783,0.14817417011970832,1.0236985391716371,1.8196885246220469,0.04409397,2.6789663,9.0,3.75
ds005291,sub-028,7,Cz,1000.0,-8.542301177978516,0.229,13.330124855041504,0.325,21.87242603302002,0.03320107237689614,30.0-100.0,66.88146231583636,46.71156970120523,11.723909208697826,6.820712052492401,3.835483211259068,2.630300765090129,0.03444685105698807,0.9171768716280565,0.2984145116842337,0.5751522203359278,0.49082792279622917,0.3585434994899002,0.15449870400263171,1.0212068694422494,1.8320600459909582,0.048944876,2.2778146,9.0,3.75
ds005291,sub-028,8,Cz,1000.0,-12.258527755737305,0.15,19.199119567871094,0.3,31.4576473236084,0.037049836786883915,30.0-100.0,-13832.98158693861,-12.2250094911127,39.65517947993982,3.085190262831541,17.323565403708606,3.7504313523973134,0.07073111218847052,0.8270780219174849,0.037322478157305446,0.25188000565017143,0.490465466515361,0.3371569414121656,0.11227928123936046,1.0204934229201494,1.8765193413411105,0.040282834,2.5297346,7.0,3.75
ds005291,sub-028,9,Cz,1000.0,-5.529957294464111,0.15,7.670996189117432,0.35,13.200953483581543,0.08566950421155325,30.0-100.0,-58.71320952678023,-125.60691577805304,1.4675465659481306,6.774175114160634,1.1619747214259104,1.8723520360366086,0.1910592347060636,0.859354170113305,0.2715475269619025,0.6290264924028124,0.5062554604665321,0.35441986092625666,0.20558756598365738,1.0312877462151329,1.820549590826511,0.05880015,2.1925347,7.0,3.75
ds005291,sub-028,10,Cz,1000.0,-1.7259669303894043,0.194,16.578235626220703,0.313,18.304202556610107,0.034522548567601,30.0-100.0,-1888.3672750850121,-116.39709494529495,8.356682468333862,3.6132621447598097,1.4681344754687946,1.445921460429122,0.06078836559575588,0.6816219705017502,0.24751079963217085,0.46463695801011334,0.5073526008505208,0.3625420314913073,0.15520216337896584,1.0270529433898974,1.7380291431177959,0.05083468,2.600511,6.0,3.75
ds005291,sub-028,11,Cz,1000.0,-8.565099716186523,0.179,14.565546989440918,0.303,23.13064670562744,0.007728555608111141,30.0-100.0,-17990.727903424617,16.84531718028929,3.9589734506130747,3.2388379385945005,7.948775931812418,2.536056234556086,0.05400028529532234,0.7416464931071087,0.45124964063467227,0.38783625892031887,0.48820181985764227,0.37042911487585634,0.19337316855029768,1.0259651086101844,1.8121488749188002,0.059185542,1.9987751,7.0,3.75
ds005291,sub-028,12,Cz,1000.0,-16.91484260559082,0.301,11.400290489196777,0.368,28.315133094787598,0.23740964875277962,30.0-100.0,-591.9275031896702,-316.9220791084396,15.755159079565455,5.483748777857366,7.331687258298071,2.7724742128634694,0.30009576794629267,0.6974151579481078,0.20193729032014007,0.21385694603142752,0.5041870400204179,0.3279462991765789,0.17299624098553273,1.0274762754607405,1.8028990358747816,0.05321816,2.5635164,6.0,3.75
ds005291,sub-028,13,Cz,1000.0,-9.998010635375977,0.194,22.000795364379883,0.463,31.99880599975586,0.08973121607037329,30.0-100.0,-111.3808626152798,35.52888860554631,6.7262784490045515,3.3979226693461397,2.11497188672903,1.493203035089602,0.11788300490603758,0.6143503523982233,0.1985625848451952,0.3747199949966665,0.4902730791881981,0.37411398195822315,0.1411950767021479,1.0274655589098947,1.808780459466908,0.04835471,2.5914505,5.0,3.75
ds005291,sub-028,14,Cz,1000.0,-15.698894500732422,0.153,13.072038650512695,0.385,28.770933151245117,0.11308080808265959,30.0-100.0,7.6896378924045035,75.41021194112402,19.551013603591493,3.332496020161483,7.796788850714441,3.761707954976985,0.11851907800567447,0.9048380641506475,0.38549118764302565,0.13452398473367178,0.4983159390394217,0.3712989783117717,0.16375375163450934,1.025146372884918,1.8110477202056638,0.056644686,2.223087,7.0,3.75
ds005291,sub-028,15,Cz,1000.0,-5.860386848449707,0.23,5.227963924407959,0.352,11.088350772857666,0.08375836779636865,30.0-100.0,-150.05792176860842,-3.0682227814198324,5.0472171933748875,2.173020906506579,1.5068979691982793,4.702662836169031,0.08456102836803038,0.6612560464003185,0.30266536900833724,0.2772540366088723,0.4990595449312227,0.40246320300937993,0.22340614068562345,1.0321944154925686,1.7710256450942006,0.07186187,1.8503548,6.0,3.75
ds005291,sub-028,16,Cz,1000.0,-10.64006233215332,0.25,19.519563674926758,0.325,30.159626007080078,0.01784516430376853,30.0-100.0,-248.9129454020013,60.234019511469775,7.732303769686378,23.775838456063898,2.604280605697209,4.1107858534278,0.1344287349829086,0.7895489943208633,0.6470471870396225,0.21308922428282967,0.4693429583632716,0.30389018232702847,0.15157956823824453,1.0219522856942422,1.8645149991360739,0.045463044,2.5283186,7.0,3.75
ds005291,sub-028,17,Cz,1000.0,-6.827995300292969,0.15,23.14383888244629,0.33,29.971834182739258,0.01315438832634422,30.0-100.0,14.512842202777756,-141.28094750747206,60.46030550500529,16.04584272905407,1.4109618788157126,1.6690986592748456,0.02809833371392674,0.8858788083062504,0.34288791910799216,0.18753803584159712,0.4944186066296818,0.2112121508415439,0.07214815920729079,1.0231771990396954,1.866931140126075,0.030229405,3.6921213,8.0,3.75
ds005291,sub-028,18,Cz,1000.0,-3.4701695442199707,0.175,12.773521423339844,0.471,16.243690967559814,0.0628265422451286,30.0-100.0,90.24655249384453,-53.33754541590168,9.260449372438691,0.23473849050808168,0.8372575970786262,2.699047728099515,0.11599553846084212,0.7334619259329866,0.14494523187363553,0.15452490859825985,0.4981010967891243,0.4023141582539924,0.23898986967349523,1.0320094892529315,1.7107482531409217,0.06950618,1.9210362,8.0,3.75
ds005291,sub-028,19,Cz,1000.0,-12.534603118896484,0.19,13.46829891204834,0.426,26.002902030944824,0.01555322134158367,30.0-100.0,-567.189538058632,15.740721023819274,13.153725009118016,3.89416236327041,3.5819697724066084,2.483402287378725,0.02907301758352234,0.6730401220122709,0.29992673060717867,0.08259143077604687,0.4799306864218869,0.3481208631923672,0.17049689801297804,1.020479164207027,1.8166690653607207,0.053703733,2.233172,6.0,3.75
ds005291,sub-028,20,Cz,1000.0,-3.470669746398926,0.15,14.180070877075195,0.3,17.65074062347412,0.015124369128323404,30.0-100.0,16.509181608066616,-78.51937270010332,42.60697613545713,16.541473608831986,12.562843062372233,2.900906996625774,0.04093756534184109,0.879229760236143,0.1094159584556802,0.3859311933307421,0.4701136592461491,0.28611244428307914,0.12263298551348874,1.0145611521939262,1.8774319181972716,0.042161074,2.400824,7.0,3.75
ds005291,sub-028,21,Cz,1000.0,-7.574936389923096,0.15,10.505256652832031,0.3,18.080193042755127,0.02361376419202383,30.0-100.0,-5.478073601598026,-18.364741901023724,27.20826897319493,18.899073346738145,12.275575929952906,4.230787831830991,0.04943767289185279,0.8703443952060778,0.17884228895428758,0.2709237195325978,0.49022769738917465,0.32144075631989505,0.17420046051103213,1.0185810727122668,1.8592125590254789,0.051009465,2.1687899,8.0,3.75
ds005291,sub-028,22,Cz,1000.0,-10.428589820861816,0.16,15.419197082519531,0.3,25.847786903381348,0.017132055466944785,30.0-100.0,-63.041004833743905,-122.41780477004163,8.81887593623933,10.650806501094298,4.1763147423984455,2.901492199005681,0.05374634550253639,0.706557638764585,0.20167891753998862,0.08589679795396983,0.490672883501478,0.3076881122936917,0.13949409224032497,1.0254650003802812,1.819738024964735,0.048228413,2.4011812,8.0,3.75
ds005291,sub-028,23,Cz,1000.0,1.3527252674102783,0.269,10.280068397521973,0.3,8.927343130111694,0.07881422195226638,30.0-100.0,-61.77490274112446,-21.40755112209502,9.357853285083495,3.675744747877385,2.4407159342749924,2.5531740757852757,0.16624316852750606,0.7884670322957622,0.26500680033774177,0.2384143426938181,0.4943948447238206,0.34486462702951837,0.17799252344728753,1.0229235277156135,1.8715197177143545,0.050662596,2.300324,7.0,3.75
ds005291,sub-028,24,Cz,1000.0,-16.478445053100586,0.173,12.273046493530273,0.435,28.75149154663086,0.12352562509525561,30.0-100.0,33.214468729234476,-115.82312404532263,35.400649948204794,6.589387815350564,2.624287060177684,3.101395843106092,0.24498789449550484,0.868580923492484,0.20151585837409428,0.3599775933473343,0.4860336714777979,0.2828581224408606,0.12648027455702202,1.0227369837907119,1.874493367497803,0.039727643,2.7618785,8.0,3.75
ds005291,sub-028,25,Cz,1000.0,-8.6871337890625,0.19,10.584789276123047,0.462,19.271923065185547,0.022681727068941903,30.0-100.0,80.94265106242517,25.501009719139144,7.2814926058550125,3.571345790244895,1.1048262378616416,3.9036421107332933,0.052084899558719554,0.7004864075140819,0.40315175243314066,0.09494602762698444,0.495439346944478,0.37590560467888606,0.2327829315429543,1.0253863260310978,1.7870203832556362,0.063337415,1.974462,6.0,3.75
ds005291,sub-028,26,Cz,1000.0,-6.065263271331787,0.234,8.6683349609375,0.3,14.733598232269287,0.030429379995012697,30.0-100.0,-309.60098014407953,-113.83206244679864,0.7127866430102654,2.623443598223314,3.835509176656486,3.645666125545755,0.07829219355918386,0.7750344731570358,0.22943930177499638,0.4015299475840139,0.49846417370265383,0.4056674586411445,0.3115058787550036,1.0316842586232957,1.720003147243298,0.090399824,1.4379197,7.0,3.75
ds005291,sub-028,27,Cz,1000.0,-16.98395347595215,0.15,18.62724494934082,0.359,35.61119842529297,0.08777613147685535,30.0-100.0,-33.32706604984987,-156.1741344579392,32.9864239454534,14.986518485167707,16.52786443289059,3.0191195890985503,0.2610163254175653,0.8879430721380556,0.37308854029698857,0.45342063931333654,0.4882615202607443,0.3368587710828516,0.14517864232069544,1.0177688258960036,1.8764578196072235,0.04743311,2.3936992,8.0,3.75
ds005291,sub-028,28,Cz,1000.0,-3.6916041374206543,0.15,19.943344116210938,0.328,23.634948253631592,0.016523564615393307,30.0-100.0,-512.3441965431829,-602.4365388332864,20.53883549375883,6.16908973118044,5.132257475307859,1.587804769694011,0.07093930268109357,0.9068897014936328,0.6070266789768033,0.1510763105165671,0.497094667086299,0.32916438841051077,0.0949080532038428,1.02426200422338,1.8558303830535978,0.03744989,3.106146,8.0,3.75
ds005291,sub-028,29,Cz,1000.0,-10.759681701660156,0.2,17.108909606933594,0.345,27.86859130859375,0.005366369757305986,30.0-100.0,-170.10363809631482,-283.3809112528978,10.793190288226162,5.197901043061013,5.5049065082901425,2.248137236028066,0.0271272305268582,0.8500673287212122,0.3077945845240624,0.23755685016027597,0.48592295694656756,0.35093617545378375,0.15204562535010752,1.020385352052714,1.8435089126360382,0.055488884,2.0060856,6.0,3.75
ds005291,sub-029,0,Cz,1000.0,-17.538175582885742,0.159,7.646292686462402,0.3,25.184468269348145,0.09156861763580844,30.0-100.0,-14600.02498759561,-81.73231595240063,33.375493429609456,8.81581420242191,2.0573124802205203,2.1601146599742993,0.11042874892589223,0.7863269006333309,0.2006856833963317,0.17674121192492495,0.4811664516673542,0.26242279008977787,0.0998319829857692,1.0176279724663546,1.9450223891860206,0.038780533,2.7309914,7.0,4.25
ds005291,sub-029,1,Cz,1000.0,-23.309694290161133,0.15,1.1466083526611328,0.313,24.456302642822266,0.010084826069234701,30.0-100.0,73.78654331782428,17.596975184832175,57.30356730843225,27.889558662981884,2.6544687254447394,1.8815819823186217,0.05215984313092689,0.7540584313498688,0.39480890645323213,0.6140717399396495,0.48807578462116213,0.2650924306516572,0.09407580539350208,1.0163224087216687,1.9167000067501179,0.035721805,2.714324,9.0,4.25
ds005291,sub-029,2,Cz,1000.0,-1.3273338079452515,0.306,6.728431224822998,0.419,8.05576503276825,0.1016563853703205,30.0-100.0,73.30978212880501,-58.36219065541744,6.039287353329335,1.9356583252334165,1.6067229153445766,1.0017900248073643,0.14119312358505948,0.6575484788834951,0.43455184634488603,0.12679158621824554,0.4863946865808107,0.3200540620143864,0.16670042982287805,1.0231744759176222,1.845548770262352,0.057469912,2.0425208,7.0,4.25
ds005291,sub-029,3,Cz,1000.0,-28.641786575317383,0.18,8.274426460266113,0.362,36.916213035583496,0.053497650234841744,30.0-100.0,-6545.066870885244,-765.9943440733604,29.314547082560175,47.903937319671925,5.499612081064102,3.012361048362098,0.05747848304744335,0.8893710768206209,0.4372859405101914,0.775422077944091,0.4590158955066507,0.290918581460655,0.11782367923678905,1.0111075513749694,1.8762327255491706,0.04485932,1.9592143,8.0,4.25
ds005291,sub-029,4,Cz,1000.0,-22.154626846313477,0.193,11.293228149414062,0.318,33.44785499572754,0.02010393447218899,30.0-100.0,-481.1156958874878,-1854.1583407176051,43.89791880278423,10.635955749156075,2.3906713849828716,1.5443282555395967,0.05482045088967218,0.717946593345007,0.21369164840584126,0.15570659441568369,0.4871417435408575,0.2851038384265507,0.07837918469692715,1.014257774682184,1.8812214158092497,0.030847093,3.3465471,8.0,4.25
ds005291,sub-029,5,Cz,1000.0,-21.76561737060547,0.175,20.628694534301758,0.359,42.39431190490723,0.03455179651302631,30.0-100.0,-5302.693877346195,-232.4467186864727,18.947908272356884,28.481388727118247,5.963343792035763,1.425254524589313,0.08874005830347725,0.960327181994603,0.2802141697890976,0.4648759035476849,0.49048622252781365,0.27165934612496767,0.09760096172373113,1.0154592284482349,1.8985356835925384,0.041600436,2.0970893,9.0,4.25
ds005291,sub-029,6,Cz,1000.0,-6.167214393615723,0.187,2.18424129486084,0.527,8.351455688476562,0.045889150194349235,30.0-100.0,-99.63267314356855,13.77553926150574,0.9279004675434379,3.497804706289818,1.0016351508247467,0.36818737765726584,0.05994921233121113,0.312405336140615,0.23155878052338658,0.41730908032358316,0.5027406867126375,0.3119452060519048,0.146087105286464,1.0242157914124743,1.8269652464913606,0.058383767,1.8570281,6.0,4.25
ds005291,sub-029,7,Cz,1000.0,-20.668163299560547,0.163,0.6871452331542969,0.323,21.355308532714844,0.012305198087022509,30.0-100.0,-9677.015475181237,-620.0498283338608,28.427615149833514,15.71022789433317,5.112090597671355,1.7708253227050237,0.03450637299232105,0.8996835788425372,0.5461356365979467,0.5472550646097594,0.49363362030948704,0.2731916724460905,0.11386286226512647,1.0173716816370306,1.8927156886852416,0.039942812,2.6312816,8.0,4.25
ds005291,sub-029,8,Cz,1000.0,-30.053054809570312,0.15,11.941020011901855,0.345,41.99407482147217,0.11370413252204202,30.0-100.0,-2352.0705514632655,-1265.5675610525045,38.796521185770146,32.60300453177567,11.302944293429658,1.7702718855571276,0.10625000027901146,0.9184889400706635,0.505342888210344,0.29705289775822213,0.4740726400019779,0.2629706322825974,0.08406119696050521,1.0156734889043912,1.9187150219384825,0.040466875,2.1405003,8.0,4.25
ds005291,sub-029,9,Cz,1000.0,-6.859160423278809,0.266,7.461119174957275,0.467,14.320279598236084,0.03640224099457606,30.0-100.0,91.81286102531064,72.84477258985874,2.620041238084088,4.2842562402392845,0.17224815358861567,0.8148186851487172,0.10123173208321072,0.9521595882609186,0.15424142589399506,0.23010493202277674,0.4831185365509598,0.33581008933454765,0.17827747673072464,1.027623240243851,1.8150534476181182,0.054150794,2.3058486,6.0,4.25
ds005291,sub-029,10,Cz,1000.0,-5.276155471801758,0.334,6.5500054359436035,0.538,11.826160907745361,0.01720732395974135,30.0-100.0,-227.34185806588746,-132.19215159190375,0.6365735211991576,2.0963454683136593,1.4620409755410417,0.8879575736771083,0.04108576752087298,0.6886420943143511,0.39150935773082934,0.32270379573226604,0.5030655964871028,0.3318094174633153,0.21258656161592268,1.0278360553480304,1.8121262378635719,0.059666105,2.070768,5.0,4.25
ds005291,sub-029,11,Cz,1000.0,-14.639976501464844,0.15,11.094748497009277,0.3,25.73472499847412,0.08783149538537054,30.0-100.0,-1522.8844076460498,-266.8506515808511,47.17258449135292,37.6762184795079,4.570430345196573,1.0061918945980985,0.14754138457177848,0.8982112325023975,0.3521188836302208,0.4712979219024964,0.47198948262545115,0.2565936107014775,0.08172923741048695,1.0127563406920725,1.9306539801129876,0.035528604,2.6781209,9.0,4.25
ds005291,sub-029,12,Cz,1000.0,-22.34279441833496,0.174,7.49306058883667,0.319,29.83585500717163,0.05313574358929128,30.0-100.0,-10133.312923661279,-393.2308635857509,26.954404257246182,12.669473324181899,5.231268265668084,1.8703611836366596,0.04829472102566183,0.7323643374633813,0.45045465729683104,0.04657695594214308,0.5018971159426056,0.26416360602816685,0.10735578281015573,1.0243606837794448,1.814230114156243,0.04360951,2.6066594,8.0,4.25
ds005291,sub-029,13,Cz,1000.0,-22.277450561523438,0.154,7.091109752655029,0.331,29.368560314178467,0.03595192360520495,30.0-100.0,-3290.351135754373,-23.01622586109709,34.656704596753386,24.675018911753323,2.951733941640229,1.287261019982852,0.06270118496614073,0.8062775082533413,0.31440809165882405,0.16749085749282006,0.4808452940849031,0.22402515410614884,0.10594780645236702,1.0150593742163625,1.9308952204122867,0.038895156,2.380212,9.0,4.25
ds005291,sub-029,14,Cz,1000.0,-9.999366760253906,0.15,8.269139289855957,0.318,18.268506050109863,0.011940551480060733,30.0-100.0,-6155.663502600523,-169.10500843620972,15.746592416879736,16.940258716240308,3.146243479090447,1.12506749726559,0.048169935784184534,0.8586489318582794,0.5695877717254134,0.36078489371409106,0.4962708119760755,0.3019082040896466,0.14223519087440586,1.0183475959526034,1.8836371659202793,0.044369053,2.521625,9.0,4.25
ds005291,sub-029,15,Cz,1000.0,-24.471101760864258,0.185,7.70065975189209,0.384,32.17176151275635,0.0027771346789969547,30.0-100.0,-1117.4455663813053,-1.919148887612503,32.58304087885477,28.464419463366163,3.1058367891660947,1.248945764779681,0.010406357060671306,0.8796072050757201,0.6075265975883509,0.3018491597543962,0.4663868429488599,0.26607484010766014,0.09653727968891604,1.015621925207008,1.8325458571815996,0.03708143,2.6409826,7.0,4.25
ds005291,sub-029,16,Cz,1000.0,-10.504928588867188,0.15,6.65177059173584,0.541,17.156699180603027,0.011946833711064062,30.0-100.0,-898.5987587417343,-143.08708738333456,35.60942841422941,40.819302515501974,1.5769555552818137,1.4492324352513513,0.05414688921237344,0.8440337250985201,0.8042428792410601,0.3631163811113734,0.4797414203676117,0.25247617317257887,0.09703886704791753,1.0181396522025805,1.8583297549661228,0.037950937,2.5222518,10.0,4.25
ds005291,sub-029,17,Cz,1000.0,-30.311687469482422,0.15,3.748175621032715,0.356,34.05986309051514,0.044235019885637675,30.0-100.0,-22237.981697886305,-408.4862945983522,40.42673481423635,15.56601455552993,8.698523176893936,5.147380636515019,0.04495229614281725,0.8097271153823379,0.5082059388907791,0.3727183461874855,0.493563000775224,0.30532311663402495,0.08873974032874112,1.0226638525150313,1.8425525675561536,0.04174266,2.5220253,9.0,4.25
ds005291,sub-029,18,Cz,1000.0,-18.64337921142578,0.196,7.642313480377197,0.484,26.28569269180298,0.023169306041486325,30.0-100.0,-359.7653984335826,-798.9667481239189,7.232016119919924,6.6665053764538005,4.565553382022531,2.731189185486782,0.04422122608439482,0.7629700021626397,0.37791904254469993,0.3396005513389983,0.4791911883387542,0.32725308245630585,0.13030314797801087,1.0229056765250382,1.8354291273213716,0.050927117,2.0911121,8.0,4.25
ds005291,sub-029,19,Cz,1000.0,-11.76269245147705,0.207,19.451641082763672,0.408,31.214333534240723,0.08663864868812102,30.0-100.0,-586.621676274431,-867.327896303975,13.03963285439816,7.1772629359983044,5.123185000065031,1.8403328041423042,0.09916300404338803,0.8014147929268789,0.44220210853383674,0.3928824516111361,0.49760968149484813,0.32654476427878015,0.10906317311235633,1.0186996553320058,1.8971508022353019,0.044291172,2.2543714,7.0,4.25
ds005291,sub-029,20,Cz,1000.0,-23.07802391052246,0.15,-0.8649880886077881,0.327,22.213035821914673,0.08251593860927178,30.0-100.0,-102.21708795012032,-1268.2804660431286,16.635093519610912,23.209926952400163,1.1229264021713645,1.8138684421265032,0.1417169984657682,0.5706988236103155,0.41964983198495975,0.17712608274324002,0.4913607427328848,0.24446873685203643,0.10753659938752469,1.0225713610141225,1.953009943012179,0.040133644,2.7025998,10.0,4.25
ds005291,sub-029,21,Cz,1000.0,-21.860149383544922,0.153,7.388916015625,0.358,29.249065399169922,0.1529303428845448,30.0-100.0,-2113.26658410216,-1154.7173495973489,26.468142552857394,7.018486217706236,8.477233093930664,1.8339082950128696,0.31055234371874424,0.7810243703913409,0.3529659857087185,0.33193353933115755,0.4957261619703082,0.30463611749992353,0.11663083820916528,1.0266698386454653,1.8707613982463562,0.046482977,2.5450797,10.0,4.25
ds005291,sub-029,22,Cz,1000.0,-29.127952575683594,0.172,5.76544189453125,0.367,34.893394470214844,0.09018155709810144,30.0-100.0,-443.0286587466706,-185.40156833994243,41.66796786935956,20.369991213579418,4.077265979711805,2.1114039692725908,0.07615589328015253,0.6893413117811378,0.19826785624572715,0.4054684789092455,0.48443378412438143,0.26937357302389775,0.08231686852747089,1.0181885662303203,1.878832688865453,0.036775872,2.7706463,7.0,4.25
ds005291,sub-029,23,Cz,1000.0,-7.279340744018555,0.201,4.525632381439209,0.436,11.804973125457764,0.031647717537773325,30.0-100.0,-147.0658153634763,-398.2250648783738,2.2526560030819702,3.020437390902198,0.5607992476813668,0.7973488949479061,0.031313969384574265,0.5891754990236054,0.15785615211520726,0.3372568748354669,0.49615004579082295,0.32803379182036885,0.1646155219996901,1.020226550201734,1.7957482065923247,0.05678828,1.8485713,9.0,4.25
ds005291,sub-029,24,Cz,1000.0,-13.07504653930664,0.173,6.444692611694336,0.421,19.519739151000977,0.052205524376461275,30.0-100.0,-491.27467017199126,-479.2289911529947,3.3930545377149164,8.840220485225766,0.9925117370952645,1.466012480239757,0.039855197330257865,0.8205770358696931,0.5585868637884708,0.09191327960932257,0.4779667171158118,0.29135912486476284,0.16239050524157528,1.0190661307405797,1.870859322768907,0.048521966,2.2847133,7.0,4.25
ds005291,sub-029,25,Cz,1000.0,-15.468570709228516,0.15,1.52640962600708,0.306,16.994980335235596,0.014356025968599884,30.0-100.0,-5.418648152977283,-536.411000164419,40.23223182602013,16.005620575374554,4.006323486268851,2.436588316758914,0.020263503576950396,0.8236683040199432,0.5556819557045486,0.49883267862212266,0.4887461812687613,0.2939037816226055,0.09934183751157735,1.0215326110953038,1.8593076023707378,0.03959933,2.7854805,10.0,4.25
ds005291,sub-029,26,Cz,1000.0,-6.406644344329834,0.335,3.6390819549560547,0.535,10.045726299285889,0.028110062352796016,30.0-100.0,55.44571314177732,56.60584704688396,2.533045249032921,1.1830549856666455,0.26479787653214926,0.5056991714252351,0.103209721177972,0.4523879895867575,0.335634836227925,0.5085889460766294,0.5095630608870455,0.338210412367875,0.1372225056364873,1.0285631505912354,1.8057931375621703,0.050998114,2.4458103,6.0,4.25
ds005291,sub-030,0,Cz,1000.0,-20.22764778137207,0.191,20.30400848388672,0.35,40.53165626525879,0.15669697656490156,30.0-100.0,-50.64828141984666,59.98104339256292,46.55131171731388,8.034867531186864,27.510021158910604,36.885908322117324,0.9522711370670037,0.716266515521815,0.6259055979948773,0.23445989079987856,0.5097120139442236,0.40747914797996954,0.2731256746109841,1.0273344273057392,1.7574876245156066,0.078478985,1.7151667,5.0,4.0
ds005291,sub-030,1,Cz,1000.0,-30.659975051879883,0.15,1.5415711402893066,0.482,32.20154619216919,0.05255021481273001,30.0-100.0,-2116.678062433224,-138.61112841443835,23.289003065238383,44.95052650951253,39.430981867850555,30.788013659888975,0.09712570366804549,0.9137513125914507,0.8062571338502769,0.1944389836299785,0.49465753411139546,0.37173895715141114,0.2197226745959003,1.0256147801221156,1.787548028150173,0.065361634,1.8190808,6.0,4.0
ds005291,sub-030,2,Cz,1000.0,-35.53904342651367,0.198,-1.3132126331329346,0.469,34.22583079338074,1.3325135071528773,30.0-100.0,-32.67376634846267,-226.5848974520306,45.873366767637734,5.0421128262425645,0.6141218870514372,11.110211781471072,1.367457653211754,0.3833498282250264,0.6086545600992838,0.1440827640926842,0.5207650865546701,0.4042749193029651,0.20554569177927165,1.0404269490625864,1.6619571437322673,0.05896201,2.64548,6.0,4.0
ds005291,sub-030,3,Cz,1000.0,-7.641932964324951,0.193,18.108495712280273,0.43,25.750428676605225,0.7189169929668092,30.0-100.0,-43.999816558090565,32.96486315202099,66.96268773899226,18.361632487882382,14.824116269703307,14.831296466993837,1.2055183707234272,0.5130481408459373,0.36653063910198147,0.2762185821251345,0.5123336956594854,0.41000706693936906,0.18996820103364734,1.0333811397029473,1.7240018959747185,0.06097575,2.2619483,7.0,4.0
ds005291,sub-030,4,Cz,1000.0,-10.285562515258789,0.287,7.602561950683594,0.437,17.888124465942383,0.6672083546225512,30.0-100.0,-37.802360810894584,-72.16533229010376,30.425254830245038,12.325588526921582,46.95013175397018,18.02686533242563,1.9351070019617618,0.8485133379022064,0.43050542768733924,0.6465333144397717,0.5067908509232846,0.39280987837304787,0.25785290721026477,1.0296560927421128,1.7643659474931084,0.07422355,1.8508723,3.0,4.0
ds005291,sub-030,5,Cz,1000.0,-15.606271743774414,0.164,21.91140365600586,0.383,37.51767539978027,0.2396441405306567,30.0-100.0,-498.8164954868255,-104.8049321743749,12.372156623730252,8.957551401542636,6.852588166671905,10.897575105467066,0.29289512183403776,0.7509763559327775,0.3031358996390036,0.16815161244220475,0.5049351722745528,0.373229502985096,0.262287794631508,1.0355745837602957,1.7132341308052037,0.075700864,1.8718812,4.0,4.0
ds005291,sub-030,6,Cz,1000.0,-37.611934661865234,0.194,17.07396125793457,0.339,54.685895919799805,0.2952283657402793,30.0-100.0,36.24531473868852,-493.1108150234621,131.88835254123023,22.389881883424344,25.65366023123992,39.01159946913196,1.6499728951585553,0.5120388014200226,0.6124562146891851,0.207934004807596,0.5069040739960994,0.3483097288137932,0.17260538820625582,1.0323694111690132,1.8024951632638515,0.058240987,2.2601528,9.0,4.0
ds005291,sub-030,7,Cz,1000.0,-1.5737700462341309,0.18,21.772851943969727,0.309,23.346621990203857,0.2800181090001335,30.0-100.0,-164.76800112340212,-416.232949770005,128.6828213605976,49.083331845841315,31.421266570604587,16.395347004758396,1.1897583131878955,0.6138408216184429,0.5405083406996842,0.432925373112388,0.5047681777948798,0.3519235379675981,0.1388355828257508,1.027734077306281,1.7780400692054557,0.048363548,2.455706,9.0,4.0
ds005291,sub-030,8,Cz,1000.0,-1.6976687908172607,0.15,20.192630767822266,0.326,21.890299558639526,0.14188990054501932,30.0-100.0,-18463.443738229147,-261.72473798169284,106.92465186251387,45.11086234241955,6.405146219886499,11.72932136502038,0.42193724814867695,0.7352653657676439,0.4771753085368253,0.3809940458820649,0.5004570362824741,0.33410109526543647,0.13078696551603114,1.029213260428099,1.753911759209065,0.044757195,2.907868,7.0,4.0
ds005291,sub-030,9,Cz,1000.0,-8.2949800491333,0.15,15.9609375,0.3,24.2559175491333,0.6783975884140967,30.0-100.0,-57.64263630090819,-11.910615933939237,39.41359186542947,10.079073456098447,8.18086067394464,7.833230550029831,0.8167775585849059,0.44342335448211506,0.4452787678266451,0.6476912276778074,0.5121845284249787,0.38090819219317096,0.1829695974397933,1.0390253586894984,1.7580652076041259,0.0567994,2.46674,7.0,4.0
ds005291,sub-030,10,Cz,1000.0,-14.5387601852417,0.287,16.652576446533203,0.549,31.191336631774902,0.13407367916717072,30.0-100.0,-135.68176360194735,-10.865989802327825,2.0596766710016756,6.047124867963208,5.224230683736344,5.374346891796416,0.32235338970603916,0.41683393539889296,0.6899930784508045,0.4261648923644785,0.5037135976021442,0.37347729435177984,0.23878240659712047,1.0312949183884745,1.766499792935808,0.066216916,2.0895784,3.0,4.0
ds005291,sub-030,11,Cz,1000.0,-13.408085823059082,0.187,21.22696876525879,0.452,34.63505458831787,0.7760822125537972,30.0-100.0,-213.88018507694176,27.4082973574025,40.214082377070724,6.633034159949299,12.621062180310581,19.61624150998585,1.5845827024646042,0.687164257269938,0.7334324438763271,0.5032706773926959,0.49438296680110705,0.394911505423373,0.21487773611463432,1.0296031466585724,1.7244107214202662,0.06432592,2.1500525,4.0,4.0
ds005291,sub-030,12,Cz,1000.0,-17.46405792236328,0.174,18.975528717041016,0.3,36.4395866394043,0.7441938305896364,30.0-100.0,-4987.981634102768,-31.23971986521997,68.60429888692468,25.391641917424515,19.375499953969594,12.69331913478631,0.794466823213989,0.2816765338920015,0.5938631044805558,0.2306526639013454,0.49608496878049396,0.3234829855972157,0.17129439030422008,1.0267637610786096,1.7513620890794492,0.053245068,2.4251785,9.0,4.0
ds005291,sub-030,13,Cz,1000.0,1.8028216361999512,0.16,22.996109008789062,0.311,21.19328737258911,0.6830933995430555,30.0-100.0,74.66306908469086,-188.2358689289771,18.41363896275731,11.04065117640183,3.4114737952589067,6.0412301769796395,0.9624014985699473,0.5851899436150527,0.36034369654913795,0.28159844838726616,0.4927589739402572,0.39790342815224167,0.19323777905777004,1.0354780661140752,1.7213680098118649,0.06304526,2.4271054,4.0,4.0
ds005291,sub-030,14,Cz,1000.0,-7.139205455780029,0.259,11.668298721313477,0.316,18.807504177093506,0.11363897523731155,30.0-100.0,73.5276099212532,-389.13873464056866,10.67235573018166,8.317217445796917,3.8853128265990535,11.877186120912581,0.45204444064188215,0.5475816711278128,0.1879188208504222,0.1636948092206408,0.48559103817413724,0.386795427498612,0.24864114045628422,1.0249988664034844,1.7628824143826112,0.07312541,1.7319163,3.0,4.0
ds005291,sub-030,15,Cz,1000.0,-12.33189582824707,0.183,18.994163513183594,0.437,31.326059341430664,0.07770371596517989,30.0-100.0,-190.08405367273903,-13.561010548020954,31.538382222199942,30.8259107693451,19.04048242262015,11.660244981536062,0.16619244886927817,0.29349368440557744,0.5940834885933935,0.11356074492009698,0.5029859806312388,0.33447912955725456,0.17684621665705072,1.0270900998553463,1.8258873458111324,0.052370053,2.3469932,4.0,4.0
ds005291,sub-030,16,Cz,1000.0,-16.644515991210938,0.15,17.9088077545166,0.384,34.55332374572754,0.15933796953558638,30.0-100.0,-212.92200443352823,-1485.487240560893,154.76790331841573,80.90843662173052,29.796002310732753,24.192946070968507,0.3521505030214365,0.705465050811075,0.4857721607365904,0.546520281885466,0.49054261645368596,0.32183961701457303,0.1125560017044165,1.0273968403077922,1.751949251868316,0.04881476,2.349516,9.0,4.0
ds005291,sub-030,17,Cz,1000.0,2.7310569286346436,0.15,29.01027488708496,0.341,26.279217958450317,0.30797132756234274,30.0-100.0,40.57458429638004,-175.0820036425577,60.984870834435256,37.27435324750385,31.086095033025366,11.086084816881872,0.41050330218959213,0.5547519133319747,0.5650528686352321,0.25140838442380076,0.4912661092784303,0.33150305775862227,0.13389964893507356,1.0208414402835522,1.8757146569028582,0.04775683,2.4303586,7.0,4.0
ds005291,sub-030,18,Cz,1000.0,8.689127922058105,0.189,41.52505111694336,0.313,32.835923194885254,0.1644844690232941,30.0-100.0,-10712.290130500847,-252.19688599206168,177.874710133814,45.053253427859005,18.27533501763719,14.070698584158073,0.35148421659447254,0.7965259913913869,0.6024213115043063,0.5625684883325522,0.5006286221201957,0.34704605108144504,0.11980044037018814,1.0249230926177382,1.7718020330729547,0.042931754,2.8034227,8.0,4.0
ds005291,sub-030,19,Cz,1000.0,-23.21929931640625,0.15,32.371517181396484,0.427,55.590816497802734,0.09506270627208076,30.0-100.0,-1432.7830343579774,61.54490896721766,192.55421561221038,20.945904389867245,4.479845012067822,9.628735830000581,0.3639712011346252,0.5174108427286869,0.6609491772849534,0.24882259022312364,0.49059994884841607,0.32155863661257433,0.09509760380760582,1.0223354318424938,1.7936227783401222,0.03489024,3.441817,10.0,4.0
ds005291,sub-030,20,Cz,1000.0,-0.06004738807678223,0.336,12.481914520263672,0.315,12.541961908340454,0.2057982939321036,30.0-100.0,-802.390309158035,-203.19406285239822,76.30888656294438,19.13799323993306,30.386545285003688,14.928903897912072,0.5970079327656947,0.4596533246311492,0.25855786175332107,0.3723882763797383,0.5123586073890186,0.34729193299368677,0.16413976357970347,1.0294778775942754,1.7679636684720292,0.051254027,2.4979231,9.0,4.0
ds005291,sub-030,21,Cz,1000.0,-11.772812843322754,0.15,5.174948215484619,0.413,16.947761058807373,0.33221876287275176,30.0-100.0,89.6730118925149,-527.5845602005385,53.55878992959211,24.323122085926933,4.753233986874663,13.833373479057226,0.39408684893203205,0.5899778209180958,0.6245436742749073,0.05695428401288277,0.4762482828705411,0.36743442899116485,0.20925178391384744,1.0222061394728932,1.8080635967767364,0.058074884,2.1483738,7.0,4.0
ds005291,sub-030,22,Cz,1000.0,-5.984012126922607,0.221,17.255186080932617,0.34,23.239198207855225,0.5590546030373765,30.0-100.0,-328.9164959923083,-150.11078377308206,21.098621677479123,26.274512795840984,34.40781888633669,7.67677432788199,1.0496772993087016,0.7800994798015192,0.552348950410949,0.09579883007407647,0.4996536882853849,0.371854975810305,0.22543019063638592,1.0312812190428988,1.7808016670841909,0.06451649,1.9924368,5.0,4.0
ds005291,sub-030,23,Cz,1000.0,5.390288352966309,0.179,13.141698837280273,0.3,7.751410484313965,0.49728538962734087,30.0-100.0,-55.77152884658948,-123.25354391630268,102.24179978111343,14.408297861588252,16.87143116230176,9.130245887082108,0.6522687989740868,0.45341771140455855,0.4820728259070176,0.5297356474998645,0.5010685041873175,0.33683435331170947,0.14222605664725918,1.0342278773159763,1.7925262300553222,0.04752217,2.8914459,8.0,4.0
ds005291,sub-030,24,Cz,1000.0,-10.409524917602539,0.15,18.11532211303711,0.546,28.52484703063965,0.030986817337872438,30.0-100.0,66.49751909025244,38.715083356611444,11.03210766757368,8.778388968583084,1.5423242643591304,6.3601051282538705,0.19052759817552362,0.5951427566674103,0.7799504277642715,0.5596105369228864,0.5025413996404365,0.36887856782621414,0.22690383479061027,1.0307294773162,1.762371178242495,0.06494506,2.0827904,3.0,4.0
ds005291,sub-030,25,Cz,1000.0,-1.0058794021606445,0.186,13.407632827758789,0.317,14.413512229919434,0.08685570051368571,30.0-100.0,71.79345238484325,73.15704436814926,100.68641095261992,38.4750884857347,14.327016443047219,8.72845112343012,0.7405040437291129,0.46324806118499634,0.34003646895009226,0.3405838257584925,0.4946960995642984,0.36246490207673937,0.11978316451043791,1.026209552615091,1.7796638547904151,0.048610773,2.7044773,10.0,4.0
ds005291,sub-030,26,Cz,1000.0,-11.273386001586914,0.15,12.510650634765625,0.369,23.78403663635254,0.722330604578944,30.0-100.0,-13.487323842899432,55.35385437807202,15.091300142988908,18.096492504835393,21.465155975138572,6.066750768121418,1.3792199845660176,0.8735064331101988,0.28674815346710825,0.40968599853402954,0.5003645044611074,0.3772580984180336,0.23912846112683656,1.0293194342716878,1.8047538165869426,0.06509451,2.089106,5.0,4.0
ds005291,sub-030,27,Cz,1000.0,-12.121482849121094,0.219,17.517789840698242,0.326,29.639272689819336,0.14061902480343427,30.0-100.0,5.879682757726572,-550.5266107607342,7.0906110132706415,33.14308691501087,7.271159634606024,14.563229633753625,0.2322789725129202,0.3610935440132066,0.8473276323442607,0.12399269876714825,0.5205365578814374,0.384090522924426,0.2580101867131876,1.0350332351562832,1.7430478763270107,0.071261644,1.8919147,4.0,4.0
ds005291,sub-030,28,Cz,1000.0,-3.5868892669677734,0.318,8.121116638183594,0.3,11.708005905151367,0.30476390284687593,30.0-100.0,-630.8474423949878,-291.00240512938103,45.767603121640015,19.417509254684195,21.621386562944387,7.1402650190048025,0.3296924796838892,0.23824853478268235,0.5902737560801272,0.18770204194670181,0.49887465772891754,0.337647316728605,0.18035509082219064,1.0291177064668593,1.7442678231313424,0.053259123,2.5007584,7.0,4.0
ds005291,sub-030,29,Cz,1000.0,-27.739830017089844,0.301,15.885628700256348,0.351,43.62545871734619,0.5340676842314277,30.0-100.0,-462.8588582006437,-362.15675849342256,2.24096614962545,8.661191550793575,17.128535566001826,21.148573032494525,0.9271081251779212,0.3864313064401594,0.3947242317567808,0.4297912064426227,0.5027177661286368,0.39289942351800416,0.27247092572511156,1.0286265773025443,1.7841134843879876,0.07754316,1.7335558,,4.0
ds005291,sub-031,0,Cz,1000.0,3.0566558837890625,0.299,10.546192169189453,0.316,7.489536285400391,0.3474404142933732,30.0-100.0,-1475.4537481117459,-249.97441111454714,15.250047224343284,3.67709567623583,2.2090990985273384,5.5237483774848295,0.9429396084855011,0.5489937953766817,0.48022148846866347,0.07599743730103754,0.5139780693882868,0.40675220411986396,0.25670262919578485,1.0398685047563074,1.6516537069766515,0.0704031,2.270385,6.0,4.25
ds005291,sub-031,1,Cz,1000.0,-5.092034339904785,0.196,20.168155670166016,0.526,25.2601900100708,0.14676026386870783,30.0-100.0,15.425489627534809,-2.3690202717367277,22.48129860542458,3.6255522123584476,3.937171381401036,7.205114583097207,0.2835966809576038,0.4470496606098893,0.5636340727743873,0.17275695519517242,0.5165454152044514,0.39758490867587837,0.2296210903636944,1.0384642958284767,1.700450272991599,0.064655855,2.2506824,7.0,4.25
ds005291,sub-031,2,Cz,1000.0,0.23738574981689453,0.202,15.876020431518555,0.321,15.63863468170166,0.03794782917853736,30.0-100.0,76.49403204401574,-446.3637418951546,19.839193659537905,7.711608851789501,6.144705080694946,7.528916596704793,0.2172857795066031,0.4818813949729027,0.5778229649440921,0.40820210087810954,0.5018982094424789,0.3436227072047958,0.21776685814885527,1.031038563016984,1.7488309016855574,0.061516516,2.2580585,7.0,4.25
ds005291,sub-031,3,Cz,1000.0,-2.031909704208374,0.171,14.335712432861328,0.332,16.367622137069702,0.5348530694316538,30.0-100.0,-114.49728777792501,-238.1743062000095,10.687052211274581,10.04808142235488,0.42381895071393766,5.0311506737217915,0.6992542647550462,0.6206911736769903,0.6922416415909637,0.2726065585779581,0.5260244144603136,0.38517893642417156,0.26218672341065546,1.0474440111037213,1.690035746348401,0.07094729,2.3410842,6.0,4.25
ds005291,sub-031,4,Cz,1000.0,6.5071563720703125,0.302,18.392484664916992,0.326,11.88532829284668,0.015110430985347055,30.0-100.0,-168.26604685573957,-349.549601106118,53.4799768445759,8.053673623536985,3.7452067175133767,9.249527118976056,0.049546521510120387,0.4134419721822707,0.5317781946442596,0.4687974144857147,0.49536636226498726,0.36047576208036264,0.13971029279269587,1.033848854618496,1.7251633280277232,0.047498222,2.8062315,5.0,4.25
ds005291,sub-031,5,Cz,1000.0,5.756054878234863,0.165,27.389690399169922,0.3,21.63363552093506,0.24674387843675644,30.0-100.0,65.34684108536318,-51.37952723874793,20.024775400278173,3.0854844822073884,1.7364398223843083,5.534063731128976,0.37649425513215845,0.620451486965744,0.4999448494828351,0.3866286897443637,0.4993669561462779,0.40358401951447237,0.14895077156401587,1.031305667887056,1.7302451915361055,0.049983,2.7677584,6.0,4.25
ds005291,sub-031,6,Cz,1000.0,3.099116086959839,0.194,23.71999168395996,0.3,20.620875597000122,0.11986321471020422,30.0-100.0,-1069.2974646256534,-344.3870824931283,62.456387129263916,5.876858610159546,8.810940116941598,9.53952796533952,0.18027380772886306,0.6085371242679976,0.7928619872660648,0.5876677694512334,0.4954940276814092,0.3867580225750242,0.1785934526478759,1.028119898977511,1.7904665504868773,0.050841693,2.4267333,8.0,4.25
ds005291,sub-031,7,Cz,1000.0,-6.37139368057251,0.178,11.725544929504395,0.311,18.096938610076904,0.11619388621577104,30.0-100.0,82.84002081071299,-123.06448179114614,23.706393818744147,2.9010784612776304,1.2016261655932388,7.785328104678586,0.38525789694049833,0.18308277262243206,0.4042403030492413,0.32163810610763444,0.5200698628489151,0.3627022682071762,0.2123238070977535,1.038911682966012,1.7178431812823254,0.062621035,2.3208067,5.0,4.25
ds005291,sub-031,8,Cz,1000.0,-2.729597568511963,0.184,25.578615188598633,0.49,28.308212757110596,0.1128539066997264,30.0-100.0,-90.41425261366298,-174.62753370110593,16.530343086420498,2.7346468792109846,3.0269609571958602,7.804592300235366,0.2460726862784065,0.41039054924081475,0.6088663801194467,0.4629575282697976,0.5145240295383258,0.4120487395878229,0.2004033515225827,1.0369773951840406,1.7509005611737052,0.059766077,2.4774885,7.0,4.25
ds005291,sub-031,9,Cz,1000.0,2.4178266525268555,0.182,12.245071411132812,0.317,9.827244758605957,0.16455570670453937,30.0-100.0,-91.15829778403725,50.7098828599977,14.396514003469994,6.36394240879986,4.3899732477524696,4.883847787529726,0.5068939701053234,0.5286634493943307,0.5244995944686233,0.34249037308501457,0.5075838508121016,0.404599594606616,0.2341333442234298,1.0367319962101313,1.7254437976993375,0.068414375,2.0674725,7.0,4.25
ds005291,sub-031,10,Cz,1000.0,-13.991500854492188,0.19,11.275657653808594,0.302,25.26715850830078,0.6835856304916103,30.0-100.0,74.73467777612993,-125.87428023272085,17.58276423921066,4.49063662815835,8.00637240944374,14.469843395012994,0.7759908010305404,0.5295519150037756,0.9217979660732896,0.5297983996782226,0.5042105981323847,0.38005704443575616,0.24954123888189766,1.0378792027508386,1.7749110763526752,0.07287882,1.8395149,4.0,4.25
ds005291,sub-031,11,Cz,1000.0,5.822421073913574,0.35,27.32686996459961,0.3,21.504448890686035,0.19418183030929337,30.0-100.0,-15.58924911417034,-6.371961531959858,49.20148902410408,3.3274326684339997,2.8052714371125513,6.622233902508357,0.21359484129037612,0.19513752262268325,0.7680623393212819,0.3112612226037377,0.4902851545980328,0.34599302257424,0.14961696181928458,1.0245520855875712,1.7933213273739839,0.045735713,2.6999443,6.0,4.25
ds005291,sub-031,12,Cz,1000.0,-14.412115097045898,0.152,19.593000411987305,0.338,34.0051155090332,0.2095070256469187,30.0-100.0,13.487763942808847,-321.1457344251002,29.021438827260617,3.893474726777493,3.7596301153947174,19.27228296768916,0.8948008403866791,0.7417668361513007,0.7397285546263447,0.6842724336502372,0.49344373796173446,0.3951860908202548,0.2653058288539472,1.0324685115766536,1.7538350074175502,0.068666436,2.0981386,8.0,4.25
ds005291,sub-031,13,Cz,1000.0,-12.82115364074707,0.15,-0.699480414390564,0.307,12.121673226356506,0.11509829087422471,30.0-100.0,-2289.376483569339,54.65423013825902,7.0042022722013515,2.43943833749117,3.6730774565621567,10.517993724835696,0.3239535977096654,0.4933122895096905,0.7241259354593702,0.1384941556923086,0.5193247671948109,0.43107921901187796,0.2756876873049036,1.0381480346004177,1.696196096575728,0.08317353,1.7838091,6.0,4.25
ds005291,sub-031,14,Cz,1000.0,-3.0178627967834473,0.183,18.65202522277832,0.317,21.669888019561768,0.07534279788484291,30.0-100.0,-254.15998068620982,-18.522871275033744,40.69549950060913,2.180699966062319,4.4547914135601605,9.337906600632492,0.2450666593586733,0.47983821030352186,0.6617832296652035,0.10679652829990104,0.5120594575500086,0.3605177755675525,0.16178345120140591,1.0277861149121716,1.7926018949771205,0.050020397,2.608046,8.0,4.25
ds005291,sub-031,15,Cz,1000.0,-13.344263076782227,0.15,21.134952545166016,0.346,34.47921562194824,0.5662891473471507,30.0-100.0,-269.58182949296787,-732.2191912570303,58.03544301700909,11.272675453888853,4.157707938608132,8.179494894040412,1.4924965243630839,0.5830484932929604,0.753033641389256,0.5263293325054592,0.505690122867058,0.36012851670887636,0.18317675572412653,1.030170621309607,1.7793447708042542,0.056998342,2.3941815,4.0,4.25
ds005291,sub-031,16,Cz,1000.0,-20.092453002929688,0.152,19.051233291625977,0.311,39.143686294555664,0.1640025247915569,30.0-100.0,-1979.035480152995,-780.8343269360832,18.550953245850963,6.472629460854484,3.2306803714951187,22.91891264928697,0.24039582763652867,0.5248157673227661,0.5210323325540991,0.37954394127709745,0.5063413464328944,0.3812740260807571,0.24072858365157132,1.0271534041928985,1.7273122847432434,0.070776254,1.830585,7.0,4.25
ds005291,sub-031,17,Cz,1000.0,-9.288569450378418,0.15,7.687751770019531,0.304,16.97632122039795,0.2803304895288042,30.0-100.0,65.91897854142101,-57.95957582640972,16.653196396229667,3.1014742385534024,2.593207835621892,5.814419548698059,0.5313071516444793,0.26084846022378383,0.770231679119877,0.2535768877855075,0.5204158138310049,0.3889293026220904,0.29700149875184306,1.0408967721997755,1.651352728397602,0.07851775,2.0335672,6.0,4.25
ds005291,sub-031,18,Cz,1000.0,2.8416976928710938,0.315,20.00252914428711,0.533,17.160831451416016,0.22856298906377384,30.0-100.0,12.606327928098032,-344.8380134677227,8.380349018465267,11.697291004803283,2.419678703132401,5.249654661272793,0.37673671585883367,0.4967799756654577,0.6115168514113674,0.20498101393231105,0.5068091780194584,0.39213673737345756,0.25533776119524676,1.0332180587400113,1.735362068537784,0.06913279,2.123892,6.0,4.25
ds005291,sub-031,19,Cz,1000.0,-9.357791900634766,0.165,9.83737850189209,0.3,19.195170402526855,0.13010303172279122,30.0-100.0,29.411287852163664,-77.99510519905778,8.315492549561766,4.143086145244348,7.264731991436583,15.97390104742611,0.24666522311740105,0.5700609580033134,0.8602640095609144,0.24746609764028663,0.4907843261399015,0.3810549175066828,0.22933387294235533,1.0242727115412296,1.8076464498656086,0.07026404,1.8210446,8.0,4.25
ds005291,sub-031,20,Cz,1000.0,-15.505725860595703,0.206,18.295764923095703,0.311,33.801490783691406,0.28434799307094316,30.0-100.0,86.26731776856263,-196.35755942382957,17.059335168802512,6.907519494719829,1.2446915137516399,8.54208240167679,0.4132007333703468,0.31289648828925276,0.8131630576033643,0.2956610188265991,0.494788264991094,0.361995511506763,0.1975589368468011,1.0287070129097444,1.7626224163475555,0.060599074,2.3070788,7.0,4.25
ds005291,sub-031,21,Cz,1000.0,-14.969440460205078,0.35,17.00469398498535,0.313,31.97413444519043,0.587289437383353,30.0-100.0,-692.2501456022623,-1938.764821586856,1.3496561201245882,3.2644207019784743,5.920284331572568,19.124481012501015,0.746851130688264,0.7025235140027181,0.779956724193869,0.699604229545611,0.5160958095318569,0.37633755911692457,0.31060514652204485,1.0314186827493559,1.717369353071228,0.08543259,1.5769005,8.0,4.25
ds005291,sub-031,22,Cz,1000.0,-1.0213031768798828,0.169,18.66344451904297,0.308,19.68474769592285,0.45294233716227533,30.0-100.0,-3006.4185576103,16.64240848576042,18.97075782208543,8.54699130063581,1.252396687551026,2.457967708166379,0.4509896185674756,0.2225577749374749,0.7533319687095454,0.43427333157899084,0.4882835569146637,0.3193291704474873,0.18029565037031786,1.028188896986911,1.779024196296303,0.051860094,2.5245802,9.0,4.25
ds005291,sub-031,23,Cz,1000.0,-18.28199577331543,0.328,3.279872179031372,0.3,21.5618679523468,0.13377925796320103,30.0-100.0,64.42098636659209,-35.0836483449115,19.141101943004408,9.832793480812777,2.388153568356733,13.605976057601692,0.38978353510959385,0.4044626085862198,0.7740692196752309,0.5282804487790027,0.4906895432317608,0.36151411276791356,0.20654976077350667,1.023040623124409,1.752968765033437,0.058096066,2.149309,8.0,4.25
ds005291,sub-031,24,Cz,1000.0,0.6316967010498047,0.19,22.694660186767578,0.305,22.062963485717773,0.0072802863366683524,30.0-100.0,-267.5807053480914,-290.5191833771998,16.496479445107106,6.126345130103278,4.133020667204182,16.940996174873177,0.06919167897596949,0.47624069361442717,0.7004015193490692,0.26197342858667455,0.5030758049386981,0.3767987975403879,0.2103314885002625,1.0255340477823758,1.7731293447404977,0.06417537,1.9797304,9.0,4.25
ds005291,sub-031,25,Cz,1000.0,-1.0279064178466797,0.15,17.33275604248047,0.306,18.36066246032715,0.09018976623635361,30.0-100.0,-74.75830996326603,-375.17821569684435,14.341656561035427,3.3516296403654136,2.5818669438759043,7.873285888434779,0.22749136489436012,0.19766217573234882,0.6964212730709792,0.37928625198705407,0.5100731130798776,0.40777904129968606,0.23540361930865644,1.0345733903209064,1.6806534882159927,0.07029511,1.9683766,8.0,4.25
ds005291,sub-031,26,Cz,1000.0,-4.9995646476745605,0.15,19.479217529296875,0.3,24.478782176971436,0.26851411500491784,30.0-100.0,-216.83098151389396,-51.448658587912924,61.32053455687257,9.051954574246253,0.7572242706914853,6.827693544204171,0.36649674910875685,0.6696738114034331,0.5196835864769198,0.23733103728972352,0.5015848527571966,0.34518411832864193,0.13333438442076698,1.0337465538627044,1.705591602227042,0.0483112,2.9662092,5.0,4.25
ds005291,sub-031,27,Cz,1000.0,-12.682571411132812,0.185,4.391304969787598,0.3,17.07387638092041,0.298116851832473,30.0-100.0,69.81079900696777,-5.776809994549044,11.119492178354886,1.5674374633769481,5.410602301789177,22.059629134808997,0.30419011910674576,0.7032186542377269,0.7169566878011508,0.5158219172557406,0.4873301296824664,0.35579888463088155,0.31177469771619276,1.0239969995366367,1.8009344212753302,0.07880524,1.5046775,6.0,4.25
ds005291,sub-031,28,Cz,1000.0,-9.544069290161133,0.15,1.9075508117675781,0.3,11.451620101928711,0.06744572506847557,30.0-100.0,54.98549343815087,15.347601363445454,1.297333065862793,5.054279516857287,3.7572032272749523,5.356677634213597,0.11853520433271854,0.6870223189079137,0.5167164010566747,0.26357819529066084,0.4922759277484809,0.38615399302589964,0.2654765060162666,1.0284879528822568,1.7786979607128386,0.076488435,1.6100512,4.0,4.25
ds005291,sub-031,29,Cz,1000.0,-3.098452568054199,0.34,9.51625919342041,0.317,12.61471176147461,0.20869184602313706,30.0-100.0,73.58157103848771,-501.94145544751,20.76633868286268,2.554875681720484,3.474597760231194,5.596665940459377,0.3075440708042315,0.7229475295564481,0.6862343122806472,0.2245865750614213,0.500269306492516,0.3949312666391331,0.2862419542666022,1.0407918680184225,1.674038849511494,0.07526273,1.9141371,7.0,4.25
ds005291,sub-032,0,Cz,1000.0,7.909005165100098,0.208,46.325748443603516,0.421,38.41674327850342,0.20285131940094303,30.0-100.0,-484.7073995108558,-545.364444410791,49.92156605609381,10.123001748528516,10.581504954614324,30.008479241657994,0.7703127244149,0.6925489593190219,0.52653751005641,0.5189957090718786,0.5067810516531859,0.40285619529893774,0.1687947704767744,1.0297704554154417,1.7213183417528821,0.049611613,2.8674123,4.0,3.75
ds005291,sub-032,1,Cz,1000.0,-11.19128131866455,0.338,39.798667907714844,0.48,50.989949226379395,0.4413990833266547,30.0-100.0,-118.9578973248122,31.42712787292372,31.062258467425515,20.119734794794518,69.10800827991685,23.262059913491296,0.9161514754995176,0.6574992763183413,0.3504203425344713,0.27130165005098394,0.48987912438390546,0.3350623505508076,0.18040636334264287,1.0177183203426265,1.8313850943096348,0.05414556,2.002758,6.0,3.75
ds005291,sub-032,2,Cz,1000.0,-23.31978416442871,0.169,13.478767395019531,0.355,36.79855155944824,0.204912268249068,30.0-100.0,-95.54112326159346,-149.65800720237007,32.075784579498254,22.04890415221287,41.42962655798841,15.71044774848004,0.5207848030681,0.684241644736773,0.17841975943547142,0.5525251498453237,0.47854984578314463,0.3496686668768358,0.23604269742398784,1.0199189490732654,1.8055007136571113,0.06667187,1.727406,9.0,3.75
ds005291,sub-032,3,Cz,1000.0,-13.884215354919434,0.167,22.841846466064453,0.488,36.72606182098389,1.120123235829619,30.0-100.0,-1701.849094059729,-1456.2657410721552,48.364632931454196,29.24439115873584,14.404685727499437,30.441693572966287,1.6630290838646593,0.7155707363152447,0.41925859737285376,0.5407345221610825,0.5052756079376488,0.3947163232392785,0.25984978408816967,1.03276045265612,1.783555729769504,0.07421334,1.8258407,10.0,3.75
ds005291,sub-032,4,Cz,1000.0,-44.32359313964844,0.15,-3.1143312454223633,0.512,41.209261894226074,0.13886246460703833,30.0-100.0,89.91584007896898,-33.460626627860535,51.348200384175996,84.01618178491455,115.91486660939344,17.48533958732487,0.32986310672743757,0.6072051372321554,0.15627026686652917,0.31571937871102085,0.46525725104463495,0.3092305357134047,0.17431641989449548,1.0150531638971414,1.8874622168278798,0.054096624,1.7788885,8.0,3.75
ds005291,sub-032,5,Cz,1000.0,-29.962783813476562,0.15,15.095173835754395,0.367,45.05795764923096,0.38604146170097636,30.0-100.0,-496.20338841068127,40.282258866801776,10.22694139978068,75.12758998045247,97.8144138687591,15.451397535935886,0.8145017869600293,0.783617314885215,0.5793252609366435,0.45790568684194033,0.507696737348411,0.32398874751692003,0.2207915600025798,1.0271741868847348,1.7967605874835273,0.06717774,1.8361348,9.0,3.75
ds005291,sub-032,6,Cz,1000.0,-13.421581268310547,0.158,14.004371643066406,0.3,27.425952911376953,0.21707569375297447,30.0-100.0,-616.5260102007908,27.872160343687046,13.475901278750879,15.172255819830855,7.200817884536219,23.0033467797672,0.8955548090510713,0.45655818663682074,0.5253981641972325,0.4361043017083782,0.4971970008009502,0.4095960181626937,0.3261602819901943,1.0283760798347241,1.7436566501003592,0.08555814,1.6749712,9.0,3.75
ds005291,sub-032,7,Cz,1000.0,-24.89118194580078,0.164,22.339149475097656,0.362,47.23033142089844,0.11479744253366524,30.0-100.0,70.85806851056368,-1164.8216936740769,61.0679982108096,27.08300660373632,118.16585341780619,9.14049107213396,0.21565905644721575,0.6714109883644528,0.7556986069907583,0.6772965311423169,0.4601973049170353,0.27820421628164016,0.18942025718608893,1.0115347252581952,1.9286839502278328,0.05488283,1.5510347,5.0,3.75
ds005291,sub-032,8,Cz,1000.0,-15.62908935546875,0.15,22.391250610351562,0.55,38.02033996582031,0.17560999321300488,30.0-100.0,29.212495021229167,-385.86756935838,25.63958586122299,9.687827773946239,5.064738709706975,14.547753264583829,0.5763393324323514,0.533229432084602,0.14230141449640768,0.2258029688824059,0.5124265389561233,0.37840857354331575,0.24945780601465026,1.02912571119638,1.7548881614919254,0.072449215,1.8171973,5.0,3.75
ds005291,sub-032,9,Cz,1000.0,-15.540674209594727,0.173,27.920740127563477,0.338,43.4614143371582,0.26224770839496375,30.0-100.0,12.094151402570278,-352.9780794797388,34.95854516405112,27.91922629607239,42.19168933991191,23.388877726024578,1.0882932431666994,0.6994335727144972,0.5739188470356015,0.4775810233014368,0.4996909536582519,0.3392474154589338,0.22993873829054712,1.026692098643174,1.786223428314447,0.069117345,1.9382333,7.0,3.75
ds005291,sub-032,10,Cz,1000.0,-15.426904678344727,0.162,16.58629608154297,0.431,32.013200759887695,0.1257203372694381,30.0-100.0,-160.57803867086798,43.64998416406308,30.291522382763723,77.79877564221718,23.111689236267296,13.712218207008432,0.6635005379912056,0.7416966722461794,0.27700283665933484,0.6130253809911069,0.4981069997364108,0.3241039354924336,0.20171160322762507,1.0238962879621196,1.8680702522152686,0.05855139,2.1625786,10.0,3.75
ds005291,sub-032,11,Cz,1000.0,-22.911680221557617,0.15,24.54712677001953,0.522,47.45880699157715,0.9989255258569472,30.0-100.0,-49.70765841482418,44.60051214973747,22.223334995146992,62.332341726559235,93.75472074078932,25.170109206841598,1.490740344878212,0.8243943607746794,0.5363282610683904,0.06488902138346493,0.49706176667302016,0.3288059989401134,0.22799026156582103,1.0234891862124293,1.8151200347386125,0.06635468,1.7466711,9.0,3.75
ds005291,sub-032,12,Cz,1000.0,-13.663408279418945,0.227,22.419918060302734,0.355,36.08332633972168,0.06699563098976495,30.0-100.0,-310.2218755408986,-64.35753782918351,34.98509668483586,15.275641564656045,12.307998210555573,11.317624897591678,0.15464161901558088,0.6907240540279959,0.13373320874977176,0.6813426738794983,0.5031065108078989,0.3776014448273114,0.2308397491291713,1.0331090838934698,1.7923592576906158,0.066959225,2.0059996,10.0,3.75
ds005291,sub-032,13,Cz,1000.0,-11.356595039367676,0.245,5.320998191833496,0.319,16.677593231201172,0.23337208391027775,30.0-100.0,27.05030536046219,-845.0444830521444,26.077208058550937,1.7063571398583681,7.3747576010743225,12.28932552577123,0.2804575257408115,0.5401848627527711,0.4717791483929855,0.6430620506439949,0.5003543421787928,0.40995534467161887,0.16333544166736558,1.0345136777010926,1.7153291787585598,0.051175863,2.5513866,1.0,3.75
ds005291,sub-032,14,Cz,1000.0,-12.896591186523438,0.188,15.587010383605957,0.473,28.483601570129395,0.21188579370661992,30.0-100.0,-29677.81427444498,53.39948801457607,27.130838239629576,46.671955222956484,51.15998108828903,13.310774205692862,1.2808114570574707,0.8563201365655688,0.6393398027170736,0.4846922448210229,0.5071931553719189,0.3377366815651754,0.1917063194276289,1.0281937308000393,1.7938951738264337,0.061320208,2.0661452,6.0,3.75
ds005291,sub-032,15,Cz,1000.0,-0.38558483123779297,0.35,17.320716857910156,0.493,17.70630168914795,0.028155223271185584,30.0-100.0,60.03498494187285,20.033254359920242,5.191247815164953,7.716971946741711,4.208009061584464,6.095236450532964,0.7529804723074748,0.5247456557814089,0.586802113024519,0.2251369570370364,0.5185841155082809,0.4369311271930624,0.2650521070268101,1.0462236041259996,1.682450785074431,0.082265675,1.8763338,4.0,3.75
ds005291,sub-032,16,Cz,1000.0,-16.13382911682129,0.159,16.923261642456055,0.3,33.057090759277344,0.20614159437283017,30.0-100.0,-281.5070159553755,-92.56673405299102,8.740884482397487,8.075740308264118,44.22057455573046,7.40637408608734,0.28282113185274144,0.7580738082980034,0.7319249118258077,0.29006060532656,0.4955754741989823,0.3424912499137236,0.281378182785724,1.0270037298769839,1.8510421804186863,0.07281998,1.6586995,5.0,3.75
ds005291,sub-032,17,Cz,1000.0,-3.471677541732788,0.239,21.35677719116211,0.456,24.828454732894897,0.16770835018977714,30.0-100.0,74.45542486079219,26.24958373809897,3.938025427976009,5.294220958248227,1.2271436350988625,11.447485127009774,0.6115050223217143,0.6508930484833199,0.2766620362270404,0.39762179677105886,0.5131208998271355,0.4398948710459681,0.31560999807107554,1.0419617363348213,1.6560479346623036,0.08592959,1.7764251,3.0,3.75
ds005291,sub-032,18,Cz,1000.0,-31.682355880737305,0.166,5.636142730712891,0.331,37.318498611450195,0.30089541350662763,30.0-100.0,52.63581386787642,8.682200856546618,59.41116214460061,26.92252814306667,28.035260464057544,8.695039315176063,0.46526572907917796,0.7224263925816343,0.48865620174146224,0.4678040959319096,0.4876627587993469,0.30221793873546343,0.21703125508528948,1.0250820855801228,1.8316946144753947,0.058222957,2.036639,6.0,3.75
ds005291,sub-032,19,Cz,1000.0,-28.94933319091797,0.15,26.279064178466797,0.537,55.228397369384766,0.7028273218609464,30.0-100.0,7.378422801396551,72.9678222244045,31.43407607845937,29.265144953584826,7.010540599365216,11.24650559136923,0.47912784997440827,0.6366901799864281,0.14182227607162362,0.24196701541747842,0.5163915560775564,0.320235366155813,0.19216161708487833,1.030794665319852,1.8057370339030288,0.058867674,2.3213696,9.0,3.75
ds005291,sub-032,20,Cz,1000.0,-8.99555778503418,0.205,32.515316009521484,0.33,41.510873794555664,0.7513216137241601,30.0-100.0,15.389048847365244,-7.707497422383461,12.527745783527472,27.155647531862925,20.470840949461795,11.87866519346883,1.3055797923047245,0.4037325116859033,0.6098169041283562,0.40971742364915564,0.5004382457087894,0.3810061440568714,0.2640652400483297,1.034116922934708,1.782915993122203,0.070823886,1.9368864,1.0,3.75
ds005291,sub-032,21,Cz,1000.0,-13.0901460647583,0.182,22.30552864074707,0.301,35.39567470550537,0.17177768477552888,30.0-100.0,-23.19166982241228,15.848249902413325,41.940066711222556,20.15527689232016,50.89215353776295,31.880519035521402,0.8458616941820263,0.8472763324005188,0.5150345850270959,0.21266532944291422,0.49668782638464604,0.3465649593059175,0.24379124035181454,1.0285594392561583,1.8200848685288473,0.06893139,1.7964073,6.0,3.75
ds005291,sub-032,22,Cz,1000.0,-26.989953994750977,0.244,14.69781494140625,0.306,41.68776893615723,0.2701770325475788,30.0-100.0,-105.97737495320104,-463.44106364980087,9.022404430444443,9.399994364324606,15.775008418583841,23.412761707417044,1.1870841373260084,0.6488578986413284,0.5507356699160553,0.19216146766316314,0.5056315487459518,0.4282471346052681,0.349891968465855,1.0320328653661388,1.7199035770573148,0.09289334,1.5450836,2.0,3.75
ds005291,sub-032,23,Cz,1000.0,-15.513017654418945,0.228,29.61912727355957,0.372,45.132144927978516,1.2572268014991586,30.0-100.0,-177.9679829396572,55.5707373356847,8.142812667491036,20.29368086210498,60.79907263820366,9.298193071049935,3.1363369172207887,0.8937759504938552,0.7202961901003975,0.6173026472674935,0.49073837218442945,0.3225220965937887,0.26409049836042436,1.0233839222745378,1.793049386239819,0.07245026,1.7440277,4.0,3.75
ds005291,sub-032,24,Cz,1000.0,-18.311307907104492,0.191,31.96596908569336,0.52,50.27727699279785,0.04657180672406467,30.0-100.0,-150.43708290502587,-101.85665709138256,15.29517369582571,7.986858073667467,6.335688616406506,16.606011199501324,0.3240471949826577,0.6871408645281336,0.2792216389695376,0.18060987162028738,0.49755872278399044,0.37561775453740637,0.218243651335875,1.0268726816389346,1.8214839324881236,0.06611682,1.88002,5.0,3.75
ds005291,sub-032,25,Cz,1000.0,-27.900436401367188,0.203,20.71463966369629,0.539,48.61507606506348,0.38111399279270086,30.0-100.0,-59.19917224246637,33.940570218047895,74.40157603476607,54.463745354282985,15.265506062735202,20.971327606634084,0.7336737207045616,0.661725615799634,0.5037146715115237,0.256452246761204,0.48836890067947625,0.32750577119550844,0.1607796999694336,1.0183283818169513,1.8886675982335923,0.057348035,1.8758389,4.0,3.75
ds005291,sub-032,26,Cz,1000.0,-21.824234008789062,0.259,14.55714225769043,0.327,36.38137626647949,0.03894294571153149,30.0-100.0,57.37729811653289,-303.7800498451249,7.482983825209402,12.884013263816705,27.866246036101927,22.39123836870861,0.3722102983804737,0.6933032819307339,0.2208878450652447,0.14440495147823637,0.5015293128441433,0.3734950315532907,0.29172838571669496,1.0265843406307626,1.7903203363741498,0.07945226,1.6556977,3.0,3.75
ds005291,sub-032,27,Cz,1000.0,-34.103431701660156,0.266,19.720901489257812,0.499,53.82433319091797,0.1979452407658452,30.0-100.0,51.77669332691839,-44.92085955446456,44.394689976970575,45.195030716230285,48.745966116410905,26.900889258935102,0.6139859555439635,0.697453579338278,0.38998314105448256,0.4222908686306448,0.4809341875648734,0.3638798287596023,0.22123380688855934,1.019014487724505,1.813492978187129,0.0647559,1.8681321,2.0,3.75
ds005291,sub-032,28,Cz,1000.0,-1.612760066986084,0.15,13.251274108886719,0.32,14.864034175872803,0.02054879989442026,30.0-100.0,57.362790960317525,-283.695157893413,11.89775657442116,16.251835521397393,4.409034826382417,14.264711430017213,0.336196420891266,0.7730039754090293,0.17433330895113888,0.3400934311894726,0.4958729793767441,0.3829901135572124,0.27400399407835724,1.0283922381860682,1.7543732435451151,0.077307954,1.7764497,4.0,3.75
ds005291,sub-032,29,Cz,1000.0,-32.04037857055664,0.218,15.960088729858398,0.308,48.00046730041504,1.6111626808582096,30.0-100.0,-75.71549197682378,-233.2867113134188,2.9744724190063137,41.54050257573778,69.8803003038074,26.295866771755154,1.662608730977904,0.705344397571946,0.3649655258191564,0.42176007395158077,0.49304282724112203,0.3522372601161274,0.24920594102797441,1.0232763789132129,1.8446982224961237,0.07611164,1.6525033,4.0,3.75
ds005291,sub-033,0,Cz,1000.0,4.407528400421143,0.15,23.30789566040039,0.312,18.900367259979248,0.01340747342180007,30.0-100.0,-53.957342803902385,-118.38121137574473,30.826598240453315,12.356294378985577,1.2648747975500783,1.602201578884358,0.1400707688789314,0.6460937274551843,0.4941835130859002,0.23512608427069356,0.49274057245719094,0.24939480076457857,0.11336475159684778,1.0291017970533238,1.8250035180928348,0.037676454,3.7032847,8.0,4.5
ds005291,sub-033,1,Cz,1000.0,-15.49915599822998,0.15,9.866842269897461,0.331,25.36599826812744,0.2694684517727692,30.0-100.0,-572.7684130499993,31.04797485959153,47.48418302038533,9.051592315606086,0.8046161652140558,2.3762071453506226,0.28271706554245496,0.44624389244179163,0.5421919360731089,0.1766084423619656,0.5084129065018926,0.29377282539086325,0.11270709914793313,1.0308609435331242,1.8036475539898162,0.04146612,3.3189752,8.0,4.5
ds005291,sub-033,2,Cz,1000.0,-4.452049732208252,0.219,16.69279670715332,0.3,21.144846439361572,0.04444432787686237,30.0-100.0,-133.87025298695525,12.37718598687133,10.985892567862152,4.5708028246110075,3.7401460780949227,2.6369155668855107,0.06123936823662696,0.753532765878426,0.37268851994707364,0.5079887855643623,0.5028908836194406,0.3481345097412635,0.12992282944066288,1.0253875666383818,1.8071553647706675,0.052447543,2.4055223,7.0,4.5
ds005291,sub-033,3,Cz,1000.0,-11.697240829467773,0.153,10.491071701049805,0.3,22.188312530517578,0.00792912317167764,30.0-100.0,-5.335496238041099,-6.76754538476662,46.19302442679791,4.631124643586188,3.8279840406381864,2.4557545983731806,0.016943135808134818,0.3186441869112652,0.5719321027363191,0.2634176847914942,0.48790614693263085,0.30312171598746557,0.11686347859403128,1.0214511557541988,1.8753654206182588,0.038535353,2.8728917,8.0,4.5
ds005291,sub-033,4,Cz,1000.0,-12.445338249206543,0.15,12.336889266967773,0.3,24.782227516174316,0.016339941776774263,30.0-100.0,-440.949140353157,-202.56285570337081,41.200722494347644,15.139854973084919,1.2335474959488846,2.6634573165356246,0.0343813518783027,0.6463462487339345,0.48505739624412,0.0651478340832647,0.4782032144339921,0.2423488363099236,0.08395732800405709,1.018950252749241,1.8672033248763569,0.031523544,3.267912,8.0,4.5
ds005291,sub-033,5,Cz,1000.0,-11.946033477783203,0.15,11.564754486083984,0.3,23.510787963867188,0.015451138412380879,30.0-100.0,37.9457795829363,-55.60601080591031,19.921240346148593,24.44932410507964,6.0762680331028,1.8682918262220376,0.05009899852416862,0.6587238583640489,0.7808670706919367,0.16594917401291853,0.46827382100762116,0.27011603022776576,0.12766119340711446,1.014458344884426,1.950406142783388,0.039757274,2.3251162,9.0,4.5
ds005291,sub-033,6,Cz,1000.0,-16.88385581970215,0.15,17.1185302734375,0.32,34.00238609313965,0.0492608412509032,30.0-100.0,-24.006344301828968,74.45368834982258,67.70396682451356,17.07310576020811,1.8257103802493622,0.7354619558259726,0.05029900939854924,0.6994279350573525,0.1057748233082691,0.2860101212567108,0.4743571259538379,0.23946170165967412,0.08667899589590486,1.0085584058911286,1.9523683528130296,0.033709317,2.5527296,9.0,4.5
ds005291,sub-033,7,Cz,1000.0,-14.50538444519043,0.15,11.237054824829102,0.3,25.74243927001953,0.00485980079784637,30.0-100.0,50.21350430647594,-222.06402857926452,30.89588410846401,24.43591074461942,3.4349695691522557,4.708312692680911,0.02203105049503547,0.6514711429846279,0.5732718742514638,0.28459789141042335,0.48877362405299796,0.27979862724922017,0.11615825794894735,1.0165706857950347,1.944788077455908,0.0419675,2.4766474,8.0,4.5
ds005291,sub-033,8,Cz,1000.0,-14.591939926147461,0.15,15.95003890991211,0.3,30.54197883605957,0.005145042597030232,30.0-100.0,-214.141346528441,-48.1605235809289,37.2088069259525,8.809548503947708,9.93079800452297,3.3458534258104575,0.03222812454396988,0.6872321920854905,0.6618695387893139,0.41294687199225316,0.4674983308621637,0.3041623367542095,0.12393432242570261,1.010936603245563,1.8817490249376205,0.040735174,2.1905735,6.0,4.5
ds005291,sub-033,9,Cz,1000.0,-24.30540657043457,0.191,13.882126808166504,0.3,38.187533378601074,0.009097987265103727,30.0-100.0,-309.0464828767137,-583.2828090963912,24.891639523183333,34.113940070657165,5.4396423991856375,2.980748399240394,0.059721028161272255,0.669556330578366,0.6955186911360857,0.32124969591304997,0.47290554521561345,0.28111950018188964,0.1133359361762011,1.01474792870115,1.9100697256173422,0.041847274,2.3202264,6.0,4.5
ds005291,sub-033,10,Cz,1000.0,-13.355340003967285,0.158,14.273468971252441,0.3,27.628808975219727,0.06771860735006328,30.0-100.0,-836.9181510386167,-43.83398216899916,41.45662263283852,5.589949568686025,1.0645187456785106,1.8607599497436813,0.12269290374015815,0.6170305296761911,0.473943758003949,0.1761806603092425,0.49287290794168953,0.25925552441544203,0.10218874599970683,1.0238317698699841,1.8259506948657858,0.036433358,3.466719,7.0,4.5
ds005291,sub-033,11,Cz,1000.0,-14.53006649017334,0.164,20.640684127807617,0.308,35.17075061798096,0.04849247490443582,30.0-100.0,-243.70321602394588,19.183841196420875,33.452164187415455,17.147550936147457,3.664294181269627,1.248783291370239,0.09270887015876883,0.6154843647877307,0.6407473464116202,0.20421611063528206,0.4896221982738689,0.22986848304072233,0.10291171657125055,1.0221328886154333,1.9132719089473453,0.035644628,3.082941,6.0,4.5
ds005291,sub-033,12,Cz,1000.0,-15.676778793334961,0.157,16.706724166870117,0.3,32.38350296020508,0.06555433695543579,30.0-100.0,-23.69433863634912,-45.46350886924304,35.20878888129129,13.621152439604325,2.140183626083899,0.8294362973806332,0.08804944618126466,0.6923043932564764,0.6118549697780276,0.08014979077113683,0.4675542942219408,0.1972685382679196,0.0857810885851486,1.0141635630582284,1.920701584767583,0.032293066,3.2301016,8.0,4.5
ds005291,sub-033,13,Cz,1000.0,-7.520363807678223,0.15,19.24835968017578,0.317,26.768723487854004,0.006752236403030645,30.0-100.0,49.20073361086827,-261.1664076695279,28.183140050822438,3.3483476968240273,4.347164345105137,2.257003119167821,0.039873943617298575,0.7636519254978305,0.32031766977195714,0.48221543743411543,0.4768035038860526,0.2846083897094352,0.1044913381046445,1.0174930236860218,1.8708948992910315,0.036853503,3.0671616,6.0,4.5
ds005291,sub-033,14,Cz,1000.0,-0.8220715522766113,0.197,17.253694534301758,0.314,18.07576608657837,0.025661361402465454,30.0-100.0,-193.05224256269355,-424.7203110296705,30.01117494606416,7.979458894634353,7.046801136283577,4.781925060541331,0.03090107580298899,0.7558574458248224,0.44965423235290713,0.46496941674292575,0.4876049048549012,0.3061122129783401,0.10527872514664846,1.0182147540835238,1.8535303679730324,0.040408965,2.4552407,8.0,4.5
ds005291,sub-033,15,Cz,1000.0,-20.739286422729492,0.15,8.88106918334961,0.327,29.6203556060791,0.3126352756827954,30.0-100.0,-66.01906238671266,-134.0134903503488,22.43971321876517,13.669204235606136,4.2047364333361275,3.9311861371276233,0.396900044510144,0.6779701178261166,0.5169105670470119,0.4097497888825643,0.4977450154773426,0.3015969122575965,0.16426078675755346,1.025820996196455,1.8713026278690863,0.05236375,2.3298826,7.0,4.5
ds005291,sub-033,16,Cz,1000.0,-12.186113357543945,0.166,16.63334083557129,0.348,28.819454193115234,0.057252959149951835,30.0-100.0,-362.3440448738545,75.10504884586364,49.2395110982372,11.95972000189812,5.518426376495191,0.6781161435105559,0.07349535401603319,0.8456087867478668,0.3116566736558221,0.11164696573129648,0.4805879603285567,0.25726246625692767,0.09967537709392688,1.019808427588185,1.8775986449638733,0.033772774,2.8546648,6.0,4.5
ds005291,sub-033,17,Cz,1000.0,-8.172100067138672,0.15,14.643045425415039,0.316,22.81514549255371,0.017669009911587007,30.0-100.0,-27.356924261089226,-105.44934805788068,44.93535557280106,22.45422367515098,7.738432529631519,1.4701827561542737,0.03955484068986008,0.7616590481070996,0.39428172366775827,0.39783827460778726,0.4878897179662569,0.26954159881273093,0.1140141502579668,1.018228962144499,1.9246733855982017,0.03791082,2.504318,8.0,4.5
ds005291,sub-033,18,Cz,1000.0,-7.339268684387207,0.18,19.789562225341797,0.329,27.128830909729004,0.023477609112913717,30.0-100.0,-77.67750601502586,-121.18587233446922,50.73833994807202,11.927258624353103,5.601738586806827,1.8680998833269113,0.025666261501980515,0.5708769124361832,0.23090386366457963,0.32777943274972576,0.49576357189020964,0.23836851357078176,0.08729665462783551,1.0163478178194811,1.9456505827150827,0.030087877,3.1773667,8.0,4.5
ds005291,sub-033,19,Cz,1000.0,7.940280437469482,0.15,31.845314025878906,0.3,23.905033588409424,0.04378048550644905,30.0-100.0,-79.85615253209845,-293.3751676726835,94.60652866850417,10.99857439873089,2.6467621127984895,1.7063550684150388,0.09769894950498081,0.5376935527886968,0.43327918186851677,0.22011068354063612,0.4896963461210225,0.2620106814012093,0.05333908193300057,1.0219101111573508,1.896738347056428,0.021408826,5.3795924,9.0,4.5
ds005291,sub-033,20,Cz,1000.0,-11.907794952392578,0.214,17.477237701416016,0.313,29.385032653808594,0.024927280474632604,30.0-100.0,-338.72464828207904,-457.32633203251254,6.50688281466773,28.30523047410158,0.4286772667633971,2.1432061440887114,0.0442023164273293,0.4459134531876528,0.49424049833488193,0.30328414786528873,0.4835027892223295,0.2587875732360846,0.09575549421885682,1.0187536667768393,1.9312598129884488,0.039064586,2.70401,5.0,4.5
ds005291,sub-033,21,Cz,1000.0,-17.456321716308594,0.177,7.472389221191406,0.381,24.9287109375,0.009436125865108459,30.0-100.0,-1959.3447707150156,-629.4772635770815,17.369219518528134,12.985200516788597,2.611727613984678,3.4046672175035755,0.07956273759535057,0.7977433830582239,0.2863678236856005,0.22496851989049363,0.49455406131055135,0.2991903376848653,0.14502020869054486,1.0220816930974064,1.8407167099922583,0.049632557,2.2499666,6.0,4.5
ds005291,sub-033,22,Cz,1000.0,-16.464651107788086,0.193,13.392852783203125,0.334,29.85750389099121,0.06162284545752662,30.0-100.0,-39.01200579547743,-851.6353864138946,22.529611576939793,12.082861478003228,2.0640527500825767,3.379458824087856,0.06994444606448506,0.2915646823014016,0.5175395144085156,0.2901382075580737,0.49838631494184094,0.29120992643135546,0.12721053865662624,1.024991294482435,1.8421486409021874,0.043369915,2.712489,5.0,4.5
ds005291,sub-033,23,Cz,1000.0,0.2524147033691406,0.155,12.295928955078125,0.447,12.043514251708984,0.020503461317207084,30.0-100.0,-237.60473704370207,38.97254933118341,1.6414410332331513,3.273592242654764,1.4223737702120944,0.9175096385255372,0.044394706921246585,0.5812538979504464,0.35223568550309237,0.06896781806328546,0.4876119536393709,0.3407778015225943,0.19430927072176446,1.0199233219553598,1.843860293808438,0.057215862,1.9909247,5.0,4.5
ds005291,sub-033,24,Cz,1000.0,-7.245396614074707,0.217,23.733245849609375,0.338,30.978642463684082,0.051588156799149104,30.0-100.0,-221.0626811782166,-777.6886913927242,12.318537052675303,8.250028258820088,2.97662235391259,2.789913169154846,0.08345537906656303,0.6501739408429109,0.701380474853088,0.19602399460179643,0.4903361630907054,0.31013747536439673,0.10500296893228703,1.0216443223824998,1.8426805687360548,0.039561514,2.969192,5.0,4.5
ds005291,sub-033,25,Cz,1000.0,-21.0869083404541,0.181,5.096452713012695,0.3,26.183361053466797,0.005863940951272678,30.0-100.0,-433.3105556364668,-310.1995772198465,16.88091286543868,18.99820242023362,2.519677865518449,4.6042912721336196,0.04830418102637415,0.4590201161895591,0.47052341439592854,0.3512392544296496,0.47397486777717357,0.28468798636638687,0.1193864890482018,1.016448706483953,1.8254161029854685,0.045294806,2.2355351,6.0,4.5
ds005291,sub-033,26,Cz,1000.0,-3.1864523887634277,0.219,6.370888710021973,0.461,9.5573410987854,0.035090484151070994,30.0-100.0,-138.12156976470453,-46.71200162551307,0.967914501120327,2.13054576671613,3.176715179500517,0.8092207713187004,0.035833791581785575,0.7689184161185502,0.4391566169048434,0.2715394147295721,0.4699834342860152,0.28167109497877346,0.17197051653136877,1.013930853925683,1.9071203948539297,0.049294945,1.9969246,3.0,4.5
ds005291,sub-033,27,Cz,1000.0,-11.278022766113281,0.332,-0.7940499782562256,0.481,10.483972787857056,0.10037639019902755,30.0-100.0,-260.9861944350305,-120.69927726101454,5.5573583310769745,2.5232602965156987,3.8980551551899274,1.6919930065495192,0.15302499558758967,0.4887600950429033,0.250676047466989,0.17863513472690257,0.4901965858709399,0.36737487914992206,0.18796346483254692,1.0249474945998418,1.7991894136671667,0.05239862,2.482024,4.0,4.5
ds005291,sub-033,28,Cz,1000.0,-15.372072219848633,0.19,14.388066291809082,0.3,29.760138511657715,0.009949866133118396,30.0-100.0,-351.77316778170643,-74.15862626378583,38.155501743532575,8.943593197736837,0.3489556326453349,2.606518370730929,0.04606814221074978,0.29869567995340046,0.1595033837565592,0.28879574587153006,0.4784654051194279,0.23579528823141682,0.09050471768847235,1.0210028425109787,1.813689122383998,0.03370706,3.368748,5.0,4.5
ds005291,sub-034,0,Cz,1000.0,-4.198607444763184,0.184,4.9040961265563965,0.3,9.10270357131958,0.06624714602304015,30.0-100.0,-166.96568734469116,-151.16440813589307,6.071778963196952,0.5014968020934508,1.0069795903831422,1.357757456427012,0.09846744941064672,0.7855238360406986,0.3889448520744255,0.2552475057306264,0.5164610757261137,0.32589681789054015,0.16598279330422044,1.0336183510765529,1.7469260839258103,0.052228637,2.64829,4.0,3.25
ds005291,sub-034,1,Cz,1000.0,-8.307121276855469,0.212,6.9953083992004395,0.453,15.302429676055908,0.03696346062029443,30.0-100.0,-22.760618707464285,-55.247393771037956,5.129181319944866,4.17869046049298,0.5116453280591806,1.4399114125857875,0.09428771411157033,0.3413300499761279,0.4195532350879269,0.0339701864079761,0.49257699222443013,0.3304656840142432,0.1630153815875064,1.0309537560510043,1.776299534282083,0.045754097,3.0943305,7.0,3.25
ds005291,sub-034,2,Cz,1000.0,-0.8933818340301514,0.273,8.905281066894531,0.365,9.798662900924683,0.010505755168428967,30.0-100.0,-33.978512242595585,72.44047219120684,1.797929588089243,1.251477876328734,0.2556320085509635,0.8799436395692242,0.020364975168075033,0.5606824689981802,0.009144430395457023,0.08922702972546492,0.5006199696276625,0.3817082787584613,0.258481032252477,1.0293274878014507,1.7476169036585745,0.07529032,1.6770549,5.0,3.25
ds005291,sub-034,3,Cz,1000.0,-4.0187458992004395,0.248,7.30405855178833,0.328,11.32280445098877,0.12744787649178035,30.0-100.0,54.650019313112196,-3128.8294482560796,11.426142397255003,1.1801471919251334,1.4651058185907635,2.693595958007427,0.24083507351674976,0.5677474685814302,0.20072716356886106,0.33285340573616096,0.509826439571322,0.34296737735877353,0.17904773836850715,1.0280032058950908,1.7707643392705665,0.051007334,2.6161513,7.0,3.25
ds005291,sub-034,4,Cz,1000.0,-4.685373783111572,0.273,8.83853816986084,0.382,13.523911952972412,0.013595511605887461,30.0-100.0,4.092661865437906,-131.0718110070017,7.109223407063711,1.4197653889259148,0.39122019223579424,1.2094558844059606,0.01512926524921882,0.6295331301331288,0.22479451788675536,0.29814492580573887,0.5177577140830868,0.30031093368350026,0.1429028500235142,1.0352077818210332,1.7811014855382301,0.04551837,3.1038377,9.0,3.25
ds005291,sub-034,5,Cz,1000.0,-0.7452484965324402,0.343,5.965390682220459,0.418,6.710639178752899,0.05022611307387717,30.0-100.0,-398.3150529222228,-68.70894878084127,5.327962611809157,1.2285768754209712,0.23845539580240901,1.2442802764334768,0.09457432340668426,0.7338013333532689,0.18552429242673873,0.16777829292445917,0.5161473192515812,0.34845637028920606,0.18752817621450688,1.0373711012474234,1.7884589038653491,0.053827733,2.6863031,5.0,3.25
ds005291,sub-034,6,Cz,1000.0,4.044076442718506,0.189,15.350773811340332,0.333,11.306697368621826,0.009291061466922594,30.0-100.0,-523.7855109269653,-68.16582488204631,5.945762704135839,1.2960719413947845,1.4973323167891934,1.1805527276058705,0.01984139107100721,0.4614860733698558,0.23666451752124573,0.13097542485938113,0.5006993596954347,0.36500992483317707,0.14245310817521548,1.0240717420542904,1.8379100660924945,0.045531336,2.617008,6.0,3.25
ds005291,sub-034,7,Cz,1000.0,-4.832319259643555,0.262,4.0864152908325195,0.478,8.918734550476074,0.005312280604934109,30.0-100.0,80.32381192359425,-182.70697864072807,2.4873847834410334,2.75180590536433,0.5916973677247795,1.3392077444677342,0.04449428576267693,0.5202445381393982,0.1937307521838884,0.29275658037914853,0.5043651982123045,0.30188027115192195,0.19814773121929538,1.0357791381381312,1.7735753245027845,0.056853127,2.4449272,5.0,3.25
ds005291,sub-034,8,Cz,1000.0,-7.962424278259277,0.221,0.16314160823822021,0.473,8.125565886497498,0.021397189905353206,30.0-100.0,34.19519490815091,-132.95791925244362,2.1155044585300997,1.2427336566323839,0.5577229103952082,1.0686179025555556,0.1018118537664487,0.8502894507643521,0.42395571403521304,0.4880058412394217,0.5012118909580316,0.39590590749003507,0.236337714039617,1.0337936592212882,1.7283601504624362,0.06514025,2.2123222,7.0,3.25
ds005291,sub-034,9,Cz,1000.0,-2.7275781631469727,0.176,6.20285177230835,0.327,8.930429935455322,0.05752100936140414,30.0-100.0,33.64330544881877,-134.87423586234198,1.4514193749189641,1.7493536218289658,1.931620573627036,1.693532958246362,0.12401305828156868,0.8197521777444686,0.6853248445279829,0.3481524104590734,0.5064746226940002,0.3772092709249493,0.27571368487428227,1.036797114902163,1.7759937298582218,0.07133533,1.9779792,9.0,3.25
ds005291,sub-034,10,Cz,1000.0,-5.87813663482666,0.35,8.214262008666992,0.403,14.092398643493652,0.010739959766868245,30.0-100.0,-126.5110268180039,-6.561713013262834,1.682711229737141,1.929988375514514,0.7536438573875384,1.6133647249777956,0.09435276674790467,0.6499620709798457,0.16964905120970378,0.18438901929634186,0.49195670264073876,0.3506364687877656,0.21404730315589654,1.0283997098286481,1.7707241520062353,0.061260827,2.248514,6.0,3.25
ds005291,sub-034,11,Cz,1000.0,-2.9186363220214844,0.35,4.379832744598389,0.322,7.298469066619873,0.04761627000840363,30.0-100.0,-71.09242216452566,1.533004386555927,2.1949414407770322,2.663396968693368,0.42275887615275826,0.5794016842820272,0.08729028600283138,0.6322035171284324,0.2352016456963493,0.3873691485727545,0.49093940137531455,0.3132346397561444,0.19906583324846366,1.0305353005126539,1.7912345104876872,0.055686083,2.3955038,9.0,3.25
ds005291,sub-034,12,Cz,1000.0,-10.589903831481934,0.311,2.4581151008605957,0.394,13.04801893234253,0.006342561474011143,30.0-100.0,-326.0455734938697,34.231156503872725,1.314395805045582,6.414697649211649,1.7194646213216076,1.9424425626171546,0.021780859032572403,0.5606157351164512,0.21584460534581376,0.40122875127553365,0.5064464971616323,0.3595343028638827,0.21780351180134602,1.028860340462578,1.7433540787686868,0.06385062,2.0978656,5.0,3.25
ds005291,sub-034,13,Cz,1000.0,-10.761627197265625,0.15,0.16243648529052734,0.319,10.924063682556152,0.030240425783579786,30.0-100.0,56.79014755329705,-1066.0883719910635,3.595233095869769,8.440088782538052,6.616039327723074,2.240655333895264,0.04385307647672396,0.8697954757863492,0.4725151104043437,0.37789257335546383,0.481472415910944,0.2897072549629006,0.16198383046105203,1.013174529475233,1.9101732213513103,0.0506774,1.9476112,4.0,3.25
ds005291,sub-034,14,Cz,1000.0,-2.6336965560913086,0.162,5.948258399963379,0.423,8.581954956054688,0.053556390051614264,30.0-100.0,59.8804838292103,-232.27005898748803,1.4587450239158233,3.643126651793552,0.20499945050735974,1.0660221566602206,0.12172565740653765,0.5720291460414723,0.46879827085214376,0.28999429065190035,0.5135305052938944,0.3773053386858892,0.2471709583617834,1.03584209077181,1.777993355567556,0.066710934,2.1771188,6.0,3.25
ds005291,sub-034,15,Cz,1000.0,-2.8195102214813232,0.35,3.5942389965057373,0.517,6.4137492179870605,0.015674783461573867,30.0-100.0,-3262.155949710637,1.6062034088617307,1.416312338377077,2.2773385444835865,0.9475735064748918,1.227514547493296,0.044899491485691584,0.7774588244271394,0.438579433808644,0.23382854039450277,0.5006993596954347,0.35844106053502556,0.2341036528461082,1.0312098634068867,1.744207188561929,0.06731787,1.8387216,6.0,3.25
ds005291,sub-034,16,Cz,1000.0,-4.786581516265869,0.24,7.189430236816406,0.428,11.976011753082275,0.02606125135941212,30.0-100.0,39.74545767665672,-224.67008460030513,1.6880489877537803,0.229964163009652,0.17711522262316032,0.7044862455519931,0.024639545157907124,0.579985283254252,0.14179949565450872,0.5565743825701815,0.5088839690639709,0.4135206093724575,0.19218978035865827,1.0407571972631047,1.6860726131661976,0.06020619,2.461798,3.0,3.25
ds005291,sub-034,17,Cz,1000.0,-8.58936595916748,0.152,5.126443862915039,0.527,13.71580982208252,0.01686335388119071,30.0-100.0,67.15953158522314,2.6213478589439263,4.420823447579945,1.0791655782854117,2.1193415488836904,1.2545254635526388,0.0203031389080902,0.7788550634628999,0.2874315680929494,0.18105075392935782,0.5038213294558399,0.37298564313893173,0.1999968759166233,1.0270633991870297,1.7863615522811849,0.05613777,2.2521932,7.0,3.25
ds005291,sub-034,18,Cz,1000.0,0.37190937995910645,0.208,9.558051109313965,0.417,9.186141729354858,0.032560842617310536,30.0-100.0,-251.2388043284906,-367.98007368679686,2.209104920068671,1.003409381314996,0.40485656982521345,1.0852935319801547,0.03964271298341225,0.6859327282516813,0.20682552963512416,0.1285439011198537,0.49988840147372615,0.32383359041049165,0.20691125166695024,1.033985267626905,1.7760174109465963,0.05763519,2.4284563,7.0,3.25
ds005291,sub-034,19,Cz,1000.0,-1.775334358215332,0.232,6.398749828338623,0.323,8.174084186553955,0.07986242582266107,30.0-100.0,-1403.6316972584773,61.71993280205912,9.442708071540384,1.3584355667613848,0.322807294944018,0.7920317852106793,0.05522743352627363,0.6931228117588752,0.2556664771994793,0.39405801704412247,0.49421342047562944,0.30816662268078526,0.13822880985842242,1.031446135945832,1.8439160183433714,0.04457968,2.8523314,8.0,3.25
ds005291,sub-034,20,Cz,1000.0,-6.981781959533691,0.271,7.181370258331299,0.333,14.16315221786499,0.004201854043488848,30.0-100.0,-5247.500054878253,-316.1458927701526,2.4350702299526605,2.26282259732584,0.6358683043129568,1.0980869913173965,0.006911836809424911,0.42452761411326534,0.11062407730666136,0.214727909861481,0.497235893190712,0.3383841312174771,0.19124870978416716,1.027905285487943,1.830813322027604,0.055307362,2.2539215,9.0,3.25
ds005291,sub-034,21,Cz,1000.0,-3.9176859855651855,0.215,15.487420082092285,0.369,19.40510606765747,0.05252762158393167,30.0-100.0,-3175.423578650525,-142.3522062618378,1.2220132364152407,4.739737685988931,7.698040029714164,2.1748529017368505,0.15360625274429546,0.7241386809820147,0.4353160649412664,0.47081150510835945,0.48305861416547247,0.33788003189652915,0.19658763715494604,1.0227884391267108,1.8701714077634353,0.061918873,1.9214001,10.0,3.25
ds005291,sub-034,22,Cz,1000.0,-3.423628807067871,0.214,8.744441032409668,0.55,12.168069839477539,0.21050298564908537,30.0-100.0,-627.8729566466234,9.52000163770403,0.811954383447882,2.0315125832679395,0.8529894938744135,0.8755540278854962,0.23390331940326362,0.5935728197194292,0.5768477297519619,0.1879626825519532,0.5074541784526628,0.37093543448689037,0.20796734660583235,1.033344573817999,1.7880695905286004,0.06310206,2.2775948,3.0,3.25
ds005291,sub-034,23,Cz,1000.0,-5.2364325523376465,0.271,9.796592712402344,0.361,15.03302526473999,0.008616593041079933,30.0-100.0,-570.8324334296815,-31.67853638483278,3.204831934133989,2.526724080531366,1.481519848703677,0.37862142789840175,0.08199997926271717,0.46475642847293397,0.21141590793645235,0.24804539940615505,0.5028343681045659,0.31139385166448097,0.1656732407248418,1.0273639243530863,1.8008205840251958,0.047376323,2.8283768,6.0,3.25
ds005291,sub-034,24,Cz,1000.0,-6.984786033630371,0.15,9.82735538482666,0.491,16.81214141845703,0.0041349471433881286,30.0-100.0,-168.71838584553436,-0.6500733898728337,2.4581800290403035,2.3011480531470223,3.396520223654601,0.4821454689576476,0.01591289855552932,0.4401607033746734,0.6849100048946634,0.5628194661769086,0.4772467528376116,0.3348705532409669,0.15110477022175867,1.01560037414847,1.8578761170963456,0.047188707,2.2890136,10.0,3.25
ds005291,sub-034,25,Cz,1000.0,0.9779069423675537,0.23,7.486939430236816,0.359,6.509032487869263,0.025329134395951827,30.0-100.0,-313.34870157301197,58.26682110253214,1.6919182619693935,1.1713509422031276,0.2899194936310411,0.7088720761280874,0.05030926616153127,0.6038832507138981,0.4968218981489383,0.21329103684488324,0.5097554792813568,0.40053985980275586,0.2385827969238024,1.0294095459914925,1.7306597891223268,0.065186255,2.138437,4.0,3.25
ds005291,sub-034,26,Cz,1000.0,-7.258108139038086,0.24,6.778912544250488,0.332,14.037020683288574,0.004055289671750081,30.0-100.0,-221.54762990226996,51.700673881604274,0.9329484054171682,9.061828106807154,0.5960037867713319,0.8064569005087332,0.025506336363727712,0.638224481332519,0.13142858302762092,0.11071612195854018,0.49287290794168953,0.29636407392280706,0.1694375679728618,1.023412522823262,1.799122085859031,0.053476308,2.0505037,10.0,3.25
ds005291,sub-034,27,Cz,1000.0,-6.327846050262451,0.271,4.355318069458008,0.487,10.683164119720459,0.035064790913931894,30.0-100.0,-85.04036251127445,-122.20669551439298,3.553151687427313,2.3568915275569493,1.3756201531196413,1.1746756593954153,0.08364742533283744,0.7371031342522982,0.09005487585648886,0.1865899394505092,0.5028343681045659,0.3361234457048779,0.24236238608350796,1.0327728228662878,1.7352118904386806,0.06745271,2.052001,7.0,3.25
ds005291,sub-034,28,Cz,1000.0,3.811631679534912,0.182,9.506775856018066,0.323,5.695144176483154,0.04912122039305098,30.0-100.0,-8356.087526864823,-34.020489210676274,3.7704265607183967,0.5183828194583294,0.6926731019385249,0.8489902231523914,0.0770008092422198,0.624233837269089,0.5953037050700402,0.4758683635722818,0.4945367197070533,0.3328168510813077,0.1402857671545239,1.033372604034385,1.7745478768965715,0.046308666,2.697766,10.0,3.25
ds005291,sub-034,29,Cz,1000.0,-9.69213581085205,0.227,-2.479213237762451,0.3,7.2129225730896,0.027389610691115084,30.0-100.0,-1115.3915947652417,-48.19016737753555,5.165419554736849,5.548162015773081,0.8907956665549243,0.8652997115310634,0.07616613757623149,0.6946418565288754,0.22097840922352854,0.4120601955130483,0.4759616765682726,0.31553327400967,0.15163558169511712,1.0262171563982665,1.8352466925861433,0.045900363,2.848188,7.0,3.25
ds005291,sub-035,0,Cz,1000.0,-3.756242513656616,0.273,7.39321231842041,0.306,11.149454832077026,0.04480082612753612,30.0-100.0,19.351876213092726,33.98408548552198,9.349059053054791,7.981464944854293,3.2091121893214867,1.1994540722385363,0.18948654146691965,0.5275751867410422,0.6426738044450417,0.23219440842221153,0.4912585989498352,0.30234573318930097,0.14109432313744832,1.02300593383898,1.8444909624635693,0.04658486,2.5265992,5.0,3.25
ds005291,sub-035,1,Cz,1000.0,-8.826436996459961,0.246,6.270819187164307,0.428,15.097256183624268,0.0030806945869209152,30.0-100.0,-246.63853140425744,-139.4957039343226,1.7023389532616346,1.7765157098378506,0.7588724449657311,2.039500099754624,0.03470733853410404,0.7655367406517423,0.379757620858696,0.5872207312166143,0.5000053898661699,0.3628088669618443,0.21199276740658232,1.0277912011896906,1.8162674872315663,0.058734998,2.2214592,5.0,3.25
ds005291,sub-035,2,Cz,1000.0,-3.5313022136688232,0.247,3.4464571475982666,0.3,6.97775936126709,0.1977489572869017,30.0-100.0,76.38744766935814,-21.163576423296014,7.751671773082805,16.014744253719552,2.258866992298427,1.6187844378305198,0.4320499497668046,0.6629901031089641,0.546357049332404,0.5320462933867551,0.5183368412919337,0.30716715589444193,0.18589680265098218,1.0330630820868456,1.8169632098200483,0.05978998,2.3128064,6.0,3.25
ds005291,sub-035,3,Cz,1000.0,-3.155297040939331,0.257,9.868175506591797,0.461,13.023472547531128,0.02348175070733294,30.0-100.0,47.64709010406606,-294.1798266732324,13.692220228493674,11.70634403080575,1.0560393068819542,2.281268102454887,0.13942465962156425,0.5304493951982377,0.472274319863846,0.3704285885152459,0.513681467639454,0.31635569234161853,0.1368985434644405,1.0335863559130578,1.7518572137794517,0.043812342,3.1415296,8.0,3.25
ds005291,sub-035,4,Cz,1000.0,-8.0817232131958,0.15,14.343095779418945,0.539,22.424818992614746,0.05098762280889785,30.0-100.0,-10.135826598444362,-174.4742202353706,3.7215820427872366,2.737835744244939,4.041585620579524,1.6269052295752289,0.08650213945481741,0.7520808416849143,0.5084461954155143,0.23225183871750638,0.5020931426469031,0.34548832756639297,0.1446252341797697,1.027170790859877,1.8079285677556118,0.04694978,2.7070968,4.0,3.25
ds005291,sub-035,5,Cz,1000.0,6.270956039428711,0.184,15.702733039855957,0.3,9.431777000427246,0.07363318454009839,30.0-100.0,-102.8569933422713,-77.99062324038508,43.74872010767658,13.228987747768183,3.5946687371299486,1.1221224320153151,0.0698959874121113,0.668632616314379,0.532550140643915,0.5681392603360113,0.5045150278080331,0.28736812536116796,0.09970048583412405,1.0279543297047342,1.8484063146476883,0.035619974,3.4981189,7.0,3.25
ds005291,sub-035,6,Cz,1000.0,-5.179383754730225,0.286,10.383963584899902,0.345,15.563347339630127,0.03203890720530978,30.0-100.0,-447.374120979212,-21.93165023026651,2.5305149954775725,5.161519982044756,1.6550149739648607,1.4021667123634727,0.0903171114823768,0.9202700613763428,0.5398628480100637,0.6512283955004301,0.4956859217366996,0.30986519210938107,0.21706830871808805,1.02369512883054,1.8105059568806838,0.062170766,1.9879094,6.0,3.25
ds005291,sub-035,7,Cz,1000.0,-6.438120365142822,0.349,6.529170989990234,0.3,12.967291355133057,0.09496839810377464,30.0-100.0,-631.9943777639469,-91.50242736470229,35.32856974035468,3.3230802724416977,1.2326883224483072,1.4654470837109626,0.15990965630597173,0.4353649154265689,0.14814775402684538,0.1438419007377803,0.5142482284631587,0.31234118072910055,0.14898804574845143,1.0374631429136396,1.7862506735250407,0.045852292,3.149389,8.0,3.25
ds005291,sub-035,8,Cz,1000.0,-7.593932151794434,0.35,1.580226182937622,0.301,9.174158334732056,0.021598787420406954,30.0-100.0,88.26298634440893,48.854718095989526,3.0120159359803873,3.863878771414634,1.3678847883438294,1.689424230763637,0.07498589518622549,0.5143497510464086,0.5414300599774056,0.32240489573650294,0.5028546736472237,0.35015434989447314,0.2077524102226335,1.0230435861083738,1.8382742129837464,0.06635886,1.7685853,7.0,3.25
ds005291,sub-035,9,Cz,1000.0,-7.844427108764648,0.35,9.638869285583496,0.414,17.483296394348145,0.01320507356197713,30.0-100.0,-887.9424130152441,-352.12447845404125,5.51206726874416,11.205460996130329,8.833186475603485,2.1634772378583333,0.10692574303905217,0.7833487761658595,0.5911871607922471,0.5781016658157521,0.4818371341139092,0.30647450446893704,0.17664979914193474,1.0218250945728249,1.8401680135842524,0.054785807,1.9743207,8.0,3.25
ds005291,sub-035,10,Cz,1000.0,-4.677276611328125,0.227,5.95254373550415,0.3,10.629820346832275,0.05633133084532629,30.0-100.0,1.4812482006600804,-106.68732143048405,15.31348614793242,25.208627741027215,13.245967066909841,3.090715310748224,0.13383305454631295,0.6675179546091418,0.30917329186087117,0.5105890217329471,0.49267687436824364,0.2982319652241377,0.1771230213264805,1.0231607484066558,1.8691772399979336,0.056843422,1.8791404,9.0,3.25
ds005291,sub-035,11,Cz,1000.0,6.329080581665039,0.297,11.903263092041016,0.437,5.574182510375977,0.024067012911016462,30.0-100.0,-144.91210303176885,75.51942671084764,11.323801817560565,7.795782385602774,2.633623158627425,1.1385104894952291,0.09958527792839415,0.5059797330715261,0.6469303429547256,0.10886531937653146,0.4988995068851217,0.3589138133044254,0.16977428983310774,1.0354854595665073,1.7292931636826798,0.050236706,2.940672,7.0,3.25
ds005291,sub-035,12,Cz,1000.0,6.3307905197143555,0.334,13.026300430297852,0.417,6.695509910583496,0.007380453134473263,30.0-100.0,-729.5051150058679,-356.8301158607382,24.15243925714863,1.8564201353922007,2.0458239826325166,2.6800546373398793,0.07932937937573657,0.4519228861624733,0.10613031488030168,0.18805355420948583,0.49507840637706474,0.3165924264777693,0.12595738706228798,1.0243019922280063,1.8574631403660875,0.039882388,3.1779969,9.0,3.25
ds005291,sub-035,13,Cz,1000.0,0.28167104721069336,0.281,16.51485824584961,0.437,16.233187198638916,0.017514655631258896,30.0-100.0,26.194746961504396,-277.22934683068394,14.784036016093772,15.620201462249248,2.1728111160185173,1.8785799089633135,0.0749918294121502,0.6264812031080071,0.4884615290638689,0.5121893354171073,0.49473391947626794,0.30173286628584695,0.1292357114327668,1.024068304848142,1.841182799509843,0.04099377,2.8708878,7.0,3.25
ds005291,sub-035,14,Cz,1000.0,-0.3501105308532715,0.339,9.469806671142578,0.39,9.81991720199585,0.0028901485378034497,30.0-100.0,79.7905355187001,42.17667391016925,33.25420532057208,10.726581138458421,0.6976602443976618,2.0181647358207937,0.015265544591551298,0.4115791887152867,0.42380102398180003,0.44847951178629747,0.48384379442414016,0.2774888112008316,0.10536474943874087,1.0179983505737933,1.8835245166905366,0.038462587,2.8469293,6.0,3.25
ds005291,sub-035,15,Cz,1000.0,-8.10451602935791,0.163,6.526875972747803,0.3,14.631392002105713,0.1430161058095299,30.0-100.0,-83.62336350078637,64.56979271187508,16.258746749420673,0.8504608032044508,1.8707578309235902,2.32900062717547,0.15825670048968812,0.37342098645745875,0.5818565180676745,0.35767471902517806,0.496752822132264,0.3463106563424659,0.20844353850304348,1.029938500785368,1.779308594031643,0.059062835,2.28063,8.0,3.25
ds005291,sub-035,16,Cz,1000.0,1.2318394184112549,0.17,8.327790260314941,0.42,7.0959508419036865,0.5823714976741627,30.0-100.0,25.546177772979274,-140.88010251797485,50.97203778638426,4.756061469807346,2.3994184823729476,3.6045458647406985,0.5777973023947888,0.6050735777531632,0.5475111343299867,0.28744242804323555,0.5149429225105431,0.3208091310341642,0.10509557148001444,1.0347062610743645,1.7624418241423043,0.04109361,3.643523,9.0,3.25
ds005291,sub-035,17,Cz,1000.0,-8.324015617370605,0.339,2.9816372394561768,0.427,11.305652856826782,0.017162626882253618,30.0-100.0,-202.45589822520543,-156.7476974540064,13.937626244886864,7.116556432218053,9.745613054747588,1.8788875017592168,0.030943051074491905,0.7337706022412418,0.8574982550993876,0.26887331259001074,0.4635651124601463,0.3082541993177923,0.16993886733959448,1.013485890346751,1.8956988418605814,0.049883682,1.8416951,8.0,3.25
ds005291,sub-035,18,Cz,1000.0,10.652250289916992,0.35,17.615577697753906,0.319,6.963327407836914,0.002848937275505564,30.0-100.0,10.529893901504304,-35.178583865258304,26.753494398178454,10.191115634422852,3.7911613694041733,4.909240213800613,0.01179211770476111,0.5563306714923663,0.4229775628780498,0.3447037146453895,0.4982799543080925,0.33768050792776305,0.11930283261060476,1.023999263652567,1.8610277957493655,0.039977074,2.857817,10.0,3.25
ds005291,sub-035,19,Cz,1000.0,6.518120765686035,0.333,17.305400848388672,0.427,10.787280082702637,0.077815596663388,30.0-100.0,-21.981381430936963,-1219.243495502208,27.581365206397727,18.116637154768625,0.9396541925699149,4.058421423015795,0.06517695983041855,0.6888989064059698,0.3077965358526404,0.6547658825838473,0.49803343058211513,0.3352744322191451,0.11289543189253924,1.0233953426092322,1.7864753245118767,0.04010794,3.1594262,7.0,3.25
ds005291,sub-035,20,Cz,1000.0,-0.12679409980773926,0.204,6.907589912414551,0.345,7.03438401222229,0.024054324291775776,30.0-100.0,70.62342389441072,64.16129482650594,1.176400567000767,4.572168571438295,0.8872740640492075,1.0816310031068705,0.030269606576121905,0.8138566703381706,0.5246875627579601,0.13194616736819856,0.501865210748038,0.3322847400169785,0.20586962682740798,1.0274508380467198,1.8245056183628727,0.06290331,1.994552,7.0,3.25
ds005291,sub-035,21,Cz,1000.0,6.8085036277771,0.171,14.684459686279297,0.309,7.875956058502197,0.1634654721515193,30.0-100.0,95.58947088543627,-297.62522669654186,21.69874320416551,1.0225008284212087,0.5436770527000299,1.2914092219501865,0.17308439796783254,0.46726200782195376,0.22701807814302075,0.38462393401316747,0.5078443816997446,0.31892360051839136,0.13261671193673555,1.0322048365155707,1.8033847150300764,0.040495623,3.425839,8.0,3.25
ds005291,sub-035,22,Cz,1000.0,-10.444446563720703,0.177,21.228864669799805,0.487,31.673311233520508,0.23755019404464348,30.0-100.0,5.44148055194009,-138.67474292420977,7.591514291032967,3.576077380270327,3.945833570287706,1.379317543019729,0.24828359278413611,0.7155904102725229,0.6938343890344314,0.44215496487622824,0.49073018498819543,0.3598241978629515,0.1512641970528509,1.0216403333335782,1.8350580105214491,0.04757852,2.6689086,6.0,3.25
ds005291,sub-035,23,Cz,1000.0,1.1274560689926147,0.15,11.825383186340332,0.462,10.697927117347717,0.03509489081523552,30.0-100.0,81.84319815789513,31.371251011986672,18.622213674835308,6.3649550923761335,3.5857582727362396,1.4685219015252182,0.04483001027934333,0.8427509126150148,0.5687229340149784,0.2079649388421254,0.4885456578804978,0.331421396028254,0.12512785803209325,1.0210089866445213,1.8380276395190542,0.04244744,2.8164225,7.0,3.25
ds005291,sub-035,24,Cz,1000.0,-3.804184675216675,0.325,3.561283826828003,0.3,7.365468502044678,0.009133343211533246,30.0-100.0,-1292.9948809919247,-37.62056208482921,0.5082871587109751,0.9856237621603738,2.520614935211283,1.160961334964676,0.13145486713610474,0.7184046173446534,0.3871305655988586,0.3108002204117914,0.514328474214871,0.37702209114626645,0.2213284334814908,1.0267393383277421,1.7923344942341648,0.07429465,1.7384888,8.0,3.25
ds005291,sub-035,25,Cz,1000.0,-3.5869839191436768,0.286,9.900349617004395,0.455,13.487333536148071,0.017481818252544964,30.0-100.0,-438.2090598595861,-70.41936798007809,18.705976657676906,6.915639825454696,1.8975534595210068,1.5947355983880134,0.05352709269944261,0.46221735139908104,0.8203998647218944,0.2652531814371493,0.4917819542708647,0.29692449162626117,0.12254859177220719,1.0181391986026382,1.8855102111196813,0.040907364,2.7249143,8.0,3.25
ds005291,sub-035,26,Cz,1000.0,-0.10503444075584412,0.345,7.778905868530273,0.473,7.8839403092861176,0.04273956118570883,30.0-100.0,43.496147484337946,57.384302345449534,6.336017665799529,12.064099179520854,0.9052664926327295,1.59372300835746,0.08005014893228812,0.2144080348799564,0.30040213060679594,0.3836858182568947,0.5029889764068783,0.326886544749619,0.1987547956234795,1.0268290547282959,1.8174449964867747,0.057686348,2.2669477,10.0,3.25
ds005291,sub-035,27,Cz,1000.0,4.079278945922852,0.278,10.795597076416016,0.301,6.716318130493164,0.042603659945115564,30.0-100.0,-773.0944795929399,-876.7977821866455,14.116071834416022,10.74001447739003,0.4545355941294035,1.7534259305677722,0.05767463464062342,0.6213393909513624,0.6217803149754874,0.15194685468016264,0.5065443676612879,0.2964765283479486,0.1229480876206492,1.0309769265512778,1.8322533685946216,0.041494966,3.1957018,9.0,3.25
ds005291,sub-035,28,Cz,1000.0,-5.223258972167969,0.333,3.62634015083313,0.527,8.849599123001099,0.09089979665293217,30.0-100.0,30.559997773722163,-149.62007515846653,12.479463772027527,9.54735054160064,1.9809959268199484,1.5072749258865592,0.14139683150955237,0.8584003123278496,0.3645043239643016,0.28934938814849476,0.490459912402993,0.3110776865994953,0.16371591281937053,1.026958741719844,1.8378397161920006,0.05122049,2.491341,9.0,3.25
ds005291,sub-035,29,Cz,1000.0,-2.2324066162109375,0.35,5.698641777038574,0.3,7.931048393249512,0.08878798371392375,30.0-100.0,-321.31648120690704,-2.8481103890883994,41.901163996655185,4.788664350499059,2.0475321419363404,1.389497946885794,0.22985788709863764,0.7192336358024035,0.24179442028302517,0.30605371783022817,0.4952903956687244,0.31641152544259304,0.12397875613432284,1.0267930256806252,1.7747323155337067,0.03935689,3.4075117,10.0,3.25
ds005291,sub-036,0,Cz,1000.0,-26.347000122070312,0.15,10.4932279586792,0.3,36.84022808074951,0.44162531043579484,30.0-100.0,-1066.3481226281087,-154.97754487327015,59.6389008415129,77.42697814196248,26.76478322682186,8.826974841386708,0.3288581892104848,0.8128120566644742,0.24411046945964232,0.7072612586733154,0.5078545117402155,0.2941038071884454,0.166682052199043,1.027111643513263,1.8552480310811952,0.05281728,2.3164034,8.0,4.0
ds005291,sub-036,1,Cz,1000.0,-2.425474166870117,0.188,18.70247459411621,0.301,21.127948760986328,0.14121705783155128,30.0-100.0,-703.840996134866,-335.6217317461709,9.129314126238043,10.925017503998786,1.9220641662225069,10.278215881986968,0.20977964930292145,0.6790274047189618,0.3956621900076797,0.33503415833572525,0.5051830728965515,0.35397401141432827,0.2554792974942363,1.03090706711146,1.7394531885499365,0.069483414,1.905433,9.0,4.0
ds005291,sub-036,2,Cz,1000.0,-3.7997918128967285,0.285,6.572671413421631,0.313,10.37246322631836,0.018337621384395066,30.0-100.0,-1019.9901298292588,-263.2212471917723,20.22519995449121,55.523156855135454,11.638621246642721,11.904826323676453,0.09677124241650804,0.646672876917395,0.21355720546865636,0.36394643026688633,0.5023721336711913,0.32289200714890004,0.15178335327292244,1.023340875495295,1.8725193451091735,0.052502073,2.2037966,6.0,4.0
ds005291,sub-036,3,Cz,1000.0,-12.600895881652832,0.15,-0.43874096870422363,0.3,12.162154912948608,0.15004269174775525,30.0-100.0,-1493.3163070184708,-11.05414616172319,23.091010327609077,43.81024850724672,12.804282492194138,8.13969302318833,0.10788949788692913,0.48947155676030724,0.5871453961128844,0.37739682752031756,0.5054756083102456,0.31321119666510316,0.12086422478125289,1.0217890861498145,1.8786316433568264,0.041212216,2.862269,8.0,4.0
ds005291,sub-036,4,Cz,1000.0,-3.4988956451416016,0.341,6.482527256011963,0.511,9.981422901153564,0.05519185212526016,30.0-100.0,22.20034698037531,-11.502424138625976,23.3618739442476,27.509185767729463,1.9499444868932416,3.4525924063516102,0.3149829620939678,0.6105949809151795,0.4675160549424823,0.3478468774798717,0.5048637953571563,0.3091326303422907,0.17305217331257514,1.029441560155185,1.7773513104040537,0.05373552,2.6063309,7.0,4.0
ds005291,sub-036,5,Cz,1000.0,-11.829621315002441,0.15,6.189959526062012,0.325,18.019580841064453,0.04859838019040471,30.0-100.0,-4567.058390395245,-433.0371312636286,31.7807499232488,55.82076780803989,19.591958885319876,26.122533802054694,0.15067622715061663,0.7840774106453392,0.3846318532753978,0.6988538331218243,0.49253877354433107,0.330720216412071,0.10428917068274357,1.0226048025428112,1.9126766430459834,0.047753304,2.2642016,9.0,4.0
ds005291,sub-036,6,Cz,1000.0,3.227315902709961,0.326,15.170372009277344,0.305,11.943056106567383,0.2690553069837622,30.0-100.0,31.898917361055336,46.645798027920556,31.83212873012191,37.918544900536396,5.552517984074836,9.862902029505317,0.34240527633274603,0.2453376000930739,0.07355271098492547,0.18467717691783325,0.5095002631568233,0.34880042922247034,0.1632893063071813,1.0354711781085175,1.7443640294730218,0.05536875,2.3678403,8.0,4.0
ds005291,sub-036,7,Cz,1000.0,-13.932766914367676,0.35,-3.7761781215667725,0.472,10.156588792800903,0.3852993436504599,30.0-100.0,-884.5406614880583,-207.43596588805264,25.157756731327574,58.97778967244511,7.408222698345031,18.58434696308648,0.31223409262557983,0.3573529241400988,0.3344764685481491,0.5620935867185859,0.5091253390934986,0.3293298218329094,0.11996473102645296,1.0271693117756584,1.7490514993978996,0.05193765,2.2459252,5.0,4.0
ds005291,sub-036,8,Cz,1000.0,-16.428115844726562,0.15,-2.9213154315948486,0.486,13.506800413131714,0.0679483328119539,30.0-100.0,-107.39766263592591,-483.3594646223181,22.446153695787096,88.78949744322983,10.538089553206397,10.759231203404171,0.15837211123436257,0.6816468864671161,0.4366959343937063,0.7491897446998378,0.48461935023684893,0.29601265903037094,0.11181587923545959,1.0164601374195568,1.943751315626465,0.044971835,2.29299,7.0,4.0
ds005291,sub-036,9,Cz,1000.0,-4.085026741027832,0.344,10.77304744720459,0.401,14.858074188232422,0.06622675678440122,30.0-100.0,31.854250088337277,42.341787543986726,35.45288505088476,22.619885424530334,14.281528506771176,3.756442769832669,0.13334351925338905,0.42447691017643013,0.35795880460176926,0.5407459459433568,0.48289533601656115,0.3140975309856775,0.14881629034930643,1.0163445379671558,1.8429505457633977,0.04789002,2.200614,7.0,4.0
ds005291,sub-036,10,Cz,1000.0,-11.495914459228516,0.15,0.9029158353805542,0.328,12.39883029460907,0.1874418981460839,30.0-100.0,-34.202493847043705,-44.50548779271507,28.428807507344537,77.26639674585746,14.496017904842596,23.52486315961683,0.2977487005661688,0.07894021838721656,0.6494027220190546,0.48544491184217786,0.48075475695662956,0.33179365236685743,0.09734605261792614,1.0117956530366192,1.9486476366378804,0.049344946,2.1476598,6.0,4.0
ds005291,sub-036,11,Cz,1000.0,-22.783199310302734,0.35,-1.1752986907958984,0.3,21.607900619506836,0.2553313738404985,30.0-100.0,-9789.334281891774,16.78009371742854,58.60343704477664,22.202307587855397,13.287289161131726,10.909531509439635,0.4144404825576135,0.3526969051457122,0.2376898688300387,0.6388416607033958,0.494861176068873,0.3390661766673447,0.0926014442743111,1.0271478501416498,1.8074492726649816,0.03279517,4.0583277,4.0,4.0
ds005291,sub-036,12,Cz,1000.0,-6.814652442932129,0.331,0.9028110504150391,0.312,7.717463493347168,0.0911277506463101,30.0-100.0,26.030313337229703,-39.68756102150845,38.69251882064091,49.49795101644196,5.760328354237476,18.275494498100446,0.15672968567982473,0.19635969230360492,0.5722146290373386,0.5002204378100857,0.5098654870741137,0.34487047056830245,0.141327706118965,1.0298478681306122,1.7801486013601286,0.051590316,2.5057065,3.0,4.0
ds005291,sub-036,13,Cz,1000.0,-12.342926979064941,0.35,-0.38405847549438477,0.415,11.958868503570557,0.09513665726408634,30.0-100.0,-1121.0235059701258,-1650.334254760868,19.976224274799375,26.480402189671786,6.099295239072794,5.549779097724305,0.06351636179270403,0.5162879135321993,0.40726620604842256,0.5299502318417321,0.49320008655366954,0.33348637643289253,0.15235144095762793,1.0271997462492493,1.7875562821428574,0.049687147,2.6380537,6.0,4.0
ds005291,sub-036,14,Cz,1000.0,-9.965252876281738,0.344,2.4329967498779297,0.3,12.398249626159668,0.0718672382700586,30.0-100.0,-3468.048235616023,2.47076372512538,56.340248285731775,82.31674473769922,10.848056992203759,4.620358019190677,0.14721761439451256,0.5984319196458705,0.368344097121157,0.750168947096956,0.48755148242274,0.266310898382604,0.07856987188278579,1.0152766067853007,1.8384436894601546,0.032326005,3.0336204,5.0,4.0
ds005291,sub-036,15,Cz,1000.0,-16.523921966552734,0.15,9.860000610351562,0.486,26.383922576904297,0.25495351997302723,30.0-100.0,-1776.9378536375675,-218.62289513478112,35.499017061324544,97.2556284609169,7.946660066153709,4.825074539895064,1.337018612341479,0.4319738250324419,0.5859762517274264,0.6756613193297624,0.5147061425385058,0.29229568596472605,0.1500068954782465,1.0341638055847786,1.8731134612569063,0.049046203,2.688711,4.0,4.0
ds005291,sub-036,16,Cz,1000.0,-8.03292465209961,0.15,17.050264358520508,0.46,25.083189010620117,0.18846754574334992,30.0-100.0,-183.39319539854938,25.063312102970503,9.683808793502958,29.584632729584314,4.37656901652752,6.4605749341412215,0.3663702368616177,0.749845528847227,0.21459816269289272,0.22394223369132565,0.5122410439398533,0.37661714697709486,0.2967600753988879,1.033538822697689,1.7302265881043475,0.07767307,1.9030411,8.0,4.0
ds005291,sub-036,17,Cz,1000.0,-3.3194875717163086,0.15,8.877159118652344,0.388,12.196646690368652,0.1095438289115227,30.0-100.0,-75.06976708157849,-207.04983598214704,15.294250187678024,73.51111095568183,18.878902367561164,4.920111900892162,0.22355780589848598,0.7704183209834469,0.3820921024451937,0.3833712542174427,0.4955126052793634,0.30491912636895896,0.1524043647324096,1.0252690965194005,1.8789089025307513,0.048885144,2.308161,9.0,4.0
ds005291,sub-036,18,Cz,1000.0,-29.0931339263916,0.15,7.619664669036865,0.519,36.71279859542847,0.226894630523223,30.0-100.0,-329.61872477321026,-136.0326313623444,16.596032035734492,59.61332204736164,4.9267953032261795,7.811805136195828,0.38924911232993237,0.6625182098281923,0.2993936217957438,0.4647245872973726,0.49986965346098156,0.278164223858415,0.14648939556602494,1.0325500939643397,1.7832937241081182,0.055401996,2.1750793,9.0,4.0
ds005291,sub-036,19,Cz,1000.0,-17.655517578125,0.15,7.6759819984436035,0.382,25.331499576568604,0.03903206547523241,30.0-100.0,-326.2086674360039,-427.4526395463747,21.91680544092176,63.04606269387637,14.01851391554143,13.83286427611384,0.143337042032214,0.7420630518355993,0.31261595241483103,0.8403512084554581,0.4907015967339026,0.32176103371329184,0.12292030815236765,1.0191864694646624,1.8452583157108593,0.054989174,2.159088,5.0,4.0
ds005291,sub-036,20,Cz,1000.0,-15.51926326751709,0.35,0.905508279800415,0.429,16.424771547317505,0.1112222811469803,30.0-100.0,-63.504405968606946,41.52865537374389,32.20394951654195,60.40208374091178,10.932895107883194,13.333873105928978,0.07265070842074343,0.6661119329629284,0.35334481995532613,0.4480061009083748,0.49715214679913533,0.3272987792448562,0.12586708103652577,1.0213409194301017,1.804073778320952,0.050486628,2.2046585,7.0,4.0
ds005291,sub-036,21,Cz,1000.0,-18.453044891357422,0.158,14.580385208129883,0.307,33.033430099487305,0.1873042369125566,30.0-100.0,-26.127959418817465,-6.755503102882308,18.773410746312962,15.919087332705415,3.4604283932443467,10.811027871252563,0.17376101788405485,0.7640383181971094,0.28911999044813524,0.598609267746,0.5018825360662491,0.33191761460976815,0.21894900799047776,1.032887852552398,1.8035692265252954,0.065688446,2.1098747,7.0,4.0
ds005291,sub-036,22,Cz,1000.0,-13.068557739257812,0.321,-4.4806227684021,0.464,8.587934970855713,0.01948438604726228,30.0-100.0,38.990504597949375,-6.652583584617464,36.001520866029935,45.86870265456865,10.71884206079616,16.101018264145484,0.03856508928740306,0.44596111055032056,0.5246072129216522,0.5454646445556877,0.48491726351061853,0.32566804355219425,0.1280628455373005,1.0217224663500413,1.7740451230435723,0.049829748,2.2115822,3.0,4.0
ds005291,sub-036,23,Cz,1000.0,-25.401905059814453,0.15,4.31113862991333,0.307,29.713043689727783,0.06571736307795195,30.0-100.0,14.173856298114579,-256.70552854619035,44.087578268612134,52.22180575033139,18.895127532484793,12.117750341120226,0.1549113607496175,0.5637572613254916,0.3017857275097523,0.48150609311730963,0.47544668659334133,0.28305094366467537,0.11487237567938081,1.0170923031749906,1.9269272965451567,0.046391867,2.1279492,4.0,4.0
ds005291,sub-036,24,Cz,1000.0,-18.441051483154297,0.35,-1.5435609817504883,0.315,16.89749050140381,0.2124557597025137,30.0-100.0,-160.44677269034145,24.014806996674576,25.116499203291372,57.310168936302865,16.638227096540675,10.93912642908083,0.5542292728597638,0.350005832699417,0.49512346590669554,0.6834754487616952,0.49822659138966774,0.3320526295947175,0.13498800200951788,1.0262939904259465,1.784813812406315,0.05262843,2.309916,8.0,4.0
ds005291,sub-036,25,Cz,1000.0,-5.748105525970459,0.328,2.0296645164489746,0.31,7.777770042419434,0.024581670454246092,30.0-100.0,-5181.109943701595,-80.26996029760657,22.90476122653974,70.61475019211508,4.1327604839989664,6.400793914855783,0.03991630877083479,0.6368511589574549,0.603232147982945,0.7619066829649349,0.5020137311442305,0.3153139223489739,0.17702165564547345,1.032940676702145,1.8026002437669462,0.053101216,2.40959,8.0,4.0
ds005291,sub-036,26,Cz,1000.0,-7.594789505004883,0.323,9.351950645446777,0.448,16.94674015045166,0.07531316257101797,30.0-100.0,-350.82274671293175,-121.08955583797025,48.15729503229376,60.047042753535024,4.48313391830495,5.828525833826882,0.05222875152051323,0.7498752392273623,0.4288222530406593,0.843929180517345,0.49092168114909823,0.2928554716626408,0.1311639447649835,1.0176749503325861,1.8153178422182765,0.04508678,2.4497397,6.0,4.0
ds005291,sub-036,27,Cz,1000.0,-20.1706485748291,0.35,-3.0545759201049805,0.308,17.11607265472412,0.18734868780680447,30.0-100.0,-270.8608051855811,-253.34012255004578,36.83724122888901,46.0952119477978,4.146343529158241,8.848696347578253,0.25501911217037415,0.35814016405928023,0.30106721337884707,0.6350806939511224,0.49706884064764956,0.3038166828857731,0.13124119907525084,1.0286333555399125,1.7457930954316063,0.043859717,2.7253652,4.0,4.0
ds005291,sub-036,28,Cz,1000.0,-12.935622215270996,0.348,12.870340347290039,0.535,25.805962562561035,0.03945695963924983,30.0-100.0,-2526.8919325283696,-153.7301744814593,18.85948593952547,61.1515595566287,7.182364723129355,12.971190030745474,0.04863311156074893,0.8290018648095181,0.419603745904571,0.7209283711257802,0.4853479976287087,0.3142408768727252,0.1436935549244652,1.0220766395474439,1.817960314254037,0.051331062,1.9617598,4.0,4.0
ds005291,sub-036,29,Cz,1000.0,-7.364281177520752,0.335,10.913825988769531,0.53,18.278107166290283,0.047003142727656225,30.0-100.0,-222.7932605139798,6.667128555673266,11.465618533643578,28.97605964796128,4.465803785144159,5.391073662303926,0.15524772229664266,0.5267279093217587,0.5285043011847289,0.7454834003094944,0.5044698181465197,0.31363368062504715,0.19711574981912589,1.030099469973806,1.8336883574205352,0.056109313,2.2362807,,4.0
ds005291,sub-037,0,Cz,1000.0,-1.2631096839904785,0.15,12.714144706726074,0.328,13.977254390716553,0.23806836510452914,30.0-100.0,-19.49027792875546,-339.2741737832657,47.11733065487674,25.26714164064938,8.439608339993459,5.5354804846641095,0.5132654584819757,0.5300738607407572,0.4100599042983961,0.31572459625130517,0.491126026408317,0.32339770800374784,0.11528644372111206,1.018660682067864,1.9240465964082316,0.044366468,2.5210454,5.0,3.75
ds005291,sub-037,1,Cz,1000.0,5.225582122802734,0.154,22.114622116088867,0.33,16.889039993286133,0.06838424417008551,30.0-100.0,-13.0122244961053,-766.0596156596807,24.600633373535697,19.89181880548712,3.9489172671928787,5.406452056545594,0.1444547185927522,0.6472895692528517,0.1321849105922371,0.5158067791507602,0.5014891254112989,0.33191813562264383,0.12076529480591953,1.0220313355088184,1.7908447781811758,0.04229808,2.7889483,9.0,3.75
ds005291,sub-037,2,Cz,1000.0,-5.954083442687988,0.15,16.74420166015625,0.391,22.69828510284424,0.014443917333218257,30.0-100.0,-1694.5247402702125,-302.11729205755006,20.1765329274168,9.607068177200977,4.61934766547132,3.660073534861521,0.06713758710913079,0.4264831247536517,0.26398940316881464,0.3161815381944921,0.5000367978136803,0.33602561017298177,0.16568887229491827,1.0309907943423513,1.80801938469421,0.049094636,2.7500615,7.0,3.75
ds005291,sub-037,3,Cz,1000.0,-14.183969497680664,0.15,14.49267292022705,0.331,28.676642417907715,0.10261835019821872,30.0-100.0,-377.44321700442714,-20.091477399530007,41.794384227079505,9.60461505906828,1.33439126144371,1.7848187885955222,0.11046361562382173,0.6466420510902307,0.4294083693221727,0.17127047836695436,0.48491976766150297,0.26521990121692834,0.10964863719647998,1.0250419407285913,1.8248348233130969,0.036529463,3.6777387,6.0,3.75
ds005291,sub-037,4,Cz,1000.0,-8.267378807067871,0.35,10.686086654663086,0.3,18.953465461730957,0.04971677990965579,30.0-100.0,31.53035163968453,2.640900145874307,81.84139154330475,28.166698959638484,1.291086552013435,2.636571240081109,0.04770032878880161,0.5163487021171069,0.24818771316727417,0.2541299253794655,0.48761651243707277,0.27258352327725616,0.09379966965541252,1.0200366711083597,1.8678717112087126,0.036103766,3.011126,9.0,3.75
ds005291,sub-037,5,Cz,1000.0,-1.935318112373352,0.15,13.23853874206543,0.3,15.173856854438782,0.0038080731843641927,30.0-100.0,-539.9305518946372,44.83047162409877,48.59735910159502,11.827566250579865,6.862452239228142,4.106401069943568,0.02489942371494945,0.5644816367623767,0.20093159264013058,0.4006250339087625,0.48437668576499454,0.33099323098196953,0.11187845159521355,1.0195183666989802,1.8512669093308654,0.041492894,2.728568,4.0,3.75
ds005291,sub-037,6,Cz,1000.0,-6.682336807250977,0.236,10.505403518676758,0.333,17.187740325927734,0.014723748377628769,30.0-100.0,-187.00149523789554,-523.5352746227975,24.73822285676505,15.327146130052704,1.5425398598500544,4.634034939804895,0.06630988735240743,0.4546563013645567,0.190857512003907,0.6231915416596449,0.4884415109959814,0.34540499797280083,0.17233412009959684,1.0219874879355362,1.7772061271328512,0.050874338,2.3099353,3.0,3.75
ds005291,sub-037,7,Cz,1000.0,-13.094035148620605,0.172,10.411932945251465,0.302,23.50596809387207,0.061499442511253825,30.0-100.0,-83.20722264716073,-23.220887292221185,20.53591149231702,10.713474335072437,12.120929859851492,4.432580132992498,0.1889859538855037,0.6909284649953492,0.2117208907722052,0.7406891780027782,0.49336764411626916,0.31827591301665625,0.15709451533301627,1.0247339605817662,1.8167904651672977,0.053123683,2.1629107,3.0,3.75
ds005291,sub-037,8,Cz,1000.0,-14.77425765991211,0.161,10.229788780212402,0.314,25.00404644012451,0.001832885107689859,30.0-100.0,-882.8896955951567,-213.46278750289576,5.079236332240301,6.241600203858098,10.361608998492342,3.293462755048976,0.09461787646259892,0.5689481486364676,0.25772879948690575,0.43280982839228066,0.5040190773662628,0.3541046065019153,0.20270845523759232,1.0251674151472343,1.86630958731308,0.06144185,1.8940824,6.0,3.75
ds005291,sub-037,9,Cz,1000.0,-12.677177429199219,0.15,15.05217456817627,0.34,27.72935199737549,0.013497880221447232,30.0-100.0,2.342565698332984,-4.756329040214589,55.37112465709216,11.466799248071936,9.392960354702321,5.691154433060831,0.06725168650154766,0.5099075019704896,0.25969212577158113,0.35211598606475386,0.48778430779619414,0.3259877562337635,0.11514635214644621,1.0199692018458322,1.9001228782791282,0.043027624,2.4318154,3.0,3.75
ds005291,sub-037,10,Cz,1000.0,-12.658815383911133,0.15,15.390738487243652,0.361,28.049553871154785,0.049220701979773344,30.0-100.0,-226.31944709482772,-167.1279171788475,13.731521983257807,18.21231154040676,5.279771628046403,4.264316076079961,0.05685732697453022,0.5144198450163183,0.2099375217721209,0.27769629950759667,0.4863082890178313,0.3132221282788721,0.18243672104709777,1.0209425298223462,1.8467874942871363,0.05440077,2.0148027,2.0,3.75
ds005291,sub-037,11,Cz,1000.0,-12.410443305969238,0.174,17.63816261291504,0.308,30.048605918884277,0.1698911764681756,30.0-100.0,-392.5908092286724,9.088144269240852,13.976218300839506,13.959241627853004,3.8371148305251515,2.905415048560213,0.4172106457053145,0.6904684378312886,0.060789891252184036,0.13189418112434756,0.5042275264560154,0.31249840904871784,0.17998881451789903,1.0317096639401242,1.7581286555675806,0.052914485,2.5528088,4.0,3.75
ds005291,sub-037,12,Cz,1000.0,-15.410698890686035,0.151,11.715210914611816,0.3,27.12590980529785,0.043733343886759056,30.0-100.0,-978.2646201653516,-159.1088210188327,25.39577547638583,9.386231711384458,3.917953481155548,3.8439973694717846,0.11160436914753219,0.5256404776986024,0.21744692872835766,0.04607864600235619,0.5002331974770923,0.29631785993248555,0.13992707560904355,1.0271678743694104,1.8321997105673764,0.04675859,2.737142,8.0,3.75
ds005291,sub-037,13,Cz,1000.0,1.042096734046936,0.15,18.68991470336914,0.359,17.647817969322205,0.04602757000203335,30.0-100.0,-34.72363117392984,-26.107760779256633,37.58504996686082,21.58692250902724,19.84577200124319,4.338724987289882,0.06008250019178247,0.6389539528477406,0.41177447241081416,0.21842543178826582,0.4859745158257004,0.33509036166229855,0.1370002677888383,1.0274452700368615,1.8621053470019906,0.046815135,2.419489,5.0,3.75
ds005291,sub-037,14,Cz,1000.0,-1.3007211685180664,0.15,23.633888244628906,0.316,24.934609413146973,0.020239128278528595,30.0-100.0,-378.92472713378896,-226.38854931185475,46.07200622558594,11.993025304474655,11.70500957476312,4.0201284177394605,0.04245238742434302,0.43133854989418313,0.3734445645379095,0.5973929520906582,0.4860132926653454,0.30829214619652956,0.12136297701601231,1.0169050801406783,1.8111085982791273,0.045584664,2.3422074,3.0,3.75
ds005291,sub-037,15,Cz,1000.0,-10.642281532287598,0.151,10.937714576721191,0.488,21.57999610900879,0.03446446541930165,30.0-100.0,54.40275695226604,-305.56062352512356,24.90328366430962,12.661444889453879,12.455118615407656,5.0016385559964265,0.03169701930785392,0.49729737800181106,0.3624030249962166,0.3340902159043123,0.48030420035557386,0.31670287078010245,0.17559652879654922,1.015134893241773,1.8928908503115658,0.05290606,1.7531266,7.0,3.75
ds005291,sub-037,16,Cz,1000.0,1.2000025510787964,0.15,13.17846965789795,0.316,11.978467106819153,0.012159510362613054,30.0-100.0,61.96080793950745,54.95876641263821,22.015034953973664,38.54165728163639,2.9099014702435992,3.0624893515657106,0.05779312056706914,0.8011139781149652,0.33439730130409484,0.4475872214423045,0.4836510950897426,0.29996368247373234,0.1380932696692429,1.020017135519172,1.879392639447411,0.04562877,2.1438208,8.0,3.75
ds005291,sub-037,17,Cz,1000.0,3.5999560356140137,0.15,21.898170471191406,0.334,18.298214435577393,0.10036308022005254,30.0-100.0,11.1304398034492,27.925627560336196,52.20167433117391,17.441471197232023,12.078784943685417,5.386462143635775,0.3468231248065395,0.6757058866162952,0.26046110471582024,0.4383942881762124,0.4997469528758642,0.34376928706700444,0.14000326759653914,1.0199821470486168,1.816192484618388,0.046746172,2.5623817,9.0,3.75
ds005291,sub-037,18,Cz,1000.0,7.576104164123535,0.35,23.494295120239258,0.314,15.918190956115723,0.012313076709544074,30.0-100.0,-0.14701761540582647,-330.13291459602556,55.97529480115952,7.562328655103203,3.6417869034406207,4.268145699314483,0.024357996895472283,0.47843114931601305,0.33749038621430566,0.6138298604688179,0.4754879889356657,0.32011285201186856,0.11375492370701129,1.0243977956138564,1.8365557431308597,0.035974253,3.239874,6.0,3.75
ds005291,sub-037,19,Cz,1000.0,-1.1400777101516724,0.15,12.985607147216797,0.311,14.12568485736847,0.03739572914844008,30.0-100.0,-1197.2716759210703,-402.3623290174704,16.55314421150978,24.342599904762118,8.439227029036203,4.517338799930836,0.25461268352595406,0.48043116951620046,0.12959676321256014,0.34815814983311183,0.4860815309088366,0.3392278763224589,0.16335439614954764,1.0214475707564121,1.8356611402187877,0.054800842,2.0908084,9.0,3.75
ds005291,sub-037,20,Cz,1000.0,-7.971645355224609,0.15,10.976731300354004,0.323,18.948376655578613,0.060726146439972824,30.0-100.0,-9175.769645427074,-101.77030401488784,15.875940185275908,12.375937979440973,4.113534711441902,3.790824786738206,0.23923392359551973,0.42688420058161297,0.09464899247490627,0.21665731198886357,0.49235607821111693,0.36243621862776737,0.17708814036786674,1.023515181783606,1.8608217331928432,0.054243613,2.0957017,8.0,3.75
ds005291,sub-037,21,Cz,1000.0,-1.9129393100738525,0.157,18.11821174621582,0.3,20.031151056289673,0.003823688193218056,30.0-100.0,-45.403292026555285,-2.8063917011759356,60.40592172434275,12.801776450958423,4.571611291163503,2.488953019022016,0.027208606737300738,0.6820179210125329,0.12106505378064981,0.460857703345369,0.4869579737164343,0.30073734689751613,0.09319932061151463,1.0206387893557354,1.8040711159365945,0.034623664,3.3937862,4.0,3.75
ds005291,sub-037,22,Cz,1000.0,-11.459969520568848,0.15,10.086389541625977,0.331,21.546359062194824,0.08106710496719087,30.0-100.0,-3527.586386010484,-258.05317291733564,26.68020966050363,13.592785127154993,13.699886139966004,7.832790221543477,0.08683948405973443,0.40329688264977126,0.6312896144471476,0.6582149498544606,0.49363362030948704,0.3532397390149525,0.1979166035775353,1.0249822445133374,1.8595514972931348,0.057877727,1.9175942,7.0,3.75
ds005291,sub-037,23,Cz,1000.0,-3.366365432739258,0.223,10.607633590698242,0.448,13.9739990234375,0.2732755320092513,30.0-100.0,-430.2065469886875,-271.54016639567675,14.240985705241247,6.881449251672403,3.100438334965678,4.420406903480319,0.49526563962561065,0.46413270006404206,0.14924467883260084,0.5504555659944066,0.5047322279590695,0.36998168794641756,0.2351265926190774,1.029573815980855,1.7813371266057167,0.06700411,2.0704923,8.0,3.75
ds005291,sub-037,24,Cz,1000.0,-11.877395629882812,0.245,19.25819969177246,0.359,31.135595321655273,0.05695978653604834,30.0-100.0,-80.96877166221276,-434.0979626628008,11.810335811314385,14.346458406480117,1.07640132192237,4.317559785603419,0.08672996666734459,0.7780099209638923,0.3526030557264936,0.2993514520888511,0.48687053357640975,0.2976426658670873,0.14891512295985931,1.0238145285712597,1.8293951844221408,0.048194684,2.6651008,6.0,3.75
ds005291,sub-037,25,Cz,1000.0,-8.429100036621094,0.15,12.256678581237793,0.333,20.685778617858887,0.007393944637210705,30.0-100.0,-517.9371642160335,47.48678104950623,11.323990753038345,6.477380830889667,2.095596176405725,2.713944666815321,0.04722717917604734,0.5040985763903613,0.295835340587434,0.2591564165491302,0.49224221073774405,0.35489253456154257,0.18400622623869492,1.0280853805250099,1.787117918642352,0.05871062,2.1495705,4.0,3.75
ds005291,sub-037,26,Cz,1000.0,-3.0740766525268555,0.15,6.1220808029174805,0.476,9.196157455444336,0.011715472898854622,30.0-100.0,-54.24987001371897,65.34115071557179,14.77466492224216,6.814216667751096,4.837335942191103,2.98168022520468,0.03517975481118618,0.6108990394145379,0.35689166228819635,0.5348755088544421,0.4913204855791618,0.350063778092865,0.20101218142914715,1.0266429188466888,1.7909404753622753,0.059614576,2.0945978,5.0,3.75
ds005291,sub-037,27,Cz,1000.0,-3.717250347137451,0.35,3.715536594390869,0.55,7.43278694152832,0.008828202427052734,30.0-100.0,19.56009383393809,-31.405011202887223,25.684768431194613,16.14592104455607,3.3757365768678174,1.3153644466770607,0.038261519608639015,0.6411278333267822,0.5044507993184177,0.2774342767004012,0.4700133677645701,0.27711778453952907,0.11170859805708212,1.0193610005887344,1.8739224232659801,0.040482216,2.5153124,9.0,3.75
ds005291,sub-038,0,Cz,1000.0,-10.896871566772461,0.171,12.009973526000977,0.332,22.906845092773438,0.19166213337516647,30.0-100.0,-366.7428469022758,-16.767643282397273,18.353894071758916,15.823471162480597,2.024305515098783,3.5290447633287623,0.45431322540395874,0.6988412604432993,0.31821086609291,0.8155458412304678,0.5044375892557551,0.2786090820589615,0.15966323674613198,1.0276411206048135,1.8093477919876142,0.049784765,2.7690792,7.0,4.0
ds005291,sub-038,1,Cz,1000.0,-46.31435775756836,0.348,37.25547409057617,0.544,83.56983184814453,0.04560021151967555,30.0-100.0,-22574.706024243857,-3462.906010329642,91.91377154994883,27.29792150355603,1.8562710907033222,6.0539076830385525,0.11064540288107835,0.864179220461725,0.566718940846172,0.8827392886997032,0.48609389068911685,0.26578672605352965,0.058725011578867545,1.0181234118162779,1.8282037365899333,0.023364935,5.0747056,8.0,4.0
ds005291,sub-038,2,Cz,1000.0,-21.339445114135742,0.347,-12.426244735717773,0.373,8.913200378417969,0.16010468610808845,30.0-100.0,86.50577339623493,-157.85048883894163,18.061339392116942,13.211992816311138,2.4057049862420254,4.281081398664771,0.31365883031835157,0.7653692519751233,0.24271259027652095,0.432054259733863,0.4932675219076018,0.3407292497334426,0.10913402061651431,1.0278998592093564,1.794682225914836,0.035986457,3.6113727,6.0,4.0
ds005291,sub-038,3,Cz,1000.0,-12.581031799316406,0.197,5.598384380340576,0.352,18.179416179656982,0.10312725059174058,30.0-100.0,11.8611225252486,-4.15415870155286,6.25861312917017,3.8638600498669424,6.483469898507545,3.918145228173174,0.20166476926931795,0.7999786510098087,0.6352483369144907,0.3969920674406911,0.5028028718685577,0.3702328341689125,0.251127917660917,1.0300166117875234,1.7761905021193016,0.06721325,1.9070934,7.0,4.0
ds005291,sub-038,4,Cz,1000.0,-14.268143653869629,0.166,2.2682788372039795,0.307,16.53642249107361,0.01670153751666933,30.0-100.0,-124.03142380937484,-3.7423955295769944,18.184177618841748,18.49059100685585,0.39923414339897495,2.4579886603401713,0.11741362728484976,0.8928727606457488,0.1104483906273702,0.5155295508421912,0.5178478199416398,0.27206063628657606,0.1518081036927335,1.0361984559893953,1.8172973664474201,0.048868064,2.878228,6.0,4.0
ds005291,sub-038,5,Cz,1000.0,1.860102891921997,0.258,9.658272743225098,0.503,7.798169851303101,0.0038192582149493806,30.0-100.0,14.545788616494326,-209.60933930618663,5.154292009249908,0.7636150330735099,0.5701140941975513,2.3065245261707332,0.014339795010616984,0.37731291759360697,0.5797511145100448,0.5851007465818652,0.5118757815841383,0.418518440735086,0.28243196356691397,1.0361057699578764,1.6865447724148654,0.07109457,2.0463092,5.0,4.0
ds005291,sub-038,6,Cz,1000.0,-11.184764862060547,0.15,15.911846160888672,0.312,27.09661102294922,0.01295046898518378,30.0-100.0,12.944187295089247,-62.3864302505861,39.26983366531219,15.382526981976135,1.2080696360781775,2.649826095847787,0.07942297776844581,0.8287505483802121,0.20592220094826594,0.6111852981583823,0.49776738116598573,0.28882800439437256,0.15410180516631655,1.0309160939104618,1.8197583516446152,0.047368385,2.8529289,5.0,4.0
ds005291,sub-038,7,Cz,1000.0,-17.61136245727539,0.247,2.022947311401367,0.545,19.634309768676758,0.13923585884429845,30.0-100.0,88.65416411265076,65.34442998788894,37.26714512087264,0.6027068988266053,0.18635809578654772,1.4506284474135764,0.19338803626269846,0.4372494405521004,0.11329982528821855,0.28276763529111637,0.501788805990489,0.3282369110299384,0.10199254705359741,1.033305888827989,1.7022418879717922,0.03358647,4.249191,6.0,4.0
ds005291,sub-038,8,Cz,1000.0,-17.000974655151367,0.201,22.858165740966797,0.342,39.859140396118164,0.11467717470411537,30.0-100.0,-7180.562839824134,-217.92969353610516,56.92943272394821,11.784881915686263,2.42174161261115,8.045854516219881,0.21804877281118568,0.7633150761950788,0.053780797921124966,0.5170066798823574,0.4840649198916159,0.3339954735725546,0.09289002573169408,1.027238599312962,1.8043334928868189,0.031987436,4.056011,7.0,4.0
ds005291,sub-038,9,Cz,1000.0,-13.427103042602539,0.204,8.348649978637695,0.352,21.775753021240234,0.04496819065929284,30.0-100.0,-6378.244967011442,-112.47173776021519,14.492581607763562,8.76907238552758,3.3440530366294268,1.781819009952884,0.07101146518154451,0.723313162648968,0.6656027844026946,0.5438033901317767,0.5037927224912453,0.3268994367488401,0.17146335249860478,1.0310055521703876,1.8157010131891624,0.05255929,2.5678744,5.0,4.0
ds005291,sub-038,10,Cz,1000.0,-14.042644500732422,0.165,17.20355224609375,0.333,31.246196746826172,0.10406835849859433,30.0-100.0,64.66447448095099,31.395030788168537,42.096556093002135,16.53498788255698,1.6288286308601874,2.467280454296913,0.19420759008571836,0.6734366473516488,0.6591397781191769,0.7392150472864688,0.5065555043313477,0.28380632805791317,0.1190951808723577,1.0291863593038189,1.792184348679835,0.037805162,3.51324,4.0,4.0
ds005291,sub-038,11,Cz,1000.0,-15.070274353027344,0.15,1.1770009994506836,0.33,16.247275352478027,0.08737238796956003,30.0-100.0,23.430539077455514,-45.46484853861842,21.226778146826334,8.451315856535611,0.9803111095407295,2.982339901347272,0.12793179999887624,0.6411164760825081,0.19408049444102918,0.7062712116641755,0.5041387513419516,0.27193616123331293,0.10366554354473631,1.0314569724249025,1.8488782827934125,0.03784722,3.5397775,4.0,4.0
ds005291,sub-038,12,Cz,1000.0,-12.863399505615234,0.169,9.458650588989258,0.329,22.322050094604492,0.0010302894275615222,30.0-100.0,-4.770443060715401,-234.0101910416048,20.53067316358018,5.032726384691076,1.1334137765734091,3.8883074183641346,0.05589968882951334,0.6949176129520425,0.04982381589828188,0.6028086560063833,0.5083229249716866,0.3126111261075745,0.1634073733156513,1.0332551239584646,1.8168921294994391,0.05006599,2.746791,7.0,4.0
ds005291,sub-038,13,Cz,1000.0,-9.831381797790527,0.154,11.552720069885254,0.452,21.38410186767578,0.10909725156148628,30.0-100.0,-200.60454349282318,-1084.2074092120713,17.739289608700293,9.590404544368832,0.32381375178645105,2.1382825124541607,0.21474624207580212,0.7060653586420879,0.6632678884110363,0.6738769828287502,0.4928781186652449,0.3011790706895408,0.17508499360050447,1.0222732080356893,1.8489617090752346,0.054434296,2.3038015,4.0,4.0
ds005291,sub-038,14,Cz,1000.0,-16.54288101196289,0.169,2.257920980453491,0.333,18.800801992416382,0.07877331898866938,30.0-100.0,-324.4304324710476,6.413779666319945,7.040340283866992,12.560231571853755,1.142034627555081,2.4643419734248835,0.07166038504670175,0.6051325611100375,0.21327815179746848,0.36981069008670714,0.4968085326309232,0.300856417336116,0.18954744696851444,1.022973357902905,1.7832098556286036,0.054007832,2.3351364,4.0,4.0
ds005291,sub-038,15,Cz,1000.0,-19.56141471862793,0.171,12.974812507629395,0.301,32.536227226257324,0.036485665844509914,30.0-100.0,61.21141497380434,-39.31172428306215,45.360105813012666,15.37341203594314,0.5325146937343836,2.0425538093132793,0.06312167775351844,0.8045752462312633,0.35620615813228107,0.5747176541001475,0.4816669893097626,0.2503501575815399,0.11321208440993424,1.0248223779590593,1.8299853252755538,0.03672949,3.6144557,4.0,4.0
ds005291,sub-038,16,Cz,1000.0,-11.40731430053711,0.15,4.79707670211792,0.304,16.20439100265503,0.06245980447752097,30.0-100.0,-51.7567242218979,-0.02787846112620299,20.71796961285827,13.669548500391276,1.8049074661453874,2.998709850236525,0.22577791427544253,0.8255999420223803,0.2509685426529516,0.6471748794650151,0.503305249616107,0.3062509717206485,0.17893455705023223,1.0284975602999393,1.7981668112732136,0.05234454,2.619752,4.0,4.0
ds005291,sub-038,17,Cz,1000.0,-15.83060073852539,0.15,8.523448944091797,0.363,24.354049682617188,0.06224656864197313,30.0-100.0,-120.47752406795391,49.23584930182409,36.35207079888448,16.392257449100335,2.3113943628148155,1.8876638205579324,0.15029399327824383,0.8048967157365734,0.12180611630879672,0.6417839195368317,0.49367974837603346,0.2823683268185084,0.15442043651860393,1.0250443060975951,1.846941932909267,0.046994552,2.7623909,3.0,4.0
ds005291,sub-038,18,Cz,1000.0,-15.852014541625977,0.15,2.024970054626465,0.3,17.87698459625244,0.08434560855429016,30.0-100.0,35.54469721093428,-13.27900842541783,26.47933049683565,7.617743510120321,0.22866034241482106,1.5865984754213083,0.27128485464511076,0.6000756315791786,0.3456382921733001,0.45549458173601665,0.5139034471673616,0.2698712841002259,0.14316489920630154,1.0410523799927802,1.774073687820627,0.04392627,3.4165692,1.0,4.0
ds005291,sub-038,19,Cz,1000.0,-2.6013948917388916,0.15,9.99634838104248,0.322,12.597743272781372,0.17838876623066782,30.0-100.0,-317.2555762021165,-110.66778515434967,34.00553873720497,10.670758014778453,1.3059051035511633,5.143668837473209,0.25315370663077047,0.6395523126260945,0.3522374122033892,0.6448962033584223,0.5059939364093343,0.3198089542324306,0.1553917491277693,1.0316996479363763,1.774431433141506,0.047392886,2.9734,3.0,4.0
ds005291,sub-038,20,Cz,1000.0,-14.770917892456055,0.15,6.620152473449707,0.3,21.39107036590576,0.10658085646697674,30.0-100.0,-120.09366507227746,-50.88995057991988,48.32048871276381,15.412402007476604,0.9312738853607001,2.1992255907741414,0.25089990189058614,0.6754659929196732,0.28263649026085175,0.5979404386371996,0.5027406867126375,0.28136551499033013,0.14399392044493461,1.0276699395730322,1.8057272033118104,0.04233197,3.2787745,4.0,4.0
ds005291,sub-038,21,Cz,1000.0,-32.253929138183594,0.156,-9.182151794433594,0.55,23.07177734375,0.12274844683984776,30.0-100.0,-1291.5707636267139,17.347465353585196,77.62119957927064,8.345154890341975,0.8764325017802057,2.3054260911459257,0.19713571191421142,0.6813134791694335,0.2992324885089576,0.4611900858770872,0.5066967544535145,0.249546467135203,0.08223620596585886,1.028813931064985,1.8422658906405698,0.02844491,4.7207856,4.0,4.0
ds005291,sub-038,22,Cz,1000.0,-14.34797191619873,0.164,4.972227573394775,0.306,19.320199489593506,0.044644766974102065,30.0-100.0,-183.59257803895133,-29.722120351039084,10.13313414121706,5.15542390211573,0.599214970470136,2.27122085290929,0.040687291499720106,0.7758066056344541,0.11964667259413743,0.6604627366771758,0.5011094056991794,0.3208524966367457,0.1803532798392388,1.0323569562751915,1.7806399105965434,0.05202031,2.6085172,4.0,4.0
ds005291,sub-038,23,Cz,1000.0,-11.83666706085205,0.15,21.627090454101562,0.406,33.46375751495361,0.02826225904402561,30.0-100.0,14.667331672857362,4.810938732811778,94.97524181031491,7.592234640618937,3.1967505101490747,4.195913275523932,0.0703488434141477,0.7258386688777011,0.3355532987381823,0.44350092537635166,0.510899637862266,0.2762811590658175,0.059324454949786644,1.0322397459915276,1.7782496224851034,0.026377007,4.977431,8.0,4.0
ds005291,sub-038,24,Cz,1000.0,-8.835334777832031,0.15,9.712313652038574,0.514,18.547648429870605,0.07680307744318024,30.0-100.0,-321.76488946608146,12.863167331788574,13.337706355222984,5.685530280431817,1.9412374787537023,2.8770263001868512,0.1985009949906959,0.8863017049543257,0.6664260737528482,0.6122072148926319,0.49985274503304344,0.3322286730500261,0.18551763068562832,1.0314156153084533,1.7527558739339304,0.05416182,2.522878,6.0,4.0
ds005291,sub-038,25,Cz,1000.0,-20.482542037963867,0.15,4.988863468170166,0.547,25.471405506134033,0.08354688128916533,30.0-100.0,-71.49606363318942,-126.0783549452093,68.62396934585486,7.553209739837479,7.156523430387135,1.9877956793555671,0.13138701465070463,0.7091180369765913,0.5251808378531858,0.30805706491731166,0.5005695526928045,0.28097297785809017,0.10719073633343792,1.0282868255070454,1.8482943074958071,0.036565088,3.4811614,2.0,4.0
ds005291,sub-038,26,Cz,1000.0,-21.43877410888672,0.15,-4.474058628082275,0.3,16.964715480804443,0.02027520930997255,30.0-100.0,67.9129703239331,-179.33472967488183,26.80278591786849,8.62975926298677,1.0566743510412455,3.9898648498358655,0.10439323888577345,0.870117454371116,0.06059235199249907,0.6707725250657086,0.4976830861503693,0.30385067590755277,0.13518448233922725,1.0283584350196369,1.8158060361123627,0.04165458,3.2201314,3.0,4.0
ds005291,sub-039,0,Cz,1000.0,-16.281944274902344,0.15,13.318622589111328,0.301,29.600566864013672,0.22594766819677012,30.0-100.0,48.009325859968364,-14.132039249979425,26.041600865608576,15.107369978605181,5.502610307157899,3.153401068292897,0.2433505615676102,0.4802288031342028,0.11492904479462779,0.27290973783570494,0.5108443070937415,0.28925625014220624,0.14442047709230743,1.0314993516067048,1.7992402770411804,0.04737487,2.8943827,4.0,4.0
ds005291,sub-039,1,Cz,1000.0,-25.99343490600586,0.33,4.135802268981934,0.536,30.129237174987793,0.05720498490750388,30.0-100.0,-82.5582528835384,-412.38123986121377,30.97504119364985,54.61040797429397,2.5729711325663427,16.51594013112135,0.36697255889795294,0.18079934923653945,0.38528026595901815,0.5537986801096296,0.517001632431267,0.33710194754345074,0.13426962847308094,1.035365274219784,1.7977037936476186,0.04811294,2.8515704,8.0,4.0
ds005291,sub-039,2,Cz,1000.0,-16.088123321533203,0.181,13.551711082458496,0.301,29.6398344039917,0.023817959338448456,30.0-100.0,87.36682100072649,-341.6467199370109,35.26662959904306,17.179252040240662,0.8403242428215439,6.019878574335879,0.13648164002791485,0.5779019159570478,0.4636485036993525,0.34445977839605346,0.5064617603485527,0.26029932066175765,0.13960999438570673,1.0262537569556576,1.7736899096814842,0.048142325,2.748248,5.0,4.0
ds005291,sub-039,3,Cz,1000.0,-12.81284236907959,0.176,11.934464454650879,0.3,24.74730682373047,0.13741668330825232,30.0-100.0,-1192.5226718327713,-326.51977279474715,27.23368741034403,6.017170259346576,2.371866351094812,3.72395949328647,0.3437832903963556,0.49898260669369937,0.5018211032473554,0.03281279019926134,0.5122076744620349,0.29075093627722104,0.1394275269935474,1.0316519302789973,1.8210186480403323,0.045253154,3.0269687,4.0,4.0
ds005291,sub-039,4,Cz,1000.0,-14.00314998626709,0.15,16.749862670898438,0.349,30.753012657165527,0.08424800838423342,30.0-100.0,-95.57116851261269,-668.4849332863485,32.24517132148362,8.254176239326977,0.6064292163351399,8.218027151021259,0.14551365393361151,0.5396808053018034,0.22068431643379316,0.35025253482901286,0.49119543726975884,0.3402508639962897,0.16177669203019107,1.028909306963013,1.7358653130650412,0.05597207,2.4266543,5.0,4.0
ds005291,sub-039,5,Cz,1000.0,-16.316347122192383,0.153,8.43729019165039,0.341,24.753637313842773,0.05519929508022053,30.0-100.0,-13.159168651807793,-237.11488953074982,27.342068103786048,12.852911679249889,2.4264022856785377,5.357062752119841,0.20433039007654955,0.8196939789624018,0.1807881563003894,0.3193645150626817,0.505184669990545,0.3007583206197645,0.13137517596336223,1.0302076864948282,1.846217103002691,0.046607736,2.8993218,6.0,4.0
ds005291,sub-039,6,Cz,1000.0,-10.868197441101074,0.15,32.04500198364258,0.3,42.91319942474365,0.15062419366850296,30.0-100.0,-350.5527978719449,-201.6816351077655,45.60928048357185,14.106087031031027,5.319673133875501,5.538192517708132,0.07499930534488129,0.6813233340401105,0.3756855823000477,0.23002912629505462,0.5038781482893937,0.26673467452382815,0.14171150226881254,1.035429949488733,1.7746550979693294,0.045969732,3.1492746,6.0,4.0
ds005291,sub-039,7,Cz,1000.0,-20.1328182220459,0.15,21.899227142333984,0.3,42.03204536437988,0.3247602972463252,30.0-100.0,-97.0041275965998,-83.19790389893242,44.65114580804315,39.35899639235484,12.400069326724644,3.6116244145291763,0.30574836835672337,0.7567225084168442,0.16721591027761748,0.43972774366844286,0.48131220997169044,0.2906330468416976,0.10750907935434582,1.0179800319837011,1.9104993587023407,0.041679196,2.7052066,3.0,4.0
ds005291,sub-039,8,Cz,1000.0,-6.708113193511963,0.205,14.827207565307617,0.3,21.53532075881958,0.02508762011977322,30.0-100.0,-555.7426420421438,-188.01613621892272,4.406238105003365,8.841664359783884,3.9077769307529233,2.7086081667560307,0.24365887992153248,0.8033240924570397,0.6723336502169318,0.5497166269519431,0.5121638603076041,0.34236842620146596,0.20320910523788857,1.0333126151232321,1.76939152697217,0.059250608,2.325031,4.0,4.0
ds005291,sub-039,9,Cz,1000.0,-7.763493537902832,0.162,17.5511531829834,0.3,25.31464672088623,0.10400027461948642,30.0-100.0,-1271.5013780621957,47.771555339490135,20.197723337865696,6.93005495410119,5.9114281795133365,4.007919648089565,0.580822548950729,0.6796883630512511,0.28374212285706313,0.3183567590793816,0.5151646733044237,0.37386037701658764,0.2387598952586683,1.039143423429901,1.7451996679331736,0.06719331,2.244909,4.0,4.0
ds005291,sub-039,10,Cz,1000.0,-20.694242477416992,0.196,24.582918167114258,0.339,45.27716064453125,0.10811760634781414,30.0-100.0,-3817.474876241416,-182.04719811528582,26.99979322731958,11.069574842971651,14.902763705407072,7.131321581037142,0.3188032240108116,0.7089886949705321,0.3118158315776491,0.507303976622426,0.49951518485663343,0.34226209689838605,0.13665934644204136,1.0251980967843266,1.829764829953291,0.055995233,2.1738896,4.0,4.0
ds005291,sub-039,11,Cz,1000.0,-9.384858131408691,0.228,16.248258590698242,0.512,25.633116722106934,0.014637132244118634,30.0-100.0,-1272.2141120704157,-137.307692569319,11.431044135056641,1.4043108670745914,2.368576121780108,3.232352716742821,0.12307708203108342,0.6431602966336587,0.29030424350545647,0.41047348223369207,0.5028908836194406,0.3815166098684128,0.19787047024971854,1.0312707581888758,1.844573894404838,0.05648702,2.3271463,4.0,4.0
ds005291,sub-039,12,Cz,1000.0,-3.127552032470703,0.26,30.323402404785156,0.416,33.45095443725586,0.03531400724569061,30.0-100.0,-1848.3312824138227,28.380597396312986,32.25286634066261,4.543722668180983,2.2966367224609687,2.1455445896408265,0.155453484631329,0.17478877290428477,0.21698664992964992,0.3500935589350408,0.5015858283590178,0.3361551722578444,0.0991014046065227,1.0380475098223036,1.764347252525407,0.03624018,4.0566397,3.0,4.0
ds005291,sub-039,13,Cz,1000.0,-0.4016900062561035,0.193,23.801965713500977,0.435,24.20365571975708,0.04995378822024612,30.0-100.0,84.0539040792078,-542.3448917810118,12.994475687515987,3.7851925695379087,1.2578923217993596,5.640246784448888,0.17678057552664286,0.32651530225260406,0.36139013276954246,0.22958434809360576,0.5119806638391236,0.37195235719832853,0.16052940381066644,1.0345184144850557,1.7268437160514638,0.04940798,2.9846973,5.0,4.0
ds005291,sub-039,14,Cz,1000.0,-7.358795166015625,0.234,9.467891693115234,0.355,16.82668685913086,0.0968682911439065,30.0-100.0,-239.76408654838175,-29.106444052086662,4.134549417188774,3.1829523987299067,2.061812448977894,2.122604811189905,0.1462683527542321,0.6011373859582687,0.18980518514180098,0.05832170617918324,0.5187297181144133,0.3761749546410138,0.26085441585179237,1.0433105563091973,1.6759000879112147,0.069298714,2.2726483,2.0,4.0
ds005291,sub-039,15,Cz,1000.0,-11.685380935668945,0.15,22.19598960876465,0.343,33.881370544433594,0.735125788826708,30.0-100.0,39.505191345500975,-115.782429799262,48.23162235509807,4.023420162391451,2.6180499401791097,4.456929771537653,0.857173006995846,0.4128384046433197,0.24813954247262493,0.18274898688097263,0.516910769525344,0.34083197463460335,0.17732989505388322,1.0420246585826194,1.690444805666729,0.05368487,2.9309287,4.0,4.0
ds005291,sub-039,16,Cz,1000.0,-8.277989387512207,0.15,30.868072509765625,0.38,39.14606189727783,0.04513064787046721,30.0-100.0,-209.42802994596136,-272.28095406128097,45.82305171513531,11.189950293097457,0.7085485774589562,2.916130684853658,0.10792458335805558,0.6642933021805943,0.08405594845208825,0.0533195863420954,0.4870686450951744,0.2354984732335777,0.091064844415243,1.0338030916909569,1.7803514896221446,0.03239215,4.258364,5.0,4.0
ds005291,sub-039,17,Cz,1000.0,-6.9937262535095215,0.264,18.607847213745117,0.338,25.60157346725464,0.9777948957578632,30.0-100.0,-1072.494560756258,-4.276579866409954,19.83764512954356,3.404192800130219,5.113785559276366,6.22078364138201,1.1841709119331558,0.1535506764511119,0.24799745027945674,0.2708194282664032,0.5202520119361809,0.41386485725264804,0.22269264503739994,1.045657956309686,1.6744625054006288,0.06845695,2.4017367,6.0,4.0
ds005291,sub-039,18,Cz,1000.0,-26.648876190185547,0.161,33.20375442504883,0.328,59.852630615234375,0.7660460238271957,30.0-100.0,-409.41909058740686,-840.6921560641562,138.91649828369953,6.936245237153587,6.739635314052298,11.288748398737425,1.6449122247017522,0.6034952551367267,0.2914377548825983,0.18279191168033412,0.4936408057252042,0.35852599020447745,0.10975858301631365,1.0305746829225222,1.768518978715311,0.041095704,3.4912894,7.0,4.0
ds005291,sub-039,19,Cz,1000.0,-17.374900817871094,0.199,18.226770401000977,0.332,35.60167121887207,0.022542827216889008,30.0-100.0,-3452.5324564680895,13.251522202602178,41.72628701196262,12.531649126990654,1.1733474331875884,3.5082967404056995,0.06436299145584924,0.7601702660443342,0.4759575250067345,0.12854191777706042,0.5136962921332753,0.28361713651486575,0.1477134206584211,1.0329946743419638,1.768815177513747,0.043387976,3.2274966,5.0,4.0
ds005291,sub-039,20,Cz,1000.0,-9.18095874786377,0.161,25.120849609375,0.336,34.30180835723877,3.708306911034562,30.0-100.0,80.92522163729613,-136.56787787778555,14.582147608851223,4.261127620373131,1.7881677894295915,20.839907204138978,6.975962311838113,0.4581351888507065,0.2582331829946092,0.16030831241145402,0.5211234660728833,0.4471564808647621,0.36065800055283925,1.050721563603124,1.565151399055484,0.10296632,1.6706312,7.0,4.0
ds005291,sub-039,21,Cz,1000.0,-13.371886253356934,0.154,13.905888557434082,0.333,27.277774810791016,0.06365634261562814,30.0-100.0,-1239.9299870624232,-34.708168885249954,35.737367898854245,5.045956234291577,0.21406616622811542,4.9035479908976525,0.13956972913416119,0.3677763063073987,0.3850536084780851,0.26934042929519086,0.5069040739960994,0.3061439420162016,0.17735244656197904,1.0330827918073726,1.7666428447020148,0.051696785,2.6730661,7.0,4.0
ds005291,sub-039,22,Cz,1000.0,-25.802621841430664,0.167,20.77362060546875,0.338,46.576242446899414,1.5481733879868154,30.0-100.0,-164.1885068391127,-893.1076631759643,59.42708141398879,14.705427743486242,3.235938248703137,15.402581398018722,1.6480000394534051,0.6932632233015465,0.3070530494020961,0.3447385623316984,0.5228969163752528,0.3237455348232177,0.13167020517428468,1.0387402965574382,1.7917850036932195,0.053163625,2.78186,8.0,4.0
ds005291,sub-039,23,Cz,1000.0,-16.637413024902344,0.183,13.159385681152344,0.329,29.796798706054688,0.6772681962179921,30.0-100.0,82.46482635526507,38.75440568811581,30.60528229132344,4.009536183237632,0.7326797262809915,4.860563466240642,1.1144862334473775,0.4940520245561855,0.0944279107045242,0.18165109089498782,0.5047327708410166,0.3356914334950225,0.12225261060074591,1.0296447387528984,1.7793801349992562,0.039973903,3.4666464,5.0,4.0
ds005291,sub-039,24,Cz,1000.0,-12.211043357849121,0.154,21.750080108642578,0.312,33.9611234664917,0.16791005495943767,30.0-100.0,-177.72148336788533,-42.39551289159847,33.69129881610087,10.46131169227067,2.0771626627008604,5.050579174840358,0.1802586913644429,0.7798664805736583,0.1658683747821344,0.2601949446383895,0.5007310870992946,0.2633090935889176,0.11205468820090218,1.0256288644855482,1.8372464573318221,0.03794179,3.2118773,6.0,4.0
ds005291,sub-039,25,Cz,1000.0,-13.849014282226562,0.202,13.075708389282227,0.367,26.92472267150879,0.016326921629824572,30.0-100.0,-334.1712501017466,-11.249157976196008,25.02130959327689,18.133913637133737,25.021367279459184,3.3962427081331423,0.1636160429212164,0.6915906366979233,0.3468738741134768,0.5620817342233364,0.48828353423007353,0.32279019962573274,0.20278180670210957,1.02476588217491,1.859420862118908,0.05564553,1.9946327,6.0,4.0
ds005291,sub-039,26,Cz,1000.0,-3.216643810272217,0.22,17.838987350463867,0.352,21.055631160736084,0.011406612528426539,30.0-100.0,-60.74064192457351,9.701421110144654,5.995399811688591,5.16570328872291,2.425368168245542,1.5624127041684934,0.054700439923058744,0.697012918977959,0.07776123869067961,0.529937953394409,0.48844159453170694,0.3440775859999275,0.16638399950177954,1.0254294367069832,1.7719672262154227,0.0488394,2.7428048,3.0,4.0
ds005291,sub-039,27,Cz,1000.0,-19.181886672973633,0.153,6.846869945526123,0.307,26.028756618499756,0.0068442679370458795,30.0-100.0,-130.32033540538828,-71.2867152383641,22.894809566248004,7.046209919068975,1.2922251925748935,2.100528750184109,0.05627490783283147,0.29324395740535675,0.10632930955436365,0.227946439680258,0.5007310870992946,0.27880023323050207,0.16469237683309745,1.0314417304816246,1.7720490400222315,0.048651524,2.716988,4.0,4.0
ds005291,sub-039,28,Cz,1000.0,-4.839053153991699,0.151,17.623748779296875,0.339,22.462801933288574,0.11693268702564953,30.0-100.0,-3853.1135549312216,-11.313774054382364,16.18180872994443,3.5602371647672824,1.748826739261471,3.024359412499591,0.19895682450695323,0.514564151649152,0.4984317106365955,0.10749650125119363,0.5143134572858863,0.31636221905748685,0.13120281683319135,1.03066438283026,1.7452339279443472,0.041099638,3.2401721,4.0,4.0
ds005291,sub-039,29,Cz,1000.0,-1.7535394430160522,0.263,8.04133129119873,0.423,9.794870734214783,0.0933645920505709,30.0-100.0,-131.27202850300264,-370.97477428313994,1.697868737211238,1.4754571475411096,1.543286331948906,2.130195712432943,0.12908695347785706,0.41376480955568445,0.38944685995650813,0.4700489912815418,0.5048130279055331,0.36000829572993215,0.1859520050859339,1.0258220401556353,1.81087338732507,0.052967306,2.4492888,1.0,4.0
ds005291,sub-040,0,Cz,1000.0,-19.273494720458984,0.176,4.112782001495361,0.383,23.386276721954346,0.1106813037331767,30.0-100.0,-100.05835706786942,31.33314620767568,28.06201812032854,51.176008717730625,6.740929548536635,2.821838433598968,0.1610391686056434,0.6345290437014645,0.2411133730423999,0.5068044269951693,0.48952405876091376,0.25985540271667223,0.15109606491158079,1.0208746924359668,1.860383022851842,0.04652127,2.5217159,6.0,4.0
ds005291,sub-040,1,Cz,1000.0,-9.14910888671875,0.15,13.701857566833496,0.3,22.850966453552246,0.011587519186552429,30.0-100.0,-126.14085402002655,-73.78124298904635,41.62509592206575,32.58057466225407,0.7835367278968057,2.768409557301513,0.044770859803619806,0.7743330994002224,0.4390874038660971,0.48150740982632456,0.49950434102109853,0.26217325712341694,0.11778068682979848,1.0280938582435304,1.8736944285473136,0.0404107,3.026328,8.0,4.0
ds005291,sub-040,2,Cz,1000.0,-13.167081832885742,0.177,10.71219253540039,0.386,23.879274368286133,0.0012729275717391693,30.0-100.0,-170.13764864153381,-180.56849747790537,19.337010568836817,24.739617909760636,1.827548465771097,5.2740113100617885,0.02168098557188109,0.8687520723743895,0.3738128336502892,0.5163324690848474,0.507033561807229,0.3005725449233944,0.16346071421492056,1.0386463484559183,1.8323193906680106,0.055051684,2.358287,7.0,4.0
ds005291,sub-040,3,Cz,1000.0,-4.11639404296875,0.35,8.179116249084473,0.457,12.295510292053223,0.03914325283874981,30.0-100.0,-453.26534446964973,-21.33952144108162,3.9990437811408004,5.835642295989819,1.4963922701718144,2.0210989559695665,0.11205816988590023,0.4908076529527994,0.1858768783309548,0.2860242266724497,0.496977933268183,0.36163168772067406,0.2685789962149217,1.0300206730895565,1.7405522490622072,0.07395245,1.8159086,5.0,4.0
ds005291,sub-040,4,Cz,1000.0,-12.10519790649414,0.15,14.128941535949707,0.3,26.234139442443848,0.017176808078909124,30.0-100.0,-7.7203003088613,58.28474256632858,31.458794342955525,21.490722596976127,3.6516545483063125,3.473668335445978,0.026856039928195147,0.6742889285437033,0.6370503710494542,0.3762845827216374,0.4962208954092302,0.27629189925596426,0.16079845461320555,1.0283432532663315,1.822462252637716,0.046769552,2.7116885,4.0,4.0
ds005291,sub-040,5,Cz,1000.0,-10.074751853942871,0.157,8.096664428710938,0.326,18.17141628265381,0.010148044208966834,30.0-100.0,-435.2101417865078,-17.99907848758665,2.4399333338890967,1.4678401568621298,7.200161571904901,3.2824671576078663,0.044990391779884495,0.29636430547052345,0.5459539931948979,0.4214946030605813,0.5115450279597868,0.3949236042279023,0.2855270390975334,1.0300798003295146,1.7545389259497817,0.07543387,1.829321,3.0,4.0
ds005291,sub-040,6,Cz,1000.0,-13.341287612915039,0.156,9.955710411071777,0.322,23.296998023986816,0.018192042230134136,30.0-100.0,-54.92017004796027,-101.3030508985689,14.38047142325178,3.8918930536898855,1.5549632936682998,4.2931325072122855,0.05624139088216306,0.3093665898345894,0.16552880703479736,0.15264496976230818,0.5049516742572111,0.3527283213223226,0.1920065061362123,1.031861394354477,1.7523361590111393,0.058337193,2.2852116,3.0,4.0
ds005291,sub-040,7,Cz,1000.0,-7.581334590911865,0.198,16.314462661743164,0.319,23.89579725265503,0.06540218918746236,30.0-100.0,-418.9379108712127,-228.56180920369385,5.5563788567478465,6.382386639433087,2.8607784444828006,3.288068673206487,0.06957380649191555,0.30068846132114085,0.18045785107468917,0.268962816229805,0.512508662888689,0.34085544008722,0.2043211315555445,1.036673521437246,1.7244758829165283,0.058655217,2.396044,6.0,4.0
ds005291,sub-040,8,Cz,1000.0,-8.713723182678223,0.178,14.758509635925293,0.38,23.472232818603516,0.023735363697047727,30.0-100.0,-67.63581560728841,-203.52583537524103,9.08368858989415,9.401346681914502,0.6595422884864893,2.3511072701374505,0.0440976313540897,0.6500833058848641,0.2202543612919047,0.138065187649261,0.49851762192585597,0.31935311344722417,0.20144987922431537,1.0287968032746708,1.7877174219425072,0.05787904,2.2828472,5.0,4.0
ds005291,sub-040,9,Cz,1000.0,-5.451891899108887,0.199,19.04290771484375,0.3,24.494799613952637,0.012640058101798832,30.0-100.0,-12937.327712553386,27.868064383236362,25.012890586048595,6.957358446025954,7.75445857138004,3.3650281079336746,0.06458559401265221,0.6858017524913091,0.23917478886280585,0.4630586385666492,0.4955448430638467,0.308758082200026,0.16267404641746394,1.0268475840950406,1.817397733291769,0.047622655,2.652242,6.0,4.0
ds005291,sub-040,10,Cz,1000.0,-9.358196258544922,0.195,2.523200035095215,0.3,11.881396293640137,0.016591140211885007,30.0-100.0,-272.9905984706812,-244.19269323652452,1.0812578931632766,4.368109456971535,1.1529993807502117,4.306859817442697,0.021106664199895993,0.5297339080867889,0.2042723685091272,0.36687935621945233,0.5043272053091435,0.36935973813404827,0.31952597448733194,1.0349424290829738,1.6876814017608137,0.0808615,1.7443709,3.0,4.0
ds005291,sub-040,11,Cz,1000.0,-16.429418563842773,0.15,14.648758888244629,0.382,31.078177452087402,0.04750178049442911,30.0-100.0,58.0514479083083,-206.022669329176,31.480199621202676,26.850211368946063,3.416046847513857,2.73881623982457,0.047844622258031204,0.8034310425973652,0.440650967181476,0.27622946452050595,0.4801384843924745,0.27496764765861287,0.14928978122501557,1.021347157949241,1.8410363722270666,0.045524705,2.6842017,3.0,4.0
ds005291,sub-040,12,Cz,1000.0,3.044827938079834,0.35,15.266059875488281,0.447,12.221231937408447,0.022387807321592054,30.0-100.0,-347.29178158520966,-83.4102313248364,11.556957723297899,7.0792486876679295,3.671634905081611,3.1474395991033233,0.0857618646432929,0.780990976742535,0.5674013778819187,0.14173853840177636,0.49851762192585597,0.3133623328366601,0.20192034907353013,1.023367701740405,1.8098397853450052,0.05908772,2.190365,0.0,4.0
ds005291,sub-040,13,Cz,1000.0,-12.18030071258545,0.189,14.983122825622559,0.55,27.163423538208008,0.040071085577032844,30.0-100.0,30.347352814340738,-136.66808678821195,24.786353243574847,32.15960445467561,1.2184820085201622,4.232558952055284,0.10658275679532818,0.7079270315347641,0.4133524243863291,0.3124653214181346,0.4976919276775454,0.2758935554314048,0.15299474674265845,1.0309327998778766,1.833387085189884,0.045471966,2.7191868,9.0,4.0
ds005291,sub-040,14,Cz,1000.0,-19.1168270111084,0.175,17.41566276550293,0.369,36.53248977661133,0.046112389990839296,30.0-100.0,-3142.4972683796686,-22.205384009840408,59.13503056228756,39.90136452440945,8.005778413766233,2.803412998936549,0.048022294368670636,0.3810434397794466,0.0237430227304543,0.37483896927563903,0.4775823486097054,0.2301447876170317,0.10229115098353556,1.0178922199309117,1.860646718393972,0.036206946,2.935975,7.0,4.0
ds005291,sub-040,15,Cz,1000.0,-17.507431030273438,0.175,12.789005279541016,0.3,30.296436309814453,0.008200201615384048,30.0-100.0,52.00436301621008,-78.45567937556066,7.0224887919875805,45.89060937921691,4.689899619490935,3.1887257428267146,0.038148027075459195,0.6814456674747518,0.2668440134526498,0.5733737062508476,0.4888001107529058,0.2766080069377804,0.1397753905559562,1.0217150109117543,1.8305146517698152,0.041345164,2.809183,6.0,4.0
ds005291,sub-040,16,Cz,1000.0,-10.1019868850708,0.15,19.718505859375,0.389,29.8204927444458,0.07527834101495486,30.0-100.0,-1104.0406511573321,-775.1639493457557,37.09238562546877,10.122644782198652,1.6737399699288387,2.7129452729331,0.060949356656754064,0.4793874459766242,0.4058176597862759,0.13066388183821476,0.5078935423291837,0.29502942672672666,0.11808465930707114,1.0277397133270973,1.7968008939961215,0.043486476,2.9488845,9.0,4.0
ds005291,sub-040,17,Cz,1000.0,-16.232406616210938,0.16,13.803564071655273,0.55,30.03597068786621,0.09930900981360392,30.0-100.0,77.54899961956438,-32.0907087602167,41.124051736541645,48.18142479188434,7.316822746353064,5.333225847481358,0.12702533119842446,0.725652873927238,0.17272649494953193,0.4898927433762862,0.5069224944438051,0.2715337813884315,0.1419585558920835,1.030479188130631,1.8734906531434279,0.04828784,2.6606138,9.0,4.0
ds005291,sub-040,18,Cz,1000.0,-16.080106735229492,0.15,9.47597885131836,0.409,25.55608558654785,0.029802141869471072,30.0-100.0,-33733.47528098716,-57.72875220945537,21.299861776709687,34.34585545885973,2.2671848833230177,2.6994926788297353,0.02478789417667105,0.43423600579351923,0.034529162643220486,0.3621786505119271,0.5067810516531859,0.2591913508951157,0.1647067111460577,1.0279809666326667,1.8047769658829294,0.050643906,2.5821068,8.0,4.0
ds005291,sub-040,19,Cz,1000.0,-3.25311279296875,0.179,15.016661643981934,0.373,18.269774436950684,0.033973026236311724,30.0-100.0,0.941692581548804,-85.93749068273151,29.809600372822512,30.213959870671857,5.740550593715925,6.461943333325585,0.0970930336328226,0.5622617795283942,0.29202049492380416,0.3060114381906443,0.5040482138147085,0.31507933704292174,0.1770428472116207,1.0277742749245249,1.7992891197112735,0.05133058,2.5092158,9.0,4.0
ds005291,sub-040,20,Cz,1000.0,-3.4026553630828857,0.159,13.12318229675293,0.407,16.525837659835815,0.06219855336149447,30.0-100.0,-39.888208740424616,-9.217166797920987,7.599623433493086,19.332646529761845,1.7843737321741437,3.364806087247274,0.12023339979742105,0.4652183424623723,0.3133716710580986,0.34798438594783404,0.5009780987151643,0.2966596425566996,0.16094445710405347,1.0267732969753802,1.8458874489691544,0.046794742,2.7252955,5.0,4.0
ds005291,sub-040,21,Cz,1000.0,-9.228743553161621,0.15,16.053539276123047,0.349,25.282282829284668,0.08994450652753322,30.0-100.0,-8.412766051367184,-93.83427428828684,55.48523745182219,23.01177465161526,2.18822840977456,2.4123455849491657,0.15757256605855452,0.6289537469174779,0.05915676908427274,0.30400274156926677,0.4883002329945757,0.2960245238137138,0.12432932049916112,1.0255622577536883,1.8344278553557214,0.040893182,3.149473,8.0,4.0
ds005291,sub-040,22,Cz,1000.0,-3.914950370788574,0.329,18.670703887939453,0.46,22.585654258728027,0.06394463622164435,30.0-100.0,23.36832118898881,-153.36417168101383,1.3061406609750086,6.4171680996605875,1.9475563649464398,4.430422586255543,0.13395449329407566,0.5012147698893661,0.3124470322202696,0.15823509005527972,0.5169054699601026,0.37971800947420226,0.2490833939010323,1.0404564320963543,1.7023547111644863,0.071395285,2.10398,4.0,4.0
ds005291,sub-040,23,Cz,1000.0,-9.200538635253906,0.173,9.093889236450195,0.371,18.2944278717041,0.12573675708857407,30.0-100.0,74.19415879887856,-51.31913869405881,9.907922257858427,11.270730529852894,0.6822858018165951,2.7413230087529525,0.24422801720810317,0.6448294160268702,0.5168245602119867,0.22182008075022772,0.5020325100710014,0.3420650527089977,0.24529363585245872,1.0347384450452883,1.707637844430905,0.064651,2.1081212,6.0,4.0
ds005291,sub-040,24,Cz,1000.0,17.427690505981445,0.264,24.214035034179688,0.34,6.786344528198242,0.11602652814384719,30.0-100.0,77.33125935983425,-216.6492915136365,32.91865273665112,5.634211938203902,0.6894730734375284,2.751459321058815,0.20443491147415088,0.4008005183789182,0.1621699679283696,0.5347996612095761,0.5145883718656201,0.3260725733682238,0.09634710963535166,1.034959711526715,1.7389332405979874,0.032046225,4.518209,3.0,4.0
ds005291,sub-040,25,Cz,1000.0,-7.0995965003967285,0.215,10.268795013427734,0.3,17.368391513824463,0.021587900248814115,30.0-100.0,-2468.7492656955615,-39.509161972723554,7.4836027608992115,15.046725659470974,1.3767071523094807,3.3108306000552874,0.061414674564966285,0.595140124220663,0.38341941002295493,0.39829924661853683,0.5018861626747104,0.31076007862602567,0.1827567697392836,1.029679700565827,1.7918722023220615,0.054784574,2.3594732,4.0,4.0
ds005291,sub-040,26,Cz,1000.0,-11.875502586364746,0.218,15.970232009887695,0.414,27.84573459625244,0.007680411585804321,30.0-100.0,-359.96896102525653,-237.90402648180086,15.037826375082778,9.960767828531717,3.3379742559397005,4.386906949317415,0.02821304885709908,0.6193993373063489,0.5197562999975167,0.5537729775481759,0.5012035617568118,0.3490877642318308,0.19774273932262323,1.0287310774935587,1.7900435336356777,0.059238262,2.2102242,2.0,4.0
ds005291,sub-040,27,Cz,1000.0,-16.814546585083008,0.15,5.820339202880859,0.403,22.634885787963867,0.06765752425906897,30.0-100.0,-64.0626514668272,74.30596398432112,18.256824633125195,19.583489336528203,6.678188812984081,1.9210621913053612,0.1717834198147356,0.8565008447067071,0.6508882799015717,0.5502413374330545,0.4694727296865519,0.324589872658279,0.1590962286694411,1.017398103071397,1.8708505691639512,0.047202457,2.4964845,0.0,4.0
ds005291,sub-040,28,Cz,1000.0,-9.77801513671875,0.235,14.01856517791748,0.306,23.79658031463623,0.04648449495727135,30.0-100.0,-22.39208648660349,45.74828852464069,13.06799752069234,14.59498410748853,1.5024142908335527,5.664428966853778,0.07737944163300829,0.5270489842189483,0.49917095684447726,0.2804625375358315,0.48917132325891566,0.32519491689996965,0.18371636387868817,1.0271111565843996,1.8076031689543848,0.053943053,2.3752325,5.0,4.0
ds005291,sub-041,0,Cz,1000.0,-18.24567413330078,0.34,6.409572601318359,0.362,24.65524673461914,0.39275251759274143,30.0-100.0,-164.27239157692287,-264.831534873088,31.314399477908932,50.7804770580804,13.279216800228207,16.817370539202408,0.6015928823807916,0.680644713556465,0.3169108185983578,0.4127388125465484,0.5215918008792497,0.34075433180507897,0.18416475394537385,1.0364055939952332,1.7170591674698656,0.062334806,2.2712138,5.0,3.75
ds005291,sub-041,1,Cz,1000.0,-22.68231773376465,0.339,-7.942015647888184,0.3,14.740302085876465,0.5282401299583093,30.0-100.0,48.31990774251619,-16.89912236265888,53.757560636835805,44.871206421169404,2.8572274365779684,15.480679384413094,1.159570145192983,0.8549918954961724,0.29618147206808587,0.8294982277851481,0.5090074612745178,0.36679392406861167,0.1483343362585994,1.0352593295566583,1.7189045730891208,0.04387192,3.3191485,8.0,3.75
ds005291,sub-041,2,Cz,1000.0,-13.476295471191406,0.15,21.750614166259766,0.318,35.22690963745117,0.08722444401306031,30.0-100.0,-2426.6132668621644,-218.41458192225954,39.70564906790307,5.431025823398383,42.9790551866199,12.378533204374515,0.15148562805326263,0.6839436378963412,0.43142784999032135,0.6373078149418944,0.49883677857920417,0.3640880118551306,0.20209617652325368,1.033623636985139,1.7832954231728735,0.056284443,2.302946,8.0,3.75
ds005291,sub-041,3,Cz,1000.0,-3.076436996459961,0.181,21.280044555664062,0.353,24.356481552124023,0.14682687025344002,30.0-100.0,-155.6779955993372,28.87591956436143,44.1510881091593,11.510221066406112,9.455996665785234,13.354904726395727,0.2803189902109422,0.7903637531210606,0.2284456251741467,0.35825100203866483,0.500494301655341,0.3730501803353694,0.22365745769698317,1.0317833738578173,1.7426102740287246,0.06290635,2.3005276,8.0,3.75
ds005291,sub-041,4,Cz,1000.0,-29.980438232421875,0.154,5.1129302978515625,0.304,35.09336853027344,0.18485889559090518,30.0-100.0,63.606891717858275,-41.2957767322445,50.78881588680762,79.00344095007824,6.342958530760499,11.255635827217464,0.5687987968280126,0.9011528315487686,0.06359116184347925,0.6960343036536598,0.5030353762805352,0.2788551497633309,0.18346254073505067,1.0274947954411686,1.8276377026455954,0.053855617,2.3709366,9.0,3.75
ds005291,sub-041,5,Cz,1000.0,-36.936771392822266,0.278,-9.475242614746094,0.517,27.461528778076172,0.16392285558440378,30.0-100.0,-576.8631892416047,7.795342004621039,36.85137010970205,16.70877041747911,28.35840469724463,15.338765546166803,0.8397978827219701,0.711645493075997,0.13673828753219436,0.6359873688986198,0.510232497559078,0.3742453456301777,0.1259390640464945,1.0303737892708666,1.7466441970009867,0.0443517,2.9265258,7.0,3.75
ds005291,sub-041,6,Cz,1000.0,-37.755149841308594,0.15,-4.279296398162842,0.3,33.47585344314575,0.1461242035728884,30.0-100.0,30.077526965114593,-519.7937903433892,38.15501908483304,57.74816582920019,5.2612664035369505,11.237038557854925,0.6403064682330072,0.6893428573624807,0.24942151354617176,0.47639634597502517,0.5192946220542024,0.2944552998687133,0.13090824917927035,1.0433213981700413,1.7758985484654952,0.04346317,3.4396346,9.0,3.75
ds005291,sub-041,7,Cz,1000.0,-56.036529541015625,0.15,-35.05658721923828,0.357,20.979942321777344,0.32200034450270654,30.0-100.0,-22.068674116404846,0.3916917269347382,302.28501128303617,146.56948328812038,7.010265672114263,7.657775636783052,0.9336222328619244,0.7010068917701541,0.16055739407887518,0.7801782516423439,0.5051542912914235,0.227112418290367,0.07207717472337442,1.0308313205662283,1.8408381268928082,0.024520583,5.209534,9.0,3.75
ds005291,sub-041,8,Cz,1000.0,-30.081289291381836,0.151,18.954801559448242,0.304,49.03609085083008,0.7168098431641495,30.0-100.0,67.66860209428485,-4.693280631193477,23.563948111581748,35.89976773277901,20.739192571015526,14.2423588943799,0.7274861860560516,0.5464207441361346,0.37453867372223676,0.6458513603062825,0.4977450154773426,0.3411444397867425,0.22092361254907686,1.0309736464866266,1.8285145335773114,0.06652825,1.7821634,9.0,3.75
ds005291,sub-041,9,Cz,1000.0,-20.888957977294922,0.15,9.250886917114258,0.466,30.13984489440918,0.7813328244806241,30.0-100.0,2.509568898327804,-31.79515036108621,24.77863176284434,39.834240565157096,11.00758601240524,17.892428230366082,0.8843103235512407,0.8019500762832675,0.5740893004198063,0.5103504735270766,0.5088869123183561,0.3655634963698649,0.24133638981691738,1.0338405842991498,1.7571443084984184,0.06515633,2.1230056,9.0,3.75
ds005291,sub-041,10,Cz,1000.0,-17.063488006591797,0.15,14.963223457336426,0.359,32.02671146392822,0.045448355303864214,30.0-100.0,-229.5500189394301,-84.84228129728638,66.95006028661187,33.54143381912621,29.742586493624437,21.312367075952924,0.22969071094623952,0.663702622716691,0.21947423147068162,0.7024454236372694,0.4928183774071711,0.33947622989059084,0.17111899546811307,1.0202555923539078,1.8246782256194232,0.05224687,2.1460102,9.0,3.75
ds005291,sub-041,11,Cz,1000.0,-31.609859466552734,0.229,17.615921020507812,0.321,49.22578048706055,0.15259598078228667,30.0-100.0,61.39163252805654,-50.43048468870055,13.138843032549012,58.286630882407124,14.896701496263976,24.438383510454113,0.9472681277711701,0.5817710058468316,0.2533501147856217,0.5409268724438546,0.4930125578722739,0.37367467998906934,0.29274036342173954,1.0263014143166853,1.7612753566142254,0.07277993,1.8255057,7.0,3.75
ds005291,sub-041,12,Cz,1000.0,-25.83184814453125,0.151,15.289894104003906,0.545,41.121742248535156,1.2673600065884367,30.0-100.0,71.57474809107129,30.820048913777082,28.820655983640137,82.41540610327175,6.321552194051288,13.688285652130475,1.4238127173293051,0.811143704696135,0.356176141083177,0.6308505506116847,0.5143749661436158,0.3211843876833522,0.19252662101456908,1.0369476346228936,1.7898167270616354,0.06381792,2.1595113,8.0,3.75
ds005291,sub-041,13,Cz,1000.0,-15.548188209533691,0.15,14.84693717956543,0.445,30.39512538909912,0.2838455638386965,30.0-100.0,-805.8199828972569,-85.34260017528503,30.13226406423418,39.95095400116949,11.005034060377653,8.64096038812538,0.45306955242978114,0.8992559751691397,0.1791656970767258,0.5881622592944608,0.5096481343390457,0.35325004085532774,0.2883733705315325,1.0320494941414553,1.7546924093023257,0.07642549,1.8791173,7.0,3.75
ds005291,sub-041,14,Cz,1000.0,-13.077139854431152,0.15,11.296632766723633,0.339,24.373772621154785,0.3355022470028352,30.0-100.0,-221.94326306162145,-16.76285368270584,42.10695230735922,25.656330201787238,27.17866114321082,11.247449160680656,0.6866020383110006,0.4792631925112893,0.10919609351358851,0.5991117871982726,0.49579810257823104,0.355210123644344,0.2159868509446964,1.0308790872017504,1.8151305180025574,0.06363218,2.1160617,9.0,3.75
ds005291,sub-041,15,Cz,1000.0,-18.064390182495117,0.15,19.87944793701172,0.538,37.943838119506836,0.5587746752010356,30.0-100.0,-85.53003500025683,36.350221683704895,54.34835605430814,37.33771966644185,38.796725468947805,14.352456628283965,0.9536034189352735,0.8312509585885619,0.6437427273836683,0.14125006039242408,0.5030570347441161,0.3680136554279025,0.19286839352653212,1.027283022959495,1.7708748833904848,0.058916066,2.242208,6.0,3.75
ds005291,sub-041,16,Cz,1000.0,-35.00992202758789,0.15,18.03667640686035,0.548,53.04659843444824,0.46739041200498316,30.0-100.0,60.972047999459356,9.307954740916975,93.06261780259348,56.18005534520292,3.674185897877954,11.31920668644857,0.8646114653416975,0.7624677174285475,0.22137201986322647,0.6307124418074381,0.4990843909941097,0.30718289856031816,0.1309425991434725,1.031344389032359,1.8330452492556115,0.0423594,3.1262593,9.0,3.75
ds005291,sub-041,17,Cz,1000.0,-69.36557006835938,0.35,-41.2182731628418,0.3,28.147296905517578,0.3071181460153944,30.0-100.0,1.4334382811909483,-670.0357230460639,640.7138134345627,62.78046492598826,22.99606151771333,16.029462218284607,0.6065467003432863,0.8263339504751273,0.501511280372671,0.7599537140629302,0.4891457347650642,0.2515154542375501,0.026967144393054185,1.0216317413939249,1.7811488250879544,0.013056876,8.832034,9.0,3.75
ds005291,sub-041,18,Cz,1000.0,-62.628204345703125,0.15,-4.414459705352783,0.3,58.21374464035034,0.8820363902652014,30.0-100.0,21.59272166598419,-180.85117315584185,96.79982294385361,60.916795847021646,29.079211274209477,11.531106160165994,0.6848177680845186,0.9166408020665778,0.5013317294764874,0.6445778938376293,0.4881201919378418,0.29943363616574037,0.1285740447375174,1.0273776143406115,1.8511192769575777,0.044052847,2.752994,9.0,3.75
ds005291,sub-041,19,Cz,1000.0,-16.34923553466797,0.162,4.637650489807129,0.307,20.986886024475098,0.2426134075255977,30.0-100.0,-1147.4972014886769,-116.5130282631885,12.002768712356009,35.17185702308036,15.481913658675555,11.056263595157931,1.0185934516586042,0.7000266512544506,0.13391295706271655,0.36928325208203583,0.5027406867126375,0.3466294493069891,0.22354904888370863,1.0290187085790927,1.7658899066088343,0.06365211,2.1300604,9.0,3.75
ds005291,sub-041,20,Cz,1000.0,-15.493903160095215,0.153,22.149322509765625,0.372,37.64322566986084,1.0234377075820038,30.0-100.0,72.60703054384933,15.176341386577022,75.5879532351478,11.267560700597562,6.3096730743475895,8.43987798320334,1.3902625595200466,0.6487343037269067,0.32413904934362325,0.2986219977769911,0.5144415052446202,0.3491013947496412,0.19457426360212382,1.0368389803156752,1.7640856286647844,0.055559058,2.5418708,9.0,3.75
ds005291,sub-041,21,Cz,1000.0,-9.323684692382812,0.326,9.847627639770508,0.505,19.17131233215332,0.6111691854165016,30.0-100.0,72.45490232642608,-152.47113981605008,7.2617996546060475,15.68270840999421,6.369769903981065,18.929117147321843,1.3789903272485686,0.5757007374560207,0.28950147811011995,0.34435675514795383,0.5021200117855695,0.4044899540470172,0.30829274130518897,1.0373120930038646,1.749732808684747,0.0842675,1.5938104,8.0,3.75
ds005291,sub-041,22,Cz,1000.0,-25.138748168945312,0.15,7.657662391662598,0.463,32.79641056060791,0.061651515212557316,30.0-100.0,60.049916374260306,-29.54953558664951,41.36926458360881,62.51602776174937,5.996133061280922,9.429498564257605,0.34952721994037966,0.6528079032010922,0.22756936301405065,0.7547166135259361,0.5095630608870455,0.2932089942607776,0.18038169197612808,1.0297986052663033,1.7972794826399918,0.055694994,2.4409277,8.0,3.75
ds005291,sub-041,23,Cz,1000.0,-20.838163375854492,0.163,6.383491039276123,0.3,27.221654415130615,0.48114523809091375,30.0-100.0,52.677947290857254,69.97504885118963,13.076494324882074,65.49720467790777,10.785203265826262,7.51163044760415,0.9117247653225684,0.8646387264671587,0.29268556984053734,0.6511266594874875,0.5138253650867297,0.3338490551718293,0.25814296654383767,1.0366210158702671,1.7170402567984806,0.069154814,2.0905912,7.0,3.75
ds005291,sub-041,24,Cz,1000.0,-24.562314987182617,0.15,12.177112579345703,0.494,36.73942756652832,0.21944608367385576,30.0-100.0,-856.9915864192714,-210.26976610372543,20.60369011035373,41.16067134844475,13.868285601464542,7.22277180997698,1.1921837719856607,0.780044175530102,0.0993807343664035,0.5297158611960779,0.4967477075939382,0.30350844269287247,0.18139391294264642,1.0278990122562146,1.8170875162775575,0.055842478,2.3969512,9.0,3.75
ds005291,sub-041,25,Cz,1000.0,-6.925236701965332,0.182,13.032490730285645,0.345,19.957727432250977,0.18034099101138773,30.0-100.0,-546.1936975311828,-0.6977009984059246,14.682528446040857,3.5014944388784395,3.5952137127832877,8.203289989427509,0.4312117838937846,0.6860710697021029,0.26024886282173826,0.5112510464578566,0.48755148242274,0.4193426243911513,0.26088413684743594,1.0284165444382882,1.7760760987446182,0.07235881,1.8638622,7.0,3.75
ds005291,sub-041,26,Cz,1000.0,-1.4091997146606445,0.285,17.584287643432617,0.335,18.99348735809326,0.09585827019410197,30.0-100.0,-967.2198859198049,-50.566007908144485,87.44715691671254,61.20949447750384,62.221358804141786,14.871702214225415,0.1330789515611777,0.6845206128529988,0.6963917503587479,0.7487506702716896,0.4849839330012314,0.32291271873969574,0.16252148338152986,1.0193253023966546,1.8452623555316545,0.05154986,1.9732763,9.0,3.75
ds005291,sub-041,27,Cz,1000.0,-17.190006256103516,0.154,31.040040969848633,0.355,48.23004722595215,0.1045230891428256,30.0-100.0,-65.08064658319215,38.590763993932924,9.333305962210092,73.0182613834292,19.114159055872843,13.261457411086516,0.49286369339369424,0.7960073688835853,0.4262903773064181,0.6381998520118003,0.49093940137531455,0.31699254201698823,0.1982468937506169,1.0258603727090665,1.846249826188294,0.058212314,2.10273,6.0,3.75
ds005291,sub-041,28,Cz,1000.0,-12.915740966796875,0.227,20.55962371826172,0.302,33.475364685058594,0.09926194195310442,30.0-100.0,-199.19384020289704,61.75198438704312,8.863227878109067,18.59297154349307,7.701724668454117,8.751723241395878,0.6232065527078609,0.6115206742297061,0.4504429222573126,0.5131982274351798,0.5002268528148609,0.3577716366711226,0.25106164130314507,1.0293931378773031,1.8175672694159783,0.066617295,1.9181192,7.0,3.75
ds005291,sub-041,29,Cz,1000.0,-13.44089412689209,0.15,16.179889678955078,0.54,29.620783805847168,0.6176897360487299,30.0-100.0,67.51976755109125,67.45518665059336,94.88868501686494,26.828522422866733,12.5610105999302,11.745888487612635,0.9305285626817331,0.6223393424295821,0.3270773654788619,0.25267481151214305,0.5014905922917828,0.35775209801216246,0.20644531247367376,1.0277163664576248,1.8161164525829885,0.057458136,2.1750596,8.0,3.75
ds005291,sub-042,0,Cz,1000.0,-9.209855079650879,0.15,10.645126342773438,0.357,19.854981422424316,0.03987187867746771,30.0-100.0,36.013676080993655,-125.5371724399641,37.45116827622899,23.645580145680285,10.703089763798008,5.8929797605126595,0.2282176811710881,0.35252288710803437,0.17345616546833093,0.2231355951122797,0.4979341085110343,0.3250034611113162,0.16874455070611358,1.0350383688299944,1.7364216500064973,0.055535357,2.4400108,5.0,3.5
ds005291,sub-042,1,Cz,1000.0,-10.901276588439941,0.15,19.822084426879883,0.304,30.723361015319824,0.08230454302742031,30.0-100.0,23.05679224357902,0.05646564888309175,84.07830715708674,14.339618756953667,13.006814708984912,7.619133171574786,0.10412519910392629,0.47822717034325984,0.47151384911300526,0.3699195386953733,0.48756536005247,0.32780764206177004,0.13417019277890038,1.0236117909544988,1.8556941388712234,0.046164017,2.6230278,6.0,3.5
ds005291,sub-042,2,Cz,1000.0,-5.804831504821777,0.173,7.230837821960449,0.522,13.035669326782227,0.3276132530575211,30.0-100.0,60.52502123763453,15.117925830982,28.094064117668736,17.89507961167347,8.667367412300404,3.3742851194213412,0.6701669532777667,0.35326461553240934,0.16092209413774813,0.09865102009232712,0.5095516386295783,0.33177056628920965,0.21003412731779136,1.0321806197976944,1.7663417241149428,0.059177414,2.2964826,6.0,3.5
ds005291,sub-042,3,Cz,1000.0,-10.304473876953125,0.153,2.435889959335327,0.3,12.740363836288452,0.17113971622086743,30.0-100.0,52.63169411399821,-105.89858275557948,52.821562636837974,25.899246715414403,6.879536743037047,3.164097298759466,0.17688715728848428,0.3144553414365265,0.6042408780800619,0.14266058394573097,0.5001004941735107,0.29638733525768135,0.12270738528652043,1.0291970794084275,1.7775033541316028,0.043233022,2.8714206,7.0,3.5
ds005291,sub-042,4,Cz,1000.0,1.2067933082580566,0.172,12.370027542114258,0.367,11.163234233856201,0.08081695774455341,30.0-100.0,-72.87906850577744,-281.83213598063287,26.640893087270655,3.943719689245361,9.832591248405361,4.17977709170187,0.18270113237275212,0.30261352389396695,0.08625763704146507,0.24105790575357894,0.49781656952504694,0.35424511447326085,0.13129462786090396,1.0284019366478931,1.8658098012358688,0.04620274,2.80825,7.0,3.5
ds005291,sub-042,5,Cz,1000.0,5.064363479614258,0.35,14.687479019165039,0.322,9.623115539550781,0.0580640690609815,30.0-100.0,-639.5407472841401,12.194999451430967,31.171684392152166,15.878994906782175,4.75009855763629,3.2636768594963037,0.24271192190290156,0.27923857545635694,0.2194439687113777,0.3620423515679196,0.49978177892537495,0.3314955583768666,0.15432287886681323,1.031412200157111,1.8349146217254035,0.04872926,2.7856834,8.0,3.5
ds005291,sub-042,6,Cz,1000.0,-10.669707298278809,0.159,15.134724617004395,0.3,25.804431915283203,0.06675653799841344,30.0-100.0,-9432.389384564513,-155.87086149030557,58.25423135873877,4.825120099244451,12.072878857696228,6.471433431803187,0.19362951563387748,0.5054662001460524,0.1038982900885572,0.13860911722646857,0.500578445573974,0.31212312551339516,0.12097566703318295,1.0294991354163092,1.8445317170708286,0.048469793,2.5390518,8.0,3.5
ds005291,sub-042,7,Cz,1000.0,-5.886841773986816,0.15,14.482522964477539,0.337,20.369364738464355,0.03841394218543411,30.0-100.0,-644.6473695028425,-354.3077618870478,62.98675706463304,27.197653392575823,4.45706915776023,5.374843236079624,0.15940627426889353,0.5343233215209837,0.21760778939124747,0.28829350490086886,0.5099225316921883,0.3111098558895428,0.1139363158749804,1.0265346963660593,1.7951822658028018,0.0428318,2.8813396,9.0,3.5
ds005291,sub-042,8,Cz,1000.0,-16.893075942993164,0.176,3.2958829402923584,0.329,20.188958883285522,0.028816498035482335,30.0-100.0,-8791.44846814501,-33.4283763893373,59.478006140638,10.775391984065285,12.226220637923733,8.284315987842593,0.03762131442842148,0.4480736375229084,0.21980516531858482,0.2067812679867233,0.5095002631568233,0.35626993920122185,0.13014075787880655,1.0378638294544928,1.7676614670887703,0.05036731,2.5943992,10.0,3.5
ds005291,sub-042,9,Cz,1000.0,-7.121341228485107,0.18,19.04796600341797,0.304,26.169307231903076,0.17929669969374165,30.0-100.0,0.07423488783021753,-199.43901497647784,57.37934260733516,5.069855182999113,2.6510369102909883,3.4092880628349778,0.5735379573751291,0.3148729637606233,0.30120957331865456,0.14688363369260027,0.5102502001174288,0.34070604549017625,0.18846366081837765,1.038782328386656,1.645900684622605,0.053704705,2.8969166,9.0,3.5
ds005291,sub-042,10,Cz,1000.0,-1.8714735507965088,0.312,8.373197555541992,0.519,10.244671106338501,0.21348532621542504,30.0-100.0,-4.10683891621904,13.168209338157935,21.474478379735405,7.675467797045437,2.793007831065424,3.6734758807009253,0.6022829592121622,0.3830396549534421,0.48922478917780143,0.32813419766659596,0.5117482934073028,0.3510022015859949,0.20863467641912145,1.0378355960097123,1.7360922219049544,0.059116833,2.438392,10.0,3.5
ds005291,sub-042,11,Cz,1000.0,-7.5620036125183105,0.162,10.83829402923584,0.321,18.40029764175415,0.04308069395546479,30.0-100.0,28.779123111649874,-497.56806636203186,25.10584472419154,4.047882675992264,4.8418748921215435,5.232113075507732,0.11625128130794452,0.2549567278270448,0.05021994206141005,0.11944534005801692,0.5065562880530393,0.36646803433155595,0.20846750923520918,1.0349683876422349,1.7617817201490793,0.05797134,2.4910772,10.0,3.5
ds005291,sub-042,12,Cz,1000.0,-7.041195869445801,0.156,10.803873062133789,0.314,17.84506893157959,0.10986952689047139,30.0-100.0,66.22955782451649,28.400948870642807,26.094258823881667,4.602428281743836,4.986780465112276,4.3011333185612965,0.5003984000258389,0.29370591227939524,0.2731778187147954,0.3401006577966285,0.502193334007101,0.34970121321873615,0.20974384710033614,1.0342097300772302,1.6996402761272973,0.05906865,2.4628968,10.0,3.5
ds005291,sub-042,13,Cz,1000.0,-1.0107438564300537,0.329,8.676376342773438,0.3,9.687120199203491,0.05332667110047757,30.0-100.0,-165.48667105078096,-153.98423946913326,21.908117584330128,5.974845669245745,1.6998295051011603,2.944031846063515,0.06009881534054477,0.3621212649726966,0.09424597485136645,0.2418165600257936,0.5048051693493529,0.3751955566062684,0.20684958761229735,1.0377465553980743,1.7054310727748854,0.061899364,2.4086678,9.0,3.5
ds005291,sub-042,14,Cz,1000.0,-7.132627010345459,0.167,10.873190879821777,0.311,18.005817890167236,0.06853785600064238,30.0-100.0,44.13710764162469,27.402724920300535,16.057189111571994,6.242301434973102,1.8161595463091202,5.197491864782327,0.21778289761899752,0.4310643436344995,0.23990010368687306,0.5787506482607518,0.50449830299014,0.3867225204037556,0.21866771500053483,1.0340337092912262,1.7383075014199003,0.064820245,2.0907335,9.0,3.5
ds005291,sub-042,15,Cz,1000.0,-16.127567291259766,0.15,-0.15928220748901367,0.31,15.968285083770752,0.07930892520947395,30.0-100.0,60.63521903966049,-2159.7430086566183,45.48111554652816,23.76658273457687,2.287549048364492,5.857798943790161,0.111293030221641,0.452019133269934,0.45809534725812556,0.1798239739550318,0.49453185395513843,0.314262079715094,0.12897650872916766,1.0291294731451017,1.7946425159079369,0.04539294,2.7554998,7.0,3.5
ds005291,sub-042,16,Cz,1000.0,-2.078035354614258,0.154,12.205887794494629,0.318,14.283923149108887,0.0996946169022715,30.0-100.0,-210.95250630802144,-126.9884092396342,23.475475501802464,4.905202015655551,7.434617136744626,6.358358124219354,0.18552966270496293,0.2161129504269501,0.235840167168591,0.314790130224955,0.4982321860761624,0.35580154050537804,0.18636128083721973,1.029654748180555,1.7670091838446336,0.057073906,2.2218325,8.0,3.5
ds005291,sub-042,17,Cz,1000.0,-0.5361435413360596,0.3,8.333693504333496,0.351,8.869837045669556,0.18792207268289712,30.0-100.0,-2134.471025193683,-1193.4429822461423,22.508051763231826,21.39921934570245,6.637474540600367,3.7083020351091185,0.19647822471921703,0.4772455955703331,0.14685798151231275,0.6066709385088661,0.4937999659557582,0.33054634077182593,0.12461906338838123,1.0256598719712737,1.8512385170764336,0.05047449,2.3901248,7.0,3.5
ds005291,sub-042,18,Cz,1000.0,-4.412358283996582,0.163,9.165838241577148,0.3,13.57819652557373,0.05243847097636345,30.0-100.0,-87.23164676202737,-135.3311600648332,22.79217050025254,0.4048364838537709,2.460968216568991,3.9321851568269683,0.11580716044857625,0.3667497808829371,0.324243728060186,0.39663599972291486,0.4927148497827857,0.3433130439257446,0.15224579993669823,1.027221682305343,1.7889623283366898,0.044942833,3.0088189,4.0,3.5
ds005291,sub-042,19,Cz,1000.0,0.6800158619880676,0.347,6.875117778778076,0.508,6.1951019167900085,0.014245631565984658,30.0-100.0,-1843.7094105408733,46.86577273574771,35.057455268207846,25.56626778199326,4.752336146431943,2.7039840891874585,0.03921359774564487,0.22528399764164672,0.2713166722542883,0.28581861595745245,0.505321899102261,0.2980130328446182,0.09790444440014628,1.0254708144978797,1.8812381539331682,0.043622248,2.590209,5.0,3.5
ds005291,sub-042,20,Cz,1000.0,-5.420740127563477,0.265,8.191265106201172,0.325,13.612005233764648,0.039450345466842576,30.0-100.0,-131.41057463198098,-116.65710957077164,1.908817579690677,27.95138766577717,4.36995733326733,4.127288359185301,0.10869847596841467,0.5167765829062325,0.7496187823584968,0.4285205927451188,0.5072262554676552,0.3437676722957819,0.24596764044432767,1.030290719515036,1.7492477212998574,0.06959496,1.9147018,4.0,3.5
ds005291,sub-042,21,Cz,1000.0,-0.3873918056488037,0.35,4.923523902893066,0.389,5.31091570854187,0.036532744313254956,30.0-100.0,62.21440217390566,-39.588870446541314,12.86140001574314,16.36673382728399,2.6563732790761727,4.001247722419861,0.11171159293904213,0.2184742496499168,0.3084985379073724,0.24006439486077485,0.5117011370290514,0.358649771284976,0.2419373633440706,1.0360825079272047,1.704332058090909,0.06393196,2.3520925,5.0,3.5
ds005291,sub-042,22,Cz,1000.0,6.215909957885742,0.35,11.256681442260742,0.3,5.040771484375,0.05955711494217566,30.0-100.0,54.56155295151085,46.77777143848114,26.598622346427145,7.3473593767951515,7.708938352011149,2.248794280745081,0.1686666147952953,0.6369431802429693,0.13814439837390222,0.3292588753474873,0.48065303366567214,0.34761751804484975,0.1547837147960969,1.0221582212552491,1.8188790505652381,0.050435625,2.3890116,6.0,3.5
ds005291,sub-042,23,Cz,1000.0,-2.7642250061035156,0.331,7.646581172943115,0.494,10.41080617904663,0.056702663407527956,30.0-100.0,-120.39439971356913,-91.96800104944617,25.457821993134523,19.717754719656924,1.6931578533498617,1.769153184188193,0.14755947767864117,0.540726264732014,0.10296931172680283,0.3008113312928049,0.4981010967891243,0.3028085800664833,0.12528969473453944,1.0239673671338712,1.83615963208326,0.04518512,2.597721,7.0,3.5
ds005291,sub-042,24,Cz,1000.0,1.7951247692108154,0.286,13.857810974121094,0.339,12.062686204910278,0.1888274574780862,30.0-100.0,-2271.177303703635,38.26738978719483,8.527919798924046,8.251476102610935,3.924093024182928,5.078738116009055,0.2767311781153657,0.37094870710114486,0.47119697995742643,0.12613177711647852,0.5023574608983964,0.38636732613071806,0.24262082790368905,1.0331886530749592,1.7199952431847576,0.06575229,2.1860864,6.0,3.5
ds005291,sub-042,25,Cz,1000.0,-7.332085609436035,0.157,8.103575706481934,0.39,15.435661315917969,0.03389098098867942,30.0-100.0,98.49176203277985,-84.53058965621327,17.755298847363605,3.9987568056146783,1.994482420393153,2.448004051282192,0.11385052650408803,0.12032583221346677,0.428433220050097,0.19793382390850253,0.49003621778745854,0.37047705335589864,0.1753032077162093,1.0257267213881751,1.7788950075617544,0.05128878,2.514972,8.0,3.5
ds005291,sub-042,26,Cz,1000.0,0.2053956389427185,0.15,10.490971565246582,0.3,10.285575926303864,0.18420248350217883,30.0-100.0,-8157.68623411397,43.588468044202806,17.924808900179,2.234149868956681,1.0553044695965326,2.381695254595244,0.28645581122939684,0.20462922706527364,0.24236454063397694,0.44030131938167755,0.50622954133897,0.36344015230542187,0.1418909379272325,1.037623990755319,1.6946829074329972,0.043067876,3.5074496,6.0,3.5
ds005291,sub-042,27,Cz,1000.0,-5.380268096923828,0.293,12.775236129760742,0.411,18.15550422668457,0.12315190269712074,30.0-100.0,-106.60642228848516,-26.24375319488764,13.731039589173784,26.946752105780632,6.011974666015422,2.8106638175599716,0.269945978557656,0.5381038154908176,0.23018104057866873,0.27611371581356425,0.5065281722346004,0.30282219868200316,0.17281616593586271,1.0304007641643866,1.797968153225585,0.05297173,2.4934263,7.0,3.5
ds005291,sub-042,28,Cz,1000.0,-4.606993198394775,0.281,6.937010288238525,0.372,11.5440034866333,0.03122144006374076,30.0-100.0,-4801.191749739258,-181.4514504247531,1.1077579462303304,3.5070739893219978,2.342279558044162,3.1718014430391137,0.06963294309217831,0.5516008670961345,0.4262995071476003,0.009912454914300475,0.5084865779348142,0.3968832121986226,0.22433971647927686,1.0324786579470109,1.7006192107599447,0.0758852,1.9476076,5.0,3.5
ds005291,sub-042,29,Cz,1000.0,-1.9355086088180542,0.35,8.0712308883667,0.544,10.006739497184753,0.08254414277004325,30.0-100.0,-1675.4865112589684,-29.419615435602875,37.234242827725595,17.041351303011677,7.8022465457133,3.2689180204460815,0.23090457919373125,0.49164554022797446,0.4507404713313014,0.3867069533077874,0.4977568047179927,0.3266287837251511,0.19024871703897286,1.031464659176285,1.786166882513842,0.05649261,2.4790063,6.0,3.5
ds005291,sub-043,0,Cz,1000.0,-16.194122314453125,0.177,15.562251091003418,0.308,31.756373405456543,0.018162409643820376,30.0-100.0,72.03956450416125,31.99812539563428,23.969293566840335,11.000315436512466,1.4471114012562603,1.9404242222469206,0.06390984922576992,0.3962257071659107,0.531082429028806,0.22289004917256094,0.4981581701406734,0.31212383076379935,0.1162298818128371,1.0232662672872754,1.8643312378589723,0.041862775,2.9466026,5.0,4.25
ds005291,sub-043,1,Cz,1000.0,-9.111662864685059,0.278,2.584707736968994,0.411,11.696370601654053,0.017435128442425694,30.0-100.0,76.81096056345854,50.63824702235728,5.546728593527807,1.0030788599981717,19.08452314356719,1.769578609446045,0.03596581622950401,0.9229317673957386,0.4406956072781656,0.8647983633746092,0.46836730300494944,0.255067878794181,0.2540709320042509,1.0163757504595219,1.8936199454759128,0.072243884,1.235269,4.0,4.25
ds005291,sub-043,2,Cz,1000.0,-15.482044219970703,0.15,19.218280792236328,0.327,34.70032501220703,0.004591678797064963,30.0-100.0,-33.98889325980123,49.87679612168891,69.54116694273614,42.73191911398901,4.24084626344941,1.6855707270125306,0.0165436812353343,0.6433075745465262,0.3949555527844339,0.16726454780317623,0.4906123932934358,0.24221766325003358,0.08593188648694094,1.0156010289540909,1.9768968637336384,0.03422564,2.8420107,6.0,4.25
ds005291,sub-043,3,Cz,1000.0,-15.314430236816406,0.15,13.813385963439941,0.321,29.127816200256348,0.08668167993121006,30.0-100.0,-143.47716834837615,-135.6035291464064,37.80896655727306,37.52603329775997,3.4921658819708794,1.520699952686666,0.12074221374869346,0.7556937577700641,0.17280083166269414,0.43857041890434806,0.5018044144822162,0.24978222100348585,0.09395180521741359,1.0197067043740704,1.975704280102847,0.03634041,2.8621418,6.0,4.25
ds005291,sub-043,4,Cz,1000.0,-22.584959030151367,0.158,11.658467292785645,0.33,34.24342632293701,0.010251856415631902,30.0-100.0,81.65651972809727,-229.18751985418302,70.6538116759915,8.259781821321834,0.1443745599404292,1.7328324203651306,0.0847726992727205,0.21827972569569068,0.47390098619971577,0.2049007491671003,0.49373819603979446,0.21835412054503497,0.06972951977072372,1.021882856581167,1.8966102705667307,0.026558932,4.463242,7.0,4.25
ds005291,sub-043,5,Cz,1000.0,-27.02151107788086,0.15,15.810677528381348,0.301,42.83218860626221,0.0044784857576704185,30.0-100.0,93.01471781964098,2.2928540472038255,86.7728297903588,26.265923640836487,2.917395646246635,1.3326891764097089,0.012770118416268692,0.6102041190118447,0.44567533710191637,0.258155495491511,0.4731882844804473,0.2025639556344712,0.05776458864983028,1.0082454743084464,1.944626941373648,0.02710096,2.7262683,7.0,4.25
ds005291,sub-043,6,Cz,1000.0,-15.954726219177246,0.15,13.129805564880371,0.33,29.084531784057617,0.008120968996908718,30.0-100.0,-542.8919022862917,-385.6172389107763,82.36902641270983,29.83944265215299,2.4159170282006133,1.123108862838258,0.03679357597546139,0.5555565386963789,0.4560280026167907,0.24540420852362876,0.4875035152335495,0.22765672614018495,0.06157220808520782,1.0188796694363047,1.9388507484684692,0.029174201,3.47862,8.0,4.25
ds005291,sub-043,7,Cz,1000.0,-24.794408798217773,0.15,10.812027931213379,0.3,35.60643672943115,0.03453929400617772,30.0-100.0,-1.2690710653959787,-45.95165249850684,61.72939304770958,32.677384777682995,1.5098517398855398,1.3555006003141667,0.08021170090739319,0.6301799992624948,0.3011539875974566,0.44343552819016746,0.4752963534841266,0.21570847964426562,0.07257401978596754,1.0147914057667695,1.9718393482500594,0.03242826,2.8974962,8.0,4.25
ds005291,sub-043,8,Cz,1000.0,-17.46893310546875,0.15,11.272629737854004,0.304,28.741562843322754,0.009600259688643113,30.0-100.0,-630.7425046958973,-142.76282140384043,83.38908323569515,54.39362012585842,3.1298232925321887,4.280420625944116,0.02139447992988679,0.5150852732724494,0.4393258711240651,0.29071342846498494,0.48931825003699053,0.26633973085527896,0.07131678830050489,1.0169542247967782,1.9377315347407886,0.034140415,2.824248,9.0,4.25
ds005291,sub-043,9,Cz,1000.0,-13.871317863464355,0.161,16.68645668029785,0.342,30.557774543762207,0.004878840200077618,30.0-100.0,-972.4277805176945,-158.11354250307892,61.648651444819336,9.148937615914297,1.0394067663728332,2.3002558151109107,0.016866056575015685,0.532910923115895,0.7704787338785648,0.4020300812209248,0.4927516970758004,0.2275548982939786,0.06902949749874915,1.0229162703050758,1.9114602430021832,0.028042609,4.155709,8.0,4.25
ds005291,sub-043,10,Cz,1000.0,-20.754436492919922,0.15,7.340297698974609,0.347,28.09473419189453,0.04483159206027073,30.0-100.0,21.82239552457919,-68.00275746060429,64.39050638450766,37.11825337976249,9.930306084280405,3.461605812382619,0.08777845756427793,0.7892888828438785,0.7834131739251914,0.17215157318172472,0.4901109350488645,0.2888290176728778,0.097175773804353,1.0187427863283915,1.9283294739535826,0.039799042,2.6622198,9.0,4.25
ds005291,sub-043,11,Cz,1000.0,-21.402973175048828,0.15,19.367677688598633,0.38,40.77065086364746,0.04381365906538766,30.0-100.0,-1992.0856574272268,-838.6504430411653,49.392657856830084,29.403754794240392,2.212313846266362,1.3781272445481836,0.03796853236994429,0.3741532560893067,0.34513221920632126,0.5150227643311103,0.4772828340734007,0.2715629593897516,0.09073238709201714,1.0136683074072086,1.9436243308171126,0.03622538,2.6590955,8.0,4.25
ds005291,sub-043,12,Cz,1000.0,-21.694734573364258,0.15,18.780384063720703,0.302,40.47511863708496,0.037285212624182405,30.0-100.0,-62.2134873771879,37.751280743423955,95.01767343739161,41.354491628632026,3.0231600860909005,2.091323833325495,0.056995886747614855,0.594337821014207,0.35676252522234636,0.265415787801116,0.478068199087812,0.24415434706744296,0.06707771320930253,1.0142412182713005,1.9600673439920941,0.033105522,2.707822,9.0,4.25
ds005291,sub-043,13,Cz,1000.0,-13.953328132629395,0.15,18.876846313476562,0.331,32.83017444610596,0.032936842014980074,30.0-100.0,-104.15253470491403,-241.19539245112648,70.56290460347336,33.687304180284976,1.3985045742115352,2.029026950503825,0.04432884790544518,0.8568815862513721,0.33371049068583847,0.5505764713935708,0.46788169645441147,0.25642113444221126,0.09470714177835728,1.017078332144402,1.926146999913945,0.032036763,3.1310523,9.0,4.25
ds005291,sub-043,14,Cz,1000.0,-7.341310501098633,0.15,10.491446495056152,0.3,17.832756996154785,0.10791887030910943,30.0-100.0,94.85462819829331,60.44396878716681,88.93179814108997,56.9572925038396,15.044564279943668,3.206890479524048,0.20245376959255754,0.24637043430524172,0.34526887168087866,0.4009628654524736,0.4704209538646849,0.2823559717065926,0.11324643206474348,1.0117967018399712,1.8816562073427894,0.03911205,2.2582219,10.0,4.25
ds005291,sub-043,15,Cz,1000.0,-28.531517028808594,0.16,11.634245872497559,0.3,40.16576290130615,0.003362425112333962,30.0-100.0,-6286.540911290106,-165.4445988068826,39.47267204225394,90.85656059171991,10.806980196564364,2.5823808416773817,0.015914384675595455,0.9115890030171763,0.42159290218921514,0.6264623177378251,0.47603542409091,0.23494055497344407,0.09636323550251015,1.0120244703917598,1.916336955230769,0.040463027,2.0472956,4.0,4.25
ds005291,sub-043,16,Cz,1000.0,-18.45220375061035,0.15,10.844037055969238,0.525,29.29624080657959,0.05284567049256913,30.0-100.0,-684.1879763796092,-150.39106963312435,24.378225620790538,24.171890614432314,3.2595649741995203,1.900105641019861,0.07561964664126503,0.9230107442814834,0.4996478710153518,0.39596719790050344,0.4665418640577659,0.2709135421943738,0.13371152628418487,1.0120373478793467,1.8952660196464581,0.044648983,2.1251132,5.0,4.25
ds005291,sub-043,17,Cz,1000.0,-20.84024429321289,0.15,25.94086456298828,0.308,46.78110885620117,0.031047738968928477,30.0-100.0,-158.4365902899388,-51.594369884128575,135.9463817668411,30.051553156743697,1.516895292204837,4.099532482229777,0.03912921323984914,0.3297856517295439,0.5102291618174869,0.42061912835636744,0.49274160095767444,0.21905666494424603,0.061783310310839896,1.0193068726179597,1.917838072566328,0.028162463,3.5619402,7.0,4.25
ds005291,sub-043,18,Cz,1000.0,-16.47789764404297,0.15,17.809232711791992,0.355,34.28713035583496,0.004050402354926042,30.0-100.0,-1045.0072017076877,-43.11810168307701,32.014169386039164,12.680614695829501,3.003744584209513,1.9402001859345261,0.02137324143563021,0.7984674057199201,0.3397246648378883,0.5356973465945748,0.47737290257286796,0.27124512400971323,0.10326510877647385,1.0172197206764304,1.8718376247828967,0.037370104,2.6053586,6.0,4.25
ds005291,sub-043,19,Cz,1000.0,1.1331727504730225,0.15,16.636775970458984,0.346,15.503603219985962,0.08707348467994218,30.0-100.0,-1800.5054587118263,-19.089622659571596,61.594815947504074,38.65710585548662,5.197604607530227,1.8809269927648806,0.097440212574501,0.9166434507197556,0.5662703286099497,0.33543183665556753,0.4836573017915292,0.2894745998394459,0.09665616320060863,1.015851423749145,1.8762737879372682,0.035672355,2.747049,7.0,4.25
ds005291,sub-043,20,Cz,1000.0,-7.974460124969482,0.166,14.598745346069336,0.312,22.57320547103882,0.003547249215849154,30.0-100.0,-93.60950501963556,-15.239285879537356,10.326406138057052,10.091907837811638,4.0935270000377315,1.3013044382537509,0.05775086026758564,0.6656092462876042,0.32164000346148597,0.05151518689760188,0.49211741868220366,0.2869078159067127,0.13616230674758664,1.023126807426577,1.8093584748993925,0.043490283,2.6533039,5.0,4.25
ds005291,sub-043,21,Cz,1000.0,-19.268604278564453,0.156,11.83134651184082,0.3,31.099950790405273,0.05643010141768901,30.0-100.0,-1233.915493920758,-953.7611667272209,49.59079348683754,10.825694996561777,1.1579241690439859,2.9942569447956253,0.09368980835152178,0.6703102414097366,0.07084209978032825,0.38515385791755363,0.48806027967930193,0.2283086165992507,0.09158849645739398,1.0266011846263372,1.8519613650203695,0.03563592,3.4029539,8.0,4.25
ds005291,sub-043,22,Cz,1000.0,-10.626773834228516,0.15,20.008899688720703,0.302,30.63567352294922,0.02362798945831063,30.0-100.0,-1821.0412105198197,-17.34364162099886,58.28887058812691,38.942300519191726,2.6727966410206108,1.4477843515880893,0.05617201451429682,0.5395831279887204,0.3878165991477249,0.644459453191198,0.4839432926365879,0.22450457209072655,0.07935958363820786,1.016957064495814,1.965635499554887,0.03236929,2.971325,9.0,4.25
ds005291,sub-043,23,Cz,1000.0,-5.535837650299072,0.15,20.59210968017578,0.309,26.127947330474854,0.039994227027785996,30.0-100.0,-613.1118476581822,-58.874541569860206,67.75815161430874,44.00789512778228,1.2415621789393485,3.445921967076872,0.01761667976309386,0.7358784766956155,0.5031062826250936,0.3885308229155356,0.49294724049333966,0.2483508147770772,0.08252463492214025,1.0204062358386428,1.9185403120689792,0.03492584,2.788345,10.0,4.25
ds005291,sub-043,24,Cz,1000.0,-5.560992240905762,0.15,19.504486083984375,0.359,25.065478324890137,0.0054968242287734516,30.0-100.0,40.63909502174761,27.52546959869051,59.9900773839072,45.504037600907836,7.323946989865997,2.4604568470860686,0.03723316149726842,0.8475619748855657,0.571773167683631,0.4393228094858419,0.4857643755743434,0.27223822017228677,0.07745382004000104,1.0162228795799184,1.9719107263685158,0.03289485,2.8005998,9.0,4.25
ds005291,sub-043,25,Cz,1000.0,-24.172672271728516,0.15,15.189566612243652,0.301,39.36223888397217,0.05060884718194673,30.0-100.0,28.768497636400465,-248.24825817457557,128.2289528291048,31.678001835661114,2.21157252590082,3.5425062093896162,0.09560130491427486,0.5264343818359838,0.6152083342792486,0.05906648871077148,0.47829220611208484,0.2318865482100051,0.07172066455510381,1.0172795305303244,1.9636651166840862,0.029468242,3.3937507,10.0,4.25
ds005291,sub-043,26,Cz,1000.0,-12.900167465209961,0.15,12.817214965820312,0.3,25.717382431030273,0.026966188779795758,30.0-100.0,44.966907773191046,-143.7324602257468,65.64103061959693,18.39402566077839,0.8561666662102926,1.6642767216567853,0.12664550143809752,0.29789474308210995,0.2547277857454048,0.6054697114882069,0.47365040474701714,0.25346673433828215,0.09386507678379886,1.0154974103157062,1.9221964055612684,0.030824574,3.500938,9.0,4.25
ds005291,sub-043,27,Cz,1000.0,-29.504188537597656,0.15,8.644177436828613,0.3,38.14836597442627,0.02045329068652247,30.0-100.0,-197.89344611722132,-4.13242224704776,29.69562041508106,67.4771087680355,10.102495501493907,2.7206226331610788,0.017254523407740748,0.8086646892641365,0.41131562661226123,0.25477253385656484,0.461301668356597,0.22331520268557728,0.0913208128112913,1.0063863170123186,1.941358823216589,0.040242482,1.9593539,4.0,4.25
ds005291,sub-043,28,Cz,1000.0,-5.74827241897583,0.15,18.287620544433594,0.311,24.035892963409424,0.036522453895531035,30.0-100.0,-499.1904531162624,-6.649285048106682,71.98626299147864,60.70162109476612,1.5954255859277613,1.2020216686247986,0.06772863113979263,0.9014021845915541,0.6517217272813258,0.5915777566161787,0.48298510954769774,0.24691537751430503,0.08781658119476869,1.0144015295632935,1.926919067957854,0.032421336,2.5355847,9.0,4.25
ds005291,sub-043,29,Cz,1000.0,-7.449269771575928,0.15,10.665216445922852,0.532,18.11448621749878,0.004520671296074483,30.0-100.0,37.86638301850414,-96.02881787653622,16.681617161013044,27.430369242711546,3.4208594098869103,1.0115062935767771,0.03511032379199828,0.6590051466152799,0.3242456960504624,0.27841573818618437,0.4773426834662234,0.27146799920656134,0.14050839570826143,1.0157875136518086,1.9253378291645002,0.042761646,2.408569,8.0,4.25
ds005291,sub-044,0,Cz,1000.0,-13.181684494018555,0.15,5.555843830108643,0.436,18.737528324127197,0.027444509685737254,30.0-100.0,10.33082391797278,-33.19584775939009,14.584142809835045,17.891187382061922,0.7441573250174653,1.4640086043117508,0.09086099642758007,0.18192302535042298,0.6614257095660319,0.36797439289690964,0.49834907613618734,0.2734248041348911,0.1686236665791843,1.0289642550765585,1.8376287248028274,0.04865237,2.7759979,8.0,3.5
ds005291,sub-044,1,Cz,1000.0,-3.710779905319214,0.282,0.8222949504852295,0.332,4.533074855804443,0.07885482868136688,30.0-100.0,92.74022248694655,50.688122141774514,11.277704736368769,9.598401754466066,0.9671041822592242,1.5577458953288494,0.13816446384297024,0.5460794357292355,0.074125458370376,0.07141288390001833,0.515863121869339,0.351532059624282,0.24436389646268286,1.036962705488029,1.679641980755726,0.067456156,2.2143342,9.0,3.5
ds005291,sub-044,2,Cz,1000.0,-5.170796871185303,0.15,6.374290943145752,0.542,11.545087814331055,0.1750424970121625,30.0-100.0,-90.41571075880914,-251.62631781758895,16.245446115169884,5.994865453732795,2.8360146661180505,4.104857034278365,0.31378653619222907,0.37932660705259974,0.5737325995159839,0.19656532556399187,0.5021854667864084,0.35762924149631387,0.2063750071494585,1.0353660512237974,1.712487668011704,0.06538398,2.2185388,9.0,3.5
ds005291,sub-044,3,Cz,1000.0,-13.528894424438477,0.15,7.028968811035156,0.312,20.557863235473633,0.03318764320949086,30.0-100.0,-846.3349335025578,31.76574320567681,13.495396562210065,26.947939700212377,8.427301866232883,3.8036950321229255,0.08848962682310116,0.7105502054217641,0.30744903010166386,0.4228714687546914,0.5096181516050864,0.3357586417589601,0.20773523708423272,1.0271183288572168,1.8110982121542072,0.05919396,2.1962965,8.0,3.5
ds005291,sub-044,4,Cz,1000.0,-7.511643409729004,0.325,14.429628372192383,0.538,21.941271781921387,0.04936032448028515,30.0-100.0,-26.26659489923016,13.26203027849075,10.955196109648945,17.706916281967924,8.500750268603802,3.1481804295167004,0.12549357392651048,0.8483679247889501,0.4494150207384595,0.08647190660678268,0.4918710873286705,0.35391697737721334,0.2370181811270091,1.0235662454856076,1.8447702301969746,0.067304775,1.8932537,7.0,3.5
ds005291,sub-044,5,Cz,1000.0,-7.594926834106445,0.205,22.078960418701172,0.3,29.673887252807617,0.008716437415759918,30.0-100.0,-255.52039199445832,-53.16865592311236,12.742767058784239,12.467926270953821,1.8984614545841194,5.673944433276582,0.08908216728729539,0.6533142302079031,0.49192389498588335,0.018240330163812764,0.50429313418028,0.32891450130740474,0.13624836514311375,1.0345428691873253,1.7582276356467315,0.046518583,2.965527,6.0,3.5
ds005291,sub-044,6,Cz,1000.0,-9.318729400634766,0.194,0.8976751565933228,0.515,10.216404557228088,0.04888977941106798,30.0-100.0,-542.866270460055,-74.58436293738187,1.0465094437212843,3.3967811841678928,2.1666049229582725,2.3138870988516635,0.10950808708677885,0.6231162512777061,0.3295207575971533,0.12064293560727277,0.5027260558613674,0.38142533893708036,0.25624113695856005,1.0386558011504194,1.7400544773526583,0.07311847,1.9581546,7.0,3.5
ds005291,sub-044,7,Cz,1000.0,-18.01041603088379,0.15,8.50704574584961,0.302,26.5174617767334,0.13982794645227448,30.0-100.0,-379.7882718931248,-2.755121475957028,19.388584132729044,11.402009991509273,1.2977112014338652,3.9442376245007527,0.18261211705613983,0.5290068936659464,0.1640384935239108,0.21872996117690272,0.5142627505899376,0.29713310958319394,0.19339061065311186,1.0335765823015275,1.7731623626545026,0.057757564,2.4666936,8.0,3.5
ds005291,sub-044,8,Cz,1000.0,-23.264516830444336,0.209,5.925691604614258,0.317,29.190208435058594,0.13406979591317955,30.0-100.0,-82.94199966319712,-17.19103244347132,28.17184414371401,21.12499643509978,1.7540661264603727,1.9118878375387414,0.13817597836315051,0.6889720492648128,0.5851419303929051,0.31600315997746686,0.5003969042846264,0.28266940938583923,0.1242174672820659,1.026704176773437,1.8630454048696667,0.04420084,2.940732,7.0,3.5
ds005291,sub-044,9,Cz,1000.0,-10.26693058013916,0.169,-2.213318109512329,0.413,8.053612470626831,0.054335066823411556,30.0-100.0,46.78356703119455,-186.42488192946342,11.995249397879038,11.730993892191254,5.857367362086967,3.2733139270848355,0.2019955216564197,0.5257284751227439,0.1305272949375688,0.14396426048896813,0.5053735721604836,0.34162858436483634,0.22093288802702074,1.0367286345026998,1.7373693531504755,0.0618177,2.2347453,8.0,3.5
ds005291,sub-044,10,Cz,1000.0,-5.400646686553955,0.284,13.027059555053711,0.344,18.427706241607666,0.09475387899062684,30.0-100.0,-821.2338908462432,32.795497269062906,5.98093486917138,4.736876514193486,1.1184141453310068,2.6756769705658874,0.264283677145582,0.21626488398723695,0.0676685985237895,0.18997913537663355,0.5116428338945342,0.3383189736306198,0.2561998701188071,1.0383368302679137,1.704315580177535,0.06607521,2.263542,7.0,3.5
ds005291,sub-044,11,Cz,1000.0,-14.450448989868164,0.194,13.204830169677734,0.55,27.6552791595459,0.12618574865758436,30.0-100.0,-187.93995470019013,-309.6437875486922,9.714652113327043,8.807263813590367,0.9164808196047699,4.577779015743243,0.12136990655592418,0.35089283868661647,0.2298462583370937,0.12210218311311045,0.5029804745574297,0.3630975547599464,0.2053569147463929,1.02880528007167,1.7444393012230188,0.071040094,1.8569945,9.0,3.5
ds005291,sub-044,12,Cz,1000.0,-5.525657653808594,0.193,19.562183380126953,0.384,25.087841033935547,0.015520477296613584,30.0-100.0,-185.5751809965605,-39.54442525194754,10.858573871235736,1.7329423164289353,1.232964481815249,5.372267038655465,0.18828361200404567,0.4060497799324435,0.08786585661309082,0.2382072068963294,0.49954898307691514,0.39111989362950556,0.23409924243335423,1.0318811638804057,1.699322578622669,0.064983465,2.2068896,8.0,3.5
ds005291,sub-044,13,Cz,1000.0,-17.53691864013672,0.183,4.519739627838135,0.531,22.056658267974854,0.11710863448707018,30.0-100.0,-442.19071399998234,-177.29009644692823,3.183469391292525,14.29793678563125,2.0073807398301784,3.900948622482068,0.14349431058375028,0.6363639781381859,0.16500547183861766,0.44930013213105957,0.5122952088703046,0.33779415628860043,0.2546107653618304,1.0366461533930917,1.7374623105329858,0.06959426,2.0105658,7.0,3.5
ds005291,sub-044,14,Cz,1000.0,-6.582674503326416,0.296,1.7212717533111572,0.361,8.303946256637573,0.03305527063709541,30.0-100.0,3.9622334353344377,33.71863401975678,11.719821163605108,1.2613384923448043,0.6580134640787868,5.38669304186261,0.31772301435867606,0.3093609326139395,0.2933587269569036,0.09390494060809114,0.5202796622208136,0.4095431963585349,0.27548107642244013,1.0445175493202683,1.63848010484186,0.08298127,1.9395797,7.0,3.5
ds005291,sub-044,15,Cz,1000.0,-9.240909576416016,0.181,11.535511016845703,0.356,20.77642059326172,0.01895665980615362,30.0-100.0,-48.13005265430771,16.375001105131215,8.923930677272107,0.8989611225043497,0.9347154747500405,3.900412685102415,0.07173233022595778,0.5125483861993405,0.3996350597675278,0.2595934710234482,0.5046172404496234,0.42467834291708123,0.2517395319768694,1.0312155370457707,1.6578825632681207,0.06671806,2.149893,8.0,3.5
ds005291,sub-044,16,Cz,1000.0,-12.069132804870605,0.15,13.330485343933105,0.327,25.39961814880371,0.07337338674465295,30.0-100.0,-763.5790371090062,-196.12009282746848,20.66560696550003,3.9723539987494223,0.34570732835130347,4.685812856129615,0.14426206242265208,0.482290640882302,0.25604437968975646,0.16633585345211252,0.5158629846767264,0.3401022550924404,0.21813788587429897,1.0417072903455278,1.697408607379729,0.06451071,2.333889,6.0,3.5
ds005291,sub-044,17,Cz,1000.0,-5.252861976623535,0.253,12.694509506225586,0.401,17.94737148284912,0.009130957681518488,30.0-100.0,14.419688878774444,4.431268172455739,2.991618975153509,0.9067642867366691,5.963072991132998,4.021892094618736,0.07320609015574159,0.4631565834060687,0.42172015235658367,0.07456749130604325,0.5026755398148975,0.38206494945734526,0.31236211416780446,1.0313598709172105,1.7563674937351614,0.078813374,1.7519306,6.0,3.5
ds005291,sub-044,18,Cz,1000.0,-7.035887241363525,0.346,6.8819122314453125,0.483,13.917799472808838,0.01241215770734094,30.0-100.0,70.74220006306449,-135.9772116821797,11.428537167666622,5.68730108745884,3.594928953412106,3.498298120162926,0.05875018759327643,0.26391702155224833,0.36499215150719444,0.23451537498204225,0.5094607836367346,0.364302182342801,0.2343010946337464,1.0359987397512347,1.717667089654226,0.0683754,1.9499315,7.0,3.5
ds005291,sub-045,0,Cz,1000.0,-6.094906330108643,0.156,12.265584945678711,0.468,18.360491275787354,0.03400415354102097,30.0-100.0,-28364.704425291937,43.134709529062334,0.9313879842631162,2.140746165592053,12.910393842978687,2.8114552949694764,0.15657692140390417,0.7844429506957573,0.897641710088921,0.5548194445654696,0.48788150009230724,0.33221200882624385,0.2772623264717879,1.0185305672307068,1.8355315586261827,0.07172235,1.5706366,4.0,4.0
ds005291,sub-045,1,Cz,1000.0,-9.336764335632324,0.15,8.53177261352539,0.445,17.868536949157715,0.01772025455455365,30.0-100.0,42.195961443841924,-481.54421918479215,9.490058901042705,13.886253524170598,1.2039493078926158,1.9552812329622673,0.04550174706456359,0.355518310604725,0.1483120082970755,0.30150700322026447,0.4836309944672425,0.3165788124491028,0.1426052232726533,1.0197541673151467,1.898344346691118,0.049437795,2.3106933,6.0,4.0
ds005291,sub-045,2,Cz,1000.0,-6.510589599609375,0.168,10.83712387084961,0.3,17.347713470458984,0.027986709356306667,30.0-100.0,4.774929277054298,53.73239610940427,9.155603148431808,18.840682890253778,2.0532721816898056,1.8012032293188454,0.08631933114278224,0.32399221824328817,0.5094945229926573,0.5117901337334676,0.4952598306252559,0.29065141204370454,0.14186197891678873,1.0261554762692118,1.7986261122991167,0.04418431,2.8139446,6.0,4.0
ds005291,sub-045,3,Cz,1000.0,-20.266443252563477,0.17,1.8483529090881348,0.326,22.11479616165161,0.004693358647616464,30.0-100.0,44.065458853642156,-8.97552203307292,11.739035954618295,5.593288685717144,8.942233867835785,2.094403452981061,0.012814902183939778,0.6137586143012211,0.50303382561889,0.32625603896907907,0.4720403552773401,0.32855610119777484,0.15538431065366426,1.0176792860624453,1.8659408089756624,0.047011007,2.1193433,4.0,4.0
ds005291,sub-045,4,Cz,1000.0,-15.711132049560547,0.165,5.892598628997803,0.549,21.60373067855835,0.05862312200698405,30.0-100.0,-24.70583259270774,-336.9123662001935,10.562177503545595,10.86295577185797,0.9313202261527821,1.9506130255882803,0.14533947102353167,0.37196559081572,0.24503895176170676,0.26387818888575576,0.48396077878020355,0.3225061812310243,0.1869114413377859,1.0196890491636257,1.82228388986845,0.053087816,2.337587,7.0,4.0
ds005291,sub-045,5,Cz,1000.0,-18.385616302490234,0.15,6.255807876586914,0.322,24.64142417907715,0.011551291340967183,30.0-100.0,56.52414565141805,3.215528310978754,40.719457789345924,24.222824338009037,3.922003884691244,2.4438830491539894,0.059973036600997606,0.2875661392623125,0.28688868825289626,0.62448995955638,0.4919835858833234,0.3013299935642464,0.1367440171413822,1.0236782739097867,1.8844864263110226,0.045381688,2.4257405,8.0,4.0
ds005291,sub-045,6,Cz,1000.0,-11.562294006347656,0.15,12.059449195861816,0.401,23.621743202209473,0.3584270428366561,30.0-100.0,-1.451621838561152,-223.53227818910878,23.757067689885044,20.52208903627046,2.770703488528795,5.463014204844782,0.30365243343025156,0.46336155157130643,0.18089306361177035,0.4024480592062248,0.4795205925850532,0.31253826812519664,0.13442772718141832,1.0189482741211389,1.896950285591923,0.04318024,2.67143,9.0,4.0
ds005291,sub-045,7,Cz,1000.0,-15.454504013061523,0.301,1.9243693351745605,0.468,17.378873348236084,0.031667229835922975,30.0-100.0,-109.7959063320206,21.570250978850254,18.693653513138884,12.70513105868764,41.742517998427566,5.2976875331306585,0.05308799345559244,0.6614247857673439,0.14343222997222863,0.14071668180260982,0.47030481447931943,0.34037814122995197,0.18253438022498053,1.0134950119298483,1.911887876696249,0.058741786,1.5990295,10.0,4.0
ds005291,sub-045,8,Cz,1000.0,-5.154480457305908,0.296,13.770614624023438,0.396,18.925095081329346,0.013371793471975988,30.0-100.0,-151.7716386728491,-50.67336742992552,4.095849133490457,1.299067289794854,1.3502501488790393,1.4858502588678275,0.03193742991229191,0.6010313921190964,0.4900022567290747,0.6350309737001094,0.4930816797003686,0.34815575061514636,0.18568064628098854,1.0206376565599353,1.8045778859898616,0.061537478,1.8393118,2.0,4.0
ds005291,sub-045,9,Cz,1000.0,-4.391294002532959,0.196,9.936189651489258,0.309,14.327483654022217,0.029801215926759505,30.0-100.0,14.204269409728735,19.79401649523269,5.1994094838048195,9.31712035730597,0.7389938990098652,1.376690007601508,0.03646600528143544,0.47690415988189333,0.13195688733158414,0.5622751269337453,0.4765719412250687,0.2718224970767959,0.15147404787672644,1.0217484993735788,1.8502368258993052,0.046312597,2.370569,4.0,4.0
ds005291,sub-045,10,Cz,1000.0,-10.624183654785156,0.15,7.587551116943359,0.326,18.211734771728516,0.010177195897273957,30.0-100.0,92.10601141040223,-102.4224520177709,22.970429271228042,9.730114920951682,0.9628925617209545,3.178458924422849,0.02682706173652234,0.2605434140013001,0.42124611637999365,0.4253248216562023,0.4912729531863918,0.32411475791123345,0.17287369371643024,1.0237167574716761,1.8215252923295016,0.049390107,2.2214425,4.0,4.0
ds005291,sub-045,11,Cz,1000.0,-12.85480785369873,0.258,11.55931568145752,0.442,24.41412353515625,0.02356838880388961,30.0-100.0,89.3435420442146,72.0888975510397,9.493762195176474,2.3429337702898287,1.6103167909628544,2.058194187386054,0.05185001794041065,0.6711956918472513,0.19617633539176846,0.34244576722951264,0.48570236233298913,0.359680964236918,0.17099410485947833,1.0236765747756675,1.8055535416146473,0.053953487,2.1991405,3.0,4.0
ds005291,sub-045,12,Cz,1000.0,-8.634844779968262,0.239,1.273040771484375,0.517,9.907885551452637,0.013272504542844687,30.0-100.0,94.66836278214748,33.61833036954593,5.822963309737871,3.0738866157193026,10.866872081481386,6.029693114175384,0.06704809961174103,0.7132786064372366,0.21438835577589319,0.5088936363510775,0.47514223968855307,0.28054915252700074,0.17629744219057375,1.0186460591496933,1.8486991360388945,0.06804385,1.5321796,1.0,4.0
ds005291,sub-045,13,Cz,1000.0,-1.4157052040100098,0.285,11.037022590637207,0.44,12.452727794647217,0.024898656706174152,30.0-100.0,73.46906516414752,35.92656129454673,5.165013303767298,4.979485478438231,2.862822599336917,2.57834910438887,0.039658495998670086,0.4153906001701307,0.39292478474362996,0.15283596582617132,0.4860160857391368,0.36424504981432854,0.20872481295996803,1.0178140076960367,1.8505822713739615,0.062370405,1.8251021,3.0,4.0
ds005291,sub-045,14,Cz,1000.0,-11.62873363494873,0.335,-0.07266031205654144,0.55,11.556073322892189,0.004208237714147747,30.0-100.0,66.20492498311646,-105.23057150291348,5.397297036766873,22.218876223717622,2.5813185282208666,2.242826372405698,0.06468206427652448,0.6729348266747867,0.1161421287846067,0.5273604773169687,0.47810937829477856,0.3168049387917868,0.14156841027750808,1.0160151465236427,1.9046164653106736,0.049417477,2.0195262,6.0,4.0
ds005291,sub-045,15,Cz,1000.0,-3.3577866554260254,0.215,14.996929168701172,0.479,18.354715824127197,0.017154232531390253,30.0-100.0,-2450.6190412481074,-30.387007248691273,2.2731875374367445,9.598495163742893,2.801585640679719,3.085716938668166,0.03597474837370544,0.6474302013121102,0.563611401547516,0.34402096720810404,0.4920346243590393,0.3716135635157173,0.21888300649222917,1.023363243862218,1.78160801697678,0.062308937,2.0478356,4.0,4.0
ds005291,sub-045,16,Cz,1000.0,-10.14810562133789,0.183,9.532320022583008,0.329,19.6804256439209,0.05431941767763994,30.0-100.0,40.138886596871664,35.05884684772244,6.94252674640482,6.791747304363865,1.9223242501969078,0.9538225961909045,0.203180682047788,0.40852685896375207,0.29159036867320876,0.4814549822231845,0.49113112802987036,0.30152148596591455,0.177715220062635,1.0258602822670353,1.8437144210077763,0.05108637,2.3232284,5.0,4.0
ds005291,sub-045,17,Cz,1000.0,-4.327949523925781,0.231,16.26970100402832,0.375,20.5976505279541,0.013990716562097303,30.0-100.0,-8.171184415750005,82.22759087124489,13.173438071146126,2.236361012739294,3.4993963024592434,1.3726920542719625,0.09262570702855964,0.28539746025844775,0.1225179743244189,0.30628292691981035,0.4905258010012625,0.36012834869563876,0.14211381882323443,1.0255126212607462,1.7790060418684106,0.046674263,2.8444166,2.0,4.0
ds005291,sub-045,18,Cz,1000.0,-7.954162120819092,0.35,10.076902389526367,0.507,18.03106451034546,0.047313654396778995,30.0-100.0,-5309.408268331344,-221.2843292622489,6.094399885120455,14.259799603749062,1.5103066470329294,2.811363053722068,0.1607058541437308,0.23616354448375224,0.2606371546822805,0.4491357980427786,0.49614545816841565,0.3195569699304148,0.16912474864048443,1.023570909106161,1.8557334602970854,0.05350796,2.3399782,6.0,4.0
ds005291,sub-045,19,Cz,1000.0,-9.433001518249512,0.162,11.141379356384277,0.504,20.57438087463379,0.020944626935990786,30.0-100.0,-61.12456584367544,-690.6207073211007,0.42875245064662376,5.4673584928523145,2.243717952520812,2.0231772400232053,0.02442908899769847,0.6542094193105233,0.21670904512407166,0.1608909226460984,0.4881995909970431,0.35115776933583276,0.2380922309043007,1.0229530852110673,1.846037232880254,0.06985691,1.691472,3.0,4.0
ds005291,sub-045,20,Cz,1000.0,-10.692863464355469,0.185,11.60615348815918,0.503,22.29901695251465,0.008997822361589188,30.0-100.0,13.426537662502241,16.797391161227303,9.224900130294138,14.312900793009936,4.750157500742277,2.893413370526855,0.019061139994207624,0.35366505206453624,0.5486637557481179,0.15900183917888944,0.5029389577275355,0.3473296581915762,0.18482307072434667,1.0261342097116064,1.7859806045359956,0.055378865,2.081466,5.0,4.0
ds005291,sub-045,21,Cz,1000.0,-9.096506118774414,0.153,17.7362117767334,0.3,26.832717895507812,0.10346289439817606,30.0-100.0,-2333.887491533836,-243.85492520003868,15.0568472029234,5.027495928265808,15.259242084261842,1.640143791848295,0.24312636751303812,0.8011598714653316,0.5487921987398805,0.36233781606830157,0.5068321702937201,0.3343730786344111,0.18120120276892313,1.0245565316496608,1.8651991203039338,0.05701721,2.071555,4.0,4.0
ds005291,sub-045,22,Cz,1000.0,-3.5392026901245117,0.272,14.425731658935547,0.334,17.96493434906006,0.04465634721072108,30.0-100.0,-123.66573302397134,0.10632781146219192,2.454131543967091,4.676433038235238,5.6983505052149495,4.056120462938894,0.0487815772116439,0.4913870869762124,0.3491242987711779,0.3874694052819396,0.5005247860461175,0.3571475615705684,0.24755639476761454,1.0248603754023509,1.8210232610327357,0.07035635,1.6863205,3.0,4.0
ds005291,sub-045,23,Cz,1000.0,-4.4606828689575195,0.226,21.670778274536133,0.461,26.131461143493652,0.13706723551691147,30.0-100.0,-584.1175542806359,-161.83404699567376,4.145272960938041,1.5814937444426507,9.302024240631376,2.1669685646279664,0.21304422932290057,0.8291791684312118,0.585703338860733,0.08625136950340714,0.4879787096443496,0.32916591424853303,0.20874647899756119,1.0194124879200486,1.8330794478404984,0.06682874,1.6513796,2.0,4.0
ds005291,sub-045,24,Cz,1000.0,-7.7891998291015625,0.15,15.742652893066406,0.335,23.53185272216797,0.016160673680331552,30.0-100.0,-1236.1609372297187,-1710.5275114740145,18.367438152283594,13.713809679139333,24.299987280673108,6.743062734107728,0.05498053807698401,0.6166691987870239,0.2830828822308074,0.6353945534011889,0.4781159420670034,0.3201403462316576,0.14107315885084293,1.016204408483807,1.917151668811433,0.051805284,1.8196746,3.0,4.0
ds005291,sub-045,25,Cz,1000.0,-7.249398231506348,0.278,5.441340446472168,0.301,12.690738677978516,0.02329271788517928,30.0-100.0,-8717.009290087986,-792.865442271019,2.695794838514762,1.91943673261924,3.1912373781998067,3.2631248136471696,0.07467695659923552,0.43007657071173,0.336677120145616,0.1611015500197667,0.48976912505194375,0.3826854623272624,0.23699775021218467,1.0239035430182983,1.7820178725701175,0.06379944,2.054007,1.0,4.0
ds005291,sub-045,26,Cz,1000.0,-13.074176788330078,0.152,3.518922805786133,0.55,16.59309959411621,0.041401114193258245,30.0-100.0,-39.82465511390159,-111.67408045035279,3.974264787383931,3.8566672709356,3.017283934731858,3.3571220165352176,0.06371061848846088,0.2656148542558181,0.6829980430232745,0.15785853956957588,0.5005450635169681,0.37747300838517356,0.2390215541332815,1.0240936447024382,1.79423028488998,0.06875536,1.7490032,0.0,4.0
ds005291,sub-045,27,Cz,1000.0,-12.325054168701172,0.176,12.83280086517334,0.353,25.15785503387451,0.13132158722062112,30.0-100.0,47.148917372310144,-357.92548676830955,21.834992674426417,1.189468480175264,11.917397396413653,5.033183845998378,0.3802895757781058,0.8010645713600913,0.5590447029505277,0.15426170711977558,0.48101209071297585,0.3396559075011333,0.20920260522066658,1.019669252115178,1.824620856457856,0.059271608,1.7051488,1.0,4.0
ds005291,sub-045,28,Cz,1000.0,-1.183300495147705,0.15,19.412761688232422,0.511,20.596062183380127,0.028528488045608827,30.0-100.0,-142.85387761839348,-83.76172334105142,5.737037822753026,1.1595763125509588,1.3701068888626131,1.286375779786729,0.07803606631603646,0.4107297243245208,0.5395857423539872,0.1461111652515409,0.5065964000521623,0.34516340112644694,0.11292601069443474,1.0226928407731788,1.8405285538369058,0.040538177,3.0724652,1.0,4.0
ds005291,sub-046,0,Cz,1000.0,-20.2810115814209,0.15,17.13306999206543,0.3,37.41408157348633,0.03899903983709233,30.0-100.0,-62.96384116907425,77.17892569320594,70.81771664296615,22.38988955727428,4.874456074341023,2.578893204020144,0.07907215604824629,0.34429887803757636,0.0883368405038278,0.2899632817084864,0.4704815110612748,0.25965621415525253,0.12126633134150709,1.0115435468369411,1.9103202878559542,0.038718555,2.4475195,5.0,4.25
ds005291,sub-046,1,Cz,1000.0,-15.573426246643066,0.154,10.0483980178833,0.3,25.621824264526367,0.0694408998022085,30.0-100.0,-1942.9670496045212,-16.963808131859555,34.65880776086737,3.7856750959296877,1.2442016112023795,1.7126212671779502,0.1337215699220505,0.44519626611299246,0.14354929727211854,0.1866274923953982,0.5069770462923545,0.275125819288825,0.14308479472357366,1.0347608032248659,1.7802173331137867,0.044629797,3.1784134,4.0,4.25
ds005291,sub-046,2,Cz,1000.0,-14.16519832611084,0.15,10.303511619567871,0.318,24.46870994567871,0.06624156241326128,30.0-100.0,55.29934517190196,-362.2181890626251,34.617556318988015,29.89805181336059,2.2778470693497233,2.2361372906578243,0.06936779010041617,0.3641685101914508,0.4573429696718921,0.36281713703447316,0.4883910442586626,0.26012276508752924,0.12173630984047656,1.0205767904478793,1.9469479089789963,0.042529482,2.4793074,6.0,4.25
ds005291,sub-046,3,Cz,1000.0,-9.490083694458008,0.165,10.254478454589844,0.3,19.74456214904785,0.04657317258493903,30.0-100.0,-95.07340978951588,-54.97743691089857,26.92936422028367,10.197437960617286,3.0627101825159477,1.7889641911684468,0.14191573563655935,0.3439503479727836,0.4648539650188777,0.5417187159135556,0.48013272272308394,0.2705687726526881,0.14557939757441357,1.0206033376352142,1.8843078740946737,0.043789648,2.6035228,7.0,4.25
ds005291,sub-046,4,Cz,1000.0,-5.320766925811768,0.15,7.977333068847656,0.335,13.298099994659424,0.03674771401041311,30.0-100.0,-227.4000308428768,-648.9541382306315,40.41947905681242,31.552720149269906,13.812147155321401,2.75721224428017,0.13045635312553847,0.5417479707719084,0.23756660948405164,0.288446406882947,0.48491726351061853,0.3083447376399228,0.14060465596262203,1.0165780802472797,1.8877081078183335,0.04553453,2.2658734,5.0,4.25
ds005291,sub-046,5,Cz,1000.0,-3.030763864517212,0.15,14.525062561035156,0.324,17.555826425552368,0.1180855882538702,30.0-100.0,-373.5434644607351,-278.78296135669467,45.14361010010578,11.275490698353963,0.4670207908627196,2.815453441075559,0.11526915526421569,0.21018219948007136,0.6914616301570219,0.46995398638747393,0.5073420171627729,0.25043634922602886,0.12351157453637433,1.0307850774995189,1.7752118566494162,0.04016259,3.3673089,5.0,4.25
ds005291,sub-046,6,Cz,1000.0,-9.503387451171875,0.15,8.207342147827148,0.379,17.710729598999023,0.05983964901283226,30.0-100.0,11.55661075413552,71.46066137680235,51.92076908496852,44.06695254767245,6.696282295752044,2.02475299647328,0.11969528929167148,0.4336343523978785,0.1973686214260831,0.5318979037629924,0.4831146603361894,0.29405628706911985,0.10884249924356741,1.0152043832164743,1.88208127473902,0.041313395,2.3960443,8.0,4.25
ds005291,sub-046,7,Cz,1000.0,-2.1099870204925537,0.35,5.115633487701416,0.3,7.22562050819397,0.011977561800874772,30.0-100.0,30.288794696925592,-428.99025123494175,48.92419525044872,9.992377474887522,2.9099652425827385,4.464292485829232,0.0493684337539686,0.20607021532679928,0.3403681167298804,0.47038909575209736,0.47578403982811857,0.30229860634462286,0.09337407077745852,1.0145636069597626,1.8793687220059447,0.038735308,2.5233521,9.0,4.25
ds005291,sub-046,8,Cz,1000.0,-8.217037200927734,0.15,10.64563274383545,0.328,18.862669944763184,0.06744569934690414,30.0-100.0,-59.125056926816036,-117.1579387802514,40.662589798227664,20.27670736450466,3.1987578834465937,4.129716867041443,0.09182866659962145,0.28739573419735076,0.6201737030035901,0.3331705040712364,0.514353534430289,0.3055825602997062,0.12942641567526916,1.0266748237117012,1.8523517965606477,0.04632071,2.5796874,9.0,4.25
ds005291,sub-046,9,Cz,1000.0,-20.764236450195312,0.159,8.667757034301758,0.456,29.43199348449707,0.18636352686111626,30.0-100.0,-2568.291603152617,37.76933305461323,33.841986238096446,27.83493778681781,2.12029502473846,2.1776681172596364,0.2773400254842544,0.6729678828873069,0.4200967652847519,0.40108587315850114,0.47951853097802016,0.24971357491901944,0.14377095001787735,1.0197659732324147,1.907321259502413,0.045903176,2.578979,4.0,4.25
ds005291,sub-046,10,Cz,1000.0,-11.494996070861816,0.15,15.387418746948242,0.359,26.88241481781006,0.0770608217354834,30.0-100.0,-1372.2199914468783,11.729968958747303,62.21006607241953,23.79287572600336,5.064606997334336,2.757917767128061,0.20239061565911404,0.3276325066526832,0.4512894016025743,0.6089636854240356,0.48069948167973775,0.28658741131071735,0.12896300143691813,1.0229626824891087,1.8312827365699513,0.04110144,2.6941907,6.0,4.25
ds005291,sub-046,11,Cz,1000.0,-23.872745513916016,0.153,20.271244049072266,0.3,44.14398956298828,0.003384437828137311,30.0-100.0,-1054.3386073170955,0.6605397092970076,72.8548581274712,17.105510576186777,24.1680007663604,3.0889969978576617,0.008407719753981881,0.7119838591446396,0.792281629949334,0.38521423683494826,0.48536231875198693,0.2654096606606427,0.07680068775159704,1.0115331613873633,1.9257849926607673,0.04004888,2.0437963,8.0,4.25
ds005291,sub-046,12,Cz,1000.0,-3.5294909477233887,0.15,10.794315338134766,0.3,14.323806285858154,0.032179963994607035,30.0-100.0,-227.02130468363487,-103.74912870067539,17.648761465599744,9.654690237606273,1.352884660947336,1.283650210005263,0.1023469996199518,0.16962931253728278,0.20731521036751852,0.19892632917901285,0.4911288972249327,0.27188546607919634,0.12119734369268766,1.0264749998584506,1.8753638830679922,0.03929751,2.9764159,4.0,4.25
ds005291,sub-046,13,Cz,1000.0,-3.8284108638763428,0.15,15.588565826416016,0.31,19.41697669029236,0.049795376734688396,30.0-100.0,-185.74329206878826,40.217956825731314,122.39401560115496,18.23030645389536,10.457045362474654,2.1756099129755144,0.09834793503573572,0.5137264596596043,0.42593268452482946,0.20257978501928967,0.4754651907306218,0.2727759920082553,0.1064054240962644,1.016056742121426,1.872146976424909,0.035764817,2.8152654,5.0,4.25
ds005291,sub-046,14,Cz,1000.0,-5.565171718597412,0.191,18.534744262695312,0.344,24.099915981292725,0.008326728391591771,30.0-100.0,-2026.6011536653227,-269.0751468053175,14.439960695662588,3.5502647321576144,9.248222812563679,2.1203457952562834,0.01689094558707652,0.4026722827995786,0.6043430584089001,0.38869051491187806,0.481054971711096,0.3181833626700782,0.12698808512477813,1.0144087731554834,1.8519064882361698,0.04881692,2.0379534,5.0,4.25
ds005291,sub-046,15,Cz,1000.0,-13.993631362915039,0.332,7.811708927154541,0.389,21.80534029006958,0.05018650910402417,30.0-100.0,-791.5632630851558,-791.5179634695841,1.295434218003403,1.1469828301873242,18.085205594654482,2.2643981056988705,0.0914496982131256,0.9402165406106566,0.8430024305146778,0.4144460718311132,0.47509958326029683,0.3061322316596761,0.24481010583335863,1.0132703559792464,1.8432626569733492,0.06457666,1.5836595,1.0,4.25
ds005291,sub-046,16,Cz,1000.0,-23.324691772460938,0.15,2.3953211307525635,0.321,25.7200129032135,0.0066135684056637094,30.0-100.0,-178.77225786683695,-748.512283192388,34.48917968953224,13.741031735639329,0.9340014056479364,2.5634186943945427,0.03174587596227464,0.35091197137417957,0.14855027897038806,0.3468658626326858,0.48012161777317575,0.2804112602209732,0.10939823708097098,1.0258903487137447,1.8748216305541126,0.038447797,3.0176618,4.0,4.25
ds005291,sub-046,17,Cz,1000.0,-25.042373657226562,0.15,-15.148923873901367,0.337,9.893449783325195,0.0334018315402236,30.0-100.0,-666.7622053322274,-437.11261439790394,19.32753839185844,17.00915745175242,5.959458938581697,5.62846544637995,0.06850224061764111,0.7028081416919427,0.19806641095863597,0.50147540272476,0.47255765689124735,0.32360955739838604,0.07493963189358921,1.0149628673387041,1.8478730816589246,0.027903784,3.8240545,7.0,4.25
ds005291,sub-046,18,Cz,1000.0,-16.21160316467285,0.15,17.965457916259766,0.341,34.17706108093262,0.03827756644197341,30.0-100.0,-55.090974767773446,35.63894150439101,69.65361371818312,49.3871612633505,22.545124926127812,2.1051223328818756,0.06165028198973704,0.804418509434341,0.6435517249470663,0.7014359738764275,0.44794596394583885,0.28899140155167474,0.1334665186422104,1.0087050899476222,1.8894155681998732,0.04349974,1.8840181,6.0,4.25
ds005291,sub-046,19,Cz,1000.0,-11.362152099609375,0.15,-0.10525083541870117,0.32,11.256901264190674,0.009205003944289285,30.0-100.0,58.501402827717584,51.50189190378573,46.67561856014746,39.91611366398988,23.117464999115292,2.318923453594683,0.07498443332705516,0.35244701297250924,0.3069911664158061,0.34680612356829243,0.48013272272308394,0.29159391207188157,0.10952643620042403,1.019717390421342,1.8872595863422021,0.041513886,2.1856782,7.0,4.25
ds005291,sub-046,20,Cz,1000.0,-6.226127624511719,0.15,5.919305801391602,0.309,12.14543342590332,0.008104883796570816,30.0-100.0,52.79032636590151,-64.72773072178124,11.857642185410171,16.95689033059513,3.0918123984045773,1.8377060052028111,0.019454510783640945,0.028554737356424872,0.3453858978985822,0.265926276476275,0.47753912921823505,0.26622453426194814,0.11637725725425568,1.011631128156515,1.9645247282500977,0.038521737,2.5015748,2.0,4.25
ds005291,sub-046,21,Cz,1000.0,-10.34530258178711,0.337,8.871966361999512,0.3,19.21726894378662,0.005764572792213408,30.0-100.0,-124.94452933111103,-183.38518575760367,24.815795424246495,15.039799083747823,12.759716145603289,2.323487194691197,0.11751132541004512,0.17789738938889538,0.6863333560366215,0.4480576210344173,0.46813286463280895,0.32773266574648013,0.170677970064257,1.0132054824862222,1.8716234801150087,0.053187642,1.8126749,4.0,4.25
ds005291,sub-046,22,Cz,1000.0,-8.51595401763916,0.15,14.533928871154785,0.308,23.049882888793945,0.02144669331239308,30.0-100.0,-721.4760321524602,-83.92933166682134,51.096303349197505,29.282604285270867,1.7190126745602923,2.6647747968727677,0.03764067942853032,0.6998040445457681,0.1922657121330925,0.07445202676697799,0.4959554179237468,0.2816448575517511,0.09179089296579038,1.0214605968060402,1.874841151769498,0.037451707,2.747684,5.0,4.25
ds005291,sub-046,23,Cz,1000.0,-5.829207897186279,0.15,8.96037769317627,0.314,14.789585590362549,0.016194999984264373,30.0-100.0,-160.78649755996796,16.103781495025114,39.47955945488086,36.226736189390266,1.7629305808313933,2.088787569586895,0.06733694627816196,0.4327509447928965,0.4950791232648019,0.09069895129125895,0.5003543421787928,0.29104184342617445,0.12517698531717442,1.024349226687037,1.8675530449977642,0.041676734,2.607845,9.0,4.25
ds005291,sub-046,24,Cz,1000.0,-10.820548057556152,0.15,17.5438232421875,0.3,28.364371299743652,0.009136730609179862,30.0-100.0,-41.13558523257314,2.2508326396837233,61.592451343261175,23.73888595784279,12.08776374503589,3.423061819290214,0.0088951009581116,0.5832270157469008,0.15626734994891814,0.27768369458741476,0.47913043406573685,0.30065606062840516,0.11658418244102123,1.0127068901765413,1.8807738075853941,0.042729747,2.2100315,5.0,4.25
ds005291,sub-046,25,Cz,1000.0,-4.647003650665283,0.158,7.004106044769287,0.509,11.65110969543457,0.06044835039286973,30.0-100.0,-54.70631205321321,-38.74838475246884,15.826200671518814,9.663042694032523,1.9649522881396726,1.6612283230142113,0.07332311674086794,0.5243980901511073,0.3093113247526253,0.040349182267642766,0.5049973574304729,0.30084661730454604,0.1680286010293403,1.0286199442289605,1.832078052531734,0.050049778,2.48235,6.0,4.25
ds005291,sub-046,26,Cz,1000.0,-9.447446823120117,0.15,6.383660793304443,0.511,15.83110761642456,0.006227338687185006,30.0-100.0,25.71761638190491,-183.85653797028988,17.55503994246302,17.20933855969157,1.8442586047800211,2.6577645447622,0.04035808789973581,0.36840763291699746,0.3006023606479642,0.31564096887548493,0.49349387894712937,0.2758103201069676,0.14346484260908962,1.0209196377955423,1.874353832595603,0.044812538,2.6025488,5.0,4.25
ds005291,sub-046,27,Cz,1000.0,-7.244817733764648,0.15,10.567561149597168,0.31,17.812378883361816,0.013860599950050042,30.0-100.0,64.2863904396134,-26.32407206717623,36.51342275536946,19.48900201609079,4.099886570865914,2.375189154992887,0.03169073229899139,0.5032243459994274,0.3721884315496122,0.38092641063030036,0.47306279569263315,0.31512842607437563,0.1581447899738403,1.022844360139292,1.8333073042467734,0.046388824,2.3127694,5.0,4.25
ds005291,sub-046,28,Cz,1000.0,-11.63869571685791,0.15,10.148459434509277,0.3,21.787155151367188,0.026144156544686947,30.0-100.0,25.554829524101034,44.278291101869456,38.96130573471696,12.942696517368532,1.8631995848889622,2.155830647453219,0.03981349460056543,0.3538133581247208,0.21171814575470993,0.5270763764860379,0.4901109156763897,0.26686821708496705,0.13291787476213449,1.02448706720065,1.8770526423067624,0.04087166,2.7933965,4.0,4.25
ds005291,sub-046,29,Cz,1000.0,-3.712623119354248,0.15,8.391373634338379,0.323,12.103996753692627,0.025221135724343674,30.0-100.0,-351.2375749461175,73.00465221500227,44.15296582085443,29.354624690014568,17.417897659454177,6.178797870775174,0.027244044536887817,0.588016149899774,0.5961255611225518,0.23084238300336893,0.48379779109531534,0.32332073684066454,0.1511202376608543,1.0190546589907652,1.8493816054891972,0.04956422,2.0035667,5.0,4.25
ds005291,sub-047,0,Cz,1000.0,4.063462734222412,0.15,38.263938903808594,0.362,34.20047616958618,0.6748469820670862,30.0-100.0,-353.3494803838374,-48.20270882444533,52.5792086957959,5.52963992202454,1.1791523864345999,5.733732109296071,1.4847763785117698,0.5416956198219671,0.4582686406592078,0.050518627333560565,0.5232000800435307,0.3162619642193727,0.12526969079797956,1.0459956344448458,1.6500998525550914,0.042754203,3.751204,4.0,3.75
ds005291,sub-047,1,Cz,1000.0,-39.41746520996094,0.151,15.358877182006836,0.3,54.77634239196777,0.5863761027317352,30.0-100.0,-881.450908563539,-344.61883539795053,95.63924258080755,28.91363552487254,26.10249260024939,12.737342608176775,1.7346597503727672,0.6555926689093107,0.2552610200069155,0.6002522615608124,0.4953729815141597,0.2929687871906796,0.13859260629036493,1.0274663935632116,1.8220530063895208,0.051073376,2.5991545,6.0,3.75
ds005291,sub-047,2,Cz,1000.0,8.26517105102539,0.17,31.188098907470703,0.303,22.922927856445312,0.06264502794974433,30.0-100.0,-120.70135499165013,12.648432276695507,48.49016123950547,2.8204569938312494,1.6020995530648174,4.914457902527278,0.2510600167742531,0.5093452694082855,0.2746301580358475,0.47822004944166546,0.5114404343500891,0.3434700539148818,0.14194806071487537,1.0333618040510615,1.7267363342908388,0.042767175,3.479632,5.0,3.75
ds005291,sub-047,3,Cz,1000.0,-31.468032836914062,0.15,-6.013298988342285,0.406,25.454733848571777,0.3111435703751842,30.0-100.0,-262.57522340309197,-27.61590179679983,125.8485690338101,32.68517876306464,1.804657702176076,6.118425915429118,0.9720501670507528,0.8818662434110128,0.1880228377217315,0.44059092258460536,0.5021119269125021,0.2621044697185307,0.08951425660627349,1.0327011993083977,1.8295910080212623,0.03370782,4.2483783,8.0,3.75
ds005291,sub-047,4,Cz,1000.0,-8.395743370056152,0.15,22.539077758789062,0.326,30.934821128845215,0.09717013488260565,30.0-100.0,27.509609135177527,-43.751215176209456,46.378158967317674,14.288276731637156,1.3655920602902187,1.804572091821362,0.14120117051617642,0.6924840710840015,0.25335636335008804,0.3705921286553442,0.4808198302937449,0.2807710257734264,0.08669092133522872,1.0276668087225318,1.8688312611750506,0.029858712,4.0283628,9.0,3.75
ds005291,sub-047,5,Cz,1000.0,-6.712819576263428,0.333,2.46396541595459,0.381,9.176784992218018,0.06711483191167765,30.0-100.0,76.16599731703703,-57.5021749902473,26.087179300390787,28.490543630094027,7.19942779308154,5.4827547083287325,0.16474484261336705,0.8702828360159469,0.31736355974925273,0.22727294839089793,0.503911420105437,0.3259571642864259,0.1486831976451249,1.0320091543212273,1.8843605533309897,0.04565744,2.8912497,9.0,3.75
ds005291,sub-047,6,Cz,1000.0,-7.474143981933594,0.155,32.688270568847656,0.308,40.16241455078125,0.35060750922494566,30.0-100.0,-6.666657063624832,-70.94000954480299,157.6614422221295,36.72956123733097,5.854487154512903,5.538635956460443,0.2968961002256705,0.8459849425097503,0.19841018931314758,0.3496541464306191,0.5070684706204962,0.2666421456677937,0.07139593634866903,1.035932653597605,1.8692776373247562,0.029715057,4.5267234,9.0,3.75
ds005291,sub-047,7,Cz,1000.0,-3.159616708755493,0.338,11.857215881347656,0.305,15.01683259010315,0.10630193149732296,30.0-100.0,-97.90184174250302,-486.3932942151302,41.89457189494311,20.98603836042635,3.26135870354554,4.3150150071370605,0.14676431717460126,0.7209659590647186,0.2669154085074075,0.3679695721565004,0.5098383252138361,0.27721731511051184,0.11005798112341095,1.0257048035805771,1.8241978299754755,0.03828692,3.298068,4.0,3.75
ds005291,sub-047,8,Cz,1000.0,-2.080151081085205,0.15,14.467788696289062,0.314,16.547939777374268,0.06523332245634098,30.0-100.0,-354.9065887293631,-392.08491898366276,68.8836270246601,48.773397219167826,12.9753871181035,6.580317448762627,0.24840515101850696,0.7781786235162463,0.435047170613848,0.2753772759361783,0.5007426240257674,0.312636731951415,0.11825115065099459,1.0244863089225307,1.8621469455098745,0.040461067,3.0392983,7.0,3.75
ds005291,sub-047,9,Cz,1000.0,-15.523843765258789,0.166,17.99296760559082,0.52,33.51681137084961,0.16739784368061836,30.0-100.0,-389.7853516996945,-430.8675914100517,32.270729475624684,1.7138379693163621,0.6977836213815751,2.7128887511624415,0.2363964815756639,0.42920814997859774,0.10208427544935872,0.21117116232696126,0.4999331994684339,0.33829891532369255,0.13574443935089875,1.0285152513473095,1.6734041494773708,0.04463175,3.1478717,4.0,3.75
ds005291,sub-047,10,Cz,1000.0,-36.48393249511719,0.15,-4.01723575592041,0.513,32.46669673919678,0.13911689881623773,30.0-100.0,-1117.921093309358,0.8159055943246473,103.55409797897084,27.14574773621215,2.9152085990143664,6.55167730531338,0.3615601360184397,0.6415302097678353,0.3704565093130043,0.46185038139908585,0.5041903379993101,0.2995337965134579,0.11712948357769955,1.0394430369191257,1.8288480071740945,0.040043574,3.734698,9.0,3.75
ds005291,sub-047,11,Cz,1000.0,-8.82470989227295,0.342,8.388175010681152,0.499,17.2128849029541,0.2758741568226804,30.0-100.0,-13436.795481547217,45.984098008598195,11.792131851568868,6.897263997932118,9.574944382899345,5.7321420388004745,0.3105840327763252,0.6415815597778671,0.2168005639365463,0.2797470048026583,0.5010383552760117,0.39814242466980004,0.22704929771925175,1.0274280046961448,1.7543636866409733,0.06624718,2.0712879,7.0,3.75
ds005291,sub-047,12,Cz,1000.0,-2.731783866882324,0.15,30.90765953063965,0.309,33.63944339752197,1.0543350453537939,30.0-100.0,-7.300189537870046,-144.9991473718639,140.02261653989058,24.1060873512158,11.848613239419578,8.056207895940469,1.5561495685551907,0.8168185147023265,0.24071882551942375,0.22919910316325917,0.5066749911534306,0.2684905033776525,0.09199800580086169,1.0308499139877363,1.8130939479990562,0.034581043,4.0621176,9.0,3.75
ds005291,sub-047,13,Cz,1000.0,14.201385498046875,0.342,27.48756217956543,0.3,13.286176681518555,0.23458935436778203,30.0-100.0,-51.46980775957023,-425.9266000442098,107.48413797224003,17.868882940294476,1.8455487046469319,9.706993453973672,0.6667712127494241,0.7176548387745535,0.11571595295745762,0.35944249358841357,0.5124773080598134,0.35018234426814593,0.14379679036727075,1.0403530913637624,1.7024083038832867,0.04255897,3.5689723,10.0,3.75
ds005291,sub-047,14,Cz,1000.0,-13.813708305358887,0.326,3.9832799434661865,0.306,17.796988248825073,0.47327278387253113,30.0-100.0,-1049.2536818549208,-867.1230248304116,84.0531157600496,2.799969732959844,1.913010015604101,4.120297895353722,1.1222441041777163,0.5056846204617577,0.077369350469176,0.30037215684876234,0.5098809277060189,0.3427625603147819,0.10062757500430286,1.0459647395690905,1.6626189485430412,0.036750935,4.4760795,4.0,3.75
ds005291,sub-047,15,Cz,1000.0,-19.069814682006836,0.154,4.188686370849609,0.516,23.258501052856445,0.030860375331473015,30.0-100.0,5.685183784254042,-567.4070240635335,38.48463898890556,3.6752959144829913,0.7836289960192253,4.152701791380009,0.09717713215648138,0.6821830751183001,0.5615511227013557,0.33687501655482166,0.5039403303445001,0.34370515525029854,0.14579172989268988,1.0311946623126806,1.691314699706169,0.048702642,2.977378,4.0,3.75
ds005291,sub-047,16,Cz,1000.0,-14.738468170166016,0.15,16.169740676879883,0.355,30.9082088470459,0.22653857421385576,30.0-100.0,-139.64519118894148,-11.551542156597549,58.177677031759416,22.21292290385899,1.9290367519683498,8.889882185482954,0.39091159239510576,0.5572239128623308,0.29892539090608206,0.20378296378357885,0.5043608385249181,0.30822283668074396,0.15951057424884224,1.0379010231079717,1.6994363269487045,0.049981743,2.8643708,6.0,3.75
ds005291,sub-047,17,Cz,1000.0,-4.943231582641602,0.184,25.57171630859375,0.324,30.51494789123535,0.04678864432322921,30.0-100.0,45.3887905275854,-273.5348879569585,16.98995350997535,23.24388109221972,0.707283764912206,5.675047483051259,0.31340638759409295,0.8661077022759296,0.36840143454812474,0.4862929539256583,0.5070412801773502,0.2820856546103972,0.15144443479315625,1.0340344246684823,1.7735515790730985,0.046435677,3.0620558,6.0,3.75
ds005291,sub-047,18,Cz,1000.0,-24.146621704101562,0.15,9.062918663024902,0.375,33.209540367126465,0.18850654255410682,30.0-100.0,-157.8016467754481,-488.68016100492326,26.62053092338401,28.66709351407304,5.045683084926117,9.730478494400188,0.45968066185132705,0.8515772135582435,0.10624329576836528,0.18295737303216775,0.50237782471914,0.2720386052472062,0.16102269645334677,1.0321308774299252,1.7687901246408848,0.056731895,2.4146497,7.0,3.75
ds005291,sub-047,19,Cz,1000.0,-12.114156723022461,0.35,-3.5605123043060303,0.426,8.55364441871643,0.1501911899475238,30.0-100.0,-186.41705353959412,-128.02664080904134,16.347175962255477,7.8873811630774,3.1035166734066713,2.852144891956405,0.322833146263491,0.5562131832359434,0.2912788485373337,0.4645949205492718,0.506088054965136,0.363192246217274,0.15168499529626028,1.0298594740837819,1.7846045141392388,0.046349984,2.9372153,4.0,3.75
ds005291,sub-047,20,Cz,1000.0,-11.220218658447266,0.332,4.828827857971191,0.448,16.049046516418457,0.10202623552110807,30.0-100.0,-289.5006921144332,-212.3189903435493,2.6020056399600486,2.6492701221121004,0.6315401867941666,1.6574802003246827,0.19216351394827158,0.5296519186478557,0.07430738862564071,0.3869312370947477,0.5257396333017476,0.3724344367135654,0.22340927520273043,1.0362230074779564,1.715187685846185,0.06625323,2.193876,4.0,3.75
ds005291,sub-047,21,Cz,1000.0,-7.125670433044434,0.182,24.00385093688965,0.355,31.129521369934082,0.04578613285482095,30.0-100.0,-19128.034122025325,-773.4756358596,41.78436270829178,23.01065135875367,3.79036507516537,11.597025027285671,0.2123134733799297,0.6287336472649339,0.14776499937619036,0.3425634171623305,0.4983793305512142,0.30613309044200054,0.14849150412206924,1.0291828086663184,1.7690675471385109,0.047074914,2.8797383,7.0,3.75
ds005291,sub-047,22,Cz,1000.0,-11.67506217956543,0.173,21.498231887817383,0.316,33.17329406738281,0.31264777735902927,30.0-100.0,50.26168220787247,6.703154967013717,38.714126265141594,10.244574319244622,1.7973773024322979,5.4696836177007455,0.40458957908360393,0.7452021103850552,0.2261563993599047,0.3161377786269131,0.4870159353253713,0.3070649979499704,0.12580188554225516,1.0215329395946635,1.7947240220345597,0.042619634,2.9057596,4.0,3.75
ds005291,sub-047,23,Cz,1000.0,-24.128883361816406,0.267,9.450801849365234,0.361,33.57968521118164,0.03781221083776723,30.0-100.0,-19882.863937934402,-875.897795529604,13.582983239244804,13.651677162348228,2.4536757437423384,6.723493709746794,0.14652435582127243,0.8335907195022159,0.06648097102887761,0.148577162012366,0.5032590886270382,0.33540516443444,0.18514163629744973,1.0304281697576716,1.7694721866560346,0.056315944,2.3552184,4.0,3.75
ds005291,sub-047,24,Cz,1000.0,-2.2083146572113037,0.345,11.68092155456543,0.315,13.889236211776733,0.028379394178551846,30.0-100.0,-329.6060548767842,-197.80133774605972,48.43311119291282,16.11527406944419,8.959444196322115,12.44420942526877,0.3572358514436235,0.7544562316926771,0.1813491141526371,0.33070928079879314,0.5146493763721192,0.3527914841813144,0.15912205813781866,1.0323756138725437,1.7811198577735363,0.05450502,2.5063708,10.0,3.75
ds005291,sub-047,25,Cz,1000.0,-20.492237091064453,0.156,8.012918472290039,0.479,28.505155563354492,0.2664081198858114,30.0-100.0,-1028.5688087631033,-66.91290455038084,20.455717643543036,19.74770205134689,0.7520979239329378,7.45124646672332,0.433560501422053,0.7921662660758764,0.25213516428069327,0.37654596003888213,0.49392952859694444,0.2756681193985065,0.16315012636415474,1.0266013595504788,1.77384618774394,0.057122968,2.2707987,4.0,3.75
ds005291,sub-047,26,Cz,1000.0,-18.501819610595703,0.163,19.162630081176758,0.302,37.66444969177246,0.0919908290207314,30.0-100.0,-3393.8664272675433,-1073.0601444676522,21.767341071836952,11.835697223819983,7.170472901880937,11.782284152097628,0.261346076064547,0.6327584277393836,0.39426830259985185,0.4740520009771265,0.502367288137754,0.35240010045832965,0.22368345954292845,1.0350507840068084,1.722058653710541,0.06927068,2.024507,5.0,3.75
ds005291,sub-047,27,Cz,1000.0,-7.338149070739746,0.173,5.343130111694336,0.418,12.681279182434082,0.03414836620040599,30.0-100.0,-191.61341794997668,44.95086222363432,5.87528130322794,2.5031984712386897,0.7713362822654377,4.481448110742917,0.12110777947628358,0.6331711703490406,0.211996527182347,0.2871230282050607,0.5051975287904205,0.41882786457962495,0.3140501770727684,1.0322429293280753,1.7242528328398827,0.08826406,1.603483,3.0,3.75
ds005291,sub-047,28,Cz,1000.0,-14.3799409866333,0.169,16.335716247558594,0.386,30.715657234191895,0.013081439403065576,30.0-100.0,-26.44575679341015,-547.0715129463889,34.08297476308063,5.8539962927324,0.4836966042777936,4.402820632837456,0.09382672896084206,0.7538187499651108,0.4589308156459741,0.2604970317563097,0.5050147037414434,0.3525064802769512,0.18929372761147584,1.0381108155944907,1.724546081787597,0.056942888,2.5308533,5.0,3.75
ds005291,sub-047,29,Cz,1000.0,-25.968690872192383,0.159,5.237300395965576,0.347,31.20599126815796,0.054907186247307276,30.0-100.0,-15.052308797132072,-50.276432006609525,37.61854923260992,9.225396549000461,10.691789358225828,3.874613289989028,0.15972057125854172,0.7122659902366648,0.07464976895451648,0.21757631395763086,0.4981155102273119,0.29654934553758155,0.09830132303222325,1.0218614233933012,1.8599534045921216,0.04036345,2.8277287,,3.75
ds005291,sub-048,0,Cz,1000.0,-12.574851989746094,0.15,12.809219360351562,0.3,25.384071350097656,0.010800318402969817,30.0-100.0,-1223.2624309744367,-692.2771262037433,7.710752688290408,9.59441386634581,15.343081805602822,2.2247413790409567,0.021776607477326838,0.8542462321224107,0.4483153267987394,0.41440716549480455,0.4884950985192341,0.3093165126284521,0.1471681600809866,1.016746203689699,1.9016864974078036,0.053544473,1.789809,5.0,4.0
ds005291,sub-048,1,Cz,1000.0,-1.415574312210083,0.15,13.653450965881348,0.339,15.06902527809143,0.017221486556622496,30.0-100.0,-3222.8573696818985,-84.5021865010019,11.909990278915084,9.99817109928279,1.150237204099733,0.8488629642795446,0.06561640958493169,0.8947362381258803,0.41130202474742694,0.16698580272010258,0.496752822132264,0.3068792284200169,0.1429905031743482,1.0246915175924127,1.8836580528932867,0.046145905,2.5791788,7.0,4.0
ds005291,sub-048,2,Cz,1000.0,-3.4589731693267822,0.231,8.574902534484863,0.356,12.033875703811646,0.0017747023083037727,30.0-100.0,-70.45525140779849,-120.43051636694227,2.2973993112985354,1.709788409242619,1.2156808052158243,1.297173130591622,0.0247542611441433,0.8250111320100689,0.35311732469754753,0.15059488812542984,0.4888939455209898,0.3675581822097078,0.18568466298687006,1.022778419441924,1.8369593233296655,0.0533585,2.1700342,7.0,4.0
ds005291,sub-048,3,Cz,1000.0,-9.722801208496094,0.238,7.94305944442749,0.513,17.665860652923584,0.016975470689923267,30.0-100.0,51.87277118309689,62.74158928793233,5.374824034916309,2.9375927562057376,0.6307840314213099,4.567999213925676,0.0863056392686746,0.6442030505651262,0.1374364425369116,0.11791301170135826,0.49909086905000016,0.4186296594567563,0.2941923822433447,1.030282992548305,1.73406069573321,0.08057319,1.6655849,8.0,4.0
ds005291,sub-048,4,Cz,1000.0,-3.7547149658203125,0.195,9.910085678100586,0.311,13.664800643920898,0.003857049694605816,30.0-100.0,37.12438550403818,-88.60790574063347,10.641238268683939,5.119828087640522,4.37133650933201,3.39558210376894,0.06398663606900498,0.7868729904081319,0.4087377130078167,0.11279458675499517,0.492636355492712,0.3746499482100285,0.21296433121147393,1.0203584405200699,1.7760599244894353,0.06214095,1.9329029,8.0,4.0
ds005291,sub-048,5,Cz,1000.0,-7.282196998596191,0.232,5.808703422546387,0.351,13.090900421142578,0.05570582260528805,30.0-100.0,37.92150660199767,-73.53291141605574,1.9595771201045875,3.507196175536093,1.7653201250865904,3.492221261036647,0.09559341492553199,0.8065410891025423,0.35206075707064516,0.46916111422962153,0.4979395353900823,0.38819214626755305,0.20370575063205193,1.02405407624201,1.8081165890536426,0.06970399,1.8086221,7.0,4.0
ds005291,sub-048,6,Cz,1000.0,-6.9958930015563965,0.15,7.062797546386719,0.414,14.058690547943115,0.005205006015503758,30.0-100.0,-242.762778262737,-1033.0332654459787,8.012634800224006,3.7916167396287146,2.978865235018544,1.2816138582078782,0.028547057989412542,0.8453230855326501,0.25016219178990945,0.3541031346882356,0.486210434281868,0.33504792044338266,0.17629984225549725,1.0180171393113184,1.8506221458142513,0.055053774,1.9526672,6.0,4.0
ds005291,sub-048,7,Cz,1000.0,-6.115213394165039,0.154,7.031032562255859,0.357,13.146245956420898,0.03628859741627068,30.0-100.0,-764.6202763965019,-70.63489056367558,0.9961917781406449,3.7514845883012735,1.0649164627977,1.0628482537730684,0.13579179790973653,0.6773652349436818,0.3350440253301793,0.328532690077303,0.4906551582081709,0.34042163919531304,0.19171027042008912,1.0306172237912548,1.8323861697640265,0.0543843,2.268069,6.0,4.0
ds005291,sub-048,8,Cz,1000.0,-2.6379032135009766,0.15,8.547170639038086,0.3,11.185073852539062,0.022473024289414056,30.0-100.0,-1033.3385280144857,-156.86589300056625,3.1626482517949484,1.832636468087661,4.028354381747569,2.0259100960342256,0.021813840385918146,0.8226103381198798,0.3263138418764146,0.04533692072975544,0.4882045781172866,0.3556120037254364,0.20300511041020836,1.0205934730508555,1.8460008078209007,0.059838615,1.8576789,5.0,4.0
ds005291,sub-048,9,Cz,1000.0,-1.3738298416137695,0.225,11.285442352294922,0.316,12.659272193908691,0.03658643566305209,30.0-100.0,45.55354331722559,-174.96878843469202,7.810943531540204,1.137781040649964,5.713086232096455,2.285203749683998,0.03987203963847734,0.9493515554479645,0.21189204039100107,0.2853176970353152,0.46948455429261754,0.3404404044269732,0.20655744373428322,1.0169258144457554,1.8452535821123535,0.058172636,1.8007381,7.0,4.0
ds005291,sub-048,10,Cz,1000.0,-3.3501088619232178,0.211,14.174714088439941,0.356,17.52482295036316,0.05463611017107242,30.0-100.0,-21.18841660815175,52.768148546126916,9.620148386727692,3.135395499895204,2.7859828845245325,3.2979630711142147,0.052900788226632287,0.8085398292132017,0.3985755669282457,0.311039190290853,0.484196697236371,0.36159769447698176,0.13593073711319115,1.0212330041359359,1.8662398021849005,0.045840055,2.5158906,4.0,4.0
ds005291,sub-048,11,Cz,1000.0,-7.390508651733398,0.174,15.77517032623291,0.328,23.16567897796631,0.05837442323228845,30.0-100.0,-582.680063405206,-109.84503037020865,8.233770810803616,0.7878505065623715,3.8132452541397877,3.093854376382621,0.1517332833366921,0.8609482377595624,0.3160255444287036,0.14333370278681024,0.5000804464640355,0.40651035171738475,0.2006358565985914,1.0341717769714573,1.7607046930296568,0.061294563,2.2681751,8.0,4.0
ds005291,sub-048,12,Cz,1000.0,-1.376479148864746,0.168,16.505598068237305,0.3,17.88207721710205,0.0446563649004886,30.0-100.0,-62.25043430093488,-141.94595664358476,10.029143419170484,1.8334273294391696,1.663739835382433,2.5804934746169224,0.031542296348745,0.8689260882841843,0.328706477542728,0.34346642115147336,0.5033297945156336,0.36772981434239405,0.1506175672020535,1.0270001259125248,1.7709725707260262,0.048293352,2.685543,3.0,4.0
ds005291,sub-048,13,Cz,1000.0,-7.018121242523193,0.15,12.661165237426758,0.328,19.67928647994995,0.08153986428708776,30.0-100.0,24.465414901692643,-489.51440489996105,22.021305283219384,9.187921435137039,1.5881331461780468,2.481916720630574,0.22985238806368155,0.818590145149311,0.09489082616942134,0.2528133454801315,0.48628823923184805,0.3001716702629455,0.1537931155512708,1.0226466668633707,1.8309410220688114,0.048614357,2.547844,8.0,4.0
ds005291,sub-048,14,Cz,1000.0,-5.9554595947265625,0.217,9.133548736572266,0.365,15.089008331298828,0.01930491002850528,30.0-100.0,-83.84875152759608,-218.1268840218445,7.337416184199901,1.862699660027067,2.233759908379777,1.0407736977680146,0.03610915643694042,0.5950116391078256,0.5336962872468959,0.44766644809639167,0.5082220292734636,0.3706071605381765,0.18686629266239815,1.0346752782108835,1.7590547094492153,0.05462705,2.5210667,9.0,4.0
ds005291,sub-048,15,Cz,1000.0,0.6685568690299988,0.213,11.88366985321045,0.307,11.21511298418045,0.023086144953429786,30.0-100.0,-1274.9668877840309,-330.246920273851,6.805246863328127,2.672430148532202,1.4923542704883876,3.313289481844674,0.048444063057859754,0.8376795871490623,0.3437448830131715,0.6011218476452715,0.48699631107647917,0.3475083426828168,0.12784692798276193,1.0218139530687065,1.844618300691225,0.048740044,2.4260519,5.0,4.0
ds005291,sub-048,16,Cz,1000.0,-6.932440757751465,0.224,10.708975791931152,0.401,17.641416549682617,0.03778770613800546,30.0-100.0,-246.8744905864794,-548.8682001290861,7.532091437116447,2.006553684037745,3.4645940037599288,2.304100074891113,0.05302722373730343,0.806752124908296,0.10601784091435551,0.17585525446218,0.47690627448357265,0.3406071022996009,0.2058840138072132,1.0185350598300797,1.8532977363226464,0.056509092,1.9751937,4.0,4.0
ds005291,sub-048,17,Cz,1000.0,-3.1918141841888428,0.15,10.730719566345215,0.3,13.922533750534058,0.021187460144826108,30.0-100.0,-363.24814772151706,-9.089575679018743,9.898742216408715,0.9004349482310862,3.022750858196805,0.9096790411066132,0.04521648682927508,0.799869031896234,0.38620308094289624,0.4972286834820642,0.49883677857920417,0.36087454838743543,0.15305434795403153,1.0230280663229694,1.8023045403053066,0.048243616,2.5031962,5.0,4.0
ds005291,sub-048,18,Cz,1000.0,-1.7181799411773682,0.184,12.53731918334961,0.423,14.255499124526978,0.0021748952441239863,30.0-100.0,-413.2068830014475,-334.01558629114356,6.141499263729557,0.6826759608551345,0.5583152274180465,3.1808850734797476,0.02059616870813318,0.8768360040207962,0.22701229319042457,0.2219445622772413,0.5127058787787014,0.40210538532584095,0.19817907086192993,1.0337570964215934,1.7045646782339081,0.059200153,2.3733687,4.0,4.0
ds005291,sub-048,19,Cz,1000.0,-0.3199601173400879,0.256,15.128154754638672,0.374,15.44811487197876,0.012411141862135463,30.0-100.0,-1835.0850267759447,-389.3665831867479,1.622344359970516,1.5709675377137653,0.3299664966472643,1.2508258285552893,0.04790791326766392,0.5717264042675599,0.03073399443866726,0.6538241277919136,0.503333233372967,0.32711671458001984,0.12571706684928882,1.0299378179125929,1.8129045443352196,0.048050612,2.866506,3.0,4.0
ds005291,sub-048,20,Cz,1000.0,-5.797332763671875,0.169,16.80120849609375,0.3,22.598541259765625,0.011656696061675796,30.0-100.0,49.648746601874116,-368.3596623657609,14.592872475678064,2.6725733055258694,1.1287880989078938,3.75779603941823,0.023415082923216205,0.8573827062880724,0.4202216908315001,0.5072800629608234,0.49038237520047917,0.3555638318682501,0.19439460429379332,1.023103769624542,1.8202326246526201,0.057313334,1.95828,5.0,4.0
ds005291,sub-048,21,Cz,1000.0,-4.991650104522705,0.15,11.28781509399414,0.341,16.279465198516846,0.03724798723266599,30.0-100.0,-15.90627936929164,-348.66894773738215,5.702518728808743,0.8678231698426764,0.8252278284544946,1.735078326460557,0.046472043163954306,0.7654677478606188,0.32909737949409096,0.20240277834715206,0.490001340065762,0.3624925798877871,0.1570458726960207,1.022282370076831,1.778978140429166,0.055907123,2.124173,2.0,4.0
ds005291,sub-048,22,Cz,1000.0,-1.1067969799041748,0.34,6.175778865814209,0.447,7.282575845718384,0.03517488020553942,30.0-100.0,-102.91385350515276,-220.94222925516797,0.3544489515079113,1.897694201898098,0.9414552319195373,1.1910335687955595,0.061160464302324136,0.7275734616906883,0.01989562865117234,0.26925250256106803,0.500458240079154,0.3797065982884674,0.2427295301610404,1.026605458742456,1.791041358922668,0.068715386,1.8136681,3.0,4.0
ds005291,sub-048,23,Cz,1000.0,-3.6038897037506104,0.258,6.3311614990234375,0.325,9.935051202774048,0.013548369178115345,30.0-100.0,-1529.8025028392578,-36.50019863256701,1.541791626404181,1.4474668460469133,0.6367109724207803,3.8239022791302952,0.04463050650061825,0.6936437357169555,0.21642290668972644,0.2129735327110142,0.4951394085544468,0.38850548124992634,0.2853736475261842,1.0291553139201162,1.7396670996953707,0.07741953,1.6843758,4.0,4.0
ds005291,sub-048,24,Cz,1000.0,-0.9699957370758057,0.15,14.451892852783203,0.331,15.421888589859009,0.05234245522870058,30.0-100.0,-707.7709647367147,-102.29462316737472,30.98826138478405,8.91222858534801,6.543577180453859,1.2727659293858709,0.08442537756399467,0.8678768132125309,0.4273516117578779,0.2770459436283762,0.4795637624878642,0.3285250568525476,0.11318912327779844,1.0190916875962717,1.858807756178832,0.039806247,2.6368408,8.0,4.0
ds005291,sub-049,0,Cz,1000.0,-9.69859790802002,0.15,2.9059176445007324,0.55,12.604515552520752,0.015500087632186722,30.0-100.0,-457.3250411460407,28.239816126052236,3.73011344545557,7.0548193833142605,0.401169460651348,2.011656508957771,0.04515749807481283,0.29058842263593687,0.5959806016587292,0.3318792227641089,0.4801200423891116,0.3100342097917748,0.14453109693114688,1.0193671159740443,1.8731441176810522,0.0473943,2.4200342,3.0,3.25
ds005291,sub-049,1,Cz,1000.0,-2.911619186401367,0.34,9.225212097167969,0.447,12.136831283569336,0.009787872234150702,30.0-100.0,50.64052091929432,-55.32394043915061,8.857001475038857,2.9243095204250653,1.129247157211176,0.8385426837219119,0.024695885814595378,0.5565718298431623,0.6883941038898043,0.11768742736835106,0.4883050652893455,0.33008364617159763,0.1725945631722869,1.0230385223577905,1.8333833365411651,0.05093857,2.4426205,5.0,3.25
ds005291,sub-049,2,Cz,1000.0,-0.4835782051086426,0.155,4.392267227172852,0.3,4.875845432281494,0.03378396769475215,30.0-100.0,16.177409883663504,-9.596635232463656,8.16456909052672,2.294207111695631,0.9014940139456146,2.58866774453704,0.059483825365460624,0.3352570336085347,0.4638150856344544,0.5324147105321583,0.4900807706110999,0.3049610830017834,0.16121531909112174,1.0277516252343166,1.7709202780333386,0.048890054,2.6927228,4.0,3.25
ds005291,sub-049,3,Cz,1000.0,-10.626124382019043,0.158,7.379284858703613,0.47,18.005409240722656,0.009238757281962318,30.0-100.0,-205.22794813997228,18.96467237063698,13.678217833896852,0.6034810273814016,0.3518008572213789,1.7925130997212824,0.04448370354864242,0.03999479931305691,0.4340420890343047,0.1858953873794149,0.5109537247290332,0.3826264726102806,0.1470645779935202,1.0318582800132285,1.70825396147047,0.04652749,3.0308957,3.0,3.25
ds005291,sub-049,4,Cz,1000.0,-5.318452835083008,0.15,2.7723164558410645,0.496,8.090769290924072,0.014274547160532159,30.0-100.0,-3438.623052352319,-136.73896529411616,23.998429851976535,21.98123190961323,6.37243200221681,2.7799266395670728,0.01988492406528665,0.5067692234054284,0.37056018715764466,0.22093177901712863,0.4826687648367634,0.30634890365470413,0.12496374419130744,1.0208931221401576,1.8818983546933141,0.046078715,2.2728384,7.0,3.25
ds005291,sub-049,5,Cz,1000.0,5.651412010192871,0.15,11.004324913024902,0.322,5.352912902832031,0.05483226070283088,30.0-100.0,-8.180012600343817,-6.341910683232106,30.623962029765103,25.198984622426092,1.207829580190576,1.1266178444242898,0.08879449280174281,0.673802383062565,0.3798151044715506,0.5584912544880659,0.4886631504545176,0.26826854122977517,0.10106162747522345,1.0226837734558758,1.8196477406919003,0.034609225,3.3306415,6.0,3.25
ds005291,sub-049,6,Cz,1000.0,-7.709880828857422,0.26,5.1712470054626465,0.476,12.881127834320068,0.01954859503185886,30.0-100.0,-6.577169241040284,86.11488336776276,3.0482377315334945,2.0246694275859194,1.1990944070371488,2.294115306650362,0.04580789384999142,0.8935188062383649,0.18540853551204706,0.10135194908948876,0.5049149344362626,0.38124162679952284,0.20854475189305707,1.0254048808382796,1.8088248257392776,0.062131457,2.0065012,5.0,3.25
ds005291,sub-049,7,Cz,1000.0,-13.443794250488281,0.192,8.722028732299805,0.3,22.165822982788086,0.0392934348611035,30.0-100.0,-923.7812034575925,-9.177729577526113,8.004331165360293,16.56184847426335,1.801673037627429,0.728479834101871,0.06665617508086792,0.5862375559229243,0.38249878703439116,0.547418073514742,0.4893952491412923,0.24888169515764041,0.12298347459803147,1.0212870743670963,1.8648440711242464,0.04486109,2.2691188,6.0,3.25
ds005291,sub-049,8,Cz,1000.0,-5.028554439544678,0.15,7.549067497253418,0.301,12.577621936798096,0.01937338788486181,30.0-100.0,-29.621098330709934,-490.97115072507006,23.93335031219381,13.386713677849805,2.342701619790741,1.9801190075413895,0.0724750667405996,0.27292520273053483,0.21057218472214573,0.354006661950471,0.49747179330018276,0.29919850550868277,0.10402509338894773,1.0247320111237095,1.9195871041492025,0.040951446,2.747332,8.0,3.25
ds005291,sub-049,9,Cz,1000.0,-2.9906580448150635,0.15,12.033931732177734,0.311,15.024589776992798,0.0367842932257153,30.0-100.0,-401.3378095339345,49.829020026864185,28.928864676997343,75.31068063073363,11.426229720374984,2.1229096875421605,0.10961746395420546,0.6943434588861668,0.5786082200091852,0.7760279192885415,0.4785773386205893,0.27316109577709713,0.10962805874132146,1.0147211804434828,1.9480653955373954,0.041557435,2.0178878,10.0,3.25
ds005291,sub-049,10,Cz,1000.0,-7.929173946380615,0.308,2.4016294479370117,0.431,10.330803394317627,0.016237809637975126,30.0-100.0,34.19043795632728,-133.463263348231,1.4016244903653363,1.4493008300281653,0.6923153583005848,1.8038009102151344,0.05645896655734274,0.40656576397819805,0.609951147023213,0.08183671980380451,0.4836172458139913,0.3915360348366298,0.2503026385698104,1.0259069090409692,1.8105008160855,0.06615226,1.988106,2.0,3.25
ds005291,sub-049,11,Cz,1000.0,-15.166871070861816,0.15,2.7983405590057373,0.3,17.965211629867554,0.02535668588414326,30.0-100.0,-2808.5215951810646,-193.16891399686014,14.63634880480835,24.96751908059919,10.055510502941205,1.1600671453891396,0.03782309279542064,0.48655590208410765,0.24473446140775038,0.4159444178671951,0.4771830782284643,0.29404259780901637,0.08376102853738587,1.0141747269678334,1.959702767526361,0.04453341,2.172796,7.0,3.25
ds005291,sub-049,12,Cz,1000.0,-5.6028218269348145,0.272,4.791268825531006,0.534,10.39409065246582,0.011798951529690677,30.0-100.0,44.98849687648786,-10.275597468957578,6.0469004740064065,20.949316606934403,2.135770004676793,1.1254431825590117,0.0397422737189161,0.8506098993200648,0.5725042453996316,0.46334179711319745,0.4874045556446651,0.2892169554445689,0.14073140068853968,1.025079946326294,1.7544580252133402,0.0478106,2.44553,4.0,3.25
ds005291,sub-049,13,Cz,1000.0,-4.94561767578125,0.15,21.015274047851562,0.373,25.960891723632812,0.027795372464717125,30.0-100.0,-136.29152591904463,-229.6664882217656,14.377669144946912,11.308512068482798,3.2845883073076427,1.453687454450805,0.07166256017496546,0.7710876008617872,0.2261680351763149,0.37069886609879815,0.494996549905768,0.28177638723334797,0.09740884642274485,1.0198887994408263,1.8673636219882748,0.041301113,2.7880516,9.0,3.25
ds005291,sub-049,14,Cz,1000.0,-0.8710719347000122,0.35,6.464540004730225,0.3,7.335611939430237,0.03825773429674616,30.0-100.0,-1046.7568334598197,-38.19220632893549,37.25861815051418,17.962582235727933,2.836889551164837,1.0590721004447183,0.07264467153368792,0.664425944277914,0.05125377652239387,0.3808918229108251,0.4939918821619235,0.27731551626073964,0.11236275721148378,1.0278820059374438,1.7921567107623775,0.038806736,3.0061238,10.0,3.25
ds005291,sub-049,15,Cz,1000.0,-3.1834716796875,0.263,9.373722076416016,0.404,12.557193756103516,0.04149298049900416,30.0-100.0,1.839999457931345,5.508187662144097,4.984408583942714,1.0835244573578324,0.8046207959855699,1.8709031978702706,0.10657627626744152,0.4372543015119338,0.5179735895640342,0.14335900526404852,0.5103035410033208,0.3919999441290806,0.19106584921311823,1.0361912202785697,1.7093007773744697,0.060120936,2.4779408,3.0,3.25
ds005291,sub-049,16,Cz,1000.0,-13.867762565612793,0.15,2.569857597351074,0.356,16.437620162963867,0.03633464790290065,30.0-100.0,-10962.908791867667,-789.4318079768403,5.576208481910358,27.030554780949494,15.752105548829007,1.5292259079965451,0.039059120163698835,0.5514087817152206,0.26989792470085794,0.6589216120929937,0.4952621807816424,0.3109505387764617,0.14365999777422378,1.020618529934843,1.9163485871896249,0.054602683,1.7519599,7.0,3.25
ds005291,sub-049,17,Cz,1000.0,-1.7096972465515137,0.227,5.081080913543701,0.314,6.790778160095215,0.050559644914593686,30.0-100.0,27.86545554332045,-91.82372410240362,1.1316602687856863,1.467462633214436,0.3336337823978935,1.4269059166295677,0.06588587389533251,0.414071435949842,0.36000931915045487,0.5243982524021766,0.5105345064070913,0.39763038374648263,0.2956648174237034,1.0347707777454167,1.7072528892302306,0.08297902,1.737431,3.0,3.25
ds005291,sub-049,18,Cz,1000.0,-10.734234809875488,0.214,4.4662909507751465,0.3,15.200525760650635,0.014952908521870667,30.0-100.0,-1765.964668572384,69.6357513977699,6.988029501149709,3.4677195760703627,2.711027596025965,1.3209586352167793,0.08091471210557422,0.753679623869663,0.2095597669906172,0.12070265124737405,0.47217662302893443,0.34497748245880067,0.22836302061648198,1.020894668464529,1.8004923781837001,0.0607905,1.9544108,6.0,3.25
ds005291,sub-049,19,Cz,1000.0,-12.89477252960205,0.213,8.434388160705566,0.538,21.329160690307617,0.11791879944561337,30.0-100.0,-4490.270149605391,-202.77030143325737,3.1872503500799754,9.846190633572695,1.3402309124001386,3.308676146012168,0.19256359636586748,0.48199156415616823,0.5565107557051049,0.2789543104463363,0.4994995223597024,0.3371768634488182,0.19703806270644994,1.026043081492433,1.7713279986946855,0.060010657,2.1936204,5.0,3.25
ds005291,sub-049,20,Cz,1000.0,-3.460897445678711,0.252,8.53858470916748,0.414,11.999482154846191,0.09043381295344415,30.0-100.0,-926.5070144744757,-304.4520028040431,4.1812676833022575,2.0641015881835822,2.4212956031604564,3.231802016711658,0.10031499857280647,0.4920964074331746,0.44376264581985203,0.28316767459095693,0.5057860208555147,0.3731402086871285,0.2548432355638934,1.0329105920183754,1.8080237335287035,0.067238584,1.9763169,4.0,3.25
ds005291,sub-049,21,Cz,1000.0,-1.913243055343628,0.287,7.20665168762207,0.443,9.119894742965698,0.0057479151010680326,30.0-100.0,-197.39272946222277,-352.51370323708977,1.9572389774131986,0.9425505086134593,0.6833511066688153,0.7978512023830918,0.013054846969648705,0.14519528273818996,0.719225078204077,0.5136128246477505,0.4918845248862696,0.35145704307831804,0.19386829830073612,1.028157158654233,1.7806160772963506,0.060561184,2.0127745,4.0,3.25
ds005291,sub-049,22,Cz,1000.0,-4.036201000213623,0.239,8.777474403381348,0.352,12.81367540359497,0.044118143904134176,30.0-100.0,-9.322083941266582,-8.038432488009278,14.32316364114742,4.626679367548087,2.1906511963538398,1.045434480402763,0.06344121483767172,0.30965721687176145,0.33211967929808306,0.6367681174520899,0.5055011271022194,0.3076672076596873,0.1469130329257462,1.0329277079258656,1.796982866800639,0.044685565,2.979759,3.0,3.25
ds005291,sub-049,23,Cz,1000.0,-2.002904176712036,0.158,12.33378791809082,0.362,14.336692094802856,0.11907870279280786,30.0-100.0,-715.610190484412,-214.57236154920435,2.8918939213641606,3.200222133399378,1.0834958458052621,1.3457310016987458,0.13601443767328558,0.38616405487209626,0.7635164842126553,0.1129640343933703,0.500828453228784,0.3535062233532552,0.21642024860182377,1.0286087476013155,1.8059887244623063,0.06434674,1.9923365,4.0,3.25
ds005291,sub-049,24,Cz,1000.0,-5.182659149169922,0.162,9.249582290649414,0.324,14.432241439819336,0.132242424808283,30.0-100.0,34.13022473963509,-67.01439439235865,6.9411438657229265,1.3454210645747628,1.3719034462869502,1.7696029116936052,0.21776321254302275,0.6669566622433386,0.25784255959341895,0.13525577713889575,0.4988864964276257,0.39258591529398384,0.2619169372401705,1.0354509996857866,1.7299731975959058,0.069849394,2.176775,7.0,3.25
ds005291,sub-049,25,Cz,1000.0,-6.084479808807373,0.214,11.565411567687988,0.475,17.64989137649536,0.017249424109390923,30.0-100.0,41.59191129710824,-6.366194531781871,3.597651152446717,0.8381719263756315,0.5709431676832868,2.5794145741089594,0.03574159384554625,0.1946328765774649,0.3054506774755193,0.07638856874282686,0.4970742189521109,0.4020065070959975,0.2588415683017288,1.029885052518528,1.6985096500488133,0.067065,2.0805843,5.0,3.25
ds005291,sub-049,26,Cz,1000.0,-2.1037449836730957,0.275,7.935386657714844,0.442,10.03913164138794,0.04409935967141274,30.0-100.0,-95.58769445395305,-51.66243974705148,0.942705498882192,2.7717640675133,0.7795850094097703,0.5578163323343033,0.10092657106722913,0.7326692778866885,0.4220855028155867,0.17852689742566874,0.503372460122664,0.3159867565180348,0.19852320406965154,1.0307652337747564,1.8062221155767815,0.055197526,2.4512315,2.0,3.25
ds005291,sub-049,27,Cz,1000.0,-6.326216220855713,0.15,15.661764144897461,0.412,21.987980365753174,0.006592055272662398,30.0-100.0,-240.51934146121488,39.44345645414807,31.139408708544867,8.910542455285821,5.8714382921022,1.4748177289565847,0.030915794629869677,0.11841225738806113,0.32279813951952757,0.5202642895250669,0.48571517767294686,0.3377276606442298,0.10050414861894252,1.0175536768027225,1.8797405466896129,0.03819759,2.7547574,9.0,3.25
ds005291,sub-049,28,Cz,1000.0,-10.020829200744629,0.15,15.929492950439453,0.34,25.950322151184082,0.004172462423787483,30.0-100.0,-29.943312351600298,-206.1019765866708,6.013500703690981,2.9375045730853317,5.234623921168893,6.314356909541785,0.00985862688614614,0.7285872608137415,0.7479115676958143,0.301843392828877,0.4811882784364087,0.3674955500406772,0.19434933520904293,1.0171995734924908,1.8261819813643958,0.06002655,1.8763083,7.0,3.25
ds005291,sub-049,29,Cz,1000.0,-3.6084818840026855,0.267,3.0406861305236816,0.372,6.649168014526367,0.047121884708847046,30.0-100.0,71.26898495784843,32.49199034081361,8.470687167625977,1.6250779788184515,1.430080614396919,1.6117901453432046,0.08632732618383053,0.35667414156502875,0.11981596114478114,0.6200798848707608,0.5041387513419516,0.37339757605663504,0.25622121294945416,1.0351549197363787,1.6937115346838465,0.06835263,2.0198708,1.0,3.25
ds005291,sub-050,0,Cz,1000.0,0.44391679763793945,0.329,4.305069923400879,0.348,3.8611531257629395,0.03485470422461714,30.0-100.0,-100.75254861829221,-98.12183515655109,6.639211212225945,6.596052289406016,1.0278667183747963,1.7197146499064333,0.038310721351624936,0.677501101516534,0.3645244620983526,0.579236190246474,0.49569589442838136,0.3331404890990834,0.1381262585906203,1.0311331682939135,1.8340483467507251,0.04519357,2.924027,1.0,4.25
ds005291,sub-050,1,Cz,1000.0,4.7822113037109375,0.157,18.405078887939453,0.482,13.622867584228516,0.09436607995107177,30.0-100.0,-0.6717692438724415,22.876610608845816,20.444877404351608,3.9293534483152808,0.6427352547182493,1.998861145629205,0.14062384060536207,0.2901837373962569,0.7553352667505211,0.15667770506154757,0.5068805255301726,0.3255771345715461,0.1051047284713697,1.0290935618772463,1.785149627636897,0.03570514,3.9366374,3.0,4.25
ds005291,sub-050,2,Cz,1000.0,-5.0772013664245605,0.162,43.074867248535156,0.3,48.15206861495972,0.007482762067763042,30.0-100.0,-748.037680842859,-1185.3219212753454,140.5312880030218,20.245737558464366,1.4404560192245213,2.654358065510365,0.06568838942386379,0.4741537926910966,0.589194771624858,0.23654631693074404,0.4959813733774943,0.17754836345204222,0.047411291507934786,1.0227453890137328,1.8891838817205018,0.020133682,5.6414185,5.0,4.25
ds005291,sub-050,3,Cz,1000.0,-10.861610412597656,0.155,31.40761375427246,0.31,42.26922416687012,0.013804639506422774,30.0-100.0,-4.745336601548076,-160.75801198063698,101.45809753621194,12.796232491301646,2.4007531699541533,1.9933648291689967,0.03221677246981386,0.29574402638520403,0.22657883343943844,0.48471523071711187,0.4905832582101206,0.1895609324977413,0.07212952614991495,1.018266324119276,1.924973226476481,0.025083588,4.044744,6.0,4.25
ds005291,sub-050,4,Cz,1000.0,-3.1891002655029297,0.309,17.63410186767578,0.437,20.82320213317871,0.0010374107289882555,30.0-100.0,-6012.0449910475045,73.43445974840735,15.11470141606643,3.9935958769160025,5.730182825526706,1.284098921945271,0.02607474083778587,0.27894181921678146,0.5695655277736814,0.12800847873376164,0.463463942132042,0.2649668972773776,0.12048353528056481,1.0154958350375944,1.8733005589882337,0.036754683,2.965883,4.0,4.25
ds005291,sub-050,5,Cz,1000.0,-6.926385879516602,0.15,25.633045196533203,0.3,32.559431076049805,0.013570446938577539,30.0-100.0,-184.7030980003,-100.38188812006248,115.58835858377844,41.04212941922306,6.4019497967718975,0.934468993150136,0.09704642428384154,0.6346735176346694,0.5828332528674124,0.31049645570441475,0.49070785643543424,0.21495100902732875,0.07829857612457866,1.0195530560037593,1.9162547146355042,0.027622756,3.7371323,7.0,4.25
ds005291,sub-050,6,Cz,1000.0,-18.277759552001953,0.159,28.678808212280273,0.3,46.95656776428223,0.08558254169838328,30.0-100.0,-42.44133300018712,-124.35746225473044,92.03520678521261,45.08588528394964,1.1024310374498105,1.3655085187946983,0.11653267674637022,0.657006972819254,0.5522189634404326,0.062182560838755556,0.4877070723803053,0.1768479493273715,0.06017293867871359,1.01641494953348,1.9253164517974923,0.02626372,3.5863843,7.0,4.25
ds005291,sub-050,7,Cz,1000.0,-8.51600170135498,0.296,10.67900276184082,0.379,19.1950044631958,0.006734885747717633,30.0-100.0,-539.1211707211671,-51.63979279517865,15.014209704975968,7.403679349181654,11.9165121252079,1.659056215188347,0.08709127785773947,0.10015786905085071,0.4116578814082967,0.6854977832268196,0.4724955820810358,0.2899816707657837,0.14499379134596763,1.018463491152711,1.8528972346596886,0.046407044,2.3715115,6.0,4.25
ds005291,sub-050,8,Cz,1000.0,-12.868967056274414,0.214,8.530926704406738,0.352,21.399893760681152,0.03809096008339541,30.0-100.0,18.616576533783817,17.87589137840623,9.958847249123153,4.370005625598836,1.2718720586927033,0.7694577736228073,0.06447930863209485,0.3056848158835677,0.2503835732945426,0.41058620353237735,0.4908527735679156,0.31508695035671375,0.16076656928190639,1.023259052370428,1.8341791558415825,0.048310578,2.51088,6.0,4.25
ds005291,sub-050,9,Cz,1000.0,-1.9143552780151367,0.175,28.62186050415039,0.419,30.536215782165527,0.18883247015139923,30.0-100.0,-708.1622131370777,-24.16828763601425,22.13688113713238,4.91278391170184,1.6089605702941077,1.495710428345217,0.2365389195347666,0.49931818690866087,0.6341245100119538,0.2819920373499172,0.5021666965918264,0.2790586775776792,0.07900992133747688,1.033421399100972,1.7958422562874228,0.029302055,4.727876,5.0,4.25
ds005291,sub-050,10,Cz,1000.0,-13.316608428955078,0.168,16.601619720458984,0.307,29.918228149414062,0.06709061097917894,30.0-100.0,15.511879783892468,42.80202983000544,14.510938515276807,16.219263071489916,2.8555913850020085,1.337692579802345,0.13820801232064742,0.04256967817587341,0.3298371898525139,0.2548482458237133,0.48936359003577057,0.23477637686249167,0.12333548415266145,1.0220668315160277,1.844939951727402,0.040180784,2.8813448,6.0,4.25
ds005291,sub-050,11,Cz,1000.0,-10.468358993530273,0.15,18.22984504699707,0.305,28.698204040527344,0.053065229687360264,30.0-100.0,-12.355241647065169,-48.692813113189956,103.18595217282446,27.816967747187643,5.044819975269754,2.8634099486169227,0.1320726611095697,0.423176410042427,0.7152523534304546,0.14102901362456205,0.4755019812049872,0.2307567263805912,0.09077532943753026,1.0137459107499964,1.9413490416986197,0.032294393,3.023196,8.0,4.25
ds005291,sub-050,12,Cz,1000.0,-21.384130477905273,0.163,21.503049850463867,0.302,42.88718032836914,0.0374287203357961,30.0-100.0,-61343.38586548183,-253.7817962658567,73.33968455730611,40.42816850109714,3.5251523228517243,3.665428600386695,0.05310997609413455,0.5609783060666453,0.6129930415335422,0.28321162646888387,0.49507840637706474,0.19862085557006756,0.0844301107366348,1.029645454719827,1.8887171269922076,0.0329952,3.2967703,8.0,4.25
ds005291,sub-050,13,Cz,1000.0,2.563849449157715,0.317,16.448265075683594,0.493,13.884415626525879,0.09809103245579955,30.0-100.0,-7.913712647607685,-10.066083354443418,10.562519916022127,8.10979334813244,3.0406301347053013,1.7350108376171822,0.21759654336518444,0.3845347381438936,0.6825279653595976,0.3881910576094803,0.5097380934305904,0.3454006429255762,0.1310659719479488,1.0307401816029353,1.7926693432567729,0.04127849,3.204096,6.0,4.25
ds005291,sub-050,14,Cz,1000.0,-11.619606018066406,0.161,22.433374404907227,0.476,34.05298042297363,0.014115696880604382,30.0-100.0,-75.07064436317854,17.56236611584913,35.507444536249324,17.869590786797357,3.321558071691109,1.6097884550773336,0.06806549054770394,0.4240586005661838,0.42094933824882985,0.3987086914107705,0.4886294860756064,0.21772631596655023,0.0841738167533517,1.0171302992566,1.8945630479470092,0.030092698,3.7456505,8.0,4.25
ds005291,sub-050,15,Cz,1000.0,-11.30523681640625,0.182,12.540538787841797,0.477,23.845775604248047,0.11747325856057278,30.0-100.0,28.30669072488739,-248.91117183497227,13.318609053498498,13.431349684474998,0.4046258829806939,1.6697119997936267,0.1233432602891834,0.4130675213846662,0.8160056317842088,0.48665553167482356,0.5043885707528478,0.2782117220468244,0.11939825890185114,1.0285331020945605,1.8398573570206997,0.042569112,3.1221452,2.0,4.25
ds005291,sub-050,16,Cz,1000.0,-18.4184627532959,0.282,11.107251167297363,0.411,29.52571392059326,0.05596234271331491,30.0-100.0,-509.9485879142444,-538.9968950302103,19.313270323284456,9.26369779250201,2.029699735450956,1.907952586716076,0.08547035002441851,0.20570581708640176,0.32975678964503624,0.26843539609220746,0.5031261565722108,0.25387856372674844,0.12153267223257265,1.0252618142176877,1.8077509428719072,0.04162173,3.0245297,4.0,4.25
ds005291,sub-050,17,Cz,1000.0,-0.8816862106323242,0.236,10.213138580322266,0.535,11.09482479095459,0.07506882279476623,30.0-100.0,-25.156124979464344,-105.16428418187596,4.468035618552356,1.6029295196279167,3.0328334370146317,2.5208844998634348,0.13718595570411102,0.19898872801885945,0.5742483829160127,0.26643182571350404,0.4909619523432963,0.3987256491145761,0.22676714019626615,1.0293204411732193,1.7656611217198845,0.0659788,2.0300858,3.0,4.25
ds005291,sub-050,18,Cz,1000.0,-20.711328506469727,0.182,15.119062423706055,0.3,35.83039093017578,0.05379808658966903,30.0-100.0,-694.252821985681,-540.398785399653,50.638954594450176,25.847366726755702,8.684764294724882,2.005904797179321,0.10690228737648723,0.5226476280973557,0.48456407367618815,0.30438569707289276,0.4893669118298777,0.21423280564271477,0.08068335418224694,1.0188462336918485,1.8655308748145014,0.033654433,2.9105132,4.0,4.25
ds005291,sub-050,19,Cz,1000.0,-1.8924446105957031,0.15,30.075458526611328,0.526,31.96790313720703,0.032470386666765966,30.0-100.0,-2775.6473402460488,-447.4822677924067,170.6941712577388,34.48104038090341,1.627854217302786,2.7044287796951956,0.06487510006677083,0.34785145836224585,0.10455278564484438,0.3507045000618222,0.4912585989498352,0.22166713670479754,0.05226132915105498,1.0178037887407263,1.8738511026953524,0.02018388,5.1885715,9.0,4.25
ds005291,sub-050,20,Cz,1000.0,-4.802849769592285,0.168,9.370006561279297,0.319,14.172856330871582,0.05769093260290132,30.0-100.0,-76.88339729979394,-257.2506084684669,4.465705414326421,3.198465483302414,2.9694660919223326,1.7984721199252724,0.09382333714894509,0.31195438188519825,0.39614999232346826,0.2540415471426561,0.47857876577750214,0.3022836166156918,0.1777847261182741,1.027684002374683,1.8866973068813084,0.051329557,2.3665237,3.0,4.25
ds005291,sub-050,21,Cz,1000.0,-18.263959884643555,0.15,17.514541625976562,0.32,35.77850151062012,0.04139095908910393,30.0-100.0,-132.39038241490996,-68.44882862040771,67.6028074884785,60.98318999668337,5.212688684198884,2.319578474158055,0.09787025875603958,0.4426306952210031,0.7510195958049887,0.203561665553207,0.48708446450368875,0.20818096062096889,0.0665952352107641,1.022186032327446,1.9538957289944845,0.032905586,3.135763,7.0,4.25
ds005291,sub-050,22,Cz,1000.0,-20.024993896484375,0.197,11.06082534790039,0.449,31.085819244384766,0.04088413699521764,30.0-100.0,6.335200578462468,-92.70075680361582,47.337323526431135,3.261662019079718,1.2345196933513476,2.0721869214492683,0.02661845759302905,0.6911059548519125,0.01201239226732836,0.43841753933395483,0.4980904382907729,0.3227774542311478,0.09503839071098691,1.0275806868747264,1.8125203563375463,0.032797422,3.9456928,6.0,4.25
ds005291,sub-050,23,Cz,1000.0,-12.659141540527344,0.199,-0.030115127563476562,0.313,12.629026412963867,0.0181482766510561,30.0-100.0,-696.3243106298895,-235.67100816783017,6.339398129004881,3.10709401882449,0.4314755179508941,1.2592446807354325,0.15739441114696429,0.5134921056259727,0.4017184285676057,0.1702864401149549,0.49281700730642103,0.302992336306271,0.13881988029799874,1.0354407534480017,1.7991262020608976,0.044093322,3.0261533,5.0,4.25
ds005291,sub-050,24,Cz,1000.0,-25.501550674438477,0.15,11.63176441192627,0.3,37.133315086364746,0.011282964792727996,30.0-100.0,-803.278899520902,-166.52216927433003,85.10607593464401,79.53738637028735,1.047911459412612,1.549388314044304,0.015044644402590929,0.5927516529126995,0.7538881367476389,0.5359863995475725,0.47000693210100675,0.20464506382742548,0.08084176521175519,1.015716642918735,1.9756158425619688,0.03294657,2.6333487,6.0,4.25
ds005291,sub-050,25,Cz,1000.0,-20.14764976501465,0.15,7.4573445320129395,0.3,27.604994297027588,0.023625481367100087,30.0-100.0,-491.64473877076836,-767.4615185820022,94.7854976675222,35.77499622510091,1.6908046937279901,0.8872829707903782,0.047809876090253826,0.5842518434020566,0.5982752083354324,0.7629375832034867,0.45945772542387364,0.21917297724924176,0.07986365447732145,1.0113611820018598,1.9752493961814703,0.030179512,2.6427753,7.0,4.25
ds005291,sub-050,26,Cz,1000.0,-6.5055341720581055,0.195,9.986486434936523,0.318,16.49202060699463,0.029839598271411676,30.0-100.0,22.310063198316808,-1525.6119136741743,17.911053656473275,4.170767210432214,1.1950282754167727,1.3578014932035345,0.031803968305799325,0.10102957747940543,0.2124412552392963,0.5465657854267026,0.5041948313110393,0.34320528789575117,0.11251499398639153,1.0292319933844598,1.7898127465737985,0.040733967,3.2809463,4.0,4.25
ds005291,sub-050,27,Cz,1000.0,-7.212825775146484,0.31,8.965750694274902,0.457,16.178576469421387,0.04119615999837359,30.0-100.0,-441.42463307539794,-308.3219811504641,124.00685775028613,67.70073745676733,11.25120560945602,1.7096151398302575,0.15203106585469184,0.6369522044170499,0.7226051514796001,0.2840632100611302,0.4976102553647959,0.25761559538874185,0.06359110278153123,1.0155730926148674,1.835062300200274,0.030498702,3.151495,9.0,4.25
ds005291,sub-050,28,Cz,1000.0,10.979371070861816,0.35,22.298423767089844,0.3,11.319052696228027,0.02620476935468253,30.0-100.0,-464.09146038435904,-23.96092671529636,207.74231634446966,91.46247825664896,19.278204798301505,2.3464088707533843,0.07883653874000568,0.6052199326116594,0.5844812106035616,0.14050023117669896,0.4899726675509565,0.2609529946292669,0.05139894540402069,1.014945428310232,1.8479553473929002,0.028741129,2.8407924,9.0,4.25
ds005291,sub-050,29,Cz,1000.0,-16.71625518798828,0.35,-1.8260438442230225,0.3,14.890211343765259,0.18169342339243796,30.0-100.0,-82.81799995223355,2.5218965318828985,77.0127193776934,25.245767851648537,7.277238382218812,3.0786660060567668,0.36644370575251284,0.26267781598392864,0.3936348742992519,0.5578576807929395,0.48644925146497936,0.2550716813425266,0.09085173391337822,1.0216790185573672,1.903945774245074,0.034035295,3.3948128,8.0,4.25
ds005291,sub-051,0,Cz,1000.0,-8.22968864440918,0.156,13.446813583374023,0.343,21.676502227783203,0.06585314238862282,30.0-100.0,0.8016065213896476,39.01681502575521,15.950586634391419,3.038881224612152,0.8138478397661519,2.067055897404761,0.18625472631195736,0.8223709956004955,0.36789881188716045,0.3276212708506295,0.4925299475901688,0.38382977393306966,0.15082802436311746,1.0248130975845628,1.8109068263657906,0.04724189,2.6368163,3.0,3.5
ds005291,sub-051,1,Cz,1000.0,-15.001097679138184,0.188,13.490532875061035,0.307,28.49163055419922,0.17802295409665247,30.0-100.0,-1468.9032236806947,-1065.5811235858637,38.675242602891316,3.1139994831910807,3.6868099102566423,1.7619510300118442,0.3161782506062228,0.5176073377843721,0.10863383303978577,0.5554074937127822,0.5007874000141476,0.2809480801944685,0.11029511307876892,1.0313156172823692,1.7921508263736359,0.041077197,3.3025959,5.0,3.5
ds005291,sub-051,2,Cz,1000.0,-12.450629234313965,0.174,12.8792724609375,0.365,25.329901695251465,0.3964329024239181,30.0-100.0,-355.99975811846156,-186.9803417417221,24.352825706727497,21.314567519345637,7.693380679724351,9.34604164233615,0.36622433268485116,0.5997558560399899,0.31455492243840205,0.5945805088287461,0.501676903459945,0.3362141524262582,0.14539386483091413,1.029161517348313,1.8643371022715192,0.054768976,2.3078237,6.0,3.5
ds005291,sub-051,3,Cz,1000.0,-9.965680122375488,0.277,11.612343788146973,0.376,21.57802391052246,0.027243272262435336,30.0-100.0,-772.1298742281219,-368.0964848630033,1.6152893134147819,14.796800010079942,1.9461410688639482,2.0958819776358957,0.059911729352336095,0.7919960682171349,0.4878437075543254,0.39036246543078695,0.48012730338389437,0.27229589284150757,0.17428777088504502,1.0150205064334512,1.8946909549851254,0.0533162,1.853173,4.0,3.5
ds005291,sub-051,4,Cz,1000.0,-10.888187408447266,0.179,8.114079475402832,0.361,19.002266883850098,0.07444275047102153,30.0-100.0,-289.6846882919677,77.25706550726673,6.863030159513111,5.379584931110037,2.6624850705514085,1.9545196870819441,0.17622924224972417,0.7454032455462707,0.4806509074965015,0.33537144928612034,0.4959554179237468,0.33794577805645454,0.22545733167361282,1.028223133576119,1.757403666901366,0.06094165,2.2260232,5.0,3.5
ds005291,sub-051,5,Cz,1000.0,-14.336179733276367,0.153,-0.6659886837005615,0.55,13.670191049575806,0.1478911199705665,30.0-100.0,-158.82520743872323,-221.38066604692997,1.6223600384397856,12.533191041597117,2.202884363347498,2.5225118625408807,0.25508534546019296,0.5956891211255377,0.4877516742901716,0.20070018034432152,0.48867614155664363,0.3295899747677154,0.1657857378159574,1.0231775898888789,1.844352910324531,0.05227857,2.3828573,5.0,3.5
ds005291,sub-051,6,Cz,1000.0,-2.3657546043395996,0.271,4.087526798248291,0.342,6.453281402587891,0.13351706313814649,30.0-100.0,-41.38953374486283,-758.8346488606126,2.7958836063296095,0.48813103107977385,1.6923503129516662,4.65259670417396,0.13580399904264243,0.2866179389844906,0.05496530731895143,0.24188735699511252,0.5068740760124517,0.4179115604121249,0.2759640236428709,1.0303271252520045,1.7217757829485332,0.07327305,1.900776,6.0,3.5
ds005291,sub-051,7,Cz,1000.0,-10.07612133026123,0.176,5.4110493659973145,0.349,15.487170696258545,0.03267447306451327,30.0-100.0,-294.44106487881436,-78.48910566087545,7.16763886971426,2.053173380871856,3.1247479669526466,3.941031286573568,0.05397511852973538,0.617024638337632,0.2074323856674866,0.12654371321182156,0.5101051040102451,0.35464952030085395,0.22296820382224128,1.0320487150678355,1.7593707491284225,0.0636853,2.163447,8.0,3.5
ds005291,sub-051,8,Cz,1000.0,-12.925469398498535,0.274,16.178672790527344,0.442,29.10414218902588,0.008718266976753252,30.0-100.0,-1970.863131319986,-432.43699547535266,7.589610647017365,8.175427323573171,4.190459930142605,2.4129897518833885,0.031673594404264004,0.7741847413567201,0.2064738388468925,0.48540096263402616,0.4866460443213367,0.31389631448818145,0.158326051237739,1.015286306393187,1.8710849241303862,0.050224777,1.9899216,5.0,3.5
ds005291,sub-051,9,Cz,1000.0,-7.787330150604248,0.161,3.719743251800537,0.322,11.507073402404785,0.14371039341221445,30.0-100.0,-443.33701826969474,64.97582730222955,3.888341483477085,10.15960257273006,2.2550446542598035,1.5486299745597927,0.17595096805993607,0.10370709748683742,0.267385839389257,0.07912130253108764,0.5004769965768977,0.3026459756865621,0.17679644361605878,1.0279767732764167,1.8154043281402161,0.057368312,2.1648872,6.0,3.5
ds005291,sub-051,10,Cz,1000.0,-6.932674407958984,0.245,10.590080261230469,0.397,17.522754669189453,0.15672696208903236,30.0-100.0,-876.6469570340765,-506.8501442994095,4.639592736992534,2.0628293664024087,0.9773878357915843,2.7041065338151435,0.18474797141325236,0.46240048149586965,0.08319261063425705,0.3118537564879557,0.5120630917532241,0.40896942202346215,0.18499568728636462,1.0350549433312919,1.6985938470160447,0.057610445,2.669326,7.0,3.5
ds005291,sub-051,11,Cz,1000.0,-6.051205635070801,0.171,7.861123085021973,0.363,13.912328720092773,0.025526054362266664,30.0-100.0,-55.15983265353606,-11.774409766278223,11.175128648865897,1.5529355118991797,1.0610266478027275,2.0544029540743067,0.027138455117088237,0.4712373355971864,0.28303723261727787,0.16736628843660506,0.500498109696263,0.3296451138472981,0.19853442645600666,1.0216318224830645,1.8350936035957883,0.055626485,2.2436314,8.0,3.5
ds005291,sub-051,12,Cz,1000.0,-10.123369216918945,0.235,-0.8048021197319031,0.506,9.318567097187042,0.06552745881491193,30.0-100.0,-7360.417274669828,-16.791466889940196,6.1525404122508185,1.9596674118798794,0.9242611607489125,1.5015862427329383,0.06802944300785217,0.39687600523207756,0.4495270044247306,0.2683185851047858,0.49761517067814687,0.38300738339880114,0.1817072048017242,1.03140729783239,1.7713452158754808,0.05287079,2.5186841,8.0,3.5
ds005291,sub-051,13,Cz,1000.0,-7.495194435119629,0.15,7.153203964233398,0.321,14.648398399353027,0.07023176750655315,30.0-100.0,-255.61820018069938,-60.55130737233032,9.08552158156722,12.649741474452213,5.253786252156213,3.6351949423055405,0.327853213869995,0.5602090745895615,0.23250187934699945,0.21412648592382688,0.4848055344873651,0.31379849486567596,0.15899016811603564,1.023688058778957,1.880510288611068,0.054163776,2.2341886,6.0,3.5
ds005291,sub-051,14,Cz,1000.0,-12.727401733398438,0.16,9.58263874053955,0.361,22.31004047393799,0.11051595025173185,30.0-100.0,-846.2929637540216,-601.4059229795037,32.52004227548275,9.998187108521455,13.7185611153284,10.15856774000825,0.19857013230774764,0.7189587400640358,0.32444969489921227,0.3529504555634023,0.48605232077568056,0.3329284733519643,0.12556855985236545,1.0177534419404781,1.8220146443990397,0.05016446,2.1621914,6.0,3.5
ds005291,sub-051,15,Cz,1000.0,-3.327202320098877,0.311,2.8122923374176025,0.361,6.1394946575164795,0.009153914753937077,30.0-100.0,-148.79566955131799,-572.9985153323032,2.034364410828009,9.322276522925371,7.732847157646628,3.371967323182293,0.05634421219561157,0.6736476902706939,0.23443358378441248,0.39629894281394173,0.5068707850693134,0.34540364193230355,0.12462155205413215,1.0282306814385134,1.9049362956960565,0.049930774,2.3819928,7.0,3.5
ds005291,sub-051,16,Cz,1000.0,-9.061668395996094,0.15,7.849810600280762,0.38,16.911478996276855,0.006948725577643534,30.0-100.0,-617.9552365067781,-60.9920123034411,5.798093751320961,12.143765914188767,6.226192700876114,2.8456335517264626,0.026274008788978925,0.5283635715370496,0.27840671486795815,0.584329315484604,0.48086627830781054,0.32991159358148275,0.1729573188114172,1.0211618531212445,1.810027108732237,0.05848744,1.9159244,7.0,3.5
ds005291,sub-051,17,Cz,1000.0,-0.8522436618804932,0.35,8.924352645874023,0.522,9.776596307754517,0.015499155340856765,30.0-100.0,-13.263094903516512,-192.91917714840704,0.5444454300019902,1.066341781192826,1.1601608482238055,1.7083650465215348,0.1662892414186041,0.5253306575143893,0.38728917370927335,0.06669160773596401,0.5097120139442236,0.382057090771743,0.26195975564275775,1.0352158857377023,1.7115360531145873,0.07975338,1.8285393,5.0,3.5
ds005291,sub-051,18,Cz,1000.0,-6.265847206115723,0.188,5.785867214202881,0.312,12.051714420318604,0.20591547142133101,30.0-100.0,85.65989133732644,59.28090510654247,18.871178769906535,1.3070903495202189,1.407011929944935,2.8569021806964328,0.296690499115932,0.5037472599258727,0.3941976308972224,0.1566593155093217,0.5042942994481456,0.35934501943722796,0.19299167958280883,1.0352749403632768,1.7415380355641417,0.056229793,2.518375,4.0,3.5
ds005291,sub-051,19,Cz,1000.0,1.6962108612060547,0.27,13.978327751159668,0.414,12.282116889953613,0.03534255675869675,30.0-100.0,61.9881934631252,25.565632458042835,2.8509234680848965,1.2633709875777872,0.2728373589579193,1.5101473464255328,0.14610836857557452,0.27053040510276255,0.42846627884780225,0.17080327716579477,0.5166852028300658,0.385674002137285,0.1710285416096973,1.0363504020107326,1.73965599997483,0.054163847,2.6577508,7.0,3.5
ds005291,sub-051,20,Cz,1000.0,-13.35860824584961,0.293,3.0637755393981934,0.422,16.422383785247803,0.017201074695032983,30.0-100.0,1.6181872781787867,70.68772132934292,4.213219874442351,2.448873435220496,2.732741449040657,0.730003446824311,0.09500888079235667,0.47404757181887763,0.3848820532853204,0.30153526100909567,0.4950743430845891,0.2919270141617295,0.17125152190873072,1.0246936643445737,1.8418421046315452,0.05150338,2.4617941,4.0,3.5
ds005291,sub-051,21,Cz,1000.0,-0.7520594596862793,0.217,13.323823928833008,0.4,14.075883388519287,0.1014294653421966,30.0-100.0,-470.5160085099367,-2673.433937664612,4.420324911949504,4.789374247772183,1.976703763934272,2.103153558305314,0.16549856682798497,0.5225563520892609,0.2919591039875405,0.2322749802981953,0.5024604213363438,0.38261628572229983,0.19586809234289773,1.0303998555604241,1.764568702729912,0.05674089,2.4526083,4.0,3.5
ds005291,sub-051,22,Cz,1000.0,-2.035728931427002,0.15,10.236985206604004,0.533,12.272714138031006,0.040300649826693305,30.0-100.0,-26.087931891952294,-23.059417993650737,4.722404956288395,4.122316374233639,1.9126349231114528,2.1836245856294356,0.12466777414409247,0.6073467809726704,0.434987647934468,0.4530571272818476,0.5065640680139708,0.3722860729064788,0.23017264906794424,1.0330072730146458,1.753197366078023,0.06332079,2.0935085,5.0,3.5
ds005291,sub-051,23,Cz,1000.0,-12.432058334350586,0.178,1.2384486198425293,0.526,13.670506954193115,0.06663778624110199,30.0-100.0,-324.31008515489884,19.810106223634776,7.349594584051168,7.577616154949089,1.117516858927021,2.153844189117936,0.12291106523546773,0.4930820363839601,0.21930450349296807,0.12112612071705367,0.49938806083651527,0.3098474869697951,0.13982739092470498,1.0283584652505648,1.7869227223340343,0.047373384,2.8513887,4.0,3.5
ds005291,sub-052,0,Cz,1000.0,-2.4601104259490967,0.151,9.856722831726074,0.312,12.316833257675171,0.042501527707021355,30.0-100.0,-20.097113766805403,-123.03583182685955,2.5911763823124994,3.1830118379899845,1.7858517752106524,3.161532859153608,0.07709406942303654,0.6113787138885802,0.2271062504327087,0.4227853256236743,0.4886792935732785,0.3875403701020275,0.2331724705959657,1.0245637591105103,1.7813624729022044,0.06951611,1.7478318,7.0,3.75
ds005291,sub-052,1,Cz,1000.0,-7.3988938331604,0.253,4.2195963859558105,0.484,11.618490219116211,0.002245951213737109,30.0-100.0,-508.4629240909086,14.051490237477523,0.939965678108122,4.451304641071619,0.47458754594000524,1.7551806332599311,0.02442896045115154,0.6982661455998882,0.39848704924293304,0.24907137045031186,0.5002491281451589,0.34483699398415524,0.2624013581263343,1.0307018973261934,1.761677766763969,0.0736053,1.7373675,6.0,3.75
ds005291,sub-052,2,Cz,1000.0,-4.833775520324707,0.307,3.9578089714050293,0.424,8.791584491729736,0.0433712217596635,30.0-100.0,41.20399135233212,-46.189696602969036,2.7296278505822795,2.1270111980501736,0.17345158980702444,1.014783876130438,0.08765484706487203,0.8461411018828329,0.5150426998401607,0.06895154908924268,0.4920515054029399,0.3346390288389667,0.2061176417375267,1.0255274370912786,1.846902896556449,0.059805397,2.13626,9.0,3.75
ds005291,sub-052,3,Cz,1000.0,-2.9960155487060547,0.15,5.295849323272705,0.3,8.29186487197876,0.042319567128757535,30.0-100.0,82.79266082938321,-97.1976930834465,5.899971518479494,1.1545784366249903,0.5608715373323971,1.4822883893230252,0.09186502505557467,0.4704786322433711,0.2401419800835614,0.2291216929924157,0.5044857893751361,0.4028656802584175,0.23909185884738476,1.0416149503286318,1.690765008442675,0.068324655,2.0880265,3.0,3.75
ds005291,sub-052,4,Cz,1000.0,-8.631787300109863,0.328,4.129961967468262,0.361,12.761749267578125,0.008026817788089767,30.0-100.0,-5466.123858539792,-45.07102897832548,0.6151501333276915,2.3802968029441365,2.29209803714604,2.3551405398185454,0.011856900946112128,0.6238883855437688,0.47975167986691275,0.5159856213007096,0.49068386683477,0.3733836762157964,0.26750776491695244,1.025242844958061,1.821223145705292,0.078780934,1.5477196,5.0,3.75
ds005291,sub-052,5,Cz,1000.0,-1.6729536056518555,0.224,5.817808628082275,0.489,7.490762233734131,0.004069898877062011,30.0-100.0,46.86389065959148,64.51056343416701,0.9484681715314316,0.9829278427541055,1.1965504927058332,1.277497099230808,0.012072995423357972,0.6281266106652318,0.16391987129915825,0.20672387467827788,0.4929507128916696,0.3973264311097625,0.2902264252244936,1.0230531817236008,1.7742521038169574,0.07446028,1.6364019,4.0,3.75
ds005291,sub-052,6,Cz,1000.0,-5.746775150299072,0.182,0.8658233880996704,0.357,6.612598538398743,0.0056509630264602465,30.0-100.0,55.12389191004983,11.041117317648078,0.3052070058807813,1.1191050564409224,0.8709498336921124,1.5942738639536034,0.05433113577112265,0.8466566205771889,0.16502040067006257,0.17088789462802445,0.4966794677464612,0.3835256322015725,0.2707033552566324,1.0276544061218764,1.7374498882884992,0.07751615,1.7379208,8.0,3.75
ds005291,sub-052,7,Cz,1000.0,-6.15175199508667,0.195,2.4618079662323,0.314,8.61355996131897,0.07119029134775043,30.0-100.0,67.55792927902039,29.684970776551978,0.34877136928524477,3.2849855944266197,0.3177801810709404,2.1271788609213096,0.1763487089897475,0.5263362330560063,0.30555423542173044,0.30138673366543445,0.506979001990749,0.3701828129487275,0.2552813260122913,1.0381563500334972,1.7172878651920793,0.07630127,1.8815165,1.0,3.75
ds005291,sub-052,8,Cz,1000.0,-3.8916759490966797,0.31,1.627799391746521,0.335,5.519475340843201,0.04404377392663564,30.0-100.0,-81.78899001970957,-546.1788301885172,1.2826736474804554,0.19894974444735458,0.7244853776250109,2.106416466068083,0.10845075074795381,0.7531128711725201,0.4773347946898502,0.2374881978314923,0.5031672534891445,0.39669548064816096,0.2584396450440409,1.0315912130745128,1.7364404179579926,0.068231545,1.9823601,3.0,3.75
ds005291,sub-052,9,Cz,1000.0,-5.648038387298584,0.191,4.467625141143799,0.55,10.115663528442383,0.03655129203388895,30.0-100.0,42.785728933670796,-240.71958276701642,3.016841266052043,1.6869810656887312,0.22975257809762809,2.7970785479765223,0.0696562752285652,0.6362420770128431,0.26533094425372034,0.21728421879948845,0.5020890255858758,0.41448183355322,0.28346511113507356,1.0340466082247388,1.6853297409003558,0.077796265,1.8295821,4.0,3.75
ds005291,sub-052,10,Cz,1000.0,-7.216725826263428,0.223,4.402945041656494,0.401,11.619670867919922,0.005302895160083872,30.0-100.0,-553.8208722433518,-282.8861940408071,1.2483733078748087,0.4150310611883622,0.27449515448690925,2.098820075086762,0.03113091219843006,0.4414232355351135,0.23495050713918617,0.22578762684743878,0.507110402005445,0.4323706845772667,0.2657337676032044,1.0348620956185188,1.7135503216599344,0.0830017,1.711278,7.0,3.75
ds005291,sub-052,11,Cz,1000.0,-8.001457214355469,0.308,0.06639361381530762,0.379,8.067850828170776,0.072417385011044,30.0-100.0,29.674196506590395,72.53652617041682,1.1307043783143411,0.98659526494711,1.4979939217308116,1.3821903372247526,0.09438886795171872,0.6167405027764518,0.4312619423932251,0.18413723942517798,0.4957299036264548,0.4034187900564727,0.25521961163953394,1.0299148117983505,1.7726237487179521,0.07453809,1.7389212,8.0,3.75
ds005291,sub-052,12,Cz,1000.0,-11.011000633239746,0.259,1.8732693195343018,0.49,12.884269952774048,0.007550722928231249,30.0-100.0,-851.4053243380598,-46.96269320107827,4.22395148896483,1.7512644435404139,0.8164208121887188,7.5943639954669875,0.010176853387089365,0.6028311739221927,0.272553920119655,0.014392085184860808,0.4826380165167395,0.38603511373442606,0.26294883137197445,1.0207862854922534,1.813000437264416,0.07006691,1.6310412,6.0,3.75
ds005291,sub-052,13,Cz,1000.0,-7.026004791259766,0.273,2.6640841960906982,0.364,9.690088987350464,0.02697485714639189,30.0-100.0,13.046483608036663,-24.854762812298002,2.193917577195247,2.826513116817495,0.25309124893274215,2.015102820080208,0.04479948585510493,0.7476413503638242,0.3413544761233788,0.29644440588664484,0.5008834555640148,0.38568528062632274,0.2394819194027198,1.0309186681097673,1.7649497091403095,0.064541586,2.1310425,3.0,3.75
ds005291,sub-052,14,Cz,1000.0,-4.27545166015625,0.22,5.56580924987793,0.397,9.84126091003418,0.012989476333807093,30.0-100.0,-1247.263622900667,-162.25037648934924,0.8586880964920602,0.4948870290265098,0.6365448104157696,2.3834440509864154,0.03281045727057457,0.6430664413856665,0.5976298451703753,0.236860807918507,0.5023387883004884,0.4125414177798748,0.36824572891100876,1.0343511041400881,1.684826079318704,0.099199295,1.3850949,4.0,3.75
ds005291,sub-052,15,Cz,1000.0,-0.22640347480773926,0.318,5.827896595001221,0.526,6.05430006980896,0.006917009160624885,30.0-100.0,-25.42050409934933,-121.12277885925656,0.4860128169583692,0.7436057174377777,0.48537605279822993,1.303132706126415,0.011234651546714181,0.5602679068738747,0.20445697031253746,0.024743537512976293,0.49766082570556475,0.4025517759805211,0.24972257154696156,1.0298694716101378,1.7284104466159618,0.065257505,2.1120129,4.0,3.75
ds005291,sub-052,16,Cz,1000.0,-5.800211429595947,0.264,3.813401937484741,0.55,9.613613367080688,0.0015760645673512763,30.0-100.0,-45.87305646224976,-177.30053665261394,4.152187232039744,0.3854613668480671,0.10024262003013476,2.0846029522350173,0.01508573496472584,0.6819516179486453,0.04799481920773236,0.17627912980825847,0.5028257972838881,0.37740414206889944,0.20916848888825257,1.0280128213951194,1.6878370312723097,0.061606564,2.20562,4.0,3.75
ds005291,sub-052,17,Cz,1000.0,-0.90500807762146,0.243,11.444168090820312,0.317,12.349176168441772,0.016565391718774376,30.0-100.0,-396.1421387884377,-199.39722400078722,2.4252907020534975,1.162928908434877,1.466862733303244,2.2794291956947665,0.08669776043720673,0.672382573699082,0.20900945785361327,0.19247917123105981,0.50418539884965,0.41334009024626184,0.32305843266243156,1.0296299474504775,1.682333492616555,0.08451298,1.657605,6.0,3.75
ds005291,sub-052,18,Cz,1000.0,-8.997770309448242,0.153,3.8816123008728027,0.381,12.879382610321045,0.014496198084679713,30.0-100.0,62.962342874617924,61.88674339128302,2.2032921110485555,5.330086548241075,0.47948893643378143,0.8206478362441986,0.05858942493641503,0.7070035499323333,0.24582422407829158,0.13914191616432137,0.5030138314241568,0.32630922160391607,0.23598964573789044,1.0368338876155012,1.723551295848535,0.0662857,1.9911704,3.0,3.75
ds005291,sub-052,19,Cz,1000.0,-4.651298999786377,0.308,4.3356781005859375,0.422,8.986977100372314,0.016253704370256503,30.0-100.0,-486.25655109131526,-102.4072464868893,1.3474083105546653,0.2154923652967523,0.4408429154545298,1.0084234075734473,0.06597224975451706,0.625402826842872,0.3314709807769785,0.5485393071091529,0.5052427911424029,0.41709420849574147,0.2799511721738058,1.0339116471482532,1.713295694367293,0.0781359,1.7619324,7.0,3.75
ds005291,sub-052,20,Cz,1000.0,-2.4121594429016113,0.321,2.8885724544525146,0.513,5.300731897354126,0.04351936655271192,30.0-100.0,-122.97072536464002,-235.45010656189285,1.1704419879087729,2.1350414685483248,0.6212482144115503,1.9503411786273102,0.0587350879147416,0.7998999312687051,0.15111905314230697,0.1797052204992482,0.5111718064719423,0.3963804036113623,0.21868818453474542,1.0326643141314753,1.7838950055834526,0.06373342,2.0640023,2.0,3.75
ds005291,sub-052,21,Cz,1000.0,-4.933527946472168,0.302,4.578788757324219,0.507,9.512316703796387,0.09948706039295362,30.0-100.0,48.476558906607295,24.82651318847127,3.8430103318937343,0.7782282347022889,0.5017243879749029,1.7465137743228811,0.12724810920753832,0.2612106615279642,0.1596852299814164,0.4929838157358307,0.5102151117083116,0.38951117889003023,0.25244753330359626,1.0402723872761772,1.7206218861555649,0.069710165,2.007369,5.0,3.75
ds005291,sub-052,22,Cz,1000.0,-5.896608829498291,0.261,2.5668606758117676,0.55,8.463469505310059,0.0043510935104242145,30.0-100.0,-661.3301257857729,-210.54673874568107,0.11477247293993054,2.1484216362998696,0.49880041961003097,2.3813382345153538,0.01445667301432757,0.7349095726699962,0.3072174800523912,0.13354353404518324,0.5070412801773503,0.4022260716630322,0.31671780333751814,1.028746278447029,1.7791860341314207,0.08288292,1.5517248,3.0,3.75
ds005291,sub-052,23,Cz,1000.0,-2.260658025741577,0.228,9.367587089538574,0.347,11.628245115280151,0.05077340068216091,30.0-100.0,-182.2727649194016,-40.51446491346163,1.322522643668273,0.5780045029921221,0.29604846030705234,1.226078546280403,0.04201152280048736,0.28056276623124066,0.2747931218289129,0.41654948643644296,0.5105110202218252,0.3950735128657185,0.25518261436119427,1.032494926997164,1.7285913568779765,0.06885803,2.1088161,6.0,3.75
ds005291,sub-052,24,Cz,1000.0,-1.8749735355377197,0.296,3.019582986831665,0.484,4.894556522369385,0.007739668825158767,30.0-100.0,61.410973008404824,63.957652013095824,0.27855872677909943,0.2467857464966049,0.22193643116659914,1.0329253276960964,0.039807813281817185,0.5074479812746798,0.3657637396733185,0.1456130254508452,0.49770707184116314,0.4349554177725269,0.3608382425995313,1.0340892052219521,1.7093240706989092,0.0959912,1.4938371,7.0,3.75
ds005291,sub-052,25,Cz,1000.0,-4.6881489753723145,0.248,5.364766597747803,0.55,10.052915573120117,0.014026373586142591,30.0-100.0,60.65494125666729,-23.41901320323057,0.5780165884788504,0.3656988155167057,0.3943440982954085,3.4000509884725263,0.03710177534605494,0.7352349796068206,0.04640945004897107,0.24195503733492887,0.4911288972249327,0.40523661941905675,0.3519787783798727,1.024269558107224,1.7417849721256795,0.08747775,1.4691803,4.0,3.75
ds005291,sub-052,26,Cz,1000.0,-9.608975410461426,0.283,2.8354601860046387,0.432,12.444435596466064,0.011439844265751845,30.0-100.0,3.100878301638225,-110.09039817999795,1.1446774998198075,1.18032491432046,0.20648522527844998,3.4410844657251745,0.056018713022639194,0.61981011622633,0.2725950173716535,0.35824543938709874,0.5023011501115409,0.3970705401291719,0.3343903659099853,1.0307743605593898,1.6757019018077846,0.088634774,1.5836469,0.0,3.75
ds005291,sub-052,27,Cz,1000.0,1.7562826871871948,0.167,6.452790260314941,0.344,4.696507573127747,0.03938403646724283,30.0-100.0,37.042494762335195,42.68829627256254,3.7876032830343127,0.6315957229753972,0.4574711146153567,2.1676134967248264,0.05842913628808566,0.5095779521791207,0.2967144393084236,0.5476190871199537,0.5044375892557551,0.43162131453022295,0.2508734139407924,1.0323254421241914,1.7300216907347412,0.06880241,2.0653188,4.0,3.75
ds005291,sub-052,28,Cz,1000.0,-4.828413009643555,0.339,2.8362011909484863,0.305,7.664614200592041,0.02482579879698297,30.0-100.0,-57.49177733510563,-279.3934651411924,5.531856407732863,2.1299477025750733,0.7617800567840762,3.767448732242831,0.03232200944568231,0.6597948673383889,0.3728346553834142,0.4052445258461455,0.4983879255916317,0.3864583513096483,0.2044570382431646,1.0318027828950291,1.7531087343109037,0.06539311,2.0317621,8.0,3.75
ds005291,sub-053,0,Cz,1000.0,-4.814273834228516,0.342,7.351240158081055,0.469,12.16551399230957,0.08877426503662257,30.0-100.0,-352.6123895809918,-302.4526055308912,28.59174662768907,45.70497497998913,7.216791995489899,2.658324768884597,0.25150831619652425,0.5821248929825362,0.7568130216642239,0.09254970582106054,0.4971930736570352,0.28895236377121186,0.11784261706815381,1.0210084532763477,1.8224615825419201,0.042772543,2.6074686,4.0,4.0
ds005291,sub-053,1,Cz,1000.0,-1.2284643650054932,0.339,12.080160140991211,0.314,13.308624505996704,0.0838747191056651,30.0-100.0,-761.5933457895436,-937.8452340675926,60.392657077802006,26.3382650242,24.981960736951073,10.220780263196978,0.33800099703728087,0.1894395462012115,0.6813184510112837,0.24034866217707482,0.4930476143997927,0.3421769513747157,0.11251470452627106,1.0218340093881089,1.7636486117637984,0.04830137,2.241847,9.0,4.0
ds005291,sub-053,2,Cz,1000.0,-1.460512638092041,0.337,3.845755100250244,0.3,5.306267738342285,0.0010441719115574042,30.0-100.0,33.738733068774415,62.536708521633436,44.01852420379266,49.531416940636156,4.9744640682698895,5.124474182046875,0.023840975791835965,0.5849379043808507,0.6420315660534884,0.5921067197213219,0.4769423308424344,0.2963871269920498,0.11226377875148959,1.023055953175417,1.8439301596262123,0.043454662,2.380802,10.0,4.0
ds005291,sub-053,3,Cz,1000.0,8.614533424377441,0.34,15.510107040405273,0.31,6.895573616027832,0.031615049692523024,30.0-100.0,75.79388737291877,-73.84504564663389,57.959316308702135,42.377291985277864,6.597147929946271,8.867992319737239,0.09643054310999616,0.24879413342751994,0.7509964531774427,0.3270586238812116,0.490672883501478,0.3192693672846085,0.11102698192785118,1.0204313062935624,1.8481400267414896,0.04061871,2.6618824,9.0,4.0
ds005291,sub-053,4,Cz,1000.0,-2.3134443759918213,0.321,9.710880279541016,0.453,12.024324655532837,0.0176964174240885,30.0-100.0,-6.485181057588572,-1035.0720080676292,43.041136103385554,19.2113483653349,11.192320454266174,6.272461178498578,0.07068091985169596,0.3646594765971809,0.6453213760010652,0.2530823223662887,0.49308138588287465,0.3322531643088583,0.13284543332645676,1.0154520956490605,1.8089501160518422,0.04448613,2.346986,7.0,4.0
ds005291,sub-053,5,Cz,1000.0,-3.571411371231079,0.341,11.497241020202637,0.3,15.068652391433716,0.051372066176574076,30.0-100.0,-239.81776035062293,-1188.6613920347925,64.79589735363484,29.16427087307505,22.822964336975303,6.888876132642258,0.14428616581002393,0.44103324111514247,0.6016340063949089,0.6556568086900004,0.4862072535485882,0.32538539581538534,0.10517762144543273,1.022828897201267,1.7737405522300618,0.045378186,2.2502449,10.0,4.0
ds005291,sub-053,6,Cz,1000.0,-4.4580979347229,0.15,18.412841796875,0.303,22.8709397315979,0.0554257994346003,30.0-100.0,-768.0645823518,-308.60944917099386,58.223618519028335,25.73799002051485,18.863467079950098,2.996483021782717,0.0766835267531416,0.4011790492074189,0.6353601610569278,0.6202118446351427,0.5021139504893779,0.31094649412103786,0.09820642962895915,1.019938937806668,1.8563448001953597,0.042455178,2.4929903,6.0,4.0
ds005291,sub-053,7,Cz,1000.0,-9.738300323486328,0.35,9.096063613891602,0.447,18.83436393737793,0.36048192678023877,30.0-100.0,-135.9461471271482,-183.82769821029999,69.83701767323416,22.231865140891628,14.812387451612192,8.07348037806322,0.592662312751925,0.3894987343305595,0.4560989706484352,0.34173608933574906,0.4906809960181543,0.32064373138399227,0.10435117921079462,1.0222536280322054,1.7964491137408167,0.04257829,2.5741632,9.0,4.0
ds005291,sub-053,8,Cz,1000.0,0.3142228126525879,0.35,13.979730606079102,0.3,13.665507793426514,0.0091657766665711,30.0-100.0,-575.3683933479342,-317.40840014936384,67.74795650774313,28.160547707374562,26.996134653207864,4.292354268847772,0.035988032778528314,0.5688991957341751,0.7132189509945398,0.6574102979130143,0.4810042020253282,0.3085079367835018,0.09655347423381423,1.021283076354885,1.9073233796200422,0.040045597,2.4756463,10.0,4.0
ds005291,sub-053,9,Cz,1000.0,-5.681612491607666,0.327,4.242657661437988,0.463,9.924270153045654,0.08351378733699076,30.0-100.0,-319.7355284489186,-133.40204712363487,57.53421042523823,32.24019337441363,25.577507590612484,2.5609514648125784,0.1433425978107087,0.6478742914162247,0.6712734767046185,0.30930041736830166,0.4894450867126499,0.29818466216733425,0.09593955799085108,1.0129619313641887,1.9054539662903078,0.039846484,2.3189988,6.0,4.0
ds005291,sub-053,10,Cz,1000.0,9.612591743469238,0.35,19.71738052368164,0.3,10.104788780212402,0.006129727263904294,30.0-100.0,-102.6701807559661,-77.51620995771087,107.2194250786344,43.16522172764853,20.11757500296031,5.164154361805297,0.07148900841680365,0.458339874925248,0.738032172673689,0.41989950791998903,0.5003601105175232,0.311674240009399,0.08394881784459253,1.021854363312474,1.826653797186763,0.03501282,2.7769287,8.0,4.0
ds005291,sub-053,11,Cz,1000.0,-1.9100158214569092,0.333,16.105754852294922,0.442,18.01577067375183,0.02835231702615475,30.0-100.0,13.156560862731048,-38.86084240115778,42.37724329602308,33.5410305450812,26.893024042364495,5.960743241714982,0.14473200683169818,0.6487234367647315,0.6692297668559165,0.4474340865220143,0.49706176667302016,0.32019298067323065,0.11938231072107246,1.0148703015516098,1.8282135831984587,0.04525833,2.0648022,7.0,4.0
ds005291,sub-053,12,Cz,1000.0,10.725954055786133,0.35,15.044425964355469,0.413,4.318471908569336,0.008759799918633477,30.0-100.0,-15.398761654992796,24.655298469686706,99.40749664814702,44.07299160295797,26.96865856581337,6.68329370314551,0.053601984739934924,0.6382192617271499,0.7911432367251128,0.45234381839564514,0.4788029636269693,0.32549571406619965,0.09197435925828144,1.0176504392417316,1.8108167424539636,0.037556157,2.5739398,6.0,4.0
ds005291,sub-053,13,Cz,1000.0,-0.19069814682006836,0.166,22.668701171875,0.3,22.85939931869507,0.057454899318596826,30.0-100.0,-1048.2458466254818,-4537.823320905018,93.79297355965159,20.10288249110011,27.74660066018226,5.8411538877941,0.0862878596484028,0.5197310342963319,0.7722387474619821,0.7217591633235244,0.49567723867759966,0.300707261058721,0.09589215586535862,1.0182061809014458,1.857574119303839,0.040213414,2.4010363,8.0,4.0
ds005291,sub-053,14,Cz,1000.0,-9.564325332641602,0.228,4.5747857093811035,0.3,14.139111042022705,0.0545455606397826,30.0-100.0,-1019.4867319405539,-90.75005925940079,3.017157481592583,1.8904813121876094,4.094122914177729,3.289325015989445,0.07263717029166468,0.48908911046677817,0.5481530198388699,0.22998238968050488,0.5052164764473439,0.38739449039586593,0.2435992414184189,1.028803658238601,1.7653181820620067,0.0691169,1.9623175,4.0,4.0
ds005291,sub-053,15,Cz,1000.0,1.049055814743042,0.15,17.399383544921875,0.321,16.350327730178833,0.06827714461473465,30.0-100.0,18.26300002105107,-29.586648945132847,13.040888719632807,10.727576225102938,5.9340078214164835,3.397505035774821,0.1640529228235033,0.3047272673476184,0.6061108750294434,0.33406394272140055,0.49982203211393694,0.34313523902331305,0.18110866419502167,1.02851173402878,1.8481978028893211,0.054723177,2.3571577,4.0,4.0
ds005291,sub-053,16,Cz,1000.0,-23.87082862854004,0.196,16.84036636352539,0.408,40.71119499206543,0.03588638727003801,30.0-100.0,-2157.1853286346573,-404.79983026283384,30.783889296316808,8.790877100894772,8.376352927264044,3.6390198314031137,0.17628831026487823,0.6164994892805106,0.3330629704056808,0.2969169427734367,0.4901041504926859,0.29428429401087625,0.09799967068043311,1.023645557426779,1.8946288100669824,0.04132146,2.9281497,5.0,4.0
ds005291,sub-053,17,Cz,1000.0,-3.5347089767456055,0.241,28.04717254638672,0.313,31.581881523132324,0.13674726331181308,30.0-100.0,-301.6257426671382,-136.40834262477745,45.278185083387164,16.807841143253505,12.721636054518488,9.87180099759528,0.2157394221392858,0.2639886584149718,0.6236987552277509,0.5402880730340036,0.492865631094199,0.33112321925600285,0.1328655369437559,1.0179497366855645,1.9081289261096983,0.04331518,2.471842,7.0,4.0
ds005291,sub-053,18,Cz,1000.0,1.6085314750671387,0.35,13.858428001403809,0.307,12.24989652633667,0.19353751942513586,30.0-100.0,-470.0992582392195,58.00083540496179,62.546623136835805,13.589748399503751,10.216840760953943,4.930323732502089,0.16707558168977468,0.19174025184150692,0.6051240194506524,0.4138652360876607,0.48435421601346595,0.3286518444592296,0.10531469409353558,1.017664136077561,1.8084898528310296,0.04206234,2.5917144,9.0,4.0
ds005291,sub-053,19,Cz,1000.0,-11.126639366149902,0.158,12.892970085144043,0.32,24.019609451293945,0.009027028181862299,30.0-100.0,-4437.275289121617,10.685729007295675,8.362224443374277,7.111644639026839,5.191854380079434,2.7420241385698323,0.05773517023565345,0.4000314892126164,0.5630458629883824,0.11994108760047668,0.49762549773397763,0.33577167384647694,0.21249248456790087,1.0288804859088747,1.8218956558164427,0.06377628,2.0145202,3.0,4.0
ds005291,sub-053,20,Cz,1000.0,-16.915088653564453,0.15,17.8073673248291,0.329,34.722455978393555,0.09509869975310406,30.0-100.0,-142.23352311801366,-59.53797687795521,49.400189872851776,26.30675143327617,20.712011265304856,9.287219330230181,0.10027940212761728,0.2712342491986978,0.8633920603179001,0.7763380706591388,0.4905832582101206,0.31528577417816234,0.09312187860832384,1.018616386023539,1.881787154841945,0.043482594,2.2286615,7.0,4.0
ds005291,sub-053,21,Cz,1000.0,-16.993886947631836,0.15,8.918289184570312,0.55,25.91217613220215,0.027574389594205665,30.0-100.0,-6783.615169452252,-228.52856936767395,15.116667244728077,16.488509225792406,16.288978278173854,4.6083846942963,0.0624496793805123,0.80871982347312,0.1858215373988956,0.24673758852969796,0.5143825788427815,0.3037764824582712,0.12892901399770124,1.0267175140312892,1.8627694794323437,0.051423408,2.253847,4.0,4.0
ds005291,sub-053,22,Cz,1000.0,4.623678207397461,0.336,20.400842666625977,0.3,15.777164459228516,0.08542305135716398,30.0-100.0,-876.1337958525365,-264.3489962565779,104.29096962847271,50.98136495406037,18.10606417724745,6.390353451823024,0.07867289404569162,0.5756891615014733,0.7968675074022793,0.6862900617409904,0.49522593498066175,0.2976834490956538,0.09258850235441637,1.0194435672130167,1.7816357014271333,0.03950411,2.5662723,7.0,4.0
ds005291,sub-053,23,Cz,1000.0,1.3995933532714844,0.15,21.241241455078125,0.304,19.84164810180664,0.06324488903108917,30.0-100.0,-1793.4310113840909,-103.82139611377357,54.17263018304314,38.540368074846846,9.212665830415311,2.488980140045004,0.22551496404653915,0.5802807334154164,0.5431817798989335,0.4234478847007216,0.4880685753723831,0.2960659605263573,0.09443777404963713,1.0199222400442944,1.870064856332593,0.03883362,2.827513,8.0,4.0
ds005291,sub-053,24,Cz,1000.0,-4.618436813354492,0.15,24.178916931152344,0.313,28.797353744506836,0.004665232962408913,30.0-100.0,-467.45111432901166,-8.876312126979178,54.40751561578715,31.552162339764077,16.416725784242487,7.746567389412012,0.06066645434653857,0.34191834338898064,0.5512572591187216,0.4060954656063387,0.48128781281883115,0.329034730477212,0.08815088307693571,1.0175360203208168,1.9491398230536017,0.0423948,2.20443,7.0,4.0
ds005291,sub-053,25,Cz,1000.0,-27.97446060180664,0.15,19.105493545532227,0.309,47.07995414733887,0.038278132262921274,30.0-100.0,-1383.769613781706,-7.19327460333589,25.330513351897686,24.450037243892826,22.62692366800086,3.0121132483360644,0.05213730646019999,0.8772193071021631,0.7589288763118508,0.8083100890540531,0.4593474035503233,0.26820865576810066,0.11900008201278749,1.0097274325868466,1.9278924855689672,0.043455824,2.106594,6.0,4.0
ds005291,sub-053,26,Cz,1000.0,-26.855756759643555,0.165,3.784430503845215,0.458,30.64018726348877,0.01363893902684559,30.0-100.0,-62405.39863304424,-149.89009709308286,5.351934925168257,32.52451956999817,10.356903605402906,5.500659273191046,0.1187285808207726,0.7154448922557868,0.6728616563319098,0.5281593722047907,0.4960292829777508,0.29905371313810575,0.14481763830958722,1.0239648873114984,1.8548960312530391,0.056991212,1.9379392,2.0,4.0
ds005291,sub-053,27,Cz,1000.0,-31.34956932067871,0.15,4.369116306304932,0.3,35.71868562698364,0.2436949792795572,30.0-100.0,-44.762344075581915,-63.78649518530347,85.90610178144075,39.52719871529463,4.983234617209991,2.368094240388648,0.2889666107083649,0.6332805679070559,0.7264633428930987,0.0712415106671163,0.48615593371318233,0.24356105570564007,0.07145686980051454,1.0224644824277638,1.9826777707772516,0.03240978,3.3265128,6.0,4.0
ds005291,sub-053,28,Cz,1000.0,-11.461519241333008,0.15,14.705717086791992,0.479,26.167236328125,0.04073771083129939,30.0-100.0,37.8220875279351,-33.363870481050654,8.387000129437208,19.856092800178484,2.3050977043253456,1.8962789285560029,0.1423483824378918,0.48483635964622895,0.6358545067949997,0.37941242413041637,0.5095294336682509,0.28746536199666023,0.1721971092453758,1.0339991184716848,1.7840517169312022,0.050987314,2.7162282,4.0,4.0
ds005291,sub-054,0,Cz,1000.0,-23.870718002319336,0.181,2.139380693435669,0.431,26.010098695755005,0.024778192360953778,30.0-100.0,-16.34375142456755,2.3389072324050315,24.45841576494731,4.668407381970133,4.269278704392391,4.886565221417759,0.054099983645300796,0.34415219234201644,0.4378720391893574,0.23824208764396965,0.4931967274659631,0.34810248520012455,0.12752685265977903,1.0217541344687844,1.8238083108697636,0.04585563,2.5642633,4.0,3.5
ds005291,sub-054,1,Cz,1000.0,-3.4103007316589355,0.242,7.66382360458374,0.321,11.074124336242676,0.006587301313532022,30.0-100.0,7.451796896760471,-54.83163513063981,6.766892432108041,4.580122946899024,1.4171829895756218,1.6364845468949003,0.048806384995966526,0.6134931294504328,0.2876058268652736,0.9000876816339092,0.4984067026105623,0.35393539669317636,0.21017157915221918,1.0329074826501123,1.741914665419085,0.061361272,2.312178,1.0,3.5
ds005291,sub-054,2,Cz,1000.0,-3.2905430793762207,0.304,11.086904525756836,0.495,14.377447605133057,0.02383274717902916,30.0-100.0,-1180.4839411859186,-765.7826683723627,4.79810775054017,3.9938031370182014,3.7489759670642826,1.7755334901227535,0.14315009366572135,0.44098490728547607,0.48480374016190564,0.7022455796239279,0.48727354707607423,0.3537911994470792,0.21446313272683007,1.021578145071845,1.8437810691673873,0.060800467,1.9635518,5.0,3.5
ds005291,sub-054,3,Cz,1000.0,-7.943532943725586,0.151,12.491260528564453,0.53,20.43479347229004,0.012031269786723241,30.0-100.0,-253.46334055655265,-20.854502051844428,6.812197519063155,12.648821141690707,3.2027593992658776,2.705682703726961,0.040559788519972766,0.5499215651219647,0.34090947894153484,0.07141461954785193,0.48246676658536836,0.2623956694718117,0.17063266554289,1.0201895514207096,1.8726733992067126,0.04883289,2.249476,7.0,3.5
ds005291,sub-054,4,Cz,1000.0,-0.8364344239234924,0.173,9.7276029586792,0.335,10.564037382602692,0.10299005087606661,30.0-100.0,-51.7562433372982,-150.44478628369188,11.708350610256723,1.3905828787669225,0.768764682535855,2.8571731800608315,0.12641562071008572,0.31106390370091314,0.35136747994639717,0.33159836646782703,0.5102035209307039,0.3450591519391909,0.1884714911279732,1.037629589461555,1.6996967509114667,0.056006793,2.5933044,8.0,3.5
ds005291,sub-054,5,Cz,1000.0,3.233452320098877,0.15,18.115102767944336,0.497,14.881650447845459,0.03655028544428107,30.0-100.0,-77.75664399108366,-648.184044074549,25.0053866192715,5.280543643811697,1.4051844290438025,0.9445063687125004,0.07564787206209152,0.5174353522430759,0.30836243614569275,0.47211931078027575,0.49298067885979346,0.28149005343658906,0.07105149444601813,1.0241957092701492,1.8797101024850686,0.027676642,4.339182,7.0,3.5
ds005291,sub-054,6,Cz,1000.0,-19.475452423095703,0.166,5.716584205627441,0.3,25.192036628723145,0.09575605983972503,30.0-100.0,-34.74690315814129,-170.0813639249049,5.009205108477458,24.31536673441049,7.1092477516911,3.4034400144705628,0.06854741300237713,0.7857194410826401,0.5483646463385171,0.4302893111568955,0.48201924797754897,0.31856913442782614,0.20189751229172034,1.0205728486444678,1.8218751691330801,0.058348324,1.9939042,6.0,3.5
ds005291,sub-054,7,Cz,1000.0,-2.987210988998413,0.287,11.619427680969238,0.349,14.606638669967651,0.022715774322197742,30.0-100.0,33.992841475611534,-29.648647837047694,8.625464222407366,17.862948672752925,1.0805774178277365,2.7931123459246523,0.06753031055684007,0.5284646957374667,0.520253661830279,0.21550193104278165,0.5001408181930423,0.34197914679046515,0.17385677520412315,1.0271479495189308,1.8257848208635055,0.05359621,2.4754102,4.0,3.5
ds005291,sub-054,8,Cz,1000.0,-10.729608535766602,0.15,5.91424560546875,0.546,16.64385414123535,0.02290791334544037,30.0-100.0,4.035566203399055,77.17274006244405,11.707893883877668,12.134173866382055,4.709269756349947,11.452831251424769,0.10406099213037608,0.2392756659050587,0.12150804001335459,0.3490921650162635,0.49211884418674817,0.36405520382372386,0.24217426180092622,1.0267821394262195,1.7692884976270453,0.07094858,1.7879063,7.0,3.5
ds005291,sub-054,9,Cz,1000.0,-4.383028030395508,0.312,11.869844436645508,0.338,16.252872467041016,0.04823833647949063,30.0-100.0,-558.3817831873481,-498.3936558082977,1.3634894915611444,1.8075584836064378,1.6230662641726372,4.620125196816256,0.21969281010712702,0.5857535362441613,0.26759182614396,0.3926453282533678,0.5048809991972468,0.4216538788652734,0.296196651280048,1.0303227929978611,1.7222509817877512,0.08770799,1.5507396,9.0,3.5
ds005291,sub-054,10,Cz,1000.0,-14.501996994018555,0.161,9.300004005432129,0.466,23.802000999450684,0.014923130258736077,30.0-100.0,36.13250455077322,24.71295754350008,2.975874219697535,38.65478702972785,1.7092804797613925,2.9333454673566113,0.06743652778346138,0.8233644820439195,0.40629579288439477,0.3425042732997034,0.4981010967891243,0.2757772198291516,0.1746571009746103,1.022514408114664,1.9129119170715954,0.050709363,2.4439702,9.0,3.5
ds005291,sub-054,11,Cz,1000.0,-23.059608459472656,0.178,10.08346176147461,0.3,33.143070220947266,0.00836547426862255,30.0-100.0,-80.44555247787396,-458.6922274107923,5.629021769490808,27.928528854505597,11.385568635709806,2.210966723823256,0.0492423543595791,0.6765787889702087,0.4303607280448001,0.43000036745697695,0.4633932630505878,0.3013212730696087,0.1405770283355602,1.0109792260798254,1.8730256826521148,0.04932518,1.9343327,10.0,3.5
ds005291,sub-054,12,Cz,1000.0,-14.20463752746582,0.154,3.801419734954834,0.3,18.006057262420654,0.016885443927573962,30.0-100.0,-103.25050762540506,-117.85074013609986,12.086982600035332,11.76735325473527,10.044376143604751,3.038867208775914,0.05476200216677055,0.35128405508595884,0.33117657405818085,0.16210300458151614,0.4887352269284969,0.32052186205673294,0.1616974404843217,1.016070347376998,1.887677918821492,0.049130373,2.090328,8.0,3.5
ds005291,sub-054,13,Cz,1000.0,-7.438530921936035,0.24,6.932231426239014,0.301,14.370762348175049,0.016670346667291315,30.0-100.0,-79.43632431283694,-113.91410655264946,1.3275790823154257,9.306684318313852,1.7535688146766877,3.4235922534940766,0.04484720760076346,0.2950578965625094,0.2004732152682712,0.26419268474075097,0.4912317672770223,0.3830887635148242,0.27762279134435164,1.0251411511232558,1.7673474090190922,0.07213099,1.7528145,,3.5
ds005291,sub-054,14,Cz,1000.0,-5.244233131408691,0.242,5.6212053298950195,0.372,10.865438461303711,0.06827589300724109,30.0-100.0,-97.96000534666628,68.2074825494608,2.616870019597298,1.7334967024715309,0.8446929126680227,2.4544995890043415,0.13769886631121422,0.7430964045536257,0.23937184870357062,0.07620247017282095,0.5066051576204438,0.40857574025946336,0.2418372164544872,1.0327898319550082,1.796535041538646,0.0724732,1.8252251,3.0,3.5
ds005291,sub-054,15,Cz,1000.0,-7.435439109802246,0.238,12.52983283996582,0.518,19.965271949768066,0.19001466610627588,30.0-100.0,-295.1431647631789,-7.26488441716026,6.327335895364742,6.205588943024188,1.221581226779142,1.6541239825159013,0.19722838665699308,0.05912033320402657,0.4414006082632548,0.3215477176774793,0.4867509569099671,0.35385004688524624,0.1649430208301321,1.0225116233994018,1.8751128977004556,0.05462507,2.1026227,5.0,3.5
ds005291,sub-054,16,Cz,1000.0,-8.165498733520508,0.248,1.0533428192138672,0.322,9.218841552734375,0.005546620932355881,30.0-100.0,-172.42492036896934,-72.13977687456871,1.9210612734202934,4.542955415494962,0.7875397156398909,2.565550209580198,0.0698648191534044,0.3596606131945781,0.40517151697629183,0.29691875582364624,0.4901549184582535,0.3699182428378375,0.19783653040915647,1.0279691334732135,1.7604886230885348,0.05622796,2.4680276,6.0,3.5
ds005291,sub-054,17,Cz,1000.0,-7.723888874053955,0.15,5.064502716064453,0.399,12.788391590118408,0.08919545860656118,30.0-100.0,14.111563903694943,-19.135112470342044,5.291799064746311,0.9804340234474918,6.155234065886738,3.1790717543163787,0.13308394191021353,0.48523964591862107,0.16836297687819474,0.5873942790446132,0.504966325692237,0.3984184950999552,0.31357721744784045,1.0320226609277923,1.7672650566078643,0.07826121,1.6267054,7.0,3.5
ds005291,sub-054,18,Cz,1000.0,-6.631525993347168,0.221,11.085845947265625,0.301,17.717371940612793,0.045896099547955906,30.0-100.0,-1051.8105780051444,48.75459716891288,3.0204330247461995,4.078283294059592,2.373572757320849,1.2538671787088107,0.07628304785808773,0.6101004404701604,0.5981653068166827,0.6275153031797721,0.4940236234059221,0.33510281136897846,0.16984769859436524,1.02275199856933,1.861125634608563,0.05183816,2.200297,7.0,3.5
ds005291,sub-054,19,Cz,1000.0,-9.604883193969727,0.15,8.006789207458496,0.55,17.611672401428223,0.18990865316996577,30.0-100.0,55.839418568587554,-233.6209635435151,10.024678296968755,1.5357104641748185,0.8352177918420379,1.880532493411701,0.3886590832748365,0.4460404209851534,0.16746917268108086,0.5048633343994091,0.5006993596954347,0.3850095174303694,0.17595711846724135,1.032387948514028,1.7643385462586267,0.050685383,2.7637684,6.0,3.5
ds005291,sub-054,20,Cz,1000.0,-3.026744842529297,0.301,8.330656051635742,0.409,11.357400894165039,0.11908862449992139,30.0-100.0,-110.2323907285249,9.333505424024805,0.7754249723584749,1.4454166215744189,2.147231098020513,1.7279168377970482,0.1738148172686494,0.4639590275207391,0.37652954853040416,0.2837507327018457,0.5077126565024686,0.369846026102105,0.27994429494443174,1.0352255554405403,1.7481096809506667,0.073707454,1.9505508,6.0,3.5
ds005291,sub-054,21,Cz,1000.0,-4.2783989906311035,0.265,5.184894561767578,0.334,9.463293552398682,0.00430297082296332,30.0-100.0,-73.97987305800865,-8.108660096191175,1.3932419670011835,2.6917177749659187,0.9150520777464172,1.8984989317900993,0.030550530845251184,0.27196303936104815,0.39413037787338123,0.2492550867213843,0.5069866385315236,0.3623108476655098,0.2862960708439038,1.02710591336265,1.7648529135521818,0.07466385,1.7920475,7.0,3.5
ds005291,sub-054,22,Cz,1000.0,-14.386425971984863,0.309,8.036551475524902,0.506,22.422977447509766,0.021853554415476303,30.0-100.0,-594.272222601585,-544.1908799210822,3.280457129885962,10.667033253711017,1.4307882624381651,2.9211956490819384,0.050261380824235834,0.5375943069851633,0.17572388639712364,0.6167519448190149,0.49700055397833875,0.32010464744046085,0.22462980375524838,1.0310051958402022,1.8355058289311668,0.062005594,2.0555177,5.0,3.5
ds005291,sub-054,23,Cz,1000.0,-4.469346523284912,0.263,8.472024917602539,0.349,12.941371440887451,0.15358326588322946,30.0-100.0,45.92114461875944,-83.00430919813809,1.4404366071957195,1.4605726571247126,4.1133965821430225,4.314928994690804,0.28784244992188046,0.5592142692435688,0.3939442431767319,0.69947126675221,0.5088946100808696,0.42471597690169455,0.3305259829855464,1.037984407472098,1.6837858667445296,0.08438824,1.7298481,4.0,3.5
ds005291,sub-054,24,Cz,1000.0,-9.138384819030762,0.213,1.6370720863342285,0.301,10.77545690536499,0.052481437631186914,30.0-100.0,46.21555732073416,-74.01023641934758,0.6092671846576059,4.121339876829056,0.9386560463085027,2.205861246546154,0.20411953144992073,0.3751557075335108,0.394038398511394,0.08929415116308914,0.5006993596954347,0.3589094166454193,0.23377099139573448,1.033280987653618,1.7077178196740166,0.06427842,2.2911274,7.0,3.5
ds005291,sub-054,25,Cz,1000.0,1.1320457458496094,0.181,12.805819511413574,0.339,11.673773765563965,0.05798074291725161,30.0-100.0,-26.42784810853919,49.82025475979251,4.2494065753627694,3.509486422819249,3.2714286469725185,4.465337904722127,0.22904480954207387,0.5903507129999518,0.20844066973426265,0.34422030561440325,0.4958758568464988,0.40981387780015377,0.2683159531656353,1.031745653286739,1.7255286708615847,0.07037435,1.8502989,5.0,3.5
ds005291,sub-054,26,Cz,1000.0,-13.37695598602295,0.184,5.234375953674316,0.5,18.611331939697266,0.11440726106086131,30.0-100.0,78.31050854377942,57.97777679738337,5.3760843986147115,15.615588155359058,3.566582578665408,4.758908410249618,0.1781933350015772,0.6376447815540945,0.1976110696271015,0.0815545818712751,0.503234744726424,0.37389614920594183,0.2574762990713147,1.0262229875887032,1.7764717319488574,0.07305061,1.7575576,8.0,3.5
ds005291,sub-054,27,Cz,1000.0,-1.0129108428955078,0.195,8.865839958190918,0.36,9.878750801086426,0.09507873622476884,30.0-100.0,68.44126670119708,33.10362379970322,1.54246348519701,1.6606308511571002,0.4376268777148704,0.8342643535218419,0.13068898878120863,0.17831817618736423,0.3989887326778519,0.5396315670803612,0.5115716673460877,0.332083254833208,0.15992990758310932,1.0294889206824895,1.8023562749627824,0.050895553,2.588029,8.0,3.5
ds005291,sub-054,28,Cz,1000.0,0.8811073303222656,0.267,15.175405502319336,0.394,14.29429817199707,0.06177343103970456,30.0-100.0,38.20549664395317,-19.729702374365328,3.8494004658139107,0.6880837510216908,2.5623040180756687,1.9861543313346877,0.09689142300144422,0.5885608327652979,0.2423216830016782,0.7435320869903705,0.49982678391288804,0.3782095146285635,0.24838920517726545,1.0318682085356432,1.7394139048539947,0.06636298,2.0431743,6.0,3.5
ds005291,sub-055,0,Cz,1000.0,-19.882164001464844,0.164,1.3584728240966797,0.333,21.240636825561523,0.21207802534717388,30.0-100.0,62.298161780025595,96.88604998861169,13.999438312289186,7.328122755001969,1.898109152102708,4.510330391859639,0.35847748264747287,0.6204825336866335,0.42498845207480473,0.30741289169438346,0.5039343551574648,0.41742298807190886,0.16623736042801368,1.0342830741414906,1.7087374561455482,0.072548866,1.9400796,3.0,4.0
ds005291,sub-055,1,Cz,1000.0,-16.242916107177734,0.15,22.3310604095459,0.467,38.57397651672363,0.13104464581491063,30.0-100.0,-47.04472233313919,-216.95708567105584,25.569378072757697,54.09535292647654,5.593392150383547,2.567138844329893,0.24245506973873085,0.732572878503718,0.6552287376415377,0.6609471953798074,0.4978259265460874,0.28042645239547187,0.1033049715801743,1.0192581899232416,1.9482567800185289,0.036363024,3.0546238,5.0,4.0
ds005291,sub-055,2,Cz,1000.0,-10.348329544067383,0.174,5.760794162750244,0.328,16.109123706817627,0.1026414523945375,30.0-100.0,-20372.279379873962,-178.01896723909516,14.829503841590668,15.458185850052402,3.0439999140592295,1.5935949303135357,0.09213141281957356,0.5988774676824489,0.36469551548768675,0.3352304025868056,0.48976912505194375,0.3061911847536063,0.17651767653998415,1.0237622186934552,1.8292733765735123,0.052068256,2.3724434,7.0,4.0
ds005291,sub-055,3,Cz,1000.0,-13.836584091186523,0.15,9.077226638793945,0.323,22.91381072998047,0.03963761288731314,30.0-100.0,-42.84553160362155,37.47154776631102,27.38200811117259,20.881568419681937,3.561165700609755,5.319541475252889,0.19620702329146564,0.7794297432299409,0.710966849732677,0.25638485646197184,0.5101137968882832,0.29589063678214295,0.18841519999720935,1.0292715346862604,1.8434850248073522,0.055172075,2.343736,7.0,4.0
ds005291,sub-055,4,Cz,1000.0,-29.918014526367188,0.172,-1.9093642234802246,0.522,28.008650302886963,0.16074507827114712,30.0-100.0,-119.34081088081292,-127.41790247575034,45.5879715253722,13.565586356820328,1.8543876236207482,5.701344476787416,0.26181831569874187,0.7155981649245055,0.6500750073604642,0.2014414992917859,0.5018360475154635,0.2985355572336862,0.1068993455458103,1.0248629383710115,1.8141008040717488,0.03545621,3.55556,8.0,4.0
ds005291,sub-055,5,Cz,1000.0,2.8035032749176025,0.213,15.227985382080078,0.311,12.424482107162476,0.0587622750536874,30.0-100.0,-63.857257154830606,70.37205887368509,7.606046975122043,4.989724841948751,1.1643012210346353,3.242641508570984,0.0709276767474153,0.4722303140707177,0.46373984596515366,0.054431520277120345,0.500269306492516,0.3897655421400397,0.22750527654336525,1.029638642223357,1.7602646690754418,0.061438244,2.1775956,5.0,4.0
ds005291,sub-055,6,Cz,1000.0,-17.56635093688965,0.161,6.6628642082214355,0.3,24.229215145111084,0.25968577247599606,30.0-100.0,-116.67773654324466,60.57956688966208,11.659935497152686,16.828434581100343,6.746986663831062,1.4901947742793193,0.40064140317241764,0.8663796964743493,0.28597013883435124,0.44260071702686726,0.5118181490138979,0.3193763044793071,0.17265881229915678,1.0287598253500796,1.8330388323920723,0.051614422,2.6303606,4.0,4.0
ds005291,sub-055,7,Cz,1000.0,-22.737205505371094,0.15,4.368722915649414,0.3,27.105928421020508,0.07750766095571272,30.0-100.0,-4285.43451803368,3.2461669718248856,51.50401658408517,24.435850147666464,4.331636838987055,3.105440560509177,0.08862008848770435,0.8270965155047615,0.6596999602082633,0.14144565650037227,0.4962207440653284,0.26194918730025923,0.12802800509091528,1.020834176776366,1.890993699285409,0.03918274,2.999623,9.0,4.0
ds005291,sub-055,8,Cz,1000.0,-19.18589973449707,0.171,1.2769794464111328,0.55,20.462879180908203,0.15657514207923487,30.0-100.0,-33.627006301015996,76.09236657837832,13.061409652828509,15.6008927327282,0.2618953813028651,1.5899791412229147,0.366515075787275,0.6312528067805759,0.483938758647331,0.45886452648849757,0.49822210304495346,0.25767239667858804,0.12229336111826597,1.0293415812526703,1.8226121350233635,0.038243886,3.4744406,6.0,4.0
ds005291,sub-055,9,Cz,1000.0,-8.701748847961426,0.246,6.339448928833008,0.423,15.041197776794434,0.29678032518717845,30.0-100.0,-85.2479075936257,-70.77140093267826,4.254578816374716,2.929486458362405,0.7447341372249656,1.5319951713812865,0.2518935192260026,0.6943229437704519,0.3624610604899904,0.19289306947075965,0.5098654870741137,0.3898317040189221,0.18661773630092113,1.0348633834497833,1.742207384127714,0.056750875,2.643401,3.0,4.0
ds005291,sub-055,10,Cz,1000.0,-24.273670196533203,0.15,15.384306907653809,0.55,39.65797710418701,0.14664221022332713,30.0-100.0,-66.28301042560211,-136.2988736686134,58.196708179605125,38.29120081352208,4.587570385186707,1.9698208001556987,0.2253686874147407,0.8114123472237174,0.43515575400887596,0.3577678293899213,0.4761951034116138,0.2507986334249939,0.10515680299383343,1.0234449068758722,1.9147054157380172,0.037347946,2.9203694,6.0,4.0
ds005291,sub-055,11,Cz,1000.0,-2.4845094680786133,0.15,12.890044212341309,0.3,15.374553680419922,0.01055319015011574,30.0-100.0,-35.72777935259296,16.699673509254,34.52430898685434,22.70372964433507,1.706905026282375,2.3874518204145505,0.06587620226830466,0.8246826195106363,0.4647858562244701,0.2245615221488632,0.4936789401481432,0.3060122250734686,0.13295812137987242,1.0228467161337975,1.8786400667984051,0.043131195,2.722457,7.0,4.0
ds005291,sub-055,12,Cz,1000.0,-19.47260856628418,0.171,22.452383041381836,0.3,41.924991607666016,0.01501732032336396,30.0-100.0,-4383.528942506177,-182.41306243346475,37.58963522450641,50.8386779175482,5.48687613632253,1.9835174521979164,0.05404302419717405,0.8214600136698919,0.8215244775079611,0.4670106383903044,0.4883582654395558,0.2577150043029706,0.11581334529350955,1.0222977636818276,1.8277312734123894,0.039389573,2.8221657,5.0,4.0
ds005291,sub-055,13,Cz,1000.0,-13.029539108276367,0.35,0.7476186752319336,0.459,13.7771577835083,0.1330839978358075,30.0-100.0,-383.19043698661767,15.532690530853094,7.856751652589516,17.044525167653617,6.06535502464472,1.5616831710803987,0.16282327272690453,0.7998708988309163,0.3001337189765758,0.38277090514087225,0.5005349339413857,0.3160645723255799,0.15944277440902355,1.0286275001407321,1.788022960291633,0.049849425,2.4282527,8.0,4.0
ds005291,sub-055,14,Cz,1000.0,-27.89642906188965,0.172,-13.405548095703125,0.5,14.490880966186523,0.190772631430331,30.0-100.0,19.89876206950872,3.0083560903112443,28.980782241059195,11.391982386564706,3.339567539033032,2.7004295544539647,0.3122869975669127,0.7517864659742659,0.3627029435194883,0.2964837231713563,0.49840909055701765,0.2888877568871635,0.0624931370900629,1.0280083053545268,1.8063843661928438,0.023650076,5.5000114,6.0,4.0
ds005291,sub-055,15,Cz,1000.0,-10.411758422851562,0.205,20.228172302246094,0.3,30.639930725097656,0.07211881085128101,30.0-100.0,-464.13601488637414,-25.85066196190993,8.642043707505712,55.597484177939755,1.0423782414919,7.118011842358785,0.06924290880789775,0.8014018966239175,0.7676675490599773,0.5143076328237979,0.48989889661703695,0.2836275601811087,0.13837889763663894,1.0174420423639394,1.8246639646352687,0.04461738,2.3954651,4.0,4.0
ds005291,sub-055,16,Cz,1000.0,-14.599220275878906,0.15,19.51260757446289,0.528,34.1118278503418,0.06220909962762656,30.0-100.0,-284.88099343023464,56.800195979822334,69.08184733163239,23.928508642114092,1.4449809982826918,3.0603293416304274,0.11335335107244458,0.6955178870020227,0.5557615979972559,0.23022613106187206,0.4946376337639556,0.2096898750391964,0.08475545528437387,1.0235392697434462,1.8774818039990442,0.030469999,3.9487653,6.0,4.0
ds005291,sub-055,17,Cz,1000.0,-17.2934513092041,0.175,17.062562942504883,0.486,34.356014251708984,0.09714182883732976,30.0-100.0,-311.884298110362,-155.36155765079255,39.51467499219616,31.039878081005238,5.497300664539738,3.3190003105260426,0.37160303744910445,0.6733401917387548,0.4306026613245335,0.48288903263420185,0.4884519920674203,0.24998578777084987,0.09003638227423101,1.0229395766859872,1.913823216195172,0.03474106,3.206695,5.0,4.0
ds005291,sub-055,18,Cz,1000.0,-16.302509307861328,0.15,8.575614929199219,0.351,24.878124237060547,0.01856742075960892,30.0-100.0,47.747695210355104,-56.79208119441317,28.83435142423945,14.80813455105357,2.938200379582276,2.4635123996504396,0.05075820165245879,0.8156414969643355,0.7382198035227474,0.16552339632935772,0.49330414469745393,0.26089498630068236,0.08853965369432003,1.0193646927479665,1.9466385124382712,0.033913113,3.112546,5.0,4.0
ds005291,sub-055,19,Cz,1000.0,-20.27280044555664,0.15,18.97238540649414,0.504,39.24518585205078,0.032015606151015515,30.0-100.0,-614.0599147423093,58.01755754377067,26.9299537836513,34.222620308862275,6.873756614033046,2.2231542715155723,0.18218385520197117,0.8783436042536268,0.7500872486935106,0.4695891627031752,0.4901014709998857,0.269763001898293,0.11698238889768522,1.0223761025324696,1.873879757927168,0.040322598,2.9445791,4.0,4.0
ds005291,sub-055,20,Cz,1000.0,-14.827544212341309,0.15,12.79527759552002,0.312,27.622821807861328,0.026993690967992926,30.0-100.0,69.00943412545523,-29.98419295679756,46.55076978473896,12.598750329308714,5.793565782934392,2.018539197784286,0.06761656469572708,0.4678567284435324,0.3700763972749361,0.0742211463934168,0.47664638204376253,0.2897866214431777,0.1470453004977226,1.0181663594511794,1.860840081893997,0.04554584,2.4277835,5.0,4.0
ds005291,sub-055,21,Cz,1000.0,-7.254863739013672,0.15,27.099151611328125,0.475,34.3540153503418,0.0634501028693291,30.0-100.0,-262.4019618764257,24.587447384601425,52.936424822706755,28.037129443440666,0.9628859463330772,1.8465731969489805,0.11712768159330095,0.7658415452113585,0.5859208337697539,0.3449563005319704,0.4900960976185968,0.24845159339789658,0.06037138912550952,1.025052001687398,1.9083664584811544,0.023232896,5.022765,3.0,4.0
ds005291,sub-055,22,Cz,1000.0,-19.4543514251709,0.15,6.587314605712891,0.55,26.04166603088379,0.04257854805812416,30.0-100.0,-3543.555132240779,-66.73626890563014,44.953440455564774,48.85943377851513,2.8065914716096074,3.116517781500149,0.07220273763410903,0.7933419875206918,0.6042870331565793,0.5740412206429659,0.4754506902861529,0.24908638231437064,0.10077683373962588,1.014192346185644,1.9641502310533616,0.037824456,2.5943832,7.0,4.0
ds005291,sub-055,23,Cz,1000.0,-9.229547500610352,0.15,21.013574600219727,0.51,30.243122100830078,0.10533417444011049,30.0-100.0,11.306202851048011,-372.9297829778663,39.03223327738331,11.312888015255943,5.431895647673442,4.57074593640988,0.20770236623948865,0.627845444798253,0.3344507161205825,0.4308673965015395,0.4983920765653983,0.30452558312109224,0.11135860690422775,1.0281677762962482,1.8617528923976443,0.038198996,3.3315003,8.0,4.0
ds005291,sub-055,24,Cz,1000.0,-14.77005386352539,0.156,-1.9133210182189941,0.55,12.856732845306396,0.12428151926740862,30.0-100.0,-105.36334171153763,-4.250012972301255,12.704956941678706,24.85880603007021,2.1385398345041224,2.016399977739061,0.12915293100175917,0.8217798705048716,0.5211920351509828,0.20427651150396595,0.5053321256275551,0.28345768004734684,0.1335465815827579,1.0297232040883242,1.9066989740053883,0.045845542,2.7870367,7.0,4.0
ds005291,sub-055,25,Cz,1000.0,4.185007572174072,0.312,21.716976165771484,0.482,17.531968593597412,0.02529223154140559,30.0-100.0,1.0134218506845363,-38.975652523380674,20.721929848657197,15.108558366883473,2.1133181059135584,1.2766232385354885,0.08022256044937266,0.848106280959536,0.5399236373410223,0.2532280687757537,0.49769745899030576,0.32419885899027656,0.11017952403171757,1.02612546942491,1.8612873628240036,0.03756604,3.35335,6.0,4.0
ds005291,sub-055,26,Cz,1000.0,4.073135852813721,0.33,23.098220825195312,0.3,19.025084972381592,0.03021622162751177,30.0-100.0,-222.0567991217818,-66.56573092581056,2.823425715295112,1.9927716810880565,7.560568697312297,5.442013730451086,0.03965242841364551,0.701102919609619,0.4346799085104399,0.4913803117202804,0.48178398778326537,0.343551218200285,0.18103018882120692,1.019102708422647,1.8334315033378845,0.05730479,1.9174536,1.0,4.0
ds005291,sub-055,27,Cz,1000.0,0.1381824016571045,0.35,9.934288024902344,0.49,9.79610562324524,0.0032632728867039392,30.0-100.0,-703.1534026489941,-205.0761222768339,17.268365019566474,26.514179301711746,2.5315674375349877,3.8929324101999847,0.05893754094960832,0.8876777016385361,0.3178531823626904,0.1882573450879412,0.47895627279843217,0.2995716658433997,0.13641308381724662,1.0202404621843986,1.8659515667214728,0.044483908,2.5222125,6.0,4.0
ds005291,sub-055,28,Cz,1000.0,-8.901870727539062,0.15,12.549470901489258,0.384,21.45134162902832,0.04130326093996185,30.0-100.0,-145.465063484427,-390.57093612364037,33.36153231503299,53.174472940087185,3.5104697340733453,3.9102728773202005,0.0990432442166546,0.6793939343499956,0.40662707840683804,0.47034565559536357,0.4881465723299975,0.2898258056435667,0.11607820769283662,1.0198023489918808,1.8962588515212018,0.0403099,2.7797058,7.0,4.0
ds005291,sub-055,29,Cz,1000.0,-6.065847396850586,0.253,4.629451751708984,0.47,10.69529914855957,0.022890243832757815,30.0-100.0,-2938.103162441038,-66.40811243093097,1.6575715650331961,1.267829759007156,4.272908799259299,2.6731476488499415,0.02935627053106967,0.6468869268406793,0.21964673100638263,0.22367484898566378,0.5007310870992946,0.40121909963809843,0.3153683358882758,1.024714445118868,1.7744378072195799,0.082947746,1.509593,2.0,4.0
ds005291,sub-056,0,Cz,1000.0,-21.299482345581055,0.154,23.806947708129883,0.35,45.10643005371094,0.025127225468917446,30.0-100.0,-2622.1641803336215,-555.2845430224666,42.281685341211585,18.6869333375175,7.158873745392217,9.595205457457292,0.04546943307125334,0.5988305055054306,0.44955649492782673,0.13901560519909792,0.4773425752649211,0.3163183768883611,0.09931232330394812,1.0180960460534132,1.9106768467476207,0.036161177,2.6227837,3.0,3.75
ds005291,sub-056,1,Cz,1000.0,-5.805673122406006,0.15,18.61500358581543,0.3,24.420676708221436,0.010720826592450501,30.0-100.0,-80.65765043419213,-20.465186108331707,43.08309353945919,12.431998562468808,1.9823367832503482,5.586345994288927,0.035122652725684704,0.09957827522918376,0.3949915321451006,0.3480919055505423,0.48236642476914704,0.23408723150409866,0.10137094461499607,1.0235589942117187,1.8363940587157652,0.034618787,3.1686316,6.0,3.75
ds005291,sub-056,2,Cz,1000.0,-16.505626678466797,0.15,2.813401937484741,0.342,19.319028615951538,0.003897620829625464,30.0-100.0,9.40764125709295,-175.80996101427232,34.0231960012963,28.656462585754056,3.433751213166875,4.5196219511768385,0.030434867451738568,0.5128005027438207,0.4139885679132693,0.20528439595434808,0.4879787096443496,0.30100782308997337,0.14179308224643483,1.022385395433193,1.8563746531836174,0.048322,2.4146597,10.0,3.75
ds005291,sub-056,3,Cz,1000.0,-21.052257537841797,0.186,19.47381591796875,0.332,40.52607345581055,0.054993338371567044,30.0-100.0,-143.97588109603888,-8.68533967997885,34.280437211217674,15.168322574814468,6.9980474476279735,3.0004641125919282,0.08176090086725366,0.6232595194435361,0.06443386212983825,0.239964351046476,0.47795912329289025,0.30363366410765474,0.115516733734325,1.0203137707420789,1.8882902038035179,0.040824104,2.6590312,8.0,3.75
ds005291,sub-056,4,Cz,1000.0,-16.046733856201172,0.172,23.62287712097168,0.31,39.66961097717285,0.018857983757455916,30.0-100.0,-803.1582476021068,0.1833394990776176,33.61304512828357,18.817439923408163,3.6237745584049716,1.7731696797264007,0.02180350821094926,0.5224307331992097,0.4827280799696781,0.25310853622132146,0.4860780989804909,0.24130185462892,0.11213299513347766,1.0264885213182322,1.8735181096734943,0.040078595,2.6698282,7.0,3.75
ds005291,sub-056,5,Cz,1000.0,-19.543359756469727,0.15,10.007536888122559,0.3,29.550896644592285,0.022649612878755762,30.0-100.0,-4006.7345524574016,-108.45456464586351,19.955437270703246,68.1011219003489,1.780371042123513,1.9473392396470688,0.04590221931630387,0.7074723885296706,0.6991892564392033,0.6375330984752103,0.4958585918734233,0.23020875315167147,0.11971788247375867,1.0196766526582752,1.9273288006439022,0.038302843,2.6259818,9.0,3.75
ds005291,sub-056,6,Cz,1000.0,-9.272951126098633,0.15,29.06023406982422,0.3,38.33318519592285,0.014047530415813882,30.0-100.0,-118.90174507530149,81.17999535165275,106.46943273343203,48.532551586561816,4.567812206213271,1.354094338887573,0.06191056988552682,0.3746179478931138,0.7139184365159836,0.1884407480983172,0.4850953301876707,0.2404180774005597,0.08349130467062589,1.0161706289010202,1.9229961167318705,0.03041357,3.2396884,7.0,3.75
ds005291,sub-056,7,Cz,1000.0,-4.295802116394043,0.18,21.521207809448242,0.341,25.817009925842285,0.016294465585099574,30.0-100.0,-280.3068540197254,12.561754361755337,51.92898910132946,21.237967413882174,9.730635419669879,3.1984623782047286,0.03474155982453088,0.436947120512189,0.5672697461779243,0.461416740558095,0.48164454459510864,0.2609872546106865,0.10389641919699708,1.0169805482247025,1.9077897512092052,0.03695759,2.7764313,5.0,3.75
ds005291,sub-056,8,Cz,1000.0,-1.2909126281738281,0.195,21.40134620666504,0.3,22.692258834838867,0.06229062685925009,30.0-100.0,-935.2637622069166,-185.77780080438114,48.572485243175976,16.001094260834964,14.64973834987221,5.449904035880218,0.086443287465639,0.5803952634478562,0.20738934304296303,0.40801882693225083,0.4877457120772575,0.25808708311619216,0.11830544968957599,1.0186528117531373,1.8880457100998085,0.04130278,2.5474925,9.0,3.75
ds005291,sub-056,9,Cz,1000.0,-7.775904178619385,0.15,16.065549850463867,0.3,23.841454029083252,0.06815259091400888,30.0-100.0,-92.80432023591302,-347.88466052373,30.423202472309953,16.72002398610512,11.408967262632174,2.7323647347443245,0.09783158558526828,0.5287228941051002,0.33943159322843514,0.5493477455937112,0.48075475695662956,0.27030765171185817,0.14600268815534437,1.0176701338289258,1.8930706349786077,0.043795537,2.14369,8.0,3.75
ds005291,sub-056,10,Cz,1000.0,-20.729896545410156,0.346,-10.33076286315918,0.3,10.399133682250977,0.014630134938857037,30.0-100.0,85.99107198032718,-84.03654730724386,21.163041266167202,9.927982760057864,0.668985862181533,2.4301913772584594,0.05865894750445645,0.476343674700806,0.2943211517456097,0.2943698621405743,0.4959161928491131,0.27790656446017487,0.09187782043642106,1.0265243213002972,1.8292656476100149,0.031052103,4.085906,4.0,3.75
ds005291,sub-056,11,Cz,1000.0,-13.495467185974121,0.154,16.46072769165039,0.519,29.95619487762451,0.05867797911464847,30.0-100.0,23.9556673380329,63.43187986470444,7.255325836029222,10.501054098021307,25.173502412937857,2.661063934321806,0.07227194325827459,0.947666811782871,0.2992369524031471,0.802663054147197,0.4752849094511357,0.2941356335909355,0.21099043444470883,1.0099486705949237,1.8896177711031708,0.06272521,1.5249729,2.0,3.75
ds005291,sub-056,12,Cz,1000.0,-28.255657196044922,0.155,14.231379508972168,0.3,42.48703670501709,0.01562714013701842,30.0-100.0,-516.4640495218285,-14.35345743505935,50.257459464798224,35.912789726892406,8.833839679002498,2.2678661633584727,0.14608899348102053,0.5054787702454834,0.3067278060887121,0.2861052349311235,0.48499720099910454,0.21487214673568525,0.10257094597438376,1.0160707910389524,1.9342718113283404,0.03798714,2.7284694,5.0,3.75
ds005291,sub-056,13,Cz,1000.0,-19.784738540649414,0.15,13.772329330444336,0.3,33.55706787109375,0.01299405256785946,30.0-100.0,-689.8520334018816,-488.31780593890306,50.70954342925721,11.885240855942026,15.907901505651271,1.6378822191706242,0.06929167028326887,0.6744100647997228,0.24736189018283214,0.4438523830117144,0.46797544505224065,0.2610381212060638,0.11934194900396297,1.0128945517124313,1.9025254985127373,0.041648913,2.4387288,7.0,3.75
ds005291,sub-056,14,Cz,1000.0,-17.443889617919922,0.15,21.08291244506836,0.3,38.52680206298828,0.15940862899154565,30.0-100.0,43.18805122082426,-267.3236910983649,40.486719976122444,11.473609657583967,7.034588997954133,4.114801882787894,0.21641541426792008,0.3501274579413119,0.4255870343664834,0.24697198520920563,0.48854098374551297,0.286454932598481,0.12100540500875959,1.0188235378139392,1.855464428045627,0.03907475,2.8152955,10.0,3.75
ds005291,sub-056,15,Cz,1000.0,-12.158437728881836,0.154,21.974506378173828,0.3,34.132944107055664,0.042335974888717744,30.0-100.0,49.83809160202548,-36.85166801618603,35.86342755485983,25.99786600712004,7.080946063889514,1.6900021438130266,0.03194453988080531,0.5427310938719672,0.077141795554927,0.2736297742566245,0.47529400758465523,0.2501625515706866,0.10137207317933597,1.015323656312551,1.9077224782442384,0.036225047,2.6905987,5.0,3.75
ds005291,sub-056,16,Cz,1000.0,-14.374732971191406,0.15,20.499921798706055,0.3,34.87465476989746,0.011827864030157004,30.0-100.0,-391.6135902319978,-33.71820578313442,51.48538341797416,20.332728585974625,12.232388031734082,1.4500620797665147,0.02549563041732512,0.521207755099151,0.20413687868006294,0.5096148077828966,0.456391934915584,0.24822510696562022,0.10397970674803064,1.0120598551507396,1.921484486486917,0.03593535,2.5518231,7.0,3.75
ds005291,sub-056,17,Cz,1000.0,-18.79466438293457,0.161,13.301246643066406,0.325,32.09591102600098,0.1387528649354125,30.0-100.0,-318.64110131761436,20.047484972902833,12.27349261200256,21.985672687187574,11.050719333674088,1.8855882725873745,0.1670241014493295,0.6560216171435819,0.2779450929847789,0.7661323801616612,0.4897448947187634,0.3006965238575471,0.17328429089401962,1.015457368912292,1.8504919838264215,0.05115081,2.0065293,6.0,3.75
ds005291,sub-056,18,Cz,1000.0,-12.657842636108398,0.15,19.75406265258789,0.305,32.41190528869629,0.006430451377778874,30.0-100.0,-740.8129339083223,-218.62366353755093,25.23150957384861,20.150742242391843,8.458751155586539,2.5243100546895803,0.02109811293316621,0.26261445838607783,0.2918807089365408,0.05291485645010665,0.49599858197932367,0.25702015820507046,0.10011472800795694,1.020059268206381,1.882963525213808,0.039932363,2.6009417,10.0,3.75
ds005291,sub-056,19,Cz,1000.0,-9.199295043945312,0.182,31.49549674987793,0.319,40.69479179382324,0.11419150369176204,30.0-100.0,-6706.553335566837,3.7176615892649387,28.444388598104425,21.281676604665744,2.6713484664603686,1.6177331038505731,0.19266683234103302,0.43738087948925775,0.4375018176069536,0.16112906561649426,0.47863207777852096,0.2592962978915227,0.10742565776548453,1.015074903714553,1.8929483449418258,0.03698592,2.5588932,5.0,3.75
ds005291,sub-056,20,Cz,1000.0,-16.944995880126953,0.15,21.164358139038086,0.3,38.10935401916504,0.06534371367712265,30.0-100.0,-3233.721305677765,-166.7044520960046,27.38800535720673,10.351681550520242,23.352291157983913,3.2569241092915533,0.18648786506139117,0.6474410050653517,0.052213685071324296,0.7768840448116515,0.49619353246832953,0.30509991207317555,0.11369412516297613,1.0211606767588632,1.8308265627402456,0.04712375,2.3129785,9.0,3.75
ds005291,sub-056,21,Cz,1000.0,-11.797199249267578,0.15,29.74907684326172,0.306,41.5462760925293,0.19410487445189134,30.0-100.0,-21.51397219976602,7.314513868650202,55.59948784662007,19.602898355329476,2.756697323160881,3.146628962910334,0.2864648636921189,0.5574259229240219,0.3656526781587569,0.24420417589534707,0.4861278230141017,0.23389804767358988,0.09366997805549163,1.0181324560716238,1.9023913888866002,0.034430407,3.125313,7.0,3.75
ds005291,sub-056,22,Cz,1000.0,-15.90037727355957,0.15,25.613441467285156,0.3,41.51381874084473,0.04943393201688095,30.0-100.0,-174.24061196152633,-241.86661267810038,25.569318798882314,26.041999376574317,17.176232512597895,2.6848746316877508,0.08570796493779263,0.6033391270616404,0.4087953002904352,0.23314389123951365,0.46785044122483577,0.29754323776775915,0.12744795890212193,1.0114022479239013,1.8862525124041811,0.043369,2.2597218,5.0,3.75
ds005291,sub-056,23,Cz,1000.0,-13.767024993896484,0.15,19.010534286499023,0.3,32.77755928039551,0.03264268203712207,30.0-100.0,76.67567008677429,37.177658151868755,62.784672312678296,29.68644593055717,5.346215657732727,2.1250118169681342,0.09052339304507154,0.342415283581245,0.5504500417141621,0.19103575420573168,0.46569960097035457,0.22975444163325687,0.10397373738716724,1.0128539477328469,1.9326256883631994,0.03452202,2.7105792,6.0,3.75
ds005291,sub-056,24,Cz,1000.0,-21.33015251159668,0.185,8.517969131469727,0.312,29.848121643066406,0.036027686508555895,30.0-100.0,40.44760393814277,53.44380702073492,3.595217285092742,20.386172981558573,20.001649062720837,5.211873056489011,0.017762720712662244,0.7001424630147172,0.46345897061814095,0.3893682178325865,0.4737879583720621,0.3568639869385491,0.21923992277613719,1.0155228755074952,1.8276812269831098,0.06551704,1.7939111,3.0,3.75
ds005291,sub-056,25,Cz,1000.0,-8.655333518981934,0.155,23.37114715576172,0.3,32.02648067474365,0.01816894233362692,30.0-100.0,55.91334037346495,-61.06105774564203,55.569960988983595,15.78259719463353,5.754115777327933,4.844677322373604,0.08060509634117632,0.356945447758,0.3612995040633538,0.20607808590576288,0.48448944684119627,0.2910437935586293,0.11817496197925256,1.0176754404251371,1.917976546895978,0.03841779,2.8173363,5.0,3.75
ds005291,sub-056,26,Cz,1000.0,-14.111416816711426,0.161,9.781373977661133,0.3,23.89279079437256,0.008475346545979845,30.0-100.0,-52.9165747251169,-189.7890644196944,28.838880583395834,22.40958118544567,5.143836984094585,3.105284128292617,0.04135420171958849,0.5938286161844526,0.22690187594666908,0.2616825459141447,0.48721618687064994,0.26444572471377586,0.1577487363922681,1.0182811984134716,1.908216664297295,0.04539725,2.3936286,6.0,3.75
ds005291,sub-056,27,Cz,1000.0,-11.044038772583008,0.208,12.361493110656738,0.352,23.405531883239746,0.01057266132134628,30.0-100.0,-52.76657441024779,41.40695079880378,12.959926692018499,6.659137885128619,11.479123318764268,2.411808994299961,0.022943140367998507,0.4583206077268974,0.23716658281281594,0.3346940544295667,0.47935173434994743,0.32441462106613683,0.17729664649407098,1.0164404508180687,1.8828581163049094,0.05199863,2.0599086,4.0,3.75
ds005291,sub-056,28,Cz,1000.0,0.34434056282043457,0.202,14.782037734985352,0.363,14.437697172164917,0.09242759395731014,30.0-100.0,-56673.16056885661,-19.09779726765445,10.895605224880342,2.476863926907094,6.2491740291311775,3.615173361327222,0.203544432964887,0.8199243352141689,0.6237714778679299,0.6494549836889416,0.4921736492649755,0.3633707481253779,0.15475765160065538,1.02455445426653,1.8151983023375178,0.05088241,2.2425733,6.0,3.75
ds005291,sub-056,29,Cz,1000.0,-18.862075805664062,0.163,30.471614837646484,0.31,49.33369064331055,0.048348374877457426,30.0-100.0,-295.429146903408,-41.63482957305039,45.21498643068574,19.63281089007921,11.432777631296037,2.3809162017110976,0.09987852822313886,0.6213422194094335,0.3663343591234331,0.31653158959747035,0.48134650222757364,0.2685335436715748,0.1052949893174742,1.0132808675844032,1.8945158451117583,0.038095765,2.638371,7.0,3.75
ds005291,sub-057,0,Cz,1000.0,-5.530187606811523,0.168,12.028091430664062,0.301,17.558279037475586,0.1939649897483865,30.0-100.0,-475.3032367235468,53.03130105289935,14.983043289607956,13.525685247914508,1.364285554261371,3.958469692960828,0.39447356589818455,0.6397801316961093,0.511628982866547,0.29757541037626506,0.5070959534115639,0.2946239841561706,0.1528138995360478,1.0292266481481307,1.7825361145040437,0.05048978,2.783627,6.0,4.25
ds005291,sub-057,1,Cz,1000.0,-44.97261428833008,0.349,-3.4199068546295166,0.544,41.55270743370056,0.10180612673619682,30.0-100.0,-3962.08953526421,-739.2125637915523,30.10625606371745,20.853897310652822,3.3255783752119625,2.7922472185749845,0.3473581086469885,0.7223226252501489,0.3407729410383947,0.5831584771448663,0.5000948154427273,0.2878116124096869,0.08394410787366467,1.030135849579941,1.7775789076962276,0.032232802,4.2614846,8.0,4.25
ds005291,sub-057,2,Cz,1000.0,-16.623117446899414,0.272,-6.207433700561523,0.316,10.41568374633789,0.5184487335572711,30.0-100.0,-69.22905720205698,-105.4966083593357,15.100438904418265,12.01186619376501,3.1295701216381193,6.34584809497379,0.5530040433588919,0.8691523250755034,0.26149877212953626,0.5219760654577772,0.5122990744861401,0.37953526946577093,0.1530114966334805,1.0317023832993566,1.7486973601407556,0.04963978,2.9041147,8.0,4.25
ds005291,sub-057,3,Cz,1000.0,-14.431660652160645,0.201,6.7354607582092285,0.411,21.167121410369873,0.293987746121598,30.0-100.0,57.388153456522396,10.285659923875004,9.462483582830059,4.297314751293763,4.104512050069794,3.7765803454354914,0.3929737091767987,0.7859645410407149,0.4795130752358595,0.32172082146755143,0.5094173657875665,0.36953698490430825,0.23879709189421336,1.0423802488359888,1.7158018641634416,0.06610461,2.230299,5.0,4.25
ds005291,sub-057,4,Cz,1000.0,-13.970142364501953,0.15,4.606232643127441,0.376,18.576375007629395,0.1602106281510874,30.0-100.0,-520.5115784274792,-130.72236851858838,22.191448825577915,17.712926229546785,0.8699128716423297,2.3682263620884116,0.14248414809672055,0.8419684077842037,0.1735515787298141,0.3254925229728849,0.5075378585300601,0.2807369216091373,0.15883556176656352,1.035503299814298,1.8611158292046301,0.046389308,2.9615362,4.0,4.25
ds005291,sub-057,5,Cz,1000.0,0.2684730291366577,0.259,6.857905864715576,0.502,6.5894328355789185,0.022082553542673168,30.0-100.0,-473.10549252276786,-153.01935159088796,5.838084167963127,0.9671911249944027,0.5514735353905935,2.6776639788052874,0.09130806678563537,0.5705459876589012,0.3570297862460286,0.4600125759410651,0.5120493634298877,0.43876706537987203,0.2855218780869714,1.0382098007740717,1.6950243582194504,0.07627552,1.9682826,,4.25
ds005291,sub-057,6,Cz,1000.0,-1.1713390350341797,0.15,27.21596908569336,0.313,28.38730812072754,0.05014945479133642,30.0-100.0,-68.68624437873014,-207.66201172428592,49.041601979110666,13.49254929926763,1.1113991880258096,5.2570217639439365,0.08836067539506548,0.8401154812624242,0.4489436192322795,0.38674938847854884,0.5133208562104058,0.3169400204848556,0.09829294166498702,1.0332204266696747,1.7936831844500578,0.03362858,4.172074,7.0,4.25
ds005291,sub-057,7,Cz,1000.0,-88.82496643066406,0.35,-78.78950500488281,0.507,10.03546142578125,0.010621388544959285,30.0-100.0,31.720441813799553,-23.283862777857,319.6996631685822,4.990798784016769,0.3537632086697746,3.6384571037698668,0.19293274489399975,0.6620779066057172,0.1357989736428715,0.5892732119141798,0.4638581212379641,0.17237412173735833,0.01293510613178691,1.025857803877359,1.8709526264524223,0.008215072,16.07373,5.0,4.25
ds005291,sub-057,8,Cz,1000.0,20.462203979492188,0.334,26.598224639892578,0.3,6.136020660400391,0.07521199585373765,30.0-100.0,94.46272871778126,17.584365536633193,100.47801776678527,0.5804053967721454,0.6348843315200722,2.537835509279591,0.15117358748303195,0.6350056920147594,0.2238205622298131,0.3880812610259766,0.5115325023238697,0.21643458259102671,0.048156483272863516,1.0351215818833077,1.7909164664058683,0.019475643,7.0945272,4.0,4.25
ds005291,sub-057,9,Cz,1000.0,-20.281147003173828,0.212,29.041919708251953,0.521,49.32306671142578,0.31306335088422205,30.0-100.0,-750.6576451756471,-39.21023970754624,122.30891948534831,9.371669125742175,1.6782718083173132,6.6742772530024235,0.6062955393138267,0.7827243899781263,0.17891466746036508,0.33043886995856186,0.5010601235181008,0.3167840339263743,0.06053287750211112,1.0337366064453826,1.762224083633132,0.022211052,6.5355053,5.0,4.25
ds005291,sub-057,10,Cz,1000.0,-13.11091423034668,0.208,4.9949445724487305,0.356,18.10585880279541,0.0735536487511332,30.0-100.0,-980.0262043837566,-432.16693515850056,15.112686368918974,7.680287371729639,2.5890469881855824,2.546536790974,0.12153127133565327,0.5850640685501312,0.269763830134508,0.3767809671866061,0.5191349395129629,0.3125169127492311,0.17778789822119603,1.037375020108533,1.7651352760010734,0.05048667,2.9281058,4.0,4.25
ds005291,sub-057,11,Cz,1000.0,-7.376276969909668,0.172,16.31539535522461,0.338,23.691672325134277,0.5371680602299455,30.0-100.0,66.92435802541723,35.82630729606136,24.865156802432516,11.876617499382197,1.9538117434155524,3.7518299901062058,0.8657478222962443,0.7536236839713528,0.5427967371907335,0.15605476675262672,0.5136826500151418,0.33295807628583307,0.1776259267614023,1.0411792951223366,1.7303618953727307,0.05056325,2.9164667,7.0,4.25
ds005291,sub-057,12,Cz,1000.0,-14.258125305175781,0.15,2.110255241394043,0.3,16.368380546569824,0.09891324188722085,30.0-100.0,62.02674558662955,30.4168464788326,28.547903012223827,9.672651280308934,0.4665425975500016,2.924885724843805,0.21458761325662407,0.5843719025251093,0.3565894061839576,0.4726358253049884,0.509019861300939,0.2523623529141309,0.12275774968063038,1.0347889621648592,1.8381011602099462,0.041574348,3.5221002,7.0,4.25
ds005291,sub-057,13,Cz,1000.0,-9.231579780578613,0.163,7.225521564483643,0.344,16.457101345062256,0.09103709211861043,30.0-100.0,-112.82560298803723,-318.31844709253903,12.293177889401587,4.47116737625046,1.146144462081621,4.310411704987386,0.33330047323764833,0.6690278553764956,0.2122452553457155,0.4772565135787826,0.514515741355735,0.3393646025808034,0.22425343610990542,1.0423067922605538,1.7566837319393627,0.06384756,2.344885,7.0,4.25
ds005291,sub-057,14,Cz,1000.0,-9.173310279846191,0.15,12.184986114501953,0.444,21.358296394348145,0.010802139046468918,30.0-100.0,-1569.2194078465634,-653.0118746326331,17.184804732209436,8.357666308818992,0.7282767556483682,2.7803563286491424,0.06365217075462111,0.6510076057793822,0.12016108159310875,0.3972402114590306,0.4976241616058115,0.3319712867588579,0.18907044798213102,1.0253123531824258,1.8132274671788862,0.055404536,2.3054209,8.0,4.25
ds005291,sub-057,15,Cz,1000.0,-11.176525115966797,0.172,5.169455051422119,0.3,16.345980167388916,0.04490633576125503,30.0-100.0,-6.658541864256412,53.90251524515469,3.751394817487778,11.228419038220064,2.173526900986853,3.498981137254526,0.13250321194913178,0.7850021545353644,0.2601793988951783,0.4161702696104849,0.502190666642426,0.33068277731619505,0.21807807010599956,1.0312257246804426,1.7517409479215182,0.06285484,2.1248171,4.0,4.25
ds005291,sub-057,16,Cz,1000.0,-14.388729095458984,0.15,19.636781692504883,0.3,34.02551078796387,0.12182630465411401,30.0-100.0,-13.640323306089911,-156.0494480850077,40.263564419931626,15.945720388145745,1.2919384485873473,3.4810461343723977,0.1600219750755265,0.8143143042253296,0.40034090850220055,0.2873815932026244,0.4896116793255334,0.2750288048009505,0.12029728462143645,1.0230638881363876,1.82174341719705,0.040965337,3.1528425,6.0,4.25
ds005291,sub-057,17,Cz,1000.0,-51.205413818359375,0.35,-42.31018829345703,0.328,8.895225524902344,0.057535367255812125,30.0-100.0,-127.90539179295457,-41.73746300946271,102.44627877424877,7.835864689982559,1.2933865239167717,4.894100398354472,0.19414102753296159,0.8728104209862121,0.23108531330124835,0.34416417070368843,0.4913982746469532,0.277584894501376,0.032514109642306895,1.0207115559552515,1.8462292719223912,0.012342366,10.525242,7.0,4.25
ds005291,sub-057,18,Cz,1000.0,-10.024456977844238,0.167,3.163820266723633,0.308,13.188277244567871,0.25612193360614505,30.0-100.0,-58.468398038510664,-5.2785581663289,14.877758862308074,11.224725799475868,2.6562963421151586,4.188819090679668,0.26882055805074984,0.8742605444030662,0.3499445151608196,0.43921412397954673,0.5052959592327588,0.34719839643407313,0.19317080616761947,1.036286922982664,1.7624810942302496,0.05420492,2.7188213,5.0,4.25
ds005291,sub-057,19,Cz,1000.0,-99.93186950683594,0.35,-91.4753646850586,0.3,8.456504821777344,0.08219101091109796,30.0-100.0,23.47815823763946,65.1013325444386,324.1124296029585,17.61219689372377,1.208355768142344,1.6527184885776665,0.20614939877352706,0.7701987645800481,0.2455252682843055,0.2447082038004447,0.45714062022752655,0.19732824697319093,0.018018228006674655,1.026521680478105,1.8240388779229992,0.007364575,20.149645,8.0,4.25
ds005291,sub-057,20,Cz,1000.0,-11.181528091430664,0.15,9.204202651977539,0.369,20.385730743408203,0.10707255806162991,30.0-100.0,-615.6707598310757,-59.24260011303013,32.45944108867751,14.86472178511032,2.376106285493197,2.329446152100685,0.17484629678510608,0.7814805851626412,0.31699873487846586,0.5366248148931257,0.507750310903669,0.29547246128002713,0.146296609473976,1.0279345440848724,1.8701936648991955,0.04730464,2.773256,7.0,4.25
ds005291,sub-057,21,Cz,1000.0,-12.5379638671875,0.15,2.6348867416381836,0.33,15.172850608825684,0.057282304863265965,30.0-100.0,-27.632960855752685,-37.082615706579496,23.45692277880805,4.89561294477338,1.1291873458355304,2.7352599809556106,0.14862618370502798,0.522578465301871,0.21825752853554364,0.40453993549694983,0.5014276504581672,0.2856621957764435,0.12535888354827127,1.0332444109576415,1.776203287829632,0.041875623,3.3522305,8.0,4.25
ds005291,sub-057,22,Cz,1000.0,0.4546491801738739,0.15,8.117310523986816,0.3,7.6626613438129425,0.21935588149303392,30.0-100.0,-429.4818991251803,-456.0125319622339,25.046154873220292,9.219576264592044,1.2877632788362825,6.630991890480726,0.4665965486574481,0.6817428058942152,0.33262855879095915,0.487238805719561,0.5165219772780917,0.34301711374445054,0.16193427129735172,1.034552381097827,1.7639633248748152,0.052756,2.748173,8.0,4.25
ds005291,sub-057,23,Cz,1000.0,-12.33248519897461,0.15,5.747676849365234,0.3,18.080162048339844,0.006465387485787989,30.0-100.0,-110.27218365316627,-1380.8905397017163,50.18849007694358,14.30229321701016,1.2669564947303995,3.9768365359597406,0.11312695216580403,0.6385603855100367,0.29603276026496134,0.3169065290700162,0.4975036259791229,0.28965750680175184,0.1314935346895022,1.02846526133678,1.8120068140458947,0.04218081,3.2556434,9.0,4.25
ds005291,sub-057,24,Cz,1000.0,-45.77908706665039,0.15,10.196017265319824,0.55,55.975104331970215,0.06140849383197211,30.0-100.0,-599.6826547381421,51.83087682932188,189.75898666466512,7.248241814074586,0.791399265235325,1.4058136103155872,0.15613856568629303,0.7406620028739597,0.2156108073875469,0.4065970076682501,0.49710304230636515,0.20161017591699543,0.0596185737454311,1.0286307886942188,1.8235569292726637,0.019924013,7.125674,7.0,4.25
ds005291,sub-057,25,Cz,1000.0,-8.194713592529297,0.152,6.542236328125,0.352,14.736949920654297,0.048821442406233935,30.0-100.0,-1911.5990216840687,-49.470836057358525,7.6244716242071515,4.098871307288369,0.7908810488259489,1.564117396595608,0.17012020857186946,0.7490678377022026,0.14545590284966525,0.16450670879766527,0.5071024002266414,0.35810594080745844,0.19629254046405423,1.0395258112414774,1.7075494879166808,0.058321226,2.5385797,6.0,4.25
ds005291,sub-057,26,Cz,1000.0,-13.59056568145752,0.15,20.427074432373047,0.349,34.017640113830566,0.06412179078959569,30.0-100.0,-371.8640331518119,-23.082328559283187,114.04082777762122,11.000628476666822,3.0705514679209096,3.909626758588141,0.10392519683197034,0.8066182524479327,0.41605704712428526,0.11038695248997359,0.5004135414266923,0.25314351072333496,0.04913369946325409,1.032355721028369,1.8005220154083137,0.024906667,5.124721,7.0,4.25
ds005291,sub-057,27,Cz,1000.0,-5.670360088348389,0.15,10.691461563110352,0.512,16.36182165145874,0.3187219856991857,30.0-100.0,-596.7158767477309,-102.11172159995682,15.591174727936298,4.474747591092769,0.9706177139917304,2.9799162464983318,0.5853428343839747,0.6384523085144835,0.4889806926869168,0.05599301765833171,0.5134544570165426,0.34120101463194097,0.21002910596492222,1.0348717807132612,1.690851500662084,0.056800373,2.6605217,5.0,4.25
ds005291,sub-057,28,Cz,1000.0,-16.143840789794922,0.15,4.56905460357666,0.55,20.712895393371582,0.002439215651848705,30.0-100.0,-104.80600767506994,5.039744535446062,43.53629947370217,7.640356824347765,6.99711957332429,1.9311750437919628,0.07848182650163035,0.6481873326172819,0.5995945074494947,0.3520882346138146,0.48492684300922234,0.2864734563651426,0.13283094154786065,1.0324364706495985,1.8629219085460575,0.04199235,2.9718306,7.0,4.25
ds005291,sub-057,29,Cz,1000.0,-15.021578788757324,0.17,-2.988776683807373,0.324,12.032802104949951,0.10278448397453992,30.0-100.0,38.41796055201917,-12.849666220243739,20.09346270799372,6.241612905402824,0.47660378385727986,3.861612529720238,0.23143314331453424,0.6837714244911524,0.23195918443539174,0.43548021273458765,0.505484621967877,0.32007066003376006,0.13664500619595427,1.0341496388934353,1.7695760894806987,0.042463005,3.4343581,6.0,4.25
ds005291,sub-058,0,Cz,1000.0,-25.867403030395508,0.15,10.299098014831543,0.3,36.16650104522705,0.07299213412821887,30.0-100.0,-1016.8527173862975,-57.265155675271195,53.003349261860734,82.7981057627484,31.804188507113956,5.310752055918866,0.4319847939095841,0.6505785216317173,0.3117604949811959,0.49653553316126153,0.4951351931760376,0.2702788562647259,0.12393358681720582,1.0231794748548726,1.878277310366026,0.046861093,2.2855074,3.0,4.25
ds005291,sub-058,1,Cz,1000.0,4.441849231719971,0.154,22.59869384765625,0.3,18.15684461593628,0.04883584521689676,30.0-100.0,68.91888871824456,-167.4106423123372,16.549221551113995,11.560497700043445,0.5362495928837376,4.383337137172542,0.13162628881809849,0.34847656817039563,0.47308039899726173,0.2618404555134517,0.48521225457114076,0.2954540489613331,0.13539060046168977,1.0262584434036133,1.7845744317169534,0.04463637,2.835358,6.0,4.25
ds005291,sub-058,2,Cz,1000.0,-10.19964599609375,0.35,7.854312896728516,0.301,18.053958892822266,0.08792078567978207,30.0-100.0,-1039.6593258772566,-270.7666326991261,37.06944557723406,61.66191609136007,22.291151188586845,17.599492520920844,0.15633569302790098,0.4791109754194386,0.23692030599105043,0.4405581382113758,0.48778837057423496,0.3203024847965682,0.11739269318331474,1.0212915017857118,1.9374437815914864,0.048045717,2.156469,8.0,4.25
ds005291,sub-058,3,Cz,1000.0,-14.281431198120117,0.15,-4.069260120391846,0.3,10.212171077728271,0.25072778990694633,30.0-100.0,-479.3020639558588,-23.172255527439013,32.84494302645904,66.35983643865214,24.700939589150074,13.158959492660653,0.2735053141585729,0.7544006257687382,0.7035049415090018,0.5213193135632661,0.49156179509479925,0.3162212768433734,0.11427068438451754,1.0182076341961384,1.9413865850601,0.044699613,2.3394835,9.0,4.25
ds005291,sub-058,4,Cz,1000.0,-7.93489933013916,0.15,4.748343467712402,0.36,12.683242797851562,0.0505736360790503,30.0-100.0,37.222640503623836,12.627872434728932,31.462594221752305,38.413427513791504,1.5693281122899878,2.129443911845887,0.14769861738277998,0.7297258561563108,0.3445934812034852,0.4156601432704268,0.49342450837549195,0.27674546921017673,0.11918036434279243,1.0232282824002727,1.8599975371002455,0.040966667,3.0446696,4.0,4.25
ds005291,sub-058,5,Cz,1000.0,-17.910968780517578,0.15,1.6154545545578003,0.359,19.52642333507538,0.08679843657837122,30.0-100.0,-752.6570536401176,-141.11270159533544,56.329787505189,107.70562115837544,31.63132577572228,22.70271310729535,0.10045429329829476,0.49577117541923776,0.5228933656680661,0.5388813541651644,0.48075475695662956,0.3144949083027098,0.10306859714810472,1.0183720181876983,1.9563288429583847,0.04783857,2.0333986,10.0,4.25
ds005291,sub-058,6,Cz,1000.0,0.43201744556427,0.35,11.133007049560547,0.3,10.700989603996277,0.009661154859363476,30.0-100.0,-214.84868979391499,-75.5724231084119,45.38508869302392,75.26924819184197,8.29935550160466,8.14082041035482,0.05396836691384681,0.5524330917080048,0.46758365686846903,0.48848574987216653,0.5053725988902744,0.2976674414849473,0.11426906355584063,1.0210265630903441,1.7968211791356408,0.04452264,2.408304,6.0,4.25
ds005291,sub-058,7,Cz,1000.0,-12.65381908416748,0.35,2.5031826496124268,0.3,15.157001733779907,0.44024882725862724,30.0-100.0,-1476.8784294023667,-225.55455145513116,50.80184132092272,76.25230118119623,21.27249365244535,18.985658305202026,0.6180501604865266,0.7286028769823377,0.4861154910373352,0.41876512445063674,0.4851889813517807,0.3205800825463437,0.10385359970612706,1.015943180102708,1.840648108485639,0.048660252,2.056746,9.0,4.25
ds005291,sub-058,8,Cz,1000.0,-12.757369995117188,0.15,-1.472414493560791,0.353,11.284955501556396,0.061419487533654504,30.0-100.0,1.292922940531026,-76.62967727167732,39.786151458367655,113.30509503329633,14.121232895422455,10.365823567012834,0.10525799988145272,0.737384615534433,0.10905870409255099,0.6317084851450704,0.4888345384174725,0.29137056911620385,0.09560537333774102,1.0149734218061357,1.9784409754411965,0.040871467,2.2554379,8.0,4.25
ds005291,sub-058,9,Cz,1000.0,-17.12500762939453,0.345,-4.275978088378906,0.308,12.849029541015625,0.013394910124938774,30.0-100.0,-364.50868056181747,72.28249542672157,60.19494906646695,33.46833272461886,24.558892392953414,3.9462446959712,0.07530127901458239,0.5147330512643321,0.25586173998951073,0.4526802234129423,0.48249894868085763,0.3030315743617089,0.11807386014585504,1.0201098960448227,1.8211293610717703,0.041716974,2.450875,7.0,4.25
ds005291,sub-058,10,Cz,1000.0,-6.2023606300354,0.15,13.50888729095459,0.331,19.71124792098999,0.012816646652566517,30.0-100.0,-597.0666177985726,-219.60932808183,29.28137382312567,97.46722984525657,23.42135316126883,21.126037134843713,0.2038976302317241,0.08070429461908903,0.708181700576142,0.5701220175702891,0.47857876577750214,0.3122735416896557,0.09607334807979542,1.013598796706773,1.9770065281167977,0.04922248,1.9388429,6.0,4.25
ds005291,sub-058,11,Cz,1000.0,32.489036560058594,0.15,56.3536262512207,0.3,23.86458969116211,0.06496217914542353,30.0-100.0,-5148.632063986239,33.257995171738436,224.4868177949522,40.3385204691998,14.188742928711337,8.554705446555001,0.0830770129066779,0.5588481477982707,0.3572652697158081,0.529472620789152,0.4977037784925669,0.3187722253303359,0.05910435508959006,1.0246887300422944,1.8663659177934186,0.022093538,5.4511476,9.0,4.25
ds005291,sub-058,12,Cz,1000.0,-2.4291248321533203,0.334,2.9495291709899902,0.311,5.3786540031433105,0.03206247232377432,30.0-100.0,-3.075690532039587,5.403274538149787,45.975857648944746,75.40230639899082,12.639002583003066,18.057059562795033,0.12205981985306819,0.3272855574194904,0.5889935015670246,0.729702908632625,0.49508012607552426,0.3265427552079912,0.09603648992303401,1.020796615306672,1.8277884371832787,0.049149435,2.086612,10.0,4.25
ds005291,sub-058,13,Cz,1000.0,-2.277212142944336,0.339,13.677769660949707,0.41,15.954981803894043,0.03585008241525372,30.0-100.0,-890.0393385013073,9.287595011300038,16.83956563274286,44.830572062671244,6.56182170906554,4.543770627675787,0.07394768125439852,0.5008869760665557,0.7288554759903598,0.6012129271095293,0.48814340738389356,0.29014854012695374,0.14117239084408484,1.0180258770817003,1.8669116443959093,0.048382513,2.1322858,3.0,4.25
ds005291,sub-058,14,Cz,1000.0,-12.529388427734375,0.343,-4.524478912353516,0.3,8.00490951538086,0.15494638747055964,30.0-100.0,-349.88951545765167,-31.421891707863153,52.34665187958474,102.73601265249982,15.218283307142183,11.72228496558923,0.2533482551514649,0.6510476877881984,0.2534890915324176,0.5109897276230279,0.49654371019826876,0.29497336640274924,0.09510882988374679,1.0178483780146708,1.8145966851204713,0.038710743,2.5540607,2.0,4.25
ds005291,sub-058,15,Cz,1000.0,-12.535643577575684,0.306,15.34445571899414,0.449,27.880099296569824,0.1264816160506702,30.0-100.0,-474.3089767985123,-679.8158751058612,38.77156582577247,135.50157367058517,13.298689855984126,6.712805446687999,0.4590347742321452,0.36552695587590817,0.6584354849219205,0.6750497602174651,0.4828134231396552,0.2764046363994456,0.10021870179725942,1.0187766041365482,1.9488779400635918,0.04208407,2.3032024,4.0,4.25
ds005291,sub-058,16,Cz,1000.0,-4.4600090980529785,0.15,6.202658176422119,0.364,10.662667274475098,0.1251523093666977,30.0-100.0,-3555.7819770085603,49.24463497217748,10.323154674915308,46.44310514088079,10.277642261704118,3.4806832162607524,0.18121944334289908,0.7798253930343482,0.30325820987388274,0.22426253533531088,0.5003904655812628,0.32815405682323906,0.20739809216184193,1.0270193988729983,1.8560835636461284,0.06076048,2.1019819,3.0,4.25
ds005291,sub-058,17,Cz,1000.0,-11.600265502929688,0.306,-5.720254898071289,0.416,5.880010604858398,0.017172458104310447,30.0-100.0,-119.4872875810253,-99.17597690496322,32.582286195405715,89.00737233220141,14.717537078688068,7.278278536193246,0.08324661068011648,0.8438850189781496,0.35138280953589857,0.17334095663102542,0.4651532978343663,0.2875439901655701,0.12192445897134654,1.0214204343693007,1.9117934234639915,0.04138528,2.3394337,7.0,4.25
ds005291,sub-058,18,Cz,1000.0,-27.992040634155273,0.151,12.500300407409668,0.387,40.49234104156494,0.09934149549838991,30.0-100.0,-3201.3858560312983,-49.33365786917751,27.207242264996356,69.72321183250163,6.7482518567626135,7.208225967467954,0.1543678202686003,0.9310508142530161,0.21060119209290404,0.6687844482752533,0.4901382278199579,0.25764751213769854,0.1255717432344715,1.0192354241722148,1.8587259446832913,0.048381217,2.1975532,3.0,4.25
ds005291,sub-058,19,Cz,1000.0,-22.2645263671875,0.15,3.2406387329101562,0.305,25.505165100097656,0.029099311492014838,30.0-100.0,-6733.558568071426,-442.8852741783624,35.57732684763105,63.285446590377006,24.657632084718415,17.967433812350986,0.030673544292484922,0.6408680768089638,0.23589627584347259,0.6915246799929373,0.49764701721039367,0.31154321210872377,0.10969318851792133,1.022873680283875,1.8479567822993919,0.050942663,2.0709996,6.0,4.25
ds005291,sub-058,20,Cz,1000.0,-12.885198593139648,0.35,6.720548152923584,0.424,19.605746746063232,0.45220320338456776,30.0-100.0,-155123.1188612361,5.2828402885476855,46.698146866640684,92.72185652687335,23.68511926056145,10.479547381070292,0.5412170635521707,0.5574534035293081,0.6672817026152129,0.7844997715695309,0.5025083753977765,0.31018696539111823,0.10964958743724353,1.019539237025129,1.8196812462044134,0.04725334,2.1102917,5.0,4.25
ds005291,sub-058,21,Cz,1000.0,-5.544577598571777,0.35,8.443538665771484,0.308,13.988116264343262,0.12119169058445335,30.0-100.0,-140.80588387099584,-59.63646862157012,3.1462872068043155,10.76419398469745,6.15095880531709,7.367227474572788,0.3703569462032506,0.5929003506689963,0.24685999500404923,0.3088196019697361,0.5078443816997446,0.35918304809198537,0.19698598446175952,1.0295340404790914,1.8227997617244491,0.06830199,1.9288888,10.0,4.25
ds005291,sub-058,22,Cz,1000.0,-12.505322456359863,0.32,-1.350447177886963,0.518,11.1548752784729,0.06617954672607422,30.0-100.0,-1260.052084728366,-71.26367623136802,25.050458579957812,78.19934425819727,15.448270177470723,13.617333194259531,0.07980387292022396,0.7071193198670815,0.6953482387025138,0.7543198102899423,0.5035555678276488,0.31549361711069396,0.11450871586490087,1.0219156665571896,1.786416823727278,0.049622696,2.104576,6.0,4.25
ds005291,sub-058,23,Cz,1000.0,-29.664064407348633,0.15,5.904448509216309,0.304,35.56851291656494,0.0309242391616957,30.0-100.0,-1812.7183532286044,-1267.8886814789057,33.15518196097489,56.12534449976371,23.535756503834445,8.686774582927685,0.09556584782247741,0.4273514209304162,0.40826625748942147,0.3756058408884479,0.5029166756097403,0.26943148945306417,0.09902638616441617,1.0261383507867818,1.8999414449786347,0.045949385,2.23914,3.0,4.25
ds005291,sub-058,24,Cz,1000.0,-6.775115489959717,0.341,9.4223051071167,0.396,16.197420597076416,0.16148185468485735,30.0-100.0,-59.8885387866847,8.728969431012304,40.32495521943392,61.47285359813422,20.708078814135007,15.806400535223007,0.3468385282860365,0.12632077567838104,0.6306496364628371,0.6891697177549215,0.49296651678161524,0.3314177664938397,0.11833929604863283,1.0205194226789205,1.819666376391851,0.053739116,1.9162424,9.0,4.25
ds005291,sub-058,25,Cz,1000.0,4.31883430480957,0.293,8.327281951904297,0.343,4.008447647094727,0.04925133324344505,30.0-100.0,-107409.23114414242,26.111665664125866,41.19462786980395,57.992315980358725,3.9146364595199397,5.234759842582072,0.14282416833055597,0.5083922241974282,0.4632554626218451,0.7236172416225854,0.48824288013342515,0.31062008327336316,0.12660906204272013,1.0233870151951914,1.8413007306601952,0.043570098,2.5934398,4.0,4.25
ds005291,sub-058,26,Cz,1000.0,-4.866312026977539,0.323,3.3976857662200928,0.466,8.263997793197632,0.03837077334709179,30.0-100.0,-31.006429211217323,-60.32139900006482,42.33294877572012,77.84242873451156,9.567135314433344,4.930466132343939,0.10087100753967533,0.8415593163765339,0.38601036109637044,0.5946040790260892,0.4813268674872498,0.2875057460062553,0.10295485280082248,1.0188958524686267,1.8042748478926087,0.042944223,2.3189561,7.0,4.25
ds005291,sub-058,27,Cz,1000.0,-14.35545539855957,0.261,0.1722116470336914,0.426,14.527667045593262,0.08012964661429607,30.0-100.0,-4632.194572713003,-484.75964082980846,52.21515067012672,65.43641085100755,18.29146280405127,11.387313096954605,0.12923220156088105,0.6245721147770684,0.4177861939822289,0.7510769442585279,0.4908307936128449,0.3067070612181259,0.09620009031685085,1.0211114871533467,1.8627700185554976,0.042929906,2.2755911,8.0,4.25
ds005291,sub-058,28,Cz,1000.0,-2.1525614261627197,0.347,17.430240631103516,0.543,19.582802057266235,0.13817266472923145,30.0-100.0,-386.6917768889651,-262.2385984030124,30.07601051034197,51.05002474176236,8.388646567172135,15.426950791765924,0.16997523354127797,0.6473675989720193,0.26247261617557915,0.40402823269958393,0.4855409511907229,0.31292262080546684,0.11143650655425069,1.017633409520948,1.833971085074782,0.047322586,2.0199606,8.0,4.25
ds005291,sub-058,29,Cz,1000.0,-3.0141706466674805,0.316,16.80779457092285,0.531,19.821965217590332,0.06692180062569673,30.0-100.0,-513.18446285957,-22.89344720269062,12.344258606896945,23.932665751856256,5.606711109258755,5.7057379377999675,0.10359483848651534,0.5145988358507088,0.5214709865523012,0.5175746808318009,0.4833668753029771,0.3071555262351197,0.1371901396588034,1.020016297245807,1.8622771717601334,0.043782517,2.5159874,9.0,4.25
ds005291,sub-059,0,Cz,1000.0,1.0111536979675293,0.35,7.077826976776123,0.395,6.066673278808594,0.0018895742824610374,30.0-100.0,-36.781428916542986,-126.49073206974639,4.822237510130752,2.510104109259213,1.1401602814385416,3.4373177341562777,0.038024352678068585,0.6255594218291175,0.23702861312975743,0.5712093007236058,0.5139354024919974,0.41199791525174473,0.2397146184350648,1.0397524793066153,1.7006400658832628,0.07560271,1.9218135,5.0,4.5
ds005291,sub-059,1,Cz,1000.0,-4.192840576171875,0.35,5.271105766296387,0.525,9.463946342468262,0.04135148021130344,30.0-100.0,58.24471409771523,-1.6903192770290565,5.623194406617362,3.0753402148976043,0.7863313778325273,2.536919674981844,0.046274706727226375,0.5288004622489908,0.28291486337142335,0.4793283869893534,0.5087564660826929,0.38299797848323763,0.29634365176799343,1.0312440957894673,1.684114040503809,0.07716121,1.8278766,6.0,4.5
ds005291,sub-059,2,Cz,1000.0,-2.471795082092285,0.315,5.067356109619141,0.487,7.539151191711426,0.005943535182929208,30.0-100.0,73.8223791668439,-72.67632440998246,0.7334636166675241,1.0277740367906338,0.23983647585841317,0.8431642309046213,0.07135911173102966,0.6131314304612697,0.4008608670107615,0.7201141688391286,0.514515741355735,0.4284468207508772,0.3582252347667636,1.0379453975089648,1.6846675056874865,0.09586255,1.6240821,7.0,4.5
ds005291,sub-059,3,Cz,1000.0,-4.292849540710449,0.35,2.135500431060791,0.315,6.42834997177124,0.05899340676719592,30.0-100.0,57.446361077713846,31.616022286852747,2.5685395834580906,2.6303972308828873,1.0544356045527143,2.587558298509208,0.08795592882884264,0.6624458132209058,0.351921045053275,0.15505657326194838,0.5118571086297283,0.3996215143818551,0.3017136032560387,1.0350417002836334,1.6959542247090293,0.08208294,1.7712827,7.0,4.5
ds005291,sub-059,4,Cz,1000.0,3.8185548782348633,0.232,14.016815185546875,0.3,10.198260307312012,0.07930957155732407,30.0-100.0,-357.0344242526946,-353.5415047714764,4.779941564659431,0.8395376732029212,0.30916498417859595,2.094012783834096,0.19853210232012422,0.6346394176823349,0.11791234950482879,0.35959143267584853,0.5135431347086887,0.4034507629294292,0.17111098332337515,1.0387987389930329,1.6765117451030278,0.05361336,2.8655388,6.0,4.5
ds005291,sub-059,5,Cz,1000.0,-1.1020963191986084,0.183,8.162972450256348,0.35,9.265068769454956,0.017925197799516037,30.0-100.0,-2926.4186689303588,-59.24108941743824,4.629656027477404,1.0284754167518657,1.2282060002380946,3.2768370573316905,0.035454508828858505,0.43072788214801006,0.3025611370616759,0.12323555823242657,0.5077097615414208,0.4371009369462073,0.29321212149217,1.0376424889017186,1.653924034530557,0.07943499,1.8722769,6.0,4.5
ds005291,sub-059,6,Cz,1000.0,-1.8871513605117798,0.271,6.437826156616211,0.423,8.32497751712799,0.0779543442062923,30.0-100.0,-418.5919784490432,-104.47877129436505,1.7965044350788144,1.0784064790649495,2.2308739123413224,1.6364647854909251,0.10614625503719996,0.4262070000126949,0.4355708556357341,0.24840136765314508,0.5048051693493529,0.4255515469863265,0.37949408957089453,1.0345062731674826,1.6814347853528804,0.09331769,1.5814447,7.0,4.5
ds005291,sub-059,7,Cz,1000.0,0.5669281482696533,0.15,8.038407325744629,0.538,7.471479177474976,0.012620204358116534,30.0-100.0,79.41529830460851,44.419542539106374,6.019871454524676,1.8861427423559731,0.40488034387539795,1.9191714514307385,0.02462596126492082,0.6536213765949196,0.2473060486690118,0.3809646481779501,0.5097313701079097,0.42829902826583843,0.2256608997470248,1.03471005233837,1.7071961401176075,0.06606043,2.1717832,7.0,4.5
ds005291,sub-059,8,Cz,1000.0,-4.683521270751953,0.15,6.142472267150879,0.309,10.825993537902832,0.11649361030260122,30.0-100.0,-109.90863181808041,0.2528382710082903,8.175863145326534,0.8602192859009286,0.899793205991569,2.70995249213045,0.19718189597903735,0.5498908728961082,0.14102333710211418,0.323136446586077,0.5054404166595539,0.42093892171335257,0.25574551175438237,1.0354951245856012,1.6733107251902681,0.075703874,1.9768026,8.0,4.5
ds005291,sub-059,9,Cz,1000.0,-0.5504546761512756,0.188,7.9001946449279785,0.342,8.450649321079254,0.05708436244511041,30.0-100.0,-38.3608050070042,-1.1610696549481974,4.086804575184473,1.595582238312699,0.2890258870365616,3.3714256717613598,0.08398413638451736,0.5343261834371108,0.28809699666058636,0.397810827304611,0.510157808070804,0.4108568275440749,0.2857540512889813,1.041345441102189,1.6812777112557882,0.07208671,2.0914116,7.0,4.5
ds005291,sub-059,10,Cz,1000.0,0.9615061283111572,0.166,10.143268585205078,0.3,9.181762456893921,0.01319661191468016,30.0-100.0,91.1806381135685,-42.64075706897684,3.5240619746217714,0.7940323384567582,0.21735899828448813,1.5194201976325479,0.01636300446797764,0.5695021503928599,0.19969511751489954,0.49862995834543244,0.5137901406762468,0.40006109500155745,0.23573651699648177,1.0361132087304517,1.6867780250743372,0.06684969,2.2051167,5.0,4.5
ds005291,sub-059,11,Cz,1000.0,-4.073532581329346,0.35,2.9179670810699463,0.443,6.991499662399292,0.006566281715504398,30.0-100.0,-58.31005400425943,-235.91877840728426,2.6975470563018495,2.9584850772768747,0.6894879911371921,2.0824206763512536,0.023228772093568505,0.5050279524872141,0.33528938841197464,0.3887554030085345,0.5146021427970314,0.4060889422612897,0.322868454899894,1.0398310786368623,1.700647674646855,0.0844298,1.8057883,6.0,4.5
ds005291,sub-059,12,Cz,1000.0,-5.694891452789307,0.169,1.897560477256775,0.311,7.5924519300460815,0.42575381103557725,30.0-100.0,-1203.1030772494114,-1176.4288874946599,6.599293432542671,1.3181695034448366,2.122244348007354,5.709055955878372,0.3324889007371089,0.27667814697606524,0.4126149471502025,0.20193935232456633,0.5075482492487384,0.4016004944549306,0.16986086356694183,1.0364325020847518,1.681631617862041,0.06589471,2.1916564,7.0,4.5
ds005291,sub-059,13,Cz,1000.0,-1.5804145336151123,0.272,4.294655799865723,0.3,5.875070333480835,0.0714023232092744,30.0-100.0,27.355829433543168,-287.00470209443176,5.256318622635683,1.0283892347862928,2.512970391441794,3.5432873047747697,0.07367599882882363,0.4894926473864309,0.14355716398166787,0.2975087880324689,0.5124265389561233,0.40180419162335823,0.292207569327462,1.0386041390574003,1.6577351260616842,0.079086244,1.8548212,4.0,4.5
ds005291,sub-059,14,Cz,1000.0,-0.2803928852081299,0.331,8.896615028381348,0.305,9.177007913589478,0.11879842640469826,30.0-100.0,-115.04350416268065,-272.2146037294338,9.360898745046736,0.9357643444980027,0.5424861671128098,2.3764024083435396,0.15198726644035457,0.3961433920848424,0.0903099110052348,0.2863364840038771,0.5164455858939343,0.3769803797211107,0.2507848643440542,1.0422044646353157,1.6464867041275135,0.06460581,2.422172,5.0,4.5
ds005291,sub-059,15,Cz,1000.0,-4.578871250152588,0.15,9.564239501953125,0.314,14.143110752105713,0.00810921269196625,30.0-100.0,-1436.40214862194,-771.5024534254565,8.583754731071378,0.6966054208006102,7.020816289624416,2.612999310669438,0.03645303137390699,0.7011242160419727,0.602993753283979,0.34901609331160455,0.5079239325606941,0.36652971984200916,0.21301477683588618,1.0311351975168424,1.757356211181059,0.06558012,1.9988555,5.0,4.5
ds005291,sub-059,16,Cz,1000.0,0.529749870300293,0.174,9.92769718170166,0.327,9.397947311401367,0.036270780386870496,30.0-100.0,-42.532741932081485,-559.9273837934279,2.3069760775592565,0.9977908166214309,0.7754750529120159,1.2177640358223831,0.051603592866493915,0.811946737199393,0.5067816140903642,0.4071064693906893,0.5097147954729512,0.38422744505453366,0.20612290289800855,1.0350113464980861,1.7780271816945552,0.05654502,2.46313,4.0,4.5
ds005291,sub-059,17,Cz,1000.0,1.4660717248916626,0.151,9.66385269165039,0.311,8.197780966758728,0.010838358723716376,30.0-100.0,79.86511636753683,-203.55717337663654,6.37601813783127,1.3627377188827565,0.6818001661925153,3.4535709069783356,0.05129659172400484,0.7343126355397777,0.25079746536485964,0.3320963359675244,0.5139606357842836,0.3997270786504258,0.2735430194276059,1.0422241767470883,1.6413991043894027,0.07951034,1.917517,4.0,4.5
ds005291,sub-059,18,Cz,1000.0,-8.511497497558594,0.216,3.7259864807128906,0.454,12.237483978271484,0.00330027905055814,30.0-100.0,66.51502525698301,-375.5247566054127,2.0579201201355284,2.2018618641894605,0.8742328522340302,4.158226193262719,0.02117827357606933,0.7467494460177261,0.3094650820583584,0.4023701273807295,0.5020457414011004,0.41063600767258474,0.2894157082074049,1.029849492864696,1.683451000925691,0.07860193,1.7352747,7.0,4.5
ds005291,sub-059,19,Cz,1000.0,-3.2291955947875977,0.32,8.929641723632812,0.526,12.15883731842041,0.0888352836024301,30.0-100.0,-2108.7703117817864,22.135173638466224,0.8040622257101416,0.6469777153678791,1.8489063778410477,2.5485312482435147,0.2342737693063264,0.4969568550606762,0.05969450651314312,0.11233485984852337,0.5030641527353122,0.41951309970843015,0.3689365969641716,1.036318878063793,1.6725600418605613,0.09537271,1.6149108,7.0,4.5
ds005291,sub-059,20,Cz,1000.0,-4.041677474975586,0.179,10.946939468383789,0.312,14.988616943359375,0.018812024431273732,30.0-100.0,-341.04955039316496,-27.450849067898233,3.6587975795208147,0.8707082728037692,1.3048406711032203,2.273391281046824,0.026983348818556525,0.46166425657428195,0.06654937252999973,0.24794451762357572,0.5100529447533843,0.3945416888573077,0.33389335282313465,1.0422609473060562,1.6652624587267806,0.08723483,1.6981882,6.0,4.5
ds005291,sub-059,21,Cz,1000.0,-6.020674228668213,0.35,3.567290782928467,0.466,9.58796501159668,0.09409502638528264,30.0-100.0,-542.7554291689994,-65.57765896345971,2.9774098496855164,1.4016212157483372,0.48218836199562487,2.439910709262555,0.04150893397813962,0.7218391871426356,0.4373904747648233,0.7015122771911211,0.5031277816430231,0.4093191262746851,0.3310478213649817,1.035960975004992,1.6525515334519851,0.08683321,1.7753339,8.0,4.5
ds005291,sub-059,22,Cz,1000.0,-8.08607292175293,0.169,7.272961616516113,0.439,15.359034538269043,0.01766511795547285,30.0-100.0,-36.67051668633147,-176.59019108070254,6.417254099702993,1.8663395787449706,0.8482458390353389,2.6626201371324316,0.014492013231005295,0.7927236171240611,0.3009177518900095,0.08586078831001837,0.4932476520576039,0.37169139647633764,0.1735127940490478,1.0283432197623856,1.781317143160219,0.051240124,2.508167,9.0,4.5
ds005291,sub-059,23,Cz,1000.0,0.5217794179916382,0.324,7.5119805335998535,0.417,6.990201115608215,0.05768961706556623,30.0-100.0,-222.98736719602897,69.56756012961218,1.1707091172712625,2.24124459130121,1.7477458510361807,2.671869647390437,0.09819343796606679,0.532496214449277,0.4128914695389052,0.3408043105073564,0.514353534430289,0.4297716016505026,0.35204009952739024,1.0395464824968217,1.6796540408101872,0.09575251,1.5073851,7.0,4.5
ds005291,sub-059,24,Cz,1000.0,-3.666343927383423,0.322,4.318351745605469,0.504,7.984695672988892,0.01732344150566025,30.0-100.0,4.097973590969508,-16.832944539105995,0.8049776300076771,2.205552986009536,1.619745835612273,1.9149617224799402,0.02636624778047053,0.6569848395356731,0.44573506005417507,0.40573036548566344,0.5158075057978287,0.3935534930895107,0.3059378794912954,1.0344656727023613,1.7441927468510101,0.080144234,1.8343436,5.0,4.5
ds005291,sub-059,25,Cz,1000.0,-3.5528621673583984,0.15,8.071455955505371,0.464,11.62431812286377,0.005151978387524866,30.0-100.0,96.18613140381942,-36.922529251235694,1.0640301992837649,1.642036616603754,0.76241386055814,1.7972404274729783,0.0198430923285285,0.3468101141710919,0.32753542737910335,0.07844595218955493,0.5016574990064739,0.3942562909928382,0.26977367332125524,1.0327611860094736,1.6973316657240811,0.069914,2.1111298,5.0,4.5
ds005291,sub-059,26,Cz,1000.0,-3.1810758113861084,0.325,2.7916369438171387,0.3,5.972712755203247,0.01577140180046772,30.0-100.0,-3036.474207212631,-37.3653739313602,5.085249984436373,1.351144714704761,2.269926357944057,2.2676323688321314,0.07599942460950575,0.4118358695202362,0.22460145076434362,0.23126596462772842,0.515145981540241,0.3890768994068786,0.24800818425299798,1.0370008831507067,1.7003601466957956,0.071554616,2.0674617,6.0,4.5
ds005291,sub-059,27,Cz,1000.0,-6.589292526245117,0.196,13.392730712890625,0.315,19.982023239135742,0.028373012298490152,30.0-100.0,-820.029660433118,-717.6286140850718,8.484807051511504,2.320611615821339,2.49971480798245,2.9911081245650726,0.05664265417913301,0.7765175966318615,0.4466956619933409,0.12594519358101222,0.5027377249708179,0.39279705883680927,0.2216764826453625,1.028113434321955,1.7198607253206295,0.0674433,2.0135503,6.0,4.5
ds005291,sub-060,0,Cz,1000.0,-6.246316909790039,0.15,14.382941246032715,0.316,20.629258155822754,0.010092167959920595,30.0-100.0,-81.13336137212256,-275.04657926307004,22.239898867929945,29.1305779087689,2.549037287687751,1.7690154352741159,0.05123303248522265,0.5726725813691823,0.4420418506548856,0.3969442989641381,0.5004699782507135,0.25870056708611416,0.1066094745385031,1.0214521245126673,1.9325976222224712,0.03847614,2.6706183,8.0,4.0
ds005291,sub-060,1,Cz,1000.0,-4.446856498718262,0.15,13.089491844177246,0.492,17.536348342895508,0.019915911222784483,30.0-100.0,4.799559407859555,-166.73076388484535,40.319343253589764,28.2233171537105,5.8024028826765415,3.1938155111417452,0.07548702940253227,0.7211319063780445,0.22659351259161406,0.43932252009434886,0.5003904655812628,0.3032274573577318,0.10802210778210597,1.028487155282238,1.8712750801689615,0.04077287,2.7407787,10.0,4.0
ds005291,sub-060,2,Cz,1000.0,-3.4556164741516113,0.331,7.472358226776123,0.517,10.927974700927734,0.005693474657792122,30.0-100.0,-332.3505326217281,-177.68014317630613,22.949163709972858,10.678756250260806,3.9408279708963914,2.7979960402558572,0.06775782425935963,0.5080244363544397,0.5617435138666483,0.13434189157380946,0.48913939560345754,0.30637243736768527,0.13671237889568047,1.02532954050609,1.8316611180559828,0.044116568,2.6471014,9.0,4.0
ds005291,sub-060,3,Cz,1000.0,-6.834688186645508,0.15,14.826300621032715,0.3,21.660988807678223,0.054086324837912064,30.0-100.0,-54.68045197094168,-197.91672814747338,48.562628844469685,22.450018405385073,4.983441281927281,2.3643326212741953,0.06810107250988678,0.5718481553779793,0.7141545127827834,0.5321492702881818,0.4890201464249027,0.29725025589891296,0.09690534665982757,1.0145880572940567,1.942569949678965,0.037569065,2.6562696,8.0,4.0
ds005291,sub-060,4,Cz,1000.0,-16.06109619140625,0.15,16.64461898803711,0.327,32.70571517944336,0.01449575718199275,30.0-100.0,-74.74096208292652,-189.04689581308017,53.483979948088276,23.45754780065471,3.6608574789980803,1.827505643538444,0.028885996069269407,0.7965028814385186,0.23739706274861277,0.13646354880711917,0.5026393955125527,0.2352277009966683,0.08293665248258418,1.0246719661854966,1.9568810111405044,0.03285249,3.298796,10.0,4.0
ds005291,sub-060,5,Cz,1000.0,-9.213370323181152,0.15,16.50990104675293,0.3,25.723271369934082,0.037769052773562156,30.0-100.0,-1460.8439513119092,-120.47304340427598,67.03302042598068,27.68976865677405,4.079150009102351,2.140832208014288,0.20781380909454128,0.43682362205133674,0.1666960809041641,0.7049437354238932,0.494509204209683,0.26947290511357497,0.08423011295780226,1.0225258185909607,1.9209592717157835,0.034231067,3.1991074,10.0,4.0
ds005291,sub-060,6,Cz,1000.0,-14.582676887512207,0.15,5.904451370239258,0.3,20.487128257751465,0.01919970971232666,30.0-100.0,17.71008585918728,-53.07757494326643,32.19251706782774,25.083045451410868,2.546696697302849,1.889182550297196,0.056356156476758526,0.6094633534759786,0.13987064966664284,0.2050964169872005,0.4955774129097149,0.2460111410853402,0.10346211779644586,1.0227908137124195,1.950158672275931,0.038741052,2.8723001,10.0,4.0
ds005291,sub-060,7,Cz,1000.0,-19.00825309753418,0.15,11.358908653259277,0.308,30.367161750793457,0.0339763558443372,30.0-100.0,-85.60364633958868,-219.24961610983394,25.94933208164973,12.884500420979998,5.699801127468706,3.515462481006401,0.1980910728792397,0.44412673104843803,0.13887952464587447,0.3162361241221319,0.5142627505899375,0.3136374480812281,0.1497256203835934,1.0323235422313417,1.8430721958711356,0.05049703,2.714915,9.0,4.0
ds005291,sub-060,8,Cz,1000.0,-6.464468955993652,0.162,13.84345817565918,0.334,20.307927131652832,0.25957994570338405,30.0-100.0,-266.70097867523873,-52.012977451838,24.12072985074364,5.030287886565585,3.4496128294497037,2.448142846254476,0.4241328921937563,0.6126987671717539,0.48411508440872153,0.3643213431785037,0.496556519400631,0.3322673256334164,0.15767575958712676,1.0331406703822146,1.8110798956555294,0.04883346,2.8684611,6.0,4.0
ds005291,sub-060,9,Cz,1000.0,-3.445497751235962,0.227,11.765569686889648,0.513,15.21106743812561,0.02375261896877766,30.0-100.0,-254.77926652472877,-0.984511523949573,0.1465893711286962,3.2403337770243987,1.250025732535765,2.543209921196516,0.12919327432830313,0.7247956696430774,0.3011275221209652,0.4311725088919333,0.49492448414389323,0.32217198734853303,0.214763769620553,1.029334784433313,1.8361237415831784,0.06055789,2.14546,4.0,4.0
ds005291,sub-060,10,Cz,1000.0,-21.180923461914062,0.156,5.408411979675293,0.314,26.589335441589355,0.0055051989250502606,30.0-100.0,-32.37088177233261,-210.84986992294978,23.89991667109245,22.781347196454078,2.859301559139171,2.548633868026689,0.03828541976014379,0.738811099858095,0.3120415791129908,0.3500762973099065,0.482235959694383,0.2361031058925251,0.10673045496532564,1.0200217910559561,1.9028576213391541,0.03853537,2.7059832,6.0,4.0
ds005291,sub-060,11,Cz,1000.0,-19.7520809173584,0.15,15.646240234375,0.316,35.3983211517334,0.028223018810118072,30.0-100.0,27.92652893679878,68.91227950729844,63.699775213142075,23.12312300805908,1.5280268896168527,3.103166084724182,0.059036212006364865,0.6661310384911986,0.2265329910594016,0.4151490025397163,0.48101209071297585,0.25248934598964323,0.11826426053026426,1.0251464018724321,1.8746567419926148,0.038474903,3.1322174,8.0,4.0
ds005291,sub-060,12,Cz,1000.0,-4.425244331359863,0.35,8.01833724975586,0.3,12.443581581115723,0.28417428700636277,30.0-100.0,-128.4856277913677,0.37245567531281737,3.938968120748539,2.5888793873337077,7.71787481487922,2.1207263108165098,0.2849975387559368,0.19211982605849073,0.27649934940928633,0.3472494106770539,0.5024327948656452,0.36386531473361844,0.2175227297837694,1.0256186407202301,1.7974232657683598,0.06541483,1.9709525,6.0,4.0
ds005291,sub-060,13,Cz,1000.0,-14.01038932800293,0.18,5.7276434898376465,0.3,19.738032817840576,0.10140520990020953,30.0-100.0,49.71755698354562,69.36760078470684,9.758356805646855,14.686252909415831,2.8311784206563964,0.8931628900779601,0.17696038834473216,0.47690757947943285,0.673927577854779,0.38903752220586085,0.4784060615344325,0.2641084555873546,0.1623461880912304,1.030557943857665,1.7821267612227507,0.05094196,2.4411047,8.0,4.0
ds005291,sub-060,14,Cz,1000.0,-9.53955364227295,0.15,14.300538063049316,0.3,23.840091705322266,0.014723070585593832,30.0-100.0,-27.97209701885508,-103.44442802941884,44.982122660477074,13.24323993941126,2.9581163355565887,2.989830860617952,0.09297092393544071,0.45490894772761664,0.5306606671861501,0.1425255288419213,0.4938362330658596,0.2708371251522065,0.09206077548195563,1.0237194646094627,1.9223778440868446,0.03466826,3.2356863,8.0,4.0
ds005291,sub-060,15,Cz,1000.0,1.3095018863677979,0.15,28.315773010253906,0.302,27.00627112388611,0.010473620063438898,30.0-100.0,-333.325644754524,-51.24555107021642,45.75323873301854,16.17417245540978,1.9258452903946552,2.1364747424642005,0.03050665428824309,0.5753500968310162,0.6515681673517585,0.5502454642293731,0.5034781292753708,0.29280511271515663,0.09087750465073574,1.021913848137491,1.8987504650373996,0.032906324,3.390705,9.0,4.0
ds005291,sub-060,16,Cz,1000.0,-4.194194316864014,0.326,14.985339164733887,0.435,19.1795334815979,0.12171689506936796,30.0-100.0,10.566752133723988,4.245947703292692,33.02062708847266,38.61796392849362,1.245297119434877,5.546401871924394,0.1990585158795391,0.607222126879051,0.49788320064786207,0.2510445208379057,0.49969408060930637,0.2973399120998426,0.10132286558803595,1.0223753911713744,1.8531237520562434,0.042602055,2.6840882,10.0,4.0
ds005291,sub-060,17,Cz,1000.0,-0.9216766357421875,0.15,17.265735626220703,0.3,18.18741226196289,0.047765620511169296,30.0-100.0,-767.3247165545878,-17.148629200282006,41.07894643430043,12.765250116024374,2.2817329151119696,2.351751961392845,0.21445123618150516,0.8773422125380683,0.2595861840042283,0.46458782562522044,0.5017962434966289,0.3060909903771116,0.12713259524070158,1.028125912833971,1.8472312500673334,0.0412071,3.244379,10.0,4.0
ds005291,sub-060,18,Cz,1000.0,-8.07383918762207,0.15,10.469311714172363,0.498,18.543150901794434,0.06375646307761029,30.0-100.0,-14.47849891078867,-237.89072154408305,41.18155162950996,43.798466236821554,1.4376426973565166,4.521878979909962,0.0824590556505067,0.5700327652644185,0.3331976062510173,0.13443750832042442,0.5133466433335879,0.28365120503402724,0.09930605874468788,1.0279227657679137,1.8057115899494207,0.041563492,2.970643,10.0,4.0
ds005291,sub-060,19,Cz,1000.0,-7.5683393478393555,0.31,4.115801811218262,0.545,11.684141159057617,0.0877684803527244,30.0-100.0,-242.5911466988388,21.484917968228267,14.804160026016827,4.0882452743564155,2.134605464871795,1.7330913094350953,0.08361357808377234,0.46157875766083756,0.44584855608430785,0.510263858816729,0.4858919045579342,0.32140173387337145,0.1702743739329788,1.0246137300188234,1.8078434555216008,0.051229913,2.5312793,7.0,4.0
ds005291,sub-060,20,Cz,1000.0,-8.081972122192383,0.162,9.446738243103027,0.368,17.52871036529541,0.06833431058399672,30.0-100.0,-584.1838432955026,-154.94279305840516,1.4966162672053431,15.12346759885053,1.1343012308571632,1.387116425855707,0.18350400228802444,0.8726460562954721,0.20900238314865088,0.39596070466671673,0.5099864033394504,0.31389979071106955,0.24842511123653122,1.0350166906689893,1.7917913857504821,0.065198444,2.1449642,9.0,4.0
ds005291,sub-060,21,Cz,1000.0,-6.449122428894043,0.15,9.358560562133789,0.333,15.807682991027832,0.112766835031803,30.0-100.0,-943.3301584711788,-63.887558310016686,28.997510175461507,11.593046251862216,5.752580411955465,2.1178077836081672,0.3342021740459572,0.551376583055759,0.08548596732999925,0.3199637075810184,0.5023115882366623,0.3043695026478493,0.1285610181125414,1.0310738610712515,1.8849542274296662,0.043662105,2.8975563,5.0,4.0
ds005291,sub-060,22,Cz,1000.0,-8.440707206726074,0.172,5.21599817276001,0.351,13.656705379486084,0.08724427562896347,30.0-100.0,-99.24096706148447,-40.95784235852955,5.011428474189174,5.310342129274424,0.5955528405874336,3.156037536035235,0.0955024309945452,0.48143334465698856,0.139468445499633,0.41112895259432664,0.49897002171339316,0.36674735645284784,0.2120937151276248,1.0275584880117474,1.7511404786984404,0.058355354,2.3440585,4.0,4.0
ds005291,sub-060,23,Cz,1000.0,-2.8145906925201416,0.269,5.672619819641113,0.348,8.487210512161255,0.18064624176447494,30.0-100.0,-10304.336072986178,-379.3778658253572,0.28161598694046647,2.1954735991163603,1.162880996488175,1.4807695949803648,0.4950612552965635,0.5162978063632756,0.15854064231255846,0.11932524702646412,0.5191727880708086,0.42246968616787484,0.3681117438279038,1.0446978292159892,1.6300542468414443,0.09540989,1.7626084,8.0,4.0
ds005291,sub-060,24,Cz,1000.0,-13.204390525817871,0.15,17.17912483215332,0.353,30.38351535797119,0.06784105748004136,30.0-100.0,19.26169701694206,-1167.32045256731,22.29611908026726,22.909418459605426,1.1001850471115533,3.771298241436681,0.15648258307798485,0.7151506416491277,0.23759001324390788,0.23320012678519358,0.4999565811071216,0.28337054233364634,0.12829482217321173,1.0239627508672022,1.8229865405953645,0.044444475,2.6220794,10.0,4.0
ds005291,sub-060,25,Cz,1000.0,-19.411239624023438,0.15,13.188021659851074,0.3,32.59926128387451,0.106538442642696,30.0-100.0,87.3380282960215,-165.69559448211783,31.175381600129086,22.27610925193897,2.207546996223542,3.1435516798304395,0.2851449179239852,0.6003918772107096,0.32276038012490355,0.5885578359683101,0.514204471035579,0.23622911264781507,0.1429615195516512,1.0303859429139623,1.8350610283733562,0.046392214,2.9148667,9.0,4.0
ds005291,sub-060,26,Cz,1000.0,-2.5670666694641113,0.15,10.964888572692871,0.305,13.531955242156982,0.0618050740879961,30.0-100.0,-152.2311077211589,-86.57015477277311,25.163088469341247,13.205763767085777,0.9997786827939463,1.980578781133487,0.10297712524247105,0.5414868363703961,0.019675797900047906,0.20495092848211724,0.4979867445499161,0.31224047072715966,0.11969039796899285,1.0270142594602472,1.8393505062645894,0.043898743,2.7411273,9.0,4.0
ds005291,sub-060,27,Cz,1000.0,-6.047805309295654,0.15,9.32084846496582,0.325,15.368653774261475,0.2154014812227309,30.0-100.0,75.10034147523258,-51.83305414270157,31.541289817479814,10.046747429389404,0.301498783283043,1.8165997259492477,0.23277080906170583,0.41217396420253816,0.2758454015336941,0.06939043358631872,0.5078545117402155,0.2611765032049649,0.11568848275316697,1.0310993918494304,1.845746708496996,0.040306814,3.5578923,9.0,4.0
ds005291,sub-060,28,Cz,1000.0,-12.444616317749023,0.15,14.946887016296387,0.3,27.39150333404541,0.18723182047461115,30.0-100.0,61.95764313449287,-130.85340861063452,49.788730125977644,21.127130823844546,1.9801427402453995,1.8606612646950205,0.21416980990911363,0.6761720927414251,0.19828143228722447,0.2883808575371955,0.5048672481044334,0.25809000926946113,0.08832147805478163,1.0234914725747852,1.9312301815549622,0.032768406,3.6210117,,4.0
ds005291,sub-061,0,Cz,1000.0,-3.1097917556762695,0.323,13.338257789611816,0.303,16.448049545288086,0.7479315908489613,30.0-100.0,7.601955619167924,-76.28732417061418,4.8346401716310625,2.4812323073303526,1.2016890117780747,7.892844596925239,1.1387246121999277,0.631828092913968,0.2383661041417176,0.34139376235328717,0.5234189995614081,0.42964827197189664,0.37912419542888964,1.0406731213169673,1.585299944369651,0.10376964,1.5633321,6.0,4.25
ds005291,sub-061,1,Cz,1000.0,1.6472643613815308,0.322,19.344987869262695,0.519,17.697723507881165,0.03339739448103917,30.0-100.0,77.95496939232527,-91.360047729658,9.254976858970988,14.3956849630612,2.8200846798015085,7.7382721230139575,0.10082407865294876,0.6910451683226448,0.18056908213880654,0.3348693225939914,0.5053002003819382,0.3704117919844536,0.24930602350709521,1.0362278927086555,1.7109519624758558,0.064969,2.2015824,7.0,4.25
ds005291,sub-061,2,Cz,1000.0,-4.693778038024902,0.35,0.3292195796966553,0.329,5.022997617721558,0.6156731611767104,30.0-100.0,-1539.696840731037,-5.305260945823872,25.791025320512475,9.00010898560451,4.331903240656879,10.43853257988454,0.8200512504499144,0.6425976354297763,0.22452919432625654,0.38059840453732835,0.5037520671646959,0.38513092509688274,0.21467354386571447,1.0319669800803595,1.6633117343282025,0.06901521,2.1628313,8.0,4.25
ds005291,sub-061,3,Cz,1000.0,-14.10643482208252,0.332,0.6274185180664062,0.309,14.733853340148926,0.19833288956382358,30.0-100.0,-41.57998789620216,54.1172764996095,10.547292616205924,5.289133063431717,0.8318384201756854,15.029009915350805,0.3429749907768693,0.6574571907556708,0.4195126721180367,0.12174842440445745,0.5160863870531683,0.39970785221083693,0.30252858056877535,1.0380500872133285,1.5771904969019825,0.07793951,2.0025852,8.0,4.25
ds005291,sub-061,4,Cz,1000.0,-22.8895263671875,0.302,-13.034502029418945,0.546,9.855024337768555,0.11349891165192609,30.0-100.0,53.966726852607636,59.45338019320195,31.686142467367524,11.462840666119982,1.6024847340239798,12.362780502183849,0.22440950282920147,0.4774470734332957,0.37271275669708287,0.16141804680604208,0.5212401619738711,0.3775544284679334,0.16521017117959844,1.043589655090386,1.6399911480314229,0.052195515,2.9189692,8.0,4.25
ds005291,sub-061,5,Cz,1000.0,-16.376094818115234,0.15,2.700589179992676,0.313,19.07668399810791,0.1893663750761505,30.0-100.0,-4197.070925633795,-354.8221323974594,24.328388993139402,15.069740329280943,5.061299369549512,20.629886550194147,0.41749946407891547,0.6374984995055543,0.2560031387231791,0.3956500926405278,0.5191873447282034,0.40605104141465864,0.2569055013323035,1.03935844700561,1.6795093234551788,0.07300399,2.0799387,9.0,4.25
ds005291,sub-061,6,Cz,1000.0,-7.3943281173706055,0.314,2.191272497177124,0.334,9.58560061454773,0.04559023363518863,30.0-100.0,-44.85426174253205,27.955388758902757,4.9456854110023425,3.7191721892912564,2.811611657931194,7.0897321507218924,0.058442569812623836,0.48713977127439945,0.3339100905860133,0.27839957839727164,0.5092046489382791,0.4190772194056218,0.3051214023148399,1.0356931828276865,1.68015654445098,0.07970652,1.83742,9.0,4.25
ds005291,sub-061,7,Cz,1000.0,-4.54973030090332,0.188,14.347365379333496,0.503,18.897095680236816,0.14034472012440294,30.0-100.0,-43.68536170643601,58.88335158812003,6.113876579339707,5.992756931154631,1.6896926470257996,6.141928311945924,0.21406222309920458,0.5134747827752077,0.2539982077012688,0.03264568577433915,0.5068707850693134,0.3868740739965152,0.3120600109666472,1.0405282071092707,1.6144264901231848,0.08683837,1.8243346,8.0,4.25
ds005291,sub-061,8,Cz,1000.0,-15.856816291809082,0.154,7.620387554168701,0.313,23.477203845977783,0.1451677209371801,30.0-100.0,-4640.666144090028,-56.37822050560561,13.35758691887215,16.525948616561294,2.5207894822204273,6.499267494374188,0.23759442883679932,0.6120890696931157,0.2431465536368117,0.10200620613249536,0.5257396333017476,0.3414481880739987,0.23503332500132673,1.0386532686955205,1.6691483630747215,0.064964995,2.3582277,9.0,4.25
ds005291,sub-061,9,Cz,1000.0,-13.218043327331543,0.17,8.987488746643066,0.371,22.20553207397461,0.06448819912878473,30.0-100.0,-2474.7509657728683,-32.767129135474406,9.702090550209917,2.483896654797977,2.921483129031386,6.675331478113601,0.3936508339300032,0.48628717777377295,0.1671520469362958,0.141918486596368,0.5210322555533339,0.40253666191077603,0.2898920181025837,1.0408407681081333,1.638750213744436,0.08437043,1.8350348,7.0,4.25
ds005291,sub-061,10,Cz,1000.0,-10.548916816711426,0.164,22.266582489013672,0.363,32.8154993057251,0.48323187816552493,30.0-100.0,34.597938976773754,-108.16635049495031,14.245992230786864,2.476086494792976,4.416604153191738,10.312658911374507,0.5691579991607435,0.6150524278636729,0.25723257424398466,0.16516693182060618,0.5051541068460127,0.4038059151621373,0.24986966252615012,1.035675419848016,1.6124307913829246,0.071408525,2.0827882,9.0,4.25
ds005291,sub-061,11,Cz,1000.0,-10.959945678710938,0.15,14.020515441894531,0.471,24.98046112060547,0.6962944311117955,30.0-100.0,-379.27166709766607,13.11496296554093,10.267847650720594,3.9971559809791666,3.871175478089531,16.67833599477973,0.609833258052566,0.6961667428760613,0.29068970596538163,0.12978394148672667,0.5101186176928472,0.38755558966710796,0.31870101283913,1.0379487734036368,1.6242469827482604,0.089911796,1.7049851,9.0,4.25
ds005291,sub-061,12,Cz,1000.0,-16.554616928100586,0.151,1.6454834938049316,0.349,18.200100421905518,0.05426995823798315,30.0-100.0,59.75305767325677,-562.6860413611714,18.24105778227371,8.581571719225716,0.6796307158919996,8.347935610751595,0.1682303160279126,0.5372845405014613,0.08367362930535187,0.15009860864825028,0.5165146390949312,0.3560628600683396,0.2652102095768913,1.040335767039711,1.6939748260304168,0.07131686,2.1260686,9.0,4.25
ds005291,sub-061,13,Cz,1000.0,-14.050658226013184,0.216,8.873851776123047,0.5,22.92451000213623,0.015814140891950216,30.0-100.0,66.34598454554124,49.206449066331274,13.590826972343283,8.83888002571864,0.37981639228570985,4.714828954656068,0.04026594957922682,0.5968162592543673,0.38451037959534734,0.2936863093860307,0.5165655271038538,0.3358385377128508,0.27231812797114857,1.04193229867169,1.6782838176104058,0.075288646,2.0057037,8.0,4.25
ds005291,sub-061,14,Cz,1000.0,-12.07618522644043,0.15,15.311620712280273,0.505,27.387805938720703,0.3805393406792143,30.0-100.0,-1646.8864015013512,-145.4400766616446,9.097218645796527,7.615334483547825,5.6948622111871945,6.408501536348681,0.8622750455947177,0.7125990932697035,0.3704950645617837,0.011765792928491493,0.5077473881012612,0.3977820265472973,0.2909228660411569,1.0360201498988961,1.698056151562766,0.07392247,1.9710606,9.0,4.25
ds005291,sub-061,15,Cz,1000.0,-9.943397521972656,0.152,23.952075958251953,0.324,33.89547348022461,0.19135443826797627,30.0-100.0,61.935502032449484,-12.972362879470287,44.514824362362134,4.352925769099915,2.039835171217924,6.489371320648277,0.21976931607002084,0.7221204888285945,0.1916387755938766,0.17268110466134953,0.5142366105710153,0.3403523869304262,0.164315443824775,1.035112862839505,1.716774225246954,0.0493233,2.9074054,5.0,4.25
ds005291,sub-061,16,Cz,1000.0,-15.937459945678711,0.155,5.161039352416992,0.53,21.098499298095703,0.11719869959842062,30.0-100.0,-82.42295362963816,-47.056548846065375,20.10980324528193,8.683987118957045,5.511770105520707,7.985276681733844,0.16229605090815058,0.62780304640939,0.29948193357850333,0.23645811479726064,0.5215156590196597,0.38216983520473996,0.21835277171713582,1.0395551443941164,1.7095159954504082,0.067666166,2.2174985,5.0,4.25
ds005291,sub-061,17,Cz,1000.0,-10.36524486541748,0.167,6.1277852058410645,0.404,16.493030071258545,0.541828083957797,30.0-100.0,-32.98304390333418,-51.32858588310841,11.704205672828259,9.574972035220673,1.282220906872595,10.135932210481387,0.5276111034206538,0.6834089895790236,0.3616956463730836,0.18798026444124608,0.5195584571453256,0.4033856510615411,0.36413750782028764,1.0469848944015514,1.625538157261208,0.093357556,1.7426496,6.0,4.25
ds005291,sub-061,18,Cz,1000.0,-15.851036071777344,0.15,11.105585098266602,0.464,26.956621170043945,0.20743672785745926,30.0-100.0,40.72472048403639,-9.204012959351779,10.41429130139282,23.597269026473676,0.920260984545675,6.56748477257912,0.2997794058160854,0.7267476532705963,0.4474985809275812,0.2919324229701718,0.5140562685391655,0.35596070066604324,0.30370299003575485,1.0382158181558296,1.652506789184538,0.08265528,1.8777429,7.0,4.25
ds005291,sub-061,19,Cz,1000.0,-6.026902675628662,0.15,11.412057876586914,0.3,17.438960552215576,0.05110044031716765,30.0-100.0,-758.3604566799913,-124.65813636663358,34.17313773677034,5.059293054714054,1.2752241418840615,9.04012316285935,0.14047710418720916,0.7070054331245702,0.11006984191830523,0.130782953570559,0.5143355890782912,0.3654977531904802,0.2836481392449764,1.0396217890009232,1.6612925813769752,0.07444718,2.0491035,8.0,4.25
ds005291,sub-061,20,Cz,1000.0,-12.234853744506836,0.15,12.665492057800293,0.342,24.90034580230713,0.016758645212457905,30.0-100.0,66.02637406910011,-7.345905387902466,10.591355597933177,4.902290848066221,3.5491861593180833,7.436914111050329,0.0699364848308059,0.5215023145490804,0.322768410482852,0.18488243884977545,0.5191727880708086,0.4207670051589505,0.3407165250015402,1.0378712174836675,1.6775895229779278,0.091034256,1.6599818,9.0,4.25
ds005291,sub-061,21,Cz,1000.0,-14.038772583007812,0.159,7.812989711761475,0.362,21.851762294769287,0.07096783152262429,30.0-100.0,-91.50523212887227,-149.58933781327366,35.1920979930611,10.816023167177258,0.5622979141895832,5.78502346487606,0.33648039271993085,0.7566815755233808,0.12679265885943583,0.2277719255706748,0.5138077409081608,0.33830611529096005,0.2199718441044214,1.0388616013383236,1.7099237259097995,0.061575565,2.4568815,8.0,4.25
ds005291,sub-061,22,Cz,1000.0,-10.978938102722168,0.18,8.379851341247559,0.55,19.358789443969727,0.38404116173882386,30.0-100.0,-22.25718980752319,6.009771753361217,4.824501560477914,7.978095066269546,2.2807224476906347,4.377247283977356,0.5823695941200576,0.7487415121150272,0.13051314184323998,0.36188203200939434,0.5106160251215016,0.38402669248920585,0.3541054970585282,1.0458962347107927,1.6505623188149425,0.08889888,1.7261723,9.0,4.25
ds005291,sub-061,23,Cz,1000.0,-7.917436599731445,0.15,7.451553821563721,0.488,15.368990421295166,0.02081607389431288,30.0-100.0,-3548.306716724256,54.231954106689585,18.18842893170728,4.4157098850584715,2.4626182596903132,8.93413853086324,0.44709765035609095,0.7197217425002608,0.29572008309894793,0.28552563950695714,0.5181070259417551,0.4182765356245308,0.31082166054921206,1.0399247333099013,1.6483947213520982,0.08418071,1.8655106,10.0,4.25
ds005291,sub-061,24,Cz,1000.0,-13.999762535095215,0.173,15.931951522827148,0.303,29.931714057922363,0.14844056253777876,30.0-100.0,66.22019123202712,-179.43011753771842,13.315015045572464,11.088313193749904,2.893340309769676,8.096043115583031,0.37953506105063595,0.7634835444108331,0.5479419889812075,0.30482629927207433,0.51007033155115,0.36812597012573595,0.26105954949527227,1.0340400770714664,1.688716518840899,0.075128525,1.9336005,8.0,4.25
ds005291,sub-061,25,Cz,1000.0,-15.47757339477539,0.172,19.465925216674805,0.364,34.943498611450195,0.11715251461612067,30.0-100.0,-118.70399281462456,-283.64744271801715,33.89901088159965,18.03523454232168,1.4885666797745896,12.542816778266596,0.24511055515083763,0.7832503055111453,0.4913125258297854,0.2454429024070347,0.5095573740267825,0.3670128714270397,0.1835193498564381,1.035264029357396,1.7195538460451243,0.057219774,2.481639,9.0,4.25
ds005291,sub-061,26,Cz,1000.0,-7.443605422973633,0.15,13.5208740234375,0.32,20.964479446411133,0.04093042101966643,30.0-100.0,-24227.291070203533,-116.50745329759009,3.450065685826851,3.863133481816366,2.1595017659942006,7.971575866131881,0.12395401662534308,0.824610085931226,0.19463219341350246,0.16982923295238847,0.5206528809636618,0.4274740775575027,0.3612441791361856,1.0383142606297426,1.649220630551308,0.09509915,1.6042012,9.0,4.25
ds005291,sub-061,27,Cz,1000.0,-7.2066497802734375,0.15,8.985079765319824,0.431,16.19172954559326,0.09074058888345488,30.0-100.0,88.83640626252442,-23.452186157067754,10.182152048464488,7.18739422060938,2.2987536465817366,8.746213541179065,0.2965462753172286,0.7088606610958366,0.37596127929023354,0.16832906036101675,0.5209794880549939,0.40102816156843085,0.2627954582649814,1.0428720108677305,1.70737602136274,0.07673526,1.9726613,9.0,4.25
ds005291,sub-061,28,Cz,1000.0,-17.555706024169922,0.168,20.21898078918457,0.303,37.77468681335449,0.055037545962558575,30.0-100.0,-12.400871668029472,31.993502977648085,33.73473545290389,16.09929949541335,2.0836618843671353,10.4849849177419,0.19546191210890734,0.7266515595678177,0.13266743366337452,0.3892471700733265,0.5101020944443011,0.3536934202601459,0.2571837095819078,1.0348538811554395,1.6992580814943803,0.06653464,2.189522,8.0,4.25
ds005291,sub-061,29,Cz,1000.0,-20.164859771728516,0.165,2.390658378601074,0.355,22.55551815032959,0.039028467952053475,30.0-100.0,33.78261305735382,-560.8364023702826,26.312529577663813,9.44713297218382,1.519537939132913,12.965405676162463,0.2622113724670104,0.6895999388171817,0.6153229777973647,0.4756935002957294,0.5145501695572479,0.4019655032661248,0.2608416096339747,1.03643841915581,1.689068377913816,0.069558576,2.1497343,7.0,4.25
ds005291,sub-062,0,Cz,1000.0,-5.384979248046875,0.188,19.520742416381836,0.351,24.90572166442871,0.05143332208796679,30.0-100.0,-327.67355842200544,-1750.929423695035,23.4042637620729,9.503359006062464,4.215759521848486,8.067379607410727,0.10229843540744583,0.8434751391982039,0.9236965929592705,0.3709376316845692,0.49024451284159803,0.3466835179908159,0.13482458543871967,1.024054022371516,1.7926895280362487,0.049863208,2.5109172,5.0,3.75
ds005291,sub-062,1,Cz,1000.0,2.121732711791992,0.15,13.8411865234375,0.303,11.719453811645508,0.37571419066923467,30.0-100.0,54.18428953728361,-135.57272002787946,44.9142921777994,19.504589722238556,7.211998353126178,6.673171318298437,0.42720031672352626,0.8022486787244281,0.6957968910274279,0.33626691973124606,0.5016672673942988,0.31638183080318677,0.14243665429081323,1.028260110084993,1.8357489818747987,0.049399067,2.6758096,7.0,3.75
ds005291,sub-062,2,Cz,1000.0,-24.346359252929688,0.183,27.44924545288086,0.324,51.79560470581055,2.1223366066589633,30.0-100.0,-27.316779787330965,-1678.248653733121,19.891390657583695,23.387817378578653,9.312441028844765,25.882797421149487,2.4266208039346546,0.9261821808559774,0.8039803817535441,0.4342714974125111,0.4974288380790733,0.38688957142372715,0.16259590363112805,1.035789120556157,1.6757444683940872,0.06941516,2.1738522,9.0,3.75
ds005291,sub-062,3,Cz,1000.0,-31.094833374023438,0.154,12.909008026123047,0.326,44.003841400146484,0.08461225499403928,30.0-100.0,50.56155758241972,-394.326750504343,66.94421122526619,20.355194707821795,7.09679851786013,26.51797367319811,0.15633907041296366,0.8271008347106658,0.7784680475870469,0.5373072223480423,0.47593317071839936,0.3108053736618495,0.17753760507741603,1.0235019489389365,1.8223258258623132,0.058877725,1.8811328,8.0,3.75
ds005291,sub-062,4,Cz,1000.0,-18.230960845947266,0.168,29.972434997558594,0.327,48.20339584350586,0.11733585483694195,30.0-100.0,5.142855251404075,-519.4776918174886,62.737057396891906,14.323819887624861,11.744809865157688,23.00515317758101,0.18452367579603118,0.8206243546267725,0.7119692711714835,0.4778501989518964,0.5106519197229505,0.3609957191588452,0.17410919216105294,1.0343504522132088,1.7863338667672228,0.051567577,2.6802347,9.0,3.75
ds005291,sub-062,5,Cz,1000.0,-26.918880462646484,0.15,17.606985092163086,0.509,44.52586555480957,0.04124778595169691,30.0-100.0,-189.84809556881825,-16.60517226268742,56.83437859707746,37.40563376762229,5.108004934118274,4.005115954711884,0.31950315342266317,0.8819711675365833,0.8338046043399543,0.7694724872247711,0.502483732021877,0.2728909559713844,0.18182540198347877,1.0367609338282737,1.8161515198581053,0.054369077,2.7753553,8.0,3.75
ds005291,sub-062,6,Cz,1000.0,-18.443946838378906,0.15,14.234315872192383,0.46,32.67826271057129,0.22705278360097614,30.0-100.0,-313.0420135598373,5.123373768406831,15.51237963677511,15.505743873503047,6.849356285078276,7.0107519940848375,0.5351415615187567,0.828986896139925,0.7871735514459736,0.3622807573968243,0.5183222851147158,0.3807680511914299,0.21816361502549578,1.0343506875559205,1.7624049881918833,0.066209905,2.2106342,5.0,3.75
ds005291,sub-062,7,Cz,1000.0,-12.753029823303223,0.177,14.324967384338379,0.472,27.0779972076416,0.01640324638063223,30.0-100.0,-228.93463711364112,-105.67375229261494,11.100980735380826,6.598541130633253,10.678516773219641,16.040241033599592,0.2199751036637822,0.8316774516643031,0.7488422364172502,0.16702113167929916,0.5067747533573606,0.4067552396217719,0.24260654664466955,1.030649972537405,1.7488973733023991,0.0681459,1.9767818,7.0,3.75
ds005291,sub-062,8,Cz,1000.0,-12.195271492004395,0.312,8.016694068908691,0.446,20.211965560913086,0.0982708066877068,30.0-100.0,25.59748764905977,-39.44306716208105,7.59190856815046,16.10929402341853,7.428885101610488,6.375860484868918,0.38543455474445176,0.8322427612310204,0.7025641257297527,0.08567580988974284,0.49833758078246754,0.36463979534129737,0.21289765155477,1.0255011137908887,1.837204460624422,0.06436953,1.9131801,4.0,3.75
ds005291,sub-062,9,Cz,1000.0,-5.411337852478027,0.281,18.2887020111084,0.508,23.700039863586426,0.750549076107989,30.0-100.0,-4.206005765386121,-694.9124116631868,32.07695947238528,27.39748811880571,6.777691391279111,14.805690959079413,1.4602496276608874,0.8324059764965283,0.8021987705355009,0.509955761241654,0.5000255240311042,0.3770252372775761,0.21022461447849894,1.0333675826638453,1.699060921539541,0.06190821,2.3154988,9.0,3.75
ds005291,sub-062,10,Cz,1000.0,11.480158805847168,0.336,27.155254364013672,0.421,15.675095558166504,0.04339394164471336,30.0-100.0,-37.7238353251848,-112.19632318967882,125.34261146740167,30.434443868622267,1.2860971272454802,9.055799272295904,0.24529753589021946,0.9242377042664737,0.7235097383483484,0.6993227061806409,0.4862250555412771,0.3096847856872369,0.08557816644317687,1.0289547979340754,1.8075322989311293,0.027961962,4.868096,7.0,3.75
ds005291,sub-062,11,Cz,1000.0,57.947669982910156,0.15,176.2782745361328,0.425,118.33060455322266,0.44386634174140327,30.0-100.0,-65.46595647783484,-756.0838584924647,1683.565637247676,13.703139852339632,2.53646474302675,7.584064024666967,1.2569171060128164,0.8652946987616822,0.48730222125192324,0.08483253245067277,0.47799550818239667,0.16290129021860453,0.010466591783027527,1.0266395619642026,1.8667676869119827,0.00705573,19.545986,6.0,3.75
ds005291,sub-062,12,Cz,1000.0,3.066152572631836,0.15,24.980945587158203,0.307,21.914793014526367,0.0513795555041762,30.0-100.0,95.43143529785486,-336.22781187919634,60.600313574042616,8.609808906995497,1.444199307512628,8.294000984949951,0.22828527485497582,0.8015044231854781,0.6058516659500601,0.2990325394750896,0.49324534410542753,0.3478458529505895,0.10573900501074414,1.0300542370842152,1.7708726634366752,0.03523785,3.8165164,5.0,3.75
ds005291,sub-062,13,Cz,1000.0,-37.65946960449219,0.15,16.98464584350586,0.314,54.64411544799805,0.4274859360714346,30.0-100.0,-35.92472585252134,-247.64204385729238,79.27075130958006,62.82341784562969,5.389424460577248,29.343182595237906,0.6514703197361763,0.9592904235141723,0.8629902642096894,0.4996288469249693,0.502110530363168,0.32151134435314677,0.13247485038876902,1.0244663302629304,1.847790110456955,0.051127087,2.432574,7.0,3.75
ds005291,sub-062,14,Cz,1000.0,-11.053112030029297,0.15,18.322052001953125,0.498,29.375164031982422,0.12991067750889346,30.0-100.0,-229.8113383724658,-212.4864199880332,24.975477127600193,21.994832617858137,10.177234566039694,10.773116745443376,0.517770838700017,0.7158432418224203,0.8869778141030447,0.43306650368975025,0.5100094761014282,0.3581341108737189,0.17477543338974283,1.0261624579019437,1.83247993765594,0.056712784,2.0956168,5.0,3.75
ds005291,sub-062,15,Cz,1000.0,-33.51393127441406,0.179,11.841789245605469,0.418,45.35572052001953,0.19854530192329484,30.0-100.0,-263.22458421614056,-63.64314495722735,67.41667270131168,12.85058094579292,25.292546847022727,25.421055379043533,0.7583305246394348,0.5505702589154718,0.8225143538209126,0.3059709372817353,0.5136506643800327,0.35771565974246183,0.19489628318467303,1.0348693979008927,1.7192084443587443,0.063008696,2.1101394,5.0,3.75
ds005291,sub-062,16,Cz,1000.0,3.0684010982513428,0.154,30.76858139038086,0.362,27.700180292129517,0.6371450061336468,30.0-100.0,-75.73288813983228,-95.77999428980259,60.338586601909334,14.181977768452398,27.152397524106522,19.200709564704344,0.7357313953440571,0.9442866084653714,0.5074528196131671,0.42690200303056414,0.5002247206763283,0.3738439334556279,0.14238527273644835,1.026505393836907,1.8078015467472617,0.046057407,2.8650067,6.0,3.75
ds005291,sub-062,17,Cz,1000.0,-24.059497833251953,0.163,16.176748275756836,0.361,40.23624610900879,0.6304568589656104,30.0-100.0,-45.99399497085584,-306.75157737907773,31.35119849913128,21.08500720922743,23.490395583005636,18.655453650456558,1.0236310075420734,0.9640259222352607,0.7149652651763909,0.2544067034224406,0.4995945468807923,0.3507682373616246,0.20134655798058212,1.0244904213751316,1.8451984797594405,0.058214568,2.1403985,7.0,3.75
ds005291,sub-062,18,Cz,1000.0,-30.480358123779297,0.15,8.61398696899414,0.55,39.09434509277344,0.11431346276080882,30.0-100.0,89.98637409504528,-111.05889459855844,8.798791089412507,15.48743353832046,13.20013486584865,46.4927766484505,0.44552870398223465,0.7955868835453639,0.700612554227993,0.3583277313377479,0.4953731494935607,0.3612446948167563,0.21301771742684378,1.0248559004385334,1.8123259226791082,0.07614458,1.5083282,7.0,3.75
ds005291,sub-062,19,Cz,1000.0,-16.726594924926758,0.15,19.029138565063477,0.322,35.755733489990234,0.2159114869881532,30.0-100.0,-1269.57570566868,-1057.131192995291,98.04729669128486,30.615596474870852,10.706716716355668,16.102014764829164,0.36106503643294074,0.8730641628020978,0.6978855433081498,0.479058379521003,0.5024433997726409,0.3614088016134037,0.15043841575929529,1.0281349567801967,1.8111718126060432,0.04928807,2.4910498,9.0,3.75
ds005291,sub-062,20,Cz,1000.0,-17.509471893310547,0.227,34.89711380004883,0.532,52.406585693359375,0.3469781082954693,30.0-100.0,-117.29146058692311,-254.71406758539703,68.89439158381421,24.021497974120546,9.710282252710744,30.176203011573346,0.9010036563546721,0.8207318971335195,0.8053465612378254,0.4790136396916543,0.5031632775236045,0.41316196755679063,0.1331968619707407,1.0323010065272649,1.750579878957672,0.04224203,3.3596146,10.0,3.75
ds005291,sub-062,21,Cz,1000.0,3.401865005493164,0.15,23.612384796142578,0.341,20.210519790649414,1.8049240007289167,30.0-100.0,-361.89166578558854,-502.13886473139723,66.73447485107693,3.443724638084725,0.9200856436899844,14.709107753005163,2.49845872816714,0.7244536326326608,0.6045629577617709,0.5897905220108702,0.5156697177267786,0.37742492637403274,0.12745858334971544,1.0440117726667355,1.6127190400140303,0.050058525,3.1410918,9.0,3.75
ds005291,sub-062,22,Cz,1000.0,3.7764663696289062,0.327,11.465816497802734,0.3,7.689350128173828,1.1931955779343477,30.0-100.0,53.6924693304953,-71.29022590332961,56.27764448870829,4.230640704570944,10.862133876068073,20.567884902313732,1.5113551605366056,0.8115501788986405,0.6893924116230408,0.2449853348007266,0.5006993596954347,0.4042588003187634,0.2209476732529404,1.0306880615034204,1.782029359658688,0.06432019,2.1460931,4.0,3.75
ds005291,sub-062,23,Cz,1000.0,-8.259605407714844,0.326,14.005202293395996,0.539,22.26480770111084,0.2146617352854799,30.0-100.0,-88.34093147619572,-249.52836453047368,10.77907993049918,21.69375811247662,8.165158389278837,9.83184407342155,0.40654659100605656,0.9073120031111502,0.8985904060890773,0.4195237231680297,0.5166748460202141,0.37880653422118765,0.26347681182460203,1.0398044797079258,1.7253308886724872,0.07015942,2.2055378,7.0,3.75
ds005291,sub-062,24,Cz,1000.0,81.3421859741211,0.15,138.16000366210938,0.456,56.81781768798828,0.0256331179239705,30.0-100.0,-69.75897220828539,-184.33343680278043,812.7329547979458,7.516805524963649,5.8860323339138345,10.135000242906456,0.34105116998384977,0.7870640276344004,0.8914902182928244,0.294928789571454,0.4780513875041168,0.22793723339488295,0.019164795859745773,1.0252019430068455,1.8890941558992906,0.008932115,13.83243,6.0,3.75
ds005291,sub-062,25,Cz,1000.0,-30.268213272094727,0.285,-3.5519113540649414,0.473,26.716301918029785,0.14791940993091982,30.0-100.0,96.71629042140577,-44.472175107033976,27.755477452251675,14.3799564814594,10.720379741554382,10.129303128751085,0.45177600992736255,0.8843345488385729,0.6933821882958323,0.1796545040894134,0.5024978230587988,0.3791226759109204,0.2067516561409334,1.0303965754911415,1.7913243297944785,0.06326135,2.094633,7.0,3.75
ds005291,sub-062,26,Cz,1000.0,-28.984619140625,0.203,27.524986267089844,0.302,56.509605407714844,1.0974374990755877,30.0-100.0,-41.73246623144322,-66.57777184392297,26.967293149755477,32.67045502657366,8.567363122988752,15.33191805740572,3.0347696490849,0.7644778334073719,0.626064024524783,0.1399629282027862,0.517969904209785,0.3759915219311954,0.24071684048245087,1.0362363268369752,1.7474648890969278,0.07162365,2.0770693,4.0,3.75
ds005291,sub-062,27,Cz,1000.0,-2.239149570465088,0.35,27.3244571685791,0.305,29.56360673904419,0.33480239225655417,30.0-100.0,1.2029023427715972,-180.34316300556569,32.36367885068836,12.040321490873112,6.6051266831113296,11.386549730808966,0.982714376261108,0.890544763635145,0.4985058971490312,0.5403090124171694,0.5161727297151191,0.35519055437849223,0.16536691749486446,1.0343335623240537,1.7365488268363365,0.052026488,2.794515,8.0,3.75
ds005291,sub-062,28,Cz,1000.0,-9.807243347167969,0.15,20.0648193359375,0.305,29.87206268310547,0.4628594568975884,30.0-100.0,-167.04049072145094,-1084.3345756367048,29.118977164587086,8.222287026679474,15.253105650466765,18.671083248548058,0.7234375934987861,0.8344254262980609,0.681883323003195,0.34842234097823704,0.5008666313781654,0.39088731582750413,0.16110084641664782,1.0311975052597793,1.7826315154857468,0.058411505,2.2300422,5.0,3.75
ds005291,sub-062,29,Cz,1000.0,-32.47896957397461,0.179,-0.23077392578125,0.3,32.24819564819336,0.1894008633232994,30.0-100.0,-379.02548526506087,-1130.9200369630917,20.831782333594184,14.825290104128278,1.5004353471654364,22.195151607019124,0.23323766977101848,0.805181810789429,0.6470760478575635,0.15089751470279103,0.5078233307947181,0.37515931933607505,0.1343495546722101,1.0275058275606703,1.7366088604670593,0.04881805,2.7027283,7.0,3.75
ds005291,sub-063,0,Cz,1000.0,-10.107213973999023,0.15,1.8731989860534668,0.437,11.98041296005249,0.010886448921931469,30.0-100.0,78.4240843762896,-141.01634128340336,25.281074176750224,7.903553934129042,8.652967300584391,4.400374965802182,0.022400571848453173,0.4211757604946406,0.3578126783027139,0.11249687949229502,0.4975374755622722,0.35191365675708697,0.16093486980600194,1.0219973931924329,1.793020431295893,0.05434832,2.1706712,6.0,3.75
ds005291,sub-063,1,Cz,1000.0,-8.188519477844238,0.213,15.52183723449707,0.419,23.71035671234131,0.01753639302994946,30.0-100.0,-2361.3447051084613,-174.35800592135882,1.1613920049847295,3.5540406632502783,6.962485156630828,3.8173778456006278,0.16049158354724752,0.7045180972652743,0.7756589349407421,0.511815855515847,0.4962813035135986,0.3375697719655082,0.2565856923841844,1.021736574464083,1.8253710712975635,0.0789121,1.4333317,3.0,3.75
ds005291,sub-063,2,Cz,1000.0,-14.342193603515625,0.15,10.683852195739746,0.428,25.02604579925537,0.051954292826283784,30.0-100.0,-109.50495656190095,-182.87210773609192,35.41765837505311,15.970430681099508,5.2318066259335465,6.8673935329146705,0.14906989399335582,0.2938843408144503,0.2819426009648807,0.2949589171278415,0.49283355045358057,0.3126516167770944,0.16734337138184643,1.0240880601865954,1.7898482104433513,0.051134657,2.3634808,9.0,3.75
ds005291,sub-063,3,Cz,1000.0,-32.116451263427734,0.15,9.220598220825195,0.437,41.33704948425293,0.026632941736340836,30.0-100.0,-2114.361469598955,-340.3081255988539,47.65588461889675,42.644273163078886,8.73425215912712,7.641493735605484,0.04531895302723242,0.6237324015445738,0.44176664583132147,0.4861459014927132,0.4918772248511187,0.2960090410579508,0.11298506522200848,1.0243619520196876,1.8128863218573854,0.047389988,2.3533409,8.0,3.75
ds005291,sub-063,4,Cz,1000.0,-20.991945266723633,0.15,16.76929473876953,0.55,37.761240005493164,0.03205184144430007,30.0-100.0,-25.948944727959777,28.498719101418185,39.24200881466881,33.30405359130588,7.911567815003727,7.969673346732219,0.18197730961773984,0.6522971885911534,0.48838128120289265,0.39200792770114073,0.49336178487093874,0.337539263739578,0.14063636812898095,1.0202144330237086,1.8682446612782493,0.046079744,2.4620569,10.0,3.75
ds005291,sub-063,5,Cz,1000.0,-17.443023681640625,0.152,5.20286750793457,0.374,22.645891189575195,0.16778791805577112,30.0-100.0,-100.8945638113708,11.328455884202805,37.73610520442239,12.299909575797873,3.382060689216978,4.15081648645999,0.2712001829533794,0.5941522528977842,0.508532258146678,0.1252986342855337,0.49600439573239813,0.35022916516402985,0.1538865836947317,1.0275846556114554,1.7948242362340976,0.048282336,2.582771,5.0,3.75
ds005291,sub-063,6,Cz,1000.0,-8.341373443603516,0.345,8.725744247436523,0.524,17.06711769104004,0.0753819329640733,30.0-100.0,94.51646339539735,79.03574060549134,4.810716415218984,2.4381147637615985,2.731931245948841,3.914549824813759,0.12411237342421723,0.6108872930692761,0.16097353285169122,0.15286300781332943,0.49607351756049284,0.37395175699235705,0.2142124926812368,1.0269203240028395,1.7868516792388605,0.070452385,1.7440422,5.0,3.75
ds005291,sub-063,7,Cz,1000.0,-8.67110824584961,0.35,15.221546173095703,0.514,23.892654418945312,0.12825797707018255,30.0-100.0,67.33323445646093,51.524949583623744,2.329047194596268,5.1675501727105235,1.9513402345045558,2.457588724998734,0.14257807719659135,0.6208494404387276,0.6102321290205701,0.42450286783400465,0.4860780989804909,0.33835283765203544,0.20434741190509675,1.0240780938144072,1.8483754354455653,0.061444532,1.8387284,4.0,3.75
ds005291,sub-063,8,Cz,1000.0,-16.183767318725586,0.15,0.532583475112915,0.355,16.7163507938385,0.31515221151253603,30.0-100.0,-186.76538254734342,-180.02028672556926,38.30062747663187,33.203346218570616,9.179793273436774,4.607830200753651,0.46972054653173206,0.5248312088907726,0.2451262329489051,0.5817744263983967,0.4977361769339761,0.3116473447188596,0.16963063591894445,1.0245891250346837,1.8442888549472432,0.05092782,2.5119693,9.0,3.75
ds005291,sub-063,9,Cz,1000.0,-8.890945434570312,0.347,3.421205520629883,0.55,12.312150955200195,0.0745546357965602,30.0-100.0,86.4889591766018,44.3216310260906,71.3265532261788,26.70747458471707,3.1952968448168964,9.699629576304114,0.08559754279924946,0.05094393613247371,0.33961120898429115,0.35409749227878623,0.4829229243917774,0.32342931846727035,0.14055133941275394,1.0229996669517378,1.8025891333663862,0.049298562,2.379845,10.0,3.75
ds005291,sub-063,10,Cz,1000.0,-11.390522956848145,0.35,3.2486016750335693,0.53,14.639124631881714,0.0037785691253441737,30.0-100.0,7.353318532268674,-104.25115512776839,35.945402266050415,29.17912427116842,18.6891436709151,13.979400624908699,0.0644837336136382,0.5639849855428141,0.0782766598668033,0.4677902909955566,0.48852081501132477,0.3318925700895846,0.13158759961143712,1.0190419226999519,1.7926062940578045,0.051818736,2.0218081,10.0,3.75
ds005291,sub-063,11,Cz,1000.0,-12.51898193359375,0.317,5.665274620056152,0.55,18.184256553649902,0.334366260625566,30.0-100.0,66.88649192019571,38.063840013739366,16.197659199298684,20.74642702689049,15.036217248135483,4.210535407926344,0.6234160576141495,0.7119377457892143,0.6345045831236787,0.2512439846469426,0.49209464698021554,0.3349261265764222,0.166237060068933,1.024867749332335,1.8736726256552,0.05070265,2.53258,10.0,3.75
ds005291,sub-063,12,Cz,1000.0,-1.8206074237823486,0.2,10.664936065673828,0.3,12.485543489456177,0.016892128840472052,30.0-100.0,88.2248466561545,14.071600309852117,30.920348342065672,2.72726595864841,27.018055931709455,3.4208973878984255,0.07595405178192685,0.5887196280801545,0.33403535805010426,0.4629391636498015,0.4813999154395071,0.2957641492386494,0.1413369000673486,1.0155254314215252,1.901882564790204,0.047104806,1.9545405,9.0,3.75
ds005291,sub-063,13,Cz,1000.0,-33.52101516723633,0.154,3.2901129722595215,0.491,36.81112813949585,0.021108425008555542,30.0-100.0,-303.40787066015247,-268.20687092120164,15.203836358479997,45.036562539628804,15.190947995201727,5.383586839717976,0.07671925446631131,0.7630793475200267,0.2365223193543037,0.4258633906902082,0.4883852067653953,0.2924744828602555,0.1377008622833666,1.0208707667916337,1.8294969263951522,0.051396746,2.076347,7.0,3.75
ds005291,sub-063,14,Cz,1000.0,-2.027618885040283,0.199,21.821413040161133,0.417,23.849031925201416,0.22193628776481675,30.0-100.0,-14.737855705783304,-5.35950049370591,38.137545993140215,52.547770255678365,8.952273512786288,4.809906593545625,0.18938123755209949,0.49600320918173224,0.4130326003551421,0.46346391130445835,0.49105413482609306,0.29965259578685616,0.11776177014585096,1.0159226199244846,1.8538488332820027,0.04482654,2.2274418,9.0,3.75
ds005291,sub-063,15,Cz,1000.0,-2.211623191833496,0.29,6.576683521270752,0.414,8.788306713104248,0.14930891777369004,30.0-100.0,93.48417042331253,81.60988700719348,3.187970302742673,3.4243033808158847,5.924584333692881,2.1992354828463276,0.26328902525710385,0.7186805663078148,0.47404151556909724,0.22467313848796247,0.5083912421654024,0.3571856916309613,0.21411350268716872,1.028443343831983,1.83337671239838,0.06498412,1.7345816,3.0,3.75
ds005291,sub-063,16,Cz,1000.0,-10.5536470413208,0.22,-1.543511152267456,0.34,9.010135889053345,0.005823611508302688,30.0-100.0,38.02785852733573,-8.212037771883319,4.340687284988251,0.8032042181716772,2.321914814156248,3.383368995871714,0.03349903725638606,0.45628343512292185,0.48776450280089206,0.06821405542119824,0.49267687436824364,0.41413631349705676,0.20577586286791338,1.0326460961880681,1.759023078819547,0.06093142,2.0951588,4.0,3.75
ds005291,sub-063,17,Cz,1000.0,-8.977872848510742,0.15,12.028884887695312,0.357,21.006757736206055,0.023418885828640084,30.0-100.0,-556.1951720456499,-100.35934590690661,36.79842848359678,9.455023476074592,8.62949511054882,9.436347739942596,0.0549517534615575,0.6788261456085865,0.061427680460051454,0.613753035084619,0.4885884377740562,0.3702943364709175,0.17768971395086897,1.0264507148009887,1.8093114296552688,0.05902399,2.0780237,6.0,3.75
ds005291,sub-063,18,Cz,1000.0,-11.8355131149292,0.236,13.72895622253418,0.446,25.56446933746338,0.021920985459406697,30.0-100.0,-2040.2880390507535,-57.54205542335542,5.7914598403575015,7.946021482761904,7.263806829441925,3.185522338410593,0.0626685867315666,0.8567706759318567,0.6846273224588504,0.609158717775639,0.48311375691430025,0.3532707860877064,0.20694288954777373,1.0281479966008737,1.789537588124819,0.06335064,1.7351899,6.0,3.75
ds005291,sub-063,19,Cz,1000.0,-8.603827476501465,0.305,2.5871636867523193,0.526,11.190991163253784,0.11560631646328383,30.0-100.0,-217.36165622715248,-86.21932071833992,32.32454644985389,23.674473778389135,6.738875205985185,4.484037465553372,0.1703666546260479,0.5099647714566813,0.2891770540830714,0.5927592923314221,0.48630232468690454,0.3194458222211616,0.12207797431406621,1.018406676284044,1.81999383291865,0.04103661,2.571879,8.0,3.75
ds005291,sub-063,20,Cz,1000.0,-18.66623878479004,0.165,10.238546371459961,0.393,28.90478515625,0.03365703518097455,30.0-100.0,42.035593463664746,20.992170240436508,24.10051957616266,18.077176630695437,3.5471296998425146,2.8156615063945014,0.08458698192561177,0.6899809724514705,0.1647147641225556,0.47698164800847137,0.4786618498405979,0.30710962228421446,0.1579740278010433,1.0197252561007295,1.7893602399000108,0.047950916,2.4174178,6.0,3.75
ds005291,sub-063,21,Cz,1000.0,-17.824304580688477,0.15,9.037446975708008,0.3,26.861751556396484,0.1446642496656476,30.0-100.0,-361.6528263582988,-76.0758255196245,94.94389439793459,30.623908577431052,4.139236320269095,6.4751012674579345,0.40038089045848085,0.3185796089954049,0.4271104427538941,0.24962869693430784,0.49480263120402973,0.2829610881980175,0.1091502175573839,1.0211733228204123,1.7781362278063568,0.039373476,3.0514522,10.0,3.75
ds005291,sub-063,22,Cz,1000.0,-4.637506484985352,0.301,25.2354679107666,0.36,29.872974395751953,0.016584477099207674,30.0-100.0,-108.6133429691281,-692.0409373397698,15.721200970513177,9.121546999331187,17.85275409541834,3.735166162947042,0.05027348474109181,0.7164910982496178,0.43230286707855925,0.6186211089599933,0.47231035164648716,0.31285250148423316,0.17314632425097962,1.0178117252718886,1.8814255133837043,0.05366961,1.909623,5.0,3.75
ds005291,sub-063,23,Cz,1000.0,-18.310026168823242,0.177,9.838921546936035,0.44,28.148947715759277,0.033771971960695264,30.0-100.0,11.365480838661647,2.1883713429183596,37.797394391566876,26.347003157739504,25.446239242807728,6.94090825041444,0.07962454390363014,0.8207430140160018,0.15389141157215494,0.46605253637289434,0.4698788666796681,0.3264767408956179,0.21959308474459385,1.01702154390186,1.8789430484573453,0.058017015,1.7698987,8.0,3.75
ds005291,sub-063,24,Cz,1000.0,-5.107462406158447,0.307,21.00245475769043,0.511,26.109917163848877,0.13764144315174473,30.0-100.0,-264.0576469789663,-162.83594843529585,2.836102518469062,1.4946646947045699,6.33465284512654,1.9511135840802956,0.12577662850901608,0.5919820162718016,0.5262062039056817,0.16989411254501827,0.4880643145384082,0.3209281822702121,0.19116195594825205,1.0148967446972463,1.9013146245655548,0.064355776,1.5042977,2.0,3.75
ds005291,sub-063,25,Cz,1000.0,-13.304123878479004,0.207,21.234954833984375,0.511,34.53907871246338,0.00822013802406596,30.0-100.0,46.26636226647196,-370.6603983869885,17.167263369713716,2.9630678210750663,5.428168008912283,3.030874037166249,0.044463396309384444,0.7497853783974261,0.16045172872553484,0.4827721340239493,0.47023550280975973,0.33115689260886894,0.1201719134405919,1.0129096233270594,1.9218819204320228,0.03985134,2.2604244,4.0,3.75
ds005291,sub-063,26,Cz,1000.0,-13.684606552124023,0.195,13.61074447631836,0.498,27.295351028442383,0.004191615499521975,30.0-100.0,25.041392571799857,59.945948442139866,11.23154626437747,14.893424630032786,5.687897001598836,2.305898312003777,0.0071185779182403,0.7339562419831844,0.2780468903065981,0.20804729502321345,0.4780120948687937,0.325378113088086,0.16241710836394344,1.0154112779346427,1.8584050509953864,0.051377222,2.0688546,7.0,3.75
ds005291,sub-063,27,Cz,1000.0,-18.37262725830078,0.15,27.874893188476562,0.476,46.247520446777344,0.1584015352374561,30.0-100.0,33.21830834315575,23.74858524516032,35.8408674945048,10.147068992703659,17.389343263835674,8.949394673770591,0.34663472352398084,0.673559348832916,0.5748071053794929,0.7469949051166278,0.4549631390175171,0.3344284577156207,0.19439176279901418,1.0135765843346571,1.8886943746219975,0.056800112,1.7209778,9.0,3.75
ds005291,sub-063,28,Cz,1000.0,-17.74352264404297,0.15,9.436513900756836,0.3,27.180036544799805,0.01714812438741726,30.0-100.0,-499.12958062734384,9.147824000325489,36.14773046427905,14.128363489707752,15.398358399013304,5.732940313521024,0.12260230500957633,0.6252503850297738,0.14367268449340906,0.2467155793723788,0.484992212795095,0.3283386527706356,0.13869576389192456,1.0199910559563892,1.8708062052008503,0.05281248,1.9299607,7.0,3.75
ds005291,sub-063,29,Cz,1000.0,-6.396667003631592,0.29,1.5815482139587402,0.312,7.978215217590332,0.055293258934698865,30.0-100.0,-251.214547987623,10.057693938844023,16.216073528378704,2.1148386528171783,1.74561880537196,7.8507654335800465,0.09699688425893102,0.3125661648773602,0.5390869250382292,0.5089462530363916,0.4703541699208501,0.39612653000087444,0.18434097495595642,1.0210325376166685,1.7997582979981128,0.05313542,2.2347653,3.0,3.75
ds005291,sub-064,0,Cz,1000.0,-23.953474044799805,0.15,12.911232948303223,0.336,36.86470699310303,0.16438483547518806,30.0-100.0,-4599.948902410046,-235.83397047752476,31.928547214588498,33.33153920485891,1.9378365078459305,5.696122880847287,0.13179310956446963,0.6072418191352904,0.1151934994160084,0.35394484860715447,0.5031449267667928,0.2605574662986227,0.12322155770809831,1.027849036151715,1.8708167363063566,0.043659467,2.8297708,8.0,4.5
ds005291,sub-064,1,Cz,1000.0,-14.981003761291504,0.15,13.61060619354248,0.321,28.591609954833984,0.054280675507825865,30.0-100.0,-349.16734384581736,-182.8484168550161,50.41308090768828,40.3940410381152,8.500630794698733,7.895385732793649,0.27025010239515207,0.6658325308045089,0.6998079760415857,0.622847282710501,0.49090494279315566,0.3192238596840572,0.14506825506747942,1.0203004844628882,1.893665556211292,0.050554704,2.205062,7.0,4.5
ds005291,sub-064,2,Cz,1000.0,0.38316595554351807,0.221,19.446218490600586,0.32,19.063052535057068,0.07306846276384422,30.0-100.0,-282.55927100918666,-191.13965677087057,18.291595641039848,14.298847063003183,1.1611302423556547,7.700369787401419,0.08485813889002466,0.3213747642341227,0.125966035879953,0.10106161547441263,0.49982203211393694,0.3428357279227617,0.15105903680631522,1.026051878936694,1.7949111713290729,0.045562174,2.7206094,7.0,4.5
ds005291,sub-064,3,Cz,1000.0,-19.218585968017578,0.18,10.812897682189941,0.322,30.03148365020752,0.21921415134584926,30.0-100.0,-474.95796541384055,-184.36655505987127,29.460356582150474,7.956701034181787,8.533541290926745,6.372403407202707,0.3065382711899035,0.5943046010926432,0.4106832086989871,0.3869489295931578,0.4945884122833007,0.33930579051195575,0.18656853305017634,1.02409585774798,1.7916071161089475,0.05524397,2.1591187,7.0,4.5
ds005291,sub-064,4,Cz,1000.0,-14.981224060058594,0.153,12.596477508544922,0.3,27.577701568603516,0.04506602662808302,30.0-100.0,36.3464008375112,77.14360046815113,28.29456223499497,30.448101204587402,3.7717948213930788,2.0050649716209756,0.11848611664088401,0.03223865568170293,0.8210595176200381,0.5561492878117166,0.4929198092720745,0.25856597229489314,0.11421310110045585,1.0217691047233797,1.9224932717541403,0.037544597,2.8487828,8.0,4.5
ds005291,sub-064,5,Cz,1000.0,-2.862462282180786,0.345,8.040523529052734,0.314,10.90298581123352,0.01228779335533702,30.0-100.0,49.61101278650308,-179.1739761132566,28.209939251729303,19.011176783554298,5.699920204450498,5.143856201796366,0.17168773050428257,0.3309313181597812,0.4221242221546942,0.4391611025001801,0.5007008596768195,0.34129247731265255,0.1742567932856572,1.030055140122967,1.7296274855161107,0.055079795,2.3924348,7.0,4.5
ds005291,sub-064,6,Cz,1000.0,-5.932450294494629,0.15,12.083919525146484,0.3,18.016369819641113,0.07557263465760905,30.0-100.0,-194.56205876587808,-289.33005279168214,67.09698117136558,25.86653732697787,2.2094115102198493,3.1734667180910225,0.13411883415194537,0.3789137974167648,0.6156996697950161,0.6873822650433876,0.4879503248718981,0.24642193763396034,0.11339695515073142,1.0201217542818422,1.8758637113117484,0.03613349,3.161258,8.0,4.5
ds005291,sub-064,7,Cz,1000.0,-5.254138946533203,0.15,16.686866760253906,0.302,21.94100570678711,0.05083206712172151,30.0-100.0,48.45967952074236,-33.817019964511786,70.15030762463907,31.619110065083394,3.270343127975718,3.969515794236936,0.13064000068764972,0.42444708150616234,0.5025708785039267,0.5975734245918682,0.49024451284159803,0.28141018262740486,0.11060412999506561,1.0196882518712875,1.8435875807732858,0.038837638,2.8620563,9.0,4.5
ds005291,sub-064,8,Cz,1000.0,-4.156395435333252,0.35,9.320721626281738,0.308,13.47711706161499,0.10786219216945536,30.0-100.0,-14.252823082358928,-307.8736720974702,47.61353555186078,44.437476188837486,3.546342600992859,4.5478745476321025,0.13366899342329128,0.5378637546121838,0.5451020685860419,0.34965160192957784,0.48966368483332334,0.2929777666935382,0.11334297282423779,1.0206397352334624,1.8574582088193172,0.043572005,2.6543,6.0,4.5
ds005291,sub-064,9,Cz,1000.0,-19.870214462280273,0.158,16.929746627807617,0.312,36.79996109008789,0.06357186735829665,30.0-100.0,41.240387770727175,71.14156477887259,31.068512919740325,28.88415179956502,4.57246083927472,4.170604471890433,0.1958691113307825,0.3174754074834831,0.680705306748449,0.2819329454353735,0.4902933417942668,0.24927275805681387,0.13086852294438642,1.0187452995992445,1.8837568451141926,0.043502837,2.4844534,7.0,4.5
ds005291,sub-064,10,Cz,1000.0,-10.207864761352539,0.15,10.374926567077637,0.315,20.582791328430176,0.16681657059507546,30.0-100.0,1.1750748843449412,0.34394333958117573,18.79544739717913,19.81949885598033,2.211779918310777,4.153905789906388,0.31223900410747696,0.5615168355110405,0.5213253014657008,0.4316871117727589,0.4978775669492,0.3298424866296621,0.2032714059634286,1.0277115547813827,1.8101468441819855,0.059546545,2.2232513,5.0,4.5
ds005291,sub-064,11,Cz,1000.0,-6.496140956878662,0.15,17.829450607299805,0.315,24.325591564178467,0.013039102511157585,30.0-100.0,-195.7420740615319,-75.48980317958947,56.649384832011734,17.646948055474795,3.7496852689525,4.025783517979887,0.013790006683024564,0.61623782893058,0.33453904867741574,0.652029673113466,0.49235993551368173,0.2780418485367659,0.10099986509235537,1.0208085249160161,1.8090406088630866,0.035516433,3.3932917,4.0,4.5
ds005291,sub-064,12,Cz,1000.0,-8.617630004882812,0.15,26.29850959777832,0.3,34.91613960266113,0.026934154467173867,30.0-100.0,27.981889808847292,-456.3505575324579,104.27776848965559,13.501175136597919,2.3190409573545465,3.655284488125064,0.07003445756327951,0.324911086520284,0.5864544934699158,0.519311407701699,0.5048330585525513,0.22438851397318035,0.07754217835309994,1.0253874158723084,1.8244966295931875,0.030394377,3.9307425,7.0,4.5
ds005291,sub-064,13,Cz,1000.0,-23.519092559814453,0.15,11.666872024536133,0.31,35.185964584350586,0.12377753817634811,30.0-100.0,-101.98897998043822,-134.20719971197158,25.92921601019212,36.244552222790645,7.48443709361831,8.832191192564636,0.21380822385068388,0.1605229124544744,0.46840810408540395,0.701111752467281,0.48170378747943954,0.3008353739161002,0.17183035821112072,1.017585387776207,1.9177302844644561,0.054105803,1.997641,6.0,4.5
ds005291,sub-064,14,Cz,1000.0,-20.427047729492188,0.15,16.541431427001953,0.313,36.96847915649414,0.05921729540794349,30.0-100.0,-1885.2778012462732,-416.11877755740556,50.406683562995326,21.859602446561386,5.056235157821601,6.714248882976673,0.097893931663477,0.4068429745342783,0.19995945002079807,0.46782099834472984,0.48765165189429843,0.26756633243682676,0.11546868164463354,1.024629410759098,1.881839456534296,0.044210594,2.5893154,5.0,4.5
ds005291,sub-064,15,Cz,1000.0,-10.526591300964355,0.15,14.102394104003906,0.319,24.62898540496826,0.021419057539483595,30.0-100.0,84.93613559154647,52.81642634268524,52.44414046919438,33.55440738860034,1.3598122951325515,3.3244916861184297,0.10095055183584768,0.393468910149679,0.5037060955279002,0.33233622606042096,0.4806215983761675,0.28284631845997865,0.13539359332981724,1.019033310596106,1.8576382238588038,0.04344466,2.7712042,8.0,4.5
ds005291,sub-064,16,Cz,1000.0,-20.998790740966797,0.15,6.52409553527832,0.316,27.522886276245117,0.0626948500201918,30.0-100.0,30.567726668022367,-107.51216077168087,36.65295980878993,29.891511047058447,4.351094679350859,4.954600619869544,0.10174924200017643,0.6606402275441106,0.322070897857583,0.22817982414146884,0.4958154278178463,0.25197293287982153,0.1393825492856383,1.0209564842880654,1.905408141049329,0.046444427,2.508587,8.0,4.5
ds005291,sub-064,17,Cz,1000.0,-22.44485855102539,0.15,8.057251930236816,0.321,30.502110481262207,0.09317134413043215,30.0-100.0,10.238493127319451,-7.9957197285344,57.31099982902027,20.733004537195,2.289140793380145,1.4385065987921184,0.10350689374446653,0.64737886380322,0.6285467736892185,0.5625216676440622,0.49901868411684785,0.23815199360526063,0.09589203069143862,1.0267151249386761,1.8933262516597194,0.038761333,3.142691,8.0,4.5
ds005291,sub-065,0,Cz,1000.0,-2.0810086727142334,0.191,9.652408599853516,0.3,11.733417272567749,0.1469584422475247,30.0-100.0,-1092.6457920133228,-403.5010679590684,5.459749870639,2.2575830447422405,1.0778703184159564,2.929174599674975,0.27041999541753803,0.1872938777870456,0.5983048275201958,0.5895303534366223,0.5147771801801592,0.4183218896078792,0.26480285567774103,1.041760058894039,1.6930526085566129,0.07234484,2.107974,4.0,4.5
ds005291,sub-065,1,Cz,1000.0,-16.33452033996582,0.223,10.575042724609375,0.335,26.909563064575195,0.08347262991328369,30.0-100.0,-1019.3667032312068,-4.453501451707593,14.093584278712129,16.805511203643086,4.2268780042540355,4.017203769230021,0.7309158054567098,0.4037127358820171,0.6202661181531296,0.02543710208347166,0.507861747404774,0.36606378991893135,0.26808764265907903,1.0426272276905342,1.7447065019999688,0.06877462,2.175516,5.0,4.5
ds005291,sub-065,2,Cz,1000.0,-9.976265907287598,0.312,6.416636943817139,0.54,16.392902851104736,0.31032539011439986,30.0-100.0,-90.58177322128647,-7.974922174804215,0.7655218028598831,5.370652503628575,2.5565172736837907,5.509470555348348,0.3154095056493239,0.8213751080799063,0.6425366190887906,0.5857098670646609,0.5095642140852619,0.42269702091496986,0.4195905740487447,1.0343651883179186,1.6718510377135871,0.10515699,1.4095005,2.0,4.5
ds005291,sub-065,3,Cz,1000.0,3.5766842365264893,0.15,19.727096557617188,0.33,16.1504123210907,0.0011474372128006394,30.0-100.0,36.49136614628247,-115.58504478310412,47.19547267494667,7.3429365930758355,3.1024560944221644,6.3933611399887935,0.1139133783920402,0.7465482907219633,0.6348552929848248,0.631849606281294,0.5076813679900286,0.37864192540242314,0.1619260558217854,1.0329826219787865,1.7264247271792577,0.047580827,3.0602152,4.0,4.5
ds005291,sub-065,4,Cz,1000.0,-8.434674263000488,0.297,4.9600019454956055,0.424,13.394676208496094,0.09826094825096797,30.0-100.0,-115.75774439747539,5.3366485413471025,3.537877749126574,0.8560921025196799,1.3134779365160614,2.192337487666112,0.09948079053890725,0.4063363802573904,0.6171957601178598,0.467858356961068,0.49725506236788575,0.41785335432907966,0.2532824637257318,1.0306561579560887,1.7149259150062872,0.068366535,2.0773535,4.0,4.5
ds005291,sub-065,5,Cz,1000.0,-3.8541319370269775,0.151,21.146194458007812,0.316,25.00032639503479,0.0936553846751931,30.0-100.0,-788.0886143297555,16.738387003886782,28.878161168918755,4.804276401274212,3.882218578150218,4.151097074002192,0.22076393912509942,0.8309312853499367,0.47112131812205327,0.5472787245580614,0.5024286491860659,0.31249369756827877,0.16135177673934528,1.0378983397480441,1.749090203059645,0.052286502,2.7751808,6.0,4.5
ds005291,sub-065,6,Cz,1000.0,-1.1766929626464844,0.152,15.390424728393555,0.324,16.56711769104004,0.1982314086966336,30.0-100.0,10.045783924965399,-14.837090044369425,34.605271808315194,5.633423251661159,1.3466530978745803,6.77436763848634,0.32403702244416377,0.43565159663737857,0.5122255368289416,0.38042023691479493,0.4933857060216555,0.3765195747316979,0.1574550063782682,1.023771191660634,1.8030454841826027,0.04704615,2.7148244,7.0,4.5
ds005291,sub-065,7,Cz,1000.0,-13.217629432678223,0.15,20.128129959106445,0.3,33.34575939178467,0.04417779554184296,30.0-100.0,-137.87314227142215,-499.0237392267411,19.523583030065605,9.676110598937784,6.867513474031506,10.834514813603095,0.09760339295192026,0.7865833887270175,0.3633255837167291,0.558014224228393,0.5145282624403863,0.3447573287874575,0.23986783951950727,1.0360491288316598,1.769368239218598,0.0652623,2.1965773,6.0,4.5
ds005291,sub-065,8,Cz,1000.0,-10.648889541625977,0.194,12.790322303771973,0.3,23.43921184539795,0.2703286028597908,30.0-100.0,-880.7556751129049,15.221880575942285,9.811262179426558,11.157562941742789,5.053660316551962,1.0947913425529041,0.5043155601838691,0.5535499973050796,0.7501143357196439,0.4322913892995078,0.4925299475901688,0.2891167048532642,0.16684553835286214,1.0240636943535513,1.8164497365658796,0.05217181,2.5210598,4.0,4.5
ds005291,sub-065,9,Cz,1000.0,-16.689868927001953,0.334,1.2578356266021729,0.541,17.947704553604126,0.05621107952127625,30.0-100.0,-204.39229789271295,-28.632321790410657,8.528929439421896,5.5293946895959225,0.9984540423330801,6.409234835556426,0.15040034865797638,0.4862887970543951,0.666753075568711,0.5702954122319348,0.49734865241991016,0.37651228101354944,0.17826548148006327,1.0267719951343388,1.7773490476248504,0.05648002,2.370967,3.0,4.5
ds005291,sub-065,10,Cz,1000.0,-10.518294334411621,0.229,3.833576202392578,0.461,14.3518705368042,0.17486032500903007,30.0-100.0,93.23876645299639,-339.50650087616407,1.2955637472980426,4.713146191722942,2.7935138090072287,3.536708528934653,0.25279796998304555,0.41978305134589095,0.490368949226816,0.15299574995187415,0.5095050665441972,0.33581613634986796,0.2639326811284893,1.0367545410930072,1.7989234062628727,0.06681142,2.1253946,4.0,4.5
ds005291,sub-065,11,Cz,1000.0,-4.871622562408447,0.15,11.609213829040527,0.3,16.480836391448975,0.0674465500583239,30.0-100.0,10.905761928245385,-18.113612406205764,22.269976125837825,5.130885708477601,1.7920651790436837,4.4902932543832605,0.15547985211927248,0.49581781240105227,0.4012430083198085,0.27568119708896927,0.4948883848304842,0.3122390575835479,0.2130950833644253,1.0313556598308125,1.7403377628059986,0.05912299,2.2862256,5.0,4.5
ds005291,sub-065,12,Cz,1000.0,-6.358616828918457,0.331,8.725425720214844,0.55,15.0840425491333,0.31598220165448393,30.0-100.0,-55.08439639901462,-486.1552506365751,4.140636632498043,4.190369200097866,6.087192023104754,4.2474861613389,0.5253572698692689,0.6851037580525939,0.5521991369067102,0.6247124014813554,0.4926051089216199,0.41774974676873144,0.30999067858031054,1.0313052494657466,1.750137183506177,0.08100344,1.8375998,7.0,4.5
ds005291,sub-065,13,Cz,1000.0,-1.8235101699829102,0.15,13.206392288208008,0.419,15.029902458190918,0.3397558141716357,30.0-100.0,62.11295375046265,-127.25515202139502,17.68623525638559,13.17312503099177,4.083572230513696,6.689663104026615,0.4810546142465902,0.6692180131767165,0.5218380411790849,0.39563690700871784,0.49994792861458853,0.38684388878997167,0.25057832224840376,1.032344074986767,1.7245636967148357,0.07386805,1.9495475,8.0,4.5
ds005291,sub-065,14,Cz,1000.0,-8.372038841247559,0.332,1.0477726459503174,0.311,9.419811487197876,0.03964323856284653,30.0-100.0,78.68488385427776,-18.749305228146767,2.2342162709125004,2.1394497976451285,0.5567826942585148,2.4566291919294394,0.14508146215805606,0.7332990609642911,0.3572373199446559,0.39177554681249754,0.5065308821766474,0.39402835196519836,0.28285364740596686,1.034442418787671,1.7135971224758502,0.07582893,1.8941861,3.0,4.5
ds005291,sub-065,15,Cz,1000.0,-18.36359977722168,0.305,-6.659311294555664,0.55,11.704288482666016,0.35792326221748105,30.0-100.0,68.33932506909764,-84.21465667830687,11.931827409682871,1.0596555094343179,0.38722693738212344,2.420584536307428,0.49959697791413726,0.613240630886554,0.5260333769232135,0.6567880521076054,0.5099159594418221,0.4080223491218459,0.1285329662227827,1.036961869148521,1.7296628314339058,0.03968954,3.8286824,3.0,4.5
ds005291,sub-065,16,Cz,1000.0,-12.58006477355957,0.158,13.286581039428711,0.317,25.86664581298828,0.16192035581375971,30.0-100.0,-70.47507672052562,-227.40566465300503,20.23610317217523,8.951039213716122,23.827356715313474,2.9944852821437937,0.6210126169343363,0.5895213244133819,0.5971487409135603,0.24247610823763527,0.491126026408317,0.32979072226084827,0.20695554921370482,1.0201372003104427,1.8546106937724152,0.06075345,2.099521,6.0,4.5
ds005291,sub-065,17,Cz,1000.0,-10.285484313964844,0.217,-0.630784809589386,0.3,9.654699504375458,0.2994867822200189,30.0-100.0,15.024151958135434,14.197427623848217,2.8841873914102605,3.6985745837500565,0.8821259567991613,1.248165204310655,0.4003092675212801,0.5751492074823744,0.47719449068063396,0.5538113959381846,0.5213917700731506,0.3722522044987425,0.21966406557624774,1.0514138790064544,1.7351122681662587,0.066111684,2.463876,4.0,4.5
ds005291,sub-065,18,Cz,1000.0,2.7277233600616455,0.156,17.027164459228516,0.434,14.29944109916687,0.12625611163322525,30.0-100.0,61.60965095699298,26.867650794377333,19.955297421403518,10.134554597302095,9.936941715244714,2.247014011646084,0.370079930608465,0.5636554563300692,0.29045257444291156,0.4116889178343351,0.47223404856579754,0.2918304703093585,0.15575279672760237,1.012967248177108,1.9221908086475423,0.047635794,1.9663202,5.0,4.5
ds005291,sub-065,19,Cz,1000.0,-11.796998023986816,0.15,8.048118591308594,0.537,19.84511661529541,0.038793663397466385,30.0-100.0,51.53578347667693,-183.16929066722452,2.2562636387070327,1.9765542975144168,5.633852656488278,3.529708646444581,0.20681080963870424,0.5066762631742011,0.1979238774767485,0.2907273858740656,0.49044026857234163,0.3473510398345882,0.2690792388921228,1.0220108815216307,1.7927288819968918,0.06952669,1.6197395,4.0,4.5
ds005291,sub-065,20,Cz,1000.0,-3.263364791870117,0.209,16.094284057617188,0.365,19.357648849487305,0.01831026982217473,30.0-100.0,-1178.7490370682146,-73.82066074237794,22.46418803698744,5.6011361234328305,30.926736160600093,3.9247852459665666,0.06461652899571321,0.8874544579858482,0.5249579958508375,0.4086366058718404,0.47027921345129997,0.3256033360730775,0.1843328896116341,1.015986999454345,1.884723473350308,0.054568186,1.9666998,7.0,4.5
ds005291,sub-065,21,Cz,1000.0,-1.2497291564941406,0.15,21.96609878540039,0.345,23.21582794189453,0.07549536338949783,30.0-100.0,-3602.282661168143,-89.56384049154293,52.8716024892047,11.342802270006523,8.47893192553758,4.179991409596011,0.0821116405714755,0.7146541154778205,0.22823127207337515,0.5988908864703649,0.4883910442586626,0.3222572625176197,0.11530731406392253,1.025954491044466,1.8255024448724406,0.037867695,3.1923857,7.0,4.5
ds005291,sub-065,22,Cz,1000.0,-2.8012866973876953,0.264,14.704582214355469,0.411,17.505868911743164,0.45984293664668446,30.0-100.0,-68.92783817431494,-2654.3059875783806,16.286825630958546,8.671993023812043,3.2295234724631166,7.92471401302452,0.6749074293067585,0.6335556873520575,0.5496868902531465,0.617334331991903,0.5125519124444516,0.4121660849525971,0.24554769999553508,1.0402297272379695,1.7238094880058261,0.06974081,2.1373627,7.0,4.5
ds005291,sub-065,23,Cz,1000.0,6.587306499481201,0.15,20.900798797607422,0.343,14.31349229812622,0.05318378440405443,30.0-100.0,70.64810800131546,-168.22239802742774,50.10202325276873,15.155891996377315,14.060040822172008,3.2160221852287734,0.270031662849356,0.21755161277484258,0.4424952083404114,0.29113089368554035,0.4747168674702719,0.33425114794641675,0.1581343677981844,1.0185736935484453,1.8805019439569504,0.0465045,2.2077808,4.0,4.5
ds005291,sub-065,24,Cz,1000.0,4.163873672485352,0.162,28.252681732177734,0.314,24.088808059692383,0.20030147661412098,30.0-100.0,70.89199452026546,19.120848422802396,17.207109173976885,5.161154349556772,30.658393800589394,6.0260882073978195,0.23207722692495872,0.8196022583528461,0.40911493187456005,0.18218459854027558,0.47325079102836265,0.296267564577981,0.22522025833847878,1.01675014399641,1.876861738378926,0.061424922,1.726883,5.0,4.5
ds005291,sub-065,25,Cz,1000.0,-8.825684547424316,0.15,10.17646598815918,0.496,19.002150535583496,0.19547344645392362,30.0-100.0,-5644.46430781494,-418.59730388889955,12.625677339509377,23.416573146604144,4.299083639858301,5.181205127136027,0.2699427928792736,0.08312456192150192,0.6086870913586094,0.5597231185415872,0.5010866558206573,0.3336286920421199,0.1687777186980038,1.0316801811466874,1.7914498253694584,0.05969307,2.1986217,5.0,4.5
ds005291,sub-065,26,Cz,1000.0,-7.373919486999512,0.15,24.136760711669922,0.452,31.510680198669434,0.2733090188269613,30.0-100.0,-307.45382956821163,69.49149401291328,30.667555848184094,10.07579725140604,17.06847128407672,3.474027131344052,0.3033128218337781,0.8213422789753776,0.3682219540109752,0.16675571160693736,0.5039203536416794,0.3467737946995432,0.20983215220129084,1.028421392725787,1.8222420751518191,0.05878305,2.1288254,5.0,4.5
ds005291,sub-065,27,Cz,1000.0,-21.133163452148438,0.189,4.577327728271484,0.469,25.710491180419922,0.5166961218988262,30.0-100.0,57.060926356765705,-230.10422924902784,4.903600827173705,4.71622896247381,40.03077103744999,5.077551144870879,0.6499926137213692,0.7168822692755937,0.7103137135974159,0.3314669551205779,0.4846108859414672,0.32083830163679494,0.22071591926897918,1.0220125649317637,1.8180338178437683,0.06252755,1.7871529,3.0,4.5
ds005291,sub-065,28,Cz,1000.0,-3.6055595874786377,0.167,17.13751792907715,0.496,20.743077516555786,0.1889599501850817,30.0-100.0,47.48120753034533,-227.15437113555387,14.892671269661312,3.925386729436232,3.314797211434283,6.095215760907374,0.3150438272914338,0.3789642012700497,0.5508061899234767,0.7156598932775953,0.5014466938216058,0.3911155731325603,0.17238699511166358,1.0273482991755212,1.8052689880658486,0.053666577,2.497217,5.0,4.5
ds005291,sub-065,29,Cz,1000.0,0.8940484523773193,0.35,15.407652854919434,0.326,14.513604402542114,0.16619806943520524,30.0-100.0,-721.6768060295295,-24.588372402074835,21.909318938768664,3.8586028341977103,4.36499936466873,4.92743791786997,0.4592541090488021,0.6350867851676476,0.3808492550290162,0.3200835499983204,0.5094800076069097,0.3706293492619153,0.23010164467910957,1.0347960021342666,1.7547538881867435,0.062215645,2.3356514,7.0,4.5
